# Blender v2.82 (sub 7) OBJ File: 'AlienStarfighter.blend'
# www.blender.org
mtllib AlienStarfighter9.mtl
o Cylinder
v -1.548112 -0.000000 -0.514235
v 1.548112 0.000000 -0.481216
v -1.548112 -0.094733 -0.445341
v 1.548112 -0.088650 -0.416746
v -1.548112 -0.164082 -0.257117
v 1.548112 -0.153546 -0.240608
v -1.548112 -0.189465 0.000000
v 1.548112 -0.177299 0.000000
v -1.548112 -0.164082 0.257118
v 1.548112 -0.153546 0.240608
v -1.548112 -0.094733 0.445341
v 1.548112 -0.088650 0.416746
v -1.548112 -0.000000 0.514235
v 1.548112 0.000000 0.481216
v -1.548112 0.094732 0.445341
v 1.548112 0.088650 0.416746
v -1.548112 0.164081 0.257118
v 1.548112 0.153546 0.240608
v -1.548112 0.189465 0.000000
v 1.548112 0.177300 0.000000
v -1.548112 0.164081 -0.257117
v 1.548112 0.153546 -0.240608
v -1.548112 0.094732 -0.445340
v 1.548112 0.088650 -0.416745
v -1.479496 -0.000000 -0.611051
v -1.479496 -0.112568 -0.529186
v -1.479496 -0.194973 -0.305526
v -1.479496 -0.225136 0.000000
v -1.479496 -0.194973 0.305526
v -1.479496 -0.112568 0.529186
v -1.479496 -0.000000 0.611051
v -1.479496 0.112568 0.529186
v -1.479496 0.194973 0.305526
v -1.479496 0.225136 0.000000
v -1.479496 0.194973 -0.305525
v -1.479496 0.112568 -0.529186
v 1.490003 0.000000 -0.611051
v 1.490003 -0.112568 -0.529186
v 1.490003 -0.194973 -0.305526
v 1.490003 -0.225136 0.000000
v 1.490003 -0.194973 0.305526
v 1.490003 -0.112568 0.529186
v 1.490003 0.000000 0.611051
v 1.490003 0.112568 0.529186
v 1.490003 0.194973 0.305526
v 1.490003 0.225136 0.000000
v 1.490003 0.194974 -0.305525
v 1.490003 0.112568 -0.529186
v -1.548112 -0.000000 -0.611051
v -1.548112 -0.112568 -0.529186
v -1.548112 -0.194973 -0.305526
v -1.548112 -0.225136 0.000000
v -1.548112 -0.194973 0.305526
v -1.548112 -0.112568 0.529186
v -1.548112 -0.000000 0.611051
v -1.548112 0.112568 0.529186
v -1.548112 0.194973 0.305526
v -1.548112 0.225136 0.000000
v -1.548112 0.194973 -0.305525
v -1.548112 0.112568 -0.529186
v 1.548112 -0.112568 -0.529186
v 1.548112 0.000000 -0.611051
v 1.548112 -0.194973 -0.305526
v 1.548112 -0.225136 0.000000
v 1.548112 -0.194973 0.305526
v 1.548112 -0.112568 0.529186
v 1.548112 0.000000 0.611051
v 1.548112 0.112568 0.529186
v 1.548112 0.194973 0.305526
v 1.548112 0.225136 0.000000
v 1.548112 0.194974 -0.305525
v 1.548112 0.112568 -0.529186
vt 1.000000 0.990616
vt 1.000000 1.000000
vt 0.916667 1.000000
vt 0.916667 0.990616
vt 0.833333 1.000000
vt 0.833333 0.990616
vt 0.750000 1.000000
vt 0.750000 0.990616
vt 0.666667 1.000000
vt 0.666667 0.990616
vt 0.583333 1.000000
vt 0.583333 0.990616
vt 0.500000 1.000000
vt 0.500000 0.990616
vt 0.416667 1.000000
vt 0.416667 0.990616
vt 0.333333 1.000000
vt 0.333333 0.990616
vt 0.250000 1.000000
vt 0.250000 0.990616
vt 0.166667 1.000000
vt 0.166667 0.990616
vt 0.344503 0.413683
vt 0.250000 0.439005
vt 0.155497 0.413683
vt 0.086316 0.344503
vt 0.060995 0.250000
vt 0.086317 0.155497
vt 0.155497 0.086317
vt 0.250000 0.060995
vt 0.344503 0.086317
vt 0.413683 0.155497
vt 0.439005 0.250000
vt 0.413683 0.344503
vt 0.083333 1.000000
vt 0.083333 0.990616
vt 0.000000 1.000000
vt 0.000000 0.990616
vt 0.750000 0.451974
vt 0.850987 0.424914
vt 0.924915 0.350987
vt 0.951974 0.250000
vt 0.924915 0.149013
vt 0.850987 0.075085
vt 0.750000 0.048026
vt 0.649013 0.075085
vt 0.575085 0.149013
vt 0.548026 0.250000
vt 0.575085 0.350987
vt 0.649013 0.424915
vt 0.083333 0.500000
vt 0.083333 0.511081
vt 0.000000 0.511081
vt 0.000000 0.500000
vt 0.166667 0.500000
vt 0.166667 0.511081
vt 0.250000 0.500000
vt 0.250000 0.511081
vt 0.333333 0.500000
vt 0.333333 0.511081
vt 0.416667 0.500000
vt 0.416667 0.511081
vt 0.500000 0.500000
vt 0.500000 0.511081
vt 0.583333 0.500000
vt 0.583333 0.511081
vt 0.666667 0.500000
vt 0.666667 0.511081
vt 0.750000 0.500000
vt 0.750000 0.511081
vt 0.833333 0.500000
vt 0.833333 0.511081
vt 0.916667 0.500000
vt 0.916667 0.511081
vt 1.000000 0.500000
vt 1.000000 0.511081
vt 0.750000 0.490000
vt 0.870000 0.457846
vt 0.957846 0.370000
vt 0.990000 0.250000
vt 0.957846 0.130000
vt 0.870000 0.042154
vt 0.750000 0.010000
vt 0.630000 0.042154
vt 0.542154 0.130000
vt 0.510000 0.250000
vt 0.542154 0.370000
vt 0.630000 0.457846
vt 0.370000 0.457846
vt 0.250000 0.490000
vt 0.457846 0.370000
vt 0.490000 0.250000
vt 0.457846 0.130000
vt 0.370000 0.042154
vt 0.250000 0.010000
vt 0.130000 0.042154
vt 0.042154 0.130000
vt 0.010000 0.250000
vt 0.042154 0.370000
vt 0.130000 0.457846
vn 0.0000 0.0000 -1.0000
vn 0.5956 0.0000 -0.8032
vn 0.6472 -0.6080 -0.4598
vn 0.0000 -0.7976 -0.6032
vn 0.6796 -0.7150 -0.1642
vn 0.0000 -0.9746 -0.2238
vn 0.6856 -0.7279 0.0000
vn 0.0000 -1.0000 0.0000
vn 0.6796 -0.7150 0.1642
vn 0.0000 -0.9746 0.2238
vn 0.6472 -0.6080 0.4598
vn 0.0000 -0.7976 0.6032
vn 0.5956 0.0000 0.8032
vn 0.0000 0.0000 1.0000
vn 0.6472 0.6080 0.4598
vn 0.0000 0.7976 0.6032
vn 0.6796 0.7150 0.1642
vn 0.0000 0.9746 0.2238
vn 0.6856 0.7279 0.0000
vn 0.0000 1.0000 0.0000
vn 0.6796 0.7150 -0.1642
vn 0.0000 0.9746 -0.2238
vn 1.0000 0.0000 0.0000
vn 0.6472 0.6080 -0.4598
vn 0.0000 0.7976 -0.6032
vn -1.0000 0.0000 0.0000
vn -0.6472 0.6080 -0.4598
vn -0.5956 0.0000 -0.8032
vn -0.6796 0.7150 -0.1642
vn -0.6856 0.7279 0.0000
vn -0.6796 0.7150 0.1642
vn -0.6472 0.6080 0.4598
vn -0.5956 0.0000 0.8032
vn -0.6472 -0.6080 0.4598
vn -0.6796 -0.7150 0.1642
vn -0.6856 -0.7279 0.0000
vn -0.6796 -0.7150 -0.1642
vn -0.6472 -0.6080 -0.4598
usemtl DarkPorple
s 1
f 37/1/1 62/2/2 61/3/3 38/4/4
f 38/4/4 61/3/3 63/5/5 39/6/6
f 39/6/6 63/5/5 64/7/7 40/8/8
f 40/8/8 64/7/7 65/9/9 41/10/10
f 41/10/10 65/9/9 66/11/11 42/12/12
f 42/12/12 66/11/11 67/13/13 43/14/14
f 43/14/14 67/13/13 68/15/15 44/16/16
f 44/16/16 68/15/15 69/17/17 45/18/18
f 45/18/18 69/17/17 70/19/19 46/20/20
f 46/20/20 70/19/19 71/21/21 47/22/22
f 4/23/23 2/24/23 24/25/23 22/26/23 20/27/23 18/28/23 16/29/23 14/30/23 12/31/23 10/32/23 8/33/23 6/34/23
f 47/22/22 71/21/21 72/35/24 48/36/25
f 48/36/25 72/35/24 62/37/2 37/38/1
f 1/39/26 3/40/26 5/41/26 7/42/26 9/43/26 11/44/26 13/45/26 15/46/26 17/47/26 19/48/26 21/49/26 23/50/26
f 60/51/27 36/52/25 25/53/1 49/54/28
f 59/55/29 35/56/22 36/52/25 60/51/27
f 58/57/30 34/58/20 35/56/22 59/55/29
f 57/59/31 33/60/18 34/58/20 58/57/30
f 56/61/32 32/62/16 33/60/18 57/59/31
f 55/63/33 31/64/14 32/62/16 56/61/32
f 54/65/34 30/66/12 31/64/14 55/63/33
f 53/67/35 29/68/10 30/66/12 54/65/34
f 52/69/36 28/70/8 29/68/10 53/67/35
f 51/71/37 27/72/6 28/70/8 52/69/36
f 50/73/38 26/74/4 27/72/6 51/71/37
f 49/75/28 25/76/1 26/74/4 50/73/38
f 36/52/25 48/36/25 37/38/1 25/53/1
f 35/56/22 47/22/22 48/36/25 36/52/25
f 34/58/20 46/20/20 47/22/22 35/56/22
f 33/60/18 45/18/18 46/20/20 34/58/20
f 32/62/16 44/16/16 45/18/18 33/60/18
f 31/64/14 43/14/14 44/16/16 32/62/16
f 30/66/12 42/12/12 43/14/14 31/64/14
f 29/68/10 41/10/10 42/12/12 30/66/12
f 28/70/8 40/8/8 41/10/10 29/68/10
f 27/72/6 39/6/6 40/8/8 28/70/8
f 26/74/4 38/4/4 39/6/6 27/72/6
f 25/76/1 37/1/1 38/4/4 26/74/4
f 3/40/26 1/39/26 49/77/28 50/78/38
f 5/41/26 3/40/26 50/78/38 51/79/37
f 7/42/26 5/41/26 51/79/37 52/80/36
f 9/43/26 7/42/26 52/80/36 53/81/35
f 11/44/26 9/43/26 53/81/35 54/82/34
f 13/45/26 11/44/26 54/82/34 55/83/33
f 15/46/26 13/45/26 55/83/33 56/84/32
f 17/47/26 15/46/26 56/84/32 57/85/31
f 19/48/26 17/47/26 57/85/31 58/86/30
f 21/49/26 19/48/26 58/86/30 59/87/29
f 23/50/26 21/49/26 59/87/29 60/88/27
f 1/39/26 23/50/26 60/88/27 49/77/28
f 2/24/23 4/23/23 61/89/3 62/90/2
f 4/23/23 6/34/23 63/91/5 61/89/3
f 6/34/23 8/33/23 64/92/7 63/91/5
f 8/33/23 10/32/23 65/93/9 64/92/7
f 10/32/23 12/31/23 66/94/11 65/93/9
f 12/31/23 14/30/23 67/95/13 66/94/11
f 14/30/23 16/29/23 68/96/15 67/95/13
f 16/29/23 18/28/23 69/97/17 68/96/15
f 18/28/23 20/27/23 70/98/19 69/97/17
f 20/27/23 22/26/23 71/99/21 70/98/19
f 22/26/23 24/25/23 72/100/24 71/99/21
f 24/25/23 2/24/23 62/90/2 72/100/24
o Sphere_Sphere.002
v 0.000000 0.418577 -2.042007
v 0.000000 0.149388 -4.295068
v 0.000000 -0.149389 -4.295068
v -0.000000 0.671346 -0.022563
v 0.186401 0.604862 -1.014900
v 0.335882 0.418577 -1.810692
v 0.276472 0.115748 -4.174796
v 0.273947 -0.117807 -4.161235
v 0.322262 -0.418577 -1.738180
v 0.330099 0.604862 -0.659197
v 0.594818 0.418577 -1.169738
v 0.666505 0.149388 -1.453067
v 0.666505 -0.149389 -1.453067
v 0.570697 -0.418577 -1.123218
v 0.398176 0.604862 -0.157649
v 0.717488 0.418577 -0.265980
v 0.894693 0.149388 -0.326099
v 0.894693 -0.149389 -0.326099
v 0.688092 -0.418577 -0.258324
v 0.375035 0.604862 0.199207
v 0.675790 0.418577 0.386859
v 0.842697 0.149388 0.490999
v 0.842697 -0.149389 0.490999
v 0.649567 -0.418577 0.344851
v 0.265979 0.604862 0.459140
v 0.479277 0.418577 0.855243
v 0.580328 0.136223 1.156452
v 0.580328 -0.136223 1.156452
v 0.465271 -0.418577 0.784114
v 0.095990 0.604862 0.605919
v 0.172967 0.418577 1.119730
v 0.168670 -0.418577 1.040217
v -0.095990 0.604862 0.605919
v -0.172967 0.418577 1.119730
v -0.168670 -0.418577 1.040217
v -0.265979 0.604862 0.459140
v -0.479277 0.418577 0.855243
v -0.580328 0.136223 1.156452
v -0.580328 -0.136223 1.156452
v -0.465271 -0.418577 0.784114
v -0.375035 0.604862 0.199207
v -0.675790 0.418577 0.386859
v -0.842697 0.149388 0.490998
v -0.842697 -0.149389 0.490998
v -0.649567 -0.418577 0.344851
v -0.398176 0.604862 -0.157649
v -0.717488 0.418577 -0.265980
v -0.894693 0.149388 -0.326100
v -0.894693 -0.149389 -0.326100
v -0.688092 -0.418577 -0.258324
v -0.330099 0.604862 -0.659197
v -0.594818 0.418577 -1.169738
v -0.666504 0.149388 -1.453067
v -0.666504 -0.149389 -1.453067
v -0.570697 -0.418577 -1.123218
v -0.186401 0.604862 -1.014900
v -0.335882 0.418577 -1.810692
v -0.276472 0.115748 -4.174796
v -0.273947 -0.117807 -4.161235
v -0.322262 -0.418577 -1.738180
v -0.000000 0.604862 -1.143270
v -0.000000 -0.418577 -1.960115
v 0.215687 0.136223 1.471306
v 0.215687 -0.149389 1.471306
v -0.215687 0.136223 1.471306
v -0.215687 -0.149389 1.471306
v 0.597649 0.149388 1.141496
v 0.597649 -0.149389 1.141496
v 0.215687 -0.136223 1.471306
v 0.215687 0.149388 1.471306
v -0.215687 -0.136223 1.471306
v -0.215687 0.149388 1.471306
v -0.597649 0.149388 1.141496
v -0.597649 -0.149389 1.141496
v 0.215687 0.136223 1.646400
v 0.215687 -0.136223 1.646400
v -0.215687 0.136223 1.646400
v -0.215687 -0.136223 1.646400
v 0.500478 0.077854 1.555096
v 0.500478 -0.077854 1.555096
v -0.500478 0.077854 1.555096
v -0.500478 -0.077854 1.555096
v 0.580328 -0.136223 1.166425
v 0.580328 0.136223 1.166425
v -0.580328 0.136223 1.166425
v -0.215687 0.136223 1.481279
v -0.580328 -0.136223 1.166425
v 0.215687 -0.136223 1.481279
v -0.215687 -0.136223 1.481279
v 0.215687 0.136223 1.481279
v 0.580328 0.136223 1.522354
v -0.580328 0.136223 1.522354
v -0.580328 -0.136223 1.522354
v 0.215687 -0.136223 1.639258
v 0.580328 -0.136223 1.522354
v -0.215687 0.136223 1.639258
v -0.215687 -0.136223 1.639258
v 0.215687 0.136223 1.639258
v 0.580328 0.136223 1.529496
v 0.580328 -0.136223 1.529496
v 0.215687 -0.077854 1.646400
v 0.215687 0.077854 1.646400
v -0.215687 -0.077854 1.646400
v -0.215687 0.077854 1.646400
v -0.580328 0.136223 1.529496
v -0.580328 -0.136223 1.529496
v 0.215687 0.077854 1.517711
v 0.215687 -0.077854 1.517711
v -0.215687 0.077854 1.517711
v -0.215687 -0.077854 1.517711
v 0.500478 0.077854 1.426407
v 0.500478 -0.077854 1.426407
v -0.500478 0.077854 1.426407
v -0.500478 -0.077854 1.426407
v 0.215687 -0.077854 1.519324
v 0.500478 -0.077854 1.428020
v -0.215687 -0.077854 1.519324
v -0.500478 -0.077854 1.428020
v -0.215687 0.077854 1.519324
v 0.215687 0.077854 1.519324
v 0.500478 0.077854 1.428020
v -0.500478 0.077854 1.428020
v 0.215687 -0.077854 1.638602
v -0.500478 -0.077854 1.547298
v 0.215687 0.077854 1.638602
v 0.500478 0.077854 1.547298
v 0.500478 -0.077854 1.547298
v -0.215687 -0.077854 1.638602
v -0.215687 0.077854 1.638602
v -0.500478 0.077854 1.547298
v 0.508862 0.083983 1.552408
v 0.508862 -0.083983 1.552408
v 0.215687 -0.083983 1.646400
v 0.215687 0.083983 1.646400
v -0.215687 -0.083983 1.646400
v -0.215687 0.083983 1.646400
v -0.508862 -0.083983 1.552408
v -0.508862 0.083983 1.552408
v 0.571196 -0.129548 1.532424
v 0.215687 -0.129548 1.646400
v -0.215687 -0.129548 1.646400
v -0.571196 0.129548 1.532424
v 0.571196 0.129548 1.532424
v 0.215687 0.129548 1.646400
v -0.215687 0.129548 1.646400
v -0.571196 -0.129548 1.532424
v 0.570184 0.149388 -2.321605
v 0.565891 -0.149389 -2.360317
v 0.000000 0.374150 -2.413855
v -0.360982 0.337129 -2.378196
v 0.360487 0.338738 -2.366989
v -0.574818 0.149388 -2.279820
v -0.359585 -0.341664 -2.346597
v -0.568411 -0.149389 -2.337591
v -0.000000 -0.381692 -2.350729
v 0.360531 -0.338592 -2.368001
v 0.000000 0.240230 -3.534739
v -0.000000 -0.190586 -4.038345
v 0.418838 0.149388 -3.686313
v 0.418838 -0.149389 -3.686313
v -0.418838 0.149388 -3.686313
v -0.418838 -0.149389 -3.686313
v 0.000000 0.182916 -4.085835
v -0.000000 -0.247001 -3.478067
v 0.000000 -0.083180 -4.337625
v 0.418838 -0.128640 -3.686313
v 0.666505 -0.128640 -1.453067
v 0.894693 -0.128640 -0.326099
v 0.842697 -0.128640 0.490999
v 0.597649 -0.128640 1.141496
v -0.597649 -0.128640 1.141496
v -0.842697 -0.128640 0.490998
v -0.894693 -0.128640 -0.326100
v -0.666504 -0.128640 -1.453067
v -0.418838 -0.128640 -3.686313
v 0.580328 -0.117303 1.156452
v -0.580328 -0.117303 1.156452
v 0.580328 -0.117303 1.529496
v -0.580328 -0.117303 1.529496
v 0.580328 -0.117303 1.166425
v -0.580328 -0.117303 1.166425
v 0.580328 -0.117303 1.522354
v -0.580328 -0.117303 1.522354
v 0.500478 -0.067041 1.555096
v -0.500478 -0.067041 1.555096
v 0.215687 -0.067041 1.517711
v -0.215687 -0.067041 1.517711
v 0.500478 -0.067041 1.426407
v -0.500478 -0.067041 1.426407
v -0.500478 -0.067041 1.428020
v 0.500478 -0.067041 1.428020
v 0.500478 -0.067041 1.547298
v -0.500478 -0.067041 1.547298
v -0.508862 -0.072318 1.552408
v 0.508862 -0.072318 1.552408
v -0.571196 -0.111555 1.532424
v 0.571196 -0.111555 1.532424
v 0.566189 -0.128640 -2.357629
v -0.568856 -0.128640 -2.333579
v 0.274123 -0.101588 -4.162176
v -0.274122 -0.101588 -4.162176
v -0.580328 0.115941 1.166425
v -0.580328 0.115941 1.522354
v -0.500478 0.066262 1.428020
v -0.500478 0.066262 1.547298
v 0.508862 0.071479 1.552408
v 0.571196 0.110259 1.532424
v -0.574341 0.127146 -2.284121
v 0.000002 0.059678 -4.335840
v 0.418838 0.127146 -3.686313
v 0.666505 0.127146 -1.453067
v 0.894693 0.127146 -0.326099
v 0.842697 0.127146 0.490999
v 0.597649 0.127146 1.141496
v -0.597649 0.127146 1.141496
v -0.842697 0.127146 0.490998
v -0.894693 0.127146 -0.326100
v -0.666504 0.127146 -1.453067
v -0.418838 0.127146 -3.686313
v 0.580328 0.115941 1.156452
v -0.580328 0.115941 1.156452
v 0.580328 0.115941 1.529496
v -0.580328 0.115941 1.529496
v 0.580328 0.115941 1.166425
v 0.580328 0.115941 1.522354
v 0.500478 0.066262 1.555096
v -0.500478 0.066262 1.555096
v 0.215687 0.066262 1.517711
v -0.215687 0.066262 1.517711
v 0.500478 0.066262 1.426407
v -0.500478 0.066262 1.426407
v 0.500478 0.066262 1.428020
v 0.500478 0.066262 1.547298
v -0.508862 0.071479 1.552408
v -0.571196 0.110259 1.532424
v 0.569864 0.127146 -2.324487
v 0.276284 0.098361 -4.173786
v -0.276284 0.098361 -4.173786
v 0.000036 0.036694 -4.337625
v 0.482818 0.097130 -3.686313
v 0.768294 0.097130 -1.453067
v 1.031320 0.097130 -0.326099
v 0.971386 0.097130 0.490999
v 0.688927 0.097130 1.141496
v -0.688854 0.097130 1.141496
v -0.971313 0.097130 0.490999
v -1.031247 0.097130 -0.326100
v -0.768222 0.097130 -1.453067
v -0.482745 0.097130 -3.686313
v 0.580328 0.088570 1.156452
v -0.580328 0.088570 1.156452
v 0.580328 0.088570 1.529496
v -0.580328 0.088570 1.529496
v 0.580328 0.088570 1.166425
v 0.580328 0.088570 1.522354
v 0.500478 0.050620 1.555096
v -0.500478 0.050620 1.555096
v 0.215687 0.050620 1.517711
v -0.215687 0.050620 1.517711
v 0.500478 0.050620 1.426407
v -0.500478 0.050620 1.426407
v 0.500478 0.050620 1.428020
v 0.500478 0.050620 1.547298
v -0.508862 0.054604 1.552408
v -0.571196 0.084230 1.532424
v 0.656403 0.097130 -2.328376
v 0.318208 0.074898 -4.172424
v -0.318135 0.074898 -4.172424
v -0.580328 0.088570 1.166425
v -0.580328 0.088570 1.522354
v -0.500478 0.050620 1.428020
v -0.500478 0.050620 1.547298
v 0.508862 0.054604 1.552408
v 0.571196 0.084230 1.532424
v -0.661246 0.097130 -2.289924
v 0.000036 -0.067151 -4.337625
v 0.482818 -0.098450 -3.686313
v 0.768294 -0.098450 -1.453067
v 1.031320 -0.098450 -0.326099
v 0.971386 -0.098450 0.490999
v 0.688927 -0.098450 1.141496
v -0.688854 -0.098450 1.141496
v -0.971313 -0.098450 0.490999
v -1.031247 -0.098450 -0.326100
v -0.768222 -0.098450 -1.453067
v -0.482745 -0.098450 -3.686313
v 0.580328 -0.089773 1.156452
v -0.580328 -0.089773 1.156452
v 0.580328 -0.089773 1.529496
v -0.580328 -0.089773 1.529496
v 0.580328 -0.089773 1.166425
v 0.580328 -0.089773 1.522354
v 0.500478 -0.051307 1.555096
v -0.500478 -0.051307 1.555096
v 0.215687 -0.051307 1.517711
v -0.215687 -0.051307 1.517711
v 0.500478 -0.051307 1.426407
v -0.500478 -0.051307 1.426407
v 0.500478 -0.051307 1.428020
v 0.500478 -0.051307 1.547298
v -0.508862 -0.055346 1.552408
v -0.571196 -0.085374 1.532424
v 0.653164 -0.098450 -2.353717
v 0.316303 -0.077988 -4.163547
v -0.316230 -0.077988 -4.163547
v -0.580328 -0.089773 1.166425
v -0.580328 -0.089773 1.522354
v -0.500478 -0.051307 1.428020
v -0.500478 -0.051307 1.547298
v 0.508862 -0.055346 1.552408
v 0.571196 -0.085374 1.532424
v -0.656412 -0.098450 -2.327742
v -0.580328 0.077542 1.166425
v -0.580328 0.077542 1.522354
v -0.500478 0.044317 1.428020
v -0.500478 0.044317 1.547298
v 0.508862 0.047805 1.552408
v 0.571196 0.073742 1.532424
v -0.660947 0.085036 -2.292263
v 0.000036 0.030272 -4.337625
v 0.482818 0.085036 -3.686313
v 0.768294 0.085036 -1.453067
v 1.031320 0.085036 -0.326099
v 0.971386 0.085036 0.490999
v 0.688927 0.085036 1.141496
v -0.688854 0.085036 1.141496
v -0.971313 0.085036 0.490999
v -1.031247 0.085036 -0.326100
v -0.768222 0.085036 -1.453067
v -0.482745 0.085036 -3.686313
v 0.580328 0.077542 1.156452
v -0.580328 0.077542 1.156452
v 0.580328 0.077542 1.529496
v -0.580328 0.077542 1.529496
v 0.580328 0.077542 1.166425
v 0.580328 0.077542 1.522354
v 0.500478 0.044317 1.555096
v -0.500478 0.044317 1.555096
v 0.215687 0.044317 1.517711
v -0.215687 0.044317 1.517711
v 0.500478 0.044317 1.426407
v -0.500478 0.044317 1.426407
v 0.500478 0.044317 1.428020
v 0.500478 0.044317 1.547298
v -0.508862 0.047805 1.552408
v -0.571196 0.073742 1.532424
v 0.656203 0.085036 -2.329943
v 0.318090 0.065444 -4.171875
v -0.318017 0.065444 -4.171875
v 0.000036 -0.058335 -4.337625
v 0.482818 -0.081847 -3.686313
v 0.768294 -0.081847 -1.453067
v 1.031320 -0.081847 -0.326099
v 0.971386 -0.081847 0.490999
v 0.688927 -0.081847 1.141496
v -0.688854 -0.081847 1.141496
v -0.971313 -0.081847 0.490999
v -1.031247 -0.081847 -0.326100
v -0.768222 -0.081847 -1.453067
v -0.482745 -0.081847 -3.686313
v 0.580328 -0.074634 1.156452
v -0.580328 -0.074634 1.156452
v 0.580328 -0.074634 1.529496
v -0.580328 -0.074634 1.529496
v 0.580328 -0.074634 1.166425
v 0.580328 -0.074634 1.522354
v 0.500478 -0.042655 1.555096
v -0.500478 -0.042655 1.555096
v 0.215687 -0.042655 1.517711
v -0.215687 -0.042655 1.517711
v 0.500478 -0.042655 1.426407
v -0.500478 -0.042655 1.426407
v 0.500478 -0.042655 1.428020
v 0.500478 -0.042655 1.547298
v -0.508862 -0.046012 1.552408
v -0.571196 -0.070977 1.532424
v 0.653439 -0.081847 -2.351566
v 0.316464 -0.065010 -4.164300
v -0.316391 -0.065010 -4.164300
v -0.580328 -0.074634 1.166425
v -0.580328 -0.074634 1.522354
v -0.500478 -0.042655 1.428020
v -0.500478 -0.042655 1.547298
v 0.508862 -0.046012 1.552408
v 0.571196 -0.070977 1.532424
v -0.656822 -0.081847 -2.324531
v -0.580328 0.092281 1.166425
v -0.580328 0.092281 1.522354
v -0.500478 0.052740 1.428020
v -0.500478 0.052740 1.547298
v 0.508862 0.056892 1.552408
v 0.571196 0.087759 1.532424
v -0.649463 0.101200 -2.289138
v 0.000031 0.038855 -4.337625
v 0.474144 0.101200 -3.686313
v 0.754494 0.101200 -1.453067
v 1.012796 0.101200 -0.326099
v 0.953938 0.101200 0.490999
v 0.676551 0.101200 1.141496
v -0.676489 0.101200 1.141496
v -0.953875 0.101200 0.490999
v -1.012733 0.101200 -0.326100
v -0.754431 0.101200 -1.453067
v -0.474080 0.101200 -3.686313
v 0.580328 0.092281 1.156452
v -0.580328 0.092281 1.156452
v 0.580328 0.092281 1.529496
v -0.580328 0.092281 1.529496
v 0.580328 0.092281 1.166425
v 0.580328 0.092281 1.522354
v 0.500478 0.052740 1.555096
v -0.500478 0.052740 1.555096
v 0.215687 0.052740 1.517711
v -0.215687 0.052740 1.517711
v 0.500478 0.052740 1.426407
v -0.500478 0.052740 1.426407
v 0.500478 0.052740 1.428020
v 0.500478 0.052740 1.547298
v -0.508862 0.056892 1.552408
v -0.571196 0.087759 1.532424
v 0.644670 0.101200 -2.327849
v 0.312524 0.078079 -4.172608
v -0.312461 0.078079 -4.172608
v -0.580328 0.114457 1.166425
v -0.580328 0.114457 1.522354
v -0.500478 0.065414 1.428020
v -0.500478 0.065414 1.547298
v 0.508862 0.070564 1.552408
v 0.571196 0.108849 1.532424
v -0.579051 0.125519 -2.284435
v 0.000002 0.055743 -4.337625
v 0.422306 0.125519 -3.686313
v 0.672022 0.125519 -1.453067
v 0.902099 0.125519 -0.326099
v 0.849672 0.125519 0.490999
v 0.602596 0.125519 1.141496
v -0.602592 0.125519 1.141496
v -0.849668 0.125519 0.490998
v -0.902095 0.125519 -0.326100
v -0.672018 0.125519 -1.453067
v -0.422302 0.125519 -3.686313
v 0.580328 0.114457 1.156452
v -0.580328 0.114457 1.156452
v 0.580328 0.114457 1.529496
v -0.580328 0.114457 1.529496
v 0.580328 0.114457 1.166425
v 0.580328 0.114457 1.522354
v 0.500478 0.065414 1.555096
v -0.500478 0.065414 1.555096
v 0.215687 0.065414 1.517711
v -0.215687 0.065414 1.517711
v 0.500478 0.065414 1.426407
v -0.500478 0.065414 1.426407
v 0.500478 0.065414 1.428020
v 0.500478 0.065414 1.547298
v -0.508862 0.070564 1.552408
v -0.571196 0.108849 1.532424
v 0.574555 0.125519 -2.324698
v 0.278556 0.097090 -4.173713
v -0.278552 0.097090 -4.173713
v 0.594818 -0.418577 -1.169738
v 0.335882 -0.418577 -1.810692
v 0.717488 -0.418577 -0.265980
v 0.675790 -0.418577 0.386859
v 0.479277 -0.418577 0.855243
v 0.172967 -0.418577 1.119730
v -0.172967 -0.418577 1.119730
v -0.479277 -0.418577 0.855243
v -0.675790 -0.418577 0.386859
v -0.717488 -0.418577 -0.265980
v -0.594818 -0.418577 -1.169738
v -0.335882 -0.418577 -1.810692
v -0.000000 -0.418577 -2.042007
v 0.000032 -0.069097 -4.337625
v 0.475049 -0.102116 -3.686313
v 0.755934 -0.102116 -1.453067
v 1.014730 -0.102116 -0.326099
v 0.955759 -0.102116 0.490999
v 0.677843 -0.102116 1.141496
v -0.677779 -0.102116 1.141496
v -0.955695 -0.102116 0.490999
v -1.014666 -0.102116 -0.326100
v -0.755870 -0.102116 -1.453067
v -0.474985 -0.102116 -3.686313
v 0.580328 -0.093116 1.156452
v -0.580328 -0.093116 1.156452
v 0.580328 -0.093116 1.529496
v -0.580328 -0.093116 1.529496
v 0.580328 -0.093116 1.166425
v 0.580328 -0.093116 1.522354
v 0.500478 -0.053218 1.555096
v -0.500478 -0.053218 1.555096
v 0.215687 -0.053218 1.517711
v -0.215687 -0.053218 1.517711
v 0.500478 -0.053218 1.426407
v -0.500478 -0.053218 1.426407
v 0.500478 -0.053218 1.428020
v 0.500478 -0.053218 1.547298
v -0.508862 -0.057407 1.552408
v -0.571196 -0.088553 1.532424
v 0.642603 -0.102116 -2.354192
v 0.311181 -0.080854 -4.163381
v -0.311117 -0.080854 -4.163381
v -0.580328 -0.093116 1.166425
v -0.580328 -0.093116 1.522354
v -0.500478 -0.053218 1.428020
v -0.500478 -0.053218 1.547298
v 0.508862 -0.057407 1.552408
v 0.571196 -0.088553 1.532424
v -0.645780 -0.102116 -2.328450
v 0.000003 -0.081818 -4.337625
v 0.424278 -0.126073 -3.686313
v 0.675159 -0.126073 -1.453067
v 0.906310 -0.126073 -0.326099
v 0.853638 -0.126073 0.490999
v 0.605410 -0.126073 1.141496
v -0.605404 -0.126073 1.141496
v -0.853632 -0.126073 0.490998
v -0.906303 -0.126073 -0.326100
v -0.675153 -0.126073 -1.453067
v -0.424272 -0.126073 -3.686313
v 0.580328 -0.114962 1.156452
v -0.580328 -0.114962 1.156452
v 0.580328 -0.114962 1.529496
v -0.580328 -0.114962 1.529496
v 0.580328 -0.114962 1.166425
v 0.580328 -0.114962 1.522354
v 0.500478 -0.065703 1.555096
v -0.500478 -0.065703 1.555096
v 0.215687 -0.065703 1.517711
v -0.215687 -0.065703 1.517711
v 0.500478 -0.065703 1.426407
v -0.500478 -0.065703 1.426407
v 0.500478 -0.065703 1.428020
v 0.500478 -0.065703 1.547298
v -0.508862 -0.070875 1.552408
v -0.571196 -0.109329 1.532424
v 0.573584 -0.126073 -2.357296
v 0.277709 -0.099581 -4.162292
v -0.277702 -0.099581 -4.162292
v -0.580328 -0.114962 1.166425
v -0.580328 -0.114962 1.522354
v -0.500478 -0.065703 1.428020
v -0.500478 -0.065703 1.547298
v 0.508862 -0.070875 1.552408
v 0.571196 -0.109329 1.532424
v -0.576300 -0.126073 -2.333083
v 0.011649 0.418577 -2.033985
v 0.006465 0.604862 -1.138818
v 0.012502 0.372922 -2.412230
v 0.014526 0.237080 -3.539996
v 0.009588 0.180587 -4.088920
v -0.006752 0.604862 -1.138620
v -0.012166 0.418577 -2.033629
v -0.013075 0.372809 -2.412563
v -0.015171 0.236940 -3.540230
v -0.010014 0.180483 -4.089056
v -0.006695 0.148574 -4.292155
v 0.007354 0.148494 -4.291869
v 0.580328 -0.136223 1.446060
v -0.215687 0.136223 1.555708
v -0.215687 -0.136223 1.555708
v 0.215687 0.136223 1.555708
v 0.580328 0.136223 1.446060
v -0.580328 0.136223 1.450141
v -0.580328 -0.136223 1.450141
v 0.215687 -0.136223 1.555708
v -0.580328 -0.117303 1.450141
v 0.580328 -0.117303 1.446060
v -0.580328 0.115941 1.450141
v 0.580328 0.115941 1.446060
v 0.580328 0.088570 1.446060
v -0.580328 0.088570 1.450141
v 0.580328 -0.089773 1.446060
v -0.580328 -0.089773 1.450141
v -0.580328 0.077542 1.450141
v 0.580328 0.077542 1.446060
v 0.580328 -0.074634 1.446060
v -0.580328 -0.074634 1.450141
v -0.580328 0.092281 1.450141
v 0.580328 0.092281 1.446060
v -0.580328 0.114457 1.450141
v 0.580328 0.114457 1.446060
v 0.580328 -0.093116 1.446060
v -0.580328 -0.093116 1.450141
v 0.580328 -0.114962 1.446060
v -0.580328 -0.114962 1.450141
v 0.580328 0.136223 1.497635
v -0.580328 0.136223 1.497635
v -0.580328 -0.136223 1.497635
v 0.215687 -0.136223 1.607220
v -0.580328 -0.117303 1.497635
v 0.580328 -0.117303 1.497635
v -0.580328 0.115941 1.497635
v 0.580328 0.115941 1.497635
v 0.580328 0.088570 1.497635
v -0.580328 0.088570 1.497635
v 0.580328 -0.089773 1.497635
v -0.580328 -0.089773 1.497635
v -0.580328 0.077542 1.497635
v 0.580328 0.077542 1.497635
v 0.580328 -0.074634 1.497635
v -0.580328 -0.074634 1.497635
v -0.580328 0.092281 1.497635
v 0.580328 0.092281 1.497635
v -0.580328 0.114457 1.497635
v 0.580328 0.114457 1.497635
v 0.580328 -0.093116 1.497635
v -0.580328 -0.093116 1.497635
v 0.580328 -0.114962 1.497635
v -0.580328 -0.114962 1.497635
v 0.580328 -0.136223 1.497635
v -0.215687 0.136223 1.607220
v -0.215687 -0.136223 1.607220
v 0.215687 0.136223 1.607220
vt 0.692308 0.285714
vt 0.692308 0.305289
vt 0.615385 0.328162
vt 0.615385 0.285714
vt 0.692308 0.571429
vt 0.691901 0.585653
vt 0.690154 0.584541
vt 0.690957 0.570954
vt 0.692308 0.857143
vt 0.653846 1.000000
vt 0.615385 0.857143
vt 0.689640 0.857143
vt 0.692307 0.560709
vt 0.689640 0.714286
vt 0.615385 0.714286
vt 0.569711 0.428571
vt 0.538462 0.428571
vt 0.538462 0.285714
vt 0.615385 0.571429
vt 0.615385 0.671915
vt 0.568378 0.571429
vt 0.576923 1.000000
vt 0.538462 0.857143
vt 0.615385 0.560794
vt 0.568477 0.560794
vt 0.538462 0.714286
vt 0.461539 0.428571
vt 0.461539 0.285714
vt 0.538462 0.571429
vt 0.461539 0.714286
vt 0.461539 0.571429
vt 0.500000 1.000000
vt 0.461539 0.857143
vt 0.538462 0.560794
vt 0.461539 0.560794
vt 0.384615 0.714286
vt 0.384615 0.571429
vt 0.423077 1.000000
vt 0.384615 0.857143
vt 0.384615 0.560794
vt 0.384615 0.428571
vt 0.384615 0.285714
vt 0.307692 0.571429
vt 0.307692 0.560794
vt 0.307692 0.857143
vt 0.307692 0.714286
vt 0.307692 0.428571
vt 0.307692 0.285714
vt 0.346154 1.000000
vt 0.230769 0.857143
vt 0.230769 0.714286
vt 0.230769 0.428571
vt 0.230769 0.285714
vt 0.230769 0.571429
vt 0.269231 1.000000
vt 0.153846 0.857143
vt 0.153846 0.714286
vt 0.153846 0.428571
vt 0.153846 0.285714
vt 0.192308 1.000000
vt 0.076923 0.428571
vt 0.076923 0.285714
vt 0.153846 0.571429
vt 0.076923 0.714286
vt 0.076923 0.571429
vt 0.115385 1.000000
vt 0.076923 0.857143
vt 0.000000 0.428571
vt 0.000000 0.285714
vt 0.000000 0.714286
vt 0.000000 0.571429
vt 0.038462 1.000000
vt 0.000000 0.857143
vt 0.076923 0.560794
vt 0.000000 0.560794
vt 1.000000 0.857143
vt 0.961538 1.000000
vt 0.923077 0.857143
vt 1.000000 0.560794
vt 1.000000 0.571429
vt 0.923077 0.571429
vt 0.923077 0.560794
vt 1.000000 0.714286
vt 0.923077 0.714286
vt 1.000000 0.285714
vt 1.000000 0.428571
vt 0.923077 0.428571
vt 0.923077 0.285714
vt 0.846154 0.571429
vt 0.846154 0.560794
vt 0.846154 0.857143
vt 0.846154 0.714286
vt 0.846154 0.428571
vt 0.846154 0.285714
vt 0.884615 1.000000
vt 0.817677 0.571429
vt 0.817529 0.560794
vt 0.769231 0.857143
vt 0.769231 0.714286
vt 0.815687 0.428571
vt 0.769231 0.285714
vt 0.807692 1.000000
vt 0.769231 0.326532
vt 0.743084 0.553576
vt 0.693755 0.584491
vt 0.693537 0.570996
vt 0.730769 1.000000
vt 0.695094 0.857143
vt 0.611948 0.285714
vt 0.536893 0.285714
vt 0.460474 0.285714
vt 0.389374 0.285714
vt 0.317967 0.285714
vt 0.245053 0.285714
vt 0.174369 0.285714
vt 0.155504 0.285714
vt 0.929268 0.285714
vt 0.906790 0.285714
vt 0.834354 0.285714
vt 0.761000 0.285714
vt 0.686712 0.285714
vt 0.743049 0.545518
vt 0.695094 0.714286
vt 0.692308 0.714286
vt 0.304204 0.443913
vt 0.304204 0.434867
vt 0.307692 0.438492
vt 0.230769 0.434867
vt 0.230769 0.565133
vt 0.304204 0.565133
vt 0.153846 0.434867
vt 0.153846 0.565133
vt 0.080411 0.555436
vt 0.080411 0.565133
vt 0.080411 0.434867
vt 0.230769 0.537225
vt 0.153846 0.537225
vt 0.153846 0.537225
vt 0.230769 0.537225
vt 0.096492 0.462775
vt 0.153846 0.462775
vt 0.153846 0.462775
vt 0.096492 0.462775
vt 0.230769 0.462775
vt 0.288123 0.462775
vt 0.288123 0.462775
vt 0.230769 0.462775
vt 0.288123 0.537225
vt 0.288123 0.537225
vt 0.288123 0.531895
vt 0.288123 0.531895
vt 0.096492 0.537225
vt 0.096492 0.537225
vt 0.096492 0.467579
vt 0.096492 0.467579
vt 0.695094 0.689997
vt 0.769231 0.671062
vt 0.689640 0.690057
vt 0.692308 0.690708
vt 0.769231 0.571429
vt 0.615385 0.428571
vt 0.769231 0.428571
vt 0.692308 0.376769
vt 0.769231 0.560794
vt 0.689640 0.617966
vt 0.692308 0.619638
vt 0.695094 0.617892
vt 0.641995 0.445332
vt 0.691806 0.411112
vt 0.692308 0.428571
vt 0.742620 0.445332
vt 0.641566 0.545518
vt 0.641531 0.553576
vt 0.742652 0.452849
vt 0.769231 0.438492
vt 0.641963 0.452849
vt 0.615385 0.438492
vt 0.815825 0.438492
vt 0.569619 0.438492
vt 0.538462 0.438492
vt 0.288123 0.467579
vt 0.288123 0.467579
vt 0.080411 0.443913
vt 0.076923 0.438492
vt 0.692308 0.438492
vt 0.846154 0.438492
vt 0.923077 0.438492
vt 1.000000 0.438492
vt 0.000000 0.438492
vt 0.384615 0.438492
vt 0.461538 0.438492
vt 0.304204 0.555436
vt 0.096492 0.531596
vt 0.096492 0.531596
vt 0.641569 0.544928
vt 0.615385 0.560016
vt 0.817518 0.560016
vt 0.769231 0.560016
vt 0.568485 0.560016
vt 0.538462 0.560016
vt 0.288123 0.531481
vt 0.288123 0.531481
vt 0.080411 0.554726
vt 0.076923 0.560016
vt 0.743047 0.544928
vt 0.692308 0.560016
vt 0.846154 0.560016
vt 0.923077 0.560016
vt 1.000000 0.560016
vt 0.000000 0.560016
vt 0.384615 0.560016
vt 0.307692 0.560016
vt 0.461539 0.560016
vt 0.304204 0.554726
vt 0.096492 0.531184
vt 0.096492 0.531184
vt 0.080411 0.443913
vt 0.080411 0.434867
vt 0.080411 0.434867
vt 0.080411 0.443913
vt 0.153846 0.565133
vt 0.080411 0.565133
vt 0.080411 0.565133
vt 0.153846 0.565133
vt 0.304204 0.555436
vt 0.304204 0.565133
vt 0.304204 0.565133
vt 0.304204 0.555436
vt 0.153846 0.434867
vt 0.230769 0.434867
vt 0.230769 0.434867
vt 0.153846 0.434867
vt 0.304204 0.434866
vt 0.304204 0.434867
vt 0.230769 0.565133
vt 0.230769 0.565133
vt 0.230769 0.565133
vt 0.304204 0.565133
vt 0.153846 0.565133
vt 0.153846 0.434867
vt 0.080411 0.434867
vt 0.304204 0.434867
vt 0.230769 0.434867
vt 0.304204 0.555436
vt 0.080411 0.565133
vt 0.080411 0.443913
vt 0.304204 0.565133
vt 0.230769 0.565133
vt 0.153846 0.565133
vt 0.080411 0.434867
vt 0.153846 0.434867
vt 0.230769 0.434867
vt 0.304204 0.434866
vt 0.304204 0.555436
vt 0.080411 0.565133
vt 0.080411 0.443913
vt 0.302365 0.446661
vt 0.302365 0.438058
vt 0.304204 0.443913
vt 0.230769 0.438058
vt 0.153846 0.438058
vt 0.153846 0.561942
vt 0.230769 0.561942
vt 0.082250 0.552719
vt 0.082250 0.561942
vt 0.080411 0.555436
vt 0.082250 0.438058
vt 0.153846 0.462775
vt 0.230769 0.462775
vt 0.096492 0.467945
vt 0.096492 0.462775
vt 0.153846 0.537225
vt 0.096492 0.537225
vt 0.288123 0.531690
vt 0.288123 0.537225
vt 0.230769 0.537225
vt 0.288123 0.462775
vt 0.230769 0.537225
vt 0.153846 0.537225
vt 0.096492 0.462775
vt 0.153846 0.462775
vt 0.230769 0.462775
vt 0.288123 0.462775
vt 0.288123 0.537225
vt 0.288123 0.531687
vt 0.096492 0.537225
vt 0.096492 0.467936
vt 0.153846 0.540155
vt 0.094804 0.540155
vt 0.094804 0.459845
vt 0.153846 0.459845
vt 0.096492 0.531678
vt 0.094804 0.534177
vt 0.230769 0.540155
vt 0.230769 0.459845
vt 0.289812 0.540155
vt 0.289812 0.459845
vt 0.288123 0.467936
vt 0.289812 0.465422
vt 0.302365 0.561942
vt 0.742656 0.453779
vt 0.769231 0.439719
vt 0.289812 0.466112
vt 0.302365 0.447726
vt 0.094804 0.465422
vt 0.082250 0.446661
vt 0.288123 0.468576
vt 0.096492 0.468576
vt 0.096492 0.468585
vt 0.288123 0.467945
vt 0.096492 0.468215
vt 0.096492 0.468215
vt 0.304204 0.445032
vt 0.080411 0.445032
vt 0.080411 0.445032
vt 0.304204 0.443913
vt 0.304204 0.443913
vt 0.080411 0.445032
vt 0.080411 0.445032
vt 0.304204 0.443913
vt 0.304204 0.445032
vt 0.307692 0.439719
vt 0.080411 0.445032
vt 0.080411 0.555436
vt 0.080411 0.555436
vt 0.080411 0.555436
vt 0.096492 0.531681
vt 0.289812 0.534177
vt 0.302365 0.552719
vt 0.094804 0.533739
vt 0.082250 0.552045
vt 0.096492 0.531272
vt 0.288123 0.531281
vt 0.288123 0.531284
vt 0.080411 0.554726
vt 0.304204 0.554726
vt 0.304204 0.554726
vt 0.304204 0.554726
vt 0.304204 0.554726
vt 0.692308 0.540659
vt 0.692308 0.546442
vt 0.641613 0.534643
vt 0.641631 0.530261
vt 0.615385 0.540659
vt 0.615385 0.546442
vt 0.568611 0.546442
vt 0.568665 0.540659
vt 0.538462 0.540659
vt 0.538462 0.546442
vt 0.461539 0.546442
vt 0.461539 0.540659
vt 0.384615 0.546442
vt 0.384616 0.540659
vt 0.307692 0.546442
vt 0.307692 0.540659
vt 0.076923 0.540659
vt 0.076923 0.546442
vt 0.000000 0.546442
vt 0.000000 0.540659
vt 1.000000 0.540659
vt 1.000000 0.546442
vt 0.923077 0.546442
vt 0.923077 0.540659
vt 0.846154 0.546442
vt 0.846154 0.540659
vt 0.817329 0.546442
vt 0.817248 0.540659
vt 0.742984 0.530262
vt 0.743003 0.534643
vt 0.304204 0.537076
vt 0.304204 0.542349
vt 0.304204 0.542349
vt 0.304204 0.537069
vt 0.080411 0.537076
vt 0.080411 0.542349
vt 0.304204 0.537076
vt 0.304204 0.542349
vt 0.304204 0.542349
vt 0.304204 0.537076
vt 0.304204 0.537076
vt 0.304204 0.542349
vt 0.082250 0.535259
vt 0.082250 0.540274
vt 0.080411 0.542349
vt 0.080411 0.537069
vt 0.288123 0.521325
vt 0.288123 0.524255
vt 0.288123 0.524255
vt 0.288123 0.521325
vt 0.288123 0.521197
vt 0.288123 0.524210
vt 0.288123 0.521192
vt 0.288123 0.524206
vt 0.096492 0.521185
vt 0.096492 0.524197
vt 0.094804 0.526109
vt 0.094804 0.522858
vt 0.769231 0.546442
vt 0.769231 0.540659
vt 0.080411 0.544123
vt 0.080411 0.542349
vt 0.080411 0.544123
vt 0.304204 0.544123
vt 0.307692 0.548388
vt 0.080411 0.544123
vt 0.080411 0.542349
vt 0.080411 0.544123
vt 0.080411 0.544123
vt 0.080411 0.542349
vt 0.302365 0.541961
vt 0.302365 0.540274
vt 0.304204 0.544123
vt 0.096492 0.525023
vt 0.096492 0.523992
vt 0.096492 0.523992
vt 0.096492 0.525023
vt 0.096492 0.525216
vt 0.096492 0.524202
vt 0.096492 0.525212
vt 0.288123 0.525220
vt 0.289812 0.526109
vt 0.289812 0.527202
vt 0.743009 0.536118
vt 0.769231 0.548388
vt 0.641922 0.462458
vt 0.641916 0.463786
vt 0.615385 0.452927
vt 0.615385 0.451174
vt 0.816002 0.451174
vt 0.816026 0.452927
vt 0.769231 0.452927
vt 0.769231 0.451174
vt 0.569500 0.451174
vt 0.569484 0.452927
vt 0.538462 0.452927
vt 0.538462 0.451174
vt 0.094804 0.472552
vt 0.094804 0.473537
vt 0.082250 0.459179
vt 0.082250 0.457659
vt 0.096492 0.474547
vt 0.096492 0.475461
vt 0.288123 0.474548
vt 0.288123 0.475462
vt 0.288123 0.475470
vt 0.288123 0.474556
vt 0.288123 0.475085
vt 0.288123 0.474174
vt 0.288123 0.475085
vt 0.288123 0.474174
vt 0.080411 0.457072
vt 0.080411 0.455475
vt 0.304204 0.455477
vt 0.304204 0.457076
vt 0.304204 0.457076
vt 0.304204 0.455477
vt 0.304204 0.455477
vt 0.304204 0.457076
vt 0.304204 0.457076
vt 0.304204 0.455477
vt 0.080411 0.455477
vt 0.080411 0.457076
vt 0.076923 0.452927
vt 0.076923 0.451174
vt 0.304204 0.457072
vt 0.304204 0.455475
vt 0.742694 0.462458
vt 0.742699 0.463786
vt 0.692308 0.452927
vt 0.692308 0.451174
vt 0.846154 0.451174
vt 0.846154 0.452927
vt 0.923077 0.451174
vt 0.923077 0.452927
vt 1.000000 0.451174
vt 1.000000 0.452927
vt 0.000000 0.452927
vt 0.000000 0.451174
vt 0.384615 0.451174
vt 0.384615 0.452927
vt 0.307692 0.452927
vt 0.307692 0.451174
vt 0.461538 0.451174
vt 0.461538 0.452927
vt 0.080411 0.464317
vt 0.080411 0.457076
vt 0.080411 0.464313
vt 0.304204 0.464315
vt 0.307692 0.460866
vt 0.080411 0.464315
vt 0.080411 0.457076
vt 0.080411 0.464315
vt 0.080411 0.464317
vt 0.080411 0.457076
vt 0.302365 0.466063
vt 0.302365 0.459179
vt 0.304204 0.464313
vt 0.096492 0.479186
vt 0.096492 0.475050
vt 0.096492 0.475050
vt 0.096492 0.479155
vt 0.096492 0.479609
vt 0.096492 0.475471
vt 0.096492 0.479599
vt 0.288123 0.479602
vt 0.289812 0.473537
vt 0.289812 0.478000
vt 0.742725 0.469801
vt 0.769231 0.460866
vt 0.289812 0.522858
vt 0.302365 0.535259
vt 0.096492 0.521192
vt 0.096492 0.521076
vt 0.096492 0.521075
vt 0.080411 0.537076
vt 0.080411 0.537076
vt 0.080411 0.537076
vt 0.641890 0.469801
vt 0.615385 0.460866
vt 0.816137 0.460866
vt 0.569410 0.460866
vt 0.538462 0.460866
vt 0.094804 0.478000
vt 0.082250 0.466063
vt 0.288123 0.479609
vt 0.288123 0.479241
vt 0.288123 0.479241
vt 0.304204 0.464317
vt 0.304204 0.464317
vt 0.304204 0.464315
vt 0.076923 0.460866
vt 0.692308 0.460866
vt 0.846154 0.460866
vt 0.923077 0.460866
vt 1.000000 0.460866
vt 0.000000 0.460866
vt 0.384615 0.460866
vt 0.461538 0.460866
vt 0.289812 0.533739
vt 0.302365 0.552045
vt 0.096492 0.531275
vt 0.080411 0.554726
vt 0.080411 0.554726
vt 0.080411 0.554726
vt 0.692308 0.548388
vt 0.641606 0.536118
vt 0.615385 0.548388
vt 0.568593 0.548388
vt 0.538462 0.548388
vt 0.461539 0.548388
vt 0.384615 0.548388
vt 0.076923 0.548388
vt 0.000000 0.548388
vt 1.000000 0.548388
vt 0.923077 0.548388
vt 0.846154 0.548388
vt 0.817356 0.548388
vt 0.304204 0.544123
vt 0.304204 0.544123
vt 0.304204 0.544123
vt 0.082250 0.541961
vt 0.288123 0.525291
vt 0.288123 0.525291
vt 0.288123 0.525224
vt 0.094804 0.527202
vt 0.692308 0.439719
vt 0.641959 0.453779
vt 0.615385 0.439719
vt 0.569607 0.439719
vt 0.538462 0.439719
vt 0.461538 0.439719
vt 0.384615 0.439719
vt 0.076923 0.439719
vt 0.000000 0.439719
vt 1.000000 0.439719
vt 0.923077 0.439719
vt 0.846154 0.439719
vt 0.815842 0.439719
vt 0.304204 0.445032
vt 0.304204 0.445032
vt 0.304204 0.445032
vt 0.082250 0.447726
vt 0.288123 0.468217
vt 0.288123 0.468217
vt 0.288123 0.468585
vt 0.094804 0.466112
vt 0.080411 0.455477
vt 0.080411 0.455477
vt 0.080411 0.455477
vt 0.302365 0.457659
vt 0.096492 0.474143
vt 0.096492 0.474143
vt 0.096492 0.474557
vt 0.289812 0.472552
vt 0.080411 0.445032
vt 0.080411 0.455477
vt 0.304204 0.445032
vt 0.304204 0.443913
vt 0.080411 0.457076
vt 0.304204 0.455477
vt 0.304204 0.554727
vt 0.304204 0.544123
vt 0.080411 0.554726
vt 0.080411 0.555436
vt 0.304204 0.542349
vt 0.080411 0.544123
vt 0.080411 0.464317
vt 0.080411 0.537076
vt 0.304204 0.464317
vt 0.304204 0.457076
vt 0.304204 0.537076
vt 0.080411 0.542349
vt 0.304204 0.555436
vt 0.080411 0.565133
vt 0.304204 0.434866
vt 0.080411 0.443913
vt 0.080411 0.434867
vt 0.153846 0.565133
vt 0.304204 0.565133
vt 0.230769 0.434867
vt 0.153846 0.434867
vt 0.230769 0.565133
vt 0.230769 0.531683
vt 0.153846 0.531683
vt 0.230769 0.467945
vt 0.153846 0.467945
vt 0.230769 0.531277
vt 0.153846 0.531277
vt 0.230769 0.524203
vt 0.230769 0.521189
vt 0.153846 0.521189
vt 0.153846 0.524203
vt 0.230769 0.474555
vt 0.230769 0.475468
vt 0.153846 0.475468
vt 0.153846 0.474554
vt 0.230769 0.479605
vt 0.153846 0.479605
vt 0.230769 0.525217
vt 0.153846 0.525217
vt 0.230769 0.468585
vt 0.153846 0.468585
vn 0.0701 -0.9934 -0.0903
vn 0.1201 -0.9844 -0.1286
vn 0.4199 -0.9013 -0.1069
vn 0.3534 -0.9307 -0.0946
vn 0.3532 0.7052 -0.6148
vn 0.1864 0.9747 -0.1231
vn 0.1853 0.9738 -0.1314
vn 0.3451 0.7478 -0.5672
vn 0.1085 0.9815 -0.1576
vn 0.1369 0.9905 0.0109
vn 0.1987 0.9725 -0.1214
vn 0.0899 0.9873 -0.1306
vn 0.4163 0.3920 -0.8203
vn 0.1196 0.9792 -0.1638
vn 0.4255 0.8882 -0.1732
vn 0.9138 -0.3906 -0.1112
vn 0.9282 -0.3315 -0.1687
vn 0.4954 -0.8637 -0.0931
vn 0.7661 0.6111 -0.1991
vn 0.4194 0.9015 -0.1069
vn 0.9140 0.3899 -0.1121
vn 0.3052 0.9499 -0.0669
vn 0.8218 0.5382 -0.1870
vn 0.8136 0.5744 -0.0903
vn 0.6468 0.7480 -0.1488
vn 0.9628 -0.2621 -0.0653
vn 0.5115 -0.8590 -0.0224
vn 0.9284 0.3307 -0.1697
vn 0.7045 0.7089 -0.0325
vn 0.9628 0.2621 -0.0653
vn 0.3473 0.9377 -0.0089
vn 0.7964 0.5921 -0.1231
vn 0.7619 0.6455 -0.0540
vn 0.6643 0.7328 0.1470
vn 0.9311 0.2977 0.2109
vn 0.3374 0.9387 0.0714
vn 0.7490 0.6411 0.1673
vn 0.9311 -0.2977 0.2109
vn 0.4885 -0.8670 0.0979
vn 0.7518 0.3607 0.5520
vn 0.6443 0.3824 0.6622
vn 0.2551 0.9525 0.1661
vn 0.5075 0.7939 0.3349
vn 0.7518 -0.3607 0.5520
vn 0.3897 -0.8906 0.2345
vn 0.1998 0.9521 0.2314
vn 0.3831 0.8102 0.4437
vn 0.3090 -0.4054 0.8604
vn 0.1570 -0.9199 0.3594
vn 0.3090 0.4054 0.8604
vn 0.0000 0.8716 0.4902
vn 0.0000 0.9718 0.2357
vn -0.3090 -0.4054 0.8604
vn -0.1570 -0.9199 0.3594
vn 0.0000 0.9945 0.1052
vn -0.7518 -0.3607 0.5520
vn -0.3897 -0.8906 0.2345
vn -0.3090 0.4054 0.8604
vn -0.3831 0.8102 0.4437
vn -0.5075 0.7939 0.3349
vn -0.7518 0.3607 0.5520
vn -0.1998 0.9521 0.2314
vn -0.1369 0.9905 0.0109
vn -0.2551 0.9525 0.1661
vn -0.9311 -0.2977 0.2109
vn -0.4885 -0.8670 0.0979
vn -0.6643 0.7328 0.1470
vn -0.9311 0.2977 0.2109
vn -0.3374 0.9387 0.0714
vn -0.6444 0.3824 0.6622
vn -0.7490 0.6410 0.1673
vn -0.3473 0.9377 -0.0089
vn -0.9628 0.2621 -0.0653
vn -0.7619 0.6454 -0.0540
vn -0.7045 0.7089 -0.0325
vn -0.9628 -0.2621 -0.0653
vn -0.5115 -0.8590 -0.0224
vn -0.9285 0.3297 -0.1707
vn -0.7963 0.5922 -0.1231
vn -0.3052 0.9499 -0.0669
vn -0.6471 0.7477 -0.1493
vn -0.9283 -0.3310 -0.1693
vn -0.4955 -0.8636 -0.0933
vn -0.9143 0.3889 -0.1132
vn -0.8132 0.5750 -0.0903
vn -0.1987 0.9725 -0.1214
vn -0.4258 0.8880 -0.1736
vn -0.9139 -0.3902 -0.1117
vn -0.3535 -0.9306 -0.0948
vn -0.4194 -0.9015 -0.1069
vn -0.1206 -0.9844 -0.1284
vn -0.0699 -0.9935 -0.0902
vn -0.6101 0.6189 -0.4947
vn -0.1853 0.9738 -0.1314
vn -0.3450 0.7478 -0.5672
vn -0.1085 0.9815 -0.1576
vn -0.0899 0.9873 -0.1306
vn -0.0000 -1.0000 0.0000
vn -0.6172 0.4419 -0.6510
vn -0.4164 0.3918 -0.8204
vn -0.1197 0.9792 -0.1638
vn -0.1107 0.9833 -0.1444
vn 0.8589 -0.1911 0.4752
vn 0.7851 -0.1449 0.6021
vn 0.6426 -0.3770 0.6670
vn 0.2117 -0.7946 0.5690
vn 0.2117 0.7946 0.5690
vn 0.7851 0.1449 0.6021
vn -0.2117 -0.7946 0.5690
vn -0.2117 0.7946 0.5690
vn -0.8607 0.1959 0.4698
vn -0.7851 0.1449 0.6021
vn -0.7851 -0.1449 0.6021
vn -0.1033 -0.7436 0.6606
vn 0.1033 -0.7436 0.6606
vn 0.7071 0.7071 0.0000
vn -0.0000 1.0000 0.0000
vn -0.1033 0.7436 0.6606
vn 0.4872 0.5628 0.6678
vn -0.7071 0.7071 0.0000
vn -0.4872 0.5628 0.6678
vn 0.1033 0.7436 0.6606
vn -0.7071 -0.7071 0.0000
vn -0.4872 -0.5628 0.6678
vn -1.0000 0.0000 0.0000
vn -0.5894 0.0000 0.8079
vn 0.7071 -0.7071 0.0000
vn 0.4872 -0.5628 0.6678
vn 1.0000 0.0000 0.0000
vn 0.5894 0.0000 0.8079
vn -0.1214 0.9849 -0.1233
vn -0.4196 0.9014 -0.1069
vn 0.1212 0.9850 -0.1232
vn 0.1222 0.9854 -0.1182
vn 0.1104 0.9833 -0.1444
vn -0.7661 0.6111 -0.1991
vn 0.7640 -0.6131 -0.2010
vn -0.7639 -0.6132 -0.2011
vn -0.1570 -0.9802 -0.1207
vn 0.1572 -0.9802 -0.1206
vn -0.8217 0.5383 -0.1870
vn 0.1641 0.9798 -0.1145
vn 0.1601 0.9808 -0.1117
vn -0.1642 0.9798 -0.1145
vn 0.6117 -0.6459 -0.4568
vn 0.1879 -0.9741 -0.1260
vn 0.3857 -0.7065 -0.5933
vn -0.1879 -0.9741 -0.1260
vn -0.6117 -0.6459 -0.4568
vn -0.3857 -0.7065 -0.5933
vn 0.6171 0.4421 -0.6510
vn 0.6101 0.6189 -0.4947
vn -0.6179 -0.4995 -0.6072
vn -0.8169 -0.5442 -0.1910
vn 0.6177 -0.5000 -0.6070
vn 0.8169 -0.5443 -0.1910
vn -0.8148 -0.5726 -0.0905
vn 0.8149 -0.5725 -0.0905
vn 0.7970 -0.5913 -0.1232
vn -0.8589 -0.1910 0.4752
vn -0.6427 -0.3769 0.6670
vn -0.4481 -0.4621 -0.7653
vn -0.7969 -0.5914 -0.1232
vn -0.7624 -0.6449 -0.0541
vn -0.7495 -0.6404 0.1675
vn 0.7495 -0.6405 0.1675
vn 0.7623 -0.6449 -0.0541
vn 0.4479 -0.4628 -0.7650
vn 0.8607 0.1960 0.4698
vn 0.4687 0.6899 -0.5517
vn 0.4085 0.9056 -0.1137
vn -0.3353 0.9413 -0.0386
vn -0.4082 0.9058 -0.1138
vn 0.3362 0.9410 -0.0387
vn 0.2735 0.9609 -0.0430
vn -0.7893 0.2398 0.5653
vn -0.2827 0.7645 0.5794
vn -0.4691 0.6894 -0.5519
vn -0.4114 0.3972 -0.8203
vn -0.2732 0.9610 -0.0430
vn -0.2325 0.9724 -0.0184
vn -0.2417 0.9686 0.0589
vn 0.2416 0.9686 0.0589
vn 0.2826 0.7645 0.5794
vn 0.2324 0.9724 -0.0184
vn 0.4112 0.3980 -0.8201
vn 0.7892 0.2399 0.5653
vn -0.1864 0.9747 -0.1231
vn -0.1603 0.9807 -0.1117
vn -0.1220 0.9855 -0.1182
vn -0.3532 0.7051 -0.6148
vn -0.6490 -0.5954 0.4735
vn -0.8079 0.0000 0.5894
vn -0.6490 0.5954 0.4735
vn -0.1141 0.6739 0.7299
vn 0.6490 0.5954 0.4735
vn 0.8079 0.0000 0.5894
vn 0.1141 -0.6739 0.7299
vn -0.1141 -0.6739 0.7299
vn 0.6490 -0.5954 0.4735
vn 0.1141 0.6739 0.7299
vn 0.3053 0.0000 0.9523
vn 0.1545 -0.0000 0.9880
vn -0.1545 -0.0000 0.9880
vn -0.3053 0.0000 0.9523
vn 0.0272 0.3864 0.9219
vn -0.0271 0.3865 0.9219
vn -0.0271 -0.3865 0.9219
vn 0.0271 -0.3865 0.9219
vn -0.4667 -0.7266 -0.5043
vn -0.4084 -0.9055 -0.1151
vn -0.7877 -0.2345 0.5696
vn 0.7877 -0.2346 0.5697
vn 0.2803 -0.7595 0.5870
vn 0.4685 -0.0340 -0.8828
vn 0.4399 0.1661 -0.8825
vn 0.7007 0.3937 -0.5951
vn 0.7608 -0.0255 -0.6485
vn 0.9741 -0.0067 -0.2259
vn 0.8264 0.5267 -0.1993
vn 0.8112 0.5755 -0.1035
vn 0.9919 -0.0000 -0.1268
vn 0.9842 -0.0000 -0.1773
vn 0.7786 0.6117 -0.1400
vn 0.8036 0.5919 -0.0629
vn 0.9970 0.0000 -0.0780
vn 0.7883 0.5843 0.1927
vn 0.9710 0.0000 0.2391
vn 0.5491 0.4874 0.6789
vn 0.6044 0.0000 0.7967
vn -0.6044 0.0000 0.7967
vn -0.5492 0.4873 0.6789
vn -0.7883 0.5843 0.1927
vn -0.9710 0.0000 0.2391
vn -0.8036 0.5918 -0.0629
vn -0.9970 0.0000 -0.0780
vn -0.7785 0.6118 -0.1400
vn -0.9842 0.0000 -0.1773
vn -0.8111 0.5758 -0.1034
vn -0.9919 0.0000 -0.1268
vn -0.7608 -0.0255 -0.6485
vn -0.7008 0.3933 -0.5951
vn -0.4401 0.1652 -0.8826
vn -0.4685 -0.0340 -0.8828
vn -0.7538 0.0000 0.6571
vn -0.7537 0.0629 0.6542
vn 0.7538 0.0000 0.6571
vn 0.7537 0.0630 0.6542
vn -0.8263 0.5269 -0.1993
vn -0.9741 -0.0067 -0.2259
vn 0.7602 0.1613 0.6294
vn 0.2412 0.7149 0.6563
vn -0.7602 0.1613 0.6293
vn -0.4609 0.6881 -0.5605
vn -0.4080 0.9054 -0.1172
vn 0.4605 -0.7222 -0.5161
vn 0.7024 -0.4146 -0.5786
vn 0.8228 -0.5314 -0.2017
vn 0.4084 -0.9051 -0.1182
vn -0.3383 -0.9401 -0.0416
vn -0.8112 -0.5755 -0.1035
vn -0.8228 -0.5314 -0.2017
vn -0.4083 -0.9052 -0.1182
vn 0.3388 -0.9399 -0.0417
vn 0.8115 -0.5751 -0.1035
vn 0.7792 -0.6109 -0.1402
vn 0.2753 -0.9602 -0.0462
vn 0.7593 -0.1580 0.6312
vn 0.7535 -0.0622 0.6545
vn -0.7594 -0.1580 0.6312
vn -0.7535 -0.0622 0.6545
vn -0.5494 -0.4866 0.6792
vn -0.2417 -0.7133 0.6579
vn -0.4610 -0.7216 -0.5166
vn -0.7025 -0.4143 -0.5787
vn -0.4605 -0.2533 -0.8507
vn -0.4225 -0.4751 -0.7719
vn -0.2752 -0.9603 -0.0462
vn -0.7792 -0.6109 -0.1402
vn -0.2338 -0.9721 -0.0198
vn -0.8039 -0.5914 -0.0630
vn -0.2430 -0.9680 0.0633
vn -0.7887 -0.5838 0.1929
vn 0.2428 -0.9680 0.0633
vn 0.7886 -0.5838 0.1928
vn 0.5494 -0.4867 0.6792
vn 0.2415 -0.7133 0.6579
vn 0.2337 -0.9721 -0.0198
vn 0.8039 -0.5914 -0.0629
vn 0.4221 -0.4763 -0.7713
vn 0.4604 -0.2542 -0.8505
vn -0.7623 -0.0254 -0.6467
vn -0.9736 -0.0068 -0.2282
vn 0.7623 -0.0254 -0.6467
vn 0.9736 -0.0068 -0.2282
vn -0.4762 -0.0339 -0.8787
vn 0.4762 -0.0339 -0.8787
vn 0.4012 0.3772 -0.8347
vn 0.4603 0.6888 -0.5601
vn 0.4083 0.9053 -0.1171
vn 0.3361 0.9409 -0.0412
vn 0.2734 0.9608 -0.0458
vn 0.2324 0.9724 -0.0197
vn 0.2415 0.9684 0.0628
vn -0.2414 0.7149 0.6563
vn -0.2416 0.9683 0.0628
vn -0.2325 0.9724 -0.0197
vn -0.2731 0.9609 -0.0458
vn -0.3352 0.9412 -0.0411
vn -0.4015 0.3761 -0.8351
vn 0.4353 -0.4898 -0.7553
vn 0.4662 -0.7272 -0.5038
vn 0.4085 -0.9055 -0.1151
vn 0.3388 -0.9401 -0.0391
vn 0.2753 -0.9604 -0.0434
vn 0.2337 -0.9721 -0.0186
vn 0.2429 -0.9682 0.0594
vn -0.2805 -0.7595 0.5870
vn -0.2430 -0.9682 0.0594
vn -0.2338 -0.9721 -0.0186
vn -0.2752 -0.9604 -0.0434
vn -0.3383 -0.9402 -0.0390
vn -0.4357 -0.4887 -0.7559
usemtl Porple
s 1
f 545/101/39 227/102/40 228/103/41 534/104/42
f 74/105/43 235/106/44 624/107/45 631/108/46
f 133/109/47 76/110/48 77/111/49 621/112/50
f 281/113/51 74/105/43 631/108/46
f 620/114/52 621/112/50 77/111/49 78/115/53
f 534/104/42 220/116/54 85/117/55 533/118/56
f 231/119/57 223/120/58 219/121/59
f 77/111/49 76/122/48 82/123/60
f 282/124/61 231/119/57 219/121/59 308/125/62
f 78/115/53 77/111/49 82/123/60 83/126/63
f 533/118/56 85/117/55 90/127/64 535/128/65
f 84/129/66 83/126/63 88/130/67 89/131/68
f 82/123/60 76/132/48 87/133/69
f 283/134/70 84/129/66 89/131/68 284/135/71
f 83/126/63 82/123/60 87/133/69 88/130/67
f 89/131/68 88/130/67 93/136/72 94/137/73
f 87/133/69 76/138/48 92/139/74
f 284/135/71 89/131/68 94/137/73 285/140/75
f 88/130/67 87/133/69 92/139/74 93/136/72
f 535/128/65 90/127/64 95/141/76 536/142/77
f 285/140/75 94/137/73 139/143/78 286/144/79
f 93/136/72 92/139/74 97/145/80 98/146/81
f 536/142/77 95/141/76 140/147/82 537/148/83
f 94/137/73 93/136/72 98/146/81 139/143/78
f 92/139/74 76/149/48 97/145/80
f 98/146/81 97/145/80 102/150/84 103/151/85
f 537/148/83 140/147/82 136/152/86 538/153/87
f 139/143/78 98/146/81 103/151/85 142/154/88
f 97/145/80 76/155/48 102/150/84
f 103/151/89 102/150/90 105/156/90 106/157/89
f 538/153/87 136/152/86 138/158/91 539/159/92
f 102/150/90 76/160/93 105/156/90
f 539/159/92 138/158/91 146/161/94 540/162/95
f 144/163/96 106/157/97 109/164/98 145/165/99
f 105/156/100 76/166/101 108/167/102
f 106/157/97 105/156/100 108/167/102 109/164/98
f 540/162/95 146/161/94 116/168/103 541/169/104
f 145/165/99 109/164/98 114/170/105 115/171/106
f 108/167/102 76/172/101 113/173/107
f 287/174/108 145/165/99 115/171/106 288/175/109
f 109/164/98 108/167/102 113/173/107 114/170/105
f 113/176/107 76/177/101 118/178/110
f 288/179/109 115/180/106 120/181/111 289/182/112
f 114/183/105 113/176/107 118/178/110 119/184/113
f 541/185/104 116/186/103 121/187/114 542/188/115
f 115/180/106 114/183/105 119/184/113 120/181/111
f 289/182/112 120/181/111 125/189/116 290/190/117
f 119/184/113 118/178/110 123/191/118 124/192/119
f 542/188/115 121/187/114 126/193/120 543/194/121
f 120/181/111 119/184/113 124/192/119 125/189/116
f 118/178/110 76/195/101 123/191/118
f 290/190/117 125/189/116 224/196/122 280/197/123
f 124/192/119 123/191/118 128/198/124 129/199/125
f 543/194/121 126/193/120 226/200/126 544/201/127
f 125/189/116 124/192/119 129/199/125 224/196/122
f 123/191/118 76/202/101 128/198/124
f 544/201/127 225/203/128 227/102/129 545/101/130
f 130/204/131 629/205/132 630/206/133
f 128/198/124 76/207/101 133/109/134 625/208/135
f 81/209/136 86/210/136 91/211/136 96/212/136 101/213/136 104/214/136 107/215/136 112/216/136 117/217/136 122/218/136 127/219/136 132/220/136 134/221/136
f 310/222/137 130/204/131 630/206/133 281/113/138
f 626/223/139 625/208/135 133/109/134 73/224/140
f 248/225/141 100/226/142 140/147/82 242/227/143
f 100/226/142 141/228/144 136/152/86 140/147/82
f 135/229/145 99/230/146 139/143/78 142/154/88
f 141/228/144 143/231/147 138/158/91 136/152/86
f 137/232/148 135/229/145 142/154/88 144/163/96
f 293/233/149 110/234/150 145/165/99 287/174/108
f 143/231/147 111/235/151 146/161/94 138/158/91
f 110/234/150 137/232/148 144/163/96 145/165/99
f 192/236/136 191/237/136 181/238/152 179/239/153
f 190/240/154 189/241/155 182/242/156 186/243/157
f 187/244/155 188/245/158 184/246/159 180/247/160
f 103/151/89 106/157/89 144/163/96 142/154/88
f 193/248/161 192/236/136 179/239/153 183/249/162
f 304/250/163 193/248/161 183/249/162 302/251/164
f 191/237/136 194/252/165 185/253/166 181/238/152
f 262/254/167 190/240/154 186/243/157 261/255/168
f 189/241/155 187/244/155 180/247/160 182/242/156
f 308/125/62 219/121/59 84/129/66 283/134/70
f 219/121/59 78/115/53 83/126/63 84/129/66
f 627/256/169 222/257/170 129/199/125 626/223/139
f 622/258/171 221/259/172 73/224/173 620/114/52
f 219/121/59 223/120/58 78/115/53
f 224/196/122 222/257/170 233/260/174
f 222/257/170 224/196/122 129/199/125
f 220/116/54 534/104/42 228/103/41
f 228/103/41 232/261/175 220/116/54
f 227/102/129 225/203/128 234/262/176 236/263/177
f 225/203/128 226/200/126 234/262/176
f 228/103/41 227/102/40 236/263/178 232/261/175
f 280/197/123 224/196/122 233/260/174 291/264/179
f 544/201/127 226/200/126 225/203/128
f 623/265/180 229/266/181 221/259/172 622/258/171
f 628/267/182 233/260/174 222/257/170 627/256/169
f 80/268/183 230/269/184 75/270/185
f 230/269/186 131/271/187 75/270/188
f 309/272/189 79/273/190 231/119/57 282/124/61
f 273/274/191 131/271/187 234/262/176 247/275/192
f 624/107/45 235/106/44 229/266/181 623/265/180
f 629/205/132 130/204/131 233/260/174 628/267/182
f 230/269/184 80/268/183 232/261/175 236/263/178
f 131/271/187 230/269/186 236/263/177 234/262/176
f 80/268/183 272/276/193 238/277/194 232/261/175
f 226/200/126 271/278/195 247/275/192 234/262/176
f 220/116/54 270/279/196 239/280/197 85/117/55
f 188/245/158 263/281/163 260/282/164 184/246/159
f 111/235/151 249/283/198 243/284/199 146/161/94
f 131/271/187 273/274/191 237/285/200 75/270/188
f 126/193/120 246/286/201 271/278/195 226/200/126
f 121/187/114 245/287/202 246/286/201 126/193/120
f 116/186/103 244/288/203 245/287/202 121/187/114
f 146/161/94 243/284/199 244/289/203 116/168/103
f 95/141/76 241/290/204 242/227/143 140/147/82
f 90/127/64 240/291/205 241/290/204 95/141/76
f 85/117/55 239/280/197 240/291/205 90/127/64
f 232/261/175 238/277/194 270/279/196 220/116/54
f 75/270/185 237/285/206 272/276/193 80/268/183
f 99/230/146 292/292/207 286/144/79 139/143/78
f 194/252/165 276/293/167 303/294/168 185/253/166
f 130/204/131 310/222/137 291/264/179 233/260/174
f 531/295/208 309/272/189 282/124/61 504/296/209
f 502/297/210 280/197/123 291/264/179 513/298/211
f 530/299/212 308/125/62 283/134/70 505/300/213
f 526/301/163 304/250/163 302/251/164 524/302/164
f 515/303/214 293/233/149 287/174/108 509/304/215
f 532/305/216 310/222/137 281/113/138 503/306/217
f 512/307/218 290/190/117 280/197/123 502/297/210
f 511/308/219 289/182/112 290/190/117 512/307/218
f 510/309/220 288/179/109 289/182/112 511/308/219
f 509/304/215 287/174/108 288/175/109 510/310/220
f 507/311/221 285/140/75 286/144/79 508/312/222
f 506/313/223 284/135/71 285/140/75 507/311/221
f 505/300/213 283/134/70 284/135/71 506/313/223
f 504/296/209 282/124/61 308/125/62 530/299/212
f 503/306/224 281/113/51 309/272/189 531/295/208
f 292/292/207 514/314/225 508/312/222 286/144/79
f 276/293/167 498/315/167 525/316/168 303/294/168
f 310/222/137 532/305/216 513/298/211 291/264/179
f 86/210/136 81/209/136 534/104/42 533/118/56
f 91/211/136 86/210/136 533/118/56 535/128/65
f 96/212/136 91/211/136 535/128/65 536/142/77
f 101/213/136 96/212/136 536/142/77 537/148/83
f 104/214/136 101/213/136 537/148/83 538/153/87
f 107/215/136 104/214/136 538/153/87 539/159/92
f 112/216/136 107/215/136 539/159/92 540/162/95
f 117/217/136 112/216/136 540/162/95 541/185/104
f 122/218/136 117/217/136 541/185/104 542/188/115
f 127/219/136 122/218/136 542/188/115 543/194/121
f 132/220/136 127/219/136 543/194/121 544/201/127
f 134/221/136 132/220/136 544/201/127 545/101/130
f 81/209/136 134/221/136 545/101/39 534/104/42
f 79/273/190 624/107/45 623/265/180 231/119/57
f 231/119/57 623/265/180 622/258/171 223/120/58
f 223/120/58 622/258/171 620/114/52 78/115/53
f 73/224/173 133/109/47 621/112/50 620/114/52
f 235/106/226 629/205/132 628/267/182 229/266/227
f 229/266/227 628/267/182 627/256/169 221/259/228
f 221/259/228 627/256/169 626/223/139 73/224/140
f 129/199/125 128/198/124 625/208/135 626/223/139
f 281/113/138 630/206/133 74/105/229
f 631/108/46 624/107/45 79/273/190
f 630/206/133 629/205/132 235/106/226 74/105/229
f 631/108/46 79/273/190 309/272/189 281/113/51
usemtl DarkPorple
f 255/317/163 165/318/161 178/319/230 251/320/231
f 168/321/155 164/322/158 177/323/232 149/324/233
f 297/325/167 163/326/154 171/327/234 294/328/235
f 169/329/136 166/330/136 148/331/236 150/332/237
f 166/330/136 167/333/165 172/334/238 148/331/236
f 165/318/161 169/329/136 150/332/237 178/319/230
f 170/335/155 168/321/155 149/324/233 147/336/239
f 163/326/154 170/335/155 147/336/239 171/327/234
f 99/230/146 135/229/145 162/337/155 156/338/154
f 135/229/145 137/232/148 158/339/155 162/337/155
f 111/235/151 143/231/147 161/340/136 159/341/161
f 141/228/144 100/226/142 155/342/165 160/343/136
f 143/231/147 141/228/144 160/343/136 161/340/136
f 292/292/207 99/230/146 156/338/154 296/344/167
f 137/232/148 110/234/150 157/345/158 158/339/155
f 249/283/198 111/235/151 159/341/161 253/346/163
f 660/347/154 687/348/155 170/335/155 163/326/154
f 687/348/155 685/349/155 168/321/155 170/335/155
f 662/350/161 686/351/136 169/329/136 165/318/161
f 663/352/136 684/353/165 167/333/165 166/330/136
f 686/351/136 663/352/136 166/330/136 169/329/136
f 667/354/167 660/347/154 163/326/154 297/325/167
f 685/349/155 661/355/158 164/322/158 168/321/155
f 664/356/163 662/350/161 165/318/161 255/317/163
f 269/357/240 211/358/240 172/334/238 250/359/235
f 211/358/240 212/360/241 148/331/236 172/334/238
f 212/360/241 213/361/242 150/332/237 148/331/236
f 217/362/242 216/363/241 147/336/239 149/324/233
f 307/364/243 214/365/243 177/323/232 295/366/231
f 213/361/242 218/367/243 178/319/230 150/332/237
f 214/365/243 217/362/242 149/324/233 177/323/232
f 200/368/155 195/369/155 187/244/155 189/241/155
f 265/370/167 196/371/154 190/240/154 262/254/167
f 201/372/136 202/373/165 194/252/165 191/237/136
f 305/374/163 198/375/161 193/248/161 304/250/163
f 198/375/161 197/376/136 192/236/136 193/248/161
f 195/369/155 199/377/158 188/245/158 187/244/155
f 196/371/154 200/368/155 189/241/155 190/240/154
f 197/376/136 201/372/136 191/237/136 192/236/136
f 174/378/236 176/379/237 201/372/136 197/376/136
f 154/380/244 175/381/233 200/368/155 196/371/154
f 173/382/239 152/383/245 199/377/158 195/369/155
f 151/384/246 174/378/236 197/376/136 198/375/161
f 298/385/164 151/384/246 198/375/161 305/374/163
f 176/379/237 153/386/247 202/373/165 201/372/136
f 257/387/168 154/380/244 196/371/154 265/370/167
f 175/381/233 173/382/239 195/369/155 200/368/155
f 153/386/247 176/379/237 208/388/242 210/389/243
f 175/381/233 154/380/244 209/390/243 207/391/242
f 299/392/168 153/386/247 210/389/243 306/393/243
f 176/379/237 174/378/236 206/394/241 208/388/242
f 173/382/239 175/381/233 207/391/242 205/395/241
f 174/378/236 151/384/246 203/396/240 206/394/241
f 152/383/245 173/382/239 205/395/241 204/397/240
f 256/398/164 152/383/245 204/397/240 267/399/240
f 210/389/243 208/388/242 217/362/242 214/365/243
f 207/391/242 209/390/243 218/367/243 213/361/242
f 306/393/243 210/389/243 214/365/243 307/364/243
f 208/388/242 206/394/241 216/363/241 217/362/242
f 205/395/241 207/391/242 213/361/242 212/360/241
f 206/394/241 203/396/240 215/400/240 216/363/241
f 204/397/240 205/395/241 212/360/241 211/358/240
f 267/399/240 204/397/240 211/358/240 269/357/240
f 612/401/248 273/274/191 247/275/192 593/402/249
f 617/403/240 267/399/240 269/357/240 618/404/240
f 209/390/243 266/405/243 268/406/243 218/367/243
f 600/407/164 256/398/164 267/399/240 617/403/240
f 154/380/244 257/387/168 266/405/243 209/390/243
f 601/408/168 257/387/168 265/370/167 616/409/167
f 152/383/245 256/398/164 264/410/163 199/377/158
f 199/377/158 264/410/163 263/281/163 188/245/158
f 616/409/167 265/370/167 262/254/167 615/411/167
f 615/411/167 262/254/167 261/255/168 605/412/168
f 218/367/243 268/406/243 251/320/231 178/319/230
f 618/404/240 269/357/240 250/359/235 596/413/235
f 683/414/163 664/356/163 255/317/163 614/415/163
f 684/353/165 665/416/167 254/417/167 167/333/165
f 595/418/250 249/283/198 253/346/163 613/419/163
f 100/226/142 248/225/141 252/420/167 155/342/165
f 594/421/251 248/225/141 242/227/143 588/422/252
f 167/333/165 254/417/167 250/359/235 172/334/238
f 614/415/163 255/317/163 251/320/231 597/423/231
f 164/322/158 275/424/163 295/366/231 177/323/232
f 110/234/150 293/233/149 274/425/163 157/345/158
f 661/355/158 666/426/163 275/424/163 164/322/158
f 202/373/165 277/427/167 276/293/167 194/252/165
f 153/386/247 299/392/168 277/427/167 202/373/165
f 151/384/246 298/385/164 278/428/240 203/396/240
f 203/396/240 278/428/240 279/429/240 215/400/240
f 528/430/243 306/393/243 307/364/243 529/431/243
f 521/432/168 299/392/168 306/393/243 528/430/243
f 520/433/164 298/385/164 305/374/163 527/434/163
f 527/434/163 305/374/163 304/250/163 526/301/163
f 529/431/243 307/364/243 295/366/231 517/435/231
f 679/436/167 667/354/167 297/325/167 519/437/167
f 514/314/225 292/292/207 296/344/167 518/438/167
f 519/437/167 297/325/167 294/328/235 516/439/235
f 392/440/253 311/441/254 339/442/255 420/443/256
f 393/444/257 312/445/258 338/446/259 419/447/260
f 394/448/261 313/449/262 314/450/263 395/451/264
f 395/451/264 314/450/263 315/452/265 396/453/266
f 396/453/266 315/452/265 316/454/267 397/455/268
f 398/456/269 317/457/270 318/458/271 399/459/272
f 399/460/272 318/461/271 319/462/273 400/463/274
f 400/463/274 319/462/273 320/464/275 401/465/276
f 401/465/276 320/464/275 347/466/277 391/467/278
f 421/468/279 340/469/280 311/441/281 392/440/282
f 408/470/167 327/471/167 324/472/235 405/473/235
f 404/474/283 323/475/284 317/457/270 398/456/269
f 403/476/285 322/477/286 326/478/167 407/479/167
f 673/480/167 668/481/167 327/471/167 408/470/167
f 418/482/243 337/483/243 325/484/231 406/485/231
f 415/486/163 334/487/163 332/488/164 413/489/164
f 416/490/163 335/491/163 334/487/163 415/486/163
f 409/492/164 328/493/164 335/491/163 416/490/163
f 410/494/168 329/495/168 336/496/243 417/497/243
f 417/497/243 336/496/243 337/483/243 418/482/243
f 419/447/260 338/446/259 313/449/262 394/448/261
f 391/467/278 347/466/277 321/498/287 402/499/288
f 420/443/256 339/442/255 312/445/258 393/444/257
f 460/500/163 342/501/163 325/484/231 480/502/231
f 477/503/289 322/477/286 316/454/267 471/504/290
f 478/505/291 323/475/284 341/506/163 459/507/163
f 676/508/163 669/509/163 342/501/163 460/500/163
f 464/510/240 346/511/240 324/472/235 479/512/235
f 461/513/167 343/514/167 333/515/168 488/516/168
f 462/517/167 344/518/167 343/514/167 461/513/167
f 484/519/168 329/495/168 344/518/167 462/517/167
f 483/520/164 328/493/164 345/521/240 463/522/240
f 463/522/240 345/521/240 346/511/240 464/510/240
f 495/523/292 340/469/280 321/498/287 476/524/293
f 574/525/294 376/526/295 349/527/296 547/528/297
f 582/529/298 384/530/299 358/531/300 556/532/301
f 573/533/302 375/534/303 350/535/304 548/536/305
f 571/537/243 373/538/243 374/539/243 572/540/243
f 564/541/168 366/542/168 373/538/243 571/537/243
f 563/543/164 365/544/164 372/545/163 570/546/163
f 570/546/163 372/545/163 371/547/163 569/548/163
f 569/548/163 371/547/163 369/549/164 567/550/164
f 572/540/243 374/539/243 362/551/231 560/552/231
f 680/553/167 670/554/167 364/555/167 562/556/167
f 557/557/306 359/558/307 363/559/167 561/560/167
f 558/561/308 360/562/309 354/563/310 552/564/311
f 562/556/167 364/555/167 361/565/235 559/566/235
f 575/567/312 377/568/313 348/569/314 546/570/315
f 555/571/316 357/572/317 384/530/299 582/529/298
f 554/573/318 356/574/319 357/572/317 555/571/316
f 553/575/320 355/576/321 356/574/319 554/573/318
f 552/564/311 354/563/310 355/577/321 553/578/320
f 550/579/322 352/580/323 353/581/324 551/582/325
f 549/583/326 351/584/327 352/580/323 550/579/322
f 548/536/305 350/535/304 351/584/327 549/583/326
f 547/528/297 349/527/296 375/534/303 573/533/302
f 546/570/328 348/569/329 376/526/295 574/525/294
f 453/585/163 379/586/163 362/551/231 436/587/231
f 433/588/285 359/558/307 353/581/324 427/589/268
f 434/590/283 360/562/309 378/591/163 452/592/163
f 675/593/163 671/594/163 379/586/163 453/585/163
f 457/595/240 383/596/240 361/565/235 435/597/235
f 454/598/167 380/599/167 370/600/168 444/601/168
f 455/602/167 381/603/167 380/599/167 454/598/167
f 440/604/168 366/542/168 381/603/167 455/602/167
f 439/605/164 365/544/164 382/606/240 456/607/240
f 456/607/240 382/606/240 383/596/240 457/595/240
f 451/608/330 377/568/313 358/531/300 432/609/331
f 340/469/280 421/468/279 402/499/288 321/498/287
f 345/521/240 389/610/240 390/611/240 346/511/240
f 328/493/164 409/492/164 389/610/240 345/521/240
f 329/495/168 410/494/168 388/612/167 344/518/167
f 344/518/167 388/612/167 387/613/167 343/514/167
f 343/514/167 387/613/167 414/614/168 333/515/168
f 346/511/240 390/611/240 405/473/235 324/472/235
f 669/509/163 672/615/163 386/616/163 342/501/163
f 323/475/284 404/474/283 385/617/163 341/506/163
f 322/477/286 403/476/285 397/455/268 316/454/267
f 342/501/163 386/616/163 406/485/231 325/484/231
f 450/618/332 420/443/256 393/444/257 423/619/333
f 458/620/278 391/467/278 402/499/288 432/609/331
f 449/621/260 419/447/260 394/448/261 424/622/261
f 447/623/243 417/497/243 418/482/243 448/624/243
f 440/604/168 410/494/168 417/497/243 447/623/243
f 439/605/164 409/492/164 416/490/163 446/625/163
f 446/625/163 416/490/163 415/486/163 445/626/163
f 445/626/163 415/486/163 413/489/164 443/627/164
f 448/624/243 418/482/243 406/485/231 436/587/231
f 674/628/167 673/480/167 408/470/167 438/629/167
f 433/588/285 403/476/285 407/479/167 437/630/167
f 434/590/283 404/474/283 398/456/269 428/631/269
f 438/629/167 408/470/167 405/473/235 435/597/235
f 451/608/330 421/468/279 392/440/282 422/632/334
f 431/633/276 401/465/276 391/467/278 458/620/278
f 430/634/274 400/463/274 401/465/276 431/633/276
f 429/635/272 399/460/272 400/463/274 430/634/274
f 428/631/269 398/456/269 399/459/272 429/636/272
f 426/637/266 396/453/266 397/455/268 427/589/268
f 425/638/264 395/451/264 396/453/266 426/637/266
f 424/622/261 394/448/261 395/451/264 425/638/264
f 423/619/333 393/444/257 419/447/260 449/621/260
f 422/632/335 392/440/253 420/443/256 450/618/332
f 348/569/329 422/632/335 450/618/332 376/526/295
f 349/527/296 423/619/333 449/621/260 375/534/303
f 350/535/304 424/622/261 425/638/264 351/584/327
f 351/584/327 425/638/264 426/637/266 352/580/323
f 352/580/323 426/637/266 427/589/268 353/581/324
f 354/563/310 428/631/269 429/636/272 355/577/321
f 355/576/321 429/635/272 430/634/274 356/574/319
f 356/574/319 430/634/274 431/633/276 357/572/317
f 357/572/317 431/633/276 458/620/278 384/530/299
f 377/568/313 451/608/330 422/632/334 348/569/314
f 364/555/167 438/629/167 435/597/235 361/565/235
f 360/562/309 434/590/283 428/631/269 354/563/310
f 359/558/307 433/588/285 437/630/167 363/559/167
f 670/554/167 674/628/167 438/629/167 364/555/167
f 374/539/243 448/624/243 436/587/231 362/551/231
f 371/547/163 445/626/163 443/627/164 369/549/164
f 372/545/163 446/625/163 445/626/163 371/547/163
f 365/544/164 439/605/164 446/625/163 372/545/163
f 366/542/168 440/604/168 447/623/243 373/538/243
f 373/538/243 447/623/243 448/624/243 374/539/243
f 375/534/303 449/621/260 424/622/261 350/535/304
f 384/530/299 458/620/278 432/609/331 358/531/300
f 376/526/295 450/618/332 423/619/333 349/527/296
f 421/468/279 451/608/330 432/609/331 402/499/288
f 389/610/240 456/607/240 457/595/240 390/611/240
f 409/492/164 439/605/164 456/607/240 389/610/240
f 410/494/168 440/604/168 455/602/167 388/612/167
f 388/612/167 455/602/167 454/598/167 387/613/167
f 387/613/167 454/598/167 444/601/168 414/614/168
f 390/611/240 457/595/240 435/597/235 405/473/235
f 672/615/163 675/593/163 453/585/163 386/616/163
f 404/474/283 434/590/283 452/592/163 385/617/163
f 403/476/285 433/588/285 427/589/268 397/455/268
f 386/616/163 453/585/163 436/587/231 406/485/231
f 532/305/216 495/523/292 476/524/293 513/298/211
f 500/639/240 463/522/240 464/510/240 501/640/240
f 520/433/164 483/520/164 463/522/240 500/639/240
f 521/432/168 484/519/168 462/517/167 499/641/167
f 499/641/167 462/517/167 461/513/167 498/315/167
f 498/315/167 461/513/167 488/516/168 525/316/168
f 501/640/240 464/510/240 479/512/235 516/439/235
f 678/642/163 676/508/163 460/500/163 497/643/163
f 515/303/214 478/505/291 459/507/163 496/644/163
f 514/314/225 477/503/289 471/504/290 508/312/222
f 497/643/163 460/500/163 480/502/231 517/435/231
f 311/441/254 466/645/336 494/646/337 339/442/255
f 312/445/258 467/647/338 493/648/339 338/446/259
f 313/449/262 468/649/340 469/650/341 314/450/263
f 314/450/263 469/650/341 470/651/342 315/452/265
f 315/452/265 470/651/342 471/504/290 316/454/267
f 317/457/270 472/652/343 473/653/344 318/458/271
f 318/461/271 473/654/344 474/655/345 319/462/273
f 319/462/273 474/655/345 475/656/346 320/464/275
f 320/464/275 475/656/346 465/657/347 347/466/277
f 340/469/280 495/523/292 466/645/348 311/441/281
f 327/471/167 482/658/167 479/512/235 324/472/235
f 323/475/284 478/505/291 472/652/343 317/457/270
f 322/477/286 477/503/289 481/659/167 326/478/167
f 668/481/167 677/660/167 482/658/167 327/471/167
f 337/483/243 492/661/243 480/502/231 325/484/231
f 334/487/163 489/662/163 487/663/164 332/488/164
f 335/491/163 490/664/163 489/662/163 334/487/163
f 328/493/164 483/520/164 490/664/163 335/491/163
f 329/495/168 484/519/168 491/665/243 336/496/243
f 336/496/243 491/665/243 492/661/243 337/483/243
f 338/446/259 493/648/339 468/649/340 313/449/262
f 347/466/277 465/657/347 476/524/293 321/498/287
f 339/442/255 494/646/337 467/647/338 312/445/258
f 275/424/163 497/643/163 517/435/231 295/366/231
f 293/233/149 515/303/214 496/644/163 274/425/163
f 666/426/163 678/642/163 497/643/163 275/424/163
f 279/429/240 501/640/240 516/439/235 294/328/235
f 277/427/167 499/641/167 498/315/167 276/293/167
f 299/392/168 521/432/168 499/641/167 277/427/167
f 298/385/164 520/433/164 500/639/240 278/428/240
f 278/428/240 500/639/240 501/640/240 279/429/240
f 466/645/336 503/306/224 531/295/208 494/646/337
f 467/647/338 504/296/209 530/299/212 493/648/339
f 468/649/340 505/300/213 506/313/223 469/650/341
f 469/650/341 506/313/223 507/311/221 470/651/342
f 470/651/342 507/311/221 508/312/222 471/504/290
f 472/652/343 509/304/215 510/310/220 473/653/344
f 473/654/344 510/309/220 511/308/219 474/655/345
f 474/655/345 511/308/219 512/307/218 475/656/346
f 475/656/346 512/307/218 502/297/210 465/657/347
f 495/523/292 532/305/216 503/306/217 466/645/348
f 482/658/167 519/437/167 516/439/235 479/512/235
f 478/505/291 515/303/214 509/304/215 472/652/343
f 477/503/289 514/314/225 518/438/167 481/659/167
f 677/660/167 679/436/167 519/437/167 482/658/167
f 492/661/243 529/431/243 517/435/231 480/502/231
f 489/662/163 526/301/163 524/302/164 487/663/164
f 490/664/163 527/434/163 526/301/163 489/662/163
f 483/520/164 520/433/164 527/434/163 490/664/163
f 484/519/168 521/432/168 528/430/243 491/665/243
f 491/665/243 528/430/243 529/431/243 492/661/243
f 493/648/339 530/299/212 505/300/213 468/649/340
f 465/657/347 502/297/210 513/298/211 476/524/293
f 494/646/337 531/295/208 504/296/209 467/647/338
f 583/666/349 546/570/328 574/525/294 611/667/350
f 584/668/351 547/528/297 573/533/302 610/669/352
f 585/670/353 548/536/305 549/583/326 586/671/354
f 586/671/354 549/583/326 550/579/322 587/672/355
f 587/672/355 550/579/322 551/582/325 588/422/252
f 589/673/356 552/564/311 553/578/320 590/674/357
f 590/675/357 553/575/320 554/573/318 591/676/358
f 591/676/358 554/573/318 555/571/316 592/677/359
f 592/677/359 555/571/316 582/529/298 619/678/360
f 612/401/248 575/567/312 546/570/315 583/666/361
f 599/679/167 562/556/167 559/566/235 596/413/235
f 595/418/250 558/561/308 552/564/311 589/673/356
f 594/421/251 557/557/306 561/560/167 598/680/167
f 682/681/167 680/553/167 562/556/167 599/679/167
f 609/682/243 572/540/243 560/552/231 597/423/231
f 606/683/163 569/548/163 567/550/164 604/684/164
f 607/685/163 570/546/163 569/548/163 606/683/163
f 600/407/164 563/543/164 570/546/163 607/685/163
f 601/408/168 564/541/168 571/537/243 608/686/243
f 608/686/243 571/537/243 572/540/243 609/682/243
f 610/669/352 573/533/302 548/536/305 585/670/353
f 619/678/360 582/529/298 556/532/301 593/402/249
f 611/667/350 574/525/294 547/528/297 584/668/351
f 379/586/163 577/687/163 560/552/231 362/551/231
f 359/558/307 557/557/306 551/582/325 353/581/324
f 360/562/309 558/561/308 576/688/163 378/591/163
f 671/594/163 681/689/163 577/687/163 379/586/163
f 383/596/240 581/690/240 559/566/235 361/565/235
f 380/599/167 578/691/167 568/692/168 370/600/168
f 381/603/167 579/693/167 578/691/167 380/599/167
f 366/542/168 564/541/168 579/693/167 381/603/167
f 365/544/164 563/543/164 580/694/240 382/606/240
f 382/606/240 580/694/240 581/690/240 383/596/240
f 377/568/313 575/567/312 556/532/301 358/531/300
f 272/276/193 611/667/350 584/668/351 238/277/194
f 271/278/195 619/678/360 593/402/249 247/275/192
f 270/279/196 610/669/352 585/670/353 239/280/197
f 266/405/243 608/686/243 609/682/243 268/406/243
f 257/387/168 601/408/168 608/686/243 266/405/243
f 256/398/164 600/407/164 607/685/163 264/410/163
f 264/410/163 607/685/163 606/683/163 263/281/163
f 263/281/163 606/683/163 604/684/164 260/282/164
f 268/406/243 609/682/243 597/423/231 251/320/231
f 665/416/167 682/681/167 599/679/167 254/417/167
f 248/225/141 594/421/251 598/680/167 252/420/167
f 249/283/198 595/418/250 589/673/356 243/284/199
f 254/417/167 599/679/167 596/413/235 250/359/235
f 273/274/191 612/401/248 583/666/361 237/285/200
f 246/286/201 592/677/359 619/678/360 271/278/195
f 245/287/202 591/676/358 592/677/359 246/286/201
f 244/288/203 590/675/357 591/676/358 245/287/202
f 243/284/199 589/673/356 590/674/357 244/289/203
f 241/290/204 587/672/355 588/422/252 242/227/143
f 240/291/205 586/671/354 587/672/355 241/290/204
f 239/280/197 585/670/353 586/671/354 240/291/205
f 238/277/194 584/668/351 610/669/352 270/279/196
f 237/285/206 583/666/349 611/667/350 272/276/193
f 577/687/163 614/415/163 597/423/231 560/552/231
f 557/557/306 594/421/251 588/422/252 551/582/325
f 558/561/308 595/418/250 613/419/163 576/688/163
f 681/689/163 683/414/163 614/415/163 577/687/163
f 581/690/240 618/404/240 596/413/235 559/566/235
f 578/691/167 615/411/167 605/412/168 568/692/168
f 579/693/167 616/409/167 615/411/167 578/691/167
f 564/541/168 601/408/168 616/409/167 579/693/167
f 563/543/164 600/407/164 617/403/240 580/694/240
f 580/694/240 617/403/240 618/404/240 581/690/240
f 575/567/312 612/401/248 593/402/249 556/532/301
f 215/400/240 279/429/240 294/328/235 171/327/234 147/336/239 216/363/241
f 576/688/163 613/419/163 659/695/163 657/696/163
f 252/420/167 598/680/167 658/697/167 641/698/167
f 378/591/163 576/688/163 657/696/163 647/699/163
f 598/680/167 561/560/167 656/700/167 658/697/167
f 481/659/167 518/438/167 655/701/167 653/702/167
f 274/425/163 496/644/163 654/703/163 642/704/163
f 326/478/167 481/659/167 653/702/167 644/705/167
f 496/644/163 459/507/163 652/706/163 654/703/163
f 385/617/163 452/592/163 651/707/163 648/708/163
f 363/559/167 437/630/167 650/709/167 646/710/167
f 437/630/167 407/479/167 649/711/167 650/709/167
f 341/506/163 385/617/163 648/708/163 645/712/163
f 452/592/163 378/591/163 647/699/163 651/707/163
f 561/560/167 363/559/167 646/710/167 656/700/167
f 459/507/163 341/506/163 645/712/163 652/706/163
f 407/479/167 326/478/167 644/705/167 649/711/167
f 518/438/167 296/344/167 643/713/167 655/701/167
f 157/345/158 274/425/163 642/704/163 637/714/158
f 155/342/165 252/420/167 641/698/167 632/715/165
f 613/419/163 253/346/163 640/716/163 659/695/163
f 253/346/163 159/341/161 638/717/161 640/716/163
f 158/339/155 157/345/158 637/714/158 633/718/155
f 296/344/167 156/338/154 636/719/154 643/713/167
f 161/340/136 160/343/136 639/720/136 634/721/136
f 160/343/136 155/342/165 632/715/165 639/720/136
f 159/341/161 161/340/136 634/721/136 638/717/161
f 162/337/155 158/339/155 633/718/155 635/722/155
f 156/338/154 162/337/155 635/722/155 636/719/154
usemtl Gold
f 657/696/163 659/695/163 683/414/163 681/689/163
f 641/698/167 658/697/167 682/681/167 665/416/167
f 647/699/163 657/696/163 681/689/163 671/594/163
f 658/697/167 656/700/167 680/553/167 682/681/167
f 653/702/167 655/701/167 679/436/167 677/660/167
f 642/704/163 654/703/163 678/642/163 666/426/163
f 644/705/167 653/702/167 677/660/167 668/481/167
f 654/703/163 652/706/163 676/508/163 678/642/163
f 648/708/163 651/707/163 675/593/163 672/615/163
f 646/710/167 650/709/167 674/628/167 670/554/167
f 650/709/167 649/711/167 673/480/167 674/628/167
f 645/712/163 648/708/163 672/615/163 669/509/163
f 651/707/163 647/699/163 671/594/163 675/593/163
f 656/700/167 646/710/167 670/554/167 680/553/167
f 652/706/163 645/712/163 669/509/163 676/508/163
f 649/711/167 644/705/167 668/481/167 673/480/167
f 655/701/167 643/713/167 667/354/167 679/436/167
f 637/714/158 642/704/163 666/426/163 661/355/158
f 632/715/165 641/698/167 665/416/167 684/353/165
f 659/695/163 640/716/163 664/356/163 683/414/163
f 640/716/163 638/717/161 662/350/161 664/356/163
f 633/718/155 637/714/158 661/355/158 685/349/155
f 643/713/167 636/719/154 660/347/154 667/354/167
f 634/721/136 639/720/136 663/352/136 686/351/136
f 639/720/136 632/715/165 684/353/165 663/352/136
f 638/717/161 634/721/136 686/351/136 662/350/161
f 635/722/155 633/718/155 685/349/155 687/348/155
f 636/719/154 635/722/155 687/348/155 660/347/154
usemtl BlackVoid
f 302/251/164 183/249/162 179/239/153 300/723/241
f 301/724/242 181/238/152 185/253/166 303/294/168
f 300/723/241 179/239/153 181/238/152 301/724/242
f 180/247/160 258/725/241 259/726/242 182/242/156
f 182/242/156 259/726/242 261/255/168 186/243/157
f 184/246/159 260/282/164 258/725/241 180/247/160
f 522/727/241 300/723/241 301/724/242 523/728/242
f 523/728/242 301/724/242 303/294/168 525/316/168
f 524/302/164 302/251/164 300/723/241 522/727/241
f 413/489/164 332/488/164 330/729/241 411/730/241
f 412/731/242 331/732/242 333/515/168 414/614/168
f 411/730/241 330/729/241 331/732/242 412/731/242
f 565/733/241 367/734/241 368/735/242 566/736/242
f 566/736/242 368/735/242 370/600/168 568/692/168
f 567/550/164 369/549/164 367/734/241 565/733/241
f 441/737/241 411/730/241 412/731/242 442/738/242
f 442/738/242 412/731/242 414/614/168 444/601/168
f 443/627/164 413/489/164 411/730/241 441/737/241
f 369/549/164 443/627/164 441/737/241 367/734/241
f 368/735/242 442/738/242 444/601/168 370/600/168
f 367/734/241 441/737/241 442/738/242 368/735/242
f 332/488/164 487/663/164 485/739/241 330/729/241
f 331/732/242 486/740/242 488/516/168 333/515/168
f 330/729/241 485/739/241 486/740/242 331/732/242
f 487/663/164 524/302/164 522/727/241 485/739/241
f 486/740/242 523/728/242 525/316/168 488/516/168
f 485/739/241 522/727/241 523/728/242 486/740/242
f 604/684/164 567/550/164 565/733/241 602/741/241
f 603/742/242 566/736/242 568/692/168 605/412/168
f 602/741/241 565/733/241 566/736/242 603/742/242
f 258/725/241 602/741/241 603/742/242 259/726/242
f 259/726/242 603/742/242 605/412/168 261/255/168
f 260/282/164 604/684/164 602/741/241 258/725/241
o Cylinder.003_Cylinder.005
v -1.479440 -0.377701 -3.979029
v -1.479440 -0.000174 -1.208871
v -1.479440 -0.654197 -2.907191
v -1.479440 -0.755402 -1.443032
v -1.479440 -0.654197 0.021127
v -1.479440 -0.378705 1.089074
v -1.479440 0.000135 1.364784
v -1.479440 0.226766 1.206892
v -1.479440 0.654982 0.009777
v -1.479440 0.755402 -1.443030
v -1.479440 0.654197 -2.907189
v -1.479440 0.377701 -3.979028
v -1.720741 -0.000207 -1.183566
v -1.720741 -0.374334 -3.956425
v -1.720741 -0.648366 -2.894140
v -1.720741 -0.748669 -1.443032
v -1.720741 -0.648366 0.008077
v -1.720741 -0.375528 1.065734
v -1.720741 0.000161 1.339151
v -1.720741 0.224160 1.183091
v -1.720741 0.649299 -0.005420
v -1.720741 0.748669 -1.443030
v -1.720741 0.648366 -2.894139
v -1.720741 0.374335 -3.956424
v -1.720741 0.239431 -4.096550
v -1.479440 0.232802 -4.129537
v -1.720741 -0.239101 -4.096892
v -1.479440 -0.232524 -4.129825
v -1.720741 0.250171 -1.262291
v -1.479440 0.243579 -1.285513
v -1.479440 -0.238814 -1.293297
v -1.720741 -0.245369 -1.270299
v -1.577741 -0.410274 -4.197733
v -1.577741 -0.710615 -3.033459
v -1.577741 -0.820548 -1.443032
v -1.577741 -0.710615 0.147396
v -1.577741 -0.409288 1.313780
v -1.577741 -0.000115 1.614849
v -1.577741 0.252082 1.438166
v -1.577741 0.709347 0.155169
v -1.577741 0.820548 -1.443030
v -1.577741 0.710615 -3.033458
v -1.577741 0.410274 -4.197732
v -1.577741 0.000149 -1.457198
v -1.577741 0.179592 -4.394300
v -1.577741 -0.179663 -4.394514
v -1.577741 0.186856 -1.485317
v -1.577741 -0.182250 -1.491746
v -1.631820 -0.410274 -4.197733
v -1.631820 -0.710615 -3.033459
v -1.631820 -0.820548 -1.443032
v -1.631820 -0.710615 0.147396
v -1.631820 -0.409288 1.313780
v -1.631820 -0.000115 1.614849
v -1.631820 0.252082 1.438166
v -1.631820 0.709347 0.155169
v -1.631820 0.820548 -1.443030
v -1.631820 0.710615 -3.033458
v -1.631820 0.410274 -4.197732
v -1.631820 0.179592 -4.394300
v -1.631820 -0.179663 -4.394514
v -1.631820 0.186856 -1.485317
v -1.631820 -0.182250 -1.491746
v -1.631820 0.000149 -1.457198
v -1.720741 -0.197750 -4.303946
v -1.720741 -0.395501 -4.098542
v -1.720741 -0.685027 -2.976191
v -1.720741 -0.791001 -1.443032
v -1.720741 -0.685027 0.090128
v -1.720741 -0.395501 1.212478
v -1.720741 -0.000000 1.500314
v -1.720741 0.240540 1.332730
v -1.720741 0.685027 0.090129
v -1.720741 0.791001 -1.443030
v -1.720741 0.685027 -2.976190
v -1.720741 0.395501 -4.098541
v -1.720741 0.208723 -1.408291
v -1.720741 -0.000000 -1.342663
v -1.720741 0.197751 -4.303946
v -1.720741 -0.204156 -1.414889
v -1.479440 -0.204156 -1.414889
v -1.479440 0.000000 -1.342663
v -1.479440 -0.685027 -2.976191
v -1.479440 -0.395501 -4.098542
v -1.479440 -0.791001 -1.443032
v -1.479440 -0.685027 0.090128
v -1.479440 -0.395501 1.212478
v -1.479440 -0.000000 1.500314
v -1.479440 0.240540 1.332730
v -1.479440 0.685027 0.090129
v -1.479440 0.791001 -1.443030
v -1.479440 0.685027 -2.976190
v -1.479440 0.395501 -4.098541
v -1.479440 0.197751 -4.303946
v -1.479440 0.208723 -1.408291
v -1.479440 -0.197750 -4.303946
v -1.528590 0.000000 -1.342663
v -1.528590 -0.395501 -4.098542
v -1.528590 -0.685027 -2.976191
v -1.528590 -0.791001 -1.443032
v -1.528590 -0.685027 0.090128
v -1.528590 -0.395501 1.212478
v -1.528590 -0.000000 1.500314
v -1.528590 0.240540 1.332730
v -1.528590 0.685027 0.090129
v -1.528590 0.791001 -1.443030
v -1.528590 0.685027 -2.976190
v -1.528590 0.395501 -4.098541
v -1.528590 0.197751 -4.303946
v -1.528590 -0.197750 -4.303946
v -1.528590 0.208723 -1.408291
v -1.528590 -0.204156 -1.414889
v -1.676280 -0.395501 -4.098542
v -1.676280 -0.685027 -2.976191
v -1.676280 -0.791001 -1.443032
v -1.676280 -0.685027 0.090128
v -1.676280 -0.395501 1.212478
v -1.676280 -0.000000 1.500314
v -1.676280 0.240540 1.332730
v -1.676280 0.685027 0.090129
v -1.676280 0.791001 -1.443030
v -1.676280 0.685027 -2.976190
v -1.676280 0.395501 -4.098541
v -1.676280 0.197751 -4.303946
v -1.676280 -0.197750 -4.303946
v -1.676280 0.208723 -1.408291
v -1.676280 -0.204156 -1.414889
v -1.676280 -0.000000 -1.342663
v -1.479440 0.208741 -4.292530
v -1.720741 0.208741 -4.292530
v -1.577741 0.216388 -4.403163
v -1.631820 0.216388 -4.403163
v -1.720741 0.246929 -4.088761
v -1.479440 0.240855 -4.121171
v -1.528590 0.208741 -4.292530
v -1.676280 0.208741 -4.292530
v -1.720741 -0.212097 -4.289045
v -1.479440 -0.212097 -4.289045
v -1.577741 -0.219744 -4.399678
v -1.631820 -0.219744 -4.399678
v -1.720741 -0.248912 -4.086702
v -1.479440 -0.243057 -4.118885
v -1.528590 -0.212097 -4.289045
v -1.676280 -0.212097 -4.289045
v -1.707280 -0.395501 -4.098542
v -1.707280 -0.685027 -2.976191
v -1.707280 -0.791001 -1.443032
v -1.707280 -0.685027 0.090128
v -1.707280 -0.395501 1.212478
v -1.707280 -0.000000 1.500314
v -1.707280 0.240540 1.332730
v -1.707280 0.685027 0.090129
v -1.707280 0.791001 -1.443030
v -1.707280 0.685027 -2.976190
v -1.707280 0.395501 -4.098541
v -1.707280 0.197751 -4.303946
v -1.707280 -0.197750 -4.303946
v -1.707280 0.208723 -1.408291
v -1.707280 -0.204156 -1.414889
v -1.707280 0.208741 -4.292530
v -1.707280 -0.212097 -4.289045
v -1.707280 -0.000000 -1.342663
v -1.488376 0.000000 -1.342663
v -1.488376 -0.395501 -4.098542
v -1.488376 -0.685027 -2.976191
v -1.488376 -0.791001 -1.443032
v -1.488376 -0.685027 0.090128
v -1.488376 -0.395501 1.212478
v -1.488376 -0.000000 1.500314
v -1.488376 0.240540 1.332730
v -1.488376 0.685027 0.090129
v -1.488376 0.791001 -1.443030
v -1.488376 0.685027 -2.976190
v -1.488376 0.395501 -4.098541
v -1.488376 0.197751 -4.303946
v -1.488376 -0.197750 -4.303946
v -1.488376 0.208723 -1.408291
v -1.488376 -0.204156 -1.414889
v -1.488376 0.208741 -4.292530
v -1.488376 -0.212097 -4.289045
v -1.533428 -0.396955 -4.108305
v -1.533428 -0.687546 -2.981828
v -1.533428 -0.793910 -1.443032
v -1.533428 -0.687546 0.095765
v -1.533428 -0.396858 1.222450
v -1.533428 -0.000011 1.511588
v -1.533428 0.241676 1.343108
v -1.533428 0.687421 0.096531
v -1.533428 0.793910 -1.443030
v -1.533428 0.687546 -2.981827
v -1.533428 0.396955 -4.108305
v -1.533428 0.195963 -4.312840
v -1.533428 -0.195970 -4.312861
v -1.533428 0.206571 -1.415872
v -1.533428 -0.202000 -1.422454
v -1.533428 0.000015 -1.353937
v -1.533428 0.209494 -4.303420
v -1.533428 -0.212850 -4.299934
v -1.671671 0.000015 -1.354537
v -1.671671 -0.397032 -4.108825
v -1.671671 -0.687680 -2.982128
v -1.671671 -0.794064 -1.443032
v -1.671671 -0.687680 0.096065
v -1.671671 -0.396930 1.222980
v -1.671671 -0.000012 1.512188
v -1.671671 0.241737 1.343661
v -1.671671 0.687548 0.096872
v -1.671671 0.794064 -1.443030
v -1.671671 0.687680 -2.982127
v -1.671671 0.397033 -4.108824
v -1.671671 0.195868 -4.313313
v -1.671671 -0.195875 -4.313335
v -1.671671 0.206456 -1.416276
v -1.671671 -0.201885 -1.422857
v -1.671671 0.209534 -4.303999
v -1.671671 -0.212890 -4.300514
v 1.479440 -0.377701 -3.979030
v 1.479440 -0.000174 -1.208871
v 1.479440 -0.654197 -2.907191
v 1.479440 -0.755402 -1.443032
v 1.479440 -0.654197 0.021127
v 1.479440 -0.378705 1.089074
v 1.479440 0.000135 1.364784
v 1.479440 0.226766 1.206892
v 1.479440 0.654982 0.009777
v 1.479440 0.755402 -1.443031
v 1.479440 0.654197 -2.907189
v 1.479440 0.377701 -3.979029
v 1.720741 -0.000207 -1.183567
v 1.720741 -0.374334 -3.956425
v 1.720741 -0.648366 -2.894140
v 1.720741 -0.748669 -1.443032
v 1.720741 -0.648366 0.008077
v 1.720741 -0.375528 1.065734
v 1.720741 0.000161 1.339151
v 1.720741 0.224160 1.183091
v 1.720741 0.649299 -0.005420
v 1.720741 0.748669 -1.443031
v 1.720741 0.648366 -2.894139
v 1.720741 0.374335 -3.956425
v 1.720741 0.239431 -4.096550
v 1.479440 0.232802 -4.129537
v 1.720741 -0.239101 -4.096893
v 1.479440 -0.232524 -4.129826
v 1.720741 0.250171 -1.262291
v 1.479440 0.243579 -1.285513
v 1.479440 -0.238814 -1.293297
v 1.720741 -0.245369 -1.270299
v 1.577741 -0.410274 -4.197734
v 1.577741 -0.710615 -3.033460
v 1.577741 -0.820548 -1.443032
v 1.577741 -0.710615 0.147396
v 1.577741 -0.409288 1.313780
v 1.577741 -0.000115 1.614849
v 1.577741 0.252082 1.438167
v 1.577741 0.709347 0.155169
v 1.577741 0.820547 -1.443030
v 1.577741 0.710615 -3.033458
v 1.577741 0.410274 -4.197733
v 1.577741 0.000149 -1.457198
v 1.577741 0.179592 -4.394300
v 1.577741 -0.179663 -4.394514
v 1.577741 0.186856 -1.485317
v 1.577741 -0.182250 -1.491746
v 1.631820 -0.410274 -4.197734
v 1.631820 -0.710615 -3.033460
v 1.631820 -0.820548 -1.443032
v 1.631820 -0.710615 0.147396
v 1.631820 -0.409288 1.313780
v 1.631820 -0.000115 1.614849
v 1.631820 0.252082 1.438167
v 1.631820 0.709347 0.155169
v 1.631820 0.820547 -1.443030
v 1.631820 0.710615 -3.033458
v 1.631820 0.410274 -4.197733
v 1.631820 0.179592 -4.394300
v 1.631820 -0.179663 -4.394514
v 1.631820 0.186856 -1.485317
v 1.631820 -0.182250 -1.491746
v 1.631820 0.000149 -1.457198
v 1.720741 -0.197750 -4.303947
v 1.720741 -0.395501 -4.098543
v 1.720741 -0.685027 -2.976192
v 1.720741 -0.791001 -1.443032
v 1.720741 -0.685027 0.090128
v 1.720741 -0.395501 1.212479
v 1.720741 -0.000000 1.500314
v 1.720741 0.240540 1.332730
v 1.720741 0.685027 0.090129
v 1.720741 0.791001 -1.443031
v 1.720741 0.685027 -2.976190
v 1.720741 0.395501 -4.098542
v 1.720741 0.208723 -1.408291
v 1.720741 -0.000000 -1.342663
v 1.720741 0.197751 -4.303946
v 1.720741 -0.204156 -1.414889
v 1.479440 -0.204156 -1.414889
v 1.479440 0.000000 -1.342663
v 1.479440 -0.685027 -2.976192
v 1.479440 -0.395501 -4.098543
v 1.479440 -0.791001 -1.443032
v 1.479440 -0.685027 0.090128
v 1.479440 -0.395501 1.212479
v 1.479440 -0.000000 1.500314
v 1.479440 0.240540 1.332730
v 1.479440 0.685027 0.090129
v 1.479440 0.791001 -1.443031
v 1.479440 0.685027 -2.976190
v 1.479440 0.395501 -4.098542
v 1.479440 0.197751 -4.303946
v 1.479440 0.208723 -1.408291
v 1.479440 -0.197750 -4.303947
v 1.528591 0.000000 -1.342663
v 1.528591 -0.395501 -4.098543
v 1.528590 -0.685027 -2.976192
v 1.528590 -0.791001 -1.443032
v 1.528590 -0.685027 0.090128
v 1.528591 -0.395501 1.212479
v 1.528591 -0.000000 1.500314
v 1.528591 0.240540 1.332730
v 1.528591 0.685027 0.090129
v 1.528591 0.791001 -1.443031
v 1.528591 0.685027 -2.976190
v 1.528591 0.395501 -4.098542
v 1.528591 0.197751 -4.303946
v 1.528591 -0.197750 -4.303947
v 1.528591 0.208723 -1.408291
v 1.528591 -0.204156 -1.414889
v 1.676280 -0.395501 -4.098543
v 1.676280 -0.685027 -2.976192
v 1.676280 -0.791001 -1.443032
v 1.676280 -0.685027 0.090128
v 1.676280 -0.395501 1.212479
v 1.676280 -0.000000 1.500314
v 1.676280 0.240540 1.332730
v 1.676281 0.685027 0.090129
v 1.676281 0.791001 -1.443031
v 1.676281 0.685027 -2.976190
v 1.676280 0.395501 -4.098542
v 1.676280 0.197751 -4.303946
v 1.676280 -0.197750 -4.303947
v 1.676280 0.208723 -1.408291
v 1.676280 -0.204156 -1.414889
v 1.676280 -0.000000 -1.342663
v 1.479440 0.208741 -4.292531
v 1.720741 0.208741 -4.292531
v 1.577741 0.216388 -4.403164
v 1.631820 0.216388 -4.403164
v 1.720741 0.246929 -4.088762
v 1.479440 0.240855 -4.121172
v 1.528591 0.208741 -4.292531
v 1.676280 0.208741 -4.292531
v 1.720741 -0.212097 -4.289045
v 1.479440 -0.212097 -4.289045
v 1.577741 -0.219744 -4.399679
v 1.631820 -0.219744 -4.399679
v 1.720741 -0.248912 -4.086702
v 1.479440 -0.243057 -4.118886
v 1.528591 -0.212097 -4.289045
v 1.676280 -0.212097 -4.289045
v 1.707281 -0.395501 -4.098543
v 1.707281 -0.685027 -2.976192
v 1.707281 -0.791001 -1.443032
v 1.707281 -0.685027 0.090128
v 1.707281 -0.395501 1.212479
v 1.707281 -0.000000 1.500314
v 1.707281 0.240540 1.332730
v 1.707281 0.685027 0.090129
v 1.707281 0.791001 -1.443031
v 1.707281 0.685027 -2.976190
v 1.707281 0.395501 -4.098542
v 1.707281 0.197751 -4.303946
v 1.707281 -0.197750 -4.303947
v 1.707281 0.208723 -1.408291
v 1.707281 -0.204156 -1.414889
v 1.707281 0.208741 -4.292531
v 1.707281 -0.212097 -4.289045
v 1.707281 -0.000000 -1.342663
v 1.488376 0.000000 -1.342663
v 1.488376 -0.395501 -4.098543
v 1.488376 -0.685027 -2.976192
v 1.488376 -0.791001 -1.443032
v 1.488376 -0.685027 0.090128
v 1.488376 -0.395501 1.212479
v 1.488376 -0.000000 1.500314
v 1.488376 0.240540 1.332730
v 1.488376 0.685027 0.090129
v 1.488376 0.791001 -1.443031
v 1.488376 0.685027 -2.976190
v 1.488376 0.395501 -4.098542
v 1.488376 0.197751 -4.303946
v 1.488376 -0.197750 -4.303947
v 1.488376 0.208723 -1.408291
v 1.488376 -0.204156 -1.414889
v 1.488376 0.208741 -4.292531
v 1.488376 -0.212097 -4.289045
v 1.533429 -0.396955 -4.108306
v 1.533429 -0.687546 -2.981829
v 1.533429 -0.793910 -1.443032
v 1.533429 -0.687546 0.095765
v 1.533429 -0.396858 1.222450
v 1.533429 -0.000011 1.511588
v 1.533429 0.241676 1.343108
v 1.533429 0.687421 0.096531
v 1.533429 0.793909 -1.443031
v 1.533429 0.687546 -2.981827
v 1.533429 0.396955 -4.108305
v 1.533429 0.195963 -4.312840
v 1.533429 -0.195970 -4.312862
v 1.533429 0.206571 -1.415873
v 1.533429 -0.202000 -1.422454
v 1.533429 0.000015 -1.353937
v 1.533429 0.209494 -4.303420
v 1.533429 -0.212850 -4.299935
v 1.671671 0.000015 -1.354537
v 1.671671 -0.397032 -4.108826
v 1.671671 -0.687680 -2.982129
v 1.671671 -0.794064 -1.443032
v 1.671671 -0.687680 0.096065
v 1.671671 -0.396930 1.222981
v 1.671671 -0.000012 1.512188
v 1.671671 0.241737 1.343661
v 1.671671 0.687548 0.096872
v 1.671671 0.794064 -1.443031
v 1.671671 0.687680 -2.982127
v 1.671671 0.397033 -4.108825
v 1.671671 0.195868 -4.313313
v 1.671671 -0.195875 -4.313336
v 1.671671 0.206456 -1.416276
v 1.671671 -0.201885 -1.422857
v 1.671671 0.209534 -4.304000
v 1.671671 -0.212890 -4.300515
vt 0.041667 0.601677
vt 0.041667 0.684253
vt 0.039431 0.684253
vt 0.039431 0.601677
vt 0.916667 0.981483
vt 0.916667 1.000000
vt 0.833333 1.000000
vt 0.833333 0.981483
vt 0.750000 1.000000
vt 0.750000 0.981483
vt 0.666667 1.000000
vt 0.666667 0.981483
vt 0.583333 1.000000
vt 0.583333 0.981483
vt 0.500000 1.000000
vt 0.500000 0.981483
vt 0.416667 1.000000
vt 0.416667 0.981483
vt 0.333333 1.000000
vt 0.333333 0.981483
vt 0.250000 1.000000
vt 0.250000 0.981483
vt 0.166667 1.000000
vt 0.166667 0.981483
vt 0.083333 1.000000
vt 0.083333 0.981483
vt 0.364299 0.449914
vt 0.323366 0.464412
vt 0.320164 0.465546
vt 0.316430 0.391779
vt 0.249302 0.449847
vt 0.178907 0.389781
vt 0.179568 0.465520
vt 0.177118 0.464652
vt 0.135476 0.449913
vt 0.051517 0.366156
vt 0.020703 0.251694
vt 0.049813 0.138207
vt 0.140776 0.051947
vt 0.246583 0.024725
vt 0.364620 0.053128
vt 0.448249 0.137109
vt 0.478949 0.251666
vt 0.448217 0.366145
vt 0.749159 0.441964
vt 0.818591 0.379568
vt 0.822088 0.463860
vt 0.825072 0.462751
vt 0.863218 0.448578
vt 0.946394 0.365465
vt 0.976857 0.252012
vt 0.946432 0.138476
vt 0.863596 0.055233
vt 0.746031 0.027483
vt 0.642714 0.053858
vt 0.551288 0.139779
vt 0.522725 0.252046
vt 0.553289 0.365480
vt 0.636518 0.448579
vt 0.675310 0.462981
vt 0.677593 0.463828
vt 0.676352 0.377462
vt 0.039431 0.981483
vt 0.039431 1.000000
vt 0.000000 1.000000
vt 0.000000 0.981483
vt 0.955311 0.527891
vt 0.916667 0.527891
vt 0.916667 0.500000
vt 0.955311 0.500000
vt 0.043983 0.981483
vt 0.043983 1.000000
vt 0.041667 1.000000
vt 0.041667 0.981483
vt 0.961908 0.527891
vt 0.958333 0.527891
vt 0.958333 0.500000
vt 0.961908 0.500000
vt 1.000000 0.888130
vt 0.961908 0.888130
vt 0.961908 0.796310
vt 1.000000 0.796310
vt 0.958333 0.888130
vt 0.958333 0.796309
vt 1.000000 0.527891
vt 1.000000 0.500000
vt 0.916667 0.601677
vt 0.916667 0.684253
vt 0.833333 0.684253
vt 0.833333 0.601677
vt 0.750000 0.684253
vt 0.750000 0.601677
vt 0.666667 0.684253
vt 0.666667 0.601677
vt 0.583333 0.684253
vt 0.583333 0.601677
vt 0.500000 0.684253
vt 0.500000 0.601677
vt 0.416667 0.684253
vt 0.416667 0.601677
vt 0.333333 0.684253
vt 0.333333 0.601677
vt 0.250000 0.684253
vt 0.250000 0.601677
vt 0.166667 0.684253
vt 0.166667 0.601677
vt 0.083333 0.684253
vt 0.083333 0.601677
vt 0.000000 0.684253
vt 0.000000 0.601677
vt 0.043983 0.601677
vt 0.043983 0.684253
vt 0.810000 0.473923
vt 0.814353 0.472757
vt 0.870000 0.457846
vt 0.957846 0.370000
vt 0.990000 0.250000
vt 0.957846 0.130000
vt 0.870000 0.042154
vt 0.750000 0.010000
vt 0.630000 0.042154
vt 0.542154 0.130000
vt 0.510000 0.250000
vt 0.542154 0.370000
vt 0.630000 0.457846
vt 0.693220 0.474786
vt 0.750000 0.490000
vt 0.686665 0.473029
vt 0.804853 0.475302
vt 0.690000 0.473923
vt 0.304853 0.475302
vt 0.250000 0.490000
vt 0.457846 0.370000
vt 0.370000 0.457846
vt 0.490000 0.250000
vt 0.457846 0.130000
vt 0.370000 0.042154
vt 0.250000 0.010000
vt 0.130000 0.042154
vt 0.042154 0.130000
vt 0.010000 0.250000
vt 0.042154 0.370000
vt 0.130000 0.457846
vt 0.190000 0.473923
vt 0.186665 0.473029
vt 0.193220 0.474786
vt 0.314353 0.472757
vt 0.310000 0.473923
vt 0.955311 0.888130
vt 0.916667 0.888130
vt 0.916667 0.796310
vt 0.955310 0.796309
vt 0.041667 0.898155
vt 0.039431 0.898155
vt 0.955311 0.981483
vt 0.916667 0.898155
vt 0.955311 0.898155
vt 0.961908 0.981483
vt 0.958333 0.981483
vt 0.958333 0.898155
vt 0.961908 0.898155
vt 0.041667 0.888130
vt 0.039431 0.888130
vt 0.043983 0.888130
vt 0.043983 0.898155
vt 0.000000 0.898155
vt 0.000000 0.888130
vt 0.166667 0.888130
vt 0.166667 0.898155
vt 0.083333 0.898155
vt 0.083333 0.888130
vt 0.250000 0.888130
vt 0.250000 0.898155
vt 0.333333 0.888130
vt 0.333333 0.898155
vt 0.416667 0.888130
vt 0.416667 0.898155
vt 0.500000 0.888130
vt 0.500000 0.898155
vt 0.583333 0.888130
vt 0.583333 0.898155
vt 0.666667 0.888130
vt 0.666667 0.898155
vt 0.750000 0.888130
vt 0.750000 0.898155
vt 0.833333 0.888130
vt 0.833333 0.898155
vt 0.961908 0.592126
vt 1.000000 0.592126
vt 0.043983 0.527891
vt 0.043983 0.592126
vt 0.041667 0.592126
vt 0.041667 0.527891
vt 0.039431 0.527891
vt 0.039431 0.592126
vt 0.000000 0.592126
vt 0.000000 0.527891
vt 0.166667 0.527891
vt 0.166667 0.592126
vt 0.083333 0.592126
vt 0.083333 0.527891
vt 0.250000 0.527891
vt 0.250000 0.592126
vt 0.333333 0.527891
vt 0.333333 0.592126
vt 0.416667 0.527891
vt 0.416667 0.592126
vt 0.500000 0.527891
vt 0.500000 0.592126
vt 0.583333 0.527891
vt 0.583333 0.592126
vt 0.666667 0.527891
vt 0.666667 0.592126
vt 0.750000 0.527891
vt 0.750000 0.592126
vt 0.833333 0.527891
vt 0.833333 0.592126
vt 1.000000 0.601677
vt 0.961908 0.601677
vt 0.958333 0.601677
vt 0.958333 0.592126
vt 0.955311 0.601677
vt 0.916667 0.592126
vt 0.955311 0.592126
vt 1.000000 0.981483
vt 1.000000 0.898155
vt 0.043983 0.500000
vt 0.041667 0.500000
vt 0.039431 0.500000
vt 0.000000 0.500000
vt 0.166667 0.500000
vt 0.083333 0.500000
vt 0.250000 0.500000
vt 0.333333 0.500000
vt 0.416667 0.500000
vt 0.500000 0.500000
vt 0.583333 0.500000
vt 0.666667 0.500000
vt 0.750000 0.500000
vt 0.833333 0.500000
vt 0.955311 1.000000
vt 0.961908 1.000000
vt 0.958333 1.000000
vt 1.000000 1.000000
vt 0.083333 0.796309
vt 0.043983 0.796309
vt 0.833333 0.796310
vt 0.750000 0.796309
vt 0.666667 0.796310
vt 0.583333 0.796310
vt 0.500000 0.796310
vt 0.416667 0.796309
vt 0.333333 0.796310
vt 0.250000 0.796309
vt 0.166667 0.796309
vt 0.039431 0.796309
vt 0.000000 0.796310
vt 0.041667 0.796310
vt 0.958333 0.684253
vt 0.955310 0.684253
vt 0.961908 0.684253
vt 1.000000 0.684253
vt 0.041667 0.601677
vt 0.039431 0.601677
vt 0.039431 0.684253
vt 0.041667 0.684253
vt 0.916667 0.981483
vt 0.833333 0.981483
vt 0.833333 1.000000
vt 0.916667 1.000000
vt 0.750000 0.981483
vt 0.750000 1.000000
vt 0.666667 0.981483
vt 0.666667 1.000000
vt 0.583333 0.981483
vt 0.583333 1.000000
vt 0.500000 0.981483
vt 0.500000 1.000000
vt 0.416667 0.981483
vt 0.416667 1.000000
vt 0.333333 0.981483
vt 0.333333 1.000000
vt 0.250000 0.981483
vt 0.250000 1.000000
vt 0.166667 0.981483
vt 0.166667 1.000000
vt 0.083333 0.981483
vt 0.083333 1.000000
vt 0.364299 0.449914
vt 0.448217 0.366145
vt 0.478949 0.251666
vt 0.448249 0.137109
vt 0.364620 0.053128
vt 0.246583 0.024725
vt 0.140776 0.051947
vt 0.049813 0.138207
vt 0.020703 0.251694
vt 0.051517 0.366156
vt 0.135476 0.449913
vt 0.177118 0.464652
vt 0.179568 0.465520
vt 0.178907 0.389781
vt 0.249302 0.449847
vt 0.316430 0.391779
vt 0.320164 0.465546
vt 0.323366 0.464412
vt 0.749159 0.441964
vt 0.676352 0.377462
vt 0.677593 0.463828
vt 0.675310 0.462981
vt 0.636518 0.448579
vt 0.553289 0.365480
vt 0.522725 0.252046
vt 0.551288 0.139779
vt 0.642714 0.053858
vt 0.746031 0.027483
vt 0.863596 0.055233
vt 0.946432 0.138476
vt 0.976857 0.252012
vt 0.946394 0.365465
vt 0.863218 0.448578
vt 0.825072 0.462751
vt 0.822088 0.463860
vt 0.818591 0.379568
vt 0.039431 0.981483
vt 0.000000 0.981483
vt 0.000000 1.000000
vt 0.039431 1.000000
vt 0.955311 0.527891
vt 0.955311 0.500000
vt 0.916667 0.500000
vt 0.916667 0.527891
vt 0.043983 0.981483
vt 0.041667 0.981483
vt 0.041667 1.000000
vt 0.043983 1.000000
vt 0.961908 0.527891
vt 0.961908 0.500000
vt 0.958333 0.500000
vt 0.958333 0.527891
vt 1.000000 0.888130
vt 1.000000 0.796310
vt 0.961908 0.796310
vt 0.961908 0.888130
vt 0.958333 0.796309
vt 0.958333 0.888130
vt 1.000000 0.527891
vt 1.000000 0.500000
vt 0.916667 0.601677
vt 0.833333 0.601677
vt 0.833333 0.684253
vt 0.916667 0.684253
vt 0.750000 0.601677
vt 0.750000 0.684253
vt 0.666667 0.601677
vt 0.666667 0.684253
vt 0.583333 0.601677
vt 0.583333 0.684253
vt 0.500000 0.601677
vt 0.500000 0.684253
vt 0.416667 0.601677
vt 0.416667 0.684253
vt 0.333333 0.601677
vt 0.333333 0.684253
vt 0.250000 0.601677
vt 0.250000 0.684253
vt 0.166667 0.601677
vt 0.166667 0.684253
vt 0.083333 0.601677
vt 0.083333 0.684253
vt 0.000000 0.601677
vt 0.000000 0.684253
vt 0.043983 0.601677
vt 0.043983 0.684253
vt 0.814353 0.472757
vt 0.810000 0.473923
vt 0.957846 0.370000
vt 0.870000 0.457846
vt 0.990000 0.250000
vt 0.957846 0.130000
vt 0.870000 0.042154
vt 0.750000 0.010000
vt 0.630000 0.042154
vt 0.542154 0.130000
vt 0.510000 0.250000
vt 0.542154 0.370000
vt 0.630000 0.457846
vt 0.750000 0.490000
vt 0.693220 0.474786
vt 0.686665 0.473029
vt 0.804853 0.475302
vt 0.690000 0.473923
vt 0.250000 0.490000
vt 0.304853 0.475302
vt 0.370000 0.457846
vt 0.457846 0.370000
vt 0.490000 0.250000
vt 0.457846 0.130000
vt 0.370000 0.042154
vt 0.250000 0.010000
vt 0.130000 0.042154
vt 0.042154 0.130000
vt 0.010000 0.250000
vt 0.042154 0.370000
vt 0.130000 0.457846
vt 0.186665 0.473029
vt 0.190000 0.473923
vt 0.193220 0.474786
vt 0.314353 0.472757
vt 0.310000 0.473923
vt 0.955311 0.888130
vt 0.955310 0.796309
vt 0.916667 0.796310
vt 0.916667 0.888130
vt 0.041667 0.898155
vt 0.039431 0.898155
vt 0.955311 0.981483
vt 0.955311 0.898155
vt 0.916667 0.898155
vt 0.961908 0.981483
vt 0.961908 0.898155
vt 0.958333 0.898155
vt 0.958333 0.981483
vt 0.041667 0.888130
vt 0.039431 0.888130
vt 0.043983 0.888130
vt 0.043983 0.898155
vt 0.000000 0.888130
vt 0.000000 0.898155
vt 0.166667 0.888130
vt 0.083333 0.888130
vt 0.083333 0.898155
vt 0.166667 0.898155
vt 0.250000 0.888130
vt 0.250000 0.898155
vt 0.333333 0.888130
vt 0.333333 0.898155
vt 0.416667 0.888130
vt 0.416667 0.898155
vt 0.500000 0.888130
vt 0.500000 0.898155
vt 0.583333 0.888130
vt 0.583333 0.898155
vt 0.666667 0.888130
vt 0.666667 0.898155
vt 0.750000 0.888130
vt 0.750000 0.898155
vt 0.833333 0.888130
vt 0.833333 0.898155
vt 0.961908 0.592126
vt 1.000000 0.592126
vt 0.043983 0.527891
vt 0.041667 0.527891
vt 0.041667 0.592126
vt 0.043983 0.592126
vt 0.039431 0.527891
vt 0.000000 0.527891
vt 0.000000 0.592126
vt 0.039431 0.592126
vt 0.166667 0.527891
vt 0.083333 0.527891
vt 0.083333 0.592126
vt 0.166667 0.592126
vt 0.250000 0.527891
vt 0.250000 0.592126
vt 0.333333 0.527891
vt 0.333333 0.592126
vt 0.416667 0.527891
vt 0.416667 0.592126
vt 0.500000 0.527891
vt 0.500000 0.592126
vt 0.583333 0.527891
vt 0.583333 0.592126
vt 0.666667 0.527891
vt 0.666667 0.592126
vt 0.750000 0.527891
vt 0.750000 0.592126
vt 0.833333 0.527891
vt 0.833333 0.592126
vt 1.000000 0.601677
vt 0.961908 0.601677
vt 0.958333 0.592126
vt 0.958333 0.601677
vt 0.955311 0.601677
vt 0.955311 0.592126
vt 0.916667 0.592126
vt 1.000000 0.981483
vt 1.000000 0.898155
vt 0.043983 0.500000
vt 0.041667 0.500000
vt 0.039431 0.500000
vt 0.000000 0.500000
vt 0.166667 0.500000
vt 0.083333 0.500000
vt 0.250000 0.500000
vt 0.333333 0.500000
vt 0.416667 0.500000
vt 0.500000 0.500000
vt 0.583333 0.500000
vt 0.666667 0.500000
vt 0.750000 0.500000
vt 0.833333 0.500000
vt 0.955311 1.000000
vt 0.961908 1.000000
vt 0.958333 1.000000
vt 1.000000 1.000000
vt 0.083333 0.796309
vt 0.043983 0.796309
vt 0.833333 0.796310
vt 0.750000 0.796309
vt 0.666667 0.796310
vt 0.583333 0.796310
vt 0.500000 0.796310
vt 0.416667 0.796309
vt 0.333333 0.796310
vt 0.250000 0.796309
vt 0.166667 0.796309
vt 0.039431 0.796309
vt 0.000000 0.796310
vt 0.041667 0.796310
vt 0.958333 0.684253
vt 0.955310 0.684253
vt 0.961908 0.684253
vt 1.000000 0.684253
vn -0.8197 -0.5148 -0.2511
vn -0.4594 -0.6560 -0.5989
vn -0.4677 -0.7849 -0.4064
vn -0.7660 -0.5977 -0.2365
vn 0.0000 -0.8730 -0.4877
vn 0.6541 -0.6603 -0.3689
vn 0.6870 -0.7172 -0.1163
vn 0.0000 -0.9871 -0.1600
vn 0.6919 -0.7220 0.0000
vn 0.0000 -1.0000 0.0000
vn 0.6870 -0.7172 0.1163
vn 0.0000 -0.9871 0.1600
vn 0.6384 -0.6365 0.4327
vn 0.0000 -0.8270 0.5622
vn 0.5969 -0.0082 0.8022
vn 0.0000 -0.0103 0.9999
vn 0.6446 0.6073 0.4645
vn 0.0000 0.7943 0.6075
vn 0.6775 0.7198 0.1506
vn 0.0000 0.9788 0.2048
vn 0.6919 0.7220 0.0000
vn 0.0000 1.0000 0.0000
vn 0.6870 0.7172 -0.1163
vn 0.0000 0.9871 -0.1600
vn 0.6541 0.6603 -0.3689
vn 0.0000 0.8730 -0.4877
vn 1.0000 0.0000 0.0000
vn -1.0000 0.0000 0.0000
vn 0.0000 -0.8073 -0.5901
vn 0.8675 -0.4015 -0.2935
vn 0.7858 0.0109 -0.6183
vn 0.0000 0.0177 -0.9998
vn 0.0000 -0.7204 -0.6935
vn -0.6541 -0.6603 -0.3689
vn -0.7071 -0.5094 -0.4904
vn 0.0000 0.7204 -0.6935
vn 0.7071 0.5094 -0.4904
vn 0.5463 -0.3146 -0.7762
vn 0.0000 -0.3757 -0.9268
vn 0.0000 0.8172 -0.5763
vn 0.0000 0.3749 -0.9270
vn -0.5464 0.3140 -0.7764
vn -0.8628 0.4131 -0.2914
vn 0.8956 0.0085 -0.4448
vn 0.7393 0.6224 -0.2569
vn 0.4378 0.7993 -0.4115
vn 0.5525 0.0164 -0.8333
vn 0.8135 0.5084 -0.2824
vn 0.4466 0.6247 -0.6405
vn -0.7858 0.0109 -0.6183
vn -0.7892 -0.5526 -0.2680
vn -0.4534 -0.7644 -0.4583
vn -0.3315 -0.9285 -0.1675
vn -0.6094 -0.7832 -0.1231
vn -0.2856 -0.9583 0.0000
vn -0.5535 -0.8329 0.0000
vn -0.3306 -0.9287 0.1678
vn -0.6083 -0.7840 0.1234
vn -0.4624 -0.7151 0.5242
vn -0.8104 -0.5136 0.2820
vn -0.4828 -0.0101 0.8756
vn -0.9311 -0.0065 0.3648
vn -0.4716 0.6832 0.5575
vn -0.8324 0.4646 0.3020
vn -0.3562 0.9093 0.2148
vn -0.6391 0.7547 0.1481
vn -0.2843 0.9587 0.0002
vn -0.5511 0.8344 0.0002
vn -0.3315 0.9285 -0.1675
vn -0.6094 0.7832 -0.1231
vn -0.4534 0.7644 -0.4583
vn -0.7891 0.5526 -0.2680
vn -0.5703 0.0161 -0.8213
vn -0.9121 0.0079 -0.4098
vn -0.8837 0.2870 -0.3697
vn -0.4783 0.2666 -0.8368
vn -0.6870 -0.7172 -0.1163
vn -0.6919 -0.7220 0.0000
vn -0.6870 -0.7172 0.1163
vn -0.6384 -0.6365 0.4327
vn -0.5969 -0.0082 0.8022
vn -0.6446 0.6073 0.4645
vn -0.6775 0.7199 0.1506
vn -0.6919 0.7220 0.0000
vn -0.6870 0.7172 -0.1163
vn -0.6541 0.6603 -0.3689
vn -0.8675 -0.4015 -0.2935
vn -0.7071 0.5094 -0.4904
vn -0.5463 -0.3146 -0.7762
vn 0.8628 0.4131 -0.2914
vn 0.7071 -0.5094 -0.4904
vn 0.5464 0.3140 -0.7764
vn 0.8576 -0.3267 -0.3972
vn 0.7601 -0.5835 -0.2860
vn 0.4347 -0.7718 -0.4639
vn 0.4661 -0.3159 -0.8264
vn 0.7162 -0.4813 -0.5053
vn 0.4175 -0.7176 -0.5575
vn 0.4056 -0.8267 -0.3900
vn 0.4831 -0.6258 -0.6123
vn 0.7184 0.4749 -0.5083
vn 0.4166 0.7264 -0.5465
vn 0.8027 -0.5279 -0.2773
vn 0.7432 -0.6169 -0.2589
vn 0.8627 0.3108 -0.3990
vn 0.4845 0.6238 -0.6132
vn 0.4832 0.0148 -0.8754
vn 0.5712 0.8108 -0.1280
vn 0.2900 0.9476 -0.1339
vn 0.4056 0.8267 -0.3900
vn 0.7601 0.5835 -0.2860
vn 0.5129 0.8584 0.0002
vn 0.2691 0.9631 0.0000
vn 0.6018 0.7835 0.1549
vn 0.3011 0.9393 0.1642
vn 0.8071 0.4935 0.3241
vn 0.4574 0.7458 0.4843
vn 0.9176 -0.0070 0.3974
vn 0.6684 -0.0103 0.7437
vn 0.7837 -0.5425 0.3023
vn 0.4331 -0.7891 0.4356
vn 0.5701 -0.8115 0.1282
vn 0.2896 -0.9477 0.1339
vn 0.5152 -0.8571 0.0000
vn 0.2704 -0.9627 0.0000
vn 0.5712 -0.8108 -0.1280
vn 0.2900 -0.9476 -0.1339
vn -0.4318 0.7216 -0.5411
vn -0.4975 0.0147 -0.8673
vn -0.5040 0.6160 -0.6054
vn -0.7371 -0.4800 -0.4758
vn -0.4324 -0.7129 -0.5520
vn -0.3122 0.9407 -0.1323
vn -0.4293 0.8170 -0.3849
vn -0.2913 0.9566 0.0001
vn -0.3234 0.9323 0.1620
vn -0.4810 0.7353 0.4775
vn -0.6880 -0.0101 0.7256
vn -0.4570 -0.7790 0.4293
vn -0.3119 -0.9408 0.1324
vn -0.2926 -0.9562 0.0000
vn -0.3122 -0.9407 -0.1323
vn -0.7625 0.6027 -0.2349
vn -0.8295 0.4967 -0.2553
vn -0.7394 0.4735 -0.4786
vn -0.8792 -0.3023 -0.3683
vn -0.4293 -0.8170 -0.3849
vn -0.5027 -0.6179 -0.6045
vn 0.4347 0.7718 -0.4640
vn 0.4653 0.2702 -0.8429
vn 0.3087 -0.9361 -0.1686
vn 0.2644 -0.9644 0.0000
vn 0.3078 -0.9363 0.1688
vn 0.4455 -0.7212 0.5304
vn 0.4713 -0.0101 0.8819
vn 0.4549 0.6892 0.5639
vn 0.3334 0.9175 0.2165
vn 0.2631 0.9648 0.0002
vn 0.3087 0.9361 -0.1686
vn 0.4459 -0.7911 -0.4187
vn 0.4457 -0.6584 -0.6065
vn -0.4597 0.6229 -0.6329
vn -0.4797 -0.3118 -0.8201
vn -0.4596 0.7931 -0.3997
vn 0.8197 -0.5148 -0.2510
vn 0.7660 -0.5977 -0.2365
vn 0.4677 -0.7849 -0.4064
vn 0.4594 -0.6560 -0.5989
vn -0.6775 0.7198 0.1506
vn -0.8956 0.0085 -0.4448
vn -0.5525 0.0164 -0.8333
vn -0.4378 0.7993 -0.4115
vn -0.7393 0.6224 -0.2569
vn -0.4466 0.6247 -0.6405
vn -0.8135 0.5084 -0.2824
vn 0.7891 -0.5526 -0.2680
vn 0.6094 -0.7832 -0.1231
vn 0.3315 -0.9285 -0.1675
vn 0.4534 -0.7644 -0.4583
vn 0.5535 -0.8329 0.0000
vn 0.2856 -0.9583 0.0000
vn 0.6083 -0.7840 0.1234
vn 0.3306 -0.9287 0.1678
vn 0.8104 -0.5136 0.2820
vn 0.4624 -0.7151 0.5242
vn 0.9311 -0.0065 0.3648
vn 0.4828 -0.0101 0.8756
vn 0.8324 0.4646 0.3020
vn 0.4716 0.6832 0.5575
vn 0.6391 0.7547 0.1481
vn 0.3562 0.9093 0.2148
vn 0.5511 0.8344 0.0002
vn 0.2843 0.9587 0.0002
vn 0.6094 0.7832 -0.1231
vn 0.3315 0.9285 -0.1675
vn 0.7892 0.5526 -0.2680
vn 0.4534 0.7644 -0.4583
vn 0.9121 0.0079 -0.4098
vn 0.5703 0.0161 -0.8213
vn 0.8837 0.2870 -0.3697
vn 0.4783 0.2666 -0.8368
vn 0.5969 -0.0083 0.8022
vn -0.5463 0.3140 -0.7764
vn -0.8576 -0.3267 -0.3972
vn -0.4661 -0.3159 -0.8264
vn -0.4347 -0.7718 -0.4639
vn -0.7601 -0.5835 -0.2860
vn -0.7162 -0.4813 -0.5053
vn -0.4175 -0.7176 -0.5575
vn -0.4831 -0.6258 -0.6123
vn -0.4056 -0.8267 -0.3900
vn -0.4166 0.7264 -0.5465
vn -0.7184 0.4749 -0.5083
vn -0.8027 -0.5279 -0.2773
vn -0.7432 -0.6169 -0.2589
vn -0.8627 0.3108 -0.3990
vn -0.4845 0.6238 -0.6132
vn -0.4832 0.0148 -0.8754
vn -0.5712 0.8108 -0.1280
vn -0.7601 0.5835 -0.2860
vn -0.4056 0.8267 -0.3900
vn -0.2900 0.9476 -0.1339
vn -0.5129 0.8585 0.0002
vn -0.2691 0.9631 0.0000
vn -0.6018 0.7835 0.1549
vn -0.3011 0.9393 0.1642
vn -0.8071 0.4935 0.3241
vn -0.4574 0.7458 0.4843
vn -0.9176 -0.0070 0.3974
vn -0.6684 -0.0103 0.7437
vn -0.7837 -0.5425 0.3023
vn -0.4331 -0.7891 0.4356
vn -0.5701 -0.8115 0.1282
vn -0.2896 -0.9477 0.1339
vn -0.5152 -0.8571 0.0000
vn -0.2704 -0.9627 0.0000
vn -0.5712 -0.8108 -0.1280
vn -0.2900 -0.9476 -0.1339
vn 0.4318 0.7216 -0.5411
vn 0.4975 0.0147 -0.8673
vn 0.7371 -0.4800 -0.4757
vn 0.5040 0.6160 -0.6054
vn 0.4324 -0.7129 -0.5520
vn 0.4293 0.8170 -0.3849
vn 0.3122 0.9407 -0.1323
vn 0.2912 0.9566 0.0001
vn 0.3234 0.9323 0.1620
vn 0.4810 0.7353 0.4775
vn 0.6880 -0.0101 0.7256
vn 0.4570 -0.7790 0.4293
vn 0.3119 -0.9409 0.1324
vn 0.2926 -0.9562 0.0000
vn 0.3122 -0.9407 -0.1323
vn 0.7625 0.6027 -0.2349
vn 0.7394 0.4735 -0.4786
vn 0.8295 0.4967 -0.2553
vn 0.8792 -0.3023 -0.3683
vn 0.5026 -0.6180 -0.6045
vn 0.4293 -0.8170 -0.3850
vn -0.4347 0.7718 -0.4640
vn -0.4653 0.2702 -0.8429
vn -0.3087 -0.9361 -0.1686
vn -0.2644 -0.9644 0.0000
vn -0.3078 -0.9363 0.1688
vn -0.4455 -0.7212 0.5304
vn -0.4713 -0.0101 0.8819
vn -0.4549 0.6892 0.5639
vn -0.3334 0.9175 0.2165
vn -0.2631 0.9648 0.0002
vn -0.3087 0.9361 -0.1686
vn -0.4459 -0.7911 -0.4187
vn -0.4457 -0.6584 -0.6064
vn 0.4597 0.6229 -0.6329
vn 0.4797 -0.3118 -0.8201
vn 0.4596 0.7931 -0.3997
usemtl Porple
s 1
f 898/743/362 747/744/363 749/745/364 900/746/365
f 851/747/366 771/748/367 770/749/368 852/750/369
f 852/750/369 770/749/368 772/751/370 853/752/371
f 853/752/371 772/751/370 773/753/372 854/754/373
f 854/754/373 773/753/372 774/755/374 855/756/375
f 855/756/375 774/755/374 775/757/376 856/758/377
f 856/758/377 775/757/376 776/759/378 857/760/379
f 857/760/379 776/759/378 777/761/380 858/762/381
f 858/762/381 777/761/380 778/763/382 859/764/383
f 859/764/383 778/763/382 779/765/384 860/766/385
f 860/766/385 779/765/384 780/767/386 861/768/387
f 688/769/388 829/770/388 715/771/388 718/772/388 689/773/388 717/774/388 713/775/388 821/776/388 699/777/388 698/778/388 697/779/388 696/780/388 695/781/388 694/782/388 693/783/388 692/784/388 691/785/388 690/786/388
f 700/787/389 719/788/389 714/789/389 828/790/389 701/791/389 702/792/389 703/793/389 704/794/389 705/795/389 706/796/389 707/797/389 708/798/389 709/799/389 710/800/389 711/801/389 820/802/389 712/803/389 716/804/389
f 864/805/390 782/806/391 769/807/392 850/808/393
f 848/809/394 832/810/366 753/811/395 824/812/396
f 866/813/397 816/814/398 781/815/399 862/816/400
f 846/817/401 844/818/402 752/819/403 767/820/404
f 862/816/400 781/815/399 782/806/391 864/805/390
f 883/821/405 882/822/406 735/823/407 731/824/408
f 882/822/406 880/825/409 733/826/410 735/823/407
f 849/827/393 846/817/401 767/820/404 765/828/411
f 887/829/412 736/830/413 737/831/414 888/832/415
f 888/832/415 737/831/414 738/833/416 889/834/417
f 889/834/417 738/833/416 739/835/418 890/836/419
f 890/836/419 739/835/418 740/837/420 891/838/421
f 891/838/421 740/837/420 741/839/422 892/840/423
f 892/840/423 741/839/422 742/841/424 893/842/425
f 893/842/425 742/841/424 743/843/426 894/844/427
f 894/844/427 743/843/426 744/845/428 895/846/429
f 895/846/429 744/845/428 745/847/430 896/848/431
f 896/848/431 745/847/430 746/849/432 897/850/433
f 900/746/365 749/745/364 751/851/434 886/852/435
f 902/853/436 819/854/437 747/744/363 898/743/362
f 828/790/389 714/789/389 752/855/403 824/856/396
f 702/792/389 701/791/389 753/857/395 754/858/438
f 703/793/389 702/792/389 754/858/438 755/859/439
f 704/794/389 703/793/389 755/859/439 756/860/440
f 705/795/389 704/794/389 756/860/440 757/861/441
f 706/796/389 705/795/389 757/861/441 758/862/442
f 707/797/389 706/796/389 758/862/442 759/863/443
f 708/798/389 707/797/389 759/863/443 760/864/444
f 709/799/389 708/798/389 760/864/444 761/865/445
f 710/800/389 709/799/389 761/865/445 762/866/446
f 711/801/389 710/800/389 762/866/446 763/867/447
f 700/787/389 716/804/389 764/868/448 765/869/411
f 820/802/389 711/801/389 763/867/447 817/870/449
f 714/789/389 719/788/389 767/871/404 752/855/403
f 716/804/389 712/803/389 766/872/450 764/868/448
f 719/788/389 700/787/389 765/869/411 767/871/404
f 689/773/388 718/772/388 768/873/451 769/874/392
f 688/769/388 690/786/388 770/875/368 771/876/367
f 690/786/388 691/785/388 772/877/370 770/875/368
f 691/785/388 692/784/388 773/878/372 772/877/370
f 692/784/388 693/783/388 774/879/374 773/878/372
f 693/783/388 694/782/388 775/880/376 774/879/374
f 694/782/388 695/781/388 776/881/378 775/880/376
f 695/781/388 696/780/388 777/882/380 776/881/378
f 696/780/388 697/779/388 778/883/382 777/882/380
f 697/779/388 698/778/388 779/884/384 778/883/382
f 698/778/388 699/777/388 780/885/386 779/884/384
f 821/776/388 713/775/388 781/886/399 816/887/398
f 713/775/388 717/774/388 782/888/391 781/886/399
f 829/770/388 688/769/388 771/876/367 825/889/452
f 717/774/388 689/773/388 769/874/392 782/888/391
f 718/772/388 715/771/388 783/890/453 768/873/451
f 885/891/454 868/892/455 720/893/456 826/894/457
f 796/895/458 862/816/400 864/805/390 798/896/459
f 867/897/394 851/747/366 785/898/460 830/899/461
f 865/900/401 863/901/402 797/902/462 799/903/463
f 879/904/464 796/895/458 798/896/459 881/905/465
f 884/906/466 822/907/467 796/895/458 879/904/464
f 881/905/465 798/896/459 784/908/468 883/909/405
f 877/910/469 794/911/470 795/912/471 878/913/472
f 876/914/473 793/915/474 794/911/470 877/910/469
f 875/916/475 792/917/476 793/915/474 876/914/473
f 874/918/477 791/919/478 792/917/476 875/916/475
f 873/920/479 790/921/480 791/919/478 874/918/477
f 872/922/481 789/923/482 790/921/480 873/920/479
f 871/924/483 788/925/484 789/923/482 872/922/481
f 870/926/485 787/927/486 788/925/484 871/924/483
f 869/928/487 786/929/488 787/927/486 870/926/485
f 868/892/455 785/898/460 786/929/488 869/928/487
f 814/930/489 846/817/401 849/827/393 815/931/490
f 847/932/397 823/933/491 811/934/492 843/935/400
f 845/936/390 813/937/493 815/938/490 849/939/393
f 841/940/385 809/941/494 810/942/495 842/943/387
f 840/944/383 808/945/496 809/941/494 841/940/385
f 839/946/381 807/947/497 808/945/496 840/944/383
f 838/948/379 806/949/498 807/947/497 839/946/381
f 837/950/377 805/951/499 806/949/498 838/948/379
f 836/952/375 804/953/500 805/951/499 837/950/377
f 835/954/373 803/955/501 804/953/500 836/952/375
f 834/956/371 802/957/502 803/955/501 835/954/373
f 833/958/369 801/959/503 802/957/502 834/956/371
f 886/960/435 901/961/504 814/930/489 815/931/490
f 901/961/504 899/962/505 812/963/506 814/930/489
f 903/964/507 887/829/412 800/965/508 831/966/509
f 832/810/366 800/965/508 801/959/503 833/958/369
f 843/935/400 811/934/492 813/937/493 845/936/390
f 878/913/472 795/912/471 822/907/467 884/906/466
f 699/777/388 821/776/388 816/887/398 780/885/386
f 712/803/389 820/802/389 817/870/449 766/872/450
f 897/850/433 746/849/432 819/854/437 902/853/436
f 861/768/387 780/767/386 816/814/398 866/813/397
f 899/962/505 903/964/507 831/966/509 812/963/506
f 795/912/471 861/768/387 866/813/397 822/907/467
f 880/825/409 885/891/454 826/894/457 733/826/410
f 715/771/388 829/770/388 825/889/452 783/890/453
f 701/791/389 828/790/389 824/856/396 753/857/395
f 844/818/402 848/809/394 824/812/396 752/819/403
f 850/967/393 865/900/401 799/903/463 784/968/468
f 822/907/467 866/813/397 862/816/400 796/895/458
f 798/896/459 864/805/390 850/808/393 784/908/468
f 794/911/470 860/766/385 861/768/387 795/912/471
f 793/915/474 859/764/383 860/766/385 794/911/470
f 792/917/476 858/762/381 859/764/383 793/915/474
f 791/919/478 857/760/379 858/762/381 792/917/476
f 790/921/480 856/758/377 857/760/379 791/919/478
f 789/923/482 855/756/375 856/758/377 790/921/480
f 788/925/484 854/754/373 855/756/375 789/923/482
f 787/927/486 853/752/371 854/754/373 788/925/484
f 786/929/488 852/750/369 853/752/371 787/927/486
f 785/898/460 851/747/366 852/750/369 786/929/488
f 842/943/387 810/942/495 823/933/491 847/932/397
f 812/963/506 844/818/402 846/817/401 814/930/489
f 800/965/508 832/810/366 848/809/394 831/966/509
f 863/901/402 867/897/394 830/899/461 797/902/462
f 817/969/449 847/932/397 843/935/400 766/970/450
f 764/971/448 845/936/390 849/939/393 765/972/411
f 762/973/446 841/940/385 842/943/387 763/974/447
f 761/975/445 840/944/383 841/940/385 762/973/446
f 760/976/444 839/946/381 840/944/383 761/975/445
f 759/977/443 838/948/379 839/946/381 760/976/444
f 758/978/442 837/950/377 838/948/379 759/977/443
f 757/979/441 836/952/375 837/950/377 758/978/442
f 756/980/440 835/954/373 836/952/375 757/979/441
f 755/981/439 834/956/371 835/954/373 756/980/440
f 754/982/438 833/958/369 834/956/371 755/981/439
f 753/811/395 832/810/366 833/958/369 754/982/438
f 766/970/450 843/935/400 845/936/390 764/971/448
f 763/974/447 842/943/387 847/932/397 817/969/449
f 825/983/452 771/748/367 851/747/366 867/897/394
f 768/984/451 783/985/453 863/901/402 865/900/401
f 769/986/392 768/984/451 865/900/401 850/967/393
f 783/985/453 825/983/452 867/897/394 863/901/402
f 797/902/462 830/899/461 885/891/454 880/825/409
f 730/987/510 878/913/472 884/906/466 818/988/511
f 720/893/456 868/892/455 869/928/487 721/989/512
f 721/989/512 869/928/487 870/926/485 722/990/513
f 722/990/513 870/926/485 871/924/483 723/991/514
f 723/991/514 871/924/483 872/922/481 724/992/515
f 724/992/515 872/922/481 873/920/479 725/993/516
f 725/993/516 873/920/479 874/918/477 726/994/517
f 726/994/517 874/918/477 875/916/475 727/995/518
f 727/995/518 875/916/475 876/914/473 728/996/519
f 728/996/519 876/914/473 877/910/469 729/997/520
f 729/997/520 877/910/469 878/913/472 730/987/510
f 734/998/521 881/905/465 883/909/405 731/999/408
f 818/988/511 884/906/466 879/904/464 732/1000/522
f 732/1000/522 879/904/464 881/905/465 734/998/521
f 830/899/461 785/898/460 868/892/455 885/891/454
f 799/903/463 797/902/462 880/825/409 882/822/406
f 784/968/468 799/903/463 882/822/406 883/821/405
f 748/1001/523 827/1002/524 903/964/507 899/962/505
f 810/942/495 897/850/433 902/853/436 823/933/491
f 827/1002/524 736/830/413 887/829/412 903/964/507
f 750/1003/525 748/1001/523 899/962/505 901/961/504
f 751/1004/434 750/1003/525 901/961/504 886/960/435
f 823/933/491 902/853/436 898/743/362 811/934/492
f 813/937/493 900/746/365 886/852/435 815/938/490
f 809/941/494 896/848/431 897/850/433 810/942/495
f 808/945/496 895/846/429 896/848/431 809/941/494
f 807/947/497 894/844/427 895/846/429 808/945/496
f 806/949/498 893/842/425 894/844/427 807/947/497
f 805/951/499 892/840/423 893/842/425 806/949/498
f 804/953/500 891/838/421 892/840/423 805/951/499
f 803/955/501 890/836/419 891/838/421 804/953/500
f 802/957/502 889/834/417 890/836/419 803/955/501
f 801/959/503 888/832/415 889/834/417 802/957/502
f 800/965/508 887/829/412 888/832/415 801/959/503
f 811/934/492 898/743/362 900/746/365 813/937/493
f 831/966/509 848/809/394 844/818/402 812/963/506
f 1114/1005/526 1116/1006/527 965/1007/528 963/1008/529
f 1067/1009/366 1068/1010/369 986/1011/438 987/1012/395
f 1068/1010/369 1069/1013/371 988/1014/439 986/1011/438
f 1069/1013/371 1070/1015/373 989/1016/440 988/1014/439
f 1070/1015/373 1071/1017/375 990/1018/441 989/1016/440
f 1071/1017/375 1072/1019/377 991/1020/442 990/1018/441
f 1072/1019/377 1073/1021/379 992/1022/443 991/1020/442
f 1073/1021/379 1074/1023/381 993/1024/530 992/1022/443
f 1074/1023/381 1075/1025/383 994/1026/445 993/1024/530
f 1075/1025/383 1076/1027/385 995/1028/446 994/1026/445
f 1076/1027/385 1077/1029/387 996/1030/447 995/1028/446
f 904/1031/389 906/1032/389 907/1033/389 908/1034/389 909/1035/389 910/1036/389 911/1037/389 912/1038/389 913/1039/389 914/1040/389 915/1041/389 1037/1042/389 929/1043/389 933/1044/389 905/1045/389 934/1046/389 931/1047/389 1045/1048/389
f 916/1049/388 932/1050/388 928/1051/388 1036/1052/388 927/1053/388 926/1054/388 925/1055/388 924/1056/388 923/1057/388 922/1058/388 921/1059/388 920/1060/388 919/1061/388 918/1062/388 917/1063/388 1044/1064/388 930/1065/388 935/1066/388
f 1080/1067/390 1066/1068/393 985/1069/411 998/1070/448
f 1064/1071/394 1040/1072/452 969/1073/367 1048/1074/366
f 1082/1075/397 1078/1076/400 997/1077/450 1032/1078/449
f 1062/1079/401 983/1080/451 968/1081/453 1060/1082/402
f 1078/1076/400 1080/1067/390 998/1070/448 997/1077/450
f 1099/1083/531 947/1084/532 951/1085/533 1098/1086/534
f 1098/1086/534 951/1085/533 949/1087/535 1096/1088/536
f 1065/1089/393 981/1090/392 983/1080/451 1062/1079/401
f 1103/1091/537 1104/1092/538 953/1093/539 952/1094/540
f 1104/1092/538 1105/1095/541 954/1096/542 953/1093/539
f 1105/1095/541 1106/1097/543 955/1098/544 954/1096/542
f 1106/1097/543 1107/1099/545 956/1100/546 955/1098/544
f 1107/1099/545 1108/1101/547 957/1102/548 956/1100/546
f 1108/1101/547 1109/1103/549 958/1104/550 957/1102/548
f 1109/1103/549 1110/1105/551 959/1106/552 958/1104/550
f 1110/1105/551 1111/1107/553 960/1108/554 959/1106/552
f 1111/1107/553 1112/1109/555 961/1110/556 960/1108/554
f 1112/1109/555 1113/1111/557 962/1112/558 961/1110/556
f 1116/1006/527 1102/1113/559 967/1114/560 965/1007/528
f 1118/1115/561 1114/1005/526 963/1008/529 1035/1116/562
f 1044/1064/388 1040/1117/452 968/1118/453 930/1065/388
f 918/1062/388 970/1119/368 969/1120/367 917/1063/388
f 919/1061/388 971/1121/370 970/1119/368 918/1062/388
f 920/1060/388 972/1122/372 971/1121/370 919/1061/388
f 921/1059/388 973/1123/374 972/1122/372 920/1060/388
f 922/1058/388 974/1124/563 973/1123/374 921/1059/388
f 923/1057/388 975/1125/378 974/1124/563 922/1058/388
f 924/1056/388 976/1126/380 975/1125/378 923/1057/388
f 925/1055/388 977/1127/382 976/1126/380 924/1056/388
f 926/1054/388 978/1128/384 977/1127/382 925/1055/388
f 927/1053/388 979/1129/386 978/1128/384 926/1054/388
f 916/1049/388 981/1130/392 980/1131/391 932/1050/388
f 1036/1052/388 1033/1132/398 979/1129/386 927/1053/388
f 930/1065/388 968/1118/453 983/1133/451 935/1066/388
f 932/1050/388 980/1131/391 982/1134/399 928/1051/388
f 935/1066/388 983/1133/451 981/1130/392 916/1049/388
f 905/1045/389 985/1135/411 984/1136/404 934/1046/389
f 904/1031/389 987/1137/395 986/1138/438 906/1032/389
f 906/1032/389 986/1138/438 988/1139/439 907/1033/389
f 907/1033/389 988/1139/439 989/1140/440 908/1034/389
f 908/1034/389 989/1140/440 990/1141/441 909/1035/389
f 909/1035/389 990/1141/441 991/1142/442 910/1036/389
f 910/1036/389 991/1142/442 992/1143/443 911/1037/389
f 911/1037/389 992/1143/443 993/1144/530 912/1038/389
f 912/1038/389 993/1144/530 994/1145/445 913/1039/389
f 913/1039/389 994/1145/445 995/1146/446 914/1040/389
f 914/1040/389 995/1146/446 996/1147/447 915/1041/389
f 1037/1042/389 1032/1148/449 997/1149/450 929/1043/389
f 929/1043/389 997/1149/450 998/1150/448 933/1044/389
f 1045/1048/389 1041/1151/396 987/1137/395 904/1031/389
f 933/1044/389 998/1150/448 985/1135/411 905/1045/389
f 934/1046/389 984/1136/404 999/1152/564 931/1047/389
f 1101/1153/565 1042/1154/566 936/1155/567 1084/1156/568
f 1012/1157/569 1014/1158/570 1080/1067/390 1078/1076/400
f 1083/1159/394 1046/1160/571 1001/1161/572 1067/1009/366
f 1081/1162/401 1015/1163/573 1013/1164/574 1079/1165/402
f 1095/1166/575 1097/1167/576 1014/1158/570 1012/1157/569
f 1100/1168/577 1095/1166/575 1012/1157/569 1038/1169/578
f 1097/1167/576 1099/1170/531 1000/1171/579 1014/1158/570
f 1093/1172/580 1094/1173/581 1011/1174/582 1010/1175/583
f 1092/1176/584 1093/1172/580 1010/1175/583 1009/1177/585
f 1091/1178/586 1092/1176/584 1009/1177/585 1008/1179/587
f 1090/1180/588 1091/1178/586 1008/1179/587 1007/1181/589
f 1089/1182/590 1090/1180/588 1007/1181/589 1006/1183/591
f 1088/1184/592 1089/1182/590 1006/1183/591 1005/1185/593
f 1087/1186/594 1088/1184/592 1005/1185/593 1004/1187/595
f 1086/1188/596 1087/1186/594 1004/1187/595 1003/1189/597
f 1085/1190/598 1086/1188/596 1003/1189/597 1002/1191/599
f 1084/1156/568 1085/1190/598 1002/1191/599 1001/1161/572
f 1030/1192/600 1031/1193/601 1065/1089/393 1062/1079/401
f 1063/1194/397 1059/1195/400 1027/1196/602 1039/1197/603
f 1061/1198/390 1065/1199/393 1031/1200/601 1029/1201/604
f 1057/1202/385 1058/1203/387 1026/1204/605 1025/1205/606
f 1056/1206/383 1057/1202/385 1025/1205/606 1024/1207/607
f 1055/1208/381 1056/1206/383 1024/1207/607 1023/1209/608
f 1054/1210/379 1055/1208/381 1023/1209/608 1022/1211/609
f 1053/1212/377 1054/1210/379 1022/1211/609 1021/1213/610
f 1052/1214/375 1053/1212/377 1021/1213/610 1020/1215/611
f 1051/1216/373 1052/1214/375 1020/1215/611 1019/1217/612
f 1050/1218/371 1051/1216/373 1019/1217/612 1018/1219/613
f 1049/1220/369 1050/1218/371 1018/1219/613 1017/1221/614
f 1102/1222/559 1031/1193/601 1030/1192/600 1117/1223/615
f 1117/1223/615 1030/1192/600 1028/1224/616 1115/1225/617
f 1119/1226/618 1047/1227/619 1016/1228/620 1103/1091/537
f 1048/1074/366 1049/1220/369 1017/1221/614 1016/1228/620
f 1059/1195/400 1061/1198/390 1029/1201/604 1027/1196/602
f 1094/1173/581 1100/1168/577 1038/1169/578 1011/1174/582
f 915/1041/389 996/1147/447 1032/1148/449 1037/1042/389
f 928/1051/388 982/1134/399 1033/1132/398 1036/1052/388
f 1113/1111/557 1118/1115/561 1035/1116/562 962/1112/558
f 1077/1029/387 1082/1075/397 1032/1078/449 996/1030/447
f 1115/1225/617 1028/1224/616 1047/1227/619 1119/1226/618
f 1011/1174/582 1038/1169/578 1082/1075/397 1077/1029/387
f 1096/1088/536 949/1087/535 1042/1154/566 1101/1153/565
f 931/1047/389 999/1152/564 1041/1151/396 1045/1048/389
f 917/1063/388 969/1120/367 1040/1117/452 1044/1064/388
f 1060/1082/402 968/1081/453 1040/1072/452 1064/1071/394
f 1066/1229/393 1000/1230/579 1015/1163/573 1081/1162/401
f 1038/1169/578 1012/1157/569 1078/1076/400 1082/1075/397
f 1014/1158/570 1000/1171/579 1066/1068/393 1080/1067/390
f 1010/1175/583 1011/1174/582 1077/1029/387 1076/1027/385
f 1009/1177/585 1010/1175/583 1076/1027/385 1075/1025/383
f 1008/1179/587 1009/1177/585 1075/1025/383 1074/1023/381
f 1007/1181/589 1008/1179/587 1074/1023/381 1073/1021/379
f 1006/1183/591 1007/1181/589 1073/1021/379 1072/1019/377
f 1005/1185/593 1006/1183/591 1072/1019/377 1071/1017/375
f 1004/1187/595 1005/1185/593 1071/1017/375 1070/1015/373
f 1003/1189/597 1004/1187/595 1070/1015/373 1069/1013/371
f 1002/1191/599 1003/1189/597 1069/1013/371 1068/1010/369
f 1001/1161/572 1002/1191/599 1068/1010/369 1067/1009/366
f 1058/1203/387 1063/1194/397 1039/1197/603 1026/1204/605
f 1028/1224/616 1030/1192/600 1062/1079/401 1060/1082/402
f 1016/1228/620 1047/1227/619 1064/1071/394 1048/1074/366
f 1079/1165/402 1013/1164/574 1046/1160/571 1083/1159/394
f 1033/1231/398 982/1232/399 1059/1195/400 1063/1194/397
f 980/1233/391 981/1234/392 1065/1199/393 1061/1198/390
f 978/1235/384 979/1236/386 1058/1203/387 1057/1202/385
f 977/1237/382 978/1235/384 1057/1202/385 1056/1206/383
f 976/1238/380 977/1237/382 1056/1206/383 1055/1208/381
f 975/1239/378 976/1238/380 1055/1208/381 1054/1210/379
f 974/1240/563 975/1239/378 1054/1210/379 1053/1212/377
f 973/1241/374 974/1240/563 1053/1212/377 1052/1214/375
f 972/1242/372 973/1241/374 1052/1214/375 1051/1216/373
f 971/1243/370 972/1242/372 1051/1216/373 1050/1218/371
f 970/1244/368 971/1243/370 1050/1218/371 1049/1220/369
f 969/1073/367 970/1244/368 1049/1220/369 1048/1074/366
f 982/1232/399 980/1233/391 1061/1198/390 1059/1195/400
f 979/1236/386 1033/1231/398 1063/1194/397 1058/1203/387
f 1041/1245/396 1083/1159/394 1067/1009/366 987/1012/395
f 984/1246/404 1081/1162/401 1079/1165/402 999/1247/564
f 985/1248/411 1066/1229/393 1081/1162/401 984/1246/404
f 999/1247/564 1079/1165/402 1083/1159/394 1041/1245/396
f 1013/1164/574 1096/1088/536 1101/1153/565 1046/1160/571
f 946/1249/621 1034/1250/622 1100/1168/577 1094/1173/581
f 936/1155/567 937/1251/623 1085/1190/598 1084/1156/568
f 937/1251/623 938/1252/624 1086/1188/596 1085/1190/598
f 938/1252/624 939/1253/625 1087/1186/594 1086/1188/596
f 939/1253/625 940/1254/626 1088/1184/592 1087/1186/594
f 940/1254/626 941/1255/627 1089/1182/590 1088/1184/592
f 941/1255/627 942/1256/628 1090/1180/588 1089/1182/590
f 942/1256/628 943/1257/629 1091/1178/586 1090/1180/588
f 943/1257/629 944/1258/630 1092/1176/584 1091/1178/586
f 944/1258/630 945/1259/631 1093/1172/580 1092/1176/584
f 945/1259/631 946/1249/621 1094/1173/581 1093/1172/580
f 950/1260/632 947/1261/532 1099/1170/531 1097/1167/576
f 1034/1250/622 948/1262/633 1095/1166/575 1100/1168/577
f 948/1262/633 950/1260/632 1097/1167/576 1095/1166/575
f 1046/1160/571 1101/1153/565 1084/1156/568 1001/1161/572
f 1015/1163/573 1098/1086/534 1096/1088/536 1013/1164/574
f 1000/1230/579 1099/1083/531 1098/1086/534 1015/1163/573
f 964/1263/634 1115/1225/617 1119/1226/618 1043/1264/635
f 1026/1204/605 1039/1197/603 1118/1115/561 1113/1111/557
f 1043/1264/635 1119/1226/618 1103/1091/537 952/1094/540
f 966/1265/636 1117/1223/615 1115/1225/617 964/1263/634
f 967/1266/560 1102/1222/559 1117/1223/615 966/1265/636
f 1039/1197/603 1027/1196/602 1114/1005/526 1118/1115/561
f 1029/1201/604 1031/1200/601 1102/1113/559 1116/1006/527
f 1025/1205/606 1026/1204/605 1113/1111/557 1112/1109/555
f 1024/1207/607 1025/1205/606 1112/1109/555 1111/1107/553
f 1023/1209/608 1024/1207/607 1111/1107/553 1110/1105/551
f 1022/1211/609 1023/1209/608 1110/1105/551 1109/1103/549
f 1021/1213/610 1022/1211/609 1109/1103/549 1108/1101/547
f 1020/1215/611 1021/1213/610 1108/1101/547 1107/1099/545
f 1019/1217/612 1020/1215/611 1107/1099/545 1106/1097/543
f 1018/1219/613 1019/1217/612 1106/1097/543 1105/1095/541
f 1017/1221/614 1018/1219/613 1105/1095/541 1104/1092/538
f 1016/1228/620 1017/1221/614 1104/1092/538 1103/1091/537
f 1027/1196/602 1029/1201/604 1116/1006/527 1114/1005/526
f 1047/1227/619 1028/1224/616 1060/1082/402 1064/1071/394
usemtl DarkPorple
f 747/744/363 732/1000/522 734/998/521 749/745/364
f 819/854/437 818/988/511 732/1000/522 747/744/363
f 749/745/364 734/998/521 731/999/408 751/851/434
f 745/847/430 729/997/520 730/987/510 746/849/432
f 744/845/428 728/996/519 729/997/520 745/847/430
f 743/843/426 727/995/518 728/996/519 744/845/428
f 742/841/424 726/994/517 727/995/518 743/843/426
f 741/839/422 725/993/516 726/994/517 742/841/424
f 740/837/420 724/992/515 725/993/516 741/839/422
f 739/835/418 723/991/514 724/992/515 740/837/420
f 738/833/416 722/990/513 723/991/514 739/835/418
f 737/831/414 721/989/512 722/990/513 738/833/416
f 736/830/413 720/893/456 721/989/512 737/831/414
f 731/824/408 735/823/407 750/1003/525 751/1004/434
f 735/823/407 733/826/410 748/1001/523 750/1003/525
f 826/894/457 720/893/456 736/830/413 827/1002/524
f 746/849/432 730/987/510 818/988/511 819/854/437
f 733/826/410 826/894/457 827/1002/524 748/1001/523
f 963/1008/529 965/1007/528 950/1260/632 948/1262/633
f 1035/1116/562 963/1008/529 948/1262/633 1034/1250/622
f 965/1007/528 967/1114/560 947/1261/532 950/1260/632
f 961/1110/556 962/1112/558 946/1249/621 945/1259/631
f 960/1108/554 961/1110/556 945/1259/631 944/1258/630
f 959/1106/552 960/1108/554 944/1258/630 943/1257/629
f 958/1104/550 959/1106/552 943/1257/629 942/1256/628
f 957/1102/548 958/1104/550 942/1256/628 941/1255/627
f 956/1100/546 957/1102/548 941/1255/627 940/1254/626
f 955/1098/544 956/1100/546 940/1254/626 939/1253/625
f 954/1096/542 955/1098/544 939/1253/625 938/1252/624
f 953/1093/539 954/1096/542 938/1252/624 937/1251/623
f 952/1094/540 953/1093/539 937/1251/623 936/1155/567
f 947/1084/532 967/1266/560 966/1265/636 951/1085/533
f 951/1085/533 966/1265/636 964/1263/634 949/1087/535
f 1042/1154/566 1043/1264/635 952/1094/540 936/1155/567
f 962/1112/558 1035/1116/562 1034/1250/622 946/1249/621
f 949/1087/535 964/1263/634 1043/1264/635 1042/1154/566
o Cube.002_Cube.003
v -3.345593 0.216284 0.990979
v -3.324889 0.346213 0.990979
v -2.880765 0.142215 0.899060
v -2.860061 0.272143 0.899060
v -2.484741 0.079109 0.581659
v -2.464037 0.209038 0.581659
v -2.594462 0.096593 1.464971
v -2.573758 0.226521 1.464971
v -2.195418 0.033006 0.034571
v -2.205464 0.167834 1.337800
v -2.174715 0.162935 0.034571
v -2.226168 0.037906 1.337800
v -1.893742 -0.015066 -1.274131
v -1.820741 0.106529 1.392785
v -1.873038 0.114863 -1.274131
v -1.841445 -0.023399 1.392785
v 3.345594 0.216284 0.990979
v 3.324890 0.346213 0.990979
v 2.880765 0.142215 0.899060
v 2.860062 0.272143 0.899060
v 2.484741 0.079109 0.581659
v 2.464037 0.209037 0.581659
v 2.594462 0.096593 1.464971
v 2.573758 0.226521 1.464971
v 2.195419 0.033006 0.034571
v 2.205464 0.167834 1.337800
v 2.174715 0.162934 0.034571
v 2.226169 0.037906 1.337800
v 1.893742 -0.015066 -1.274131
v 1.820742 0.106529 1.392785
v 1.873039 0.114863 -1.274131
v 1.841446 -0.023399 1.392785
vt 0.375000 0.412298
vt 0.375000 0.500000
vt 0.625000 0.500000
vt 0.625000 0.412298
vt 0.375000 0.750000
vt 0.625000 0.750000
vt 0.287298 0.500000
vt 0.287298 0.750000
vt 0.159467 0.500000
vt 0.625000 0.284467
vt 0.840533 0.750000
vt 0.375000 0.965533
vt 0.712702 0.750000
vt 0.712702 0.500000
vt 0.206963 0.500000
vt 0.206963 0.750000
vt 0.375000 0.837702
vt 0.625000 0.837702
vt 0.375000 0.331963
vt 0.625000 0.331963
vt 0.375000 0.284467
vt 0.159467 0.750000
vt 0.793037 0.750000
vt 0.793037 0.500000
vt 0.375000 0.918037
vt 0.625000 0.918037
vt 0.840533 0.500000
vt 0.625000 0.965533
vt 0.375000 0.412298
vt 0.625000 0.412298
vt 0.625000 0.500000
vt 0.375000 0.500000
vt 0.625000 0.750000
vt 0.375000 0.750000
vt 0.287298 0.500000
vt 0.287298 0.750000
vt 0.159467 0.500000
vt 0.375000 0.965533
vt 0.840533 0.750000
vt 0.625000 0.284467
vt 0.712702 0.500000
vt 0.712702 0.750000
vt 0.206963 0.500000
vt 0.206963 0.750000
vt 0.625000 0.837702
vt 0.375000 0.837702
vt 0.375000 0.331963
vt 0.625000 0.331963
vt 0.375000 0.284467
vt 0.159467 0.750000
vt 0.793037 0.500000
vt 0.793037 0.750000
vt 0.625000 0.918037
vt 0.375000 0.918037
vt 0.840533 0.500000
vt 0.625000 0.965533
vn -0.6129 0.0977 -0.7841
vn -0.1893 0.0302 -0.9815
vn -0.1574 -0.9875 0.0000
vn 0.9873 -0.1573 -0.0199
vn 0.1574 0.9875 0.0000
vn -0.5223 0.0832 0.8487
vn -0.8706 0.1387 -0.4721
vn -0.9617 0.1532 -0.2273
vn 0.3187 -0.0508 0.9465
vn -0.1380 0.0220 0.9902
vn 0.6129 0.0977 -0.7841
vn 0.1893 0.0302 -0.9815
vn 0.1574 -0.9875 -0.0000
vn -0.9873 -0.1573 -0.0199
vn -0.1574 0.9875 0.0000
vn 0.5223 0.0832 0.8487
vn 0.8706 0.1387 -0.4721
vn 0.9617 0.1532 -0.2273
vn -0.3187 -0.0508 0.9465
vn 0.1380 0.0220 0.9902
usemtl Porple
s off
f 1124/1267/637 1122/1268/637 1123/1269/637 1125/1270/637
f 1122/1268/638 1120/1271/638 1121/1272/638 1123/1269/638
f 1124/1273/639 1126/1274/639 1120/1271/639 1122/1268/639
f 1132/1275/640 1134/1276/640 1133/1277/640 1135/1278/640
f 1123/1269/641 1121/1272/641 1127/1279/641 1125/1280/641
f 1128/1281/639 1131/1282/639 1126/1274/639 1124/1273/639
f 1120/1271/642 1126/1283/642 1127/1284/642 1121/1272/642
f 1128/1285/643 1124/1267/643 1125/1270/643 1130/1286/643
f 1132/1287/644 1128/1285/644 1130/1286/644 1134/1276/644
f 1132/1275/639 1135/1288/639 1131/1282/639 1128/1281/639
f 1125/1280/641 1127/1279/641 1129/1289/641 1130/1290/641
f 1126/1283/645 1131/1291/645 1129/1292/645 1127/1284/645
f 1130/1290/641 1129/1289/641 1133/1277/641 1134/1293/641
f 1131/1291/646 1135/1278/646 1133/1294/646 1129/1292/646
f 1140/1295/647 1141/1296/647 1139/1297/647 1138/1298/647
f 1138/1298/648 1139/1297/648 1137/1299/648 1136/1300/648
f 1140/1301/649 1138/1298/649 1136/1300/649 1142/1302/649
f 1148/1303/650 1151/1304/650 1149/1305/650 1150/1306/650
f 1139/1297/651 1141/1307/651 1143/1308/651 1137/1299/651
f 1144/1309/649 1140/1301/649 1142/1302/649 1147/1310/649
f 1136/1300/652 1137/1299/652 1143/1311/652 1142/1312/652
f 1144/1313/653 1146/1314/653 1141/1296/653 1140/1295/653
f 1148/1315/654 1150/1306/654 1146/1314/654 1144/1313/654
f 1148/1303/649 1144/1309/649 1147/1310/649 1151/1316/649
f 1141/1307/651 1146/1317/651 1145/1318/651 1143/1308/651
f 1142/1312/655 1143/1311/655 1145/1319/655 1147/1320/655
f 1146/1317/651 1150/1321/651 1149/1305/651 1145/1318/651
f 1147/1320/656 1145/1319/656 1149/1322/656 1151/1304/656
o Cube.003_Cube.004
v -1.130386 1.107494 1.127827
v -1.059546 1.159220 1.127827
v -0.990721 0.927057 1.033707
v -0.919881 0.978784 1.033707
v -0.816082 0.700091 0.282605
v -0.745243 0.751817 0.282605
v -1.055458 1.009340 1.848660
v -0.984618 1.061066 1.848660
v -0.590662 0.406325 -0.359610
v -0.568484 0.521468 1.380297
v -0.519822 0.458051 -0.359610
v -0.639324 0.469741 1.380297
v -0.457386 0.232643 -1.361138
v -0.340548 0.224791 1.213455
v -0.386547 0.284369 -1.361138
v -0.411388 0.173064 1.213455
v 1.130386 1.107494 1.127827
v 1.059546 1.159220 1.127827
v 0.990721 0.927057 1.033707
v 0.919881 0.978784 1.033707
v 0.816082 0.700091 0.282605
v 0.745243 0.751817 0.282605
v 1.055458 1.009340 1.848660
v 0.984618 1.061067 1.848660
v 0.590662 0.406325 -0.359610
v 0.568484 0.521468 1.380297
v 0.519822 0.458051 -0.359610
v 0.639324 0.469741 1.380297
v 0.457386 0.232643 -1.361138
v 0.340548 0.224791 1.213455
v 0.386547 0.284369 -1.361138
v 0.411388 0.173064 1.213455
vt 0.375000 0.412298
vt 0.375000 0.500000
vt 0.625000 0.500000
vt 0.625000 0.412298
vt 0.375000 0.750000
vt 0.625000 0.750000
vt 0.287298 0.500000
vt 0.287298 0.750000
vt 0.159467 0.500000
vt 0.625000 0.284467
vt 0.840533 0.750000
vt 0.375000 0.965533
vt 0.712702 0.750000
vt 0.712702 0.500000
vt 0.206963 0.500000
vt 0.211881 0.750000
vt 0.375000 0.837702
vt 0.625000 0.837702
vt 0.375000 0.331963
vt 0.625000 0.331963
vt 0.375000 0.284467
vt 0.159467 0.750000
vt 0.788119 0.750000
vt 0.793037 0.500000
vt 0.375000 0.913119
vt 0.625000 0.913119
vt 0.840533 0.500000
vt 0.625000 0.965533
vt 0.375000 0.412298
vt 0.625000 0.412298
vt 0.625000 0.500000
vt 0.375000 0.500000
vt 0.625000 0.750000
vt 0.375000 0.750000
vt 0.287298 0.500000
vt 0.287298 0.750000
vt 0.159467 0.500000
vt 0.375000 0.965533
vt 0.840533 0.750000
vt 0.625000 0.284467
vt 0.712702 0.500000
vt 0.712702 0.750000
vt 0.206963 0.500000
vt 0.211881 0.750000
vt 0.625000 0.837702
vt 0.375000 0.837702
vt 0.375000 0.331963
vt 0.625000 0.331963
vt 0.375000 0.284467
vt 0.159467 0.750000
vt 0.793037 0.500000
vt 0.788119 0.750000
vt 0.625000 0.913119
vt 0.375000 0.913119
vt 0.840533 0.500000
vt 0.625000 0.965533
vn -0.5510 0.7547 -0.3562
vn -0.2249 0.3081 -0.9244
vn -0.7933 -0.6088 -0.0015
vn 0.5895 -0.8073 -0.0292
vn 0.7933 0.6088 0.0015
vn -0.7926 -0.6097 -0.0003
vn -0.5812 0.7960 0.1688
vn -0.5109 0.6997 -0.4994
vn -0.5761 0.7890 -0.2135
vn -0.7931 -0.6092 0.0001
vn 0.7926 0.6097 0.0003
vn 0.3341 -0.4576 0.8240
vn 0.7931 0.6092 -0.0001
vn 0.2402 -0.3290 0.9133
vn 0.5510 0.7547 -0.3562
vn 0.2249 0.3081 -0.9244
vn 0.7933 -0.6088 -0.0015
vn -0.5895 -0.8073 -0.0292
vn -0.7933 0.6088 0.0015
vn 0.7926 -0.6097 -0.0003
vn 0.5812 0.7960 0.1688
vn 0.5109 0.6997 -0.4994
vn 0.5761 0.7890 -0.2135
vn 0.7931 -0.6092 0.0001
vn -0.7926 0.6097 0.0003
vn -0.3341 -0.4576 0.8240
vn -0.7931 0.6092 -0.0001
vn -0.2402 -0.3290 0.9133
usemtl Porple
s off
f 1156/1323/657 1154/1324/657 1155/1325/657 1157/1326/657
f 1154/1324/658 1152/1327/658 1153/1328/658 1155/1325/658
f 1156/1329/659 1158/1330/659 1152/1327/659 1154/1324/659
f 1164/1331/660 1166/1332/660 1165/1333/660 1167/1334/660
f 1155/1325/661 1153/1328/661 1159/1335/661 1157/1336/661
f 1160/1337/662 1163/1338/662 1158/1330/662 1156/1329/662
f 1152/1327/663 1158/1339/663 1159/1340/663 1153/1328/663
f 1160/1341/664 1156/1323/664 1157/1326/664 1162/1342/664
f 1164/1343/665 1160/1341/665 1162/1342/665 1166/1332/665
f 1164/1331/666 1167/1344/666 1163/1338/666 1160/1337/666
f 1157/1336/667 1159/1335/667 1161/1345/667 1162/1346/667
f 1158/1339/668 1163/1347/668 1161/1348/668 1159/1340/668
f 1162/1346/669 1161/1345/669 1165/1333/669 1166/1349/669
f 1163/1347/670 1167/1334/670 1165/1350/670 1161/1348/670
f 1172/1351/671 1173/1352/671 1171/1353/671 1170/1354/671
f 1170/1354/672 1171/1353/672 1169/1355/672 1168/1356/672
f 1172/1357/673 1170/1354/673 1168/1356/673 1174/1358/673
f 1180/1359/674 1183/1360/674 1181/1361/674 1182/1362/674
f 1171/1353/675 1173/1363/675 1175/1364/675 1169/1355/675
f 1176/1365/676 1172/1357/676 1174/1358/676 1179/1366/676
f 1168/1356/677 1169/1355/677 1175/1367/677 1174/1368/677
f 1176/1369/678 1178/1370/678 1173/1352/678 1172/1351/678
f 1180/1371/679 1182/1362/679 1178/1370/679 1176/1369/679
f 1180/1359/680 1176/1365/680 1179/1366/680 1183/1372/680
f 1173/1363/681 1178/1373/681 1177/1374/681 1175/1364/681
f 1174/1368/682 1175/1367/682 1177/1375/682 1179/1376/682
f 1178/1373/683 1182/1377/683 1181/1361/683 1177/1374/683
f 1179/1376/684 1177/1375/684 1181/1378/684 1183/1360/684
o Sphere.001_Sphere.003
v 0.000000 0.469553 -2.240406
v 0.000000 0.263736 -2.507781
v -0.000000 0.761234 -1.098015
v 0.087947 0.655253 -1.663499
v 0.158474 0.484230 -2.107483
v 0.197614 0.282039 -2.342030
v 0.155746 0.677823 -1.459099
v 0.280644 0.524899 -1.739167
v 0.349957 0.332752 -1.882747
v 0.187865 0.709646 -1.170891
v 0.338522 0.582243 -1.219833
v 0.422129 0.404259 -1.235148
v 0.176947 0.732289 -0.965828
v 0.318848 0.623666 -0.844687
v 0.397597 0.456104 -0.765613
v 0.125493 0.748782 -0.816461
v 0.226130 0.653386 -0.575536
v 0.281980 0.493164 -0.429987
v 0.045289 0.758095 -0.732116
v 0.081609 0.670168 -0.423552
v -0.045289 0.758095 -0.732116
v -0.081609 0.670168 -0.423552
v -0.125493 0.748782 -0.816461
v -0.226130 0.653386 -0.575536
v -0.281980 0.493164 -0.429987
v -0.176947 0.732289 -0.965828
v -0.318848 0.623666 -0.844687
v -0.397597 0.456104 -0.765613
v -0.187865 0.709646 -1.170891
v -0.338522 0.582243 -1.219833
v -0.422129 0.404259 -1.235149
v -0.155746 0.677823 -1.459099
v -0.280644 0.524899 -1.739167
v -0.349957 0.332752 -1.882747
v -0.087947 0.655253 -1.663499
v -0.158474 0.484230 -2.107483
v -0.197614 0.282039 -2.342030
v -0.000000 0.647108 -1.737266
v 0.101764 0.514090 -0.240466
v -0.101764 0.514090 -0.240466
v 0.124709 0.566107 -1.894928
v 0.220849 0.598111 -1.605086
v 0.266395 0.643237 -1.196402
v 0.250914 0.675669 -0.902683
v 0.177950 0.699056 -0.690878
v 0.064221 0.712263 -0.571276
v -0.064221 0.712263 -0.571276
v -0.177950 0.699056 -0.690878
v -0.250914 0.675669 -0.902683
v -0.266395 0.643237 -1.196402
v -0.220849 0.598111 -1.605086
v -0.124709 0.566107 -1.894928
v -0.000000 0.554557 -1.999529
vt 0.692308 0.571429
vt 0.692308 0.714286
vt 0.615385 0.714286
vt 0.615385 0.571429
vt 0.692308 0.857143
vt 0.653846 1.000000
vt 0.615385 0.857143
vt 0.692308 0.782678
vt 0.615385 0.782678
vt 0.538462 0.714286
vt 0.538462 0.571429
vt 0.576923 1.000000
vt 0.538462 0.857143
vt 0.538462 0.782678
vt 0.461539 0.714286
vt 0.461539 0.571429
vt 0.500000 1.000000
vt 0.461539 0.857143
vt 0.461539 0.782678
vt 0.384615 0.714286
vt 0.384615 0.571429
vt 0.423077 1.000000
vt 0.384615 0.857143
vt 0.384615 0.782678
vt 0.307692 0.857143
vt 0.307692 0.782678
vt 0.307692 0.714286
vt 0.307692 0.571429
vt 0.346154 1.000000
vt 0.230769 0.857143
vt 0.230769 0.782678
vt 0.230769 0.714286
vt 0.230769 0.571429
vt 0.269231 1.000000
vt 0.153846 0.857143
vt 0.153846 0.782678
vt 0.153846 0.714286
vt 0.153846 0.571429
vt 0.192308 1.000000
vt 0.076923 0.714286
vt 0.076923 0.571429
vt 0.115385 1.000000
vt 0.076923 0.857143
vt 0.076923 0.782678
vt 0.000000 0.714286
vt 0.000000 0.571429
vt 0.038462 1.000000
vt 0.000000 0.857143
vt 0.000000 0.782678
vt 1.000000 0.857143
vt 0.961538 1.000000
vt 0.923077 0.857143
vt 1.000000 0.782678
vt 0.923077 0.782678
vt 1.000000 0.571429
vt 1.000000 0.714286
vt 0.923077 0.714286
vt 0.923077 0.571429
vt 0.846154 0.857143
vt 0.846154 0.782678
vt 0.846154 0.714286
vt 0.846154 0.571429
vt 0.884615 1.000000
vt 0.769231 0.857143
vt 0.769231 0.782678
vt 0.769231 0.714286
vt 0.769231 0.571429
vt 0.807692 1.000000
vt 0.730769 1.000000
vn 0.0000 0.7924 -0.6100
vn 0.0000 0.8477 -0.5304
vn 0.5147 0.7681 -0.3809
vn 0.5185 0.6885 -0.5070
vn 0.0000 0.9573 -0.2892
vn 0.0000 0.9956 -0.0933
vn 0.2656 0.9348 -0.2357
vn 0.0000 0.9430 -0.3328
vn 0.3347 0.8959 -0.2919
vn 0.7154 0.6621 -0.2231
vn 0.8236 0.4987 -0.2698
vn 0.3937 0.9033 -0.1706
vn 0.5430 0.8149 -0.2028
vn 0.7848 0.6130 -0.0909
vn 0.8993 0.4295 -0.0813
vn 0.4430 0.8900 -0.1076
vn 0.6225 0.7758 -0.1028
vn 0.7612 0.6441 0.0756
vn 0.8711 0.4725 0.1340
vn 0.4308 0.9021 -0.0251
vn 0.5952 0.8032 0.0233
vn 0.3352 0.9392 0.0742
vn 0.4483 0.8792 0.1608
vn 0.6129 0.7399 0.2771
vn 0.6920 0.6025 0.3977
vn 0.1383 0.9779 0.1567
vn 0.1718 0.9525 0.2512
vn 0.2634 0.8445 0.4662
vn 0.2644 0.7481 0.6086
vn -0.1383 0.9779 0.1567
vn -0.1718 0.9525 0.2512
vn -0.2634 0.8445 0.4662
vn -0.2644 0.7481 0.6086
vn -0.6129 0.7399 0.2771
vn -0.6920 0.6025 0.3977
vn -0.3352 0.9392 0.0742
vn -0.4483 0.8792 0.1608
vn -0.7612 0.6441 0.0756
vn -0.8711 0.4725 0.1340
vn -0.4308 0.9021 -0.0251
vn -0.5952 0.8032 0.0233
vn -0.4430 0.8900 -0.1076
vn -0.6225 0.7758 -0.1028
vn -0.7848 0.6130 -0.0909
vn -0.8993 0.4295 -0.0813
vn -0.3937 0.9033 -0.1706
vn -0.5430 0.8149 -0.2028
vn -0.7154 0.6621 -0.2231
vn -0.8236 0.4987 -0.2698
vn -0.2656 0.9348 -0.2357
vn -0.3347 0.8959 -0.2919
vn -0.5147 0.7681 -0.3809
vn -0.5185 0.6885 -0.5070
usemtl DarkPorple
s 1
f 1185/1379/685 1184/1380/686 1188/1381/687 1189/1382/688
f 1221/1383/689 1186/1384/690 1187/1385/691
f 1236/1386/692 1221/1383/689 1187/1385/691 1224/1387/693
f 1189/1382/688 1188/1381/687 1191/1388/694 1192/1389/695
f 1187/1385/691 1186/1390/690 1190/1391/696
f 1224/1387/693 1187/1385/691 1190/1391/696 1225/1392/697
f 1192/1389/695 1191/1388/694 1194/1393/698 1195/1394/699
f 1190/1391/696 1186/1395/690 1193/1396/700
f 1225/1392/697 1190/1391/696 1193/1396/700 1226/1397/701
f 1195/1394/699 1194/1393/698 1197/1398/702 1198/1399/703
f 1193/1396/700 1186/1400/690 1196/1401/704
f 1226/1397/701 1193/1396/700 1196/1401/704 1227/1402/705
f 1227/1402/705 1196/1401/704 1199/1403/706 1228/1404/707
f 1198/1399/703 1197/1398/702 1200/1405/708 1201/1406/709
f 1196/1401/704 1186/1407/690 1199/1403/706
f 1228/1404/707 1199/1403/706 1202/1408/710 1229/1409/711
f 1201/1406/709 1200/1405/708 1203/1410/712 1222/1411/713
f 1199/1403/706 1186/1412/690 1202/1408/710
f 1229/1409/711 1202/1408/710 1204/1413/714 1230/1414/715
f 1222/1411/713 1203/1410/712 1205/1415/716 1223/1416/717
f 1202/1408/710 1186/1417/690 1204/1413/714
f 1223/1416/717 1205/1415/716 1207/1418/718 1208/1419/719
f 1204/1413/714 1186/1420/690 1206/1421/720
f 1230/1414/715 1204/1413/714 1206/1421/720 1231/1422/721
f 1208/1419/719 1207/1418/718 1210/1423/722 1211/1424/723
f 1206/1421/720 1186/1425/690 1209/1426/724
f 1231/1422/721 1206/1421/720 1209/1426/724 1232/1427/725
f 1209/1428/724 1186/1429/690 1212/1430/726
f 1232/1431/725 1209/1428/724 1212/1430/726 1233/1432/727
f 1211/1433/723 1210/1434/722 1213/1435/728 1214/1436/729
f 1233/1432/727 1212/1430/726 1215/1437/730 1234/1438/731
f 1214/1436/729 1213/1435/728 1216/1439/732 1217/1440/733
f 1212/1430/726 1186/1441/690 1215/1437/730
f 1234/1438/731 1215/1437/730 1218/1442/734 1235/1443/735
f 1217/1440/733 1216/1439/732 1219/1444/736 1220/1445/737
f 1215/1437/730 1186/1446/690 1218/1442/734
f 1220/1445/737 1219/1444/736 1184/1380/686 1185/1379/685
f 1218/1442/734 1186/1447/690 1221/1383/689
f 1235/1443/735 1218/1442/734 1221/1383/689 1236/1386/692
f 1219/1444/736 1235/1443/735 1236/1386/692 1184/1380/686
f 1216/1439/732 1234/1438/731 1235/1443/735 1219/1444/736
f 1213/1435/728 1233/1432/727 1234/1438/731 1216/1439/732
f 1210/1434/722 1232/1431/725 1233/1432/727 1213/1435/728
f 1207/1418/718 1231/1422/721 1232/1427/725 1210/1423/722
f 1205/1415/716 1230/1414/715 1231/1422/721 1207/1418/718
f 1203/1410/712 1229/1409/711 1230/1414/715 1205/1415/716
f 1200/1405/708 1228/1404/707 1229/1409/711 1203/1410/712
f 1197/1398/702 1227/1402/705 1228/1404/707 1200/1405/708
f 1194/1393/698 1226/1397/701 1227/1402/705 1197/1398/702
f 1191/1388/694 1225/1392/697 1226/1397/701 1194/1393/698
f 1188/1381/687 1224/1387/693 1225/1392/697 1191/1388/694
f 1184/1380/686 1236/1386/692 1224/1387/693 1188/1381/687
o Cylinder.001_Cylinder.006
v -1.794173 0.014372 1.647955
v -1.869729 0.014372 -1.281055
v -1.768976 -0.079663 1.647955
v -1.834410 -0.117441 -1.281055
v -1.700138 -0.148501 1.647955
v -1.737916 -0.213934 -1.281055
v -1.606104 -0.173697 1.647955
v -1.606104 -0.249253 -1.281055
v -1.512070 -0.148501 1.647955
v -1.474292 -0.213934 -1.281055
v -1.443232 -0.079663 1.647955
v -1.377799 -0.117441 -1.281055
v -1.418035 0.014372 1.647955
v -1.342479 0.014372 -1.281055
v -1.443232 0.108406 1.647955
v -1.377799 0.146184 -1.281055
v -1.512070 0.177244 1.647955
v -1.474292 0.242677 -1.281055
v -1.606104 0.202440 1.647955
v -1.606104 0.277996 -1.281055
v -1.700138 0.177244 1.647955
v -1.737916 0.242677 -1.281055
v -1.768976 0.108406 1.647955
v -1.834410 0.146184 -1.281055
v -1.984411 0.014372 1.481092
v -1.933727 -0.174782 1.481092
v -1.795257 -0.313251 1.481092
v -1.606104 -0.363935 1.481092
v -1.416951 -0.313251 1.481092
v -1.278481 -0.174782 1.481092
v -1.227798 0.014372 1.481092
v -1.278481 0.203525 1.481092
v -1.416951 0.341995 1.481092
v -1.606104 0.392678 1.481092
v -1.795257 0.341995 1.481092
v -1.933727 0.203525 1.481092
v -1.940856 0.014372 -1.222946
v -1.896008 -0.153004 -1.222946
v -1.773480 -0.275532 -1.222946
v -1.606104 -0.320380 -1.222946
v -1.438728 -0.275532 -1.222946
v -1.316200 -0.153004 -1.222946
v -1.271352 0.014372 -1.222946
v -1.316200 0.181748 -1.222946
v -1.438728 0.304275 -1.222946
v -1.606104 0.349124 -1.222946
v -1.773480 0.304276 -1.222946
v -1.896008 0.181748 -1.222946
v -1.984411 0.014372 1.549707
v -1.933727 -0.174782 1.549707
v -1.795257 -0.313251 1.549707
v -1.606104 -0.363935 1.549707
v -1.416951 -0.313251 1.549707
v -1.278481 -0.174782 1.549707
v -1.227798 0.014372 1.549707
v -1.278481 0.203525 1.549707
v -1.416951 0.341995 1.549707
v -1.606104 0.392678 1.549707
v -1.795257 0.341995 1.549707
v -1.933727 0.203525 1.549707
v -1.896008 -0.153004 -1.281055
v -1.940856 0.014372 -1.281055
v -1.773480 -0.275532 -1.281055
v -1.606104 -0.320380 -1.281055
v -1.438728 -0.275532 -1.281055
v -1.316200 -0.153004 -1.281055
v -1.271352 0.014372 -1.281055
v -1.316200 0.181748 -1.281055
v -1.438728 0.304275 -1.281055
v -1.606104 0.349124 -1.281055
v -1.773480 0.304276 -1.281055
v -1.896008 0.181748 -1.281055
v -1.896008 -0.153004 1.443474
v -1.773480 -0.275532 1.443474
v -1.606104 -0.320380 1.443474
v -1.438728 -0.275532 1.443474
v -1.316200 -0.153004 1.443474
v -1.271352 0.014372 1.443474
v -1.316200 0.181748 1.443474
v -1.438728 0.304275 1.443474
v -1.606104 0.349124 1.443474
v -1.773480 0.304276 1.443474
v -1.896008 0.181748 1.443474
v -1.940856 0.014372 1.443474
v -1.940856 0.014372 1.432967
v -1.896008 -0.153004 1.432967
v -1.773480 -0.275532 1.432967
v -1.606104 -0.320380 1.432967
v -1.438728 -0.275532 1.432967
v -1.316200 -0.153004 1.432967
v -1.271352 0.014372 1.432967
v -1.316200 0.181748 1.432967
v -1.438728 0.304275 1.432967
v -1.606104 0.349124 1.432967
v -1.773480 0.304276 1.432967
v -1.896008 0.181748 1.432967
v -1.933727 -0.174782 1.489235
v -1.795257 -0.313251 1.489235
v -1.606104 -0.363935 1.489235
v -1.416951 -0.313251 1.489235
v -1.278481 -0.174782 1.489235
v -1.227798 0.014372 1.489235
v -1.278481 0.203525 1.489235
v -1.416951 0.341995 1.489235
v -1.606104 0.392678 1.489235
v -1.795257 0.341995 1.489235
v -1.933727 0.203525 1.489235
v -1.984411 0.014372 1.489235
v -1.901601 -0.156233 1.449051
v -1.776709 -0.281125 1.449051
v -1.606104 -0.326838 1.449051
v -1.435499 -0.281125 1.449051
v -1.310607 -0.156233 1.449051
v -1.264894 0.014372 1.449051
v -1.310607 0.184977 1.449051
v -1.435499 0.309868 1.449051
v -1.606104 0.355582 1.449051
v -1.776709 0.309868 1.449051
v -1.901601 0.184977 1.449051
v -1.947314 0.014372 1.449051
v -1.928297 -0.171646 1.475676
v -1.792122 -0.307821 1.475676
v -1.606104 -0.357664 1.475676
v -1.420086 -0.307821 1.475676
v -1.283911 -0.171646 1.475676
v -1.234068 0.014372 1.475676
v -1.283911 0.200390 1.475676
v -1.420086 0.336564 1.475676
v -1.606104 0.386408 1.475676
v -1.792122 0.336565 1.475676
v -1.928297 0.200390 1.475676
v -1.978140 0.014372 1.475676
v -1.852194 -0.127709 2.054127
v -1.890265 0.014372 2.054127
v -1.748184 -0.231719 2.054127
v -1.606104 -0.269789 2.054127
v -1.464024 -0.231718 2.054127
v -1.360014 -0.127709 2.054127
v -1.321944 0.014372 2.054127
v -1.360014 0.156452 2.054127
v -1.464024 0.260462 2.054127
v -1.606104 0.298532 2.054127
v -1.748184 0.260462 2.054127
v -1.852194 0.156452 2.054127
v -1.887817 0.014372 2.067239
v -1.850075 -0.126485 2.067239
v -1.746961 -0.229599 2.067239
v -1.606104 -0.267342 2.067239
v -1.465247 -0.229599 2.067239
v -1.362133 -0.126485 2.067239
v -1.324391 0.014372 2.067239
v -1.362133 0.155228 2.067239
v -1.465247 0.258343 2.067239
v -1.606104 0.296085 2.067239
v -1.746961 0.258343 2.067239
v -1.850075 0.155228 2.067239
v -1.874257 0.014372 2.067239
v -1.838331 -0.119705 2.067239
v -1.740180 -0.217855 2.067239
v -1.606104 -0.253781 2.067239
v -1.472028 -0.217855 2.067239
v -1.373877 -0.119705 2.067239
v -1.337951 0.014372 2.067239
v -1.373877 0.148448 2.067239
v -1.472028 0.246599 2.067239
v -1.606104 0.282524 2.067239
v -1.740180 0.246599 2.067239
v -1.838331 0.148448 2.067239
v -1.850332 0.014372 2.067863
v -1.817611 -0.107742 2.067863
v -1.728218 -0.197136 2.067863
v -1.606104 -0.229856 2.067863
v -1.483990 -0.197136 2.067863
v -1.394597 -0.107742 2.067863
v -1.361876 0.014372 2.067863
v -1.394597 0.136485 2.067863
v -1.483990 0.225879 2.067863
v -1.606104 0.258599 2.067863
v -1.728218 0.225879 2.067863
v -1.817611 0.136486 2.067863
v -1.838494 0.014372 2.067863
v -1.807359 -0.101823 2.067863
v -1.722299 -0.186884 2.067863
v -1.606104 -0.218018 2.067863
v -1.489909 -0.186884 2.067863
v -1.404849 -0.101823 2.067863
v -1.373714 0.014372 2.067863
v -1.404849 0.130567 2.067863
v -1.489909 0.215627 2.067863
v -1.606104 0.246761 2.067863
v -1.722299 0.215627 2.067863
v -1.807359 0.130567 2.067863
v -1.653700 -0.013108 -1.433746
v -1.661063 0.014372 -1.433746
v -1.633584 -0.033224 -1.433746
v -1.606104 -0.040587 -1.433746
v -1.578625 -0.033224 -1.433746
v -1.558508 -0.013108 -1.433746
v -1.551145 0.014372 -1.433746
v -1.558509 0.041851 -1.433746
v -1.578625 0.061967 -1.433746
v -1.606104 0.069331 -1.433746
v -1.633584 0.061967 -1.433746
v -1.653700 0.041851 -1.433746
v -1.703520 -0.041871 -1.433746
v -1.718590 0.014372 -1.433746
v -1.662347 -0.083044 -1.433746
v -1.606104 -0.098114 -1.433746
v -1.549861 -0.083044 -1.433746
v -1.508688 -0.041871 -1.433746
v -1.493618 0.014372 -1.433746
v -1.508688 0.070615 -1.433746
v -1.549861 0.111788 -1.433746
v -1.606104 0.126858 -1.433746
v -1.662347 0.111788 -1.433746
v -1.703520 0.070615 -1.433746
v -1.650092 -0.011024 -1.892516
v -1.656897 0.014372 -1.892516
v -1.631500 -0.029616 -1.892516
v -1.606104 -0.036420 -1.892516
v -1.580708 -0.029616 -1.892516
v -1.562117 -0.011024 -1.892516
v -1.555312 0.014372 -1.892516
v -1.562117 0.039768 -1.892516
v -1.580708 0.058360 -1.892516
v -1.606104 0.065164 -1.892516
v -1.631500 0.058360 -1.892516
v -1.650092 0.039768 -1.892516
v -1.665033 0.014372 -1.433746
v -1.657138 -0.015093 -1.433746
v -1.635568 -0.036662 -1.433746
v -1.606104 -0.044557 -1.433746
v -1.576640 -0.036662 -1.433746
v -1.555070 -0.015093 -1.433746
v -1.547176 0.014372 -1.433746
v -1.555070 0.043836 -1.433746
v -1.576640 0.065405 -1.433746
v -1.606104 0.073300 -1.433746
v -1.635568 0.065405 -1.433746
v -1.657138 0.043836 -1.433746
v -1.699129 -0.039336 -1.433746
v -1.659812 -0.078653 -1.433746
v -1.606104 -0.093044 -1.433746
v -1.552396 -0.078653 -1.433746
v -1.513080 -0.039336 -1.433746
v -1.498689 0.014372 -1.433746
v -1.513080 0.068080 -1.433746
v -1.552396 0.107396 -1.433746
v -1.606104 0.121787 -1.433746
v -1.659812 0.107396 -1.433746
v -1.699129 0.068080 -1.433746
v -1.713520 0.014372 -1.433746
v -1.507123 0.071518 -1.431920
v -1.548958 0.113352 -1.431920
v -1.548958 -0.084609 -1.431920
v -1.507123 -0.042775 -1.431920
v -1.705085 0.071518 -1.431920
v -1.720397 0.014372 -1.431920
v -1.705085 -0.042775 -1.431920
v -1.663251 -0.084609 -1.431920
v -1.606104 0.128665 -1.431920
v -1.491811 0.014372 -1.431920
v -1.606104 -0.099921 -1.431920
v -1.663251 0.113352 -1.431920
v -1.475360 0.240826 -1.283214
v -1.379649 -0.116372 -1.283214
v -1.867592 0.014372 -1.283214
v -1.736848 -0.212083 -1.283214
v -1.606104 0.275859 -1.283214
v -1.344617 0.014372 -1.283214
v -1.606104 -0.247116 -1.283214
v -1.736848 0.240827 -1.283214
v -1.379649 0.145115 -1.283214
v -1.475360 -0.212083 -1.283214
v -1.832559 0.145116 -1.283214
v -1.832559 -0.116372 -1.283214
v -1.873312 0.014372 -1.281055
v -1.837513 -0.119232 -1.281055
v -1.739708 -0.217037 -1.281055
v -1.606104 -0.252836 -1.281055
v -1.472500 -0.217037 -1.281055
v -1.374696 -0.119232 -1.281055
v -1.338897 0.014372 -1.281055
v -1.374696 0.147975 -1.281055
v -1.472500 0.245780 -1.281055
v -1.606104 0.281579 -1.281055
v -1.739708 0.245780 -1.281055
v -1.837513 0.147976 -1.281055
v -1.891096 -0.150168 -1.281055
v -1.770644 -0.270620 -1.281055
v -1.606104 -0.314708 -1.281055
v -1.441564 -0.270620 -1.281055
v -1.321113 -0.150168 -1.281055
v -1.277025 0.014372 -1.281055
v -1.321113 0.178912 -1.281055
v -1.441564 0.299363 -1.281055
v -1.606104 0.343451 -1.281055
v -1.770644 0.299363 -1.281055
v -1.891096 0.178912 -1.281055
v -1.935184 0.014372 -1.281055
v -1.653700 -0.013107 -1.892516
v -1.661063 0.014372 -1.892516
v -1.633584 -0.033224 -1.892516
v -1.606104 -0.040587 -1.892516
v -1.578625 -0.033224 -1.892516
v -1.558509 -0.013107 -1.892516
v -1.551145 0.014372 -1.892516
v -1.558509 0.041851 -1.892516
v -1.578625 0.061968 -1.892516
v -1.606104 0.069331 -1.892516
v -1.633584 0.061968 -1.892516
v -1.653700 0.041851 -1.892516
v -1.578625 0.061968 -1.886036
v -1.606104 0.069331 -1.886036
v -1.558509 -0.013107 -1.886036
v -1.551145 0.014372 -1.886036
v -1.633584 -0.033224 -1.886036
v -1.606104 -0.040587 -1.886036
v -1.633584 0.061968 -1.886036
v -1.558509 0.041851 -1.886036
v -1.578625 -0.033224 -1.886036
v -1.653700 0.041851 -1.886036
v -1.661063 0.014372 -1.886036
v -1.653700 -0.013107 -1.886036
v -1.606104 0.069331 -1.438759
v -1.551145 0.014372 -1.438759
v -1.606104 -0.040587 -1.438759
v -1.633584 0.061967 -1.438759
v -1.558509 0.041851 -1.438759
v -1.578625 -0.033224 -1.438759
v -1.653700 0.041851 -1.438759
v -1.653700 -0.013108 -1.438759
v -1.578625 0.061967 -1.438759
v -1.558508 -0.013108 -1.438759
v -1.633584 -0.033224 -1.438759
v -1.661063 0.014372 -1.438759
v -1.769464 -0.079945 1.678506
v -1.794737 0.014372 1.678506
v -1.700420 -0.148989 1.678506
v -1.606104 -0.174261 1.678506
v -1.511788 -0.148989 1.678506
v -1.442744 -0.079945 1.678506
v -1.417472 0.014372 1.678506
v -1.442744 0.108688 1.678506
v -1.511788 0.177732 1.678506
v -1.606104 0.203004 1.678506
v -1.700420 0.177732 1.678506
v -1.769464 0.108688 1.678506
v -1.838274 0.014372 2.055974
v -1.807169 -0.101714 2.055974
v -1.722189 -0.186694 2.055974
v -1.606104 -0.217799 2.055974
v -1.490019 -0.186694 2.055974
v -1.405038 -0.101714 2.055974
v -1.373934 0.014372 2.055974
v -1.405039 0.130457 2.055974
v -1.490019 0.215437 2.055974
v -1.606104 0.246542 2.055974
v -1.722189 0.215437 2.055974
v -1.807169 0.130457 2.055974
v 1.794173 0.014372 1.647955
v 1.869729 0.014372 -1.281055
v 1.768976 -0.079663 1.647955
v 1.834410 -0.117441 -1.281055
v 1.700139 -0.148501 1.647955
v 1.737917 -0.213934 -1.281055
v 1.606104 -0.173697 1.647955
v 1.606104 -0.249253 -1.281055
v 1.512070 -0.148501 1.647955
v 1.474292 -0.213934 -1.281055
v 1.443232 -0.079663 1.647955
v 1.377799 -0.117441 -1.281055
v 1.418035 0.014372 1.647955
v 1.342480 0.014372 -1.281055
v 1.443232 0.108406 1.647955
v 1.377799 0.146184 -1.281055
v 1.512070 0.177244 1.647955
v 1.474292 0.242677 -1.281055
v 1.606104 0.202440 1.647955
v 1.606104 0.277996 -1.281055
v 1.700139 0.177244 1.647955
v 1.737917 0.242677 -1.281055
v 1.768976 0.108406 1.647955
v 1.834410 0.146184 -1.281055
v 1.984411 0.014372 1.481091
v 1.933727 -0.174782 1.481091
v 1.795257 -0.313251 1.481091
v 1.606104 -0.363935 1.481091
v 1.416951 -0.313251 1.481091
v 1.278481 -0.174782 1.481091
v 1.227798 0.014372 1.481091
v 1.278481 0.203525 1.481091
v 1.416951 0.341995 1.481091
v 1.606104 0.392678 1.481091
v 1.795257 0.341995 1.481091
v 1.933727 0.203525 1.481091
v 1.940857 0.014372 -1.222946
v 1.896008 -0.153004 -1.222946
v 1.773480 -0.275532 -1.222946
v 1.606104 -0.320380 -1.222946
v 1.438728 -0.275532 -1.222946
v 1.316201 -0.153004 -1.222946
v 1.271352 0.014372 -1.222946
v 1.316201 0.181748 -1.222946
v 1.438728 0.304275 -1.222946
v 1.606104 0.349124 -1.222946
v 1.773480 0.304276 -1.222946
v 1.896008 0.181748 -1.222946
v 1.984411 0.014372 1.549707
v 1.933727 -0.174782 1.549707
v 1.795257 -0.313251 1.549707
v 1.606104 -0.363935 1.549707
v 1.416951 -0.313251 1.549707
v 1.278481 -0.174782 1.549707
v 1.227798 0.014372 1.549707
v 1.278481 0.203525 1.549707
v 1.416951 0.341995 1.549707
v 1.606104 0.392678 1.549707
v 1.795257 0.341995 1.549707
v 1.933727 0.203525 1.549707
v 1.896008 -0.153004 -1.281055
v 1.940857 0.014372 -1.281055
v 1.773480 -0.275532 -1.281055
v 1.606104 -0.320380 -1.281055
v 1.438728 -0.275532 -1.281055
v 1.316201 -0.153004 -1.281055
v 1.271352 0.014372 -1.281055
v 1.316201 0.181748 -1.281055
v 1.438728 0.304275 -1.281055
v 1.606104 0.349124 -1.281055
v 1.773480 0.304276 -1.281055
v 1.896008 0.181748 -1.281055
v 1.896008 -0.153004 1.443474
v 1.773480 -0.275532 1.443474
v 1.606104 -0.320380 1.443474
v 1.438728 -0.275532 1.443474
v 1.316200 -0.153004 1.443474
v 1.271352 0.014372 1.443474
v 1.316200 0.181748 1.443474
v 1.438728 0.304275 1.443474
v 1.606104 0.349124 1.443474
v 1.773480 0.304276 1.443474
v 1.896008 0.181748 1.443474
v 1.940856 0.014372 1.443474
v 1.940856 0.014372 1.432967
v 1.896008 -0.153004 1.432967
v 1.773480 -0.275532 1.432967
v 1.606104 -0.320380 1.432967
v 1.438728 -0.275532 1.432967
v 1.316200 -0.153004 1.432967
v 1.271352 0.014372 1.432967
v 1.316200 0.181748 1.432967
v 1.438728 0.304275 1.432967
v 1.606104 0.349124 1.432967
v 1.773480 0.304276 1.432967
v 1.896008 0.181748 1.432967
v 1.933727 -0.174782 1.489235
v 1.795257 -0.313251 1.489235
v 1.606104 -0.363935 1.489235
v 1.416951 -0.313251 1.489235
v 1.278481 -0.174782 1.489235
v 1.227798 0.014372 1.489235
v 1.278481 0.203525 1.489235
v 1.416951 0.341995 1.489235
v 1.606104 0.392678 1.489235
v 1.795257 0.341995 1.489235
v 1.933727 0.203525 1.489235
v 1.984411 0.014372 1.489235
v 1.901601 -0.156233 1.449051
v 1.776709 -0.281125 1.449051
v 1.606104 -0.326838 1.449051
v 1.435499 -0.281125 1.449051
v 1.310608 -0.156233 1.449051
v 1.264894 0.014372 1.449051
v 1.310608 0.184977 1.449051
v 1.435499 0.309868 1.449051
v 1.606104 0.355582 1.449051
v 1.776709 0.309868 1.449051
v 1.901601 0.184977 1.449051
v 1.947314 0.014372 1.449051
v 1.928297 -0.171646 1.475676
v 1.792122 -0.307821 1.475676
v 1.606104 -0.357665 1.475676
v 1.420086 -0.307821 1.475676
v 1.283911 -0.171646 1.475676
v 1.234068 0.014372 1.475676
v 1.283911 0.200390 1.475676
v 1.420086 0.336564 1.475676
v 1.606104 0.386408 1.475676
v 1.792122 0.336565 1.475676
v 1.928297 0.200390 1.475676
v 1.978141 0.014372 1.475676
v 1.852194 -0.127709 2.054127
v 1.890265 0.014372 2.054127
v 1.748184 -0.231719 2.054127
v 1.606104 -0.269789 2.054127
v 1.464024 -0.231718 2.054127
v 1.360014 -0.127709 2.054127
v 1.321944 0.014372 2.054127
v 1.360014 0.156452 2.054127
v 1.464024 0.260462 2.054127
v 1.606104 0.298532 2.054127
v 1.748184 0.260462 2.054127
v 1.852194 0.156452 2.054127
v 1.887817 0.014372 2.067239
v 1.850075 -0.126485 2.067239
v 1.746961 -0.229599 2.067239
v 1.606104 -0.267342 2.067239
v 1.465247 -0.229599 2.067239
v 1.362133 -0.126485 2.067239
v 1.324391 0.014372 2.067239
v 1.362133 0.155228 2.067239
v 1.465247 0.258343 2.067239
v 1.606104 0.296085 2.067239
v 1.746961 0.258343 2.067239
v 1.850075 0.155229 2.067239
v 1.874257 0.014372 2.067239
v 1.838331 -0.119705 2.067239
v 1.740181 -0.217855 2.067239
v 1.606104 -0.253781 2.067239
v 1.472028 -0.217855 2.067239
v 1.373877 -0.119705 2.067239
v 1.337952 0.014372 2.067239
v 1.373877 0.148448 2.067239
v 1.472028 0.246599 2.067239
v 1.606104 0.282524 2.067239
v 1.740181 0.246599 2.067239
v 1.838331 0.148448 2.067239
v 1.850332 0.014372 2.067863
v 1.817611 -0.107742 2.067863
v 1.728218 -0.197136 2.067863
v 1.606104 -0.229856 2.067863
v 1.483990 -0.197136 2.067863
v 1.394597 -0.107742 2.067863
v 1.361877 0.014372 2.067863
v 1.394597 0.136485 2.067863
v 1.483990 0.225879 2.067863
v 1.606104 0.258599 2.067863
v 1.728218 0.225879 2.067863
v 1.817611 0.136486 2.067863
v 1.838494 0.014372 2.067863
v 1.807359 -0.101823 2.067863
v 1.722299 -0.186884 2.067863
v 1.606104 -0.218018 2.067863
v 1.489909 -0.186884 2.067863
v 1.404849 -0.101823 2.067863
v 1.373715 0.014372 2.067863
v 1.404849 0.130567 2.067863
v 1.489909 0.215627 2.067863
v 1.606104 0.246761 2.067863
v 1.722299 0.215627 2.067863
v 1.807359 0.130567 2.067863
v 1.653700 -0.013108 -1.433746
v 1.661063 0.014372 -1.433746
v 1.633584 -0.033224 -1.433746
v 1.606104 -0.040587 -1.433746
v 1.578625 -0.033224 -1.433746
v 1.558509 -0.013108 -1.433746
v 1.551146 0.014372 -1.433746
v 1.558509 0.041851 -1.433746
v 1.578625 0.061967 -1.433746
v 1.606104 0.069331 -1.433746
v 1.633584 0.061967 -1.433746
v 1.653700 0.041851 -1.433746
v 1.703520 -0.041871 -1.433746
v 1.718591 0.014372 -1.433746
v 1.662348 -0.083044 -1.433746
v 1.606104 -0.098114 -1.433746
v 1.549861 -0.083044 -1.433746
v 1.508688 -0.041871 -1.433746
v 1.493618 0.014372 -1.433746
v 1.508688 0.070615 -1.433746
v 1.549861 0.111788 -1.433746
v 1.606104 0.126858 -1.433746
v 1.662348 0.111788 -1.433746
v 1.703520 0.070615 -1.433746
v 1.650092 -0.011024 -1.892516
v 1.656897 0.014372 -1.892516
v 1.631500 -0.029616 -1.892516
v 1.606104 -0.036420 -1.892516
v 1.580708 -0.029616 -1.892516
v 1.562117 -0.011024 -1.892516
v 1.555312 0.014372 -1.892516
v 1.562117 0.039768 -1.892516
v 1.580708 0.058360 -1.892516
v 1.606104 0.065164 -1.892516
v 1.631500 0.058360 -1.892516
v 1.650092 0.039768 -1.892516
v 1.665033 0.014372 -1.433746
v 1.657138 -0.015093 -1.433746
v 1.635569 -0.036662 -1.433746
v 1.606104 -0.044557 -1.433746
v 1.576640 -0.036662 -1.433746
v 1.555071 -0.015093 -1.433746
v 1.547176 0.014372 -1.433746
v 1.555071 0.043836 -1.433746
v 1.576640 0.065405 -1.433746
v 1.606104 0.073300 -1.433746
v 1.635569 0.065405 -1.433746
v 1.657138 0.043836 -1.433746
v 1.699129 -0.039336 -1.433746
v 1.659812 -0.078653 -1.433746
v 1.606104 -0.093044 -1.433746
v 1.552397 -0.078653 -1.433746
v 1.513080 -0.039336 -1.433746
v 1.498689 0.014372 -1.433746
v 1.513080 0.068080 -1.433746
v 1.552397 0.107396 -1.433746
v 1.606104 0.121787 -1.433746
v 1.659812 0.107396 -1.433746
v 1.699129 0.068080 -1.433746
v 1.713520 0.014372 -1.433746
v 1.507124 0.071518 -1.431920
v 1.548958 0.113352 -1.431920
v 1.548958 -0.084609 -1.431920
v 1.507124 -0.042775 -1.431920
v 1.705085 0.071518 -1.431920
v 1.720398 0.014372 -1.431920
v 1.705085 -0.042775 -1.431920
v 1.663251 -0.084609 -1.431920
v 1.606104 0.128665 -1.431920
v 1.491811 0.014372 -1.431920
v 1.606104 -0.099921 -1.431920
v 1.663251 0.113352 -1.431920
v 1.475361 0.240826 -1.283214
v 1.379650 -0.116372 -1.283214
v 1.867592 0.014372 -1.283214
v 1.736848 -0.212083 -1.283214
v 1.606104 0.275859 -1.283214
v 1.344617 0.014372 -1.283214
v 1.606104 -0.247116 -1.283214
v 1.736848 0.240827 -1.283214
v 1.379650 0.145115 -1.283214
v 1.475361 -0.212083 -1.283214
v 1.832559 0.145116 -1.283214
v 1.832559 -0.116372 -1.283214
v 1.873312 0.014372 -1.281055
v 1.837513 -0.119232 -1.281055
v 1.739708 -0.217037 -1.281055
v 1.606104 -0.252836 -1.281055
v 1.472501 -0.217037 -1.281055
v 1.374696 -0.119232 -1.281055
v 1.338897 0.014372 -1.281055
v 1.374696 0.147976 -1.281055
v 1.472501 0.245780 -1.281055
v 1.606104 0.281579 -1.281055
v 1.739708 0.245780 -1.281055
v 1.837513 0.147976 -1.281055
v 1.891096 -0.150168 -1.281055
v 1.770644 -0.270620 -1.281055
v 1.606104 -0.314708 -1.281055
v 1.441565 -0.270620 -1.281055
v 1.321113 -0.150168 -1.281055
v 1.277025 0.014372 -1.281055
v 1.321113 0.178912 -1.281055
v 1.441565 0.299363 -1.281055
v 1.606104 0.343451 -1.281055
v 1.770644 0.299363 -1.281055
v 1.891096 0.178912 -1.281055
v 1.935184 0.014372 -1.281055
v 1.653700 -0.013107 -1.892516
v 1.661063 0.014372 -1.892516
v 1.633584 -0.033224 -1.892516
v 1.606104 -0.040587 -1.892516
v 1.578625 -0.033224 -1.892516
v 1.558509 -0.013107 -1.892516
v 1.551146 0.014372 -1.892516
v 1.558509 0.041851 -1.892516
v 1.578625 0.061968 -1.892516
v 1.606104 0.069331 -1.892516
v 1.633584 0.061968 -1.892516
v 1.653700 0.041851 -1.892516
v 1.578625 0.061968 -1.886036
v 1.606104 0.069331 -1.886036
v 1.558509 -0.013107 -1.886036
v 1.551146 0.014372 -1.886036
v 1.633584 -0.033224 -1.886036
v 1.606104 -0.040587 -1.886036
v 1.633584 0.061968 -1.886036
v 1.558509 0.041851 -1.886036
v 1.578625 -0.033224 -1.886036
v 1.653700 0.041851 -1.886036
v 1.661063 0.014372 -1.886036
v 1.653700 -0.013107 -1.886036
v 1.606104 0.069331 -1.438759
v 1.551146 0.014372 -1.438759
v 1.606104 -0.040587 -1.438759
v 1.633584 0.061967 -1.438759
v 1.558509 0.041851 -1.438759
v 1.578625 -0.033224 -1.438759
v 1.653700 0.041851 -1.438759
v 1.653700 -0.013108 -1.438759
v 1.578625 0.061967 -1.438759
v 1.558509 -0.013108 -1.438759
v 1.633584 -0.033224 -1.438759
v 1.661063 0.014372 -1.438759
v 1.769464 -0.079945 1.678506
v 1.794737 0.014372 1.678506
v 1.700420 -0.148989 1.678506
v 1.606104 -0.174261 1.678506
v 1.511788 -0.148989 1.678506
v 1.442744 -0.079945 1.678506
v 1.417472 0.014372 1.678506
v 1.442744 0.108688 1.678506
v 1.511788 0.177732 1.678506
v 1.606104 0.203004 1.678506
v 1.700420 0.177732 1.678506
v 1.769464 0.108688 1.678506
v 1.838274 0.014372 2.055974
v 1.807170 -0.101714 2.055974
v 1.722189 -0.186694 2.055974
v 1.606104 -0.217799 2.055974
v 1.490019 -0.186694 2.055974
v 1.405039 -0.101714 2.055974
v 1.373934 0.014372 2.055974
v 1.405039 0.130457 2.055974
v 1.490019 0.215437 2.055974
v 1.606104 0.246542 2.055974
v 1.722189 0.215437 2.055974
v 1.807170 0.130457 2.055974
vt 1.000000 0.990616
vt 1.000000 1.000000
vt 0.916667 1.000000
vt 0.916667 0.990616
vt 0.833333 1.000000
vt 0.833333 0.990616
vt 0.750000 1.000000
vt 0.750000 0.990616
vt 0.666667 1.000000
vt 0.666667 0.990616
vt 0.583333 1.000000
vt 0.583333 0.990616
vt 0.500000 1.000000
vt 0.500000 0.990616
vt 0.416667 1.000000
vt 0.416667 0.990616
vt 0.333333 1.000000
vt 0.333333 0.990616
vt 0.250000 1.000000
vt 0.250000 0.990616
vt 0.166667 1.000000
vt 0.166667 0.990616
vt 0.086317 0.155497
vt 0.155497 0.086317
vt 0.155497 0.086317
vt 0.086317 0.155497
vt 0.083333 1.000000
vt 0.083333 0.990616
vt 0.000000 1.000000
vt 0.000000 0.990616
vt 1.000000 0.519615
vt 0.916667 0.519615
vt 0.250000 0.485933
vt 0.367967 0.454324
vt 0.370000 0.457846
vt 0.250000 0.490000
vt 0.454324 0.367967
vt 0.457846 0.370000
vt 0.485933 0.250000
vt 0.490000 0.250000
vt 0.454324 0.132033
vt 0.457846 0.130000
vt 0.367967 0.045676
vt 0.370000 0.042154
vt 0.250000 0.014067
vt 0.250000 0.010000
vt 0.132033 0.045676
vt 0.130000 0.042154
vt 0.045676 0.132033
vt 0.042154 0.130000
vt 0.014067 0.250000
vt 0.010000 0.250000
vt 0.045676 0.367967
vt 0.042154 0.370000
vt 0.132033 0.454324
vt 0.130000 0.457846
vt 1.000000 0.516763
vt 1.000000 0.517752
vt 0.916667 0.517752
vt 0.916667 0.516763
vt 0.833333 0.517752
vt 0.833333 0.516762
vt 0.750000 0.517752
vt 0.750000 0.516763
vt 0.666667 0.517752
vt 0.666667 0.516762
vt 0.583333 0.517752
vt 0.583333 0.516762
vt 0.500000 0.517752
vt 0.500000 0.516763
vt 0.416667 0.517752
vt 0.416667 0.516763
vt 0.333333 0.517752
vt 0.333333 0.516763
vt 0.250000 0.517752
vt 0.250000 0.516762
vt 0.166667 0.517752
vt 0.166667 0.516762
vt 0.083333 0.517752
vt 0.083333 0.516762
vt 0.000000 0.517752
vt 0.000000 0.516763
vt 0.833333 0.519615
vt 0.750000 0.519615
vt 0.666667 0.519615
vt 0.583333 0.519615
vt 0.500000 0.519615
vt 0.416667 0.519615
vt 0.333333 0.519615
vt 0.250000 0.519615
vt 0.166667 0.519615
vt 0.083333 0.519615
vt 0.000000 0.519615
vt 0.344503 0.086317
vt 0.413683 0.155497
vt 0.413683 0.155497
vt 0.344503 0.086317
vt 0.250000 0.439005
vt 0.155497 0.413683
vt 0.155497 0.413683
vt 0.250000 0.439005
vt 0.413683 0.344503
vt 0.344503 0.413683
vt 0.344503 0.413683
vt 0.413683 0.344503
vt 0.060995 0.250000
vt 0.060995 0.250000
vt 0.250000 0.060995
vt 0.250000 0.060995
vt 0.439005 0.250000
vt 0.439005 0.250000
vt 0.086316 0.344503
vt 0.086316 0.344503
vt 0.250000 0.430486
vt 0.340243 0.406305
vt 0.406305 0.340243
vt 0.430486 0.250000
vt 0.406305 0.159757
vt 0.340243 0.093695
vt 0.250000 0.069514
vt 0.159757 0.093695
vt 0.093695 0.159757
vt 0.069514 0.250000
vt 0.093695 0.340243
vt 0.159757 0.406305
vt 0.203827 0.329973
vt 0.250000 0.342345
vt 0.250000 0.349015
vt 0.200492 0.335750
vt 0.170027 0.296172
vt 0.164250 0.299508
vt 0.157655 0.250000
vt 0.150985 0.250000
vt 0.170027 0.203828
vt 0.164250 0.200492
vt 0.203828 0.170027
vt 0.200492 0.164250
vt 0.250000 0.157655
vt 0.250000 0.150985
vt 0.296172 0.170027
vt 0.299508 0.164250
vt 0.329973 0.203828
vt 0.335750 0.200492
vt 0.342345 0.250000
vt 0.349015 0.250000
vt 0.329973 0.296172
vt 0.335750 0.299508
vt 0.296172 0.329973
vt 0.299508 0.335750
vt 0.344503 0.413683
vt 0.250000 0.439005
vt 0.155497 0.413683
vt 0.086316 0.344503
vt 0.413683 0.155497
vt 0.439005 0.250000
vt 0.155497 0.086317
vt 0.250000 0.060995
vt 0.060995 0.250000
vt 0.413683 0.344503
vt 0.344503 0.086317
vt 0.086317 0.155497
vt 0.086317 0.155497
vt 0.155497 0.086317
vt 0.344503 0.086317
vt 0.413683 0.155497
vt 0.250000 0.439005
vt 0.155497 0.413683
vt 0.413683 0.344503
vt 0.344503 0.413683
vt 0.060995 0.250000
vt 0.250000 0.060995
vt 0.439005 0.250000
vt 0.086316 0.344503
vt 0.250000 0.441574
vt 0.154213 0.415908
vt 0.084092 0.345787
vt 0.058426 0.250000
vt 0.084092 0.154213
vt 0.154213 0.084092
vt 0.250000 0.058426
vt 0.345787 0.084092
vt 0.415908 0.154213
vt 0.441574 0.250000
vt 0.415908 0.345787
vt 0.345787 0.415908
vt 1.000000 0.990616
vt 0.916667 0.990616
vt 0.916667 1.000000
vt 1.000000 1.000000
vt 0.833333 0.990616
vt 0.833333 1.000000
vt 0.750000 0.990616
vt 0.750000 1.000000
vt 0.666667 0.990616
vt 0.666667 1.000000
vt 0.583333 0.990616
vt 0.583333 1.000000
vt 0.500000 0.990616
vt 0.500000 1.000000
vt 0.416667 0.990616
vt 0.416667 1.000000
vt 0.333333 0.990616
vt 0.333333 1.000000
vt 0.250000 0.990616
vt 0.250000 1.000000
vt 0.166667 0.990616
vt 0.166667 1.000000
vt 0.086317 0.155497
vt 0.086317 0.155497
vt 0.155497 0.086317
vt 0.155497 0.086317
vt 0.083333 0.990616
vt 0.083333 1.000000
vt 0.000000 0.990616
vt 0.000000 1.000000
vt 1.000000 0.519615
vt 0.916667 0.519615
vt 0.250000 0.485933
vt 0.250000 0.490000
vt 0.370000 0.457846
vt 0.367967 0.454324
vt 0.457846 0.370000
vt 0.454324 0.367967
vt 0.490000 0.250000
vt 0.485933 0.250000
vt 0.457846 0.130000
vt 0.454324 0.132033
vt 0.370000 0.042154
vt 0.367967 0.045676
vt 0.250000 0.010000
vt 0.250000 0.014067
vt 0.130000 0.042154
vt 0.132033 0.045676
vt 0.042154 0.130000
vt 0.045676 0.132033
vt 0.010000 0.250000
vt 0.014067 0.250000
vt 0.042154 0.370000
vt 0.045676 0.367967
vt 0.130000 0.457846
vt 0.132033 0.454324
vt 1.000000 0.516763
vt 0.916667 0.516763
vt 0.916667 0.517752
vt 1.000000 0.517752
vt 0.833333 0.516762
vt 0.833333 0.517752
vt 0.750000 0.516763
vt 0.750000 0.517752
vt 0.666667 0.516762
vt 0.666667 0.517752
vt 0.583333 0.516762
vt 0.583333 0.517752
vt 0.500000 0.516763
vt 0.500000 0.517752
vt 0.416667 0.516763
vt 0.416667 0.517752
vt 0.333333 0.516763
vt 0.333333 0.517752
vt 0.250000 0.516762
vt 0.250000 0.517752
vt 0.166667 0.516762
vt 0.166667 0.517752
vt 0.083333 0.516762
vt 0.083333 0.517752
vt 0.000000 0.516763
vt 0.000000 0.517752
vt 0.833333 0.519615
vt 0.750000 0.519615
vt 0.666667 0.519615
vt 0.583333 0.519615
vt 0.500000 0.519615
vt 0.416667 0.519615
vt 0.333333 0.519615
vt 0.250000 0.519615
vt 0.166667 0.519615
vt 0.083333 0.519615
vt 0.000000 0.519615
vt 0.344503 0.086317
vt 0.344503 0.086317
vt 0.413683 0.155497
vt 0.413683 0.155497
vt 0.250000 0.439005
vt 0.250000 0.439005
vt 0.155497 0.413683
vt 0.155497 0.413683
vt 0.413683 0.344503
vt 0.413683 0.344503
vt 0.344503 0.413683
vt 0.344503 0.413683
vt 0.060995 0.250000
vt 0.060995 0.250000
vt 0.250000 0.060995
vt 0.250000 0.060995
vt 0.439005 0.250000
vt 0.439005 0.250000
vt 0.086316 0.344503
vt 0.086316 0.344503
vt 0.250000 0.430486
vt 0.340243 0.406305
vt 0.406305 0.340243
vt 0.430486 0.250000
vt 0.406305 0.159757
vt 0.340243 0.093695
vt 0.250000 0.069514
vt 0.159757 0.093695
vt 0.093695 0.159757
vt 0.069514 0.250000
vt 0.093695 0.340243
vt 0.159757 0.406305
vt 0.203827 0.329973
vt 0.200492 0.335750
vt 0.250000 0.349015
vt 0.250000 0.342345
vt 0.170027 0.296172
vt 0.164250 0.299508
vt 0.157655 0.250000
vt 0.150985 0.250000
vt 0.170027 0.203828
vt 0.164250 0.200492
vt 0.203828 0.170027
vt 0.200492 0.164250
vt 0.250000 0.157655
vt 0.250000 0.150985
vt 0.296172 0.170027
vt 0.299508 0.164250
vt 0.329973 0.203828
vt 0.335750 0.200492
vt 0.342345 0.250000
vt 0.349015 0.250000
vt 0.329973 0.296172
vt 0.335750 0.299508
vt 0.296172 0.329973
vt 0.299508 0.335750
vt 0.344503 0.413683
vt 0.250000 0.439005
vt 0.155497 0.413683
vt 0.086316 0.344503
vt 0.413683 0.155497
vt 0.439005 0.250000
vt 0.155497 0.086317
vt 0.250000 0.060995
vt 0.060995 0.250000
vt 0.413683 0.344503
vt 0.344503 0.086317
vt 0.086317 0.155497
vt 0.086317 0.155497
vt 0.155497 0.086317
vt 0.344503 0.086317
vt 0.413683 0.155497
vt 0.250000 0.439005
vt 0.155497 0.413683
vt 0.413683 0.344503
vt 0.344503 0.413683
vt 0.060995 0.250000
vt 0.250000 0.060995
vt 0.439005 0.250000
vt 0.086316 0.344503
vt 0.154213 0.415908
vt 0.250000 0.441574
vt 0.084092 0.345787
vt 0.058426 0.250000
vt 0.084092 0.154213
vt 0.154213 0.084092
vt 0.250000 0.058426
vt 0.345787 0.084092
vt 0.415908 0.154213
vt 0.441574 0.250000
vt 0.415908 0.345787
vt 0.345787 0.415908
vt 0.851469 0.425749
vt 0.750000 0.452937
vt 0.750000 0.490000
vt 0.870000 0.457846
vt 0.925749 0.351469
vt 0.957846 0.370000
vt 0.952937 0.250000
vt 0.990000 0.250000
vt 0.925749 0.148531
vt 0.957846 0.130000
vt 0.851469 0.074251
vt 0.870000 0.042154
vt 0.750000 0.047063
vt 0.750000 0.010000
vt 0.648531 0.074251
vt 0.630000 0.042154
vt 0.574251 0.148531
vt 0.542154 0.130000
vt 0.547063 0.250000
vt 0.510000 0.250000
vt 0.574251 0.351469
vt 0.542154 0.370000
vt 0.648531 0.425749
vt 0.630000 0.457846
vt 0.083333 0.512041
vt 0.000000 0.512041
vt 0.166667 0.512041
vt 0.250000 0.512041
vt 0.333333 0.512041
vt 0.416667 0.512041
vt 0.500000 0.512041
vt 0.583333 0.512041
vt 0.666667 0.512041
vt 0.750000 0.512041
vt 0.833333 0.512041
vt 0.916667 0.512041
vt 1.000000 0.512041
vt 0.750000 0.451974
vt 0.649013 0.424915
vt 0.575085 0.350987
vt 0.548026 0.250000
vt 0.575085 0.149013
vt 0.649013 0.075085
vt 0.750000 0.048026
vt 0.850987 0.075085
vt 0.924915 0.149013
vt 0.951974 0.250000
vt 0.924915 0.350987
vt 0.850987 0.424914
vt 0.846126 0.416495
vt 0.750000 0.442252
vt 0.916495 0.346126
vt 0.942252 0.250000
vt 0.916495 0.153874
vt 0.846126 0.083505
vt 0.750000 0.057748
vt 0.653874 0.083505
vt 0.583505 0.153874
vt 0.557748 0.250000
vt 0.583505 0.346126
vt 0.653874 0.416495
vt 0.823774 0.377780
vt 0.750000 0.397548
vt 0.877780 0.323774
vt 0.897548 0.250000
vt 0.877780 0.176226
vt 0.823774 0.122220
vt 0.750000 0.102452
vt 0.676226 0.122220
vt 0.622220 0.176226
vt 0.602452 0.250000
vt 0.622220 0.323774
vt 0.676226 0.377780
vt 0.820198 0.371586
vt 0.750000 0.390396
vt 0.871586 0.320198
vt 0.890396 0.250000
vt 0.871586 0.179802
vt 0.820198 0.128413
vt 0.750000 0.109604
vt 0.679802 0.128413
vt 0.628413 0.179802
vt 0.609604 0.250000
vt 0.628413 0.320198
vt 0.679802 0.371586
vt 0.820132 0.371472
vt 0.750000 0.390263
vt 0.871472 0.320132
vt 0.890264 0.250000
vt 0.871472 0.179868
vt 0.820132 0.128528
vt 0.750000 0.109736
vt 0.679868 0.128528
vt 0.628528 0.179868
vt 0.609736 0.250000
vt 0.628528 0.320132
vt 0.679868 0.371472
vt 0.750000 0.384836
vt 0.682582 0.366771
vt 0.682380 0.367121
vt 0.750000 0.385240
vt 0.633229 0.317418
vt 0.632879 0.317620
vt 0.615164 0.250000
vt 0.614760 0.250000
vt 0.633229 0.182582
vt 0.632879 0.182380
vt 0.682582 0.133229
vt 0.682380 0.132879
vt 0.750000 0.115164
vt 0.750000 0.114760
vt 0.817418 0.133229
vt 0.817620 0.132879
vt 0.866771 0.182582
vt 0.867121 0.182380
vt 0.884836 0.250000
vt 0.885240 0.250000
vt 0.866771 0.317418
vt 0.867121 0.317620
vt 0.817418 0.366771
vt 0.817620 0.367121
vt 0.851469 0.425749
vt 0.870000 0.457846
vt 0.750000 0.490000
vt 0.750000 0.452937
vt 0.925749 0.351469
vt 0.957846 0.370000
vt 0.952937 0.250000
vt 0.990000 0.250000
vt 0.925749 0.148531
vt 0.957846 0.130000
vt 0.851469 0.074251
vt 0.870000 0.042154
vt 0.750000 0.047063
vt 0.750000 0.010000
vt 0.648531 0.074251
vt 0.630000 0.042154
vt 0.574251 0.148531
vt 0.542154 0.130000
vt 0.547063 0.250000
vt 0.510000 0.250000
vt 0.574251 0.351469
vt 0.542154 0.370000
vt 0.648531 0.425749
vt 0.630000 0.457846
vt 0.083333 0.512041
vt 0.000000 0.512041
vt 0.166667 0.512041
vt 0.250000 0.512041
vt 0.333333 0.512041
vt 0.416667 0.512041
vt 0.500000 0.512041
vt 0.583333 0.512041
vt 0.666667 0.512041
vt 0.750000 0.512041
vt 0.833333 0.512041
vt 0.916667 0.512041
vt 1.000000 0.512041
vt 0.750000 0.451974
vt 0.649013 0.424915
vt 0.575085 0.350987
vt 0.548026 0.250000
vt 0.575085 0.149013
vt 0.649013 0.075085
vt 0.750000 0.048026
vt 0.850987 0.075085
vt 0.924915 0.149013
vt 0.951974 0.250000
vt 0.924915 0.350987
vt 0.850987 0.424914
vt 0.846126 0.416495
vt 0.750000 0.442252
vt 0.916495 0.346126
vt 0.942252 0.250000
vt 0.916495 0.153874
vt 0.846126 0.083505
vt 0.750000 0.057748
vt 0.653874 0.083505
vt 0.583505 0.153874
vt 0.557748 0.250000
vt 0.583505 0.346126
vt 0.653874 0.416495
vt 0.823774 0.377780
vt 0.750000 0.397548
vt 0.877780 0.323774
vt 0.897548 0.250000
vt 0.877780 0.176226
vt 0.823774 0.122220
vt 0.750000 0.102452
vt 0.676226 0.122220
vt 0.622220 0.176226
vt 0.602452 0.250000
vt 0.622220 0.323774
vt 0.676226 0.377780
vt 0.820198 0.371586
vt 0.750000 0.390396
vt 0.871586 0.320198
vt 0.890396 0.250000
vt 0.871586 0.179802
vt 0.820198 0.128413
vt 0.750000 0.109604
vt 0.679802 0.128413
vt 0.628413 0.179802
vt 0.609604 0.250000
vt 0.628413 0.320198
vt 0.679802 0.371586
vt 0.820132 0.371472
vt 0.750000 0.390263
vt 0.871472 0.320132
vt 0.890264 0.250000
vt 0.871472 0.179868
vt 0.820132 0.128528
vt 0.750000 0.109736
vt 0.679868 0.128528
vt 0.628528 0.179868
vt 0.609736 0.250000
vt 0.628528 0.320132
vt 0.679868 0.371472
vt 0.750000 0.384836
vt 0.750000 0.385240
vt 0.682380 0.367121
vt 0.682582 0.366771
vt 0.632879 0.317620
vt 0.633229 0.317418
vt 0.614760 0.250000
vt 0.615164 0.250000
vt 0.632879 0.182380
vt 0.633229 0.182582
vt 0.682380 0.132879
vt 0.682582 0.133229
vt 0.750000 0.114760
vt 0.750000 0.115164
vt 0.817620 0.132879
vt 0.817418 0.133229
vt 0.867121 0.182380
vt 0.866771 0.182582
vt 0.885240 0.250000
vt 0.884836 0.250000
vt 0.867121 0.317620
vt 0.866771 0.317418
vt 0.817620 0.367121
vt 0.817418 0.366771
vt 0.157655 0.250000
vt 0.170027 0.203828
vt 0.170027 0.203828
vt 0.157655 0.250000
vt 0.292672 0.323910
vt 0.250000 0.335344
vt 0.207328 0.323910
vt 0.176090 0.292672
vt 0.164656 0.250000
vt 0.176090 0.207328
vt 0.207328 0.176090
vt 0.250000 0.164656
vt 0.292672 0.176090
vt 0.323910 0.207328
vt 0.335344 0.250000
vt 0.323910 0.292672
vt 0.250000 0.157655
vt 0.296172 0.170027
vt 0.296172 0.170027
vt 0.250000 0.157655
vt 0.342345 0.250000
vt 0.329973 0.296172
vt 0.329973 0.296172
vt 0.342345 0.250000
vt 0.170027 0.296172
vt 0.170027 0.296172
vt 0.203828 0.170027
vt 0.203828 0.170027
vt 0.329973 0.203828
vt 0.329973 0.203828
vt 0.203828 0.329973
vt 0.203827 0.329973
vt 0.296172 0.329973
vt 0.250000 0.342345
vt 0.250000 0.342345
vt 0.296172 0.329973
vt 0.329973 0.296172
vt 0.296172 0.329973
vt 0.250000 0.342345
vt 0.203827 0.329973
vt 0.296172 0.170027
vt 0.329973 0.203828
vt 0.170027 0.203828
vt 0.203828 0.170027
vt 0.170027 0.296172
vt 0.342345 0.250000
vt 0.250000 0.157655
vt 0.157655 0.250000
vt 0.157655 0.250000
vt 0.157655 0.250000
vt 0.170027 0.203828
vt 0.170027 0.203828
vt 0.292672 0.323910
vt 0.323910 0.292672
vt 0.335344 0.250000
vt 0.323910 0.207328
vt 0.292672 0.176090
vt 0.250000 0.164656
vt 0.207328 0.176090
vt 0.176090 0.207328
vt 0.164656 0.250000
vt 0.176090 0.292672
vt 0.207328 0.323910
vt 0.250000 0.335344
vt 0.250000 0.157655
vt 0.250000 0.157655
vt 0.296172 0.170027
vt 0.296172 0.170027
vt 0.342345 0.250000
vt 0.342345 0.250000
vt 0.329973 0.296172
vt 0.329973 0.296172
vt 0.170027 0.296172
vt 0.170027 0.296172
vt 0.203828 0.170027
vt 0.203828 0.170027
vt 0.329973 0.203828
vt 0.329973 0.203828
vt 0.203828 0.329973
vt 0.203827 0.329973
vt 0.296172 0.329973
vt 0.296172 0.329973
vt 0.250000 0.342345
vt 0.250000 0.342345
vt 0.329973 0.296172
vt 0.296172 0.329973
vt 0.250000 0.342345
vt 0.203827 0.329973
vt 0.296172 0.170027
vt 0.329973 0.203828
vt 0.170027 0.203828
vt 0.203828 0.170027
vt 0.170027 0.296172
vt 0.342345 0.250000
vt 0.250000 0.157655
vt 0.157655 0.250000
vt 0.083333 0.509765
vt 0.083333 0.511081
vt 0.000000 0.511081
vt 0.000000 0.509766
vt 0.166667 0.509765
vt 0.166667 0.511081
vt 0.250000 0.509766
vt 0.250000 0.511081
vt 0.333333 0.509766
vt 0.333333 0.511081
vt 0.416667 0.509766
vt 0.416667 0.511081
vt 0.500000 0.509766
vt 0.500000 0.511081
vt 0.583333 0.509766
vt 0.583333 0.511081
vt 0.666667 0.509766
vt 0.666667 0.511081
vt 0.750000 0.509766
vt 0.750000 0.511081
vt 0.833333 0.509765
vt 0.833333 0.511081
vt 0.916667 0.509766
vt 0.916667 0.511081
vt 1.000000 0.509766
vt 1.000000 0.511081
vt 1.000000 0.500000
vt 0.916667 0.500000
vt 0.833333 0.500000
vt 0.750000 0.500000
vt 0.666667 0.500000
vt 0.583333 0.500000
vt 0.500000 0.500000
vt 0.416667 0.500000
vt 0.333333 0.500000
vt 0.250000 0.500000
vt 0.166667 0.500000
vt 0.083333 0.500000
vt 0.000000 0.500000
vt 0.083333 0.509765
vt 0.000000 0.509766
vt 0.000000 0.511081
vt 0.083333 0.511081
vt 0.166667 0.509765
vt 0.166667 0.511081
vt 0.250000 0.509766
vt 0.250000 0.511081
vt 0.333333 0.509766
vt 0.333333 0.511081
vt 0.416667 0.509766
vt 0.416667 0.511081
vt 0.500000 0.509766
vt 0.500000 0.511081
vt 0.583333 0.509766
vt 0.583333 0.511081
vt 0.666667 0.509766
vt 0.666667 0.511081
vt 0.750000 0.509766
vt 0.750000 0.511081
vt 0.833333 0.509765
vt 0.833333 0.511081
vt 0.916667 0.509766
vt 0.916667 0.511081
vt 1.000000 0.509766
vt 1.000000 0.511081
vt 1.000000 0.500000
vt 0.916667 0.500000
vt 0.833333 0.500000
vt 0.750000 0.500000
vt 0.666667 0.500000
vt 0.583333 0.500000
vt 0.500000 0.500000
vt 0.416667 0.500000
vt 0.333333 0.500000
vt 0.250000 0.500000
vt 0.166667 0.500000
vt 0.083333 0.500000
vt 0.000000 0.500000
vn -1.0000 0.0000 0.0000
vn -0.7571 0.0000 -0.6532
vn -0.6557 -0.3786 -0.6532
vn -0.8660 -0.5000 0.0000
vn -0.3786 -0.6557 -0.6532
vn -0.5000 -0.8660 0.0000
vn 0.0000 -0.7571 -0.6532
vn 0.0000 -1.0000 0.0000
vn 0.3786 -0.6557 -0.6532
vn 0.5000 -0.8660 0.0000
vn 0.6557 -0.3786 -0.6532
vn 0.8660 -0.5000 0.0000
vn 0.7572 0.0000 -0.6532
vn 1.0000 0.0000 0.0000
vn 0.6557 0.3786 -0.6532
vn 0.8660 0.5000 0.0000
vn 0.3786 0.6557 -0.6532
vn 0.5000 0.8660 0.0000
vn 0.0000 0.7571 -0.6532
vn 0.0000 1.0000 0.0000
vn -0.3786 0.6557 -0.6532
vn -0.5000 0.8660 0.0000
vn 0.3554 0.6155 -0.7035
vn 0.6155 0.3554 -0.7035
vn 0.3784 0.2185 -0.8995
vn 0.2185 0.3784 -0.8995
vn -0.6557 0.3786 -0.6532
vn -0.8660 0.5000 0.0000
vn 0.0000 0.0000 -1.0000
vn -0.6536 0.0000 -0.7568
vn -0.8957 0.0000 -0.4445
vn -0.7757 -0.4479 -0.4445
vn -0.5661 -0.3268 -0.7568
vn -0.4479 -0.7757 -0.4445
vn -0.3268 -0.5661 -0.7568
vn 0.0000 -0.8957 -0.4445
vn 0.0000 -0.6536 -0.7568
vn 0.4479 -0.7757 -0.4445
vn 0.3268 -0.5661 -0.7568
vn 0.7757 -0.4479 -0.4445
vn 0.5661 -0.3268 -0.7568
vn 0.8957 0.0000 -0.4445
vn 0.6536 0.0000 -0.7568
vn 0.7757 0.4479 -0.4445
vn 0.5661 0.3268 -0.7568
vn 0.4479 0.7757 -0.4445
vn 0.3268 0.5661 -0.7568
vn 0.0000 0.8957 -0.4445
vn 0.0000 0.6536 -0.7568
vn -0.4479 0.7757 -0.4445
vn -0.3268 0.5661 -0.7568
vn -0.7757 0.4479 -0.4445
vn -0.5661 0.3268 -0.7568
vn 0.6155 -0.3553 -0.7035
vn 0.3553 -0.6155 -0.7035
vn 0.2184 -0.3784 -0.8995
vn 0.3783 -0.2185 -0.8995
vn -0.7107 0.0000 -0.7035
vn -0.6155 0.3553 -0.7035
vn -0.3784 0.2185 -0.8995
vn -0.4369 0.0000 -0.8995
vn -0.3553 -0.6155 -0.7035
vn -0.6155 -0.3553 -0.7035
vn -0.3784 -0.2185 -0.8995
vn -0.2184 -0.3784 -0.8995
vn 0.0000 0.7107 -0.7035
vn 0.0000 0.4369 -0.8995
vn 0.7107 0.0000 -0.7035
vn 0.4369 0.0000 -0.8995
vn 0.0000 -0.7107 -0.7035
vn 0.0000 -0.4369 -0.8995
vn -0.3553 0.6155 -0.7035
vn -0.2185 0.3784 -0.8995
vn -0.5523 0.3189 -0.7703
vn -0.6377 0.0000 -0.7703
vn -0.3189 0.5523 -0.7703
vn 0.0000 0.6377 -0.7703
vn 0.3189 0.5523 -0.7703
vn 0.5523 0.3189 -0.7703
vn 0.6377 0.0000 -0.7703
vn 0.5523 -0.3189 -0.7703
vn 0.3189 -0.5523 -0.7703
vn 0.0000 -0.6377 -0.7703
vn -0.3189 -0.5523 -0.7703
vn -0.5523 -0.3189 -0.7703
vn 0.6155 0.3553 -0.7035
vn 0.1639 0.2839 -0.9447
vn 0.2839 0.1639 -0.9447
vn 0.2839 -0.1639 -0.9447
vn 0.1639 -0.2839 -0.9447
vn -0.3279 0.0000 -0.9447
vn -0.2839 0.1639 -0.9447
vn -0.1639 -0.2839 -0.9447
vn -0.2839 -0.1639 -0.9447
vn 0.0000 0.3279 -0.9447
vn 0.3279 0.0000 -0.9447
vn 0.0000 -0.3279 -0.9447
vn -0.1639 0.2839 -0.9447
vn 0.7571 0.0000 -0.6532
vn -0.3554 0.6155 -0.7035
vn -0.6155 0.3554 -0.7035
vn -0.6155 -0.3554 -0.7035
vn -0.2185 -0.3784 -0.8995
vn -0.3554 -0.6155 -0.7035
vn 0.3784 -0.2185 -0.8995
vn 0.6155 -0.3554 -0.7035
vn 0.3553 0.6155 -0.7035
vn 0.2184 0.3784 -0.8995
vn -0.8513 -0.4915 0.1834
vn -0.9830 0.0000 0.1834
vn -0.9958 0.0000 0.0908
vn -0.8624 -0.4979 0.0908
vn -0.4915 -0.8513 0.1834
vn -0.4979 -0.8624 0.0908
vn 0.0000 -0.9830 0.1834
vn 0.0000 -0.9958 0.0908
vn 0.4915 -0.8513 0.1834
vn 0.4979 -0.8624 0.0908
vn 0.8513 -0.4915 0.1834
vn 0.8624 -0.4979 0.0908
vn 0.9830 0.0000 0.1834
vn 0.9958 0.0000 0.0908
vn 0.8513 0.4915 0.1834
vn 0.8624 0.4979 0.0908
vn 0.4915 0.8513 0.1834
vn 0.4979 0.8624 0.0908
vn 0.0000 0.9830 0.1834
vn 0.0000 0.9958 0.0908
vn -0.4915 0.8513 0.1834
vn -0.4979 0.8624 0.0908
vn -0.8513 0.4915 0.1834
vn -0.8624 0.4979 0.0908
vn -0.6939 0.0000 0.7200
vn -0.6010 0.3470 0.7200
vn -0.3470 0.6010 0.7200
vn 0.0000 0.6939 0.7200
vn 0.3470 0.6010 0.7200
vn 0.6010 0.3470 0.7200
vn 0.6939 0.0000 0.7200
vn 0.6010 -0.3470 0.7200
vn 0.3470 -0.6010 0.7200
vn 0.0000 -0.6939 0.7200
vn -0.3470 -0.6010 0.7200
vn -0.6010 -0.3470 0.7200
vn -0.0094 -0.0054 0.9999
vn -0.0108 0.0000 0.9999
vn -0.0054 -0.0094 0.9999
vn 0.0000 -0.0108 0.9999
vn 0.0054 -0.0094 0.9999
vn 0.0094 -0.0054 0.9999
vn 0.0108 0.0000 0.9999
vn 0.0094 0.0054 0.9999
vn 0.0054 0.0094 0.9999
vn 0.0000 0.0108 0.9999
vn -0.0054 0.0094 0.9999
vn -0.0094 0.0054 0.9999
vn -0.0132 -0.0076 0.9999
vn -0.0152 0.0000 0.9999
vn -0.0076 -0.0132 0.9999
vn 0.0000 -0.0152 0.9999
vn 0.0076 -0.0132 0.9999
vn 0.0132 -0.0076 0.9999
vn 0.0152 0.0000 0.9999
vn 0.0132 0.0076 0.9999
vn 0.0076 0.0132 0.9999
vn 0.0000 0.0152 0.9999
vn -0.0076 0.0132 0.9999
vn -0.0132 0.0076 0.9999
vn 0.5463 0.3154 0.7759
vn 0.6308 0.0000 0.7759
vn 0.3154 0.5463 0.7759
vn 0.0000 0.6308 0.7759
vn -0.3154 0.5463 0.7759
vn -0.5463 0.3154 0.7759
vn -0.6308 0.0000 0.7759
vn -0.5463 -0.3154 0.7759
vn -0.3154 -0.5463 0.7759
vn 0.0000 -0.6308 0.7759
vn 0.3154 -0.5463 0.7759
vn 0.5463 -0.3154 0.7759
vn 0.8641 0.4989 0.0660
vn 0.9978 0.0000 0.0660
vn 0.4989 0.8641 0.0660
vn 0.0000 0.9978 0.0660
vn -0.4989 0.8641 0.0660
vn -0.8641 0.4989 0.0660
vn -0.9978 0.0000 0.0660
vn -0.8641 -0.4989 0.0660
vn -0.4989 -0.8641 0.0660
vn 0.0000 -0.9978 0.0660
vn 0.4989 -0.8641 0.0660
vn 0.8641 -0.4989 0.0660
vn 0.7512 0.0000 0.6601
vn 0.6505 -0.3756 0.6601
vn 0.8641 -0.4989 0.0671
vn 0.9977 0.0000 0.0671
vn 0.3756 -0.6505 0.6601
vn 0.4989 -0.8641 0.0671
vn 0.0000 -0.7512 0.6601
vn 0.0000 -0.9977 0.0671
vn -0.3756 -0.6505 0.6601
vn -0.4989 -0.8641 0.0671
vn -0.6505 -0.3756 0.6601
vn -0.8641 -0.4989 0.0671
vn -0.7512 0.0000 0.6601
vn -0.9977 0.0000 0.0671
vn -0.6505 0.3756 0.6601
vn -0.8641 0.4989 0.0671
vn -0.3756 0.6505 0.6601
vn -0.4989 0.8641 0.0671
vn 0.0000 0.7512 0.6601
vn 0.0000 0.9977 0.0671
vn 0.3756 0.6505 0.6601
vn 0.4989 0.8641 0.0671
vn 0.6505 0.3756 0.6601
vn 0.8641 0.4989 0.0671
vn -0.9830 0.0000 0.1835
vn -0.7572 0.0000 -0.6532
vn -0.7966 0.4599 -0.3922
vn -0.9199 0.0000 -0.3922
vn -0.4599 0.7966 -0.3922
vn 0.0000 0.9199 -0.3922
vn 0.4599 0.7966 -0.3922
vn 0.7966 0.4599 -0.3922
vn 0.9199 0.0000 -0.3922
vn 0.7966 -0.4599 -0.3922
vn 0.4599 -0.7966 -0.3922
vn 0.0000 -0.9199 -0.3922
vn -0.4599 -0.7966 -0.3922
vn -0.7966 -0.4599 -0.3922
usemtl DarkPorple
s 1
f 1273/1448/738 1298/1449/739 1297/1450/740 1274/1451/741
f 1274/1451/741 1297/1450/740 1299/1452/742 1275/1453/743
f 1275/1453/743 1299/1452/742 1300/1454/744 1276/1455/745
f 1276/1455/745 1300/1454/744 1301/1456/746 1277/1457/747
f 1277/1457/747 1301/1456/746 1302/1458/748 1278/1459/749
f 1278/1459/749 1302/1458/748 1303/1460/750 1279/1461/751
f 1279/1461/751 1303/1460/750 1304/1462/752 1280/1463/753
f 1280/1463/753 1304/1462/752 1305/1464/754 1281/1465/755
f 1281/1465/755 1305/1464/754 1306/1466/756 1282/1467/757
f 1282/1467/757 1306/1466/756 1307/1468/758 1283/1469/759
f 1490/1470/760 1489/1471/761 1448/1472/762 1449/1473/763
f 1283/1469/759 1307/1468/758 1308/1474/764 1284/1475/765
f 1284/1475/765 1308/1474/764 1298/1476/739 1273/1477/738
f 1321/1478/738 1273/1448/738 1274/1451/741 1322/1479/741
f 1536/1480/766 1525/1481/766 1297/1482/740 1298/1483/739
f 1525/1481/766 1526/1484/766 1299/1485/742 1297/1482/740
f 1526/1484/766 1527/1486/766 1300/1487/744 1299/1485/742
f 1527/1486/766 1528/1488/766 1301/1489/746 1300/1487/744
f 1528/1488/766 1529/1490/766 1302/1491/748 1301/1489/746
f 1529/1490/766 1530/1492/766 1303/1493/750 1302/1491/748
f 1530/1492/766 1531/1494/766 1304/1495/752 1303/1493/750
f 1531/1494/766 1532/1496/766 1305/1497/754 1304/1495/752
f 1532/1496/766 1533/1498/766 1306/1499/756 1305/1497/754
f 1533/1498/766 1534/1500/766 1307/1501/758 1306/1499/756
f 1534/1500/766 1535/1502/766 1308/1503/764 1307/1501/758
f 1535/1502/766 1536/1480/766 1298/1483/739 1308/1503/764
f 1356/1504/767 1320/1505/768 1309/1506/769 1345/1507/770
f 1345/1507/770 1309/1506/769 1310/1508/771 1346/1509/772
f 1346/1509/772 1310/1508/771 1311/1510/773 1347/1511/774
f 1347/1511/774 1311/1510/773 1312/1512/775 1348/1513/776
f 1348/1513/776 1312/1512/775 1313/1514/777 1349/1515/778
f 1349/1515/778 1313/1514/777 1314/1516/779 1350/1517/780
f 1350/1517/780 1314/1516/779 1315/1518/781 1351/1519/782
f 1351/1519/782 1315/1518/781 1316/1520/783 1352/1521/784
f 1352/1521/784 1316/1520/783 1317/1522/785 1353/1523/786
f 1353/1523/786 1317/1522/785 1318/1524/787 1354/1525/788
f 1354/1525/788 1318/1524/787 1319/1526/789 1355/1527/790
f 1355/1527/790 1319/1526/789 1320/1528/768 1356/1529/767
f 1320/1505/768 1321/1478/738 1322/1479/741 1309/1506/769
f 1309/1506/769 1322/1479/741 1323/1530/743 1310/1508/771
f 1310/1508/771 1323/1530/743 1324/1531/745 1311/1510/773
f 1311/1510/773 1324/1531/745 1325/1532/747 1312/1512/775
f 1312/1512/775 1325/1532/747 1326/1533/749 1313/1514/777
f 1313/1514/777 1326/1533/749 1327/1534/751 1314/1516/779
f 1314/1516/779 1327/1534/751 1328/1535/753 1315/1518/781
f 1315/1518/781 1328/1535/753 1329/1536/755 1316/1520/783
f 1316/1520/783 1329/1536/755 1330/1537/757 1317/1522/785
f 1317/1522/785 1330/1537/757 1331/1538/759 1318/1524/787
f 1318/1524/787 1331/1538/759 1332/1539/765 1319/1526/789
f 1319/1526/789 1332/1539/765 1321/1540/738 1320/1528/768
f 1492/1541/791 1491/1542/792 1445/1543/793 1446/1544/794
f 1494/1545/795 1493/1546/796 1452/1547/797 1442/1548/798
f 1496/1549/799 1495/1550/800 1441/1551/801 1443/1552/802
f 1497/1553/803 1490/1470/760 1449/1473/763 1450/1554/804
f 1498/1555/805 1492/1541/791 1446/1544/794 1447/1556/806
f 1499/1557/807 1496/1549/799 1443/1552/802 1444/1558/808
f 1500/1559/809 1497/1553/803 1450/1554/804 1451/1560/810
f 1489/1471/761 1498/1555/805 1447/1556/806 1448/1472/762
f 1491/1542/792 1499/1557/807 1444/1558/808 1445/1543/793
f 1493/1546/796 1500/1559/809 1451/1560/810 1452/1547/797
f 1495/1550/800 1494/1545/795 1442/1548/798 1441/1551/801
f 1488/1561/766 1477/1562/766 1441/1551/801 1442/1548/798
f 1477/1562/766 1478/1563/766 1443/1552/802 1441/1551/801
f 1478/1563/766 1479/1564/766 1444/1558/808 1443/1552/802
f 1479/1564/766 1480/1565/766 1445/1543/793 1444/1558/808
f 1480/1565/766 1481/1566/766 1446/1544/794 1445/1543/793
f 1481/1566/766 1482/1567/766 1447/1556/806 1446/1544/794
f 1482/1567/766 1483/1568/766 1448/1472/762 1447/1556/806
f 1483/1568/766 1484/1569/766 1449/1473/763 1448/1472/762
f 1484/1569/766 1485/1570/766 1450/1554/804 1449/1473/763
f 1485/1570/766 1486/1571/766 1451/1560/810 1450/1554/804
f 1486/1571/766 1487/1572/766 1452/1547/797 1451/1560/810
f 1487/1572/766 1488/1561/766 1442/1548/798 1452/1547/797
f 1440/1573/811 1430/1574/812 1465/1575/766 1476/1576/766
f 1439/1577/813 1440/1573/811 1476/1576/766 1475/1578/766
f 1438/1579/814 1439/1577/813 1475/1578/766 1474/1580/766
f 1437/1581/815 1438/1579/814 1474/1580/766 1473/1582/766
f 1436/1583/816 1437/1581/815 1473/1582/766 1472/1584/766
f 1435/1585/817 1436/1583/816 1472/1584/766 1471/1586/766
f 1434/1587/818 1435/1585/817 1471/1586/766 1470/1588/766
f 1433/1589/819 1434/1587/818 1470/1588/766 1469/1590/766
f 1432/1591/820 1433/1589/819 1469/1590/766 1468/1592/766
f 1431/1593/821 1432/1591/820 1468/1592/766 1467/1594/766
f 1429/1595/822 1431/1593/821 1467/1594/766 1466/1596/766
f 1430/1574/812 1429/1595/822 1466/1596/766 1465/1575/766
f 1476/1576/766 1465/1575/766 1488/1561/766 1487/1572/766
f 1475/1578/766 1476/1576/766 1487/1572/766 1486/1571/766
f 1474/1580/766 1475/1578/766 1486/1571/766 1485/1570/766
f 1473/1582/766 1474/1580/766 1485/1570/766 1484/1569/766
f 1472/1584/766 1473/1582/766 1484/1569/766 1483/1568/766
f 1471/1586/766 1472/1584/766 1483/1568/766 1482/1567/766
f 1470/1588/766 1471/1586/766 1482/1567/766 1481/1566/766
f 1469/1590/766 1470/1588/766 1481/1566/766 1480/1565/766
f 1468/1592/766 1469/1590/766 1480/1565/766 1479/1564/766
f 1467/1594/766 1468/1592/766 1479/1564/766 1478/1563/766
f 1466/1596/766 1467/1594/766 1478/1563/766 1477/1562/766
f 1465/1575/766 1466/1596/766 1477/1562/766 1488/1561/766
f 1512/1597/800 1503/1598/795 1494/1545/795 1495/1550/800
f 1511/1599/796 1508/1600/809 1500/1559/809 1493/1546/796
f 1510/1601/792 1507/1602/807 1499/1557/807 1491/1542/792
f 1509/1603/823 1506/1604/805 1498/1555/805 1489/1471/761
f 1508/1600/809 1505/1605/803 1497/1553/803 1500/1559/809
f 1507/1602/807 1504/1606/799 1496/1549/799 1499/1557/807
f 1506/1604/805 1502/1607/791 1492/1541/791 1498/1555/805
f 1505/1605/803 1501/1608/760 1490/1470/760 1497/1553/803
f 1504/1606/799 1512/1597/800 1495/1550/800 1496/1549/799
f 1503/1598/795 1511/1599/796 1493/1546/796 1494/1545/795
f 1502/1607/791 1510/1601/792 1491/1542/792 1492/1541/791
f 1501/1608/760 1509/1603/823 1489/1471/761 1490/1470/760
f 1254/1609/824 1252/1610/825 1509/1603/823 1501/1608/760
f 1248/1611/826 1246/1612/827 1510/1601/792 1502/1607/791
f 1238/1613/828 1260/1614/829 1511/1599/796 1503/1598/795
f 1242/1615/830 1240/1616/831 1512/1597/800 1504/1606/799
f 1256/1617/832 1254/1609/824 1501/1608/760 1505/1605/803
f 1250/1618/833 1248/1611/826 1502/1607/791 1506/1604/805
f 1244/1619/834 1242/1615/830 1504/1606/799 1507/1602/807
f 1258/1620/835 1256/1617/832 1505/1605/803 1508/1600/809
f 1252/1610/825 1250/1618/833 1506/1604/805 1509/1603/823
f 1246/1612/827 1244/1619/834 1507/1602/807 1510/1601/792
f 1260/1614/829 1258/1620/835 1508/1600/809 1511/1599/796
f 1240/1616/831 1238/1613/828 1503/1598/795 1512/1597/800
f 1260/1614/829 1238/1613/828 1513/1621/766 1524/1622/766
f 1258/1620/835 1260/1614/829 1524/1622/766 1523/1623/766
f 1256/1617/832 1258/1620/835 1523/1623/766 1522/1624/766
f 1254/1609/824 1256/1617/832 1522/1624/766 1521/1625/766
f 1252/1610/825 1254/1609/824 1521/1625/766 1520/1626/766
f 1250/1618/833 1252/1610/825 1520/1626/766 1519/1627/766
f 1248/1611/826 1250/1618/833 1519/1627/766 1518/1628/766
f 1246/1612/827 1248/1611/826 1518/1628/766 1517/1629/766
f 1244/1619/834 1246/1612/827 1517/1629/766 1516/1630/766
f 1242/1615/830 1244/1619/834 1516/1630/766 1515/1631/766
f 1240/1616/831 1242/1615/830 1515/1631/766 1514/1632/766
f 1238/1613/828 1240/1616/831 1514/1632/766 1513/1621/766
f 1524/1622/766 1513/1621/766 1536/1480/766 1535/1502/766
f 1523/1623/766 1524/1622/766 1535/1502/766 1534/1500/766
f 1522/1624/766 1523/1623/766 1534/1500/766 1533/1498/766
f 1521/1625/766 1522/1624/766 1533/1498/766 1532/1496/766
f 1520/1626/766 1521/1625/766 1532/1496/766 1531/1494/766
f 1519/1627/766 1520/1626/766 1531/1494/766 1530/1492/766
f 1518/1628/766 1519/1627/766 1530/1492/766 1529/1490/766
f 1517/1629/766 1518/1628/766 1529/1490/766 1528/1488/766
f 1516/1630/766 1517/1629/766 1528/1488/766 1527/1486/766
f 1515/1631/766 1516/1630/766 1527/1486/766 1526/1484/766
f 1514/1632/766 1515/1631/766 1526/1484/766 1525/1481/766
f 1513/1621/766 1514/1632/766 1525/1481/766 1536/1480/766
f 1322/1479/741 1274/1451/741 1275/1453/743 1323/1530/743
f 1323/1530/743 1275/1453/743 1276/1455/745 1324/1531/745
f 1324/1531/745 1276/1455/745 1277/1457/747 1325/1532/747
f 1325/1532/747 1277/1457/747 1278/1459/749 1326/1533/749
f 1326/1533/749 1278/1459/749 1279/1461/751 1327/1534/751
f 1327/1534/751 1279/1461/751 1280/1463/753 1328/1535/753
f 1328/1535/753 1280/1463/753 1281/1465/755 1329/1536/755
f 1329/1536/755 1281/1465/755 1282/1467/757 1330/1537/757
f 1330/1537/757 1282/1467/757 1283/1469/759 1331/1538/759
f 1331/1538/759 1283/1469/759 1284/1475/765 1332/1539/765
f 1332/1539/765 1284/1475/765 1273/1477/738 1321/1540/738
f 1633/1633/751 1634/1634/749 1657/1635/748 1658/1636/836
f 1634/1634/749 1635/1637/747 1659/1638/746 1657/1635/748
f 1635/1637/747 1636/1639/745 1660/1640/744 1659/1638/746
f 1636/1639/745 1637/1641/743 1661/1642/742 1660/1640/744
f 1637/1641/743 1638/1643/741 1662/1644/740 1661/1642/742
f 1638/1643/741 1639/1645/738 1663/1646/739 1662/1644/740
f 1639/1645/738 1640/1647/765 1664/1648/764 1663/1646/739
f 1640/1647/765 1641/1649/759 1665/1650/758 1664/1648/764
f 1641/1649/759 1642/1651/757 1666/1652/756 1665/1650/758
f 1642/1651/757 1643/1653/755 1667/1654/754 1666/1652/756
f 1850/1655/837 1809/1656/810 1808/1657/797 1849/1658/838
f 1643/1653/755 1644/1659/753 1668/1660/752 1667/1654/754
f 1644/1659/753 1633/1661/751 1658/1662/836 1668/1660/752
f 1681/1663/751 1682/1664/749 1634/1634/749 1633/1633/751
f 1896/1665/766 1658/1666/836 1657/1667/748 1885/1668/766
f 1885/1668/766 1657/1667/748 1659/1669/746 1886/1670/766
f 1886/1670/766 1659/1669/746 1660/1671/744 1887/1672/766
f 1887/1672/766 1660/1671/744 1661/1673/742 1888/1674/766
f 1888/1674/766 1661/1673/742 1662/1675/740 1889/1676/766
f 1889/1676/766 1662/1675/740 1663/1677/739 1890/1678/766
f 1890/1678/766 1663/1677/739 1664/1679/764 1891/1680/766
f 1891/1680/766 1664/1679/764 1665/1681/758 1892/1682/766
f 1892/1682/766 1665/1681/758 1666/1683/756 1893/1684/766
f 1893/1684/766 1666/1683/756 1667/1685/754 1894/1686/766
f 1894/1686/766 1667/1685/754 1668/1687/752 1895/1688/766
f 1895/1688/766 1668/1687/752 1658/1666/836 1896/1665/766
f 1716/1689/780 1705/1690/778 1669/1691/777 1680/1692/779
f 1705/1690/778 1706/1693/776 1670/1694/775 1669/1691/777
f 1706/1693/776 1707/1695/774 1671/1696/773 1670/1694/775
f 1707/1695/774 1708/1697/772 1672/1698/771 1671/1696/773
f 1708/1697/772 1709/1699/770 1673/1700/769 1672/1698/771
f 1709/1699/770 1710/1701/767 1674/1702/768 1673/1700/769
f 1710/1701/767 1711/1703/790 1675/1704/789 1674/1702/768
f 1711/1703/790 1712/1705/788 1676/1706/787 1675/1704/789
f 1712/1705/788 1713/1707/786 1677/1708/785 1676/1706/787
f 1713/1707/786 1714/1709/784 1678/1710/783 1677/1708/785
f 1714/1709/784 1715/1711/782 1679/1712/781 1678/1710/783
f 1715/1711/782 1716/1713/780 1680/1714/779 1679/1712/781
f 1680/1692/779 1669/1691/777 1682/1664/749 1681/1663/751
f 1669/1691/777 1670/1694/775 1683/1715/747 1682/1664/749
f 1670/1694/775 1671/1696/773 1684/1716/745 1683/1715/747
f 1671/1696/773 1672/1698/771 1685/1717/743 1684/1716/745
f 1672/1698/771 1673/1700/769 1686/1718/741 1685/1717/743
f 1673/1700/769 1674/1702/768 1687/1719/738 1686/1718/741
f 1674/1702/768 1675/1704/789 1688/1720/765 1687/1719/738
f 1675/1704/789 1676/1706/787 1689/1721/759 1688/1720/765
f 1676/1706/787 1677/1708/785 1690/1722/757 1689/1721/759
f 1677/1708/785 1678/1710/783 1691/1723/755 1690/1722/757
f 1678/1710/783 1679/1712/781 1692/1724/753 1691/1723/755
f 1679/1712/781 1680/1714/779 1681/1725/751 1692/1724/753
f 1852/1726/839 1806/1727/801 1805/1728/840 1851/1729/841
f 1854/1730/805 1802/1731/806 1812/1732/762 1853/1733/761
f 1856/1734/792 1803/1735/793 1801/1736/842 1855/1737/843
f 1857/1738/803 1810/1739/804 1809/1656/810 1850/1655/837
f 1858/1740/795 1807/1741/798 1806/1727/801 1852/1726/839
f 1859/1742/807 1804/1743/808 1803/1735/793 1856/1734/792
f 1860/1744/844 1811/1745/845 1810/1739/804 1857/1738/803
f 1849/1658/838 1808/1657/797 1807/1741/798 1858/1740/795
f 1851/1729/841 1805/1728/840 1804/1743/808 1859/1742/807
f 1853/1733/761 1812/1732/762 1811/1745/845 1860/1744/844
f 1855/1737/843 1801/1736/842 1802/1731/806 1854/1730/805
f 1848/1746/766 1802/1731/806 1801/1736/842 1837/1747/766
f 1837/1747/766 1801/1736/842 1803/1735/793 1838/1748/766
f 1838/1748/766 1803/1735/793 1804/1743/808 1839/1749/766
f 1839/1749/766 1804/1743/808 1805/1728/840 1840/1750/766
f 1840/1750/766 1805/1728/840 1806/1727/801 1841/1751/766
f 1841/1751/766 1806/1727/801 1807/1741/798 1842/1752/766
f 1842/1752/766 1807/1741/798 1808/1657/797 1843/1753/766
f 1843/1753/766 1808/1657/797 1809/1656/810 1844/1754/766
f 1844/1754/766 1809/1656/810 1810/1739/804 1845/1755/766
f 1845/1755/766 1810/1739/804 1811/1745/845 1846/1756/766
f 1846/1756/766 1811/1745/845 1812/1732/762 1847/1757/766
f 1847/1757/766 1812/1732/762 1802/1731/806 1848/1746/766
f 1800/1758/816 1836/1759/766 1825/1760/766 1790/1761/817
f 1799/1762/815 1835/1763/766 1836/1759/766 1800/1758/816
f 1798/1764/814 1834/1765/766 1835/1763/766 1799/1762/815
f 1797/1766/813 1833/1767/766 1834/1765/766 1798/1764/814
f 1796/1768/811 1832/1769/766 1833/1767/766 1797/1766/813
f 1795/1770/812 1831/1771/766 1832/1769/766 1796/1768/811
f 1794/1772/822 1830/1773/766 1831/1771/766 1795/1770/812
f 1793/1774/821 1829/1775/766 1830/1773/766 1794/1772/822
f 1792/1776/820 1828/1777/766 1829/1775/766 1793/1774/821
f 1791/1778/819 1827/1779/766 1828/1777/766 1792/1776/820
f 1789/1780/818 1826/1781/766 1827/1779/766 1791/1778/819
f 1790/1761/817 1825/1760/766 1826/1781/766 1789/1780/818
f 1836/1759/766 1847/1757/766 1848/1746/766 1825/1760/766
f 1835/1763/766 1846/1756/766 1847/1757/766 1836/1759/766
f 1834/1765/766 1845/1755/766 1846/1756/766 1835/1763/766
f 1833/1767/766 1844/1754/766 1845/1755/766 1834/1765/766
f 1832/1769/766 1843/1753/766 1844/1754/766 1833/1767/766
f 1831/1771/766 1842/1752/766 1843/1753/766 1832/1769/766
f 1830/1773/766 1841/1751/766 1842/1752/766 1831/1771/766
f 1829/1775/766 1840/1750/766 1841/1751/766 1830/1773/766
f 1828/1777/766 1839/1749/766 1840/1750/766 1829/1775/766
f 1827/1779/766 1838/1748/766 1839/1749/766 1828/1777/766
f 1826/1781/766 1837/1747/766 1838/1748/766 1827/1779/766
f 1825/1760/766 1848/1746/766 1837/1747/766 1826/1781/766
f 1872/1782/791 1855/1737/843 1854/1730/805 1863/1783/805
f 1871/1784/823 1853/1733/761 1860/1744/844 1868/1785/844
f 1870/1786/841 1851/1729/841 1859/1742/807 1867/1787/807
f 1869/1788/796 1849/1658/838 1858/1740/795 1866/1789/795
f 1868/1785/844 1860/1744/844 1857/1738/803 1865/1790/803
f 1867/1787/807 1859/1742/807 1856/1734/792 1864/1791/792
f 1866/1789/795 1858/1740/795 1852/1726/839 1862/1792/800
f 1865/1790/803 1857/1738/803 1850/1655/837 1861/1793/837
f 1864/1791/792 1856/1734/792 1855/1737/843 1872/1782/791
f 1863/1783/805 1854/1730/805 1853/1733/761 1871/1784/823
f 1862/1792/800 1852/1726/839 1851/1729/841 1870/1786/841
f 1861/1793/837 1850/1655/837 1849/1658/838 1869/1788/796
f 1614/1794/835 1861/1793/837 1869/1788/796 1612/1795/829
f 1608/1796/831 1862/1792/800 1870/1786/841 1606/1797/830
f 1598/1798/833 1863/1783/805 1871/1784/823 1620/1799/825
f 1602/1800/827 1864/1791/792 1872/1782/791 1600/1801/826
f 1616/1802/832 1865/1790/803 1861/1793/837 1614/1794/835
f 1610/1803/828 1866/1789/795 1862/1792/800 1608/1796/831
f 1604/1804/834 1867/1787/807 1864/1791/792 1602/1800/827
f 1618/1805/824 1868/1785/844 1865/1790/803 1616/1802/832
f 1612/1795/829 1869/1788/796 1866/1789/795 1610/1803/828
f 1606/1797/830 1870/1786/841 1867/1787/807 1604/1804/834
f 1620/1799/825 1871/1784/823 1868/1785/844 1618/1805/824
f 1600/1801/826 1872/1782/791 1863/1783/805 1598/1798/833
f 1620/1799/825 1884/1806/766 1873/1807/766 1598/1798/833
f 1618/1805/824 1883/1808/766 1884/1806/766 1620/1799/825
f 1616/1802/832 1882/1809/766 1883/1808/766 1618/1805/824
f 1614/1794/835 1881/1810/766 1882/1809/766 1616/1802/832
f 1612/1795/829 1880/1811/766 1881/1810/766 1614/1794/835
f 1610/1803/828 1879/1812/766 1880/1811/766 1612/1795/829
f 1608/1796/831 1878/1813/766 1879/1812/766 1610/1803/828
f 1606/1797/830 1877/1814/766 1878/1813/766 1608/1796/831
f 1604/1804/834 1876/1815/766 1877/1814/766 1606/1797/830
f 1602/1800/827 1875/1816/766 1876/1815/766 1604/1804/834
f 1600/1801/826 1874/1817/766 1875/1816/766 1602/1800/827
f 1598/1798/833 1873/1807/766 1874/1817/766 1600/1801/826
f 1884/1806/766 1895/1688/766 1896/1665/766 1873/1807/766
f 1883/1808/766 1894/1686/766 1895/1688/766 1884/1806/766
f 1882/1809/766 1893/1684/766 1894/1686/766 1883/1808/766
f 1881/1810/766 1892/1682/766 1893/1684/766 1882/1809/766
f 1880/1811/766 1891/1680/766 1892/1682/766 1881/1810/766
f 1879/1812/766 1890/1678/766 1891/1680/766 1880/1811/766
f 1878/1813/766 1889/1676/766 1890/1678/766 1879/1812/766
f 1877/1814/766 1888/1674/766 1889/1676/766 1878/1813/766
f 1876/1815/766 1887/1672/766 1888/1674/766 1877/1814/766
f 1875/1816/766 1886/1670/766 1887/1672/766 1876/1815/766
f 1874/1817/766 1885/1668/766 1886/1670/766 1875/1816/766
f 1873/1807/766 1896/1665/766 1885/1668/766 1874/1817/766
f 1682/1664/749 1683/1715/747 1635/1637/747 1634/1634/749
f 1683/1715/747 1684/1716/745 1636/1639/745 1635/1637/747
f 1684/1716/745 1685/1717/743 1637/1641/743 1636/1639/745
f 1685/1717/743 1686/1718/741 1638/1643/741 1637/1641/743
f 1686/1718/741 1687/1719/738 1639/1645/738 1638/1643/741
f 1687/1719/738 1688/1720/765 1640/1647/765 1639/1645/738
f 1688/1720/765 1689/1721/759 1641/1649/759 1640/1647/765
f 1689/1721/759 1690/1722/757 1642/1651/757 1641/1649/759
f 1690/1722/757 1691/1723/755 1643/1653/755 1642/1651/757
f 1691/1723/755 1692/1724/753 1644/1659/753 1643/1653/755
f 1692/1724/753 1681/1725/751 1633/1661/751 1644/1659/753
f 1369/1818/846 1370/1819/847 1285/1820/848 1286/1821/849
f 1371/1822/850 1369/1818/846 1286/1821/849 1287/1823/851
f 1372/1824/852 1371/1822/850 1287/1823/851 1288/1825/853
f 1373/1826/854 1372/1824/852 1288/1825/853 1289/1827/855
f 1374/1828/856 1373/1826/854 1289/1827/855 1290/1829/857
f 1375/1830/858 1374/1828/856 1290/1829/857 1291/1831/859
f 1376/1832/860 1375/1830/858 1291/1831/859 1292/1833/861
f 1377/1834/862 1376/1832/860 1292/1833/861 1293/1835/863
f 1378/1836/864 1377/1834/862 1293/1835/863 1294/1837/865
f 1379/1838/866 1378/1836/864 1294/1837/865 1295/1839/867
f 1380/1840/868 1379/1838/866 1295/1839/867 1296/1841/869
f 1370/1819/847 1380/1840/868 1296/1841/869 1285/1820/848
f 1367/1842/790 1355/1527/790 1356/1529/767 1368/1843/767
f 1366/1844/788 1354/1525/788 1355/1527/790 1367/1842/790
f 1365/1845/786 1353/1523/786 1354/1525/788 1366/1844/788
f 1364/1846/784 1352/1521/784 1353/1523/786 1365/1845/786
f 1363/1847/782 1351/1519/782 1352/1521/784 1364/1846/784
f 1362/1848/780 1350/1517/780 1351/1519/782 1363/1847/782
f 1361/1849/778 1349/1515/778 1350/1517/780 1362/1848/780
f 1360/1850/776 1348/1513/776 1349/1515/778 1361/1849/778
f 1359/1851/774 1347/1511/774 1348/1513/776 1360/1850/776
f 1358/1852/772 1346/1509/772 1347/1511/774 1359/1851/774
f 1357/1853/770 1345/1507/770 1346/1509/772 1358/1852/772
f 1368/1854/767 1356/1504/767 1345/1507/770 1357/1853/770
f 1381/1855/870 1392/1856/871 1380/1840/868 1370/1819/847
f 1392/1856/871 1391/1857/872 1379/1838/866 1380/1840/868
f 1391/1857/872 1390/1858/873 1378/1836/864 1379/1838/866
f 1390/1858/873 1389/1859/874 1377/1834/862 1378/1836/864
f 1389/1859/874 1388/1860/875 1376/1832/860 1377/1834/862
f 1388/1860/875 1387/1861/876 1375/1830/858 1376/1832/860
f 1387/1861/876 1386/1862/877 1374/1828/856 1375/1830/858
f 1386/1862/877 1385/1863/878 1373/1826/854 1374/1828/856
f 1385/1863/878 1384/1864/879 1372/1824/852 1373/1826/854
f 1384/1864/879 1383/1865/880 1371/1822/850 1372/1824/852
f 1383/1865/880 1382/1866/881 1369/1818/846 1371/1822/850
f 1382/1866/881 1381/1855/870 1370/1819/847 1369/1818/846
f 1394/1867/882 1393/1868/883 1381/1855/870 1382/1866/881
f 1395/1869/884 1394/1867/882 1382/1866/881 1383/1865/880
f 1396/1870/885 1395/1869/884 1383/1865/880 1384/1864/879
f 1397/1871/886 1396/1870/885 1384/1864/879 1385/1863/878
f 1398/1872/887 1397/1871/886 1385/1863/878 1386/1862/877
f 1399/1873/888 1398/1872/887 1386/1862/877 1387/1861/876
f 1400/1874/889 1399/1873/888 1387/1861/876 1388/1860/875
f 1401/1875/890 1400/1874/889 1388/1860/875 1389/1859/874
f 1402/1876/891 1401/1875/890 1389/1859/874 1390/1858/873
f 1403/1877/892 1402/1876/891 1390/1858/873 1391/1857/872
f 1404/1878/893 1403/1877/892 1391/1857/872 1392/1856/871
f 1393/1868/883 1404/1878/893 1392/1856/871 1381/1855/870
f 1406/1879/894 1405/1880/895 1393/1868/883 1394/1867/882
f 1407/1881/896 1406/1879/894 1394/1867/882 1395/1869/884
f 1408/1882/897 1407/1881/896 1395/1869/884 1396/1870/885
f 1409/1883/898 1408/1882/897 1396/1870/885 1397/1871/886
f 1410/1884/899 1409/1883/898 1397/1871/886 1398/1872/887
f 1411/1885/900 1410/1884/899 1398/1872/887 1399/1873/888
f 1412/1886/901 1411/1885/900 1399/1873/888 1400/1874/889
f 1413/1887/902 1412/1886/901 1400/1874/889 1401/1875/890
f 1414/1888/903 1413/1887/902 1401/1875/890 1402/1876/891
f 1415/1889/904 1414/1888/903 1402/1876/891 1403/1877/892
f 1416/1890/905 1415/1889/904 1403/1877/892 1404/1878/893
f 1405/1880/895 1416/1890/905 1404/1878/893 1393/1868/883
f 1418/1891/906 1417/1892/907 1405/1880/895 1406/1879/894
f 1419/1893/908 1418/1891/906 1406/1879/894 1407/1881/896
f 1420/1894/909 1419/1893/908 1407/1881/896 1408/1882/897
f 1421/1895/910 1420/1894/909 1408/1882/897 1409/1883/898
f 1422/1896/911 1421/1895/910 1409/1883/898 1410/1884/899
f 1423/1897/912 1422/1896/911 1410/1884/899 1411/1885/900
f 1424/1898/913 1423/1897/912 1411/1885/900 1412/1886/901
f 1425/1899/914 1424/1898/913 1412/1886/901 1413/1887/902
f 1426/1900/915 1425/1899/914 1413/1887/902 1414/1888/903
f 1427/1901/916 1426/1900/915 1414/1888/903 1415/1889/904
f 1428/1902/917 1427/1901/916 1415/1889/904 1416/1890/905
f 1417/1892/907 1428/1902/917 1416/1890/905 1405/1880/895
f 1586/1903/918 1585/1904/919 1417/1892/907 1418/1891/906
f 1587/1905/920 1586/1903/918 1418/1891/906 1419/1893/908
f 1588/1906/921 1587/1905/920 1419/1893/908 1420/1894/909
f 1589/1907/922 1588/1906/921 1420/1894/909 1421/1895/910
f 1590/1908/923 1589/1907/922 1421/1895/910 1422/1896/911
f 1591/1909/924 1590/1908/923 1422/1896/911 1423/1897/912
f 1592/1910/925 1591/1909/924 1423/1897/912 1424/1898/913
f 1593/1911/926 1592/1910/925 1424/1898/913 1425/1899/914
f 1594/1912/927 1593/1911/926 1425/1899/914 1426/1900/915
f 1595/1913/928 1594/1912/927 1426/1900/915 1427/1901/916
f 1596/1914/929 1595/1913/928 1427/1901/916 1428/1902/917
f 1585/1904/919 1596/1914/929 1428/1902/917 1417/1892/907
f 1237/1915/930 1259/1916/931 1584/1917/932 1574/1918/933
f 1259/1916/931 1257/1919/934 1583/1920/935 1584/1917/932
f 1257/1919/934 1255/1921/936 1582/1922/937 1583/1920/935
f 1255/1921/936 1253/1923/938 1581/1924/939 1582/1922/937
f 1253/1923/938 1251/1925/940 1580/1926/941 1581/1924/939
f 1251/1925/940 1249/1927/942 1579/1928/943 1580/1926/941
f 1249/1927/942 1247/1929/944 1578/1930/945 1579/1928/943
f 1247/1929/944 1245/1931/946 1577/1932/947 1578/1930/945
f 1245/1931/946 1243/1933/948 1576/1934/949 1577/1932/947
f 1243/1933/948 1241/1935/950 1575/1936/951 1576/1934/949
f 1241/1935/950 1239/1937/952 1573/1938/953 1575/1936/951
f 1239/1937/952 1237/1915/930 1574/1918/933 1573/1938/953
f 1574/1918/933 1584/1917/932 1596/1914/929 1585/1904/919
f 1584/1917/932 1583/1920/935 1595/1913/928 1596/1914/929
f 1583/1920/935 1582/1922/937 1594/1912/927 1595/1913/928
f 1582/1922/937 1581/1924/939 1593/1911/926 1594/1912/927
f 1581/1924/939 1580/1926/941 1592/1910/925 1593/1911/926
f 1580/1926/941 1579/1928/943 1591/1909/924 1592/1910/925
f 1579/1928/943 1578/1930/945 1590/1908/923 1591/1909/924
f 1578/1930/945 1577/1932/947 1589/1907/922 1590/1908/923
f 1577/1932/947 1576/1934/949 1588/1906/921 1589/1907/922
f 1576/1934/949 1575/1936/951 1587/1905/920 1588/1906/921
f 1575/1936/951 1573/1938/953 1586/1903/918 1587/1905/920
f 1573/1938/953 1574/1918/933 1585/1904/919 1586/1903/918
f 1729/1939/856 1646/1940/857 1645/1941/859 1730/1942/858
f 1731/1943/854 1647/1944/855 1646/1940/857 1729/1939/856
f 1732/1945/852 1648/1946/853 1647/1944/855 1731/1943/854
f 1733/1947/850 1649/1948/851 1648/1946/853 1732/1945/852
f 1734/1949/846 1650/1950/849 1649/1948/851 1733/1947/850
f 1735/1951/954 1651/1952/848 1650/1950/849 1734/1949/846
f 1736/1953/868 1652/1954/869 1651/1952/848 1735/1951/954
f 1737/1955/866 1653/1956/867 1652/1954/869 1736/1953/868
f 1738/1957/864 1654/1958/865 1653/1956/867 1737/1955/866
f 1739/1959/862 1655/1960/863 1654/1958/865 1738/1957/864
f 1740/1961/860 1656/1962/861 1655/1960/863 1739/1959/862
f 1730/1942/858 1645/1941/859 1656/1962/861 1740/1961/860
f 1727/1963/782 1728/1964/780 1716/1713/780 1715/1711/782
f 1726/1965/784 1727/1963/782 1715/1711/782 1714/1709/784
f 1725/1966/786 1726/1965/784 1714/1709/784 1713/1707/786
f 1724/1967/788 1725/1966/786 1713/1707/786 1712/1705/788
f 1723/1968/790 1724/1967/788 1712/1705/788 1711/1703/790
f 1722/1969/767 1723/1968/790 1711/1703/790 1710/1701/767
f 1721/1970/770 1722/1969/767 1710/1701/767 1709/1699/770
f 1720/1971/772 1721/1970/770 1709/1699/770 1708/1697/772
f 1719/1972/774 1720/1971/772 1708/1697/772 1707/1695/774
f 1718/1973/776 1719/1972/774 1707/1695/774 1706/1693/776
f 1717/1974/778 1718/1973/776 1706/1693/776 1705/1690/778
f 1728/1975/780 1717/1974/778 1705/1690/778 1716/1689/780
f 1741/1976/876 1730/1942/858 1740/1961/860 1752/1977/875
f 1752/1977/875 1740/1961/860 1739/1959/862 1751/1978/874
f 1751/1978/874 1739/1959/862 1738/1957/864 1750/1979/873
f 1750/1979/873 1738/1957/864 1737/1955/866 1749/1980/872
f 1749/1980/872 1737/1955/866 1736/1953/868 1748/1981/871
f 1748/1981/871 1736/1953/868 1735/1951/954 1747/1982/870
f 1747/1982/870 1735/1951/954 1734/1949/846 1746/1983/881
f 1746/1983/881 1734/1949/846 1733/1947/850 1745/1984/880
f 1745/1984/880 1733/1947/850 1732/1945/852 1744/1985/879
f 1744/1985/879 1732/1945/852 1731/1943/854 1743/1986/878
f 1743/1986/878 1731/1943/854 1729/1939/856 1742/1987/877
f 1742/1987/877 1729/1939/856 1730/1942/858 1741/1976/876
f 1754/1988/887 1742/1987/877 1741/1976/876 1753/1989/888
f 1755/1990/886 1743/1986/878 1742/1987/877 1754/1988/887
f 1756/1991/885 1744/1985/879 1743/1986/878 1755/1990/886
f 1757/1992/884 1745/1984/880 1744/1985/879 1756/1991/885
f 1758/1993/882 1746/1983/881 1745/1984/880 1757/1992/884
f 1759/1994/883 1747/1982/870 1746/1983/881 1758/1993/882
f 1760/1995/893 1748/1981/871 1747/1982/870 1759/1994/883
f 1761/1996/892 1749/1980/872 1748/1981/871 1760/1995/893
f 1762/1997/891 1750/1979/873 1749/1980/872 1761/1996/892
f 1763/1998/890 1751/1978/874 1750/1979/873 1762/1997/891
f 1764/1999/889 1752/1977/875 1751/1978/874 1763/1998/890
f 1753/1989/888 1741/1976/876 1752/1977/875 1764/1999/889
f 1766/2000/899 1754/1988/887 1753/1989/888 1765/2001/900
f 1767/2002/898 1755/1990/886 1754/1988/887 1766/2000/899
f 1768/2003/897 1756/1991/885 1755/1990/886 1767/2002/898
f 1769/2004/896 1757/1992/884 1756/1991/885 1768/2003/897
f 1770/2005/894 1758/1993/882 1757/1992/884 1769/2004/896
f 1771/2006/895 1759/1994/883 1758/1993/882 1770/2005/894
f 1772/2007/905 1760/1995/893 1759/1994/883 1771/2006/895
f 1773/2008/904 1761/1996/892 1760/1995/893 1772/2007/905
f 1774/2009/903 1762/1997/891 1761/1996/892 1773/2008/904
f 1775/2010/902 1763/1998/890 1762/1997/891 1774/2009/903
f 1776/2011/901 1764/1999/889 1763/1998/890 1775/2010/902
f 1765/2001/900 1753/1989/888 1764/1999/889 1776/2011/901
f 1778/2012/911 1766/2000/899 1765/2001/900 1777/2013/912
f 1779/2014/910 1767/2002/898 1766/2000/899 1778/2012/911
f 1780/2015/909 1768/2003/897 1767/2002/898 1779/2014/910
f 1781/2016/908 1769/2004/896 1768/2003/897 1780/2015/909
f 1782/2017/906 1770/2005/894 1769/2004/896 1781/2016/908
f 1783/2018/907 1771/2006/895 1770/2005/894 1782/2017/906
f 1784/2019/917 1772/2007/905 1771/2006/895 1783/2018/907
f 1785/2020/916 1773/2008/904 1772/2007/905 1784/2019/917
f 1786/2021/915 1774/2009/903 1773/2008/904 1785/2020/916
f 1787/2022/914 1775/2010/902 1774/2009/903 1786/2021/915
f 1788/2023/913 1776/2011/901 1775/2010/902 1787/2022/914
f 1777/2013/912 1765/2001/900 1776/2011/901 1788/2023/913
f 1946/2024/923 1778/2012/911 1777/2013/912 1945/2025/924
f 1947/2026/922 1779/2014/910 1778/2012/911 1946/2024/923
f 1948/2027/921 1780/2015/909 1779/2014/910 1947/2026/922
f 1949/2028/920 1781/2016/908 1780/2015/909 1948/2027/921
f 1950/2029/918 1782/2017/906 1781/2016/908 1949/2028/920
f 1951/2030/919 1783/2018/907 1782/2017/906 1950/2029/918
f 1952/2031/929 1784/2019/917 1783/2018/907 1951/2030/919
f 1953/2032/928 1785/2020/916 1784/2019/917 1952/2031/929
f 1954/2033/927 1786/2021/915 1785/2020/916 1953/2032/928
f 1955/2034/926 1787/2022/914 1786/2021/915 1954/2033/927
f 1956/2035/925 1788/2023/913 1787/2022/914 1955/2034/926
f 1945/2025/924 1777/2013/912 1788/2023/913 1956/2035/925
f 1597/2036/942 1934/2037/943 1944/2038/941 1619/2039/940
f 1619/2039/940 1944/2038/941 1943/2040/939 1617/2041/938
f 1617/2041/938 1943/2040/939 1942/2042/937 1615/2043/936
f 1615/2043/936 1942/2042/937 1941/2044/935 1613/2045/934
f 1613/2045/934 1941/2044/935 1940/2046/932 1611/2047/931
f 1611/2047/931 1940/2046/932 1939/2048/933 1609/2049/930
f 1609/2049/930 1939/2048/933 1938/2050/953 1607/2051/952
f 1607/2051/952 1938/2050/953 1937/2052/951 1605/2053/950
f 1605/2053/950 1937/2052/951 1936/2054/949 1603/2055/948
f 1603/2055/948 1936/2054/949 1935/2056/947 1601/2057/946
f 1601/2057/946 1935/2056/947 1933/2058/945 1599/2059/944
f 1599/2059/944 1933/2058/945 1934/2037/943 1597/2036/942
f 1934/2037/943 1945/2025/924 1956/2035/925 1944/2038/941
f 1944/2038/941 1956/2035/925 1955/2034/926 1943/2040/939
f 1943/2040/939 1955/2034/926 1954/2033/927 1942/2042/937
f 1942/2042/937 1954/2033/927 1953/2032/928 1941/2044/935
f 1941/2044/935 1953/2032/928 1952/2031/929 1940/2046/932
f 1940/2046/932 1952/2031/929 1951/2030/919 1939/2048/933
f 1939/2048/933 1951/2030/919 1950/2029/918 1938/2050/953
f 1938/2050/953 1950/2029/918 1949/2028/920 1937/2052/951
f 1937/2052/951 1949/2028/920 1948/2027/921 1936/2054/949
f 1936/2054/949 1948/2027/921 1947/2026/922 1935/2056/947
f 1935/2056/947 1947/2026/922 1946/2024/923 1933/2058/945
f 1933/2058/945 1946/2024/923 1945/2025/924 1934/2037/943
usemtl Gold
f 1550/2060/757 1549/2061/755 1545/2062/754 1546/2063/756
f 1453/2064/766 1454/2065/766 1464/2066/766 1463/2067/766 1462/2068/766 1461/2069/766 1460/2070/766 1459/2071/766 1458/2072/766 1457/2073/766 1456/2074/766 1455/2075/766
f 1552/2076/751 1551/2077/749 1542/2078/748 1543/2079/750
f 1554/2080/745 1553/2081/743 1539/2082/742 1540/2083/744
f 1555/2084/759 1550/2060/757 1546/2063/756 1547/2085/758
f 1556/2086/753 1552/2076/751 1543/2079/750 1544/2087/752
f 1557/2088/747 1554/2080/745 1540/2083/744 1541/2089/746
f 1558/2090/765 1555/2084/759 1547/2085/758 1548/2091/764
f 1560/2092/741 1559/2093/738 1538/2094/739 1537/2095/740
f 1549/2061/755 1556/2086/753 1544/2087/752 1545/2062/754
f 1551/2077/749 1557/2088/747 1541/2089/746 1542/2078/748
f 1559/2093/738 1558/2090/765 1548/2091/764 1538/2094/739
f 1553/2081/743 1560/2092/741 1537/2095/740 1539/2082/742
f 1454/2065/766 1453/2064/766 1537/2095/740 1538/2094/739
f 1453/2064/766 1455/2075/766 1539/2082/742 1537/2095/740
f 1455/2075/766 1456/2074/766 1540/2083/744 1539/2082/742
f 1456/2074/766 1457/2073/766 1541/2089/746 1540/2083/744
f 1457/2073/766 1458/2072/766 1542/2078/748 1541/2089/746
f 1458/2072/766 1459/2071/766 1543/2079/750 1542/2078/748
f 1459/2071/766 1460/2070/766 1544/2087/752 1543/2079/750
f 1460/2070/766 1461/2069/766 1545/2062/754 1544/2087/752
f 1461/2069/766 1462/2068/766 1546/2063/756 1545/2062/754
f 1462/2068/766 1463/2067/766 1547/2085/758 1546/2063/756
f 1463/2067/766 1464/2066/766 1548/2091/764 1547/2085/758
f 1464/2066/766 1454/2065/766 1538/2094/739 1548/2091/764
f 1571/2096/743 1568/2097/741 1560/2092/741 1553/2081/743
f 1572/2098/738 1567/2099/765 1558/2090/765 1559/2093/738
f 1570/2100/749 1566/2101/747 1557/2088/747 1551/2077/749
f 1569/2102/755 1565/2103/753 1556/2086/753 1549/2061/755
f 1568/2097/741 1572/2098/738 1559/2093/738 1560/2092/741
f 1567/2099/765 1564/2104/759 1555/2084/759 1558/2090/765
f 1566/2101/747 1563/2105/745 1554/2080/745 1557/2088/747
f 1565/2103/753 1562/2106/751 1552/2076/751 1556/2086/753
f 1564/2104/759 1561/2107/757 1550/2060/757 1555/2084/759
f 1563/2105/745 1571/2096/743 1553/2081/743 1554/2080/745
f 1562/2106/751 1570/2100/749 1551/2077/749 1552/2076/751
f 1561/2107/757 1569/2102/755 1549/2061/755 1550/2060/757
f 1438/1579/814 1437/1581/815 1569/2102/755 1561/2107/757
f 1435/1585/817 1434/1587/818 1570/2100/749 1562/2106/751
f 1432/1591/820 1431/1593/821 1571/2096/743 1563/2105/745
f 1439/1577/813 1438/1579/814 1561/2107/757 1564/2104/759
f 1436/1583/816 1435/1585/817 1562/2106/751 1565/2103/753
f 1433/1589/819 1432/1591/820 1563/2105/745 1566/2101/747
f 1440/1573/811 1439/1577/813 1564/2104/759 1567/2099/765
f 1429/1595/822 1430/1574/812 1572/2098/738 1568/2097/741
f 1437/1581/815 1436/1583/816 1565/2103/753 1569/2102/755
f 1434/1587/818 1433/1589/819 1566/2101/747 1570/2100/749
f 1430/1574/812 1440/1573/811 1567/2099/765 1572/2098/738
f 1431/1593/821 1429/1595/822 1568/2097/741 1571/2096/743
f 1910/2108/757 1906/2109/756 1905/2110/758 1909/2111/759
f 1813/2112/766 1815/2113/766 1816/2114/766 1817/2115/766 1818/2116/766 1819/2117/766 1820/2118/766 1821/2119/766 1822/2120/766 1823/2121/766 1824/2122/766 1814/2123/766
f 1912/2124/738 1903/2125/955 1902/2126/740 1911/2127/741
f 1914/2128/745 1900/2129/744 1899/2130/746 1913/2131/747
f 1915/2132/755 1907/2133/754 1906/2109/756 1910/2108/757
f 1916/2134/765 1904/2135/764 1903/2125/955 1912/2124/738
f 1917/2136/743 1901/2137/742 1900/2129/744 1914/2128/745
f 1918/2138/753 1908/2139/752 1907/2133/754 1915/2132/755
f 1920/2140/749 1897/2141/748 1898/2142/836 1919/2143/751
f 1909/2111/759 1905/2110/758 1904/2135/764 1916/2134/765
f 1911/2127/741 1902/2126/740 1901/2137/742 1917/2136/743
f 1919/2143/751 1898/2142/836 1908/2139/752 1918/2138/753
f 1913/2131/747 1899/2130/746 1897/2141/748 1920/2140/749
f 1814/2123/766 1898/2142/836 1897/2141/748 1813/2112/766
f 1813/2112/766 1897/2141/748 1899/2130/746 1815/2113/766
f 1815/2113/766 1899/2130/746 1900/2129/744 1816/2114/766
f 1816/2114/766 1900/2129/744 1901/2137/742 1817/2115/766
f 1817/2115/766 1901/2137/742 1902/2126/740 1818/2116/766
f 1818/2116/766 1902/2126/740 1903/2125/955 1819/2117/766
f 1819/2117/766 1903/2125/955 1904/2135/764 1820/2118/766
f 1820/2118/766 1904/2135/764 1905/2110/758 1821/2119/766
f 1821/2119/766 1905/2110/758 1906/2109/756 1822/2120/766
f 1822/2120/766 1906/2109/756 1907/2133/754 1823/2121/766
f 1823/2121/766 1907/2133/754 1908/2139/752 1824/2122/766
f 1824/2122/766 1908/2139/752 1898/2142/836 1814/2123/766
f 1931/2144/747 1913/2131/747 1920/2140/749 1928/2145/749
f 1932/2146/751 1919/2143/751 1918/2138/753 1927/2147/753
f 1930/2148/741 1911/2127/741 1917/2136/743 1926/2149/743
f 1929/2150/759 1909/2111/759 1916/2134/765 1925/2151/765
f 1928/2145/749 1920/2140/749 1919/2143/751 1932/2146/751
f 1927/2147/753 1918/2138/753 1915/2132/755 1924/2152/755
f 1926/2149/743 1917/2136/743 1914/2128/745 1923/2153/745
f 1925/2151/765 1916/2134/765 1912/2124/738 1922/2154/738
f 1924/2152/755 1915/2132/755 1910/2108/757 1921/2155/757
f 1923/2153/745 1914/2128/745 1913/2131/747 1931/2144/747
f 1922/2154/738 1912/2124/738 1911/2127/741 1930/2148/741
f 1921/2155/757 1910/2108/757 1909/2111/759 1929/2150/759
f 1798/1764/814 1921/2155/757 1929/2150/759 1797/1766/813
f 1795/1770/812 1922/2154/738 1930/2148/741 1794/1772/822
f 1792/1776/820 1923/2153/745 1931/2144/747 1791/1778/819
f 1799/1762/815 1924/2152/755 1921/2155/757 1798/1764/814
f 1796/1768/811 1925/2151/765 1922/2154/738 1795/1770/812
f 1793/1774/821 1926/2149/743 1923/2153/745 1792/1776/820
f 1800/1758/816 1927/2147/753 1924/2152/755 1799/1762/815
f 1789/1780/818 1928/2145/749 1932/2146/751 1790/1761/817
f 1797/1766/813 1929/2150/759 1925/2151/765 1796/1768/811
f 1794/1772/822 1930/2148/741 1926/2149/743 1793/1774/821
f 1790/1761/817 1932/2146/751 1927/2147/753 1800/1758/816
f 1791/1778/819 1931/2144/747 1928/2145/749 1789/1780/818
f 1343/2156/765 1272/2157/956 1261/2158/957 1344/2159/738
f 1342/2160/759 1271/2161/958 1272/2157/956 1343/2156/765
f 1341/2162/757 1270/2163/959 1271/2161/958 1342/2160/759
f 1340/2164/755 1269/2165/960 1270/2163/959 1341/2162/757
f 1339/2166/753 1268/2167/961 1269/2165/960 1340/2164/755
f 1338/2168/751 1267/2169/962 1268/2167/961 1339/2166/753
f 1337/2170/749 1266/2171/963 1267/2169/962 1338/2168/751
f 1336/2172/747 1265/2173/964 1266/2171/963 1337/2170/749
f 1335/2174/745 1264/2175/965 1265/2173/964 1336/2172/747
f 1334/2176/743 1263/2177/966 1264/2175/965 1335/2174/745
f 1333/2178/741 1262/2179/967 1263/2177/966 1334/2176/743
f 1344/2180/738 1261/2181/957 1262/2179/967 1333/2178/741
f 1285/2182/848 1344/2180/738 1333/2178/741 1286/2183/849
f 1286/2183/849 1333/2178/741 1334/2176/743 1287/2184/851
f 1287/2184/851 1334/2176/743 1335/2174/745 1288/2185/853
f 1288/2185/853 1335/2174/745 1336/2172/747 1289/2186/855
f 1289/2186/855 1336/2172/747 1337/2170/749 1290/2187/857
f 1290/2187/857 1337/2170/749 1338/2168/751 1291/2188/859
f 1291/2188/859 1338/2168/751 1339/2166/753 1292/2189/861
f 1292/2189/861 1339/2166/753 1340/2164/755 1293/2190/863
f 1293/2190/863 1340/2164/755 1341/2162/757 1294/2191/865
f 1294/2191/865 1341/2162/757 1342/2160/759 1295/2192/867
f 1295/2192/867 1342/2160/759 1343/2156/765 1296/2193/869
f 1296/2193/869 1343/2156/765 1344/2159/738 1285/2194/848
f 1261/2181/957 1368/1854/767 1357/1853/770 1262/2179/967
f 1262/2179/967 1357/1853/770 1358/1852/772 1263/2177/966
f 1263/2177/966 1358/1852/772 1359/1851/774 1264/2175/965
f 1264/2175/965 1359/1851/774 1360/1850/776 1265/2173/964
f 1265/2173/964 1360/1850/776 1361/1849/778 1266/2171/963
f 1266/2171/963 1361/1849/778 1362/1848/780 1267/2169/962
f 1267/2169/962 1362/1848/780 1363/1847/782 1268/2167/961
f 1268/2167/961 1363/1847/782 1364/1846/784 1269/2165/960
f 1269/2165/960 1364/1846/784 1365/1845/786 1270/2163/959
f 1270/2163/959 1365/1845/786 1366/1844/788 1271/2161/958
f 1271/2161/958 1366/1844/788 1367/1842/790 1272/2157/956
f 1272/2157/956 1367/1842/790 1368/1843/767 1261/2158/957
f 1703/2195/753 1704/2196/751 1621/2197/962 1632/2198/961
f 1702/2199/755 1703/2195/753 1632/2198/961 1631/2200/960
f 1701/2201/757 1702/2199/755 1631/2200/960 1630/2202/959
f 1700/2203/759 1701/2201/757 1630/2202/959 1629/2204/958
f 1699/2205/765 1700/2203/759 1629/2204/958 1628/2206/956
f 1698/2207/738 1699/2205/765 1628/2206/956 1627/2208/957
f 1697/2209/741 1698/2207/738 1627/2208/957 1626/2210/967
f 1696/2211/743 1697/2209/741 1626/2210/967 1625/2212/966
f 1695/2213/745 1696/2211/743 1625/2212/966 1624/2214/965
f 1694/2215/747 1695/2213/745 1624/2214/965 1623/2216/964
f 1693/2217/749 1694/2215/747 1623/2216/964 1622/2218/963
f 1704/2219/751 1693/2217/749 1622/2218/963 1621/2220/962
f 1645/2221/859 1646/2222/857 1693/2217/749 1704/2219/751
f 1646/2222/857 1647/2223/855 1694/2215/747 1693/2217/749
f 1647/2223/855 1648/2224/853 1695/2213/745 1694/2215/747
f 1648/2224/853 1649/2225/851 1696/2211/743 1695/2213/745
f 1649/2225/851 1650/2226/849 1697/2209/741 1696/2211/743
f 1650/2226/849 1651/2227/848 1698/2207/738 1697/2209/741
f 1651/2227/848 1652/2228/869 1699/2205/765 1698/2207/738
f 1652/2228/869 1653/2229/867 1700/2203/759 1699/2205/765
f 1653/2229/867 1654/2230/865 1701/2201/757 1700/2203/759
f 1654/2230/865 1655/2231/863 1702/2199/755 1701/2201/757
f 1655/2231/863 1656/2232/861 1703/2195/753 1702/2199/755
f 1656/2232/861 1645/2233/859 1704/2196/751 1703/2195/753
f 1621/2220/962 1622/2218/963 1717/1974/778 1728/1975/780
f 1622/2218/963 1623/2216/964 1718/1973/776 1717/1974/778
f 1623/2216/964 1624/2214/965 1719/1972/774 1718/1973/776
f 1624/2214/965 1625/2212/966 1720/1971/772 1719/1972/774
f 1625/2212/966 1626/2210/967 1721/1970/770 1720/1971/772
f 1626/2210/967 1627/2208/957 1722/1969/767 1721/1970/770
f 1627/2208/957 1628/2206/956 1723/1968/790 1722/1969/767
f 1628/2206/956 1629/2204/958 1724/1967/788 1723/1968/790
f 1629/2204/958 1630/2202/959 1725/1966/786 1724/1967/788
f 1630/2202/959 1631/2200/960 1726/1965/784 1725/1966/786
f 1631/2200/960 1632/2198/961 1727/1963/782 1726/1965/784
f 1632/2198/961 1621/2197/962 1728/1964/780 1727/1963/782
usemtl BlackVoid
f 1237/1915/930 1239/1937/952 1241/1935/950 1243/1933/948 1245/1931/946 1247/1929/944 1249/1927/942 1251/1925/940 1253/1923/938 1255/1921/936 1257/1919/934 1259/1916/931
f 1597/2036/942 1619/2039/940 1617/2041/938 1615/2043/936 1613/2045/934 1611/2047/931 1609/2049/930 1607/2051/952 1605/2053/950 1603/2055/948 1601/2057/946 1599/2059/944
o Cylinder.005_Cylinder.011
v -1.153422 1.063694 -0.043671
v -1.162622 1.064807 1.998062
v -1.145088 1.005141 -0.043671
v -1.153613 1.001505 1.998062
v -1.108595 0.958599 -0.043671
v -1.114159 0.951188 1.998062
v -1.053720 0.936540 -0.043671
v -1.054834 0.927339 1.998062
v -0.995167 0.944873 -0.043671
v -0.991531 0.936349 1.998062
v -0.948626 0.981366 -0.043671
v -0.941215 0.975802 1.998062
v -0.926566 1.036241 -0.043671
v -0.917366 1.035128 1.998062
v -0.934899 1.094794 -0.043671
v -0.926375 1.098430 1.998062
v -0.971392 1.141336 -0.043671
v -0.965828 1.148746 1.998062
v -1.026267 1.163395 -0.043671
v -1.025154 1.172595 1.998062
v -1.084820 1.155062 -0.043671
v -1.088456 1.163586 1.998062
v -1.131362 1.118569 -0.043671
v -1.138773 1.124133 1.998062
v -1.195707 1.068811 0.040525
v -1.184268 0.988430 0.040525
v -1.134170 0.924537 0.040525
v -1.058837 0.894254 0.040525
v -0.978456 0.905694 0.040525
v -0.914564 0.955791 0.040525
v -0.884280 1.031124 0.040525
v -0.895720 1.111505 0.040525
v -0.945818 1.175398 0.040525
v -1.021150 1.205681 0.040525
v -1.101531 1.194241 0.040525
v -1.165424 1.144143 0.040525
v -1.195707 1.068811 1.712210
v -1.184268 0.988430 1.712210
v -1.134170 0.924537 1.712210
v -1.058837 0.894254 1.712210
v -0.978456 0.905694 1.712210
v -0.914564 0.955791 1.712210
v -0.884280 1.031124 1.712210
v -0.895720 1.111505 1.712210
v -0.945818 1.175398 1.712210
v -1.021150 1.205681 1.712210
v -1.101531 1.194241 1.712210
v -1.165424 1.144143 1.712210
v -1.195707 1.068811 -0.043671
v -1.184268 0.988430 -0.043671
v -1.134170 0.924537 -0.043671
v -1.058837 0.894254 -0.043671
v -0.978456 0.905694 -0.043671
v -0.914564 0.955791 -0.043671
v -0.884280 1.031124 -0.043671
v -0.895720 1.111505 -0.043671
v -0.945818 1.175398 -0.043671
v -1.021150 1.205681 -0.043671
v -1.101531 1.194241 -0.043671
v -1.165424 1.144143 -0.043671
v -1.184268 0.988430 1.998062
v -1.195707 1.068811 1.998062
v -1.134170 0.924537 1.998062
v -1.058837 0.894254 1.998062
v -0.978456 0.905694 1.998062
v -0.914564 0.955791 1.998062
v -0.884280 1.031124 1.998062
v -0.895720 1.111505 1.998062
v -0.945818 1.175398 1.998062
v -1.021150 1.205681 1.998062
v -1.101531 1.194241 1.998062
v -1.165424 1.144143 1.998062
v -1.050276 1.045582 2.616915
v -1.051091 1.051310 2.616915
v -1.046705 1.041028 2.616915
v -1.041337 1.038870 2.616915
v -1.035608 1.039685 2.616915
v -1.031055 1.043256 2.616915
v -1.028896 1.048625 2.616915
v -1.029712 1.054353 2.616915
v -1.033282 1.058907 2.616915
v -1.038651 1.061065 2.616915
v -1.044379 1.060249 2.616915
v -1.048933 1.056679 2.616915
v -1.155874 1.063991 -0.043671
v -1.147361 1.004172 -0.043671
v -1.110078 0.956624 -0.043671
v -1.054017 0.934087 -0.043671
v -0.994198 0.942600 -0.043671
v -0.946650 0.979883 -0.043671
v -0.924113 1.035944 -0.043671
v -0.932627 1.095763 -0.043671
v -0.969909 1.143311 -0.043671
v -1.025970 1.165848 -0.043671
v -1.085789 1.157334 -0.043671
v -1.133337 1.120052 -0.043671
v -1.147697 1.063001 -0.110471
v -1.139785 1.007403 -0.110471
v -1.105133 0.963210 -0.110471
v -1.053028 0.942264 -0.110471
v -0.997429 0.950176 -0.110471
v -0.953237 0.984828 -0.110471
v -0.932290 1.036934 -0.110471
v -0.940203 1.092532 -0.110471
v -0.974854 1.136725 -0.110471
v -1.026960 1.157671 -0.110471
v -1.082558 1.149758 -0.110471
v -1.126751 1.115107 -0.110471
v -1.153422 1.063694 -0.092448
v -1.145088 1.005141 -0.092448
v -1.108595 0.958599 -0.092448
v -1.053720 0.936540 -0.092448
v -0.995167 0.944873 -0.092448
v -0.948626 0.981366 -0.092448
v -0.926566 1.036241 -0.092448
v -0.934899 1.094794 -0.092448
v -0.971392 1.141336 -0.092448
v -1.026267 1.163395 -0.092448
v -1.084820 1.155062 -0.092448
v -1.131362 1.118569 -0.092448
v -1.129099 1.060750 -0.124968
v -1.122553 1.014753 -0.124968
v -1.093885 0.978192 -0.124968
v -1.050777 0.960862 -0.124968
v -1.004779 0.967408 -0.124968
v -0.968218 0.996076 -0.124968
v -0.950888 1.039184 -0.124968
v -0.957435 1.085182 -0.124968
v -0.986103 1.121743 -0.124968
v -1.029211 1.139073 -0.124968
v -1.075208 1.132527 -0.124968
v -1.111770 1.103859 -0.124968
v -1.100129 1.057245 -0.143019
v -1.095711 1.026202 -0.143019
v -1.076364 1.001527 -0.143019
v -1.047271 0.989832 -0.143019
v -1.016228 0.994250 -0.143019
v -0.991553 1.013597 -0.143019
v -0.979858 1.042690 -0.143019
v -0.984276 1.073733 -0.143019
v -1.003624 1.098408 -0.143019
v -1.032716 1.110103 -0.143019
v -1.063759 1.105685 -0.143019
v -1.088434 1.086338 -0.143019
v -1.086230 1.055563 -0.232146
v -1.082834 1.031695 -0.232146
v -1.067958 1.012723 -0.232146
v -1.045589 1.003731 -0.232146
v -1.021721 1.007128 -0.232146
v -1.002749 1.022003 -0.232146
v -0.993757 1.044372 -0.232146
v -0.997154 1.068240 -0.232146
v -1.012030 1.087212 -0.232146
v -1.034398 1.096204 -0.232146
v -1.058266 1.092807 -0.232146
v -1.077238 1.077932 -0.232146
v -1.113849 0.951601 2.001315
v -1.054772 0.927852 2.001315
v -1.025216 1.172083 2.001315
v -1.088253 1.163111 2.001315
v -0.917879 1.035190 2.001315
v -0.926850 1.098227 2.001315
v -0.991734 0.936824 2.001315
v -1.138360 1.123823 2.001315
v -1.162109 1.064745 2.001315
v -1.153137 1.001708 2.001315
v -0.966138 1.148333 2.001315
v -0.941628 0.976112 2.001315
v -1.195707 1.068811 1.772449
v -1.184268 0.988430 1.772449
v -1.134170 0.924537 1.772449
v -1.058837 0.894254 1.772449
v -0.978456 0.905694 1.772449
v -0.914564 0.955791 1.772449
v -0.884280 1.031124 1.772449
v -0.895720 1.111505 1.772449
v -0.945818 1.175398 1.772449
v -1.021150 1.205681 1.772449
v -1.101531 1.194241 1.772449
v -1.165424 1.144143 1.772449
v -1.187562 1.067825 1.998062
v -1.176720 0.991649 1.998062
v -1.129243 0.931099 1.998062
v -1.057852 0.902399 1.998062
v -0.981675 0.913241 1.998062
v -0.921125 0.960718 1.998062
v -0.892426 1.032109 1.998062
v -0.903267 1.108286 1.998062
v -0.950744 1.168836 1.998062
v -1.022136 1.197536 1.998062
v -1.098312 1.186694 1.998062
v -1.158862 1.139217 1.998062
v -1.166504 1.065277 1.998062
v -1.157210 0.999971 1.998062
v -1.116507 0.948061 1.998062
v -1.055303 0.923457 1.998062
v -0.989997 0.932751 1.998062
v -0.938087 0.973454 1.998062
v -0.913483 1.034658 1.998062
v -0.922778 1.099964 1.998062
v -0.963480 1.151874 1.998062
v -1.024684 1.176478 1.998062
v -1.089990 1.167183 1.998062
v -1.141900 1.126481 1.998062
v -1.055762 1.028966 2.610579
v -1.036839 1.076039 2.610579
v -1.013922 1.046812 2.610579
v -1.066065 1.053122 2.610579
v -1.043149 1.023896 2.610579
v -1.050297 1.074124 2.610579
v -1.015838 1.060271 2.610579
v -1.029690 1.025811 2.610579
v -1.060995 1.065735 2.610579
v -1.064150 1.039664 2.610579
v -1.024226 1.070968 2.610579
v -1.018993 1.034199 2.610579
v -1.064736 1.107976 -0.141478
v -1.032417 1.112576 -0.141478
v -0.981985 1.074710 -0.141478
v -0.977385 1.042391 -0.141478
v -1.015251 0.991958 -0.141478
v -1.047570 0.987359 -0.141478
v -1.090426 1.087833 -0.141478
v -1.098003 1.025225 -0.141478
v -1.102602 1.057544 -0.141478
v -1.002128 1.100400 -0.141478
v -0.989561 1.012102 -0.141478
v -1.077860 0.999535 -0.141478
v -1.180164 0.990180 -0.043671
v -1.191278 1.068275 -0.043671
v -1.131491 0.928105 -0.043671
v -1.058301 0.898683 -0.043671
v -0.980206 0.909797 -0.043671
v -0.918131 0.958470 -0.043671
v -0.888709 1.031660 -0.043671
v -0.899824 1.109755 -0.043671
v -0.948496 1.171830 -0.043671
v -1.021686 1.201252 -0.043671
v -1.099781 1.190138 -0.043671
v -1.161856 1.141465 -0.043671
v -1.046010 1.000257 -0.229345
v -1.070059 1.009925 -0.229345
v -1.059639 1.096026 -0.229345
v -1.033978 1.099678 -0.229345
v -0.993935 1.069613 -0.229345
v -0.990283 1.043952 -0.229345
v -1.020348 1.003909 -0.229345
v -1.080037 1.080033 -0.229345
v -1.086052 1.030322 -0.229345
v -1.089705 1.055983 -0.229345
v -1.009928 1.090010 -0.229345
v -0.999951 1.019902 -0.229345
v -1.089366 1.055942 -0.232146
v -1.085739 1.030455 -0.232146
v -1.069854 1.010197 -0.232146
v -1.045969 1.000595 -0.232146
v -1.020482 1.004222 -0.232146
v -1.000223 1.020107 -0.232146
v -0.990621 1.043993 -0.232146
v -0.994248 1.069479 -0.232146
v -1.010133 1.089738 -0.232146
v -1.034019 1.099340 -0.232146
v -1.059506 1.095713 -0.232146
v -1.079764 1.079828 -0.232146
v -1.195707 1.068811 1.993362
v -1.184268 0.988430 1.993362
v -1.134170 0.924537 1.993362
v -1.058837 0.894254 1.993362
v -0.978456 0.905694 1.993362
v -0.914564 0.955791 1.993362
v -0.884280 1.031124 1.993362
v -0.895720 1.111505 1.993362
v -0.945818 1.175398 1.993362
v -1.021150 1.205681 1.993362
v -1.101531 1.194241 1.993362
v -1.165424 1.144143 1.993362
v 1.153422 1.063694 -0.043671
v 1.162621 1.064807 1.998062
v 1.145088 1.005141 -0.043671
v 1.153612 1.001505 1.998062
v 1.108595 0.958599 -0.043671
v 1.114159 0.951188 1.998062
v 1.053720 0.936540 -0.043671
v 1.054833 0.927339 1.998062
v 0.995167 0.944873 -0.043671
v 0.991531 0.936349 1.998062
v 0.948625 0.981366 -0.043671
v 0.941214 0.975802 1.998062
v 0.926566 1.036241 -0.043671
v 0.917366 1.035128 1.998062
v 0.934899 1.094794 -0.043671
v 0.926375 1.098430 1.998062
v 0.971392 1.141336 -0.043671
v 0.965828 1.148746 1.998062
v 1.026267 1.163395 -0.043671
v 1.025154 1.172595 1.998062
v 1.084820 1.155062 -0.043671
v 1.088456 1.163586 1.998062
v 1.131362 1.118569 -0.043671
v 1.138772 1.124133 1.998062
v 1.195707 1.068811 0.040525
v 1.184267 0.988430 0.040525
v 1.134169 0.924537 0.040525
v 1.058838 0.894254 0.040525
v 0.978456 0.905694 0.040525
v 0.914563 0.955791 0.040525
v 0.884280 1.031124 0.040525
v 0.895720 1.111505 0.040525
v 0.945817 1.175398 0.040525
v 1.021150 1.205681 0.040525
v 1.101531 1.194241 0.040525
v 1.165424 1.144143 0.040525
v 1.195707 1.068811 1.712210
v 1.184267 0.988430 1.712210
v 1.134169 0.924537 1.712210
v 1.058837 0.894254 1.712210
v 0.978456 0.905694 1.712210
v 0.914563 0.955791 1.712210
v 0.884280 1.031124 1.712210
v 0.895720 1.111505 1.712210
v 0.945818 1.175398 1.712210
v 1.021150 1.205681 1.712210
v 1.101531 1.194241 1.712210
v 1.165424 1.144143 1.712210
v 1.195707 1.068811 -0.043671
v 1.184267 0.988430 -0.043671
v 1.134169 0.924537 -0.043671
v 1.058838 0.894254 -0.043671
v 0.978456 0.905694 -0.043671
v 0.914563 0.955791 -0.043671
v 0.884280 1.031124 -0.043671
v 0.895720 1.111505 -0.043671
v 0.945818 1.175398 -0.043671
v 1.021150 1.205681 -0.043671
v 1.101531 1.194241 -0.043671
v 1.165424 1.144143 -0.043671
v 1.184267 0.988430 1.998062
v 1.195707 1.068811 1.998062
v 1.134169 0.924537 1.998062
v 1.058837 0.894254 1.998062
v 0.978456 0.905694 1.998062
v 0.914563 0.955791 1.998062
v 0.884280 1.031124 1.998062
v 0.895720 1.111505 1.998062
v 0.945818 1.175398 1.998062
v 1.021150 1.205681 1.998062
v 1.101531 1.194241 1.998062
v 1.165424 1.144143 1.998062
v 1.050276 1.045582 2.616915
v 1.051091 1.051310 2.616915
v 1.046705 1.041028 2.616915
v 1.041337 1.038870 2.616915
v 1.035608 1.039685 2.616915
v 1.031055 1.043256 2.616915
v 1.028896 1.048625 2.616915
v 1.029712 1.054353 2.616915
v 1.033282 1.058907 2.616915
v 1.038651 1.061065 2.616915
v 1.044379 1.060250 2.616915
v 1.048933 1.056679 2.616915
v 1.155874 1.063991 -0.043671
v 1.147361 1.004172 -0.043671
v 1.110078 0.956624 -0.043671
v 1.054017 0.934087 -0.043671
v 0.994198 0.942600 -0.043671
v 0.946650 0.979883 -0.043671
v 0.924113 1.035944 -0.043671
v 0.932626 1.095763 -0.043671
v 0.969909 1.143311 -0.043671
v 1.025970 1.165848 -0.043671
v 1.085789 1.157334 -0.043671
v 1.133337 1.120052 -0.043671
v 1.147697 1.063001 -0.110471
v 1.139785 1.007403 -0.110471
v 1.105133 0.963210 -0.110471
v 1.053028 0.942264 -0.110471
v 0.997429 0.950176 -0.110471
v 0.953236 0.984828 -0.110471
v 0.932290 1.036934 -0.110471
v 0.940203 1.092532 -0.110471
v 0.974854 1.136725 -0.110471
v 1.026960 1.157671 -0.110471
v 1.082558 1.149758 -0.110471
v 1.126751 1.115107 -0.110471
v 1.153422 1.063694 -0.092448
v 1.145088 1.005141 -0.092448
v 1.108595 0.958599 -0.092448
v 1.053720 0.936540 -0.092448
v 0.995167 0.944873 -0.092448
v 0.948625 0.981366 -0.092448
v 0.926566 1.036241 -0.092448
v 0.934899 1.094794 -0.092448
v 0.971392 1.141336 -0.092448
v 1.026267 1.163395 -0.092448
v 1.084820 1.155062 -0.092448
v 1.131362 1.118569 -0.092448
v 1.129099 1.060751 -0.124968
v 1.122553 1.014753 -0.124968
v 1.093885 0.978192 -0.124968
v 1.050777 0.960862 -0.124968
v 1.004780 0.967408 -0.124968
v 0.968218 0.996076 -0.124968
v 0.950888 1.039184 -0.124968
v 0.957435 1.085182 -0.124968
v 0.986102 1.121743 -0.124968
v 1.029210 1.139073 -0.124968
v 1.075208 1.132527 -0.124968
v 1.111770 1.103859 -0.124968
v 1.100129 1.057245 -0.143019
v 1.095711 1.026202 -0.143019
v 1.076364 1.001527 -0.143019
v 1.047271 0.989832 -0.143019
v 1.016228 0.994250 -0.143019
v 0.991553 1.013597 -0.143019
v 0.979858 1.042690 -0.143019
v 0.984276 1.073733 -0.143019
v 1.003624 1.098408 -0.143019
v 1.032716 1.110103 -0.143019
v 1.063759 1.105685 -0.143019
v 1.088434 1.086338 -0.143019
v 1.086230 1.055563 -0.232146
v 1.082833 1.031695 -0.232146
v 1.067958 1.012723 -0.232146
v 1.045589 1.003731 -0.232146
v 1.021721 1.007128 -0.232146
v 1.002749 1.022003 -0.232146
v 0.993757 1.044372 -0.232146
v 0.997154 1.068240 -0.232146
v 1.012030 1.087212 -0.232146
v 1.034398 1.096204 -0.232146
v 1.058266 1.092807 -0.232146
v 1.077238 1.077932 -0.232146
v 1.113849 0.951601 2.001315
v 1.054771 0.927852 2.001315
v 1.025216 1.172083 2.001315
v 1.088253 1.163111 2.001315
v 0.917878 1.035190 2.001315
v 0.926850 1.098227 2.001315
v 0.991734 0.936824 2.001315
v 1.138359 1.123823 2.001315
v 1.162109 1.064745 2.001315
v 1.153137 1.001708 2.001315
v 0.966138 1.148333 2.001315
v 0.941628 0.976112 2.001315
v 1.195707 1.068811 1.772449
v 1.184267 0.988430 1.772449
v 1.134169 0.924537 1.772449
v 1.058837 0.894254 1.772449
v 0.978456 0.905694 1.772449
v 0.914563 0.955791 1.772449
v 0.884280 1.031124 1.772449
v 0.895720 1.111505 1.772449
v 0.945818 1.175398 1.772449
v 1.021150 1.205681 1.772449
v 1.101531 1.194241 1.772449
v 1.165424 1.144143 1.772449
v 1.187562 1.067825 1.998062
v 1.176720 0.991649 1.998062
v 1.129243 0.931099 1.998062
v 1.057852 0.902399 1.998062
v 0.981675 0.913241 1.998062
v 0.921125 0.960718 1.998062
v 0.892425 1.032109 1.998062
v 0.903267 1.108286 1.998062
v 0.950744 1.168836 1.998062
v 1.022136 1.197536 1.998062
v 1.098312 1.186694 1.998062
v 1.158862 1.139217 1.998062
v 1.166504 1.065277 1.998062
v 1.157210 0.999971 1.998062
v 1.116507 0.948061 1.998062
v 1.055303 0.923457 1.998062
v 0.989997 0.932751 1.998062
v 0.938087 0.973454 1.998062
v 0.913483 1.034658 1.998062
v 0.922777 1.099964 1.998062
v 0.963480 1.151874 1.998062
v 1.024684 1.176478 1.998062
v 1.089990 1.167183 1.998062
v 1.141900 1.126481 1.998062
v 1.055761 1.028966 2.610579
v 1.036838 1.076039 2.610579
v 1.013922 1.046812 2.610579
v 1.066065 1.053122 2.610579
v 1.043149 1.023896 2.610579
v 1.050297 1.074124 2.610579
v 1.015838 1.060271 2.610579
v 1.029690 1.025811 2.610579
v 1.060995 1.065735 2.610579
v 1.064149 1.039664 2.610579
v 1.024225 1.070968 2.610579
v 1.018993 1.034199 2.610579
v 1.064736 1.107976 -0.141478
v 1.032417 1.112576 -0.141478
v 0.981985 1.074710 -0.141478
v 0.977385 1.042391 -0.141478
v 1.015251 0.991958 -0.141478
v 1.047570 0.987359 -0.141478
v 1.090426 1.087833 -0.141478
v 1.098003 1.025225 -0.141478
v 1.102602 1.057544 -0.141478
v 1.002128 1.100400 -0.141478
v 0.989561 1.012102 -0.141478
v 1.077860 0.999535 -0.141478
v 1.180164 0.990180 -0.043671
v 1.191278 1.068275 -0.043671
v 1.131491 0.928105 -0.043671
v 1.058301 0.898683 -0.043671
v 0.980206 0.909797 -0.043671
v 0.918131 0.958470 -0.043671
v 0.888709 1.031660 -0.043671
v 0.899823 1.109755 -0.043671
v 0.948496 1.171830 -0.043671
v 1.021686 1.201252 -0.043671
v 1.099781 1.190138 -0.043671
v 1.161856 1.141465 -0.043671
v 1.046009 1.000257 -0.229345
v 1.070059 1.009925 -0.229345
v 1.059639 1.096026 -0.229345
v 1.033978 1.099678 -0.229345
v 0.993935 1.069613 -0.229345
v 0.990283 1.043952 -0.229345
v 1.020348 1.003909 -0.229345
v 1.080037 1.080033 -0.229345
v 1.086052 1.030322 -0.229345
v 1.089704 1.055983 -0.229345
v 1.009928 1.090010 -0.229345
v 0.999951 1.019902 -0.229345
v 1.089366 1.055942 -0.232146
v 1.085739 1.030455 -0.232146
v 1.069854 1.010197 -0.232146
v 1.045968 1.000595 -0.232146
v 1.020482 1.004222 -0.232146
v 1.000223 1.020107 -0.232146
v 0.990621 1.043993 -0.232146
v 0.994248 1.069479 -0.232146
v 1.010133 1.089738 -0.232146
v 1.034019 1.099340 -0.232146
v 1.059506 1.095713 -0.232146
v 1.079764 1.079828 -0.232146
v 1.195707 1.068811 1.993362
v 1.184267 0.988430 1.993362
v 1.134169 0.924537 1.993362
v 1.058837 0.894254 1.993362
v 0.978456 0.905694 1.993362
v 0.914563 0.955791 1.993362
v 0.884280 1.031124 1.993362
v 0.895720 1.111505 1.993362
v 0.945818 1.175398 1.993362
v 1.021150 1.205681 1.993362
v 1.101531 1.194241 1.993362
v 1.165424 1.144143 1.993362
vt 1.000000 0.999970
vt 0.916667 0.999970
vt 0.916667 1.000000
vt 1.000000 1.000000
vt 0.833333 0.999970
vt 0.833333 1.000000
vt 0.750000 0.999970
vt 0.750000 1.000000
vt 0.666667 0.999970
vt 0.666667 1.000000
vt 0.583333 0.999970
vt 0.583333 1.000000
vt 0.500000 0.999970
vt 0.500000 1.000000
vt 0.416667 0.999970
vt 0.416667 1.000000
vt 0.333333 0.999970
vt 0.333333 1.000000
vt 0.250000 0.999970
vt 0.250000 1.000000
vt 0.166667 0.999970
vt 0.166667 1.000000
vt 0.439005 0.250000
vt 0.439005 0.250000
vt 0.413683 0.344503
vt 0.413683 0.344503
vt 0.083333 0.999970
vt 0.083333 1.000000
vt 0.000000 0.999970
vt 0.000000 1.000000
vt 0.924825 0.250000
vt 0.924825 0.250000
vt 0.901403 0.162587
vt 0.901403 0.162587
vt 0.083333 0.500000
vt 0.000000 0.500000
vt 0.000000 0.511081
vt 0.083333 0.511081
vt 0.166667 0.500000
vt 0.166667 0.511081
vt 0.250000 0.500000
vt 0.250000 0.511081
vt 0.333333 0.500000
vt 0.333333 0.511081
vt 0.416667 0.500000
vt 0.416667 0.511081
vt 0.500000 0.500000
vt 0.500000 0.511081
vt 0.583333 0.500000
vt 0.583333 0.511081
vt 0.666667 0.500000
vt 0.666667 0.511081
vt 0.750000 0.500000
vt 0.750000 0.511081
vt 0.833333 0.500000
vt 0.833333 0.511081
vt 0.916667 0.500000
vt 0.916667 0.511081
vt 1.000000 0.500000
vt 1.000000 0.511081
vt 0.000000 0.990616
vt 0.083333 0.990616
vt 0.166667 0.990616
vt 0.250000 0.990616
vt 0.333333 0.990616
vt 0.416667 0.990616
vt 0.500000 0.990616
vt 0.583333 0.990616
vt 0.666667 0.990616
vt 0.750000 0.990616
vt 0.833333 0.990616
vt 0.916667 0.990616
vt 1.000000 0.990616
vt 0.866587 0.451934
vt 0.870000 0.457846
vt 0.750000 0.490000
vt 0.750000 0.483173
vt 0.951934 0.366587
vt 0.957846 0.370000
vt 0.983173 0.250000
vt 0.990000 0.250000
vt 0.951934 0.133413
vt 0.957846 0.130000
vt 0.866587 0.048066
vt 0.870000 0.042154
vt 0.750000 0.016827
vt 0.750000 0.010000
vt 0.633413 0.048066
vt 0.630000 0.042154
vt 0.548066 0.133413
vt 0.542154 0.130000
vt 0.516827 0.250000
vt 0.510000 0.250000
vt 0.548066 0.366587
vt 0.542154 0.370000
vt 0.633413 0.451934
vt 0.630000 0.457846
vt 0.250000 0.477445
vt 0.250000 0.490000
vt 0.370000 0.457846
vt 0.363723 0.446973
vt 0.457846 0.370000
vt 0.446973 0.363723
vt 0.490000 0.250000
vt 0.477445 0.250000
vt 0.457846 0.130000
vt 0.446973 0.136277
vt 0.370000 0.042154
vt 0.363723 0.053027
vt 0.250000 0.010000
vt 0.250000 0.022555
vt 0.130000 0.042154
vt 0.136277 0.053027
vt 0.042154 0.130000
vt 0.053027 0.136277
vt 0.010000 0.250000
vt 0.022555 0.250000
vt 0.042154 0.370000
vt 0.053027 0.363723
vt 0.130000 0.457846
vt 0.136277 0.446973
vt 0.344503 0.413683
vt 0.413683 0.155497
vt 0.344503 0.086317
vt 0.250000 0.060995
vt 0.155497 0.086317
vt 0.086317 0.155497
vt 0.060995 0.250000
vt 0.086316 0.344503
vt 0.155497 0.413683
vt 0.250000 0.439005
vt 0.086316 0.344503
vt 0.060995 0.250000
vt 0.155497 0.086317
vt 0.250000 0.060995
vt 0.413683 0.155497
vt 0.155497 0.413683
vt 0.344503 0.413683
vt 0.250000 0.439005
vt 0.086317 0.155497
vt 0.344503 0.086317
vt 0.837413 0.401403
vt 0.839303 0.404677
vt 0.750000 0.428605
vt 0.750000 0.424825
vt 0.901403 0.337413
vt 0.904677 0.339303
vt 0.928605 0.250000
vt 0.904677 0.160697
vt 0.837413 0.098597
vt 0.839303 0.095323
vt 0.750000 0.075175
vt 0.750000 0.071395
vt 0.662587 0.098597
vt 0.660697 0.095323
vt 0.598597 0.162587
vt 0.595323 0.160697
vt 0.575175 0.250000
vt 0.571395 0.250000
vt 0.598597 0.337413
vt 0.595323 0.339303
vt 0.662587 0.401403
vt 0.660697 0.404677
vt 0.250000 0.060995
vt 0.250000 0.060995
vt 0.344503 0.086317
vt 0.344503 0.086317
vt 0.060995 0.250000
vt 0.060995 0.250000
vt 0.086317 0.155497
vt 0.086317 0.155497
vt 0.413683 0.344503
vt 0.413683 0.344503
vt 0.344503 0.413683
vt 0.344503 0.413683
vt 0.250000 0.439005
vt 0.250000 0.439005
vt 0.155497 0.413683
vt 0.155497 0.413683
vt 0.413683 0.155497
vt 0.413683 0.155497
vt 0.155497 0.086317
vt 0.155497 0.086317
vt 0.086316 0.344503
vt 0.086316 0.344503
vt 0.439005 0.250000
vt 0.439005 0.250000
vt 0.152505 0.418866
vt 0.250000 0.444989
vt 0.081134 0.347494
vt 0.055011 0.250000
vt 0.081134 0.152505
vt 0.152505 0.081134
vt 0.250000 0.055011
vt 0.347495 0.081134
vt 0.418866 0.152505
vt 0.444989 0.250000
vt 0.418866 0.347495
vt 0.347495 0.418866
vt 0.083333 0.998544
vt 0.000000 0.998544
vt 0.166667 0.998544
vt 0.250000 0.998544
vt 0.333333 0.998544
vt 0.416667 0.998544
vt 0.500000 0.998544
vt 0.583333 0.998544
vt 0.666667 0.998544
vt 0.750000 0.998544
vt 0.833333 0.998544
vt 0.916667 0.998544
vt 1.000000 0.998544
vt 1.000000 0.999970
vt 1.000000 1.000000
vt 0.916667 1.000000
vt 0.916667 0.999970
vt 0.833333 1.000000
vt 0.833333 0.999970
vt 0.750000 1.000000
vt 0.750000 0.999970
vt 0.666667 1.000000
vt 0.666667 0.999970
vt 0.583333 1.000000
vt 0.583333 0.999970
vt 0.500000 1.000000
vt 0.500000 0.999970
vt 0.416667 1.000000
vt 0.416667 0.999970
vt 0.333333 1.000000
vt 0.333333 0.999970
vt 0.250000 1.000000
vt 0.250000 0.999970
vt 0.166667 1.000000
vt 0.166667 0.999970
vt 0.439005 0.250000
vt 0.413683 0.344503
vt 0.413683 0.344503
vt 0.439005 0.250000
vt 0.083333 1.000000
vt 0.083333 0.999970
vt 0.000000 1.000000
vt 0.000000 0.999970
vt 0.924825 0.250000
vt 0.901403 0.162587
vt 0.901403 0.162587
vt 0.924825 0.250000
vt 0.083333 0.500000
vt 0.083333 0.511081
vt 0.000000 0.511081
vt 0.000000 0.500000
vt 0.166667 0.500000
vt 0.166667 0.511081
vt 0.250000 0.500000
vt 0.250000 0.511081
vt 0.333333 0.500000
vt 0.333333 0.511081
vt 0.416667 0.500000
vt 0.416667 0.511081
vt 0.500000 0.500000
vt 0.500000 0.511081
vt 0.583333 0.500000
vt 0.583333 0.511081
vt 0.666667 0.500000
vt 0.666667 0.511081
vt 0.750000 0.500000
vt 0.750000 0.511081
vt 0.833333 0.500000
vt 0.833333 0.511081
vt 0.916667 0.500000
vt 0.916667 0.511081
vt 1.000000 0.500000
vt 1.000000 0.511081
vt 0.083333 0.990616
vt 0.000000 0.990616
vt 0.166667 0.990616
vt 0.250000 0.990616
vt 0.333333 0.990616
vt 0.416667 0.990616
vt 0.500000 0.990616
vt 0.583333 0.990616
vt 0.666667 0.990616
vt 0.750000 0.990616
vt 0.833333 0.990616
vt 0.916667 0.990616
vt 1.000000 0.990616
vt 0.866587 0.451934
vt 0.750000 0.483173
vt 0.750000 0.490000
vt 0.870000 0.457846
vt 0.951934 0.366587
vt 0.957846 0.370000
vt 0.983173 0.250000
vt 0.990000 0.250000
vt 0.951934 0.133413
vt 0.957846 0.130000
vt 0.866587 0.048066
vt 0.870000 0.042154
vt 0.750000 0.016827
vt 0.750000 0.010000
vt 0.633413 0.048066
vt 0.630000 0.042154
vt 0.548066 0.133413
vt 0.542154 0.130000
vt 0.516827 0.250000
vt 0.510000 0.250000
vt 0.548066 0.366587
vt 0.542154 0.370000
vt 0.633413 0.451934
vt 0.630000 0.457846
vt 0.250000 0.477445
vt 0.363723 0.446973
vt 0.370000 0.457846
vt 0.250000 0.490000
vt 0.446973 0.363723
vt 0.457846 0.370000
vt 0.477445 0.250000
vt 0.490000 0.250000
vt 0.446973 0.136277
vt 0.457846 0.130000
vt 0.363723 0.053027
vt 0.370000 0.042154
vt 0.250000 0.022555
vt 0.250000 0.010000
vt 0.136277 0.053027
vt 0.130000 0.042154
vt 0.053027 0.136277
vt 0.042154 0.130000
vt 0.022555 0.250000
vt 0.010000 0.250000
vt 0.053027 0.363723
vt 0.042154 0.370000
vt 0.136277 0.446973
vt 0.130000 0.457846
vt 0.344503 0.413683
vt 0.250000 0.439005
vt 0.155497 0.413683
vt 0.086316 0.344503
vt 0.060995 0.250000
vt 0.086317 0.155497
vt 0.155497 0.086317
vt 0.250000 0.060995
vt 0.344503 0.086317
vt 0.413683 0.155497
vt 0.086316 0.344503
vt 0.060995 0.250000
vt 0.155497 0.086317
vt 0.250000 0.060995
vt 0.413683 0.155497
vt 0.155497 0.413683
vt 0.344503 0.413683
vt 0.250000 0.439005
vt 0.086317 0.155497
vt 0.344503 0.086317
vt 0.837413 0.401403
vt 0.750000 0.424825
vt 0.750000 0.428605
vt 0.839303 0.404677
vt 0.901403 0.337413
vt 0.904677 0.339303
vt 0.928605 0.250000
vt 0.904677 0.160697
vt 0.837413 0.098597
vt 0.839303 0.095323
vt 0.750000 0.075175
vt 0.750000 0.071395
vt 0.662587 0.098597
vt 0.660697 0.095323
vt 0.598597 0.162587
vt 0.595323 0.160697
vt 0.575175 0.250000
vt 0.571395 0.250000
vt 0.598597 0.337413
vt 0.595323 0.339303
vt 0.662587 0.401403
vt 0.660697 0.404677
vt 0.250000 0.060995
vt 0.344503 0.086317
vt 0.344503 0.086317
vt 0.250000 0.060995
vt 0.060995 0.250000
vt 0.086317 0.155497
vt 0.086317 0.155497
vt 0.060995 0.250000
vt 0.413683 0.344503
vt 0.344503 0.413683
vt 0.344503 0.413683
vt 0.413683 0.344503
vt 0.250000 0.439005
vt 0.155497 0.413683
vt 0.155497 0.413683
vt 0.250000 0.439005
vt 0.413683 0.155497
vt 0.413683 0.155497
vt 0.155497 0.086317
vt 0.155497 0.086317
vt 0.086316 0.344503
vt 0.086316 0.344503
vt 0.439005 0.250000
vt 0.439005 0.250000
vt 0.152505 0.418866
vt 0.250000 0.444989
vt 0.081134 0.347494
vt 0.055011 0.250000
vt 0.081134 0.152505
vt 0.152505 0.081134
vt 0.250000 0.055011
vt 0.347495 0.081134
vt 0.418866 0.152505
vt 0.444989 0.250000
vt 0.418866 0.347495
vt 0.347495 0.418866
vt 0.083333 0.998544
vt 0.000000 0.998544
vt 0.166667 0.998544
vt 0.250000 0.998544
vt 0.333333 0.998544
vt 0.416667 0.998544
vt 0.500000 0.998544
vt 0.583333 0.998544
vt 0.666667 0.998544
vt 0.750000 0.998544
vt 0.833333 0.998544
vt 0.916667 0.998544
vt 1.000000 0.998544
vt 0.750000 0.083997
vt 0.750000 0.083997
vt 0.666999 0.106238
vt 0.666999 0.106238
vt 0.598597 0.337413
vt 0.662587 0.401403
vt 0.750000 0.424825
vt 0.837413 0.401403
vt 0.662587 0.098597
vt 0.598597 0.162587
vt 0.837413 0.098597
vt 0.901403 0.337413
vt 0.575175 0.250000
vt 0.750000 0.075175
vt 0.833001 0.393762
vt 0.750000 0.416002
vt 0.893763 0.333001
vt 0.916003 0.250000
vt 0.893762 0.166999
vt 0.833001 0.106238
vt 0.606238 0.166999
vt 0.583997 0.250000
vt 0.606237 0.333001
vt 0.666998 0.393762
vt 0.583997 0.250000
vt 0.583997 0.250000
vt 0.606237 0.333001
vt 0.606237 0.333001
vt 0.916003 0.250000
vt 0.893762 0.166999
vt 0.606237 0.333001
vt 0.666998 0.393762
vt 0.750000 0.416002
vt 0.833001 0.393762
vt 0.606238 0.166999
vt 0.833001 0.106238
vt 0.893763 0.333001
vt 0.583997 0.250000
vt 0.893762 0.333001
vt 0.893763 0.333001
vt 0.916003 0.250000
vt 0.916003 0.250000
vt 0.750000 0.083997
vt 0.750000 0.083997
vt 0.666999 0.106238
vt 0.666999 0.106238
vt 0.916002 0.250000
vt 0.916003 0.250000
vt 0.893762 0.166999
vt 0.893762 0.166999
vt 0.666998 0.393762
vt 0.666998 0.393762
vt 0.750000 0.416002
vt 0.750000 0.416002
vt 0.833001 0.393762
vt 0.833001 0.393762
vt 0.606238 0.166999
vt 0.606238 0.166999
vt 0.833001 0.106238
vt 0.833001 0.106238
vt 0.893763 0.333001
vt 0.893762 0.333001
vt 0.750000 0.405458
vt 0.672271 0.384631
vt 0.615369 0.327729
vt 0.594541 0.250000
vt 0.615369 0.172271
vt 0.672271 0.115369
vt 0.750000 0.094541
vt 0.827729 0.115369
vt 0.884631 0.172271
vt 0.905458 0.250000
vt 0.884631 0.327729
vt 0.827729 0.384631
vt 0.583997 0.250000
vt 0.583997 0.250000
vt 0.606237 0.333001
vt 0.606237 0.333001
vt 0.750000 0.083997
vt 0.750000 0.083997
vt 0.666999 0.106238
vt 0.666999 0.106238
vt 0.893762 0.166999
vt 0.893762 0.166999
vt 0.666998 0.393762
vt 0.666998 0.393762
vt 0.750000 0.416002
vt 0.750000 0.416002
vt 0.833001 0.393762
vt 0.833001 0.393762
vt 0.606238 0.166999
vt 0.606238 0.166999
vt 0.833001 0.106238
vt 0.833001 0.106238
vt 0.750000 0.083997
vt 0.666999 0.106238
vt 0.666999 0.106238
vt 0.750000 0.083997
vt 0.662587 0.401403
vt 0.598597 0.337413
vt 0.837413 0.401403
vt 0.750000 0.424825
vt 0.598597 0.162587
vt 0.662587 0.098597
vt 0.837413 0.098597
vt 0.901403 0.337413
vt 0.575175 0.250000
vt 0.750000 0.075175
vt 0.833001 0.393762
vt 0.750000 0.416002
vt 0.893763 0.333001
vt 0.916003 0.250000
vt 0.893762 0.166999
vt 0.833001 0.106238
vt 0.606238 0.166999
vt 0.583997 0.250000
vt 0.606237 0.333001
vt 0.666998 0.393762
vt 0.583997 0.250000
vt 0.606237 0.333001
vt 0.606237 0.333001
vt 0.583997 0.250000
vt 0.893762 0.166999
vt 0.916003 0.250000
vt 0.666998 0.393762
vt 0.606237 0.333001
vt 0.833001 0.393762
vt 0.750000 0.416002
vt 0.606238 0.166999
vt 0.833001 0.106238
vt 0.893763 0.333001
vt 0.583997 0.250000
vt 0.893762 0.333001
vt 0.916003 0.250000
vt 0.916003 0.250000
vt 0.893763 0.333001
vt 0.750000 0.083997
vt 0.666999 0.106238
vt 0.666999 0.106238
vt 0.750000 0.083997
vt 0.916002 0.250000
vt 0.893762 0.166999
vt 0.893762 0.166999
vt 0.916003 0.250000
vt 0.666998 0.393762
vt 0.666998 0.393762
vt 0.750000 0.416002
vt 0.833001 0.393762
vt 0.833001 0.393762
vt 0.750000 0.416002
vt 0.606238 0.166999
vt 0.606238 0.166999
vt 0.833001 0.106238
vt 0.833001 0.106238
vt 0.893762 0.333001
vt 0.893763 0.333001
vt 0.750000 0.405458
vt 0.827729 0.384631
vt 0.884631 0.327729
vt 0.905458 0.250000
vt 0.884631 0.172271
vt 0.827729 0.115369
vt 0.750000 0.094541
vt 0.672271 0.115369
vt 0.615369 0.172271
vt 0.594541 0.250000
vt 0.615369 0.327729
vt 0.672271 0.384631
vt 0.583997 0.250000
vt 0.606237 0.333001
vt 0.606237 0.333001
vt 0.583997 0.250000
vt 0.750000 0.083997
vt 0.666999 0.106238
vt 0.666999 0.106238
vt 0.750000 0.083997
vt 0.893762 0.166999
vt 0.893762 0.166999
vt 0.666998 0.393762
vt 0.666998 0.393762
vt 0.750000 0.416002
vt 0.833001 0.393762
vt 0.833001 0.393762
vt 0.750000 0.416002
vt 0.606238 0.166999
vt 0.606238 0.166999
vt 0.833001 0.106238
vt 0.833001 0.106238
vn -0.9927 0.1201 0.0000
vn -0.9198 -0.3923 0.0000
vn -0.6964 -0.2970 0.6532
vn -0.7517 0.0909 0.6532
vn -0.6004 -0.7997 0.0000
vn -0.4546 -0.6055 0.6532
vn -0.1201 -0.9927 0.0000
vn -0.0909 -0.7517 0.6532
vn 0.3923 -0.9198 0.0000
vn 0.2970 -0.6964 0.6532
vn 0.7997 -0.6004 0.0000
vn 0.6055 -0.4546 0.6532
vn 0.9927 -0.1201 0.0000
vn 0.7517 -0.0909 0.6532
vn 0.9198 0.3923 0.0000
vn 0.6964 0.2970 0.6532
vn 0.6004 0.7997 0.0000
vn 0.4546 0.6055 0.6532
vn 0.1201 0.9927 0.0000
vn 0.0909 0.7517 0.6532
vn -0.3923 0.9198 0.0000
vn -0.2970 0.6964 0.6532
vn -0.0978 -0.8080 0.5810
vn -0.0275 -0.2271 0.9735
vn -0.1373 -0.1829 0.9735
vn -0.4887 -0.6509 0.5810
vn -0.7997 0.6004 0.0000
vn -0.6055 0.4546 0.6532
vn -0.0766 -0.6331 -0.7703
vn -0.1187 -0.9814 -0.1505
vn 0.3879 -0.9093 -0.1505
vn 0.2502 -0.5866 -0.7703
vn -0.6055 0.4546 -0.6532
vn -0.7517 0.0909 -0.6532
vn -0.2970 0.6964 -0.6532
vn 0.0909 0.7517 -0.6532
vn 0.4546 0.6055 -0.6532
vn 0.6964 0.2970 -0.6532
vn 0.7517 -0.0909 -0.6532
vn 0.6055 -0.4546 -0.6532
vn 0.2970 -0.6964 -0.6532
vn -0.0909 -0.7517 -0.6532
vn -0.4546 -0.6055 -0.6532
vn -0.6964 -0.2970 -0.6532
vn 0.0000 0.0000 -1.0000
vn 0.0000 0.0000 1.0000
vn -0.2104 -0.0897 0.9735
vn 0.0897 -0.2104 0.9735
vn 0.1829 -0.1373 0.9735
vn 0.2271 -0.0275 0.9735
vn 0.2104 0.0897 0.9735
vn 0.1373 0.1829 0.9735
vn 0.0275 0.2271 0.9735
vn -0.0897 0.2104 0.9735
vn -0.1829 0.1373 0.9735
vn -0.2271 0.0275 0.9735
vn -0.3193 0.7486 0.5810
vn 0.0978 0.8080 0.5810
vn 0.7486 0.3193 0.5810
vn 0.8080 -0.0978 0.5810
vn 0.3193 -0.7486 0.5810
vn -0.6509 0.4887 0.5810
vn -0.7486 -0.3193 0.5810
vn -0.8080 0.0978 0.5810
vn 0.4887 0.6509 0.5810
vn 0.6509 -0.4887 0.5810
vn -0.5866 -0.2502 -0.7703
vn -0.6331 0.0766 -0.7703
vn -0.3829 -0.5100 -0.7703
vn 0.5100 -0.3829 -0.7703
vn 0.6331 -0.0766 -0.7703
vn 0.5866 0.2502 -0.7703
vn 0.3829 0.5100 -0.7703
vn 0.0766 0.6331 -0.7703
vn -0.2502 0.5866 -0.7703
vn -0.5100 0.3829 -0.7703
vn 0.5734 -0.0694 0.8163
vn 0.9805 -0.1186 0.1568
vn 0.7898 -0.5930 0.1568
vn 0.4619 -0.3468 0.8163
vn 0.0694 0.5734 0.8163
vn 0.1186 0.9805 0.1568
vn 0.5930 0.7898 0.1568
vn 0.3468 0.4619 0.8163
vn -0.3468 -0.4619 0.8163
vn -0.5930 -0.7898 0.1568
vn -0.9084 -0.3875 0.1568
vn -0.5313 -0.2266 0.8163
vn -0.5734 0.0694 0.8163
vn -0.9805 0.1186 0.1568
vn -0.7898 0.5930 0.1568
vn -0.4619 0.3468 0.8163
vn 0.3875 -0.9084 0.1568
vn 0.2266 -0.5313 0.8163
vn 0.9084 0.3875 0.1568
vn 0.5313 0.2266 0.8163
vn -0.3875 0.9084 0.1568
vn -0.2266 0.5313 0.8163
vn -0.1186 -0.9805 0.1568
vn -0.0694 -0.5734 0.8163
vn 0.9927 0.1201 0.0000
vn 0.7517 0.0909 0.6532
vn 0.6964 -0.2970 0.6532
vn 0.9198 -0.3923 0.0000
vn 0.4546 -0.6055 0.6532
vn 0.6004 -0.7997 0.0000
vn 0.0909 -0.7517 0.6532
vn 0.1201 -0.9927 0.0000
vn -0.2970 -0.6964 0.6532
vn -0.3923 -0.9198 0.0000
vn -0.6055 -0.4546 0.6532
vn -0.7997 -0.6004 0.0000
vn -0.7517 -0.0909 0.6532
vn -0.9927 -0.1201 0.0000
vn -0.6964 0.2970 0.6532
vn -0.9198 0.3923 0.0000
vn -0.4546 0.6055 0.6532
vn -0.6004 0.7997 0.0000
vn -0.0909 0.7517 0.6532
vn -0.1201 0.9927 0.0000
vn 0.2970 0.6964 0.6532
vn 0.3923 0.9198 0.0000
vn 0.0978 -0.8080 0.5810
vn 0.4887 -0.6509 0.5810
vn 0.1373 -0.1829 0.9735
vn 0.0275 -0.2271 0.9735
vn 0.6055 0.4546 0.6532
vn 0.7997 0.6004 0.0000
vn 0.0766 -0.6331 -0.7703
vn -0.2502 -0.5866 -0.7703
vn -0.3879 -0.9093 -0.1505
vn 0.1187 -0.9814 -0.1505
vn 0.6055 0.4546 -0.6532
vn 0.7517 0.0909 -0.6532
vn 0.2970 0.6964 -0.6532
vn -0.0909 0.7517 -0.6532
vn -0.4546 0.6055 -0.6532
vn -0.6964 0.2970 -0.6532
vn -0.7517 -0.0909 -0.6532
vn -0.6055 -0.4546 -0.6532
vn -0.2970 -0.6964 -0.6532
vn 0.0909 -0.7517 -0.6532
vn 0.4546 -0.6055 -0.6532
vn 0.6964 -0.2970 -0.6532
vn 0.2104 -0.0897 0.9735
vn 0.2270 0.0275 0.9735
vn 0.1829 0.1373 0.9735
vn 0.0897 0.2104 0.9735
vn -0.0275 0.2271 0.9735
vn -0.1373 0.1829 0.9735
vn -0.2104 0.0897 0.9735
vn -0.2271 -0.0275 0.9735
vn -0.1829 -0.1373 0.9735
vn -0.0897 -0.2104 0.9735
vn 0.3193 0.7486 0.5810
vn -0.0978 0.8080 0.5810
vn -0.7486 0.3193 0.5810
vn -0.8080 -0.0978 0.5810
vn -0.3193 -0.7486 0.5810
vn 0.6509 0.4887 0.5810
vn 0.7486 -0.3193 0.5810
vn 0.8080 0.0978 0.5810
vn -0.4887 0.6509 0.5810
vn -0.6509 -0.4887 0.5810
vn 0.5866 -0.2502 -0.7703
vn 0.6331 0.0766 -0.7703
vn 0.3829 -0.5100 -0.7703
vn -0.5100 -0.3829 -0.7703
vn -0.6331 -0.0766 -0.7703
vn -0.5866 0.2502 -0.7703
vn -0.3829 0.5100 -0.7703
vn -0.0766 0.6331 -0.7703
vn 0.2502 0.5866 -0.7703
vn 0.5100 0.3829 -0.7703
vn -0.5734 -0.0694 0.8163
vn -0.4619 -0.3468 0.8163
vn -0.7898 -0.5930 0.1568
vn -0.9805 -0.1186 0.1568
vn -0.0694 0.5734 0.8163
vn -0.3468 0.4619 0.8163
vn -0.5930 0.7898 0.1568
vn -0.1186 0.9805 0.1568
vn 0.3468 -0.4619 0.8163
vn 0.5313 -0.2266 0.8163
vn 0.9084 -0.3875 0.1568
vn 0.5930 -0.7898 0.1568
vn 0.5734 0.0694 0.8163
vn 0.4619 0.3468 0.8163
vn 0.7898 0.5930 0.1568
vn 0.9805 0.1186 0.1568
vn -0.2266 -0.5313 0.8163
vn -0.3875 -0.9084 0.1568
vn -0.5313 0.2266 0.8163
vn -0.9084 0.3875 0.1568
vn 0.2266 0.5313 0.8163
vn 0.3875 0.9084 0.1568
vn 0.0694 -0.5734 0.8163
vn 0.1186 -0.9805 0.1568
vn 0.8280 -0.1002 -0.5517
vn 0.5714 -0.0691 -0.8177
vn 0.5295 0.2258 -0.8177
vn 0.7672 0.3272 -0.5517
vn -0.3879 0.9093 -0.1505
vn -0.7906 0.5936 -0.1505
vn -0.9814 0.1187 -0.1505
vn -0.9093 -0.3879 -0.1505
vn 0.9093 0.3879 -0.1505
vn 0.5936 0.7906 -0.1505
vn 0.7906 -0.5936 -0.1505
vn -0.5936 -0.7906 -0.1505
vn 0.1187 0.9814 -0.1505
vn 0.9814 -0.1187 -0.1505
vn -0.7672 -0.3272 -0.5517
vn -0.8280 0.1002 -0.5517
vn -0.5008 -0.6670 -0.5517
vn -0.1002 -0.8280 -0.5517
vn 0.3272 -0.7672 -0.5517
vn 0.6670 -0.5008 -0.5517
vn 0.5008 0.6670 -0.5517
vn 0.1002 0.8280 -0.5517
vn -0.3272 0.7672 -0.5517
vn -0.6670 0.5008 -0.5517
vn 0.0632 0.5223 -0.8504
vn 0.0984 0.8130 -0.5738
vn -0.3213 0.7533 -0.5738
vn -0.2064 0.4839 -0.8504
vn -0.0691 -0.5714 -0.8177
vn 0.2258 -0.5295 -0.8177
vn -0.2258 0.5295 -0.8177
vn -0.4603 0.3456 -0.8177
vn -0.5714 0.0691 -0.8177
vn -0.5295 -0.2258 -0.8177
vn 0.3456 0.4603 -0.8177
vn 0.4603 -0.3456 -0.8177
vn -0.3456 -0.4603 -0.8177
vn 0.0692 0.5714 -0.8177
vn -0.5960 -0.7938 -0.1207
vn -0.4302 -0.5730 -0.6975
vn -0.0861 -0.7114 -0.6975
vn -0.1192 -0.9855 -0.1207
vn 0.5222 -0.0632 -0.8504
vn 0.8130 -0.0984 -0.5738
vn 0.7533 0.3213 -0.5738
vn 0.4839 0.2064 -0.8504
vn -0.0632 -0.5222 -0.8504
vn -0.0984 -0.8130 -0.5738
vn 0.3213 -0.7533 -0.5738
vn 0.2064 -0.4839 -0.8504
vn -0.6549 0.4917 -0.5738
vn -0.4207 0.3158 -0.8504
vn -0.5223 0.0632 -0.8504
vn -0.8130 0.0984 -0.5738
vn -0.7533 -0.3213 -0.5738
vn -0.4839 -0.2064 -0.8504
vn 0.4917 0.6549 -0.5738
vn 0.3158 0.4207 -0.8504
vn 0.6549 -0.4917 -0.5738
vn 0.4207 -0.3159 -0.8504
vn -0.4917 -0.6549 -0.5738
vn -0.3159 -0.4207 -0.8504
vn 0.1192 0.9855 -0.1207
vn 0.0861 0.7114 -0.6975
vn -0.2811 0.6591 -0.6975
vn -0.3894 0.9131 -0.1207
vn 0.9855 -0.1192 -0.1207
vn 0.7114 -0.0861 -0.6975
vn 0.6591 0.2811 -0.6975
vn 0.9131 0.3894 -0.1208
vn 0.2811 -0.6591 -0.6975
vn 0.3894 -0.9131 -0.1207
vn -0.5730 0.4302 -0.6975
vn -0.7938 0.5960 -0.1207
vn -0.9855 0.1192 -0.1207
vn -0.7114 0.0861 -0.6975
vn -0.6591 -0.2811 -0.6975
vn -0.9131 -0.3894 -0.1207
vn 0.4302 0.5730 -0.6975
vn 0.5960 0.7938 -0.1208
vn 0.5730 -0.4302 -0.6975
vn 0.7938 -0.5960 -0.1207
vn -0.8280 -0.1002 -0.5517
vn -0.7672 0.3272 -0.5517
vn -0.5295 0.2258 -0.8177
vn -0.5714 -0.0691 -0.8177
vn 0.7906 0.5936 -0.1505
vn 0.3879 0.9093 -0.1505
vn 0.9093 -0.3879 -0.1505
vn 0.9814 0.1187 -0.1505
vn -0.5936 0.7906 -0.1505
vn -0.9093 0.3879 -0.1505
vn -0.7906 -0.5936 -0.1505
vn 0.5936 -0.7906 -0.1505
vn -0.1187 0.9814 -0.1505
vn -0.9814 -0.1187 -0.1505
vn 0.7672 -0.3272 -0.5517
vn 0.8280 0.1002 -0.5517
vn 0.5008 -0.6670 -0.5517
vn 0.1002 -0.8280 -0.5517
vn -0.3272 -0.7672 -0.5517
vn -0.6670 -0.5008 -0.5517
vn -0.5008 0.6670 -0.5517
vn -0.1002 0.8280 -0.5517
vn 0.3272 0.7672 -0.5517
vn 0.6670 0.5008 -0.5517
vn -0.0632 0.5223 -0.8504
vn 0.2064 0.4839 -0.8504
vn 0.3213 0.7533 -0.5738
vn -0.0984 0.8130 -0.5738
vn -0.2258 -0.5295 -0.8177
vn 0.0691 -0.5714 -0.8177
vn 0.4603 0.3456 -0.8177
vn 0.2258 0.5295 -0.8177
vn 0.5295 -0.2258 -0.8177
vn 0.5714 0.0691 -0.8177
vn -0.3456 0.4603 -0.8177
vn -0.4603 -0.3456 -0.8177
vn 0.3456 -0.4603 -0.8177
vn -0.0692 0.5714 -0.8177
vn 0.5960 -0.7938 -0.1207
vn 0.1192 -0.9855 -0.1208
vn 0.0861 -0.7114 -0.6975
vn 0.4302 -0.5730 -0.6975
vn -0.5222 -0.0632 -0.8504
vn -0.4839 0.2064 -0.8504
vn -0.7533 0.3213 -0.5738
vn -0.8130 -0.0984 -0.5738
vn 0.0632 -0.5222 -0.8504
vn -0.2064 -0.4839 -0.8504
vn -0.3213 -0.7533 -0.5738
vn 0.0984 -0.8130 -0.5738
vn 0.4207 0.3158 -0.8504
vn 0.6549 0.4917 -0.5738
vn 0.5222 0.0632 -0.8504
vn 0.4839 -0.2064 -0.8504
vn 0.7533 -0.3213 -0.5738
vn 0.8130 0.0984 -0.5738
vn -0.3158 0.4207 -0.8504
vn -0.4917 0.6549 -0.5738
vn -0.4207 -0.3159 -0.8504
vn -0.6549 -0.4917 -0.5738
vn 0.3159 -0.4207 -0.8504
vn 0.4917 -0.6549 -0.5738
vn -0.1192 0.9855 -0.1207
vn 0.3894 0.9131 -0.1207
vn 0.2811 0.6591 -0.6975
vn -0.0861 0.7114 -0.6975
vn -0.9855 -0.1192 -0.1207
vn -0.9131 0.3894 -0.1208
vn -0.6591 0.2811 -0.6975
vn -0.7114 -0.0861 -0.6975
vn -0.3894 -0.9131 -0.1207
vn -0.2811 -0.6591 -0.6975
vn 0.7938 0.5960 -0.1207
vn 0.5730 0.4302 -0.6975
vn 0.9855 0.1192 -0.1207
vn 0.9131 -0.3894 -0.1207
vn 0.6591 -0.2811 -0.6975
vn 0.7114 0.0861 -0.6975
vn -0.5960 0.7938 -0.1208
vn -0.4302 0.5730 -0.6975
vn -0.7938 -0.5960 -0.1207
vn -0.5730 -0.4302 -0.6975
usemtl DarkPorple
s 1
f 2221/2234/968 2222/2235/969 2017/2236/970 2018/2237/971
f 2222/2235/969 2223/2238/972 2019/2239/973 2017/2236/970
f 2223/2238/972 2224/2240/974 2020/2241/975 2019/2239/973
f 2224/2240/974 2225/2242/976 2021/2243/977 2020/2241/975
f 2225/2242/976 2226/2244/978 2022/2245/979 2021/2243/977
f 2226/2244/978 2227/2246/980 2023/2247/981 2022/2245/979
f 2227/2246/980 2228/2248/982 2024/2249/983 2023/2247/981
f 2228/2248/982 2229/2250/984 2025/2251/985 2024/2249/983
f 2229/2250/984 2230/2252/986 2026/2253/987 2025/2251/985
f 2230/2252/986 2231/2254/988 2027/2255/989 2026/2253/987
f 2165/2256/990 2032/2257/991 2031/2258/992 2161/2259/993
f 2231/2254/988 2232/2260/994 2028/2261/995 2027/2255/989
f 2232/2260/994 2221/2262/968 2018/2263/971 2028/2261/995
f 1963/2264/996 2068/2265/997 2069/2266/998 1965/2267/999
f 2016/2268/1000 2005/2269/1001 1981/2270/968 1992/2271/994
f 2015/2272/1002 2016/2268/1000 1992/2271/994 1991/2273/988
f 2014/2274/1003 2015/2272/1002 1991/2273/988 1990/2275/986
f 2013/2276/1004 2014/2274/1003 1990/2275/986 1989/2277/984
f 2012/2278/1005 2013/2276/1004 1989/2277/984 1988/2279/982
f 2011/2280/1006 2012/2278/1005 1988/2279/982 1987/2281/980
f 2010/2282/1007 2011/2280/1006 1987/2281/980 1986/2283/978
f 2009/2284/1008 2010/2282/1007 1986/2283/978 1985/2285/976
f 2008/2286/1009 2009/2284/1008 1985/2285/976 1984/2287/974
f 2007/2288/1010 2008/2286/1009 1984/2287/974 1983/2289/972
f 2006/2290/1011 2007/2288/1010 1983/2289/972 1982/2291/969
f 2005/2292/1001 2006/2290/1011 1982/2291/969 1981/2293/968
f 1992/2271/994 1981/2270/968 1993/2294/968 2004/2295/994
f 1991/2273/988 1992/2271/994 2004/2295/994 2003/2296/988
f 1990/2275/986 1991/2273/988 2003/2296/988 2002/2297/986
f 1989/2277/984 1990/2275/986 2002/2297/986 2001/2298/984
f 1988/2279/982 1989/2277/984 2001/2298/984 2000/2299/982
f 1987/2281/980 1988/2279/982 2000/2299/982 1999/2300/980
f 1986/2283/978 1987/2281/980 1999/2300/980 1998/2301/978
f 1985/2285/976 1986/2283/978 1998/2301/978 1997/2302/976
f 1984/2287/974 1985/2285/976 1997/2302/976 1996/2303/974
f 1983/2289/972 1984/2287/974 1996/2303/974 1995/2304/972
f 1982/2291/969 1983/2289/972 1995/2304/972 1994/2305/969
f 1981/2293/968 1982/2291/969 1994/2305/969 1993/2306/968
f 2185/2307/1012 2006/2308/1011 2005/2309/1001 2186/2310/1012
f 2187/2311/1012 2007/2312/1010 2006/2308/1011 2185/2307/1012
f 2188/2313/1012 2008/2314/1009 2007/2312/1010 2187/2311/1012
f 2189/2315/1012 2009/2316/1008 2008/2314/1009 2188/2313/1012
f 2190/2317/1012 2010/2318/1007 2009/2316/1008 2189/2315/1012
f 2191/2319/1012 2011/2320/1006 2010/2318/1007 2190/2317/1012
f 2192/2321/1012 2012/2322/1005 2011/2320/1006 2191/2319/1012
f 2193/2323/1012 2013/2324/1004 2012/2322/1005 2192/2321/1012
f 2194/2325/1012 2014/2326/1003 2013/2324/1004 2193/2323/1012
f 2195/2327/1012 2015/2328/1002 2014/2326/1003 2194/2325/1012
f 2196/2329/1012 2016/2330/1000 2015/2328/1002 2195/2327/1012
f 2186/2310/1012 2005/2309/1001 2016/2330/1000 2196/2329/1012
f 2137/2331/1013 2018/2332/971 2017/2333/970 2138/2334/1013
f 2138/2334/1013 2017/2333/970 2019/2335/973 2139/2336/1013
f 2139/2336/1013 2019/2335/973 2020/2337/975 2140/2338/1013
f 2140/2338/1013 2020/2337/975 2021/2339/977 2141/2340/1013
f 2141/2340/1013 2021/2339/977 2022/2341/979 2142/2342/1013
f 2142/2342/1013 2022/2341/979 2023/2343/981 2143/2344/1013
f 2143/2344/1013 2023/2343/981 2024/2345/983 2144/2346/1013
f 2144/2346/1013 2024/2345/983 2025/2347/985 2145/2348/1013
f 2145/2348/1013 2025/2347/985 2026/2349/987 2146/2350/1013
f 2146/2350/1013 2026/2349/987 2027/2351/989 2147/2352/1013
f 2147/2352/1013 2027/2351/989 2028/2353/995 2148/2354/1013
f 2148/2354/1013 2028/2353/995 2018/2332/971 2137/2331/1013
f 2029/2355/1014 2031/2258/992 2032/2257/991 2033/2356/1015 2034/2357/1016 2035/2358/1017 2036/2359/1018 2037/2360/1019 2038/2361/1020 2039/2362/1021 2040/2363/1022 2030/2364/1023
f 2166/2365/1024 2039/2362/1021 2038/2361/1020 2162/2366/1025
f 2167/2367/1026 2036/2359/1018 2035/2358/1017 2163/2368/1027
f 2168/2369/1028 2033/2356/1015 2032/2257/991 2165/2256/990
f 2169/2370/1029 2040/2363/1022 2039/2362/1021 2166/2365/1024
f 2170/2371/1030 2029/2355/1014 2030/2364/1023 2164/2372/1031
f 2171/2373/1032 2037/2360/1019 2036/2359/1018 2167/2367/1026
f 2172/2374/1033 2034/2357/1016 2033/2356/1015 2168/2369/1028
f 2164/2372/1031 2030/2364/1023 2040/2363/1022 2169/2370/1029
f 2161/2259/993 2031/2258/992 2029/2355/1014 2170/2371/1030
f 2162/2366/1025 2038/2361/1020 2037/2360/1019 2171/2373/1032
f 2163/2368/1027 2035/2358/1017 2034/2357/1016 2172/2374/1033
f 1959/2375/1034 2042/2376/1012 2041/2377/1012 1957/2378/1035
f 1961/2379/1036 2043/2380/1012 2042/2376/1012 1959/2375/1034
f 1963/2264/996 2044/2381/1012 2043/2380/1012 1961/2379/1036
f 1965/2267/999 2045/2382/1012 2044/2381/1012 1963/2264/996
f 1967/2383/1037 2046/2384/1012 2045/2382/1012 1965/2267/999
f 1969/2385/1038 2047/2386/1012 2046/2384/1012 1967/2383/1037
f 1971/2387/1039 2048/2388/1012 2047/2386/1012 1969/2385/1038
f 1973/2389/1040 2049/2390/1012 2048/2388/1012 1971/2387/1039
f 1975/2391/1041 2050/2392/1012 2049/2390/1012 1973/2389/1040
f 1977/2393/1042 2051/2394/1012 2050/2392/1012 1975/2391/1041
f 1979/2395/1043 2052/2396/1012 2051/2394/1012 1977/2393/1042
f 1957/2378/1035 2041/2377/1012 2052/2396/1012 1979/2395/1043
f 1970/2397/1044 2117/2398/1045 2124/2399/1046 1968/2400/1047
f 1976/2401/1048 2115/2402/1049 2123/2403/1050 1974/2404/1051
f 1962/2405/1052 2113/2406/1053 2122/2407/1054 1960/2408/1055
f 1958/2409/1056 2121/2410/1057 2120/2411/1058 1980/2412/1059
f 1968/2400/1047 2124/2399/1046 2119/2413/1060 1966/2414/1061
f 1974/2404/1051 2123/2403/1050 2118/2415/1062 1972/2416/1063
f 1960/2408/1055 2122/2407/1054 2121/2410/1057 1958/2409/1056
f 1980/2412/1059 2120/2411/1058 2116/2417/1064 1978/2418/1065
f 1966/2414/1061 2119/2413/1060 2114/2419/1066 1964/2420/1067
f 1972/2416/1063 2118/2415/1062 2117/2398/1045 1970/2397/1044
f 1978/2418/1065 2116/2417/1064 2115/2402/1049 1976/2401/1048
f 1964/2420/1067 2114/2419/1066 2113/2406/1053 1962/2405/1052
f 2160/2421/1013 2148/2354/1013 2137/2331/1013 2149/2422/1013
f 2159/2423/1013 2147/2352/1013 2148/2354/1013 2160/2421/1013
f 2158/2424/1013 2146/2350/1013 2147/2352/1013 2159/2423/1013
f 2157/2425/1013 2145/2348/1013 2146/2350/1013 2158/2424/1013
f 2156/2426/1013 2144/2346/1013 2145/2348/1013 2157/2425/1013
f 2155/2427/1013 2143/2344/1013 2144/2346/1013 2156/2426/1013
f 2154/2428/1013 2142/2342/1013 2143/2344/1013 2155/2427/1013
f 2153/2429/1013 2141/2340/1013 2142/2342/1013 2154/2428/1013
f 2152/2430/1013 2140/2338/1013 2141/2340/1013 2153/2429/1013
f 2151/2431/1013 2139/2336/1013 2140/2338/1013 2152/2430/1013
f 2150/2432/1013 2138/2334/1013 2139/2336/1013 2151/2431/1013
f 2149/2422/1013 2137/2331/1013 2138/2334/1013 2150/2432/1013
f 1958/2409/1056 2149/2422/1013 2150/2432/1013 1960/2408/1055
f 1960/2408/1055 2150/2432/1013 2151/2431/1013 1962/2405/1052
f 1962/2405/1052 2151/2431/1013 2152/2430/1013 1964/2420/1067
f 1964/2420/1067 2152/2430/1013 2153/2429/1013 1966/2414/1061
f 1966/2414/1061 2153/2429/1013 2154/2428/1013 1968/2400/1047
f 1968/2400/1047 2154/2428/1013 2155/2427/1013 1970/2397/1044
f 1970/2397/1044 2155/2427/1013 2156/2426/1013 1972/2416/1063
f 1972/2416/1063 2156/2426/1013 2157/2425/1013 1974/2404/1051
f 1974/2404/1051 2157/2425/1013 2158/2424/1013 1976/2401/1048
f 1976/2401/1048 2158/2424/1013 2159/2423/1013 1978/2418/1065
f 1978/2418/1065 2159/2423/1013 2160/2421/1013 1980/2412/1059
f 1980/2412/1059 2160/2421/1013 2149/2422/1013 1958/2409/1056
f 2117/2398/1045 2163/2368/1027 2172/2374/1033 2124/2399/1046
f 2115/2402/1049 2162/2366/1025 2171/2373/1032 2123/2403/1050
f 2113/2406/1053 2161/2259/993 2170/2371/1030 2122/2407/1054
f 2121/2410/1057 2164/2372/1031 2169/2370/1029 2120/2411/1058
f 2124/2399/1046 2172/2374/1033 2168/2369/1028 2119/2413/1060
f 2123/2403/1050 2171/2373/1032 2167/2367/1026 2118/2415/1062
f 2122/2407/1054 2170/2371/1030 2164/2372/1031 2121/2410/1057
f 2120/2411/1058 2169/2370/1029 2166/2365/1024 2116/2417/1064
f 2119/2413/1060 2168/2369/1028 2165/2256/990 2114/2419/1066
f 2118/2415/1062 2167/2367/1026 2163/2368/1027 2117/2398/1045
f 2116/2417/1064 2166/2365/1024 2162/2366/1025 2115/2402/1049
f 2114/2419/1066 2165/2256/990 2161/2259/993 2113/2406/1053
f 2041/2377/1012 2186/2310/1012 2196/2329/1012 2052/2396/1012
f 2052/2396/1012 2196/2329/1012 2195/2327/1012 2051/2394/1012
f 2051/2394/1012 2195/2327/1012 2194/2325/1012 2050/2392/1012
f 2050/2392/1012 2194/2325/1012 2193/2323/1012 2049/2390/1012
f 2049/2390/1012 2193/2323/1012 2192/2321/1012 2048/2388/1012
f 2048/2388/1012 2192/2321/1012 2191/2319/1012 2047/2386/1012
f 2047/2386/1012 2191/2319/1012 2190/2317/1012 2046/2384/1012
f 2046/2384/1012 2190/2317/1012 2189/2315/1012 2045/2382/1012
f 2045/2382/1012 2189/2315/1012 2188/2313/1012 2044/2381/1012
f 2044/2381/1012 2188/2313/1012 2187/2311/1012 2043/2380/1012
f 2043/2380/1012 2187/2311/1012 2185/2307/1012 2042/2376/1012
f 2042/2376/1012 2185/2307/1012 2186/2310/1012 2041/2377/1012
f 2136/2433/994 2125/2434/968 2221/2262/968 2232/2260/994
f 2135/2435/988 2136/2433/994 2232/2260/994 2231/2254/988
f 2134/2436/986 2135/2435/988 2231/2254/988 2230/2252/986
f 2133/2437/984 2134/2436/986 2230/2252/986 2229/2250/984
f 2132/2438/982 2133/2437/984 2229/2250/984 2228/2248/982
f 2131/2439/980 2132/2438/982 2228/2248/982 2227/2246/980
f 2130/2440/978 2131/2439/980 2227/2246/980 2226/2244/978
f 2129/2441/976 2130/2440/978 2226/2244/978 2225/2242/976
f 2128/2442/974 2129/2441/976 2225/2242/976 2224/2240/974
f 2127/2443/972 2128/2442/974 2224/2240/974 2223/2238/972
f 2126/2444/969 2127/2443/972 2223/2238/972 2222/2235/969
f 2125/2445/968 2126/2444/969 2222/2235/969 2221/2234/968
f 2497/2446/1068 2294/2447/1069 2293/2448/1070 2498/2449/1071
f 2498/2449/1071 2293/2448/1070 2295/2450/1072 2499/2451/1073
f 2499/2451/1073 2295/2450/1072 2296/2452/1074 2500/2453/1075
f 2500/2453/1075 2296/2452/1074 2297/2454/1076 2501/2455/1077
f 2501/2455/1077 2297/2454/1076 2298/2456/1078 2502/2457/1079
f 2502/2457/1079 2298/2456/1078 2299/2458/1080 2503/2459/1081
f 2503/2459/1081 2299/2458/1080 2300/2460/1082 2504/2461/1083
f 2504/2461/1083 2300/2460/1082 2301/2462/1084 2505/2463/1085
f 2505/2463/1085 2301/2462/1084 2302/2464/1086 2506/2465/1087
f 2506/2465/1087 2302/2464/1086 2303/2466/1088 2507/2467/1089
f 2441/2468/1090 2437/2469/1091 2307/2470/1092 2308/2471/1093
f 2507/2467/1089 2303/2466/1088 2304/2472/1094 2508/2473/1095
f 2508/2473/1095 2304/2472/1094 2294/2474/1069 2497/2475/1068
f 2239/2476/1096 2241/2477/1097 2345/2478/1098 2344/2479/1099
f 2292/2480/1100 2268/2481/1095 2257/2482/1068 2281/2483/1101
f 2291/2484/1102 2267/2485/1089 2268/2481/1095 2292/2480/1100
f 2290/2486/1103 2266/2487/1087 2267/2485/1089 2291/2484/1102
f 2289/2488/1104 2265/2489/1085 2266/2487/1087 2290/2486/1103
f 2288/2490/1105 2264/2491/1083 2265/2489/1085 2289/2488/1104
f 2287/2492/1106 2263/2493/1081 2264/2491/1083 2288/2490/1105
f 2286/2494/1107 2262/2495/1079 2263/2493/1081 2287/2492/1106
f 2285/2496/1108 2261/2497/1077 2262/2495/1079 2286/2494/1107
f 2284/2498/1109 2260/2499/1075 2261/2497/1077 2285/2496/1108
f 2283/2500/1110 2259/2501/1073 2260/2499/1075 2284/2498/1109
f 2282/2502/1111 2258/2503/1071 2259/2501/1073 2283/2500/1110
f 2281/2504/1101 2257/2505/1068 2258/2503/1071 2282/2502/1111
f 2268/2481/1095 2280/2506/1095 2269/2507/1068 2257/2482/1068
f 2267/2485/1089 2279/2508/1089 2280/2506/1095 2268/2481/1095
f 2266/2487/1087 2278/2509/1087 2279/2508/1089 2267/2485/1089
f 2265/2489/1085 2277/2510/1085 2278/2509/1087 2266/2487/1087
f 2264/2491/1083 2276/2511/1083 2277/2510/1085 2265/2489/1085
f 2263/2493/1081 2275/2512/1081 2276/2511/1083 2264/2491/1083
f 2262/2495/1079 2274/2513/1079 2275/2512/1081 2263/2493/1081
f 2261/2497/1077 2273/2514/1077 2274/2513/1079 2262/2495/1079
f 2260/2499/1075 2272/2515/1075 2273/2514/1077 2261/2497/1077
f 2259/2501/1073 2271/2516/1073 2272/2515/1075 2260/2499/1075
f 2258/2503/1071 2270/2517/1071 2271/2516/1073 2259/2501/1073
f 2257/2505/1068 2269/2518/1068 2270/2517/1071 2258/2503/1071
f 2461/2519/1012 2462/2520/1012 2281/2521/1101 2282/2522/1111
f 2463/2523/1012 2461/2519/1012 2282/2522/1111 2283/2524/1110
f 2464/2525/1012 2463/2523/1012 2283/2524/1110 2284/2526/1109
f 2465/2527/1012 2464/2525/1012 2284/2526/1109 2285/2528/1108
f 2466/2529/1012 2465/2527/1012 2285/2528/1108 2286/2530/1107
f 2467/2531/1012 2466/2529/1012 2286/2530/1107 2287/2532/1106
f 2468/2533/1012 2467/2531/1012 2287/2532/1106 2288/2534/1105
f 2469/2535/1012 2468/2533/1012 2288/2534/1105 2289/2536/1104
f 2470/2537/1012 2469/2535/1012 2289/2536/1104 2290/2538/1103
f 2471/2539/1012 2470/2537/1012 2290/2538/1103 2291/2540/1102
f 2472/2541/1012 2471/2539/1012 2291/2540/1102 2292/2542/1100
f 2462/2520/1012 2472/2541/1012 2292/2542/1100 2281/2521/1101
f 2413/2543/1013 2414/2544/1013 2293/2545/1070 2294/2546/1069
f 2414/2544/1013 2415/2547/1013 2295/2548/1072 2293/2545/1070
f 2415/2547/1013 2416/2549/1013 2296/2550/1074 2295/2548/1072
f 2416/2549/1013 2417/2551/1013 2297/2552/1076 2296/2550/1074
f 2417/2551/1013 2418/2553/1013 2298/2554/1078 2297/2552/1076
f 2418/2553/1013 2419/2555/1013 2299/2556/1080 2298/2554/1078
f 2419/2555/1013 2420/2557/1013 2300/2558/1082 2299/2556/1080
f 2420/2557/1013 2421/2559/1013 2301/2560/1084 2300/2558/1082
f 2421/2559/1013 2422/2561/1013 2302/2562/1086 2301/2560/1084
f 2422/2561/1013 2423/2563/1013 2303/2564/1088 2302/2562/1086
f 2423/2563/1013 2424/2565/1013 2304/2566/1094 2303/2564/1088
f 2424/2565/1013 2413/2543/1013 2294/2546/1069 2304/2566/1094
f 2305/2567/1112 2306/2568/1113 2316/2569/1114 2315/2570/1115 2314/2571/1116 2313/2572/1117 2312/2573/1118 2311/2574/1119 2310/2575/1120 2309/2576/1121 2308/2471/1093 2307/2470/1092
f 2442/2577/1122 2438/2578/1123 2314/2571/1116 2315/2570/1115
f 2443/2579/1124 2439/2580/1125 2311/2574/1119 2312/2573/1118
f 2444/2581/1126 2441/2468/1090 2308/2471/1093 2309/2576/1121
f 2445/2582/1127 2442/2577/1122 2315/2570/1115 2316/2569/1114
f 2446/2583/1128 2440/2584/1129 2306/2568/1113 2305/2567/1112
f 2447/2585/1130 2443/2579/1124 2312/2573/1118 2313/2572/1117
f 2448/2586/1131 2444/2581/1126 2309/2576/1121 2310/2575/1120
f 2440/2584/1129 2445/2582/1127 2316/2569/1114 2306/2568/1113
f 2437/2469/1091 2446/2583/1128 2305/2567/1112 2307/2470/1092
f 2438/2578/1123 2447/2585/1130 2313/2572/1117 2314/2571/1116
f 2439/2580/1125 2448/2586/1131 2310/2575/1120 2311/2574/1119
f 2235/2587/1132 2233/2588/1133 2317/2589/1012 2318/2590/1012
f 2237/2591/1134 2235/2587/1132 2318/2590/1012 2319/2592/1012
f 2239/2476/1096 2237/2591/1134 2319/2592/1012 2320/2593/1012
f 2241/2477/1097 2239/2476/1096 2320/2593/1012 2321/2594/1012
f 2243/2595/1135 2241/2477/1097 2321/2594/1012 2322/2596/1012
f 2245/2597/1136 2243/2595/1135 2322/2596/1012 2323/2598/1012
f 2247/2599/1137 2245/2597/1136 2323/2598/1012 2324/2600/1012
f 2249/2601/1138 2247/2599/1137 2324/2600/1012 2325/2602/1012
f 2251/2603/1139 2249/2601/1138 2325/2602/1012 2326/2604/1012
f 2253/2605/1140 2251/2603/1139 2326/2604/1012 2327/2606/1012
f 2255/2607/1141 2253/2605/1140 2327/2606/1012 2328/2608/1012
f 2233/2588/1133 2255/2607/1141 2328/2608/1012 2317/2589/1012
f 2246/2609/1142 2244/2610/1143 2400/2611/1144 2393/2612/1145
f 2252/2613/1146 2250/2614/1147 2399/2615/1148 2391/2616/1149
f 2238/2617/1150 2236/2618/1151 2398/2619/1152 2389/2620/1153
f 2234/2621/1154 2256/2622/1155 2396/2623/1156 2397/2624/1157
f 2244/2610/1143 2242/2625/1158 2395/2626/1159 2400/2611/1144
f 2250/2614/1147 2248/2627/1160 2394/2628/1161 2399/2615/1148
f 2236/2618/1151 2234/2621/1154 2397/2624/1157 2398/2619/1152
f 2256/2622/1155 2254/2629/1162 2392/2630/1163 2396/2623/1156
f 2242/2625/1158 2240/2631/1164 2390/2632/1165 2395/2626/1159
f 2248/2627/1160 2246/2609/1142 2393/2612/1145 2394/2628/1161
f 2254/2629/1162 2252/2613/1146 2391/2616/1149 2392/2630/1163
f 2240/2631/1164 2238/2617/1150 2389/2620/1153 2390/2632/1165
f 2436/2633/1013 2425/2634/1013 2413/2543/1013 2424/2565/1013
f 2435/2635/1013 2436/2633/1013 2424/2565/1013 2423/2563/1013
f 2434/2636/1013 2435/2635/1013 2423/2563/1013 2422/2561/1013
f 2433/2637/1013 2434/2636/1013 2422/2561/1013 2421/2559/1013
f 2432/2638/1013 2433/2637/1013 2421/2559/1013 2420/2557/1013
f 2431/2639/1013 2432/2638/1013 2420/2557/1013 2419/2555/1013
f 2430/2640/1013 2431/2639/1013 2419/2555/1013 2418/2553/1013
f 2429/2641/1013 2430/2640/1013 2418/2553/1013 2417/2551/1013
f 2428/2642/1013 2429/2641/1013 2417/2551/1013 2416/2549/1013
f 2427/2643/1013 2428/2642/1013 2416/2549/1013 2415/2547/1013
f 2426/2644/1013 2427/2643/1013 2415/2547/1013 2414/2544/1013
f 2425/2634/1013 2426/2644/1013 2414/2544/1013 2413/2543/1013
f 2234/2621/1154 2236/2618/1151 2426/2644/1013 2425/2634/1013
f 2236/2618/1151 2238/2617/1150 2427/2643/1013 2426/2644/1013
f 2238/2617/1150 2240/2631/1164 2428/2642/1013 2427/2643/1013
f 2240/2631/1164 2242/2625/1158 2429/2641/1013 2428/2642/1013
f 2242/2625/1158 2244/2610/1143 2430/2640/1013 2429/2641/1013
f 2244/2610/1143 2246/2609/1142 2431/2639/1013 2430/2640/1013
f 2246/2609/1142 2248/2627/1160 2432/2638/1013 2431/2639/1013
f 2248/2627/1160 2250/2614/1147 2433/2637/1013 2432/2638/1013
f 2250/2614/1147 2252/2613/1146 2434/2636/1013 2433/2637/1013
f 2252/2613/1146 2254/2629/1162 2435/2635/1013 2434/2636/1013
f 2254/2629/1162 2256/2622/1155 2436/2633/1013 2435/2635/1013
f 2256/2622/1155 2234/2621/1154 2425/2634/1013 2436/2633/1013
f 2393/2612/1145 2400/2611/1144 2448/2586/1131 2439/2580/1125
f 2391/2616/1149 2399/2615/1148 2447/2585/1130 2438/2578/1123
f 2389/2620/1153 2398/2619/1152 2446/2583/1128 2437/2469/1091
f 2397/2624/1157 2396/2623/1156 2445/2582/1127 2440/2584/1129
f 2400/2611/1144 2395/2626/1159 2444/2581/1126 2448/2586/1131
f 2399/2615/1148 2394/2628/1161 2443/2579/1124 2447/2585/1130
f 2398/2619/1152 2397/2624/1157 2440/2584/1129 2446/2583/1128
f 2396/2623/1156 2392/2630/1163 2442/2577/1122 2445/2582/1127
f 2395/2626/1159 2390/2632/1165 2441/2468/1090 2444/2581/1126
f 2394/2628/1161 2393/2612/1145 2439/2580/1125 2443/2579/1124
f 2392/2630/1163 2391/2616/1149 2438/2578/1123 2442/2577/1122
f 2390/2632/1165 2389/2620/1153 2437/2469/1091 2441/2468/1090
f 2317/2589/1012 2328/2608/1012 2472/2541/1012 2462/2520/1012
f 2328/2608/1012 2327/2606/1012 2471/2539/1012 2472/2541/1012
f 2327/2606/1012 2326/2604/1012 2470/2537/1012 2471/2539/1012
f 2326/2604/1012 2325/2602/1012 2469/2535/1012 2470/2537/1012
f 2325/2602/1012 2324/2600/1012 2468/2533/1012 2469/2535/1012
f 2324/2600/1012 2323/2598/1012 2467/2531/1012 2468/2533/1012
f 2323/2598/1012 2322/2596/1012 2466/2529/1012 2467/2531/1012
f 2322/2596/1012 2321/2594/1012 2465/2527/1012 2466/2529/1012
f 2321/2594/1012 2320/2593/1012 2464/2525/1012 2465/2527/1012
f 2320/2593/1012 2319/2592/1012 2463/2523/1012 2464/2525/1012
f 2319/2592/1012 2318/2590/1012 2461/2519/1012 2463/2523/1012
f 2318/2590/1012 2317/2589/1012 2462/2520/1012 2461/2519/1012
f 2412/2645/1095 2508/2473/1095 2497/2475/1068 2401/2646/1068
f 2411/2647/1089 2507/2467/1089 2508/2473/1095 2412/2645/1095
f 2410/2648/1087 2506/2465/1087 2507/2467/1089 2411/2647/1089
f 2409/2649/1085 2505/2463/1085 2506/2465/1087 2410/2648/1087
f 2408/2650/1083 2504/2461/1083 2505/2463/1085 2409/2649/1085
f 2407/2651/1081 2503/2459/1081 2504/2461/1083 2408/2650/1083
f 2406/2652/1079 2502/2457/1079 2503/2459/1081 2407/2651/1081
f 2405/2653/1077 2501/2455/1077 2502/2457/1079 2406/2652/1079
f 2404/2654/1075 2500/2453/1075 2501/2455/1077 2405/2653/1077
f 2403/2655/1073 2499/2451/1073 2500/2453/1075 2404/2654/1075
f 2402/2656/1071 2498/2449/1071 2499/2451/1073 2403/2655/1073
f 2401/2657/1068 2497/2446/1068 2498/2449/1071 2402/2656/1071
usemtl Gold
f 2004/2295/994 1993/2294/968 2125/2434/968 2136/2433/994
f 2003/2296/988 2004/2295/994 2136/2433/994 2135/2435/988
f 2002/2297/986 2003/2296/988 2135/2435/988 2134/2436/986
f 2001/2298/984 2002/2297/986 2134/2436/986 2133/2437/984
f 2000/2299/982 2001/2298/984 2133/2437/984 2132/2438/982
f 1999/2300/980 2000/2299/982 2132/2438/982 2131/2439/980
f 1998/2301/978 1999/2300/980 2131/2439/980 2130/2440/978
f 1997/2302/976 1998/2301/978 2130/2440/978 2129/2441/976
f 1996/2303/974 1997/2302/976 2129/2441/976 2128/2442/974
f 1995/2304/972 1996/2303/974 2128/2442/974 2127/2443/972
f 1994/2305/969 1995/2304/972 2127/2443/972 2126/2444/969
f 1993/2306/968 1994/2305/969 2126/2444/969 2125/2445/968
f 2280/2506/1095 2412/2645/1095 2401/2646/1068 2269/2507/1068
f 2279/2508/1089 2411/2647/1089 2412/2645/1095 2280/2506/1095
f 2278/2509/1087 2410/2648/1087 2411/2647/1089 2279/2508/1089
f 2277/2510/1085 2409/2649/1085 2410/2648/1087 2278/2509/1087
f 2276/2511/1083 2408/2650/1083 2409/2649/1085 2277/2510/1085
f 2275/2512/1081 2407/2651/1081 2408/2650/1083 2276/2511/1083
f 2274/2513/1079 2406/2652/1079 2407/2651/1081 2275/2512/1081
f 2273/2514/1077 2405/2653/1077 2406/2652/1079 2274/2513/1079
f 2272/2515/1075 2404/2654/1075 2405/2653/1077 2273/2514/1077
f 2271/2516/1073 2403/2655/1073 2404/2654/1075 2272/2515/1075
f 2270/2517/1071 2402/2656/1071 2403/2655/1073 2271/2516/1073
f 2269/2518/1068 2401/2657/1068 2402/2656/1071 2270/2517/1071
usemtl Porple
f 2059/2658/1166 2083/2659/1167 2084/2660/1168 2060/2661/1169
f 1977/2393/1042 2075/2662/1170 2076/2663/1171 1979/2395/1043
f 1957/2378/1035 2065/2664/1172 2066/2665/1173 1959/2375/1034
f 1971/2387/1039 2072/2666/1174 2073/2667/1175 1973/2389/1040
f 1965/2267/999 2069/2266/998 2070/2668/1176 1967/2383/1037
f 1979/2395/1043 2076/2663/1171 2065/2664/1172 1957/2378/1035
f 1959/2375/1034 2066/2665/1173 2067/2669/1177 1961/2379/1036
f 1973/2389/1040 2073/2667/1175 2074/2670/1178 1975/2391/1041
f 1967/2383/1037 2070/2668/1176 2071/2671/1179 1969/2385/1038
f 1961/2379/1036 2067/2669/1177 2068/2265/997 1963/2264/996
f 1975/2391/1041 2074/2670/1178 2075/2662/1170 1977/2393/1042
f 1969/2385/1038 2071/2671/1179 2072/2666/1174 1971/2387/1039
f 2054/2672/1180 2066/2665/1173 2065/2664/1172 2053/2673/1181
f 2055/2674/1182 2067/2669/1177 2066/2665/1173 2054/2672/1180
f 2056/2675/1183 2068/2265/997 2067/2669/1177 2055/2674/1182
f 2057/2676/1184 2069/2266/998 2068/2265/997 2056/2675/1183
f 2058/2677/1185 2070/2668/1176 2069/2266/998 2057/2676/1184
f 2059/2658/1166 2071/2671/1179 2070/2668/1176 2058/2677/1185
f 2060/2661/1169 2072/2666/1174 2071/2671/1179 2059/2658/1166
f 2061/2678/1186 2073/2667/1175 2072/2666/1174 2060/2661/1169
f 2062/2679/1187 2074/2670/1178 2073/2667/1175 2061/2678/1186
f 2063/2680/1188 2075/2662/1170 2074/2670/1178 2062/2679/1187
f 2064/2681/1189 2076/2663/1171 2075/2662/1170 2063/2680/1188
f 2053/2673/1181 2065/2664/1172 2076/2663/1171 2064/2681/1189
f 2174/2682/1190 2098/2683/1191 2099/2684/1192 2173/2685/1193
f 2056/2675/1183 2080/2686/1194 2081/2687/1195 2057/2676/1184
f 2063/2680/1188 2087/2688/1196 2088/2689/1197 2064/2681/1189
f 2053/2673/1181 2077/2690/1198 2078/2691/1199 2054/2672/1180
f 2060/2661/1169 2084/2660/1168 2085/2692/1200 2061/2678/1186
f 2057/2676/1184 2081/2687/1195 2082/2693/1201 2058/2677/1185
f 2064/2681/1189 2088/2689/1197 2077/2690/1198 2053/2673/1181
f 2054/2672/1180 2078/2691/1199 2079/2694/1202 2055/2674/1182
f 2061/2678/1186 2085/2692/1200 2086/2695/1203 2062/2679/1187
f 2058/2677/1185 2082/2693/1201 2083/2659/1167 2059/2658/1166
f 2055/2674/1182 2079/2694/1202 2080/2686/1194 2056/2675/1183
f 2062/2679/1187 2086/2695/1203 2087/2688/1196 2063/2680/1188
f 2198/2696/1204 2211/2697/1205 2212/2698/1206 2197/2699/1207
f 2176/2700/1208 2095/2701/1209 2096/2702/1210 2175/2703/1211
f 2178/2704/1212 2092/2705/1213 2093/2706/1214 2177/2707/1215
f 2173/2685/1193 2099/2684/1192 2100/2708/1216 2179/2709/1217
f 2181/2710/1218 2089/2711/1219 2090/2712/1220 2180/2713/1221
f 2175/2703/1211 2096/2702/1210 2097/2714/1222 2182/2715/1223
f 2177/2707/1215 2093/2706/1214 2094/2716/1224 2183/2717/1225
f 2179/2709/1217 2100/2708/1216 2089/2711/1219 2181/2710/1218
f 2180/2713/1221 2090/2712/1220 2091/2718/1226 2184/2719/1227
f 2182/2715/1223 2097/2714/1222 2098/2683/1191 2174/2682/1190
f 2183/2717/1225 2094/2716/1224 2095/2701/1209 2176/2700/1208
f 2184/2719/1227 2091/2718/1226 2092/2705/1213 2178/2704/1212
f 2101/2720/1012 2112/2721/1012 2111/2722/1012 2110/2723/1012 2109/2724/1012 2108/2725/1012 2107/2726/1012 2106/2727/1012 2105/2728/1012 2104/2729/1012 2103/2730/1012 2102/2731/1012
f 2200/2732/1228 2218/2733/1229 2219/2734/1230 2199/2735/1231
f 2202/2736/1232 2215/2737/1233 2216/2738/1234 2201/2739/1235
f 2197/2699/1207 2212/2698/1206 2213/2740/1236 2203/2741/1237
f 2199/2735/1231 2219/2734/1230 2220/2742/1238 2204/2743/1239
f 2206/2744/1240 2209/2745/1241 2210/2746/1242 2205/2747/1243
f 2201/2739/1235 2216/2738/1234 2217/2748/1244 2207/2749/1245
f 2203/2741/1237 2213/2740/1236 2214/2750/1246 2208/2751/1247
f 2204/2743/1239 2220/2742/1238 2209/2745/1241 2206/2744/1240
f 2205/2747/1243 2210/2746/1242 2211/2697/1205 2198/2696/1204
f 2207/2749/1245 2217/2748/1244 2218/2733/1229 2200/2732/1228
f 2208/2751/1247 2214/2750/1246 2215/2737/1233 2202/2736/1232
f 2079/2694/1202 2184/2719/1227 2178/2704/1212 2080/2686/1194
f 2082/2693/1201 2183/2717/1225 2176/2700/1208 2083/2659/1167
f 2085/2692/1200 2182/2715/1223 2174/2682/1190 2086/2695/1203
f 2078/2691/1199 2180/2713/1221 2184/2719/1227 2079/2694/1202
f 2088/2689/1197 2179/2709/1217 2181/2710/1218 2077/2690/1198
f 2081/2687/1195 2177/2707/1215 2183/2717/1225 2082/2693/1201
f 2084/2660/1168 2175/2703/1211 2182/2715/1223 2085/2692/1200
f 2077/2690/1198 2181/2710/1218 2180/2713/1221 2078/2691/1199
f 2087/2688/1196 2173/2685/1193 2179/2709/1217 2088/2689/1197
f 2080/2686/1194 2178/2704/1212 2177/2707/1215 2081/2687/1195
f 2083/2659/1167 2176/2700/1208 2175/2703/1211 2084/2660/1168
f 2086/2695/1203 2174/2682/1190 2173/2685/1193 2087/2688/1196
f 2094/2716/1224 2208/2751/1247 2202/2736/1232 2095/2701/1209
f 2097/2714/1222 2207/2749/1245 2200/2732/1228 2098/2683/1191
f 2090/2712/1220 2205/2747/1243 2198/2696/1204 2091/2718/1226
f 2100/2708/1216 2204/2743/1239 2206/2744/1240 2089/2711/1219
f 2093/2706/1214 2203/2741/1237 2208/2751/1247 2094/2716/1224
f 2096/2702/1210 2201/2739/1235 2207/2749/1245 2097/2714/1222
f 2089/2711/1219 2206/2744/1240 2205/2747/1243 2090/2712/1220
f 2099/2684/1192 2199/2735/1231 2204/2743/1239 2100/2708/1216
f 2092/2705/1213 2197/2699/1207 2203/2741/1237 2093/2706/1214
f 2095/2701/1209 2202/2736/1232 2201/2739/1235 2096/2702/1210
f 2098/2683/1191 2200/2732/1228 2199/2735/1231 2099/2684/1192
f 2091/2718/1226 2198/2696/1204 2197/2699/1207 2092/2705/1213
f 2102/2731/1012 2210/2746/1242 2209/2745/1241 2101/2720/1012
f 2103/2730/1012 2211/2697/1205 2210/2746/1242 2102/2731/1012
f 2104/2729/1012 2212/2698/1206 2211/2697/1205 2103/2730/1012
f 2105/2728/1012 2213/2740/1236 2212/2698/1206 2104/2729/1012
f 2106/2727/1012 2214/2750/1246 2213/2740/1236 2105/2728/1012
f 2107/2726/1012 2215/2737/1233 2214/2750/1246 2106/2727/1012
f 2108/2725/1012 2216/2738/1234 2215/2737/1233 2107/2726/1012
f 2109/2724/1012 2217/2748/1244 2216/2738/1234 2108/2725/1012
f 2110/2723/1012 2218/2733/1229 2217/2748/1244 2109/2724/1012
f 2111/2722/1012 2219/2734/1230 2218/2733/1229 2110/2723/1012
f 2112/2721/1012 2220/2742/1238 2219/2734/1230 2111/2722/1012
f 2101/2720/1012 2209/2745/1241 2220/2742/1238 2112/2721/1012
f 2335/2752/1248 2336/2753/1249 2360/2754/1250 2359/2755/1251
f 2253/2605/1140 2255/2607/1141 2352/2756/1252 2351/2757/1253
f 2233/2588/1133 2235/2587/1132 2342/2758/1254 2341/2759/1255
f 2247/2599/1137 2249/2601/1138 2349/2760/1256 2348/2761/1257
f 2241/2477/1097 2243/2595/1135 2346/2762/1258 2345/2478/1098
f 2255/2607/1141 2233/2588/1133 2341/2759/1255 2352/2756/1252
f 2235/2587/1132 2237/2591/1134 2343/2763/1259 2342/2758/1254
f 2249/2601/1138 2251/2603/1139 2350/2764/1260 2349/2760/1256
f 2243/2595/1135 2245/2597/1136 2347/2765/1261 2346/2762/1258
f 2237/2591/1134 2239/2476/1096 2344/2479/1099 2343/2763/1259
f 2251/2603/1139 2253/2605/1140 2351/2757/1253 2350/2764/1260
f 2245/2597/1136 2247/2599/1137 2348/2761/1257 2347/2765/1261
f 2330/2766/1262 2329/2767/1263 2341/2759/1255 2342/2758/1254
f 2331/2768/1264 2330/2766/1262 2342/2758/1254 2343/2763/1259
f 2332/2769/1265 2331/2768/1264 2343/2763/1259 2344/2479/1099
f 2333/2770/1266 2332/2769/1265 2344/2479/1099 2345/2478/1098
f 2334/2771/1267 2333/2770/1266 2345/2478/1098 2346/2762/1258
f 2335/2752/1248 2334/2771/1267 2346/2762/1258 2347/2765/1261
f 2336/2753/1249 2335/2752/1248 2347/2765/1261 2348/2761/1257
f 2337/2772/1268 2336/2753/1249 2348/2761/1257 2349/2760/1256
f 2338/2773/1269 2337/2772/1268 2349/2760/1256 2350/2764/1260
f 2339/2774/1270 2338/2773/1269 2350/2764/1260 2351/2757/1253
f 2340/2775/1271 2339/2774/1270 2351/2757/1253 2352/2756/1252
f 2329/2767/1263 2340/2775/1271 2352/2756/1252 2341/2759/1255
f 2450/2776/1272 2449/2777/1273 2375/2778/1274 2374/2779/1275
f 2332/2769/1265 2333/2770/1266 2357/2780/1276 2356/2781/1277
f 2339/2774/1270 2340/2775/1271 2364/2782/1278 2363/2783/1279
f 2329/2767/1263 2330/2766/1262 2354/2784/1280 2353/2785/1281
f 2336/2753/1249 2337/2772/1268 2361/2786/1282 2360/2754/1250
f 2333/2770/1266 2334/2771/1267 2358/2787/1283 2357/2780/1276
f 2340/2775/1271 2329/2767/1263 2353/2785/1281 2364/2782/1278
f 2330/2766/1262 2331/2768/1264 2355/2788/1284 2354/2784/1280
f 2337/2772/1268 2338/2773/1269 2362/2789/1285 2361/2786/1282
f 2334/2771/1267 2335/2752/1248 2359/2755/1251 2358/2787/1283
f 2331/2768/1264 2332/2769/1265 2356/2781/1277 2355/2788/1284
f 2338/2773/1269 2339/2774/1270 2363/2783/1279 2362/2789/1285
f 2474/2790/1286 2473/2791/1287 2488/2792/1288 2487/2793/1289
f 2452/2794/1290 2451/2795/1291 2372/2796/1292 2371/2797/1293
f 2454/2798/1294 2453/2799/1295 2369/2800/1296 2368/2801/1297
f 2449/2777/1273 2455/2802/1298 2376/2803/1299 2375/2778/1274
f 2457/2804/1300 2456/2805/1301 2366/2806/1302 2365/2807/1303
f 2451/2795/1291 2458/2808/1304 2373/2809/1305 2372/2796/1292
f 2453/2799/1295 2459/2810/1306 2370/2811/1307 2369/2800/1296
f 2455/2802/1298 2457/2804/1300 2365/2807/1303 2376/2803/1299
f 2456/2805/1301 2460/2812/1308 2367/2813/1309 2366/2806/1302
f 2458/2808/1304 2450/2776/1272 2374/2779/1275 2373/2809/1305
f 2459/2810/1306 2452/2794/1290 2371/2797/1293 2370/2811/1307
f 2460/2812/1308 2454/2798/1294 2368/2801/1297 2367/2813/1309
f 2377/2814/1012 2378/2815/1012 2379/2816/1012 2380/2817/1012 2381/2818/1012 2382/2819/1012 2383/2820/1012 2384/2821/1012 2385/2822/1012 2386/2823/1012 2387/2824/1012 2388/2825/1012
f 2476/2826/1310 2475/2827/1311 2495/2828/1312 2494/2829/1313
f 2478/2830/1314 2477/2831/1315 2492/2832/1316 2491/2833/1317
f 2473/2791/1287 2479/2834/1318 2489/2835/1319 2488/2792/1288
f 2475/2827/1311 2480/2836/1320 2496/2837/1321 2495/2828/1312
f 2482/2838/1322 2481/2839/1323 2486/2840/1324 2485/2841/1325
f 2477/2831/1315 2483/2842/1326 2493/2843/1327 2492/2832/1316
f 2479/2834/1318 2484/2844/1328 2490/2845/1329 2489/2835/1319
f 2480/2836/1320 2482/2838/1322 2485/2841/1325 2496/2837/1321
f 2481/2839/1323 2474/2790/1286 2487/2793/1289 2486/2840/1324
f 2483/2842/1326 2476/2826/1310 2494/2829/1313 2493/2843/1327
f 2484/2844/1328 2478/2830/1314 2491/2833/1317 2490/2845/1329
f 2355/2788/1284 2356/2781/1277 2454/2798/1294 2460/2812/1308
f 2358/2787/1283 2359/2755/1251 2452/2794/1290 2459/2810/1306
f 2361/2786/1282 2362/2789/1285 2450/2776/1272 2458/2808/1304
f 2354/2784/1280 2355/2788/1284 2460/2812/1308 2456/2805/1301
f 2364/2782/1278 2353/2785/1281 2457/2804/1300 2455/2802/1298
f 2357/2780/1276 2358/2787/1283 2459/2810/1306 2453/2799/1295
f 2360/2754/1250 2361/2786/1282 2458/2808/1304 2451/2795/1291
f 2353/2785/1281 2354/2784/1280 2456/2805/1301 2457/2804/1300
f 2363/2783/1279 2364/2782/1278 2455/2802/1298 2449/2777/1273
f 2356/2781/1277 2357/2780/1276 2453/2799/1295 2454/2798/1294
f 2359/2755/1251 2360/2754/1250 2451/2795/1291 2452/2794/1290
f 2362/2789/1285 2363/2783/1279 2449/2777/1273 2450/2776/1272
f 2370/2811/1307 2371/2797/1293 2478/2830/1314 2484/2844/1328
f 2373/2809/1305 2374/2779/1275 2476/2826/1310 2483/2842/1326
f 2366/2806/1302 2367/2813/1309 2474/2790/1286 2481/2839/1323
f 2376/2803/1299 2365/2807/1303 2482/2838/1322 2480/2836/1320
f 2369/2800/1296 2370/2811/1307 2484/2844/1328 2479/2834/1318
f 2372/2796/1292 2373/2809/1305 2483/2842/1326 2477/2831/1315
f 2365/2807/1303 2366/2806/1302 2481/2839/1323 2482/2838/1322
f 2375/2778/1274 2376/2803/1299 2480/2836/1320 2475/2827/1311
f 2368/2801/1297 2369/2800/1296 2479/2834/1318 2473/2791/1287
f 2371/2797/1293 2372/2796/1292 2477/2831/1315 2478/2830/1314
f 2374/2779/1275 2375/2778/1274 2475/2827/1311 2476/2826/1310
f 2367/2813/1309 2368/2801/1297 2473/2791/1287 2474/2790/1286
f 2378/2815/1012 2377/2814/1012 2485/2841/1325 2486/2840/1324
f 2379/2816/1012 2378/2815/1012 2486/2840/1324 2487/2793/1289
f 2380/2817/1012 2379/2816/1012 2487/2793/1289 2488/2792/1288
f 2381/2818/1012 2380/2817/1012 2488/2792/1288 2489/2835/1319
f 2382/2819/1012 2381/2818/1012 2489/2835/1319 2490/2845/1329
f 2383/2820/1012 2382/2819/1012 2490/2845/1329 2491/2833/1317
f 2384/2821/1012 2383/2820/1012 2491/2833/1317 2492/2832/1316
f 2385/2822/1012 2384/2821/1012 2492/2832/1316 2493/2843/1327
f 2386/2823/1012 2385/2822/1012 2493/2843/1327 2494/2829/1313
f 2387/2824/1012 2386/2823/1012 2494/2829/1313 2495/2828/1312
f 2388/2825/1012 2387/2824/1012 2495/2828/1312 2496/2837/1321
f 2377/2814/1012 2388/2825/1012 2496/2837/1321 2485/2841/1325
o Cylinder.006_Cylinder.007
v -0.000000 -0.201453 -1.826440
v -0.000000 -0.282219 0.681426
v 0.089246 -0.225366 -1.826440
v 0.059969 -0.303009 0.696452
v 0.154579 -0.290699 -1.826440
v 0.103870 -0.359807 0.737505
v 0.178493 -0.379945 -1.826440
v 0.119938 -0.437395 0.793584
v 0.154579 -0.469192 -1.826440
v 0.103870 -0.514983 0.849663
v 0.089246 -0.534524 -1.826440
v 0.059969 -0.571782 0.890716
v 0.000000 -0.596032 -1.826440
v -0.089246 -0.534525 -1.826440
v -0.059969 -0.571782 0.890716
v -0.154579 -0.469192 -1.826440
v -0.103870 -0.514983 0.849663
v -0.178493 -0.379945 -1.826440
v -0.119938 -0.437395 0.793584
v -0.154579 -0.290699 -1.826440
v -0.103870 -0.359807 0.737505
v -0.089246 -0.225366 -1.826440
v -0.059969 -0.303009 0.696452
v -0.000000 -0.245929 -1.352974
v -0.000000 -0.245929 -0.879509
v -0.000000 -0.245929 -0.406043
v -0.000000 -0.245929 -0.120918
v 0.095733 -0.271581 -0.120918
v 0.095733 -0.271581 -0.406043
v 0.095733 -0.271581 -0.879509
v 0.095733 -0.271581 -1.352974
v 0.165814 -0.341662 -0.120918
v 0.165814 -0.341662 -0.406043
v 0.165814 -0.341662 -0.879509
v 0.165814 -0.341662 -1.352974
v 0.191466 -0.437395 -0.120918
v 0.191466 -0.437395 -0.406043
v 0.191466 -0.437395 -0.879509
v 0.191466 -0.437395 -1.352974
v 0.165814 -0.533128 -0.120918
v 0.165814 -0.533128 -0.406043
v 0.165814 -0.533128 -0.879509
v 0.165814 -0.533128 -1.352974
v 0.065283 -0.603209 -0.120918
v 0.095733 -0.603209 -0.406043
v 0.095733 -0.603209 -0.879509
v 0.095733 -0.603209 -1.352974
v 0.000000 -0.666455 -0.239880
v 0.000000 -0.666455 -0.406043
v 0.000000 -0.666455 -0.879509
v 0.000000 -0.666455 -1.352974
v -0.065283 -0.603210 -0.120918
v -0.095733 -0.603210 -0.406043
v -0.095733 -0.603209 -0.879509
v -0.095733 -0.603209 -1.352974
v -0.165814 -0.533128 -0.120918
v -0.165814 -0.533128 -0.406043
v -0.165814 -0.533128 -0.879509
v -0.165814 -0.533128 -1.352974
v -0.191466 -0.437395 -0.120918
v -0.191466 -0.437395 -0.406043
v -0.191466 -0.437395 -0.879509
v -0.191466 -0.437395 -1.352974
v -0.165814 -0.341662 -0.120918
v -0.165814 -0.341662 -0.406043
v -0.165814 -0.341662 -0.879509
v -0.165814 -0.341662 -1.352974
v -0.095733 -0.271581 -0.120918
v -0.095733 -0.271581 -0.406043
v -0.095733 -0.271581 -0.879509
v -0.095733 -0.271581 -1.352974
v 0.050097 -0.106530 0.953553
v -0.000000 -0.101976 0.932613
v 0.086770 -0.118971 1.010760
v 0.100194 -0.135967 1.088906
v 0.086770 -0.152962 1.167053
v 0.050097 -0.165404 1.224260
v 0.000000 -0.207552 1.245199
v -0.050097 -0.165404 1.224260
v -0.086770 -0.152962 1.167053
v -0.100194 -0.135967 1.088906
v -0.086771 -0.118971 1.010760
v -0.050097 -0.106529 0.953553
v 0.110066 -0.342890 0.990639
v 0.095320 -0.400177 1.057244
v -0.055033 -0.243665 0.875275
v -0.000000 -0.228315 0.857428
v 0.055033 -0.243665 0.875275
v 0.095320 -0.285602 0.924033
v -0.095320 -0.285603 0.924033
v -0.110066 -0.342890 0.990639
v -0.095320 -0.400177 1.057244
v -0.049476 -0.498510 1.106002
v 0.000000 -0.495058 1.123849
v 0.049476 -0.498510 1.106002
v 0.000000 -0.909601 0.905743
v 0.040524 -0.851218 0.890716
v -0.040524 -0.851218 0.890716
v 0.027635 -0.882645 0.067423
v 0.000000 -0.945891 0.067423
v -0.027635 -0.882646 0.067423
v -0.037189 -0.662999 1.106002
v 0.000000 -0.715943 1.123849
v 0.037189 -0.662999 1.106002
v -0.000002 0.115596 -3.391274
v 0.054465 0.094534 -3.402598
v 0.094338 0.036990 -3.433534
v 0.108932 -0.041617 -3.475793
v 0.094338 -0.120224 -3.518053
v 0.054465 -0.177768 -3.548989
v -0.000002 -0.234997 -3.570574
v -0.054469 -0.177768 -3.548989
v -0.094342 -0.120224 -3.518053
v -0.108937 -0.041617 -3.475793
v -0.094342 0.036990 -3.433534
v -0.054470 0.094534 -3.402598
v 0.062749 -0.622022 -0.108238
v 0.058660 -0.590594 0.890716
v 0.000000 -0.509929 1.123849
v -0.048396 -0.513381 1.106002
v 0.000000 -0.685267 -0.219192
v -0.062749 -0.622022 -0.108238
v 0.048396 -0.513381 1.106002
v -0.058660 -0.590594 0.890716
v 0.041051 -0.843652 0.890716
v -0.037672 -0.657018 1.106002
v -0.041051 -0.843652 0.890716
v 0.028654 -0.875079 0.062323
v 0.000000 -0.709962 1.123849
v 0.000000 -0.938325 0.059102
v -0.028654 -0.875079 0.062323
v 0.037672 -0.657018 1.106002
v 0.011684 -0.592901 -1.826440
v 0.012533 -0.663097 -1.352974
v 0.012533 -0.663097 -0.879509
v 0.012533 -0.663097 -0.406043
v 0.008547 -0.663097 -0.224306
v 0.006559 -0.206956 1.242458
v 0.007205 -0.493049 1.121512
v 0.005305 -0.906879 0.903776
v 0.003618 -0.942533 0.067423
v 0.004869 -0.713933 1.121512
v 0.007129 -0.232239 -3.569092
v 0.007048 -0.507919 1.121512
v 0.008215 -0.681909 -0.204666
v 0.004932 -0.707952 1.121512
v 0.003751 -0.934967 0.059524
v -0.011334 -0.592995 -1.826440
v -0.012158 -0.663197 -1.352974
v -0.012158 -0.663197 -0.879509
v -0.012158 -0.663197 -0.406043
v -0.008291 -0.663197 -0.224772
v -0.006362 -0.206974 1.242540
v -0.006989 -0.493109 1.121582
v -0.005146 -0.906961 0.903835
v -0.003510 -0.942633 0.067423
v -0.004723 -0.713993 1.121582
v -0.006919 -0.232322 -3.569136
v -0.006836 -0.507979 1.121582
v -0.007969 -0.682010 -0.205101
v -0.004784 -0.708012 1.121582
v -0.003639 -0.935067 0.059511
vt 1.000000 0.900000
vt 1.000000 1.000000
vt 0.916667 1.000000
vt 0.916667 0.900000
vt 0.833333 1.000000
vt 0.833333 0.900000
vt 0.750000 1.000000
vt 0.750000 0.900000
vt 0.666667 1.000000
vt 0.666667 0.900000
vt 0.583333 1.000000
vt 0.583333 0.900000
vt 0.489417 0.900000
vt 0.500000 0.900000
vt 0.500000 0.900000
vt 0.489417 0.900000
vt 0.510910 0.900000
vt 0.583333 0.900000
vt 0.583333 0.900000
vt 0.510910 0.900000
vt 0.416667 0.900000
vt 0.416667 1.000000
vt 0.333333 1.000000
vt 0.333333 0.900000
vt 0.250000 1.000000
vt 0.250000 0.900000
vt 0.166667 1.000000
vt 0.166667 0.900000
vt 0.666667 1.000000
vt 0.750000 1.000000
vt 0.750000 1.000000
vt 0.666667 1.000000
vt 0.083333 1.000000
vt 0.083333 0.900000
vt 0.000000 1.000000
vt 0.000000 0.900000
vt 0.916667 0.500000
vt 0.833333 0.500000
vt 0.833333 0.500000
vt 0.916667 0.500000
vt 0.083333 0.500000
vt 0.083333 0.600000
vt 0.000000 0.600000
vt 0.000000 0.500000
vt 0.083333 0.700000
vt 0.000000 0.700000
vt 0.083333 0.800000
vt 0.000000 0.800000
vt 0.166667 0.500000
vt 0.166667 0.600000
vt 0.166667 0.700000
vt 0.166667 0.800000
vt 0.250000 0.500000
vt 0.250000 0.600000
vt 0.250000 0.700000
vt 0.250000 0.800000
vt 0.333333 0.500000
vt 0.333333 0.600000
vt 0.333333 0.700000
vt 0.333333 0.800000
vt 0.416667 0.500000
vt 0.416667 0.600000
vt 0.416667 0.700000
vt 0.416667 0.800000
vt 0.489417 0.500000
vt 0.489417 0.600000
vt 0.489417 0.700000
vt 0.489417 0.800000
vt 0.489417 0.900000
vt 0.510910 0.500000
vt 0.510910 0.600000
vt 0.500000 0.600000
vt 0.500000 0.500000
vt 0.510910 0.700000
vt 0.500000 0.700000
vt 0.510910 0.800000
vt 0.500000 0.800000
vt 0.510910 0.900000
vt 0.500000 0.900000
vt 0.666667 0.500000
vt 0.666667 0.600000
vt 0.583333 0.600000
vt 0.583333 0.500000
vt 0.666667 0.700000
vt 0.583333 0.700000
vt 0.666667 0.800000
vt 0.583333 0.800000
vt 0.750000 0.500000
vt 0.750000 0.600000
vt 0.750000 0.700000
vt 0.750000 0.800000
vt 0.833333 0.600000
vt 0.833333 0.700000
vt 0.833333 0.800000
vt 0.916667 0.600000
vt 0.916667 0.700000
vt 0.916667 0.800000
vt 1.000000 0.500000
vt 1.000000 0.600000
vt 1.000000 0.700000
vt 1.000000 0.800000
vt 0.370000 0.457846
vt 0.250000 0.490000
vt 0.130000 0.457846
vt 0.042154 0.370000
vt 0.010000 0.250000
vt 0.042154 0.130000
vt 0.130000 0.042154
vt 0.234760 0.014083
vt 0.250000 0.010000
vt 0.265710 0.014210
vt 0.370000 0.042154
vt 0.457846 0.130000
vt 0.490000 0.250000
vt 0.457846 0.370000
vt 0.000000 1.000000
vt 0.083333 1.000000
vt 0.083333 1.000000
vt 0.000000 1.000000
vt 0.916667 1.000000
vt 1.000000 1.000000
vt 1.000000 1.000000
vt 0.916667 1.000000
vt 0.833333 1.000000
vt 0.833333 1.000000
vt 0.166667 1.000000
vt 0.166667 1.000000
vt 0.250000 1.000000
vt 0.250000 1.000000
vt 0.333333 1.000000
vt 0.333333 1.000000
vt 0.416667 1.000000
vt 0.416667 1.000000
vt 0.489417 1.000000
vt 0.500000 1.000000
vt 0.500000 1.000000
vt 0.489417 1.000000
vt 0.510910 1.000000
vt 0.583333 1.000000
vt 0.583333 1.000000
vt 0.510910 1.000000
vt 0.583333 1.000000
vt 0.583333 1.000000
vt 0.489417 1.000000
vt 0.416667 1.000000
vt 0.416667 1.000000
vt 0.489417 1.000000
vt 0.510910 1.000000
vt 0.500000 1.000000
vt 0.489417 1.000000
vt 0.416667 1.000000
vt 0.416667 0.900000
vt 0.583333 1.000000
vt 0.510910 1.000000
vt 0.500000 1.000000
vt 0.510910 1.000000
vt 0.500000 1.000000
vt 0.583333 1.000000
vt 0.416667 1.000000
vt 0.416667 0.900000
vt 0.750000 0.490000
vt 0.870000 0.457846
vt 0.957846 0.370000
vt 0.990000 0.250000
vt 0.957846 0.130000
vt 0.870000 0.042154
vt 0.765710 0.014210
vt 0.750000 0.010000
vt 0.734760 0.014083
vt 0.630000 0.042154
vt 0.542154 0.130000
vt 0.510000 0.250000
vt 0.542154 0.370000
vt 0.630000 0.457846
vt 0.166667 0.500000
vt 0.250000 0.500000
vt 0.333333 0.500000
vt 0.416667 0.500000
vt 0.489417 0.500000
vt 0.500000 0.500000
vt 0.510910 0.500000
vt 0.583333 0.500000
vt 0.666667 0.500000
vt 0.750000 0.500000
vt 0.000000 0.500000
vt 0.083333 0.500000
vt 1.000000 0.500000
vt 0.416667 0.900000
vt 0.416667 1.000000
vt 0.416667 1.000000
vt 0.583333 1.000000
vt 0.583333 1.000000
vt 0.500000 1.000000
vt 0.510910 1.000000
vt 0.489417 1.000000
vt 0.583333 0.900000
vt 0.510910 0.900000
vt 0.500000 0.900000
vt 0.489417 0.900000
vn 0.0000 0.9997 0.0239
vn 0.0000 0.9945 -0.1047
vn 0.5878 0.8049 -0.0807
vn 0.5144 0.8571 0.0282
vn 0.9140 0.4053 -0.0184
vn 0.8711 0.4899 0.0354
vn 0.9986 -0.0095 0.0515
vn 0.9992 0.0114 0.0375
vn 0.8954 -0.4314 0.1101
vn 0.8528 -0.5207 0.0384
vn 0.9498 -0.2974 0.0970
vn 0.8107 -0.5830 -0.0534
vn -0.8055 -0.4342 -0.4031
vn -0.0000 -0.7349 -0.6782
vn 0.0000 -0.9610 -0.2764
vn -0.7427 -0.6254 -0.2393
vn 0.8059 -0.4339 -0.4028
vn 0.9607 -0.2249 -0.1625
vn 0.9435 -0.3016 -0.1372
vn 0.7429 -0.6250 -0.2393
vn -0.8106 -0.5831 -0.0536
vn -0.9498 -0.2974 0.0970
vn -0.8954 -0.4314 0.1101
vn -0.8528 -0.5207 0.0384
vn -0.9986 -0.0095 0.0515
vn -0.9992 0.0114 0.0375
vn -0.9140 0.4053 -0.0184
vn -0.8711 0.4899 0.0354
vn 0.9381 -0.1963 0.2853
vn 0.9987 0.0085 0.0509
vn 0.7280 0.6564 0.1977
vn 0.7009 0.5631 0.4376
vn -0.5878 0.8049 -0.0807
vn -0.5144 0.8571 0.0282
vn 0.5352 0.8370 0.1142
vn 0.8845 0.4644 0.0435
vn 0.6387 0.5725 -0.5141
vn 0.4095 0.8224 -0.3948
vn -0.5352 0.8370 0.1142
vn -0.5040 0.8628 0.0387
vn 0.0000 0.9989 0.0472
vn 0.0000 0.9893 0.1454
vn -0.5000 0.8660 0.0000
vn 0.0000 1.0000 0.0000
vn -0.8845 0.4644 0.0435
vn -0.8702 0.4924 0.0157
vn -0.8660 0.5000 0.0000
vn -0.9994 0.0010 -0.0340
vn -0.9998 -0.0098 -0.0148
vn -1.0000 0.0000 0.0000
vn -0.8794 -0.4646 -0.1035
vn -0.8610 -0.5067 -0.0444
vn -0.8660 -0.5000 0.0000
vn -0.8536 -0.5208 0.0088
vn -0.6858 -0.7150 -0.1355
vn -0.6466 -0.7606 -0.0586
vn -0.6472 -0.7623 0.0000
vn -0.6396 -0.7684 0.0199
vn -0.4634 -0.8722 -0.1567
vn -0.4261 -0.9022 -0.0670
vn -0.4279 -0.9038 0.0000
vn -0.4518 -0.8920 0.0127
vn -0.7676 -0.6163 -0.1760
vn 0.4640 -0.8719 -0.1567
vn 0.4267 -0.9019 -0.0670
vn 0.0000 -0.9973 -0.0729
vn 0.0000 -0.9847 -0.1741
vn 0.4285 -0.9035 0.0000
vn 0.0000 -1.0000 0.0000
vn 0.4524 -0.8917 0.0128
vn 0.0000 -1.0000 0.0018
vn 0.7680 -0.6157 -0.1759
vn 0.0000 -0.9917 -0.1284
vn 0.8794 -0.4646 -0.1035
vn 0.8610 -0.5067 -0.0444
vn 0.6471 -0.7601 -0.0586
vn 0.6863 -0.7146 -0.1354
vn 0.8660 -0.5000 0.0000
vn 0.6478 -0.7618 0.0000
vn 0.8536 -0.5208 0.0088
vn 0.6401 -0.7680 0.0199
vn 0.9994 0.0010 -0.0340
vn 0.9998 -0.0098 -0.0148
vn 1.0000 0.0000 0.0000
vn 0.8702 0.4924 0.0157
vn 0.8660 0.5000 0.0000
vn 0.5040 0.8628 0.0387
vn 0.5000 0.8660 0.0000
vn 0.4700 0.8269 -0.3087
vn 0.0000 0.8776 -0.4794
vn -0.4700 0.8269 -0.3087
vn -0.6699 0.7414 -0.0403
vn -0.7280 0.6564 0.1977
vn -0.7009 0.5631 0.4376
vn -0.5300 0.5291 0.6626
vn -0.3735 0.2740 0.8862
vn 0.0000 0.3514 0.9362
vn 0.3739 0.2734 0.8862
vn 0.5302 0.5293 0.6624
vn 0.6699 0.7414 -0.0402
vn 0.0000 0.7947 -0.6070
vn -0.6848 0.5785 -0.4431
vn 0.6848 0.5785 -0.4431
vn 0.9472 0.2630 -0.1834
vn -0.9472 0.2630 -0.1834
vn -0.9987 0.0085 0.0509
vn -0.9381 -0.1963 0.2853
vn -0.7708 -0.2181 0.5985
vn -0.3880 -0.1965 0.9004
vn 0.0000 -0.1735 0.9848
vn 0.3882 -0.1966 0.9004
vn 0.7709 -0.2180 0.5985
vn 0.9954 -0.0885 0.0363
vn 0.9409 -0.3100 0.1365
vn -0.4175 -0.0108 0.9086
vn -0.8155 -0.0511 0.5765
vn -0.8259 -0.1366 0.5470
vn -0.6341 -0.3319 0.6984
vn 0.7222 -0.6451 0.2495
vn 0.0000 -0.9129 0.4081
vn -0.7219 -0.6454 0.2497
vn -0.9406 -0.3106 0.1367
vn -0.9432 -0.3023 -0.1375
vn 0.8260 -0.1363 0.5469
vn 0.6344 -0.3318 0.6981
vn 0.0000 -0.4407 0.8976
vn 0.4176 -0.0109 0.9086
vn 0.0000 -0.0023 1.0000
vn 0.8155 -0.0511 0.5765
vn -0.9954 -0.0885 0.0363
vn -0.9606 -0.2251 -0.1628
vn 0.0000 0.9480 -0.3183
vn 0.7276 0.2885 -0.6224
vn 0.6866 -0.0299 -0.7264
vn 0.5648 -0.1720 -0.8070
vn 0.4224 -0.3882 -0.8190
vn 0.0000 -0.5307 -0.8475
vn -0.4219 -0.3883 -0.8193
vn -0.5645 -0.1726 -0.8071
vn -0.6866 -0.0299 -0.7264
vn -0.7276 0.2885 -0.6224
vn -0.6387 0.5725 -0.5141
vn -0.4095 0.8224 -0.3948
vn -0.9633 -0.2200 -0.1538
vn -0.9955 -0.0857 0.0388
vn -0.8053 -0.0503 0.5907
vn 0.8054 -0.0503 0.5906
vn 0.9955 -0.0857 0.0388
vn 0.0000 -0.0019 1.0000
vn 0.3510 -0.0081 0.9363
vn -0.3509 -0.0081 0.9363
vn 0.9633 -0.2198 -0.1536
vn 0.8503 -0.3872 -0.3565
vn 0.0000 -0.7370 -0.6758
vn -0.8501 -0.3873 -0.3566
usemtl Porple
s 1
f 2535/2846/1330 2510/2847/1331 2512/2848/1332 2536/2849/1333
f 2536/2849/1333 2512/2848/1332 2514/2850/1334 2540/2851/1335
f 2540/2851/1335 2514/2850/1334 2516/2852/1336 2544/2853/1337
f 2544/2853/1337 2516/2852/1336 2518/2854/1338 2548/2855/1339
f 2548/2855/1339 2518/2854/1338 2520/2856/1340 2552/2857/1341
f 2670/2858/1342 2638/2859/1343 2608/2860/1344 2664/2861/1345
f 2655/2862/1346 2636/2863/1347 2607/2864/1348 2649/2865/1349
f 2560/2866/1350 2523/2867/1351 2525/2868/1352 2564/2869/1353
f 2564/2869/1353 2525/2868/1352 2527/2870/1354 2568/2871/1355
f 2568/2871/1355 2527/2870/1354 2529/2872/1356 2572/2873/1357
f 2593/2874/1358 2592/2875/1359 2583/2876/1360 2584/2877/1361
f 2572/2873/1357 2529/2872/1356 2531/2878/1362 2576/2879/1363
f 2576/2879/1363 2531/2878/1362 2510/2880/1331 2535/2881/1330
f 2511/2882/1364 2513/2883/1365 2615/2884/1366 2614/2885/1367
f 2530/2886/1368 2579/2887/1369 2532/2888/1370 2509/2889/1371
f 2579/2887/1369 2578/2890/1372 2533/2891/1373 2532/2888/1370
f 2578/2890/1372 2577/2892/1372 2534/2893/1373 2533/2891/1373
f 2577/2892/1372 2576/2879/1363 2535/2881/1330 2534/2893/1373
f 2528/2894/1374 2575/2895/1375 2579/2887/1369 2530/2886/1368
f 2575/2895/1375 2574/2896/1376 2578/2890/1372 2579/2887/1369
f 2574/2896/1376 2573/2897/1376 2577/2892/1372 2578/2890/1372
f 2573/2897/1376 2572/2873/1357 2576/2879/1363 2577/2892/1372
f 2526/2898/1377 2571/2899/1378 2575/2895/1375 2528/2894/1374
f 2571/2899/1378 2570/2900/1379 2574/2896/1376 2575/2895/1375
f 2570/2900/1379 2569/2901/1379 2573/2897/1376 2574/2896/1376
f 2569/2901/1379 2568/2871/1355 2572/2873/1357 2573/2897/1376
f 2524/2902/1380 2567/2903/1381 2571/2899/1378 2526/2898/1377
f 2567/2903/1381 2566/2904/1382 2570/2900/1379 2571/2899/1378
f 2566/2904/1382 2565/2905/1383 2569/2901/1379 2570/2900/1379
f 2565/2905/1383 2564/2869/1353 2568/2871/1355 2569/2901/1379
f 2522/2906/1384 2563/2907/1385 2567/2903/1381 2524/2902/1380
f 2563/2907/1385 2562/2908/1386 2566/2904/1382 2567/2903/1381
f 2562/2908/1386 2561/2909/1387 2565/2905/1383 2566/2904/1382
f 2561/2909/1387 2560/2866/1350 2564/2869/1353 2565/2905/1383
f 2656/2910/1388 2657/2911/1389 2563/2907/1385 2522/2906/1384
f 2657/2911/1389 2658/2912/1390 2562/2908/1386 2563/2907/1385
f 2658/2912/1390 2659/2913/1391 2561/2909/1387 2562/2908/1386
f 2659/2913/1391 2660/2914/1392 2560/2866/1350 2561/2909/1387
f 2641/2915/1393 2642/2916/1394 2559/2917/1395 2521/2918/1396
f 2642/2916/1394 2643/2919/1397 2558/2920/1398 2559/2917/1395
f 2643/2919/1397 2644/2921/1399 2557/2922/1400 2558/2920/1398
f 2644/2921/1399 2645/2923/1401 2556/2924/1402 2557/2922/1400
f 2517/2925/1403 2551/2926/1404 2555/2927/1405 2519/2928/1406
f 2551/2926/1404 2550/2929/1407 2554/2930/1408 2555/2927/1405
f 2550/2929/1407 2549/2931/1409 2553/2932/1410 2554/2930/1408
f 2549/2931/1409 2548/2855/1339 2552/2857/1341 2553/2932/1410
f 2515/2933/1411 2547/2934/1412 2551/2926/1404 2517/2925/1403
f 2547/2934/1412 2546/2935/1413 2550/2929/1407 2551/2926/1404
f 2546/2935/1413 2545/2936/1413 2549/2931/1409 2550/2929/1407
f 2545/2936/1413 2544/2853/1337 2548/2855/1339 2549/2931/1409
f 2513/2883/1365 2543/2937/1414 2547/2934/1412 2515/2933/1411
f 2543/2937/1414 2542/2938/1415 2546/2935/1413 2547/2934/1412
f 2542/2938/1415 2541/2939/1415 2545/2936/1413 2546/2935/1413
f 2541/2939/1415 2540/2851/1335 2544/2853/1337 2545/2936/1413
f 2511/2882/1364 2539/2940/1416 2543/2937/1414 2513/2883/1365
f 2539/2940/1416 2538/2941/1417 2542/2938/1415 2543/2937/1414
f 2538/2941/1417 2537/2942/1417 2541/2939/1415 2542/2938/1415
f 2537/2942/1417 2536/2849/1333 2540/2851/1335 2541/2939/1415
f 2509/2943/1371 2532/2944/1370 2539/2940/1416 2511/2882/1364
f 2532/2944/1370 2533/2945/1373 2538/2941/1417 2539/2940/1416
f 2533/2945/1373 2534/2946/1373 2537/2942/1417 2538/2941/1417
f 2534/2946/1373 2535/2846/1330 2536/2849/1333 2537/2942/1417
f 2580/2947/1418 2581/2948/1419 2591/2949/1420 2590/2950/1421 2589/2951/1422 2588/2952/1423 2587/2953/1424 2661/2954/1425 2586/2955/1426 2646/2956/1427 2585/2957/1428 2584/2958/1361 2583/2959/1360 2582/2960/1429
f 2595/2961/1430 2594/2962/1431 2591/2963/1420 2581/2964/1419
f 2596/2965/1432 2595/2966/1430 2581/2967/1419 2580/2968/1418
f 2592/2875/1359 2597/2969/1433 2582/2970/1429 2583/2876/1360
f 2594/2962/1431 2598/2971/1434 2590/2972/1421 2591/2963/1420
f 2597/2969/1433 2596/2965/1432 2580/2968/1418 2582/2970/1429
f 2598/2971/1434 2599/2973/1435 2589/2974/1422 2590/2972/1421
f 2599/2973/1435 2600/2975/1436 2588/2976/1423 2589/2974/1422
f 2600/2975/1436 2601/2977/1437 2587/2978/1424 2588/2976/1423
f 2662/2979/1438 2602/2980/1439 2586/2981/1426 2661/2982/1425
f 2647/2983/1440 2603/2984/1441 2585/2985/1428 2646/2986/1427
f 2603/2984/1441 2593/2874/1358 2584/2877/1361 2585/2985/1428
f 2520/2856/1340 2518/2854/1338 2593/2874/1358 2603/2984/1441
f 2636/2863/1347 2633/2987/1442 2605/2988/1443 2607/2864/1348
f 2669/2989/1444 2634/2990/1445 2610/2991/1446 2665/2992/1447
f 2525/2868/1352 2523/2867/1351 2601/2977/1437 2600/2975/1436
f 2527/2870/1354 2525/2868/1352 2600/2975/1436 2599/2973/1435
f 2529/2872/1356 2527/2870/1354 2599/2973/1435 2598/2971/1434
f 2514/2850/1334 2512/2848/1332 2596/2965/1432 2597/2969/1433
f 2531/2878/1362 2529/2872/1356 2598/2971/1434 2594/2962/1431
f 2516/2852/1336 2514/2850/1334 2597/2969/1433 2592/2875/1359
f 2512/2848/1332 2510/2847/1331 2595/2966/1430 2596/2965/1432
f 2510/2880/1331 2531/2878/1362 2594/2962/1431 2595/2961/1430
f 2518/2854/1338 2516/2852/1336 2592/2875/1359 2593/2874/1358
f 2649/2865/1349 2648/2993/1448 2604/2994/1449 2608/2860/1344
f 2664/2861/1345 2663/2995/1450 2606/2996/1451 2609/2997/1452
f 2648/2993/1448 2605/2988/1443 2612/2998/1453 2650/2999/1454
f 2663/2995/1450 2604/2994/1449 2611/3000/1455 2665/2992/1447
f 2654/3001/1456 2637/3002/1457 2611/3000/1455 2650/2999/1454
f 2633/2987/1442 2640/3003/1458 2612/2998/1453 2605/2988/1443
f 2634/2990/1445 2635/3004/1459 2606/2996/1451 2610/2991/1446
f 2635/3004/1459 2639/3005/1460 2609/2997/1452 2606/2996/1451
f 2613/3006/1461 2614/3007/1367 2615/3008/1366 2616/3009/1462 2617/3010/1463 2618/3011/1464 2651/3012/1465 2619/3013/1466 2666/3014/1467 2620/3015/1468 2621/3016/1469 2622/3017/1470 2623/3018/1471 2624/3019/1472
f 2526/2898/1377 2528/2894/1374 2623/3020/1471 2622/3021/1470
f 2524/2902/1380 2526/2898/1377 2622/3021/1470 2621/3022/1469
f 2522/2906/1384 2524/2902/1380 2621/3022/1469 2620/3023/1468
f 2656/2910/1388 2522/2906/1384 2620/3023/1468 2666/3024/1467
f 2641/2915/1393 2521/2918/1396 2619/3025/1466 2651/3026/1465
f 2517/2925/1403 2519/2928/1406 2618/3027/1464 2617/3028/1463
f 2515/2933/1411 2517/2925/1403 2617/3028/1463 2616/3029/1462
f 2530/2886/1368 2509/2889/1371 2613/3030/1461 2624/3031/1472
f 2509/2943/1371 2511/2882/1364 2614/2885/1367 2613/3032/1461
f 2513/2883/1365 2515/2933/1411 2616/3029/1462 2615/2884/1366
f 2528/2894/1374 2530/2886/1368 2624/3031/1472 2623/3020/1471
f 2523/2867/1351 2560/2866/1350 2630/3033/1473 2632/3034/1474
f 2601/2977/1437 2523/2867/1351 2632/3034/1474 2628/3035/1475
f 2520/2856/1340 2603/2984/1441 2631/3036/1476 2626/3037/1477
f 2647/2983/1440 2602/2980/1439 2627/3038/1478 2652/3039/1479
f 2662/2979/1438 2601/2977/1437 2628/3035/1475 2667/3040/1480
f 2552/2857/1341 2520/2856/1340 2626/3037/1477 2625/3041/1481
f 2645/2923/1401 2552/2857/1341 2625/3041/1481 2653/3042/1482
f 2660/2914/1392 2556/2924/1402 2629/3043/1483 2668/3044/1484
f 2632/3034/1474 2630/3033/1473 2639/3005/1460 2635/3004/1459
f 2628/3035/1475 2632/3034/1474 2635/3004/1459 2634/2990/1445
f 2626/3037/1477 2631/3036/1476 2640/3003/1458 2633/2987/1442
f 2652/3039/1479 2627/3038/1478 2637/3002/1457 2654/3001/1456
f 2667/3040/1480 2628/3035/1475 2634/2990/1445 2669/2989/1444
f 2625/3041/1481 2626/3037/1477 2633/2987/1442 2636/2863/1347
f 2653/3042/1482 2625/3041/1481 2636/2863/1347 2655/2862/1346
f 2668/3044/1484 2629/3043/1483 2638/2859/1343 2670/2858/1342
f 2629/3043/1483 2653/3042/1482 2655/2862/1346 2638/2859/1343
f 2631/3036/1476 2652/3039/1479 2654/3001/1456 2640/3003/1458
f 2556/2924/1402 2645/2923/1401 2653/3042/1482 2629/3043/1483
f 2603/2984/1441 2647/2983/1440 2652/3039/1479 2631/3036/1476
f 2519/2928/1406 2641/2915/1393 2651/3026/1465 2618/3027/1464
f 2640/3003/1458 2654/3001/1456 2650/2999/1454 2612/2998/1453
f 2604/2994/1449 2648/2993/1448 2650/2999/1454 2611/3000/1455
f 2607/2864/1348 2605/2988/1443 2648/2993/1448 2649/2865/1349
f 2602/2980/1439 2647/2983/1440 2646/2986/1427 2586/2981/1426
f 2553/2932/1410 2552/2857/1341 2645/2923/1401 2644/2921/1399
f 2554/2930/1408 2553/2932/1410 2644/2921/1399 2643/2919/1397
f 2555/2927/1405 2554/2930/1408 2643/2919/1397 2642/2916/1394
f 2519/2928/1406 2555/2927/1405 2642/2916/1394 2641/2915/1393
f 2638/2859/1343 2655/2862/1346 2649/2865/1349 2608/2860/1344
f 2630/3033/1473 2668/3044/1484 2670/2858/1342 2639/3005/1460
f 2627/3038/1478 2667/3040/1480 2669/2989/1444 2637/3002/1457
f 2560/2866/1350 2660/2914/1392 2668/3044/1484 2630/3033/1473
f 2602/2980/1439 2662/2979/1438 2667/3040/1480 2627/3038/1478
f 2521/2918/1396 2656/2910/1388 2666/3024/1467 2619/3025/1466
f 2606/2996/1451 2663/2995/1450 2665/2992/1447 2610/2991/1446
f 2608/2860/1344 2604/2994/1449 2663/2995/1450 2664/2861/1345
f 2637/3002/1457 2669/2989/1444 2665/2992/1447 2611/3000/1455
f 2601/2977/1437 2662/2979/1438 2661/2982/1425 2587/2978/1424
f 2557/2922/1400 2556/2924/1402 2660/2914/1392 2659/2913/1391
f 2558/2920/1398 2557/2922/1400 2659/2913/1391 2658/2912/1390
f 2559/2917/1395 2558/2920/1398 2658/2912/1390 2657/2911/1389
f 2521/2918/1396 2559/2917/1395 2657/2911/1389 2656/2910/1388
f 2639/3005/1460 2670/2858/1342 2664/2861/1345 2609/2997/1452
o Cylinder.007_Cylinder.009
v -0.000000 -0.148355 -0.799036
v -0.000000 -0.148355 -0.753387
v 0.106302 -0.183474 -0.799036
v 0.106302 -0.183474 -0.753387
v 0.184120 -0.279422 -0.799036
v 0.184120 -0.279422 -0.753387
v 0.197505 -0.410489 -0.799036
v 0.197505 -0.410489 -0.753387
v 0.171044 -0.541556 -0.799036
v 0.171044 -0.541556 -0.753387
v 0.106302 -0.607695 -0.799036
v 0.106302 -0.607695 -0.753387
v 0.000000 -0.679240 -0.799036
v 0.000000 -0.679240 -0.753387
v -0.106302 -0.607695 -0.799036
v -0.106302 -0.607695 -0.753387
v -0.171044 -0.541556 -0.799036
v -0.171044 -0.541556 -0.753387
v -0.197505 -0.410489 -0.799036
v -0.197505 -0.410489 -0.753387
v -0.184120 -0.279422 -0.799036
v -0.184120 -0.279422 -0.753387
v -0.106302 -0.183474 -0.799036
v -0.106302 -0.183474 -0.753387
v -0.000000 -0.148355 -0.793271
v 0.106302 -0.183474 -0.793271
v 0.184120 -0.279422 -0.793271
v 0.197505 -0.410489 -0.793271
v 0.171044 -0.541556 -0.793271
v 0.106302 -0.607695 -0.793271
v 0.000000 -0.679240 -0.793271
v -0.106302 -0.607695 -0.793271
v -0.171044 -0.541556 -0.793271
v -0.197505 -0.410489 -0.793271
v -0.184120 -0.279422 -0.793271
v -0.106302 -0.183474 -0.793271
v -0.000000 -0.148355 -0.761333
v 0.106302 -0.183474 -0.761333
v 0.184120 -0.279422 -0.761333
v 0.197505 -0.410489 -0.761333
v 0.171044 -0.541556 -0.761333
v 0.106302 -0.607695 -0.761333
v 0.000000 -0.679240 -0.761333
v -0.106302 -0.607695 -0.761333
v -0.171044 -0.541556 -0.761333
v -0.197505 -0.410489 -0.761333
v -0.184120 -0.279422 -0.761333
v -0.106302 -0.183474 -0.761333
vt 1.000000 0.912969
vt 1.000000 1.000000
vt 0.916667 1.000000
vt 0.916667 0.912969
vt 0.833333 1.000000
vt 0.833333 0.912969
vt 0.750000 1.000000
vt 0.750000 0.912969
vt 0.666667 1.000000
vt 0.666667 0.912969
vt 0.583333 1.000000
vt 0.583333 0.912969
vt 0.500000 1.000000
vt 0.500000 0.912969
vt 0.416667 1.000000
vt 0.416667 0.912969
vt 0.333333 1.000000
vt 0.333333 0.912969
vt 0.250000 1.000000
vt 0.250000 0.912969
vt 0.166667 1.000000
vt 0.166667 0.912969
vt 0.370000 0.457846
vt 0.250000 0.490000
vt 0.130000 0.457846
vt 0.042154 0.370000
vt 0.010000 0.250000
vt 0.042154 0.130000
vt 0.130000 0.042154
vt 0.250000 0.010000
vt 0.370000 0.042154
vt 0.457846 0.130000
vt 0.490000 0.250000
vt 0.457846 0.370000
vt 0.083333 1.000000
vt 0.083333 0.912969
vt 0.000000 1.000000
vt 0.000000 0.912969
vt 0.750000 0.490000
vt 0.870000 0.457846
vt 0.957846 0.370000
vt 0.990000 0.250000
vt 0.957846 0.130000
vt 0.870000 0.042154
vt 0.750000 0.010000
vt 0.630000 0.042154
vt 0.542154 0.130000
vt 0.510000 0.250000
vt 0.542154 0.370000
vt 0.630000 0.457846
vt 0.083333 0.500000
vt 0.083333 0.563144
vt 0.000000 0.563144
vt 0.000000 0.500000
vt 0.166667 0.500000
vt 0.166667 0.563144
vt 0.250000 0.500000
vt 0.250000 0.563144
vt 0.333333 0.500000
vt 0.333333 0.563144
vt 0.416667 0.500000
vt 0.416667 0.563144
vt 0.500000 0.500000
vt 0.500000 0.563144
vt 0.583333 0.500000
vt 0.583333 0.563144
vt 0.666667 0.500000
vt 0.666667 0.563144
vt 0.750000 0.500000
vt 0.750000 0.563144
vt 0.833333 0.500000
vt 0.833333 0.563144
vt 0.916667 0.500000
vt 0.916667 0.563144
vt 1.000000 0.500000
vt 1.000000 0.563144
vn 0.0000 1.0000 0.0000
vn 0.0000 0.7660 0.6428
vn 0.4322 0.6261 0.6489
vn 0.5681 0.8229 0.0000
vn 0.7039 0.2907 0.6481
vn 0.9243 0.3817 0.0000
vn 0.7371 -0.0359 0.6749
vn 0.9988 -0.0487 0.0000
vn 0.6727 -0.3562 0.6484
vn 0.8837 -0.4679 0.0000
vn 0.4661 -0.5600 0.6849
vn 0.6398 -0.7685 0.0000
vn 0.0000 -0.7997 0.6004
vn 0.0000 -1.0000 0.0000
vn -0.4661 -0.5600 0.6849
vn -0.6398 -0.7685 0.0000
vn -0.6727 -0.3562 0.6485
vn -0.8837 -0.4679 0.0000
vn -0.7371 -0.0359 0.6749
vn -0.9988 -0.0487 0.0000
vn -0.7039 0.2907 0.6481
vn -0.9243 0.3817 0.0000
vn -0.4322 0.6261 0.6489
vn -0.5681 0.8229 0.0000
vn 0.0000 0.7660 -0.6428
vn 0.4322 0.6261 -0.6489
vn 0.7039 0.2907 -0.6481
vn 0.7371 -0.0359 -0.6749
vn 0.6727 -0.3562 -0.6484
vn 0.4661 -0.5600 -0.6849
vn 0.0000 -0.7997 -0.6004
vn -0.4661 -0.5600 -0.6849
vn -0.6727 -0.3562 -0.6484
vn -0.7371 -0.0359 -0.6749
vn -0.7039 0.2907 -0.6481
vn -0.4322 0.6261 -0.6489
usemtl DarkPorple
s 1
f 2707/3045/1485 2672/3046/1486 2674/3047/1487 2708/3048/1488
f 2708/3048/1488 2674/3047/1487 2676/3049/1489 2709/3050/1490
f 2709/3050/1490 2676/3049/1489 2678/3051/1491 2710/3052/1492
f 2710/3052/1492 2678/3051/1491 2680/3053/1493 2711/3054/1494
f 2711/3054/1494 2680/3053/1493 2682/3055/1495 2712/3056/1496
f 2712/3056/1496 2682/3055/1495 2684/3057/1497 2713/3058/1498
f 2713/3058/1498 2684/3057/1497 2686/3059/1499 2714/3060/1500
f 2714/3060/1500 2686/3059/1499 2688/3061/1501 2715/3062/1502
f 2715/3062/1502 2688/3061/1501 2690/3063/1503 2716/3064/1504
f 2716/3064/1504 2690/3063/1503 2692/3065/1505 2717/3066/1506
f 2674/3067/1487 2672/3068/1486 2694/3069/1507 2692/3070/1505 2690/3071/1503 2688/3072/1501 2686/3073/1499 2684/3074/1497 2682/3075/1495 2680/3076/1493 2678/3077/1491 2676/3078/1489
f 2717/3066/1506 2692/3065/1505 2694/3079/1507 2718/3080/1508
f 2718/3080/1508 2694/3079/1507 2672/3081/1486 2707/3082/1485
f 2671/3083/1509 2673/3084/1510 2675/3085/1511 2677/3086/1512 2679/3087/1513 2681/3088/1514 2683/3089/1515 2685/3090/1516 2687/3091/1517 2689/3092/1518 2691/3093/1519 2693/3094/1520
f 2693/3095/1520 2706/3096/1508 2695/3097/1485 2671/3098/1509
f 2691/3099/1519 2705/3100/1506 2706/3096/1508 2693/3095/1520
f 2689/3101/1518 2704/3102/1504 2705/3100/1506 2691/3099/1519
f 2687/3103/1517 2703/3104/1502 2704/3102/1504 2689/3101/1518
f 2685/3105/1516 2702/3106/1500 2703/3104/1502 2687/3103/1517
f 2683/3107/1515 2701/3108/1498 2702/3106/1500 2685/3105/1516
f 2681/3109/1514 2700/3110/1496 2701/3108/1498 2683/3107/1515
f 2679/3111/1513 2699/3112/1494 2700/3110/1496 2681/3109/1514
f 2677/3113/1512 2698/3114/1492 2699/3112/1494 2679/3111/1513
f 2675/3115/1511 2697/3116/1490 2698/3114/1492 2677/3113/1512
f 2673/3117/1510 2696/3118/1488 2697/3116/1490 2675/3115/1511
f 2671/3119/1509 2695/3120/1485 2696/3118/1488 2673/3117/1510
f 2706/3096/1508 2718/3080/1508 2707/3082/1485 2695/3097/1485
f 2705/3100/1506 2717/3066/1506 2718/3080/1508 2706/3096/1508
f 2704/3102/1504 2716/3064/1504 2717/3066/1506 2705/3100/1506
f 2703/3104/1502 2715/3062/1502 2716/3064/1504 2704/3102/1504
f 2702/3106/1500 2714/3060/1500 2715/3062/1502 2703/3104/1502
f 2701/3108/1498 2713/3058/1498 2714/3060/1500 2702/3106/1500
f 2700/3110/1496 2712/3056/1496 2713/3058/1498 2701/3108/1498
f 2699/3112/1494 2711/3054/1494 2712/3056/1496 2700/3110/1496
f 2698/3114/1492 2710/3052/1492 2711/3054/1494 2699/3112/1494
f 2697/3116/1490 2709/3050/1490 2710/3052/1492 2698/3114/1492
f 2696/3118/1488 2708/3048/1488 2709/3050/1490 2697/3116/1490
f 2695/3120/1485 2707/3045/1485 2708/3048/1488 2696/3118/1488
o Cylinder.008_Cylinder.010
v -0.000000 -0.148355 -1.314711
v -0.000000 -0.148355 -1.269061
v 0.106302 -0.183474 -1.314711
v 0.106302 -0.183474 -1.269061
v 0.184120 -0.279422 -1.314711
v 0.184120 -0.279422 -1.269061
v 0.197505 -0.410489 -1.314711
v 0.197505 -0.410489 -1.269061
v 0.171044 -0.541556 -1.314711
v 0.171044 -0.541556 -1.269061
v 0.106302 -0.607695 -1.314711
v 0.106302 -0.607695 -1.269061
v 0.000000 -0.679240 -1.314711
v 0.000000 -0.679240 -1.269061
v -0.106302 -0.607695 -1.314711
v -0.106302 -0.607695 -1.269061
v -0.171044 -0.541556 -1.314711
v -0.171044 -0.541556 -1.269061
v -0.197505 -0.410489 -1.314711
v -0.197505 -0.410489 -1.269061
v -0.184120 -0.279422 -1.314711
v -0.184120 -0.279422 -1.269061
v -0.106302 -0.183474 -1.314711
v -0.106302 -0.183474 -1.269061
v -0.000000 -0.148355 -1.308946
v 0.106302 -0.183474 -1.308946
v 0.184120 -0.279422 -1.308946
v 0.197505 -0.410489 -1.308946
v 0.171044 -0.541556 -1.308946
v 0.106302 -0.607695 -1.308946
v 0.000000 -0.679240 -1.308946
v -0.106302 -0.607695 -1.308946
v -0.171044 -0.541556 -1.308946
v -0.197505 -0.410489 -1.308946
v -0.184120 -0.279422 -1.308946
v -0.106302 -0.183474 -1.308946
v -0.000000 -0.148355 -1.277007
v 0.106302 -0.183474 -1.277007
v 0.184120 -0.279422 -1.277007
v 0.197505 -0.410489 -1.277007
v 0.171044 -0.541556 -1.277007
v 0.106302 -0.607695 -1.277007
v 0.000000 -0.679240 -1.277007
v -0.106302 -0.607695 -1.277007
v -0.171044 -0.541556 -1.277007
v -0.197505 -0.410489 -1.277007
v -0.184120 -0.279422 -1.277007
v -0.106302 -0.183474 -1.277007
vt 1.000000 0.912969
vt 1.000000 1.000000
vt 0.916667 1.000000
vt 0.916667 0.912969
vt 0.833333 1.000000
vt 0.833333 0.912969
vt 0.750000 1.000000
vt 0.750000 0.912969
vt 0.666667 1.000000
vt 0.666667 0.912969
vt 0.583333 1.000000
vt 0.583333 0.912969
vt 0.500000 1.000000
vt 0.500000 0.912969
vt 0.416667 1.000000
vt 0.416667 0.912969
vt 0.333333 1.000000
vt 0.333333 0.912969
vt 0.250000 1.000000
vt 0.250000 0.912969
vt 0.166667 1.000000
vt 0.166667 0.912969
vt 0.370000 0.457846
vt 0.250000 0.490000
vt 0.130000 0.457846
vt 0.042154 0.370000
vt 0.010000 0.250000
vt 0.042154 0.130000
vt 0.130000 0.042154
vt 0.250000 0.010000
vt 0.370000 0.042154
vt 0.457846 0.130000
vt 0.490000 0.250000
vt 0.457846 0.370000
vt 0.083333 1.000000
vt 0.083333 0.912969
vt 0.000000 1.000000
vt 0.000000 0.912969
vt 0.750000 0.490000
vt 0.870000 0.457846
vt 0.957846 0.370000
vt 0.990000 0.250000
vt 0.957846 0.130000
vt 0.870000 0.042154
vt 0.750000 0.010000
vt 0.630000 0.042154
vt 0.542154 0.130000
vt 0.510000 0.250000
vt 0.542154 0.370000
vt 0.630000 0.457846
vt 0.083333 0.500000
vt 0.083333 0.563144
vt 0.000000 0.563144
vt 0.000000 0.500000
vt 0.166667 0.500000
vt 0.166667 0.563144
vt 0.250000 0.500000
vt 0.250000 0.563144
vt 0.333333 0.500000
vt 0.333333 0.563144
vt 0.416667 0.500000
vt 0.416667 0.563144
vt 0.500000 0.500000
vt 0.500000 0.563144
vt 0.583333 0.500000
vt 0.583333 0.563144
vt 0.666667 0.500000
vt 0.666667 0.563144
vt 0.750000 0.500000
vt 0.750000 0.563144
vt 0.833333 0.500000
vt 0.833333 0.563144
vt 0.916667 0.500000
vt 0.916667 0.563144
vt 1.000000 0.500000
vt 1.000000 0.563144
vn 0.0000 1.0000 0.0000
vn 0.0000 0.7660 0.6428
vn 0.4322 0.6261 0.6489
vn 0.5681 0.8229 0.0000
vn 0.7039 0.2907 0.6481
vn 0.9243 0.3817 0.0000
vn 0.7371 -0.0359 0.6749
vn 0.9988 -0.0487 0.0000
vn 0.6727 -0.3562 0.6484
vn 0.8837 -0.4679 0.0000
vn 0.4661 -0.5600 0.6849
vn 0.6398 -0.7685 0.0000
vn 0.0000 -0.7997 0.6004
vn 0.0000 -1.0000 0.0000
vn -0.4661 -0.5600 0.6849
vn -0.6398 -0.7685 0.0000
vn -0.6727 -0.3562 0.6484
vn -0.8837 -0.4679 0.0000
vn -0.7371 -0.0359 0.6749
vn -0.9988 -0.0487 0.0000
vn -0.7039 0.2907 0.6481
vn -0.9243 0.3817 0.0000
vn -0.4322 0.6261 0.6489
vn -0.5681 0.8229 0.0000
vn 0.0000 0.7660 -0.6428
vn 0.4322 0.6261 -0.6489
vn 0.7039 0.2907 -0.6481
vn 0.7371 -0.0359 -0.6749
vn 0.6727 -0.3562 -0.6485
vn 0.4661 -0.5600 -0.6849
vn 0.0000 -0.7997 -0.6004
vn -0.4661 -0.5600 -0.6849
vn -0.6727 -0.3562 -0.6484
vn -0.7371 -0.0359 -0.6749
vn -0.7039 0.2907 -0.6481
vn -0.4322 0.6261 -0.6489
usemtl DarkPorple
s 1
f 2755/3121/1521 2720/3122/1522 2722/3123/1523 2756/3124/1524
f 2756/3124/1524 2722/3123/1523 2724/3125/1525 2757/3126/1526
f 2757/3126/1526 2724/3125/1525 2726/3127/1527 2758/3128/1528
f 2758/3128/1528 2726/3127/1527 2728/3129/1529 2759/3130/1530
f 2759/3130/1530 2728/3129/1529 2730/3131/1531 2760/3132/1532
f 2760/3132/1532 2730/3131/1531 2732/3133/1533 2761/3134/1534
f 2761/3134/1534 2732/3133/1533 2734/3135/1535 2762/3136/1536
f 2762/3136/1536 2734/3135/1535 2736/3137/1537 2763/3138/1538
f 2763/3138/1538 2736/3137/1537 2738/3139/1539 2764/3140/1540
f 2764/3140/1540 2738/3139/1539 2740/3141/1541 2765/3142/1542
f 2722/3143/1523 2720/3144/1522 2742/3145/1543 2740/3146/1541 2738/3147/1539 2736/3148/1537 2734/3149/1535 2732/3150/1533 2730/3151/1531 2728/3152/1529 2726/3153/1527 2724/3154/1525
f 2765/3142/1542 2740/3141/1541 2742/3155/1543 2766/3156/1544
f 2766/3156/1544 2742/3155/1543 2720/3157/1522 2755/3158/1521
f 2719/3159/1545 2721/3160/1546 2723/3161/1547 2725/3162/1548 2727/3163/1549 2729/3164/1550 2731/3165/1551 2733/3166/1552 2735/3167/1553 2737/3168/1554 2739/3169/1555 2741/3170/1556
f 2741/3171/1556 2754/3172/1544 2743/3173/1521 2719/3174/1545
f 2739/3175/1555 2753/3176/1542 2754/3172/1544 2741/3171/1556
f 2737/3177/1554 2752/3178/1540 2753/3176/1542 2739/3175/1555
f 2735/3179/1553 2751/3180/1538 2752/3178/1540 2737/3177/1554
f 2733/3181/1552 2750/3182/1536 2751/3180/1538 2735/3179/1553
f 2731/3183/1551 2749/3184/1534 2750/3182/1536 2733/3181/1552
f 2729/3185/1550 2748/3186/1532 2749/3184/1534 2731/3183/1551
f 2727/3187/1549 2747/3188/1530 2748/3186/1532 2729/3185/1550
f 2725/3189/1548 2746/3190/1528 2747/3188/1530 2727/3187/1549
f 2723/3191/1547 2745/3192/1526 2746/3190/1528 2725/3189/1548
f 2721/3193/1546 2744/3194/1524 2745/3192/1526 2723/3191/1547
f 2719/3195/1545 2743/3196/1521 2744/3194/1524 2721/3193/1546
f 2754/3172/1544 2766/3156/1544 2755/3158/1521 2743/3173/1521
f 2753/3176/1542 2765/3142/1542 2766/3156/1544 2754/3172/1544
f 2752/3178/1540 2764/3140/1540 2765/3142/1542 2753/3176/1542
f 2751/3180/1538 2763/3138/1538 2764/3140/1540 2752/3178/1540
f 2750/3182/1536 2762/3136/1536 2763/3138/1538 2751/3180/1538
f 2749/3184/1534 2761/3134/1534 2762/3136/1536 2750/3182/1536
f 2748/3186/1532 2760/3132/1532 2761/3134/1534 2749/3184/1534
f 2747/3188/1530 2759/3130/1530 2760/3132/1532 2748/3186/1532
f 2746/3190/1528 2758/3128/1528 2759/3130/1530 2747/3188/1530
f 2745/3192/1526 2757/3126/1526 2758/3128/1528 2746/3190/1528
f 2744/3194/1524 2756/3124/1524 2757/3126/1526 2745/3192/1526
f 2743/3196/1521 2755/3121/1521 2756/3124/1524 2744/3194/1524
o Cylinder.009_Cylinder.012
v -0.000000 -0.148355 -0.296186
v -0.000000 -0.148355 -0.250537
v 0.106302 -0.183474 -0.296186
v 0.106302 -0.183474 -0.250537
v 0.184120 -0.279422 -0.296186
v 0.184120 -0.279422 -0.250537
v 0.197505 -0.410489 -0.296186
v 0.197505 -0.410489 -0.250537
v 0.171044 -0.541556 -0.296186
v 0.171044 -0.541556 -0.250537
v 0.106302 -0.607695 -0.296186
v 0.106302 -0.607695 -0.250537
v 0.000000 -0.679240 -0.296186
v 0.000000 -0.679240 -0.250537
v -0.106302 -0.607695 -0.296186
v -0.106302 -0.607695 -0.250537
v -0.171044 -0.541556 -0.296186
v -0.171044 -0.541556 -0.250537
v -0.197505 -0.410489 -0.296186
v -0.197505 -0.410489 -0.250537
v -0.184120 -0.279422 -0.296186
v -0.184120 -0.279422 -0.250537
v -0.106302 -0.183474 -0.296186
v -0.106302 -0.183474 -0.250537
v -0.000000 -0.148355 -0.290421
v 0.106302 -0.183474 -0.290421
v 0.184120 -0.279422 -0.290421
v 0.197505 -0.410489 -0.290421
v 0.171044 -0.541556 -0.290421
v 0.106302 -0.607695 -0.290421
v 0.000000 -0.679240 -0.290421
v -0.106302 -0.607695 -0.290421
v -0.171044 -0.541556 -0.290421
v -0.197505 -0.410489 -0.290421
v -0.184120 -0.279422 -0.290421
v -0.106302 -0.183474 -0.290421
v -0.000000 -0.148355 -0.258483
v 0.106302 -0.183474 -0.258483
v 0.184120 -0.279422 -0.258483
v 0.197505 -0.410489 -0.258483
v 0.171044 -0.541556 -0.258483
v 0.106302 -0.607695 -0.258483
v 0.000000 -0.679240 -0.258483
v -0.106302 -0.607695 -0.258483
v -0.171044 -0.541556 -0.258483
v -0.197505 -0.410489 -0.258483
v -0.184120 -0.279422 -0.258483
v -0.106302 -0.183474 -0.258483
vt 1.000000 0.912969
vt 1.000000 1.000000
vt 0.916667 1.000000
vt 0.916667 0.912969
vt 0.833333 1.000000
vt 0.833333 0.912969
vt 0.750000 1.000000
vt 0.750000 0.912969
vt 0.666667 1.000000
vt 0.666667 0.912969
vt 0.583333 1.000000
vt 0.583333 0.912969
vt 0.500000 1.000000
vt 0.500000 0.912969
vt 0.416667 1.000000
vt 0.416667 0.912969
vt 0.333333 1.000000
vt 0.333333 0.912969
vt 0.250000 1.000000
vt 0.250000 0.912969
vt 0.166667 1.000000
vt 0.166667 0.912969
vt 0.370000 0.457846
vt 0.250000 0.490000
vt 0.130000 0.457846
vt 0.042154 0.370000
vt 0.010000 0.250000
vt 0.042154 0.130000
vt 0.130000 0.042154
vt 0.250000 0.010000
vt 0.370000 0.042154
vt 0.457846 0.130000
vt 0.490000 0.250000
vt 0.457846 0.370000
vt 0.083333 1.000000
vt 0.083333 0.912969
vt 0.000000 1.000000
vt 0.000000 0.912969
vt 0.750000 0.490000
vt 0.870000 0.457846
vt 0.957846 0.370000
vt 0.990000 0.250000
vt 0.957846 0.130000
vt 0.870000 0.042154
vt 0.750000 0.010000
vt 0.630000 0.042154
vt 0.542154 0.130000
vt 0.510000 0.250000
vt 0.542154 0.370000
vt 0.630000 0.457846
vt 0.083333 0.500000
vt 0.083333 0.563144
vt 0.000000 0.563144
vt 0.000000 0.500000
vt 0.166667 0.500000
vt 0.166667 0.563144
vt 0.250000 0.500000
vt 0.250000 0.563144
vt 0.333333 0.500000
vt 0.333333 0.563144
vt 0.416667 0.500000
vt 0.416667 0.563144
vt 0.500000 0.500000
vt 0.500000 0.563144
vt 0.583333 0.500000
vt 0.583333 0.563144
vt 0.666667 0.500000
vt 0.666667 0.563144
vt 0.750000 0.500000
vt 0.750000 0.563144
vt 0.833333 0.500000
vt 0.833333 0.563144
vt 0.916667 0.500000
vt 0.916667 0.563144
vt 1.000000 0.500000
vt 1.000000 0.563144
vn 0.0000 1.0000 0.0000
vn 0.0000 0.7660 0.6428
vn 0.4322 0.6261 0.6489
vn 0.5681 0.8229 0.0000
vn 0.7039 0.2907 0.6481
vn 0.9243 0.3817 0.0000
vn 0.7371 -0.0359 0.6749
vn 0.9988 -0.0487 0.0000
vn 0.6727 -0.3562 0.6485
vn 0.8837 -0.4679 0.0000
vn 0.4661 -0.5600 0.6849
vn 0.6398 -0.7685 0.0000
vn 0.0000 -0.7997 0.6004
vn 0.0000 -1.0000 0.0000
vn -0.4661 -0.5600 0.6849
vn -0.6398 -0.7685 0.0000
vn -0.6727 -0.3562 0.6484
vn -0.8837 -0.4679 0.0000
vn -0.7371 -0.0359 0.6749
vn -0.9988 -0.0487 0.0000
vn -0.7039 0.2907 0.6481
vn -0.9243 0.3817 0.0000
vn -0.4322 0.6261 0.6489
vn -0.5681 0.8229 0.0000
vn 0.0000 0.7660 -0.6428
vn 0.4322 0.6261 -0.6489
vn 0.7039 0.2907 -0.6481
vn 0.7371 -0.0359 -0.6749
vn 0.6727 -0.3562 -0.6485
vn 0.4661 -0.5600 -0.6849
vn 0.0000 -0.7997 -0.6004
vn -0.4661 -0.5600 -0.6849
vn -0.6727 -0.3562 -0.6484
vn -0.7371 -0.0359 -0.6749
vn -0.7039 0.2907 -0.6481
vn -0.4322 0.6261 -0.6489
usemtl DarkPorple
s 1
f 2803/3197/1557 2768/3198/1558 2770/3199/1559 2804/3200/1560
f 2804/3200/1560 2770/3199/1559 2772/3201/1561 2805/3202/1562
f 2805/3202/1562 2772/3201/1561 2774/3203/1563 2806/3204/1564
f 2806/3204/1564 2774/3203/1563 2776/3205/1565 2807/3206/1566
f 2807/3206/1566 2776/3205/1565 2778/3207/1567 2808/3208/1568
f 2808/3208/1568 2778/3207/1567 2780/3209/1569 2809/3210/1570
f 2809/3210/1570 2780/3209/1569 2782/3211/1571 2810/3212/1572
f 2810/3212/1572 2782/3211/1571 2784/3213/1573 2811/3214/1574
f 2811/3214/1574 2784/3213/1573 2786/3215/1575 2812/3216/1576
f 2812/3216/1576 2786/3215/1575 2788/3217/1577 2813/3218/1578
f 2770/3219/1559 2768/3220/1558 2790/3221/1579 2788/3222/1577 2786/3223/1575 2784/3224/1573 2782/3225/1571 2780/3226/1569 2778/3227/1567 2776/3228/1565 2774/3229/1563 2772/3230/1561
f 2813/3218/1578 2788/3217/1577 2790/3231/1579 2814/3232/1580
f 2814/3232/1580 2790/3231/1579 2768/3233/1558 2803/3234/1557
f 2767/3235/1581 2769/3236/1582 2771/3237/1583 2773/3238/1584 2775/3239/1585 2777/3240/1586 2779/3241/1587 2781/3242/1588 2783/3243/1589 2785/3244/1590 2787/3245/1591 2789/3246/1592
f 2789/3247/1592 2802/3248/1580 2791/3249/1557 2767/3250/1581
f 2787/3251/1591 2801/3252/1578 2802/3248/1580 2789/3247/1592
f 2785/3253/1590 2800/3254/1576 2801/3252/1578 2787/3251/1591
f 2783/3255/1589 2799/3256/1574 2800/3254/1576 2785/3253/1590
f 2781/3257/1588 2798/3258/1572 2799/3256/1574 2783/3255/1589
f 2779/3259/1587 2797/3260/1570 2798/3258/1572 2781/3257/1588
f 2777/3261/1586 2796/3262/1568 2797/3260/1570 2779/3259/1587
f 2775/3263/1585 2795/3264/1566 2796/3262/1568 2777/3261/1586
f 2773/3265/1584 2794/3266/1564 2795/3264/1566 2775/3263/1585
f 2771/3267/1583 2793/3268/1562 2794/3266/1564 2773/3265/1584
f 2769/3269/1582 2792/3270/1560 2793/3268/1562 2771/3267/1583
f 2767/3271/1581 2791/3272/1557 2792/3270/1560 2769/3269/1582
f 2802/3248/1580 2814/3232/1580 2803/3234/1557 2791/3249/1557
f 2801/3252/1578 2813/3218/1578 2814/3232/1580 2802/3248/1580
f 2800/3254/1576 2812/3216/1576 2813/3218/1578 2801/3252/1578
f 2799/3256/1574 2811/3214/1574 2812/3216/1576 2800/3254/1576
f 2798/3258/1572 2810/3212/1572 2811/3214/1574 2799/3256/1574
f 2797/3260/1570 2809/3210/1570 2810/3212/1572 2798/3258/1572
f 2796/3262/1568 2808/3208/1568 2809/3210/1570 2797/3260/1570
f 2795/3264/1566 2807/3206/1566 2808/3208/1568 2796/3262/1568
f 2794/3266/1564 2806/3204/1564 2807/3206/1566 2795/3264/1566
f 2793/3268/1562 2805/3202/1562 2806/3204/1564 2794/3266/1564
f 2792/3270/1560 2804/3200/1560 2805/3202/1562 2793/3268/1562
f 2791/3272/1557 2803/3197/1557 2804/3200/1560 2792/3270/1560
o Cylinder.004_Cylinder.001
v -0.000000 -0.148355 -0.296186
v -0.000000 -0.148355 -0.250537
v 0.106302 -0.183474 -0.296186
v 0.106302 -0.183474 -0.250537
v 0.184120 -0.279422 -0.296186
v 0.184120 -0.279422 -0.250537
v 0.197505 -0.410489 -0.296186
v 0.197505 -0.410489 -0.250537
v 0.171044 -0.541556 -0.296186
v 0.171044 -0.541556 -0.250537
v 0.106302 -0.607695 -0.296186
v 0.106302 -0.607695 -0.250537
v 0.000000 -0.679240 -0.296186
v 0.000000 -0.679240 -0.250537
v -0.106302 -0.607695 -0.296186
v -0.106302 -0.607695 -0.250537
v -0.171044 -0.541556 -0.296186
v -0.171044 -0.541556 -0.250537
v -0.197505 -0.410489 -0.296186
v -0.197505 -0.410489 -0.250537
v -0.184120 -0.279422 -0.296186
v -0.184120 -0.279422 -0.250537
v -0.106302 -0.183474 -0.296186
v -0.106302 -0.183474 -0.250537
v -0.000000 -0.148355 -0.290421
v 0.106302 -0.183474 -0.290421
v 0.184120 -0.279422 -0.290421
v 0.197505 -0.410489 -0.290421
v 0.171044 -0.541556 -0.290421
v 0.106302 -0.607695 -0.290421
v 0.000000 -0.679240 -0.290421
v -0.106302 -0.607695 -0.290421
v -0.171044 -0.541556 -0.290421
v -0.197505 -0.410489 -0.290421
v -0.184120 -0.279422 -0.290421
v -0.106302 -0.183474 -0.290421
v -0.000000 -0.148355 -0.258483
v 0.106302 -0.183474 -0.258483
v 0.184120 -0.279422 -0.258483
v 0.197505 -0.410489 -0.258483
v 0.171044 -0.541556 -0.258483
v 0.106302 -0.607695 -0.258483
v 0.000000 -0.679240 -0.258483
v -0.106302 -0.607695 -0.258483
v -0.171044 -0.541556 -0.258483
v -0.197505 -0.410489 -0.258483
v -0.184120 -0.279422 -0.258483
v -0.106302 -0.183474 -0.258483
vt 1.000000 0.912969
vt 1.000000 1.000000
vt 0.916667 1.000000
vt 0.916667 0.912969
vt 0.833333 1.000000
vt 0.833333 0.912969
vt 0.750000 1.000000
vt 0.750000 0.912969
vt 0.666667 1.000000
vt 0.666667 0.912969
vt 0.583333 1.000000
vt 0.583333 0.912969
vt 0.500000 1.000000
vt 0.500000 0.912969
vt 0.416667 1.000000
vt 0.416667 0.912969
vt 0.333333 1.000000
vt 0.333333 0.912969
vt 0.250000 1.000000
vt 0.250000 0.912969
vt 0.166667 1.000000
vt 0.166667 0.912969
vt 0.370000 0.457846
vt 0.250000 0.490000
vt 0.130000 0.457846
vt 0.042154 0.370000
vt 0.010000 0.250000
vt 0.042154 0.130000
vt 0.130000 0.042154
vt 0.250000 0.010000
vt 0.370000 0.042154
vt 0.457846 0.130000
vt 0.490000 0.250000
vt 0.457846 0.370000
vt 0.083333 1.000000
vt 0.083333 0.912969
vt 0.000000 1.000000
vt 0.000000 0.912969
vt 0.750000 0.490000
vt 0.870000 0.457846
vt 0.957846 0.370000
vt 0.990000 0.250000
vt 0.957846 0.130000
vt 0.870000 0.042154
vt 0.750000 0.010000
vt 0.630000 0.042154
vt 0.542154 0.130000
vt 0.510000 0.250000
vt 0.542154 0.370000
vt 0.630000 0.457846
vt 0.083333 0.500000
vt 0.083333 0.563144
vt 0.000000 0.563144
vt 0.000000 0.500000
vt 0.166667 0.500000
vt 0.166667 0.563144
vt 0.250000 0.500000
vt 0.250000 0.563144
vt 0.333333 0.500000
vt 0.333333 0.563144
vt 0.416667 0.500000
vt 0.416667 0.563144
vt 0.500000 0.500000
vt 0.500000 0.563144
vt 0.583333 0.500000
vt 0.583333 0.563144
vt 0.666667 0.500000
vt 0.666667 0.563144
vt 0.750000 0.500000
vt 0.750000 0.563144
vt 0.833333 0.500000
vt 0.833333 0.563144
vt 0.916667 0.500000
vt 0.916667 0.563144
vt 1.000000 0.500000
vt 1.000000 0.563144
vn 0.0000 1.0000 0.0000
vn 0.0000 0.7660 0.6428
vn 0.4322 0.6261 0.6489
vn 0.5681 0.8229 0.0000
vn 0.7039 0.2907 0.6481
vn 0.9243 0.3817 0.0000
vn 0.7371 -0.0359 0.6749
vn 0.9988 -0.0487 0.0000
vn 0.6727 -0.3562 0.6485
vn 0.8837 -0.4679 0.0000
vn 0.4661 -0.5600 0.6849
vn 0.6398 -0.7685 0.0000
vn 0.0000 -0.7997 0.6004
vn 0.0000 -1.0000 0.0000
vn -0.4661 -0.5600 0.6849
vn -0.6398 -0.7685 0.0000
vn -0.6727 -0.3562 0.6484
vn -0.8837 -0.4679 0.0000
vn -0.7371 -0.0359 0.6749
vn -0.9988 -0.0487 0.0000
vn -0.7039 0.2907 0.6481
vn -0.9243 0.3817 0.0000
vn -0.4322 0.6261 0.6489
vn -0.5681 0.8229 0.0000
vn 0.0000 0.7660 -0.6428
vn 0.4322 0.6261 -0.6489
vn 0.7039 0.2907 -0.6481
vn 0.7371 -0.0359 -0.6749
vn 0.6727 -0.3562 -0.6485
vn 0.4661 -0.5600 -0.6849
vn 0.0000 -0.7997 -0.6004
vn -0.4661 -0.5600 -0.6849
vn -0.6727 -0.3562 -0.6484
vn -0.7371 -0.0359 -0.6749
vn -0.7039 0.2907 -0.6481
vn -0.4322 0.6261 -0.6489
usemtl DarkPorple
s 1
f 2851/3273/1593 2816/3274/1594 2818/3275/1595 2852/3276/1596
f 2852/3276/1596 2818/3275/1595 2820/3277/1597 2853/3278/1598
f 2853/3278/1598 2820/3277/1597 2822/3279/1599 2854/3280/1600
f 2854/3280/1600 2822/3279/1599 2824/3281/1601 2855/3282/1602
f 2855/3282/1602 2824/3281/1601 2826/3283/1603 2856/3284/1604
f 2856/3284/1604 2826/3283/1603 2828/3285/1605 2857/3286/1606
f 2857/3286/1606 2828/3285/1605 2830/3287/1607 2858/3288/1608
f 2858/3288/1608 2830/3287/1607 2832/3289/1609 2859/3290/1610
f 2859/3290/1610 2832/3289/1609 2834/3291/1611 2860/3292/1612
f 2860/3292/1612 2834/3291/1611 2836/3293/1613 2861/3294/1614
f 2818/3295/1595 2816/3296/1594 2838/3297/1615 2836/3298/1613 2834/3299/1611 2832/3300/1609 2830/3301/1607 2828/3302/1605 2826/3303/1603 2824/3304/1601 2822/3305/1599 2820/3306/1597
f 2861/3294/1614 2836/3293/1613 2838/3307/1615 2862/3308/1616
f 2862/3308/1616 2838/3307/1615 2816/3309/1594 2851/3310/1593
f 2815/3311/1617 2817/3312/1618 2819/3313/1619 2821/3314/1620 2823/3315/1621 2825/3316/1622 2827/3317/1623 2829/3318/1624 2831/3319/1625 2833/3320/1626 2835/3321/1627 2837/3322/1628
f 2837/3323/1628 2850/3324/1616 2839/3325/1593 2815/3326/1617
f 2835/3327/1627 2849/3328/1614 2850/3324/1616 2837/3323/1628
f 2833/3329/1626 2848/3330/1612 2849/3328/1614 2835/3327/1627
f 2831/3331/1625 2847/3332/1610 2848/3330/1612 2833/3329/1626
f 2829/3333/1624 2846/3334/1608 2847/3332/1610 2831/3331/1625
f 2827/3335/1623 2845/3336/1606 2846/3334/1608 2829/3333/1624
f 2825/3337/1622 2844/3338/1604 2845/3336/1606 2827/3335/1623
f 2823/3339/1621 2843/3340/1602 2844/3338/1604 2825/3337/1622
f 2821/3341/1620 2842/3342/1600 2843/3340/1602 2823/3339/1621
f 2819/3343/1619 2841/3344/1598 2842/3342/1600 2821/3341/1620
f 2817/3345/1618 2840/3346/1596 2841/3344/1598 2819/3343/1619
f 2815/3347/1617 2839/3348/1593 2840/3346/1596 2817/3345/1618
f 2850/3324/1616 2862/3308/1616 2851/3310/1593 2839/3325/1593
f 2849/3328/1614 2861/3294/1614 2862/3308/1616 2850/3324/1616
f 2848/3330/1612 2860/3292/1612 2861/3294/1614 2849/3328/1614
f 2847/3332/1610 2859/3290/1610 2860/3292/1612 2848/3330/1612
f 2846/3334/1608 2858/3288/1608 2859/3290/1610 2847/3332/1610
f 2845/3336/1606 2857/3286/1606 2858/3288/1608 2846/3334/1608
f 2844/3338/1604 2856/3284/1604 2857/3286/1606 2845/3336/1606
f 2843/3340/1602 2855/3282/1602 2856/3284/1604 2844/3338/1604
f 2842/3342/1600 2854/3280/1600 2855/3282/1602 2843/3340/1602
f 2841/3344/1598 2853/3278/1598 2854/3280/1600 2842/3342/1600
f 2840/3346/1596 2852/3276/1596 2853/3278/1598 2841/3344/1598
f 2839/3348/1593 2851/3273/1593 2852/3276/1596 2840/3346/1596
