# Blender v2.82 (sub 7) OBJ File: 'AlienStarfighter.blend'
# www.blender.org
mtllib AlienStarfighter2.mtl
o Cylinder
v -1.548112 -0.000000 -0.281713
v 1.548112 0.000000 -0.263625
v -1.548112 -0.140857 -0.243971
v 1.548112 -0.131812 -0.228306
v -1.548112 -0.243971 -0.140857
v 1.548112 -0.228306 -0.131812
v -1.548112 -0.281713 0.000000
v 1.548112 -0.263625 0.000000
v -1.548112 -0.243971 0.140857
v 1.548112 -0.228306 0.131812
v -1.548112 -0.140857 0.243971
v 1.548112 -0.131812 0.228306
v -1.548112 -0.000000 0.281713
v 1.548112 0.000000 0.263625
v -1.548112 0.140856 0.243971
v 1.548112 0.131812 0.228306
v -1.548112 0.243971 0.140857
v 1.548112 0.228306 0.131812
v -1.548112 0.281713 0.000000
v 1.548112 0.263625 0.000000
v -1.548112 0.243971 -0.140857
v 1.548112 0.228306 -0.131812
v -1.548112 0.140857 -0.243971
v 1.548112 0.131813 -0.228306
v -1.479496 -0.000000 -0.334752
v -1.479496 -0.167376 -0.289904
v -1.479496 -0.289904 -0.167376
v -1.479496 -0.334752 0.000000
v -1.479496 -0.289904 0.167376
v -1.479496 -0.167376 0.289904
v -1.479496 -0.000000 0.334752
v -1.479496 0.167376 0.289904
v -1.479496 0.289904 0.167376
v -1.479496 0.334752 0.000000
v -1.479496 0.289904 -0.167376
v -1.479496 0.167376 -0.289904
v 1.490003 0.000000 -0.334752
v 1.490003 -0.167376 -0.289904
v 1.490003 -0.289904 -0.167376
v 1.490003 -0.334752 0.000000
v 1.490003 -0.289904 0.167376
v 1.490003 -0.167376 0.289904
v 1.490003 0.000000 0.334752
v 1.490003 0.167376 0.289904
v 1.490003 0.289904 0.167376
v 1.490003 0.334752 0.000000
v 1.490003 0.289904 -0.167376
v 1.490003 0.167376 -0.289904
v -1.548112 -0.000000 -0.334752
v -1.548112 -0.167376 -0.289904
v -1.548112 -0.289904 -0.167376
v -1.548112 -0.334752 0.000000
v -1.548112 -0.289904 0.167376
v -1.548112 -0.167376 0.289904
v -1.548112 -0.000000 0.334752
v -1.548112 0.167376 0.289904
v -1.548112 0.289904 0.167376
v -1.548112 0.334752 0.000000
v -1.548112 0.289904 -0.167376
v -1.548112 0.167376 -0.289904
v 1.548112 -0.167376 -0.289904
v 1.548112 0.000000 -0.334752
v 1.548112 -0.289904 -0.167376
v 1.548112 -0.334752 0.000000
v 1.548112 -0.289904 0.167376
v 1.548112 -0.167376 0.289904
v 1.548112 0.000000 0.334752
v 1.548112 0.167376 0.289904
v 1.548112 0.289904 0.167376
v 1.548112 0.334752 0.000000
v 1.548112 0.289904 -0.167376
v 1.548112 0.167376 -0.289904
vt 1.000000 0.990616
vt 1.000000 1.000000
vt 0.916667 1.000000
vt 0.916667 0.990616
vt 0.833333 1.000000
vt 0.833333 0.990616
vt 0.750000 1.000000
vt 0.750000 0.990616
vt 0.666667 1.000000
vt 0.666667 0.990616
vt 0.583333 1.000000
vt 0.583333 0.990616
vt 0.500000 1.000000
vt 0.500000 0.990616
vt 0.416667 1.000000
vt 0.416667 0.990616
vt 0.333333 1.000000
vt 0.333333 0.990616
vt 0.250000 1.000000
vt 0.250000 0.990616
vt 0.166667 1.000000
vt 0.166667 0.990616
vt 0.344503 0.413683
vt 0.250000 0.439005
vt 0.155497 0.413683
vt 0.086316 0.344503
vt 0.060995 0.250000
vt 0.086317 0.155497
vt 0.155497 0.086317
vt 0.250000 0.060995
vt 0.344503 0.086317
vt 0.413683 0.155497
vt 0.439005 0.250000
vt 0.413683 0.344503
vt 0.083333 1.000000
vt 0.083333 0.990616
vt 0.000000 1.000000
vt 0.000000 0.990616
vt 0.750000 0.451974
vt 0.850987 0.424914
vt 0.924915 0.350987
vt 0.951974 0.250000
vt 0.924915 0.149013
vt 0.850987 0.075085
vt 0.750000 0.048026
vt 0.649013 0.075085
vt 0.575085 0.149013
vt 0.548026 0.250000
vt 0.575085 0.350987
vt 0.649013 0.424915
vt 0.083333 0.500000
vt 0.083333 0.511081
vt 0.000000 0.511081
vt 0.000000 0.500000
vt 0.166667 0.500000
vt 0.166667 0.511081
vt 0.250000 0.500000
vt 0.250000 0.511081
vt 0.333333 0.500000
vt 0.333333 0.511081
vt 0.416667 0.500000
vt 0.416667 0.511081
vt 0.500000 0.500000
vt 0.500000 0.511081
vt 0.583333 0.500000
vt 0.583333 0.511081
vt 0.666667 0.500000
vt 0.666667 0.511081
vt 0.750000 0.500000
vt 0.750000 0.511081
vt 0.833333 0.500000
vt 0.833333 0.511081
vt 0.916667 0.500000
vt 0.916667 0.511081
vt 1.000000 0.500000
vt 1.000000 0.511081
vt 0.750000 0.490000
vt 0.870000 0.457846
vt 0.957846 0.370000
vt 0.990000 0.250000
vt 0.957846 0.130000
vt 0.870000 0.042154
vt 0.750000 0.010000
vt 0.630000 0.042154
vt 0.542154 0.130000
vt 0.510000 0.250000
vt 0.542154 0.370000
vt 0.630000 0.457846
vt 0.370000 0.457846
vt 0.250000 0.490000
vt 0.457846 0.370000
vt 0.490000 0.250000
vt 0.457846 0.130000
vt 0.370000 0.042154
vt 0.250000 0.010000
vt 0.130000 0.042154
vt 0.042154 0.130000
vt 0.010000 0.250000
vt 0.042154 0.370000
vt 0.130000 0.457846
vn 0.0000 0.0000 -1.0000
vn 0.6532 0.0000 -0.7571
vn 0.6532 -0.3786 -0.6557
vn 0.0000 -0.5000 -0.8660
vn 0.6532 -0.6557 -0.3786
vn 0.0000 -0.8660 -0.5000
vn 0.6532 -0.7571 0.0000
vn 0.0000 -1.0000 0.0000
vn 0.6532 -0.6557 0.3786
vn 0.0000 -0.8660 0.5000
vn 0.6532 -0.3786 0.6557
vn 0.0000 -0.5000 0.8660
vn 0.6532 0.0000 0.7571
vn 0.0000 0.0000 1.0000
vn 0.6532 0.3786 0.6557
vn 0.0000 0.5000 0.8660
vn 0.6532 0.6557 0.3786
vn 0.0000 0.8660 0.5000
vn 0.6532 0.7571 0.0000
vn 0.0000 1.0000 0.0000
vn 0.6532 0.6557 -0.3786
vn 0.0000 0.8660 -0.5000
vn 1.0000 0.0000 0.0000
vn 0.6532 0.3786 -0.6557
vn 0.0000 0.5000 -0.8660
vn -1.0000 0.0000 0.0000
vn -0.6532 0.3786 -0.6557
vn -0.6532 0.0000 -0.7571
vn -0.6532 0.6557 -0.3786
vn -0.6532 0.7571 0.0000
vn -0.6532 0.6557 0.3786
vn -0.6532 0.3786 0.6557
vn -0.6532 0.0000 0.7571
vn -0.6532 -0.3786 0.6557
vn -0.6532 -0.6557 0.3786
vn -0.6532 -0.7571 0.0000
vn -0.6532 -0.6557 -0.3786
vn -0.6532 -0.3786 -0.6557
usemtl None
s 1
f 37/1/1 62/2/2 61/3/3 38/4/4
f 38/4/4 61/3/3 63/5/5 39/6/6
f 39/6/6 63/5/5 64/7/7 40/8/8
f 40/8/8 64/7/7 65/9/9 41/10/10
f 41/10/10 65/9/9 66/11/11 42/12/12
f 42/12/12 66/11/11 67/13/13 43/14/14
f 43/14/14 67/13/13 68/15/15 44/16/16
f 44/16/16 68/15/15 69/17/17 45/18/18
f 45/18/18 69/17/17 70/19/19 46/20/20
f 46/20/20 70/19/19 71/21/21 47/22/22
f 4/23/23 2/24/23 24/25/23 22/26/23 20/27/23 18/28/23 16/29/23 14/30/23 12/31/23 10/32/23 8/33/23 6/34/23
f 47/22/22 71/21/21 72/35/24 48/36/25
f 48/36/25 72/35/24 62/37/2 37/38/1
f 1/39/26 3/40/26 5/41/26 7/42/26 9/43/26 11/44/26 13/45/26 15/46/26 17/47/26 19/48/26 21/49/26 23/50/26
f 60/51/27 36/52/25 25/53/1 49/54/28
f 59/55/29 35/56/22 36/52/25 60/51/27
f 58/57/30 34/58/20 35/56/22 59/55/29
f 57/59/31 33/60/18 34/58/20 58/57/30
f 56/61/32 32/62/16 33/60/18 57/59/31
f 55/63/33 31/64/14 32/62/16 56/61/32
f 54/65/34 30/66/12 31/64/14 55/63/33
f 53/67/35 29/68/10 30/66/12 54/65/34
f 52/69/36 28/70/8 29/68/10 53/67/35
f 51/71/37 27/72/6 28/70/8 52/69/36
f 50/73/38 26/74/4 27/72/6 51/71/37
f 49/75/28 25/76/1 26/74/4 50/73/38
f 36/52/25 48/36/25 37/38/1 25/53/1
f 35/56/22 47/22/22 48/36/25 36/52/25
f 34/58/20 46/20/20 47/22/22 35/56/22
f 33/60/18 45/18/18 46/20/20 34/58/20
f 32/62/16 44/16/16 45/18/18 33/60/18
f 31/64/14 43/14/14 44/16/16 32/62/16
f 30/66/12 42/12/12 43/14/14 31/64/14
f 29/68/10 41/10/10 42/12/12 30/66/12
f 28/70/8 40/8/8 41/10/10 29/68/10
f 27/72/6 39/6/6 40/8/8 28/70/8
f 26/74/4 38/4/4 39/6/6 27/72/6
f 25/76/1 37/1/1 38/4/4 26/74/4
f 3/40/26 1/39/26 49/77/28 50/78/38
f 5/41/26 3/40/26 50/78/38 51/79/37
f 7/42/26 5/41/26 51/79/37 52/80/36
f 9/43/26 7/42/26 52/80/36 53/81/35
f 11/44/26 9/43/26 53/81/35 54/82/34
f 13/45/26 11/44/26 54/82/34 55/83/33
f 15/46/26 13/45/26 55/83/33 56/84/32
f 17/47/26 15/46/26 56/84/32 57/85/31
f 19/48/26 17/47/26 57/85/31 58/86/30
f 21/49/26 19/48/26 58/86/30 59/87/29
f 23/50/26 21/49/26 59/87/29 60/88/27
f 1/39/26 23/50/26 60/88/27 49/77/28
f 2/24/23 4/23/23 61/89/3 62/90/2
f 4/23/23 6/34/23 63/91/5 61/89/3
f 6/34/23 8/33/23 64/92/7 63/91/5
f 8/33/23 10/32/23 65/93/9 64/92/7
f 10/32/23 12/31/23 66/94/11 65/93/9
f 12/31/23 14/30/23 67/95/13 66/94/11
f 14/30/23 16/29/23 68/96/15 67/95/13
f 16/29/23 18/28/23 69/97/17 68/96/15
f 18/28/23 20/27/23 70/98/19 69/97/17
f 20/27/23 22/26/23 71/99/21 70/98/19
f 22/26/23 24/25/23 72/100/24 71/99/21
f 24/25/23 2/24/23 62/90/2 72/100/24
o Sphere_Sphere.002
v 0.000000 0.418577 -2.042007
v 0.000000 0.149388 -2.540769
v 0.000000 -0.149389 -2.540769
v -0.000000 0.671346 -0.022563
v 0.186401 0.604862 -1.014900
v 0.335882 0.418577 -1.810692
v 0.418838 0.149388 -2.252324
v 0.418838 -0.149389 -2.252324
v 0.335882 -0.418577 -1.810692
v 0.186401 -0.604862 -1.014900
v 0.330099 0.604862 -0.659197
v 0.594818 0.418577 -1.169738
v 0.741726 0.149388 -1.453067
v 0.741726 -0.149389 -1.453067
v 0.594818 -0.418577 -1.169738
v 0.330099 -0.604862 -0.659197
v 0.398176 0.604862 -0.157649
v 0.717488 0.418577 -0.265980
v 0.894693 0.149388 -0.326099
v 0.894693 -0.149389 -0.326099
v 0.717488 -0.418577 -0.265980
v 0.398176 -0.604862 -0.157649
v 0.375035 0.604862 0.199207
v 0.675790 0.418577 0.386859
v 0.842697 0.149388 0.490999
v 0.842697 -0.149389 0.490999
v 0.675790 -0.418577 0.386859
v 0.375035 -0.604862 0.199207
v 0.265979 0.604862 0.459140
v 0.479277 0.418577 0.855243
v 0.597649 0.149388 1.075063
v 0.597649 -0.149389 1.075063
v 0.479277 -0.418577 0.855243
v 0.265979 -0.604862 0.459140
v 0.095990 0.604862 0.605919
v 0.172967 0.418577 1.119730
v 0.172967 -0.418577 1.119730
v 0.095990 -0.604862 0.605919
v -0.095990 0.604862 0.605919
v -0.172967 0.418577 1.119730
v -0.172967 -0.418577 1.119730
v -0.095990 -0.604862 0.605919
v -0.265979 0.604862 0.459140
v -0.479277 0.418577 0.855243
v -0.597649 0.149388 1.075063
v -0.597649 -0.149389 1.075063
v -0.479277 -0.418577 0.855243
v -0.265979 -0.604862 0.459140
v -0.375035 0.604862 0.199207
v -0.675790 0.418577 0.386859
v -0.842697 0.149388 0.490998
v -0.842697 -0.149389 0.490998
v -0.675790 -0.418577 0.386859
v -0.375035 -0.604862 0.199207
v -0.398176 0.604862 -0.157649
v -0.717488 0.418577 -0.265980
v -0.894693 0.149388 -0.326100
v -0.894693 -0.149389 -0.326100
v -0.717488 -0.418577 -0.265980
v -0.398176 -0.604862 -0.157649
v -0.330099 0.604862 -0.659197
v -0.594818 0.418577 -1.169738
v -0.741726 0.149388 -1.453067
v -0.741726 -0.149389 -1.453067
v -0.594818 -0.418577 -1.169738
v -0.330099 -0.604862 -0.659197
v -0.186401 0.604862 -1.014900
v -0.335882 0.418577 -1.810692
v -0.418838 0.149388 -2.252324
v -0.418838 -0.149389 -2.252324
v -0.335882 -0.418577 -1.810692
v -0.186401 -0.604862 -1.014900
v 0.000000 -0.671346 -0.022563
v -0.000000 0.604862 -1.143270
v -0.000000 -0.418577 -2.042007
v -0.000000 -0.604862 -1.143270
v 0.215687 0.149388 1.404873
v 0.215687 -0.149389 1.404873
v -0.215687 0.149388 1.404873
v -0.215687 -0.149389 1.404873
vt 0.653846 0.000000
vt 0.692308 0.142857
vt 0.615385 0.142857
vt 0.692308 0.285714
vt 0.692308 0.428571
vt 0.615385 0.428571
vt 0.615385 0.285714
vt 0.692308 0.571429
vt 0.692308 0.714286
vt 0.615385 0.714286
vt 0.615385 0.571429
vt 0.692308 0.857143
vt 0.653846 1.000000
vt 0.615385 0.857143
vt 0.576923 0.000000
vt 0.538462 0.142857
vt 0.538462 0.428571
vt 0.538462 0.285714
vt 0.538462 0.714286
vt 0.538462 0.571429
vt 0.576923 1.000000
vt 0.538462 0.857143
vt 0.500000 0.000000
vt 0.461539 0.142857
vt 0.461539 0.428571
vt 0.461539 0.285714
vt 0.461539 0.714286
vt 0.461539 0.571429
vt 0.500000 1.000000
vt 0.461539 0.857143
vt 0.384615 0.714286
vt 0.384615 0.571429
vt 0.423077 1.000000
vt 0.384615 0.857143
vt 0.384615 0.285714
vt 0.384616 0.142857
vt 0.384615 0.428571
vt 0.423077 0.000000
vt 0.307692 0.285714
vt 0.307692 0.142857
vt 0.307692 0.571429
vt 0.307692 0.428571
vt 0.307692 0.857143
vt 0.307692 0.714286
vt 0.346154 0.000000
vt 0.346154 1.000000
vt 0.230769 0.285714
vt 0.230769 0.142857
vt 0.230769 0.571429
vt 0.230769 0.428571
vt 0.230769 0.857143
vt 0.230769 0.714286
vt 0.269231 0.000000
vt 0.269231 1.000000
vt 0.153846 0.857143
vt 0.153846 0.714286
vt 0.192308 0.000000
vt 0.153846 0.142857
vt 0.153846 0.428571
vt 0.153846 0.285714
vt 0.153846 0.571429
vt 0.192308 1.000000
vt 0.115385 0.000000
vt 0.076923 0.142857
vt 0.076923 0.428571
vt 0.076923 0.285714
vt 0.076923 0.714286
vt 0.076923 0.571429
vt 0.115385 1.000000
vt 0.076923 0.857143
vt 0.000000 0.428571
vt 0.000000 0.285714
vt 0.000000 0.714286
vt 0.000000 0.571429
vt 0.038462 1.000000
vt 0.000000 0.857143
vt 0.000000 0.142857
vt 0.038462 0.000000
vt 1.000000 0.857143
vt 0.961538 1.000000
vt 0.923077 0.857143
vt 1.000000 0.142857
vt 1.000000 0.285714
vt 0.923077 0.285714
vt 0.923077 0.142857
vt 1.000000 0.428571
vt 1.000000 0.571429
vt 0.923077 0.571429
vt 0.923077 0.428571
vt 1.000000 0.714286
vt 0.923077 0.714286
vt 0.961538 0.000000
vt 0.846154 0.285714
vt 0.846154 0.142857
vt 0.846154 0.571429
vt 0.846154 0.428571
vt 0.846154 0.857143
vt 0.846154 0.714286
vt 0.884615 0.000000
vt 0.884615 1.000000
vt 0.769231 0.571429
vt 0.769231 0.428571
vt 0.769231 0.857143
vt 0.769231 0.714286
vt 0.807692 0.000000
vt 0.769231 0.142857
vt 0.769231 0.285714
vt 0.807692 1.000000
vt 0.730769 0.000000
vt 0.730769 1.000000
vn 0.0000 -0.9998 0.0156
vn 0.0000 -0.9873 -0.1585
vn 0.1987 -0.9725 -0.1213
vn 0.0000 -0.9211 -0.3893
vn 0.0000 -0.4445 -0.8958
vn 0.6897 -0.4215 -0.5888
vn 0.4243 -0.8589 -0.2868
vn 0.0000 0.4445 -0.8958
vn 0.0000 0.9211 -0.3893
vn 0.4243 0.8589 -0.2868
vn 0.6897 0.4215 -0.5888
vn 0.0000 0.9873 -0.1585
vn 0.0000 0.9998 0.0156
vn 0.1987 0.9725 -0.1213
vn 0.3052 -0.9499 -0.0669
vn 0.9067 -0.3328 -0.2589
vn 0.6185 -0.7708 -0.1528
vn 0.6185 0.7708 -0.1528
vn 0.9067 0.3328 -0.2589
vn 0.3052 0.9499 -0.0669
vn 0.3473 -0.9377 -0.0089
vn 0.9577 -0.2852 -0.0384
vn 0.6910 -0.7225 -0.0233
vn 0.6910 0.7225 -0.0233
vn 0.9577 0.2852 -0.0384
vn 0.3473 0.9377 -0.0089
vn 0.6671 0.7291 0.1525
vn 0.9297 0.2907 0.2261
vn 0.3374 0.9386 0.0714
vn 0.6671 -0.7291 0.1525
vn 0.3374 -0.9386 0.0714
vn 0.9297 -0.2907 0.2261
vn 0.5165 -0.7774 0.3591
vn 0.2551 -0.9525 0.1661
vn 0.7551 0.3299 0.5665
vn 0.7551 -0.3299 0.5665
vn 0.2551 0.9525 0.1661
vn 0.5165 0.7774 0.3591
vn 0.2084 -0.8275 0.5212
vn 0.1000 -0.9669 0.2347
vn 0.3156 0.3661 0.8754
vn 0.3156 -0.3661 0.8754
vn 0.1000 0.9669 0.2347
vn 0.2084 0.8275 0.5212
vn -0.1000 0.9669 0.2347
vn -0.2084 0.8275 0.5212
vn -0.1000 -0.9669 0.2347
vn -0.3156 -0.3661 0.8754
vn -0.2084 -0.8275 0.5212
vn -0.3156 0.3661 0.8754
vn -0.2551 -0.9525 0.1661
vn -0.7551 -0.3299 0.5665
vn -0.5165 -0.7774 0.3591
vn -0.5165 0.7774 0.3591
vn -0.7551 0.3299 0.5665
vn -0.2551 0.9525 0.1661
vn -0.9297 -0.2907 0.2261
vn -0.6671 -0.7291 0.1525
vn -0.6671 0.7291 0.1525
vn -0.9297 0.2907 0.2261
vn -0.3374 0.9386 0.0714
vn -0.3374 -0.9386 0.0714
vn -0.3473 0.9377 -0.0089
vn -0.6910 -0.7225 -0.0233
vn -0.3473 -0.9377 -0.0089
vn -0.9577 0.2852 -0.0384
vn -0.9577 -0.2852 -0.0384
vn -0.6910 0.7225 -0.0233
vn -0.6185 -0.7708 -0.1528
vn -0.3052 -0.9499 -0.0669
vn -0.9067 0.3328 -0.2589
vn -0.9067 -0.3328 -0.2589
vn -0.3052 0.9499 -0.0669
vn -0.6185 0.7708 -0.1528
vn -0.6897 0.4215 -0.5888
vn -0.6897 -0.4214 -0.5888
vn -0.1987 0.9725 -0.1213
vn -0.4243 0.8589 -0.2868
vn -0.1987 -0.9725 -0.1213
vn -0.4243 -0.8589 -0.2868
usemtl None
s 1
f 145/101/39 148/102/40 82/103/41
f 147/104/42 75/105/43 80/106/44 81/107/45
f 74/108/46 73/109/47 78/110/48 79/111/49
f 146/112/50 76/113/51 77/114/52
f 148/102/40 147/104/42 81/107/45 82/103/41
f 75/105/43 74/108/46 79/111/49 80/106/44
f 73/109/47 146/112/50 77/114/52 78/110/48
f 145/115/39 82/103/41 88/116/53
f 81/107/45 80/106/44 86/117/54 87/118/55
f 79/111/49 78/110/48 84/119/56 85/120/57
f 77/114/52 76/121/51 83/122/58
f 82/103/41 81/107/45 87/118/55 88/116/53
f 80/106/44 79/111/49 85/120/57 86/117/54
f 78/110/48 77/114/52 83/122/58 84/119/56
f 145/123/39 88/116/53 94/124/59
f 87/118/55 86/117/54 92/125/60 93/126/61
f 85/120/57 84/119/56 90/127/62 91/128/63
f 83/122/58 76/129/51 89/130/64
f 88/116/53 87/118/55 93/126/61 94/124/59
f 86/117/54 85/120/57 91/128/63 92/125/60
f 84/119/56 83/122/58 89/130/64 90/127/62
f 91/128/63 90/127/62 96/131/65 97/132/66
f 89/130/64 76/133/51 95/134/67
f 94/124/59 93/126/61 99/135/68 100/136/69
f 92/125/60 91/128/63 97/132/66 98/137/70
f 90/127/62 89/130/64 95/134/67 96/131/65
f 145/138/39 94/124/59 100/136/69
f 93/126/61 92/125/60 98/137/70 99/135/68
f 100/136/69 99/135/68 105/139/71 106/140/72
f 98/137/70 97/132/66 103/141/73 104/142/74
f 96/131/65 95/134/67 101/143/75 102/144/76
f 145/145/39 100/136/69 106/140/72
f 99/135/68 98/137/70 104/142/74 105/139/71
f 97/132/66 96/131/65 102/144/76 103/141/73
f 95/134/67 76/146/51 101/143/75
f 106/140/72 105/139/71 109/147/77 110/148/78
f 104/142/74 103/141/73 149/149/79 150/150/80
f 102/144/76 101/143/75 107/151/81 108/152/82
f 145/153/39 106/140/72 110/148/78
f 105/139/71 104/142/74 150/150/80 109/147/77
f 103/141/73 102/144/76 108/152/82 149/149/79
f 101/143/75 76/154/51 107/151/81
f 108/152/82 107/151/81 111/155/83 112/156/84
f 145/157/39 110/148/78 114/158/85
f 109/147/77 150/150/80 152/159/86 113/160/87
f 149/149/79 108/152/82 112/156/84 151/161/88
f 107/151/81 76/162/51 111/155/83
f 110/148/78 109/147/77 113/160/87 114/158/85
f 145/163/39 114/158/85 120/164/89
f 113/160/87 152/159/86 118/165/90 119/166/91
f 151/161/88 112/156/84 116/167/92 117/168/93
f 111/155/83 76/169/51 115/170/94
f 114/158/85 113/160/87 119/166/91 120/164/89
f 152/159/86 151/161/88 117/168/93 118/165/90
f 112/156/84 111/155/83 115/170/94 116/167/92
f 119/166/91 118/165/90 124/171/95 125/172/96
f 117/168/93 116/167/92 122/173/97 123/174/98
f 115/170/94 76/175/51 121/176/99
f 120/164/89 119/166/91 125/172/96 126/177/100
f 118/165/90 117/168/93 123/174/98 124/171/95
f 116/167/92 115/170/94 121/176/99 122/173/97
f 145/178/39 120/164/89 126/177/100
f 121/179/99 76/180/51 127/181/101
f 126/182/100 125/183/96 131/184/102 132/185/103
f 124/186/95 123/187/98 129/188/104 130/189/105
f 122/190/97 121/179/99 127/181/101 128/191/106
f 145/192/39 126/182/100 132/185/103
f 125/183/96 124/186/95 130/189/105 131/184/102
f 123/187/98 122/190/97 128/191/106 129/188/104
f 132/185/103 131/184/102 137/193/107 138/194/108
f 130/189/105 129/188/104 135/195/109 136/196/110
f 128/191/106 127/181/101 133/197/111 134/198/112
f 145/199/39 132/185/103 138/194/108
f 131/184/102 130/189/105 136/196/110 137/193/107
f 129/188/104 128/191/106 134/198/112 135/195/109
f 127/181/101 76/200/51 133/197/111
f 136/196/110 135/195/109 141/201/113 142/202/114
f 134/198/112 133/197/111 139/203/115 140/204/116
f 145/205/39 138/194/108 144/206/117
f 137/193/107 136/196/110 142/202/114 143/207/118
f 135/195/109 134/198/112 140/204/116 141/201/113
f 133/197/111 76/208/51 139/203/115
f 138/194/108 137/193/107 143/207/118 144/206/117
f 145/209/39 144/206/117 148/102/40
f 143/207/118 142/202/114 75/105/43 147/104/42
f 141/201/113 140/204/116 73/109/47 74/108/46
f 139/203/115 76/210/51 146/112/50
f 144/206/117 143/207/118 147/104/42 148/102/40
f 142/202/114 141/201/113 74/108/46 75/105/43
f 140/204/116 139/203/115 146/112/50 73/109/47
f 150/150/80 149/149/79 151/161/88 152/159/86
o Cylinder.002
v 1.753606 -0.395501 -4.098542
v 1.753606 0.000000 -1.342663
v 1.753606 -0.685027 -2.976191
v 1.753607 -0.791001 -1.443032
v 1.753606 -0.685027 0.090128
v 1.753606 -0.395501 1.212478
v 1.753606 -0.000000 1.500314
v 1.753606 0.240540 1.332730
v 1.753606 0.685027 0.090129
v 1.753606 0.791001 -1.443030
v 1.753606 0.685027 -2.976190
v 1.753606 0.395501 -4.098541
v 1.512306 -0.000000 -1.342663
v 1.512306 -0.395501 -4.098542
v 1.512306 -0.685027 -2.976191
v 1.512306 -0.791001 -1.443032
v 1.512306 -0.685027 0.090128
v 1.512306 -0.395501 1.212478
v 1.512306 -0.000000 1.500314
v 1.512306 0.240540 1.332730
v 1.512306 0.685027 0.090129
v 1.512305 0.791001 -1.443030
v 1.512306 0.685027 -2.976190
v 1.512306 0.395501 -4.098541
v 1.512306 0.197751 -4.303946
v 1.753606 0.197751 -4.303946
v 1.512306 -0.197750 -4.303946
v 1.753606 -0.197750 -4.303946
v 1.512306 0.208723 -1.408291
v 1.753606 0.208723 -1.408291
v 1.753606 -0.204156 -1.414889
v 1.512306 -0.204156 -1.414889
vt 0.958333 1.000000
vt 0.916667 1.000000
vt 0.916667 0.500000
vt 0.958333 0.500000
vt 0.833333 1.000000
vt 0.833333 0.500000
vt 0.750000 1.000000
vt 0.750000 0.500000
vt 0.666667 1.000000
vt 0.666667 0.500000
vt 0.583333 1.000000
vt 0.583333 0.500000
vt 0.500000 1.000000
vt 0.500000 0.500000
vt 0.416667 1.000000
vt 0.416667 0.500000
vt 0.333333 1.000000
vt 0.333333 0.500000
vt 0.250000 1.000000
vt 0.250000 0.500000
vt 0.166667 1.000000
vt 0.166667 0.500000
vt 0.083333 1.000000
vt 0.083333 0.500000
vt 0.039431 0.500000
vt 0.039431 1.000000
vt 0.000000 1.000000
vt 0.000000 0.500000
vt 0.370000 0.457846
vt 0.310000 0.473923
vt 0.304853 0.475302
vt 0.250000 0.490000
vt 0.193220 0.474786
vt 0.190000 0.473923
vt 0.130000 0.457846
vt 0.042154 0.370000
vt 0.010000 0.250000
vt 0.042154 0.130000
vt 0.130000 0.042154
vt 0.250000 0.010000
vt 0.370000 0.042154
vt 0.457846 0.130000
vt 0.490000 0.250000
vt 0.457846 0.370000
vt 0.750000 0.490000
vt 0.804853 0.475302
vt 0.810000 0.473923
vt 0.870000 0.457846
vt 0.957846 0.370000
vt 0.990000 0.250000
vt 0.957846 0.130000
vt 0.870000 0.042154
vt 0.750000 0.010000
vt 0.630000 0.042154
vt 0.542154 0.130000
vt 0.510000 0.250000
vt 0.542154 0.370000
vt 0.630000 0.457846
vt 0.690000 0.473923
vt 0.693220 0.474786
vt 0.041667 1.000000
vt 0.041667 0.500000
vt 0.961908 1.000000
vt 0.961908 0.500000
vt 1.000000 1.000000
vt 1.000000 0.500000
vn 0.0000 -0.7204 -0.6936
vn 0.0000 -0.9683 -0.2498
vn 0.0000 -0.9976 -0.0690
vn 0.0000 -0.9976 0.0690
vn 0.0000 -0.9683 0.2498
vn 0.0000 -0.5884 0.8085
vn 0.0000 0.5716 0.8205
vn -0.0000 0.9416 0.3368
vn 0.0000 0.9976 0.0690
vn 0.0000 0.9976 -0.0690
vn 0.0000 0.9683 -0.2498
vn 0.0000 -0.2999 -0.9540
vn 1.0000 0.0000 0.0000
vn -1.0000 -0.0000 -0.0000
vn -0.0000 0.7204 -0.6936
vn -0.0000 1.0000 0.0022
vn 0.0000 -1.0000 0.0038
vn 0.0000 0.3335 -0.9427
usemtl None
s off
f 180/211/119 153/212/119 166/213/119 179/214/119
f 166/213/120 153/212/120 155/215/120 167/216/120
f 167/216/121 155/215/121 156/217/121 168/218/121
f 168/218/122 156/217/122 157/219/122 169/220/122
f 169/220/123 157/219/123 158/221/123 170/222/123
f 170/222/124 158/221/124 159/223/124 171/224/124
f 171/224/125 159/223/125 160/225/125 172/226/125
f 172/226/126 160/225/126 161/227/126 173/228/126
f 173/228/127 161/227/127 162/229/127 174/230/127
f 174/230/128 162/229/128 163/231/128 175/232/128
f 175/232/129 163/231/129 164/233/129 176/234/129
f 181/235/130 182/236/130 154/237/130 165/238/130
f 153/239/131 180/240/131 183/241/131 154/242/131 182/243/131 178/244/131 164/245/131 163/246/131 162/247/131 161/248/131 160/249/131 159/250/131 158/251/131 157/252/131 156/253/131 155/254/131
f 165/255/132 184/256/132 179/257/132 166/258/132 167/259/132 168/260/132 169/261/132 170/262/132 171/263/132 172/264/132 173/265/132 174/266/132 175/267/132 176/268/132 177/269/132 181/270/132
f 176/234/133 164/233/133 178/271/133 177/272/133
f 183/273/134 180/211/134 179/214/134 184/274/134
f 177/272/135 178/271/135 182/236/135 181/235/135
f 154/275/136 183/273/136 184/274/136 165/276/136
o Cylinder.003_Cylinder.005
v -1.479440 -0.395501 -4.098542
v -1.479440 0.000000 -1.342663
v -1.479440 -0.685027 -2.976191
v -1.479440 -0.791001 -1.443032
v -1.479440 -0.685027 0.090128
v -1.479440 -0.395501 1.212478
v -1.479440 -0.000000 1.500314
v -1.479440 0.240540 1.332730
v -1.479440 0.685027 0.090129
v -1.479440 0.791001 -1.443030
v -1.479440 0.685027 -2.976190
v -1.479440 0.395501 -4.098541
v -1.720741 -0.000000 -1.342663
v -1.720741 -0.395501 -4.098542
v -1.720741 -0.685027 -2.976191
v -1.720741 -0.791001 -1.443032
v -1.720741 -0.685027 0.090128
v -1.720741 -0.395501 1.212478
v -1.720741 -0.000000 1.500314
v -1.720741 0.240540 1.332730
v -1.720741 0.685027 0.090129
v -1.720741 0.791001 -1.443030
v -1.720741 0.685027 -2.976190
v -1.720741 0.395501 -4.098541
v -1.720741 0.197751 -4.303946
v -1.479440 0.197751 -4.303946
v -1.720741 -0.197750 -4.303946
v -1.479440 -0.197750 -4.303946
v -1.720741 0.208723 -1.408291
v -1.479440 0.208723 -1.408291
v -1.479440 -0.204156 -1.414889
v -1.720741 -0.204156 -1.414889
vt 0.958333 1.000000
vt 0.916667 1.000000
vt 0.916667 0.500000
vt 0.958333 0.500000
vt 0.833333 1.000000
vt 0.833333 0.500000
vt 0.750000 1.000000
vt 0.750000 0.500000
vt 0.666667 1.000000
vt 0.666667 0.500000
vt 0.583333 1.000000
vt 0.583333 0.500000
vt 0.500000 1.000000
vt 0.500000 0.500000
vt 0.416667 1.000000
vt 0.416667 0.500000
vt 0.333333 1.000000
vt 0.333333 0.500000
vt 0.250000 1.000000
vt 0.250000 0.500000
vt 0.166667 1.000000
vt 0.166667 0.500000
vt 0.083333 1.000000
vt 0.083333 0.500000
vt 0.039431 0.500000
vt 0.039431 1.000000
vt 0.000000 1.000000
vt 0.000000 0.500000
vt 0.370000 0.457846
vt 0.310000 0.473923
vt 0.304853 0.475302
vt 0.250000 0.490000
vt 0.193220 0.474786
vt 0.190000 0.473923
vt 0.130000 0.457846
vt 0.042154 0.370000
vt 0.010000 0.250000
vt 0.042154 0.130000
vt 0.130000 0.042154
vt 0.250000 0.010000
vt 0.370000 0.042154
vt 0.457846 0.130000
vt 0.490000 0.250000
vt 0.457846 0.370000
vt 0.750000 0.490000
vt 0.804853 0.475302
vt 0.810000 0.473923
vt 0.870000 0.457846
vt 0.957846 0.370000
vt 0.990000 0.250000
vt 0.957846 0.130000
vt 0.870000 0.042154
vt 0.750000 0.010000
vt 0.630000 0.042154
vt 0.542154 0.130000
vt 0.510000 0.250000
vt 0.542154 0.370000
vt 0.630000 0.457846
vt 0.690000 0.473923
vt 0.693220 0.474786
vt 0.041667 1.000000
vt 0.041667 0.500000
vt 0.961908 1.000000
vt 0.961908 0.500000
vt 1.000000 1.000000
vt 1.000000 0.500000
vn 0.0000 -0.7204 -0.6936
vn 0.0000 -0.9683 -0.2498
vn 0.0000 -0.9976 -0.0690
vn 0.0000 -0.9976 0.0690
vn 0.0000 -0.9683 0.2498
vn 0.0000 -0.5884 0.8085
vn 0.0000 0.5716 0.8205
vn -0.0000 0.9416 0.3368
vn 0.0000 0.9976 0.0690
vn 0.0000 0.9976 -0.0690
vn 0.0000 0.9683 -0.2498
vn 0.0000 -0.2999 -0.9540
vn 1.0000 0.0000 0.0000
vn -1.0000 -0.0000 0.0000
vn -0.0000 0.7204 -0.6936
vn -0.0000 1.0000 0.0022
vn 0.0000 -1.0000 0.0038
vn 0.0000 0.3335 -0.9427
usemtl None
s off
f 212/277/137 185/278/137 198/279/137 211/280/137
f 198/279/138 185/278/138 187/281/138 199/282/138
f 199/282/139 187/281/139 188/283/139 200/284/139
f 200/284/140 188/283/140 189/285/140 201/286/140
f 201/286/141 189/285/141 190/287/141 202/288/141
f 202/288/142 190/287/142 191/289/142 203/290/142
f 203/290/143 191/289/143 192/291/143 204/292/143
f 204/292/144 192/291/144 193/293/144 205/294/144
f 205/294/145 193/293/145 194/295/145 206/296/145
f 206/296/146 194/295/146 195/297/146 207/298/146
f 207/298/147 195/297/147 196/299/147 208/300/147
f 213/301/148 214/302/148 186/303/148 197/304/148
f 185/305/149 212/306/149 215/307/149 186/308/149 214/309/149 210/310/149 196/311/149 195/312/149 194/313/149 193/314/149 192/315/149 191/316/149 190/317/149 189/318/149 188/319/149 187/320/149
f 197/321/150 216/322/150 211/323/150 198/324/150 199/325/150 200/326/150 201/327/150 202/328/150 203/329/150 204/330/150 205/331/150 206/332/150 207/333/150 208/334/150 209/335/150 213/336/150
f 208/300/151 196/299/151 210/337/151 209/338/151
f 215/339/152 212/277/152 211/280/152 216/340/152
f 209/338/153 210/337/153 214/302/153 213/301/153
f 186/341/154 215/339/154 216/340/154 197/342/154
o Cube.002_Cube.003
v -2.967575 -0.088638 2.133951
v -2.967575 0.088638 2.133951
v -2.848710 -0.088638 1.427888
v -2.848710 0.088638 1.427888
v -2.577558 -0.088638 0.676786
v -2.577558 0.088638 0.676786
v -2.328197 -0.088638 1.392785
v -2.328197 0.088638 1.392785
v -2.154717 -0.088638 0.034571
v -2.028785 0.088638 1.392785
v -2.154717 0.088638 0.034571
v -2.028785 -0.088638 1.392785
v -1.904722 -0.088638 -1.274131
v -1.851765 0.088638 1.392785
v -1.904722 0.088638 -1.274131
v -1.851765 -0.088638 1.392785
v 2.967575 -0.088638 2.133951
v 2.967575 0.088638 2.133951
v 2.848710 -0.088638 1.427888
v 2.848710 0.088638 1.427888
v 2.577558 -0.088638 0.676786
v 2.577558 0.088638 0.676786
v 2.328197 -0.088638 1.392785
v 2.328197 0.088638 1.392785
v 2.154717 -0.088638 0.034571
v 2.028785 0.088638 1.392785
v 2.154716 0.088638 0.034571
v 2.028785 -0.088638 1.392785
v 1.904722 -0.088638 -1.274131
v 1.851765 0.088638 1.392785
v 1.904722 0.088638 -1.274131
v 1.851765 -0.088638 1.392785
vt 0.375000 0.412298
vt 0.375000 0.500000
vt 0.625000 0.500000
vt 0.625000 0.412298
vt 0.375000 0.750000
vt 0.625000 0.750000
vt 0.287298 0.500000
vt 0.287298 0.750000
vt 0.159467 0.500000
vt 0.625000 0.284467
vt 0.840533 0.750000
vt 0.375000 0.965533
vt 0.712702 0.750000
vt 0.712702 0.500000
vt 0.206963 0.500000
vt 0.206963 0.750000
vt 0.375000 0.837702
vt 0.625000 0.837702
vt 0.375000 0.331963
vt 0.625000 0.331963
vt 0.375000 0.284467
vt 0.159467 0.750000
vt 0.793037 0.750000
vt 0.793037 0.500000
vt 0.375000 0.918037
vt 0.625000 0.918037
vt 0.840533 0.500000
vt 0.625000 0.965533
vt 0.375000 0.412298
vt 0.625000 0.412298
vt 0.625000 0.500000
vt 0.375000 0.500000
vt 0.625000 0.750000
vt 0.375000 0.750000
vt 0.287298 0.500000
vt 0.287298 0.750000
vt 0.159467 0.500000
vt 0.375000 0.965533
vt 0.840533 0.750000
vt 0.625000 0.284467
vt 0.712702 0.500000
vt 0.712702 0.750000
vt 0.206963 0.500000
vt 0.206963 0.750000
vt 0.625000 0.837702
vt 0.375000 0.837702
vt 0.375000 0.331963
vt 0.625000 0.331963
vt 0.375000 0.284467
vt 0.159467 0.750000
vt 0.793037 0.500000
vt 0.793037 0.750000
vt 0.625000 0.918037
vt 0.375000 0.918037
vt 0.840533 0.500000
vt 0.625000 0.965533
vn -0.9406 0.0000 -0.3396
vn -0.9861 0.0000 -0.1660
vn 0.0000 -1.0000 -0.0000
vn 0.9998 0.0000 -0.0199
vn 0.0000 1.0000 0.0000
vn 0.7572 0.0000 0.6532
vn -0.8352 0.0000 -0.5499
vn -0.9822 0.0000 -0.1876
vn 0.0000 0.0000 1.0000
vn 0.9406 0.0000 -0.3396
vn 0.9861 0.0000 -0.1660
vn -0.9998 0.0000 -0.0199
vn -0.7572 0.0000 0.6532
vn 0.8352 0.0000 -0.5499
vn 0.9822 0.0000 -0.1876
usemtl None
s off
f 221/343/155 219/344/155 220/345/155 222/346/155
f 219/344/156 217/347/156 218/348/156 220/345/156
f 221/349/157 223/350/157 217/347/157 219/344/157
f 229/351/158 231/352/158 230/353/158 232/354/158
f 220/345/159 218/348/159 224/355/159 222/356/159
f 225/357/157 228/358/157 223/350/157 221/349/157
f 217/347/160 223/359/160 224/360/160 218/348/160
f 225/361/161 221/343/161 222/346/161 227/362/161
f 229/363/162 225/361/162 227/362/162 231/352/162
f 229/351/157 232/364/157 228/358/157 225/357/157
f 222/356/159 224/355/159 226/365/159 227/366/159
f 223/359/163 228/367/163 226/368/163 224/360/163
f 227/366/159 226/365/159 230/353/159 231/369/159
f 228/367/163 232/354/163 230/370/163 226/368/163
f 237/371/164 238/372/164 236/373/164 235/374/164
f 235/374/165 236/373/165 234/375/165 233/376/165
f 237/377/157 235/374/157 233/376/157 239/378/157
f 245/379/166 248/380/166 246/381/166 247/382/166
f 236/373/159 238/383/159 240/384/159 234/375/159
f 241/385/157 237/377/157 239/378/157 244/386/157
f 233/376/167 234/375/167 240/387/167 239/388/167
f 241/389/168 243/390/168 238/372/168 237/371/168
f 245/391/169 247/382/169 243/390/169 241/389/169
f 245/379/157 241/385/157 244/386/157 248/392/157
f 238/383/159 243/393/159 242/394/159 240/384/159
f 239/388/163 240/387/163 242/395/163 244/396/163
f 243/393/159 247/397/159 246/381/159 242/394/159
f 244/396/163 242/395/163 246/398/163 248/380/163
o Cube.003_Cube.004
v -0.914048 0.007080 3.577206
v -0.914048 0.184356 3.577206
v -0.809946 0.007080 2.871143
v -0.809946 0.184356 2.871143
v -0.572472 0.007080 2.120041
v -0.572472 0.184356 2.120041
v -0.354083 0.007080 2.836040
v -0.354083 0.184356 2.836040
v -0.202151 0.007080 1.477826
v -0.091861 0.184356 3.089236
v -0.202151 0.184356 1.477826
v -0.091861 0.007080 3.089236
v 0.016793 0.007080 0.169124
v 0.063173 0.184356 3.089236
v 0.016793 0.184356 0.169124
v 0.063173 0.007080 3.089236
v 0.893388 0.007080 3.577206
v 0.893388 0.184356 3.577206
v 0.789286 0.007080 2.871143
v 0.789286 0.184356 2.871143
v 0.551813 0.007080 2.120041
v 0.551813 0.184356 2.120041
v 0.333423 0.007080 2.836040
v 0.333424 0.184356 2.836040
v 0.181491 0.007080 1.477826
v 0.071201 0.184356 3.089236
v 0.181491 0.184356 1.477826
v 0.071201 0.007080 3.089236
v -0.037453 0.007080 0.169124
v -0.083833 0.184356 3.089236
v -0.037453 0.184356 0.169124
v -0.083833 0.007080 3.089236
vt 0.375000 0.412298
vt 0.375000 0.500000
vt 0.625000 0.500000
vt 0.625000 0.412298
vt 0.375000 0.750000
vt 0.625000 0.750000
vt 0.287298 0.500000
vt 0.287298 0.750000
vt 0.159467 0.500000
vt 0.625000 0.284467
vt 0.840533 0.750000
vt 0.375000 0.965533
vt 0.712702 0.750000
vt 0.712702 0.500000
vt 0.206963 0.500000
vt 0.206963 0.750000
vt 0.375000 0.837702
vt 0.625000 0.837702
vt 0.375000 0.331963
vt 0.625000 0.331963
vt 0.375000 0.284467
vt 0.159467 0.750000
vt 0.793037 0.750000
vt 0.793037 0.500000
vt 0.375000 0.918037
vt 0.625000 0.918037
vt 0.840533 0.500000
vt 0.625000 0.965533
vt 0.375000 0.412298
vt 0.625000 0.412298
vt 0.625000 0.500000
vt 0.375000 0.500000
vt 0.625000 0.750000
vt 0.375000 0.750000
vt 0.287298 0.500000
vt 0.287298 0.750000
vt 0.159467 0.500000
vt 0.375000 0.965533
vt 0.840533 0.750000
vt 0.625000 0.284467
vt 0.712702 0.500000
vt 0.712702 0.750000
vt 0.206963 0.500000
vt 0.206963 0.750000
vt 0.625000 0.837702
vt 0.375000 0.837702
vt 0.375000 0.331963
vt 0.625000 0.331963
vt 0.375000 0.284467
vt 0.159467 0.750000
vt 0.793037 0.500000
vt 0.793037 0.750000
vt 0.625000 0.918037
vt 0.375000 0.918037
vt 0.840533 0.500000
vt 0.625000 0.965533
vn -0.9535 0.0000 -0.3015
vn -0.9893 0.0000 -0.1459
vn 0.0000 -1.0000 -0.0000
vn 0.9999 0.0000 -0.0159
vn 0.0000 1.0000 -0.0000
vn 0.7979 0.0000 0.6028
vn -0.8663 0.0000 -0.4995
vn -0.9863 0.0000 -0.1650
vn -0.6946 -0.0000 0.7194
vn 0.0000 0.0000 1.0000
vn 0.9535 0.0000 -0.3015
vn 0.9893 0.0000 -0.1459
vn -0.9999 0.0000 -0.0159
vn -0.7979 0.0000 0.6028
vn 0.8663 0.0000 -0.4995
vn 0.9863 0.0000 -0.1650
vn 0.6946 -0.0000 0.7194
usemtl None
s off
f 253/399/170 251/400/170 252/401/170 254/402/170
f 251/400/171 249/403/171 250/404/171 252/401/171
f 253/405/172 255/406/172 249/403/172 251/400/172
f 261/407/173 263/408/173 262/409/173 264/410/173
f 252/401/174 250/404/174 256/411/174 254/412/174
f 257/413/172 260/414/172 255/406/172 253/405/172
f 249/403/175 255/415/175 256/416/175 250/404/175
f 257/417/176 253/399/176 254/402/176 259/418/176
f 261/419/177 257/417/177 259/418/177 263/408/177
f 261/407/172 264/420/172 260/414/172 257/413/172
f 254/412/174 256/411/174 258/421/174 259/422/174
f 255/415/178 260/423/178 258/424/178 256/416/178
f 259/422/174 258/421/174 262/409/174 263/425/174
f 260/423/179 264/410/179 262/426/179 258/424/179
f 269/427/180 270/428/180 268/429/180 267/430/180
f 267/430/181 268/429/181 266/431/181 265/432/181
f 269/433/172 267/430/172 265/432/172 271/434/172
f 277/435/182 280/436/182 278/437/182 279/438/182
f 268/429/174 270/439/174 272/440/174 266/431/174
f 273/441/172 269/433/172 271/434/172 276/442/172
f 265/432/183 266/431/183 272/443/183 271/444/183
f 273/445/184 275/446/184 270/428/184 269/427/184
f 277/447/185 279/438/185 275/446/185 273/445/185
f 277/435/172 273/441/172 276/442/172 280/448/172
f 270/439/174 275/449/174 274/450/174 272/440/174
f 271/444/186 272/443/186 274/451/186 276/452/186
f 275/449/174 279/453/174 278/437/174 274/450/174
f 276/452/179 274/451/179 278/454/179 280/436/179
o Cube.004_Cube.006
v -0.096808 1.202541 4.600044
v 0.080469 1.202544 4.600044
v -0.096806 1.083676 3.893981
v 0.080470 1.083679 3.893981
v -0.096802 0.812524 3.142880
v 0.080474 0.812526 3.142880
v -0.096799 0.563163 3.858878
v 0.080477 0.563165 3.858878
v -0.096797 0.389683 2.500664
v 0.080482 0.263754 3.858878
v 0.080480 0.389686 2.500664
v -0.096795 0.263752 3.858878
v -0.096793 0.139688 1.191962
v 0.080484 0.086734 2.960267
v 0.080483 0.139691 1.191962
v -0.096792 0.086732 2.960267
vt 0.375000 0.412298
vt 0.375000 0.500000
vt 0.625000 0.500000
vt 0.625000 0.412298
vt 0.375000 0.750000
vt 0.625000 0.750000
vt 0.287298 0.500000
vt 0.287298 0.750000
vt 0.159467 0.500000
vt 0.625000 0.284467
vt 0.840533 0.750000
vt 0.375000 0.965533
vt 0.712702 0.750000
vt 0.712702 0.500000
vt 0.206963 0.500000
vt 0.206963 0.750000
vt 0.375000 0.837702
vt 0.625000 0.837702
vt 0.375000 0.331963
vt 0.625000 0.331963
vt 0.375000 0.284467
vt 0.159467 0.750000
vt 0.793037 0.750000
vt 0.793037 0.500000
vt 0.375000 0.918037
vt 0.625000 0.918037
vt 0.840533 0.500000
vt 0.625000 0.965533
vn -0.0000 0.9406 -0.3396
vn -0.0000 0.9861 -0.1660
vn -1.0000 -0.0000 -0.0000
vn 0.0000 -0.9996 -0.0299
vn 1.0000 0.0000 0.0000
vn 0.0000 -0.7572 0.6532
vn -0.0000 0.8352 -0.5499
vn -0.0000 0.9822 -0.1876
vn 0.0000 0.0000 1.0000
vn 0.0000 -0.9811 0.1933
usemtl None
s off
f 285/455/187 283/456/187 284/457/187 286/458/187
f 283/456/188 281/459/188 282/460/188 284/457/188
f 285/461/189 287/462/189 281/459/189 283/456/189
f 293/463/190 295/464/190 294/465/190 296/466/190
f 284/457/191 282/460/191 288/467/191 286/468/191
f 289/469/189 292/470/189 287/462/189 285/461/189
f 281/459/192 287/471/192 288/472/192 282/460/192
f 289/473/193 285/455/193 286/458/193 291/474/193
f 293/475/194 289/473/194 291/474/194 295/464/194
f 293/463/189 296/476/189 292/470/189 289/469/189
f 286/468/191 288/467/191 290/477/191 291/478/191
f 287/471/195 292/479/195 290/480/195 288/472/195
f 291/478/191 290/477/191 294/465/191 295/481/191
f 292/479/196 296/466/196 294/482/196 290/480/196
o Sphere.001_Sphere.003
v 0.000000 0.469553 -2.240406
v 0.000000 0.263736 -2.507781
v 0.000000 0.070423 -2.486436
v -0.000000 0.761234 -1.098015
v 0.087947 0.655253 -1.663499
v 0.158474 0.484230 -2.107483
v 0.197614 0.282039 -2.342030
v 0.197614 0.088725 -2.320684
v 0.158474 -0.057423 -2.047675
v 0.087947 -0.127459 -1.577074
v 0.155746 0.677823 -1.459099
v 0.280644 0.524899 -1.739167
v 0.349957 0.332752 -1.882747
v 0.349957 0.139438 -1.861401
v 0.280644 -0.016754 -1.679358
v 0.155746 -0.104889 -1.372673
v 0.187865 0.709646 -1.170891
v 0.338522 0.582243 -1.219833
v 0.422129 0.404259 -1.235148
v 0.422129 0.210945 -1.213803
v 0.338522 0.040590 -1.160025
v 0.187865 -0.073066 -1.084465
v 0.176947 0.732289 -0.965828
v 0.318848 0.623666 -0.844687
v 0.397597 0.456104 -0.765613
v 0.397597 0.262790 -0.744267
v 0.318848 0.082013 -0.784878
v 0.176947 -0.050423 -0.879402
v 0.125493 0.748782 -0.816461
v 0.226130 0.653386 -0.575536
v 0.281980 0.493164 -0.429987
v 0.281980 0.299850 -0.408642
v 0.226130 0.111732 -0.515728
v 0.125493 -0.033930 -0.730035
v 0.045289 0.758095 -0.732116
v 0.081609 0.670168 -0.423552
v 0.081609 0.128514 -0.363743
v 0.045289 -0.024617 -0.645690
v -0.045289 0.758095 -0.732116
v -0.081609 0.670168 -0.423552
v -0.081609 0.128514 -0.363743
v -0.045289 -0.024617 -0.645690
v -0.125493 0.748782 -0.816461
v -0.226130 0.653386 -0.575536
v -0.281980 0.493164 -0.429987
v -0.281980 0.299850 -0.408642
v -0.226130 0.111732 -0.515728
v -0.125493 -0.033930 -0.730034
v -0.176947 0.732289 -0.965828
v -0.318848 0.623666 -0.844687
v -0.397597 0.456104 -0.765613
v -0.397597 0.262790 -0.744268
v -0.318848 0.082013 -0.784878
v -0.176947 -0.050423 -0.879402
v -0.187865 0.709646 -1.170891
v -0.338522 0.582243 -1.219833
v -0.422129 0.404259 -1.235149
v -0.422129 0.210945 -1.213803
v -0.338522 0.040590 -1.160025
v -0.187865 -0.073066 -1.084465
v -0.155746 0.677823 -1.459099
v -0.280644 0.524899 -1.739167
v -0.349957 0.332752 -1.882747
v -0.349957 0.139438 -1.861401
v -0.280644 -0.016754 -1.679358
v -0.155746 -0.104889 -1.372673
v -0.087947 0.655253 -1.663499
v -0.158474 0.484230 -2.107483
v -0.197614 0.282039 -2.342030
v -0.197614 0.088725 -2.320684
v -0.158474 -0.057423 -2.047675
v -0.087947 -0.127459 -1.577073
v 0.000000 -0.107511 -1.002090
v -0.000000 0.647108 -1.737266
v -0.000000 -0.072100 -2.180597
v -0.000000 -0.135604 -1.650840
v 0.101764 0.514090 -0.240466
v 0.101764 0.320776 -0.219121
v -0.101764 0.514090 -0.240466
v -0.101764 0.320776 -0.219121
vt 0.653846 0.000000
vt 0.692308 0.142857
vt 0.615385 0.142857
vt 0.692308 0.285714
vt 0.692308 0.428571
vt 0.615385 0.428571
vt 0.615385 0.285714
vt 0.692308 0.571429
vt 0.692308 0.714286
vt 0.615385 0.714286
vt 0.615385 0.571429
vt 0.692308 0.857143
vt 0.653846 1.000000
vt 0.615385 0.857143
vt 0.576923 0.000000
vt 0.538462 0.142857
vt 0.538462 0.428571
vt 0.538462 0.285714
vt 0.538462 0.714286
vt 0.538462 0.571429
vt 0.576923 1.000000
vt 0.538462 0.857143
vt 0.500000 0.000000
vt 0.461539 0.142857
vt 0.461539 0.428571
vt 0.461539 0.285714
vt 0.461539 0.714286
vt 0.461539 0.571429
vt 0.500000 1.000000
vt 0.461539 0.857143
vt 0.384615 0.714286
vt 0.384615 0.571429
vt 0.423077 1.000000
vt 0.384615 0.857143
vt 0.384615 0.285714
vt 0.384616 0.142857
vt 0.384615 0.428571
vt 0.423077 0.000000
vt 0.307692 0.285714
vt 0.307692 0.142857
vt 0.307692 0.571429
vt 0.307692 0.428571
vt 0.307692 0.857143
vt 0.307692 0.714286
vt 0.346154 0.000000
vt 0.346154 1.000000
vt 0.230769 0.285714
vt 0.230769 0.142857
vt 0.230769 0.571429
vt 0.230769 0.428571
vt 0.230769 0.857143
vt 0.230769 0.714286
vt 0.269231 0.000000
vt 0.269231 1.000000
vt 0.153846 0.857143
vt 0.153846 0.714286
vt 0.192308 0.000000
vt 0.153846 0.142857
vt 0.153846 0.428571
vt 0.153846 0.285714
vt 0.153846 0.571429
vt 0.192308 1.000000
vt 0.115385 0.000000
vt 0.076923 0.142857
vt 0.076923 0.428571
vt 0.076923 0.285714
vt 0.076923 0.714286
vt 0.076923 0.571429
vt 0.115385 1.000000
vt 0.076923 0.857143
vt 0.000000 0.428571
vt 0.000000 0.285714
vt 0.000000 0.714286
vt 0.000000 0.571429
vt 0.038462 1.000000
vt 0.000000 0.857143
vt 0.000000 0.142857
vt 0.038462 0.000000
vt 1.000000 0.857143
vt 0.961538 1.000000
vt 0.923077 0.857143
vt 1.000000 0.142857
vt 1.000000 0.285714
vt 0.923077 0.285714
vt 0.923077 0.142857
vt 1.000000 0.428571
vt 1.000000 0.571429
vt 0.923077 0.571429
vt 0.923077 0.428571
vt 1.000000 0.714286
vt 0.923077 0.714286
vt 0.961538 0.000000
vt 0.846154 0.285714
vt 0.846154 0.142857
vt 0.846154 0.571429
vt 0.846154 0.428571
vt 0.846154 0.857143
vt 0.846154 0.714286
vt 0.884615 0.000000
vt 0.884615 1.000000
vt 0.769231 0.571429
vt 0.769231 0.428571
vt 0.769231 0.857143
vt 0.769231 0.714286
vt 0.807692 0.000000
vt 0.769231 0.142857
vt 0.769231 0.285714
vt 0.807692 1.000000
vt 0.730769 0.000000
vt 0.730769 1.000000
vn 0.0000 -0.9920 0.1262
vn 0.0000 -0.9973 -0.0733
vn 0.2656 -0.9637 -0.0260
vn 0.0000 -0.9430 -0.3327
vn 0.0000 -0.5169 -0.8560
vn 0.7468 -0.4387 -0.4996
vn 0.5147 -0.8327 -0.2041
vn 0.0000 0.3177 -0.9481
vn 0.0000 0.8477 -0.5304
vn 0.5147 0.7681 -0.3809
vn 0.7468 0.3192 -0.5834
vn 0.0000 0.9573 -0.2892
vn 0.0000 0.9956 -0.0933
vn 0.2656 0.9348 -0.2357
vn 0.3937 -0.9187 0.0305
vn 0.9374 -0.2912 -0.1907
vn 0.7154 -0.6948 -0.0732
vn 0.7154 0.6621 -0.2231
vn 0.9374 0.2426 -0.2497
vn 0.3937 0.9033 -0.1706
vn 0.4430 -0.8921 0.0891
vn 0.9747 -0.2233 -0.0078
vn 0.7848 -0.6181 0.0450
vn 0.7848 0.6130 -0.0909
vn 0.9747 0.2163 -0.0563
vn 0.4430 0.8900 -0.1076
vn 0.7611 0.6441 0.0757
vn 0.9540 0.2492 0.1664
vn 0.4308 0.9021 -0.0251
vn 0.7611 -0.6121 0.2144
vn 0.4308 -0.8858 0.1723
vn 0.9540 -0.2069 0.2168
vn 0.6129 -0.6616 0.4319
vn 0.3352 -0.9004 0.2774
vn 0.8119 0.3344 0.4786
vn 0.8119 -0.2219 0.5400
vn 0.3352 0.9392 0.0742
vn 0.6129 0.7399 0.2771
vn 0.2634 -0.7225 0.6392
vn 0.1383 -0.9201 0.3663
vn 0.3595 0.4291 0.8286
vn 0.3595 -0.2379 0.9023
vn 0.1383 0.9779 0.1567
vn 0.2634 0.8445 0.4662
vn -0.1383 0.9779 0.1567
vn -0.2634 0.8445 0.4662
vn -0.1383 -0.9201 0.3663
vn -0.3595 -0.2379 0.9023
vn -0.2634 -0.7225 0.6392
vn -0.3595 0.4291 0.8286
vn -0.3352 -0.9004 0.2774
vn -0.8119 -0.2219 0.5400
vn -0.6129 -0.6616 0.4319
vn -0.6129 0.7399 0.2771
vn -0.8119 0.3344 0.4786
vn -0.3352 0.9392 0.0742
vn -0.9540 -0.2069 0.2168
vn -0.7611 -0.6121 0.2144
vn -0.7611 0.6441 0.0757
vn -0.9540 0.2492 0.1664
vn -0.4308 0.9021 -0.0251
vn -0.4308 -0.8858 0.1723
vn -0.4430 0.8900 -0.1076
vn -0.7848 -0.6181 0.0450
vn -0.4430 -0.8921 0.0891
vn -0.9747 0.2163 -0.0563
vn -0.9747 -0.2233 -0.0078
vn -0.7848 0.6130 -0.0909
vn -0.7154 -0.6948 -0.0732
vn -0.3937 -0.9187 0.0305
vn -0.9374 0.2426 -0.2497
vn -0.9374 -0.2912 -0.1907
vn -0.3937 0.9033 -0.1706
vn -0.7154 0.6621 -0.2231
vn -0.7468 0.3192 -0.5834
vn -0.7468 -0.4387 -0.4996
vn -0.2656 0.9348 -0.2357
vn -0.5147 0.7681 -0.3809
vn -0.2656 -0.9637 -0.0260
vn -0.5147 -0.8327 -0.2041
usemtl None
s 1
f 369/483/197 372/484/198 306/485/199
f 371/486/200 299/487/201 304/488/202 305/489/203
f 298/490/204 297/491/205 302/492/206 303/493/207
f 370/494/208 300/495/209 301/496/210
f 372/484/198 371/486/200 305/489/203 306/485/199
f 299/487/201 298/490/204 303/493/207 304/488/202
f 297/491/205 370/494/208 301/496/210 302/492/206
f 369/497/197 306/485/199 312/498/211
f 305/489/203 304/488/202 310/499/212 311/500/213
f 303/493/207 302/492/206 308/501/214 309/502/215
f 301/496/210 300/503/209 307/504/216
f 306/485/199 305/489/203 311/500/213 312/498/211
f 304/488/202 303/493/207 309/502/215 310/499/212
f 302/492/206 301/496/210 307/504/216 308/501/214
f 369/505/197 312/498/211 318/506/217
f 311/500/213 310/499/212 316/507/218 317/508/219
f 309/502/215 308/501/214 314/509/220 315/510/221
f 307/504/216 300/511/209 313/512/222
f 312/498/211 311/500/213 317/508/219 318/506/217
f 310/499/212 309/502/215 315/510/221 316/507/218
f 308/501/214 307/504/216 313/512/222 314/509/220
f 315/510/221 314/509/220 320/513/223 321/514/224
f 313/512/222 300/515/209 319/516/225
f 318/506/217 317/508/219 323/517/226 324/518/227
f 316/507/218 315/510/221 321/514/224 322/519/228
f 314/509/220 313/512/222 319/516/225 320/513/223
f 369/520/197 318/506/217 324/518/227
f 317/508/219 316/507/218 322/519/228 323/517/226
f 324/518/227 323/517/226 329/521/229 330/522/230
f 322/519/228 321/514/224 327/523/231 328/524/232
f 320/513/223 319/516/225 325/525/233 326/526/234
f 369/527/197 324/518/227 330/522/230
f 323/517/226 322/519/228 328/524/232 329/521/229
f 321/514/224 320/513/223 326/526/234 327/523/231
f 319/516/225 300/528/209 325/525/233
f 330/522/230 329/521/229 333/529/235 334/530/236
f 328/524/232 327/523/231 373/531/237 374/532/238
f 326/526/234 325/525/233 331/533/239 332/534/240
f 369/535/197 330/522/230 334/530/236
f 329/521/229 328/524/232 374/532/238 333/529/235
f 327/523/231 326/526/234 332/534/240 373/531/237
f 325/525/233 300/536/209 331/533/239
f 332/534/240 331/533/239 335/537/241 336/538/242
f 369/539/197 334/530/236 338/540/243
f 333/529/235 374/532/238 376/541/244 337/542/245
f 373/531/237 332/534/240 336/538/242 375/543/246
f 331/533/239 300/544/209 335/537/241
f 334/530/236 333/529/235 337/542/245 338/540/243
f 369/545/197 338/540/243 344/546/247
f 337/542/245 376/541/244 342/547/248 343/548/249
f 375/543/246 336/538/242 340/549/250 341/550/251
f 335/537/241 300/551/209 339/552/252
f 338/540/243 337/542/245 343/548/249 344/546/247
f 376/541/244 375/543/246 341/550/251 342/547/248
f 336/538/242 335/537/241 339/552/252 340/549/250
f 343/548/249 342/547/248 348/553/253 349/554/254
f 341/550/251 340/549/250 346/555/255 347/556/256
f 339/552/252 300/557/209 345/558/257
f 344/546/247 343/548/249 349/554/254 350/559/258
f 342/547/248 341/550/251 347/556/256 348/553/253
f 340/549/250 339/552/252 345/558/257 346/555/255
f 369/560/197 344/546/247 350/559/258
f 345/561/257 300/562/209 351/563/259
f 350/564/258 349/565/254 355/566/260 356/567/261
f 348/568/253 347/569/256 353/570/262 354/571/263
f 346/572/255 345/561/257 351/563/259 352/573/264
f 369/574/197 350/564/258 356/567/261
f 349/565/254 348/568/253 354/571/263 355/566/260
f 347/569/256 346/572/255 352/573/264 353/570/262
f 356/567/261 355/566/260 361/575/265 362/576/266
f 354/571/263 353/570/262 359/577/267 360/578/268
f 352/573/264 351/563/259 357/579/269 358/580/270
f 369/581/197 356/567/261 362/576/266
f 355/566/260 354/571/263 360/578/268 361/575/265
f 353/570/262 352/573/264 358/580/270 359/577/267
f 351/563/259 300/582/209 357/579/269
f 360/578/268 359/577/267 365/583/271 366/584/272
f 358/580/270 357/579/269 363/585/273 364/586/274
f 369/587/197 362/576/266 368/588/275
f 361/575/265 360/578/268 366/584/272 367/589/276
f 359/577/267 358/580/270 364/586/274 365/583/271
f 357/579/269 300/590/209 363/585/273
f 362/576/266 361/575/265 367/589/276 368/588/275
f 369/591/197 368/588/275 372/484/198
f 367/589/276 366/584/272 299/487/201 371/486/200
f 365/583/271 364/586/274 297/491/205 298/490/204
f 363/585/273 300/592/209 370/494/208
f 368/588/275 367/589/276 371/486/200 372/484/198
f 366/584/272 365/583/271 298/490/204 299/487/201
f 364/586/274 363/585/273 370/494/208 297/491/205
f 374/532/238 373/531/237 375/543/246 376/541/244
o Sphere.002_Sphere.004
v 0.000000 0.224610 -2.085556
v 0.000000 0.080162 -2.595073
v 0.000000 -0.080162 -2.595073
v -0.000000 0.360246 -0.022563
v 0.190420 0.324570 -1.036299
v 0.343126 0.224610 -1.849253
v 0.427871 0.080162 -2.300408
v 0.427871 -0.080162 -2.300408
v 0.343126 -0.224610 -1.849253
v 0.190420 -0.324570 -1.036299
v 0.337218 0.324570 -0.672926
v 0.607645 0.224610 -1.194477
v 0.757721 0.080162 -1.483915
v 0.757721 -0.080162 -1.483915
v 0.607645 -0.224610 -1.194477
v 0.337218 -0.324570 -0.672926
v 0.406762 0.324570 -0.160563
v 0.732961 0.224610 -0.271229
v 0.913987 0.080162 -0.332645
v 0.913987 -0.080162 -0.332645
v 0.732961 -0.224610 -0.271229
v 0.406763 -0.324570 -0.160563
v 0.383123 0.324570 0.203989
v 0.690364 0.224610 0.395688
v 0.860869 0.080162 0.502074
v 0.860869 -0.080162 0.502074
v 0.690364 -0.224610 0.395688
v 0.383123 -0.324570 0.203989
v 0.271715 0.324570 0.469528
v 0.489613 0.224610 0.874172
v 0.610537 0.080162 1.098733
v 0.610537 -0.080162 1.098733
v 0.489613 -0.224610 0.874172
v 0.271715 -0.324570 0.469528
v 0.098060 0.324570 0.619472
v 0.176697 0.224610 1.144363
v 0.176697 -0.224610 1.144363
v 0.098060 -0.324570 0.619472
v -0.098060 0.324570 0.619472
v -0.176697 0.224610 1.144363
v -0.176697 -0.224610 1.144363
v -0.098060 -0.324570 0.619472
v -0.271714 0.324570 0.469528
v -0.489613 0.224610 0.874172
v -0.610537 0.080162 1.098733
v -0.610537 -0.080162 1.098733
v -0.489613 -0.224610 0.874172
v -0.271714 -0.324570 0.469528
v -0.383123 0.324570 0.203989
v -0.690364 0.224610 0.395689
v -0.860870 0.080162 0.502073
v -0.860870 -0.080162 0.502073
v -0.690364 -0.224610 0.395689
v -0.383123 -0.324570 0.203989
v -0.406762 0.324570 -0.160562
v -0.732961 0.224610 -0.271229
v -0.913987 0.080162 -0.332645
v -0.913987 -0.080162 -0.332645
v -0.732961 -0.224610 -0.271229
v -0.406762 -0.324570 -0.160562
v -0.337218 0.324570 -0.672926
v -0.607645 0.224610 -1.194477
v -0.757721 0.080162 -1.483916
v -0.757721 -0.080162 -1.483916
v -0.607645 -0.224610 -1.194477
v -0.337218 -0.324570 -0.672926
v -0.190420 0.324570 -1.036299
v -0.343126 0.224610 -1.849253
v -0.427870 0.080162 -2.300408
v -0.427870 -0.080162 -2.300408
v -0.343126 -0.224610 -1.849253
v -0.190420 -0.324570 -1.036299
v 0.000000 -0.360246 -0.022563
v -0.000000 0.324570 -1.167438
v -0.000000 -0.224610 -2.085556
v -0.000000 -0.324570 -1.167438
v 0.220338 0.080162 1.435655
v 0.220338 -0.080162 1.435655
v -0.220338 0.080162 1.435655
v -0.220338 -0.080162 1.435655
vt 0.653846 0.000000
vt 0.692308 0.142857
vt 0.615385 0.142857
vt 0.692308 0.285714
vt 0.692308 0.428571
vt 0.615385 0.428571
vt 0.615385 0.285714
vt 0.692308 0.571429
vt 0.692308 0.714286
vt 0.615385 0.714286
vt 0.615385 0.571429
vt 0.692308 0.857143
vt 0.653846 1.000000
vt 0.615385 0.857143
vt 0.576923 0.000000
vt 0.538462 0.142857
vt 0.538462 0.428571
vt 0.538462 0.285714
vt 0.538462 0.714286
vt 0.538462 0.571429
vt 0.576923 1.000000
vt 0.538462 0.857143
vt 0.500000 0.000000
vt 0.461539 0.142857
vt 0.461539 0.428571
vt 0.461539 0.285714
vt 0.461539 0.714286
vt 0.461539 0.571429
vt 0.500000 1.000000
vt 0.461539 0.857143
vt 0.384615 0.714286
vt 0.384615 0.571429
vt 0.423077 1.000000
vt 0.384615 0.857143
vt 0.384615 0.285714
vt 0.384616 0.142857
vt 0.384615 0.428571
vt 0.423077 0.000000
vt 0.307692 0.285714
vt 0.307692 0.142857
vt 0.307692 0.571429
vt 0.307692 0.428571
vt 0.307692 0.857143
vt 0.307692 0.714286
vt 0.346154 0.000000
vt 0.346154 1.000000
vt 0.230769 0.285714
vt 0.230769 0.142857
vt 0.230769 0.571429
vt 0.230769 0.428571
vt 0.230769 0.857143
vt 0.230769 0.714286
vt 0.269231 0.000000
vt 0.269231 1.000000
vt 0.153846 0.857143
vt 0.153846 0.714286
vt 0.192308 0.000000
vt 0.153846 0.142857
vt 0.153846 0.428571
vt 0.153846 0.285714
vt 0.153846 0.571429
vt 0.192308 1.000000
vt 0.115385 0.000000
vt 0.076923 0.142857
vt 0.076923 0.428571
vt 0.076923 0.285714
vt 0.076923 0.714286
vt 0.076923 0.571429
vt 0.115385 1.000000
vt 0.076923 0.857143
vt 0.000000 0.428571
vt 0.000000 0.285714
vt 0.000000 0.714286
vt 0.000000 0.571429
vt 0.038462 1.000000
vt 0.000000 0.857143
vt 0.000000 0.142857
vt 0.038462 0.000000
vt 1.000000 0.857143
vt 0.961538 1.000000
vt 0.923077 0.857143
vt 1.000000 0.142857
vt 1.000000 0.285714
vt 0.923077 0.285714
vt 0.923077 0.142857
vt 1.000000 0.428571
vt 1.000000 0.571429
vt 0.923077 0.571429
vt 0.923077 0.428571
vt 1.000000 0.714286
vt 0.923077 0.714286
vt 0.961538 0.000000
vt 0.846154 0.285714
vt 0.846154 0.142857
vt 0.846154 0.571429
vt 0.846154 0.428571
vt 0.846154 0.857143
vt 0.846154 0.714286
vt 0.884615 0.000000
vt 0.884615 1.000000
vt 0.769231 0.571429
vt 0.769231 0.428571
vt 0.769231 0.857143
vt 0.769231 0.714286
vt 0.807692 0.000000
vt 0.769231 0.142857
vt 0.769231 0.285714
vt 0.807692 1.000000
vt 0.730769 0.000000
vt 0.730769 1.000000
vn 0.0000 -0.9999 0.0082
vn 0.0000 -0.9964 -0.0844
vn 0.1090 -0.9919 -0.0656
vn 0.0000 -0.9751 -0.2217
vn 0.0000 -0.5159 -0.8566
vn 0.6524 -0.5229 -0.5486
vn 0.2695 -0.9476 -0.1712
vn 0.0000 0.5159 -0.8566
vn 0.0000 0.9751 -0.2217
vn 0.2695 0.9476 -0.1712
vn 0.6524 0.5229 -0.5486
vn 0.0000 0.9964 -0.0844
vn 0.0000 0.9999 0.0082
vn 0.1090 0.9919 -0.0656
vn 0.1712 -0.9845 -0.0367
vn 0.8489 -0.4700 -0.2416
vn 0.4140 -0.9052 -0.0955
vn 0.4140 0.9052 -0.0955
vn 0.8489 0.4700 -0.2416
vn 0.1712 0.9845 -0.0367
vn 0.1961 -0.9806 -0.0046
vn 0.9036 -0.4267 -0.0368
vn 0.4721 -0.8814 -0.0138
vn 0.4721 0.8814 -0.0138
vn 0.9036 0.4267 -0.0368
vn 0.1961 0.9806 -0.0046
vn 0.4556 0.8845 0.0997
vn 0.8778 0.4285 0.2141
vn 0.1905 0.9809 0.0395
vn 0.4556 -0.8845 0.0997
vn 0.1905 -0.9809 0.0395
vn 0.8778 -0.4285 0.2141
vn 0.3443 -0.9102 0.2300
vn 0.1426 -0.9855 0.0916
vn 0.7105 0.4600 0.5325
vn 0.7105 -0.4600 0.5325
vn 0.1426 0.9855 0.0916
vn 0.3443 0.9102 0.2300
vn 0.1350 -0.9363 0.3242
vn 0.0551 -0.9902 0.1279
vn 0.2987 0.4799 0.8249
vn 0.2987 -0.4799 0.8249
vn 0.0551 0.9902 0.1279
vn 0.1350 0.9363 0.3242
vn -0.0551 0.9902 0.1279
vn -0.1350 0.9363 0.3242
vn -0.0551 -0.9902 0.1279
vn -0.2987 -0.4799 0.8249
vn -0.1350 -0.9363 0.3242
vn -0.2987 0.4799 0.8249
vn -0.1426 -0.9855 0.0916
vn -0.7105 -0.4600 0.5325
vn -0.3443 -0.9102 0.2300
vn -0.3443 0.9102 0.2300
vn -0.7105 0.4600 0.5325
vn -0.1426 0.9855 0.0916
vn -0.8778 -0.4285 0.2141
vn -0.4556 -0.8845 0.0997
vn -0.4556 0.8845 0.0997
vn -0.8778 0.4285 0.2141
vn -0.1905 0.9809 0.0395
vn -0.1905 -0.9809 0.0395
vn -0.1961 0.9806 -0.0046
vn -0.4721 -0.8814 -0.0138
vn -0.1961 -0.9806 -0.0046
vn -0.9036 0.4267 -0.0368
vn -0.9036 -0.4267 -0.0368
vn -0.4721 0.8814 -0.0138
vn -0.4140 -0.9052 -0.0955
vn -0.1712 -0.9845 -0.0367
vn -0.8489 0.4700 -0.2416
vn -0.8489 -0.4700 -0.2416
vn -0.1712 0.9845 -0.0367
vn -0.4140 0.9052 -0.0955
vn -0.6524 0.5229 -0.5486
vn -0.6524 -0.5229 -0.5486
vn -0.1090 0.9919 -0.0656
vn -0.2695 0.9476 -0.1712
vn -0.1090 -0.9919 -0.0656
vn -0.2695 -0.9476 -0.1712
usemtl None
s 1
f 449/593/277 452/594/278 386/595/279
f 451/596/280 379/597/281 384/598/282 385/599/283
f 378/600/284 377/601/285 382/602/286 383/603/287
f 450/604/288 380/605/289 381/606/290
f 452/594/278 451/596/280 385/599/283 386/595/279
f 379/597/281 378/600/284 383/603/287 384/598/282
f 377/601/285 450/604/288 381/606/290 382/602/286
f 449/607/277 386/595/279 392/608/291
f 385/599/283 384/598/282 390/609/292 391/610/293
f 383/603/287 382/602/286 388/611/294 389/612/295
f 381/606/290 380/613/289 387/614/296
f 386/595/279 385/599/283 391/610/293 392/608/291
f 384/598/282 383/603/287 389/612/295 390/609/292
f 382/602/286 381/606/290 387/614/296 388/611/294
f 449/615/277 392/608/291 398/616/297
f 391/610/293 390/609/292 396/617/298 397/618/299
f 389/612/295 388/611/294 394/619/300 395/620/301
f 387/614/296 380/621/289 393/622/302
f 392/608/291 391/610/293 397/618/299 398/616/297
f 390/609/292 389/612/295 395/620/301 396/617/298
f 388/611/294 387/614/296 393/622/302 394/619/300
f 395/620/301 394/619/300 400/623/303 401/624/304
f 393/622/302 380/625/289 399/626/305
f 398/616/297 397/618/299 403/627/306 404/628/307
f 396/617/298 395/620/301 401/624/304 402/629/308
f 394/619/300 393/622/302 399/626/305 400/623/303
f 449/630/277 398/616/297 404/628/307
f 397/618/299 396/617/298 402/629/308 403/627/306
f 404/628/307 403/627/306 409/631/309 410/632/310
f 402/629/308 401/624/304 407/633/311 408/634/312
f 400/623/303 399/626/305 405/635/313 406/636/314
f 449/637/277 404/628/307 410/632/310
f 403/627/306 402/629/308 408/634/312 409/631/309
f 401/624/304 400/623/303 406/636/314 407/633/311
f 399/626/305 380/638/289 405/635/313
f 410/632/310 409/631/309 413/639/315 414/640/316
f 408/634/312 407/633/311 453/641/317 454/642/318
f 406/636/314 405/635/313 411/643/319 412/644/320
f 449/645/277 410/632/310 414/640/316
f 409/631/309 408/634/312 454/642/318 413/639/315
f 407/633/311 406/636/314 412/644/320 453/641/317
f 405/635/313 380/646/289 411/643/319
f 412/644/320 411/643/319 415/647/321 416/648/322
f 449/649/277 414/640/316 418/650/323
f 413/639/315 454/642/318 456/651/324 417/652/325
f 453/641/317 412/644/320 416/648/322 455/653/326
f 411/643/319 380/654/289 415/647/321
f 414/640/316 413/639/315 417/652/325 418/650/323
f 449/655/277 418/650/323 424/656/327
f 417/652/325 456/651/324 422/657/328 423/658/329
f 455/653/326 416/648/322 420/659/330 421/660/331
f 415/647/321 380/661/289 419/662/332
f 418/650/323 417/652/325 423/658/329 424/656/327
f 456/651/324 455/653/326 421/660/331 422/657/328
f 416/648/322 415/647/321 419/662/332 420/659/330
f 423/658/329 422/657/328 428/663/333 429/664/334
f 421/660/331 420/659/330 426/665/335 427/666/336
f 419/662/332 380/667/289 425/668/337
f 424/656/327 423/658/329 429/664/334 430/669/338
f 422/657/328 421/660/331 427/666/336 428/663/333
f 420/659/330 419/662/332 425/668/337 426/665/335
f 449/670/277 424/656/327 430/669/338
f 425/671/337 380/672/289 431/673/339
f 430/674/338 429/675/334 435/676/340 436/677/341
f 428/678/333 427/679/336 433/680/342 434/681/343
f 426/682/335 425/671/337 431/673/339 432/683/344
f 449/684/277 430/674/338 436/677/341
f 429/675/334 428/678/333 434/681/343 435/676/340
f 427/679/336 426/682/335 432/683/344 433/680/342
f 436/677/341 435/676/340 441/685/345 442/686/346
f 434/681/343 433/680/342 439/687/347 440/688/348
f 432/683/344 431/673/339 437/689/349 438/690/350
f 449/691/277 436/677/341 442/686/346
f 435/676/340 434/681/343 440/688/348 441/685/345
f 433/680/342 432/683/344 438/690/350 439/687/347
f 431/673/339 380/692/289 437/689/349
f 440/688/348 439/687/347 445/693/351 446/694/352
f 438/690/350 437/689/349 443/695/353 444/696/354
f 449/697/277 442/686/346 448/698/355
f 441/685/345 440/688/348 446/694/352 447/699/356
f 439/687/347 438/690/350 444/696/354 445/693/351
f 437/689/349 380/700/289 443/695/353
f 442/686/346 441/685/345 447/699/356 448/698/355
f 449/701/277 448/698/355 452/594/278
f 447/699/356 446/694/352 379/597/281 451/596/280
f 445/693/351 444/696/354 377/601/285 378/600/284
f 443/695/353 380/702/289 450/604/288
f 448/698/355 447/699/356 451/596/280 452/594/278
f 446/694/352 445/693/351 378/600/284 379/597/281
f 444/696/354 443/695/353 450/604/288 377/601/285
f 454/642/318 453/641/317 455/653/326 456/651/324
o Cylinder.001_Cylinder.006
v -1.806745 0.014372 1.646895
v -1.882301 0.014372 -1.281055
v -1.781549 -0.079663 1.646895
v -1.846982 -0.117441 -1.281055
v -1.712711 -0.148501 1.646895
v -1.750489 -0.213934 -1.281055
v -1.618676 -0.173697 1.646895
v -1.618677 -0.249253 -1.281055
v -1.524642 -0.148501 1.646895
v -1.486864 -0.213934 -1.281055
v -1.455804 -0.079663 1.646895
v -1.390371 -0.117441 -1.281055
v -1.430608 0.014372 1.646895
v -1.355052 0.014372 -1.281055
v -1.455804 0.108406 1.646895
v -1.390371 0.146184 -1.281055
v -1.524642 0.177244 1.646895
v -1.486864 0.242677 -1.281055
v -1.618676 0.202440 1.646895
v -1.618677 0.277996 -1.281055
v -1.712711 0.177244 1.646895
v -1.750489 0.242677 -1.281055
v -1.781549 0.108406 1.646895
v -1.846982 0.146184 -1.281055
v -1.996983 0.014372 1.481092
v -1.946300 -0.174782 1.481092
v -1.807830 -0.313251 1.481092
v -1.618676 -0.363935 1.481092
v -1.429523 -0.313251 1.481092
v -1.291054 -0.174782 1.481092
v -1.240370 0.014372 1.481092
v -1.291053 0.203525 1.481092
v -1.429523 0.341995 1.481092
v -1.618676 0.392678 1.481092
v -1.807829 0.341995 1.481092
v -1.946299 0.203525 1.481092
v -1.953429 0.014372 -1.222946
v -1.908580 -0.153004 -1.222946
v -1.786053 -0.275532 -1.222946
v -1.618677 -0.320380 -1.222946
v -1.451301 -0.275532 -1.222946
v -1.328773 -0.153004 -1.222946
v -1.283925 0.014372 -1.222946
v -1.328773 0.181748 -1.222946
v -1.451301 0.304275 -1.222946
v -1.618676 0.349124 -1.222946
v -1.786052 0.304276 -1.222946
v -1.908580 0.181748 -1.222946
v -1.996983 0.014372 1.549707
v -1.946300 -0.174782 1.549707
v -1.807830 -0.313251 1.549707
v -1.618676 -0.363935 1.549707
v -1.429523 -0.313251 1.549707
v -1.291054 -0.174782 1.549707
v -1.240370 0.014372 1.549707
v -1.291053 0.203525 1.549707
v -1.429523 0.341995 1.549707
v -1.618676 0.392678 1.549707
v -1.807829 0.341995 1.549707
v -1.946299 0.203525 1.549707
v -1.908580 -0.153004 -1.281055
v -1.953429 0.014372 -1.281055
v -1.786053 -0.275532 -1.281055
v -1.618677 -0.320380 -1.281055
v -1.451301 -0.275532 -1.281055
v -1.328773 -0.153004 -1.281055
v -1.283925 0.014372 -1.281055
v -1.328773 0.181748 -1.281055
v -1.451301 0.304275 -1.281055
v -1.618676 0.349124 -1.281055
v -1.786052 0.304276 -1.281055
v -1.908580 0.181748 -1.281055
v -1.908580 -0.153004 1.443474
v -1.786052 -0.275532 1.443474
v -1.618676 -0.320380 1.443474
v -1.451300 -0.275532 1.443474
v -1.328773 -0.153004 1.443474
v -1.283924 0.014372 1.443474
v -1.328773 0.181748 1.443474
v -1.451300 0.304275 1.443474
v -1.618676 0.349124 1.443474
v -1.786052 0.304276 1.443474
v -1.908580 0.181748 1.443474
v -1.953429 0.014372 1.443474
v -1.953429 0.014372 1.432967
v -1.908580 -0.153004 1.432967
v -1.786052 -0.275532 1.432967
v -1.618676 -0.320380 1.432967
v -1.451300 -0.275532 1.432967
v -1.328773 -0.153004 1.432967
v -1.283924 0.014372 1.432967
v -1.328773 0.181748 1.432967
v -1.451300 0.304275 1.432967
v -1.618676 0.349124 1.432967
v -1.786052 0.304276 1.432967
v -1.908580 0.181748 1.432967
v -1.946300 -0.174782 1.489235
v -1.807830 -0.313251 1.489235
v -1.618676 -0.363935 1.489235
v -1.429523 -0.313251 1.489235
v -1.291054 -0.174782 1.489235
v -1.240370 0.014372 1.489235
v -1.291053 0.203525 1.489235
v -1.429523 0.341995 1.489235
v -1.618676 0.392678 1.489235
v -1.807829 0.341995 1.489235
v -1.946299 0.203525 1.489235
v -1.996983 0.014372 1.489235
v -1.914173 -0.156233 1.449051
v -1.789281 -0.281125 1.449051
v -1.618676 -0.326838 1.449051
v -1.448071 -0.281125 1.449051
v -1.323180 -0.156233 1.449051
v -1.277466 0.014372 1.449051
v -1.323180 0.184977 1.449051
v -1.448071 0.309868 1.449051
v -1.618676 0.355582 1.449051
v -1.789281 0.309868 1.449051
v -1.914173 0.184977 1.449051
v -1.959887 0.014372 1.449051
v -1.940869 -0.171646 1.475676
v -1.804695 -0.307821 1.475676
v -1.618676 -0.357664 1.475676
v -1.432658 -0.307821 1.475676
v -1.296484 -0.171646 1.475676
v -1.246640 0.014372 1.475676
v -1.296484 0.200390 1.475676
v -1.432658 0.336564 1.475676
v -1.618676 0.386408 1.475676
v -1.804694 0.336565 1.475676
v -1.940869 0.200390 1.475676
v -1.990713 0.014372 1.475676
v -1.864767 -0.127709 2.054127
v -1.902837 0.014372 2.054127
v -1.760757 -0.231719 2.054127
v -1.618676 -0.269789 2.054127
v -1.476596 -0.231718 2.054127
v -1.372586 -0.127709 2.054127
v -1.334516 0.014372 2.054127
v -1.372586 0.156452 2.054127
v -1.476596 0.260462 2.054127
v -1.618676 0.298532 2.054127
v -1.760757 0.260462 2.054127
v -1.864767 0.156452 2.054127
v -1.900390 0.014372 2.067239
v -1.862647 -0.126485 2.067239
v -1.759533 -0.229599 2.067239
v -1.618676 -0.267342 2.067239
v -1.477820 -0.229599 2.067239
v -1.374706 -0.126485 2.067239
v -1.336963 0.014372 2.067239
v -1.374706 0.155228 2.067239
v -1.477820 0.258343 2.067239
v -1.618676 0.296085 2.067239
v -1.759533 0.258343 2.067239
v -1.862647 0.155228 2.067239
v -1.886829 0.014372 2.067239
v -1.850904 -0.119705 2.067239
v -1.752753 -0.217855 2.067239
v -1.618676 -0.253781 2.067239
v -1.484600 -0.217855 2.067239
v -1.386449 -0.119705 2.067239
v -1.350524 0.014372 2.067239
v -1.386449 0.148448 2.067239
v -1.484600 0.246599 2.067239
v -1.618676 0.282524 2.067239
v -1.752753 0.246599 2.067239
v -1.850903 0.148448 2.067239
v -1.824476 0.014372 2.067239
v -1.796904 -0.088528 2.067239
v -1.721576 -0.163856 2.067239
v -1.618676 -0.191428 2.067239
v -1.515777 -0.163856 2.067239
v -1.440449 -0.088528 2.067239
v -1.412877 0.014372 2.067239
v -1.440449 0.117272 2.067239
v -1.515777 0.192599 2.067239
v -1.618676 0.220171 2.067239
v -1.721576 0.192599 2.067239
v -1.796904 0.117272 2.067239
v -1.814501 0.014372 2.067239
v -1.788265 -0.083541 2.067239
v -1.716589 -0.155217 2.067239
v -1.618676 -0.181453 2.067239
v -1.520764 -0.155217 2.067239
v -1.449088 -0.083541 2.067239
v -1.422852 0.014372 2.067239
v -1.449088 0.112284 2.067239
v -1.520764 0.183961 2.067239
v -1.618676 0.210196 2.067239
v -1.716589 0.183961 2.067239
v -1.788265 0.112284 2.067239
v -1.666272 -0.013108 -1.433746
v -1.673635 0.014372 -1.433746
v -1.646156 -0.033224 -1.433746
v -1.618677 -0.040587 -1.433746
v -1.591197 -0.033224 -1.433746
v -1.571081 -0.013108 -1.433746
v -1.563718 0.014372 -1.433746
v -1.571081 0.041851 -1.433746
v -1.591197 0.061967 -1.433746
v -1.618677 0.069331 -1.433746
v -1.646156 0.061967 -1.433746
v -1.666272 0.041851 -1.433746
v -1.716092 -0.041871 -1.433746
v -1.731163 0.014372 -1.433746
v -1.674920 -0.083044 -1.433746
v -1.618677 -0.098114 -1.433746
v -1.562433 -0.083044 -1.433746
v -1.521261 -0.041871 -1.433746
v -1.506190 0.014372 -1.433746
v -1.521261 0.070615 -1.433746
v -1.562433 0.111788 -1.433746
v -1.618677 0.126858 -1.433746
v -1.674920 0.111788 -1.433746
v -1.716092 0.070615 -1.433746
v -1.662664 -0.011024 -1.892516
v -1.669469 0.014372 -1.892516
v -1.644073 -0.029616 -1.892516
v -1.618677 -0.036420 -1.892516
v -1.593280 -0.029616 -1.892516
v -1.574689 -0.011024 -1.892516
v -1.567884 0.014372 -1.892516
v -1.574689 0.039768 -1.892516
v -1.593280 0.058360 -1.892516
v -1.618677 0.065164 -1.892516
v -1.644073 0.058360 -1.892516
v -1.662664 0.039768 -1.892516
v -1.677605 0.014372 -1.433746
v -1.669710 -0.015093 -1.433746
v -1.648141 -0.036662 -1.433746
v -1.618677 -0.044557 -1.433746
v -1.589212 -0.036662 -1.433746
v -1.567643 -0.015093 -1.433746
v -1.559748 0.014372 -1.433746
v -1.567643 0.043836 -1.433746
v -1.589212 0.065405 -1.433746
v -1.618677 0.073300 -1.433746
v -1.648141 0.065405 -1.433746
v -1.669710 0.043836 -1.433746
v -1.711701 -0.039336 -1.433746
v -1.672384 -0.078653 -1.433746
v -1.618677 -0.093044 -1.433746
v -1.564969 -0.078653 -1.433746
v -1.525652 -0.039336 -1.433746
v -1.511261 0.014372 -1.433746
v -1.525652 0.068080 -1.433746
v -1.564969 0.107396 -1.433746
v -1.618677 0.121787 -1.433746
v -1.672384 0.107396 -1.433746
v -1.711701 0.068080 -1.433746
v -1.726092 0.014372 -1.433746
v -1.519696 0.071518 -1.431920
v -1.561530 0.113352 -1.431920
v -1.561530 -0.084609 -1.431920
v -1.519696 -0.042775 -1.431920
v -1.717657 0.071518 -1.431920
v -1.732970 0.014372 -1.431920
v -1.717657 -0.042775 -1.431920
v -1.675823 -0.084609 -1.431920
v -1.618677 0.128665 -1.431920
v -1.504383 0.014372 -1.431920
v -1.618677 -0.099921 -1.431920
v -1.675823 0.113352 -1.431920
v -1.487933 0.240826 -1.283214
v -1.392222 -0.116372 -1.283214
v -1.880164 0.014372 -1.283214
v -1.749420 -0.212083 -1.283214
v -1.618677 0.275859 -1.283214
v -1.357189 0.014372 -1.283214
v -1.618677 -0.247116 -1.283214
v -1.749420 0.240827 -1.283214
v -1.392222 0.145115 -1.283214
v -1.487933 -0.212083 -1.283214
v -1.845131 0.145116 -1.283214
v -1.845131 -0.116372 -1.283214
v -1.885884 0.014372 -1.281055
v -1.850085 -0.119232 -1.281055
v -1.752280 -0.217037 -1.281055
v -1.618677 -0.252836 -1.281055
v -1.485073 -0.217037 -1.281055
v -1.387268 -0.119232 -1.281055
v -1.351469 0.014372 -1.281055
v -1.387268 0.147975 -1.281055
v -1.485073 0.245780 -1.281055
v -1.618677 0.281579 -1.281055
v -1.752280 0.245780 -1.281055
v -1.850085 0.147976 -1.281055
v -1.903668 -0.150168 -1.281055
v -1.783216 -0.270620 -1.281055
v -1.618677 -0.314708 -1.281055
v -1.454137 -0.270620 -1.281055
v -1.333685 -0.150168 -1.281055
v -1.289597 0.014372 -1.281055
v -1.333685 0.178912 -1.281055
v -1.454137 0.299363 -1.281055
v -1.618676 0.343451 -1.281055
v -1.783216 0.299363 -1.281055
v -1.903668 0.178912 -1.281055
v -1.947756 0.014372 -1.281055
v -1.666272 -0.013107 -1.892516
v -1.673635 0.014372 -1.892516
v -1.646156 -0.033224 -1.892516
v -1.618677 -0.040587 -1.892516
v -1.591197 -0.033224 -1.892516
v -1.571081 -0.013107 -1.892516
v -1.563718 0.014372 -1.892516
v -1.571081 0.041851 -1.892516
v -1.591197 0.061968 -1.892516
v -1.618677 0.069331 -1.892516
v -1.646156 0.061968 -1.892516
v -1.666272 0.041851 -1.892516
v -1.591197 0.061968 -1.886036
v -1.618677 0.069331 -1.886036
v -1.571081 -0.013107 -1.886036
v -1.563718 0.014372 -1.886036
v -1.646156 -0.033224 -1.886036
v -1.618677 -0.040587 -1.886036
v -1.646156 0.061968 -1.886036
v -1.571081 0.041851 -1.886036
v -1.591197 -0.033224 -1.886036
v -1.666272 0.041851 -1.886036
v -1.673635 0.014372 -1.886036
v -1.666272 -0.013107 -1.886036
v -1.618677 0.069331 -1.438759
v -1.563718 0.014372 -1.438759
v -1.618677 -0.040587 -1.438759
v -1.646156 0.061967 -1.438759
v -1.571081 0.041851 -1.438759
v -1.591197 -0.033224 -1.438759
v -1.666272 0.041851 -1.438759
v -1.666272 -0.013108 -1.438759
v -1.591197 0.061967 -1.438759
v -1.571081 -0.013108 -1.438759
v -1.646156 -0.033224 -1.438759
v -1.673635 0.014372 -1.438759
vt 1.000000 0.990616
vt 1.000000 1.000000
vt 0.916667 1.000000
vt 0.916667 0.990616
vt 0.833333 1.000000
vt 0.833333 0.990616
vt 0.750000 1.000000
vt 0.750000 0.990616
vt 0.666667 1.000000
vt 0.666667 0.990616
vt 0.583333 1.000000
vt 0.583333 0.990616
vt 0.500000 1.000000
vt 0.500000 0.990616
vt 0.416667 1.000000
vt 0.416667 0.990616
vt 0.333333 1.000000
vt 0.333333 0.990616
vt 0.250000 1.000000
vt 0.250000 0.990616
vt 0.166667 1.000000
vt 0.166667 0.990616
vt 0.086317 0.155497
vt 0.155497 0.086317
vt 0.155497 0.086317
vt 0.086317 0.155497
vt 0.083333 1.000000
vt 0.083333 0.990616
vt 0.000000 1.000000
vt 0.000000 0.990616
vt 0.750000 0.384836
vt 0.817418 0.366771
vt 0.866771 0.317418
vt 0.884836 0.250000
vt 0.866771 0.182582
vt 0.817418 0.133229
vt 0.750000 0.115164
vt 0.682582 0.133229
vt 0.633229 0.182582
vt 0.615164 0.250000
vt 0.633229 0.317418
vt 0.682582 0.366771
vt 0.083333 0.509765
vt 0.083333 0.511081
vt 0.000000 0.511081
vt 0.000000 0.509766
vt 0.166667 0.509765
vt 0.166667 0.511081
vt 0.250000 0.509766
vt 0.250000 0.511081
vt 0.333333 0.509766
vt 0.333333 0.511081
vt 0.416667 0.509766
vt 0.416667 0.511081
vt 0.500000 0.509766
vt 0.500000 0.511081
vt 0.583333 0.509766
vt 0.583333 0.511081
vt 0.666667 0.509766
vt 0.666667 0.511081
vt 0.750000 0.509766
vt 0.750000 0.511081
vt 0.833333 0.509765
vt 0.833333 0.511081
vt 0.916667 0.509766
vt 0.916667 0.511081
vt 1.000000 0.509766
vt 1.000000 0.511081
vt 0.083333 0.519615
vt 0.000000 0.519615
vt 0.166667 0.519615
vt 0.250000 0.519615
vt 0.333333 0.519615
vt 0.416667 0.519615
vt 0.500000 0.519615
vt 0.583333 0.519615
vt 0.666667 0.519615
vt 0.750000 0.519615
vt 0.833333 0.519615
vt 0.916667 0.519615
vt 1.000000 0.519615
vt 0.851469 0.425749
vt 0.750000 0.452937
vt 0.750000 0.490000
vt 0.870000 0.457846
vt 0.925749 0.351469
vt 0.957846 0.370000
vt 0.952937 0.250000
vt 0.990000 0.250000
vt 0.925749 0.148531
vt 0.957846 0.130000
vt 0.851469 0.074251
vt 0.870000 0.042154
vt 0.750000 0.047063
vt 0.750000 0.010000
vt 0.648531 0.074251
vt 0.630000 0.042154
vt 0.574251 0.148531
vt 0.542154 0.130000
vt 0.547063 0.250000
vt 0.510000 0.250000
vt 0.574251 0.351469
vt 0.542154 0.370000
vt 0.648531 0.425749
vt 0.630000 0.457846
vt 0.250000 0.485933
vt 0.367967 0.454324
vt 0.370000 0.457846
vt 0.250000 0.490000
vt 0.454324 0.367967
vt 0.457846 0.370000
vt 0.485933 0.250000
vt 0.490000 0.250000
vt 0.454324 0.132033
vt 0.457846 0.130000
vt 0.367967 0.045676
vt 0.370000 0.042154
vt 0.250000 0.014067
vt 0.250000 0.010000
vt 0.132033 0.045676
vt 0.130000 0.042154
vt 0.045676 0.132033
vt 0.042154 0.130000
vt 0.014067 0.250000
vt 0.010000 0.250000
vt 0.045676 0.367967
vt 0.042154 0.370000
vt 0.132033 0.454324
vt 0.130000 0.457846
vt 1.000000 0.516763
vt 1.000000 0.517752
vt 0.916667 0.517752
vt 0.916667 0.516763
vt 0.833333 0.517752
vt 0.833333 0.516762
vt 0.750000 0.517752
vt 0.750000 0.516763
vt 0.666667 0.517752
vt 0.666667 0.516762
vt 0.583333 0.517752
vt 0.583333 0.516762
vt 0.500000 0.517752
vt 0.500000 0.516763
vt 0.416667 0.517752
vt 0.416667 0.516763
vt 0.333333 0.517752
vt 0.333333 0.516763
vt 0.250000 0.517752
vt 0.250000 0.516762
vt 0.166667 0.517752
vt 0.166667 0.516762
vt 0.083333 0.517752
vt 0.083333 0.516762
vt 0.000000 0.517752
vt 0.000000 0.516763
vt 1.000000 0.500000
vt 0.916667 0.500000
vt 0.833333 0.500000
vt 0.750000 0.500000
vt 0.666667 0.500000
vt 0.583333 0.500000
vt 0.500000 0.500000
vt 0.416667 0.500000
vt 0.333333 0.500000
vt 0.250000 0.500000
vt 0.166667 0.500000
vt 0.083333 0.500000
vt 0.000000 0.500000
vt 0.083333 0.512041
vt 0.000000 0.512041
vt 0.166667 0.512041
vt 0.250000 0.512041
vt 0.333333 0.512041
vt 0.416667 0.512041
vt 0.500000 0.512041
vt 0.583333 0.512041
vt 0.666667 0.512041
vt 0.750000 0.512041
vt 0.833333 0.512041
vt 0.916667 0.512041
vt 1.000000 0.512041
vt 0.750000 0.451974
vt 0.649013 0.424915
vt 0.575085 0.350987
vt 0.548026 0.250000
vt 0.575085 0.149013
vt 0.649013 0.075085
vt 0.750000 0.048026
vt 0.850987 0.075085
vt 0.924915 0.149013
vt 0.951974 0.250000
vt 0.924915 0.350987
vt 0.850987 0.424914
vt 0.846126 0.416495
vt 0.750000 0.442252
vt 0.916495 0.346126
vt 0.942252 0.250000
vt 0.916495 0.153874
vt 0.846126 0.083505
vt 0.750000 0.057748
vt 0.653874 0.083505
vt 0.583505 0.153874
vt 0.557748 0.250000
vt 0.583505 0.346126
vt 0.653874 0.416495
vt 0.823774 0.377780
vt 0.750000 0.397548
vt 0.877780 0.323774
vt 0.897548 0.250000
vt 0.877780 0.176226
vt 0.823774 0.122220
vt 0.750000 0.102452
vt 0.676226 0.122220
vt 0.622220 0.176226
vt 0.602452 0.250000
vt 0.622220 0.323774
vt 0.676226 0.377780
vt 0.820198 0.371586
vt 0.750000 0.390396
vt 0.871586 0.320198
vt 0.890396 0.250000
vt 0.871586 0.179802
vt 0.820198 0.128413
vt 0.750000 0.109604
vt 0.679802 0.128413
vt 0.628413 0.179802
vt 0.609604 0.250000
vt 0.628413 0.320198
vt 0.679802 0.371586
vt 0.157655 0.250000
vt 0.170027 0.203828
vt 0.170027 0.203828
vt 0.157655 0.250000
vt 0.344503 0.086317
vt 0.413683 0.155497
vt 0.413683 0.155497
vt 0.344503 0.086317
vt 0.250000 0.439005
vt 0.155497 0.413683
vt 0.155497 0.413683
vt 0.250000 0.439005
vt 0.413683 0.344503
vt 0.344503 0.413683
vt 0.344503 0.413683
vt 0.413683 0.344503
vt 0.060995 0.250000
vt 0.060995 0.250000
vt 0.250000 0.060995
vt 0.250000 0.060995
vt 0.439005 0.250000
vt 0.439005 0.250000
vt 0.086316 0.344503
vt 0.086316 0.344503
vt 0.250000 0.430486
vt 0.340243 0.406305
vt 0.406305 0.340243
vt 0.430486 0.250000
vt 0.406305 0.159757
vt 0.340243 0.093695
vt 0.250000 0.069514
vt 0.159757 0.093695
vt 0.093695 0.159757
vt 0.069514 0.250000
vt 0.093695 0.340243
vt 0.159757 0.406305
vt 0.292672 0.323910
vt 0.250000 0.335344
vt 0.207328 0.323910
vt 0.176090 0.292672
vt 0.164656 0.250000
vt 0.176090 0.207328
vt 0.207328 0.176090
vt 0.250000 0.164656
vt 0.292672 0.176090
vt 0.323910 0.207328
vt 0.335344 0.250000
vt 0.323910 0.292672
vt 0.250000 0.157655
vt 0.296172 0.170027
vt 0.296172 0.170027
vt 0.250000 0.157655
vt 0.342345 0.250000
vt 0.329973 0.296172
vt 0.329973 0.296172
vt 0.342345 0.250000
vt 0.170027 0.296172
vt 0.170027 0.296172
vt 0.203828 0.170027
vt 0.203828 0.170027
vt 0.329973 0.203828
vt 0.329973 0.203828
vt 0.203828 0.329973
vt 0.203827 0.329973
vt 0.296172 0.329973
vt 0.250000 0.342345
vt 0.250000 0.342345
vt 0.296172 0.329973
vt 0.203827 0.329973
vt 0.250000 0.342345
vt 0.250000 0.349015
vt 0.200492 0.335750
vt 0.170027 0.296172
vt 0.164250 0.299508
vt 0.157655 0.250000
vt 0.150985 0.250000
vt 0.170027 0.203828
vt 0.164250 0.200492
vt 0.203828 0.170027
vt 0.200492 0.164250
vt 0.250000 0.157655
vt 0.250000 0.150985
vt 0.296172 0.170027
vt 0.299508 0.164250
vt 0.329973 0.203828
vt 0.335750 0.200492
vt 0.342345 0.250000
vt 0.349015 0.250000
vt 0.329973 0.296172
vt 0.335750 0.299508
vt 0.296172 0.329973
vt 0.299508 0.335750
vt 0.344503 0.413683
vt 0.250000 0.439005
vt 0.155497 0.413683
vt 0.086316 0.344503
vt 0.413683 0.155497
vt 0.439005 0.250000
vt 0.155497 0.086317
vt 0.250000 0.060995
vt 0.060995 0.250000
vt 0.413683 0.344503
vt 0.344503 0.086317
vt 0.086317 0.155497
vt 0.086317 0.155497
vt 0.155497 0.086317
vt 0.344503 0.086317
vt 0.413683 0.155497
vt 0.250000 0.439005
vt 0.155497 0.413683
vt 0.413683 0.344503
vt 0.344503 0.413683
vt 0.060995 0.250000
vt 0.250000 0.060995
vt 0.439005 0.250000
vt 0.086316 0.344503
vt 0.250000 0.441574
vt 0.154213 0.415908
vt 0.084092 0.345787
vt 0.058426 0.250000
vt 0.084092 0.154213
vt 0.154213 0.084092
vt 0.250000 0.058426
vt 0.345787 0.084092
vt 0.415908 0.154213
vt 0.441574 0.250000
vt 0.415908 0.345787
vt 0.345787 0.415908
vt 0.329973 0.296172
vt 0.296172 0.329973
vt 0.250000 0.342345
vt 0.203827 0.329973
vt 0.296172 0.170027
vt 0.329973 0.203828
vt 0.170027 0.203828
vt 0.203828 0.170027
vt 0.170027 0.296172
vt 0.342345 0.250000
vt 0.250000 0.157655
vt 0.157655 0.250000
vn -1.0000 0.0000 0.0000
vn -0.7571 0.0000 -0.6532
vn -0.6557 -0.3786 -0.6532
vn -0.8660 -0.5000 0.0000
vn -0.3786 -0.6557 -0.6532
vn -0.5000 -0.8660 0.0000
vn 0.0000 -0.7571 -0.6532
vn 0.0000 -1.0000 0.0000
vn 0.3786 -0.6557 -0.6532
vn 0.5000 -0.8660 0.0000
vn 0.6557 -0.3786 -0.6532
vn 0.8660 -0.5000 0.0000
vn 0.7572 0.0000 -0.6532
vn 1.0000 0.0000 0.0000
vn 0.6557 0.3786 -0.6532
vn 0.8660 0.5000 0.0000
vn 0.3786 0.6557 -0.6532
vn 0.5000 0.8660 0.0000
vn 0.0000 0.7571 -0.6532
vn 0.0000 1.0000 0.0000
vn -0.3786 0.6557 -0.6532
vn -0.5000 0.8660 0.0000
vn 0.3554 0.6155 -0.7035
vn 0.6155 0.3553 -0.7035
vn 0.3784 0.2185 -0.8995
vn 0.2185 0.3784 -0.8995
vn -0.6557 0.3786 -0.6532
vn -0.8660 0.5000 0.0000
vn 0.7512 0.0000 0.6601
vn 0.6505 0.3756 0.6601
vn 0.3756 0.6505 0.6601
vn 0.0000 0.7512 0.6601
vn -0.3756 0.6505 0.6601
vn -0.6505 0.3756 0.6601
vn -0.7512 0.0000 0.6601
vn -0.6505 -0.3756 0.6601
vn -0.3756 -0.6505 0.6601
vn 0.0000 -0.7512 0.6601
vn 0.3756 -0.6505 0.6601
vn 0.6505 -0.3756 0.6601
vn -0.7966 0.4599 -0.3922
vn -0.9199 0.0000 -0.3922
vn -0.4599 0.7966 -0.3922
vn 0.0000 0.9199 -0.3922
vn 0.4599 0.7966 -0.3922
vn 0.7966 0.4599 -0.3922
vn 0.9199 0.0000 -0.3922
vn 0.7966 -0.4599 -0.3922
vn 0.4599 -0.7966 -0.3922
vn 0.0000 -0.9199 -0.3922
vn -0.4599 -0.7966 -0.3922
vn -0.7966 -0.4599 -0.3922
vn -0.8513 -0.4915 0.1834
vn -0.9830 0.0000 0.1834
vn -0.9958 0.0000 0.0908
vn -0.8624 -0.4979 0.0908
vn -0.4915 -0.8513 0.1834
vn -0.4979 -0.8624 0.0908
vn 0.0000 -0.9830 0.1834
vn 0.0000 -0.9958 0.0908
vn 0.4915 -0.8513 0.1834
vn 0.4979 -0.8624 0.0908
vn 0.8513 -0.4915 0.1834
vn 0.8624 -0.4979 0.0908
vn 0.9830 0.0000 0.1834
vn 0.9958 0.0000 0.0908
vn 0.8513 0.4915 0.1834
vn 0.8624 0.4979 0.0908
vn 0.4915 0.8513 0.1834
vn 0.4979 0.8624 0.0908
vn 0.0000 0.9830 0.1834
vn 0.0000 0.9958 0.0908
vn -0.4915 0.8513 0.1834
vn -0.4979 0.8624 0.0908
vn -0.8513 0.4915 0.1834
vn -0.8624 0.4979 0.0908
vn 0.0000 0.0000 -1.0000
vn -0.6536 0.0000 -0.7568
vn -0.8957 0.0000 -0.4445
vn -0.7757 -0.4479 -0.4445
vn -0.5661 -0.3268 -0.7568
vn -0.4479 -0.7757 -0.4445
vn -0.3268 -0.5661 -0.7568
vn 0.0000 -0.8957 -0.4445
vn 0.0000 -0.6536 -0.7568
vn 0.4479 -0.7757 -0.4445
vn 0.3268 -0.5661 -0.7568
vn 0.7757 -0.4479 -0.4445
vn 0.5661 -0.3268 -0.7568
vn 0.8957 0.0000 -0.4445
vn 0.6536 0.0000 -0.7568
vn 0.7757 0.4479 -0.4445
vn 0.5661 0.3268 -0.7568
vn 0.4479 0.7757 -0.4445
vn 0.3268 0.5661 -0.7568
vn 0.0000 0.8957 -0.4445
vn 0.0000 0.6536 -0.7568
vn -0.4479 0.7757 -0.4445
vn -0.3268 0.5661 -0.7568
vn -0.7757 0.4479 -0.4445
vn -0.5661 0.3268 -0.7568
vn -0.6939 0.0000 0.7200
vn -0.6010 0.3470 0.7200
vn -0.3470 0.6010 0.7200
vn 0.0000 0.6939 0.7200
vn 0.3470 0.6010 0.7200
vn 0.6010 0.3470 0.7200
vn 0.6939 0.0000 0.7200
vn 0.6010 -0.3470 0.7200
vn 0.3470 -0.6010 0.7200
vn 0.0000 -0.6939 0.7200
vn -0.3470 -0.6010 0.7200
vn -0.6010 -0.3470 0.7200
vn 0.0000 0.0000 1.0000
vn 0.5463 0.3154 0.7759
vn 0.6308 0.0000 0.7759
vn 0.3154 0.5463 0.7759
vn 0.0000 0.6308 0.7759
vn -0.3154 0.5463 0.7759
vn -0.5463 0.3154 0.7759
vn -0.6308 0.0000 0.7759
vn -0.5463 -0.3154 0.7759
vn -0.3154 -0.5463 0.7759
vn 0.0000 -0.6308 0.7759
vn 0.3154 -0.5463 0.7759
vn 0.5463 -0.3154 0.7759
vn 0.6155 -0.3553 -0.7035
vn 0.3553 -0.6155 -0.7035
vn 0.2184 -0.3784 -0.8995
vn 0.3783 -0.2184 -0.8995
vn -0.7107 0.0000 -0.7035
vn -0.6155 0.3553 -0.7035
vn -0.3784 0.2185 -0.8995
vn -0.4369 0.0000 -0.8995
vn -0.3553 -0.6155 -0.7035
vn -0.6155 -0.3553 -0.7035
vn -0.3784 -0.2185 -0.8995
vn -0.2184 -0.3784 -0.8995
vn 0.0000 0.7107 -0.7035
vn 0.0000 0.4369 -0.8995
vn 0.7107 0.0000 -0.7035
vn 0.4369 0.0000 -0.8995
vn 0.0000 -0.7107 -0.7035
vn 0.0000 -0.4369 -0.8995
vn -0.3553 0.6155 -0.7035
vn -0.2185 0.3784 -0.8995
vn -0.5523 0.3189 -0.7703
vn -0.6377 0.0000 -0.7703
vn -0.3189 0.5523 -0.7703
vn 0.0000 0.6377 -0.7703
vn 0.3189 0.5523 -0.7703
vn 0.5523 0.3189 -0.7703
vn 0.6377 0.0000 -0.7703
vn 0.5523 -0.3189 -0.7703
vn 0.3189 -0.5523 -0.7703
vn 0.0000 -0.6377 -0.7703
vn -0.3189 -0.5523 -0.7703
vn -0.5523 -0.3189 -0.7703
vn 0.1639 0.2839 -0.9447
vn 0.2839 0.1639 -0.9447
vn 0.2839 -0.1639 -0.9447
vn 0.1639 -0.2839 -0.9447
vn -0.3279 0.0000 -0.9447
vn -0.2839 0.1639 -0.9447
vn -0.1639 -0.2839 -0.9447
vn -0.2839 -0.1639 -0.9447
vn 0.0000 0.3279 -0.9447
vn 0.3279 0.0000 -0.9447
vn 0.0000 -0.3279 -0.9447
vn -0.1639 0.2839 -0.9447
usemtl None
s 1
f 493/703/357 518/704/358 517/705/359 494/706/360
f 494/706/360 517/705/359 519/707/361 495/708/362
f 495/708/362 519/707/361 520/709/363 496/710/364
f 496/710/364 520/709/363 521/711/365 497/712/366
f 497/712/366 521/711/365 522/713/367 498/714/368
f 498/714/368 522/713/367 523/715/369 499/716/370
f 499/716/370 523/715/369 524/717/371 500/718/372
f 500/718/372 524/717/371 525/719/373 501/720/374
f 501/720/374 525/719/373 526/721/375 502/722/376
f 502/722/376 526/721/375 527/723/377 503/724/378
f 710/725/379 709/726/380 668/727/381 669/728/382
f 503/724/378 527/723/377 528/729/383 504/730/384
f 504/730/384 528/729/383 518/731/358 493/732/357
f 457/733/385 459/734/386 461/735/387 463/736/388 465/737/389 467/738/390 469/739/391 471/740/392 473/741/393 475/742/394 477/743/395 479/744/396
f 563/745/384 492/746/397 481/747/398 564/748/357
f 562/749/378 491/750/399 492/746/397 563/745/384
f 561/751/376 490/752/400 491/750/399 562/749/378
f 560/753/374 489/754/401 490/752/400 561/751/376
f 559/755/372 488/756/402 489/754/401 560/753/374
f 558/757/370 487/758/403 488/756/402 559/755/372
f 557/759/368 486/760/404 487/758/403 558/757/370
f 556/761/366 485/762/405 486/760/404 557/759/368
f 555/763/364 484/764/406 485/762/405 556/761/366
f 554/765/362 483/766/407 484/764/406 555/763/364
f 553/767/360 482/768/408 483/766/407 554/765/362
f 564/769/357 481/770/398 482/768/408 553/767/360
f 552/771/384 504/730/384 493/732/357 541/772/357
f 551/773/378 503/724/378 504/730/384 552/771/384
f 550/774/376 502/722/376 503/724/378 551/773/378
f 549/775/374 501/720/374 502/722/376 550/774/376
f 548/776/372 500/718/372 501/720/374 549/775/374
f 547/777/370 499/716/370 500/718/372 548/776/372
f 546/778/368 498/714/368 499/716/370 547/777/370
f 545/779/366 497/712/366 498/714/368 546/778/368
f 544/780/364 496/710/364 497/712/366 545/779/366
f 543/781/362 495/708/362 496/710/364 544/780/364
f 542/782/360 494/706/360 495/708/362 543/781/362
f 541/783/357 493/703/357 494/706/360 542/782/360
f 589/784/409 590/785/410 505/786/411 506/787/412
f 591/788/413 589/784/409 506/787/412 507/789/414
f 592/790/415 591/788/413 507/789/414 508/791/416
f 593/792/417 592/790/415 508/791/416 509/793/418
f 594/794/419 593/792/417 509/793/418 510/795/420
f 595/796/421 594/794/419 510/795/420 511/797/422
f 596/798/423 595/796/421 511/797/422 512/799/424
f 597/800/425 596/798/423 512/799/424 513/801/426
f 598/802/427 597/800/425 513/801/426 514/803/428
f 599/804/429 598/802/427 514/803/428 515/805/430
f 600/806/431 599/804/429 515/805/430 516/807/432
f 590/785/410 600/806/431 516/807/432 505/786/411
f 756/808/433 745/809/433 517/810/359 518/811/358
f 745/809/433 746/812/433 519/813/361 517/810/359
f 746/812/433 747/814/433 520/815/363 519/813/361
f 747/814/433 748/816/433 521/817/365 520/815/363
f 748/816/433 749/818/433 522/819/367 521/817/365
f 749/818/433 750/820/433 523/821/369 522/819/367
f 750/820/433 751/822/433 524/823/371 523/821/369
f 751/822/433 752/824/433 525/825/373 524/823/371
f 752/824/433 753/826/433 526/827/375 525/825/373
f 753/826/433 754/828/433 527/829/377 526/827/375
f 754/828/433 755/830/433 528/831/383 527/829/377
f 755/830/433 756/808/433 518/811/358 528/831/383
f 576/832/434 540/833/435 529/834/436 565/835/437
f 565/835/437 529/834/436 530/836/438 566/837/439
f 566/837/439 530/836/438 531/838/440 567/839/441
f 567/839/441 531/838/440 532/840/442 568/841/443
f 568/841/443 532/840/442 533/842/444 569/843/445
f 569/843/445 533/842/444 534/844/446 570/845/447
f 570/845/447 534/844/446 535/846/448 571/847/449
f 571/847/449 535/846/448 536/848/450 572/849/451
f 572/849/451 536/848/450 537/850/452 573/851/453
f 573/851/453 537/850/452 538/852/454 574/853/455
f 574/853/455 538/852/454 539/854/456 575/855/457
f 575/855/457 539/854/456 540/856/435 576/857/434
f 540/833/435 541/783/357 542/782/360 529/834/436
f 529/834/436 542/782/360 543/781/362 530/836/438
f 530/836/438 543/781/362 544/780/364 531/838/440
f 531/838/440 544/780/364 545/779/366 532/840/442
f 532/840/442 545/779/366 546/778/368 533/842/444
f 533/842/444 546/778/368 547/777/370 534/844/446
f 534/844/446 547/777/370 548/776/372 535/846/448
f 535/846/448 548/776/372 549/775/374 536/848/450
f 536/848/450 549/775/374 550/774/376 537/850/452
f 537/850/452 550/774/376 551/773/378 538/852/454
f 538/852/454 551/773/378 552/771/384 539/854/456
f 539/854/456 552/771/384 541/772/357 540/856/435
f 505/858/411 564/769/357 553/767/360 506/859/412
f 506/859/412 553/767/360 554/765/362 507/860/414
f 507/860/414 554/765/362 555/763/364 508/861/416
f 508/861/416 555/763/364 556/761/366 509/862/418
f 509/862/418 556/761/366 557/759/368 510/863/420
f 510/863/420 557/759/368 558/757/370 511/864/422
f 511/864/422 558/757/370 559/755/372 512/865/424
f 512/865/424 559/755/372 560/753/374 513/866/426
f 513/866/426 560/753/374 561/751/376 514/867/428
f 514/867/428 561/751/376 562/749/378 515/868/430
f 515/868/430 562/749/378 563/745/384 516/869/432
f 516/869/432 563/745/384 564/748/357 505/870/411
f 587/871/457 575/855/457 576/857/434 588/872/434
f 586/873/455 574/853/455 575/855/457 587/871/457
f 585/874/453 573/851/453 574/853/455 586/873/455
f 584/875/451 572/849/451 573/851/453 585/874/453
f 583/876/449 571/847/449 572/849/451 584/875/451
f 582/877/447 570/845/447 571/847/449 583/876/449
f 581/878/445 569/843/445 570/845/447 582/877/447
f 580/879/443 568/841/443 569/843/445 581/878/445
f 579/880/441 567/839/441 568/841/443 580/879/443
f 578/881/439 566/837/439 567/839/441 579/880/441
f 577/882/437 565/835/437 566/837/439 578/881/439
f 588/883/434 576/832/434 565/835/437 577/882/437
f 481/770/398 588/883/434 577/882/437 482/768/408
f 482/768/408 577/882/437 578/881/439 483/766/407
f 483/766/407 578/881/439 579/880/441 484/764/406
f 484/764/406 579/880/441 580/879/443 485/762/405
f 485/762/405 580/879/443 581/878/445 486/760/404
f 486/760/404 581/878/445 582/877/447 487/758/403
f 487/758/403 582/877/447 583/876/449 488/756/402
f 488/756/402 583/876/449 584/875/451 489/754/401
f 489/754/401 584/875/451 585/874/453 490/752/400
f 490/752/400 585/874/453 586/873/455 491/750/399
f 491/750/399 586/873/455 587/871/457 492/746/397
f 492/746/397 587/871/457 588/872/434 481/747/398
f 601/884/458 612/885/459 600/806/431 590/785/410
f 612/885/459 611/886/460 599/804/429 600/806/431
f 611/886/460 610/887/461 598/802/427 599/804/429
f 610/887/461 609/888/462 597/800/425 598/802/427
f 609/888/462 608/889/463 596/798/423 597/800/425
f 608/889/463 607/890/464 595/796/421 596/798/423
f 607/890/464 606/891/465 594/794/419 595/796/421
f 606/891/465 605/892/466 593/792/417 594/794/419
f 605/892/466 604/893/467 592/790/415 593/792/417
f 604/893/467 603/894/468 591/788/413 592/790/415
f 603/894/468 602/895/469 589/784/409 591/788/413
f 602/895/469 601/884/458 590/785/410 589/784/409
f 614/896/470 613/897/470 601/884/458 602/895/469
f 615/898/470 614/896/470 602/895/469 603/894/468
f 616/899/470 615/898/470 603/894/468 604/893/467
f 617/900/470 616/899/470 604/893/467 605/892/466
f 618/901/470 617/900/470 605/892/466 606/891/465
f 619/902/470 618/901/470 606/891/465 607/890/464
f 620/903/470 619/902/470 607/890/464 608/889/463
f 621/904/470 620/903/470 608/889/463 609/888/462
f 622/905/470 621/904/470 609/888/462 610/887/461
f 623/906/470 622/905/470 610/887/461 611/886/460
f 624/907/470 623/906/470 611/886/460 612/885/459
f 613/897/470 624/907/470 612/885/459 601/884/458
f 626/908/470 625/909/470 613/897/470 614/896/470
f 627/910/470 626/908/470 614/896/470 615/898/470
f 628/911/470 627/910/470 615/898/470 616/899/470
f 629/912/470 628/911/470 616/899/470 617/900/470
f 630/913/470 629/912/470 617/900/470 618/901/470
f 631/914/470 630/913/470 618/901/470 619/902/470
f 632/915/470 631/914/470 619/902/470 620/903/470
f 633/916/470 632/915/470 620/903/470 621/904/470
f 634/917/470 633/916/470 621/904/470 622/905/470
f 635/918/470 634/917/470 622/905/470 623/906/470
f 636/919/470 635/918/470 623/906/470 624/907/470
f 625/909/470 636/919/470 624/907/470 613/897/470
f 638/920/471 637/921/472 625/909/470 626/908/470
f 639/922/473 638/920/471 626/908/470 627/910/470
f 640/923/474 639/922/473 627/910/470 628/911/470
f 641/924/475 640/923/474 628/911/470 629/912/470
f 642/925/476 641/924/475 629/912/470 630/913/470
f 643/926/477 642/925/476 630/913/470 631/914/470
f 644/927/478 643/926/477 631/914/470 632/915/470
f 645/928/479 644/927/478 632/915/470 633/916/470
f 646/929/480 645/928/479 633/916/470 634/917/470
f 647/930/481 646/929/480 634/917/470 635/918/470
f 648/931/482 647/930/481 635/918/470 636/919/470
f 637/921/472 648/931/482 636/919/470 625/909/470
f 459/734/386 457/733/385 637/921/472 638/920/471
f 461/735/387 459/734/386 638/920/471 639/922/473
f 463/736/388 461/735/387 639/922/473 640/923/474
f 465/737/389 463/736/388 640/923/474 641/924/475
f 467/738/390 465/737/389 641/924/475 642/925/476
f 469/739/391 467/738/390 642/925/476 643/926/477
f 471/740/392 469/739/391 643/926/477 644/927/478
f 473/741/393 471/740/392 644/927/478 645/928/479
f 475/742/394 473/741/393 645/928/479 646/929/480
f 477/743/395 475/742/394 646/929/480 647/930/481
f 479/744/396 477/743/395 647/930/481 648/931/482
f 457/733/385 479/744/396 648/931/482 637/921/472
f 770/932/376 769/933/374 765/934/373 766/935/375
f 712/936/483 711/937/484 665/938/485 666/939/486
f 714/940/487 713/941/488 672/942/489 662/943/490
f 716/944/491 715/945/492 661/946/493 663/947/494
f 717/948/495 710/725/379 669/728/382 670/949/496
f 718/950/497 712/936/483 666/939/486 667/951/498
f 719/952/499 716/944/491 663/947/494 664/953/500
f 720/954/501 717/948/495 670/949/496 671/955/502
f 709/726/380 718/950/497 667/951/498 668/727/381
f 711/937/484 719/952/499 664/953/500 665/938/485
f 713/941/488 720/954/501 671/955/502 672/942/489
f 715/945/492 714/940/487 662/943/490 661/946/493
f 708/956/433 697/957/433 661/946/493 662/943/490
f 697/957/433 698/958/433 663/947/494 661/946/493
f 698/958/433 699/959/433 664/953/500 663/947/494
f 699/959/433 700/960/433 665/938/485 664/953/500
f 700/960/433 701/961/433 666/939/486 665/938/485
f 701/961/433 702/962/433 667/951/498 666/939/486
f 702/962/433 703/963/433 668/727/381 667/951/498
f 703/963/433 704/964/433 669/728/382 668/727/381
f 704/964/433 705/965/433 670/949/496 669/728/382
f 705/965/433 706/966/433 671/955/502 670/949/496
f 706/966/433 707/967/433 672/942/489 671/955/502
f 707/967/433 708/956/433 662/943/490 672/942/489
f 673/968/433 674/969/433 684/970/433 683/971/433 682/972/433 681/973/433 680/974/433 679/975/433 678/976/433 677/977/433 676/978/433 675/979/433
f 772/980/370 771/981/368 762/982/367 763/983/369
f 774/984/364 773/985/362 759/986/361 760/987/363
f 775/988/378 770/932/376 766/935/375 767/989/377
f 776/990/372 772/980/370 763/983/369 764/991/371
f 777/992/366 774/984/364 760/987/363 761/993/365
f 778/994/384 775/988/378 767/989/377 768/995/383
f 780/996/360 779/997/357 758/998/358 757/999/359
f 769/933/374 776/990/372 764/991/371 765/934/373
f 771/981/368 777/992/366 761/993/365 762/982/367
f 779/997/357 778/994/384 768/995/383 758/998/358
f 773/985/362 780/996/360 757/999/359 759/986/361
f 660/1000/503 650/1001/504 685/1002/433 696/1003/433
f 659/1004/505 660/1000/503 696/1003/433 695/1005/433
f 658/1006/506 659/1004/505 695/1005/433 694/1007/433
f 657/1008/507 658/1006/506 694/1007/433 693/1009/433
f 656/1010/508 657/1008/507 693/1009/433 692/1011/433
f 655/1012/509 656/1010/508 692/1011/433 691/1013/433
f 654/1014/510 655/1012/509 691/1013/433 690/1015/433
f 653/1016/511 654/1014/510 690/1015/433 689/1017/433
f 652/1018/512 653/1016/511 689/1017/433 688/1019/433
f 651/1020/513 652/1018/512 688/1019/433 687/1021/433
f 649/1022/514 651/1020/513 687/1021/433 686/1023/433
f 650/1001/504 649/1022/514 686/1023/433 685/1002/433
f 696/1003/433 685/1002/433 708/956/433 707/967/433
f 695/1005/433 696/1003/433 707/967/433 706/966/433
f 694/1007/433 695/1005/433 706/966/433 705/965/433
f 693/1009/433 694/1007/433 705/965/433 704/964/433
f 692/1011/433 693/1009/433 704/964/433 703/963/433
f 691/1013/433 692/1011/433 703/963/433 702/962/433
f 690/1015/433 691/1013/433 702/962/433 701/961/433
f 689/1017/433 690/1015/433 701/961/433 700/960/433
f 688/1019/433 689/1017/433 700/960/433 699/959/433
f 687/1021/433 688/1019/433 699/959/433 698/958/433
f 686/1023/433 687/1021/433 698/958/433 697/957/433
f 685/1002/433 686/1023/433 697/957/433 708/956/433
f 732/1024/492 723/1025/487 714/940/487 715/945/492
f 731/1026/488 728/1027/501 720/954/501 713/941/488
f 730/1028/484 727/1029/499 719/952/499 711/937/484
f 729/1030/380 726/1031/497 718/950/497 709/726/380
f 728/1027/501 725/1032/495 717/948/495 720/954/501
f 727/1029/499 724/1033/491 716/944/491 719/952/499
f 726/1031/497 722/1034/483 712/936/483 718/950/497
f 725/1032/495 721/1035/379 710/725/379 717/948/495
f 724/1033/491 732/1024/492 715/945/492 716/944/491
f 723/1025/487 731/1026/488 713/941/488 714/940/487
f 722/1034/483 730/1028/484 711/937/484 712/936/483
f 721/1035/379 729/1030/380 709/726/380 710/725/379
f 474/1036/515 472/1037/516 729/1030/380 721/1035/379
f 468/1038/517 466/1039/518 730/1028/484 722/1034/483
f 458/1040/519 480/1041/520 731/1026/488 723/1025/487
f 462/1042/521 460/1043/522 732/1024/492 724/1033/491
f 476/1044/523 474/1036/515 721/1035/379 725/1032/495
f 470/1045/524 468/1038/517 722/1034/483 726/1031/497
f 464/1046/525 462/1042/521 724/1033/491 727/1029/499
f 478/1047/526 476/1044/523 725/1032/495 728/1027/501
f 472/1037/516 470/1045/524 726/1031/497 729/1030/380
f 466/1039/518 464/1046/525 727/1029/499 730/1028/484
f 480/1041/520 478/1047/526 728/1027/501 731/1026/488
f 460/1043/522 458/1040/519 723/1025/487 732/1024/492
f 480/1041/520 458/1040/519 733/1048/433 744/1049/433
f 478/1047/526 480/1041/520 744/1049/433 743/1050/433
f 476/1044/523 478/1047/526 743/1050/433 742/1051/433
f 474/1036/515 476/1044/523 742/1051/433 741/1052/433
f 472/1037/516 474/1036/515 741/1052/433 740/1053/433
f 470/1045/524 472/1037/516 740/1053/433 739/1054/433
f 468/1038/517 470/1045/524 739/1054/433 738/1055/433
f 466/1039/518 468/1038/517 738/1055/433 737/1056/433
f 464/1046/525 466/1039/518 737/1056/433 736/1057/433
f 462/1042/521 464/1046/525 736/1057/433 735/1058/433
f 460/1043/522 462/1042/521 735/1058/433 734/1059/433
f 458/1040/519 460/1043/522 734/1059/433 733/1048/433
f 744/1049/433 733/1048/433 756/808/433 755/830/433
f 743/1050/433 744/1049/433 755/830/433 754/828/433
f 742/1051/433 743/1050/433 754/828/433 753/826/433
f 741/1052/433 742/1051/433 753/826/433 752/824/433
f 740/1053/433 741/1052/433 752/824/433 751/822/433
f 739/1054/433 740/1053/433 751/822/433 750/820/433
f 738/1055/433 739/1054/433 750/820/433 749/818/433
f 737/1056/433 738/1055/433 749/818/433 748/816/433
f 736/1057/433 737/1056/433 748/816/433 747/814/433
f 735/1058/433 736/1057/433 747/814/433 746/812/433
f 734/1059/433 735/1058/433 746/812/433 745/809/433
f 733/1048/433 734/1059/433 745/809/433 756/808/433
f 674/969/433 673/968/433 757/999/359 758/998/358
f 673/968/433 675/979/433 759/986/361 757/999/359
f 675/979/433 676/978/433 760/987/363 759/986/361
f 676/978/433 677/977/433 761/993/365 760/987/363
f 677/977/433 678/976/433 762/982/367 761/993/365
f 678/976/433 679/975/433 763/983/369 762/982/367
f 679/975/433 680/974/433 764/991/371 763/983/369
f 680/974/433 681/973/433 765/934/373 764/991/371
f 681/973/433 682/972/433 766/935/375 765/934/373
f 682/972/433 683/971/433 767/989/377 766/935/375
f 683/971/433 684/970/433 768/995/383 767/989/377
f 684/970/433 674/969/433 758/998/358 768/995/383
f 791/1060/362 788/1061/360 780/996/360 773/985/362
f 792/1062/357 787/1063/384 778/994/384 779/997/357
f 790/1064/368 786/1065/366 777/992/366 771/981/368
f 789/1066/374 785/1067/372 776/990/372 769/933/374
f 788/1061/360 792/1062/357 779/997/357 780/996/360
f 787/1063/384 784/1068/378 775/988/378 778/994/384
f 786/1065/366 783/1069/364 774/984/364 777/992/366
f 785/1067/372 782/1070/370 772/980/370 776/990/372
f 784/1068/378 781/1071/376 770/932/376 775/988/378
f 783/1069/364 791/1060/362 773/985/362 774/984/364
f 782/1070/370 790/1064/368 771/981/368 772/980/370
f 781/1071/376 789/1066/374 769/933/374 770/932/376
f 658/1006/506 657/1008/507 789/1066/374 781/1071/376
f 655/1012/509 654/1014/510 790/1064/368 782/1070/370
f 652/1018/512 651/1020/513 791/1060/362 783/1069/364
f 659/1004/505 658/1006/506 781/1071/376 784/1068/378
f 656/1010/508 655/1012/509 782/1070/370 785/1067/372
f 653/1016/511 652/1018/512 783/1069/364 786/1065/366
f 660/1000/503 659/1004/505 784/1068/378 787/1063/384
f 649/1022/514 650/1001/504 792/1062/357 788/1061/360
f 657/1008/507 656/1010/508 785/1067/372 789/1066/374
f 654/1014/510 653/1016/511 786/1065/366 790/1064/368
f 650/1001/504 660/1000/503 787/1063/384 792/1062/357
f 651/1020/513 649/1022/514 788/1061/360 791/1060/362
o Cylinder.004_Cylinder.008
v 1.451016 0.014372 1.646895
v 1.375460 0.014372 -1.281055
v 1.476213 -0.079663 1.646895
v 1.410779 -0.117441 -1.281055
v 1.545051 -0.148501 1.646895
v 1.507272 -0.213934 -1.281055
v 1.639085 -0.173697 1.646895
v 1.639085 -0.249253 -1.281055
v 1.733119 -0.148501 1.646895
v 1.770897 -0.213934 -1.281055
v 1.801957 -0.079663 1.646895
v 1.867391 -0.117441 -1.281055
v 1.827154 0.014372 1.646895
v 1.902709 0.014372 -1.281055
v 1.801957 0.108406 1.646895
v 1.867391 0.146184 -1.281055
v 1.733119 0.177244 1.646895
v 1.770897 0.242677 -1.281055
v 1.639085 0.202440 1.646895
v 1.639085 0.277996 -1.281055
v 1.545051 0.177244 1.646895
v 1.507273 0.242677 -1.281055
v 1.476213 0.108406 1.646895
v 1.410779 0.146184 -1.281055
v 1.260779 0.014372 1.481092
v 1.311462 -0.174782 1.481092
v 1.449932 -0.313251 1.481092
v 1.639085 -0.363935 1.481092
v 1.828238 -0.313251 1.481092
v 1.966708 -0.174782 1.481092
v 2.017391 0.014372 1.481092
v 1.966708 0.203525 1.481092
v 1.828238 0.341995 1.481092
v 1.639085 0.392678 1.481092
v 1.449932 0.341995 1.481092
v 1.311462 0.203525 1.481092
v 1.304333 0.014372 -1.222946
v 1.349181 -0.153004 -1.222946
v 1.471709 -0.275532 -1.222946
v 1.639085 -0.320380 -1.222946
v 1.806461 -0.275532 -1.222946
v 1.928989 -0.153004 -1.222946
v 1.973837 0.014372 -1.222946
v 1.928989 0.181748 -1.222946
v 1.806461 0.304275 -1.222946
v 1.639085 0.349124 -1.222946
v 1.471709 0.304276 -1.222946
v 1.349181 0.181748 -1.222946
v 1.260779 0.014372 1.549707
v 1.311462 -0.174782 1.549707
v 1.449932 -0.313251 1.549707
v 1.639085 -0.363935 1.549707
v 1.828238 -0.313251 1.549707
v 1.966708 -0.174782 1.549707
v 2.017391 0.014372 1.549707
v 1.966708 0.203525 1.549707
v 1.828238 0.341995 1.549707
v 1.639085 0.392678 1.549707
v 1.449932 0.341995 1.549707
v 1.311462 0.203525 1.549707
v 1.349181 -0.153004 -1.281055
v 1.304333 0.014372 -1.281055
v 1.471709 -0.275532 -1.281055
v 1.639085 -0.320380 -1.281055
v 1.806461 -0.275532 -1.281055
v 1.928989 -0.153004 -1.281055
v 1.973837 0.014372 -1.281055
v 1.928989 0.181748 -1.281055
v 1.806461 0.304275 -1.281055
v 1.639085 0.349124 -1.281055
v 1.471709 0.304276 -1.281055
v 1.349181 0.181748 -1.281055
v 1.349181 -0.153004 1.443474
v 1.471709 -0.275532 1.443474
v 1.639085 -0.320380 1.443474
v 1.806461 -0.275532 1.443474
v 1.928989 -0.153004 1.443474
v 1.973837 0.014372 1.443474
v 1.928989 0.181748 1.443474
v 1.806461 0.304275 1.443474
v 1.639085 0.349124 1.443474
v 1.471709 0.304276 1.443474
v 1.349181 0.181748 1.443474
v 1.304333 0.014372 1.443474
v 1.304333 0.014372 1.432967
v 1.349181 -0.153004 1.432967
v 1.471709 -0.275532 1.432967
v 1.639085 -0.320380 1.432967
v 1.806461 -0.275532 1.432967
v 1.928989 -0.153004 1.432967
v 1.973837 0.014372 1.432967
v 1.928989 0.181748 1.432967
v 1.806461 0.304275 1.432967
v 1.639085 0.349124 1.432967
v 1.471709 0.304276 1.432967
v 1.349181 0.181748 1.432967
v 1.311462 -0.174782 1.489235
v 1.449932 -0.313251 1.489235
v 1.639085 -0.363935 1.489235
v 1.828238 -0.313251 1.489235
v 1.966708 -0.174782 1.489235
v 2.017391 0.014372 1.489235
v 1.966708 0.203525 1.489235
v 1.828238 0.341995 1.489235
v 1.639085 0.392678 1.489235
v 1.449932 0.341995 1.489235
v 1.311462 0.203525 1.489235
v 1.260779 0.014372 1.489235
v 1.343588 -0.156233 1.449051
v 1.468480 -0.281125 1.449051
v 1.639085 -0.326838 1.449051
v 1.809690 -0.281125 1.449051
v 1.934582 -0.156233 1.449051
v 1.980295 0.014372 1.449051
v 1.934582 0.184977 1.449051
v 1.809690 0.309868 1.449051
v 1.639085 0.355582 1.449051
v 1.468480 0.309868 1.449051
v 1.343589 0.184977 1.449051
v 1.297875 0.014372 1.449051
v 1.316892 -0.171646 1.475676
v 1.453067 -0.307821 1.475676
v 1.639085 -0.357664 1.475676
v 1.825103 -0.307821 1.475676
v 1.961278 -0.171646 1.475676
v 2.011121 0.014372 1.475676
v 1.961278 0.200390 1.475676
v 1.825103 0.336564 1.475676
v 1.639085 0.386408 1.475676
v 1.453067 0.336565 1.475676
v 1.316892 0.200390 1.475676
v 1.267049 0.014372 1.475676
v 1.392995 -0.127709 2.054127
v 1.354925 0.014372 2.054127
v 1.497005 -0.231719 2.054127
v 1.639085 -0.269789 2.054127
v 1.781165 -0.231718 2.054127
v 1.885175 -0.127709 2.054127
v 1.923245 0.014372 2.054127
v 1.885175 0.156452 2.054127
v 1.781165 0.260462 2.054127
v 1.639085 0.298532 2.054127
v 1.497005 0.260462 2.054127
v 1.392995 0.156452 2.054127
v 1.357372 0.014372 2.067239
v 1.395114 -0.126485 2.067239
v 1.498228 -0.229599 2.067239
v 1.639085 -0.267342 2.067239
v 1.779942 -0.229599 2.067239
v 1.883056 -0.126485 2.067239
v 1.920798 0.014372 2.067239
v 1.883056 0.155228 2.067239
v 1.779942 0.258343 2.067239
v 1.639085 0.296085 2.067239
v 1.498229 0.258343 2.067239
v 1.395114 0.155228 2.067239
v 1.370932 0.014372 2.067239
v 1.406858 -0.119705 2.067239
v 1.505009 -0.217855 2.067239
v 1.639085 -0.253781 2.067239
v 1.773161 -0.217855 2.067239
v 1.871312 -0.119705 2.067239
v 1.907238 0.014372 2.067239
v 1.871312 0.148448 2.067239
v 1.773161 0.246599 2.067239
v 1.639085 0.282524 2.067239
v 1.505009 0.246599 2.067239
v 1.406858 0.148448 2.067239
v 1.433285 0.014372 2.067239
v 1.460857 -0.088528 2.067239
v 1.536185 -0.163856 2.067239
v 1.639085 -0.191428 2.067239
v 1.741985 -0.163856 2.067239
v 1.817313 -0.088528 2.067239
v 1.844885 0.014372 2.067239
v 1.817313 0.117272 2.067239
v 1.741985 0.192599 2.067239
v 1.639085 0.220171 2.067239
v 1.536185 0.192599 2.067239
v 1.460857 0.117272 2.067239
v 1.443261 0.014372 2.067239
v 1.469496 -0.083541 2.067239
v 1.541173 -0.155217 2.067239
v 1.639085 -0.181453 2.067239
v 1.736997 -0.155217 2.067239
v 1.808674 -0.083541 2.067239
v 1.834909 0.014372 2.067239
v 1.808674 0.112284 2.067239
v 1.736997 0.183961 2.067239
v 1.639085 0.210196 2.067239
v 1.541173 0.183961 2.067239
v 1.469496 0.112284 2.067239
v 1.591489 -0.013108 -1.433746
v 1.584126 0.014372 -1.433746
v 1.611606 -0.033224 -1.433746
v 1.639085 -0.040587 -1.433746
v 1.666564 -0.033224 -1.433746
v 1.686681 -0.013108 -1.433746
v 1.694044 0.014372 -1.433746
v 1.686681 0.041851 -1.433746
v 1.666564 0.061967 -1.433746
v 1.639085 0.069331 -1.433746
v 1.611606 0.061967 -1.433746
v 1.591489 0.041851 -1.433746
v 1.541669 -0.041871 -1.433746
v 1.526599 0.014372 -1.433746
v 1.582842 -0.083044 -1.433746
v 1.639085 -0.098114 -1.433746
v 1.695328 -0.083044 -1.433746
v 1.736501 -0.041871 -1.433746
v 1.751571 0.014372 -1.433746
v 1.736501 0.070615 -1.433746
v 1.695328 0.111788 -1.433746
v 1.639085 0.126858 -1.433746
v 1.582842 0.111788 -1.433746
v 1.541669 0.070615 -1.433746
v 1.595097 -0.011024 -1.892516
v 1.588292 0.014372 -1.892516
v 1.613689 -0.029616 -1.892516
v 1.639085 -0.036420 -1.892516
v 1.664481 -0.029616 -1.892516
v 1.683072 -0.011024 -1.892516
v 1.689877 0.014372 -1.892516
v 1.683072 0.039768 -1.892516
v 1.664481 0.058360 -1.892516
v 1.639085 0.065164 -1.892516
v 1.613689 0.058360 -1.892516
v 1.595097 0.039768 -1.892516
v 1.580156 0.014372 -1.433746
v 1.588051 -0.015093 -1.433746
v 1.609621 -0.036662 -1.433746
v 1.639085 -0.044557 -1.433746
v 1.668549 -0.036662 -1.433746
v 1.690119 -0.015093 -1.433746
v 1.698014 0.014372 -1.433746
v 1.690119 0.043836 -1.433746
v 1.668549 0.065405 -1.433746
v 1.639085 0.073300 -1.433746
v 1.609621 0.065405 -1.433746
v 1.588051 0.043836 -1.433746
v 1.546060 -0.039336 -1.433746
v 1.585377 -0.078653 -1.433746
v 1.639085 -0.093044 -1.433746
v 1.692793 -0.078653 -1.433746
v 1.732110 -0.039336 -1.433746
v 1.746500 0.014372 -1.433746
v 1.732110 0.068080 -1.433746
v 1.692793 0.107396 -1.433746
v 1.639085 0.121787 -1.433746
v 1.585377 0.107396 -1.433746
v 1.546060 0.068080 -1.433746
v 1.531669 0.014372 -1.433746
v 1.738066 0.071518 -1.431920
v 1.696231 0.113352 -1.431920
v 1.696231 -0.084609 -1.431920
v 1.738066 -0.042775 -1.431920
v 1.540104 0.071518 -1.431920
v 1.524792 0.014372 -1.431920
v 1.540104 -0.042775 -1.431920
v 1.581938 -0.084609 -1.431920
v 1.639085 0.128665 -1.431920
v 1.753378 0.014372 -1.431920
v 1.639085 -0.099921 -1.431920
v 1.581938 0.113352 -1.431920
v 1.769829 0.240826 -1.283214
v 1.865540 -0.116372 -1.283214
v 1.377597 0.014372 -1.283214
v 1.508341 -0.212083 -1.283214
v 1.639085 0.275859 -1.283214
v 1.900572 0.014372 -1.283214
v 1.639085 -0.247116 -1.283214
v 1.508341 0.240827 -1.283214
v 1.865540 0.145115 -1.283214
v 1.769829 -0.212083 -1.283214
v 1.412630 0.145116 -1.283214
v 1.412630 -0.116372 -1.283214
v 1.371877 0.014372 -1.281055
v 1.407676 -0.119232 -1.281055
v 1.505481 -0.217037 -1.281055
v 1.639085 -0.252836 -1.281055
v 1.772689 -0.217037 -1.281055
v 1.870493 -0.119232 -1.281055
v 1.906293 0.014372 -1.281055
v 1.870494 0.147975 -1.281055
v 1.772689 0.245780 -1.281055
v 1.639085 0.281579 -1.281055
v 1.505481 0.245780 -1.281055
v 1.407676 0.147976 -1.281055
v 1.354093 -0.150168 -1.281055
v 1.474545 -0.270620 -1.281055
v 1.639085 -0.314708 -1.281055
v 1.803625 -0.270620 -1.281055
v 1.924076 -0.150168 -1.281055
v 1.968165 0.014372 -1.281055
v 1.924076 0.178912 -1.281055
v 1.803625 0.299363 -1.281055
v 1.639085 0.343451 -1.281055
v 1.474545 0.299363 -1.281055
v 1.354094 0.178912 -1.281055
v 1.310005 0.014372 -1.281055
v 1.591489 -0.013107 -1.892516
v 1.584126 0.014372 -1.892516
v 1.611605 -0.033224 -1.892516
v 1.639085 -0.040587 -1.892516
v 1.666564 -0.033224 -1.892516
v 1.686681 -0.013107 -1.892516
v 1.694044 0.014372 -1.892516
v 1.686681 0.041851 -1.892516
v 1.666564 0.061968 -1.892516
v 1.639085 0.069331 -1.892516
v 1.611605 0.061968 -1.892516
v 1.591489 0.041851 -1.892516
v 1.666564 0.061968 -1.886036
v 1.639085 0.069331 -1.886036
v 1.686681 -0.013107 -1.886036
v 1.694044 0.014372 -1.886036
v 1.611605 -0.033224 -1.886036
v 1.639085 -0.040587 -1.886036
v 1.611605 0.061968 -1.886036
v 1.686681 0.041851 -1.886036
v 1.666564 -0.033224 -1.886036
v 1.591489 0.041851 -1.886036
v 1.584126 0.014372 -1.886036
v 1.591489 -0.013107 -1.886036
v 1.639085 0.069331 -1.438759
v 1.694044 0.014372 -1.438759
v 1.639085 -0.040587 -1.438759
v 1.611606 0.061967 -1.438759
v 1.686681 0.041851 -1.438759
v 1.666564 -0.033224 -1.438759
v 1.591489 0.041851 -1.438759
v 1.591489 -0.013108 -1.438759
v 1.666564 0.061967 -1.438759
v 1.686681 -0.013108 -1.438759
v 1.611606 -0.033224 -1.438759
v 1.584126 0.014372 -1.438759
vt 1.000000 0.990616
vt 1.000000 1.000000
vt 0.916667 1.000000
vt 0.916667 0.990616
vt 0.833333 1.000000
vt 0.833333 0.990616
vt 0.750000 1.000000
vt 0.750000 0.990616
vt 0.666667 1.000000
vt 0.666667 0.990616
vt 0.583333 1.000000
vt 0.583333 0.990616
vt 0.500000 1.000000
vt 0.500000 0.990616
vt 0.416667 1.000000
vt 0.416667 0.990616
vt 0.333333 1.000000
vt 0.333333 0.990616
vt 0.250000 1.000000
vt 0.250000 0.990616
vt 0.166667 1.000000
vt 0.166667 0.990616
vt 0.086317 0.155497
vt 0.155497 0.086317
vt 0.155497 0.086317
vt 0.086317 0.155497
vt 0.083333 1.000000
vt 0.083333 0.990616
vt 0.000000 1.000000
vt 0.000000 0.990616
vt 0.750000 0.384836
vt 0.817418 0.366771
vt 0.866771 0.317418
vt 0.884836 0.250000
vt 0.866771 0.182582
vt 0.817418 0.133229
vt 0.750000 0.115164
vt 0.682582 0.133229
vt 0.633229 0.182582
vt 0.615164 0.250000
vt 0.633229 0.317418
vt 0.682582 0.366771
vt 0.083333 0.509765
vt 0.083333 0.511081
vt 0.000000 0.511081
vt 0.000000 0.509766
vt 0.166667 0.509765
vt 0.166667 0.511081
vt 0.250000 0.509766
vt 0.250000 0.511081
vt 0.333333 0.509766
vt 0.333333 0.511081
vt 0.416667 0.509766
vt 0.416667 0.511081
vt 0.500000 0.509766
vt 0.500000 0.511081
vt 0.583333 0.509766
vt 0.583333 0.511081
vt 0.666667 0.509766
vt 0.666667 0.511081
vt 0.750000 0.509766
vt 0.750000 0.511081
vt 0.833333 0.509765
vt 0.833333 0.511081
vt 0.916667 0.509766
vt 0.916667 0.511081
vt 1.000000 0.509766
vt 1.000000 0.511081
vt 0.083333 0.519615
vt 0.000000 0.519615
vt 0.166667 0.519615
vt 0.250000 0.519615
vt 0.333333 0.519615
vt 0.416667 0.519615
vt 0.500000 0.519615
vt 0.583333 0.519615
vt 0.666667 0.519615
vt 0.750000 0.519615
vt 0.833333 0.519615
vt 0.916667 0.519615
vt 1.000000 0.519615
vt 0.851469 0.425749
vt 0.750000 0.452937
vt 0.750000 0.490000
vt 0.870000 0.457846
vt 0.925749 0.351469
vt 0.957846 0.370000
vt 0.952937 0.250000
vt 0.990000 0.250000
vt 0.925749 0.148531
vt 0.957846 0.130000
vt 0.851469 0.074251
vt 0.870000 0.042154
vt 0.750000 0.047063
vt 0.750000 0.010000
vt 0.648531 0.074251
vt 0.630000 0.042154
vt 0.574251 0.148531
vt 0.542154 0.130000
vt 0.547063 0.250000
vt 0.510000 0.250000
vt 0.574251 0.351469
vt 0.542154 0.370000
vt 0.648531 0.425749
vt 0.630000 0.457846
vt 0.250000 0.485933
vt 0.367967 0.454324
vt 0.370000 0.457846
vt 0.250000 0.490000
vt 0.454324 0.367967
vt 0.457846 0.370000
vt 0.485933 0.250000
vt 0.490000 0.250000
vt 0.454324 0.132033
vt 0.457846 0.130000
vt 0.367967 0.045676
vt 0.370000 0.042154
vt 0.250000 0.014067
vt 0.250000 0.010000
vt 0.132033 0.045676
vt 0.130000 0.042154
vt 0.045676 0.132033
vt 0.042154 0.130000
vt 0.014067 0.250000
vt 0.010000 0.250000
vt 0.045676 0.367967
vt 0.042154 0.370000
vt 0.132033 0.454324
vt 0.130000 0.457846
vt 1.000000 0.516763
vt 1.000000 0.517752
vt 0.916667 0.517752
vt 0.916667 0.516763
vt 0.833333 0.517752
vt 0.833333 0.516762
vt 0.750000 0.517752
vt 0.750000 0.516763
vt 0.666667 0.517752
vt 0.666667 0.516762
vt 0.583333 0.517752
vt 0.583333 0.516762
vt 0.500000 0.517752
vt 0.500000 0.516763
vt 0.416667 0.517752
vt 0.416667 0.516763
vt 0.333333 0.517752
vt 0.333333 0.516763
vt 0.250000 0.517752
vt 0.250000 0.516762
vt 0.166667 0.517752
vt 0.166667 0.516762
vt 0.083333 0.517752
vt 0.083333 0.516762
vt 0.000000 0.517752
vt 0.000000 0.516763
vt 1.000000 0.500000
vt 0.916667 0.500000
vt 0.833333 0.500000
vt 0.750000 0.500000
vt 0.666667 0.500000
vt 0.583333 0.500000
vt 0.500000 0.500000
vt 0.416667 0.500000
vt 0.333333 0.500000
vt 0.250000 0.500000
vt 0.166667 0.500000
vt 0.083333 0.500000
vt 0.000000 0.500000
vt 0.083333 0.512041
vt 0.000000 0.512041
vt 0.166667 0.512041
vt 0.250000 0.512041
vt 0.333333 0.512041
vt 0.416667 0.512041
vt 0.500000 0.512041
vt 0.583333 0.512041
vt 0.666667 0.512041
vt 0.750000 0.512041
vt 0.833333 0.512041
vt 0.916667 0.512041
vt 1.000000 0.512041
vt 0.750000 0.451974
vt 0.649013 0.424915
vt 0.575085 0.350987
vt 0.548026 0.250000
vt 0.575085 0.149013
vt 0.649013 0.075085
vt 0.750000 0.048026
vt 0.850987 0.075085
vt 0.924915 0.149013
vt 0.951974 0.250000
vt 0.924915 0.350987
vt 0.850987 0.424914
vt 0.846126 0.416495
vt 0.750000 0.442252
vt 0.916495 0.346126
vt 0.942252 0.250000
vt 0.916495 0.153874
vt 0.846126 0.083505
vt 0.750000 0.057748
vt 0.653874 0.083505
vt 0.583505 0.153874
vt 0.557748 0.250000
vt 0.583505 0.346126
vt 0.653874 0.416495
vt 0.823774 0.377780
vt 0.750000 0.397548
vt 0.877780 0.323774
vt 0.897548 0.250000
vt 0.877780 0.176226
vt 0.823774 0.122220
vt 0.750000 0.102452
vt 0.676226 0.122220
vt 0.622220 0.176226
vt 0.602452 0.250000
vt 0.622220 0.323774
vt 0.676226 0.377780
vt 0.820198 0.371586
vt 0.750000 0.390396
vt 0.871586 0.320198
vt 0.890396 0.250000
vt 0.871586 0.179802
vt 0.820198 0.128413
vt 0.750000 0.109604
vt 0.679802 0.128413
vt 0.628413 0.179802
vt 0.609604 0.250000
vt 0.628413 0.320198
vt 0.679802 0.371586
vt 0.157655 0.250000
vt 0.170027 0.203828
vt 0.170027 0.203828
vt 0.157655 0.250000
vt 0.344503 0.086317
vt 0.413683 0.155497
vt 0.413683 0.155497
vt 0.344503 0.086317
vt 0.250000 0.439005
vt 0.155497 0.413683
vt 0.155497 0.413683
vt 0.250000 0.439005
vt 0.413683 0.344503
vt 0.344503 0.413683
vt 0.344503 0.413683
vt 0.413683 0.344503
vt 0.060995 0.250000
vt 0.060995 0.250000
vt 0.250000 0.060995
vt 0.250000 0.060995
vt 0.439005 0.250000
vt 0.439005 0.250000
vt 0.086316 0.344503
vt 0.086316 0.344503
vt 0.250000 0.430486
vt 0.340243 0.406305
vt 0.406305 0.340243
vt 0.430486 0.250000
vt 0.406305 0.159757
vt 0.340243 0.093695
vt 0.250000 0.069514
vt 0.159757 0.093695
vt 0.093695 0.159757
vt 0.069514 0.250000
vt 0.093695 0.340243
vt 0.159757 0.406305
vt 0.292672 0.323910
vt 0.250000 0.335344
vt 0.207328 0.323910
vt 0.176090 0.292672
vt 0.164656 0.250000
vt 0.176090 0.207328
vt 0.207328 0.176090
vt 0.250000 0.164656
vt 0.292672 0.176090
vt 0.323910 0.207328
vt 0.335344 0.250000
vt 0.323910 0.292672
vt 0.250000 0.157655
vt 0.296172 0.170027
vt 0.296172 0.170027
vt 0.250000 0.157655
vt 0.342345 0.250000
vt 0.329973 0.296172
vt 0.329973 0.296172
vt 0.342345 0.250000
vt 0.170027 0.296172
vt 0.170027 0.296172
vt 0.203828 0.170027
vt 0.203828 0.170027
vt 0.329973 0.203828
vt 0.329973 0.203828
vt 0.203828 0.329973
vt 0.203827 0.329973
vt 0.296172 0.329973
vt 0.250000 0.342345
vt 0.250000 0.342345
vt 0.296172 0.329973
vt 0.203827 0.329973
vt 0.250000 0.342345
vt 0.250000 0.349015
vt 0.200492 0.335750
vt 0.170027 0.296172
vt 0.164250 0.299508
vt 0.157655 0.250000
vt 0.150985 0.250000
vt 0.170027 0.203828
vt 0.164250 0.200492
vt 0.203828 0.170027
vt 0.200492 0.164250
vt 0.250000 0.157655
vt 0.250000 0.150985
vt 0.296172 0.170027
vt 0.299508 0.164250
vt 0.329973 0.203828
vt 0.335750 0.200492
vt 0.342345 0.250000
vt 0.349015 0.250000
vt 0.329973 0.296172
vt 0.335750 0.299508
vt 0.296172 0.329973
vt 0.299508 0.335750
vt 0.344503 0.413683
vt 0.250000 0.439005
vt 0.155497 0.413683
vt 0.086316 0.344503
vt 0.413683 0.155497
vt 0.439005 0.250000
vt 0.155497 0.086317
vt 0.250000 0.060995
vt 0.060995 0.250000
vt 0.413683 0.344503
vt 0.344503 0.086317
vt 0.086317 0.155497
vt 0.086317 0.155497
vt 0.155497 0.086317
vt 0.344503 0.086317
vt 0.413683 0.155497
vt 0.250000 0.439005
vt 0.155497 0.413683
vt 0.413683 0.344503
vt 0.344503 0.413683
vt 0.060995 0.250000
vt 0.250000 0.060995
vt 0.439005 0.250000
vt 0.086316 0.344503
vt 0.250000 0.441574
vt 0.154213 0.415908
vt 0.084092 0.345787
vt 0.058426 0.250000
vt 0.084092 0.154213
vt 0.154213 0.084092
vt 0.250000 0.058426
vt 0.345787 0.084092
vt 0.415908 0.154213
vt 0.441574 0.250000
vt 0.415908 0.345787
vt 0.345787 0.415908
vt 0.329973 0.296172
vt 0.296172 0.329973
vt 0.250000 0.342345
vt 0.203827 0.329973
vt 0.296172 0.170027
vt 0.329973 0.203828
vt 0.170027 0.203828
vt 0.203828 0.170027
vt 0.170027 0.296172
vt 0.342345 0.250000
vt 0.250000 0.157655
vt 0.157655 0.250000
vn -1.0000 0.0000 0.0000
vn -0.7571 0.0000 -0.6532
vn -0.6557 -0.3786 -0.6532
vn -0.8660 -0.5000 0.0000
vn -0.3786 -0.6557 -0.6532
vn -0.5000 -0.8660 0.0000
vn 0.0000 -0.7571 -0.6532
vn 0.0000 -1.0000 0.0000
vn 0.3786 -0.6557 -0.6532
vn 0.5000 -0.8660 0.0000
vn 0.6557 -0.3786 -0.6532
vn 0.8660 -0.5000 0.0000
vn 0.7572 0.0000 -0.6532
vn 1.0000 0.0000 0.0000
vn 0.6557 0.3786 -0.6532
vn 0.8660 0.5000 0.0000
vn 0.3786 0.6557 -0.6532
vn 0.5000 0.8660 0.0000
vn 0.0000 0.7571 -0.6532
vn 0.0000 1.0000 0.0000
vn -0.3786 0.6557 -0.6532
vn -0.5000 0.8660 0.0000
vn 0.3554 0.6155 -0.7035
vn 0.6155 0.3553 -0.7035
vn 0.3784 0.2185 -0.8995
vn 0.2185 0.3784 -0.8995
vn -0.6557 0.3786 -0.6532
vn -0.8660 0.5000 0.0000
vn 0.7512 0.0000 0.6601
vn 0.6505 0.3756 0.6601
vn 0.3756 0.6505 0.6601
vn 0.0000 0.7512 0.6601
vn -0.3756 0.6505 0.6601
vn -0.6505 0.3756 0.6601
vn -0.7512 0.0000 0.6601
vn -0.6505 -0.3756 0.6601
vn -0.3756 -0.6505 0.6601
vn 0.0000 -0.7512 0.6601
vn 0.3756 -0.6505 0.6601
vn 0.6505 -0.3756 0.6601
vn -0.7966 0.4599 -0.3922
vn -0.9199 0.0000 -0.3922
vn -0.4599 0.7966 -0.3922
vn 0.0000 0.9199 -0.3922
vn 0.4599 0.7966 -0.3922
vn 0.7966 0.4599 -0.3922
vn 0.9199 0.0000 -0.3922
vn 0.7966 -0.4599 -0.3922
vn 0.4599 -0.7966 -0.3922
vn 0.0000 -0.9199 -0.3922
vn -0.4599 -0.7966 -0.3922
vn -0.7966 -0.4599 -0.3922
vn -0.8513 -0.4915 0.1834
vn -0.9830 0.0000 0.1834
vn -0.9958 0.0000 0.0908
vn -0.8624 -0.4979 0.0908
vn -0.4915 -0.8513 0.1834
vn -0.4979 -0.8624 0.0908
vn 0.0000 -0.9830 0.1834
vn 0.0000 -0.9958 0.0908
vn 0.4915 -0.8513 0.1834
vn 0.4979 -0.8624 0.0908
vn 0.8513 -0.4915 0.1834
vn 0.8624 -0.4979 0.0908
vn 0.9830 0.0000 0.1834
vn 0.9958 0.0000 0.0908
vn 0.8513 0.4915 0.1834
vn 0.8624 0.4979 0.0908
vn 0.4915 0.8513 0.1834
vn 0.4979 0.8624 0.0908
vn 0.0000 0.9830 0.1834
vn 0.0000 0.9958 0.0908
vn -0.4915 0.8513 0.1834
vn -0.4979 0.8624 0.0908
vn -0.8513 0.4915 0.1834
vn -0.8624 0.4979 0.0908
vn 0.0000 0.0000 -1.0000
vn -0.6536 0.0000 -0.7568
vn -0.8957 0.0000 -0.4445
vn -0.7757 -0.4479 -0.4445
vn -0.5661 -0.3268 -0.7568
vn -0.4479 -0.7757 -0.4445
vn -0.3268 -0.5661 -0.7568
vn 0.0000 -0.8957 -0.4445
vn 0.0000 -0.6536 -0.7568
vn 0.4479 -0.7757 -0.4445
vn 0.3268 -0.5661 -0.7568
vn 0.7757 -0.4479 -0.4445
vn 0.5661 -0.3268 -0.7568
vn 0.8957 0.0000 -0.4445
vn 0.6536 0.0000 -0.7568
vn 0.7757 0.4479 -0.4445
vn 0.5661 0.3268 -0.7568
vn 0.4479 0.7757 -0.4445
vn 0.3268 0.5661 -0.7568
vn 0.0000 0.8957 -0.4445
vn 0.0000 0.6536 -0.7568
vn -0.4479 0.7757 -0.4445
vn -0.3268 0.5661 -0.7568
vn -0.7757 0.4479 -0.4445
vn -0.5661 0.3268 -0.7568
vn -0.6939 0.0000 0.7200
vn -0.6010 0.3470 0.7200
vn -0.3470 0.6010 0.7200
vn 0.0000 0.6939 0.7200
vn 0.3470 0.6010 0.7200
vn 0.6010 0.3470 0.7200
vn 0.6939 0.0000 0.7200
vn 0.6010 -0.3470 0.7200
vn 0.3470 -0.6010 0.7200
vn 0.0000 -0.6939 0.7200
vn -0.3470 -0.6010 0.7200
vn -0.6010 -0.3470 0.7200
vn 0.0000 0.0000 1.0000
vn 0.5463 0.3154 0.7759
vn 0.6308 0.0000 0.7759
vn 0.3154 0.5463 0.7759
vn 0.0000 0.6308 0.7759
vn -0.3154 0.5463 0.7759
vn -0.5463 0.3154 0.7759
vn -0.6308 0.0000 0.7759
vn -0.5463 -0.3154 0.7759
vn -0.3154 -0.5463 0.7759
vn 0.0000 -0.6308 0.7759
vn 0.3154 -0.5463 0.7759
vn 0.5463 -0.3154 0.7759
vn 0.6155 -0.3553 -0.7035
vn 0.3554 -0.6155 -0.7035
vn 0.2184 -0.3784 -0.8995
vn 0.3783 -0.2184 -0.8995
vn -0.7107 0.0000 -0.7035
vn -0.6155 0.3553 -0.7035
vn -0.3784 0.2185 -0.8995
vn -0.4369 0.0000 -0.8995
vn -0.3553 -0.6155 -0.7035
vn -0.6155 -0.3553 -0.7035
vn -0.3784 -0.2185 -0.8995
vn -0.2184 -0.3784 -0.8995
vn 0.0000 0.7107 -0.7035
vn 0.0000 0.4369 -0.8995
vn 0.7107 0.0000 -0.7035
vn 0.4369 0.0000 -0.8995
vn 0.0000 -0.7107 -0.7035
vn 0.0000 -0.4369 -0.8995
vn -0.3553 0.6155 -0.7035
vn -0.2185 0.3784 -0.8995
vn -0.5523 0.3189 -0.7703
vn -0.6377 0.0000 -0.7703
vn -0.3189 0.5523 -0.7703
vn 0.0000 0.6377 -0.7703
vn 0.3189 0.5523 -0.7703
vn 0.5523 0.3189 -0.7703
vn 0.6377 0.0000 -0.7703
vn 0.5523 -0.3189 -0.7703
vn 0.3189 -0.5523 -0.7703
vn 0.0000 -0.6377 -0.7703
vn -0.3189 -0.5523 -0.7703
vn -0.5523 -0.3189 -0.7703
vn 0.3553 -0.6155 -0.7035
vn 0.1639 0.2839 -0.9447
vn 0.2839 0.1639 -0.9447
vn 0.2839 -0.1639 -0.9447
vn 0.1639 -0.2839 -0.9447
vn -0.3279 0.0000 -0.9447
vn -0.2839 0.1639 -0.9447
vn -0.1639 -0.2839 -0.9447
vn -0.2839 -0.1639 -0.9447
vn 0.0000 0.3279 -0.9447
vn 0.3279 0.0000 -0.9447
vn 0.0000 -0.3279 -0.9447
vn -0.1639 0.2839 -0.9447
usemtl None
s 1
f 829/1072/527 854/1073/528 853/1074/529 830/1075/530
f 830/1075/530 853/1074/529 855/1076/531 831/1077/532
f 831/1077/532 855/1076/531 856/1078/533 832/1079/534
f 832/1079/534 856/1078/533 857/1080/535 833/1081/536
f 833/1081/536 857/1080/535 858/1082/537 834/1083/538
f 834/1083/538 858/1082/537 859/1084/539 835/1085/540
f 835/1085/540 859/1084/539 860/1086/541 836/1087/542
f 836/1087/542 860/1086/541 861/1088/543 837/1089/544
f 837/1089/544 861/1088/543 862/1090/545 838/1091/546
f 838/1091/546 862/1090/545 863/1092/547 839/1093/548
f 1046/1094/549 1045/1095/550 1004/1096/551 1005/1097/552
f 839/1093/548 863/1092/547 864/1098/553 840/1099/554
f 840/1099/554 864/1098/553 854/1100/528 829/1101/527
f 793/1102/555 795/1103/556 797/1104/557 799/1105/558 801/1106/559 803/1107/560 805/1108/561 807/1109/562 809/1110/563 811/1111/564 813/1112/565 815/1113/566
f 899/1114/554 828/1115/567 817/1116/568 900/1117/527
f 898/1118/548 827/1119/569 828/1115/567 899/1114/554
f 897/1120/546 826/1121/570 827/1119/569 898/1118/548
f 896/1122/544 825/1123/571 826/1121/570 897/1120/546
f 895/1124/542 824/1125/572 825/1123/571 896/1122/544
f 894/1126/540 823/1127/573 824/1125/572 895/1124/542
f 893/1128/538 822/1129/574 823/1127/573 894/1126/540
f 892/1130/536 821/1131/575 822/1129/574 893/1128/538
f 891/1132/534 820/1133/576 821/1131/575 892/1130/536
f 890/1134/532 819/1135/577 820/1133/576 891/1132/534
f 889/1136/530 818/1137/578 819/1135/577 890/1134/532
f 900/1138/527 817/1139/568 818/1137/578 889/1136/530
f 888/1140/554 840/1099/554 829/1101/527 877/1141/527
f 887/1142/548 839/1093/548 840/1099/554 888/1140/554
f 886/1143/546 838/1091/546 839/1093/548 887/1142/548
f 885/1144/544 837/1089/544 838/1091/546 886/1143/546
f 884/1145/542 836/1087/542 837/1089/544 885/1144/544
f 883/1146/540 835/1085/540 836/1087/542 884/1145/542
f 882/1147/538 834/1083/538 835/1085/540 883/1146/540
f 881/1148/536 833/1081/536 834/1083/538 882/1147/538
f 880/1149/534 832/1079/534 833/1081/536 881/1148/536
f 879/1150/532 831/1077/532 832/1079/534 880/1149/534
f 878/1151/530 830/1075/530 831/1077/532 879/1150/532
f 877/1152/527 829/1072/527 830/1075/530 878/1151/530
f 925/1153/579 926/1154/580 841/1155/581 842/1156/582
f 927/1157/583 925/1153/579 842/1156/582 843/1158/584
f 928/1159/585 927/1157/583 843/1158/584 844/1160/586
f 929/1161/587 928/1159/585 844/1160/586 845/1162/588
f 930/1163/589 929/1161/587 845/1162/588 846/1164/590
f 931/1165/591 930/1163/589 846/1164/590 847/1166/592
f 932/1167/593 931/1165/591 847/1166/592 848/1168/594
f 933/1169/595 932/1167/593 848/1168/594 849/1170/596
f 934/1171/597 933/1169/595 849/1170/596 850/1172/598
f 935/1173/599 934/1171/597 850/1172/598 851/1174/600
f 936/1175/601 935/1173/599 851/1174/600 852/1176/602
f 926/1154/580 936/1175/601 852/1176/602 841/1155/581
f 1092/1177/603 1081/1178/603 853/1179/529 854/1180/528
f 1081/1178/603 1082/1181/603 855/1182/531 853/1179/529
f 1082/1181/603 1083/1183/603 856/1184/533 855/1182/531
f 1083/1183/603 1084/1185/603 857/1186/535 856/1184/533
f 1084/1185/603 1085/1187/603 858/1188/537 857/1186/535
f 1085/1187/603 1086/1189/603 859/1190/539 858/1188/537
f 1086/1189/603 1087/1191/603 860/1192/541 859/1190/539
f 1087/1191/603 1088/1193/603 861/1194/543 860/1192/541
f 1088/1193/603 1089/1195/603 862/1196/545 861/1194/543
f 1089/1195/603 1090/1197/603 863/1198/547 862/1196/545
f 1090/1197/603 1091/1199/603 864/1200/553 863/1198/547
f 1091/1199/603 1092/1177/603 854/1180/528 864/1200/553
f 912/1201/604 876/1202/605 865/1203/606 901/1204/607
f 901/1204/607 865/1203/606 866/1205/608 902/1206/609
f 902/1206/609 866/1205/608 867/1207/610 903/1208/611
f 903/1208/611 867/1207/610 868/1209/612 904/1210/613
f 904/1210/613 868/1209/612 869/1211/614 905/1212/615
f 905/1212/615 869/1211/614 870/1213/616 906/1214/617
f 906/1214/617 870/1213/616 871/1215/618 907/1216/619
f 907/1216/619 871/1215/618 872/1217/620 908/1218/621
f 908/1218/621 872/1217/620 873/1219/622 909/1220/623
f 909/1220/623 873/1219/622 874/1221/624 910/1222/625
f 910/1222/625 874/1221/624 875/1223/626 911/1224/627
f 911/1224/627 875/1223/626 876/1225/605 912/1226/604
f 876/1202/605 877/1152/527 878/1151/530 865/1203/606
f 865/1203/606 878/1151/530 879/1150/532 866/1205/608
f 866/1205/608 879/1150/532 880/1149/534 867/1207/610
f 867/1207/610 880/1149/534 881/1148/536 868/1209/612
f 868/1209/612 881/1148/536 882/1147/538 869/1211/614
f 869/1211/614 882/1147/538 883/1146/540 870/1213/616
f 870/1213/616 883/1146/540 884/1145/542 871/1215/618
f 871/1215/618 884/1145/542 885/1144/544 872/1217/620
f 872/1217/620 885/1144/544 886/1143/546 873/1219/622
f 873/1219/622 886/1143/546 887/1142/548 874/1221/624
f 874/1221/624 887/1142/548 888/1140/554 875/1223/626
f 875/1223/626 888/1140/554 877/1141/527 876/1225/605
f 841/1227/581 900/1138/527 889/1136/530 842/1228/582
f 842/1228/582 889/1136/530 890/1134/532 843/1229/584
f 843/1229/584 890/1134/532 891/1132/534 844/1230/586
f 844/1230/586 891/1132/534 892/1130/536 845/1231/588
f 845/1231/588 892/1130/536 893/1128/538 846/1232/590
f 846/1232/590 893/1128/538 894/1126/540 847/1233/592
f 847/1233/592 894/1126/540 895/1124/542 848/1234/594
f 848/1234/594 895/1124/542 896/1122/544 849/1235/596
f 849/1235/596 896/1122/544 897/1120/546 850/1236/598
f 850/1236/598 897/1120/546 898/1118/548 851/1237/600
f 851/1237/600 898/1118/548 899/1114/554 852/1238/602
f 852/1238/602 899/1114/554 900/1117/527 841/1239/581
f 923/1240/627 911/1224/627 912/1226/604 924/1241/604
f 922/1242/625 910/1222/625 911/1224/627 923/1240/627
f 921/1243/623 909/1220/623 910/1222/625 922/1242/625
f 920/1244/621 908/1218/621 909/1220/623 921/1243/623
f 919/1245/619 907/1216/619 908/1218/621 920/1244/621
f 918/1246/617 906/1214/617 907/1216/619 919/1245/619
f 917/1247/615 905/1212/615 906/1214/617 918/1246/617
f 916/1248/613 904/1210/613 905/1212/615 917/1247/615
f 915/1249/611 903/1208/611 904/1210/613 916/1248/613
f 914/1250/609 902/1206/609 903/1208/611 915/1249/611
f 913/1251/607 901/1204/607 902/1206/609 914/1250/609
f 924/1252/604 912/1201/604 901/1204/607 913/1251/607
f 817/1139/568 924/1252/604 913/1251/607 818/1137/578
f 818/1137/578 913/1251/607 914/1250/609 819/1135/577
f 819/1135/577 914/1250/609 915/1249/611 820/1133/576
f 820/1133/576 915/1249/611 916/1248/613 821/1131/575
f 821/1131/575 916/1248/613 917/1247/615 822/1129/574
f 822/1129/574 917/1247/615 918/1246/617 823/1127/573
f 823/1127/573 918/1246/617 919/1245/619 824/1125/572
f 824/1125/572 919/1245/619 920/1244/621 825/1123/571
f 825/1123/571 920/1244/621 921/1243/623 826/1121/570
f 826/1121/570 921/1243/623 922/1242/625 827/1119/569
f 827/1119/569 922/1242/625 923/1240/627 828/1115/567
f 828/1115/567 923/1240/627 924/1241/604 817/1116/568
f 937/1253/628 948/1254/629 936/1175/601 926/1154/580
f 948/1254/629 947/1255/630 935/1173/599 936/1175/601
f 947/1255/630 946/1256/631 934/1171/597 935/1173/599
f 946/1256/631 945/1257/632 933/1169/595 934/1171/597
f 945/1257/632 944/1258/633 932/1167/593 933/1169/595
f 944/1258/633 943/1259/634 931/1165/591 932/1167/593
f 943/1259/634 942/1260/635 930/1163/589 931/1165/591
f 942/1260/635 941/1261/636 929/1161/587 930/1163/589
f 941/1261/636 940/1262/637 928/1159/585 929/1161/587
f 940/1262/637 939/1263/638 927/1157/583 928/1159/585
f 939/1263/638 938/1264/639 925/1153/579 927/1157/583
f 938/1264/639 937/1253/628 926/1154/580 925/1153/579
f 950/1265/640 949/1266/640 937/1253/628 938/1264/639
f 951/1267/640 950/1265/640 938/1264/639 939/1263/638
f 952/1268/640 951/1267/640 939/1263/638 940/1262/637
f 953/1269/640 952/1268/640 940/1262/637 941/1261/636
f 954/1270/640 953/1269/640 941/1261/636 942/1260/635
f 955/1271/640 954/1270/640 942/1260/635 943/1259/634
f 956/1272/640 955/1271/640 943/1259/634 944/1258/633
f 957/1273/640 956/1272/640 944/1258/633 945/1257/632
f 958/1274/640 957/1273/640 945/1257/632 946/1256/631
f 959/1275/640 958/1274/640 946/1256/631 947/1255/630
f 960/1276/640 959/1275/640 947/1255/630 948/1254/629
f 949/1266/640 960/1276/640 948/1254/629 937/1253/628
f 962/1277/640 961/1278/640 949/1266/640 950/1265/640
f 963/1279/640 962/1277/640 950/1265/640 951/1267/640
f 964/1280/640 963/1279/640 951/1267/640 952/1268/640
f 965/1281/640 964/1280/640 952/1268/640 953/1269/640
f 966/1282/640 965/1281/640 953/1269/640 954/1270/640
f 967/1283/640 966/1282/640 954/1270/640 955/1271/640
f 968/1284/640 967/1283/640 955/1271/640 956/1272/640
f 969/1285/640 968/1284/640 956/1272/640 957/1273/640
f 970/1286/640 969/1285/640 957/1273/640 958/1274/640
f 971/1287/640 970/1286/640 958/1274/640 959/1275/640
f 972/1288/640 971/1287/640 959/1275/640 960/1276/640
f 961/1278/640 972/1288/640 960/1276/640 949/1266/640
f 974/1289/641 973/1290/642 961/1278/640 962/1277/640
f 975/1291/643 974/1289/641 962/1277/640 963/1279/640
f 976/1292/644 975/1291/643 963/1279/640 964/1280/640
f 977/1293/645 976/1292/644 964/1280/640 965/1281/640
f 978/1294/646 977/1293/645 965/1281/640 966/1282/640
f 979/1295/647 978/1294/646 966/1282/640 967/1283/640
f 980/1296/648 979/1295/647 967/1283/640 968/1284/640
f 981/1297/649 980/1296/648 968/1284/640 969/1285/640
f 982/1298/650 981/1297/649 969/1285/640 970/1286/640
f 983/1299/651 982/1298/650 970/1286/640 971/1287/640
f 984/1300/652 983/1299/651 971/1287/640 972/1288/640
f 973/1290/642 984/1300/652 972/1288/640 961/1278/640
f 795/1103/556 793/1102/555 973/1290/642 974/1289/641
f 797/1104/557 795/1103/556 974/1289/641 975/1291/643
f 799/1105/558 797/1104/557 975/1291/643 976/1292/644
f 801/1106/559 799/1105/558 976/1292/644 977/1293/645
f 803/1107/560 801/1106/559 977/1293/645 978/1294/646
f 805/1108/561 803/1107/560 978/1294/646 979/1295/647
f 807/1109/562 805/1108/561 979/1295/647 980/1296/648
f 809/1110/563 807/1109/562 980/1296/648 981/1297/649
f 811/1111/564 809/1110/563 981/1297/649 982/1298/650
f 813/1112/565 811/1111/564 982/1298/650 983/1299/651
f 815/1113/566 813/1112/565 983/1299/651 984/1300/652
f 793/1102/555 815/1113/566 984/1300/652 973/1290/642
f 1106/1301/546 1105/1302/544 1101/1303/543 1102/1304/545
f 1048/1305/653 1047/1306/654 1001/1307/655 1002/1308/656
f 1050/1309/657 1049/1310/658 1008/1311/659 998/1312/660
f 1052/1313/661 1051/1314/662 997/1315/663 999/1316/664
f 1053/1317/665 1046/1094/549 1005/1097/552 1006/1318/666
f 1054/1319/667 1048/1305/653 1002/1308/656 1003/1320/668
f 1055/1321/669 1052/1313/661 999/1316/664 1000/1322/670
f 1056/1323/671 1053/1317/665 1006/1318/666 1007/1324/672
f 1045/1095/550 1054/1319/667 1003/1320/668 1004/1096/551
f 1047/1306/654 1055/1321/669 1000/1322/670 1001/1307/655
f 1049/1310/658 1056/1323/671 1007/1324/672 1008/1311/659
f 1051/1314/662 1050/1309/657 998/1312/660 997/1315/663
f 1044/1325/603 1033/1326/603 997/1315/663 998/1312/660
f 1033/1326/603 1034/1327/603 999/1316/664 997/1315/663
f 1034/1327/603 1035/1328/603 1000/1322/670 999/1316/664
f 1035/1328/603 1036/1329/603 1001/1307/655 1000/1322/670
f 1036/1329/603 1037/1330/603 1002/1308/656 1001/1307/655
f 1037/1330/603 1038/1331/603 1003/1320/668 1002/1308/656
f 1038/1331/603 1039/1332/603 1004/1096/551 1003/1320/668
f 1039/1332/603 1040/1333/603 1005/1097/552 1004/1096/551
f 1040/1333/603 1041/1334/603 1006/1318/666 1005/1097/552
f 1041/1334/603 1042/1335/603 1007/1324/672 1006/1318/666
f 1042/1335/603 1043/1336/603 1008/1311/659 1007/1324/672
f 1043/1336/603 1044/1325/603 998/1312/660 1008/1311/659
f 1009/1337/603 1010/1338/603 1020/1339/603 1019/1340/603 1018/1341/603 1017/1342/603 1016/1343/603 1015/1344/603 1014/1345/603 1013/1346/603 1012/1347/603 1011/1348/603
f 1108/1349/540 1107/1350/538 1098/1351/537 1099/1352/539
f 1110/1353/534 1109/1354/532 1095/1355/531 1096/1356/533
f 1111/1357/548 1106/1301/546 1102/1304/545 1103/1358/547
f 1112/1359/542 1108/1349/540 1099/1352/539 1100/1360/541
f 1113/1361/536 1110/1353/534 1096/1356/533 1097/1362/535
f 1114/1363/554 1111/1357/548 1103/1358/547 1104/1364/553
f 1116/1365/530 1115/1366/527 1094/1367/528 1093/1368/529
f 1105/1302/544 1112/1359/542 1100/1360/541 1101/1303/543
f 1107/1350/538 1113/1361/536 1097/1362/535 1098/1351/537
f 1115/1366/527 1114/1363/554 1104/1364/553 1094/1367/528
f 1109/1354/532 1116/1365/530 1093/1368/529 1095/1355/531
f 996/1369/673 986/1370/674 1021/1371/603 1032/1372/603
f 995/1373/675 996/1369/673 1032/1372/603 1031/1374/603
f 994/1375/676 995/1373/675 1031/1374/603 1030/1376/603
f 993/1377/677 994/1375/676 1030/1376/603 1029/1378/603
f 992/1379/678 993/1377/677 1029/1378/603 1028/1380/603
f 991/1381/679 992/1379/678 1028/1380/603 1027/1382/603
f 990/1383/680 991/1381/679 1027/1382/603 1026/1384/603
f 989/1385/681 990/1383/680 1026/1384/603 1025/1386/603
f 988/1387/682 989/1385/681 1025/1386/603 1024/1388/603
f 987/1389/683 988/1387/682 1024/1388/603 1023/1390/603
f 985/1391/684 987/1389/683 1023/1390/603 1022/1392/603
f 986/1370/674 985/1391/684 1022/1392/603 1021/1371/603
f 1032/1372/603 1021/1371/603 1044/1325/603 1043/1336/603
f 1031/1374/603 1032/1372/603 1043/1336/603 1042/1335/603
f 1030/1376/603 1031/1374/603 1042/1335/603 1041/1334/603
f 1029/1378/603 1030/1376/603 1041/1334/603 1040/1333/603
f 1028/1380/603 1029/1378/603 1040/1333/603 1039/1332/603
f 1027/1382/603 1028/1380/603 1039/1332/603 1038/1331/603
f 1026/1384/603 1027/1382/603 1038/1331/603 1037/1330/603
f 1025/1386/603 1026/1384/603 1037/1330/603 1036/1329/603
f 1024/1388/603 1025/1386/603 1036/1329/603 1035/1328/603
f 1023/1390/603 1024/1388/603 1035/1328/603 1034/1327/603
f 1022/1392/603 1023/1390/603 1034/1327/603 1033/1326/603
f 1021/1371/603 1022/1392/603 1033/1326/603 1044/1325/603
f 1068/1393/662 1059/1394/657 1050/1309/657 1051/1314/662
f 1067/1395/658 1064/1396/671 1056/1323/671 1049/1310/658
f 1066/1397/685 1063/1398/669 1055/1321/669 1047/1306/654
f 1065/1399/550 1062/1400/667 1054/1319/667 1045/1095/550
f 1064/1396/671 1061/1401/665 1053/1317/665 1056/1323/671
f 1063/1398/669 1060/1402/661 1052/1313/661 1055/1321/669
f 1062/1400/667 1058/1403/653 1048/1305/653 1054/1319/667
f 1061/1401/665 1057/1404/549 1046/1094/549 1053/1317/665
f 1060/1402/661 1068/1393/662 1051/1314/662 1052/1313/661
f 1059/1394/657 1067/1395/658 1049/1310/658 1050/1309/657
f 1058/1403/653 1066/1397/685 1047/1306/654 1048/1305/653
f 1057/1404/549 1065/1399/550 1045/1095/550 1046/1094/549
f 810/1405/686 808/1406/687 1065/1399/550 1057/1404/549
f 804/1407/688 802/1408/689 1066/1397/685 1058/1403/653
f 794/1409/690 816/1410/691 1067/1395/658 1059/1394/657
f 798/1411/692 796/1412/693 1068/1393/662 1060/1402/661
f 812/1413/694 810/1405/686 1057/1404/549 1061/1401/665
f 806/1414/695 804/1407/688 1058/1403/653 1062/1400/667
f 800/1415/696 798/1411/692 1060/1402/661 1063/1398/669
f 814/1416/697 812/1413/694 1061/1401/665 1064/1396/671
f 808/1406/687 806/1414/695 1062/1400/667 1065/1399/550
f 802/1408/689 800/1415/696 1063/1398/669 1066/1397/685
f 816/1410/691 814/1416/697 1064/1396/671 1067/1395/658
f 796/1412/693 794/1409/690 1059/1394/657 1068/1393/662
f 816/1410/691 794/1409/690 1069/1417/603 1080/1418/603
f 814/1416/697 816/1410/691 1080/1418/603 1079/1419/603
f 812/1413/694 814/1416/697 1079/1419/603 1078/1420/603
f 810/1405/686 812/1413/694 1078/1420/603 1077/1421/603
f 808/1406/687 810/1405/686 1077/1421/603 1076/1422/603
f 806/1414/695 808/1406/687 1076/1422/603 1075/1423/603
f 804/1407/688 806/1414/695 1075/1423/603 1074/1424/603
f 802/1408/689 804/1407/688 1074/1424/603 1073/1425/603
f 800/1415/696 802/1408/689 1073/1425/603 1072/1426/603
f 798/1411/692 800/1415/696 1072/1426/603 1071/1427/603
f 796/1412/693 798/1411/692 1071/1427/603 1070/1428/603
f 794/1409/690 796/1412/693 1070/1428/603 1069/1417/603
f 1080/1418/603 1069/1417/603 1092/1177/603 1091/1199/603
f 1079/1419/603 1080/1418/603 1091/1199/603 1090/1197/603
f 1078/1420/603 1079/1419/603 1090/1197/603 1089/1195/603
f 1077/1421/603 1078/1420/603 1089/1195/603 1088/1193/603
f 1076/1422/603 1077/1421/603 1088/1193/603 1087/1191/603
f 1075/1423/603 1076/1422/603 1087/1191/603 1086/1189/603
f 1074/1424/603 1075/1423/603 1086/1189/603 1085/1187/603
f 1073/1425/603 1074/1424/603 1085/1187/603 1084/1185/603
f 1072/1426/603 1073/1425/603 1084/1185/603 1083/1183/603
f 1071/1427/603 1072/1426/603 1083/1183/603 1082/1181/603
f 1070/1428/603 1071/1427/603 1082/1181/603 1081/1178/603
f 1069/1417/603 1070/1428/603 1081/1178/603 1092/1177/603
f 1010/1338/603 1009/1337/603 1093/1368/529 1094/1367/528
f 1009/1337/603 1011/1348/603 1095/1355/531 1093/1368/529
f 1011/1348/603 1012/1347/603 1096/1356/533 1095/1355/531
f 1012/1347/603 1013/1346/603 1097/1362/535 1096/1356/533
f 1013/1346/603 1014/1345/603 1098/1351/537 1097/1362/535
f 1014/1345/603 1015/1344/603 1099/1352/539 1098/1351/537
f 1015/1344/603 1016/1343/603 1100/1360/541 1099/1352/539
f 1016/1343/603 1017/1342/603 1101/1303/543 1100/1360/541
f 1017/1342/603 1018/1341/603 1102/1304/545 1101/1303/543
f 1018/1341/603 1019/1340/603 1103/1358/547 1102/1304/545
f 1019/1340/603 1020/1339/603 1104/1364/553 1103/1358/547
f 1020/1339/603 1010/1338/603 1094/1367/528 1104/1364/553
f 1127/1429/532 1124/1430/530 1116/1365/530 1109/1354/532
f 1128/1431/527 1123/1432/554 1114/1363/554 1115/1366/527
f 1126/1433/538 1122/1434/536 1113/1361/536 1107/1350/538
f 1125/1435/544 1121/1436/542 1112/1359/542 1105/1302/544
f 1124/1430/530 1128/1431/527 1115/1366/527 1116/1365/530
f 1123/1432/554 1120/1437/548 1111/1357/548 1114/1363/554
f 1122/1434/536 1119/1438/534 1110/1353/534 1113/1361/536
f 1121/1436/542 1118/1439/540 1108/1349/540 1112/1359/542
f 1120/1437/548 1117/1440/546 1106/1301/546 1111/1357/548
f 1119/1438/534 1127/1429/532 1109/1354/532 1110/1353/534
f 1118/1439/540 1126/1433/538 1107/1350/538 1108/1349/540
f 1117/1440/546 1125/1435/544 1105/1302/544 1106/1301/546
f 994/1375/676 993/1377/677 1125/1435/544 1117/1440/546
f 991/1381/679 990/1383/680 1126/1433/538 1118/1439/540
f 988/1387/682 987/1389/683 1127/1429/532 1119/1438/534
f 995/1373/675 994/1375/676 1117/1440/546 1120/1437/548
f 992/1379/678 991/1381/679 1118/1439/540 1121/1436/542
f 989/1385/681 988/1387/682 1119/1438/534 1122/1434/536
f 996/1369/673 995/1373/675 1120/1437/548 1123/1432/554
f 985/1391/684 986/1370/674 1128/1431/527 1124/1430/530
f 993/1377/677 992/1379/678 1121/1436/542 1125/1435/544
f 990/1383/680 989/1385/681 1122/1434/536 1126/1433/538
f 986/1370/674 996/1369/673 1123/1432/554 1128/1431/527
f 987/1389/683 985/1391/684 1124/1430/530 1127/1429/532
