# Blender v2.82 (sub 7) OBJ File: 'AlienStarfighter.blend'
# www.blender.org
mtllib AlienStarfighter6.mtl
v -1.548112 -0.000000 -0.281713
v 1.548112 0.000000 -0.263625
v -1.548112 -0.140857 -0.243971
v 1.548112 -0.131812 -0.228306
v -1.548112 -0.243971 -0.140857
v 1.548112 -0.228306 -0.131812
v -1.548112 -0.281713 0.000000
v 1.548112 -0.263625 0.000000
v -1.548112 -0.243971 0.140857
v 1.548112 -0.228306 0.131812
v -1.548112 -0.140857 0.243971
v 1.548112 -0.131812 0.228306
v -1.548112 -0.000000 0.281713
v 1.548112 0.000000 0.263625
v -1.548112 0.140856 0.243971
v 1.548112 0.131812 0.228306
v -1.548112 0.243971 0.140857
v 1.548112 0.228306 0.131812
v -1.548112 0.281713 0.000000
v 1.548112 0.263625 0.000000
v -1.548112 0.243971 -0.140857
v 1.548112 0.228306 -0.131812
v -1.548112 0.140857 -0.243971
v 1.548112 0.131813 -0.228306
v -1.479496 -0.000000 -0.334752
v -1.479496 -0.167376 -0.289904
v -1.479496 -0.289904 -0.167376
v -1.479496 -0.334752 0.000000
v -1.479496 -0.289904 0.167376
v -1.479496 -0.167376 0.289904
v -1.479496 -0.000000 0.334752
v -1.479496 0.167376 0.289904
v -1.479496 0.289904 0.167376
v -1.479496 0.334752 0.000000
v -1.479496 0.289904 -0.167376
v -1.479496 0.167376 -0.289904
v 1.490003 0.000000 -0.334752
v 1.490003 -0.167376 -0.289904
v 1.490003 -0.289904 -0.167376
v 1.490003 -0.334752 0.000000
v 1.490003 -0.289904 0.167376
v 1.490003 -0.167376 0.289904
v 1.490003 0.000000 0.334752
v 1.490003 0.167376 0.289904
v 1.490003 0.289904 0.167376
v 1.490003 0.334752 0.000000
v 1.490003 0.289904 -0.167376
v 1.490003 0.167376 -0.289904
v -1.548112 -0.000000 -0.334752
v -1.548112 -0.167376 -0.289904
v -1.548112 -0.289904 -0.167376
v -1.548112 -0.334752 0.000000
v -1.548112 -0.289904 0.167376
v -1.548112 -0.167376 0.289904
v -1.548112 -0.000000 0.334752
v -1.548112 0.167376 0.289904
v -1.548112 0.289904 0.167376
v -1.548112 0.334752 0.000000
v -1.548112 0.289904 -0.167376
v -1.548112 0.167376 -0.289904
v 1.548112 -0.167376 -0.289904
v 1.548112 0.000000 -0.334752
v 1.548112 -0.289904 -0.167376
v 1.548112 -0.334752 0.000000
v 1.548112 -0.289904 0.167376
v 1.548112 -0.167376 0.289904
v 1.548112 0.000000 0.334752
v 1.548112 0.167376 0.289904
v 1.548112 0.289904 0.167376
v 1.548112 0.334752 0.000000
v 1.548112 0.289904 -0.167376
v 1.548112 0.167376 -0.289904
vt 1.000000 0.990616
vt 1.000000 1.000000
vt 0.916667 1.000000
vt 0.916667 0.990616
vt 0.833333 1.000000
vt 0.833333 0.990616
vt 0.750000 1.000000
vt 0.750000 0.990616
vt 0.666667 1.000000
vt 0.666667 0.990616
vt 0.583333 1.000000
vt 0.583333 0.990616
vt 0.500000 1.000000
vt 0.500000 0.990616
vt 0.416667 1.000000
vt 0.416667 0.990616
vt 0.333333 1.000000
vt 0.333333 0.990616
vt 0.250000 1.000000
vt 0.250000 0.990616
vt 0.166667 1.000000
vt 0.166667 0.990616
vt 0.344503 0.413683
vt 0.250000 0.439005
vt 0.155497 0.413683
vt 0.086316 0.344503
vt 0.060995 0.250000
vt 0.086317 0.155497
vt 0.155497 0.086317
vt 0.250000 0.060995
vt 0.344503 0.086317
vt 0.413683 0.155497
vt 0.439005 0.250000
vt 0.413683 0.344503
vt 0.083333 1.000000
vt 0.083333 0.990616
vt 0.000000 1.000000
vt 0.000000 0.990616
vt 0.750000 0.451974
vt 0.850987 0.424914
vt 0.924915 0.350987
vt 0.951974 0.250000
vt 0.924915 0.149013
vt 0.850987 0.075085
vt 0.750000 0.048026
vt 0.649013 0.075085
vt 0.575085 0.149013
vt 0.548026 0.250000
vt 0.575085 0.350987
vt 0.649013 0.424915
vt 0.083333 0.500000
vt 0.083333 0.511081
vt 0.000000 0.511081
vt 0.000000 0.500000
vt 0.166667 0.500000
vt 0.166667 0.511081
vt 0.250000 0.500000
vt 0.250000 0.511081
vt 0.333333 0.500000
vt 0.333333 0.511081
vt 0.416667 0.500000
vt 0.416667 0.511081
vt 0.500000 0.500000
vt 0.500000 0.511081
vt 0.583333 0.500000
vt 0.583333 0.511081
vt 0.666667 0.500000
vt 0.666667 0.511081
vt 0.750000 0.500000
vt 0.750000 0.511081
vt 0.833333 0.500000
vt 0.833333 0.511081
vt 0.916667 0.500000
vt 0.916667 0.511081
vt 1.000000 0.500000
vt 1.000000 0.511081
vt 0.750000 0.490000
vt 0.870000 0.457846
vt 0.957846 0.370000
vt 0.990000 0.250000
vt 0.957846 0.130000
vt 0.870000 0.042154
vt 0.750000 0.010000
vt 0.630000 0.042154
vt 0.542154 0.130000
vt 0.510000 0.250000
vt 0.542154 0.370000
vt 0.630000 0.457846
vt 0.370000 0.457846
vt 0.250000 0.490000
vt 0.457846 0.370000
vt 0.490000 0.250000
vt 0.457846 0.130000
vt 0.370000 0.042154
vt 0.250000 0.010000
vt 0.130000 0.042154
vt 0.042154 0.130000
vt 0.010000 0.250000
vt 0.042154 0.370000
vt 0.130000 0.457846
vn 0.0000 0.0000 -1.0000
vn 0.6532 0.0000 -0.7571
vn 0.6532 -0.3786 -0.6557
vn 0.0000 -0.5000 -0.8660
vn 0.6532 -0.6557 -0.3786
vn 0.0000 -0.8660 -0.5000
vn 0.6532 -0.7571 0.0000
vn 0.0000 -1.0000 0.0000
vn 0.6532 -0.6557 0.3786
vn 0.0000 -0.8660 0.5000
vn 0.6532 -0.3786 0.6557
vn 0.0000 -0.5000 0.8660
vn 0.6532 0.0000 0.7571
vn 0.0000 0.0000 1.0000
vn 0.6532 0.3786 0.6557
vn 0.0000 0.5000 0.8660
vn 0.6532 0.6557 0.3786
vn 0.0000 0.8660 0.5000
vn 0.6532 0.7571 0.0000
vn 0.0000 1.0000 0.0000
vn 0.6532 0.6557 -0.3786
vn 0.0000 0.8660 -0.5000
vn 1.0000 0.0000 0.0000
vn 0.6532 0.3786 -0.6557
vn 0.0000 0.5000 -0.8660
vn -1.0000 0.0000 0.0000
vn -0.6532 0.3786 -0.6557
vn -0.6532 0.0000 -0.7571
vn -0.6532 0.6557 -0.3786
vn -0.6532 0.7571 0.0000
vn -0.6532 0.6557 0.3786
vn -0.6532 0.3786 0.6557
vn -0.6532 0.0000 0.7571
vn -0.6532 -0.3786 0.6557
vn -0.6532 -0.6557 0.3786
vn -0.6532 -0.7571 0.0000
vn -0.6532 -0.6557 -0.3786
vn -0.6532 -0.3786 -0.6557
usemtl None
s 1
f 37/1/1 62/2/2 61/3/3 38/4/4
f 38/4/4 61/3/3 63/5/5 39/6/6
f 39/6/6 63/5/5 64/7/7 40/8/8
f 40/8/8 64/7/7 65/9/9 41/10/10
f 41/10/10 65/9/9 66/11/11 42/12/12
f 42/12/12 66/11/11 67/13/13 43/14/14
f 43/14/14 67/13/13 68/15/15 44/16/16
f 44/16/16 68/15/15 69/17/17 45/18/18
f 45/18/18 69/17/17 70/19/19 46/20/20
f 46/20/20 70/19/19 71/21/21 47/22/22
f 4/23/23 2/24/23 24/25/23 22/26/23 20/27/23 18/28/23 16/29/23 14/30/23 12/31/23 10/32/23 8/33/23 6/34/23
f 47/22/22 71/21/21 72/35/24 48/36/25
f 48/36/25 72/35/24 62/37/2 37/38/1
f 1/39/26 3/40/26 5/41/26 7/42/26 9/43/26 11/44/26 13/45/26 15/46/26 17/47/26 19/48/26 21/49/26 23/50/26
f 60/51/27 36/52/25 25/53/1 49/54/28
f 59/55/29 35/56/22 36/52/25 60/51/27
f 58/57/30 34/58/20 35/56/22 59/55/29
f 57/59/31 33/60/18 34/58/20 58/57/30
f 56/61/32 32/62/16 33/60/18 57/59/31
f 55/63/33 31/64/14 32/62/16 56/61/32
f 54/65/34 30/66/12 31/64/14 55/63/33
f 53/67/35 29/68/10 30/66/12 54/65/34
f 52/69/36 28/70/8 29/68/10 53/67/35
f 51/71/37 27/72/6 28/70/8 52/69/36
f 50/73/38 26/74/4 27/72/6 51/71/37
f 49/75/28 25/76/1 26/74/4 50/73/38
f 36/52/25 48/36/25 37/38/1 25/53/1
f 35/56/22 47/22/22 48/36/25 36/52/25
f 34/58/20 46/20/20 47/22/22 35/56/22
f 33/60/18 45/18/18 46/20/20 34/58/20
f 32/62/16 44/16/16 45/18/18 33/60/18
f 31/64/14 43/14/14 44/16/16 32/62/16
f 30/66/12 42/12/12 43/14/14 31/64/14
f 29/68/10 41/10/10 42/12/12 30/66/12
f 28/70/8 40/8/8 41/10/10 29/68/10
f 27/72/6 39/6/6 40/8/8 28/70/8
f 26/74/4 38/4/4 39/6/6 27/72/6
f 25/76/1 37/1/1 38/4/4 26/74/4
f 3/40/26 1/39/26 49/77/28 50/78/38
f 5/41/26 3/40/26 50/78/38 51/79/37
f 7/42/26 5/41/26 51/79/37 52/80/36
f 9/43/26 7/42/26 52/80/36 53/81/35
f 11/44/26 9/43/26 53/81/35 54/82/34
f 13/45/26 11/44/26 54/82/34 55/83/33
f 15/46/26 13/45/26 55/83/33 56/84/32
f 17/47/26 15/46/26 56/84/32 57/85/31
f 19/48/26 17/47/26 57/85/31 58/86/30
f 21/49/26 19/48/26 58/86/30 59/87/29
f 23/50/26 21/49/26 59/87/29 60/88/27
f 1/39/26 23/50/26 60/88/27 49/77/28
f 2/24/23 4/23/23 61/89/3 62/90/2
f 4/23/23 6/34/23 63/91/5 61/89/3
f 6/34/23 8/33/23 64/92/7 63/91/5
f 8/33/23 10/32/23 65/93/9 64/92/7
f 10/32/23 12/31/23 66/94/11 65/93/9
f 12/31/23 14/30/23 67/95/13 66/94/11
f 14/30/23 16/29/23 68/96/15 67/95/13
f 16/29/23 18/28/23 69/97/17 68/96/15
f 18/28/23 20/27/23 70/98/19 69/97/17
f 20/27/23 22/26/23 71/99/21 70/98/19
f 22/26/23 24/25/23 72/100/24 71/99/21
f 24/25/23 2/24/23 62/90/2 72/100/24
v 0.000000 0.418577 -2.042007
v 0.000000 0.149388 -4.295068
v 0.000000 -0.149389 -4.295068
v -0.000000 0.671346 -0.022563
v 0.186401 0.604862 -1.014900
v 0.335882 0.418577 -1.810692
v 0.276472 0.115748 -4.174796
v 0.273947 -0.117807 -4.161235
v 0.322262 -0.418577 -1.738180
v 0.330099 0.604862 -0.659197
v 0.594818 0.418577 -1.169738
v 0.666505 0.149388 -1.453067
v 0.666505 -0.149389 -1.453067
v 0.570697 -0.418577 -1.123218
v 0.398176 0.604862 -0.157649
v 0.717488 0.418577 -0.265980
v 0.894693 0.149388 -0.326099
v 0.894693 -0.149389 -0.326099
v 0.688092 -0.418577 -0.258324
v 0.375035 0.604862 0.199207
v 0.675790 0.418577 0.386859
v 0.842697 0.149388 0.490999
v 0.842697 -0.149389 0.490999
v 0.649567 -0.418577 0.344851
v 0.265979 0.604862 0.459140
v 0.479277 0.418577 0.855243
v 0.580328 0.136223 1.156452
v 0.580328 -0.136223 1.156452
v 0.465271 -0.418577 0.784114
v 0.095990 0.604862 0.605919
v 0.172967 0.418577 1.119730
v 0.168670 -0.418577 1.040217
v -0.095990 0.604862 0.605919
v -0.172967 0.418577 1.119730
v -0.168670 -0.418577 1.040217
v -0.265979 0.604862 0.459140
v -0.479277 0.418577 0.855243
v -0.580328 0.136223 1.156452
v -0.580328 -0.136223 1.156452
v -0.465271 -0.418577 0.784114
v -0.375035 0.604862 0.199207
v -0.675790 0.418577 0.386859
v -0.842697 0.149388 0.490998
v -0.842697 -0.149389 0.490998
v -0.649567 -0.418577 0.344851
v -0.398176 0.604862 -0.157649
v -0.717488 0.418577 -0.265980
v -0.894693 0.149388 -0.326100
v -0.894693 -0.149389 -0.326100
v -0.688092 -0.418577 -0.258324
v -0.330099 0.604862 -0.659197
v -0.594818 0.418577 -1.169738
v -0.666504 0.149388 -1.453067
v -0.666504 -0.149389 -1.453067
v -0.570697 -0.418577 -1.123218
v -0.186401 0.604862 -1.014900
v -0.335882 0.418577 -1.810692
v -0.276472 0.115748 -4.174796
v -0.273947 -0.117807 -4.161235
v -0.322262 -0.418577 -1.738180
v -0.000000 0.604862 -1.143270
v -0.000000 -0.418577 -1.960115
v 0.215687 0.136223 1.471306
v 0.215687 -0.149389 1.471306
v -0.215687 0.136223 1.471306
v -0.215687 -0.149389 1.471306
v 0.597649 0.149388 1.141496
v 0.597649 -0.149389 1.141496
v 0.215687 -0.136223 1.471306
v 0.215687 0.149388 1.471306
v -0.215687 -0.136223 1.471306
v -0.215687 0.149388 1.471306
v -0.597649 0.149388 1.141496
v -0.597649 -0.149389 1.141496
v 0.215687 0.136223 1.646400
v 0.215687 -0.136223 1.646400
v -0.215687 0.136223 1.646400
v -0.215687 -0.136223 1.646400
v 0.500478 0.077854 1.555096
v 0.500478 -0.077854 1.555096
v -0.500478 0.077854 1.555096
v -0.500478 -0.077854 1.555096
v 0.580328 -0.136223 1.166425
v 0.580328 0.136223 1.166425
v -0.580328 0.136223 1.166425
v -0.215687 0.136223 1.481279
v -0.580328 -0.136223 1.166425
v 0.215687 -0.136223 1.481279
v -0.215687 -0.136223 1.481279
v 0.215687 0.136223 1.481279
v 0.580328 0.136223 1.522354
v -0.580328 0.136223 1.522354
v -0.580328 -0.136223 1.522354
v 0.215687 -0.136223 1.639258
v 0.580328 -0.136223 1.522354
v -0.215687 0.136223 1.639258
v -0.215687 -0.136223 1.639258
v 0.215687 0.136223 1.639258
v 0.580328 0.136223 1.529496
v 0.580328 -0.136223 1.529496
v 0.215687 -0.077854 1.646400
v 0.215687 0.077854 1.646400
v -0.215687 -0.077854 1.646400
v -0.215687 0.077854 1.646400
v -0.580328 0.136223 1.529496
v -0.580328 -0.136223 1.529496
v 0.215687 0.077854 1.517711
v 0.215687 -0.077854 1.517711
v -0.215687 0.077854 1.517711
v -0.215687 -0.077854 1.517711
v 0.500478 0.077854 1.426407
v 0.500478 -0.077854 1.426407
v -0.500478 0.077854 1.426407
v -0.500478 -0.077854 1.426407
v 0.215687 -0.077854 1.519324
v 0.500478 -0.077854 1.428020
v -0.215687 -0.077854 1.519324
v -0.500478 -0.077854 1.428020
v -0.215687 0.077854 1.519324
v 0.215687 0.077854 1.519324
v 0.500478 0.077854 1.428020
v -0.500478 0.077854 1.428020
v 0.215687 -0.077854 1.638602
v -0.500478 -0.077854 1.547298
v 0.215687 0.077854 1.638602
v 0.500478 0.077854 1.547298
v 0.500478 -0.077854 1.547298
v -0.215687 -0.077854 1.638602
v -0.215687 0.077854 1.638602
v -0.500478 0.077854 1.547298
v 0.508862 0.083983 1.552408
v 0.508862 -0.083983 1.552408
v 0.215687 -0.083983 1.646400
v 0.215687 0.083983 1.646400
v -0.215687 -0.083983 1.646400
v -0.215687 0.083983 1.646400
v -0.508862 -0.083983 1.552408
v -0.508862 0.083983 1.552408
v 0.571196 -0.129548 1.532424
v 0.215687 -0.129548 1.646400
v -0.215687 -0.129548 1.646400
v -0.571196 0.129548 1.532424
v 0.571196 0.129548 1.532424
v 0.215687 0.129548 1.646400
v -0.215687 0.129548 1.646400
v -0.571196 -0.129548 1.532424
v 0.570184 0.149388 -2.321605
v 0.565891 -0.149389 -2.360317
v 0.000000 0.374150 -2.413855
v -0.360982 0.337129 -2.378196
v 0.360487 0.338738 -2.366989
v -0.574818 0.149388 -2.279820
v -0.359585 -0.341664 -2.346597
v -0.568411 -0.149389 -2.337591
v -0.000000 -0.381692 -2.350729
v 0.360531 -0.338592 -2.368001
v 0.000000 0.240230 -3.534739
v -0.000000 -0.190586 -4.038345
v 0.418838 0.149388 -3.686313
v 0.418838 -0.149389 -3.686313
v -0.418838 0.149388 -3.686313
v -0.418838 -0.149389 -3.686313
v 0.000000 0.182916 -4.085835
v -0.000000 -0.247001 -3.478067
v 0.000000 -0.083180 -4.295068
v 0.418838 -0.128640 -3.686313
v 0.666505 -0.128640 -1.453067
v 0.894693 -0.128640 -0.326099
v 0.842697 -0.128640 0.490999
v 0.597649 -0.128640 1.141496
v -0.597649 -0.128640 1.141496
v -0.842697 -0.128640 0.490998
v -0.894693 -0.128640 -0.326100
v -0.666504 -0.128640 -1.453067
v -0.418838 -0.128640 -3.686313
v 0.580328 -0.117303 1.156452
v -0.580328 -0.117303 1.156452
v 0.580328 -0.117303 1.529496
v -0.580328 -0.117303 1.529496
v 0.580328 -0.117303 1.166425
v -0.580328 -0.117303 1.166425
v 0.580328 -0.117303 1.522354
v -0.580328 -0.117303 1.522354
v 0.500478 -0.067041 1.555096
v -0.500478 -0.067041 1.555096
v 0.215687 -0.067041 1.517711
v -0.215687 -0.067041 1.517711
v 0.500478 -0.067041 1.426407
v -0.500478 -0.067041 1.426407
v -0.500478 -0.067041 1.428020
v 0.500478 -0.067041 1.428020
v 0.500478 -0.067041 1.547298
v -0.500478 -0.067041 1.547298
v -0.508862 -0.072318 1.552408
v 0.508862 -0.072318 1.552408
v -0.571196 -0.111555 1.532424
v 0.571196 -0.111555 1.532424
v 0.566189 -0.128640 -2.357629
v -0.568856 -0.128640 -2.333579
v 0.274123 -0.101588 -4.162176
v -0.274122 -0.101588 -4.162176
v -0.580328 0.115941 1.166425
v -0.580328 0.115941 1.522354
v -0.500478 0.066262 1.428020
v -0.500478 0.066262 1.547298
v 0.508862 0.071479 1.552408
v 0.571196 0.110259 1.532424
v -0.574341 0.127146 -2.284121
v 0.000000 0.127146 -4.295068
v 0.418838 0.127146 -3.686313
v 0.666505 0.127146 -1.453067
v 0.894693 0.127146 -0.326099
v 0.842697 0.127146 0.490999
v 0.597649 0.127146 1.141496
v -0.597649 0.127146 1.141496
v -0.842697 0.127146 0.490998
v -0.894693 0.127146 -0.326100
v -0.666504 0.127146 -1.453067
v -0.418838 0.127146 -3.686313
v 0.580328 0.115941 1.156452
v -0.580328 0.115941 1.156452
v 0.580328 0.115941 1.529496
v -0.580328 0.115941 1.529496
v 0.580328 0.115941 1.166425
v 0.580328 0.115941 1.522354
v 0.500478 0.066262 1.555096
v -0.500478 0.066262 1.555096
v 0.215687 0.066262 1.517711
v -0.215687 0.066262 1.517711
v 0.500478 0.066262 1.426407
v -0.500478 0.066262 1.426407
v 0.500478 0.066262 1.428020
v 0.500478 0.066262 1.547298
v -0.508862 0.071479 1.552408
v -0.571196 0.110259 1.532424
v 0.569864 0.127146 -2.324487
v 0.276284 0.098361 -4.173786
v -0.276284 0.098361 -4.173786
v 0.000036 0.036694 -4.295068
v 0.482818 0.097130 -3.686313
v 0.768294 0.097130 -1.453067
v 1.031320 0.097130 -0.326099
v 0.971386 0.097130 0.490999
v 0.688927 0.097130 1.141496
v -0.688854 0.097130 1.141496
v -0.971313 0.097130 0.490999
v -1.031247 0.097130 -0.326100
v -0.768222 0.097130 -1.453067
v -0.482745 0.097130 -3.686313
v 0.580328 0.088570 1.156452
v -0.580328 0.088570 1.156452
v 0.580328 0.088570 1.529496
v -0.580328 0.088570 1.529496
v 0.580328 0.088570 1.166425
v 0.580328 0.088570 1.522354
v 0.500478 0.050620 1.555096
v -0.500478 0.050620 1.555096
v 0.215687 0.050620 1.517711
v -0.215687 0.050620 1.517711
v 0.500478 0.050620 1.426407
v -0.500478 0.050620 1.426407
v 0.500478 0.050620 1.428020
v 0.500478 0.050620 1.547298
v -0.508862 0.054604 1.552408
v -0.571196 0.084230 1.532424
v 0.656403 0.097130 -2.328376
v 0.318208 0.074898 -4.172424
v -0.318135 0.074898 -4.172424
v -0.580328 0.088570 1.166425
v -0.580328 0.088570 1.522354
v -0.500478 0.050620 1.428020
v -0.500478 0.050620 1.547298
v 0.508862 0.054604 1.552408
v 0.571196 0.084230 1.532424
v -0.661246 0.097130 -2.289924
v 0.000036 -0.067151 -4.295068
v 0.482818 -0.098450 -3.686313
v 0.768294 -0.098450 -1.453067
v 1.031320 -0.098450 -0.326099
v 0.971386 -0.098450 0.490999
v 0.688927 -0.098450 1.141496
v -0.688854 -0.098450 1.141496
v -0.971313 -0.098450 0.490999
v -1.031247 -0.098450 -0.326100
v -0.768222 -0.098450 -1.453067
v -0.482745 -0.098450 -3.686313
v 0.580328 -0.089773 1.156452
v -0.580328 -0.089773 1.156452
v 0.580328 -0.089773 1.529496
v -0.580328 -0.089773 1.529496
v 0.580328 -0.089773 1.166425
v 0.580328 -0.089773 1.522354
v 0.500478 -0.051307 1.555096
v -0.500478 -0.051307 1.555096
v 0.215687 -0.051307 1.517711
v -0.215687 -0.051307 1.517711
v 0.500478 -0.051307 1.426407
v -0.500478 -0.051307 1.426407
v 0.500478 -0.051307 1.428020
v 0.500478 -0.051307 1.547298
v -0.508862 -0.055346 1.552408
v -0.571196 -0.085374 1.532424
v 0.653164 -0.098450 -2.353717
v 0.316303 -0.077988 -4.163547
v -0.316230 -0.077988 -4.163547
v -0.580328 -0.089773 1.166425
v -0.580328 -0.089773 1.522354
v -0.500478 -0.051307 1.428020
v -0.500478 -0.051307 1.547298
v 0.508862 -0.055346 1.552408
v 0.571196 -0.085374 1.532424
v -0.656412 -0.098450 -2.327742
v -0.580328 0.077542 1.166425
v -0.580328 0.077542 1.522354
v -0.500478 0.044317 1.428020
v -0.500478 0.044317 1.547298
v 0.508862 0.047805 1.552408
v 0.571196 0.073742 1.532424
v -0.660947 0.085036 -2.292263
v 0.000036 0.030272 -4.295068
v 0.482818 0.085036 -3.686313
v 0.768294 0.085036 -1.453067
v 1.031320 0.085036 -0.326099
v 0.971386 0.085036 0.490999
v 0.688927 0.085036 1.141496
v -0.688854 0.085036 1.141496
v -0.971313 0.085036 0.490999
v -1.031247 0.085036 -0.326100
v -0.768222 0.085036 -1.453067
v -0.482745 0.085036 -3.686313
v 0.580328 0.077542 1.156452
v -0.580328 0.077542 1.156452
v 0.580328 0.077542 1.529496
v -0.580328 0.077542 1.529496
v 0.580328 0.077542 1.166425
v 0.580328 0.077542 1.522354
v 0.500478 0.044317 1.555096
v -0.500478 0.044317 1.555096
v 0.215687 0.044317 1.517711
v -0.215687 0.044317 1.517711
v 0.500478 0.044317 1.426407
v -0.500478 0.044317 1.426407
v 0.500478 0.044317 1.428020
v 0.500478 0.044317 1.547298
v -0.508862 0.047805 1.552408
v -0.571196 0.073742 1.532424
v 0.656203 0.085036 -2.329943
v 0.318090 0.065444 -4.171875
v -0.318017 0.065444 -4.171875
v 0.000036 -0.058335 -4.295068
v 0.482818 -0.081847 -3.686313
v 0.768294 -0.081847 -1.453067
v 1.031320 -0.081847 -0.326099
v 0.971386 -0.081847 0.490999
v 0.688927 -0.081847 1.141496
v -0.688854 -0.081847 1.141496
v -0.971313 -0.081847 0.490999
v -1.031247 -0.081847 -0.326100
v -0.768222 -0.081847 -1.453067
v -0.482745 -0.081847 -3.686313
v 0.580328 -0.074634 1.156452
v -0.580328 -0.074634 1.156452
v 0.580328 -0.074634 1.529496
v -0.580328 -0.074634 1.529496
v 0.580328 -0.074634 1.166425
v 0.580328 -0.074634 1.522354
v 0.500478 -0.042655 1.555096
v -0.500478 -0.042655 1.555096
v 0.215687 -0.042655 1.517711
v -0.215687 -0.042655 1.517711
v 0.500478 -0.042655 1.426407
v -0.500478 -0.042655 1.426407
v 0.500478 -0.042655 1.428020
v 0.500478 -0.042655 1.547298
v -0.508862 -0.046012 1.552408
v -0.571196 -0.070977 1.532424
v 0.653439 -0.081847 -2.351566
v 0.316464 -0.065010 -4.164300
v -0.316391 -0.065010 -4.164300
v -0.580328 -0.074634 1.166425
v -0.580328 -0.074634 1.522354
v -0.500478 -0.042655 1.428020
v -0.500478 -0.042655 1.547298
v 0.508862 -0.046012 1.552408
v 0.571196 -0.070977 1.532424
v -0.656822 -0.081847 -2.324531
v -0.580328 0.092281 1.166425
v -0.580328 0.092281 1.522354
v -0.500478 0.052740 1.428020
v -0.500478 0.052740 1.547298
v 0.508862 0.056892 1.552408
v 0.571196 0.087759 1.532424
v -0.649463 0.101200 -2.289138
v 0.000031 0.038855 -4.295068
v 0.474144 0.101200 -3.686313
v 0.754494 0.101200 -1.453067
v 1.012796 0.101200 -0.326099
v 0.953938 0.101200 0.490999
v 0.676551 0.101200 1.141496
v -0.676489 0.101200 1.141496
v -0.953875 0.101200 0.490999
v -1.012733 0.101200 -0.326100
v -0.754431 0.101200 -1.453067
v -0.474080 0.101200 -3.686313
v 0.580328 0.092281 1.156452
v -0.580328 0.092281 1.156452
v 0.580328 0.092281 1.529496
v -0.580328 0.092281 1.529496
v 0.580328 0.092281 1.166425
v 0.580328 0.092281 1.522354
v 0.500478 0.052740 1.555096
v -0.500478 0.052740 1.555096
v 0.215687 0.052740 1.517711
v -0.215687 0.052740 1.517711
v 0.500478 0.052740 1.426407
v -0.500478 0.052740 1.426407
v 0.500478 0.052740 1.428020
v 0.500478 0.052740 1.547298
v -0.508862 0.056892 1.552408
v -0.571196 0.087759 1.532424
v 0.644670 0.101200 -2.327849
v 0.312524 0.078079 -4.172608
v -0.312461 0.078079 -4.172608
v -0.580328 0.114457 1.166425
v -0.580328 0.114457 1.522354
v -0.500478 0.065414 1.428020
v -0.500478 0.065414 1.547298
v 0.508862 0.070564 1.552408
v 0.571196 0.108849 1.532424
v -0.579051 0.125519 -2.284435
v 0.000002 0.125519 -4.295068
v 0.422306 0.125519 -3.686313
v 0.672022 0.125519 -1.453067
v 0.902099 0.125519 -0.326099
v 0.849672 0.125519 0.490999
v 0.602596 0.125519 1.141496
v -0.602592 0.125519 1.141496
v -0.849668 0.125519 0.490998
v -0.902095 0.125519 -0.326100
v -0.672018 0.125519 -1.453067
v -0.422302 0.125519 -3.686313
v 0.580328 0.114457 1.156452
v -0.580328 0.114457 1.156452
v 0.580328 0.114457 1.529496
v -0.580328 0.114457 1.529496
v 0.580328 0.114457 1.166425
v 0.580328 0.114457 1.522354
v 0.500478 0.065414 1.555096
v -0.500478 0.065414 1.555096
v 0.215687 0.065414 1.517711
v -0.215687 0.065414 1.517711
v 0.500478 0.065414 1.426407
v -0.500478 0.065414 1.426407
v 0.500478 0.065414 1.428020
v 0.500478 0.065414 1.547298
v -0.508862 0.070564 1.552408
v -0.571196 0.108849 1.532424
v 0.574555 0.125519 -2.324698
v 0.278556 0.097090 -4.173713
v -0.278552 0.097090 -4.173713
v 0.594818 -0.418577 -1.169738
v 0.335882 -0.418577 -1.810692
v 0.717488 -0.418577 -0.265980
v 0.675790 -0.418577 0.386859
v 0.479277 -0.418577 0.855243
v 0.172967 -0.418577 1.119730
v -0.172967 -0.418577 1.119730
v -0.479277 -0.418577 0.855243
v -0.675790 -0.418577 0.386859
v -0.717488 -0.418577 -0.265980
v -0.594818 -0.418577 -1.169738
v -0.335882 -0.418577 -1.810692
v -0.000000 -0.418577 -2.042007
v 0.000032 -0.069097 -4.295068
v 0.475049 -0.102116 -3.686313
v 0.755934 -0.102116 -1.453067
v 1.014730 -0.102116 -0.326099
v 0.955759 -0.102116 0.490999
v 0.677843 -0.102116 1.141496
v -0.677779 -0.102116 1.141496
v -0.955695 -0.102116 0.490999
v -1.014666 -0.102116 -0.326100
v -0.755870 -0.102116 -1.453067
v -0.474985 -0.102116 -3.686313
v 0.580328 -0.093116 1.156452
v -0.580328 -0.093116 1.156452
v 0.580328 -0.093116 1.529496
v -0.580328 -0.093116 1.529496
v 0.580328 -0.093116 1.166425
v 0.580328 -0.093116 1.522354
v 0.500478 -0.053218 1.555096
v -0.500478 -0.053218 1.555096
v 0.215687 -0.053218 1.517711
v -0.215687 -0.053218 1.517711
v 0.500478 -0.053218 1.426407
v -0.500478 -0.053218 1.426407
v 0.500478 -0.053218 1.428020
v 0.500478 -0.053218 1.547298
v -0.508862 -0.057407 1.552408
v -0.571196 -0.088553 1.532424
v 0.642603 -0.102116 -2.354192
v 0.311181 -0.080854 -4.163381
v -0.311117 -0.080854 -4.163381
v -0.580328 -0.093116 1.166425
v -0.580328 -0.093116 1.522354
v -0.500478 -0.053218 1.428020
v -0.500478 -0.053218 1.547298
v 0.508862 -0.057407 1.552408
v 0.571196 -0.088553 1.532424
v -0.645780 -0.102116 -2.328450
v 0.000003 -0.081818 -4.295068
v 0.424278 -0.126073 -3.686313
v 0.675159 -0.126073 -1.453067
v 0.906310 -0.126073 -0.326099
v 0.853638 -0.126073 0.490999
v 0.605410 -0.126073 1.141496
v -0.605404 -0.126073 1.141496
v -0.853632 -0.126073 0.490998
v -0.906303 -0.126073 -0.326100
v -0.675153 -0.126073 -1.453067
v -0.424272 -0.126073 -3.686313
v 0.580328 -0.114962 1.156452
v -0.580328 -0.114962 1.156452
v 0.580328 -0.114962 1.529496
v -0.580328 -0.114962 1.529496
v 0.580328 -0.114962 1.166425
v 0.580328 -0.114962 1.522354
v 0.500478 -0.065703 1.555096
v -0.500478 -0.065703 1.555096
v 0.215687 -0.065703 1.517711
v -0.215687 -0.065703 1.517711
v 0.500478 -0.065703 1.426407
v -0.500478 -0.065703 1.426407
v 0.500478 -0.065703 1.428020
v 0.500478 -0.065703 1.547298
v -0.508862 -0.070875 1.552408
v -0.571196 -0.109329 1.532424
v 0.573584 -0.126073 -2.357296
v 0.277709 -0.099581 -4.162292
v -0.277702 -0.099581 -4.162292
v -0.580328 -0.114962 1.166425
v -0.580328 -0.114962 1.522354
v -0.500478 -0.065703 1.428020
v -0.500478 -0.065703 1.547298
v 0.508862 -0.070875 1.552408
v 0.571196 -0.109329 1.532424
v -0.576300 -0.126073 -2.333083
vt 0.692308 0.285714
vt 0.692308 0.305289
vt 0.615385 0.328162
vt 0.615385 0.285714
vt 0.692308 0.571429
vt 0.691901 0.585653
vt 0.641531 0.553576
vt 0.692308 0.857143
vt 0.653846 1.000000
vt 0.615385 0.857143
vt 0.692308 0.560794
vt 0.641566 0.545518
vt 0.692308 0.714286
vt 0.615385 0.714286
vt 0.569711 0.428571
vt 0.538462 0.428571
vt 0.538462 0.285714
vt 0.615385 0.571429
vt 0.615385 0.671915
vt 0.568378 0.571429
vt 0.576923 1.000000
vt 0.538462 0.857143
vt 0.615385 0.560794
vt 0.568477 0.560794
vt 0.538462 0.714286
vt 0.461539 0.428571
vt 0.461539 0.285714
vt 0.538462 0.571429
vt 0.461539 0.714286
vt 0.461539 0.571429
vt 0.500000 1.000000
vt 0.461539 0.857143
vt 0.538462 0.560794
vt 0.461539 0.560794
vt 0.384615 0.714286
vt 0.384615 0.571429
vt 0.423077 1.000000
vt 0.384615 0.857143
vt 0.384615 0.560794
vt 0.384615 0.428571
vt 0.384615 0.285714
vt 0.307692 0.571429
vt 0.307692 0.560794
vt 0.307692 0.857143
vt 0.307692 0.714286
vt 0.307692 0.428571
vt 0.307692 0.285714
vt 0.346154 1.000000
vt 0.080411 0.443913
vt 0.080411 0.434867
vt 0.080411 0.434867
vt 0.080411 0.443913
vt 0.230769 0.857143
vt 0.230769 0.714286
vt 0.230769 0.428571
vt 0.230769 0.285714
vt 0.230769 0.571429
vt 0.269231 1.000000
vt 0.153846 0.857143
vt 0.153846 0.714286
vt 0.153846 0.428571
vt 0.153846 0.285714
vt 0.192308 1.000000
vt 0.076923 0.428571
vt 0.076923 0.285714
vt 0.153846 0.571429
vt 0.076923 0.714286
vt 0.076923 0.571429
vt 0.115385 1.000000
vt 0.076923 0.857143
vt 0.153846 0.565133
vt 0.080411 0.565133
vt 0.080411 0.565133
vt 0.153846 0.565133
vt 0.000000 0.428571
vt 0.000000 0.285714
vt 0.000000 0.714286
vt 0.000000 0.571429
vt 0.038462 1.000000
vt 0.000000 0.857143
vt 0.076923 0.560794
vt 0.000000 0.560794
vt 1.000000 0.857143
vt 0.961538 1.000000
vt 0.923077 0.857143
vt 1.000000 0.560794
vt 1.000000 0.571429
vt 0.923077 0.571429
vt 0.923077 0.560794
vt 1.000000 0.714286
vt 0.923077 0.714286
vt 1.000000 0.285714
vt 1.000000 0.428571
vt 0.923077 0.428571
vt 0.923077 0.285714
vt 0.846154 0.571429
vt 0.846154 0.560794
vt 0.846154 0.857143
vt 0.846154 0.714286
vt 0.846154 0.428571
vt 0.846154 0.285714
vt 0.884615 1.000000
vt 0.817677 0.571429
vt 0.817529 0.560794
vt 0.769231 0.857143
vt 0.769231 0.714286
vt 0.815687 0.428571
vt 0.769231 0.285714
vt 0.807692 1.000000
vt 0.769231 0.326532
vt 0.743084 0.553576
vt 0.730769 1.000000
vt 0.611948 0.285714
vt 0.536893 0.285714
vt 0.460474 0.285714
vt 0.389374 0.285714
vt 0.317967 0.285714
vt 0.245053 0.285714
vt 0.174369 0.285714
vt 0.155504 0.285714
vt 0.929268 0.285714
vt 0.906790 0.285714
vt 0.834354 0.285714
vt 0.761000 0.285714
vt 0.686712 0.285714
vt 0.743049 0.545518
vt 0.304204 0.555436
vt 0.304204 0.565133
vt 0.304204 0.565133
vt 0.304204 0.555436
vt 0.304204 0.443913
vt 0.304204 0.434867
vt 0.307692 0.438492
vt 0.230769 0.434867
vt 0.230769 0.565133
vt 0.304204 0.565133
vt 0.153846 0.434867
vt 0.153846 0.565133
vt 0.080411 0.555436
vt 0.080411 0.565133
vt 0.080411 0.434867
vt 0.230769 0.537225
vt 0.153846 0.537225
vt 0.153846 0.537225
vt 0.230769 0.537225
vt 0.096492 0.462775
vt 0.153846 0.462775
vt 0.153846 0.462775
vt 0.096492 0.462775
vt 0.230769 0.462775
vt 0.288123 0.462775
vt 0.288123 0.462775
vt 0.230769 0.462775
vt 0.153846 0.434867
vt 0.230769 0.434867
vt 0.230769 0.434867
vt 0.153846 0.434867
vt 0.304204 0.434866
vt 0.304204 0.434867
vt 0.230769 0.565133
vt 0.230769 0.565133
vt 0.230769 0.565133
vt 0.304204 0.565133
vt 0.153846 0.565133
vt 0.153846 0.434867
vt 0.080411 0.434867
vt 0.304204 0.434867
vt 0.230769 0.434867
vt 0.304204 0.555436
vt 0.304204 0.555436
vt 0.080411 0.565133
vt 0.080411 0.443913
vt 0.080411 0.443913
vt 0.302365 0.446661
vt 0.302365 0.438058
vt 0.304204 0.443913
vt 0.230769 0.438058
vt 0.153846 0.438058
vt 0.153846 0.561942
vt 0.230769 0.561942
vt 0.082250 0.552719
vt 0.082250 0.561942
vt 0.080411 0.555436
vt 0.082250 0.438058
vt 0.288123 0.531895
vt 0.288123 0.537225
vt 0.230769 0.531683
vt 0.153846 0.531683
vt 0.096492 0.537225
vt 0.096492 0.531596
vt 0.288123 0.537225
vt 0.288123 0.531895
vt 0.096492 0.537225
vt 0.096492 0.467579
vt 0.096492 0.467579
vt 0.153846 0.462775
vt 0.230769 0.462775
vt 0.096492 0.467945
vt 0.096492 0.462775
vt 0.153846 0.537225
vt 0.096492 0.537225
vt 0.288123 0.531690
vt 0.288123 0.537225
vt 0.230769 0.537225
vt 0.288123 0.462775
vt 0.230769 0.537225
vt 0.153846 0.537225
vt 0.096492 0.462775
vt 0.153846 0.462775
vt 0.230769 0.462775
vt 0.288123 0.462775
vt 0.288123 0.537225
vt 0.288123 0.531687
vt 0.096492 0.537225
vt 0.096492 0.467936
vt 0.153846 0.540155
vt 0.094804 0.540155
vt 0.094804 0.459845
vt 0.153846 0.459845
vt 0.096492 0.531678
vt 0.094804 0.534177
vt 0.230769 0.540155
vt 0.230769 0.459845
vt 0.289812 0.540155
vt 0.289812 0.459845
vt 0.288123 0.467936
vt 0.289812 0.465422
vt 0.302365 0.561942
vt 0.692308 0.690708
vt 0.769231 0.671062
vt 0.769231 0.571429
vt 0.615385 0.428571
vt 0.769231 0.428571
vt 0.692308 0.376769
vt 0.769231 0.560794
vt 0.692308 0.619638
vt 0.641995 0.445332
vt 0.691806 0.411112
vt 0.692308 0.428571
vt 0.742620 0.445332
vt 0.742652 0.452849
vt 0.769231 0.438492
vt 0.742656 0.453779
vt 0.769231 0.439719
vt 0.641963 0.452849
vt 0.615385 0.438492
vt 0.815825 0.438492
vt 0.569619 0.438492
vt 0.538462 0.438492
vt 0.289812 0.466112
vt 0.302365 0.447726
vt 0.094804 0.465422
vt 0.082250 0.446661
vt 0.288123 0.468576
vt 0.096492 0.468576
vt 0.096492 0.468585
vt 0.288123 0.467945
vt 0.288123 0.467579
vt 0.096492 0.468215
vt 0.096492 0.468215
vt 0.288123 0.467579
vt 0.230769 0.467945
vt 0.153846 0.467945
vt 0.304204 0.445032
vt 0.080411 0.445032
vt 0.080411 0.445032
vt 0.304204 0.443913
vt 0.304204 0.443913
vt 0.080411 0.445032
vt 0.076923 0.438492
vt 0.304204 0.445032
vt 0.307692 0.439719
vt 0.692308 0.438492
vt 0.846154 0.438492
vt 0.923077 0.438492
vt 1.000000 0.438492
vt 0.000000 0.438492
vt 0.080411 0.445032
vt 0.384615 0.438492
vt 0.461538 0.438492
vt 0.080411 0.555436
vt 0.080411 0.555436
vt 0.096492 0.531596
vt 0.096492 0.531681
vt 0.289812 0.534177
vt 0.302365 0.552719
vt 0.641569 0.544928
vt 0.615385 0.560016
vt 0.817518 0.560016
vt 0.769231 0.560016
vt 0.568485 0.560016
vt 0.538462 0.560016
vt 0.094804 0.533739
vt 0.082250 0.552045
vt 0.096492 0.531272
vt 0.288123 0.531281
vt 0.288123 0.531284
vt 0.288123 0.531481
vt 0.288123 0.531481
vt 0.230769 0.531277
vt 0.153846 0.531277
vt 0.096492 0.531184
vt 0.080411 0.554726
vt 0.304204 0.554726
vt 0.304204 0.554726
vt 0.304204 0.554726
vt 0.080411 0.554726
vt 0.076923 0.560016
vt 0.304204 0.554726
vt 0.743047 0.544928
vt 0.692308 0.560016
vt 0.846154 0.560016
vt 0.923077 0.560016
vt 1.000000 0.560016
vt 0.000000 0.560016
vt 0.384615 0.560016
vt 0.307692 0.560016
vt 0.461539 0.560016
vt 0.692308 0.540659
vt 0.692308 0.546442
vt 0.641613 0.534643
vt 0.641631 0.530261
vt 0.615385 0.540659
vt 0.615385 0.546442
vt 0.568611 0.546442
vt 0.568665 0.540659
vt 0.538462 0.540659
vt 0.538462 0.546442
vt 0.461539 0.546442
vt 0.461539 0.540659
vt 0.384615 0.546442
vt 0.384616 0.540659
vt 0.307692 0.546442
vt 0.307692 0.540659
vt 0.076923 0.540659
vt 0.076923 0.546442
vt 0.000000 0.546442
vt 0.000000 0.540659
vt 1.000000 0.540659
vt 1.000000 0.546442
vt 0.923077 0.546442
vt 0.923077 0.540659
vt 0.846154 0.546442
vt 0.846154 0.540659
vt 0.817329 0.546442
vt 0.817248 0.540659
vt 0.742984 0.530262
vt 0.743003 0.534643
vt 0.304204 0.537076
vt 0.304204 0.542349
vt 0.304204 0.542349
vt 0.304204 0.537069
vt 0.080411 0.537076
vt 0.080411 0.542349
vt 0.304204 0.537076
vt 0.304204 0.542349
vt 0.304204 0.542349
vt 0.304204 0.537076
vt 0.082250 0.535259
vt 0.082250 0.540274
vt 0.080411 0.542349
vt 0.080411 0.537069
vt 0.288123 0.521325
vt 0.288123 0.524255
vt 0.230769 0.524203
vt 0.230769 0.521189
vt 0.153846 0.521189
vt 0.153846 0.524203
vt 0.096492 0.523992
vt 0.096492 0.521075
vt 0.288123 0.521325
vt 0.288123 0.524255
vt 0.288123 0.521197
vt 0.288123 0.524210
vt 0.288123 0.521192
vt 0.288123 0.524206
vt 0.096492 0.521185
vt 0.096492 0.524197
vt 0.094804 0.526109
vt 0.094804 0.522858
vt 0.769231 0.546442
vt 0.769231 0.540659
vt 0.080411 0.544123
vt 0.080411 0.542349
vt 0.080411 0.544123
vt 0.304204 0.544123
vt 0.307692 0.548388
vt 0.080411 0.544123
vt 0.080411 0.542349
vt 0.080411 0.544123
vt 0.302365 0.541961
vt 0.302365 0.540274
vt 0.304204 0.544123
vt 0.096492 0.525023
vt 0.096492 0.523992
vt 0.096492 0.525023
vt 0.096492 0.525216
vt 0.096492 0.524202
vt 0.096492 0.525212
vt 0.288123 0.525220
vt 0.289812 0.526109
vt 0.289812 0.527202
vt 0.743009 0.536118
vt 0.769231 0.548388
vt 0.641922 0.462458
vt 0.641916 0.463786
vt 0.615385 0.452927
vt 0.615385 0.451174
vt 0.816002 0.451174
vt 0.816026 0.452927
vt 0.769231 0.452927
vt 0.769231 0.451174
vt 0.569500 0.451174
vt 0.569484 0.452927
vt 0.538462 0.452927
vt 0.538462 0.451174
vt 0.094804 0.472552
vt 0.094804 0.473537
vt 0.082250 0.459179
vt 0.082250 0.457659
vt 0.096492 0.474547
vt 0.096492 0.475461
vt 0.288123 0.474548
vt 0.288123 0.475462
vt 0.288123 0.475470
vt 0.288123 0.474556
vt 0.288123 0.475085
vt 0.288123 0.474174
vt 0.288123 0.475085
vt 0.288123 0.474174
vt 0.230769 0.474555
vt 0.230769 0.475468
vt 0.153846 0.475468
vt 0.153846 0.474554
vt 0.096492 0.475050
vt 0.096492 0.474143
vt 0.080411 0.457072
vt 0.080411 0.455475
vt 0.304204 0.455477
vt 0.304204 0.457076
vt 0.304204 0.457076
vt 0.304204 0.455477
vt 0.304204 0.455477
vt 0.304204 0.457076
vt 0.080411 0.455477
vt 0.080411 0.457076
vt 0.076923 0.452927
vt 0.076923 0.451174
vt 0.304204 0.457072
vt 0.304204 0.455475
vt 0.742694 0.462458
vt 0.742699 0.463786
vt 0.692308 0.452927
vt 0.692308 0.451174
vt 0.846154 0.451174
vt 0.846154 0.452927
vt 0.923077 0.451174
vt 0.923077 0.452927
vt 1.000000 0.451174
vt 1.000000 0.452927
vt 0.000000 0.452927
vt 0.000000 0.451174
vt 0.384615 0.451174
vt 0.384615 0.452927
vt 0.307692 0.452927
vt 0.307692 0.451174
vt 0.461538 0.451174
vt 0.461538 0.452927
vt 0.080411 0.464317
vt 0.080411 0.457076
vt 0.080411 0.464313
vt 0.304204 0.464315
vt 0.307692 0.460866
vt 0.080411 0.464315
vt 0.080411 0.457076
vt 0.080411 0.464315
vt 0.302365 0.466063
vt 0.302365 0.459179
vt 0.304204 0.464313
vt 0.096492 0.479186
vt 0.096492 0.475050
vt 0.096492 0.479155
vt 0.096492 0.479609
vt 0.096492 0.475471
vt 0.096492 0.479599
vt 0.288123 0.479602
vt 0.289812 0.473537
vt 0.289812 0.478000
vt 0.742725 0.469801
vt 0.769231 0.460866
vt 0.289812 0.522858
vt 0.302365 0.535259
vt 0.096492 0.521192
vt 0.096492 0.521076
vt 0.080411 0.537076
vt 0.080411 0.537076
vt 0.641890 0.469801
vt 0.615385 0.460866
vt 0.816137 0.460866
vt 0.569410 0.460866
vt 0.538462 0.460866
vt 0.094804 0.478000
vt 0.082250 0.466063
vt 0.288123 0.479609
vt 0.288123 0.479241
vt 0.288123 0.479241
vt 0.230769 0.479605
vt 0.153846 0.479605
vt 0.304204 0.464315
vt 0.304204 0.464317
vt 0.076923 0.460866
vt 0.692308 0.460866
vt 0.846154 0.460866
vt 0.923077 0.460866
vt 1.000000 0.460866
vt 0.000000 0.460866
vt 0.384615 0.460866
vt 0.461538 0.460866
vt 0.289812 0.533739
vt 0.302365 0.552045
vt 0.096492 0.531275
vt 0.096492 0.531184
vt 0.080411 0.554726
vt 0.080411 0.554726
vt 0.692308 0.548388
vt 0.641606 0.536118
vt 0.615385 0.548388
vt 0.568593 0.548388
vt 0.538462 0.548388
vt 0.461539 0.548388
vt 0.384615 0.548388
vt 0.076923 0.548388
vt 0.000000 0.548388
vt 1.000000 0.548388
vt 0.923077 0.548388
vt 0.846154 0.548388
vt 0.817356 0.548388
vt 0.304204 0.544123
vt 0.304204 0.544123
vt 0.082250 0.541961
vt 0.288123 0.525291
vt 0.230769 0.525217
vt 0.153846 0.525217
vt 0.288123 0.525291
vt 0.288123 0.525224
vt 0.094804 0.527202
vt 0.692308 0.439719
vt 0.641959 0.453779
vt 0.615385 0.439719
vt 0.569607 0.439719
vt 0.538462 0.439719
vt 0.461538 0.439719
vt 0.384615 0.439719
vt 0.076923 0.439719
vt 0.000000 0.439719
vt 1.000000 0.439719
vt 0.923077 0.439719
vt 0.846154 0.439719
vt 0.815842 0.439719
vt 0.304204 0.445032
vt 0.304204 0.445032
vt 0.082250 0.447726
vt 0.288123 0.468217
vt 0.230769 0.468585
vt 0.153846 0.468585
vt 0.288123 0.468217
vt 0.288123 0.468585
vt 0.094804 0.466112
vt 0.080411 0.455477
vt 0.080411 0.455477
vt 0.302365 0.457659
vt 0.096492 0.474143
vt 0.096492 0.474557
vt 0.289812 0.472552
vn 0.0701 -0.9934 -0.0903
vn 0.1201 -0.9844 -0.1286
vn 0.4199 -0.9013 -0.1069
vn 0.3534 -0.9307 -0.0946
vn 0.3907 0.5438 -0.7427
vn 0.1845 0.9744 -0.1283
vn 0.6417 0.5239 -0.5602
vn 0.1085 0.9815 -0.1576
vn 0.1369 0.9905 0.0109
vn 0.1987 0.9725 -0.1214
vn 0.4082 0.1284 -0.9038
vn 0.6258 0.3150 -0.7135
vn 0.1133 0.9819 -0.1518
vn 0.4255 0.8882 -0.1732
vn 0.9138 -0.3906 -0.1112
vn 0.9282 -0.3315 -0.1687
vn 0.4954 -0.8637 -0.0931
vn 0.7661 0.6111 -0.1989
vn 0.4193 0.9015 -0.1067
vn 0.9140 0.3899 -0.1121
vn 0.3052 0.9499 -0.0669
vn 0.8218 0.5382 -0.1870
vn 0.8136 0.5744 -0.0903
vn 0.3931 0.9105 -0.1284
vn 0.9628 -0.2621 -0.0653
vn 0.5115 -0.8590 -0.0224
vn 0.9284 0.3307 -0.1697
vn 0.8245 0.5440 -0.1556
vn 0.8525 0.5214 -0.0374
vn 0.9628 0.2621 -0.0653
vn 0.3473 0.9377 -0.0089
vn 0.7964 0.5921 -0.1231
vn 0.7619 0.6455 -0.0540
vn 0.4973 0.8672 -0.0250
vn 0.8028 0.5742 0.1608
vn 0.9311 0.2977 0.2109
vn 0.3374 0.9387 0.0714
vn 0.7490 0.6411 0.1673
vn 0.4662 0.8761 0.1228
vn 0.9311 -0.2977 0.2109
vn 0.4885 -0.8670 0.0979
vn 0.7518 0.3607 0.5520
vn 0.6443 0.3824 0.6622
vn 0.2551 0.9525 0.1661
vn 0.5075 0.7939 0.3349
vn 0.7518 -0.3607 0.5520
vn 0.3897 -0.8906 0.2345
vn -1.0000 0.0000 0.0000
vn -0.7071 -0.7071 -0.0000
vn -0.6490 -0.5954 0.4735
vn -0.8079 0.0000 0.5894
vn 0.1998 0.9521 0.2314
vn 0.3831 0.8102 0.4437
vn 0.3090 -0.4054 0.8604
vn 0.1570 -0.9199 0.3594
vn 0.3090 0.4054 0.8604
vn 0.0000 0.8716 0.4902
vn 0.0000 0.9718 0.2357
vn -0.3090 -0.4054 0.8604
vn -0.1570 -0.9199 0.3594
vn 0.0000 0.9945 0.1052
vn -0.7518 -0.3607 0.5520
vn -0.3897 -0.8906 0.2345
vn -0.3090 0.4054 0.8604
vn -0.3831 0.8102 0.4437
vn -0.5075 0.7939 0.3349
vn -0.7518 0.3607 0.5520
vn -0.1998 0.9521 0.2314
vn -0.1369 0.9905 0.0109
vn -0.2551 0.9525 0.1661
vn 0.0000 1.0000 -0.0000
vn -0.7071 0.7071 -0.0000
vn -0.6490 0.5954 0.4735
vn -0.1141 0.6739 0.7299
vn -0.9311 -0.2977 0.2109
vn -0.4885 -0.8670 0.0979
vn -0.8028 0.5742 0.1608
vn -0.9311 0.2977 0.2109
vn -0.3374 0.9387 0.0714
vn -0.6444 0.3824 0.6622
vn -0.7490 0.6410 0.1673
vn -0.4662 0.8761 0.1228
vn -0.3473 0.9377 -0.0089
vn -0.9628 0.2621 -0.0653
vn -0.7619 0.6454 -0.0540
vn -0.4973 0.8672 -0.0250
vn -0.9628 -0.2621 -0.0653
vn -0.5115 -0.8590 -0.0224
vn -0.8525 0.5214 -0.0374
vn -0.9285 0.3297 -0.1707
vn -0.7963 0.5922 -0.1231
vn -0.3052 0.9499 -0.0669
vn -0.3931 0.9105 -0.1284
vn -0.9283 -0.3310 -0.1693
vn -0.4955 -0.8636 -0.0933
vn -0.8248 0.5433 -0.1564
vn -0.9143 0.3889 -0.1132
vn -0.8132 0.5750 -0.0903
vn -0.1987 0.9725 -0.1214
vn -0.4258 0.8880 -0.1736
vn -0.9139 -0.3902 -0.1117
vn -0.3535 -0.9306 -0.0948
vn -0.4194 -0.9015 -0.1069
vn -0.1206 -0.9844 -0.1284
vn -0.0699 -0.9935 -0.0902
vn -0.6417 0.5239 -0.5602
vn -0.1845 0.9744 -0.1283
vn -0.3907 0.5438 -0.7427
vn -0.1085 0.9815 -0.1576
vn -0.0000 -1.0000 0.0000
vn -0.6259 0.3145 -0.7137
vn -0.4082 0.1280 -0.9039
vn -0.1134 0.9819 -0.1519
vn 1.0000 0.0000 0.0000
vn 0.7071 0.7071 0.0000
vn 0.6490 0.5954 0.4735
vn 0.8079 0.0000 0.5894
vn 0.8589 -0.1911 0.4752
vn 0.7851 -0.1449 0.6021
vn 0.6426 -0.3770 0.6670
vn 0.2117 -0.7946 0.5690
vn 0.2117 0.7946 0.5690
vn 0.7851 0.1449 0.6021
vn -0.2117 -0.7946 0.5690
vn -0.2117 0.7946 0.5690
vn -0.8607 0.1959 0.4698
vn -0.7851 0.1449 0.6021
vn -0.7851 -0.1449 0.6021
vn -0.1033 -0.7436 0.6606
vn 0.1033 -0.7436 0.6606
vn -0.1033 0.7436 0.6606
vn 0.4872 0.5628 0.6678
vn -0.4872 0.5628 0.6678
vn 0.1033 0.7436 0.6606
vn 0.1141 -0.6739 0.7299
vn -0.1141 -0.6739 0.7299
vn 0.7071 -0.7071 0.0000
vn 0.6490 -0.5954 0.4735
vn 0.1141 0.6739 0.7299
vn 0.8607 0.1960 0.4698
vn -0.8589 -0.1910 0.4752
vn 0.3053 0.0000 0.9523
vn 0.1545 -0.0000 0.9880
vn -0.1545 -0.0000 0.9880
vn -0.3053 0.0000 0.9523
vn -0.5894 0.0000 0.8079
vn -0.4872 -0.5628 0.6678
vn 0.4872 -0.5628 0.6678
vn 0.5894 0.0000 0.8079
vn 0.0272 0.3864 0.9219
vn -0.0271 0.3865 0.9219
vn -0.0271 -0.3865 0.9219
vn 0.0271 -0.3865 0.9219
vn -0.1232 0.9841 -0.1280
vn -0.4196 0.9014 -0.1067
vn 0.1234 0.9841 -0.1279
vn -0.7662 0.6111 -0.1989
vn 0.7640 -0.6131 -0.2010
vn -0.7639 -0.6132 -0.2011
vn -0.1570 -0.9802 -0.1207
vn 0.1572 -0.9802 -0.1206
vn -0.8217 0.5383 -0.1870
vn 0.1581 0.9800 -0.1205
vn -0.1582 0.9800 -0.1205
vn 0.6519 -0.5372 -0.5352
vn 0.1879 -0.9741 -0.1260
vn 0.4162 -0.5462 -0.7269
vn -0.1879 -0.9741 -0.1260
vn -0.6519 -0.5372 -0.5352
vn -0.4162 -0.5462 -0.7269
vn -0.6082 -0.3786 -0.6977
vn -0.8169 -0.5442 -0.1910
vn -0.4385 -0.7037 -0.5590
vn -0.4084 -0.9055 -0.1151
vn 0.6080 -0.3791 -0.6975
vn 0.8169 -0.5443 -0.1910
vn -0.8148 -0.5726 -0.0905
vn 0.8149 -0.5725 -0.0905
vn 0.7970 -0.5913 -0.1232
vn -0.7877 -0.2345 0.5696
vn -0.6427 -0.3769 0.6670
vn 0.7877 -0.2346 0.5697
vn 0.2803 -0.7595 0.5870
vn -0.4122 -0.2298 -0.8816
vn -0.7969 -0.5914 -0.1232
vn -0.7624 -0.6449 -0.0541
vn -0.7495 -0.6404 0.1675
vn 0.7495 -0.6405 0.1675
vn 0.7623 -0.6449 -0.0541
vn 0.4121 -0.2301 -0.8816
vn 0.4841 0.5972 -0.6395
vn 0.4085 0.9056 -0.1137
vn -0.3353 0.9413 -0.0386
vn -0.4082 0.9058 -0.1138
vn 0.3362 0.9410 -0.0387
vn 0.2735 0.9609 -0.0430
vn 0.7892 0.2399 0.5653
vn -0.7893 0.2398 0.5653
vn -0.2827 0.7645 0.5794
vn -0.4844 0.5967 -0.6397
vn -0.3955 0.2108 -0.8939
vn -0.2732 0.9610 -0.0430
vn -0.2325 0.9724 -0.0184
vn -0.2417 0.9686 0.0589
vn 0.2416 0.9686 0.0589
vn 0.2826 0.7645 0.5794
vn 0.2324 0.9724 -0.0184
vn 0.3955 0.2116 -0.8937
vn 0.3685 -0.0349 -0.9290
vn 0.3451 0.1236 -0.9304
vn 0.6739 0.3892 -0.6280
vn 0.7239 -0.0266 -0.6894
vn 0.9741 -0.0067 -0.2259
vn 0.8264 0.5267 -0.1993
vn 0.8112 0.5755 -0.1035
vn 0.9919 -0.0000 -0.1268
vn 0.9842 -0.0000 -0.1773
vn 0.7786 0.6117 -0.1400
vn 0.8036 0.5919 -0.0629
vn 0.9970 0.0000 -0.0780
vn 0.7883 0.5843 0.1927
vn 0.9710 0.0000 0.2391
vn 0.5491 0.4874 0.6789
vn 0.6044 0.0000 0.7967
vn -0.6044 0.0000 0.7967
vn -0.5492 0.4873 0.6789
vn -0.7883 0.5843 0.1927
vn -0.9710 0.0000 0.2391
vn -0.8036 0.5918 -0.0629
vn -0.9970 0.0000 -0.0780
vn -0.7785 0.6118 -0.1400
vn -0.9842 0.0000 -0.1773
vn -0.8111 0.5758 -0.1034
vn -0.9919 0.0000 -0.1268
vn -0.7239 -0.0266 -0.6894
vn -0.6740 0.3889 -0.6281
vn -0.3452 0.1229 -0.9304
vn -0.3685 -0.0349 -0.9290
vn -0.7538 0.0000 0.6571
vn -0.7537 0.0629 0.6542
vn 0.7538 0.0000 0.6571
vn 0.7537 0.0630 0.6542
vn -0.8263 0.5269 -0.1993
vn -0.9741 -0.0067 -0.2259
vn 0.7602 0.1613 0.6294
vn 0.2412 0.7149 0.6563
vn -0.7602 0.1613 0.6293
vn -0.4405 0.6465 -0.6229
vn -0.4080 0.9054 -0.1172
vn 0.4321 -0.6991 -0.5696
vn 0.6762 -0.4103 -0.6119
vn 0.8228 -0.5314 -0.2017
vn 0.4084 -0.9051 -0.1182
vn -0.3383 -0.9401 -0.0416
vn -0.8112 -0.5755 -0.1035
vn -0.8228 -0.5314 -0.2017
vn -0.4083 -0.9052 -0.1182
vn 0.3388 -0.9399 -0.0417
vn 0.8115 -0.5751 -0.1035
vn 0.7792 -0.6109 -0.1402
vn 0.2753 -0.9602 -0.0462
vn 0.7593 -0.1580 0.6312
vn 0.7535 -0.0622 0.6545
vn -0.7594 -0.1580 0.6312
vn -0.7535 -0.0622 0.6545
vn -0.5494 -0.4866 0.6792
vn -0.2417 -0.7133 0.6579
vn -0.4326 -0.6985 -0.5700
vn -0.6763 -0.4100 -0.6120
vn -0.3694 -0.2143 -0.9042
vn -0.3501 -0.4009 -0.8466
vn -0.2752 -0.9603 -0.0462
vn -0.7792 -0.6109 -0.1402
vn -0.2338 -0.9721 -0.0198
vn -0.8039 -0.5914 -0.0630
vn -0.2430 -0.9680 0.0633
vn -0.7887 -0.5838 0.1929
vn 0.2428 -0.9680 0.0633
vn 0.7886 -0.5838 0.1928
vn 0.5494 -0.4867 0.6792
vn 0.2415 -0.7133 0.6579
vn 0.2337 -0.9721 -0.0198
vn 0.8039 -0.5914 -0.0629
vn 0.3499 -0.4019 -0.8462
vn 0.3693 -0.2151 -0.9041
vn -0.7258 -0.0265 -0.6874
vn -0.9736 -0.0068 -0.2282
vn 0.7258 -0.0265 -0.6874
vn 0.9736 -0.0068 -0.2282
vn -0.3773 -0.0348 -0.9255
vn 0.3773 -0.0348 -0.9255
vn 0.3444 0.2150 -0.9139
vn 0.4401 0.6471 -0.6226
vn 0.4083 0.9053 -0.1171
vn 0.3361 0.9409 -0.0412
vn 0.2734 0.9608 -0.0458
vn 0.2324 0.9724 -0.0197
vn 0.2415 0.9684 0.0628
vn -0.2414 0.7149 0.6563
vn -0.2416 0.9683 0.0628
vn -0.2325 0.9724 -0.0197
vn -0.2731 0.9609 -0.0458
vn -0.3352 0.9412 -0.0411
vn -0.3445 0.2145 -0.9140
vn 0.3633 -0.4159 -0.8337
vn 0.4380 -0.7043 -0.5587
vn 0.4085 -0.9055 -0.1151
vn 0.3388 -0.9401 -0.0391
vn 0.2753 -0.9604 -0.0434
vn 0.2337 -0.9721 -0.0186
vn 0.2429 -0.9682 0.0594
vn -0.2805 -0.7595 0.5870
vn -0.2430 -0.9682 0.0594
vn -0.2338 -0.9721 -0.0186
vn -0.2752 -0.9604 -0.0434
vn -0.3383 -0.9402 -0.0390
vn -0.3636 -0.4148 -0.8341
usemtl None
s 1
f 545/101/39 227/102/40 228/103/41 534/104/42
f 74/105/43 235/106/44 79/107/45
f 133/108/46 76/109/47 77/110/48
f 281/111/49 74/105/43 79/107/45 309/112/50
f 73/113/51 133/108/46 77/110/48 78/114/52
f 534/104/42 220/115/53 85/116/54 533/117/55
f 231/118/56 223/119/57 219/120/58
f 77/110/48 76/121/47 82/122/59
f 282/123/60 231/118/56 219/120/58 308/124/61
f 78/114/52 77/110/48 82/122/59 83/125/62
f 533/117/55 85/116/54 90/126/63 535/127/64
f 84/128/65 83/125/66 88/129/67 89/130/68
f 82/122/59 76/131/47 87/132/69
f 283/133/70 84/128/65 89/130/68 284/134/71
f 83/125/62 82/122/59 87/132/69 88/129/72
f 89/130/68 88/129/67 93/135/73 94/136/74
f 87/132/69 76/137/47 92/138/75
f 284/134/71 89/130/68 94/136/74 285/139/76
f 88/129/72 87/132/69 92/138/75 93/135/77
f 535/127/64 90/126/63 95/140/78 536/141/79
f 285/139/76 94/136/74 139/142/80 286/143/81
f 93/135/77 92/138/75 97/144/82 98/145/83
f 536/141/79 95/140/78 140/146/84 537/147/85
f 94/136/74 93/135/73 98/145/83 139/142/80
f 92/138/75 76/148/47 97/144/82
f 255/149/86 165/150/87 178/151/88 251/152/89
f 98/145/83 97/144/82 102/153/90 103/154/91
f 537/147/85 140/146/84 136/155/92 538/156/93
f 139/142/80 98/145/83 103/154/91 142/157/94
f 97/144/82 76/158/47 102/153/90
f 103/154/95 102/153/96 105/159/96 106/160/95
f 538/156/93 136/155/92 138/161/97 539/162/98
f 102/153/96 76/163/99 105/159/96
f 539/162/98 138/161/97 146/164/100 540/165/101
f 144/166/102 106/160/103 109/167/104 145/168/105
f 105/159/106 76/169/107 108/170/108
f 168/171/109 164/172/110 177/173/111 149/174/112
f 106/160/103 105/159/106 108/170/108 109/167/104
f 540/165/101 146/164/100 116/175/113 541/176/114
f 145/168/105 109/167/104 114/177/115 115/178/116
f 108/170/108 76/179/107 113/180/117
f 287/181/118 145/168/105 115/178/116 288/182/119
f 109/167/104 108/170/108 113/180/117 114/177/120
f 113/183/117 76/184/107 118/185/121
f 288/186/119 115/187/116 120/188/122 289/189/123
f 114/190/120 113/183/117 118/185/121 119/191/124
f 541/192/114 116/193/113 121/194/125 542/195/126
f 115/187/116 114/190/115 119/191/127 120/188/122
f 289/189/123 120/188/122 125/196/128 290/197/129
f 119/191/124 118/185/121 123/198/130 124/199/131
f 542/195/126 121/194/125 126/200/132 543/201/133
f 120/188/122 119/191/127 124/199/134 125/196/128
f 118/185/121 76/202/107 123/198/130
f 290/197/129 125/196/128 224/203/135 280/204/136
f 124/199/131 123/198/130 128/205/137 129/206/138
f 543/201/133 126/200/132 226/207/139 544/208/140
f 125/196/128 124/199/134 129/206/138 224/203/135
f 123/198/130 76/209/107 128/205/137
f 544/208/140 225/210/141 227/102/142 545/101/143
f 130/211/144 235/106/145 74/105/146
f 128/205/137 76/212/107 133/108/147
f 81/213/148 86/214/148 91/215/148 96/216/148 101/217/148 104/218/148 107/219/148 112/220/148 117/221/148 122/222/148 127/223/148 132/224/148 134/225/148
f 310/226/149 130/211/144 74/105/146 281/111/150
f 129/206/138 128/205/137 133/108/147 73/113/151
f 297/227/152 163/228/153 171/229/154 294/230/155
f 248/231/156 100/232/157 140/146/84 242/233/158
f 100/232/157 141/234/159 136/155/92 140/146/84
f 135/235/160 99/236/161 139/142/80 142/157/94
f 141/234/159 143/237/162 138/161/97 136/155/92
f 137/238/163 135/235/160 142/157/94 144/166/102
f 293/239/164 110/240/165 145/168/105 287/181/118
f 143/237/162 111/241/166 146/164/100 138/161/97
f 110/240/165 137/238/163 144/166/102 145/168/105
f 192/242/148 191/243/148 181/244/167 179/245/168
f 190/246/153 189/247/109 182/248/169 186/249/170
f 187/250/109 188/251/110 184/252/171 180/253/172
f 169/254/148 166/255/148 148/256/173 150/257/174
f 166/255/148 167/258/175 172/259/176 148/256/173
f 165/150/87 169/254/148 150/257/174 178/151/88
f 170/260/109 168/171/109 149/174/112 147/261/177
f 163/228/153 170/260/109 147/261/177 171/229/154
f 99/236/161 135/235/160 162/262/109 156/263/153
f 135/235/160 137/238/163 158/264/109 162/262/109
f 111/241/166 143/237/162 161/265/148 159/266/87
f 141/234/159 100/232/157 155/267/175 160/268/148
f 143/237/162 141/234/159 160/268/148 161/265/148
f 292/269/178 99/236/161 156/263/153 296/270/152
f 137/238/163 110/240/165 157/271/110 158/264/109
f 249/272/179 111/241/166 159/266/87 253/273/86
f 156/263/153 162/262/109 170/260/109 163/228/153
f 162/262/109 158/264/109 168/171/109 170/260/109
f 159/266/87 161/265/148 169/254/148 165/150/87
f 160/268/148 155/267/175 167/258/175 166/255/148
f 161/265/148 160/268/148 166/255/148 169/254/148
f 296/270/152 156/263/153 163/228/153 297/227/152
f 158/264/109 157/271/110 164/172/110 168/171/109
f 253/273/86 159/266/87 165/150/87 255/149/86
f 269/274/180 211/275/180 172/259/176 250/276/155
f 211/275/180 212/277/181 148/256/173 172/259/176
f 103/154/95 106/160/95 144/166/102 142/157/94
f 212/277/181 213/278/182 150/257/174 148/256/173
f 217/279/182 216/280/181 147/261/177 149/174/112
f 307/281/183 214/282/183 177/173/111 295/283/89
f 213/278/182 218/284/183 178/151/88 150/257/174
f 214/282/183 217/279/182 149/174/112 177/173/111
f 302/285/184 183/286/185 179/245/168 300/287/181
f 301/288/182 181/244/167 185/289/186 303/290/187
f 300/287/181 179/245/168 181/244/167 301/288/182
f 193/291/87 192/242/148 179/245/168 183/286/185
f 304/292/86 193/291/87 183/286/185 302/285/184
f 191/243/148 194/293/175 185/289/186 181/244/167
f 262/294/152 190/246/153 186/249/170 261/295/187
f 189/247/109 187/250/109 180/253/172 182/248/169
f 200/296/109 195/297/109 187/250/109 189/247/109
f 265/298/152 196/299/153 190/246/153 262/294/152
f 201/300/148 202/301/175 194/293/175 191/243/148
f 305/302/86 198/303/87 193/291/87 304/292/86
f 198/303/87 197/304/148 192/242/148 193/291/87
f 195/297/109 199/305/110 188/251/110 187/250/109
f 196/299/153 200/296/109 189/247/109 190/246/153
f 197/304/148 201/300/148 191/243/148 192/242/148
f 174/306/173 176/307/174 201/300/148 197/304/148
f 154/308/188 175/309/112 200/296/109 196/299/153
f 173/310/177 152/311/189 199/305/110 195/297/109
f 151/312/190 174/306/173 197/304/148 198/303/87
f 298/313/184 151/312/190 198/303/87 305/302/86
f 176/307/174 153/314/191 202/301/175 201/300/148
f 257/315/187 154/308/188 196/299/153 265/298/152
f 175/309/112 173/310/177 195/297/109 200/296/109
f 153/314/191 176/307/174 208/316/182 210/317/183
f 175/309/112 154/308/188 209/318/183 207/319/182
f 299/320/187 153/314/191 210/317/183 306/321/183
f 176/307/174 174/306/173 206/322/181 208/316/182
f 173/310/177 175/309/112 207/319/182 205/323/181
f 174/306/173 151/312/190 203/324/180 206/322/181
f 152/311/189 173/310/177 205/323/181 204/325/180
f 256/326/184 152/311/189 204/325/180 267/327/180
f 210/317/183 208/316/182 217/279/182 214/282/183
f 207/319/182 209/318/183 218/284/183 213/278/182
f 306/321/183 210/317/183 214/282/183 307/281/183
f 208/316/182 206/322/181 216/280/181 217/279/182
f 205/323/181 207/319/182 213/278/182 212/277/181
f 206/322/181 203/324/180 215/328/180 216/280/181
f 204/325/180 205/323/181 212/277/181 211/275/180
f 267/327/180 204/325/180 211/275/180 269/274/180
f 308/124/61 219/120/58 84/128/65 283/133/70
f 219/120/58 78/114/52 83/125/66 84/128/65
f 221/329/192 222/330/193 129/206/138 73/113/151
f 223/119/57 221/329/194 73/113/51 78/114/52
f 219/120/58 223/119/57 78/114/52
f 224/203/135 222/330/193 233/331/195
f 222/330/193 224/203/135 129/206/138
f 220/115/53 534/104/42 228/103/41
f 228/103/41 232/332/196 220/115/53
f 227/102/142 225/210/141 234/333/197 236/334/198
f 225/210/141 226/207/139 234/333/197
f 228/103/41 227/102/40 236/334/199 232/332/196
f 280/204/136 224/203/135 233/331/195 291/335/200
f 544/208/140 226/207/139 225/210/141
f 231/118/56 229/336/201 221/329/194 223/119/57
f 229/336/202 233/331/195 222/330/193 221/329/192
f 80/337/203 230/338/204 75/339/205
f 230/338/206 131/340/207 75/339/208
f 309/112/50 79/107/45 231/118/56 282/123/60
f 273/341/209 131/340/207 234/333/197 247/342/210
f 79/107/45 235/106/44 229/336/201 231/118/56
f 235/106/145 130/211/144 233/331/195 229/336/202
f 230/338/204 80/337/203 232/332/196 236/334/199
f 131/340/207 230/338/206 236/334/198 234/333/197
f 612/343/211 273/341/209 247/342/210 593/344/212
f 80/337/203 272/345/213 238/346/214 232/332/196
f 226/207/139 271/347/215 247/342/210 234/333/197
f 220/115/53 270/348/216 239/349/217 85/116/54
f 617/350/180 267/327/180 269/274/180 618/351/180
f 209/318/183 266/352/183 268/353/183 218/284/183
f 600/354/184 256/326/184 267/327/180 617/350/180
f 154/308/188 257/315/187 266/352/183 209/318/183
f 601/355/187 257/315/187 265/298/152 616/356/152
f 152/311/189 256/326/184 264/357/86 199/305/110
f 199/305/110 264/357/86 263/358/86 188/251/110
f 616/356/152 265/298/152 262/294/152 615/359/152
f 615/359/152 262/294/152 261/295/187 605/360/187
f 188/251/110 263/358/86 260/361/184 184/252/171
f 180/253/172 258/362/181 259/363/182 182/248/169
f 182/248/169 259/363/182 261/295/187 186/249/170
f 184/252/171 260/361/184 258/362/181 180/253/172
f 218/284/183 268/353/183 251/152/89 178/151/88
f 618/351/180 269/274/180 250/276/155 596/364/155
f 613/365/86 253/273/86 255/149/86 614/366/86
f 155/267/175 252/367/152 254/368/152 167/258/175
f 595/369/218 249/272/179 253/273/86 613/365/86
f 100/232/157 248/231/156 252/367/152 155/267/175
f 111/241/166 249/272/179 243/370/219 146/164/100
f 594/371/220 248/231/156 242/233/158 588/372/221
f 167/258/175 254/368/152 250/276/155 172/259/176
f 131/340/207 273/341/209 237/373/222 75/339/208
f 126/200/132 246/374/223 271/347/215 226/207/139
f 121/194/125 245/375/224 246/374/223 126/200/132
f 116/193/113 244/376/225 245/375/224 121/194/125
f 146/164/100 243/370/219 244/377/225 116/175/113
f 614/366/86 255/149/86 251/152/89 597/378/89
f 95/140/78 241/379/226 242/233/158 140/146/84
f 90/126/63 240/380/227 241/379/226 95/140/78
f 85/116/54 239/349/217 240/380/227 90/126/63
f 232/332/196 238/346/214 270/348/216 220/115/53
f 75/339/205 237/373/228 272/345/213 80/337/203
f 164/172/110 275/381/86 295/283/89 177/173/111
f 99/236/161 292/269/178 286/143/81 139/142/80
f 110/240/165 293/239/164 274/382/86 157/271/110
f 157/271/110 274/382/86 275/381/86 164/172/110
f 194/293/175 276/383/152 303/290/187 185/289/186
f 202/301/175 277/384/152 276/383/152 194/293/175
f 153/314/191 299/320/187 277/384/152 202/301/175
f 151/312/190 298/313/184 278/385/180 203/324/180
f 203/324/180 278/385/180 279/386/180 215/328/180
f 130/211/144 310/226/149 291/335/200 233/331/195
f 531/387/229 309/112/50 282/123/60 504/388/230
f 502/389/231 280/204/136 291/335/200 513/390/232
f 530/391/233 308/124/61 283/133/70 505/392/234
f 528/393/183 306/321/183 307/281/183 529/394/183
f 521/395/187 299/320/187 306/321/183 528/393/183
f 520/396/184 298/313/184 305/302/86 527/397/86
f 527/397/86 305/302/86 304/292/86 526/398/86
f 526/398/86 304/292/86 302/285/184 524/399/184
f 522/400/181 300/287/181 301/288/182 523/401/182
f 523/401/182 301/288/182 303/290/187 525/402/187
f 524/399/184 302/285/184 300/287/181 522/400/181
f 529/394/183 307/281/183 295/283/89 517/403/89
f 518/404/152 296/270/152 297/227/152 519/405/152
f 514/406/235 292/269/178 296/270/152 518/404/152
f 515/407/236 293/239/164 287/181/118 509/408/237
f 519/405/152 297/227/152 294/230/155 516/409/155
f 532/410/238 310/226/149 281/111/150 503/411/239
f 512/412/240 290/197/129 280/204/136 502/389/231
f 511/413/241 289/189/123 290/197/129 512/412/240
f 510/414/242 288/186/119 289/189/123 511/413/241
f 509/408/237 287/181/118 288/182/119 510/415/242
f 507/416/243 285/139/76 286/143/81 508/417/244
f 506/418/245 284/134/71 285/139/76 507/416/243
f 505/392/234 283/133/70 284/134/71 506/418/245
f 504/388/230 282/123/60 308/124/61 530/391/233
f 503/411/246 281/111/49 309/112/50 531/387/229
f 392/419/247 311/420/248 339/421/249 420/422/250
f 393/423/251 312/424/252 338/425/253 419/426/254
f 394/427/255 313/428/256 314/429/257 395/430/258
f 395/430/258 314/429/257 315/431/259 396/432/260
f 396/432/260 315/431/259 316/433/261 397/434/262
f 398/435/263 317/436/264 318/437/265 399/438/266
f 399/439/266 318/440/265 319/441/267 400/442/268
f 400/442/268 319/441/267 320/443/269 401/444/270
f 401/444/270 320/443/269 347/445/271 391/446/272
f 421/447/273 340/448/274 311/420/275 392/419/276
f 408/449/152 327/450/152 324/451/155 405/452/155
f 404/453/277 323/454/278 317/436/264 398/435/263
f 403/455/279 322/456/280 326/457/152 407/458/152
f 407/458/152 326/457/152 327/450/152 408/449/152
f 418/459/183 337/460/183 325/461/89 406/462/89
f 413/463/184 332/464/184 330/465/181 411/466/181
f 412/467/182 331/468/182 333/469/187 414/470/187
f 411/466/181 330/465/181 331/468/182 412/467/182
f 415/471/86 334/472/86 332/464/184 413/463/184
f 416/473/86 335/474/86 334/472/86 415/471/86
f 409/475/184 328/476/184 335/474/86 416/473/86
f 410/477/187 329/478/187 336/479/183 417/480/183
f 417/480/183 336/479/183 337/460/183 418/459/183
f 419/426/254 338/425/253 313/428/256 394/427/255
f 391/446/272 347/445/271 321/481/281 402/482/282
f 420/422/250 339/421/249 312/424/252 393/423/251
f 460/483/86 342/484/86 325/461/89 480/485/89
f 477/486/283 322/456/280 316/433/261 471/487/284
f 478/488/285 323/454/278 341/489/86 459/490/86
f 459/490/86 341/489/86 342/484/86 460/483/86
f 464/491/180 346/492/180 324/451/155 479/493/155
f 461/494/152 343/495/152 333/469/187 488/496/187
f 462/497/152 344/498/152 343/495/152 461/494/152
f 484/499/187 329/478/187 344/498/152 462/497/152
f 483/500/184 328/476/184 345/501/180 463/502/180
f 463/502/180 345/501/180 346/492/180 464/491/180
f 495/503/286 340/448/274 321/481/281 476/504/287
f 574/505/288 376/506/289 349/507/290 547/508/291
f 582/509/292 384/510/293 358/511/294 556/512/295
f 573/513/296 375/514/297 350/515/298 548/516/299
f 571/517/183 373/518/183 374/519/183 572/520/183
f 564/521/187 366/522/187 373/518/183 571/517/183
f 563/523/184 365/524/184 372/525/86 570/526/86
f 570/526/86 372/525/86 371/527/86 569/528/86
f 569/528/86 371/527/86 369/529/184 567/530/184
f 565/531/181 367/532/181 368/533/182 566/534/182
f 566/534/182 368/533/182 370/535/187 568/536/187
f 567/530/184 369/529/184 367/532/181 565/531/181
f 572/520/183 374/519/183 362/537/89 560/538/89
f 561/539/152 363/540/152 364/541/152 562/542/152
f 557/543/300 359/544/301 363/540/152 561/539/152
f 558/545/302 360/546/303 354/547/304 552/548/305
f 562/542/152 364/541/152 361/549/155 559/550/155
f 575/551/306 377/552/307 348/553/308 546/554/309
f 555/555/310 357/556/311 384/510/293 582/509/292
f 554/557/312 356/558/313 357/556/311 555/555/310
f 553/559/314 355/560/315 356/558/313 554/557/312
f 552/548/305 354/547/304 355/561/315 553/562/314
f 550/563/316 352/564/317 353/565/318 551/566/319
f 549/567/320 351/568/321 352/564/317 550/563/316
f 548/516/299 350/515/298 351/568/321 549/567/320
f 547/508/291 349/507/290 375/514/297 573/513/296
f 546/554/322 348/553/323 376/506/289 574/505/288
f 453/569/86 379/570/86 362/537/89 436/571/89
f 433/572/279 359/544/301 353/565/318 427/573/262
f 434/574/277 360/546/303 378/575/86 452/576/86
f 452/576/86 378/575/86 379/570/86 453/569/86
f 457/577/180 383/578/180 361/549/155 435/579/155
f 454/580/152 380/581/152 370/535/187 444/582/187
f 455/583/152 381/584/152 380/581/152 454/580/152
f 440/585/187 366/522/187 381/584/152 455/583/152
f 439/586/184 365/524/184 382/587/180 456/588/180
f 456/588/180 382/587/180 383/578/180 457/577/180
f 451/589/324 377/552/307 358/511/294 432/590/325
f 340/448/274 421/447/273 402/482/282 321/481/281
f 345/501/180 389/591/180 390/592/180 346/492/180
f 328/476/184 409/475/184 389/591/180 345/501/180
f 329/478/187 410/477/187 388/593/152 344/498/152
f 344/498/152 388/593/152 387/594/152 343/495/152
f 343/495/152 387/594/152 414/470/187 333/469/187
f 346/492/180 390/592/180 405/452/155 324/451/155
f 341/489/86 385/595/86 386/596/86 342/484/86
f 323/454/278 404/453/277 385/595/86 341/489/86
f 322/456/280 403/455/279 397/434/262 316/433/261
f 342/484/86 386/596/86 406/462/89 325/461/89
f 450/597/326 420/422/250 393/423/251 423/598/327
f 458/599/272 391/446/272 402/482/282 432/590/325
f 449/600/254 419/426/254 394/427/255 424/601/255
f 447/602/183 417/480/183 418/459/183 448/603/183
f 440/585/187 410/477/187 417/480/183 447/602/183
f 439/586/184 409/475/184 416/473/86 446/604/86
f 446/604/86 416/473/86 415/471/86 445/605/86
f 445/605/86 415/471/86 413/463/184 443/606/184
f 441/607/181 411/466/181 412/467/182 442/608/182
f 442/608/182 412/467/182 414/470/187 444/582/187
f 443/606/184 413/463/184 411/466/181 441/607/181
f 448/603/183 418/459/183 406/462/89 436/571/89
f 437/609/152 407/458/152 408/449/152 438/610/152
f 433/572/279 403/455/279 407/458/152 437/609/152
f 434/574/277 404/453/277 398/435/263 428/611/263
f 438/610/152 408/449/152 405/452/155 435/579/155
f 451/589/324 421/447/273 392/419/276 422/612/328
f 431/613/270 401/444/270 391/446/272 458/599/272
f 430/614/268 400/442/268 401/444/270 431/613/270
f 429/615/266 399/439/266 400/442/268 430/614/268
f 428/611/263 398/435/263 399/438/266 429/616/266
f 426/617/260 396/432/260 397/434/262 427/573/262
f 425/618/258 395/430/258 396/432/260 426/617/260
f 424/601/255 394/427/255 395/430/258 425/618/258
f 423/598/327 393/423/251 419/426/254 449/600/254
f 422/612/329 392/419/247 420/422/250 450/597/326
f 348/553/323 422/612/329 450/597/326 376/506/289
f 349/507/290 423/598/327 449/600/254 375/514/297
f 350/515/298 424/601/255 425/618/258 351/568/321
f 351/568/321 425/618/258 426/617/260 352/564/317
f 352/564/317 426/617/260 427/573/262 353/565/318
f 354/547/304 428/611/263 429/616/266 355/561/315
f 355/560/315 429/615/266 430/614/268 356/558/313
f 356/558/313 430/614/268 431/613/270 357/556/311
f 357/556/311 431/613/270 458/599/272 384/510/293
f 377/552/307 451/589/324 422/612/328 348/553/308
f 364/541/152 438/610/152 435/579/155 361/549/155
f 360/546/303 434/574/277 428/611/263 354/547/304
f 359/544/301 433/572/279 437/609/152 363/540/152
f 363/540/152 437/609/152 438/610/152 364/541/152
f 374/519/183 448/603/183 436/571/89 362/537/89
f 369/529/184 443/606/184 441/607/181 367/532/181
f 368/533/182 442/608/182 444/582/187 370/535/187
f 367/532/181 441/607/181 442/608/182 368/533/182
f 371/527/86 445/605/86 443/606/184 369/529/184
f 372/525/86 446/604/86 445/605/86 371/527/86
f 365/524/184 439/586/184 446/604/86 372/525/86
f 366/522/187 440/585/187 447/602/183 373/518/183
f 373/518/183 447/602/183 448/603/183 374/519/183
f 375/514/297 449/600/254 424/601/255 350/515/298
f 384/510/293 458/599/272 432/590/325 358/511/294
f 376/506/289 450/597/326 423/598/327 349/507/290
f 421/447/273 451/589/324 432/590/325 402/482/282
f 389/591/180 456/588/180 457/577/180 390/592/180
f 409/475/184 439/586/184 456/588/180 389/591/180
f 410/477/187 440/585/187 455/583/152 388/593/152
f 388/593/152 455/583/152 454/580/152 387/594/152
f 387/594/152 454/580/152 444/582/187 414/470/187
f 390/592/180 457/577/180 435/579/155 405/452/155
f 385/595/86 452/576/86 453/569/86 386/596/86
f 404/453/277 434/574/277 452/576/86 385/595/86
f 403/455/279 433/572/279 427/573/262 397/434/262
f 386/596/86 453/569/86 436/571/89 406/462/89
f 532/410/238 495/503/286 476/504/287 513/390/232
f 500/619/180 463/502/180 464/491/180 501/620/180
f 520/396/184 483/500/184 463/502/180 500/619/180
f 521/395/187 484/499/187 462/497/152 499/621/152
f 499/621/152 462/497/152 461/494/152 498/622/152
f 498/622/152 461/494/152 488/496/187 525/402/187
f 501/620/180 464/491/180 479/493/155 516/409/155
f 496/623/86 459/490/86 460/483/86 497/624/86
f 515/407/236 478/488/285 459/490/86 496/623/86
f 514/406/235 477/486/283 471/487/284 508/417/244
f 497/624/86 460/483/86 480/485/89 517/403/89
f 311/420/248 466/625/330 494/626/331 339/421/249
f 312/424/252 467/627/332 493/628/333 338/425/253
f 313/428/256 468/629/334 469/630/335 314/429/257
f 314/429/257 469/630/335 470/631/336 315/431/259
f 315/431/259 470/631/336 471/487/284 316/433/261
f 317/436/264 472/632/337 473/633/338 318/437/265
f 318/440/265 473/634/338 474/635/339 319/441/267
f 319/441/267 474/635/339 475/636/340 320/443/269
f 320/443/269 475/636/340 465/637/341 347/445/271
f 340/448/274 495/503/286 466/625/342 311/420/275
f 327/450/152 482/638/152 479/493/155 324/451/155
f 323/454/278 478/488/285 472/632/337 317/436/264
f 322/456/280 477/486/283 481/639/152 326/457/152
f 326/457/152 481/639/152 482/638/152 327/450/152
f 337/460/183 492/640/183 480/485/89 325/461/89
f 332/464/184 487/641/184 485/642/181 330/465/181
f 331/468/182 486/643/182 488/496/187 333/469/187
f 330/465/181 485/642/181 486/643/182 331/468/182
f 334/472/86 489/644/86 487/641/184 332/464/184
f 335/474/86 490/645/86 489/644/86 334/472/86
f 328/476/184 483/500/184 490/645/86 335/474/86
f 329/478/187 484/499/187 491/646/183 336/479/183
f 336/479/183 491/646/183 492/640/183 337/460/183
f 338/425/253 493/628/333 468/629/334 313/428/256
f 347/445/271 465/637/341 476/504/287 321/481/281
f 339/421/249 494/626/331 467/627/332 312/424/252
f 275/381/86 497/624/86 517/403/89 295/283/89
f 292/269/178 514/406/235 508/417/244 286/143/81
f 293/239/164 515/407/236 496/623/86 274/382/86
f 274/382/86 496/623/86 497/624/86 275/381/86
f 279/386/180 501/620/180 516/409/155 294/230/155
f 276/383/152 498/622/152 525/402/187 303/290/187
f 277/384/152 499/621/152 498/622/152 276/383/152
f 299/320/187 521/395/187 499/621/152 277/384/152
f 298/313/184 520/396/184 500/619/180 278/385/180
f 278/385/180 500/619/180 501/620/180 279/386/180
f 310/226/149 532/410/238 513/390/232 291/335/200
f 466/625/330 503/411/246 531/387/229 494/626/331
f 467/627/332 504/388/230 530/391/233 493/628/333
f 468/629/334 505/392/234 506/418/245 469/630/335
f 469/630/335 506/418/245 507/416/243 470/631/336
f 470/631/336 507/416/243 508/417/244 471/487/284
f 472/632/337 509/408/237 510/415/242 473/633/338
f 473/634/338 510/414/242 511/413/241 474/635/339
f 474/635/339 511/413/241 512/412/240 475/636/340
f 475/636/340 512/412/240 502/389/231 465/637/341
f 495/503/286 532/410/238 503/411/239 466/625/342
f 482/638/152 519/405/152 516/409/155 479/493/155
f 478/488/285 515/407/236 509/408/237 472/632/337
f 477/486/283 514/406/235 518/404/152 481/639/152
f 481/639/152 518/404/152 519/405/152 482/638/152
f 492/640/183 529/394/183 517/403/89 480/485/89
f 487/641/184 524/399/184 522/400/181 485/642/181
f 486/643/182 523/401/182 525/402/187 488/496/187
f 485/642/181 522/400/181 523/401/182 486/643/182
f 489/644/86 526/398/86 524/399/184 487/641/184
f 490/645/86 527/397/86 526/398/86 489/644/86
f 483/500/184 520/396/184 527/397/86 490/645/86
f 484/499/187 521/395/187 528/393/183 491/646/183
f 491/646/183 528/393/183 529/394/183 492/640/183
f 493/628/333 530/391/233 505/392/234 468/629/334
f 465/637/341 502/389/231 513/390/232 476/504/287
f 494/626/331 531/387/229 504/388/230 467/627/332
f 86/214/148 81/213/148 534/104/42 533/117/55
f 91/215/148 86/214/148 533/117/55 535/127/64
f 96/216/148 91/215/148 535/127/64 536/141/79
f 101/217/148 96/216/148 536/141/79 537/147/85
f 104/218/148 101/217/148 537/147/85 538/156/93
f 107/219/148 104/218/148 538/156/93 539/162/98
f 112/220/148 107/219/148 539/162/98 540/165/101
f 117/221/148 112/220/148 540/165/101 541/192/114
f 122/222/148 117/221/148 541/192/114 542/195/126
f 127/223/148 122/222/148 542/195/126 543/201/133
f 132/224/148 127/223/148 543/201/133 544/208/140
f 134/225/148 132/224/148 544/208/140 545/101/143
f 81/213/148 134/225/148 545/101/39 534/104/42
f 583/647/343 546/554/322 574/505/288 611/648/344
f 584/649/345 547/508/291 573/513/296 610/650/346
f 585/651/347 548/516/299 549/567/320 586/652/348
f 586/652/348 549/567/320 550/563/316 587/653/349
f 587/653/349 550/563/316 551/566/319 588/372/221
f 589/654/350 552/548/305 553/562/314 590/655/351
f 590/656/351 553/559/314 554/557/312 591/657/352
f 591/657/352 554/557/312 555/555/310 592/658/353
f 592/658/353 555/555/310 582/509/292 619/659/354
f 612/343/211 575/551/306 546/554/309 583/647/355
f 599/660/152 562/542/152 559/550/155 596/364/155
f 595/369/218 558/545/302 552/548/305 589/654/350
f 594/371/220 557/543/300 561/539/152 598/661/152
f 598/661/152 561/539/152 562/542/152 599/660/152
f 609/662/183 572/520/183 560/538/89 597/378/89
f 604/663/184 567/530/184 565/531/181 602/664/181
f 603/665/182 566/534/182 568/536/187 605/360/187
f 602/664/181 565/531/181 566/534/182 603/665/182
f 606/666/86 569/528/86 567/530/184 604/663/184
f 607/667/86 570/526/86 569/528/86 606/666/86
f 600/354/184 563/523/184 570/526/86 607/667/86
f 601/355/187 564/521/187 571/517/183 608/668/183
f 608/668/183 571/517/183 572/520/183 609/662/183
f 610/650/346 573/513/296 548/516/299 585/651/347
f 619/659/354 582/509/292 556/512/295 593/344/212
f 611/648/344 574/505/288 547/508/291 584/649/345
f 379/570/86 577/669/86 560/538/89 362/537/89
f 359/544/301 557/543/300 551/566/319 353/565/318
f 360/546/303 558/545/302 576/670/86 378/575/86
f 378/575/86 576/670/86 577/669/86 379/570/86
f 383/578/180 581/671/180 559/550/155 361/549/155
f 380/581/152 578/672/152 568/536/187 370/535/187
f 381/584/152 579/673/152 578/672/152 380/581/152
f 366/522/187 564/521/187 579/673/152 381/584/152
f 365/524/184 563/523/184 580/674/180 382/587/180
f 382/587/180 580/674/180 581/671/180 383/578/180
f 377/552/307 575/551/306 556/512/295 358/511/294
f 272/345/213 611/648/344 584/649/345 238/346/214
f 271/347/215 619/659/354 593/344/212 247/342/210
f 270/348/216 610/650/346 585/651/347 239/349/217
f 266/352/183 608/668/183 609/662/183 268/353/183
f 257/315/187 601/355/187 608/668/183 266/352/183
f 256/326/184 600/354/184 607/667/86 264/357/86
f 264/357/86 607/667/86 606/666/86 263/358/86
f 263/358/86 606/666/86 604/663/184 260/361/184
f 258/362/181 602/664/181 603/665/182 259/363/182
f 259/363/182 603/665/182 605/360/187 261/295/187
f 260/361/184 604/663/184 602/664/181 258/362/181
f 268/353/183 609/662/183 597/378/89 251/152/89
f 252/367/152 598/661/152 599/660/152 254/368/152
f 248/231/156 594/371/220 598/661/152 252/367/152
f 249/272/179 595/369/218 589/654/350 243/370/219
f 254/368/152 599/660/152 596/364/155 250/276/155
f 273/341/209 612/343/211 583/647/355 237/373/222
f 246/374/223 592/658/353 619/659/354 271/347/215
f 245/375/224 591/657/352 592/658/353 246/374/223
f 244/376/225 590/656/351 591/657/352 245/375/224
f 243/370/219 589/654/350 590/655/351 244/377/225
f 241/379/226 587/653/349 588/372/221 242/233/158
f 240/380/227 586/652/348 587/653/349 241/379/226
f 239/349/217 585/651/347 586/652/348 240/380/227
f 238/346/214 584/649/345 610/650/346 270/348/216
f 237/373/228 583/647/343 611/648/344 272/345/213
f 577/669/86 614/366/86 597/378/89 560/538/89
f 557/543/300 594/371/220 588/372/221 551/566/319
f 558/545/302 595/369/218 613/365/86 576/670/86
f 576/670/86 613/365/86 614/366/86 577/669/86
f 581/671/180 618/351/180 596/364/155 559/550/155
f 578/672/152 615/359/152 605/360/187 568/536/187
f 579/673/152 616/356/152 615/359/152 578/672/152
f 564/521/187 601/355/187 616/356/152 579/673/152
f 563/523/184 600/354/184 617/350/180 580/674/180
f 580/674/180 617/350/180 618/351/180 581/671/180
f 575/551/306 612/343/211 593/344/212 556/512/295
f 215/328/180 279/386/180 294/230/155 171/229/154 147/261/177 216/280/181
v -1.479440 -0.395501 -4.098542
v -1.479440 0.000000 -1.342663
v -1.479440 -0.685027 -2.976191
v -1.479440 -0.791001 -1.443032
v -1.479440 -0.685027 0.090128
v -1.479440 -0.395501 1.212478
v -1.479440 -0.000000 1.500314
v -1.479440 0.240540 1.332730
v -1.479440 0.685027 0.090129
v -1.479440 0.791001 -1.443030
v -1.479440 0.685027 -2.976190
v -1.479440 0.395501 -4.098541
v -1.720741 -0.000000 -1.342663
v -1.720741 -0.395501 -4.098542
v -1.720741 -0.685027 -2.976191
v -1.720741 -0.791001 -1.443032
v -1.720741 -0.685027 0.090128
v -1.720741 -0.395501 1.212478
v -1.720741 -0.000000 1.500314
v -1.720741 0.240540 1.332730
v -1.720741 0.685027 0.090129
v -1.720741 0.791001 -1.443030
v -1.720741 0.685027 -2.976190
v -1.720741 0.395501 -4.098541
v -1.720741 0.197751 -4.303946
v -1.479440 0.197751 -4.303946
v -1.720741 -0.197750 -4.303946
v -1.479440 -0.197750 -4.303946
v -1.720741 0.208723 -1.408291
v -1.479440 0.208723 -1.408291
v -1.479440 -0.204156 -1.414889
v -1.720741 -0.204156 -1.414889
v 1.479440 -0.395501 -4.098543
v 1.479440 0.000000 -1.342663
v 1.479440 -0.685027 -2.976192
v 1.479440 -0.791001 -1.443032
v 1.479440 -0.685027 0.090128
v 1.479440 -0.395501 1.212479
v 1.479440 -0.000000 1.500314
v 1.479440 0.240540 1.332730
v 1.479440 0.685027 0.090129
v 1.479440 0.791001 -1.443031
v 1.479440 0.685027 -2.976190
v 1.479440 0.395501 -4.098542
v 1.720741 -0.000000 -1.342663
v 1.720741 -0.395501 -4.098543
v 1.720741 -0.685027 -2.976192
v 1.720741 -0.791001 -1.443032
v 1.720741 -0.685027 0.090128
v 1.720741 -0.395501 1.212479
v 1.720741 -0.000000 1.500314
v 1.720741 0.240540 1.332730
v 1.720741 0.685027 0.090129
v 1.720741 0.791001 -1.443031
v 1.720741 0.685027 -2.976190
v 1.720741 0.395501 -4.098542
v 1.720741 0.197751 -4.303946
v 1.479440 0.197751 -4.303946
v 1.720741 -0.197750 -4.303947
v 1.479440 -0.197750 -4.303947
v 1.720741 0.208723 -1.408291
v 1.479440 0.208723 -1.408291
v 1.479440 -0.204156 -1.414889
v 1.720741 -0.204156 -1.414889
vt 0.958333 1.000000
vt 0.916667 1.000000
vt 0.916667 0.500000
vt 0.958333 0.500000
vt 0.833333 1.000000
vt 0.833333 0.500000
vt 0.750000 1.000000
vt 0.750000 0.500000
vt 0.666667 1.000000
vt 0.666667 0.500000
vt 0.583333 1.000000
vt 0.583333 0.500000
vt 0.500000 1.000000
vt 0.500000 0.500000
vt 0.416667 1.000000
vt 0.416667 0.500000
vt 0.333333 1.000000
vt 0.333333 0.500000
vt 0.250000 1.000000
vt 0.250000 0.500000
vt 0.166667 1.000000
vt 0.166667 0.500000
vt 0.083333 1.000000
vt 0.083333 0.500000
vt 0.039431 0.500000
vt 0.039431 1.000000
vt 0.000000 1.000000
vt 0.000000 0.500000
vt 0.370000 0.457846
vt 0.310000 0.473923
vt 0.304853 0.475302
vt 0.250000 0.490000
vt 0.193220 0.474786
vt 0.190000 0.473923
vt 0.130000 0.457846
vt 0.042154 0.370000
vt 0.010000 0.250000
vt 0.042154 0.130000
vt 0.130000 0.042154
vt 0.250000 0.010000
vt 0.370000 0.042154
vt 0.457846 0.130000
vt 0.490000 0.250000
vt 0.457846 0.370000
vt 0.750000 0.490000
vt 0.804853 0.475302
vt 0.810000 0.473923
vt 0.870000 0.457846
vt 0.957846 0.370000
vt 0.990000 0.250000
vt 0.957846 0.130000
vt 0.870000 0.042154
vt 0.750000 0.010000
vt 0.630000 0.042154
vt 0.542154 0.130000
vt 0.510000 0.250000
vt 0.542154 0.370000
vt 0.630000 0.457846
vt 0.690000 0.473923
vt 0.693220 0.474786
vt 0.041667 1.000000
vt 0.041667 0.500000
vt 0.961908 1.000000
vt 0.961908 0.500000
vt 1.000000 1.000000
vt 1.000000 0.500000
vt 0.958333 1.000000
vt 0.958333 0.500000
vt 0.916667 0.500000
vt 0.916667 1.000000
vt 0.833333 0.500000
vt 0.833333 1.000000
vt 0.750000 0.500000
vt 0.750000 1.000000
vt 0.666667 0.500000
vt 0.666667 1.000000
vt 0.583333 0.500000
vt 0.583333 1.000000
vt 0.500000 0.500000
vt 0.500000 1.000000
vt 0.416667 0.500000
vt 0.416667 1.000000
vt 0.333333 0.500000
vt 0.333333 1.000000
vt 0.250000 0.500000
vt 0.250000 1.000000
vt 0.166667 0.500000
vt 0.166667 1.000000
vt 0.083333 0.500000
vt 0.083333 1.000000
vt 0.039431 0.500000
vt 0.000000 0.500000
vt 0.000000 1.000000
vt 0.039431 1.000000
vt 0.370000 0.457846
vt 0.457846 0.370000
vt 0.490000 0.250000
vt 0.457846 0.130000
vt 0.370000 0.042154
vt 0.250000 0.010000
vt 0.130000 0.042154
vt 0.042154 0.130000
vt 0.010000 0.250000
vt 0.042154 0.370000
vt 0.130000 0.457846
vt 0.190000 0.473923
vt 0.193220 0.474786
vt 0.250000 0.490000
vt 0.304853 0.475302
vt 0.310000 0.473923
vt 0.750000 0.490000
vt 0.693220 0.474786
vt 0.690000 0.473923
vt 0.630000 0.457846
vt 0.542154 0.370000
vt 0.510000 0.250000
vt 0.542154 0.130000
vt 0.630000 0.042154
vt 0.750000 0.010000
vt 0.870000 0.042154
vt 0.957846 0.130000
vt 0.990000 0.250000
vt 0.957846 0.370000
vt 0.870000 0.457846
vt 0.810000 0.473923
vt 0.804853 0.475302
vt 0.041667 0.500000
vt 0.041667 1.000000
vt 0.961908 1.000000
vt 0.961908 0.500000
vt 1.000000 1.000000
vt 1.000000 0.500000
vn 0.0000 -0.7204 -0.6936
vn 0.0000 -0.9683 -0.2498
vn 0.0000 -0.9976 -0.0690
vn 0.0000 -0.9976 0.0690
vn 0.0000 -0.9683 0.2498
vn 0.0000 -0.5884 0.8085
vn 0.0000 0.5716 0.8205
vn -0.0000 0.9416 0.3368
vn 0.0000 0.9976 0.0690
vn 0.0000 0.9976 -0.0690
vn 0.0000 0.9683 -0.2498
vn 0.0000 -0.2999 -0.9540
vn 1.0000 0.0000 0.0000
vn -1.0000 -0.0000 0.0000
vn -0.0000 0.7204 -0.6936
vn -0.0000 1.0000 0.0022
vn 0.0000 -1.0000 0.0038
vn 0.0000 0.3335 -0.9427
usemtl None
s off
f 647/675/356 620/676/356 633/677/356 646/678/356
f 633/677/357 620/676/357 622/679/357 634/680/357
f 634/680/358 622/679/358 623/681/358 635/682/358
f 635/682/359 623/681/359 624/683/359 636/684/359
f 636/684/360 624/683/360 625/685/360 637/686/360
f 637/686/361 625/685/361 626/687/361 638/688/361
f 638/688/362 626/687/362 627/689/362 639/690/362
f 639/690/363 627/689/363 628/691/363 640/692/363
f 640/692/364 628/691/364 629/693/364 641/694/364
f 641/694/365 629/693/365 630/695/365 642/696/365
f 642/696/366 630/695/366 631/697/366 643/698/366
f 648/699/367 649/700/367 621/701/367 632/702/367
f 620/703/368 647/704/368 650/705/368 621/706/368 649/707/368 645/708/368 631/709/368 630/710/368 629/711/368 628/712/368 627/713/368 626/714/368 625/715/368 624/716/368 623/717/368 622/718/368
f 632/719/369 651/720/369 646/721/369 633/722/369 634/723/369 635/724/369 636/725/369 637/726/369 638/727/369 639/728/369 640/729/369 641/730/369 642/731/369 643/732/369 644/733/369 648/734/369
f 643/698/370 631/697/370 645/735/370 644/736/370
f 650/737/371 647/675/371 646/678/371 651/738/371
f 644/736/372 645/735/372 649/700/372 648/699/372
f 621/739/373 650/737/373 651/738/373 632/740/373
f 679/741/356 678/742/356 665/743/356 652/744/356
f 665/743/357 666/745/357 654/746/357 652/744/357
f 666/745/358 667/747/358 655/748/358 654/746/358
f 667/747/359 668/749/359 656/750/359 655/748/359
f 668/749/360 669/751/360 657/752/360 656/750/360
f 669/751/361 670/753/361 658/754/361 657/752/361
f 670/753/362 671/755/362 659/756/362 658/754/362
f 671/755/363 672/757/363 660/758/363 659/756/363
f 672/757/364 673/759/364 661/760/364 660/758/364
f 673/759/365 674/761/365 662/762/365 661/760/365
f 674/761/366 675/763/366 663/764/366 662/762/366
f 680/765/367 664/766/367 653/767/367 681/768/367
f 652/769/369 654/770/369 655/771/369 656/772/369 657/773/369 658/774/369 659/775/369 660/776/369 661/777/369 662/778/369 663/779/369 677/780/369 681/781/369 653/782/369 682/783/369 679/784/369
f 664/785/368 680/786/368 676/787/368 675/788/368 674/789/368 673/790/368 672/791/368 671/792/368 670/793/368 669/794/368 668/795/368 667/796/368 666/797/368 665/798/368 678/799/368 683/800/368
f 675/763/370 676/801/370 677/802/370 663/764/370
f 682/803/371 683/804/371 678/742/371 679/741/371
f 676/801/372 680/765/372 681/768/372 677/802/372
f 653/805/373 664/806/373 683/804/373 682/803/373
v -3.345593 0.183405 0.990979
v -3.324889 0.313333 0.990979
v -2.880765 0.109335 0.899060
v -2.860061 0.239264 0.899060
v -2.484741 0.046229 0.581659
v -2.464037 0.176158 0.581659
v -2.594462 0.063713 1.464971
v -2.573758 0.193642 1.464971
v -2.195418 0.000126 0.034571
v -2.205464 0.134955 1.337800
v -2.174715 0.130055 0.034571
v -2.226168 0.005026 1.337800
v -1.893742 -0.047945 -1.274131
v -1.820741 0.073650 1.392785
v -1.873038 0.081983 -1.274131
v -1.841445 -0.056279 1.392785
v 3.345593 0.183405 0.990979
v 3.324889 0.313333 0.990979
v 2.880765 0.109335 0.899060
v 2.860061 0.239264 0.899060
v 2.484740 0.046229 0.581659
v 2.464037 0.176158 0.581659
v 2.594462 0.063713 1.464971
v 2.573758 0.193642 1.464971
v 2.195418 0.000126 0.034571
v 2.205464 0.134955 1.337800
v 2.174714 0.130055 0.034571
v 2.226168 0.005026 1.337800
v 1.893742 -0.047945 -1.274131
v 1.820741 0.073650 1.392785
v 1.873038 0.081983 -1.274131
v 1.841445 -0.056279 1.392785
vt 0.375000 0.412298
vt 0.375000 0.500000
vt 0.625000 0.500000
vt 0.625000 0.412298
vt 0.375000 0.750000
vt 0.625000 0.750000
vt 0.287298 0.500000
vt 0.287298 0.750000
vt 0.159467 0.500000
vt 0.625000 0.284467
vt 0.840533 0.750000
vt 0.375000 0.965533
vt 0.712702 0.750000
vt 0.712702 0.500000
vt 0.206963 0.500000
vt 0.206963 0.750000
vt 0.375000 0.837702
vt 0.625000 0.837702
vt 0.375000 0.331963
vt 0.625000 0.331963
vt 0.375000 0.284467
vt 0.159467 0.750000
vt 0.793037 0.750000
vt 0.793037 0.500000
vt 0.375000 0.918037
vt 0.625000 0.918037
vt 0.840533 0.500000
vt 0.625000 0.965533
vt 0.375000 0.412298
vt 0.625000 0.412298
vt 0.625000 0.500000
vt 0.375000 0.500000
vt 0.625000 0.750000
vt 0.375000 0.750000
vt 0.287298 0.500000
vt 0.287298 0.750000
vt 0.159467 0.500000
vt 0.375000 0.965533
vt 0.840533 0.750000
vt 0.625000 0.284467
vt 0.712702 0.500000
vt 0.712702 0.750000
vt 0.206963 0.500000
vt 0.206963 0.750000
vt 0.625000 0.837702
vt 0.375000 0.837702
vt 0.375000 0.331963
vt 0.625000 0.331963
vt 0.375000 0.284467
vt 0.159467 0.750000
vt 0.793037 0.500000
vt 0.793037 0.750000
vt 0.625000 0.918037
vt 0.375000 0.918037
vt 0.840533 0.500000
vt 0.625000 0.965533
vn -0.6129 0.0977 -0.7841
vn -0.1893 0.0302 -0.9815
vn -0.1574 -0.9875 0.0000
vn 0.9873 -0.1573 -0.0199
vn 0.1574 0.9875 0.0000
vn -0.5223 0.0832 0.8487
vn -0.8706 0.1387 -0.4721
vn -0.9617 0.1532 -0.2273
vn 0.3187 -0.0508 0.9465
vn -0.1380 0.0220 0.9902
vn 0.6129 0.0977 -0.7841
vn 0.1893 0.0302 -0.9815
vn 0.1574 -0.9875 -0.0000
vn -0.9873 -0.1573 -0.0199
vn -0.1574 0.9875 0.0000
vn 0.5223 0.0832 0.8487
vn 0.8706 0.1387 -0.4721
vn 0.9617 0.1532 -0.2273
vn -0.3187 -0.0508 0.9465
vn 0.1380 0.0220 0.9902
usemtl None
s off
f 688/807/374 686/808/374 687/809/374 689/810/374
f 686/808/375 684/811/375 685/812/375 687/809/375
f 688/813/376 690/814/376 684/811/376 686/808/376
f 696/815/377 698/816/377 697/817/377 699/818/377
f 687/809/378 685/812/378 691/819/378 689/820/378
f 692/821/376 695/822/376 690/814/376 688/813/376
f 684/811/379 690/823/379 691/824/379 685/812/379
f 692/825/380 688/807/380 689/810/380 694/826/380
f 696/827/381 692/825/381 694/826/381 698/816/381
f 696/815/376 699/828/376 695/822/376 692/821/376
f 689/820/378 691/819/378 693/829/378 694/830/378
f 690/823/382 695/831/382 693/832/382 691/824/382
f 694/830/378 693/829/378 697/817/378 698/833/378
f 695/831/383 699/818/383 697/834/383 693/832/383
f 704/835/384 705/836/384 703/837/384 702/838/384
f 702/838/385 703/837/385 701/839/385 700/840/385
f 704/841/386 702/838/386 700/840/386 706/842/386
f 712/843/387 715/844/387 713/845/387 714/846/387
f 703/837/388 705/847/388 707/848/388 701/839/388
f 708/849/386 704/841/386 706/842/386 711/850/386
f 700/840/389 701/839/389 707/851/389 706/852/389
f 708/853/390 710/854/390 705/836/390 704/835/390
f 712/855/391 714/846/391 710/854/391 708/853/391
f 712/843/386 708/849/386 711/850/386 715/856/386
f 705/847/388 710/857/388 709/858/388 707/848/388
f 706/852/392 707/851/392 709/859/392 711/860/392
f 710/857/388 714/861/388 713/845/388 709/858/388
f 711/860/393 709/859/393 713/862/393 715/844/393
v -1.130386 1.107494 1.127827
v -1.059546 1.159220 1.127827
v -0.990721 0.927057 1.033707
v -0.919881 0.978784 1.033707
v -0.816082 0.700091 0.282605
v -0.745243 0.751817 0.282605
v -1.055458 1.009340 1.848660
v -0.984618 1.061066 1.848660
v -0.590662 0.406325 -0.359610
v -0.568484 0.521468 1.380297
v -0.519822 0.458051 -0.359610
v -0.639324 0.469741 1.380297
v -0.457386 0.232643 -1.361138
v -0.340548 0.224791 1.213455
v -0.386547 0.284369 -1.361138
v -0.411388 0.173064 1.213455
v 1.130386 1.107494 1.127827
v 1.059546 1.159220 1.127827
v 0.990721 0.927057 1.033707
v 0.919881 0.978784 1.033707
v 0.816082 0.700091 0.282605
v 0.745243 0.751817 0.282605
v 1.055458 1.009340 1.848660
v 0.984618 1.061067 1.848660
v 0.590662 0.406325 -0.359610
v 0.568484 0.521468 1.380297
v 0.519822 0.458051 -0.359610
v 0.639324 0.469741 1.380297
v 0.457386 0.232643 -1.361138
v 0.340548 0.224791 1.213455
v 0.386547 0.284369 -1.361138
v 0.411388 0.173064 1.213455
vt 0.375000 0.412298
vt 0.375000 0.500000
vt 0.625000 0.500000
vt 0.625000 0.412298
vt 0.375000 0.750000
vt 0.625000 0.750000
vt 0.287298 0.500000
vt 0.287298 0.750000
vt 0.159467 0.500000
vt 0.625000 0.284467
vt 0.840533 0.750000
vt 0.375000 0.965533
vt 0.712702 0.750000
vt 0.712702 0.500000
vt 0.206963 0.500000
vt 0.211881 0.750000
vt 0.375000 0.837702
vt 0.625000 0.837702
vt 0.375000 0.331963
vt 0.625000 0.331963
vt 0.375000 0.284467
vt 0.159467 0.750000
vt 0.788119 0.750000
vt 0.793037 0.500000
vt 0.375000 0.913119
vt 0.625000 0.913119
vt 0.840533 0.500000
vt 0.625000 0.965533
vt 0.375000 0.412298
vt 0.625000 0.412298
vt 0.625000 0.500000
vt 0.375000 0.500000
vt 0.625000 0.750000
vt 0.375000 0.750000
vt 0.287298 0.500000
vt 0.287298 0.750000
vt 0.159467 0.500000
vt 0.375000 0.965533
vt 0.840533 0.750000
vt 0.625000 0.284467
vt 0.712702 0.500000
vt 0.712702 0.750000
vt 0.206963 0.500000
vt 0.211881 0.750000
vt 0.625000 0.837702
vt 0.375000 0.837702
vt 0.375000 0.331963
vt 0.625000 0.331963
vt 0.375000 0.284467
vt 0.159467 0.750000
vt 0.793037 0.500000
vt 0.788119 0.750000
vt 0.625000 0.913119
vt 0.375000 0.913119
vt 0.840533 0.500000
vt 0.625000 0.965533
vn -0.5510 0.7547 -0.3562
vn -0.2249 0.3081 -0.9244
vn -0.7933 -0.6088 -0.0015
vn 0.5895 -0.8073 -0.0292
vn 0.7933 0.6088 0.0015
vn -0.7926 -0.6097 -0.0003
vn -0.5812 0.7960 0.1688
vn -0.5109 0.6997 -0.4994
vn -0.5761 0.7890 -0.2135
vn -0.7931 -0.6092 0.0001
vn 0.7926 0.6097 0.0003
vn 0.3341 -0.4576 0.8240
vn 0.7931 0.6092 -0.0001
vn 0.2402 -0.3290 0.9133
vn 0.5510 0.7547 -0.3562
vn 0.2249 0.3081 -0.9244
vn 0.7933 -0.6088 -0.0015
vn -0.5895 -0.8073 -0.0292
vn -0.7933 0.6088 0.0015
vn 0.7926 -0.6097 -0.0003
vn 0.5812 0.7960 0.1688
vn 0.5109 0.6997 -0.4994
vn 0.5761 0.7890 -0.2135
vn 0.7931 -0.6092 0.0001
vn -0.7926 0.6097 0.0003
vn -0.3341 -0.4576 0.8240
vn -0.7931 0.6092 -0.0001
vn -0.2402 -0.3290 0.9133
usemtl None
s off
f 720/863/394 718/864/394 719/865/394 721/866/394
f 718/864/395 716/867/395 717/868/395 719/865/395
f 720/869/396 722/870/396 716/867/396 718/864/396
f 728/871/397 730/872/397 729/873/397 731/874/397
f 719/865/398 717/868/398 723/875/398 721/876/398
f 724/877/399 727/878/399 722/870/399 720/869/399
f 716/867/400 722/879/400 723/880/400 717/868/400
f 724/881/401 720/863/401 721/866/401 726/882/401
f 728/883/402 724/881/402 726/882/402 730/872/402
f 728/871/403 731/884/403 727/878/403 724/877/403
f 721/876/404 723/875/404 725/885/404 726/886/404
f 722/879/405 727/887/405 725/888/405 723/880/405
f 726/886/406 725/885/406 729/873/406 730/889/406
f 727/887/407 731/874/407 729/890/407 725/888/407
f 736/891/408 737/892/408 735/893/408 734/894/408
f 734/894/409 735/893/409 733/895/409 732/896/409
f 736/897/410 734/894/410 732/896/410 738/898/410
f 744/899/411 747/900/411 745/901/411 746/902/411
f 735/893/412 737/903/412 739/904/412 733/895/412
f 740/905/413 736/897/413 738/898/413 743/906/413
f 732/896/414 733/895/414 739/907/414 738/908/414
f 740/909/415 742/910/415 737/892/415 736/891/415
f 744/911/416 746/902/416 742/910/416 740/909/416
f 744/899/417 740/905/417 743/906/417 747/912/417
f 737/903/418 742/913/418 741/914/418 739/904/418
f 738/908/419 739/907/419 741/915/419 743/916/419
f 742/913/420 746/917/420 745/901/420 741/914/420
f 743/916/421 741/915/421 745/918/421 747/900/421
v 0.000000 0.469553 -2.240406
v 0.000000 0.263736 -2.507781
v -0.000000 0.761234 -1.098015
v 0.087947 0.655253 -1.663499
v 0.158474 0.484230 -2.107483
v 0.197614 0.282039 -2.342030
v 0.155746 0.677823 -1.459099
v 0.280644 0.524899 -1.739167
v 0.349957 0.332752 -1.882747
v 0.187865 0.709646 -1.170891
v 0.338522 0.582243 -1.219833
v 0.422129 0.404259 -1.235148
v 0.176947 0.732289 -0.965828
v 0.318848 0.623666 -0.844687
v 0.397597 0.456104 -0.765613
v 0.125493 0.748782 -0.816461
v 0.226130 0.653386 -0.575536
v 0.281980 0.493164 -0.429987
v 0.045289 0.758095 -0.732116
v 0.081609 0.670168 -0.423552
v -0.045289 0.758095 -0.732116
v -0.081609 0.670168 -0.423552
v -0.125493 0.748782 -0.816461
v -0.226130 0.653386 -0.575536
v -0.281980 0.493164 -0.429987
v -0.176947 0.732289 -0.965828
v -0.318848 0.623666 -0.844687
v -0.397597 0.456104 -0.765613
v -0.187865 0.709646 -1.170891
v -0.338522 0.582243 -1.219833
v -0.422129 0.404259 -1.235149
v -0.155746 0.677823 -1.459099
v -0.280644 0.524899 -1.739167
v -0.349957 0.332752 -1.882747
v -0.087947 0.655253 -1.663499
v -0.158474 0.484230 -2.107483
v -0.197614 0.282039 -2.342030
v -0.000000 0.647108 -1.737266
v 0.101764 0.514090 -0.240466
v -0.101764 0.514090 -0.240466
vt 0.692308 0.571429
vt 0.692308 0.714286
vt 0.615385 0.714286
vt 0.615385 0.571429
vt 0.692308 0.857143
vt 0.653846 1.000000
vt 0.615385 0.857143
vt 0.538462 0.714286
vt 0.538462 0.571429
vt 0.576923 1.000000
vt 0.538462 0.857143
vt 0.461539 0.714286
vt 0.461539 0.571429
vt 0.500000 1.000000
vt 0.461539 0.857143
vt 0.384615 0.714286
vt 0.384615 0.571429
vt 0.423077 1.000000
vt 0.384615 0.857143
vt 0.307692 0.857143
vt 0.307692 0.714286
vt 0.307692 0.571429
vt 0.346154 1.000000
vt 0.230769 0.857143
vt 0.230769 0.714286
vt 0.230769 0.571429
vt 0.269231 1.000000
vt 0.153846 0.857143
vt 0.153846 0.714286
vt 0.153846 0.571429
vt 0.192308 1.000000
vt 0.076923 0.714286
vt 0.076923 0.571429
vt 0.115385 1.000000
vt 0.076923 0.857143
vt 0.000000 0.714286
vt 0.000000 0.571429
vt 0.038462 1.000000
vt 0.000000 0.857143
vt 1.000000 0.857143
vt 0.961538 1.000000
vt 0.923077 0.857143
vt 1.000000 0.714286
vt 0.923077 0.714286
vt 1.000000 0.571429
vt 0.923077 0.571429
vt 0.846154 0.857143
vt 0.846154 0.714286
vt 0.846154 0.571429
vt 0.884615 1.000000
vt 0.769231 0.857143
vt 0.769231 0.714286
vt 0.769231 0.571429
vt 0.807692 1.000000
vt 0.730769 1.000000
vn 0.0000 0.7924 -0.6100
vn 0.0000 0.8477 -0.5304
vn 0.5147 0.7681 -0.3809
vn 0.5185 0.6885 -0.5070
vn 0.0000 0.9573 -0.2892
vn 0.0000 0.9956 -0.0933
vn 0.2656 0.9348 -0.2357
vn 0.7154 0.6621 -0.2231
vn 0.8236 0.4987 -0.2698
vn 0.3937 0.9033 -0.1706
vn 0.7848 0.6130 -0.0909
vn 0.8993 0.4295 -0.0813
vn 0.4430 0.8900 -0.1076
vn 0.7611 0.6441 0.0757
vn 0.8711 0.4725 0.1340
vn 0.4308 0.9021 -0.0251
vn 0.3352 0.9392 0.0742
vn 0.6129 0.7399 0.2771
vn 0.6920 0.6025 0.3977
vn 0.1383 0.9779 0.1567
vn 0.2634 0.8445 0.4662
vn 0.2644 0.7481 0.6086
vn -0.1383 0.9779 0.1567
vn -0.2634 0.8445 0.4662
vn -0.2644 0.7481 0.6086
vn -0.6129 0.7399 0.2771
vn -0.6920 0.6025 0.3977
vn -0.3352 0.9392 0.0742
vn -0.7611 0.6441 0.0757
vn -0.8711 0.4725 0.1340
vn -0.4308 0.9021 -0.0251
vn -0.4430 0.8900 -0.1076
vn -0.7848 0.6130 -0.0909
vn -0.8993 0.4295 -0.0813
vn -0.3937 0.9033 -0.1706
vn -0.7154 0.6621 -0.2231
vn -0.8236 0.4987 -0.2698
vn -0.2656 0.9348 -0.2357
vn -0.5147 0.7681 -0.3809
vn -0.5185 0.6885 -0.5070
usemtl None
s 1
f 749/919/422 748/920/423 752/921/424 753/922/425
f 785/923/426 750/924/427 751/925/428
f 748/920/423 785/923/426 751/925/428 752/921/424
f 753/922/425 752/921/424 755/926/429 756/927/430
f 751/925/428 750/928/427 754/929/431
f 752/921/424 751/925/428 754/929/431 755/926/429
f 756/927/430 755/926/429 758/930/432 759/931/433
f 754/929/431 750/932/427 757/933/434
f 755/926/429 754/929/431 757/933/434 758/930/432
f 759/931/433 758/930/432 761/934/435 762/935/436
f 757/933/434 750/936/427 760/937/437
f 758/930/432 757/933/434 760/937/437 761/934/435
f 761/934/435 760/937/437 763/938/438 764/939/439
f 762/935/436 761/934/435 764/939/439 765/940/440
f 760/937/437 750/941/427 763/938/438
f 764/939/439 763/938/438 766/942/441 767/943/442
f 765/940/440 764/939/439 767/943/442 786/944/443
f 763/938/438 750/945/427 766/942/441
f 767/943/442 766/942/441 768/946/444 769/947/445
f 786/944/443 767/943/442 769/947/445 787/948/446
f 766/942/441 750/949/427 768/946/444
f 787/948/446 769/947/445 771/950/447 772/951/448
f 768/946/444 750/952/427 770/953/449
f 769/947/445 768/946/444 770/953/449 771/950/447
f 772/951/448 771/950/447 774/954/450 775/955/451
f 770/953/449 750/956/427 773/957/452
f 771/950/447 770/953/449 773/957/452 774/954/450
f 773/958/452 750/959/427 776/960/453
f 774/961/450 773/958/452 776/960/453 777/962/454
f 775/963/451 774/961/450 777/962/454 778/964/455
f 777/962/454 776/960/453 779/965/456 780/966/457
f 778/964/455 777/962/454 780/966/457 781/967/458
f 776/960/453 750/968/427 779/965/456
f 780/966/457 779/965/456 782/969/459 783/970/460
f 781/967/458 780/966/457 783/970/460 784/971/461
f 779/965/456 750/972/427 782/969/459
f 784/971/461 783/970/460 748/920/423 749/919/422
f 782/969/459 750/973/427 785/923/426
f 783/970/460 782/969/459 785/923/426 748/920/423
v 0.000000 0.224610 -3.289314
v 0.000000 0.080162 -3.611107
v 0.000000 -0.080162 -3.611107
v -0.000000 0.360246 -1.986402
v 0.082811 0.324570 -2.626641
v 0.149221 0.224610 -3.140073
v 0.186075 0.080162 -3.425007
v 0.186075 -0.080162 -3.425007
v 0.149221 -0.224610 -3.140073
v 0.082811 -0.324570 -2.626642
v 0.146652 0.324570 -2.397148
v 0.264257 0.224610 -2.726541
v 0.329523 0.080162 -2.909339
v 0.329523 -0.080162 -2.909339
v 0.264257 -0.224610 -2.726541
v 0.146652 -0.324570 -2.397148
v 0.176896 0.324570 -2.073558
v 0.318755 0.224610 -2.143451
v 0.397481 0.080162 -2.182239
v 0.397481 -0.080162 -2.182239
v 0.318755 -0.224610 -2.143451
v 0.176896 -0.324570 -2.073558
v 0.166615 0.324570 -1.843320
v 0.300230 0.224610 -1.722250
v 0.374381 0.080162 -1.655061
v 0.374381 -0.080162 -1.655061
v 0.300230 -0.224610 -1.722250
v 0.166615 -0.324570 -1.843320
v 0.118165 0.324570 -1.675616
v 0.212926 0.224610 -1.420057
v 0.265515 0.080162 -1.278232
v 0.265515 -0.080162 -1.278232
v 0.212926 -0.224610 -1.420057
v 0.118165 -0.324570 -1.675616
v 0.042645 0.324570 -1.580916
v 0.076843 0.224610 -1.249414
v 0.076843 -0.224610 -1.249414
v 0.042645 -0.324570 -1.580916
v -0.042645 0.324570 -1.580916
v -0.076843 0.224610 -1.249414
v -0.076843 -0.224610 -1.249414
v -0.042645 -0.324570 -1.580916
v -0.118165 0.324570 -1.675616
v -0.212926 0.224610 -1.420057
v -0.265515 0.080162 -1.278232
v -0.265515 -0.080162 -1.278232
v -0.212926 -0.224610 -1.420057
v -0.118165 -0.324570 -1.675616
v -0.166615 0.324570 -1.843320
v -0.300230 0.224610 -1.722250
v -0.374381 0.080162 -1.655061
v -0.374381 -0.080162 -1.655061
v -0.300230 -0.224610 -1.722250
v -0.166615 -0.324570 -1.843320
v -0.176896 0.324570 -2.073558
v -0.318755 0.224610 -2.143451
v -0.397481 0.080162 -2.182239
v -0.397481 -0.080162 -2.182239
v -0.318755 -0.224610 -2.143451
v -0.176896 -0.324570 -2.073558
v -0.146652 0.324570 -2.397148
v -0.264257 0.224610 -2.726541
v -0.329523 0.080162 -2.909340
v -0.329523 -0.080162 -2.909340
v -0.264257 -0.224610 -2.726541
v -0.146652 -0.324570 -2.397148
v -0.082811 0.324570 -2.626641
v -0.149221 0.224610 -3.140073
v -0.186075 0.080162 -3.425007
v -0.186075 -0.080162 -3.425007
v -0.149221 -0.224610 -3.140073
v -0.082811 -0.324570 -2.626641
v 0.000000 -0.360246 -1.986402
v -0.000000 0.324570 -2.709464
v -0.000000 -0.224610 -3.289314
v -0.000000 -0.324570 -2.709464
v 0.095822 0.080162 -1.065444
v 0.095822 -0.080162 -1.065444
v -0.095822 0.080162 -1.065444
v -0.095822 -0.080162 -1.065444
vt 0.653846 0.000000
vt 0.692308 0.142857
vt 0.615385 0.142857
vt 0.692308 0.285714
vt 0.692308 0.428571
vt 0.615385 0.428571
vt 0.615385 0.285714
vt 0.692308 0.571429
vt 0.692308 0.714286
vt 0.615385 0.714286
vt 0.615385 0.571429
vt 0.692308 0.857143
vt 0.653846 1.000000
vt 0.615385 0.857143
vt 0.576923 0.000000
vt 0.538462 0.142857
vt 0.538462 0.428571
vt 0.538462 0.285714
vt 0.538462 0.714286
vt 0.538462 0.571429
vt 0.576923 1.000000
vt 0.538462 0.857143
vt 0.500000 0.000000
vt 0.461539 0.142857
vt 0.461539 0.428571
vt 0.461539 0.285714
vt 0.461539 0.714286
vt 0.461539 0.571429
vt 0.500000 1.000000
vt 0.461539 0.857143
vt 0.384615 0.714286
vt 0.384615 0.571429
vt 0.423077 1.000000
vt 0.384615 0.857143
vt 0.384615 0.285714
vt 0.384616 0.142857
vt 0.384615 0.428571
vt 0.423077 0.000000
vt 0.307692 0.285714
vt 0.307692 0.142857
vt 0.307692 0.571429
vt 0.307692 0.428571
vt 0.307692 0.857143
vt 0.307692 0.714286
vt 0.346154 0.000000
vt 0.346154 1.000000
vt 0.230769 0.285714
vt 0.230769 0.142857
vt 0.230769 0.571429
vt 0.230769 0.428571
vt 0.230769 0.857143
vt 0.230769 0.714286
vt 0.269231 0.000000
vt 0.269231 1.000000
vt 0.153846 0.857143
vt 0.153846 0.714286
vt 0.192308 0.000000
vt 0.153846 0.142857
vt 0.153846 0.428571
vt 0.153846 0.285714
vt 0.153846 0.571429
vt 0.192308 1.000000
vt 0.115385 0.000000
vt 0.076923 0.142857
vt 0.076923 0.428571
vt 0.076923 0.285714
vt 0.076923 0.714286
vt 0.076923 0.571429
vt 0.115385 1.000000
vt 0.076923 0.857143
vt 0.000000 0.428571
vt 0.000000 0.285714
vt 0.000000 0.714286
vt 0.000000 0.571429
vt 0.038462 1.000000
vt 0.000000 0.857143
vt 0.000000 0.142857
vt 0.038462 0.000000
vt 1.000000 0.857143
vt 0.961538 1.000000
vt 0.923077 0.857143
vt 1.000000 0.142857
vt 1.000000 0.285714
vt 0.923077 0.285714
vt 0.923077 0.142857
vt 1.000000 0.428571
vt 1.000000 0.571429
vt 0.923077 0.571429
vt 0.923077 0.428571
vt 1.000000 0.714286
vt 0.923077 0.714286
vt 0.961538 0.000000
vt 0.846154 0.285714
vt 0.846154 0.142857
vt 0.846154 0.571429
vt 0.846154 0.428571
vt 0.846154 0.857143
vt 0.846154 0.714286
vt 0.884615 0.000000
vt 0.884615 1.000000
vt 0.769231 0.571429
vt 0.769231 0.428571
vt 0.769231 0.857143
vt 0.769231 0.714286
vt 0.807692 0.000000
vt 0.769231 0.142857
vt 0.769231 0.285714
vt 0.807692 1.000000
vt 0.730769 0.000000
vt 0.730769 1.000000
vn 0.0000 -0.9999 0.0116
vn 0.0000 -0.9902 -0.1394
vn 0.2398 -0.9658 -0.0978
vn 0.0000 -0.9381 -0.3463
vn 0.0000 -0.4541 -0.8909
vn 0.7633 -0.4275 -0.4843
vn 0.4891 -0.8419 -0.2280
vn 0.0000 0.4541 -0.8909
vn 0.0000 0.9381 -0.3463
vn 0.4891 0.8419 -0.2280
vn 0.7633 0.4275 -0.4843
vn 0.0000 0.9902 -0.1394
vn 0.0000 0.9999 0.0116
vn 0.2398 0.9658 -0.0978
vn 0.3560 -0.9330 -0.0522
vn 0.9340 -0.3026 -0.1899
vn 0.6785 -0.7254 -0.1162
vn 0.6785 0.7254 -0.1162
vn 0.9340 0.3026 -0.1899
vn 0.3560 0.9330 -0.0522
vn 0.4002 -0.9164 -0.0063
vn 0.9684 -0.2476 -0.0280
vn 0.7467 -0.6649 -0.0181
vn 0.7467 0.6649 -0.0181
vn 0.9684 0.2476 -0.0280
vn 0.4002 0.9164 -0.0063
vn 0.7248 0.6791 0.1162
vn 0.9516 0.2585 0.1660
vn 0.3894 0.9194 0.0545
vn 0.7248 -0.6791 0.1162
vn 0.3894 -0.9194 0.0545
vn 0.9516 -0.2585 0.1660
vn 0.5889 -0.7564 0.2847
vn 0.3048 -0.9431 0.1322
vn 0.8302 0.3225 0.4546
vn 0.8302 -0.3225 0.4546
vn 0.3048 0.9431 0.1322
vn 0.5889 0.7564 0.2847
vn 0.2618 -0.8491 0.4588
vn 0.1286 -0.9709 0.2018
vn 0.3833 0.3890 0.8377
vn 0.3833 -0.3890 0.8377
vn 0.1286 0.9709 0.2018
vn 0.2618 0.8491 0.4588
vn -0.1286 0.9709 0.2018
vn -0.2618 0.8491 0.4588
vn -0.1286 -0.9709 0.2018
vn -0.3833 -0.3890 0.8377
vn -0.2618 -0.8491 0.4588
vn -0.3833 0.3890 0.8377
vn -0.3048 -0.9431 0.1322
vn -0.8302 -0.3225 0.4546
vn -0.5889 -0.7564 0.2847
vn -0.5889 0.7564 0.2847
vn -0.8302 0.3225 0.4546
vn -0.3048 0.9431 0.1322
vn -0.9516 -0.2585 0.1660
vn -0.7248 -0.6791 0.1162
vn -0.7248 0.6791 0.1162
vn -0.9516 0.2585 0.1660
vn -0.3894 0.9194 0.0545
vn -0.3894 -0.9194 0.0545
vn -0.4002 0.9164 -0.0063
vn -0.7467 -0.6649 -0.0181
vn -0.4002 -0.9164 -0.0063
vn -0.9684 0.2476 -0.0280
vn -0.9684 -0.2476 -0.0280
vn -0.7467 0.6649 -0.0181
vn -0.6785 -0.7254 -0.1162
vn -0.3560 -0.9330 -0.0522
vn -0.9340 0.3026 -0.1899
vn -0.9340 -0.3026 -0.1899
vn -0.3560 0.9330 -0.0522
vn -0.6785 0.7254 -0.1162
vn -0.7633 0.4275 -0.4843
vn -0.7633 -0.4275 -0.4843
vn -0.2398 0.9658 -0.0978
vn -0.4891 0.8419 -0.2280
vn -0.2398 -0.9658 -0.0978
vn -0.4891 -0.8419 -0.2280
usemtl None
s 1
f 860/974/462 863/975/463 797/976/464
f 862/977/465 790/978/466 795/979/467 796/980/468
f 789/981/469 788/982/470 793/983/471 794/984/472
f 861/985/473 791/986/474 792/987/475
f 863/975/463 862/977/465 796/980/468 797/976/464
f 790/978/466 789/981/469 794/984/472 795/979/467
f 788/982/470 861/985/473 792/987/475 793/983/471
f 860/988/462 797/976/464 803/989/476
f 796/980/468 795/979/467 801/990/477 802/991/478
f 794/984/472 793/983/471 799/992/479 800/993/480
f 792/987/475 791/994/474 798/995/481
f 797/976/464 796/980/468 802/991/478 803/989/476
f 795/979/467 794/984/472 800/993/480 801/990/477
f 793/983/471 792/987/475 798/995/481 799/992/479
f 860/996/462 803/989/476 809/997/482
f 802/991/478 801/990/477 807/998/483 808/999/484
f 800/993/480 799/992/479 805/1000/485 806/1001/486
f 798/995/481 791/1002/474 804/1003/487
f 803/989/476 802/991/478 808/999/484 809/997/482
f 801/990/477 800/993/480 806/1001/486 807/998/483
f 799/992/479 798/995/481 804/1003/487 805/1000/485
f 806/1001/486 805/1000/485 811/1004/488 812/1005/489
f 804/1003/487 791/1006/474 810/1007/490
f 809/997/482 808/999/484 814/1008/491 815/1009/492
f 807/998/483 806/1001/486 812/1005/489 813/1010/493
f 805/1000/485 804/1003/487 810/1007/490 811/1004/488
f 860/1011/462 809/997/482 815/1009/492
f 808/999/484 807/998/483 813/1010/493 814/1008/491
f 815/1009/492 814/1008/491 820/1012/494 821/1013/495
f 813/1010/493 812/1005/489 818/1014/496 819/1015/497
f 811/1004/488 810/1007/490 816/1016/498 817/1017/499
f 860/1018/462 815/1009/492 821/1013/495
f 814/1008/491 813/1010/493 819/1015/497 820/1012/494
f 812/1005/489 811/1004/488 817/1017/499 818/1014/496
f 810/1007/490 791/1019/474 816/1016/498
f 821/1013/495 820/1012/494 824/1020/500 825/1021/501
f 819/1015/497 818/1014/496 864/1022/502 865/1023/503
f 817/1017/499 816/1016/498 822/1024/504 823/1025/505
f 860/1026/462 821/1013/495 825/1021/501
f 820/1012/494 819/1015/497 865/1023/503 824/1020/500
f 818/1014/496 817/1017/499 823/1025/505 864/1022/502
f 816/1016/498 791/1027/474 822/1024/504
f 823/1025/505 822/1024/504 826/1028/506 827/1029/507
f 860/1030/462 825/1021/501 829/1031/508
f 824/1020/500 865/1023/503 867/1032/509 828/1033/510
f 864/1022/502 823/1025/505 827/1029/507 866/1034/511
f 822/1024/504 791/1035/474 826/1028/506
f 825/1021/501 824/1020/500 828/1033/510 829/1031/508
f 860/1036/462 829/1031/508 835/1037/512
f 828/1033/510 867/1032/509 833/1038/513 834/1039/514
f 866/1034/511 827/1029/507 831/1040/515 832/1041/516
f 826/1028/506 791/1042/474 830/1043/517
f 829/1031/508 828/1033/510 834/1039/514 835/1037/512
f 867/1032/509 866/1034/511 832/1041/516 833/1038/513
f 827/1029/507 826/1028/506 830/1043/517 831/1040/515
f 834/1039/514 833/1038/513 839/1044/518 840/1045/519
f 832/1041/516 831/1040/515 837/1046/520 838/1047/521
f 830/1043/517 791/1048/474 836/1049/522
f 835/1037/512 834/1039/514 840/1045/519 841/1050/523
f 833/1038/513 832/1041/516 838/1047/521 839/1044/518
f 831/1040/515 830/1043/517 836/1049/522 837/1046/520
f 860/1051/462 835/1037/512 841/1050/523
f 836/1052/522 791/1053/474 842/1054/524
f 841/1055/523 840/1056/519 846/1057/525 847/1058/526
f 839/1059/518 838/1060/521 844/1061/527 845/1062/528
f 837/1063/520 836/1052/522 842/1054/524 843/1064/529
f 860/1065/462 841/1055/523 847/1058/526
f 840/1056/519 839/1059/518 845/1062/528 846/1057/525
f 838/1060/521 837/1063/520 843/1064/529 844/1061/527
f 847/1058/526 846/1057/525 852/1066/530 853/1067/531
f 845/1062/528 844/1061/527 850/1068/532 851/1069/533
f 843/1064/529 842/1054/524 848/1070/534 849/1071/535
f 860/1072/462 847/1058/526 853/1067/531
f 846/1057/525 845/1062/528 851/1069/533 852/1066/530
f 844/1061/527 843/1064/529 849/1071/535 850/1068/532
f 842/1054/524 791/1073/474 848/1070/534
f 851/1069/533 850/1068/532 856/1074/536 857/1075/537
f 849/1071/535 848/1070/534 854/1076/538 855/1077/539
f 860/1078/462 853/1067/531 859/1079/540
f 852/1066/530 851/1069/533 857/1075/537 858/1080/541
f 850/1068/532 849/1071/535 855/1077/539 856/1074/536
f 848/1070/534 791/1081/474 854/1076/538
f 853/1067/531 852/1066/530 858/1080/541 859/1079/540
f 860/1082/462 859/1079/540 863/975/463
f 858/1080/541 857/1075/537 790/978/466 862/977/465
f 856/1074/536 855/1077/539 788/982/470 789/981/469
f 854/1076/538 791/1083/474 861/985/473
f 859/1079/540 858/1080/541 862/977/465 863/975/463
f 857/1075/537 856/1074/536 789/981/469 790/978/466
f 855/1077/539 854/1076/538 861/985/473 788/982/470
f 865/1023/503 864/1022/502 866/1034/511 867/1032/509
v -1.806745 0.014372 1.507600
v -1.882301 0.014372 -1.281055
v -1.781549 -0.079663 1.507600
v -1.846982 -0.117441 -1.281055
v -1.712711 -0.148501 1.507600
v -1.750489 -0.213934 -1.281055
v -1.618676 -0.173697 1.507600
v -1.618677 -0.249253 -1.281055
v -1.524642 -0.148501 1.507600
v -1.486864 -0.213934 -1.281055
v -1.455804 -0.079663 1.507600
v -1.390371 -0.117441 -1.281055
v -1.430608 0.014372 1.507600
v -1.355052 0.014372 -1.281055
v -1.455804 0.108406 1.507600
v -1.390371 0.146184 -1.281055
v -1.524642 0.177244 1.507600
v -1.486864 0.242677 -1.281055
v -1.618676 0.202440 1.507600
v -1.618677 0.277996 -1.281055
v -1.712711 0.177244 1.507600
v -1.750489 0.242677 -1.281055
v -1.781549 0.108406 1.507600
v -1.846982 0.146184 -1.281055
v -1.996983 0.014372 1.481092
v -1.946300 -0.174782 1.481092
v -1.807830 -0.313251 1.481092
v -1.618676 -0.363935 1.481092
v -1.429523 -0.313251 1.481092
v -1.291054 -0.174782 1.481092
v -1.240370 0.014372 1.481092
v -1.291053 0.203525 1.481092
v -1.429523 0.341995 1.481092
v -1.618676 0.392678 1.481092
v -1.807829 0.341995 1.481092
v -1.946299 0.203525 1.481092
v -1.953429 0.014372 -1.222946
v -1.908580 -0.153004 -1.222946
v -1.786053 -0.275532 -1.222946
v -1.618677 -0.320380 -1.222946
v -1.451301 -0.275532 -1.222946
v -1.328773 -0.153004 -1.222946
v -1.283925 0.014372 -1.222946
v -1.328773 0.181748 -1.222946
v -1.451301 0.304275 -1.222946
v -1.618676 0.349124 -1.222946
v -1.786052 0.304276 -1.222946
v -1.908580 0.181748 -1.222946
v -1.996983 0.014372 1.549707
v -1.946300 -0.174782 1.549707
v -1.807830 -0.313251 1.549707
v -1.618676 -0.363935 1.549707
v -1.429523 -0.313251 1.549707
v -1.291054 -0.174782 1.549707
v -1.240370 0.014372 1.549707
v -1.291053 0.203525 1.549707
v -1.429523 0.341995 1.549707
v -1.618676 0.392678 1.549707
v -1.807829 0.341995 1.549707
v -1.946299 0.203525 1.549707
v -1.908580 -0.153004 -1.281055
v -1.953429 0.014372 -1.281055
v -1.786053 -0.275532 -1.281055
v -1.618677 -0.320380 -1.281055
v -1.451301 -0.275532 -1.281055
v -1.328773 -0.153004 -1.281055
v -1.283925 0.014372 -1.281055
v -1.328773 0.181748 -1.281055
v -1.451301 0.304275 -1.281055
v -1.618676 0.349124 -1.281055
v -1.786052 0.304276 -1.281055
v -1.908580 0.181748 -1.281055
v -1.908580 -0.153004 1.443474
v -1.786052 -0.275532 1.443474
v -1.618676 -0.320380 1.443474
v -1.451300 -0.275532 1.443474
v -1.328773 -0.153004 1.443474
v -1.283924 0.014372 1.443474
v -1.328773 0.181748 1.443474
v -1.451300 0.304275 1.443474
v -1.618676 0.349124 1.443474
v -1.786052 0.304276 1.443474
v -1.908580 0.181748 1.443474
v -1.953429 0.014372 1.443474
v -1.953429 0.014372 1.432967
v -1.908580 -0.153004 1.432967
v -1.786052 -0.275532 1.432967
v -1.618676 -0.320380 1.432967
v -1.451300 -0.275532 1.432967
v -1.328773 -0.153004 1.432967
v -1.283924 0.014372 1.432967
v -1.328773 0.181748 1.432967
v -1.451300 0.304275 1.432967
v -1.618676 0.349124 1.432967
v -1.786052 0.304276 1.432967
v -1.908580 0.181748 1.432967
v -1.946300 -0.174782 1.489235
v -1.807830 -0.313251 1.489235
v -1.618676 -0.363935 1.489235
v -1.429523 -0.313251 1.489235
v -1.291054 -0.174782 1.489235
v -1.240370 0.014372 1.489235
v -1.291053 0.203525 1.489235
v -1.429523 0.341995 1.489235
v -1.618676 0.392678 1.489235
v -1.807829 0.341995 1.489235
v -1.946299 0.203525 1.489235
v -1.996983 0.014372 1.489235
v -1.914173 -0.156233 1.449051
v -1.789281 -0.281125 1.449051
v -1.618676 -0.326838 1.449051
v -1.448071 -0.281125 1.449051
v -1.323180 -0.156233 1.449051
v -1.277466 0.014372 1.449051
v -1.323180 0.184977 1.449051
v -1.448071 0.309868 1.449051
v -1.618676 0.355582 1.449051
v -1.789281 0.309868 1.449051
v -1.914173 0.184977 1.449051
v -1.959887 0.014372 1.449051
v -1.940869 -0.171646 1.475676
v -1.804695 -0.307821 1.475676
v -1.618676 -0.357664 1.475676
v -1.432658 -0.307821 1.475676
v -1.296484 -0.171646 1.475676
v -1.246640 0.014372 1.475676
v -1.296484 0.200390 1.475676
v -1.432658 0.336564 1.475676
v -1.618676 0.386408 1.475676
v -1.804694 0.336565 1.475676
v -1.940869 0.200390 1.475676
v -1.990713 0.014372 1.475676
v -1.864767 -0.127709 2.054127
v -1.902837 0.014372 2.054127
v -1.760757 -0.231719 2.054127
v -1.618676 -0.269789 2.054127
v -1.476596 -0.231718 2.054127
v -1.372586 -0.127709 2.054127
v -1.334516 0.014372 2.054127
v -1.372586 0.156452 2.054127
v -1.476596 0.260462 2.054127
v -1.618676 0.298532 2.054127
v -1.760757 0.260462 2.054127
v -1.864767 0.156452 2.054127
v -1.900390 0.014372 2.067239
v -1.862647 -0.126485 2.067239
v -1.759533 -0.229599 2.067239
v -1.618676 -0.267342 2.067239
v -1.477820 -0.229599 2.067239
v -1.374706 -0.126485 2.067239
v -1.336963 0.014372 2.067239
v -1.374706 0.155228 2.067239
v -1.477820 0.258343 2.067239
v -1.618676 0.296085 2.067239
v -1.759533 0.258343 2.067239
v -1.862647 0.155228 2.067239
v -1.886829 0.014372 2.067239
v -1.850904 -0.119705 2.067239
v -1.752753 -0.217855 2.067239
v -1.618676 -0.253781 2.067239
v -1.484600 -0.217855 2.067239
v -1.386449 -0.119705 2.067239
v -1.350524 0.014372 2.067239
v -1.386449 0.148448 2.067239
v -1.484600 0.246599 2.067239
v -1.618676 0.282524 2.067239
v -1.752753 0.246599 2.067239
v -1.850903 0.148448 2.067239
v -1.824476 0.014372 2.067239
v -1.796904 -0.088528 2.067239
v -1.721576 -0.163856 2.067239
v -1.618676 -0.191428 2.067239
v -1.515777 -0.163856 2.067239
v -1.440449 -0.088528 2.067239
v -1.412877 0.014372 2.067239
v -1.440449 0.117272 2.067239
v -1.515777 0.192599 2.067239
v -1.618676 0.220171 2.067239
v -1.721576 0.192599 2.067239
v -1.796904 0.117272 2.067239
v -1.814501 0.014372 2.067239
v -1.788265 -0.083541 2.067239
v -1.716589 -0.155217 2.067239
v -1.618676 -0.181453 2.067239
v -1.520764 -0.155217 2.067239
v -1.449088 -0.083541 2.067239
v -1.422852 0.014372 2.067239
v -1.449088 0.112284 2.067239
v -1.520764 0.183961 2.067239
v -1.618676 0.210196 2.067239
v -1.716589 0.183961 2.067239
v -1.788265 0.112284 2.067239
v -1.666272 -0.013108 -1.433746
v -1.673635 0.014372 -1.433746
v -1.646156 -0.033224 -1.433746
v -1.618677 -0.040587 -1.433746
v -1.591197 -0.033224 -1.433746
v -1.571081 -0.013108 -1.433746
v -1.563718 0.014372 -1.433746
v -1.571081 0.041851 -1.433746
v -1.591197 0.061967 -1.433746
v -1.618677 0.069331 -1.433746
v -1.646156 0.061967 -1.433746
v -1.666272 0.041851 -1.433746
v -1.716092 -0.041871 -1.433746
v -1.731163 0.014372 -1.433746
v -1.674920 -0.083044 -1.433746
v -1.618677 -0.098114 -1.433746
v -1.562433 -0.083044 -1.433746
v -1.521261 -0.041871 -1.433746
v -1.506190 0.014372 -1.433746
v -1.521261 0.070615 -1.433746
v -1.562433 0.111788 -1.433746
v -1.618677 0.126858 -1.433746
v -1.674920 0.111788 -1.433746
v -1.716092 0.070615 -1.433746
v -1.662664 -0.011024 -1.892516
v -1.669469 0.014372 -1.892516
v -1.644073 -0.029616 -1.892516
v -1.618677 -0.036420 -1.892516
v -1.593280 -0.029616 -1.892516
v -1.574689 -0.011024 -1.892516
v -1.567884 0.014372 -1.892516
v -1.574689 0.039768 -1.892516
v -1.593280 0.058360 -1.892516
v -1.618677 0.065164 -1.892516
v -1.644073 0.058360 -1.892516
v -1.662664 0.039768 -1.892516
v -1.677605 0.014372 -1.433746
v -1.669710 -0.015093 -1.433746
v -1.648141 -0.036662 -1.433746
v -1.618677 -0.044557 -1.433746
v -1.589212 -0.036662 -1.433746
v -1.567643 -0.015093 -1.433746
v -1.559748 0.014372 -1.433746
v -1.567643 0.043836 -1.433746
v -1.589212 0.065405 -1.433746
v -1.618677 0.073300 -1.433746
v -1.648141 0.065405 -1.433746
v -1.669710 0.043836 -1.433746
v -1.711701 -0.039336 -1.433746
v -1.672384 -0.078653 -1.433746
v -1.618677 -0.093044 -1.433746
v -1.564969 -0.078653 -1.433746
v -1.525652 -0.039336 -1.433746
v -1.511261 0.014372 -1.433746
v -1.525652 0.068080 -1.433746
v -1.564969 0.107396 -1.433746
v -1.618677 0.121787 -1.433746
v -1.672384 0.107396 -1.433746
v -1.711701 0.068080 -1.433746
v -1.726092 0.014372 -1.433746
v -1.519696 0.071518 -1.431920
v -1.561530 0.113352 -1.431920
v -1.561530 -0.084609 -1.431920
v -1.519696 -0.042775 -1.431920
v -1.717657 0.071518 -1.431920
v -1.732970 0.014372 -1.431920
v -1.717657 -0.042775 -1.431920
v -1.675823 -0.084609 -1.431920
v -1.618677 0.128665 -1.431920
v -1.504383 0.014372 -1.431920
v -1.618677 -0.099921 -1.431920
v -1.675823 0.113352 -1.431920
v -1.487933 0.240826 -1.283214
v -1.392222 -0.116372 -1.283214
v -1.880164 0.014372 -1.283214
v -1.749420 -0.212083 -1.283214
v -1.618677 0.275859 -1.283214
v -1.357189 0.014372 -1.283214
v -1.618677 -0.247116 -1.283214
v -1.749420 0.240827 -1.283214
v -1.392222 0.145115 -1.283214
v -1.487933 -0.212083 -1.283214
v -1.845131 0.145116 -1.283214
v -1.845131 -0.116372 -1.283214
v -1.885884 0.014372 -1.281055
v -1.850085 -0.119232 -1.281055
v -1.752280 -0.217037 -1.281055
v -1.618677 -0.252836 -1.281055
v -1.485073 -0.217037 -1.281055
v -1.387268 -0.119232 -1.281055
v -1.351469 0.014372 -1.281055
v -1.387268 0.147975 -1.281055
v -1.485073 0.245780 -1.281055
v -1.618677 0.281579 -1.281055
v -1.752280 0.245780 -1.281055
v -1.850085 0.147976 -1.281055
v -1.903668 -0.150168 -1.281055
v -1.783216 -0.270620 -1.281055
v -1.618677 -0.314708 -1.281055
v -1.454137 -0.270620 -1.281055
v -1.333685 -0.150168 -1.281055
v -1.289597 0.014372 -1.281055
v -1.333685 0.178912 -1.281055
v -1.454137 0.299363 -1.281055
v -1.618676 0.343451 -1.281055
v -1.783216 0.299363 -1.281055
v -1.903668 0.178912 -1.281055
v -1.947756 0.014372 -1.281055
v -1.666272 -0.013107 -1.892516
v -1.673635 0.014372 -1.892516
v -1.646156 -0.033224 -1.892516
v -1.618677 -0.040587 -1.892516
v -1.591197 -0.033224 -1.892516
v -1.571081 -0.013107 -1.892516
v -1.563718 0.014372 -1.892516
v -1.571081 0.041851 -1.892516
v -1.591197 0.061968 -1.892516
v -1.618677 0.069331 -1.892516
v -1.646156 0.061968 -1.892516
v -1.666272 0.041851 -1.892516
v -1.591197 0.061968 -1.886036
v -1.618677 0.069331 -1.886036
v -1.571081 -0.013107 -1.886036
v -1.563718 0.014372 -1.886036
v -1.646156 -0.033224 -1.886036
v -1.618677 -0.040587 -1.886036
v -1.646156 0.061968 -1.886036
v -1.571081 0.041851 -1.886036
v -1.591197 -0.033224 -1.886036
v -1.666272 0.041851 -1.886036
v -1.673635 0.014372 -1.886036
v -1.666272 -0.013107 -1.886036
v -1.618677 0.069331 -1.438759
v -1.563718 0.014372 -1.438759
v -1.618677 -0.040587 -1.438759
v -1.646156 0.061967 -1.438759
v -1.571081 0.041851 -1.438759
v -1.591197 -0.033224 -1.438759
v -1.666272 0.041851 -1.438759
v -1.666272 -0.013108 -1.438759
v -1.591197 0.061967 -1.438759
v -1.571081 -0.013108 -1.438759
v -1.646156 -0.033224 -1.438759
v -1.673635 0.014372 -1.438759
v -1.782037 -0.079945 1.538150
v -1.807309 0.014372 1.538150
v -1.712993 -0.148989 1.538150
v -1.618676 -0.174261 1.538150
v -1.524360 -0.148989 1.538150
v -1.455316 -0.079945 1.538150
v -1.430044 0.014372 1.538150
v -1.455316 0.108688 1.538150
v -1.524360 0.177732 1.538150
v -1.618676 0.203004 1.538150
v -1.712993 0.177732 1.538150
v -1.782037 0.108688 1.538150
v -1.814316 0.014372 2.057221
v -1.788105 -0.083448 2.057221
v -1.716496 -0.155057 2.057221
v -1.618676 -0.181268 2.057221
v -1.520857 -0.155057 2.057221
v -1.449248 -0.083448 2.057221
v -1.423037 0.014372 2.057221
v -1.449248 0.112191 2.057221
v -1.520857 0.183801 2.057221
v -1.618676 0.210011 2.057221
v -1.716496 0.183801 2.057221
v -1.788105 0.112192 2.057221
vt 1.000000 0.990616
vt 1.000000 1.000000
vt 0.916667 1.000000
vt 0.916667 0.990616
vt 0.833333 1.000000
vt 0.833333 0.990616
vt 0.750000 1.000000
vt 0.750000 0.990616
vt 0.666667 1.000000
vt 0.666667 0.990616
vt 0.583333 1.000000
vt 0.583333 0.990616
vt 0.500000 1.000000
vt 0.500000 0.990616
vt 0.416667 1.000000
vt 0.416667 0.990616
vt 0.333333 1.000000
vt 0.333333 0.990616
vt 0.250000 1.000000
vt 0.250000 0.990616
vt 0.166667 1.000000
vt 0.166667 0.990616
vt 0.086317 0.155497
vt 0.155497 0.086317
vt 0.155497 0.086317
vt 0.086317 0.155497
vt 0.083333 1.000000
vt 0.083333 0.990616
vt 0.000000 1.000000
vt 0.000000 0.990616
vt 0.750000 0.384836
vt 0.817418 0.366771
vt 0.866771 0.317418
vt 0.884836 0.250000
vt 0.866771 0.182582
vt 0.817418 0.133229
vt 0.750000 0.115164
vt 0.682582 0.133229
vt 0.633229 0.182582
vt 0.615164 0.250000
vt 0.633229 0.317418
vt 0.682582 0.366771
vt 0.083333 0.509765
vt 0.083333 0.511081
vt 0.000000 0.511081
vt 0.000000 0.509766
vt 0.166667 0.509765
vt 0.166667 0.511081
vt 0.250000 0.509766
vt 0.250000 0.511081
vt 0.333333 0.509766
vt 0.333333 0.511081
vt 0.416667 0.509766
vt 0.416667 0.511081
vt 0.500000 0.509766
vt 0.500000 0.511081
vt 0.583333 0.509766
vt 0.583333 0.511081
vt 0.666667 0.509766
vt 0.666667 0.511081
vt 0.750000 0.509766
vt 0.750000 0.511081
vt 0.833333 0.509765
vt 0.833333 0.511081
vt 0.916667 0.509766
vt 0.916667 0.511081
vt 1.000000 0.509766
vt 1.000000 0.511081
vt 0.083333 0.519615
vt 0.000000 0.519615
vt 0.166667 0.519615
vt 0.250000 0.519615
vt 0.333333 0.519615
vt 0.416667 0.519615
vt 0.500000 0.519615
vt 0.583333 0.519615
vt 0.666667 0.519615
vt 0.750000 0.519615
vt 0.833333 0.519615
vt 0.916667 0.519615
vt 1.000000 0.519615
vt 0.851469 0.425749
vt 0.750000 0.452937
vt 0.750000 0.490000
vt 0.870000 0.457846
vt 0.925749 0.351469
vt 0.957846 0.370000
vt 0.952937 0.250000
vt 0.990000 0.250000
vt 0.925749 0.148531
vt 0.957846 0.130000
vt 0.851469 0.074251
vt 0.870000 0.042154
vt 0.750000 0.047063
vt 0.750000 0.010000
vt 0.648531 0.074251
vt 0.630000 0.042154
vt 0.574251 0.148531
vt 0.542154 0.130000
vt 0.547063 0.250000
vt 0.510000 0.250000
vt 0.574251 0.351469
vt 0.542154 0.370000
vt 0.648531 0.425749
vt 0.630000 0.457846
vt 0.250000 0.485933
vt 0.367967 0.454324
vt 0.370000 0.457846
vt 0.250000 0.490000
vt 0.454324 0.367967
vt 0.457846 0.370000
vt 0.485933 0.250000
vt 0.490000 0.250000
vt 0.454324 0.132033
vt 0.457846 0.130000
vt 0.367967 0.045676
vt 0.370000 0.042154
vt 0.250000 0.014067
vt 0.250000 0.010000
vt 0.132033 0.045676
vt 0.130000 0.042154
vt 0.045676 0.132033
vt 0.042154 0.130000
vt 0.014067 0.250000
vt 0.010000 0.250000
vt 0.045676 0.367967
vt 0.042154 0.370000
vt 0.132033 0.454324
vt 0.130000 0.457846
vt 1.000000 0.516763
vt 1.000000 0.517752
vt 0.916667 0.517752
vt 0.916667 0.516763
vt 0.833333 0.517752
vt 0.833333 0.516762
vt 0.750000 0.517752
vt 0.750000 0.516763
vt 0.666667 0.517752
vt 0.666667 0.516762
vt 0.583333 0.517752
vt 0.583333 0.516762
vt 0.500000 0.517752
vt 0.500000 0.516763
vt 0.416667 0.517752
vt 0.416667 0.516763
vt 0.333333 0.517752
vt 0.333333 0.516763
vt 0.250000 0.517752
vt 0.250000 0.516762
vt 0.166667 0.517752
vt 0.166667 0.516762
vt 0.083333 0.517752
vt 0.083333 0.516762
vt 0.000000 0.517752
vt 0.000000 0.516763
vt 1.000000 0.500000
vt 0.916667 0.500000
vt 0.833333 0.500000
vt 0.750000 0.500000
vt 0.666667 0.500000
vt 0.583333 0.500000
vt 0.500000 0.500000
vt 0.416667 0.500000
vt 0.333333 0.500000
vt 0.250000 0.500000
vt 0.166667 0.500000
vt 0.083333 0.500000
vt 0.000000 0.500000
vt 0.083333 0.512041
vt 0.000000 0.512041
vt 0.166667 0.512041
vt 0.250000 0.512041
vt 0.333333 0.512041
vt 0.416667 0.512041
vt 0.500000 0.512041
vt 0.583333 0.512041
vt 0.666667 0.512041
vt 0.750000 0.512041
vt 0.833333 0.512041
vt 0.916667 0.512041
vt 1.000000 0.512041
vt 0.750000 0.451974
vt 0.649013 0.424915
vt 0.575085 0.350987
vt 0.548026 0.250000
vt 0.575085 0.149013
vt 0.649013 0.075085
vt 0.750000 0.048026
vt 0.850987 0.075085
vt 0.924915 0.149013
vt 0.951974 0.250000
vt 0.924915 0.350987
vt 0.850987 0.424914
vt 0.846126 0.416495
vt 0.750000 0.442252
vt 0.916495 0.346126
vt 0.942252 0.250000
vt 0.916495 0.153874
vt 0.846126 0.083505
vt 0.750000 0.057748
vt 0.653874 0.083505
vt 0.583505 0.153874
vt 0.557748 0.250000
vt 0.583505 0.346126
vt 0.653874 0.416495
vt 0.823774 0.377780
vt 0.750000 0.397548
vt 0.877780 0.323774
vt 0.897548 0.250000
vt 0.877780 0.176226
vt 0.823774 0.122220
vt 0.750000 0.102452
vt 0.676226 0.122220
vt 0.622220 0.176226
vt 0.602452 0.250000
vt 0.622220 0.323774
vt 0.676226 0.377780
vt 0.820198 0.371586
vt 0.750000 0.390396
vt 0.871586 0.320198
vt 0.890396 0.250000
vt 0.871586 0.179802
vt 0.820198 0.128413
vt 0.750000 0.109604
vt 0.679802 0.128413
vt 0.628413 0.179802
vt 0.609604 0.250000
vt 0.628413 0.320198
vt 0.679802 0.371586
vt 0.820132 0.371472
vt 0.750000 0.390263
vt 0.871472 0.320132
vt 0.890264 0.250000
vt 0.871472 0.179868
vt 0.820132 0.128528
vt 0.750000 0.109736
vt 0.679868 0.128528
vt 0.628528 0.179868
vt 0.609736 0.250000
vt 0.628528 0.320132
vt 0.679868 0.371472
vt 0.157655 0.250000
vt 0.170027 0.203828
vt 0.170027 0.203828
vt 0.157655 0.250000
vt 0.344503 0.086317
vt 0.413683 0.155497
vt 0.413683 0.155497
vt 0.344503 0.086317
vt 0.250000 0.439005
vt 0.155497 0.413683
vt 0.155497 0.413683
vt 0.250000 0.439005
vt 0.413683 0.344503
vt 0.344503 0.413683
vt 0.344503 0.413683
vt 0.413683 0.344503
vt 0.060995 0.250000
vt 0.060995 0.250000
vt 0.250000 0.060995
vt 0.250000 0.060995
vt 0.439005 0.250000
vt 0.439005 0.250000
vt 0.086316 0.344503
vt 0.086316 0.344503
vt 0.250000 0.430486
vt 0.340243 0.406305
vt 0.406305 0.340243
vt 0.430486 0.250000
vt 0.406305 0.159757
vt 0.340243 0.093695
vt 0.250000 0.069514
vt 0.159757 0.093695
vt 0.093695 0.159757
vt 0.069514 0.250000
vt 0.093695 0.340243
vt 0.159757 0.406305
vt 0.292672 0.323910
vt 0.250000 0.335344
vt 0.207328 0.323910
vt 0.176090 0.292672
vt 0.164656 0.250000
vt 0.176090 0.207328
vt 0.207328 0.176090
vt 0.250000 0.164656
vt 0.292672 0.176090
vt 0.323910 0.207328
vt 0.335344 0.250000
vt 0.323910 0.292672
vt 0.250000 0.157655
vt 0.296172 0.170027
vt 0.296172 0.170027
vt 0.250000 0.157655
vt 0.342345 0.250000
vt 0.329973 0.296172
vt 0.329973 0.296172
vt 0.342345 0.250000
vt 0.170027 0.296172
vt 0.170027 0.296172
vt 0.203828 0.170027
vt 0.203828 0.170027
vt 0.329973 0.203828
vt 0.329973 0.203828
vt 0.203828 0.329973
vt 0.203827 0.329973
vt 0.296172 0.329973
vt 0.250000 0.342345
vt 0.250000 0.342345
vt 0.296172 0.329973
vt 0.203827 0.329973
vt 0.250000 0.342345
vt 0.250000 0.349015
vt 0.200492 0.335750
vt 0.170027 0.296172
vt 0.164250 0.299508
vt 0.157655 0.250000
vt 0.150985 0.250000
vt 0.170027 0.203828
vt 0.164250 0.200492
vt 0.203828 0.170027
vt 0.200492 0.164250
vt 0.250000 0.157655
vt 0.250000 0.150985
vt 0.296172 0.170027
vt 0.299508 0.164250
vt 0.329973 0.203828
vt 0.335750 0.200492
vt 0.342345 0.250000
vt 0.349015 0.250000
vt 0.329973 0.296172
vt 0.335750 0.299508
vt 0.296172 0.329973
vt 0.299508 0.335750
vt 0.344503 0.413683
vt 0.250000 0.439005
vt 0.155497 0.413683
vt 0.086316 0.344503
vt 0.413683 0.155497
vt 0.439005 0.250000
vt 0.155497 0.086317
vt 0.250000 0.060995
vt 0.060995 0.250000
vt 0.413683 0.344503
vt 0.344503 0.086317
vt 0.086317 0.155497
vt 0.086317 0.155497
vt 0.155497 0.086317
vt 0.344503 0.086317
vt 0.413683 0.155497
vt 0.250000 0.439005
vt 0.155497 0.413683
vt 0.413683 0.344503
vt 0.344503 0.413683
vt 0.060995 0.250000
vt 0.250000 0.060995
vt 0.439005 0.250000
vt 0.086316 0.344503
vt 0.250000 0.441574
vt 0.154213 0.415908
vt 0.084092 0.345787
vt 0.058426 0.250000
vt 0.084092 0.154213
vt 0.154213 0.084092
vt 0.250000 0.058426
vt 0.345787 0.084092
vt 0.415908 0.154213
vt 0.441574 0.250000
vt 0.415908 0.345787
vt 0.345787 0.415908
vt 0.329973 0.296172
vt 0.296172 0.329973
vt 0.250000 0.342345
vt 0.203827 0.329973
vt 0.296172 0.170027
vt 0.329973 0.203828
vt 0.170027 0.203828
vt 0.203828 0.170027
vt 0.170027 0.296172
vt 0.342345 0.250000
vt 0.250000 0.157655
vt 0.157655 0.250000
vt 0.682380 0.367121
vt 0.750000 0.385240
vt 0.632879 0.317620
vt 0.614760 0.250000
vt 0.632879 0.182380
vt 0.682380 0.132879
vt 0.750000 0.114760
vt 0.817620 0.132879
vt 0.867121 0.182380
vt 0.885240 0.250000
vt 0.867121 0.317620
vt 0.817620 0.367121
vn -1.0000 0.0000 0.0000
vn -0.7571 0.0000 -0.6532
vn -0.6557 -0.3786 -0.6532
vn -0.8660 -0.5000 0.0000
vn -0.3786 -0.6557 -0.6532
vn -0.5000 -0.8660 0.0000
vn 0.0000 -0.7571 -0.6532
vn 0.0000 -1.0000 0.0000
vn 0.3786 -0.6557 -0.6532
vn 0.5000 -0.8660 0.0000
vn 0.6557 -0.3786 -0.6532
vn 0.8660 -0.5000 0.0000
vn 0.7572 0.0000 -0.6532
vn 1.0000 0.0000 0.0000
vn 0.6557 0.3786 -0.6532
vn 0.8660 0.5000 0.0000
vn 0.3786 0.6557 -0.6532
vn 0.5000 0.8660 0.0000
vn 0.0000 0.7571 -0.6532
vn 0.0000 1.0000 0.0000
vn -0.3786 0.6557 -0.6532
vn -0.5000 0.8660 0.0000
vn 0.3554 0.6155 -0.7035
vn 0.6155 0.3553 -0.7035
vn 0.3784 0.2185 -0.8995
vn 0.2185 0.3784 -0.8995
vn -0.6557 0.3786 -0.6532
vn -0.8660 0.5000 0.0000
vn 0.7512 0.0000 0.6601
vn 0.6505 0.3756 0.6601
vn 0.3756 0.6505 0.6601
vn 0.0000 0.7512 0.6601
vn -0.3756 0.6505 0.6601
vn -0.6505 0.3756 0.6601
vn -0.7512 0.0000 0.6601
vn -0.6505 -0.3756 0.6601
vn -0.3756 -0.6505 0.6601
vn 0.0000 -0.7512 0.6601
vn 0.3756 -0.6505 0.6601
vn 0.6505 -0.3756 0.6601
vn -0.7966 0.4599 -0.3922
vn -0.9199 0.0000 -0.3922
vn -0.4599 0.7966 -0.3922
vn 0.0000 0.9199 -0.3922
vn 0.4599 0.7966 -0.3922
vn 0.7966 0.4599 -0.3922
vn 0.9199 0.0000 -0.3922
vn 0.7966 -0.4599 -0.3922
vn 0.4599 -0.7966 -0.3922
vn 0.0000 -0.9199 -0.3922
vn -0.4599 -0.7966 -0.3922
vn -0.7966 -0.4599 -0.3922
vn -0.8513 -0.4915 0.1834
vn -0.9830 0.0000 0.1834
vn -0.9958 0.0000 0.0908
vn -0.8624 -0.4979 0.0908
vn -0.4915 -0.8513 0.1834
vn -0.4979 -0.8624 0.0908
vn 0.0000 -0.9830 0.1834
vn 0.0000 -0.9958 0.0908
vn 0.4915 -0.8513 0.1834
vn 0.4979 -0.8624 0.0908
vn 0.8513 -0.4915 0.1834
vn 0.8624 -0.4979 0.0908
vn 0.9830 0.0000 0.1834
vn 0.9958 0.0000 0.0908
vn 0.8513 0.4915 0.1834
vn 0.8624 0.4979 0.0908
vn 0.4915 0.8513 0.1834
vn 0.4979 0.8624 0.0908
vn 0.0000 0.9830 0.1834
vn 0.0000 0.9958 0.0908
vn -0.4915 0.8513 0.1834
vn -0.4979 0.8624 0.0908
vn -0.8513 0.4915 0.1834
vn -0.8624 0.4979 0.0908
vn 0.0000 0.0000 -1.0000
vn -0.6536 0.0000 -0.7568
vn -0.8957 0.0000 -0.4445
vn -0.7757 -0.4479 -0.4445
vn -0.5661 -0.3268 -0.7568
vn -0.4479 -0.7757 -0.4445
vn -0.3268 -0.5661 -0.7568
vn 0.0000 -0.8957 -0.4445
vn 0.0000 -0.6536 -0.7568
vn 0.4479 -0.7757 -0.4445
vn 0.3268 -0.5661 -0.7568
vn 0.7757 -0.4479 -0.4445
vn 0.5661 -0.3268 -0.7568
vn 0.8957 0.0000 -0.4445
vn 0.6536 0.0000 -0.7568
vn 0.7757 0.4479 -0.4445
vn 0.5661 0.3268 -0.7568
vn 0.4479 0.7757 -0.4445
vn 0.3268 0.5661 -0.7568
vn 0.0000 0.8957 -0.4445
vn 0.0000 0.6536 -0.7568
vn -0.4479 0.7757 -0.4445
vn -0.3268 0.5661 -0.7568
vn -0.7757 0.4479 -0.4445
vn -0.5661 0.3268 -0.7568
vn -0.6939 0.0000 0.7200
vn -0.6010 0.3470 0.7200
vn -0.3470 0.6010 0.7200
vn 0.0000 0.6939 0.7200
vn 0.3470 0.6010 0.7200
vn 0.6010 0.3470 0.7200
vn 0.6939 0.0000 0.7200
vn 0.6010 -0.3470 0.7200
vn 0.3470 -0.6010 0.7200
vn 0.0000 -0.6939 0.7200
vn -0.3470 -0.6010 0.7200
vn -0.6010 -0.3470 0.7200
vn 0.0000 0.0000 1.0000
vn 0.5463 0.3154 0.7759
vn 0.6308 0.0000 0.7759
vn 0.3154 0.5463 0.7759
vn 0.0000 0.6308 0.7759
vn -0.3154 0.5463 0.7759
vn -0.5463 0.3154 0.7759
vn -0.6308 0.0000 0.7759
vn -0.5463 -0.3154 0.7759
vn -0.3154 -0.5463 0.7759
vn 0.0000 -0.6308 0.7759
vn 0.3154 -0.5463 0.7759
vn 0.5463 -0.3154 0.7759
vn 0.8659 0.4999 0.0160
vn 0.9998 0.0000 0.0160
vn 0.4999 0.8659 0.0160
vn 0.0000 0.9998 0.0160
vn -0.4999 0.8659 0.0160
vn -0.8659 0.4999 0.0160
vn -0.9998 0.0000 0.0160
vn -0.8659 -0.4999 0.0160
vn -0.4999 -0.8659 0.0160
vn 0.0000 -0.9998 0.0160
vn 0.4999 -0.8659 0.0160
vn 0.8659 -0.4999 0.0160
vn 0.6155 -0.3553 -0.7035
vn 0.3553 -0.6155 -0.7035
vn 0.2184 -0.3784 -0.8995
vn 0.3783 -0.2184 -0.8995
vn -0.7107 0.0000 -0.7035
vn -0.6155 0.3553 -0.7035
vn -0.3784 0.2185 -0.8995
vn -0.4369 0.0000 -0.8995
vn -0.3553 -0.6155 -0.7035
vn -0.6155 -0.3553 -0.7035
vn -0.3784 -0.2185 -0.8995
vn -0.2184 -0.3784 -0.8995
vn 0.0000 0.7107 -0.7035
vn 0.0000 0.4369 -0.8995
vn 0.7107 0.0000 -0.7035
vn 0.4369 0.0000 -0.8995
vn 0.0000 -0.7107 -0.7035
vn 0.0000 -0.4369 -0.8995
vn -0.3553 0.6155 -0.7035
vn -0.2185 0.3784 -0.8995
vn -0.5523 0.3189 -0.7703
vn -0.6377 0.0000 -0.7703
vn -0.3189 0.5523 -0.7703
vn 0.0000 0.6377 -0.7703
vn 0.3189 0.5523 -0.7703
vn 0.5523 0.3189 -0.7703
vn 0.6377 0.0000 -0.7703
vn 0.5523 -0.3189 -0.7703
vn 0.3189 -0.5523 -0.7703
vn 0.0000 -0.6377 -0.7703
vn -0.3189 -0.5523 -0.7703
vn -0.5523 -0.3189 -0.7703
vn 0.1639 0.2839 -0.9447
vn 0.2839 0.1639 -0.9447
vn 0.2839 -0.1639 -0.9447
vn 0.1639 -0.2839 -0.9447
vn -0.3279 0.0000 -0.9447
vn -0.2839 0.1639 -0.9447
vn -0.1639 -0.2839 -0.9447
vn -0.2839 -0.1639 -0.9447
vn 0.0000 0.3279 -0.9447
vn 0.3279 0.0000 -0.9447
vn 0.0000 -0.3279 -0.9447
vn -0.1639 0.2839 -0.9447
usemtl None
s 1
f 904/1084/542 929/1085/543 928/1086/544 905/1087/545
f 905/1087/545 928/1086/544 930/1088/546 906/1089/547
f 906/1089/547 930/1088/546 931/1090/548 907/1091/549
f 907/1091/549 931/1090/548 932/1092/550 908/1093/551
f 908/1093/551 932/1092/550 933/1094/552 909/1095/553
f 909/1095/553 933/1094/552 934/1096/554 910/1097/555
f 910/1097/555 934/1096/554 935/1098/556 911/1099/557
f 911/1099/557 935/1098/556 936/1100/558 912/1101/559
f 912/1101/559 936/1100/558 937/1102/560 913/1103/561
f 913/1103/561 937/1102/560 938/1104/562 914/1105/563
f 1121/1106/564 1120/1107/565 1079/1108/566 1080/1109/567
f 914/1105/563 938/1104/562 939/1110/568 915/1111/569
f 915/1111/569 939/1110/568 929/1112/543 904/1113/542
f 868/1114/570 870/1115/571 872/1116/572 874/1117/573 876/1118/574 878/1119/575 880/1120/576 882/1121/577 884/1122/578 886/1123/579 888/1124/580 890/1125/581
f 974/1126/569 903/1127/582 892/1128/583 975/1129/542
f 973/1130/563 902/1131/584 903/1127/582 974/1126/569
f 972/1132/561 901/1133/585 902/1131/584 973/1130/563
f 971/1134/559 900/1135/586 901/1133/585 972/1132/561
f 970/1136/557 899/1137/587 900/1135/586 971/1134/559
f 969/1138/555 898/1139/588 899/1137/587 970/1136/557
f 968/1140/553 897/1141/589 898/1139/588 969/1138/555
f 967/1142/551 896/1143/590 897/1141/589 968/1140/553
f 966/1144/549 895/1145/591 896/1143/590 967/1142/551
f 965/1146/547 894/1147/592 895/1145/591 966/1144/549
f 964/1148/545 893/1149/593 894/1147/592 965/1146/547
f 975/1150/542 892/1151/583 893/1149/593 964/1148/545
f 963/1152/569 915/1111/569 904/1113/542 952/1153/542
f 962/1154/563 914/1105/563 915/1111/569 963/1152/569
f 961/1155/561 913/1103/561 914/1105/563 962/1154/563
f 960/1156/559 912/1101/559 913/1103/561 961/1155/561
f 959/1157/557 911/1099/557 912/1101/559 960/1156/559
f 958/1158/555 910/1097/555 911/1099/557 959/1157/557
f 957/1159/553 909/1095/553 910/1097/555 958/1158/555
f 956/1160/551 908/1093/551 909/1095/553 957/1159/553
f 955/1161/549 907/1091/549 908/1093/551 956/1160/551
f 954/1162/547 906/1089/547 907/1091/549 955/1161/549
f 953/1163/545 905/1087/545 906/1089/547 954/1162/547
f 952/1164/542 904/1084/542 905/1087/545 953/1163/545
f 1000/1165/594 1001/1166/595 916/1167/596 917/1168/597
f 1002/1169/598 1000/1165/594 917/1168/597 918/1170/599
f 1003/1171/600 1002/1169/598 918/1170/599 919/1172/601
f 1004/1173/602 1003/1171/600 919/1172/601 920/1174/603
f 1005/1175/604 1004/1173/602 920/1174/603 921/1176/605
f 1006/1177/606 1005/1175/604 921/1176/605 922/1178/607
f 1007/1179/608 1006/1177/606 922/1178/607 923/1180/609
f 1008/1181/610 1007/1179/608 923/1180/609 924/1182/611
f 1009/1183/612 1008/1181/610 924/1182/611 925/1184/613
f 1010/1185/614 1009/1183/612 925/1184/613 926/1186/615
f 1011/1187/616 1010/1185/614 926/1186/615 927/1188/617
f 1001/1166/595 1011/1187/616 927/1188/617 916/1167/596
f 1167/1189/618 1156/1190/618 928/1191/544 929/1192/543
f 1156/1190/618 1157/1193/618 930/1194/546 928/1191/544
f 1157/1193/618 1158/1195/618 931/1196/548 930/1194/546
f 1158/1195/618 1159/1197/618 932/1198/550 931/1196/548
f 1159/1197/618 1160/1199/618 933/1200/552 932/1198/550
f 1160/1199/618 1161/1201/618 934/1202/554 933/1200/552
f 1161/1201/618 1162/1203/618 935/1204/556 934/1202/554
f 1162/1203/618 1163/1205/618 936/1206/558 935/1204/556
f 1163/1205/618 1164/1207/618 937/1208/560 936/1206/558
f 1164/1207/618 1165/1209/618 938/1210/562 937/1208/560
f 1165/1209/618 1166/1211/618 939/1212/568 938/1210/562
f 1166/1211/618 1167/1189/618 929/1192/543 939/1212/568
f 987/1213/619 951/1214/620 940/1215/621 976/1216/622
f 976/1216/622 940/1215/621 941/1217/623 977/1218/624
f 977/1218/624 941/1217/623 942/1219/625 978/1220/626
f 978/1220/626 942/1219/625 943/1221/627 979/1222/628
f 979/1222/628 943/1221/627 944/1223/629 980/1224/630
f 980/1224/630 944/1223/629 945/1225/631 981/1226/632
f 981/1226/632 945/1225/631 946/1227/633 982/1228/634
f 982/1228/634 946/1227/633 947/1229/635 983/1230/636
f 983/1230/636 947/1229/635 948/1231/637 984/1232/638
f 984/1232/638 948/1231/637 949/1233/639 985/1234/640
f 985/1234/640 949/1233/639 950/1235/641 986/1236/642
f 986/1236/642 950/1235/641 951/1237/620 987/1238/619
f 951/1214/620 952/1164/542 953/1163/545 940/1215/621
f 940/1215/621 953/1163/545 954/1162/547 941/1217/623
f 941/1217/623 954/1162/547 955/1161/549 942/1219/625
f 942/1219/625 955/1161/549 956/1160/551 943/1221/627
f 943/1221/627 956/1160/551 957/1159/553 944/1223/629
f 944/1223/629 957/1159/553 958/1158/555 945/1225/631
f 945/1225/631 958/1158/555 959/1157/557 946/1227/633
f 946/1227/633 959/1157/557 960/1156/559 947/1229/635
f 947/1229/635 960/1156/559 961/1155/561 948/1231/637
f 948/1231/637 961/1155/561 962/1154/563 949/1233/639
f 949/1233/639 962/1154/563 963/1152/569 950/1235/641
f 950/1235/641 963/1152/569 952/1153/542 951/1237/620
f 916/1239/596 975/1150/542 964/1148/545 917/1240/597
f 917/1240/597 964/1148/545 965/1146/547 918/1241/599
f 918/1241/599 965/1146/547 966/1144/549 919/1242/601
f 919/1242/601 966/1144/549 967/1142/551 920/1243/603
f 920/1243/603 967/1142/551 968/1140/553 921/1244/605
f 921/1244/605 968/1140/553 969/1138/555 922/1245/607
f 922/1245/607 969/1138/555 970/1136/557 923/1246/609
f 923/1246/609 970/1136/557 971/1134/559 924/1247/611
f 924/1247/611 971/1134/559 972/1132/561 925/1248/613
f 925/1248/613 972/1132/561 973/1130/563 926/1249/615
f 926/1249/615 973/1130/563 974/1126/569 927/1250/617
f 927/1250/617 974/1126/569 975/1129/542 916/1251/596
f 998/1252/642 986/1236/642 987/1238/619 999/1253/619
f 997/1254/640 985/1234/640 986/1236/642 998/1252/642
f 996/1255/638 984/1232/638 985/1234/640 997/1254/640
f 995/1256/636 983/1230/636 984/1232/638 996/1255/638
f 994/1257/634 982/1228/634 983/1230/636 995/1256/636
f 993/1258/632 981/1226/632 982/1228/634 994/1257/634
f 992/1259/630 980/1224/630 981/1226/632 993/1258/632
f 991/1260/628 979/1222/628 980/1224/630 992/1259/630
f 990/1261/626 978/1220/626 979/1222/628 991/1260/628
f 989/1262/624 977/1218/624 978/1220/626 990/1261/626
f 988/1263/622 976/1216/622 977/1218/624 989/1262/624
f 999/1264/619 987/1213/619 976/1216/622 988/1263/622
f 892/1151/583 999/1264/619 988/1263/622 893/1149/593
f 893/1149/593 988/1263/622 989/1262/624 894/1147/592
f 894/1147/592 989/1262/624 990/1261/626 895/1145/591
f 895/1145/591 990/1261/626 991/1260/628 896/1143/590
f 896/1143/590 991/1260/628 992/1259/630 897/1141/589
f 897/1141/589 992/1259/630 993/1258/632 898/1139/588
f 898/1139/588 993/1258/632 994/1257/634 899/1137/587
f 899/1137/587 994/1257/634 995/1256/636 900/1135/586
f 900/1135/586 995/1256/636 996/1255/638 901/1133/585
f 901/1133/585 996/1255/638 997/1254/640 902/1131/584
f 902/1131/584 997/1254/640 998/1252/642 903/1127/582
f 903/1127/582 998/1252/642 999/1253/619 892/1128/583
f 1012/1265/643 1023/1266/644 1011/1187/616 1001/1166/595
f 1023/1266/644 1022/1267/645 1010/1185/614 1011/1187/616
f 1022/1267/645 1021/1268/646 1009/1183/612 1010/1185/614
f 1021/1268/646 1020/1269/647 1008/1181/610 1009/1183/612
f 1020/1269/647 1019/1270/648 1007/1179/608 1008/1181/610
f 1019/1270/648 1018/1271/649 1006/1177/606 1007/1179/608
f 1018/1271/649 1017/1272/650 1005/1175/604 1006/1177/606
f 1017/1272/650 1016/1273/651 1004/1173/602 1005/1175/604
f 1016/1273/651 1015/1274/652 1003/1171/600 1004/1173/602
f 1015/1274/652 1014/1275/653 1002/1169/598 1003/1171/600
f 1014/1275/653 1013/1276/654 1000/1165/594 1002/1169/598
f 1013/1276/654 1012/1265/643 1001/1166/595 1000/1165/594
f 1025/1277/655 1024/1278/655 1012/1265/643 1013/1276/654
f 1026/1279/655 1025/1277/655 1013/1276/654 1014/1275/653
f 1027/1280/655 1026/1279/655 1014/1275/653 1015/1274/652
f 1028/1281/655 1027/1280/655 1015/1274/652 1016/1273/651
f 1029/1282/655 1028/1281/655 1016/1273/651 1017/1272/650
f 1030/1283/655 1029/1282/655 1017/1272/650 1018/1271/649
f 1031/1284/655 1030/1283/655 1018/1271/649 1019/1270/648
f 1032/1285/655 1031/1284/655 1019/1270/648 1020/1269/647
f 1033/1286/655 1032/1285/655 1020/1269/647 1021/1268/646
f 1034/1287/655 1033/1286/655 1021/1268/646 1022/1267/645
f 1035/1288/655 1034/1287/655 1022/1267/645 1023/1266/644
f 1024/1278/655 1035/1288/655 1023/1266/644 1012/1265/643
f 1037/1289/655 1036/1290/655 1024/1278/655 1025/1277/655
f 1038/1291/655 1037/1289/655 1025/1277/655 1026/1279/655
f 1039/1292/655 1038/1291/655 1026/1279/655 1027/1280/655
f 1040/1293/655 1039/1292/655 1027/1280/655 1028/1281/655
f 1041/1294/655 1040/1293/655 1028/1281/655 1029/1282/655
f 1042/1295/655 1041/1294/655 1029/1282/655 1030/1283/655
f 1043/1296/655 1042/1295/655 1030/1283/655 1031/1284/655
f 1044/1297/655 1043/1296/655 1031/1284/655 1032/1285/655
f 1045/1298/655 1044/1297/655 1032/1285/655 1033/1286/655
f 1046/1299/655 1045/1298/655 1033/1286/655 1034/1287/655
f 1047/1300/655 1046/1299/655 1034/1287/655 1035/1288/655
f 1036/1290/655 1047/1300/655 1035/1288/655 1024/1278/655
f 1049/1301/656 1048/1302/657 1036/1290/655 1037/1289/655
f 1050/1303/658 1049/1301/656 1037/1289/655 1038/1291/655
f 1051/1304/659 1050/1303/658 1038/1291/655 1039/1292/655
f 1052/1305/660 1051/1304/659 1039/1292/655 1040/1293/655
f 1053/1306/661 1052/1305/660 1040/1293/655 1041/1294/655
f 1054/1307/662 1053/1306/661 1041/1294/655 1042/1295/655
f 1055/1308/663 1054/1307/662 1042/1295/655 1043/1296/655
f 1056/1309/664 1055/1308/663 1043/1296/655 1044/1297/655
f 1057/1310/665 1056/1309/664 1044/1297/655 1045/1298/655
f 1058/1311/666 1057/1310/665 1045/1298/655 1046/1299/655
f 1059/1312/667 1058/1311/666 1046/1299/655 1047/1300/655
f 1048/1302/657 1059/1312/667 1047/1300/655 1036/1290/655
f 1217/1313/668 1216/1314/669 1048/1302/657 1049/1301/656
f 1218/1315/670 1217/1313/668 1049/1301/656 1050/1303/658
f 1219/1316/671 1218/1315/670 1050/1303/658 1051/1304/659
f 1220/1317/672 1219/1316/671 1051/1304/659 1052/1305/660
f 1221/1318/673 1220/1317/672 1052/1305/660 1053/1306/661
f 1222/1319/674 1221/1318/673 1053/1306/661 1054/1307/662
f 1223/1320/675 1222/1319/674 1054/1307/662 1055/1308/663
f 1224/1321/676 1223/1320/675 1055/1308/663 1056/1309/664
f 1225/1322/677 1224/1321/676 1056/1309/664 1057/1310/665
f 1226/1323/678 1225/1322/677 1057/1310/665 1058/1311/666
f 1227/1324/679 1226/1323/678 1058/1311/666 1059/1312/667
f 1216/1314/669 1227/1324/679 1059/1312/667 1048/1302/657
f 1181/1325/561 1180/1326/559 1176/1327/558 1177/1328/560
f 1123/1329/680 1122/1330/681 1076/1331/682 1077/1332/683
f 1125/1333/684 1124/1334/685 1083/1335/686 1073/1336/687
f 1127/1337/688 1126/1338/689 1072/1339/690 1074/1340/691
f 1128/1341/692 1121/1106/564 1080/1109/567 1081/1342/693
f 1129/1343/694 1123/1329/680 1077/1332/683 1078/1344/695
f 1130/1345/696 1127/1337/688 1074/1340/691 1075/1346/697
f 1131/1347/698 1128/1341/692 1081/1342/693 1082/1348/699
f 1120/1107/565 1129/1343/694 1078/1344/695 1079/1108/566
f 1122/1330/681 1130/1345/696 1075/1346/697 1076/1331/682
f 1124/1334/685 1131/1347/698 1082/1348/699 1083/1335/686
f 1126/1338/689 1125/1333/684 1073/1336/687 1072/1339/690
f 1119/1349/618 1108/1350/618 1072/1339/690 1073/1336/687
f 1108/1350/618 1109/1351/618 1074/1340/691 1072/1339/690
f 1109/1351/618 1110/1352/618 1075/1346/697 1074/1340/691
f 1110/1352/618 1111/1353/618 1076/1331/682 1075/1346/697
f 1111/1353/618 1112/1354/618 1077/1332/683 1076/1331/682
f 1112/1354/618 1113/1355/618 1078/1344/695 1077/1332/683
f 1113/1355/618 1114/1356/618 1079/1108/566 1078/1344/695
f 1114/1356/618 1115/1357/618 1080/1109/567 1079/1108/566
f 1115/1357/618 1116/1358/618 1081/1342/693 1080/1109/567
f 1116/1358/618 1117/1359/618 1082/1348/699 1081/1342/693
f 1117/1359/618 1118/1360/618 1083/1335/686 1082/1348/699
f 1118/1360/618 1119/1349/618 1073/1336/687 1083/1335/686
f 1084/1361/618 1085/1362/618 1095/1363/618 1094/1364/618 1093/1365/618 1092/1366/618 1091/1367/618 1090/1368/618 1089/1369/618 1088/1370/618 1087/1371/618 1086/1372/618
f 1183/1373/555 1182/1374/553 1173/1375/552 1174/1376/554
f 1185/1377/549 1184/1378/547 1170/1379/546 1171/1380/548
f 1186/1381/563 1181/1325/561 1177/1328/560 1178/1382/562
f 1187/1383/557 1183/1373/555 1174/1376/554 1175/1384/556
f 1188/1385/551 1185/1377/549 1171/1380/548 1172/1386/550
f 1189/1387/569 1186/1381/563 1178/1382/562 1179/1388/568
f 1191/1389/545 1190/1390/542 1169/1391/543 1168/1392/544
f 1180/1326/559 1187/1383/557 1175/1384/556 1176/1327/558
f 1182/1374/553 1188/1385/551 1172/1386/550 1173/1375/552
f 1190/1390/542 1189/1387/569 1179/1388/568 1169/1391/543
f 1184/1378/547 1191/1389/545 1168/1392/544 1170/1379/546
f 1071/1393/700 1061/1394/701 1096/1395/618 1107/1396/618
f 1070/1397/702 1071/1393/700 1107/1396/618 1106/1398/618
f 1069/1399/703 1070/1397/702 1106/1398/618 1105/1400/618
f 1068/1401/704 1069/1399/703 1105/1400/618 1104/1402/618
f 1067/1403/705 1068/1401/704 1104/1402/618 1103/1404/618
f 1066/1405/706 1067/1403/705 1103/1404/618 1102/1406/618
f 1065/1407/707 1066/1405/706 1102/1406/618 1101/1408/618
f 1064/1409/708 1065/1407/707 1101/1408/618 1100/1410/618
f 1063/1411/709 1064/1409/708 1100/1410/618 1099/1412/618
f 1062/1413/710 1063/1411/709 1099/1412/618 1098/1414/618
f 1060/1415/711 1062/1413/710 1098/1414/618 1097/1416/618
f 1061/1394/701 1060/1415/711 1097/1416/618 1096/1395/618
f 1107/1396/618 1096/1395/618 1119/1349/618 1118/1360/618
f 1106/1398/618 1107/1396/618 1118/1360/618 1117/1359/618
f 1105/1400/618 1106/1398/618 1117/1359/618 1116/1358/618
f 1104/1402/618 1105/1400/618 1116/1358/618 1115/1357/618
f 1103/1404/618 1104/1402/618 1115/1357/618 1114/1356/618
f 1102/1406/618 1103/1404/618 1114/1356/618 1113/1355/618
f 1101/1408/618 1102/1406/618 1113/1355/618 1112/1354/618
f 1100/1410/618 1101/1408/618 1112/1354/618 1111/1353/618
f 1099/1412/618 1100/1410/618 1111/1353/618 1110/1352/618
f 1098/1414/618 1099/1412/618 1110/1352/618 1109/1351/618
f 1097/1416/618 1098/1414/618 1109/1351/618 1108/1350/618
f 1096/1395/618 1097/1416/618 1108/1350/618 1119/1349/618
f 1143/1417/689 1134/1418/684 1125/1333/684 1126/1338/689
f 1142/1419/685 1139/1420/698 1131/1347/698 1124/1334/685
f 1141/1421/681 1138/1422/696 1130/1345/696 1122/1330/681
f 1140/1423/565 1137/1424/694 1129/1343/694 1120/1107/565
f 1139/1420/698 1136/1425/692 1128/1341/692 1131/1347/698
f 1138/1422/696 1135/1426/688 1127/1337/688 1130/1345/696
f 1137/1424/694 1133/1427/680 1123/1329/680 1129/1343/694
f 1136/1425/692 1132/1428/564 1121/1106/564 1128/1341/692
f 1135/1426/688 1143/1417/689 1126/1338/689 1127/1337/688
f 1134/1418/684 1142/1419/685 1124/1334/685 1125/1333/684
f 1133/1427/680 1141/1421/681 1122/1330/681 1123/1329/680
f 1132/1428/564 1140/1423/565 1120/1107/565 1121/1106/564
f 885/1429/712 883/1430/713 1140/1423/565 1132/1428/564
f 879/1431/714 877/1432/715 1141/1421/681 1133/1427/680
f 869/1433/716 891/1434/717 1142/1419/685 1134/1418/684
f 873/1435/718 871/1436/719 1143/1417/689 1135/1426/688
f 887/1437/720 885/1429/712 1132/1428/564 1136/1425/692
f 881/1438/721 879/1431/714 1133/1427/680 1137/1424/694
f 875/1439/722 873/1435/718 1135/1426/688 1138/1422/696
f 889/1440/723 887/1437/720 1136/1425/692 1139/1420/698
f 883/1430/713 881/1438/721 1137/1424/694 1140/1423/565
f 877/1432/715 875/1439/722 1138/1422/696 1141/1421/681
f 891/1434/717 889/1440/723 1139/1420/698 1142/1419/685
f 871/1436/719 869/1433/716 1134/1418/684 1143/1417/689
f 891/1434/717 869/1433/716 1144/1441/618 1155/1442/618
f 889/1440/723 891/1434/717 1155/1442/618 1154/1443/618
f 887/1437/720 889/1440/723 1154/1443/618 1153/1444/618
f 885/1429/712 887/1437/720 1153/1444/618 1152/1445/618
f 883/1430/713 885/1429/712 1152/1445/618 1151/1446/618
f 881/1438/721 883/1430/713 1151/1446/618 1150/1447/618
f 879/1431/714 881/1438/721 1150/1447/618 1149/1448/618
f 877/1432/715 879/1431/714 1149/1448/618 1148/1449/618
f 875/1439/722 877/1432/715 1148/1449/618 1147/1450/618
f 873/1435/718 875/1439/722 1147/1450/618 1146/1451/618
f 871/1436/719 873/1435/718 1146/1451/618 1145/1452/618
f 869/1433/716 871/1436/719 1145/1452/618 1144/1441/618
f 1155/1442/618 1144/1441/618 1167/1189/618 1166/1211/618
f 1154/1443/618 1155/1442/618 1166/1211/618 1165/1209/618
f 1153/1444/618 1154/1443/618 1165/1209/618 1164/1207/618
f 1152/1445/618 1153/1444/618 1164/1207/618 1163/1205/618
f 1151/1446/618 1152/1445/618 1163/1205/618 1162/1203/618
f 1150/1447/618 1151/1446/618 1162/1203/618 1161/1201/618
f 1149/1448/618 1150/1447/618 1161/1201/618 1160/1199/618
f 1148/1449/618 1149/1448/618 1160/1199/618 1159/1197/618
f 1147/1450/618 1148/1449/618 1159/1197/618 1158/1195/618
f 1146/1451/618 1147/1450/618 1158/1195/618 1157/1193/618
f 1145/1452/618 1146/1451/618 1157/1193/618 1156/1190/618
f 1144/1441/618 1145/1452/618 1156/1190/618 1167/1189/618
f 1085/1362/618 1084/1361/618 1168/1392/544 1169/1391/543
f 1084/1361/618 1086/1372/618 1170/1379/546 1168/1392/544
f 1086/1372/618 1087/1371/618 1171/1380/548 1170/1379/546
f 1087/1371/618 1088/1370/618 1172/1386/550 1171/1380/548
f 1088/1370/618 1089/1369/618 1173/1375/552 1172/1386/550
f 1089/1369/618 1090/1368/618 1174/1376/554 1173/1375/552
f 1090/1368/618 1091/1367/618 1175/1384/556 1174/1376/554
f 1091/1367/618 1092/1366/618 1176/1327/558 1175/1384/556
f 1092/1366/618 1093/1365/618 1177/1328/560 1176/1327/558
f 1093/1365/618 1094/1364/618 1178/1382/562 1177/1328/560
f 1094/1364/618 1095/1363/618 1179/1388/568 1178/1382/562
f 1095/1363/618 1085/1362/618 1169/1391/543 1179/1388/568
f 1202/1453/547 1199/1454/545 1191/1389/545 1184/1378/547
f 1203/1455/542 1198/1456/569 1189/1387/569 1190/1390/542
f 1201/1457/553 1197/1458/551 1188/1385/551 1182/1374/553
f 1200/1459/559 1196/1460/557 1187/1383/557 1180/1326/559
f 1199/1454/545 1203/1455/542 1190/1390/542 1191/1389/545
f 1198/1456/569 1195/1461/563 1186/1381/563 1189/1387/569
f 1197/1458/551 1194/1462/549 1185/1377/549 1188/1385/551
f 1196/1460/557 1193/1463/555 1183/1373/555 1187/1383/557
f 1195/1461/563 1192/1464/561 1181/1325/561 1186/1381/563
f 1194/1462/549 1202/1453/547 1184/1378/547 1185/1377/549
f 1193/1463/555 1201/1457/553 1182/1374/553 1183/1373/555
f 1192/1464/561 1200/1459/559 1180/1326/559 1181/1325/561
f 1069/1399/703 1068/1401/704 1200/1459/559 1192/1464/561
f 1066/1405/706 1065/1407/707 1201/1457/553 1193/1463/555
f 1063/1411/709 1062/1413/710 1202/1453/547 1194/1462/549
f 1070/1397/702 1069/1399/703 1192/1464/561 1195/1461/563
f 1067/1403/705 1066/1405/706 1193/1463/555 1196/1460/557
f 1064/1409/708 1063/1411/709 1194/1462/549 1197/1458/551
f 1071/1393/700 1070/1397/702 1195/1461/563 1198/1456/569
f 1060/1415/711 1061/1394/701 1203/1455/542 1199/1454/545
f 1068/1401/704 1067/1403/705 1196/1460/557 1200/1459/559
f 1065/1407/707 1064/1409/708 1197/1458/551 1201/1457/553
f 1061/1394/701 1071/1393/700 1198/1456/569 1203/1455/542
f 1062/1413/710 1060/1415/711 1199/1454/545 1202/1453/547
f 868/1114/570 890/1125/581 1215/1465/679 1205/1466/669
f 890/1125/581 888/1124/580 1214/1467/678 1215/1465/679
f 888/1124/580 886/1123/579 1213/1468/677 1214/1467/678
f 886/1123/579 884/1122/578 1212/1469/676 1213/1468/677
f 884/1122/578 882/1121/577 1211/1470/675 1212/1469/676
f 882/1121/577 880/1120/576 1210/1471/674 1211/1470/675
f 880/1120/576 878/1119/575 1209/1472/673 1210/1471/674
f 878/1119/575 876/1118/574 1208/1473/672 1209/1472/673
f 876/1118/574 874/1117/573 1207/1474/671 1208/1473/672
f 874/1117/573 872/1116/572 1206/1475/670 1207/1474/671
f 872/1116/572 870/1115/571 1204/1476/668 1206/1475/670
f 870/1115/571 868/1114/570 1205/1466/669 1204/1476/668
f 1205/1466/669 1215/1465/679 1227/1324/679 1216/1314/669
f 1215/1465/679 1214/1467/678 1226/1323/678 1227/1324/679
f 1214/1467/678 1213/1468/677 1225/1322/677 1226/1323/678
f 1213/1468/677 1212/1469/676 1224/1321/676 1225/1322/677
f 1212/1469/676 1211/1470/675 1223/1320/675 1224/1321/676
f 1211/1470/675 1210/1471/674 1222/1319/674 1223/1320/675
f 1210/1471/674 1209/1472/673 1221/1318/673 1222/1319/674
f 1209/1472/673 1208/1473/672 1220/1317/672 1221/1318/673
f 1208/1473/672 1207/1474/671 1219/1316/671 1220/1317/672
f 1207/1474/671 1206/1475/670 1218/1315/670 1219/1316/671
f 1206/1475/670 1204/1476/668 1217/1313/668 1218/1315/670
f 1204/1476/668 1205/1466/669 1216/1314/669 1217/1313/668
v 1.408079 0.014372 1.507600
v 1.332523 0.014372 -1.281055
v 1.433276 -0.079663 1.507600
v 1.367842 -0.117441 -1.281055
v 1.502114 -0.148501 1.507600
v 1.464336 -0.213934 -1.281055
v 1.596148 -0.173697 1.507600
v 1.596148 -0.249253 -1.281055
v 1.690183 -0.148501 1.507600
v 1.727960 -0.213934 -1.281055
v 1.759020 -0.079663 1.507600
v 1.824454 -0.117441 -1.281055
v 1.784217 0.014372 1.507600
v 1.859773 0.014372 -1.281055
v 1.759020 0.108406 1.507600
v 1.824454 0.146184 -1.281055
v 1.690183 0.177244 1.507600
v 1.727960 0.242677 -1.281055
v 1.596148 0.202440 1.507600
v 1.596148 0.277996 -1.281055
v 1.502114 0.177244 1.507600
v 1.464336 0.242677 -1.281055
v 1.433276 0.108406 1.507600
v 1.367842 0.146184 -1.281055
v 1.217842 0.014372 1.481092
v 1.268525 -0.174782 1.481092
v 1.406995 -0.313251 1.481092
v 1.596148 -0.363935 1.481092
v 1.785301 -0.313251 1.481092
v 1.923771 -0.174782 1.481092
v 1.974455 0.014372 1.481092
v 1.923771 0.203525 1.481092
v 1.785301 0.341995 1.481092
v 1.596148 0.392678 1.481092
v 1.406995 0.341995 1.481092
v 1.268525 0.203525 1.481092
v 1.261396 0.014372 -1.222946
v 1.306244 -0.153004 -1.222946
v 1.428772 -0.275532 -1.222946
v 1.596148 -0.320380 -1.222946
v 1.763524 -0.275532 -1.222946
v 1.886052 -0.153004 -1.222946
v 1.930900 0.014372 -1.222946
v 1.886052 0.181748 -1.222946
v 1.763524 0.304275 -1.222946
v 1.596148 0.349124 -1.222946
v 1.428772 0.304276 -1.222946
v 1.306244 0.181748 -1.222946
v 1.217842 0.014372 1.549707
v 1.268525 -0.174782 1.549707
v 1.406995 -0.313251 1.549707
v 1.596148 -0.363935 1.549707
v 1.785301 -0.313251 1.549707
v 1.923771 -0.174782 1.549707
v 1.974455 0.014372 1.549707
v 1.923771 0.203525 1.549707
v 1.785301 0.341995 1.549707
v 1.596148 0.392678 1.549707
v 1.406995 0.341995 1.549707
v 1.268525 0.203525 1.549707
v 1.306244 -0.153004 -1.281055
v 1.261396 0.014372 -1.281055
v 1.428772 -0.275532 -1.281055
v 1.596148 -0.320380 -1.281055
v 1.763524 -0.275532 -1.281055
v 1.886052 -0.153004 -1.281055
v 1.930900 0.014372 -1.281055
v 1.886052 0.181748 -1.281055
v 1.763524 0.304275 -1.281055
v 1.596148 0.349124 -1.281055
v 1.428772 0.304276 -1.281055
v 1.306244 0.181748 -1.281055
v 1.306244 -0.153004 1.443474
v 1.428772 -0.275532 1.443474
v 1.596148 -0.320380 1.443474
v 1.763524 -0.275532 1.443474
v 1.886052 -0.153004 1.443474
v 1.930900 0.014372 1.443474
v 1.886052 0.181748 1.443474
v 1.763524 0.304275 1.443474
v 1.596148 0.349124 1.443474
v 1.428772 0.304276 1.443474
v 1.306244 0.181748 1.443474
v 1.261396 0.014372 1.443474
v 1.261396 0.014372 1.432967
v 1.306244 -0.153004 1.432967
v 1.428772 -0.275532 1.432967
v 1.596148 -0.320380 1.432967
v 1.763524 -0.275532 1.432967
v 1.886052 -0.153004 1.432967
v 1.930900 0.014372 1.432967
v 1.886052 0.181748 1.432967
v 1.763524 0.304275 1.432967
v 1.596148 0.349124 1.432967
v 1.428772 0.304276 1.432967
v 1.306244 0.181748 1.432967
v 1.268525 -0.174782 1.489235
v 1.406995 -0.313251 1.489235
v 1.596148 -0.363935 1.489235
v 1.785301 -0.313251 1.489235
v 1.923771 -0.174782 1.489235
v 1.974455 0.014372 1.489235
v 1.923771 0.203525 1.489235
v 1.785301 0.341995 1.489235
v 1.596148 0.392678 1.489235
v 1.406995 0.341995 1.489235
v 1.268525 0.203525 1.489235
v 1.217842 0.014372 1.489235
v 1.300652 -0.156233 1.449051
v 1.425543 -0.281125 1.449051
v 1.596148 -0.326838 1.449051
v 1.766753 -0.281125 1.449051
v 1.891645 -0.156233 1.449051
v 1.937358 0.014372 1.449051
v 1.891645 0.184977 1.449051
v 1.766753 0.309868 1.449051
v 1.596148 0.355582 1.449051
v 1.425543 0.309868 1.449051
v 1.300652 0.184977 1.449051
v 1.254938 0.014372 1.449051
v 1.273955 -0.171646 1.475676
v 1.410130 -0.307821 1.475676
v 1.596148 -0.357664 1.475676
v 1.782166 -0.307821 1.475676
v 1.918341 -0.171646 1.475676
v 1.968184 0.014372 1.475676
v 1.918341 0.200390 1.475676
v 1.782166 0.336564 1.475676
v 1.596148 0.386408 1.475676
v 1.410130 0.336565 1.475676
v 1.273955 0.200390 1.475676
v 1.224112 0.014372 1.475676
v 1.350058 -0.127709 2.054127
v 1.311988 0.014372 2.054127
v 1.454068 -0.231719 2.054127
v 1.596148 -0.269789 2.054127
v 1.738228 -0.231718 2.054127
v 1.842238 -0.127709 2.054127
v 1.880309 0.014372 2.054127
v 1.842238 0.156452 2.054127
v 1.738228 0.260462 2.054127
v 1.596148 0.298532 2.054127
v 1.454068 0.260462 2.054127
v 1.350058 0.156452 2.054127
v 1.314435 0.014372 2.067239
v 1.352177 -0.126485 2.067239
v 1.455292 -0.229599 2.067239
v 1.596148 -0.267342 2.067239
v 1.737005 -0.229599 2.067239
v 1.840119 -0.126485 2.067239
v 1.877861 0.014372 2.067239
v 1.840119 0.155228 2.067239
v 1.737005 0.258343 2.067239
v 1.596148 0.296085 2.067239
v 1.455292 0.258343 2.067239
v 1.352177 0.155228 2.067239
v 1.327995 0.014372 2.067239
v 1.363921 -0.119705 2.067239
v 1.462072 -0.217855 2.067239
v 1.596148 -0.253781 2.067239
v 1.730224 -0.217855 2.067239
v 1.828375 -0.119705 2.067239
v 1.864301 0.014372 2.067239
v 1.828375 0.148448 2.067239
v 1.730224 0.246599 2.067239
v 1.596148 0.282524 2.067239
v 1.462072 0.246599 2.067239
v 1.363921 0.148448 2.067239
v 1.390348 0.014372 2.067239
v 1.417920 -0.088528 2.067239
v 1.493248 -0.163856 2.067239
v 1.596148 -0.191428 2.067239
v 1.699048 -0.163856 2.067239
v 1.774376 -0.088528 2.067239
v 1.801948 0.014372 2.067239
v 1.774376 0.117272 2.067239
v 1.699048 0.192599 2.067239
v 1.596148 0.220171 2.067239
v 1.493248 0.192599 2.067239
v 1.417920 0.117272 2.067239
v 1.400324 0.014372 2.067239
v 1.426559 -0.083541 2.067239
v 1.498236 -0.155217 2.067239
v 1.596148 -0.181453 2.067239
v 1.694060 -0.155217 2.067239
v 1.765737 -0.083541 2.067239
v 1.791973 0.014372 2.067239
v 1.765737 0.112284 2.067239
v 1.694060 0.183961 2.067239
v 1.596148 0.210196 2.067239
v 1.498236 0.183961 2.067239
v 1.426559 0.112284 2.067239
v 1.548552 -0.013108 -1.433746
v 1.541189 0.014372 -1.433746
v 1.568669 -0.033224 -1.433746
v 1.596148 -0.040587 -1.433746
v 1.623627 -0.033224 -1.433746
v 1.643744 -0.013108 -1.433746
v 1.651107 0.014372 -1.433746
v 1.643744 0.041851 -1.433746
v 1.623627 0.061967 -1.433746
v 1.596148 0.069331 -1.433746
v 1.568669 0.061967 -1.433746
v 1.548552 0.041851 -1.433746
v 1.498732 -0.041871 -1.433746
v 1.483662 0.014372 -1.433746
v 1.539905 -0.083044 -1.433746
v 1.596148 -0.098114 -1.433746
v 1.652391 -0.083044 -1.433746
v 1.693564 -0.041871 -1.433746
v 1.708634 0.014372 -1.433746
v 1.693564 0.070615 -1.433746
v 1.652391 0.111788 -1.433746
v 1.596148 0.126858 -1.433746
v 1.539905 0.111788 -1.433746
v 1.498732 0.070615 -1.433746
v 1.552160 -0.011024 -1.892516
v 1.545356 0.014372 -1.892516
v 1.570752 -0.029616 -1.892516
v 1.596148 -0.036420 -1.892516
v 1.621544 -0.029616 -1.892516
v 1.640136 -0.011024 -1.892516
v 1.646940 0.014372 -1.892516
v 1.640136 0.039768 -1.892516
v 1.621544 0.058360 -1.892516
v 1.596148 0.065164 -1.892516
v 1.570752 0.058360 -1.892516
v 1.552160 0.039768 -1.892516
v 1.537219 0.014372 -1.433746
v 1.545114 -0.015093 -1.433746
v 1.566684 -0.036662 -1.433746
v 1.596148 -0.044557 -1.433746
v 1.625612 -0.036662 -1.433746
v 1.647182 -0.015093 -1.433746
v 1.655077 0.014372 -1.433746
v 1.647182 0.043836 -1.433746
v 1.625612 0.065405 -1.433746
v 1.596148 0.073300 -1.433746
v 1.566684 0.065405 -1.433746
v 1.545114 0.043836 -1.433746
v 1.503123 -0.039336 -1.433746
v 1.542440 -0.078653 -1.433746
v 1.596148 -0.093044 -1.433746
v 1.649856 -0.078653 -1.433746
v 1.689173 -0.039336 -1.433746
v 1.703564 0.014372 -1.433746
v 1.689173 0.068080 -1.433746
v 1.649856 0.107396 -1.433746
v 1.596148 0.121787 -1.433746
v 1.542440 0.107396 -1.433746
v 1.503123 0.068080 -1.433746
v 1.488732 0.014372 -1.433746
v 1.695129 0.071518 -1.431920
v 1.653295 0.113352 -1.431920
v 1.653295 -0.084609 -1.431920
v 1.695129 -0.042775 -1.431920
v 1.497167 0.071518 -1.431920
v 1.481855 0.014372 -1.431920
v 1.497167 -0.042775 -1.431920
v 1.539001 -0.084609 -1.431920
v 1.596148 0.128665 -1.431920
v 1.710441 0.014372 -1.431920
v 1.596148 -0.099921 -1.431920
v 1.539001 0.113352 -1.431920
v 1.726892 0.240826 -1.283214
v 1.822603 -0.116372 -1.283214
v 1.334661 0.014372 -1.283214
v 1.465404 -0.212083 -1.283214
v 1.596148 0.275859 -1.283214
v 1.857635 0.014372 -1.283214
v 1.596148 -0.247116 -1.283214
v 1.465404 0.240827 -1.283214
v 1.822603 0.145115 -1.283214
v 1.726892 -0.212083 -1.283214
v 1.369693 0.145116 -1.283214
v 1.369693 -0.116372 -1.283214
v 1.328940 0.014372 -1.281055
v 1.364739 -0.119232 -1.281055
v 1.462544 -0.217037 -1.281055
v 1.596148 -0.252836 -1.281055
v 1.729752 -0.217037 -1.281055
v 1.827557 -0.119232 -1.281055
v 1.863356 0.014372 -1.281055
v 1.827557 0.147975 -1.281055
v 1.729752 0.245780 -1.281055
v 1.596148 0.281579 -1.281055
v 1.462544 0.245780 -1.281055
v 1.364739 0.147976 -1.281055
v 1.311157 -0.150168 -1.281055
v 1.431608 -0.270620 -1.281055
v 1.596148 -0.314708 -1.281055
v 1.760688 -0.270620 -1.281055
v 1.881139 -0.150168 -1.281055
v 1.925228 0.014372 -1.281055
v 1.881139 0.178912 -1.281055
v 1.760688 0.299363 -1.281055
v 1.596148 0.343451 -1.281055
v 1.431608 0.299363 -1.281055
v 1.311157 0.178912 -1.281055
v 1.267068 0.014372 -1.281055
v 1.548552 -0.013107 -1.892516
v 1.541189 0.014372 -1.892516
v 1.568668 -0.033224 -1.892516
v 1.596148 -0.040587 -1.892516
v 1.623627 -0.033224 -1.892516
v 1.643744 -0.013107 -1.892516
v 1.651107 0.014372 -1.892516
v 1.643744 0.041851 -1.892516
v 1.623627 0.061968 -1.892516
v 1.596148 0.069331 -1.892516
v 1.568669 0.061968 -1.892516
v 1.548552 0.041851 -1.892516
v 1.623627 0.061968 -1.886036
v 1.596148 0.069331 -1.886036
v 1.643744 -0.013107 -1.886036
v 1.651107 0.014372 -1.886036
v 1.568668 -0.033224 -1.886036
v 1.596148 -0.040587 -1.886036
v 1.568669 0.061968 -1.886036
v 1.643744 0.041851 -1.886036
v 1.623627 -0.033224 -1.886036
v 1.548552 0.041851 -1.886036
v 1.541189 0.014372 -1.886036
v 1.548552 -0.013107 -1.886036
v 1.596148 0.069331 -1.438759
v 1.651107 0.014372 -1.438759
v 1.596148 -0.040587 -1.438759
v 1.568669 0.061967 -1.438759
v 1.643744 0.041851 -1.438759
v 1.623627 -0.033224 -1.438759
v 1.548552 0.041851 -1.438759
v 1.548552 -0.013108 -1.438759
v 1.623627 0.061967 -1.438759
v 1.643744 -0.013108 -1.438759
v 1.568669 -0.033224 -1.438759
v 1.541189 0.014372 -1.438759
v 1.432876 -0.079894 1.532641
v 1.407617 0.014372 1.532641
v 1.501883 -0.148901 1.532641
v 1.596148 -0.174159 1.532641
v 1.690413 -0.148901 1.532641
v 1.759421 -0.079894 1.532641
v 1.784679 0.014372 1.532641
v 1.759421 0.108637 1.532641
v 1.690414 0.177644 1.532641
v 1.596148 0.202903 1.532641
v 1.501883 0.177644 1.532641
v 1.432876 0.108637 1.532641
v 1.400548 0.014372 2.055073
v 1.426754 -0.083428 2.055073
v 1.498348 -0.155023 2.055073
v 1.596148 -0.181228 2.055073
v 1.693948 -0.155023 2.055073
v 1.765543 -0.083428 2.055073
v 1.791748 0.014372 2.055073
v 1.765543 0.112172 2.055073
v 1.693948 0.183766 2.055073
v 1.596148 0.209972 2.055073
v 1.498348 0.183766 2.055073
v 1.426754 0.112172 2.055073
vt 1.000000 0.990616
vt 1.000000 1.000000
vt 0.916667 1.000000
vt 0.916667 0.990616
vt 0.833333 1.000000
vt 0.833333 0.990616
vt 0.750000 1.000000
vt 0.750000 0.990616
vt 0.666667 1.000000
vt 0.666667 0.990616
vt 0.583333 1.000000
vt 0.583333 0.990616
vt 0.500000 1.000000
vt 0.500000 0.990616
vt 0.416667 1.000000
vt 0.416667 0.990616
vt 0.333333 1.000000
vt 0.333333 0.990616
vt 0.250000 1.000000
vt 0.250000 0.990616
vt 0.166667 1.000000
vt 0.166667 0.990616
vt 0.086317 0.155497
vt 0.155497 0.086317
vt 0.155497 0.086317
vt 0.086317 0.155497
vt 0.083333 1.000000
vt 0.083333 0.990616
vt 0.000000 1.000000
vt 0.000000 0.990616
vt 0.750000 0.384836
vt 0.817418 0.366771
vt 0.866771 0.317418
vt 0.884836 0.250000
vt 0.866771 0.182582
vt 0.817418 0.133229
vt 0.750000 0.115164
vt 0.682582 0.133229
vt 0.633229 0.182582
vt 0.615164 0.250000
vt 0.633229 0.317418
vt 0.682582 0.366771
vt 0.083333 0.509765
vt 0.083333 0.511081
vt 0.000000 0.511081
vt 0.000000 0.509766
vt 0.166667 0.509765
vt 0.166667 0.511081
vt 0.250000 0.509766
vt 0.250000 0.511081
vt 0.333333 0.509766
vt 0.333333 0.511081
vt 0.416667 0.509766
vt 0.416667 0.511081
vt 0.500000 0.509766
vt 0.500000 0.511081
vt 0.583333 0.509766
vt 0.583333 0.511081
vt 0.666667 0.509766
vt 0.666667 0.511081
vt 0.750000 0.509766
vt 0.750000 0.511081
vt 0.833333 0.509765
vt 0.833333 0.511081
vt 0.916667 0.509766
vt 0.916667 0.511081
vt 1.000000 0.509766
vt 1.000000 0.511081
vt 0.083333 0.519615
vt 0.000000 0.519615
vt 0.166667 0.519615
vt 0.250000 0.519615
vt 0.333333 0.519615
vt 0.416667 0.519615
vt 0.500000 0.519615
vt 0.583333 0.519615
vt 0.666667 0.519615
vt 0.750000 0.519615
vt 0.833333 0.519615
vt 0.916667 0.519615
vt 1.000000 0.519615
vt 0.851469 0.425749
vt 0.750000 0.452937
vt 0.750000 0.490000
vt 0.870000 0.457846
vt 0.925749 0.351469
vt 0.957846 0.370000
vt 0.952937 0.250000
vt 0.990000 0.250000
vt 0.925749 0.148531
vt 0.957846 0.130000
vt 0.851469 0.074251
vt 0.870000 0.042154
vt 0.750000 0.047063
vt 0.750000 0.010000
vt 0.648531 0.074251
vt 0.630000 0.042154
vt 0.574251 0.148531
vt 0.542154 0.130000
vt 0.547063 0.250000
vt 0.510000 0.250000
vt 0.574251 0.351469
vt 0.542154 0.370000
vt 0.648531 0.425749
vt 0.630000 0.457846
vt 0.250000 0.485933
vt 0.367967 0.454324
vt 0.370000 0.457846
vt 0.250000 0.490000
vt 0.454324 0.367967
vt 0.457846 0.370000
vt 0.485933 0.250000
vt 0.490000 0.250000
vt 0.454324 0.132033
vt 0.457846 0.130000
vt 0.367967 0.045676
vt 0.370000 0.042154
vt 0.250000 0.014067
vt 0.250000 0.010000
vt 0.132033 0.045676
vt 0.130000 0.042154
vt 0.045676 0.132033
vt 0.042154 0.130000
vt 0.014067 0.250000
vt 0.010000 0.250000
vt 0.045676 0.367967
vt 0.042154 0.370000
vt 0.132033 0.454324
vt 0.130000 0.457846
vt 1.000000 0.516763
vt 1.000000 0.517752
vt 0.916667 0.517752
vt 0.916667 0.516763
vt 0.833333 0.517752
vt 0.833333 0.516762
vt 0.750000 0.517752
vt 0.750000 0.516763
vt 0.666667 0.517752
vt 0.666667 0.516762
vt 0.583333 0.517752
vt 0.583333 0.516762
vt 0.500000 0.517752
vt 0.500000 0.516763
vt 0.416667 0.517752
vt 0.416667 0.516763
vt 0.333333 0.517752
vt 0.333333 0.516763
vt 0.250000 0.517752
vt 0.250000 0.516762
vt 0.166667 0.517752
vt 0.166667 0.516762
vt 0.083333 0.517752
vt 0.083333 0.516762
vt 0.000000 0.517752
vt 0.000000 0.516763
vt 1.000000 0.500000
vt 0.916667 0.500000
vt 0.833333 0.500000
vt 0.750000 0.500000
vt 0.666667 0.500000
vt 0.583333 0.500000
vt 0.500000 0.500000
vt 0.416667 0.500000
vt 0.333333 0.500000
vt 0.250000 0.500000
vt 0.166667 0.500000
vt 0.083333 0.500000
vt 0.000000 0.500000
vt 0.083333 0.512041
vt 0.000000 0.512041
vt 0.166667 0.512041
vt 0.250000 0.512041
vt 0.333333 0.512041
vt 0.416667 0.512041
vt 0.500000 0.512041
vt 0.583333 0.512041
vt 0.666667 0.512041
vt 0.750000 0.512041
vt 0.833333 0.512041
vt 0.916667 0.512041
vt 1.000000 0.512041
vt 0.750000 0.451974
vt 0.649013 0.424915
vt 0.575085 0.350987
vt 0.548026 0.250000
vt 0.575085 0.149013
vt 0.649013 0.075085
vt 0.750000 0.048026
vt 0.850987 0.075085
vt 0.924915 0.149013
vt 0.951974 0.250000
vt 0.924915 0.350987
vt 0.850987 0.424914
vt 0.846126 0.416495
vt 0.750000 0.442252
vt 0.916495 0.346126
vt 0.942252 0.250000
vt 0.916495 0.153874
vt 0.846126 0.083505
vt 0.750000 0.057748
vt 0.653874 0.083505
vt 0.583505 0.153874
vt 0.557748 0.250000
vt 0.583505 0.346126
vt 0.653874 0.416495
vt 0.823774 0.377780
vt 0.750000 0.397548
vt 0.877780 0.323774
vt 0.897548 0.250000
vt 0.877780 0.176226
vt 0.823774 0.122220
vt 0.750000 0.102452
vt 0.676226 0.122220
vt 0.622220 0.176226
vt 0.602452 0.250000
vt 0.622220 0.323774
vt 0.676226 0.377780
vt 0.820198 0.371586
vt 0.750000 0.390396
vt 0.871586 0.320198
vt 0.890396 0.250000
vt 0.871586 0.179802
vt 0.820198 0.128413
vt 0.750000 0.109604
vt 0.679802 0.128413
vt 0.628413 0.179802
vt 0.609604 0.250000
vt 0.628413 0.320198
vt 0.679802 0.371586
vt 0.820117 0.371447
vt 0.750000 0.390235
vt 0.871447 0.320118
vt 0.890235 0.250000
vt 0.871447 0.179882
vt 0.820117 0.128553
vt 0.750000 0.109765
vt 0.679882 0.128553
vt 0.628553 0.179882
vt 0.609765 0.250000
vt 0.628553 0.320118
vt 0.679882 0.371447
vt 0.157655 0.250000
vt 0.170027 0.203828
vt 0.170027 0.203828
vt 0.157655 0.250000
vt 0.344503 0.086317
vt 0.413683 0.155497
vt 0.413683 0.155497
vt 0.344503 0.086317
vt 0.250000 0.439005
vt 0.155497 0.413683
vt 0.155497 0.413683
vt 0.250000 0.439005
vt 0.413683 0.344503
vt 0.344503 0.413683
vt 0.344503 0.413683
vt 0.413683 0.344503
vt 0.060995 0.250000
vt 0.060995 0.250000
vt 0.250000 0.060995
vt 0.250000 0.060995
vt 0.439005 0.250000
vt 0.439005 0.250000
vt 0.086316 0.344503
vt 0.086316 0.344503
vt 0.250000 0.430486
vt 0.340243 0.406305
vt 0.406305 0.340243
vt 0.430486 0.250000
vt 0.406305 0.159757
vt 0.340243 0.093695
vt 0.250000 0.069514
vt 0.159757 0.093695
vt 0.093695 0.159757
vt 0.069514 0.250000
vt 0.093695 0.340243
vt 0.159757 0.406305
vt 0.292672 0.323910
vt 0.250000 0.335344
vt 0.207328 0.323910
vt 0.176090 0.292672
vt 0.164656 0.250000
vt 0.176090 0.207328
vt 0.207328 0.176090
vt 0.250000 0.164656
vt 0.292672 0.176090
vt 0.323910 0.207328
vt 0.335344 0.250000
vt 0.323910 0.292672
vt 0.250000 0.157655
vt 0.296172 0.170027
vt 0.296172 0.170027
vt 0.250000 0.157655
vt 0.342345 0.250000
vt 0.329973 0.296172
vt 0.329973 0.296172
vt 0.342345 0.250000
vt 0.170027 0.296172
vt 0.170027 0.296172
vt 0.203828 0.170027
vt 0.203828 0.170027
vt 0.329973 0.203828
vt 0.329973 0.203828
vt 0.203828 0.329973
vt 0.203827 0.329973
vt 0.296172 0.329973
vt 0.250000 0.342345
vt 0.250000 0.342345
vt 0.296172 0.329973
vt 0.203827 0.329973
vt 0.250000 0.342345
vt 0.250000 0.349015
vt 0.200492 0.335750
vt 0.170027 0.296172
vt 0.164250 0.299508
vt 0.157655 0.250000
vt 0.150985 0.250000
vt 0.170027 0.203828
vt 0.164250 0.200492
vt 0.203828 0.170027
vt 0.200492 0.164250
vt 0.250000 0.157655
vt 0.250000 0.150985
vt 0.296172 0.170027
vt 0.299508 0.164250
vt 0.329973 0.203828
vt 0.335750 0.200492
vt 0.342345 0.250000
vt 0.349015 0.250000
vt 0.329973 0.296172
vt 0.335750 0.299508
vt 0.296172 0.329973
vt 0.299508 0.335750
vt 0.344503 0.413683
vt 0.250000 0.439005
vt 0.155497 0.413683
vt 0.086316 0.344503
vt 0.413683 0.155497
vt 0.439005 0.250000
vt 0.155497 0.086317
vt 0.250000 0.060995
vt 0.060995 0.250000
vt 0.413683 0.344503
vt 0.344503 0.086317
vt 0.086317 0.155497
vt 0.086317 0.155497
vt 0.155497 0.086317
vt 0.344503 0.086317
vt 0.413683 0.155497
vt 0.250000 0.439005
vt 0.155497 0.413683
vt 0.413683 0.344503
vt 0.344503 0.413683
vt 0.060995 0.250000
vt 0.250000 0.060995
vt 0.439005 0.250000
vt 0.086316 0.344503
vt 0.250000 0.441574
vt 0.154213 0.415908
vt 0.084092 0.345787
vt 0.058426 0.250000
vt 0.084092 0.154213
vt 0.154213 0.084092
vt 0.250000 0.058426
vt 0.345787 0.084092
vt 0.415908 0.154213
vt 0.441574 0.250000
vt 0.415908 0.345787
vt 0.345787 0.415908
vt 0.329973 0.296172
vt 0.296172 0.329973
vt 0.250000 0.342345
vt 0.203827 0.329973
vt 0.296172 0.170027
vt 0.329973 0.203828
vt 0.170027 0.203828
vt 0.203828 0.170027
vt 0.170027 0.296172
vt 0.342345 0.250000
vt 0.250000 0.157655
vt 0.157655 0.250000
vt 0.682416 0.367058
vt 0.750000 0.385167
vt 0.632942 0.317583
vt 0.614833 0.250000
vt 0.632942 0.182416
vt 0.682416 0.132942
vt 0.750000 0.114833
vt 0.817583 0.132942
vt 0.867058 0.182416
vt 0.885167 0.250000
vt 0.867058 0.317583
vt 0.817583 0.367058
vn -1.0000 0.0000 0.0000
vn -0.7571 0.0000 -0.6532
vn -0.6557 -0.3786 -0.6532
vn -0.8660 -0.5000 0.0000
vn -0.3786 -0.6557 -0.6532
vn -0.5000 -0.8660 0.0000
vn 0.0000 -0.7571 -0.6532
vn 0.0000 -1.0000 0.0000
vn 0.3786 -0.6557 -0.6532
vn 0.5000 -0.8660 0.0000
vn 0.6557 -0.3786 -0.6532
vn 0.8660 -0.5000 0.0000
vn 0.7572 0.0000 -0.6532
vn 1.0000 0.0000 0.0000
vn 0.6557 0.3786 -0.6532
vn 0.8660 0.5000 0.0000
vn 0.3786 0.6557 -0.6532
vn 0.5000 0.8660 0.0000
vn 0.0000 0.7571 -0.6532
vn 0.0000 1.0000 0.0000
vn -0.3786 0.6557 -0.6532
vn -0.5000 0.8660 0.0000
vn 0.3554 0.6155 -0.7035
vn 0.6155 0.3554 -0.7035
vn 0.3784 0.2185 -0.8995
vn 0.2185 0.3784 -0.8995
vn -0.6557 0.3786 -0.6532
vn -0.8660 0.5000 0.0000
vn 0.7512 0.0000 0.6601
vn 0.6505 0.3756 0.6601
vn 0.3756 0.6505 0.6601
vn 0.0000 0.7512 0.6601
vn -0.3756 0.6505 0.6601
vn -0.6505 0.3756 0.6601
vn -0.7512 0.0000 0.6601
vn -0.6505 -0.3756 0.6601
vn -0.3756 -0.6505 0.6601
vn 0.0000 -0.7512 0.6601
vn 0.3756 -0.6505 0.6601
vn 0.6505 -0.3756 0.6601
vn -0.7966 0.4599 -0.3922
vn -0.9199 0.0000 -0.3922
vn -0.4599 0.7966 -0.3922
vn 0.0000 0.9199 -0.3922
vn 0.4599 0.7966 -0.3922
vn 0.7966 0.4599 -0.3922
vn 0.9199 0.0000 -0.3922
vn 0.7966 -0.4599 -0.3922
vn 0.4599 -0.7966 -0.3922
vn 0.0000 -0.9199 -0.3922
vn -0.4599 -0.7966 -0.3922
vn -0.7966 -0.4599 -0.3922
vn -0.8513 -0.4915 0.1834
vn -0.9830 0.0000 0.1834
vn -0.9958 0.0000 0.0908
vn -0.8624 -0.4979 0.0908
vn -0.4915 -0.8513 0.1834
vn -0.4979 -0.8624 0.0908
vn 0.0000 -0.9830 0.1834
vn 0.0000 -0.9958 0.0908
vn 0.4915 -0.8513 0.1834
vn 0.4979 -0.8624 0.0908
vn 0.8513 -0.4915 0.1834
vn 0.8624 -0.4979 0.0908
vn 0.9830 0.0000 0.1834
vn 0.9958 0.0000 0.0908
vn 0.8513 0.4915 0.1834
vn 0.8624 0.4979 0.0908
vn 0.4915 0.8513 0.1834
vn 0.4979 0.8624 0.0908
vn 0.0000 0.9830 0.1834
vn 0.0000 0.9958 0.0908
vn -0.4915 0.8513 0.1834
vn -0.4979 0.8624 0.0908
vn -0.8513 0.4915 0.1834
vn -0.8624 0.4979 0.0908
vn 0.0000 0.0000 -1.0000
vn -0.6536 0.0000 -0.7568
vn -0.8957 0.0000 -0.4445
vn -0.7757 -0.4479 -0.4445
vn -0.5661 -0.3268 -0.7568
vn -0.4479 -0.7757 -0.4445
vn -0.3268 -0.5661 -0.7568
vn 0.0000 -0.8957 -0.4445
vn 0.0000 -0.6536 -0.7568
vn 0.4479 -0.7757 -0.4445
vn 0.3268 -0.5661 -0.7568
vn 0.7757 -0.4479 -0.4445
vn 0.5661 -0.3268 -0.7568
vn 0.8957 0.0000 -0.4445
vn 0.6536 0.0000 -0.7568
vn 0.7757 0.4479 -0.4445
vn 0.5661 0.3268 -0.7568
vn 0.4479 0.7757 -0.4445
vn 0.3268 0.5661 -0.7568
vn 0.0000 0.8957 -0.4445
vn 0.0000 0.6536 -0.7568
vn -0.4479 0.7757 -0.4445
vn -0.3268 0.5661 -0.7568
vn -0.7757 0.4479 -0.4445
vn -0.5661 0.3268 -0.7568
vn -0.6939 0.0000 0.7200
vn -0.6010 0.3470 0.7200
vn -0.3470 0.6010 0.7200
vn 0.0000 0.6939 0.7200
vn 0.3470 0.6010 0.7200
vn 0.6010 0.3470 0.7200
vn 0.6939 0.0000 0.7200
vn 0.6010 -0.3470 0.7200
vn 0.3470 -0.6010 0.7200
vn 0.0000 -0.6939 0.7200
vn -0.3470 -0.6010 0.7200
vn -0.6010 -0.3470 0.7200
vn 0.0000 0.0000 1.0000
vn 0.5463 0.3154 0.7759
vn 0.6308 0.0000 0.7759
vn 0.3154 0.5463 0.7759
vn 0.0000 0.6308 0.7759
vn -0.3154 0.5463 0.7759
vn -0.5463 0.3154 0.7759
vn -0.6308 0.0000 0.7759
vn -0.5463 -0.3154 0.7759
vn -0.3154 -0.5463 0.7759
vn 0.0000 -0.6308 0.7759
vn 0.3154 -0.5463 0.7759
vn 0.5463 -0.3154 0.7759
vn 0.8659 0.4999 0.0160
vn 0.9998 0.0000 0.0160
vn 0.4999 0.8659 0.0160
vn 0.0000 0.9998 0.0160
vn -0.4999 0.8659 0.0160
vn -0.8659 0.4999 0.0160
vn -0.9998 0.0000 0.0160
vn -0.8659 -0.4999 0.0160
vn -0.4999 -0.8659 0.0160
vn 0.0000 -0.9998 0.0160
vn 0.4999 -0.8659 0.0160
vn 0.8659 -0.4999 0.0160
vn 0.6155 -0.3553 -0.7035
vn 0.3553 -0.6155 -0.7035
vn 0.2184 -0.3784 -0.8995
vn 0.3783 -0.2185 -0.8995
vn -0.7107 0.0000 -0.7035
vn -0.6155 0.3553 -0.7035
vn -0.3784 0.2185 -0.8995
vn -0.4369 0.0000 -0.8995
vn -0.3553 -0.6155 -0.7035
vn -0.6155 -0.3553 -0.7035
vn -0.3784 -0.2185 -0.8995
vn -0.2184 -0.3784 -0.8995
vn 0.0000 0.7107 -0.7035
vn 0.0000 0.4369 -0.8995
vn 0.7107 0.0000 -0.7035
vn 0.4369 0.0000 -0.8995
vn 0.0000 -0.7107 -0.7035
vn 0.0000 -0.4369 -0.8995
vn -0.3553 0.6155 -0.7035
vn -0.2185 0.3784 -0.8995
vn -0.5523 0.3189 -0.7703
vn -0.6377 0.0000 -0.7703
vn -0.3189 0.5523 -0.7703
vn 0.0000 0.6377 -0.7703
vn 0.3189 0.5523 -0.7703
vn 0.5523 0.3189 -0.7703
vn 0.6377 0.0000 -0.7703
vn 0.5523 -0.3189 -0.7703
vn 0.3189 -0.5523 -0.7703
vn 0.0000 -0.6377 -0.7703
vn -0.3189 -0.5523 -0.7703
vn -0.5523 -0.3189 -0.7703
vn 0.6155 0.3553 -0.7035
vn 0.1639 0.2839 -0.9447
vn 0.2839 0.1639 -0.9447
vn 0.2839 -0.1639 -0.9447
vn 0.1639 -0.2839 -0.9447
vn -0.3279 0.0000 -0.9447
vn -0.2839 0.1639 -0.9447
vn -0.1639 -0.2839 -0.9447
vn -0.2839 -0.1639 -0.9447
vn 0.0000 0.3279 -0.9447
vn 0.3279 0.0000 -0.9447
vn 0.0000 -0.3279 -0.9447
vn -0.1639 0.2839 -0.9447
usemtl None
s 1
f 1264/1477/724 1289/1478/725 1288/1479/726 1265/1480/727
f 1265/1480/727 1288/1479/726 1290/1481/728 1266/1482/729
f 1266/1482/729 1290/1481/728 1291/1483/730 1267/1484/731
f 1267/1484/731 1291/1483/730 1292/1485/732 1268/1486/733
f 1268/1486/733 1292/1485/732 1293/1487/734 1269/1488/735
f 1269/1488/735 1293/1487/734 1294/1489/736 1270/1490/737
f 1270/1490/737 1294/1489/736 1295/1491/738 1271/1492/739
f 1271/1492/739 1295/1491/738 1296/1493/740 1272/1494/741
f 1272/1494/741 1296/1493/740 1297/1495/742 1273/1496/743
f 1273/1496/743 1297/1495/742 1298/1497/744 1274/1498/745
f 1481/1499/746 1480/1500/747 1439/1501/748 1440/1502/749
f 1274/1498/745 1298/1497/744 1299/1503/750 1275/1504/751
f 1275/1504/751 1299/1503/750 1289/1505/725 1264/1506/724
f 1228/1507/752 1230/1508/753 1232/1509/754 1234/1510/755 1236/1511/756 1238/1512/757 1240/1513/758 1242/1514/759 1244/1515/760 1246/1516/761 1248/1517/762 1250/1518/763
f 1334/1519/751 1263/1520/764 1252/1521/765 1335/1522/724
f 1333/1523/745 1262/1524/766 1263/1520/764 1334/1519/751
f 1332/1525/743 1261/1526/767 1262/1524/766 1333/1523/745
f 1331/1527/741 1260/1528/768 1261/1526/767 1332/1525/743
f 1330/1529/739 1259/1530/769 1260/1528/768 1331/1527/741
f 1329/1531/737 1258/1532/770 1259/1530/769 1330/1529/739
f 1328/1533/735 1257/1534/771 1258/1532/770 1329/1531/737
f 1327/1535/733 1256/1536/772 1257/1534/771 1328/1533/735
f 1326/1537/731 1255/1538/773 1256/1536/772 1327/1535/733
f 1325/1539/729 1254/1540/774 1255/1538/773 1326/1537/731
f 1324/1541/727 1253/1542/775 1254/1540/774 1325/1539/729
f 1335/1543/724 1252/1544/765 1253/1542/775 1324/1541/727
f 1323/1545/751 1275/1504/751 1264/1506/724 1312/1546/724
f 1322/1547/745 1274/1498/745 1275/1504/751 1323/1545/751
f 1321/1548/743 1273/1496/743 1274/1498/745 1322/1547/745
f 1320/1549/741 1272/1494/741 1273/1496/743 1321/1548/743
f 1319/1550/739 1271/1492/739 1272/1494/741 1320/1549/741
f 1318/1551/737 1270/1490/737 1271/1492/739 1319/1550/739
f 1317/1552/735 1269/1488/735 1270/1490/737 1318/1551/737
f 1316/1553/733 1268/1486/733 1269/1488/735 1317/1552/735
f 1315/1554/731 1267/1484/731 1268/1486/733 1316/1553/733
f 1314/1555/729 1266/1482/729 1267/1484/731 1315/1554/731
f 1313/1556/727 1265/1480/727 1266/1482/729 1314/1555/729
f 1312/1557/724 1264/1477/724 1265/1480/727 1313/1556/727
f 1360/1558/776 1361/1559/777 1276/1560/778 1277/1561/779
f 1362/1562/780 1360/1558/776 1277/1561/779 1278/1563/781
f 1363/1564/782 1362/1562/780 1278/1563/781 1279/1565/783
f 1364/1566/784 1363/1564/782 1279/1565/783 1280/1567/785
f 1365/1568/786 1364/1566/784 1280/1567/785 1281/1569/787
f 1366/1570/788 1365/1568/786 1281/1569/787 1282/1571/789
f 1367/1572/790 1366/1570/788 1282/1571/789 1283/1573/791
f 1368/1574/792 1367/1572/790 1283/1573/791 1284/1575/793
f 1369/1576/794 1368/1574/792 1284/1575/793 1285/1577/795
f 1370/1578/796 1369/1576/794 1285/1577/795 1286/1579/797
f 1371/1580/798 1370/1578/796 1286/1579/797 1287/1581/799
f 1361/1559/777 1371/1580/798 1287/1581/799 1276/1560/778
f 1527/1582/800 1516/1583/800 1288/1584/726 1289/1585/725
f 1516/1583/800 1517/1586/800 1290/1587/728 1288/1584/726
f 1517/1586/800 1518/1588/800 1291/1589/730 1290/1587/728
f 1518/1588/800 1519/1590/800 1292/1591/732 1291/1589/730
f 1519/1590/800 1520/1592/800 1293/1593/734 1292/1591/732
f 1520/1592/800 1521/1594/800 1294/1595/736 1293/1593/734
f 1521/1594/800 1522/1596/800 1295/1597/738 1294/1595/736
f 1522/1596/800 1523/1598/800 1296/1599/740 1295/1597/738
f 1523/1598/800 1524/1600/800 1297/1601/742 1296/1599/740
f 1524/1600/800 1525/1602/800 1298/1603/744 1297/1601/742
f 1525/1602/800 1526/1604/800 1299/1605/750 1298/1603/744
f 1526/1604/800 1527/1582/800 1289/1585/725 1299/1605/750
f 1347/1606/801 1311/1607/802 1300/1608/803 1336/1609/804
f 1336/1609/804 1300/1608/803 1301/1610/805 1337/1611/806
f 1337/1611/806 1301/1610/805 1302/1612/807 1338/1613/808
f 1338/1613/808 1302/1612/807 1303/1614/809 1339/1615/810
f 1339/1615/810 1303/1614/809 1304/1616/811 1340/1617/812
f 1340/1617/812 1304/1616/811 1305/1618/813 1341/1619/814
f 1341/1619/814 1305/1618/813 1306/1620/815 1342/1621/816
f 1342/1621/816 1306/1620/815 1307/1622/817 1343/1623/818
f 1343/1623/818 1307/1622/817 1308/1624/819 1344/1625/820
f 1344/1625/820 1308/1624/819 1309/1626/821 1345/1627/822
f 1345/1627/822 1309/1626/821 1310/1628/823 1346/1629/824
f 1346/1629/824 1310/1628/823 1311/1630/802 1347/1631/801
f 1311/1607/802 1312/1557/724 1313/1556/727 1300/1608/803
f 1300/1608/803 1313/1556/727 1314/1555/729 1301/1610/805
f 1301/1610/805 1314/1555/729 1315/1554/731 1302/1612/807
f 1302/1612/807 1315/1554/731 1316/1553/733 1303/1614/809
f 1303/1614/809 1316/1553/733 1317/1552/735 1304/1616/811
f 1304/1616/811 1317/1552/735 1318/1551/737 1305/1618/813
f 1305/1618/813 1318/1551/737 1319/1550/739 1306/1620/815
f 1306/1620/815 1319/1550/739 1320/1549/741 1307/1622/817
f 1307/1622/817 1320/1549/741 1321/1548/743 1308/1624/819
f 1308/1624/819 1321/1548/743 1322/1547/745 1309/1626/821
f 1309/1626/821 1322/1547/745 1323/1545/751 1310/1628/823
f 1310/1628/823 1323/1545/751 1312/1546/724 1311/1630/802
f 1276/1632/778 1335/1543/724 1324/1541/727 1277/1633/779
f 1277/1633/779 1324/1541/727 1325/1539/729 1278/1634/781
f 1278/1634/781 1325/1539/729 1326/1537/731 1279/1635/783
f 1279/1635/783 1326/1537/731 1327/1535/733 1280/1636/785
f 1280/1636/785 1327/1535/733 1328/1533/735 1281/1637/787
f 1281/1637/787 1328/1533/735 1329/1531/737 1282/1638/789
f 1282/1638/789 1329/1531/737 1330/1529/739 1283/1639/791
f 1283/1639/791 1330/1529/739 1331/1527/741 1284/1640/793
f 1284/1640/793 1331/1527/741 1332/1525/743 1285/1641/795
f 1285/1641/795 1332/1525/743 1333/1523/745 1286/1642/797
f 1286/1642/797 1333/1523/745 1334/1519/751 1287/1643/799
f 1287/1643/799 1334/1519/751 1335/1522/724 1276/1644/778
f 1358/1645/824 1346/1629/824 1347/1631/801 1359/1646/801
f 1357/1647/822 1345/1627/822 1346/1629/824 1358/1645/824
f 1356/1648/820 1344/1625/820 1345/1627/822 1357/1647/822
f 1355/1649/818 1343/1623/818 1344/1625/820 1356/1648/820
f 1354/1650/816 1342/1621/816 1343/1623/818 1355/1649/818
f 1353/1651/814 1341/1619/814 1342/1621/816 1354/1650/816
f 1352/1652/812 1340/1617/812 1341/1619/814 1353/1651/814
f 1351/1653/810 1339/1615/810 1340/1617/812 1352/1652/812
f 1350/1654/808 1338/1613/808 1339/1615/810 1351/1653/810
f 1349/1655/806 1337/1611/806 1338/1613/808 1350/1654/808
f 1348/1656/804 1336/1609/804 1337/1611/806 1349/1655/806
f 1359/1657/801 1347/1606/801 1336/1609/804 1348/1656/804
f 1252/1544/765 1359/1657/801 1348/1656/804 1253/1542/775
f 1253/1542/775 1348/1656/804 1349/1655/806 1254/1540/774
f 1254/1540/774 1349/1655/806 1350/1654/808 1255/1538/773
f 1255/1538/773 1350/1654/808 1351/1653/810 1256/1536/772
f 1256/1536/772 1351/1653/810 1352/1652/812 1257/1534/771
f 1257/1534/771 1352/1652/812 1353/1651/814 1258/1532/770
f 1258/1532/770 1353/1651/814 1354/1650/816 1259/1530/769
f 1259/1530/769 1354/1650/816 1355/1649/818 1260/1528/768
f 1260/1528/768 1355/1649/818 1356/1648/820 1261/1526/767
f 1261/1526/767 1356/1648/820 1357/1647/822 1262/1524/766
f 1262/1524/766 1357/1647/822 1358/1645/824 1263/1520/764
f 1263/1520/764 1358/1645/824 1359/1646/801 1252/1521/765
f 1372/1658/825 1383/1659/826 1371/1580/798 1361/1559/777
f 1383/1659/826 1382/1660/827 1370/1578/796 1371/1580/798
f 1382/1660/827 1381/1661/828 1369/1576/794 1370/1578/796
f 1381/1661/828 1380/1662/829 1368/1574/792 1369/1576/794
f 1380/1662/829 1379/1663/830 1367/1572/790 1368/1574/792
f 1379/1663/830 1378/1664/831 1366/1570/788 1367/1572/790
f 1378/1664/831 1377/1665/832 1365/1568/786 1366/1570/788
f 1377/1665/832 1376/1666/833 1364/1566/784 1365/1568/786
f 1376/1666/833 1375/1667/834 1363/1564/782 1364/1566/784
f 1375/1667/834 1374/1668/835 1362/1562/780 1363/1564/782
f 1374/1668/835 1373/1669/836 1360/1558/776 1362/1562/780
f 1373/1669/836 1372/1658/825 1361/1559/777 1360/1558/776
f 1385/1670/837 1384/1671/837 1372/1658/825 1373/1669/836
f 1386/1672/837 1385/1670/837 1373/1669/836 1374/1668/835
f 1387/1673/837 1386/1672/837 1374/1668/835 1375/1667/834
f 1388/1674/837 1387/1673/837 1375/1667/834 1376/1666/833
f 1389/1675/837 1388/1674/837 1376/1666/833 1377/1665/832
f 1390/1676/837 1389/1675/837 1377/1665/832 1378/1664/831
f 1391/1677/837 1390/1676/837 1378/1664/831 1379/1663/830
f 1392/1678/837 1391/1677/837 1379/1663/830 1380/1662/829
f 1393/1679/837 1392/1678/837 1380/1662/829 1381/1661/828
f 1394/1680/837 1393/1679/837 1381/1661/828 1382/1660/827
f 1395/1681/837 1394/1680/837 1382/1660/827 1383/1659/826
f 1384/1671/837 1395/1681/837 1383/1659/826 1372/1658/825
f 1397/1682/837 1396/1683/837 1384/1671/837 1385/1670/837
f 1398/1684/837 1397/1682/837 1385/1670/837 1386/1672/837
f 1399/1685/837 1398/1684/837 1386/1672/837 1387/1673/837
f 1400/1686/837 1399/1685/837 1387/1673/837 1388/1674/837
f 1401/1687/837 1400/1686/837 1388/1674/837 1389/1675/837
f 1402/1688/837 1401/1687/837 1389/1675/837 1390/1676/837
f 1403/1689/837 1402/1688/837 1390/1676/837 1391/1677/837
f 1404/1690/837 1403/1689/837 1391/1677/837 1392/1678/837
f 1405/1691/837 1404/1690/837 1392/1678/837 1393/1679/837
f 1406/1692/837 1405/1691/837 1393/1679/837 1394/1680/837
f 1407/1693/837 1406/1692/837 1394/1680/837 1395/1681/837
f 1396/1683/837 1407/1693/837 1395/1681/837 1384/1671/837
f 1409/1694/838 1408/1695/839 1396/1683/837 1397/1682/837
f 1410/1696/840 1409/1694/838 1397/1682/837 1398/1684/837
f 1411/1697/841 1410/1696/840 1398/1684/837 1399/1685/837
f 1412/1698/842 1411/1697/841 1399/1685/837 1400/1686/837
f 1413/1699/843 1412/1698/842 1400/1686/837 1401/1687/837
f 1414/1700/844 1413/1699/843 1401/1687/837 1402/1688/837
f 1415/1701/845 1414/1700/844 1402/1688/837 1403/1689/837
f 1416/1702/846 1415/1701/845 1403/1689/837 1404/1690/837
f 1417/1703/847 1416/1702/846 1404/1690/837 1405/1691/837
f 1418/1704/848 1417/1703/847 1405/1691/837 1406/1692/837
f 1419/1705/849 1418/1704/848 1406/1692/837 1407/1693/837
f 1408/1695/839 1419/1705/849 1407/1693/837 1396/1683/837
f 1577/1706/850 1576/1707/851 1408/1695/839 1409/1694/838
f 1578/1708/852 1577/1706/850 1409/1694/838 1410/1696/840
f 1579/1709/853 1578/1708/852 1410/1696/840 1411/1697/841
f 1580/1710/854 1579/1709/853 1411/1697/841 1412/1698/842
f 1581/1711/855 1580/1710/854 1412/1698/842 1413/1699/843
f 1582/1712/856 1581/1711/855 1413/1699/843 1414/1700/844
f 1583/1713/857 1582/1712/856 1414/1700/844 1415/1701/845
f 1584/1714/858 1583/1713/857 1415/1701/845 1416/1702/846
f 1585/1715/859 1584/1714/858 1416/1702/846 1417/1703/847
f 1586/1716/860 1585/1715/859 1417/1703/847 1418/1704/848
f 1587/1717/861 1586/1716/860 1418/1704/848 1419/1705/849
f 1576/1707/851 1587/1717/861 1419/1705/849 1408/1695/839
f 1541/1718/743 1540/1719/741 1536/1720/740 1537/1721/742
f 1483/1722/862 1482/1723/863 1436/1724/864 1437/1725/865
f 1485/1726/866 1484/1727/867 1443/1728/868 1433/1729/869
f 1487/1730/870 1486/1731/871 1432/1732/872 1434/1733/873
f 1488/1734/874 1481/1499/746 1440/1502/749 1441/1735/875
f 1489/1736/876 1483/1722/862 1437/1725/865 1438/1737/877
f 1490/1738/878 1487/1730/870 1434/1733/873 1435/1739/879
f 1491/1740/880 1488/1734/874 1441/1735/875 1442/1741/881
f 1480/1500/747 1489/1736/876 1438/1737/877 1439/1501/748
f 1482/1723/863 1490/1738/878 1435/1739/879 1436/1724/864
f 1484/1727/867 1491/1740/880 1442/1741/881 1443/1728/868
f 1486/1731/871 1485/1726/866 1433/1729/869 1432/1732/872
f 1479/1742/800 1468/1743/800 1432/1732/872 1433/1729/869
f 1468/1743/800 1469/1744/800 1434/1733/873 1432/1732/872
f 1469/1744/800 1470/1745/800 1435/1739/879 1434/1733/873
f 1470/1745/800 1471/1746/800 1436/1724/864 1435/1739/879
f 1471/1746/800 1472/1747/800 1437/1725/865 1436/1724/864
f 1472/1747/800 1473/1748/800 1438/1737/877 1437/1725/865
f 1473/1748/800 1474/1749/800 1439/1501/748 1438/1737/877
f 1474/1749/800 1475/1750/800 1440/1502/749 1439/1501/748
f 1475/1750/800 1476/1751/800 1441/1735/875 1440/1502/749
f 1476/1751/800 1477/1752/800 1442/1741/881 1441/1735/875
f 1477/1752/800 1478/1753/800 1443/1728/868 1442/1741/881
f 1478/1753/800 1479/1742/800 1433/1729/869 1443/1728/868
f 1444/1754/800 1445/1755/800 1455/1756/800 1454/1757/800 1453/1758/800 1452/1759/800 1451/1760/800 1450/1761/800 1449/1762/800 1448/1763/800 1447/1764/800 1446/1765/800
f 1543/1766/737 1542/1767/735 1533/1768/734 1534/1769/736
f 1545/1770/731 1544/1771/729 1530/1772/728 1531/1773/730
f 1546/1774/745 1541/1718/743 1537/1721/742 1538/1775/744
f 1547/1776/739 1543/1766/737 1534/1769/736 1535/1777/738
f 1548/1778/733 1545/1770/731 1531/1773/730 1532/1779/732
f 1549/1780/751 1546/1774/745 1538/1775/744 1539/1781/750
f 1551/1782/727 1550/1783/724 1529/1784/725 1528/1785/726
f 1540/1719/741 1547/1776/739 1535/1777/738 1536/1720/740
f 1542/1767/735 1548/1778/733 1532/1779/732 1533/1768/734
f 1550/1783/724 1549/1780/751 1539/1781/750 1529/1784/725
f 1544/1771/729 1551/1782/727 1528/1785/726 1530/1772/728
f 1431/1786/882 1421/1787/883 1456/1788/800 1467/1789/800
f 1430/1790/884 1431/1786/882 1467/1789/800 1466/1791/800
f 1429/1792/885 1430/1790/884 1466/1791/800 1465/1793/800
f 1428/1794/886 1429/1792/885 1465/1793/800 1464/1795/800
f 1427/1796/887 1428/1794/886 1464/1795/800 1463/1797/800
f 1426/1798/888 1427/1796/887 1463/1797/800 1462/1799/800
f 1425/1800/889 1426/1798/888 1462/1799/800 1461/1801/800
f 1424/1802/890 1425/1800/889 1461/1801/800 1460/1803/800
f 1423/1804/891 1424/1802/890 1460/1803/800 1459/1805/800
f 1422/1806/892 1423/1804/891 1459/1805/800 1458/1807/800
f 1420/1808/893 1422/1806/892 1458/1807/800 1457/1809/800
f 1421/1787/883 1420/1808/893 1457/1809/800 1456/1788/800
f 1467/1789/800 1456/1788/800 1479/1742/800 1478/1753/800
f 1466/1791/800 1467/1789/800 1478/1753/800 1477/1752/800
f 1465/1793/800 1466/1791/800 1477/1752/800 1476/1751/800
f 1464/1795/800 1465/1793/800 1476/1751/800 1475/1750/800
f 1463/1797/800 1464/1795/800 1475/1750/800 1474/1749/800
f 1462/1799/800 1463/1797/800 1474/1749/800 1473/1748/800
f 1461/1801/800 1462/1799/800 1473/1748/800 1472/1747/800
f 1460/1803/800 1461/1801/800 1472/1747/800 1471/1746/800
f 1459/1805/800 1460/1803/800 1471/1746/800 1470/1745/800
f 1458/1807/800 1459/1805/800 1470/1745/800 1469/1744/800
f 1457/1809/800 1458/1807/800 1469/1744/800 1468/1743/800
f 1456/1788/800 1457/1809/800 1468/1743/800 1479/1742/800
f 1503/1810/871 1494/1811/866 1485/1726/866 1486/1731/871
f 1502/1812/867 1499/1813/880 1491/1740/880 1484/1727/867
f 1501/1814/863 1498/1815/878 1490/1738/878 1482/1723/863
f 1500/1816/894 1497/1817/876 1489/1736/876 1480/1500/747
f 1499/1813/880 1496/1818/874 1488/1734/874 1491/1740/880
f 1498/1815/878 1495/1819/870 1487/1730/870 1490/1738/878
f 1497/1817/876 1493/1820/862 1483/1722/862 1489/1736/876
f 1496/1818/874 1492/1821/746 1481/1499/746 1488/1734/874
f 1495/1819/870 1503/1810/871 1486/1731/871 1487/1730/870
f 1494/1811/866 1502/1812/867 1484/1727/867 1485/1726/866
f 1493/1820/862 1501/1814/863 1482/1723/863 1483/1722/862
f 1492/1821/746 1500/1816/894 1480/1500/747 1481/1499/746
f 1245/1822/895 1243/1823/896 1500/1816/894 1492/1821/746
f 1239/1824/897 1237/1825/898 1501/1814/863 1493/1820/862
f 1229/1826/899 1251/1827/900 1502/1812/867 1494/1811/866
f 1233/1828/901 1231/1829/902 1503/1810/871 1495/1819/870
f 1247/1830/903 1245/1822/895 1492/1821/746 1496/1818/874
f 1241/1831/904 1239/1824/897 1493/1820/862 1497/1817/876
f 1235/1832/905 1233/1828/901 1495/1819/870 1498/1815/878
f 1249/1833/906 1247/1830/903 1496/1818/874 1499/1813/880
f 1243/1823/896 1241/1831/904 1497/1817/876 1500/1816/894
f 1237/1825/898 1235/1832/905 1498/1815/878 1501/1814/863
f 1251/1827/900 1249/1833/906 1499/1813/880 1502/1812/867
f 1231/1829/902 1229/1826/899 1494/1811/866 1503/1810/871
f 1251/1827/900 1229/1826/899 1504/1834/800 1515/1835/800
f 1249/1833/906 1251/1827/900 1515/1835/800 1514/1836/800
f 1247/1830/903 1249/1833/906 1514/1836/800 1513/1837/800
f 1245/1822/895 1247/1830/903 1513/1837/800 1512/1838/800
f 1243/1823/896 1245/1822/895 1512/1838/800 1511/1839/800
f 1241/1831/904 1243/1823/896 1511/1839/800 1510/1840/800
f 1239/1824/897 1241/1831/904 1510/1840/800 1509/1841/800
f 1237/1825/898 1239/1824/897 1509/1841/800 1508/1842/800
f 1235/1832/905 1237/1825/898 1508/1842/800 1507/1843/800
f 1233/1828/901 1235/1832/905 1507/1843/800 1506/1844/800
f 1231/1829/902 1233/1828/901 1506/1844/800 1505/1845/800
f 1229/1826/899 1231/1829/902 1505/1845/800 1504/1834/800
f 1515/1835/800 1504/1834/800 1527/1582/800 1526/1604/800
f 1514/1836/800 1515/1835/800 1526/1604/800 1525/1602/800
f 1513/1837/800 1514/1836/800 1525/1602/800 1524/1600/800
f 1512/1838/800 1513/1837/800 1524/1600/800 1523/1598/800
f 1511/1839/800 1512/1838/800 1523/1598/800 1522/1596/800
f 1510/1840/800 1511/1839/800 1522/1596/800 1521/1594/800
f 1509/1841/800 1510/1840/800 1521/1594/800 1520/1592/800
f 1508/1842/800 1509/1841/800 1520/1592/800 1519/1590/800
f 1507/1843/800 1508/1842/800 1519/1590/800 1518/1588/800
f 1506/1844/800 1507/1843/800 1518/1588/800 1517/1586/800
f 1505/1845/800 1506/1844/800 1517/1586/800 1516/1583/800
f 1504/1834/800 1505/1845/800 1516/1583/800 1527/1582/800
f 1445/1755/800 1444/1754/800 1528/1785/726 1529/1784/725
f 1444/1754/800 1446/1765/800 1530/1772/728 1528/1785/726
f 1446/1765/800 1447/1764/800 1531/1773/730 1530/1772/728
f 1447/1764/800 1448/1763/800 1532/1779/732 1531/1773/730
f 1448/1763/800 1449/1762/800 1533/1768/734 1532/1779/732
f 1449/1762/800 1450/1761/800 1534/1769/736 1533/1768/734
f 1450/1761/800 1451/1760/800 1535/1777/738 1534/1769/736
f 1451/1760/800 1452/1759/800 1536/1720/740 1535/1777/738
f 1452/1759/800 1453/1758/800 1537/1721/742 1536/1720/740
f 1453/1758/800 1454/1757/800 1538/1775/744 1537/1721/742
f 1454/1757/800 1455/1756/800 1539/1781/750 1538/1775/744
f 1455/1756/800 1445/1755/800 1529/1784/725 1539/1781/750
f 1562/1846/729 1559/1847/727 1551/1782/727 1544/1771/729
f 1563/1848/724 1558/1849/751 1549/1780/751 1550/1783/724
f 1561/1850/735 1557/1851/733 1548/1778/733 1542/1767/735
f 1560/1852/741 1556/1853/739 1547/1776/739 1540/1719/741
f 1559/1847/727 1563/1848/724 1550/1783/724 1551/1782/727
f 1558/1849/751 1555/1854/745 1546/1774/745 1549/1780/751
f 1557/1851/733 1554/1855/731 1545/1770/731 1548/1778/733
f 1556/1853/739 1553/1856/737 1543/1766/737 1547/1776/739
f 1555/1854/745 1552/1857/743 1541/1718/743 1546/1774/745
f 1554/1855/731 1562/1846/729 1544/1771/729 1545/1770/731
f 1553/1856/737 1561/1850/735 1542/1767/735 1543/1766/737
f 1552/1857/743 1560/1852/741 1540/1719/741 1541/1718/743
f 1429/1792/885 1428/1794/886 1560/1852/741 1552/1857/743
f 1426/1798/888 1425/1800/889 1561/1850/735 1553/1856/737
f 1423/1804/891 1422/1806/892 1562/1846/729 1554/1855/731
f 1430/1790/884 1429/1792/885 1552/1857/743 1555/1854/745
f 1427/1796/887 1426/1798/888 1553/1856/737 1556/1853/739
f 1424/1802/890 1423/1804/891 1554/1855/731 1557/1851/733
f 1431/1786/882 1430/1790/884 1555/1854/745 1558/1849/751
f 1420/1808/893 1421/1787/883 1563/1848/724 1559/1847/727
f 1428/1794/886 1427/1796/887 1556/1853/739 1560/1852/741
f 1425/1800/889 1424/1802/890 1557/1851/733 1561/1850/735
f 1421/1787/883 1431/1786/882 1558/1849/751 1563/1848/724
f 1422/1806/892 1420/1808/893 1559/1847/727 1562/1846/729
f 1228/1507/752 1250/1518/763 1575/1858/861 1565/1859/851
f 1250/1518/763 1248/1517/762 1574/1860/860 1575/1858/861
f 1248/1517/762 1246/1516/761 1573/1861/859 1574/1860/860
f 1246/1516/761 1244/1515/760 1572/1862/858 1573/1861/859
f 1244/1515/760 1242/1514/759 1571/1863/857 1572/1862/858
f 1242/1514/759 1240/1513/758 1570/1864/856 1571/1863/857
f 1240/1513/758 1238/1512/757 1569/1865/855 1570/1864/856
f 1238/1512/757 1236/1511/756 1568/1866/854 1569/1865/855
f 1236/1511/756 1234/1510/755 1567/1867/853 1568/1866/854
f 1234/1510/755 1232/1509/754 1566/1868/852 1567/1867/853
f 1232/1509/754 1230/1508/753 1564/1869/850 1566/1868/852
f 1230/1508/753 1228/1507/752 1565/1859/851 1564/1869/850
f 1565/1859/851 1575/1858/861 1587/1717/861 1576/1707/851
f 1575/1858/861 1574/1860/860 1586/1716/860 1587/1717/861
f 1574/1860/860 1573/1861/859 1585/1715/859 1586/1716/860
f 1573/1861/859 1572/1862/858 1584/1714/858 1585/1715/859
f 1572/1862/858 1571/1863/857 1583/1713/857 1584/1714/858
f 1571/1863/857 1570/1864/856 1582/1712/856 1583/1713/857
f 1570/1864/856 1569/1865/855 1581/1711/855 1582/1712/856
f 1569/1865/855 1568/1866/854 1580/1710/854 1581/1711/855
f 1568/1866/854 1567/1867/853 1579/1709/853 1580/1710/854
f 1567/1867/853 1566/1868/852 1578/1708/852 1579/1709/853
f 1566/1868/852 1564/1869/850 1577/1706/850 1578/1708/852
f 1564/1869/850 1565/1859/851 1576/1707/851 1577/1706/850
v -1.153422 1.063694 -0.043671
v -1.162622 1.064807 1.998062
v -1.145088 1.005141 -0.043671
v -1.153613 1.001505 1.998062
v -1.108595 0.958599 -0.043671
v -1.114159 0.951188 1.998062
v -1.053720 0.936540 -0.043671
v -1.054834 0.927339 1.998062
v -0.995167 0.944873 -0.043671
v -0.991531 0.936349 1.998062
v -0.948626 0.981366 -0.043671
v -0.941215 0.975802 1.998062
v -0.926566 1.036241 -0.043671
v -0.917366 1.035128 1.998062
v -0.934899 1.094794 -0.043671
v -0.926375 1.098430 1.998062
v -0.971392 1.141336 -0.043671
v -0.965828 1.148746 1.998062
v -1.026267 1.163395 -0.043671
v -1.025154 1.172595 1.998062
v -1.084820 1.155062 -0.043671
v -1.088456 1.163586 1.998062
v -1.131362 1.118569 -0.043671
v -1.138773 1.124133 1.998062
v -1.195707 1.068811 0.040525
v -1.184268 0.988430 0.040525
v -1.134170 0.924537 0.040525
v -1.058837 0.894254 0.040525
v -0.978456 0.905694 0.040525
v -0.914564 0.955791 0.040525
v -0.884280 1.031124 0.040525
v -0.895720 1.111505 0.040525
v -0.945818 1.175398 0.040525
v -1.021150 1.205681 0.040525
v -1.101531 1.194241 0.040525
v -1.165424 1.144143 0.040525
v -1.195707 1.068811 1.926759
v -1.184268 0.988430 1.926759
v -1.134170 0.924537 1.926759
v -1.058837 0.894254 1.926759
v -0.978456 0.905694 1.926759
v -0.914564 0.955791 1.926759
v -0.884280 1.031124 1.926759
v -0.895720 1.111505 1.926759
v -0.945818 1.175398 1.926759
v -1.021150 1.205681 1.926759
v -1.101531 1.194241 1.926759
v -1.165424 1.144143 1.926759
v -1.195707 1.068811 -0.043671
v -1.184268 0.988430 -0.043671
v -1.134170 0.924537 -0.043671
v -1.058837 0.894254 -0.043671
v -0.978456 0.905694 -0.043671
v -0.914564 0.955791 -0.043671
v -0.884280 1.031124 -0.043671
v -0.895720 1.111505 -0.043671
v -0.945818 1.175398 -0.043671
v -1.021150 1.205681 -0.043671
v -1.101531 1.194241 -0.043671
v -1.165424 1.144143 -0.043671
v -1.184268 0.988430 1.998062
v -1.195707 1.068811 1.998062
v -1.134170 0.924537 1.998062
v -1.058837 0.894254 1.998062
v -0.978456 0.905694 1.998062
v -0.914564 0.955791 1.998062
v -0.884280 1.031124 1.998062
v -0.895720 1.111505 1.998062
v -0.945818 1.175398 1.998062
v -1.021150 1.205681 1.998062
v -1.101531 1.194241 1.998062
v -1.165424 1.144143 1.998062
v -1.063224 1.040059 2.616915
v -1.065066 1.053002 2.616915
v -1.055158 1.029771 2.616915
v -1.043028 1.024895 2.616915
v -1.030085 1.026737 2.616915
v -1.019797 1.034803 2.616915
v -1.014921 1.046933 2.616915
v -1.016763 1.059876 2.616915
v -1.024830 1.070164 2.616915
v -1.036960 1.075040 2.616915
v -1.049902 1.073198 2.616915
v -1.060190 1.065131 2.616915
v -1.155874 1.063991 -0.043671
v -1.147361 1.004172 -0.043671
v -1.110078 0.956624 -0.043671
v -1.054017 0.934087 -0.043671
v -0.994198 0.942600 -0.043671
v -0.946650 0.979883 -0.043671
v -0.924113 1.035944 -0.043671
v -0.932627 1.095763 -0.043671
v -0.969909 1.143311 -0.043671
v -1.025970 1.165848 -0.043671
v -1.085789 1.157334 -0.043671
v -1.133337 1.120052 -0.043671
v -1.147697 1.063001 -0.110471
v -1.139785 1.007403 -0.110471
v -1.105133 0.963210 -0.110471
v -1.053028 0.942264 -0.110471
v -0.997429 0.950176 -0.110471
v -0.953237 0.984828 -0.110471
v -0.932290 1.036934 -0.110471
v -0.940203 1.092532 -0.110471
v -0.974854 1.136725 -0.110471
v -1.026960 1.157671 -0.110471
v -1.082558 1.149758 -0.110471
v -1.126751 1.115107 -0.110471
v -1.153422 1.063694 -0.092448
v -1.145088 1.005141 -0.092448
v -1.108595 0.958599 -0.092448
v -1.053720 0.936540 -0.092448
v -0.995167 0.944873 -0.092448
v -0.948626 0.981366 -0.092448
v -0.926566 1.036241 -0.092448
v -0.934899 1.094794 -0.092448
v -0.971392 1.141336 -0.092448
v -1.026267 1.163395 -0.092448
v -1.084820 1.155062 -0.092448
v -1.131362 1.118569 -0.092448
v -1.129099 1.060750 -0.124968
v -1.122553 1.014753 -0.124968
v -1.093885 0.978192 -0.124968
v -1.050777 0.960862 -0.124968
v -1.004779 0.967408 -0.124968
v -0.968218 0.996076 -0.124968
v -0.950888 1.039184 -0.124968
v -0.957435 1.085182 -0.124968
v -0.986103 1.121743 -0.124968
v -1.029211 1.139073 -0.124968
v -1.075208 1.132527 -0.124968
v -1.111770 1.103859 -0.124968
v -1.100129 1.057245 -0.143019
v -1.095711 1.026202 -0.143019
v -1.076364 1.001527 -0.143019
v -1.047271 0.989832 -0.143019
v -1.016228 0.994250 -0.143019
v -0.991553 1.013597 -0.143019
v -0.979858 1.042690 -0.143019
v -0.984276 1.073733 -0.143019
v -1.003624 1.098408 -0.143019
v -1.032716 1.110103 -0.143019
v -1.063759 1.105685 -0.143019
v -1.088434 1.086338 -0.143019
v -1.086230 1.055563 -0.232146
v -1.082834 1.031695 -0.232146
v -1.067958 1.012723 -0.232146
v -1.045589 1.003731 -0.232146
v -1.021721 1.007128 -0.232146
v -1.002749 1.022003 -0.232146
v -0.993757 1.044372 -0.232146
v -0.997154 1.068240 -0.232146
v -1.012030 1.087212 -0.232146
v -1.034398 1.096204 -0.232146
v -1.058266 1.092807 -0.232146
v -1.077238 1.077932 -0.232146
v -1.113849 0.951601 2.001315
v -1.054772 0.927852 2.001315
v -1.025216 1.172083 2.001315
v -1.088253 1.163111 2.001315
v -0.917879 1.035190 2.001315
v -0.926850 1.098227 2.001315
v -0.991734 0.936824 2.001315
v -1.138360 1.123823 2.001315
v -1.162109 1.064745 2.001315
v -1.153137 1.001708 2.001315
v -0.966138 1.148333 2.001315
v -0.941628 0.976112 2.001315
v -1.195707 1.068811 1.986997
v -1.184268 0.988430 1.986997
v -1.134170 0.924537 1.986997
v -1.058837 0.894254 1.986997
v -0.978456 0.905694 1.986997
v -0.914564 0.955791 1.986997
v -0.884280 1.031124 1.986997
v -0.895720 1.111505 1.986997
v -0.945818 1.175398 1.986997
v -1.021150 1.205681 1.986997
v -1.101531 1.194241 1.986997
v -1.165424 1.144143 1.986997
v -1.187562 1.067825 1.998062
v -1.176720 0.991649 1.998062
v -1.129243 0.931099 1.998062
v -1.057852 0.902399 1.998062
v -0.981675 0.913241 1.998062
v -0.921125 0.960718 1.998062
v -0.892426 1.032109 1.998062
v -0.903267 1.108286 1.998062
v -0.950744 1.168836 1.998062
v -1.022136 1.197536 1.998062
v -1.098312 1.186694 1.998062
v -1.158862 1.139217 1.998062
v -1.166504 1.065277 1.998062
v -1.157210 0.999971 1.998062
v -1.116507 0.948061 1.998062
v -1.055303 0.923457 1.998062
v -0.989997 0.932751 1.998062
v -0.938087 0.973454 1.998062
v -0.913483 1.034658 1.998062
v -0.922778 1.099964 1.998062
v -0.963480 1.151874 1.998062
v -1.024684 1.176478 1.998062
v -1.089990 1.167183 1.998062
v -1.141900 1.126481 1.998062
v -1.055762 1.028966 2.610579
v -1.036839 1.076039 2.610579
v -1.013922 1.046812 2.610579
v -1.066065 1.053122 2.610579
v -1.043149 1.023896 2.610579
v -1.050297 1.074124 2.610579
v -1.015838 1.060271 2.610579
v -1.029690 1.025811 2.610579
v -1.060995 1.065735 2.610579
v -1.064150 1.039664 2.610579
v -1.024226 1.070968 2.610579
v -1.018993 1.034199 2.610579
v -1.064736 1.107976 -0.141478
v -1.032417 1.112576 -0.141478
v -0.981985 1.074710 -0.141478
v -0.977385 1.042391 -0.141478
v -1.015251 0.991958 -0.141478
v -1.047570 0.987359 -0.141478
v -1.090426 1.087833 -0.141478
v -1.098003 1.025225 -0.141478
v -1.102602 1.057544 -0.141478
v -1.002128 1.100400 -0.141478
v -0.989561 1.012102 -0.141478
v -1.077860 0.999535 -0.141478
v -1.180164 0.990180 -0.043671
v -1.191278 1.068275 -0.043671
v -1.131491 0.928105 -0.043671
v -1.058301 0.898683 -0.043671
v -0.980206 0.909797 -0.043671
v -0.918131 0.958470 -0.043671
v -0.888709 1.031660 -0.043671
v -0.899824 1.109755 -0.043671
v -0.948496 1.171830 -0.043671
v -1.021686 1.201252 -0.043671
v -1.099781 1.190138 -0.043671
v -1.161856 1.141465 -0.043671
v -1.046010 1.000257 -0.229345
v -1.070059 1.009925 -0.229345
v -1.059639 1.096026 -0.229345
v -1.033978 1.099678 -0.229345
v -0.993935 1.069613 -0.229345
v -0.990283 1.043952 -0.229345
v -1.020348 1.003909 -0.229345
v -1.080037 1.080033 -0.229345
v -1.086052 1.030322 -0.229345
v -1.089705 1.055983 -0.229345
v -1.009928 1.090010 -0.229345
v -0.999951 1.019902 -0.229345
v -1.089366 1.055942 -0.232146
v -1.085739 1.030455 -0.232146
v -1.069854 1.010197 -0.232146
v -1.045969 1.000595 -0.232146
v -1.020482 1.004222 -0.232146
v -1.000223 1.020107 -0.232146
v -0.990621 1.043993 -0.232146
v -0.994248 1.069479 -0.232146
v -1.010133 1.089738 -0.232146
v -1.034019 1.099340 -0.232146
v -1.059506 1.095713 -0.232146
v -1.079764 1.079828 -0.232146
v 1.153422 1.063694 -0.043671
v 1.162621 1.064807 1.998062
v 1.145088 1.005141 -0.043671
v 1.153612 1.001505 1.998062
v 1.108595 0.958599 -0.043671
v 1.114159 0.951188 1.998062
v 1.053720 0.936540 -0.043671
v 1.054833 0.927339 1.998062
v 0.995167 0.944873 -0.043671
v 0.991531 0.936349 1.998062
v 0.948625 0.981366 -0.043671
v 0.941214 0.975802 1.998062
v 0.926566 1.036241 -0.043671
v 0.917366 1.035128 1.998062
v 0.934899 1.094794 -0.043671
v 0.926375 1.098430 1.998062
v 0.971392 1.141336 -0.043671
v 0.965828 1.148746 1.998062
v 1.026267 1.163395 -0.043671
v 1.025154 1.172595 1.998062
v 1.084820 1.155062 -0.043671
v 1.088456 1.163586 1.998062
v 1.131362 1.118569 -0.043671
v 1.138772 1.124133 1.998062
v 1.195707 1.068811 0.040525
v 1.184267 0.988430 0.040525
v 1.134169 0.924537 0.040525
v 1.058838 0.894254 0.040525
v 0.978456 0.905694 0.040525
v 0.914563 0.955791 0.040525
v 0.884280 1.031124 0.040525
v 0.895720 1.111505 0.040525
v 0.945817 1.175398 0.040525
v 1.021150 1.205681 0.040525
v 1.101531 1.194241 0.040525
v 1.165424 1.144143 0.040525
v 1.195707 1.068811 1.926759
v 1.184267 0.988430 1.926759
v 1.134169 0.924537 1.926759
v 1.058837 0.894254 1.926759
v 0.978456 0.905694 1.926759
v 0.914563 0.955791 1.926759
v 0.884280 1.031124 1.926759
v 0.895720 1.111505 1.926759
v 0.945818 1.175398 1.926759
v 1.021150 1.205681 1.926759
v 1.101531 1.194241 1.926759
v 1.165424 1.144143 1.926759
v 1.195707 1.068811 -0.043671
v 1.184267 0.988430 -0.043671
v 1.134169 0.924537 -0.043671
v 1.058838 0.894254 -0.043671
v 0.978456 0.905694 -0.043671
v 0.914563 0.955791 -0.043671
v 0.884280 1.031124 -0.043671
v 0.895720 1.111505 -0.043671
v 0.945818 1.175398 -0.043671
v 1.021150 1.205681 -0.043671
v 1.101531 1.194241 -0.043671
v 1.165424 1.144143 -0.043671
v 1.184267 0.988430 1.998062
v 1.195707 1.068811 1.998062
v 1.134169 0.924537 1.998062
v 1.058837 0.894254 1.998062
v 0.978456 0.905694 1.998062
v 0.914563 0.955791 1.998062
v 0.884280 1.031124 1.998062
v 0.895720 1.111505 1.998062
v 0.945818 1.175398 1.998062
v 1.021150 1.205681 1.998062
v 1.101531 1.194241 1.998062
v 1.165424 1.144143 1.998062
v 1.063224 1.040059 2.616915
v 1.065066 1.053002 2.616915
v 1.055158 1.029771 2.616915
v 1.043028 1.024895 2.616915
v 1.030085 1.026737 2.616915
v 1.019797 1.034803 2.616915
v 1.014921 1.046933 2.616915
v 1.016763 1.059876 2.616915
v 1.024830 1.070164 2.616915
v 1.036959 1.075040 2.616915
v 1.049902 1.073198 2.616915
v 1.060190 1.065131 2.616915
v 1.155874 1.063991 -0.043671
v 1.147361 1.004172 -0.043671
v 1.110078 0.956624 -0.043671
v 1.054017 0.934087 -0.043671
v 0.994198 0.942600 -0.043671
v 0.946650 0.979883 -0.043671
v 0.924113 1.035944 -0.043671
v 0.932626 1.095763 -0.043671
v 0.969909 1.143311 -0.043671
v 1.025970 1.165848 -0.043671
v 1.085789 1.157334 -0.043671
v 1.133337 1.120052 -0.043671
v 1.147697 1.063001 -0.110471
v 1.139785 1.007403 -0.110471
v 1.105133 0.963210 -0.110471
v 1.053028 0.942264 -0.110471
v 0.997429 0.950176 -0.110471
v 0.953236 0.984828 -0.110471
v 0.932290 1.036934 -0.110471
v 0.940203 1.092532 -0.110471
v 0.974854 1.136725 -0.110471
v 1.026960 1.157671 -0.110471
v 1.082558 1.149758 -0.110471
v 1.126751 1.115107 -0.110471
v 1.153422 1.063694 -0.092448
v 1.145088 1.005141 -0.092448
v 1.108595 0.958599 -0.092448
v 1.053720 0.936540 -0.092448
v 0.995167 0.944873 -0.092448
v 0.948625 0.981366 -0.092448
v 0.926566 1.036241 -0.092448
v 0.934899 1.094794 -0.092448
v 0.971392 1.141336 -0.092448
v 1.026267 1.163395 -0.092448
v 1.084820 1.155062 -0.092448
v 1.131362 1.118569 -0.092448
v 1.129099 1.060751 -0.124968
v 1.122553 1.014753 -0.124968
v 1.093885 0.978192 -0.124968
v 1.050777 0.960862 -0.124968
v 1.004780 0.967408 -0.124968
v 0.968218 0.996076 -0.124968
v 0.950888 1.039184 -0.124968
v 0.957435 1.085182 -0.124968
v 0.986102 1.121743 -0.124968
v 1.029210 1.139073 -0.124968
v 1.075208 1.132527 -0.124968
v 1.111770 1.103859 -0.124968
v 1.100129 1.057245 -0.143019
v 1.095711 1.026202 -0.143019
v 1.076364 1.001527 -0.143019
v 1.047271 0.989832 -0.143019
v 1.016228 0.994250 -0.143019
v 0.991553 1.013597 -0.143019
v 0.979858 1.042690 -0.143019
v 0.984276 1.073733 -0.143019
v 1.003624 1.098408 -0.143019
v 1.032716 1.110103 -0.143019
v 1.063759 1.105685 -0.143019
v 1.088434 1.086338 -0.143019
v 1.086230 1.055563 -0.232146
v 1.082833 1.031695 -0.232146
v 1.067958 1.012723 -0.232146
v 1.045589 1.003731 -0.232146
v 1.021721 1.007128 -0.232146
v 1.002749 1.022003 -0.232146
v 0.993757 1.044372 -0.232146
v 0.997154 1.068240 -0.232146
v 1.012030 1.087212 -0.232146
v 1.034398 1.096204 -0.232146
v 1.058266 1.092807 -0.232146
v 1.077238 1.077932 -0.232146
v 1.113849 0.951601 2.001315
v 1.054771 0.927852 2.001315
v 1.025216 1.172083 2.001315
v 1.088253 1.163111 2.001315
v 0.917878 1.035190 2.001315
v 0.926850 1.098227 2.001315
v 0.991734 0.936824 2.001315
v 1.138359 1.123823 2.001315
v 1.162109 1.064745 2.001315
v 1.153137 1.001708 2.001315
v 0.966138 1.148333 2.001315
v 0.941628 0.976112 2.001315
v 1.195707 1.068811 1.986997
v 1.184267 0.988430 1.986997
v 1.134169 0.924537 1.986997
v 1.058837 0.894254 1.986997
v 0.978456 0.905694 1.986997
v 0.914563 0.955791 1.986997
v 0.884280 1.031124 1.986997
v 0.895720 1.111505 1.986997
v 0.945818 1.175398 1.986997
v 1.021150 1.205681 1.986997
v 1.101531 1.194241 1.986997
v 1.165424 1.144143 1.986997
v 1.187562 1.067825 1.998062
v 1.176720 0.991649 1.998062
v 1.129243 0.931099 1.998062
v 1.057852 0.902399 1.998062
v 0.981675 0.913241 1.998062
v 0.921125 0.960718 1.998062
v 0.892425 1.032109 1.998062
v 0.903267 1.108286 1.998062
v 0.950744 1.168836 1.998062
v 1.022136 1.197536 1.998062
v 1.098312 1.186694 1.998062
v 1.158862 1.139217 1.998062
v 1.166504 1.065277 1.998062
v 1.157210 0.999971 1.998062
v 1.116507 0.948061 1.998062
v 1.055303 0.923457 1.998062
v 0.989997 0.932751 1.998062
v 0.938087 0.973454 1.998062
v 0.913483 1.034658 1.998062
v 0.922777 1.099964 1.998062
v 0.963480 1.151874 1.998062
v 1.024684 1.176478 1.998062
v 1.089990 1.167183 1.998062
v 1.141900 1.126481 1.998062
v 1.055761 1.028966 2.610579
v 1.036838 1.076039 2.610579
v 1.013922 1.046812 2.610579
v 1.066065 1.053122 2.610579
v 1.043149 1.023896 2.610579
v 1.050297 1.074124 2.610579
v 1.015838 1.060271 2.610579
v 1.029690 1.025811 2.610579
v 1.060995 1.065735 2.610579
v 1.064149 1.039664 2.610579
v 1.024225 1.070968 2.610579
v 1.018993 1.034199 2.610579
v 1.064736 1.107976 -0.141478
v 1.032417 1.112576 -0.141478
v 0.981985 1.074710 -0.141478
v 0.977385 1.042391 -0.141478
v 1.015251 0.991958 -0.141478
v 1.047570 0.987359 -0.141478
v 1.090426 1.087833 -0.141478
v 1.098003 1.025225 -0.141478
v 1.102602 1.057544 -0.141478
v 1.002128 1.100400 -0.141478
v 0.989561 1.012102 -0.141478
v 1.077860 0.999535 -0.141478
v 1.180164 0.990180 -0.043671
v 1.191278 1.068275 -0.043671
v 1.131491 0.928105 -0.043671
v 1.058301 0.898683 -0.043671
v 0.980206 0.909797 -0.043671
v 0.918131 0.958470 -0.043671
v 0.888709 1.031660 -0.043671
v 0.899823 1.109755 -0.043671
v 0.948496 1.171830 -0.043671
v 1.021686 1.201252 -0.043671
v 1.099781 1.190138 -0.043671
v 1.161856 1.141465 -0.043671
v 1.046009 1.000257 -0.229345
v 1.070059 1.009925 -0.229345
v 1.059639 1.096026 -0.229345
v 1.033978 1.099678 -0.229345
v 0.993935 1.069613 -0.229345
v 0.990283 1.043952 -0.229345
v 1.020348 1.003909 -0.229345
v 1.080037 1.080033 -0.229345
v 1.086052 1.030322 -0.229345
v 1.089704 1.055983 -0.229345
v 1.009928 1.090010 -0.229345
v 0.999951 1.019902 -0.229345
v 1.089366 1.055942 -0.232146
v 1.085739 1.030455 -0.232146
v 1.069854 1.010197 -0.232146
v 1.045968 1.000595 -0.232146
v 1.020482 1.004222 -0.232146
v 1.000223 1.020107 -0.232146
v 0.990621 1.043993 -0.232146
v 0.994248 1.069479 -0.232146
v 1.010133 1.089738 -0.232146
v 1.034019 1.099340 -0.232146
v 1.059506 1.095713 -0.232146
v 1.079764 1.079828 -0.232146
vt 1.000000 0.998544
vt 0.916667 0.998544
vt 0.916667 1.000000
vt 1.000000 1.000000
vt 0.833333 0.998544
vt 0.833333 1.000000
vt 0.750000 0.998544
vt 0.750000 1.000000
vt 0.666667 0.998544
vt 0.666667 1.000000
vt 0.583333 0.998544
vt 0.583333 1.000000
vt 0.500000 0.998544
vt 0.500000 1.000000
vt 0.416667 0.998544
vt 0.416667 1.000000
vt 0.333333 0.998544
vt 0.333333 1.000000
vt 0.250000 0.998544
vt 0.250000 1.000000
vt 0.166667 0.998544
vt 0.166667 1.000000
vt 0.439005 0.250000
vt 0.439005 0.250000
vt 0.413683 0.344503
vt 0.413683 0.344503
vt 0.083333 0.998544
vt 0.083333 1.000000
vt 0.000000 0.998544
vt 0.000000 1.000000
vt 0.924825 0.250000
vt 0.924825 0.250000
vt 0.901403 0.162587
vt 0.901403 0.162587
vt 0.083333 0.500000
vt 0.000000 0.500000
vt 0.000000 0.511081
vt 0.083333 0.511081
vt 0.166667 0.500000
vt 0.166667 0.511081
vt 0.250000 0.500000
vt 0.250000 0.511081
vt 0.333333 0.500000
vt 0.333333 0.511081
vt 0.416667 0.500000
vt 0.416667 0.511081
vt 0.500000 0.500000
vt 0.500000 0.511081
vt 0.583333 0.500000
vt 0.583333 0.511081
vt 0.666667 0.500000
vt 0.666667 0.511081
vt 0.750000 0.500000
vt 0.750000 0.511081
vt 0.833333 0.500000
vt 0.833333 0.511081
vt 0.916667 0.500000
vt 0.916667 0.511081
vt 1.000000 0.500000
vt 1.000000 0.511081
vt 0.000000 0.990616
vt 0.083333 0.990616
vt 0.166667 0.990616
vt 0.250000 0.990616
vt 0.333333 0.990616
vt 0.416667 0.990616
vt 0.500000 0.990616
vt 0.583333 0.990616
vt 0.666667 0.990616
vt 0.750000 0.990616
vt 0.833333 0.990616
vt 0.916667 0.990616
vt 1.000000 0.990616
vt 0.866587 0.451934
vt 0.870000 0.457846
vt 0.750000 0.490000
vt 0.750000 0.483173
vt 0.951934 0.366587
vt 0.957846 0.370000
vt 0.983173 0.250000
vt 0.990000 0.250000
vt 0.951934 0.133413
vt 0.957846 0.130000
vt 0.866587 0.048066
vt 0.870000 0.042154
vt 0.750000 0.016827
vt 0.750000 0.010000
vt 0.633413 0.048066
vt 0.630000 0.042154
vt 0.548066 0.133413
vt 0.542154 0.130000
vt 0.516827 0.250000
vt 0.510000 0.250000
vt 0.548066 0.366587
vt 0.542154 0.370000
vt 0.633413 0.451934
vt 0.630000 0.457846
vt 0.250000 0.477445
vt 0.250000 0.490000
vt 0.370000 0.457846
vt 0.363723 0.446973
vt 0.457846 0.370000
vt 0.446973 0.363723
vt 0.490000 0.250000
vt 0.477445 0.250000
vt 0.457846 0.130000
vt 0.446973 0.136277
vt 0.370000 0.042154
vt 0.363723 0.053027
vt 0.250000 0.010000
vt 0.250000 0.022555
vt 0.130000 0.042154
vt 0.136277 0.053027
vt 0.042154 0.130000
vt 0.053027 0.136277
vt 0.010000 0.250000
vt 0.022555 0.250000
vt 0.042154 0.370000
vt 0.053027 0.363723
vt 0.130000 0.457846
vt 0.136277 0.446973
vt 0.344503 0.413683
vt 0.413683 0.155497
vt 0.344503 0.086317
vt 0.250000 0.060995
vt 0.155497 0.086317
vt 0.086317 0.155497
vt 0.060995 0.250000
vt 0.086316 0.344503
vt 0.155497 0.413683
vt 0.250000 0.439005
vt 0.086316 0.344503
vt 0.060995 0.250000
vt 0.155497 0.086317
vt 0.250000 0.060995
vt 0.413683 0.155497
vt 0.155497 0.413683
vt 0.344503 0.413683
vt 0.250000 0.439005
vt 0.086317 0.155497
vt 0.344503 0.086317
vt 0.837413 0.401403
vt 0.839303 0.404677
vt 0.750000 0.428605
vt 0.750000 0.424825
vt 0.901403 0.337413
vt 0.904677 0.339303
vt 0.928605 0.250000
vt 0.904677 0.160697
vt 0.837413 0.098597
vt 0.839303 0.095323
vt 0.750000 0.075175
vt 0.750000 0.071395
vt 0.662587 0.098597
vt 0.660697 0.095323
vt 0.598597 0.162587
vt 0.595323 0.160697
vt 0.575175 0.250000
vt 0.571395 0.250000
vt 0.598597 0.337413
vt 0.595323 0.339303
vt 0.662587 0.401403
vt 0.660697 0.404677
vt 0.750000 0.083997
vt 0.750000 0.083997
vt 0.666999 0.106238
vt 0.666999 0.106238
vt 0.598597 0.337413
vt 0.662587 0.401403
vt 0.750000 0.424825
vt 0.837413 0.401403
vt 0.662587 0.098597
vt 0.598597 0.162587
vt 0.837413 0.098597
vt 0.901403 0.337413
vt 0.575175 0.250000
vt 0.750000 0.075175
vt 0.833001 0.393762
vt 0.750000 0.416002
vt 0.893763 0.333001
vt 0.916003 0.250000
vt 0.893762 0.166999
vt 0.833001 0.106238
vt 0.606238 0.166999
vt 0.583997 0.250000
vt 0.606237 0.333001
vt 0.666998 0.393762
vt 0.583997 0.250000
vt 0.583997 0.250000
vt 0.606237 0.333001
vt 0.606237 0.333001
vt 0.916003 0.250000
vt 0.893762 0.166999
vt 0.606237 0.333001
vt 0.666998 0.393762
vt 0.750000 0.416002
vt 0.833001 0.393762
vt 0.606238 0.166999
vt 0.833001 0.106238
vt 0.893763 0.333001
vt 0.583997 0.250000
vt 0.893762 0.333001
vt 0.893763 0.333001
vt 0.916003 0.250000
vt 0.916003 0.250000
vt 0.750000 0.083997
vt 0.750000 0.083997
vt 0.666999 0.106238
vt 0.666999 0.106238
vt 0.916002 0.250000
vt 0.916003 0.250000
vt 0.893762 0.166999
vt 0.893762 0.166999
vt 0.666998 0.393762
vt 0.666998 0.393762
vt 0.750000 0.416002
vt 0.750000 0.416002
vt 0.833001 0.393762
vt 0.833001 0.393762
vt 0.606238 0.166999
vt 0.606238 0.166999
vt 0.833001 0.106238
vt 0.833001 0.106238
vt 0.893763 0.333001
vt 0.893762 0.333001
vt 0.750000 0.405458
vt 0.672271 0.384631
vt 0.615369 0.327729
vt 0.594541 0.250000
vt 0.615369 0.172271
vt 0.672271 0.115369
vt 0.750000 0.094541
vt 0.827729 0.115369
vt 0.884631 0.172271
vt 0.905458 0.250000
vt 0.884631 0.327729
vt 0.827729 0.384631
vt 0.583997 0.250000
vt 0.583997 0.250000
vt 0.606237 0.333001
vt 0.606237 0.333001
vt 0.750000 0.083997
vt 0.750000 0.083997
vt 0.666999 0.106238
vt 0.666999 0.106238
vt 0.893762 0.166999
vt 0.893762 0.166999
vt 0.666998 0.393762
vt 0.666998 0.393762
vt 0.750000 0.416002
vt 0.750000 0.416002
vt 0.833001 0.393762
vt 0.833001 0.393762
vt 0.606238 0.166999
vt 0.606238 0.166999
vt 0.833001 0.106238
vt 0.833001 0.106238
vt 0.250000 0.060995
vt 0.250000 0.060995
vt 0.344503 0.086317
vt 0.344503 0.086317
vt 0.060995 0.250000
vt 0.060995 0.250000
vt 0.086317 0.155497
vt 0.086317 0.155497
vt 0.413683 0.344503
vt 0.413683 0.344503
vt 0.344503 0.413683
vt 0.344503 0.413683
vt 0.250000 0.439005
vt 0.250000 0.439005
vt 0.155497 0.413683
vt 0.155497 0.413683
vt 0.413683 0.155497
vt 0.413683 0.155497
vt 0.155497 0.086317
vt 0.155497 0.086317
vt 0.086316 0.344503
vt 0.086316 0.344503
vt 0.439005 0.250000
vt 0.439005 0.250000
vt 0.152505 0.418866
vt 0.250000 0.444989
vt 0.081134 0.347494
vt 0.055011 0.250000
vt 0.081134 0.152505
vt 0.152505 0.081134
vt 0.250000 0.055011
vt 0.347495 0.081134
vt 0.418866 0.152505
vt 0.444989 0.250000
vt 0.418866 0.347495
vt 0.347495 0.418866
vt 1.000000 0.998544
vt 1.000000 1.000000
vt 0.916667 1.000000
vt 0.916667 0.998544
vt 0.833333 1.000000
vt 0.833333 0.998544
vt 0.750000 1.000000
vt 0.750000 0.998544
vt 0.666667 1.000000
vt 0.666667 0.998544
vt 0.583333 1.000000
vt 0.583333 0.998544
vt 0.500000 1.000000
vt 0.500000 0.998544
vt 0.416667 1.000000
vt 0.416667 0.998544
vt 0.333333 1.000000
vt 0.333333 0.998544
vt 0.250000 1.000000
vt 0.250000 0.998544
vt 0.166667 1.000000
vt 0.166667 0.998544
vt 0.439005 0.250000
vt 0.413683 0.344503
vt 0.413683 0.344503
vt 0.439005 0.250000
vt 0.083333 1.000000
vt 0.083333 0.998544
vt 0.000000 1.000000
vt 0.000000 0.998544
vt 0.924825 0.250000
vt 0.901403 0.162587
vt 0.901403 0.162587
vt 0.924825 0.250000
vt 0.083333 0.500000
vt 0.083333 0.511081
vt 0.000000 0.511081
vt 0.000000 0.500000
vt 0.166667 0.500000
vt 0.166667 0.511081
vt 0.250000 0.500000
vt 0.250000 0.511081
vt 0.333333 0.500000
vt 0.333333 0.511081
vt 0.416667 0.500000
vt 0.416667 0.511081
vt 0.500000 0.500000
vt 0.500000 0.511081
vt 0.583333 0.500000
vt 0.583333 0.511081
vt 0.666667 0.500000
vt 0.666667 0.511081
vt 0.750000 0.500000
vt 0.750000 0.511081
vt 0.833333 0.500000
vt 0.833333 0.511081
vt 0.916667 0.500000
vt 0.916667 0.511081
vt 1.000000 0.500000
vt 1.000000 0.511081
vt 0.083333 0.990616
vt 0.000000 0.990616
vt 0.166667 0.990616
vt 0.250000 0.990616
vt 0.333333 0.990616
vt 0.416667 0.990616
vt 0.500000 0.990616
vt 0.583333 0.990616
vt 0.666667 0.990616
vt 0.750000 0.990616
vt 0.833333 0.990616
vt 0.916667 0.990616
vt 1.000000 0.990616
vt 0.866587 0.451934
vt 0.750000 0.483173
vt 0.750000 0.490000
vt 0.870000 0.457846
vt 0.951934 0.366587
vt 0.957846 0.370000
vt 0.983173 0.250000
vt 0.990000 0.250000
vt 0.951934 0.133413
vt 0.957846 0.130000
vt 0.866587 0.048066
vt 0.870000 0.042154
vt 0.750000 0.016827
vt 0.750000 0.010000
vt 0.633413 0.048066
vt 0.630000 0.042154
vt 0.548066 0.133413
vt 0.542154 0.130000
vt 0.516827 0.250000
vt 0.510000 0.250000
vt 0.548066 0.366587
vt 0.542154 0.370000
vt 0.633413 0.451934
vt 0.630000 0.457846
vt 0.250000 0.477445
vt 0.363723 0.446973
vt 0.370000 0.457846
vt 0.250000 0.490000
vt 0.446973 0.363723
vt 0.457846 0.370000
vt 0.477445 0.250000
vt 0.490000 0.250000
vt 0.446973 0.136277
vt 0.457846 0.130000
vt 0.363723 0.053027
vt 0.370000 0.042154
vt 0.250000 0.022555
vt 0.250000 0.010000
vt 0.136277 0.053027
vt 0.130000 0.042154
vt 0.053027 0.136277
vt 0.042154 0.130000
vt 0.022555 0.250000
vt 0.010000 0.250000
vt 0.053027 0.363723
vt 0.042154 0.370000
vt 0.136277 0.446973
vt 0.130000 0.457846
vt 0.344503 0.413683
vt 0.250000 0.439005
vt 0.155497 0.413683
vt 0.086316 0.344503
vt 0.060995 0.250000
vt 0.086317 0.155497
vt 0.155497 0.086317
vt 0.250000 0.060995
vt 0.344503 0.086317
vt 0.413683 0.155497
vt 0.086316 0.344503
vt 0.060995 0.250000
vt 0.155497 0.086317
vt 0.250000 0.060995
vt 0.413683 0.155497
vt 0.155497 0.413683
vt 0.344503 0.413683
vt 0.250000 0.439005
vt 0.086317 0.155497
vt 0.344503 0.086317
vt 0.837413 0.401403
vt 0.750000 0.424825
vt 0.750000 0.428605
vt 0.839303 0.404677
vt 0.901403 0.337413
vt 0.904677 0.339303
vt 0.928605 0.250000
vt 0.904677 0.160697
vt 0.837413 0.098597
vt 0.839303 0.095323
vt 0.750000 0.075175
vt 0.750000 0.071395
vt 0.662587 0.098597
vt 0.660697 0.095323
vt 0.598597 0.162587
vt 0.595323 0.160697
vt 0.575175 0.250000
vt 0.571395 0.250000
vt 0.598597 0.337413
vt 0.595323 0.339303
vt 0.662587 0.401403
vt 0.660697 0.404677
vt 0.750000 0.083997
vt 0.666999 0.106238
vt 0.666999 0.106238
vt 0.750000 0.083997
vt 0.662587 0.401403
vt 0.598597 0.337413
vt 0.837413 0.401403
vt 0.750000 0.424825
vt 0.598597 0.162587
vt 0.662587 0.098597
vt 0.837413 0.098597
vt 0.901403 0.337413
vt 0.575175 0.250000
vt 0.750000 0.075175
vt 0.833001 0.393762
vt 0.750000 0.416002
vt 0.893763 0.333001
vt 0.916003 0.250000
vt 0.893762 0.166999
vt 0.833001 0.106238
vt 0.606238 0.166999
vt 0.583997 0.250000
vt 0.606237 0.333001
vt 0.666998 0.393762
vt 0.583997 0.250000
vt 0.606237 0.333001
vt 0.606237 0.333001
vt 0.583997 0.250000
vt 0.893762 0.166999
vt 0.916003 0.250000
vt 0.666998 0.393762
vt 0.606237 0.333001
vt 0.833001 0.393762
vt 0.750000 0.416002
vt 0.606238 0.166999
vt 0.833001 0.106238
vt 0.893763 0.333001
vt 0.583997 0.250000
vt 0.893762 0.333001
vt 0.916003 0.250000
vt 0.916003 0.250000
vt 0.893763 0.333001
vt 0.750000 0.083997
vt 0.666999 0.106238
vt 0.666999 0.106238
vt 0.750000 0.083997
vt 0.916002 0.250000
vt 0.893762 0.166999
vt 0.893762 0.166999
vt 0.916003 0.250000
vt 0.666998 0.393762
vt 0.666998 0.393762
vt 0.750000 0.416002
vt 0.833001 0.393762
vt 0.833001 0.393762
vt 0.750000 0.416002
vt 0.606238 0.166999
vt 0.606238 0.166999
vt 0.833001 0.106238
vt 0.833001 0.106238
vt 0.893762 0.333001
vt 0.893763 0.333001
vt 0.750000 0.405458
vt 0.827729 0.384631
vt 0.884631 0.327729
vt 0.905458 0.250000
vt 0.884631 0.172271
vt 0.827729 0.115369
vt 0.750000 0.094541
vt 0.672271 0.115369
vt 0.615369 0.172271
vt 0.594541 0.250000
vt 0.615369 0.327729
vt 0.672271 0.384631
vt 0.583997 0.250000
vt 0.606237 0.333001
vt 0.606237 0.333001
vt 0.583997 0.250000
vt 0.750000 0.083997
vt 0.666999 0.106238
vt 0.666999 0.106238
vt 0.750000 0.083997
vt 0.893762 0.166999
vt 0.893762 0.166999
vt 0.666998 0.393762
vt 0.666998 0.393762
vt 0.750000 0.416002
vt 0.833001 0.393762
vt 0.833001 0.393762
vt 0.750000 0.416002
vt 0.606238 0.166999
vt 0.606238 0.166999
vt 0.833001 0.106238
vt 0.833001 0.106238
vt 0.250000 0.060995
vt 0.344503 0.086317
vt 0.344503 0.086317
vt 0.250000 0.060995
vt 0.060995 0.250000
vt 0.086317 0.155497
vt 0.086317 0.155497
vt 0.060995 0.250000
vt 0.413683 0.344503
vt 0.344503 0.413683
vt 0.344503 0.413683
vt 0.413683 0.344503
vt 0.250000 0.439005
vt 0.155497 0.413683
vt 0.155497 0.413683
vt 0.250000 0.439005
vt 0.413683 0.155497
vt 0.413683 0.155497
vt 0.155497 0.086317
vt 0.155497 0.086317
vt 0.086316 0.344503
vt 0.086316 0.344503
vt 0.439005 0.250000
vt 0.439005 0.250000
vt 0.152505 0.418866
vt 0.250000 0.444989
vt 0.081134 0.347494
vt 0.055011 0.250000
vt 0.081134 0.152505
vt 0.152505 0.081134
vt 0.250000 0.055011
vt 0.347495 0.081134
vt 0.418866 0.152505
vt 0.444989 0.250000
vt 0.418866 0.347495
vt 0.347495 0.418866
vn -0.9927 0.1201 0.0000
vn -0.9198 -0.3923 0.0000
vn -0.6964 -0.2970 0.6532
vn -0.7517 0.0909 0.6532
vn -0.6004 -0.7997 0.0000
vn -0.4546 -0.6055 0.6532
vn -0.1201 -0.9927 0.0000
vn -0.0909 -0.7517 0.6532
vn 0.3923 -0.9198 0.0000
vn 0.2970 -0.6964 0.6532
vn 0.7997 -0.6004 0.0000
vn 0.6055 -0.4546 0.6532
vn 0.9927 -0.1201 0.0000
vn 0.7517 -0.0909 0.6532
vn 0.9198 0.3923 0.0000
vn 0.6964 0.2970 0.6532
vn 0.6004 0.7997 0.0000
vn 0.4546 0.6055 0.6532
vn 0.1201 0.9927 0.0000
vn 0.0909 0.7517 0.6532
vn -0.3923 0.9198 0.0000
vn -0.2970 0.6964 0.6532
vn -0.1186 -0.9805 0.1568
vn -0.0845 -0.6986 0.7105
vn -0.4225 -0.5627 0.7105
vn -0.5930 -0.7898 0.1568
vn -0.7997 0.6004 0.0000
vn -0.6055 0.4546 0.6532
vn -0.0766 -0.6331 -0.7703
vn -0.1187 -0.9814 -0.1505
vn 0.3879 -0.9093 -0.1505
vn 0.2502 -0.5866 -0.7703
vn -0.6055 0.4546 -0.6532
vn -0.7517 0.0909 -0.6532
vn -0.2970 0.6964 -0.6532
vn 0.0909 0.7517 -0.6532
vn 0.4546 0.6055 -0.6532
vn 0.6964 0.2970 -0.6532
vn 0.7517 -0.0909 -0.6532
vn 0.6055 -0.4546 -0.6532
vn 0.2970 -0.6964 -0.6532
vn -0.0909 -0.7517 -0.6532
vn -0.4546 -0.6055 -0.6532
vn -0.6964 -0.2970 -0.6532
vn 0.0000 0.0000 -1.0000
vn 0.0000 0.0000 1.0000
vn -0.6473 -0.2761 0.7105
vn 0.2761 -0.6473 0.7105
vn 0.5627 -0.4225 0.7105
vn 0.6986 -0.0845 0.7105
vn 0.6473 0.2761 0.7105
vn 0.4225 0.5627 0.7105
vn 0.0845 0.6986 0.7105
vn -0.2761 0.6473 0.7105
vn -0.5627 0.4225 0.7105
vn -0.6986 0.0845 0.7105
vn -0.3875 0.9084 0.1568
vn 0.1186 0.9805 0.1568
vn 0.9084 0.3875 0.1568
vn 0.9805 -0.1186 0.1568
vn 0.3875 -0.9084 0.1568
vn -0.7898 0.5930 0.1568
vn -0.9084 -0.3875 0.1568
vn -0.9805 0.1186 0.1568
vn 0.5930 0.7898 0.1568
vn 0.7898 -0.5930 0.1568
vn -0.5866 -0.2502 -0.7703
vn -0.6331 0.0766 -0.7703
vn -0.3829 -0.5100 -0.7703
vn 0.5100 -0.3829 -0.7703
vn 0.6331 -0.0766 -0.7703
vn 0.5866 0.2502 -0.7703
vn 0.3829 0.5100 -0.7703
vn 0.0766 0.6331 -0.7703
vn -0.2502 0.5866 -0.7703
vn -0.5100 0.3829 -0.7703
vn 0.8280 -0.1002 -0.5517
vn 0.5714 -0.0691 -0.8177
vn 0.5295 0.2258 -0.8177
vn 0.7672 0.3272 -0.5517
vn -0.3879 0.9093 -0.1505
vn -0.7906 0.5936 -0.1505
vn -0.9814 0.1187 -0.1505
vn -0.9093 -0.3879 -0.1505
vn 0.9093 0.3879 -0.1505
vn 0.5936 0.7906 -0.1505
vn 0.7906 -0.5936 -0.1505
vn -0.5936 -0.7906 -0.1505
vn 0.1187 0.9814 -0.1505
vn 0.9814 -0.1187 -0.1505
vn -0.7672 -0.3272 -0.5517
vn -0.8280 0.1002 -0.5517
vn -0.5008 -0.6670 -0.5517
vn -0.1002 -0.8280 -0.5517
vn 0.3272 -0.7672 -0.5517
vn 0.6670 -0.5008 -0.5517
vn 0.5008 0.6670 -0.5517
vn 0.1002 0.8280 -0.5517
vn -0.3272 0.7672 -0.5517
vn -0.6670 0.5008 -0.5517
vn 0.0632 0.5223 -0.8504
vn 0.0984 0.8130 -0.5738
vn -0.3213 0.7533 -0.5738
vn -0.2064 0.4839 -0.8504
vn -0.0691 -0.5714 -0.8177
vn 0.2258 -0.5295 -0.8177
vn -0.2258 0.5295 -0.8177
vn -0.4603 0.3456 -0.8177
vn -0.5714 0.0691 -0.8177
vn -0.5295 -0.2258 -0.8177
vn 0.3456 0.4603 -0.8177
vn 0.4603 -0.3456 -0.8177
vn -0.3456 -0.4603 -0.8177
vn 0.0692 0.5714 -0.8177
vn -0.5960 -0.7938 -0.1207
vn -0.4302 -0.5730 -0.6975
vn -0.0861 -0.7114 -0.6975
vn -0.1192 -0.9855 -0.1207
vn 0.5222 -0.0632 -0.8504
vn 0.8130 -0.0984 -0.5738
vn 0.7533 0.3213 -0.5738
vn 0.4839 0.2064 -0.8504
vn -0.0632 -0.5222 -0.8504
vn -0.0984 -0.8130 -0.5738
vn 0.3213 -0.7533 -0.5738
vn 0.2064 -0.4839 -0.8504
vn -0.6549 0.4917 -0.5738
vn -0.4207 0.3158 -0.8504
vn -0.5223 0.0632 -0.8504
vn -0.8130 0.0984 -0.5738
vn -0.7533 -0.3213 -0.5738
vn -0.4839 -0.2064 -0.8504
vn 0.4917 0.6549 -0.5738
vn 0.3158 0.4207 -0.8504
vn 0.6549 -0.4917 -0.5738
vn 0.4207 -0.3159 -0.8504
vn -0.4917 -0.6549 -0.5738
vn -0.3159 -0.4207 -0.8504
vn 0.1192 0.9855 -0.1207
vn 0.0861 0.7114 -0.6975
vn -0.2811 0.6591 -0.6975
vn -0.3894 0.9131 -0.1207
vn 0.9855 -0.1192 -0.1207
vn 0.7114 -0.0861 -0.6975
vn 0.6591 0.2811 -0.6975
vn 0.9131 0.3894 -0.1208
vn 0.2811 -0.6591 -0.6975
vn 0.3894 -0.9131 -0.1207
vn -0.5730 0.4302 -0.6975
vn -0.7938 0.5960 -0.1207
vn -0.9855 0.1192 -0.1207
vn -0.7114 0.0861 -0.6975
vn -0.6591 -0.2811 -0.6975
vn -0.9131 -0.3894 -0.1207
vn 0.4302 0.5730 -0.6975
vn 0.5960 0.7938 -0.1208
vn 0.5730 -0.4302 -0.6975
vn 0.7938 -0.5960 -0.1207
vn 0.5734 -0.0694 0.8163
vn 0.4619 -0.3468 0.8163
vn 0.0694 0.5734 0.8163
vn 0.3468 0.4619 0.8163
vn -0.3468 -0.4619 0.8163
vn -0.5313 -0.2266 0.8163
vn -0.5734 0.0694 0.8163
vn -0.4619 0.3468 0.8163
vn 0.2266 -0.5313 0.8163
vn 0.5313 0.2266 0.8163
vn -0.2266 0.5313 0.8163
vn -0.0694 -0.5734 0.8163
vn 0.9927 0.1201 0.0000
vn 0.7517 0.0909 0.6532
vn 0.6964 -0.2970 0.6532
vn 0.9198 -0.3923 0.0000
vn 0.4546 -0.6055 0.6532
vn 0.6004 -0.7997 0.0000
vn 0.0909 -0.7517 0.6532
vn 0.1201 -0.9927 0.0000
vn -0.2970 -0.6964 0.6532
vn -0.3923 -0.9198 0.0000
vn -0.6055 -0.4546 0.6532
vn -0.7997 -0.6004 0.0000
vn -0.7517 -0.0909 0.6532
vn -0.9927 -0.1201 0.0000
vn -0.6964 0.2970 0.6532
vn -0.9198 0.3923 0.0000
vn -0.4546 0.6055 0.6532
vn -0.6004 0.7997 0.0000
vn -0.0909 0.7517 0.6532
vn -0.1201 0.9927 0.0000
vn 0.2970 0.6964 0.6532
vn 0.3923 0.9198 0.0000
vn 0.1186 -0.9805 0.1568
vn 0.5930 -0.7898 0.1568
vn 0.4225 -0.5627 0.7105
vn 0.0845 -0.6986 0.7105
vn 0.6055 0.4546 0.6532
vn 0.7997 0.6004 0.0000
vn 0.0766 -0.6331 -0.7703
vn -0.2502 -0.5866 -0.7703
vn -0.3879 -0.9093 -0.1505
vn 0.1187 -0.9814 -0.1505
vn 0.6055 0.4546 -0.6532
vn 0.7517 0.0909 -0.6532
vn 0.2970 0.6964 -0.6532
vn -0.0909 0.7517 -0.6532
vn -0.4546 0.6055 -0.6532
vn -0.6964 0.2970 -0.6532
vn -0.7517 -0.0909 -0.6532
vn -0.6055 -0.4546 -0.6532
vn -0.2970 -0.6964 -0.6532
vn 0.0909 -0.7517 -0.6532
vn 0.4546 -0.6055 -0.6532
vn 0.6964 -0.2970 -0.6532
vn 0.6473 -0.2761 0.7105
vn 0.6986 0.0845 0.7105
vn 0.5627 0.4225 0.7105
vn 0.2761 0.6473 0.7105
vn -0.0845 0.6986 0.7105
vn -0.4225 0.5627 0.7105
vn -0.6473 0.2761 0.7105
vn -0.6986 -0.0845 0.7105
vn -0.5627 -0.4225 0.7105
vn -0.2761 -0.6473 0.7105
vn 0.3875 0.9084 0.1568
vn -0.1186 0.9805 0.1568
vn -0.9084 0.3875 0.1568
vn -0.9805 -0.1186 0.1568
vn -0.3875 -0.9084 0.1568
vn 0.7898 0.5930 0.1568
vn 0.9084 -0.3875 0.1568
vn 0.9805 0.1186 0.1568
vn -0.5930 0.7898 0.1568
vn -0.7898 -0.5930 0.1568
vn 0.5866 -0.2502 -0.7703
vn 0.6331 0.0766 -0.7703
vn 0.3829 -0.5100 -0.7703
vn -0.5100 -0.3829 -0.7703
vn -0.6331 -0.0766 -0.7703
vn -0.5866 0.2502 -0.7703
vn -0.3829 0.5100 -0.7703
vn -0.0766 0.6331 -0.7703
vn 0.2502 0.5866 -0.7703
vn 0.5100 0.3829 -0.7703
vn -0.8280 -0.1002 -0.5517
vn -0.7672 0.3272 -0.5517
vn -0.5295 0.2258 -0.8177
vn -0.5714 -0.0691 -0.8177
vn 0.7906 0.5936 -0.1505
vn 0.3879 0.9093 -0.1505
vn 0.9093 -0.3879 -0.1505
vn 0.9814 0.1187 -0.1505
vn -0.5936 0.7906 -0.1505
vn -0.9093 0.3879 -0.1505
vn -0.7906 -0.5936 -0.1505
vn 0.5936 -0.7906 -0.1505
vn -0.1187 0.9814 -0.1505
vn -0.9814 -0.1187 -0.1505
vn 0.7672 -0.3272 -0.5517
vn 0.8280 0.1002 -0.5517
vn 0.5008 -0.6670 -0.5517
vn 0.1002 -0.8280 -0.5517
vn -0.3272 -0.7672 -0.5517
vn -0.6670 -0.5008 -0.5517
vn -0.5008 0.6670 -0.5517
vn -0.1002 0.8280 -0.5517
vn 0.3272 0.7672 -0.5517
vn 0.6670 0.5008 -0.5517
vn -0.0632 0.5223 -0.8504
vn 0.2064 0.4839 -0.8504
vn 0.3213 0.7533 -0.5738
vn -0.0984 0.8130 -0.5738
vn -0.2258 -0.5295 -0.8177
vn 0.0691 -0.5714 -0.8177
vn 0.4603 0.3456 -0.8177
vn 0.2258 0.5295 -0.8177
vn 0.5295 -0.2258 -0.8177
vn 0.5714 0.0691 -0.8177
vn -0.3456 0.4603 -0.8177
vn -0.4603 -0.3456 -0.8177
vn 0.3456 -0.4603 -0.8177
vn -0.0692 0.5714 -0.8177
vn 0.5960 -0.7938 -0.1207
vn 0.1192 -0.9855 -0.1208
vn 0.0861 -0.7114 -0.6975
vn 0.4302 -0.5730 -0.6975
vn -0.5222 -0.0632 -0.8504
vn -0.4839 0.2064 -0.8504
vn -0.7533 0.3213 -0.5738
vn -0.8130 -0.0984 -0.5738
vn 0.0632 -0.5222 -0.8504
vn -0.2064 -0.4839 -0.8504
vn -0.3213 -0.7533 -0.5738
vn 0.0984 -0.8130 -0.5738
vn 0.4207 0.3158 -0.8504
vn 0.6549 0.4917 -0.5738
vn 0.5222 0.0632 -0.8504
vn 0.4839 -0.2064 -0.8504
vn 0.7533 -0.3213 -0.5738
vn 0.8130 0.0984 -0.5738
vn -0.3158 0.4207 -0.8504
vn -0.4917 0.6549 -0.5738
vn -0.4207 -0.3159 -0.8504
vn -0.6549 -0.4917 -0.5738
vn 0.3159 -0.4207 -0.8504
vn 0.4917 -0.6549 -0.5738
vn -0.1192 0.9855 -0.1207
vn 0.3894 0.9131 -0.1207
vn 0.2811 0.6591 -0.6975
vn -0.0861 0.7114 -0.6975
vn -0.9855 -0.1192 -0.1207
vn -0.9131 0.3894 -0.1208
vn -0.6591 0.2811 -0.6975
vn -0.7114 -0.0861 -0.6975
vn -0.3894 -0.9131 -0.1207
vn -0.2811 -0.6591 -0.6975
vn 0.7938 0.5960 -0.1207
vn 0.5730 0.4302 -0.6975
vn 0.9855 0.1192 -0.1207
vn 0.9131 -0.3894 -0.1207
vn 0.6591 -0.2811 -0.6975
vn 0.7114 0.0861 -0.6975
vn -0.5960 0.7938 -0.1208
vn -0.4302 0.5730 -0.6975
vn -0.7938 -0.5960 -0.1207
vn -0.5730 -0.4302 -0.6975
vn -0.5734 -0.0694 0.8163
vn -0.4619 -0.3468 0.8163
vn -0.0694 0.5734 0.8163
vn -0.3468 0.4619 0.8163
vn 0.3468 -0.4619 0.8163
vn 0.5313 -0.2266 0.8163
vn 0.5734 0.0694 0.8163
vn 0.4619 0.3468 0.8163
vn -0.2266 -0.5313 0.8163
vn -0.5313 0.2266 0.8163
vn 0.2266 0.5313 0.8163
vn 0.0694 -0.5734 0.8163
usemtl None
s 1
f 1756/1870/907 1757/1871/908 1648/1872/909 1649/1873/910
f 1757/1871/908 1758/1874/911 1650/1875/912 1648/1872/909
f 1758/1874/911 1759/1876/913 1651/1877/914 1650/1875/912
f 1759/1876/913 1760/1878/915 1652/1879/916 1651/1877/914
f 1760/1878/915 1761/1880/917 1653/1881/918 1652/1879/916
f 1761/1880/917 1762/1882/919 1654/1883/920 1653/1881/918
f 1762/1882/919 1763/1884/921 1655/1885/922 1654/1883/920
f 1763/1884/921 1764/1886/923 1656/1887/924 1655/1885/922
f 1764/1886/923 1765/1888/925 1657/1889/926 1656/1887/924
f 1765/1888/925 1766/1890/927 1658/1891/928 1657/1889/926
f 1796/1892/929 1663/1893/930 1662/1894/931 1792/1895/932
f 1766/1890/927 1767/1896/933 1659/1897/934 1658/1891/928
f 1767/1896/933 1756/1898/907 1649/1899/910 1659/1897/934
f 1594/1900/935 1699/1901/936 1700/1902/937 1596/1903/938
f 1647/1904/939 1636/1905/940 1612/1906/907 1623/1907/933
f 1646/1908/941 1647/1904/939 1623/1907/933 1622/1909/927
f 1645/1910/942 1646/1908/941 1622/1909/927 1621/1911/925
f 1644/1912/943 1645/1910/942 1621/1911/925 1620/1913/923
f 1643/1914/944 1644/1912/943 1620/1913/923 1619/1915/921
f 1642/1916/945 1643/1914/944 1619/1915/921 1618/1917/919
f 1641/1918/946 1642/1916/945 1618/1917/919 1617/1919/917
f 1640/1920/947 1641/1918/946 1617/1919/917 1616/1921/915
f 1639/1922/948 1640/1920/947 1616/1921/915 1615/1923/913
f 1638/1924/949 1639/1922/948 1615/1923/913 1614/1925/911
f 1637/1926/950 1638/1924/949 1614/1925/911 1613/1927/908
f 1636/1928/940 1637/1926/950 1613/1927/908 1612/1929/907
f 1623/1907/933 1612/1906/907 1624/1930/907 1635/1931/933
f 1622/1909/927 1623/1907/933 1635/1931/933 1634/1932/927
f 1621/1911/925 1622/1909/927 1634/1932/927 1633/1933/925
f 1620/1913/923 1621/1911/925 1633/1933/925 1632/1934/923
f 1619/1915/921 1620/1913/923 1632/1934/923 1631/1935/921
f 1618/1917/919 1619/1915/921 1631/1935/921 1630/1936/919
f 1617/1919/917 1618/1917/919 1630/1936/919 1629/1937/917
f 1616/1921/915 1617/1919/917 1629/1937/917 1628/1938/915
f 1615/1923/913 1616/1921/915 1628/1938/915 1627/1939/913
f 1614/1925/911 1615/1923/913 1627/1939/913 1626/1940/911
f 1613/1927/908 1614/1925/911 1626/1940/911 1625/1941/908
f 1612/1929/907 1613/1927/908 1625/1941/908 1624/1942/907
f 1816/1943/951 1637/1944/950 1636/1945/940 1817/1946/951
f 1818/1947/951 1638/1948/949 1637/1944/950 1816/1943/951
f 1819/1949/951 1639/1950/948 1638/1948/949 1818/1947/951
f 1820/1951/951 1640/1952/947 1639/1950/948 1819/1949/951
f 1821/1953/951 1641/1954/946 1640/1952/947 1820/1951/951
f 1822/1955/951 1642/1956/945 1641/1954/946 1821/1953/951
f 1823/1957/951 1643/1958/944 1642/1956/945 1822/1955/951
f 1824/1959/951 1644/1960/943 1643/1958/944 1823/1957/951
f 1825/1961/951 1645/1962/942 1644/1960/943 1824/1959/951
f 1826/1963/951 1646/1964/941 1645/1962/942 1825/1961/951
f 1827/1965/951 1647/1966/939 1646/1964/941 1826/1963/951
f 1817/1946/951 1636/1945/940 1647/1966/939 1827/1965/951
f 1768/1967/952 1649/1968/910 1648/1969/909 1769/1970/952
f 1769/1970/952 1648/1969/909 1650/1971/912 1770/1972/952
f 1770/1972/952 1650/1971/912 1651/1973/914 1771/1974/952
f 1771/1974/952 1651/1973/914 1652/1975/916 1772/1976/952
f 1772/1976/952 1652/1975/916 1653/1977/918 1773/1978/952
f 1773/1978/952 1653/1977/918 1654/1979/920 1774/1980/952
f 1774/1980/952 1654/1979/920 1655/1981/922 1775/1982/952
f 1775/1982/952 1655/1981/922 1656/1983/924 1776/1984/952
f 1776/1984/952 1656/1983/924 1657/1985/926 1777/1986/952
f 1777/1986/952 1657/1985/926 1658/1987/928 1778/1988/952
f 1778/1988/952 1658/1987/928 1659/1989/934 1779/1990/952
f 1779/1990/952 1659/1989/934 1649/1968/910 1768/1967/952
f 1660/1991/953 1662/1894/931 1663/1893/930 1664/1992/954 1665/1993/955 1666/1994/956 1667/1995/957 1668/1996/958 1669/1997/959 1670/1998/960 1671/1999/961 1661/2000/962
f 1797/2001/963 1670/1998/960 1669/1997/959 1793/2002/964
f 1798/2003/965 1667/1995/957 1666/1994/956 1794/2004/966
f 1799/2005/967 1664/1992/954 1663/1893/930 1796/1892/929
f 1800/2006/968 1671/1999/961 1670/1998/960 1797/2001/963
f 1801/2007/969 1660/1991/953 1661/2000/962 1795/2008/970
f 1802/2009/971 1668/1996/958 1667/1995/957 1798/2003/965
f 1803/2010/972 1665/1993/955 1664/1992/954 1799/2005/967
f 1795/2008/970 1661/2000/962 1671/1999/961 1800/2006/968
f 1792/1895/932 1662/1894/931 1660/1991/953 1801/2007/969
f 1793/2002/964 1669/1997/959 1668/1996/958 1802/2009/971
f 1794/2004/966 1666/1994/956 1665/1993/955 1803/2010/972
f 1590/2011/973 1673/2012/951 1672/2013/951 1588/2014/974
f 1592/2015/975 1674/2016/951 1673/2012/951 1590/2011/973
f 1594/1900/935 1675/2017/951 1674/2016/951 1592/2015/975
f 1596/1903/938 1676/2018/951 1675/2017/951 1594/1900/935
f 1598/2019/976 1677/2020/951 1676/2018/951 1596/1903/938
f 1600/2021/977 1678/2022/951 1677/2020/951 1598/2019/976
f 1602/2023/978 1679/2024/951 1678/2022/951 1600/2021/977
f 1604/2025/979 1680/2026/951 1679/2024/951 1602/2023/978
f 1606/2027/980 1681/2028/951 1680/2026/951 1604/2025/979
f 1608/2029/981 1682/2030/951 1681/2028/951 1606/2027/980
f 1610/2031/982 1683/2032/951 1682/2030/951 1608/2029/981
f 1588/2014/974 1672/2013/951 1683/2032/951 1610/2031/982
f 1690/2033/983 1714/2034/984 1715/2035/985 1691/2036/986
f 1608/2029/981 1706/2037/987 1707/2038/988 1610/2031/982
f 1588/2014/974 1696/2039/989 1697/2040/990 1590/2011/973
f 1602/2023/978 1703/2041/991 1704/2042/992 1604/2025/979
f 1596/1903/938 1700/1902/937 1701/2043/993 1598/2019/976
f 1610/2031/982 1707/2038/988 1696/2039/989 1588/2014/974
f 1590/2011/973 1697/2040/990 1698/2044/994 1592/2015/975
f 1604/2025/979 1704/2042/992 1705/2045/995 1606/2027/980
f 1598/2019/976 1701/2043/993 1702/2046/996 1600/2021/977
f 1592/2015/975 1698/2044/994 1699/1901/936 1594/1900/935
f 1606/2027/980 1705/2045/995 1706/2037/987 1608/2029/981
f 1600/2021/977 1702/2046/996 1703/2041/991 1602/2023/978
f 1685/2047/997 1697/2040/990 1696/2039/989 1684/2048/998
f 1686/2049/999 1698/2044/994 1697/2040/990 1685/2047/997
f 1687/2050/1000 1699/1901/936 1698/2044/994 1686/2049/999
f 1688/2051/1001 1700/1902/937 1699/1901/936 1687/2050/1000
f 1689/2052/1002 1701/2043/993 1700/1902/937 1688/2051/1001
f 1690/2033/983 1702/2046/996 1701/2043/993 1689/2052/1002
f 1691/2036/986 1703/2041/991 1702/2046/996 1690/2033/983
f 1692/2053/1003 1704/2042/992 1703/2041/991 1691/2036/986
f 1693/2054/1004 1705/2045/995 1704/2042/992 1692/2053/1003
f 1694/2055/1005 1706/2037/987 1705/2045/995 1693/2054/1004
f 1695/2056/1006 1707/2038/988 1706/2037/987 1694/2055/1005
f 1684/2048/998 1696/2039/989 1707/2038/988 1695/2056/1006
f 1805/2057/1007 1729/2058/1008 1730/2059/1009 1804/2060/1010
f 1687/2050/1000 1711/2061/1011 1712/2062/1012 1688/2051/1001
f 1694/2055/1005 1718/2063/1013 1719/2064/1014 1695/2056/1006
f 1684/2048/998 1708/2065/1015 1709/2066/1016 1685/2047/997
f 1691/2036/986 1715/2035/985 1716/2067/1017 1692/2053/1003
f 1688/2051/1001 1712/2062/1012 1713/2068/1018 1689/2052/1002
f 1695/2056/1006 1719/2064/1014 1708/2065/1015 1684/2048/998
f 1685/2047/997 1709/2066/1016 1710/2069/1019 1686/2049/999
f 1692/2053/1003 1716/2067/1017 1717/2070/1020 1693/2054/1004
f 1689/2052/1002 1713/2068/1018 1714/2034/984 1690/2033/983
f 1686/2049/999 1710/2069/1019 1711/2061/1011 1687/2050/1000
f 1693/2054/1004 1717/2070/1020 1718/2063/1013 1694/2055/1005
f 1829/2071/1021 1842/2072/1022 1843/2073/1023 1828/2074/1024
f 1807/2075/1025 1726/2076/1026 1727/2077/1027 1806/2078/1028
f 1809/2079/1029 1723/2080/1030 1724/2081/1031 1808/2082/1032
f 1804/2060/1010 1730/2059/1009 1731/2083/1033 1810/2084/1034
f 1812/2085/1035 1720/2086/1036 1721/2087/1037 1811/2088/1038
f 1806/2078/1028 1727/2077/1027 1728/2089/1039 1813/2090/1040
f 1808/2082/1032 1724/2081/1031 1725/2091/1041 1814/2092/1042
f 1810/2084/1034 1731/2083/1033 1720/2086/1036 1812/2085/1035
f 1811/2088/1038 1721/2087/1037 1722/2093/1043 1815/2094/1044
f 1813/2090/1040 1728/2089/1039 1729/2058/1008 1805/2057/1007
f 1814/2092/1042 1725/2091/1041 1726/2076/1026 1807/2075/1025
f 1815/2094/1044 1722/2093/1043 1723/2080/1030 1809/2079/1029
f 1732/2095/951 1743/2096/951 1742/2097/951 1741/2098/951 1740/2099/951 1739/2100/951 1738/2101/951 1737/2102/951 1736/2103/951 1735/2104/951 1734/2105/951 1733/2106/951
f 1831/2107/1045 1849/2108/1046 1850/2109/1047 1830/2110/1048
f 1833/2111/1049 1846/2112/1050 1847/2113/1051 1832/2114/1052
f 1828/2074/1024 1843/2073/1023 1844/2115/1053 1834/2116/1054
f 1830/2110/1048 1850/2109/1047 1851/2117/1055 1835/2118/1056
f 1837/2119/1057 1840/2120/1058 1841/2121/1059 1836/2122/1060
f 1832/2114/1052 1847/2113/1051 1848/2123/1061 1838/2124/1062
f 1834/2116/1054 1844/2115/1053 1845/2125/1063 1839/2126/1064
f 1835/2118/1056 1851/2117/1055 1840/2120/1058 1837/2119/1057
f 1836/2122/1060 1841/2121/1059 1842/2072/1022 1829/2071/1021
f 1838/2124/1062 1848/2123/1061 1849/2108/1046 1831/2107/1045
f 1839/2126/1064 1845/2125/1063 1846/2112/1050 1833/2111/1049
f 1601/2127/1065 1748/2128/966 1755/2129/972 1599/2130/1066
f 1607/2131/1067 1746/2132/964 1754/2133/971 1605/2134/1068
f 1593/2135/1069 1744/2136/932 1753/2137/969 1591/2138/1070
f 1589/2139/1071 1752/2140/970 1751/2141/968 1611/2142/1072
f 1599/2130/1066 1755/2129/972 1750/2143/967 1597/2144/1073
f 1605/2134/1068 1754/2133/971 1749/2145/965 1603/2146/1074
f 1591/2138/1070 1753/2137/969 1752/2140/970 1589/2139/1071
f 1611/2142/1072 1751/2141/968 1747/2147/963 1609/2148/1075
f 1597/2144/1073 1750/2143/967 1745/2149/929 1595/2150/1076
f 1603/2146/1074 1749/2145/965 1748/2128/966 1601/2127/1065
f 1609/2148/1075 1747/2147/963 1746/2132/964 1607/2131/1067
f 1595/2150/1076 1745/2149/929 1744/2136/932 1593/2135/1069
f 1635/1931/933 1624/1930/907 1756/1898/907 1767/1896/933
f 1634/1932/927 1635/1931/933 1767/1896/933 1766/1890/927
f 1633/1933/925 1634/1932/927 1766/1890/927 1765/1888/925
f 1632/1934/923 1633/1933/925 1765/1888/925 1764/1886/923
f 1631/1935/921 1632/1934/923 1764/1886/923 1763/1884/921
f 1630/1936/919 1631/1935/921 1763/1884/921 1762/1882/919
f 1629/1937/917 1630/1936/919 1762/1882/919 1761/1880/917
f 1628/1938/915 1629/1937/917 1761/1880/917 1760/1878/915
f 1627/1939/913 1628/1938/915 1760/1878/915 1759/1876/913
f 1626/1940/911 1627/1939/913 1759/1876/913 1758/1874/911
f 1625/1941/908 1626/1940/911 1758/1874/911 1757/1871/908
f 1624/1942/907 1625/1941/908 1757/1871/908 1756/1870/907
f 1791/2151/952 1779/1990/952 1768/1967/952 1780/2152/952
f 1790/2153/952 1778/1988/952 1779/1990/952 1791/2151/952
f 1789/2154/952 1777/1986/952 1778/1988/952 1790/2153/952
f 1788/2155/952 1776/1984/952 1777/1986/952 1789/2154/952
f 1787/2156/952 1775/1982/952 1776/1984/952 1788/2155/952
f 1786/2157/952 1774/1980/952 1775/1982/952 1787/2156/952
f 1785/2158/952 1773/1978/952 1774/1980/952 1786/2157/952
f 1784/2159/952 1772/1976/952 1773/1978/952 1785/2158/952
f 1783/2160/952 1771/1974/952 1772/1976/952 1784/2159/952
f 1782/2161/952 1770/1972/952 1771/1974/952 1783/2160/952
f 1781/2162/952 1769/1970/952 1770/1972/952 1782/2161/952
f 1780/2152/952 1768/1967/952 1769/1970/952 1781/2162/952
f 1589/2139/1071 1780/2152/952 1781/2162/952 1591/2138/1070
f 1591/2138/1070 1781/2162/952 1782/2161/952 1593/2135/1069
f 1593/2135/1069 1782/2161/952 1783/2160/952 1595/2150/1076
f 1595/2150/1076 1783/2160/952 1784/2159/952 1597/2144/1073
f 1597/2144/1073 1784/2159/952 1785/2158/952 1599/2130/1066
f 1599/2130/1066 1785/2158/952 1786/2157/952 1601/2127/1065
f 1601/2127/1065 1786/2157/952 1787/2156/952 1603/2146/1074
f 1603/2146/1074 1787/2156/952 1788/2155/952 1605/2134/1068
f 1605/2134/1068 1788/2155/952 1789/2154/952 1607/2131/1067
f 1607/2131/1067 1789/2154/952 1790/2153/952 1609/2148/1075
f 1609/2148/1075 1790/2153/952 1791/2151/952 1611/2142/1072
f 1611/2142/1072 1791/2151/952 1780/2152/952 1589/2139/1071
f 1748/2128/966 1794/2004/966 1803/2010/972 1755/2129/972
f 1746/2132/964 1793/2002/964 1802/2009/971 1754/2133/971
f 1744/2136/932 1792/1895/932 1801/2007/969 1753/2137/969
f 1752/2140/970 1795/2008/970 1800/2006/968 1751/2141/968
f 1755/2129/972 1803/2010/972 1799/2005/967 1750/2143/967
f 1754/2133/971 1802/2009/971 1798/2003/965 1749/2145/965
f 1753/2137/969 1801/2007/969 1795/2008/970 1752/2140/970
f 1751/2141/968 1800/2006/968 1797/2001/963 1747/2147/963
f 1750/2143/967 1799/2005/967 1796/1892/929 1745/2149/929
f 1749/2145/965 1798/2003/965 1794/2004/966 1748/2128/966
f 1747/2147/963 1797/2001/963 1793/2002/964 1746/2132/964
f 1745/2149/929 1796/1892/929 1792/1895/932 1744/2136/932
f 1710/2069/1019 1815/2094/1044 1809/2079/1029 1711/2061/1011
f 1713/2068/1018 1814/2092/1042 1807/2075/1025 1714/2034/984
f 1716/2067/1017 1813/2090/1040 1805/2057/1007 1717/2070/1020
f 1709/2066/1016 1811/2088/1038 1815/2094/1044 1710/2069/1019
f 1719/2064/1014 1810/2084/1034 1812/2085/1035 1708/2065/1015
f 1712/2062/1012 1808/2082/1032 1814/2092/1042 1713/2068/1018
f 1715/2035/985 1806/2078/1028 1813/2090/1040 1716/2067/1017
f 1708/2065/1015 1812/2085/1035 1811/2088/1038 1709/2066/1016
f 1718/2063/1013 1804/2060/1010 1810/2084/1034 1719/2064/1014
f 1711/2061/1011 1809/2079/1029 1808/2082/1032 1712/2062/1012
f 1714/2034/984 1807/2075/1025 1806/2078/1028 1715/2035/985
f 1717/2070/1020 1805/2057/1007 1804/2060/1010 1718/2063/1013
f 1672/2013/951 1817/1946/951 1827/1965/951 1683/2032/951
f 1683/2032/951 1827/1965/951 1826/1963/951 1682/2030/951
f 1682/2030/951 1826/1963/951 1825/1961/951 1681/2028/951
f 1681/2028/951 1825/1961/951 1824/1959/951 1680/2026/951
f 1680/2026/951 1824/1959/951 1823/1957/951 1679/2024/951
f 1679/2024/951 1823/1957/951 1822/1955/951 1678/2022/951
f 1678/2022/951 1822/1955/951 1821/1953/951 1677/2020/951
f 1677/2020/951 1821/1953/951 1820/1951/951 1676/2018/951
f 1676/2018/951 1820/1951/951 1819/1949/951 1675/2017/951
f 1675/2017/951 1819/1949/951 1818/1947/951 1674/2016/951
f 1674/2016/951 1818/1947/951 1816/1943/951 1673/2012/951
f 1673/2012/951 1816/1943/951 1817/1946/951 1672/2013/951
f 1725/2091/1041 1839/2126/1064 1833/2111/1049 1726/2076/1026
f 1728/2089/1039 1838/2124/1062 1831/2107/1045 1729/2058/1008
f 1721/2087/1037 1836/2122/1060 1829/2071/1021 1722/2093/1043
f 1731/2083/1033 1835/2118/1056 1837/2119/1057 1720/2086/1036
f 1724/2081/1031 1834/2116/1054 1839/2126/1064 1725/2091/1041
f 1727/2077/1027 1832/2114/1052 1838/2124/1062 1728/2089/1039
f 1720/2086/1036 1837/2119/1057 1836/2122/1060 1721/2087/1037
f 1730/2059/1009 1830/2110/1048 1835/2118/1056 1731/2083/1033
f 1723/2080/1030 1828/2074/1024 1834/2116/1054 1724/2081/1031
f 1726/2076/1026 1833/2111/1049 1832/2114/1052 1727/2077/1027
f 1729/2058/1008 1831/2107/1045 1830/2110/1048 1730/2059/1009
f 1722/2093/1043 1829/2071/1021 1828/2074/1024 1723/2080/1030
f 1733/2106/951 1841/2121/1059 1840/2120/1058 1732/2095/951
f 1734/2105/951 1842/2072/1022 1841/2121/1059 1733/2106/951
f 1735/2104/951 1843/2073/1023 1842/2072/1022 1734/2105/951
f 1736/2103/951 1844/2115/1053 1843/2073/1023 1735/2104/951
f 1737/2102/951 1845/2125/1063 1844/2115/1053 1736/2103/951
f 1738/2101/951 1846/2112/1050 1845/2125/1063 1737/2102/951
f 1739/2100/951 1847/2113/1051 1846/2112/1050 1738/2101/951
f 1740/2099/951 1848/2123/1061 1847/2113/1051 1739/2100/951
f 1741/2098/951 1849/2108/1046 1848/2123/1061 1740/2099/951
f 1742/2097/951 1850/2109/1047 1849/2108/1046 1741/2098/951
f 1743/2096/951 1851/2117/1055 1850/2109/1047 1742/2097/951
f 1732/2095/951 1840/2120/1058 1851/2117/1055 1743/2096/951
f 2020/2163/1077 1913/2164/1078 1912/2165/1079 2021/2166/1080
f 2021/2166/1080 1912/2165/1079 1914/2167/1081 2022/2168/1082
f 2022/2168/1082 1914/2167/1081 1915/2169/1083 2023/2170/1084
f 2023/2170/1084 1915/2169/1083 1916/2171/1085 2024/2172/1086
f 2024/2172/1086 1916/2171/1085 1917/2173/1087 2025/2174/1088
f 2025/2174/1088 1917/2173/1087 1918/2175/1089 2026/2176/1090
f 2026/2176/1090 1918/2175/1089 1919/2177/1091 2027/2178/1092
f 2027/2178/1092 1919/2177/1091 1920/2179/1093 2028/2180/1094
f 2028/2180/1094 1920/2179/1093 1921/2181/1095 2029/2182/1096
f 2029/2182/1096 1921/2181/1095 1922/2183/1097 2030/2184/1098
f 2060/2185/1099 2056/2186/1100 1926/2187/1101 1927/2188/1102
f 2030/2184/1098 1922/2183/1097 1923/2189/1103 2031/2190/1104
f 2031/2190/1104 1923/2189/1103 1913/2191/1078 2020/2192/1077
f 1858/2193/1105 1860/2194/1106 1964/2195/1107 1963/2196/1108
f 1911/2197/1109 1887/2198/1104 1876/2199/1077 1900/2200/1110
f 1910/2201/1111 1886/2202/1098 1887/2198/1104 1911/2197/1109
f 1909/2203/1112 1885/2204/1096 1886/2202/1098 1910/2201/1111
f 1908/2205/1113 1884/2206/1094 1885/2204/1096 1909/2203/1112
f 1907/2207/1114 1883/2208/1092 1884/2206/1094 1908/2205/1113
f 1906/2209/1115 1882/2210/1090 1883/2208/1092 1907/2207/1114
f 1905/2211/1116 1881/2212/1088 1882/2210/1090 1906/2209/1115
f 1904/2213/1117 1880/2214/1086 1881/2212/1088 1905/2211/1116
f 1903/2215/1118 1879/2216/1084 1880/2214/1086 1904/2213/1117
f 1902/2217/1119 1878/2218/1082 1879/2216/1084 1903/2215/1118
f 1901/2219/1120 1877/2220/1080 1878/2218/1082 1902/2217/1119
f 1900/2221/1110 1876/2222/1077 1877/2220/1080 1901/2219/1120
f 1887/2198/1104 1899/2223/1104 1888/2224/1077 1876/2199/1077
f 1886/2202/1098 1898/2225/1098 1899/2223/1104 1887/2198/1104
f 1885/2204/1096 1897/2226/1096 1898/2225/1098 1886/2202/1098
f 1884/2206/1094 1896/2227/1094 1897/2226/1096 1885/2204/1096
f 1883/2208/1092 1895/2228/1092 1896/2227/1094 1884/2206/1094
f 1882/2210/1090 1894/2229/1090 1895/2228/1092 1883/2208/1092
f 1881/2212/1088 1893/2230/1088 1894/2229/1090 1882/2210/1090
f 1880/2214/1086 1892/2231/1086 1893/2230/1088 1881/2212/1088
f 1879/2216/1084 1891/2232/1084 1892/2231/1086 1880/2214/1086
f 1878/2218/1082 1890/2233/1082 1891/2232/1084 1879/2216/1084
f 1877/2220/1080 1889/2234/1080 1890/2233/1082 1878/2218/1082
f 1876/2222/1077 1888/2235/1077 1889/2234/1080 1877/2220/1080
f 2080/2236/951 2081/2237/951 1900/2238/1110 1901/2239/1120
f 2082/2240/951 2080/2236/951 1901/2239/1120 1902/2241/1119
f 2083/2242/951 2082/2240/951 1902/2241/1119 1903/2243/1118
f 2084/2244/951 2083/2242/951 1903/2243/1118 1904/2245/1117
f 2085/2246/951 2084/2244/951 1904/2245/1117 1905/2247/1116
f 2086/2248/951 2085/2246/951 1905/2247/1116 1906/2249/1115
f 2087/2250/951 2086/2248/951 1906/2249/1115 1907/2251/1114
f 2088/2252/951 2087/2250/951 1907/2251/1114 1908/2253/1113
f 2089/2254/951 2088/2252/951 1908/2253/1113 1909/2255/1112
f 2090/2256/951 2089/2254/951 1909/2255/1112 1910/2257/1111
f 2091/2258/951 2090/2256/951 1910/2257/1111 1911/2259/1109
f 2081/2237/951 2091/2258/951 1911/2259/1109 1900/2238/1110
f 2032/2260/952 2033/2261/952 1912/2262/1079 1913/2263/1078
f 2033/2261/952 2034/2264/952 1914/2265/1081 1912/2262/1079
f 2034/2264/952 2035/2266/952 1915/2267/1083 1914/2265/1081
f 2035/2266/952 2036/2268/952 1916/2269/1085 1915/2267/1083
f 2036/2268/952 2037/2270/952 1917/2271/1087 1916/2269/1085
f 2037/2270/952 2038/2272/952 1918/2273/1089 1917/2271/1087
f 2038/2272/952 2039/2274/952 1919/2275/1091 1918/2273/1089
f 2039/2274/952 2040/2276/952 1920/2277/1093 1919/2275/1091
f 2040/2276/952 2041/2278/952 1921/2279/1095 1920/2277/1093
f 2041/2278/952 2042/2280/952 1922/2281/1097 1921/2279/1095
f 2042/2280/952 2043/2282/952 1923/2283/1103 1922/2281/1097
f 2043/2282/952 2032/2260/952 1913/2263/1078 1923/2283/1103
f 1924/2284/1121 1925/2285/1122 1935/2286/1123 1934/2287/1124 1933/2288/1125 1932/2289/1126 1931/2290/1127 1930/2291/1128 1929/2292/1129 1928/2293/1130 1927/2188/1102 1926/2187/1101
f 2061/2294/1131 2057/2295/1132 1933/2288/1125 1934/2287/1124
f 2062/2296/1133 2058/2297/1134 1930/2291/1128 1931/2290/1127
f 2063/2298/1135 2060/2185/1099 1927/2188/1102 1928/2293/1130
f 2064/2299/1136 2061/2294/1131 1934/2287/1124 1935/2286/1123
f 2065/2300/1137 2059/2301/1138 1925/2285/1122 1924/2284/1121
f 2066/2302/1139 2062/2296/1133 1931/2290/1127 1932/2289/1126
f 2067/2303/1140 2063/2298/1135 1928/2293/1130 1929/2292/1129
f 2059/2301/1138 2064/2299/1136 1935/2286/1123 1925/2285/1122
f 2056/2186/1100 2065/2300/1137 1924/2284/1121 1926/2187/1101
f 2057/2295/1132 2066/2302/1139 1932/2289/1126 1933/2288/1125
f 2058/2297/1134 2067/2303/1140 1929/2292/1129 1930/2291/1128
f 1854/2304/1141 1852/2305/1142 1936/2306/951 1937/2307/951
f 1856/2308/1143 1854/2304/1141 1937/2307/951 1938/2309/951
f 1858/2193/1105 1856/2308/1143 1938/2309/951 1939/2310/951
f 1860/2194/1106 1858/2193/1105 1939/2310/951 1940/2311/951
f 1862/2312/1144 1860/2194/1106 1940/2311/951 1941/2313/951
f 1864/2314/1145 1862/2312/1144 1941/2313/951 1942/2315/951
f 1866/2316/1146 1864/2314/1145 1942/2315/951 1943/2317/951
f 1868/2318/1147 1866/2316/1146 1943/2317/951 1944/2319/951
f 1870/2320/1148 1868/2318/1147 1944/2319/951 1945/2321/951
f 1872/2322/1149 1870/2320/1148 1945/2321/951 1946/2323/951
f 1874/2324/1150 1872/2322/1149 1946/2323/951 1947/2325/951
f 1852/2305/1142 1874/2324/1150 1947/2325/951 1936/2306/951
f 1954/2326/1151 1955/2327/1152 1979/2328/1153 1978/2329/1154
f 1872/2322/1149 1874/2324/1150 1971/2330/1155 1970/2331/1156
f 1852/2305/1142 1854/2304/1141 1961/2332/1157 1960/2333/1158
f 1866/2316/1146 1868/2318/1147 1968/2334/1159 1967/2335/1160
f 1860/2194/1106 1862/2312/1144 1965/2336/1161 1964/2195/1107
f 1874/2324/1150 1852/2305/1142 1960/2333/1158 1971/2330/1155
f 1854/2304/1141 1856/2308/1143 1962/2337/1162 1961/2332/1157
f 1868/2318/1147 1870/2320/1148 1969/2338/1163 1968/2334/1159
f 1862/2312/1144 1864/2314/1145 1966/2339/1164 1965/2336/1161
f 1856/2308/1143 1858/2193/1105 1963/2196/1108 1962/2337/1162
f 1870/2320/1148 1872/2322/1149 1970/2331/1156 1969/2338/1163
f 1864/2314/1145 1866/2316/1146 1967/2335/1160 1966/2339/1164
f 1949/2340/1165 1948/2341/1166 1960/2333/1158 1961/2332/1157
f 1950/2342/1167 1949/2340/1165 1961/2332/1157 1962/2337/1162
f 1951/2343/1168 1950/2342/1167 1962/2337/1162 1963/2196/1108
f 1952/2344/1169 1951/2343/1168 1963/2196/1108 1964/2195/1107
f 1953/2345/1170 1952/2344/1169 1964/2195/1107 1965/2336/1161
f 1954/2326/1151 1953/2345/1170 1965/2336/1161 1966/2339/1164
f 1955/2327/1152 1954/2326/1151 1966/2339/1164 1967/2335/1160
f 1956/2346/1171 1955/2327/1152 1967/2335/1160 1968/2334/1159
f 1957/2347/1172 1956/2346/1171 1968/2334/1159 1969/2338/1163
f 1958/2348/1173 1957/2347/1172 1969/2338/1163 1970/2331/1156
f 1959/2349/1174 1958/2348/1173 1970/2331/1156 1971/2330/1155
f 1948/2341/1166 1959/2349/1174 1971/2330/1155 1960/2333/1158
f 2069/2350/1175 2068/2351/1176 1994/2352/1177 1993/2353/1178
f 1951/2343/1168 1952/2344/1169 1976/2354/1179 1975/2355/1180
f 1958/2348/1173 1959/2349/1174 1983/2356/1181 1982/2357/1182
f 1948/2341/1166 1949/2340/1165 1973/2358/1183 1972/2359/1184
f 1955/2327/1152 1956/2346/1171 1980/2360/1185 1979/2328/1153
f 1952/2344/1169 1953/2345/1170 1977/2361/1186 1976/2354/1179
f 1959/2349/1174 1948/2341/1166 1972/2359/1184 1983/2356/1181
f 1949/2340/1165 1950/2342/1167 1974/2362/1187 1973/2358/1183
f 1956/2346/1171 1957/2347/1172 1981/2363/1188 1980/2360/1185
f 1953/2345/1170 1954/2326/1151 1978/2329/1154 1977/2361/1186
f 1950/2342/1167 1951/2343/1168 1975/2355/1180 1974/2362/1187
f 1957/2347/1172 1958/2348/1173 1982/2357/1182 1981/2363/1188
f 2093/2364/1189 2092/2365/1190 2107/2366/1191 2106/2367/1192
f 2071/2368/1193 2070/2369/1194 1991/2370/1195 1990/2371/1196
f 2073/2372/1197 2072/2373/1198 1988/2374/1199 1987/2375/1200
f 2068/2351/1176 2074/2376/1201 1995/2377/1202 1994/2352/1177
f 2076/2378/1203 2075/2379/1204 1985/2380/1205 1984/2381/1206
f 2070/2369/1194 2077/2382/1207 1992/2383/1208 1991/2370/1195
f 2072/2373/1198 2078/2384/1209 1989/2385/1210 1988/2374/1199
f 2074/2376/1201 2076/2378/1203 1984/2381/1206 1995/2377/1202
f 2075/2379/1204 2079/2386/1211 1986/2387/1212 1985/2380/1205
f 2077/2382/1207 2069/2350/1175 1993/2353/1178 1992/2383/1208
f 2078/2384/1209 2071/2368/1193 1990/2371/1196 1989/2385/1210
f 2079/2386/1211 2073/2372/1197 1987/2375/1200 1986/2387/1212
f 1996/2388/951 1997/2389/951 1998/2390/951 1999/2391/951 2000/2392/951 2001/2393/951 2002/2394/951 2003/2395/951 2004/2396/951 2005/2397/951 2006/2398/951 2007/2399/951
f 2095/2400/1213 2094/2401/1214 2114/2402/1215 2113/2403/1216
f 2097/2404/1217 2096/2405/1218 2111/2406/1219 2110/2407/1220
f 2092/2365/1190 2098/2408/1221 2108/2409/1222 2107/2366/1191
f 2094/2401/1214 2099/2410/1223 2115/2411/1224 2114/2402/1215
f 2101/2412/1225 2100/2413/1226 2105/2414/1227 2104/2415/1228
f 2096/2405/1218 2102/2416/1229 2112/2417/1230 2111/2406/1219
f 2098/2408/1221 2103/2418/1231 2109/2419/1232 2108/2409/1222
f 2099/2410/1223 2101/2412/1225 2104/2415/1228 2115/2411/1224
f 2100/2413/1226 2093/2364/1189 2106/2367/1192 2105/2414/1227
f 2102/2416/1229 2095/2400/1213 2113/2403/1216 2112/2417/1230
f 2103/2418/1231 2097/2404/1217 2110/2407/1220 2109/2419/1232
f 1865/2420/1233 1863/2421/1234 2019/2422/1140 2012/2423/1134
f 1871/2424/1235 1869/2425/1236 2018/2426/1139 2010/2427/1132
f 1857/2428/1237 1855/2429/1238 2017/2430/1137 2008/2431/1100
f 1853/2432/1239 1875/2433/1240 2015/2434/1136 2016/2435/1138
f 1863/2421/1234 1861/2436/1241 2014/2437/1135 2019/2422/1140
f 1869/2425/1236 1867/2438/1242 2013/2439/1133 2018/2426/1139
f 1855/2429/1238 1853/2432/1239 2016/2435/1138 2017/2430/1137
f 1875/2433/1240 1873/2440/1243 2011/2441/1131 2015/2434/1136
f 1861/2436/1241 1859/2442/1244 2009/2443/1099 2014/2437/1135
f 1867/2438/1242 1865/2420/1233 2012/2423/1134 2013/2439/1133
f 1873/2440/1243 1871/2424/1235 2010/2427/1132 2011/2441/1131
f 1859/2442/1244 1857/2428/1237 2008/2431/1100 2009/2443/1099
f 1899/2223/1104 2031/2190/1104 2020/2192/1077 1888/2224/1077
f 1898/2225/1098 2030/2184/1098 2031/2190/1104 1899/2223/1104
f 1897/2226/1096 2029/2182/1096 2030/2184/1098 1898/2225/1098
f 1896/2227/1094 2028/2180/1094 2029/2182/1096 1897/2226/1096
f 1895/2228/1092 2027/2178/1092 2028/2180/1094 1896/2227/1094
f 1894/2229/1090 2026/2176/1090 2027/2178/1092 1895/2228/1092
f 1893/2230/1088 2025/2174/1088 2026/2176/1090 1894/2229/1090
f 1892/2231/1086 2024/2172/1086 2025/2174/1088 1893/2230/1088
f 1891/2232/1084 2023/2170/1084 2024/2172/1086 1892/2231/1086
f 1890/2233/1082 2022/2168/1082 2023/2170/1084 1891/2232/1084
f 1889/2234/1080 2021/2166/1080 2022/2168/1082 1890/2233/1082
f 1888/2235/1077 2020/2163/1077 2021/2166/1080 1889/2234/1080
f 2055/2444/952 2044/2445/952 2032/2260/952 2043/2282/952
f 2054/2446/952 2055/2444/952 2043/2282/952 2042/2280/952
f 2053/2447/952 2054/2446/952 2042/2280/952 2041/2278/952
f 2052/2448/952 2053/2447/952 2041/2278/952 2040/2276/952
f 2051/2449/952 2052/2448/952 2040/2276/952 2039/2274/952
f 2050/2450/952 2051/2449/952 2039/2274/952 2038/2272/952
f 2049/2451/952 2050/2450/952 2038/2272/952 2037/2270/952
f 2048/2452/952 2049/2451/952 2037/2270/952 2036/2268/952
f 2047/2453/952 2048/2452/952 2036/2268/952 2035/2266/952
f 2046/2454/952 2047/2453/952 2035/2266/952 2034/2264/952
f 2045/2455/952 2046/2454/952 2034/2264/952 2033/2261/952
f 2044/2445/952 2045/2455/952 2033/2261/952 2032/2260/952
f 1853/2432/1239 1855/2429/1238 2045/2455/952 2044/2445/952
f 1855/2429/1238 1857/2428/1237 2046/2454/952 2045/2455/952
f 1857/2428/1237 1859/2442/1244 2047/2453/952 2046/2454/952
f 1859/2442/1244 1861/2436/1241 2048/2452/952 2047/2453/952
f 1861/2436/1241 1863/2421/1234 2049/2451/952 2048/2452/952
f 1863/2421/1234 1865/2420/1233 2050/2450/952 2049/2451/952
f 1865/2420/1233 1867/2438/1242 2051/2449/952 2050/2450/952
f 1867/2438/1242 1869/2425/1236 2052/2448/952 2051/2449/952
f 1869/2425/1236 1871/2424/1235 2053/2447/952 2052/2448/952
f 1871/2424/1235 1873/2440/1243 2054/2446/952 2053/2447/952
f 1873/2440/1243 1875/2433/1240 2055/2444/952 2054/2446/952
f 1875/2433/1240 1853/2432/1239 2044/2445/952 2055/2444/952
f 2012/2423/1134 2019/2422/1140 2067/2303/1140 2058/2297/1134
f 2010/2427/1132 2018/2426/1139 2066/2302/1139 2057/2295/1132
f 2008/2431/1100 2017/2430/1137 2065/2300/1137 2056/2186/1100
f 2016/2435/1138 2015/2434/1136 2064/2299/1136 2059/2301/1138
f 2019/2422/1140 2014/2437/1135 2063/2298/1135 2067/2303/1140
f 2018/2426/1139 2013/2439/1133 2062/2296/1133 2066/2302/1139
f 2017/2430/1137 2016/2435/1138 2059/2301/1138 2065/2300/1137
f 2015/2434/1136 2011/2441/1131 2061/2294/1131 2064/2299/1136
f 2014/2437/1135 2009/2443/1099 2060/2185/1099 2063/2298/1135
f 2013/2439/1133 2012/2423/1134 2058/2297/1134 2062/2296/1133
f 2011/2441/1131 2010/2427/1132 2057/2295/1132 2061/2294/1131
f 2009/2443/1099 2008/2431/1100 2056/2186/1100 2060/2185/1099
f 1974/2362/1187 1975/2355/1180 2073/2372/1197 2079/2386/1211
f 1977/2361/1186 1978/2329/1154 2071/2368/1193 2078/2384/1209
f 1980/2360/1185 1981/2363/1188 2069/2350/1175 2077/2382/1207
f 1973/2358/1183 1974/2362/1187 2079/2386/1211 2075/2379/1204
f 1983/2356/1181 1972/2359/1184 2076/2378/1203 2074/2376/1201
f 1976/2354/1179 1977/2361/1186 2078/2384/1209 2072/2373/1198
f 1979/2328/1153 1980/2360/1185 2077/2382/1207 2070/2369/1194
f 1972/2359/1184 1973/2358/1183 2075/2379/1204 2076/2378/1203
f 1982/2357/1182 1983/2356/1181 2074/2376/1201 2068/2351/1176
f 1975/2355/1180 1976/2354/1179 2072/2373/1198 2073/2372/1197
f 1978/2329/1154 1979/2328/1153 2070/2369/1194 2071/2368/1193
f 1981/2363/1188 1982/2357/1182 2068/2351/1176 2069/2350/1175
f 1936/2306/951 1947/2325/951 2091/2258/951 2081/2237/951
f 1947/2325/951 1946/2323/951 2090/2256/951 2091/2258/951
f 1946/2323/951 1945/2321/951 2089/2254/951 2090/2256/951
f 1945/2321/951 1944/2319/951 2088/2252/951 2089/2254/951
f 1944/2319/951 1943/2317/951 2087/2250/951 2088/2252/951
f 1943/2317/951 1942/2315/951 2086/2248/951 2087/2250/951
f 1942/2315/951 1941/2313/951 2085/2246/951 2086/2248/951
f 1941/2313/951 1940/2311/951 2084/2244/951 2085/2246/951
f 1940/2311/951 1939/2310/951 2083/2242/951 2084/2244/951
f 1939/2310/951 1938/2309/951 2082/2240/951 2083/2242/951
f 1938/2309/951 1937/2307/951 2080/2236/951 2082/2240/951
f 1937/2307/951 1936/2306/951 2081/2237/951 2080/2236/951
f 1989/2385/1210 1990/2371/1196 2097/2404/1217 2103/2418/1231
f 1992/2383/1208 1993/2353/1178 2095/2400/1213 2102/2416/1229
f 1985/2380/1205 1986/2387/1212 2093/2364/1189 2100/2413/1226
f 1995/2377/1202 1984/2381/1206 2101/2412/1225 2099/2410/1223
f 1988/2374/1199 1989/2385/1210 2103/2418/1231 2098/2408/1221
f 1991/2370/1195 1992/2383/1208 2102/2416/1229 2096/2405/1218
f 1984/2381/1206 1985/2380/1205 2100/2413/1226 2101/2412/1225
f 1994/2352/1177 1995/2377/1202 2099/2410/1223 2094/2401/1214
f 1987/2375/1200 1988/2374/1199 2098/2408/1221 2092/2365/1190
f 1990/2371/1196 1991/2370/1195 2096/2405/1218 2097/2404/1217
f 1993/2353/1178 1994/2352/1177 2094/2401/1214 2095/2400/1213
f 1986/2387/1212 1987/2375/1200 2092/2365/1190 2093/2364/1189
f 1997/2389/951 1996/2388/951 2104/2415/1228 2105/2414/1227
f 1998/2390/951 1997/2389/951 2105/2414/1227 2106/2367/1192
f 1999/2391/951 1998/2390/951 2106/2367/1192 2107/2366/1191
f 2000/2392/951 1999/2391/951 2107/2366/1191 2108/2409/1222
f 2001/2393/951 2000/2392/951 2108/2409/1222 2109/2419/1232
f 2002/2394/951 2001/2393/951 2109/2419/1232 2110/2407/1220
f 2003/2395/951 2002/2394/951 2110/2407/1220 2111/2406/1219
f 2004/2396/951 2003/2395/951 2111/2406/1219 2112/2417/1230
f 2005/2397/951 2004/2396/951 2112/2417/1230 2113/2403/1216
f 2006/2398/951 2005/2397/951 2113/2403/1216 2114/2402/1215
f 2007/2399/951 2006/2398/951 2114/2402/1215 2115/2411/1224
f 1996/2388/951 2007/2399/951 2115/2411/1224 2104/2415/1228
v -0.000000 -0.201453 -1.826440
v -0.000000 -0.282219 0.681426
v 0.089246 -0.225366 -1.826440
v 0.059969 -0.303009 0.696452
v 0.154579 -0.290699 -1.826440
v 0.103870 -0.359807 0.737505
v 0.178493 -0.379945 -1.826440
v 0.119938 -0.437395 0.793584
v 0.154579 -0.469192 -1.826440
v 0.103870 -0.514983 0.849663
v 0.089246 -0.534524 -1.826440
v 0.059969 -0.571782 0.890716
v 0.000000 -0.596032 -1.826440
v -0.089246 -0.534525 -1.826440
v -0.059969 -0.571782 0.890716
v -0.154579 -0.469192 -1.826440
v -0.103870 -0.514983 0.849663
v -0.178493 -0.379945 -1.826440
v -0.119938 -0.437395 0.793584
v -0.154579 -0.290699 -1.826440
v -0.103870 -0.359807 0.737505
v -0.089246 -0.225366 -1.826440
v -0.059969 -0.303009 0.696452
v -0.000000 -0.245929 -1.352974
v -0.000000 -0.245929 -0.879509
v -0.000000 -0.245929 -0.406043
v -0.000000 -0.245929 -0.120918
v 0.095733 -0.271581 -0.120918
v 0.095733 -0.271581 -0.406043
v 0.095733 -0.271581 -0.879509
v 0.095733 -0.271581 -1.352974
v 0.165814 -0.341662 -0.120918
v 0.165814 -0.341662 -0.406043
v 0.165814 -0.341662 -0.879509
v 0.165814 -0.341662 -1.352974
v 0.191466 -0.437395 -0.120918
v 0.191466 -0.437395 -0.406043
v 0.191466 -0.437395 -0.879509
v 0.191466 -0.437395 -1.352974
v 0.165814 -0.533128 -0.120918
v 0.165814 -0.533128 -0.406043
v 0.165814 -0.533128 -0.879509
v 0.165814 -0.533128 -1.352974
v 0.065283 -0.603209 -0.120918
v 0.095733 -0.603209 -0.406043
v 0.095733 -0.603209 -0.879509
v 0.095733 -0.603209 -1.352974
v 0.000000 -0.666455 -0.239880
v 0.000000 -0.666455 -0.406043
v 0.000000 -0.666455 -0.879509
v 0.000000 -0.666455 -1.352974
v -0.065283 -0.603210 -0.120918
v -0.095733 -0.603210 -0.406043
v -0.095733 -0.603209 -0.879509
v -0.095733 -0.603209 -1.352974
v -0.165814 -0.533128 -0.120918
v -0.165814 -0.533128 -0.406043
v -0.165814 -0.533128 -0.879509
v -0.165814 -0.533128 -1.352974
v -0.191466 -0.437395 -0.120918
v -0.191466 -0.437395 -0.406043
v -0.191466 -0.437395 -0.879509
v -0.191466 -0.437395 -1.352974
v -0.165814 -0.341662 -0.120918
v -0.165814 -0.341662 -0.406043
v -0.165814 -0.341662 -0.879509
v -0.165814 -0.341662 -1.352974
v -0.095733 -0.271581 -0.120918
v -0.095733 -0.271581 -0.406043
v -0.095733 -0.271581 -0.879509
v -0.095733 -0.271581 -1.352974
v 0.050097 -0.106530 0.953553
v -0.000000 -0.101976 0.932613
v 0.086770 -0.118971 1.010760
v 0.100194 -0.135967 1.088906
v 0.086770 -0.152962 1.167053
v 0.050097 -0.165404 1.224260
v 0.000000 -0.207552 1.245199
v -0.050097 -0.165404 1.224260
v -0.086770 -0.152962 1.167053
v -0.100194 -0.135967 1.088906
v -0.086771 -0.118971 1.010760
v -0.050097 -0.106529 0.953553
v 0.110066 -0.342890 0.990639
v 0.095320 -0.400177 1.057244
v -0.055033 -0.243665 0.875275
v -0.000000 -0.228315 0.857428
v 0.055033 -0.243665 0.875275
v 0.095320 -0.285602 0.924033
v -0.095320 -0.285603 0.924033
v -0.110066 -0.342890 0.990639
v -0.095320 -0.400177 1.057244
v -0.049476 -0.498510 1.106002
v 0.000000 -0.495058 1.123849
v 0.049476 -0.498510 1.106002
v 0.000000 -0.909601 0.905743
v 0.040524 -0.851218 0.890716
v -0.040524 -0.851218 0.890716
v 0.027635 -0.882645 0.067423
v 0.000000 -0.945891 0.067423
v -0.027635 -0.882646 0.067423
v -0.037189 -0.662999 1.106002
v 0.000000 -0.715943 1.123849
v 0.037189 -0.662999 1.106002
v -0.000002 0.115596 -3.391274
v 0.054465 0.094534 -3.402598
v 0.094338 0.036990 -3.433534
v 0.108932 -0.041617 -3.475793
v 0.094338 -0.120224 -3.518053
v 0.054465 -0.177768 -3.548989
v -0.000002 -0.234997 -3.570574
v -0.054469 -0.177768 -3.548989
v -0.094342 -0.120224 -3.518053
v -0.108937 -0.041617 -3.475793
v -0.094342 0.036990 -3.433534
v -0.054470 0.094534 -3.402598
v 0.062749 -0.622022 -0.108238
v 0.058660 -0.590594 0.890716
v 0.000000 -0.509929 1.123849
v -0.048396 -0.513381 1.106002
v 0.000000 -0.685267 -0.219192
v -0.062749 -0.622022 -0.108238
v 0.048396 -0.513381 1.106002
v -0.058660 -0.590594 0.890716
v 0.041051 -0.843652 0.890716
v -0.037672 -0.657018 1.106002
v -0.041051 -0.843652 0.890716
v 0.028654 -0.875079 0.062323
v 0.000000 -0.709962 1.123849
v 0.000000 -0.938325 0.059102
v -0.028654 -0.875079 0.062323
v 0.037672 -0.657018 1.106002
v 0.011684 -0.592901 -1.826440
v 0.012533 -0.663097 -1.352974
v 0.012533 -0.663097 -0.879509
v 0.012533 -0.663097 -0.406043
v 0.008547 -0.663097 -0.224306
v 0.006559 -0.206956 1.242458
v 0.007205 -0.493049 1.121512
v 0.005305 -0.906879 0.903776
v 0.003618 -0.942533 0.067423
v 0.004869 -0.713933 1.121512
v 0.007129 -0.232239 -3.569092
v 0.007048 -0.507919 1.121512
v 0.008215 -0.681909 -0.204666
v 0.004932 -0.707952 1.121512
v 0.003751 -0.934967 0.059524
v -0.011334 -0.592995 -1.826440
v -0.012158 -0.663197 -1.352974
v -0.012158 -0.663197 -0.879509
v -0.012158 -0.663197 -0.406043
v -0.008291 -0.663197 -0.224772
v -0.006362 -0.206974 1.242540
v -0.006989 -0.493109 1.121582
v -0.005146 -0.906961 0.903835
v -0.003510 -0.942633 0.067423
v -0.004723 -0.713993 1.121582
v -0.006919 -0.232322 -3.569136
v -0.006836 -0.507979 1.121582
v -0.007969 -0.682010 -0.205101
v -0.004784 -0.708012 1.121582
v -0.003639 -0.935067 0.059511
vt 1.000000 0.900000
vt 1.000000 1.000000
vt 0.916667 1.000000
vt 0.916667 0.900000
vt 0.833333 1.000000
vt 0.833333 0.900000
vt 0.750000 1.000000
vt 0.750000 0.900000
vt 0.666667 1.000000
vt 0.666667 0.900000
vt 0.583333 1.000000
vt 0.583333 0.900000
vt 0.489417 0.900000
vt 0.500000 0.900000
vt 0.500000 0.900000
vt 0.489417 0.900000
vt 0.510910 0.900000
vt 0.583333 0.900000
vt 0.583333 0.900000
vt 0.510910 0.900000
vt 0.416667 0.900000
vt 0.416667 1.000000
vt 0.333333 1.000000
vt 0.333333 0.900000
vt 0.250000 1.000000
vt 0.250000 0.900000
vt 0.166667 1.000000
vt 0.166667 0.900000
vt 0.666667 1.000000
vt 0.750000 1.000000
vt 0.750000 1.000000
vt 0.666667 1.000000
vt 0.083333 1.000000
vt 0.083333 0.900000
vt 0.000000 1.000000
vt 0.000000 0.900000
vt 0.916667 0.500000
vt 0.833333 0.500000
vt 0.833333 0.500000
vt 0.916667 0.500000
vt 0.083333 0.500000
vt 0.083333 0.600000
vt 0.000000 0.600000
vt 0.000000 0.500000
vt 0.083333 0.700000
vt 0.000000 0.700000
vt 0.083333 0.800000
vt 0.000000 0.800000
vt 0.166667 0.500000
vt 0.166667 0.600000
vt 0.166667 0.700000
vt 0.166667 0.800000
vt 0.250000 0.500000
vt 0.250000 0.600000
vt 0.250000 0.700000
vt 0.250000 0.800000
vt 0.333333 0.500000
vt 0.333333 0.600000
vt 0.333333 0.700000
vt 0.333333 0.800000
vt 0.416667 0.500000
vt 0.416667 0.600000
vt 0.416667 0.700000
vt 0.416667 0.800000
vt 0.489417 0.500000
vt 0.489417 0.600000
vt 0.489417 0.700000
vt 0.489417 0.800000
vt 0.489417 0.900000
vt 0.510910 0.500000
vt 0.510910 0.600000
vt 0.500000 0.600000
vt 0.500000 0.500000
vt 0.510910 0.700000
vt 0.500000 0.700000
vt 0.510910 0.800000
vt 0.500000 0.800000
vt 0.510910 0.900000
vt 0.500000 0.900000
vt 0.666667 0.500000
vt 0.666667 0.600000
vt 0.583333 0.600000
vt 0.583333 0.500000
vt 0.666667 0.700000
vt 0.583333 0.700000
vt 0.666667 0.800000
vt 0.583333 0.800000
vt 0.750000 0.500000
vt 0.750000 0.600000
vt 0.750000 0.700000
vt 0.750000 0.800000
vt 0.833333 0.600000
vt 0.833333 0.700000
vt 0.833333 0.800000
vt 0.916667 0.600000
vt 0.916667 0.700000
vt 0.916667 0.800000
vt 1.000000 0.500000
vt 1.000000 0.600000
vt 1.000000 0.700000
vt 1.000000 0.800000
vt 0.370000 0.457846
vt 0.250000 0.490000
vt 0.130000 0.457846
vt 0.042154 0.370000
vt 0.010000 0.250000
vt 0.042154 0.130000
vt 0.130000 0.042154
vt 0.234760 0.014083
vt 0.250000 0.010000
vt 0.265710 0.014210
vt 0.370000 0.042154
vt 0.457846 0.130000
vt 0.490000 0.250000
vt 0.457846 0.370000
vt 0.000000 1.000000
vt 0.083333 1.000000
vt 0.083333 1.000000
vt 0.000000 1.000000
vt 0.916667 1.000000
vt 1.000000 1.000000
vt 1.000000 1.000000
vt 0.916667 1.000000
vt 0.833333 1.000000
vt 0.833333 1.000000
vt 0.166667 1.000000
vt 0.166667 1.000000
vt 0.250000 1.000000
vt 0.250000 1.000000
vt 0.333333 1.000000
vt 0.333333 1.000000
vt 0.416667 1.000000
vt 0.416667 1.000000
vt 0.489417 1.000000
vt 0.500000 1.000000
vt 0.500000 1.000000
vt 0.489417 1.000000
vt 0.510910 1.000000
vt 0.583333 1.000000
vt 0.583333 1.000000
vt 0.510910 1.000000
vt 0.583333 1.000000
vt 0.583333 1.000000
vt 0.489417 1.000000
vt 0.416667 1.000000
vt 0.416667 1.000000
vt 0.489417 1.000000
vt 0.510910 1.000000
vt 0.500000 1.000000
vt 0.489417 1.000000
vt 0.416667 1.000000
vt 0.416667 0.900000
vt 0.583333 1.000000
vt 0.510910 1.000000
vt 0.500000 1.000000
vt 0.510910 1.000000
vt 0.500000 1.000000
vt 0.583333 1.000000
vt 0.416667 1.000000
vt 0.416667 0.900000
vt 0.750000 0.490000
vt 0.870000 0.457846
vt 0.957846 0.370000
vt 0.990000 0.250000
vt 0.957846 0.130000
vt 0.870000 0.042154
vt 0.765710 0.014210
vt 0.750000 0.010000
vt 0.734760 0.014083
vt 0.630000 0.042154
vt 0.542154 0.130000
vt 0.510000 0.250000
vt 0.542154 0.370000
vt 0.630000 0.457846
vt 0.166667 0.500000
vt 0.250000 0.500000
vt 0.333333 0.500000
vt 0.416667 0.500000
vt 0.489417 0.500000
vt 0.500000 0.500000
vt 0.510910 0.500000
vt 0.583333 0.500000
vt 0.666667 0.500000
vt 0.750000 0.500000
vt 0.000000 0.500000
vt 0.083333 0.500000
vt 1.000000 0.500000
vt 0.416667 0.900000
vt 0.416667 1.000000
vt 0.416667 1.000000
vt 0.583333 1.000000
vt 0.583333 1.000000
vt 0.500000 1.000000
vt 0.510910 1.000000
vt 0.489417 1.000000
vt 0.583333 0.900000
vt 0.510910 0.900000
vt 0.500000 0.900000
vt 0.489417 0.900000
vn 0.0000 0.9997 0.0239
vn 0.0000 0.9945 -0.1047
vn 0.5878 0.8049 -0.0807
vn 0.5144 0.8571 0.0282
vn 0.9140 0.4053 -0.0184
vn 0.8711 0.4899 0.0354
vn 0.9986 -0.0095 0.0515
vn 0.9992 0.0114 0.0375
vn 0.8954 -0.4314 0.1101
vn 0.8528 -0.5207 0.0384
vn 0.9498 -0.2974 0.0970
vn 0.8107 -0.5830 -0.0534
vn -0.8055 -0.4342 -0.4031
vn -0.0000 -0.7349 -0.6782
vn 0.0000 -0.9610 -0.2764
vn -0.7427 -0.6254 -0.2393
vn 0.8059 -0.4339 -0.4028
vn 0.9607 -0.2249 -0.1625
vn 0.9435 -0.3016 -0.1372
vn 0.7429 -0.6250 -0.2393
vn -0.8106 -0.5831 -0.0536
vn -0.9498 -0.2974 0.0970
vn -0.8954 -0.4314 0.1101
vn -0.8528 -0.5207 0.0384
vn -0.9986 -0.0095 0.0515
vn -0.9992 0.0114 0.0375
vn -0.9140 0.4053 -0.0184
vn -0.8711 0.4899 0.0354
vn 0.9381 -0.1963 0.2853
vn 0.9987 0.0085 0.0509
vn 0.7280 0.6564 0.1977
vn 0.7009 0.5631 0.4376
vn -0.5878 0.8049 -0.0807
vn -0.5144 0.8571 0.0282
vn 0.5352 0.8370 0.1142
vn 0.8845 0.4644 0.0435
vn 0.6387 0.5725 -0.5141
vn 0.4095 0.8224 -0.3948
vn -0.5352 0.8370 0.1142
vn -0.5040 0.8628 0.0387
vn 0.0000 0.9989 0.0472
vn 0.0000 0.9893 0.1454
vn -0.5000 0.8660 0.0000
vn 0.0000 1.0000 0.0000
vn -0.8845 0.4644 0.0435
vn -0.8702 0.4924 0.0157
vn -0.8660 0.5000 0.0000
vn -0.9994 0.0010 -0.0340
vn -0.9998 -0.0098 -0.0148
vn -1.0000 0.0000 0.0000
vn -0.8794 -0.4646 -0.1035
vn -0.8610 -0.5067 -0.0444
vn -0.8660 -0.5000 0.0000
vn -0.8536 -0.5208 0.0088
vn -0.6858 -0.7150 -0.1355
vn -0.6466 -0.7606 -0.0586
vn -0.6472 -0.7623 0.0000
vn -0.6396 -0.7684 0.0199
vn -0.4634 -0.8722 -0.1567
vn -0.4261 -0.9022 -0.0670
vn -0.4279 -0.9038 0.0000
vn -0.4518 -0.8920 0.0127
vn -0.7676 -0.6163 -0.1760
vn 0.4640 -0.8719 -0.1567
vn 0.4267 -0.9019 -0.0670
vn 0.0000 -0.9973 -0.0729
vn 0.0000 -0.9847 -0.1741
vn 0.4285 -0.9035 0.0000
vn 0.0000 -1.0000 0.0000
vn 0.4524 -0.8917 0.0128
vn 0.0000 -1.0000 0.0018
vn 0.7680 -0.6157 -0.1759
vn 0.0000 -0.9917 -0.1284
vn 0.8794 -0.4646 -0.1035
vn 0.8610 -0.5067 -0.0444
vn 0.6471 -0.7601 -0.0586
vn 0.6863 -0.7146 -0.1354
vn 0.8660 -0.5000 0.0000
vn 0.6478 -0.7618 0.0000
vn 0.8536 -0.5208 0.0088
vn 0.6401 -0.7680 0.0199
vn 0.9994 0.0010 -0.0340
vn 0.9998 -0.0098 -0.0148
vn 1.0000 0.0000 0.0000
vn 0.8702 0.4924 0.0157
vn 0.8660 0.5000 0.0000
vn 0.5040 0.8628 0.0387
vn 0.5000 0.8660 0.0000
vn 0.4700 0.8269 -0.3087
vn 0.0000 0.8776 -0.4794
vn -0.4700 0.8269 -0.3087
vn -0.6699 0.7414 -0.0403
vn -0.7280 0.6564 0.1977
vn -0.7009 0.5631 0.4376
vn -0.5300 0.5291 0.6626
vn -0.3735 0.2740 0.8862
vn 0.0000 0.3514 0.9362
vn 0.3739 0.2734 0.8862
vn 0.5302 0.5293 0.6624
vn 0.6699 0.7414 -0.0402
vn 0.0000 0.7947 -0.6070
vn -0.6848 0.5785 -0.4431
vn 0.6848 0.5785 -0.4431
vn 0.9472 0.2630 -0.1834
vn -0.9472 0.2630 -0.1834
vn -0.9987 0.0085 0.0509
vn -0.9381 -0.1963 0.2853
vn -0.7708 -0.2181 0.5985
vn -0.3880 -0.1965 0.9004
vn 0.0000 -0.1735 0.9848
vn 0.3882 -0.1966 0.9004
vn 0.7709 -0.2180 0.5985
vn 0.9954 -0.0885 0.0363
vn 0.9409 -0.3100 0.1365
vn -0.4175 -0.0108 0.9086
vn -0.8155 -0.0511 0.5765
vn -0.8259 -0.1366 0.5470
vn -0.6341 -0.3319 0.6984
vn 0.7222 -0.6451 0.2495
vn 0.0000 -0.9129 0.4081
vn -0.7219 -0.6454 0.2497
vn -0.9406 -0.3106 0.1367
vn -0.9432 -0.3023 -0.1375
vn 0.8260 -0.1363 0.5469
vn 0.6344 -0.3318 0.6981
vn 0.0000 -0.4407 0.8976
vn 0.4176 -0.0109 0.9086
vn 0.0000 -0.0023 1.0000
vn 0.8155 -0.0511 0.5765
vn -0.9954 -0.0885 0.0363
vn -0.9606 -0.2251 -0.1628
vn 0.0000 0.9480 -0.3183
vn 0.7276 0.2885 -0.6224
vn 0.6866 -0.0299 -0.7264
vn 0.5648 -0.1720 -0.8070
vn 0.4224 -0.3882 -0.8190
vn 0.0000 -0.5307 -0.8475
vn -0.4219 -0.3883 -0.8193
vn -0.5645 -0.1726 -0.8071
vn -0.6866 -0.0299 -0.7264
vn -0.7276 0.2885 -0.6224
vn -0.6387 0.5725 -0.5141
vn -0.4095 0.8224 -0.3948
vn -0.9633 -0.2200 -0.1538
vn -0.9955 -0.0857 0.0388
vn -0.8053 -0.0503 0.5907
vn 0.8054 -0.0503 0.5906
vn 0.9955 -0.0857 0.0388
vn 0.0000 -0.0019 1.0000
vn 0.3510 -0.0081 0.9363
vn -0.3509 -0.0081 0.9363
vn 0.9633 -0.2198 -0.1536
vn 0.8503 -0.3872 -0.3565
vn 0.0000 -0.7370 -0.6758
vn -0.8501 -0.3873 -0.3566
usemtl None
s 1
f 2142/2456/1245 2117/2457/1246 2119/2458/1247 2143/2459/1248
f 2143/2459/1248 2119/2458/1247 2121/2460/1249 2147/2461/1250
f 2147/2461/1250 2121/2460/1249 2123/2462/1251 2151/2463/1252
f 2151/2463/1252 2123/2462/1251 2125/2464/1253 2155/2465/1254
f 2155/2465/1254 2125/2464/1253 2127/2466/1255 2159/2467/1256
f 2277/2468/1257 2245/2469/1258 2215/2470/1259 2271/2471/1260
f 2262/2472/1261 2243/2473/1262 2214/2474/1263 2256/2475/1264
f 2167/2476/1265 2130/2477/1266 2132/2478/1267 2171/2479/1268
f 2171/2479/1268 2132/2478/1267 2134/2480/1269 2175/2481/1270
f 2175/2481/1270 2134/2480/1269 2136/2482/1271 2179/2483/1272
f 2200/2484/1273 2199/2485/1274 2190/2486/1275 2191/2487/1276
f 2179/2483/1272 2136/2482/1271 2138/2488/1277 2183/2489/1278
f 2183/2489/1278 2138/2488/1277 2117/2490/1246 2142/2491/1245
f 2118/2492/1279 2120/2493/1280 2222/2494/1281 2221/2495/1282
f 2137/2496/1283 2186/2497/1284 2139/2498/1285 2116/2499/1286
f 2186/2497/1284 2185/2500/1287 2140/2501/1288 2139/2498/1285
f 2185/2500/1287 2184/2502/1287 2141/2503/1288 2140/2501/1288
f 2184/2502/1287 2183/2489/1278 2142/2491/1245 2141/2503/1288
f 2135/2504/1289 2182/2505/1290 2186/2497/1284 2137/2496/1283
f 2182/2505/1290 2181/2506/1291 2185/2500/1287 2186/2497/1284
f 2181/2506/1291 2180/2507/1291 2184/2502/1287 2185/2500/1287
f 2180/2507/1291 2179/2483/1272 2183/2489/1278 2184/2502/1287
f 2133/2508/1292 2178/2509/1293 2182/2505/1290 2135/2504/1289
f 2178/2509/1293 2177/2510/1294 2181/2506/1291 2182/2505/1290
f 2177/2510/1294 2176/2511/1294 2180/2507/1291 2181/2506/1291
f 2176/2511/1294 2175/2481/1270 2179/2483/1272 2180/2507/1291
f 2131/2512/1295 2174/2513/1296 2178/2509/1293 2133/2508/1292
f 2174/2513/1296 2173/2514/1297 2177/2510/1294 2178/2509/1293
f 2173/2514/1297 2172/2515/1298 2176/2511/1294 2177/2510/1294
f 2172/2515/1298 2171/2479/1268 2175/2481/1270 2176/2511/1294
f 2129/2516/1299 2170/2517/1300 2174/2513/1296 2131/2512/1295
f 2170/2517/1300 2169/2518/1301 2173/2514/1297 2174/2513/1296
f 2169/2518/1301 2168/2519/1302 2172/2515/1298 2173/2514/1297
f 2168/2519/1302 2167/2476/1265 2171/2479/1268 2172/2515/1298
f 2263/2520/1303 2264/2521/1304 2170/2517/1300 2129/2516/1299
f 2264/2521/1304 2265/2522/1305 2169/2518/1301 2170/2517/1300
f 2265/2522/1305 2266/2523/1306 2168/2519/1302 2169/2518/1301
f 2266/2523/1306 2267/2524/1307 2167/2476/1265 2168/2519/1302
f 2248/2525/1308 2249/2526/1309 2166/2527/1310 2128/2528/1311
f 2249/2526/1309 2250/2529/1312 2165/2530/1313 2166/2527/1310
f 2250/2529/1312 2251/2531/1314 2164/2532/1315 2165/2530/1313
f 2251/2531/1314 2252/2533/1316 2163/2534/1317 2164/2532/1315
f 2124/2535/1318 2158/2536/1319 2162/2537/1320 2126/2538/1321
f 2158/2536/1319 2157/2539/1322 2161/2540/1323 2162/2537/1320
f 2157/2539/1322 2156/2541/1324 2160/2542/1325 2161/2540/1323
f 2156/2541/1324 2155/2465/1254 2159/2467/1256 2160/2542/1325
f 2122/2543/1326 2154/2544/1327 2158/2536/1319 2124/2535/1318
f 2154/2544/1327 2153/2545/1328 2157/2539/1322 2158/2536/1319
f 2153/2545/1328 2152/2546/1328 2156/2541/1324 2157/2539/1322
f 2152/2546/1328 2151/2463/1252 2155/2465/1254 2156/2541/1324
f 2120/2493/1280 2150/2547/1329 2154/2544/1327 2122/2543/1326
f 2150/2547/1329 2149/2548/1330 2153/2545/1328 2154/2544/1327
f 2149/2548/1330 2148/2549/1330 2152/2546/1328 2153/2545/1328
f 2148/2549/1330 2147/2461/1250 2151/2463/1252 2152/2546/1328
f 2118/2492/1279 2146/2550/1331 2150/2547/1329 2120/2493/1280
f 2146/2550/1331 2145/2551/1332 2149/2548/1330 2150/2547/1329
f 2145/2551/1332 2144/2552/1332 2148/2549/1330 2149/2548/1330
f 2144/2552/1332 2143/2459/1248 2147/2461/1250 2148/2549/1330
f 2116/2553/1286 2139/2554/1285 2146/2550/1331 2118/2492/1279
f 2139/2554/1285 2140/2555/1288 2145/2551/1332 2146/2550/1331
f 2140/2555/1288 2141/2556/1288 2144/2552/1332 2145/2551/1332
f 2141/2556/1288 2142/2456/1245 2143/2459/1248 2144/2552/1332
f 2187/2557/1333 2188/2558/1334 2198/2559/1335 2197/2560/1336 2196/2561/1337 2195/2562/1338 2194/2563/1339 2268/2564/1340 2193/2565/1341 2253/2566/1342 2192/2567/1343 2191/2568/1276 2190/2569/1275 2189/2570/1344
f 2202/2571/1345 2201/2572/1346 2198/2573/1335 2188/2574/1334
f 2203/2575/1347 2202/2576/1345 2188/2577/1334 2187/2578/1333
f 2199/2485/1274 2204/2579/1348 2189/2580/1344 2190/2486/1275
f 2201/2572/1346 2205/2581/1349 2197/2582/1336 2198/2573/1335
f 2204/2579/1348 2203/2575/1347 2187/2578/1333 2189/2580/1344
f 2205/2581/1349 2206/2583/1350 2196/2584/1337 2197/2582/1336
f 2206/2583/1350 2207/2585/1351 2195/2586/1338 2196/2584/1337
f 2207/2585/1351 2208/2587/1352 2194/2588/1339 2195/2586/1338
f 2269/2589/1353 2209/2590/1354 2193/2591/1341 2268/2592/1340
f 2254/2593/1355 2210/2594/1356 2192/2595/1343 2253/2596/1342
f 2210/2594/1356 2200/2484/1273 2191/2487/1276 2192/2595/1343
f 2127/2466/1255 2125/2464/1253 2200/2484/1273 2210/2594/1356
f 2243/2473/1262 2240/2597/1357 2212/2598/1358 2214/2474/1263
f 2276/2599/1359 2241/2600/1360 2217/2601/1361 2272/2602/1362
f 2132/2478/1267 2130/2477/1266 2208/2587/1352 2207/2585/1351
f 2134/2480/1269 2132/2478/1267 2207/2585/1351 2206/2583/1350
f 2136/2482/1271 2134/2480/1269 2206/2583/1350 2205/2581/1349
f 2121/2460/1249 2119/2458/1247 2203/2575/1347 2204/2579/1348
f 2138/2488/1277 2136/2482/1271 2205/2581/1349 2201/2572/1346
f 2123/2462/1251 2121/2460/1249 2204/2579/1348 2199/2485/1274
f 2119/2458/1247 2117/2457/1246 2202/2576/1345 2203/2575/1347
f 2117/2490/1246 2138/2488/1277 2201/2572/1346 2202/2571/1345
f 2125/2464/1253 2123/2462/1251 2199/2485/1274 2200/2484/1273
f 2256/2475/1264 2255/2603/1363 2211/2604/1364 2215/2470/1259
f 2271/2471/1260 2270/2605/1365 2213/2606/1366 2216/2607/1367
f 2255/2603/1363 2212/2598/1358 2219/2608/1368 2257/2609/1369
f 2270/2605/1365 2211/2604/1364 2218/2610/1370 2272/2602/1362
f 2261/2611/1371 2244/2612/1372 2218/2610/1370 2257/2609/1369
f 2240/2597/1357 2247/2613/1373 2219/2608/1368 2212/2598/1358
f 2241/2600/1360 2242/2614/1374 2213/2606/1366 2217/2601/1361
f 2242/2614/1374 2246/2615/1375 2216/2607/1367 2213/2606/1366
f 2220/2616/1376 2221/2617/1282 2222/2618/1281 2223/2619/1377 2224/2620/1378 2225/2621/1379 2258/2622/1380 2226/2623/1381 2273/2624/1382 2227/2625/1383 2228/2626/1384 2229/2627/1385 2230/2628/1386 2231/2629/1387
f 2133/2508/1292 2135/2504/1289 2230/2630/1386 2229/2631/1385
f 2131/2512/1295 2133/2508/1292 2229/2631/1385 2228/2632/1384
f 2129/2516/1299 2131/2512/1295 2228/2632/1384 2227/2633/1383
f 2263/2520/1303 2129/2516/1299 2227/2633/1383 2273/2634/1382
f 2248/2525/1308 2128/2528/1311 2226/2635/1381 2258/2636/1380
f 2124/2535/1318 2126/2538/1321 2225/2637/1379 2224/2638/1378
f 2122/2543/1326 2124/2535/1318 2224/2638/1378 2223/2639/1377
f 2137/2496/1283 2116/2499/1286 2220/2640/1376 2231/2641/1387
f 2116/2553/1286 2118/2492/1279 2221/2495/1282 2220/2642/1376
f 2120/2493/1280 2122/2543/1326 2223/2639/1377 2222/2494/1281
f 2135/2504/1289 2137/2496/1283 2231/2641/1387 2230/2630/1386
f 2130/2477/1266 2167/2476/1265 2237/2643/1388 2239/2644/1389
f 2208/2587/1352 2130/2477/1266 2239/2644/1389 2235/2645/1390
f 2127/2466/1255 2210/2594/1356 2238/2646/1391 2233/2647/1392
f 2254/2593/1355 2209/2590/1354 2234/2648/1393 2259/2649/1394
f 2269/2589/1353 2208/2587/1352 2235/2645/1390 2274/2650/1395
f 2159/2467/1256 2127/2466/1255 2233/2647/1392 2232/2651/1396
f 2252/2533/1316 2159/2467/1256 2232/2651/1396 2260/2652/1397
f 2267/2524/1307 2163/2534/1317 2236/2653/1398 2275/2654/1399
f 2239/2644/1389 2237/2643/1388 2246/2615/1375 2242/2614/1374
f 2235/2645/1390 2239/2644/1389 2242/2614/1374 2241/2600/1360
f 2233/2647/1392 2238/2646/1391 2247/2613/1373 2240/2597/1357
f 2259/2649/1394 2234/2648/1393 2244/2612/1372 2261/2611/1371
f 2274/2650/1395 2235/2645/1390 2241/2600/1360 2276/2599/1359
f 2232/2651/1396 2233/2647/1392 2240/2597/1357 2243/2473/1262
f 2260/2652/1397 2232/2651/1396 2243/2473/1262 2262/2472/1261
f 2275/2654/1399 2236/2653/1398 2245/2469/1258 2277/2468/1257
f 2236/2653/1398 2260/2652/1397 2262/2472/1261 2245/2469/1258
f 2238/2646/1391 2259/2649/1394 2261/2611/1371 2247/2613/1373
f 2163/2534/1317 2252/2533/1316 2260/2652/1397 2236/2653/1398
f 2210/2594/1356 2254/2593/1355 2259/2649/1394 2238/2646/1391
f 2126/2538/1321 2248/2525/1308 2258/2636/1380 2225/2637/1379
f 2247/2613/1373 2261/2611/1371 2257/2609/1369 2219/2608/1368
f 2211/2604/1364 2255/2603/1363 2257/2609/1369 2218/2610/1370
f 2214/2474/1263 2212/2598/1358 2255/2603/1363 2256/2475/1264
f 2209/2590/1354 2254/2593/1355 2253/2596/1342 2193/2591/1341
f 2160/2542/1325 2159/2467/1256 2252/2533/1316 2251/2531/1314
f 2161/2540/1323 2160/2542/1325 2251/2531/1314 2250/2529/1312
f 2162/2537/1320 2161/2540/1323 2250/2529/1312 2249/2526/1309
f 2126/2538/1321 2162/2537/1320 2249/2526/1309 2248/2525/1308
f 2245/2469/1258 2262/2472/1261 2256/2475/1264 2215/2470/1259
f 2237/2643/1388 2275/2654/1399 2277/2468/1257 2246/2615/1375
f 2234/2648/1393 2274/2650/1395 2276/2599/1359 2244/2612/1372
f 2167/2476/1265 2267/2524/1307 2275/2654/1399 2237/2643/1388
f 2209/2590/1354 2269/2589/1353 2274/2650/1395 2234/2648/1393
f 2128/2528/1311 2263/2520/1303 2273/2634/1382 2226/2635/1381
f 2213/2606/1366 2270/2605/1365 2272/2602/1362 2217/2601/1361
f 2215/2470/1259 2211/2604/1364 2270/2605/1365 2271/2471/1260
f 2244/2612/1372 2276/2599/1359 2272/2602/1362 2218/2610/1370
f 2208/2587/1352 2269/2589/1353 2268/2592/1340 2194/2588/1339
f 2164/2532/1315 2163/2534/1317 2267/2524/1307 2266/2523/1306
f 2165/2530/1313 2164/2532/1315 2266/2523/1306 2265/2522/1305
f 2166/2527/1310 2165/2530/1313 2265/2522/1305 2264/2521/1304
f 2128/2528/1311 2166/2527/1310 2264/2521/1304 2263/2520/1303
f 2246/2615/1375 2277/2468/1257 2271/2471/1260 2216/2607/1367
v -0.000000 -0.148355 -0.799036
v -0.000000 -0.148355 -0.753387
v 0.106302 -0.183474 -0.799036
v 0.106302 -0.183474 -0.753387
v 0.184120 -0.279422 -0.799036
v 0.184120 -0.279422 -0.753387
v 0.197505 -0.410489 -0.799036
v 0.197505 -0.410489 -0.753387
v 0.171044 -0.541556 -0.799036
v 0.171044 -0.541556 -0.753387
v 0.106302 -0.607695 -0.799036
v 0.106302 -0.607695 -0.753387
v 0.000000 -0.679240 -0.799036
v 0.000000 -0.679240 -0.753387
v -0.106302 -0.607695 -0.799036
v -0.106302 -0.607695 -0.753387
v -0.171044 -0.541556 -0.799036
v -0.171044 -0.541556 -0.753387
v -0.197505 -0.410489 -0.799036
v -0.197505 -0.410489 -0.753387
v -0.184120 -0.279422 -0.799036
v -0.184120 -0.279422 -0.753387
v -0.106302 -0.183474 -0.799036
v -0.106302 -0.183474 -0.753387
v -0.000000 -0.148355 -0.793271
v 0.106302 -0.183474 -0.793271
v 0.184120 -0.279422 -0.793271
v 0.197505 -0.410489 -0.793271
v 0.171044 -0.541556 -0.793271
v 0.106302 -0.607695 -0.793271
v 0.000000 -0.679240 -0.793271
v -0.106302 -0.607695 -0.793271
v -0.171044 -0.541556 -0.793271
v -0.197505 -0.410489 -0.793271
v -0.184120 -0.279422 -0.793271
v -0.106302 -0.183474 -0.793271
v -0.000000 -0.148355 -0.761333
v 0.106302 -0.183474 -0.761333
v 0.184120 -0.279422 -0.761333
v 0.197505 -0.410489 -0.761333
v 0.171044 -0.541556 -0.761333
v 0.106302 -0.607695 -0.761333
v 0.000000 -0.679240 -0.761333
v -0.106302 -0.607695 -0.761333
v -0.171044 -0.541556 -0.761333
v -0.197505 -0.410489 -0.761333
v -0.184120 -0.279422 -0.761333
v -0.106302 -0.183474 -0.761333
vt 1.000000 0.912969
vt 1.000000 1.000000
vt 0.916667 1.000000
vt 0.916667 0.912969
vt 0.833333 1.000000
vt 0.833333 0.912969
vt 0.750000 1.000000
vt 0.750000 0.912969
vt 0.666667 1.000000
vt 0.666667 0.912969
vt 0.583333 1.000000
vt 0.583333 0.912969
vt 0.500000 1.000000
vt 0.500000 0.912969
vt 0.416667 1.000000
vt 0.416667 0.912969
vt 0.333333 1.000000
vt 0.333333 0.912969
vt 0.250000 1.000000
vt 0.250000 0.912969
vt 0.166667 1.000000
vt 0.166667 0.912969
vt 0.370000 0.457846
vt 0.250000 0.490000
vt 0.130000 0.457846
vt 0.042154 0.370000
vt 0.010000 0.250000
vt 0.042154 0.130000
vt 0.130000 0.042154
vt 0.250000 0.010000
vt 0.370000 0.042154
vt 0.457846 0.130000
vt 0.490000 0.250000
vt 0.457846 0.370000
vt 0.083333 1.000000
vt 0.083333 0.912969
vt 0.000000 1.000000
vt 0.000000 0.912969
vt 0.750000 0.490000
vt 0.870000 0.457846
vt 0.957846 0.370000
vt 0.990000 0.250000
vt 0.957846 0.130000
vt 0.870000 0.042154
vt 0.750000 0.010000
vt 0.630000 0.042154
vt 0.542154 0.130000
vt 0.510000 0.250000
vt 0.542154 0.370000
vt 0.630000 0.457846
vt 0.083333 0.500000
vt 0.083333 0.563144
vt 0.000000 0.563144
vt 0.000000 0.500000
vt 0.166667 0.500000
vt 0.166667 0.563144
vt 0.250000 0.500000
vt 0.250000 0.563144
vt 0.333333 0.500000
vt 0.333333 0.563144
vt 0.416667 0.500000
vt 0.416667 0.563144
vt 0.500000 0.500000
vt 0.500000 0.563144
vt 0.583333 0.500000
vt 0.583333 0.563144
vt 0.666667 0.500000
vt 0.666667 0.563144
vt 0.750000 0.500000
vt 0.750000 0.563144
vt 0.833333 0.500000
vt 0.833333 0.563144
vt 0.916667 0.500000
vt 0.916667 0.563144
vt 1.000000 0.500000
vt 1.000000 0.563144
vn 0.0000 1.0000 0.0000
vn 0.0000 0.7660 0.6428
vn 0.4322 0.6261 0.6489
vn 0.5681 0.8229 0.0000
vn 0.7039 0.2907 0.6481
vn 0.9243 0.3817 0.0000
vn 0.7371 -0.0359 0.6749
vn 0.9988 -0.0487 0.0000
vn 0.6727 -0.3562 0.6484
vn 0.8837 -0.4679 0.0000
vn 0.4661 -0.5600 0.6849
vn 0.6398 -0.7685 0.0000
vn 0.0000 -0.7997 0.6004
vn 0.0000 -1.0000 0.0000
vn -0.4661 -0.5600 0.6849
vn -0.6398 -0.7685 0.0000
vn -0.6727 -0.3562 0.6485
vn -0.8837 -0.4679 0.0000
vn -0.7371 -0.0359 0.6749
vn -0.9988 -0.0487 0.0000
vn -0.7039 0.2907 0.6481
vn -0.9243 0.3817 0.0000
vn -0.4322 0.6261 0.6489
vn -0.5681 0.8229 0.0000
vn 0.0000 0.7660 -0.6428
vn 0.4322 0.6261 -0.6489
vn 0.7039 0.2907 -0.6481
vn 0.7371 -0.0359 -0.6749
vn 0.6727 -0.3562 -0.6484
vn 0.4661 -0.5600 -0.6849
vn 0.0000 -0.7997 -0.6004
vn -0.4661 -0.5600 -0.6849
vn -0.6727 -0.3562 -0.6484
vn -0.7371 -0.0359 -0.6749
vn -0.7039 0.2907 -0.6481
vn -0.4322 0.6261 -0.6489
usemtl None
s 1
f 2314/2655/1400 2279/2656/1401 2281/2657/1402 2315/2658/1403
f 2315/2658/1403 2281/2657/1402 2283/2659/1404 2316/2660/1405
f 2316/2660/1405 2283/2659/1404 2285/2661/1406 2317/2662/1407
f 2317/2662/1407 2285/2661/1406 2287/2663/1408 2318/2664/1409
f 2318/2664/1409 2287/2663/1408 2289/2665/1410 2319/2666/1411
f 2319/2666/1411 2289/2665/1410 2291/2667/1412 2320/2668/1413
f 2320/2668/1413 2291/2667/1412 2293/2669/1414 2321/2670/1415
f 2321/2670/1415 2293/2669/1414 2295/2671/1416 2322/2672/1417
f 2322/2672/1417 2295/2671/1416 2297/2673/1418 2323/2674/1419
f 2323/2674/1419 2297/2673/1418 2299/2675/1420 2324/2676/1421
f 2281/2677/1402 2279/2678/1401 2301/2679/1422 2299/2680/1420 2297/2681/1418 2295/2682/1416 2293/2683/1414 2291/2684/1412 2289/2685/1410 2287/2686/1408 2285/2687/1406 2283/2688/1404
f 2324/2676/1421 2299/2675/1420 2301/2689/1422 2325/2690/1423
f 2325/2690/1423 2301/2689/1422 2279/2691/1401 2314/2692/1400
f 2278/2693/1424 2280/2694/1425 2282/2695/1426 2284/2696/1427 2286/2697/1428 2288/2698/1429 2290/2699/1430 2292/2700/1431 2294/2701/1432 2296/2702/1433 2298/2703/1434 2300/2704/1435
f 2300/2705/1435 2313/2706/1423 2302/2707/1400 2278/2708/1424
f 2298/2709/1434 2312/2710/1421 2313/2706/1423 2300/2705/1435
f 2296/2711/1433 2311/2712/1419 2312/2710/1421 2298/2709/1434
f 2294/2713/1432 2310/2714/1417 2311/2712/1419 2296/2711/1433
f 2292/2715/1431 2309/2716/1415 2310/2714/1417 2294/2713/1432
f 2290/2717/1430 2308/2718/1413 2309/2716/1415 2292/2715/1431
f 2288/2719/1429 2307/2720/1411 2308/2718/1413 2290/2717/1430
f 2286/2721/1428 2306/2722/1409 2307/2720/1411 2288/2719/1429
f 2284/2723/1427 2305/2724/1407 2306/2722/1409 2286/2721/1428
f 2282/2725/1426 2304/2726/1405 2305/2724/1407 2284/2723/1427
f 2280/2727/1425 2303/2728/1403 2304/2726/1405 2282/2725/1426
f 2278/2729/1424 2302/2730/1400 2303/2728/1403 2280/2727/1425
f 2313/2706/1423 2325/2690/1423 2314/2692/1400 2302/2707/1400
f 2312/2710/1421 2324/2676/1421 2325/2690/1423 2313/2706/1423
f 2311/2712/1419 2323/2674/1419 2324/2676/1421 2312/2710/1421
f 2310/2714/1417 2322/2672/1417 2323/2674/1419 2311/2712/1419
f 2309/2716/1415 2321/2670/1415 2322/2672/1417 2310/2714/1417
f 2308/2718/1413 2320/2668/1413 2321/2670/1415 2309/2716/1415
f 2307/2720/1411 2319/2666/1411 2320/2668/1413 2308/2718/1413
f 2306/2722/1409 2318/2664/1409 2319/2666/1411 2307/2720/1411
f 2305/2724/1407 2317/2662/1407 2318/2664/1409 2306/2722/1409
f 2304/2726/1405 2316/2660/1405 2317/2662/1407 2305/2724/1407
f 2303/2728/1403 2315/2658/1403 2316/2660/1405 2304/2726/1405
f 2302/2730/1400 2314/2655/1400 2315/2658/1403 2303/2728/1403
v -0.000000 -0.148355 -1.314711
v -0.000000 -0.148355 -1.269061
v 0.106302 -0.183474 -1.314711
v 0.106302 -0.183474 -1.269061
v 0.184120 -0.279422 -1.314711
v 0.184120 -0.279422 -1.269061
v 0.197505 -0.410489 -1.314711
v 0.197505 -0.410489 -1.269061
v 0.171044 -0.541556 -1.314711
v 0.171044 -0.541556 -1.269061
v 0.106302 -0.607695 -1.314711
v 0.106302 -0.607695 -1.269061
v 0.000000 -0.679240 -1.314711
v 0.000000 -0.679240 -1.269061
v -0.106302 -0.607695 -1.314711
v -0.106302 -0.607695 -1.269061
v -0.171044 -0.541556 -1.314711
v -0.171044 -0.541556 -1.269061
v -0.197505 -0.410489 -1.314711
v -0.197505 -0.410489 -1.269061
v -0.184120 -0.279422 -1.314711
v -0.184120 -0.279422 -1.269061
v -0.106302 -0.183474 -1.314711
v -0.106302 -0.183474 -1.269061
v -0.000000 -0.148355 -1.308946
v 0.106302 -0.183474 -1.308946
v 0.184120 -0.279422 -1.308946
v 0.197505 -0.410489 -1.308946
v 0.171044 -0.541556 -1.308946
v 0.106302 -0.607695 -1.308946
v 0.000000 -0.679240 -1.308946
v -0.106302 -0.607695 -1.308946
v -0.171044 -0.541556 -1.308946
v -0.197505 -0.410489 -1.308946
v -0.184120 -0.279422 -1.308946
v -0.106302 -0.183474 -1.308946
v -0.000000 -0.148355 -1.277007
v 0.106302 -0.183474 -1.277007
v 0.184120 -0.279422 -1.277007
v 0.197505 -0.410489 -1.277007
v 0.171044 -0.541556 -1.277007
v 0.106302 -0.607695 -1.277007
v 0.000000 -0.679240 -1.277007
v -0.106302 -0.607695 -1.277007
v -0.171044 -0.541556 -1.277007
v -0.197505 -0.410489 -1.277007
v -0.184120 -0.279422 -1.277007
v -0.106302 -0.183474 -1.277007
vt 1.000000 0.912969
vt 1.000000 1.000000
vt 0.916667 1.000000
vt 0.916667 0.912969
vt 0.833333 1.000000
vt 0.833333 0.912969
vt 0.750000 1.000000
vt 0.750000 0.912969
vt 0.666667 1.000000
vt 0.666667 0.912969
vt 0.583333 1.000000
vt 0.583333 0.912969
vt 0.500000 1.000000
vt 0.500000 0.912969
vt 0.416667 1.000000
vt 0.416667 0.912969
vt 0.333333 1.000000
vt 0.333333 0.912969
vt 0.250000 1.000000
vt 0.250000 0.912969
vt 0.166667 1.000000
vt 0.166667 0.912969
vt 0.370000 0.457846
vt 0.250000 0.490000
vt 0.130000 0.457846
vt 0.042154 0.370000
vt 0.010000 0.250000
vt 0.042154 0.130000
vt 0.130000 0.042154
vt 0.250000 0.010000
vt 0.370000 0.042154
vt 0.457846 0.130000
vt 0.490000 0.250000
vt 0.457846 0.370000
vt 0.083333 1.000000
vt 0.083333 0.912969
vt 0.000000 1.000000
vt 0.000000 0.912969
vt 0.750000 0.490000
vt 0.870000 0.457846
vt 0.957846 0.370000
vt 0.990000 0.250000
vt 0.957846 0.130000
vt 0.870000 0.042154
vt 0.750000 0.010000
vt 0.630000 0.042154
vt 0.542154 0.130000
vt 0.510000 0.250000
vt 0.542154 0.370000
vt 0.630000 0.457846
vt 0.083333 0.500000
vt 0.083333 0.563144
vt 0.000000 0.563144
vt 0.000000 0.500000
vt 0.166667 0.500000
vt 0.166667 0.563144
vt 0.250000 0.500000
vt 0.250000 0.563144
vt 0.333333 0.500000
vt 0.333333 0.563144
vt 0.416667 0.500000
vt 0.416667 0.563144
vt 0.500000 0.500000
vt 0.500000 0.563144
vt 0.583333 0.500000
vt 0.583333 0.563144
vt 0.666667 0.500000
vt 0.666667 0.563144
vt 0.750000 0.500000
vt 0.750000 0.563144
vt 0.833333 0.500000
vt 0.833333 0.563144
vt 0.916667 0.500000
vt 0.916667 0.563144
vt 1.000000 0.500000
vt 1.000000 0.563144
vn 0.0000 1.0000 0.0000
vn 0.0000 0.7660 0.6428
vn 0.4322 0.6261 0.6489
vn 0.5681 0.8229 0.0000
vn 0.7039 0.2907 0.6481
vn 0.9243 0.3817 0.0000
vn 0.7371 -0.0359 0.6749
vn 0.9988 -0.0487 0.0000
vn 0.6727 -0.3562 0.6484
vn 0.8837 -0.4679 0.0000
vn 0.4661 -0.5600 0.6849
vn 0.6398 -0.7685 0.0000
vn 0.0000 -0.7997 0.6004
vn 0.0000 -1.0000 0.0000
vn -0.4661 -0.5600 0.6849
vn -0.6398 -0.7685 0.0000
vn -0.6727 -0.3562 0.6484
vn -0.8837 -0.4679 0.0000
vn -0.7371 -0.0359 0.6749
vn -0.9988 -0.0487 0.0000
vn -0.7039 0.2907 0.6481
vn -0.9243 0.3817 0.0000
vn -0.4322 0.6261 0.6489
vn -0.5681 0.8229 0.0000
vn 0.0000 0.7660 -0.6428
vn 0.4322 0.6261 -0.6489
vn 0.7039 0.2907 -0.6481
vn 0.7371 -0.0359 -0.6749
vn 0.6727 -0.3562 -0.6485
vn 0.4661 -0.5600 -0.6849
vn 0.0000 -0.7997 -0.6004
vn -0.4661 -0.5600 -0.6849
vn -0.6727 -0.3562 -0.6484
vn -0.7371 -0.0359 -0.6749
vn -0.7039 0.2907 -0.6481
vn -0.4322 0.6261 -0.6489
usemtl None
s 1
f 2362/2731/1436 2327/2732/1437 2329/2733/1438 2363/2734/1439
f 2363/2734/1439 2329/2733/1438 2331/2735/1440 2364/2736/1441
f 2364/2736/1441 2331/2735/1440 2333/2737/1442 2365/2738/1443
f 2365/2738/1443 2333/2737/1442 2335/2739/1444 2366/2740/1445
f 2366/2740/1445 2335/2739/1444 2337/2741/1446 2367/2742/1447
f 2367/2742/1447 2337/2741/1446 2339/2743/1448 2368/2744/1449
f 2368/2744/1449 2339/2743/1448 2341/2745/1450 2369/2746/1451
f 2369/2746/1451 2341/2745/1450 2343/2747/1452 2370/2748/1453
f 2370/2748/1453 2343/2747/1452 2345/2749/1454 2371/2750/1455
f 2371/2750/1455 2345/2749/1454 2347/2751/1456 2372/2752/1457
f 2329/2753/1438 2327/2754/1437 2349/2755/1458 2347/2756/1456 2345/2757/1454 2343/2758/1452 2341/2759/1450 2339/2760/1448 2337/2761/1446 2335/2762/1444 2333/2763/1442 2331/2764/1440
f 2372/2752/1457 2347/2751/1456 2349/2765/1458 2373/2766/1459
f 2373/2766/1459 2349/2765/1458 2327/2767/1437 2362/2768/1436
f 2326/2769/1460 2328/2770/1461 2330/2771/1462 2332/2772/1463 2334/2773/1464 2336/2774/1465 2338/2775/1466 2340/2776/1467 2342/2777/1468 2344/2778/1469 2346/2779/1470 2348/2780/1471
f 2348/2781/1471 2361/2782/1459 2350/2783/1436 2326/2784/1460
f 2346/2785/1470 2360/2786/1457 2361/2782/1459 2348/2781/1471
f 2344/2787/1469 2359/2788/1455 2360/2786/1457 2346/2785/1470
f 2342/2789/1468 2358/2790/1453 2359/2788/1455 2344/2787/1469
f 2340/2791/1467 2357/2792/1451 2358/2790/1453 2342/2789/1468
f 2338/2793/1466 2356/2794/1449 2357/2792/1451 2340/2791/1467
f 2336/2795/1465 2355/2796/1447 2356/2794/1449 2338/2793/1466
f 2334/2797/1464 2354/2798/1445 2355/2796/1447 2336/2795/1465
f 2332/2799/1463 2353/2800/1443 2354/2798/1445 2334/2797/1464
f 2330/2801/1462 2352/2802/1441 2353/2800/1443 2332/2799/1463
f 2328/2803/1461 2351/2804/1439 2352/2802/1441 2330/2801/1462
f 2326/2805/1460 2350/2806/1436 2351/2804/1439 2328/2803/1461
f 2361/2782/1459 2373/2766/1459 2362/2768/1436 2350/2783/1436
f 2360/2786/1457 2372/2752/1457 2373/2766/1459 2361/2782/1459
f 2359/2788/1455 2371/2750/1455 2372/2752/1457 2360/2786/1457
f 2358/2790/1453 2370/2748/1453 2371/2750/1455 2359/2788/1455
f 2357/2792/1451 2369/2746/1451 2370/2748/1453 2358/2790/1453
f 2356/2794/1449 2368/2744/1449 2369/2746/1451 2357/2792/1451
f 2355/2796/1447 2367/2742/1447 2368/2744/1449 2356/2794/1449
f 2354/2798/1445 2366/2740/1445 2367/2742/1447 2355/2796/1447
f 2353/2800/1443 2365/2738/1443 2366/2740/1445 2354/2798/1445
f 2352/2802/1441 2364/2736/1441 2365/2738/1443 2353/2800/1443
f 2351/2804/1439 2363/2734/1439 2364/2736/1441 2352/2802/1441
f 2350/2806/1436 2362/2731/1436 2363/2734/1439 2351/2804/1439
v -0.000000 -0.148355 -0.296186
v -0.000000 -0.148355 -0.250537
v 0.106302 -0.183474 -0.296186
v 0.106302 -0.183474 -0.250537
v 0.184120 -0.279422 -0.296186
v 0.184120 -0.279422 -0.250537
v 0.197505 -0.410489 -0.296186
v 0.197505 -0.410489 -0.250537
v 0.171044 -0.541556 -0.296186
v 0.171044 -0.541556 -0.250537
v 0.106302 -0.607695 -0.296186
v 0.106302 -0.607695 -0.250537
v 0.000000 -0.679240 -0.296186
v 0.000000 -0.679240 -0.250537
v -0.106302 -0.607695 -0.296186
v -0.106302 -0.607695 -0.250537
v -0.171044 -0.541556 -0.296186
v -0.171044 -0.541556 -0.250537
v -0.197505 -0.410489 -0.296186
v -0.197505 -0.410489 -0.250537
v -0.184120 -0.279422 -0.296186
v -0.184120 -0.279422 -0.250537
v -0.106302 -0.183474 -0.296186
v -0.106302 -0.183474 -0.250537
v -0.000000 -0.148355 -0.290421
v 0.106302 -0.183474 -0.290421
v 0.184120 -0.279422 -0.290421
v 0.197505 -0.410489 -0.290421
v 0.171044 -0.541556 -0.290421
v 0.106302 -0.607695 -0.290421
v 0.000000 -0.679240 -0.290421
v -0.106302 -0.607695 -0.290421
v -0.171044 -0.541556 -0.290421
v -0.197505 -0.410489 -0.290421
v -0.184120 -0.279422 -0.290421
v -0.106302 -0.183474 -0.290421
v -0.000000 -0.148355 -0.258483
v 0.106302 -0.183474 -0.258483
v 0.184120 -0.279422 -0.258483
v 0.197505 -0.410489 -0.258483
v 0.171044 -0.541556 -0.258483
v 0.106302 -0.607695 -0.258483
v 0.000000 -0.679240 -0.258483
v -0.106302 -0.607695 -0.258483
v -0.171044 -0.541556 -0.258483
v -0.197505 -0.410489 -0.258483
v -0.184120 -0.279422 -0.258483
v -0.106302 -0.183474 -0.258483
vt 1.000000 0.912969
vt 1.000000 1.000000
vt 0.916667 1.000000
vt 0.916667 0.912969
vt 0.833333 1.000000
vt 0.833333 0.912969
vt 0.750000 1.000000
vt 0.750000 0.912969
vt 0.666667 1.000000
vt 0.666667 0.912969
vt 0.583333 1.000000
vt 0.583333 0.912969
vt 0.500000 1.000000
vt 0.500000 0.912969
vt 0.416667 1.000000
vt 0.416667 0.912969
vt 0.333333 1.000000
vt 0.333333 0.912969
vt 0.250000 1.000000
vt 0.250000 0.912969
vt 0.166667 1.000000
vt 0.166667 0.912969
vt 0.370000 0.457846
vt 0.250000 0.490000
vt 0.130000 0.457846
vt 0.042154 0.370000
vt 0.010000 0.250000
vt 0.042154 0.130000
vt 0.130000 0.042154
vt 0.250000 0.010000
vt 0.370000 0.042154
vt 0.457846 0.130000
vt 0.490000 0.250000
vt 0.457846 0.370000
vt 0.083333 1.000000
vt 0.083333 0.912969
vt 0.000000 1.000000
vt 0.000000 0.912969
vt 0.750000 0.490000
vt 0.870000 0.457846
vt 0.957846 0.370000
vt 0.990000 0.250000
vt 0.957846 0.130000
vt 0.870000 0.042154
vt 0.750000 0.010000
vt 0.630000 0.042154
vt 0.542154 0.130000
vt 0.510000 0.250000
vt 0.542154 0.370000
vt 0.630000 0.457846
vt 0.083333 0.500000
vt 0.083333 0.563144
vt 0.000000 0.563144
vt 0.000000 0.500000
vt 0.166667 0.500000
vt 0.166667 0.563144
vt 0.250000 0.500000
vt 0.250000 0.563144
vt 0.333333 0.500000
vt 0.333333 0.563144
vt 0.416667 0.500000
vt 0.416667 0.563144
vt 0.500000 0.500000
vt 0.500000 0.563144
vt 0.583333 0.500000
vt 0.583333 0.563144
vt 0.666667 0.500000
vt 0.666667 0.563144
vt 0.750000 0.500000
vt 0.750000 0.563144
vt 0.833333 0.500000
vt 0.833333 0.563144
vt 0.916667 0.500000
vt 0.916667 0.563144
vt 1.000000 0.500000
vt 1.000000 0.563144
vn 0.0000 1.0000 0.0000
vn 0.0000 0.7660 0.6428
vn 0.4322 0.6261 0.6489
vn 0.5681 0.8229 0.0000
vn 0.7039 0.2907 0.6481
vn 0.9243 0.3817 0.0000
vn 0.7371 -0.0359 0.6749
vn 0.9988 -0.0487 0.0000
vn 0.6727 -0.3562 0.6485
vn 0.8837 -0.4679 0.0000
vn 0.4661 -0.5600 0.6849
vn 0.6398 -0.7685 0.0000
vn 0.0000 -0.7997 0.6004
vn 0.0000 -1.0000 0.0000
vn -0.4661 -0.5600 0.6849
vn -0.6398 -0.7685 0.0000
vn -0.6727 -0.3562 0.6484
vn -0.8837 -0.4679 0.0000
vn -0.7371 -0.0359 0.6749
vn -0.9988 -0.0487 0.0000
vn -0.7039 0.2907 0.6481
vn -0.9243 0.3817 0.0000
vn -0.4322 0.6261 0.6489
vn -0.5681 0.8229 0.0000
vn 0.0000 0.7660 -0.6428
vn 0.4322 0.6261 -0.6489
vn 0.7039 0.2907 -0.6481
vn 0.7371 -0.0359 -0.6749
vn 0.6727 -0.3562 -0.6485
vn 0.4661 -0.5600 -0.6849
vn 0.0000 -0.7997 -0.6004
vn -0.4661 -0.5600 -0.6849
vn -0.6727 -0.3562 -0.6484
vn -0.7371 -0.0359 -0.6749
vn -0.7039 0.2907 -0.6481
vn -0.4322 0.6261 -0.6489
usemtl None
s 1
f 2410/2807/1472 2375/2808/1473 2377/2809/1474 2411/2810/1475
f 2411/2810/1475 2377/2809/1474 2379/2811/1476 2412/2812/1477
f 2412/2812/1477 2379/2811/1476 2381/2813/1478 2413/2814/1479
f 2413/2814/1479 2381/2813/1478 2383/2815/1480 2414/2816/1481
f 2414/2816/1481 2383/2815/1480 2385/2817/1482 2415/2818/1483
f 2415/2818/1483 2385/2817/1482 2387/2819/1484 2416/2820/1485
f 2416/2820/1485 2387/2819/1484 2389/2821/1486 2417/2822/1487
f 2417/2822/1487 2389/2821/1486 2391/2823/1488 2418/2824/1489
f 2418/2824/1489 2391/2823/1488 2393/2825/1490 2419/2826/1491
f 2419/2826/1491 2393/2825/1490 2395/2827/1492 2420/2828/1493
f 2377/2829/1474 2375/2830/1473 2397/2831/1494 2395/2832/1492 2393/2833/1490 2391/2834/1488 2389/2835/1486 2387/2836/1484 2385/2837/1482 2383/2838/1480 2381/2839/1478 2379/2840/1476
f 2420/2828/1493 2395/2827/1492 2397/2841/1494 2421/2842/1495
f 2421/2842/1495 2397/2841/1494 2375/2843/1473 2410/2844/1472
f 2374/2845/1496 2376/2846/1497 2378/2847/1498 2380/2848/1499 2382/2849/1500 2384/2850/1501 2386/2851/1502 2388/2852/1503 2390/2853/1504 2392/2854/1505 2394/2855/1506 2396/2856/1507
f 2396/2857/1507 2409/2858/1495 2398/2859/1472 2374/2860/1496
f 2394/2861/1506 2408/2862/1493 2409/2858/1495 2396/2857/1507
f 2392/2863/1505 2407/2864/1491 2408/2862/1493 2394/2861/1506
f 2390/2865/1504 2406/2866/1489 2407/2864/1491 2392/2863/1505
f 2388/2867/1503 2405/2868/1487 2406/2866/1489 2390/2865/1504
f 2386/2869/1502 2404/2870/1485 2405/2868/1487 2388/2867/1503
f 2384/2871/1501 2403/2872/1483 2404/2870/1485 2386/2869/1502
f 2382/2873/1500 2402/2874/1481 2403/2872/1483 2384/2871/1501
f 2380/2875/1499 2401/2876/1479 2402/2874/1481 2382/2873/1500
f 2378/2877/1498 2400/2878/1477 2401/2876/1479 2380/2875/1499
f 2376/2879/1497 2399/2880/1475 2400/2878/1477 2378/2877/1498
f 2374/2881/1496 2398/2882/1472 2399/2880/1475 2376/2879/1497
f 2409/2858/1495 2421/2842/1495 2410/2844/1472 2398/2859/1472
f 2408/2862/1493 2420/2828/1493 2421/2842/1495 2409/2858/1495
f 2407/2864/1491 2419/2826/1491 2420/2828/1493 2408/2862/1493
f 2406/2866/1489 2418/2824/1489 2419/2826/1491 2407/2864/1491
f 2405/2868/1487 2417/2822/1487 2418/2824/1489 2406/2866/1489
f 2404/2870/1485 2416/2820/1485 2417/2822/1487 2405/2868/1487
f 2403/2872/1483 2415/2818/1483 2416/2820/1485 2404/2870/1485
f 2402/2874/1481 2414/2816/1481 2415/2818/1483 2403/2872/1483
f 2401/2876/1479 2413/2814/1479 2414/2816/1481 2402/2874/1481
f 2400/2878/1477 2412/2812/1477 2413/2814/1479 2401/2876/1479
f 2399/2880/1475 2411/2810/1475 2412/2812/1477 2400/2878/1477
f 2398/2882/1472 2410/2807/1472 2411/2810/1475 2399/2880/1475
