# Blender v2.82 (sub 7) OBJ File: 'AlienStarfighter.blend'
# www.blender.org
mtllib AlienStarfighter16.mtl
o Sphere_Sphere.002
v 0.000000 0.358119 -2.042007
v 0.000000 0.152716 -4.295068
v 0.000000 -0.075265 -4.295068
v -0.000000 0.550993 -0.022563
v 0.186401 0.500263 -1.014900
v 0.342702 0.341234 -1.964881
v 0.276472 0.127047 -4.174796
v 0.273947 -0.051167 -4.161235
v -0.000000 -0.382350 -0.334759
v 0.330099 0.500263 -0.659197
v 0.594818 0.358119 -1.169738
v 0.666505 0.152716 -1.453067
v 0.666505 -0.075265 -1.453067
v 0.398176 0.500263 -0.157649
v 0.717488 0.358119 -0.265980
v 0.894693 0.152716 -0.326099
v 0.894693 -0.075265 -0.326099
v 0.375035 0.500263 0.199207
v 0.675790 0.358119 0.386859
v 0.842697 0.152716 0.490999
v 0.842697 -0.075265 0.490999
v 0.265979 0.500263 0.459140
v 0.479277 0.358119 0.855243
v 0.580328 0.142670 1.156452
v 0.580328 -0.065219 1.156452
v 0.095990 0.500263 0.605919
v 0.172967 0.358119 1.119730
v -0.095990 0.500263 0.605919
v -0.172967 0.358119 1.119730
v -0.265979 0.500263 0.459140
v -0.479277 0.358119 0.855243
v -0.580328 0.142670 1.156452
v -0.580328 -0.065219 1.156452
v -0.375035 0.500263 0.199207
v -0.675790 0.358119 0.386859
v -0.842697 0.152716 0.490998
v -0.842697 -0.075265 0.490998
v -0.398176 0.500263 -0.157649
v -0.717488 0.358119 -0.265980
v -0.894693 0.152716 -0.326100
v -0.894693 -0.075265 -0.326100
v -0.330099 0.500263 -0.659197
v -0.594818 0.358119 -1.169738
v -0.666504 0.152716 -1.453067
v -0.666504 -0.075265 -1.453067
v -0.186401 0.500263 -1.014900
v -0.342839 0.340894 -1.967987
v -0.276472 0.127047 -4.174796
v -0.273947 -0.051167 -4.161235
v -0.000000 0.500263 -1.143270
v 0.215687 0.142670 1.471306
v 0.215687 -0.075265 1.471306
v -0.215687 0.142670 1.471306
v -0.215687 -0.075265 1.471306
v 0.597649 0.152716 1.141496
v 0.597649 -0.075265 1.141496
v 0.215687 -0.065219 1.471306
v 0.215687 0.152716 1.471306
v -0.215687 -0.065219 1.471306
v -0.215687 0.152716 1.471306
v -0.597649 0.152716 1.141496
v -0.597649 -0.075265 1.141496
v 0.215687 0.142670 1.646400
v 0.215687 -0.065219 1.646400
v -0.215687 0.142670 1.646400
v -0.215687 -0.065219 1.646400
v 0.500478 0.098132 1.555096
v 0.500478 -0.020681 1.555096
v -0.500478 0.098132 1.555096
v -0.500478 -0.020681 1.555096
v 0.580328 -0.065219 1.166425
v 0.580328 0.142670 1.166425
v -0.580328 0.142670 1.166425
v -0.215687 0.142670 1.481279
v -0.580328 -0.065219 1.166425
v 0.215687 -0.065219 1.481279
v -0.215687 -0.065219 1.481279
v 0.215687 0.142670 1.481279
v 0.580328 0.142670 1.522354
v -0.580328 0.142670 1.522354
v -0.580328 -0.065219 1.522354
v 0.215687 -0.065219 1.639258
v 0.580328 -0.065219 1.522354
v -0.215687 0.142670 1.639258
v -0.215687 -0.065219 1.639258
v 0.215687 0.142670 1.639258
v 0.580328 0.142670 1.529496
v 0.580328 -0.065219 1.529496
v 0.215687 -0.020681 1.646400
v 0.215687 0.098132 1.646400
v -0.215687 -0.020681 1.646400
v -0.215687 0.098132 1.646400
v -0.580328 0.142670 1.529496
v -0.580328 -0.065219 1.529496
v 0.215687 0.098132 1.517711
v 0.215687 -0.020681 1.517711
v -0.215687 0.098132 1.517711
v -0.215687 -0.020681 1.517711
v 0.500478 0.098132 1.426407
v 0.500478 -0.020681 1.426407
v -0.500478 0.098132 1.426407
v -0.500478 -0.020681 1.426407
v 0.215687 -0.020681 1.519324
v 0.500478 -0.020681 1.428020
v -0.215687 -0.020681 1.519324
v -0.500478 -0.020681 1.428020
v -0.215687 0.098132 1.519324
v 0.215687 0.098132 1.519324
v 0.500478 0.098132 1.428020
v -0.500478 0.098132 1.428020
v 0.215687 -0.020681 1.638602
v -0.500478 -0.020681 1.547298
v 0.215687 0.098132 1.638602
v 0.500478 0.098132 1.547298
v 0.500478 -0.020681 1.547298
v -0.215687 -0.020681 1.638602
v -0.215687 0.098132 1.638602
v -0.500478 0.098132 1.547298
v 0.508862 0.102808 1.552408
v 0.508862 -0.025357 1.552408
v 0.215687 -0.025357 1.646400
v 0.215687 0.102808 1.646400
v -0.215687 -0.025357 1.646400
v -0.215687 0.102808 1.646400
v -0.508862 -0.025357 1.552408
v -0.508862 0.102808 1.552408
v 0.571196 -0.060125 1.532424
v 0.215687 -0.060125 1.646400
v -0.215687 -0.060125 1.646400
v -0.571196 0.137576 1.532424
v 0.571196 0.137576 1.532424
v 0.215687 0.137576 1.646400
v -0.215687 0.137576 1.646400
v -0.571196 -0.060125 1.532424
v 0.570184 0.152716 -2.321605
v 0.565891 -0.075265 -2.360317
v 0.000000 0.324219 -2.413855
v -0.360982 0.295971 -2.378196
v 0.360487 0.297198 -2.366989
v -0.574818 0.152716 -2.279820
v -0.359585 -0.221980 -2.346597
v -0.568411 -0.075265 -2.337591
v -0.000000 -0.252523 -2.350729
v 0.360531 -0.219636 -2.368001
v 0.000000 0.222032 -3.534739
v -0.000000 -0.106701 -4.038345
v 0.418838 0.152716 -3.686313
v 0.418838 -0.075265 -3.686313
v -0.418838 0.152716 -3.686313
v -0.418838 -0.075265 -3.686313
v 0.000000 0.178299 -4.085835
v -0.000000 -0.149748 -3.478067
v 0.000000 -0.024745 -4.337625
v 0.418838 -0.059433 -3.686313
v 0.666505 -0.059433 -1.453067
v 0.894693 -0.059433 -0.326099
v 0.842697 -0.059433 0.490999
v 0.597649 -0.059433 1.141496
v -0.597649 -0.059433 1.141496
v -0.842697 -0.059433 0.490998
v -0.894693 -0.059433 -0.326100
v -0.666504 -0.059433 -1.453067
v -0.418838 -0.059433 -3.686313
v 0.580328 -0.050782 1.156452
v -0.580328 -0.050782 1.156452
v 0.580328 -0.050782 1.529496
v -0.580328 -0.050782 1.529496
v 0.580328 -0.050782 1.166425
v -0.580328 -0.050782 1.166425
v 0.580328 -0.050782 1.522354
v -0.580328 -0.050782 1.522354
v 0.500478 -0.012430 1.555096
v -0.500478 -0.012430 1.555096
v 0.215687 -0.012430 1.517711
v -0.215687 -0.012430 1.517711
v 0.500478 -0.012430 1.426407
v -0.500478 -0.012430 1.426407
v -0.500478 -0.012430 1.428020
v 0.500478 -0.012430 1.428020
v 0.500478 -0.012430 1.547298
v -0.500478 -0.012430 1.547298
v -0.508862 -0.016457 1.552408
v 0.508862 -0.016457 1.552408
v -0.571196 -0.046396 1.532424
v 0.571196 -0.046396 1.532424
v 0.566189 -0.059433 -2.357629
v -0.568856 -0.059433 -2.333579
v 0.274123 -0.038791 -4.162176
v -0.274122 -0.038791 -4.162176
v -0.580328 0.127194 1.166425
v -0.580328 0.127194 1.522354
v -0.500478 0.089287 1.428020
v -0.500478 0.089287 1.547298
v 0.508862 0.093267 1.552408
v 0.571196 0.122859 1.532424
v -0.574341 0.135744 -2.284121
v 0.000002 0.084263 -4.335840
v 0.418838 0.135744 -3.686313
v 0.666505 0.135744 -1.453067
v 0.894693 0.135744 -0.326099
v 0.842697 0.135744 0.490999
v 0.597649 0.135744 1.141496
v -0.597649 0.135744 1.141496
v -0.842697 0.135744 0.490998
v -0.894693 0.135744 -0.326100
v -0.666504 0.135744 -1.453067
v -0.418838 0.135744 -3.686313
v 0.580328 0.127194 1.156452
v -0.580328 0.127194 1.156452
v 0.580328 0.127194 1.529496
v -0.580328 0.127194 1.529496
v 0.580328 0.127194 1.166425
v 0.580328 0.127194 1.522354
v 0.500478 0.089287 1.555096
v -0.500478 0.089287 1.555096
v 0.215687 0.089287 1.517711
v -0.215687 0.089287 1.517711
v 0.500478 0.089287 1.426407
v -0.500478 0.089287 1.426407
v 0.500478 0.089287 1.428020
v 0.500478 0.089287 1.547298
v -0.508862 0.093267 1.552408
v -0.571196 0.122859 1.532424
v 0.569864 0.135744 -2.324487
v 0.276284 0.113780 -4.173786
v -0.276284 0.113780 -4.173786
v 0.000036 0.066725 -4.337625
v 0.482818 0.112841 -3.686313
v 0.768294 0.112841 -1.453067
v 1.031320 0.112841 -0.326099
v 0.971386 0.112841 0.490999
v 0.688927 0.112841 1.141496
v -0.688854 0.112841 1.141496
v -0.971313 0.112841 0.490999
v -1.031247 0.112841 -0.326100
v -0.768222 0.112841 -1.453067
v -0.482745 0.112841 -3.686313
v 0.580328 0.106309 1.156452
v -0.580328 0.106309 1.156452
v 0.580328 0.106309 1.529496
v -0.580328 0.106309 1.529496
v 0.580328 0.106309 1.166425
v 0.580328 0.106309 1.522354
v 0.500478 0.077351 1.555096
v -0.500478 0.077351 1.555096
v 0.215687 0.077351 1.517711
v -0.215687 0.077351 1.517711
v 0.500478 0.077351 1.426407
v -0.500478 0.077351 1.426407
v 0.500478 0.077351 1.428020
v 0.500478 0.077351 1.547298
v -0.508862 0.080391 1.552408
v -0.571196 0.102997 1.532424
v 0.656403 0.112841 -2.328376
v 0.318208 0.095876 -4.172424
v -0.318135 0.095876 -4.172424
v -0.580328 0.106309 1.166425
v -0.580328 0.106309 1.522354
v -0.500478 0.077351 1.428020
v -0.500478 0.077351 1.547298
v 0.508862 0.080391 1.552408
v 0.571196 0.102997 1.532424
v -0.661246 0.112841 -2.289924
v 0.000036 -0.012513 -4.337625
v 0.482818 -0.036396 -3.686313
v 0.768294 -0.036396 -1.453067
v 1.031320 -0.036396 -0.326099
v 0.971386 -0.036396 0.490999
v 0.688927 -0.036396 1.141496
v -0.688854 -0.036396 1.141496
v -0.971313 -0.036396 0.490999
v -1.031247 -0.036396 -0.326100
v -0.768222 -0.036396 -1.453067
v -0.482745 -0.036396 -3.686313
v 0.580328 -0.029776 1.156452
v -0.580328 -0.029776 1.156452
v 0.580328 -0.029776 1.529496
v -0.580328 -0.029776 1.529496
v 0.580328 -0.029776 1.166425
v 0.580328 -0.029776 1.522354
v 0.500478 -0.000424 1.555096
v -0.500478 -0.000424 1.555096
v 0.215687 -0.000424 1.517711
v -0.215687 -0.000424 1.517711
v 0.500478 -0.000424 1.426407
v -0.500478 -0.000424 1.426407
v 0.500478 -0.000424 1.428020
v 0.500478 -0.000424 1.547298
v -0.508862 -0.003506 1.552408
v -0.571196 -0.026419 1.532424
v 0.653164 -0.036396 -2.353717
v 0.316303 -0.020783 -4.163547
v -0.316230 -0.020783 -4.163547
v -0.580328 -0.029776 1.166425
v -0.580328 -0.029776 1.522354
v -0.500478 -0.000424 1.428020
v -0.500478 -0.000424 1.547298
v 0.508862 -0.003506 1.552408
v 0.571196 -0.026419 1.532424
v -0.656412 -0.036396 -2.327742
v -0.580328 0.097893 1.166425
v -0.580328 0.097893 1.522354
v -0.500478 0.072541 1.428020
v -0.500478 0.072541 1.547298
v 0.508862 0.075203 1.552408
v 0.571196 0.094994 1.532424
v -0.660947 0.103612 -2.292263
v 0.000036 0.061825 -4.337625
v 0.482818 0.103612 -3.686313
v 0.768294 0.103612 -1.453067
v 1.031320 0.103612 -0.326099
v 0.971386 0.103612 0.490999
v 0.688927 0.103612 1.141496
v -0.688854 0.103612 1.141496
v -0.971313 0.103612 0.490999
v -1.031247 0.103612 -0.326100
v -0.768222 0.103612 -1.453067
v -0.482745 0.103612 -3.686313
v 0.580328 0.097893 1.156452
v -0.580328 0.097893 1.156452
v 0.580328 0.097893 1.529496
v -0.580328 0.097893 1.529496
v 0.580328 0.097893 1.166425
v 0.580328 0.097893 1.522354
v 0.500478 0.072541 1.555096
v -0.500478 0.072541 1.555096
v 0.215687 0.072541 1.517711
v -0.215687 0.072541 1.517711
v 0.500478 0.072541 1.426407
v -0.500478 0.072541 1.426407
v 0.500478 0.072541 1.428020
v 0.500478 0.072541 1.547298
v -0.508862 0.075203 1.552408
v -0.571196 0.094994 1.532424
v 0.656203 0.103612 -2.329943
v 0.318090 0.088662 -4.171875
v -0.318017 0.088662 -4.171875
v 0.000036 -0.005787 -4.337625
v 0.482818 -0.023727 -3.686313
v 0.768294 -0.023727 -1.453067
v 1.031320 -0.023727 -0.326099
v 0.971386 -0.023727 0.490999
v 0.688927 -0.023727 1.141496
v -0.688854 -0.023727 1.141496
v -0.971313 -0.023727 0.490999
v -1.031247 -0.023727 -0.326100
v -0.768222 -0.023727 -1.453067
v -0.482745 -0.023727 -3.686313
v 0.580328 -0.018223 1.156452
v -0.580328 -0.018223 1.156452
v 0.580328 -0.018223 1.529496
v -0.580328 -0.018223 1.529496
v 0.580328 -0.018223 1.166425
v 0.580328 -0.018223 1.522354
v 0.500478 0.006178 1.555096
v -0.500478 0.006178 1.555096
v 0.215687 0.006178 1.517711
v -0.215687 0.006178 1.517711
v 0.500478 0.006178 1.426407
v -0.500478 0.006178 1.426407
v 0.500478 0.006178 1.428020
v 0.500478 0.006178 1.547298
v -0.508862 0.003616 1.552408
v -0.571196 -0.015433 1.532424
v 0.653439 -0.023727 -2.351566
v 0.316464 -0.010880 -4.164300
v -0.316391 -0.010880 -4.164300
v -0.580328 -0.018223 1.166425
v -0.580328 -0.018223 1.522354
v -0.500478 0.006178 1.428020
v -0.500478 0.006178 1.547298
v 0.508862 0.003616 1.552408
v 0.571196 -0.015433 1.532424
v -0.656822 -0.023727 -2.324531
v -0.580328 0.109140 1.166425
v -0.580328 0.109140 1.522354
v -0.500478 0.078969 1.428020
v -0.500478 0.078969 1.547298
v 0.508862 0.082137 1.552408
v 0.571196 0.105690 1.532424
v -0.649463 0.115946 -2.289138
v 0.000031 0.068374 -4.337625
v 0.474144 0.115946 -3.686313
v 0.754494 0.115946 -1.453067
v 1.012796 0.115946 -0.326099
v 0.953938 0.115946 0.490999
v 0.676551 0.115946 1.141496
v -0.676489 0.115946 1.141496
v -0.953875 0.115946 0.490999
v -1.012733 0.115946 -0.326100
v -0.754431 0.115946 -1.453067
v -0.474080 0.115946 -3.686313
v 0.580328 0.109140 1.156452
v -0.580328 0.109140 1.156452
v 0.580328 0.109140 1.529496
v -0.580328 0.109140 1.529496
v 0.580328 0.109140 1.166425
v 0.580328 0.109140 1.522354
v 0.500478 0.078969 1.555096
v -0.500478 0.078969 1.555096
v 0.215687 0.078969 1.517711
v -0.215687 0.078969 1.517711
v 0.500478 0.078969 1.426407
v -0.500478 0.078969 1.426407
v 0.500478 0.078969 1.428020
v 0.500478 0.078969 1.547298
v -0.508862 0.082137 1.552408
v -0.571196 0.105690 1.532424
v 0.644670 0.115946 -2.327849
v 0.312524 0.098304 -4.172608
v -0.312461 0.098304 -4.172608
v -0.580328 0.126062 1.166425
v -0.580328 0.126062 1.522354
v -0.500478 0.088640 1.428020
v -0.500478 0.088640 1.547298
v 0.508862 0.092569 1.552408
v 0.571196 0.121782 1.532424
v -0.579051 0.134503 -2.284435
v 0.000002 0.081260 -4.337625
v 0.422306 0.134503 -3.686313
v 0.672022 0.134503 -1.453067
v 0.902099 0.134503 -0.326099
v 0.849672 0.134503 0.490999
v 0.602596 0.134503 1.141496
v -0.602592 0.134503 1.141496
v -0.849668 0.134503 0.490998
v -0.902095 0.134503 -0.326100
v -0.672018 0.134503 -1.453067
v -0.422302 0.134503 -3.686313
v 0.580328 0.126062 1.156452
v -0.580328 0.126062 1.156452
v 0.580328 0.126062 1.529496
v -0.580328 0.126062 1.529496
v 0.580328 0.126062 1.166425
v 0.580328 0.126062 1.522354
v 0.500478 0.088640 1.555096
v -0.500478 0.088640 1.555096
v 0.215687 0.088640 1.517711
v -0.215687 0.088640 1.517711
v 0.500478 0.088640 1.426407
v -0.500478 0.088640 1.426407
v 0.500478 0.088640 1.428020
v 0.500478 0.088640 1.547298
v -0.508862 0.092569 1.552408
v -0.571196 0.121782 1.532424
v 0.574555 0.134503 -2.324698
v 0.278556 0.112809 -4.173713
v -0.278552 0.112809 -4.173713
v 0.395459 -0.344963 -0.786491
v 0.224473 -0.347817 -1.218999
v 0.472197 -0.342154 -0.203166
v 0.459242 -0.345727 0.042626
v 0.364505 -0.348356 0.276600
v 0.138389 -0.352559 0.483882
v -0.138389 -0.352559 0.483882
v -0.364505 -0.348356 0.276599
v -0.459242 -0.345727 0.042626
v -0.472198 -0.342154 -0.203166
v -0.395459 -0.344963 -0.786491
v -0.224473 -0.347817 -1.218999
v -0.000000 -0.348896 -1.376399
v 0.000032 -0.013999 -4.337625
v 0.475049 -0.039193 -3.686313
v 0.755934 -0.039193 -1.453067
v 1.014730 -0.039193 -0.326099
v 0.955759 -0.039193 0.490999
v 0.677843 -0.039193 1.141496
v -0.677779 -0.039193 1.141496
v -0.955695 -0.039193 0.490999
v -1.014666 -0.039193 -0.326100
v -0.755870 -0.039193 -1.453067
v -0.474985 -0.039193 -3.686313
v 0.580328 -0.032326 1.156452
v -0.580328 -0.032326 1.156452
v 0.580328 -0.032326 1.529496
v -0.580328 -0.032326 1.529496
v 0.580328 -0.032326 1.166425
v 0.580328 -0.032326 1.522354
v 0.500478 -0.001882 1.555096
v -0.500478 -0.001882 1.555096
v 0.215687 -0.001882 1.517711
v -0.215687 -0.001882 1.517711
v 0.500478 -0.001882 1.426407
v -0.500478 -0.001882 1.426407
v 0.500478 -0.001882 1.428020
v 0.500478 -0.001882 1.547298
v -0.508862 -0.005079 1.552408
v -0.571196 -0.028845 1.532424
v 0.642603 -0.039193 -2.354192
v 0.311181 -0.022969 -4.163381
v -0.311117 -0.022969 -4.163381
v -0.580328 -0.032326 1.166425
v -0.580328 -0.032326 1.522354
v -0.500478 -0.001882 1.428020
v -0.500478 -0.001882 1.547298
v 0.508862 -0.005079 1.552408
v 0.571196 -0.028845 1.532424
v -0.645780 -0.039193 -2.328450
v 0.000003 -0.023705 -4.337625
v 0.424278 -0.057474 -3.686313
v 0.675159 -0.057474 -1.453067
v 0.906310 -0.057474 -0.326099
v 0.853638 -0.057474 0.490999
v 0.605410 -0.057474 1.141496
v -0.605404 -0.057474 1.141496
v -0.853632 -0.057474 0.490998
v -0.906303 -0.057474 -0.326100
v -0.675153 -0.057474 -1.453067
v -0.424272 -0.057474 -3.686313
v 0.580328 -0.048996 1.156452
v -0.580328 -0.048996 1.156452
v 0.580328 -0.048996 1.529496
v -0.580328 -0.048996 1.529496
v 0.580328 -0.048996 1.166425
v 0.580328 -0.048996 1.522354
v 0.500478 -0.011409 1.555096
v -0.500478 -0.011409 1.555096
v 0.215687 -0.011409 1.517711
v -0.215687 -0.011409 1.517711
v 0.500478 -0.011409 1.426407
v -0.500478 -0.011409 1.426407
v 0.500478 -0.011409 1.428020
v 0.500478 -0.011409 1.547298
v -0.508862 -0.015356 1.552408
v -0.571196 -0.044697 1.532424
v 0.573584 -0.057474 -2.357296
v 0.277709 -0.037260 -4.162292
v -0.277702 -0.037260 -4.162292
v -0.580328 -0.048996 1.166425
v -0.580328 -0.048996 1.522354
v -0.500478 -0.011409 1.428020
v -0.500478 -0.011409 1.547298
v 0.508862 -0.015356 1.552408
v 0.571196 -0.044697 1.532424
v -0.576300 -0.057474 -2.333083
v 0.034901 0.358119 -2.017972
v 0.006465 0.500263 -1.138818
v 0.037457 0.321412 -2.408985
v 0.043521 0.214830 -3.550489
v 0.028728 0.172974 -4.095078
v -0.006752 0.500263 -1.138620
v -0.033990 0.358119 -2.018599
v -0.036530 0.321361 -2.410246
v -0.042385 0.215018 -3.550078
v -0.027978 0.173113 -4.094836
v -0.024882 0.150406 -4.284244
v 0.026654 0.150241 -4.283473
v 0.580328 -0.065219 1.446060
v -0.215687 0.142670 1.555708
v -0.215687 -0.065219 1.555708
v 0.215687 0.142670 1.555708
v 0.580328 0.142670 1.446060
v -0.580328 0.142670 1.450141
v -0.580328 -0.065219 1.450141
v 0.215687 -0.065219 1.555708
v -0.580328 -0.050782 1.450141
v 0.580328 -0.050782 1.446060
v -0.580328 0.127194 1.450141
v 0.580328 0.127194 1.446060
v 0.580328 0.106309 1.446060
v -0.580328 0.106309 1.450141
v 0.580328 -0.029776 1.446060
v -0.580328 -0.029776 1.450141
v -0.580328 0.097893 1.450141
v 0.580328 0.097893 1.446060
v 0.580328 -0.018223 1.446060
v -0.580328 -0.018223 1.450141
v -0.580328 0.109140 1.450141
v 0.580328 0.109140 1.446060
v -0.580328 0.126062 1.450141
v 0.580328 0.126062 1.446060
v 0.580328 -0.032326 1.446060
v -0.580328 -0.032326 1.450141
v 0.580328 -0.048996 1.446060
v -0.580328 -0.048996 1.450141
v 0.580328 0.142670 1.497635
v -0.580328 0.142670 1.497635
v -0.580328 -0.065219 1.497635
v 0.215687 -0.065219 1.607220
v -0.580328 -0.050782 1.497635
v 0.580328 -0.050782 1.497635
v -0.580328 0.127194 1.497635
v 0.580328 0.127194 1.497635
v 0.580328 0.106309 1.497635
v -0.580328 0.106309 1.497635
v 0.580328 -0.029776 1.497635
v -0.580328 -0.029776 1.497635
v -0.580328 0.097893 1.497635
v 0.580328 0.097893 1.497635
v 0.580328 -0.018223 1.497635
v -0.580328 -0.018223 1.497635
v -0.580328 0.109140 1.497635
v 0.580328 0.109140 1.497635
v -0.580328 0.126062 1.497635
v 0.580328 0.126062 1.497635
v 0.580328 -0.032326 1.497635
v -0.580328 -0.032326 1.497635
v 0.580328 -0.048996 1.497635
v -0.580328 -0.048996 1.497635
v 0.580328 -0.065219 1.497635
v -0.215687 0.142670 1.607220
v -0.215687 -0.065219 1.607220
v 0.215687 0.142670 1.607220
v 0.618094 0.291427 -1.261732
v 0.775024 0.291427 -0.285500
v 0.729983 0.291427 0.420672
v 0.517711 0.291427 0.948186
v 0.186838 0.291427 1.233882
v -0.186838 0.291427 1.233882
v -0.517711 0.291427 0.948186
v -0.729983 0.291427 0.420672
v -0.775024 0.291427 -0.285500
v -0.618094 0.291427 -1.261732
v 0.594818 -0.280668 -1.169738
v 0.335882 -0.280668 -1.810692
v 0.717488 -0.280668 -0.265980
v 0.675790 -0.280668 0.386859
v 0.479277 -0.280668 0.855243
v 0.172967 -0.280668 1.119730
v -0.172967 -0.280668 1.119730
v -0.479277 -0.280668 0.855243
v -0.675790 -0.280668 0.386859
v -0.717488 -0.280668 -0.265980
v -0.594818 -0.280668 -1.169738
v -0.335882 -0.280668 -1.810692
v -0.000000 -0.280668 -2.042007
v 0.519653 -0.304909 -1.025241
v 0.293877 -0.305985 -1.587605
v 0.625006 -0.303850 -0.242297
v 0.594145 -0.305197 0.257072
v 0.436004 -0.306189 0.637075
v 0.159930 -0.307773 0.879995
v -0.159930 -0.307773 0.879995
v -0.436004 -0.306189 0.637075
v -0.594145 -0.305197 0.257072
v -0.625006 -0.303850 -0.242297
v -0.519653 -0.304909 -1.025241
v -0.293877 -0.305985 -1.587605
v -0.000000 -0.306392 -1.791052
vt 0.692308 0.285714
vt 0.692308 0.305289
vt 0.615385 0.328162
vt 0.615385 0.285714
vt 0.692308 0.857143
vt 0.653846 1.000000
vt 0.615385 0.857143
vt 0.689640 0.857143
vt 0.684315 0.714286
vt 0.615385 0.702542
vt 0.569711 0.428571
vt 0.538462 0.428571
vt 0.538462 0.285714
vt 0.615385 0.571429
vt 0.615385 0.671915
vt 0.568378 0.571429
vt 0.576923 1.000000
vt 0.538462 0.857143
vt 0.615385 0.560794
vt 0.568477 0.560794
vt 0.538462 0.714286
vt 0.461539 0.428571
vt 0.461539 0.285714
vt 0.500000 1.000000
vt 0.461539 0.857143
vt 0.538462 0.560794
vt 0.538462 0.571429
vt 0.461539 0.571429
vt 0.461539 0.560794
vt 0.461539 0.714286
vt 0.423077 1.000000
vt 0.384615 0.857143
vt 0.384615 0.571429
vt 0.384615 0.560794
vt 0.384615 0.714286
vt 0.384615 0.428571
vt 0.384615 0.285714
vt 0.307692 0.571429
vt 0.307692 0.560794
vt 0.307692 0.857143
vt 0.307692 0.714286
vt 0.307692 0.428571
vt 0.307692 0.285714
vt 0.346154 1.000000
vt 0.230769 0.857143
vt 0.230769 0.714286
vt 0.230769 0.428571
vt 0.230769 0.285714
vt 0.269231 1.000000
vt 0.153846 0.857143
vt 0.153846 0.714286
vt 0.153846 0.428571
vt 0.153846 0.285714
vt 0.192308 1.000000
vt 0.076923 0.428571
vt 0.076923 0.285714
vt 0.115385 1.000000
vt 0.076923 0.857143
vt 0.076923 0.714286
vt 0.000000 0.428571
vt 0.000000 0.285714
vt 0.038462 1.000000
vt 0.000000 0.857143
vt 0.076923 0.560794
vt 0.076923 0.571429
vt 0.000000 0.571429
vt 0.000000 0.560794
vt 0.000000 0.714286
vt 1.000000 0.857143
vt 0.961538 1.000000
vt 0.923077 0.857143
vt 1.000000 0.560794
vt 1.000000 0.571429
vt 0.923077 0.571429
vt 0.923077 0.560794
vt 1.000000 0.714286
vt 0.923077 0.714286
vt 1.000000 0.285714
vt 1.000000 0.428571
vt 0.923077 0.428571
vt 0.923077 0.285714
vt 0.846154 0.571429
vt 0.846154 0.560794
vt 0.846154 0.857143
vt 0.846154 0.714286
vt 0.846154 0.428571
vt 0.846154 0.285714
vt 0.884615 1.000000
vt 0.817677 0.571429
vt 0.817529 0.560794
vt 0.769231 0.857143
vt 0.769231 0.702305
vt 0.815687 0.428571
vt 0.769231 0.285714
vt 0.807692 1.000000
vt 0.769231 0.326532
vt 0.743084 0.553576
vt 0.697080 0.582407
vt 0.696878 0.569822
vt 0.730769 1.000000
vt 0.695094 0.857143
vt 0.743049 0.545518
vt 0.692307 0.560709
vt 0.700092 0.714286
vt 0.692308 0.714286
vt 0.304204 0.443913
vt 0.304204 0.434867
vt 0.307692 0.438492
vt 0.230769 0.434867
vt 0.230769 0.565133
vt 0.304204 0.565133
vt 0.230769 0.571429
vt 0.153846 0.434867
vt 0.153846 0.565133
vt 0.153846 0.571429
vt 0.080411 0.555436
vt 0.080411 0.565133
vt 0.080411 0.434867
vt 0.230769 0.537225
vt 0.153846 0.537225
vt 0.153846 0.537225
vt 0.230769 0.537225
vt 0.096492 0.462775
vt 0.153846 0.462775
vt 0.153846 0.462775
vt 0.096492 0.462775
vt 0.230769 0.462775
vt 0.288123 0.462775
vt 0.288123 0.462775
vt 0.230769 0.462775
vt 0.230769 0.667902
vt 0.153846 0.667902
vt 0.288123 0.537225
vt 0.288123 0.537225
vt 0.288123 0.531895
vt 0.288123 0.531895
vt 0.096492 0.537225
vt 0.096492 0.537225
vt 0.096492 0.467579
vt 0.096492 0.467579
vt 0.700092 0.688720
vt 0.769231 0.671062
vt 0.769231 0.571429
vt 0.615385 0.428571
vt 0.769231 0.428571
vt 0.692308 0.376769
vt 0.769231 0.560794
vt 0.700092 0.614759
vt 0.641995 0.445332
vt 0.691806 0.411112
vt 0.692308 0.428571
vt 0.742620 0.445332
vt 0.641566 0.545518
vt 0.641531 0.553576
vt 0.742652 0.452849
vt 0.769231 0.438492
vt 0.641963 0.452849
vt 0.615385 0.438492
vt 0.815825 0.438492
vt 0.569619 0.438492
vt 0.538462 0.438492
vt 0.288123 0.467579
vt 0.288123 0.467579
vt 0.080411 0.443913
vt 0.076923 0.438492
vt 0.692308 0.438492
vt 0.846154 0.438492
vt 0.923077 0.438492
vt 1.000000 0.438492
vt 0.000000 0.438492
vt 0.384615 0.438492
vt 0.461538 0.438492
vt 0.304204 0.555436
vt 0.096492 0.531596
vt 0.096492 0.531596
vt 0.641569 0.544928
vt 0.615385 0.560016
vt 0.817518 0.560016
vt 0.769231 0.560016
vt 0.568485 0.560016
vt 0.538462 0.560016
vt 0.288123 0.531481
vt 0.288123 0.531481
vt 0.080411 0.554726
vt 0.076923 0.560016
vt 0.743047 0.544928
vt 0.692308 0.560016
vt 0.846154 0.560016
vt 0.923077 0.560016
vt 1.000000 0.560016
vt 0.000000 0.560016
vt 0.384615 0.560016
vt 0.307692 0.560016
vt 0.461539 0.560016
vt 0.304204 0.554726
vt 0.096492 0.531184
vt 0.096492 0.531184
vt 0.515179 0.285714
vt 0.522758 0.285714
vt 0.449366 0.285714
vt 0.454915 0.285714
vt 0.418663 0.285714
vt 0.440197 0.285714
vt 0.376507 0.285714
vt 0.419654 0.285714
vt 0.310690 0.285714
vt 0.392871 0.285714
vt 0.250901 0.285714
vt 0.407346 0.285714
vt 0.531423 0.285714
vt 0.528042 0.285714
vt 0.859144 0.285714
vt 0.621121 0.285714
vt 0.833681 0.285714
vt 0.654277 0.285714
vt 0.793453 0.285714
vt 0.687120 0.285714
vt 0.732452 0.285714
vt 0.664023 0.285714
vt 0.664671 0.285714
vt 0.621883 0.285714
vt 0.613209 0.285714
vt 0.686667 0.582320
vt 0.684315 0.614629
vt 0.684315 0.688756
vt 0.687413 0.569707
vt 0.923077 0.667902
vt 0.846154 0.667902
vt 1.000000 0.667902
vt 0.076923 0.667902
vt 0.000000 0.667902
vt 0.307692 0.667902
vt 0.384615 0.667902
vt 0.461539 0.667902
vt 0.538462 0.667902
vt 0.571252 0.285714
vt 0.532541 0.285714
vt 0.614564 0.285714
vt 0.755364 0.285714
vt 0.826284 0.285714
vt 0.681888 0.285714
vt 0.889372 0.285714
vt 0.946893 0.285714
vt 0.248284 0.285714
vt 0.190439 0.285714
vt 0.260902 0.285714
vt 0.333638 0.285714
vt 0.397453 0.285714
vt 0.456949 0.285714
vt 0.080411 0.443913
vt 0.080411 0.434867
vt 0.080411 0.434867
vt 0.080411 0.443913
vt 0.153846 0.565133
vt 0.080411 0.565133
vt 0.080411 0.565133
vt 0.153846 0.565133
vt 0.304204 0.555436
vt 0.304204 0.565133
vt 0.304204 0.565133
vt 0.304204 0.555436
vt 0.153846 0.434867
vt 0.230769 0.434867
vt 0.230769 0.434867
vt 0.153846 0.434867
vt 0.304204 0.434866
vt 0.304204 0.434867
vt 0.230769 0.565133
vt 0.230769 0.565133
vt 0.230769 0.565133
vt 0.304204 0.565133
vt 0.153846 0.565133
vt 0.153846 0.434867
vt 0.080411 0.434867
vt 0.304204 0.434867
vt 0.230769 0.434867
vt 0.304204 0.555436
vt 0.080411 0.565133
vt 0.080411 0.443913
vt 0.304204 0.565133
vt 0.230769 0.565133
vt 0.153846 0.565133
vt 0.080411 0.434867
vt 0.153846 0.434867
vt 0.230769 0.434867
vt 0.304204 0.434866
vt 0.304204 0.555436
vt 0.080411 0.565133
vt 0.080411 0.443913
vt 0.302365 0.446661
vt 0.302365 0.438058
vt 0.304204 0.443913
vt 0.230769 0.438058
vt 0.153846 0.438058
vt 0.153846 0.561942
vt 0.230769 0.561942
vt 0.082250 0.552719
vt 0.082250 0.561942
vt 0.080411 0.555436
vt 0.082250 0.438058
vt 0.153846 0.462775
vt 0.230769 0.462775
vt 0.096492 0.467945
vt 0.096492 0.462775
vt 0.153846 0.537225
vt 0.096492 0.537225
vt 0.288123 0.531690
vt 0.288123 0.537225
vt 0.230769 0.537225
vt 0.288123 0.462775
vt 0.230769 0.537225
vt 0.153846 0.537225
vt 0.096492 0.462775
vt 0.153846 0.462775
vt 0.230769 0.462775
vt 0.288123 0.462775
vt 0.288123 0.537225
vt 0.288123 0.531687
vt 0.096492 0.537225
vt 0.096492 0.467936
vt 0.153846 0.540155
vt 0.094804 0.540155
vt 0.094804 0.459845
vt 0.153846 0.459845
vt 0.096492 0.531678
vt 0.094804 0.534177
vt 0.230769 0.540155
vt 0.230769 0.459845
vt 0.289812 0.540155
vt 0.289812 0.459845
vt 0.288123 0.467936
vt 0.289812 0.465422
vt 0.302365 0.561942
vt 0.742656 0.453779
vt 0.769231 0.439719
vt 0.289812 0.466112
vt 0.302365 0.447726
vt 0.094804 0.465422
vt 0.082250 0.446661
vt 0.288123 0.468576
vt 0.096492 0.468576
vt 0.096492 0.468585
vt 0.288123 0.467945
vt 0.096492 0.468215
vt 0.096492 0.468215
vt 0.304204 0.445032
vt 0.080411 0.445032
vt 0.080411 0.445032
vt 0.304204 0.443913
vt 0.304204 0.443913
vt 0.080411 0.445032
vt 0.080411 0.445032
vt 0.304204 0.443913
vt 0.304204 0.445032
vt 0.307692 0.439719
vt 0.080411 0.445032
vt 0.080411 0.555436
vt 0.080411 0.555436
vt 0.080411 0.555436
vt 0.096492 0.531681
vt 0.289812 0.534177
vt 0.302365 0.552719
vt 0.094804 0.533739
vt 0.082250 0.552045
vt 0.096492 0.531272
vt 0.288123 0.531281
vt 0.288123 0.531284
vt 0.080411 0.554726
vt 0.304204 0.554726
vt 0.304204 0.554726
vt 0.304204 0.554726
vt 0.304204 0.554726
vt 0.692308 0.540659
vt 0.692308 0.546442
vt 0.641613 0.534643
vt 0.641631 0.530261
vt 0.615385 0.540659
vt 0.615385 0.546442
vt 0.568611 0.546442
vt 0.568665 0.540659
vt 0.538462 0.540659
vt 0.538462 0.546442
vt 0.461539 0.546442
vt 0.461539 0.540659
vt 0.384615 0.546442
vt 0.384616 0.540659
vt 0.307692 0.546442
vt 0.307692 0.540659
vt 0.076923 0.540659
vt 0.076923 0.546442
vt 0.000000 0.546442
vt 0.000000 0.540659
vt 1.000000 0.540659
vt 1.000000 0.546442
vt 0.923077 0.546442
vt 0.923077 0.540659
vt 0.846154 0.546442
vt 0.846154 0.540659
vt 0.817329 0.546442
vt 0.817248 0.540659
vt 0.742984 0.530262
vt 0.743003 0.534643
vt 0.304204 0.537076
vt 0.304204 0.542349
vt 0.304204 0.542349
vt 0.304204 0.537069
vt 0.080411 0.537076
vt 0.080411 0.542349
vt 0.304204 0.537076
vt 0.304204 0.542349
vt 0.304204 0.542349
vt 0.304204 0.537076
vt 0.304204 0.537076
vt 0.304204 0.542349
vt 0.082250 0.535259
vt 0.082250 0.540274
vt 0.080411 0.542349
vt 0.080411 0.537069
vt 0.288123 0.521325
vt 0.288123 0.524255
vt 0.288123 0.524255
vt 0.288123 0.521325
vt 0.288123 0.521197
vt 0.288123 0.524210
vt 0.288123 0.521192
vt 0.288123 0.524206
vt 0.096492 0.521185
vt 0.096492 0.524197
vt 0.094804 0.526109
vt 0.094804 0.522858
vt 0.769231 0.546442
vt 0.769231 0.540659
vt 0.080411 0.544123
vt 0.080411 0.542349
vt 0.080411 0.544123
vt 0.304204 0.544123
vt 0.307692 0.548388
vt 0.080411 0.544123
vt 0.080411 0.542349
vt 0.080411 0.544123
vt 0.080411 0.544123
vt 0.080411 0.542349
vt 0.302365 0.541961
vt 0.302365 0.540274
vt 0.304204 0.544123
vt 0.096492 0.525023
vt 0.096492 0.523992
vt 0.096492 0.523992
vt 0.096492 0.525023
vt 0.096492 0.525216
vt 0.096492 0.524202
vt 0.096492 0.525212
vt 0.288123 0.525220
vt 0.289812 0.526109
vt 0.289812 0.527202
vt 0.743009 0.536118
vt 0.769231 0.548388
vt 0.641922 0.462458
vt 0.641916 0.463786
vt 0.615385 0.452927
vt 0.615385 0.451174
vt 0.816002 0.451174
vt 0.816026 0.452927
vt 0.769231 0.452927
vt 0.769231 0.451174
vt 0.569500 0.451174
vt 0.569484 0.452927
vt 0.538462 0.452927
vt 0.538462 0.451174
vt 0.094804 0.472552
vt 0.094804 0.473537
vt 0.082250 0.459179
vt 0.082250 0.457659
vt 0.096492 0.474547
vt 0.096492 0.475461
vt 0.288123 0.474548
vt 0.288123 0.475462
vt 0.288123 0.475470
vt 0.288123 0.474556
vt 0.288123 0.475085
vt 0.288123 0.474174
vt 0.288123 0.475085
vt 0.288123 0.474174
vt 0.080411 0.457072
vt 0.080411 0.455475
vt 0.304204 0.455477
vt 0.304204 0.457076
vt 0.304204 0.457076
vt 0.304204 0.455477
vt 0.304204 0.455477
vt 0.304204 0.457076
vt 0.304204 0.457076
vt 0.304204 0.455477
vt 0.080411 0.455477
vt 0.080411 0.457076
vt 0.076923 0.452927
vt 0.076923 0.451174
vt 0.304204 0.457072
vt 0.304204 0.455475
vt 0.742694 0.462458
vt 0.742699 0.463786
vt 0.692308 0.452927
vt 0.692308 0.451174
vt 0.846154 0.451174
vt 0.846154 0.452927
vt 0.923077 0.451174
vt 0.923077 0.452927
vt 1.000000 0.451174
vt 1.000000 0.452927
vt 0.000000 0.452927
vt 0.000000 0.451174
vt 0.384615 0.451174
vt 0.384615 0.452927
vt 0.307692 0.452927
vt 0.307692 0.451174
vt 0.461538 0.451174
vt 0.461538 0.452927
vt 0.080411 0.464317
vt 0.080411 0.457076
vt 0.080411 0.464313
vt 0.304204 0.464315
vt 0.307692 0.460866
vt 0.080411 0.464315
vt 0.080411 0.457076
vt 0.080411 0.464315
vt 0.080411 0.464317
vt 0.080411 0.457076
vt 0.302365 0.466063
vt 0.302365 0.459179
vt 0.304204 0.464313
vt 0.096492 0.479186
vt 0.096492 0.475050
vt 0.096492 0.475050
vt 0.096492 0.479155
vt 0.096492 0.479609
vt 0.096492 0.475471
vt 0.096492 0.479599
vt 0.288123 0.479602
vt 0.289812 0.473537
vt 0.289812 0.478000
vt 0.742725 0.469801
vt 0.769231 0.460866
vt 0.289812 0.522858
vt 0.302365 0.535259
vt 0.096492 0.521192
vt 0.096492 0.521076
vt 0.096492 0.521075
vt 0.080411 0.537076
vt 0.080411 0.537076
vt 0.080411 0.537076
vt 0.641890 0.469801
vt 0.615385 0.460866
vt 0.816137 0.460866
vt 0.569410 0.460866
vt 0.538462 0.460866
vt 0.094804 0.478000
vt 0.082250 0.466063
vt 0.288123 0.479609
vt 0.288123 0.479241
vt 0.288123 0.479241
vt 0.304204 0.464317
vt 0.304204 0.464317
vt 0.304204 0.464315
vt 0.076923 0.460866
vt 0.692308 0.460866
vt 0.846154 0.460866
vt 0.923077 0.460866
vt 1.000000 0.460866
vt 0.000000 0.460866
vt 0.384615 0.460866
vt 0.461538 0.460866
vt 0.289812 0.533739
vt 0.302365 0.552045
vt 0.096492 0.531275
vt 0.080411 0.554726
vt 0.080411 0.554726
vt 0.080411 0.554726
vt 0.692308 0.548388
vt 0.641606 0.536118
vt 0.615385 0.548388
vt 0.568593 0.548388
vt 0.538462 0.548388
vt 0.461539 0.548388
vt 0.384615 0.548388
vt 0.076923 0.548388
vt 0.000000 0.548388
vt 1.000000 0.548388
vt 0.923077 0.548388
vt 0.846154 0.548388
vt 0.817356 0.548388
vt 0.304204 0.544123
vt 0.304204 0.544123
vt 0.304204 0.544123
vt 0.082250 0.541961
vt 0.288123 0.525291
vt 0.288123 0.525291
vt 0.288123 0.525224
vt 0.094804 0.527202
vt 0.692308 0.439719
vt 0.641959 0.453779
vt 0.615385 0.439719
vt 0.569607 0.439719
vt 0.538462 0.439719
vt 0.461538 0.439719
vt 0.384615 0.439719
vt 0.076923 0.439719
vt 0.000000 0.439719
vt 1.000000 0.439719
vt 0.923077 0.439719
vt 0.846154 0.439719
vt 0.815842 0.439719
vt 0.304204 0.445032
vt 0.304204 0.445032
vt 0.304204 0.445032
vt 0.082250 0.447726
vt 0.288123 0.468217
vt 0.288123 0.468217
vt 0.288123 0.468585
vt 0.094804 0.466112
vt 0.080411 0.455477
vt 0.080411 0.455477
vt 0.080411 0.455477
vt 0.302365 0.457659
vt 0.096492 0.474143
vt 0.096492 0.474143
vt 0.096492 0.474557
vt 0.289812 0.472552
vt 0.080411 0.445032
vt 0.080411 0.455477
vt 0.304204 0.445032
vt 0.304204 0.443913
vt 0.080411 0.457076
vt 0.304204 0.455477
vt 0.304204 0.554727
vt 0.304204 0.544123
vt 0.080411 0.554726
vt 0.080411 0.555436
vt 0.304204 0.542349
vt 0.080411 0.544123
vt 0.080411 0.464317
vt 0.080411 0.537076
vt 0.304204 0.464317
vt 0.304204 0.457076
vt 0.304204 0.537076
vt 0.080411 0.542349
vt 0.304204 0.555436
vt 0.080411 0.565133
vt 0.304204 0.434866
vt 0.080411 0.443913
vt 0.080411 0.434867
vt 0.153846 0.565133
vt 0.304204 0.565133
vt 0.230769 0.434867
vt 0.153846 0.434867
vt 0.230769 0.565133
vt 0.692308 0.571429
vt 0.691901 0.585653
vt 0.692308 0.690708
vt 0.692308 0.619638
vt 0.230769 0.531683
vt 0.153846 0.531683
vt 0.230769 0.467945
vt 0.153846 0.467945
vt 0.230769 0.531277
vt 0.153846 0.531277
vt 0.230769 0.524203
vt 0.230769 0.521189
vt 0.153846 0.521189
vt 0.153846 0.524203
vt 0.230769 0.474555
vt 0.230769 0.475468
vt 0.153846 0.475468
vt 0.153846 0.474554
vt 0.230769 0.479605
vt 0.153846 0.479605
vt 0.230769 0.525217
vt 0.153846 0.525217
vt 0.230769 0.468585
vt 0.153846 0.468585
vn 0.0001 -0.9949 -0.1004
vn 0.0923 -0.9908 -0.0987
vn 0.3463 -0.9343 -0.0840
vn 0.3347 -0.9350 -0.1175
vn 0.0837 0.9891 -0.1215
vn 0.1050 0.9944 0.0084
vn 0.1534 0.9838 -0.0924
vn 0.0633 0.9930 -0.0997
vn 0.0905 0.9874 -0.1294
vn 0.3444 0.9318 -0.1145
vn 0.8860 -0.4514 -0.1064
vn 0.9031 -0.3972 -0.1631
vn 0.5212 -0.8462 -0.1107
vn 0.7548 0.6286 -0.1873
vn 0.3462 0.9344 -0.0840
vn 0.8831 0.4588 -0.0979
vn 0.2417 0.9690 -0.0519
vn 0.7945 0.5805 -0.1780
vn 0.7908 0.6058 -0.0878
vn 0.5868 0.7988 -0.1330
vn 0.9454 -0.3192 -0.0654
vn 0.5556 -0.8311 -0.0244
vn 0.2758 0.9612 -0.0067
vn 0.7776 0.6171 -0.1204
vn 0.9185 0.3481 -0.1877
vn 0.9449 0.3205 -0.0676
vn 0.7425 0.6678 -0.0523
vn 0.6196 0.7845 -0.0238
vn 0.2680 0.9618 0.0561
vn 0.9115 0.3564 0.2055
vn 0.7287 0.6654 0.1617
vn 0.5751 0.8082 0.1268
vn 0.9110 -0.3569 0.2066
vn 0.5080 -0.8543 0.1102
vn 0.7337 0.4163 0.5370
vn 0.6258 0.4394 0.6445
vn 0.2015 0.9708 0.1302
vn 0.4310 0.8571 0.2821
vn 0.7332 -0.4165 0.5375
vn 0.3798 -0.8943 0.2368
vn 0.1567 0.9708 0.1815
vn 0.3200 0.8719 0.3706
vn 0.3019 -0.4533 0.8387
vn 0.1440 -0.9308 0.3361
vn 0.0000 0.9172 0.3984
vn 0.0000 0.9831 0.1831
vn -0.3019 -0.4533 0.8387
vn -0.1440 -0.9308 0.3361
vn 0.0000 0.9968 0.0805
vn -0.7332 -0.4165 0.5375
vn -0.3798 -0.8943 0.2368
vn -0.1567 0.9708 0.1815
vn -0.1050 0.9944 0.0084
vn -0.2015 0.9708 0.1302
vn -0.3200 0.8719 0.3706
vn -0.4310 0.8571 0.2821
vn -0.9110 -0.3569 0.2066
vn -0.5080 -0.8543 0.1102
vn -0.2680 0.9618 0.0561
vn -0.6258 0.4393 0.6445
vn -0.7337 0.4163 0.5370
vn -0.9115 0.3564 0.2055
vn -0.7288 0.6654 0.1617
vn -0.5751 0.8082 0.1268
vn -0.2758 0.9612 -0.0067
vn -0.9449 0.3205 -0.0676
vn -0.7425 0.6678 -0.0523
vn -0.6196 0.7845 -0.0238
vn -0.9454 -0.3192 -0.0654
vn -0.5556 -0.8311 -0.0244
vn -0.9187 0.3477 -0.1876
vn -0.7775 0.6172 -0.1204
vn -0.2417 0.9690 -0.0518
vn -0.5868 0.7988 -0.1328
vn -0.9032 -0.3967 -0.1636
vn -0.5213 -0.8461 -0.1109
vn -0.8831 0.4588 -0.0979
vn -0.7904 0.6062 -0.0877
vn -0.1534 0.9838 -0.0923
vn -0.3444 0.9319 -0.1143
vn -0.8861 -0.4510 -0.1069
vn -0.3349 -0.9349 -0.1177
vn -0.3460 -0.9345 -0.0841
vn -0.0927 -0.9908 -0.0986
vn -0.5829 0.6626 -0.4704
vn -0.1429 0.9845 -0.1016
vn -0.3109 0.7920 -0.5254
vn -0.0837 0.9891 -0.1215
vn -0.0632 0.9930 -0.0997
vn -0.5905 0.5125 -0.6234
vn -0.3935 0.4915 -0.7769
vn -0.0905 0.9874 -0.1295
vn -0.0852 0.9901 -0.1115
vn 0.8628 -0.2215 0.4544
vn 0.7851 -0.1449 0.6021
vn 0.6242 -0.4333 0.6501
vn 0.2117 -0.7946 0.5690
vn 0.2117 0.7946 0.5690
vn 0.7851 0.1449 0.6021
vn 0.3019 0.4533 0.8387
vn -0.2117 -0.7946 0.5690
vn -0.2117 0.7946 0.5690
vn -0.3019 0.4533 0.8387
vn -0.8645 0.2263 0.4488
vn -0.7851 0.1449 0.6021
vn -0.7851 -0.1449 0.6021
vn 0.0000 -1.0000 0.0000
vn -0.1033 -0.7436 0.6606
vn 0.1033 -0.7436 0.6606
vn 0.7071 0.7071 0.0000
vn -0.0000 1.0000 0.0000
vn -0.1033 0.7436 0.6606
vn 0.4872 0.5628 0.6678
vn -0.7071 0.7071 0.0000
vn -0.4872 0.5628 0.6678
vn 0.1033 0.7436 0.6606
vn 0.0000 0.8634 0.5045
vn -0.7071 -0.7071 0.0000
vn -0.4872 -0.5628 0.6678
vn -1.0000 0.0000 0.0000
vn -0.5894 0.0000 0.8079
vn 0.7071 -0.7071 0.0000
vn 0.4872 -0.5628 0.6678
vn 1.0000 0.0000 0.0000
vn 0.5894 0.0000 0.8079
vn -0.0936 0.9911 -0.0949
vn -0.3464 0.9343 -0.0840
vn -0.7548 0.6286 -0.1873
vn 0.7512 -0.6324 -0.1891
vn -0.7512 -0.6324 -0.1892
vn -0.1209 -0.9883 -0.0928
vn 0.1210 -0.9883 -0.0928
vn -0.7945 0.5806 -0.1780
vn -0.1262 0.9880 -0.0885
vn 0.5833 -0.6922 -0.4250
vn 0.1449 -0.9846 -0.0973
vn 0.3485 -0.7601 -0.5484
vn -0.1449 -0.9846 -0.0973
vn -0.5833 -0.6922 -0.4250
vn -0.3485 -0.7601 -0.5484
vn 0.5905 0.5125 -0.6234
vn 0.5830 0.6624 -0.4705
vn -0.5810 -0.5795 -0.5716
vn -0.7883 -0.5879 -0.1816
vn 0.5807 -0.5800 -0.5713
vn 0.7883 -0.5879 -0.1816
vn -0.7919 -0.6043 -0.0879
vn 0.7919 -0.6043 -0.0879
vn 0.7780 -0.6165 -0.1205
vn -0.8628 -0.2215 0.4544
vn -0.6242 -0.4332 0.6501
vn -0.4172 -0.5641 -0.7126
vn -0.7780 -0.6166 -0.1205
vn -0.7429 -0.6673 -0.0524
vn -0.7292 -0.6649 0.1619
vn 0.7291 -0.6650 0.1619
vn 0.7429 -0.6674 -0.0524
vn 0.4169 -0.5647 -0.7122
vn 0.8645 0.2264 0.4488
vn 0.4070 0.7599 -0.5069
vn 0.3245 0.9415 -0.0909
vn -0.2623 0.9645 -0.0302
vn -0.3243 0.9416 -0.0909
vn 0.2631 0.9643 -0.0303
vn 0.2122 0.9767 -0.0333
vn -0.7868 0.3023 0.5381
vn -0.2363 0.8081 0.5395
vn -0.4075 0.7594 -0.5072
vn -0.3900 0.4930 -0.7777
vn -0.2119 0.9767 -0.0333
vn -0.1795 0.9837 -0.0143
vn -0.1869 0.9813 0.0457
vn 0.1868 0.9813 0.0456
vn 0.2361 0.8082 0.5395
vn 0.1794 0.9837 -0.0143
vn 0.3897 0.4939 -0.7773
vn 0.3933 0.4921 -0.7766
vn 0.7867 0.3024 0.5381
vn -0.0000 -1.0000 -0.0023
vn 0.1591 -0.9868 -0.0297
vn 0.1754 -0.9845 -0.0083
vn 0.1662 -0.9859 0.0179
vn 0.1168 -0.9915 0.0567
vn 0.0438 -0.9960 0.0782
vn -0.0438 -0.9960 0.0782
vn -0.1168 -0.9915 0.0567
vn -0.1662 -0.9859 0.0179
vn -0.1754 -0.9845 -0.0083
vn -0.1591 -0.9868 -0.0297
vn -0.1065 -0.9925 -0.0599
vn -0.0000 -0.9968 -0.0797
vn 0.1065 -0.9925 -0.0599
vn 0.1429 0.9845 -0.1016
vn 0.1261 0.9880 -0.0886
vn 0.0934 0.9911 -0.0949
vn 0.0851 0.9901 -0.1115
vn 0.3111 0.7917 -0.5257
vn -0.7829 0.6208 -0.0413
vn -0.7735 0.6031 -0.1950
vn -0.7157 0.6806 0.1570
vn -0.5251 0.7747 0.3524
vn -0.3743 0.8198 0.4335
vn 0.5251 0.7747 0.3524
vn 0.3743 0.8198 0.4335
vn 0.7157 0.6806 0.1570
vn 0.7829 0.6208 -0.0413
vn 0.7731 0.6034 -0.1954
vn 0.2154 -0.9751 -0.0519
vn 0.1287 -0.9879 -0.0869
vn -0.1287 -0.9879 -0.0869
vn -0.2154 -0.9751 -0.0519
vn -0.0000 -0.9949 -0.1008
vn -0.2503 -0.9681 -0.0092
vn -0.2224 -0.9740 0.0436
vn -0.1417 -0.9860 0.0883
vn -0.0475 -0.9931 0.1074
vn 0.0475 -0.9931 0.1074
vn 0.1417 -0.9860 0.0883
vn 0.2224 -0.9740 0.0436
vn 0.2503 -0.9681 -0.0092
vn -0.6490 -0.5954 0.4735
vn -0.8079 0.0000 0.5894
vn -0.6490 0.5954 0.4735
vn -0.1141 0.6739 0.7299
vn 0.6490 0.5954 0.4735
vn 0.8079 0.0000 0.5894
vn 0.1141 -0.6739 0.7299
vn -0.1141 -0.6739 0.7299
vn 0.6490 -0.5954 0.4735
vn 0.1141 0.6739 0.7299
vn 0.3053 0.0000 0.9523
vn 0.1545 -0.0000 0.9880
vn -0.1545 -0.0000 0.9880
vn -0.3053 0.0000 0.9523
vn 0.0272 0.3865 0.9219
vn -0.0271 0.3865 0.9219
vn -0.0271 -0.3865 0.9219
vn -0.5893 0.0000 0.8079
vn 0.0271 -0.3865 0.9219
vn -0.3991 -0.7986 -0.4505
vn -0.3244 -0.9414 -0.0920
vn -0.7854 -0.2960 0.5436
vn 0.7854 -0.2961 0.5436
vn 0.2343 -0.8029 0.5481
vn 0.4683 -0.0446 -0.8825
vn 0.4361 0.2130 -0.8743
vn 0.6834 0.4355 -0.5860
vn 0.7607 -0.0334 -0.6482
vn 0.9741 -0.0088 -0.2259
vn 0.8045 0.5618 -0.1927
vn 0.7886 0.6066 -0.1006
vn 0.9919 -0.0000 -0.1268
vn 0.9842 -0.0000 -0.1773
vn 0.7584 0.6374 -0.1364
vn 0.7887 0.6117 -0.0617
vn 0.9970 0.0000 -0.0780
vn 0.7733 0.6051 0.1893
vn 0.9710 0.0000 0.2391
vn 0.5352 0.5139 0.6704
vn 0.6044 0.0000 0.7967
vn -0.6044 0.0000 0.7967
vn -0.5353 0.5138 0.6704
vn -0.7733 0.6051 0.1894
vn -0.9710 0.0000 0.2391
vn -0.7887 0.6117 -0.0617
vn -0.9970 0.0000 -0.0780
vn -0.7583 0.6375 -0.1364
vn -0.9842 0.0000 -0.1773
vn -0.7885 0.6068 -0.1006
vn -0.9919 0.0000 -0.1268
vn -0.7607 -0.0334 -0.6482
vn -0.6835 0.4352 -0.5861
vn -0.4362 0.2119 -0.8745
vn -0.4683 -0.0446 -0.8825
vn -0.7538 0.0000 0.6571
vn -0.7545 0.0825 0.6511
vn 0.7538 0.0000 0.6571
vn 0.7545 0.0825 0.6511
vn -0.8044 0.5619 -0.1927
vn -0.9741 -0.0088 -0.2259
vn 0.7594 0.2074 0.6167
vn 0.2011 0.7529 0.6266
vn -0.7594 0.2073 0.6167
vn -0.3989 0.7594 -0.5141
vn -0.3241 0.9414 -0.0936
vn 0.3942 -0.7942 -0.4625
vn 0.6839 -0.4624 -0.5643
vn 0.7995 -0.5682 -0.1948
vn 0.3244 -0.9412 -0.0944
vn -0.2648 -0.9638 -0.0326
vn -0.7886 -0.6067 -0.1006
vn -0.7995 -0.5682 -0.1948
vn -0.3244 -0.9412 -0.0944
vn 0.2652 -0.9636 -0.0326
vn 0.7888 -0.6063 -0.1007
vn 0.7589 -0.6368 -0.1365
vn 0.2136 -0.9763 -0.0358
vn 0.7585 -0.2034 0.6191
vn 0.7543 -0.0816 0.6514
vn -0.7586 -0.2033 0.6190
vn -0.7544 -0.0816 0.6514
vn -0.5355 -0.5133 0.6707
vn -0.2015 -0.7513 0.6285
vn -0.3947 -0.7936 -0.4630
vn -0.6840 -0.4621 -0.5644
vn -0.4518 -0.3158 -0.8343
vn -0.3919 -0.5777 -0.7160
vn -0.2135 -0.9763 -0.0358
vn -0.7589 -0.6368 -0.1365
vn -0.1805 -0.9835 -0.0153
vn -0.7890 -0.6113 -0.0618
vn -0.1879 -0.9810 0.0491
vn -0.7736 -0.6047 0.1894
vn 0.1878 -0.9810 0.0490
vn 0.7736 -0.6047 0.1894
vn 0.5355 -0.5133 0.6707
vn 0.2014 -0.7513 0.6285
vn 0.1804 -0.9835 -0.0153
vn 0.7889 -0.6113 -0.0618
vn 0.3915 -0.5789 -0.7153
vn 0.4516 -0.3170 -0.8340
vn -0.7622 -0.0333 -0.6465
vn -0.9736 -0.0089 -0.2282
vn 0.7622 -0.0333 -0.6465
vn 0.9736 -0.0089 -0.2282
vn -0.4760 -0.0444 -0.8783
vn 0.4760 -0.0444 -0.8783
vn 0.3824 0.4707 -0.7951
vn 0.3983 0.7600 -0.5136
vn 0.3244 0.9413 -0.0936
vn 0.2630 0.9643 -0.0323
vn 0.2122 0.9766 -0.0355
vn 0.1794 0.9837 -0.0152
vn 0.1868 0.9812 0.0487
vn -0.2013 0.7529 0.6267
vn -0.1869 0.9812 0.0487
vn -0.1795 0.9836 -0.0152
vn -0.2119 0.9766 -0.0355
vn -0.2622 0.9645 -0.0322
vn -0.3828 0.4695 -0.7957
vn 0.4021 -0.5930 -0.6976
vn 0.3986 -0.7992 -0.4500
vn 0.3245 -0.9414 -0.0919
vn 0.2652 -0.9637 -0.0306
vn 0.2136 -0.9763 -0.0336
vn 0.1804 -0.9835 -0.0144
vn 0.1879 -0.9811 0.0460
vn -0.2345 -0.8029 0.5481
vn -0.1880 -0.9811 0.0460
vn -0.1805 -0.9835 -0.0144
vn -0.2135 -0.9764 -0.0336
vn -0.2647 -0.9638 -0.0305
vn -0.4026 -0.5918 -0.6984
vn 0.3195 0.7544 -0.5735
vn 0.1436 0.9850 -0.0953
vn 0.0940 0.9914 -0.0913
vn 0.1231 0.9886 -0.0864
vn -0.1437 0.9850 -0.0953
vn -0.1233 0.9886 -0.0864
vn -0.0939 0.9914 -0.0913
vn -0.3195 0.7543 -0.5735
usemtl Porple
s 1
f 626/1/1 143/2/2 144/3/3 615/4/4
f 50/5/5 4/6/6 5/7/7 537/8/8
f 536/9/9 537/8/8 5/7/7 6/10/10
f 615/4/4 136/11/11 13/12/12 614/13/13
f 147/14/14 139/15/15 135/16/16
f 5/7/7 4/17/6 10/18/17
f 198/19/18 147/14/14 135/16/16 224/20/19
f 6/10/10 5/7/7 10/18/17 11/21/20
f 614/13/13 13/12/12 17/22/21 616/23/22
f 10/18/17 4/24/6 14/25/23
f 199/26/24 12/27/25 16/28/26 200/29/27
f 11/21/20 10/18/17 14/25/23 15/30/28
f 14/25/23 4/31/6 18/32/29
f 200/29/27 16/28/26 20/33/30 201/34/31
f 15/30/28 14/25/23 18/32/29 19/35/32
f 616/23/22 17/22/21 21/36/33 617/37/34
f 201/34/31 20/33/30 55/38/35 202/39/36
f 19/35/32 18/32/29 22/40/37 23/41/38
f 617/37/34 21/36/33 56/42/39 618/43/40
f 18/32/29 4/44/6 22/40/37
f 23/41/38 22/40/37 26/45/41 27/46/42
f 618/43/40 56/42/39 52/47/43 619/48/44
f 22/40/37 4/49/6 26/45/41
f 27/46/45 26/45/46 28/50/46 29/51/45
f 619/48/44 52/47/43 54/52/47 620/53/48
f 26/45/46 4/54/49 28/50/46
f 620/53/48 54/52/47 62/55/50 621/56/51
f 28/50/52 4/57/53 30/58/54
f 29/51/55 28/50/52 30/58/54 31/59/56
f 621/56/51 62/55/50 37/60/57 622/61/58
f 30/58/54 4/62/53 34/63/59
f 203/64/60 61/65/61 36/66/62 204/67/63
f 31/59/56 30/58/54 34/63/59 35/68/64
f 34/69/59 4/70/53 38/71/65
f 204/72/63 36/73/62 40/74/66 205/75/67
f 35/76/64 34/69/59 38/71/65 39/77/68
f 622/78/58 37/79/57 41/80/69 623/81/70
f 205/75/67 40/74/66 44/82/71 206/83/72
f 39/77/68 38/71/65 42/84/73 43/85/74
f 623/81/70 41/80/69 45/86/75 624/87/76
f 38/71/65 4/88/53 42/84/73
f 206/83/72 44/82/71 140/89/77 196/90/78
f 43/85/74 42/84/73 46/91/79 47/92/80
f 624/87/76 45/86/75 142/93/81 625/94/82
f 42/84/73 4/95/53 46/91/79
f 625/94/82 141/96/83 143/2/84 626/1/1
f 48/97/85 545/98/86 546/99/87
f 46/91/79 4/100/53 50/5/88 541/101/89
f 226/102/90 48/97/85 546/99/87 197/103/91
f 542/104/92 541/101/89 50/5/88 1/105/93
f 164/106/94 25/107/95 56/42/39 158/108/96
f 25/107/95 57/109/97 52/47/43 56/42/39
f 51/110/98 24/111/99 55/38/35 58/112/100
f 57/109/97 59/113/101 54/52/47 52/47/43
f 53/114/102 51/110/98 58/112/100 60/115/103
f 209/116/104 32/117/105 61/65/61 203/64/60
f 59/113/101 33/118/106 62/55/50 54/52/47
f 32/117/105 53/114/102 60/115/103 61/65/61
f 108/119/107 107/120/107 97/121/108 95/122/109
f 106/123/110 105/124/111 98/125/112 102/126/113
f 103/127/111 104/128/114 100/129/115 96/130/116
f 608/131/117 609/132/117 60/115/103 58/112/100
f 109/133/118 108/119/107 95/122/109 99/134/119
f 220/135/120 109/133/118 99/134/119 218/136/121
f 107/120/107 110/137/122 101/138/123 97/121/108
f 178/139/124 106/123/110 102/126/113 177/140/125
f 105/124/111 103/127/111 96/130/116 98/125/112
f 224/20/19 135/16/16 12/27/25 199/26/24
f 543/141/126 138/142/127 47/92/80 542/104/92
f 44/82/71 47/92/80 138/142/127 140/89/77
f 140/89/77 138/142/127 149/143/128
f 136/11/11 615/4/4 144/3/3
f 144/3/3 148/144/129 136/11/11
f 143/2/84 141/96/83 150/145/130 152/146/131
f 141/96/83 142/93/81 150/145/130
f 144/3/3 143/2/2 152/146/132 148/144/129
f 196/90/78 140/89/77 149/143/128 207/147/133
f 625/94/82 142/93/81 141/96/83
f 544/148/134 149/143/128 138/142/127 543/141/126
f 8/149/135 146/150/136 3/151/137
f 146/150/138 49/152/139 3/151/140
f 225/153/141 7/154/142 147/14/14 198/19/18
f 189/155/143 49/152/139 150/145/130 163/156/144
f 545/98/86 48/97/85 149/143/128 544/148/134
f 146/150/136 8/149/135 148/144/129 152/146/132
f 49/152/139 146/150/138 152/146/131 150/145/130
f 8/149/135 188/157/145 154/158/146 148/144/129
f 142/93/81 187/159/147 163/156/144 150/145/130
f 136/11/11 186/160/148 155/161/149 13/12/12
f 104/128/114 179/162/120 176/163/121 100/129/115
f 33/118/106 165/164/150 159/165/151 62/55/50
f 49/152/139 189/155/143 153/166/152 3/151/140
f 45/86/75 162/167/153 187/159/147 142/93/81
f 41/80/69 161/168/154 162/167/153 45/86/75
f 37/79/57 160/169/155 161/168/154 41/80/69
f 62/55/50 159/165/151 160/170/155 37/60/57
f 21/36/33 157/171/156 158/108/96 56/42/39
f 17/22/21 156/172/157 157/171/156 21/36/33
f 13/12/12 155/161/149 156/172/157 17/22/21
f 148/144/129 154/158/146 186/160/148 136/11/11
f 3/151/137 153/166/158 188/157/145 8/149/135
f 24/111/99 208/173/159 202/39/36 55/38/35
f 110/137/122 192/174/124 219/175/125 101/138/123
f 48/97/85 226/102/90 207/147/133 149/143/128
f 447/176/160 225/153/141 198/19/18 420/177/161
f 418/178/162 196/90/78 207/147/133 429/179/163
f 446/180/164 224/20/19 199/26/24 421/181/165
f 442/182/120 220/135/120 218/136/121 440/183/121
f 431/184/166 209/116/104 203/64/60 425/185/167
f 448/186/168 226/102/90 197/103/91 419/187/169
f 428/188/170 206/83/72 196/90/78 418/178/162
f 427/189/171 205/75/67 206/83/72 428/188/170
f 426/190/172 204/72/63 205/75/67 427/189/171
f 425/185/167 203/64/60 204/67/63 426/191/172
f 423/192/173 201/34/31 202/39/36 424/193/174
f 422/194/175 200/29/27 201/34/31 423/192/173
f 421/181/165 199/26/24 200/29/27 422/194/175
f 420/177/161 198/19/18 224/20/19 446/180/164
f 419/187/176 197/103/177 225/153/141 447/176/160
f 208/173/159 430/195/178 424/193/174 202/39/36
f 192/174/124 414/196/124 441/197/125 219/175/125
f 226/102/90 448/186/168 429/179/163 207/147/133
f 9/198/179 449/199/180 451/200/181
f 9/201/179 451/200/181 452/202/182
f 9/203/179 452/202/182 453/204/183
f 9/205/179 453/204/183 454/206/184
f 9/207/179 454/206/184 455/208/185
f 9/209/179 455/208/185 456/210/186
f 9/211/179 456/210/186 457/212/187
f 9/213/179 457/212/187 458/214/188
f 9/215/179 458/214/188 459/216/189
f 9/217/179 459/216/189 460/218/190
f 9/219/179 460/218/190 461/220/191
f 9/221/179 461/220/191 450/222/192
f 7/154/142 540/223/193 539/224/194 147/14/14
f 147/14/14 539/224/194 538/225/195 139/15/15
f 139/15/15 538/225/195 536/9/9 6/10/10
f 1/105/196 50/5/5 537/8/8 536/9/9
f 47/92/80 46/91/79 541/101/89 542/104/92
f 547/226/197 540/223/193 7/154/142
f 547/226/197 7/154/142 225/153/141 197/103/177
f 40/74/66 612/227/198 613/228/199 44/82/71
f 36/73/62 611/229/200 612/227/198 40/74/66
f 61/65/61 610/230/201 611/231/200 36/66/62
f 60/115/103 609/132/202 610/230/201 61/65/61
f 55/38/35 607/232/203 608/131/204 58/112/100
f 20/33/30 606/233/205 607/232/203 55/38/35
f 16/28/26 605/234/206 606/233/205 20/33/30
f 12/27/25 604/235/207 605/234/206 16/28/26
f 6/10/10 604/235/207 12/27/25
f 12/27/25 135/16/16 139/15/15 6/10/10
f 47/92/80 44/82/71 613/228/199
f 9/236/179 450/222/192 449/199/180
f 627/237/208 628/238/209 615/4/4 614/13/13
f 638/239/210 637/240/211 624/87/76 625/94/82
f 639/241/212 638/239/210 625/94/82 626/1/1
f 628/238/209 639/241/212 626/1/1 615/4/4
f 450/222/192 461/220/191 639/241/212 628/238/209
f 461/220/191 460/218/190 638/239/210 639/241/212
f 460/218/190 459/216/189 637/240/211 638/239/210
f 459/216/189 458/214/188 636/242/213 637/240/211
f 458/214/188 457/212/187 635/243/214 636/242/213
f 457/212/187 456/210/186 634/244/215 635/243/214
f 456/210/186 455/208/185 633/245/216 634/244/215
f 455/208/185 454/206/184 632/246/217 633/245/216
f 454/206/184 453/204/183 631/247/218 632/246/217
f 453/204/183 452/202/182 630/248/219 631/247/218
f 452/202/182 451/200/181 629/249/220 630/248/219
f 451/200/181 449/199/180 627/237/208 629/249/220
f 449/199/180 450/222/192 628/238/209 627/237/208
usemtl DarkPorple
f 171/250/120 81/251/118 94/252/221 167/253/222
f 84/254/111 80/255/114 93/256/223 65/257/224
f 213/258/124 79/259/110 87/260/225 210/261/226
f 85/262/107 82/263/107 64/264/227 66/265/228
f 82/263/107 83/266/122 88/267/229 64/264/227
f 81/251/118 85/262/107 66/265/228 94/252/221
f 86/268/111 84/254/111 65/257/224 63/269/230
f 79/259/110 86/268/111 63/269/230 87/260/225
f 24/111/99 51/110/98 78/270/111 72/271/110
f 51/110/98 53/114/102 74/272/111 78/270/111
f 33/118/106 59/113/101 77/273/107 75/274/118
f 57/109/97 25/107/95 71/275/122 76/276/107
f 59/113/101 57/109/97 76/276/107 77/273/107
f 208/173/159 24/111/99 72/271/110 212/277/124
f 53/114/102 32/117/105 73/278/114 74/272/111
f 165/164/150 33/118/106 75/274/118 169/279/120
f 576/280/110 603/281/111 86/268/111 79/259/110
f 603/281/111 601/282/111 84/254/111 86/268/111
f 578/283/118 602/284/107 85/262/107 81/251/118
f 579/285/107 600/286/122 83/266/122 82/263/107
f 602/284/107 579/285/107 82/263/107 85/262/107
f 583/287/124 576/280/110 79/259/110 213/258/124
f 601/282/111 577/288/114 80/255/114 84/254/111
f 580/289/120 578/283/118 81/251/118 171/250/120
f 185/290/231 127/291/231 88/267/229 166/292/226
f 127/291/231 128/293/232 64/264/227 88/267/229
f 128/293/232 129/294/233 66/265/228 64/264/227
f 133/295/233 132/296/232 63/269/230 65/257/224
f 223/297/234 130/298/234 93/256/223 211/299/222
f 129/294/233 134/300/234 94/252/221 66/265/228
f 130/298/234 133/295/233 65/257/224 93/256/223
f 116/301/111 111/302/111 103/127/111 105/124/111
f 181/303/124 112/304/110 106/123/110 178/139/124
f 117/305/107 118/306/122 110/137/122 107/120/107
f 221/307/120 114/308/118 109/133/118 220/135/120
f 114/308/118 113/309/107 108/119/107 109/133/118
f 111/302/111 115/310/114 104/128/114 103/127/111
f 112/304/110 116/301/111 105/124/111 106/123/110
f 113/309/107 117/305/107 107/120/107 108/119/107
f 90/311/227 92/312/228 117/305/107 113/309/107
f 70/313/235 91/314/224 116/301/111 112/304/110
f 89/315/230 68/316/236 115/310/114 111/302/111
f 67/317/237 90/311/227 113/309/107 114/308/118
f 214/318/238 67/317/237 114/308/118 221/307/120
f 92/312/228 69/319/239 118/306/122 117/305/107
f 173/320/125 70/313/235 112/304/110 181/303/124
f 91/314/224 89/315/230 111/302/111 116/301/111
f 69/319/239 92/312/228 124/321/233 126/322/234
f 91/314/224 70/313/235 125/323/234 123/324/233
f 215/325/125 69/319/239 126/322/234 222/326/234
f 92/312/228 90/311/227 122/327/232 124/321/233
f 89/315/230 91/314/224 123/324/233 121/328/232
f 90/311/227 67/317/237 119/329/231 122/327/232
f 68/316/236 89/315/230 121/328/232 120/330/231
f 172/331/121 68/316/236 120/330/231 183/332/231
f 126/322/234 124/321/233 133/295/233 130/298/234
f 123/324/233 125/323/234 134/300/234 129/294/233
f 222/326/234 126/322/234 130/298/234 223/297/234
f 124/321/233 122/327/232 132/296/232 133/295/233
f 121/328/232 123/324/233 129/294/233 128/293/232
f 122/327/232 119/329/231 131/333/231 132/296/232
f 120/330/231 121/328/232 128/293/232 127/291/231
f 183/332/231 120/330/231 127/291/231 185/290/231
f 528/334/240 189/155/143 163/156/144 509/335/241
f 533/336/231 183/332/231 185/290/231 534/337/231
f 125/323/234 182/338/234 184/339/234 134/300/234
f 516/340/121 172/331/121 183/332/231 533/336/231
f 70/313/235 173/320/125 182/338/234 125/323/234
f 517/341/125 173/320/125 181/303/124 532/342/124
f 68/316/236 172/331/121 180/343/120 115/310/114
f 115/310/114 180/343/120 179/162/120 104/128/114
f 532/342/124 181/303/124 178/139/124 531/344/124
f 531/344/124 178/139/124 177/140/125 521/345/125
f 134/300/234 184/339/234 167/253/222 94/252/221
f 534/337/231 185/290/231 166/292/226 512/346/226
f 599/347/120 580/289/120 171/250/120 530/348/120
f 600/286/122 581/349/124 170/350/124 83/266/122
f 511/351/242 165/164/150 169/279/120 529/352/120
f 25/107/95 164/106/94 168/353/124 71/275/122
f 510/354/243 164/106/94 158/108/96 504/355/244
f 83/266/122 170/350/124 166/292/226 88/267/229
f 530/348/120 171/250/120 167/253/222 513/356/222
f 80/255/114 191/357/120 211/299/222 93/256/223
f 32/117/105 209/116/104 190/358/120 73/278/114
f 577/288/114 582/359/120 191/357/120 80/255/114
f 118/306/122 193/360/124 192/174/124 110/137/122
f 69/319/239 215/325/125 193/360/124 118/306/122
f 67/317/237 214/318/238 194/361/231 119/329/231
f 119/329/231 194/361/231 195/362/231 131/333/231
f 444/363/234 222/326/234 223/297/234 445/364/234
f 437/365/125 215/325/125 222/326/234 444/363/234
f 436/366/121 214/318/238 221/307/120 443/367/120
f 443/367/120 221/307/120 220/135/120 442/182/120
f 445/364/234 223/297/234 211/299/222 433/368/222
f 595/369/124 583/287/124 213/258/124 435/370/124
f 430/195/178 208/173/159 212/277/124 434/371/124
f 435/370/124 213/258/124 210/261/226 432/372/226
f 308/373/245 227/374/246 255/375/247 336/376/248
f 309/377/249 228/378/250 254/379/251 335/380/252
f 310/381/253 229/382/254 230/383/255 311/384/256
f 311/384/256 230/383/255 231/385/257 312/386/258
f 312/386/258 231/385/257 232/387/259 313/388/260
f 314/389/261 233/390/262 234/391/263 315/392/264
f 315/393/264 234/394/263 235/395/265 316/396/266
f 316/396/266 235/395/265 236/397/267 317/398/268
f 317/398/268 236/397/267 263/399/269 307/400/270
f 337/401/271 256/402/272 227/374/273 308/373/274
f 324/403/124 243/404/124 240/405/226 321/406/226
f 320/407/275 239/408/276 233/390/262 314/389/261
f 319/409/277 238/410/278 242/411/124 323/412/124
f 589/413/124 584/414/124 243/404/124 324/403/124
f 334/415/234 253/416/234 241/417/222 322/418/222
f 331/419/120 250/420/120 248/421/121 329/422/121
f 332/423/120 251/424/120 250/420/120 331/419/120
f 325/425/121 244/426/121 251/424/120 332/423/120
f 326/427/125 245/428/125 252/429/234 333/430/234
f 333/430/234 252/429/234 253/416/234 334/415/234
f 335/380/252 254/379/251 229/382/254 310/381/253
f 307/400/270 263/399/269 237/431/279 318/432/280
f 336/376/248 255/375/247 228/378/250 309/377/249
f 376/433/120 258/434/120 241/417/222 396/435/222
f 393/436/281 238/410/278 232/387/259 387/437/282
f 394/438/283 239/408/276 257/439/120 375/440/120
f 592/441/120 585/442/120 258/434/120 376/433/120
f 380/443/231 262/444/231 240/405/226 395/445/226
f 377/446/124 259/447/124 249/448/125 404/449/125
f 378/450/124 260/451/124 259/447/124 377/446/124
f 400/452/125 245/428/125 260/451/124 378/450/124
f 399/453/121 244/426/121 261/454/231 379/455/231
f 379/455/231 261/454/231 262/444/231 380/443/231
f 411/456/284 256/402/272 237/431/279 392/457/285
f 490/458/286 292/459/287 265/460/288 463/461/289
f 498/462/290 300/463/291 274/464/292 472/465/293
f 489/466/294 291/467/295 266/468/296 464/469/297
f 487/470/234 289/471/234 290/472/234 488/473/234
f 480/474/125 282/475/125 289/471/234 487/470/234
f 479/476/121 281/477/121 288/478/120 486/479/120
f 486/479/120 288/478/120 287/480/120 485/481/120
f 485/481/120 287/480/120 285/482/121 483/483/121
f 488/473/234 290/472/234 278/484/222 476/485/222
f 596/486/124 586/487/124 280/488/124 478/489/124
f 473/490/298 275/491/299 279/492/124 477/493/124
f 474/494/300 276/495/301 270/496/302 468/497/303
f 478/489/124 280/488/124 277/498/226 475/499/226
f 491/500/304 293/501/305 264/502/306 462/503/307
f 471/504/308 273/505/309 300/463/291 498/462/290
f 470/506/310 272/507/311 273/505/309 471/504/308
f 469/508/312 271/509/313 272/507/311 470/506/310
f 468/497/303 270/496/302 271/510/313 469/511/312
f 466/512/314 268/513/315 269/514/316 467/515/317
f 465/516/318 267/517/319 268/513/315 466/512/314
f 464/469/297 266/468/296 267/517/319 465/516/318
f 463/461/289 265/460/288 291/467/295 489/466/294
f 462/503/320 264/502/321 292/459/287 490/458/286
f 369/518/120 295/519/120 278/484/222 352/520/222
f 349/521/277 275/491/299 269/514/316 343/522/260
f 350/523/275 276/495/301 294/524/120 368/525/120
f 591/526/120 587/527/120 295/519/120 369/518/120
f 373/528/231 299/529/231 277/498/226 351/530/226
f 370/531/124 296/532/124 286/533/125 360/534/125
f 371/535/124 297/536/124 296/532/124 370/531/124
f 356/537/125 282/475/125 297/536/124 371/535/124
f 355/538/121 281/477/121 298/539/231 372/540/231
f 372/540/231 298/539/231 299/529/231 373/528/231
f 367/541/322 293/501/305 274/464/292 348/542/323
f 256/402/272 337/401/271 318/432/280 237/431/279
f 261/454/231 305/543/231 306/544/231 262/444/231
f 244/426/121 325/425/121 305/543/231 261/454/231
f 245/428/125 326/427/125 304/545/124 260/451/124
f 260/451/124 304/545/124 303/546/124 259/447/124
f 259/447/124 303/546/124 330/547/125 249/448/125
f 262/444/231 306/544/231 321/406/226 240/405/226
f 585/442/120 588/548/120 302/549/120 258/434/120
f 239/408/276 320/407/275 301/550/120 257/439/120
f 238/410/278 319/409/277 313/388/260 232/387/259
f 258/434/120 302/549/120 322/418/222 241/417/222
f 366/551/324 336/376/248 309/377/249 339/552/325
f 374/553/270 307/400/270 318/432/280 348/542/323
f 365/554/252 335/380/252 310/381/253 340/555/253
f 363/556/234 333/430/234 334/415/234 364/557/234
f 356/537/125 326/427/125 333/430/234 363/556/234
f 355/538/121 325/425/121 332/423/120 362/558/120
f 362/558/120 332/423/120 331/419/120 361/559/120
f 361/559/120 331/419/120 329/422/121 359/560/121
f 364/557/234 334/415/234 322/418/222 352/520/222
f 590/561/124 589/413/124 324/403/124 354/562/124
f 349/521/277 319/409/277 323/412/124 353/563/124
f 350/523/275 320/407/275 314/389/261 344/564/261
f 354/562/124 324/403/124 321/406/226 351/530/226
f 367/541/322 337/401/271 308/373/274 338/565/326
f 347/566/268 317/398/268 307/400/270 374/553/270
f 346/567/266 316/396/266 317/398/268 347/566/268
f 345/568/264 315/393/264 316/396/266 346/567/266
f 344/564/261 314/389/261 315/392/264 345/569/264
f 342/570/258 312/386/258 313/388/260 343/522/260
f 341/571/256 311/384/256 312/386/258 342/570/258
f 340/555/253 310/381/253 311/384/256 341/571/256
f 339/552/325 309/377/249 335/380/252 365/554/252
f 338/565/327 308/373/245 336/376/248 366/551/324
f 264/502/321 338/565/327 366/551/324 292/459/287
f 265/460/288 339/552/325 365/554/252 291/467/295
f 266/468/296 340/555/253 341/571/256 267/517/319
f 267/517/319 341/571/256 342/570/258 268/513/315
f 268/513/315 342/570/258 343/522/260 269/514/316
f 270/496/302 344/564/261 345/569/264 271/510/313
f 271/509/313 345/568/264 346/567/266 272/507/311
f 272/507/311 346/567/266 347/566/268 273/505/309
f 273/505/309 347/566/268 374/553/270 300/463/291
f 293/501/305 367/541/322 338/565/326 264/502/306
f 280/488/124 354/562/124 351/530/226 277/498/226
f 276/495/301 350/523/275 344/564/261 270/496/302
f 275/491/299 349/521/277 353/563/124 279/492/124
f 586/487/124 590/561/124 354/562/124 280/488/124
f 290/472/234 364/557/234 352/520/222 278/484/222
f 287/480/120 361/559/120 359/560/121 285/482/121
f 288/478/120 362/558/120 361/559/120 287/480/120
f 281/477/121 355/538/121 362/558/120 288/478/120
f 282/475/125 356/537/125 363/556/234 289/471/234
f 289/471/234 363/556/234 364/557/234 290/472/234
f 291/467/295 365/554/252 340/555/253 266/468/296
f 300/463/291 374/553/270 348/542/323 274/464/292
f 292/459/287 366/551/324 339/552/325 265/460/288
f 337/401/271 367/541/322 348/542/323 318/432/280
f 305/543/231 372/540/231 373/528/231 306/544/231
f 325/425/121 355/538/121 372/540/231 305/543/231
f 326/427/125 356/537/125 371/535/124 304/545/124
f 304/545/124 371/535/124 370/531/124 303/546/124
f 303/546/124 370/531/124 360/534/125 330/547/125
f 306/544/231 373/528/231 351/530/226 321/406/226
f 588/548/120 591/526/120 369/518/120 302/549/120
f 320/407/275 350/523/275 368/525/120 301/550/120
f 319/409/277 349/521/277 343/522/260 313/388/260
f 302/549/120 369/518/120 352/520/222 322/418/222
f 448/186/168 411/456/284 392/457/285 429/179/163
f 416/572/231 379/455/231 380/443/231 417/573/231
f 436/366/121 399/453/121 379/455/231 416/572/231
f 437/365/125 400/452/125 378/450/124 415/574/124
f 415/574/124 378/450/124 377/446/124 414/196/124
f 414/196/124 377/446/124 404/449/125 441/197/125
f 417/573/231 380/443/231 395/445/226 432/372/226
f 594/575/120 592/441/120 376/433/120 413/576/120
f 431/184/166 394/438/283 375/440/120 412/577/120
f 430/195/178 393/436/281 387/437/282 424/193/174
f 413/576/120 376/433/120 396/435/222 433/368/222
f 227/374/246 382/578/328 410/579/329 255/375/247
f 228/378/250 383/580/330 409/581/331 254/379/251
f 229/382/254 384/582/332 385/583/333 230/383/255
f 230/383/255 385/583/333 386/584/334 231/385/257
f 231/385/257 386/584/334 387/437/282 232/387/259
f 233/390/262 388/585/335 389/586/336 234/391/263
f 234/394/263 389/587/336 390/588/337 235/395/265
f 235/395/265 390/588/337 391/589/338 236/397/267
f 236/397/267 391/589/338 381/590/339 263/399/269
f 256/402/272 411/456/284 382/578/340 227/374/273
f 243/404/124 398/591/124 395/445/226 240/405/226
f 239/408/276 394/438/283 388/585/335 233/390/262
f 238/410/278 393/436/281 397/592/124 242/411/124
f 584/414/124 593/593/124 398/591/124 243/404/124
f 253/416/234 408/594/234 396/435/222 241/417/222
f 250/420/120 405/595/120 403/596/121 248/421/121
f 251/424/120 406/597/120 405/595/120 250/420/120
f 244/426/121 399/453/121 406/597/120 251/424/120
f 245/428/125 400/452/125 407/598/234 252/429/234
f 252/429/234 407/598/234 408/594/234 253/416/234
f 254/379/251 409/581/331 384/582/332 229/382/254
f 263/399/269 381/590/339 392/457/285 237/431/279
f 255/375/247 410/579/329 383/580/330 228/378/250
f 191/357/120 413/576/120 433/368/222 211/299/222
f 209/116/104 431/184/166 412/577/120 190/358/120
f 582/359/120 594/575/120 413/576/120 191/357/120
f 195/362/231 417/573/231 432/372/226 210/261/226
f 193/360/124 415/574/124 414/196/124 192/174/124
f 215/325/125 437/365/125 415/574/124 193/360/124
f 214/318/238 436/366/121 416/572/231 194/361/231
f 194/361/231 416/572/231 417/573/231 195/362/231
f 382/578/328 419/187/176 447/176/160 410/579/329
f 383/580/330 420/177/161 446/180/164 409/581/331
f 384/582/332 421/181/165 422/194/175 385/583/333
f 385/583/333 422/194/175 423/192/173 386/584/334
f 386/584/334 423/192/173 424/193/174 387/437/282
f 388/585/335 425/185/167 426/191/172 389/586/336
f 389/587/336 426/190/172 427/189/171 390/588/337
f 390/588/337 427/189/171 428/188/170 391/589/338
f 391/589/338 428/188/170 418/178/162 381/590/339
f 411/456/284 448/186/168 419/187/169 382/578/340
f 398/591/124 435/370/124 432/372/226 395/445/226
f 394/438/283 431/184/166 425/185/167 388/585/335
f 393/436/281 430/195/178 434/371/124 397/592/124
f 593/593/124 595/369/124 435/370/124 398/591/124
f 408/594/234 445/364/234 433/368/222 396/435/222
f 405/595/120 442/182/120 440/183/121 403/596/121
f 406/597/120 443/367/120 442/182/120 405/595/120
f 399/453/121 436/366/121 443/367/120 406/597/120
f 400/452/125 437/365/125 444/363/234 407/598/234
f 407/598/234 444/363/234 445/364/234 408/594/234
f 409/581/331 446/180/164 421/181/165 384/582/332
f 381/590/339 418/178/162 429/179/163 392/457/285
f 410/579/329 447/176/160 420/177/161 383/580/330
f 499/599/341 462/503/320 490/458/286 527/600/342
f 500/601/343 463/461/289 489/466/294 526/602/344
f 501/603/345 464/469/297 465/516/318 502/604/346
f 502/604/346 465/516/318 466/512/314 503/605/347
f 503/605/347 466/512/314 467/515/317 504/355/244
f 505/606/348 468/497/303 469/511/312 506/607/349
f 506/608/349 469/508/312 470/506/310 507/609/350
f 507/609/350 470/506/310 471/504/308 508/610/351
f 508/610/351 471/504/308 498/462/290 535/611/352
f 528/334/240 491/500/304 462/503/307 499/599/353
f 515/612/124 478/489/124 475/499/226 512/346/226
f 511/351/242 474/494/300 468/497/303 505/606/348
f 510/354/243 473/490/298 477/493/124 514/613/124
f 598/614/124 596/486/124 478/489/124 515/612/124
f 525/615/234 488/473/234 476/485/222 513/356/222
f 522/616/120 485/481/120 483/483/121 520/617/121
f 523/618/120 486/479/120 485/481/120 522/616/120
f 516/340/121 479/476/121 486/479/120 523/618/120
f 517/341/125 480/474/125 487/470/234 524/619/234
f 524/619/234 487/470/234 488/473/234 525/615/234
f 526/602/344 489/466/294 464/469/297 501/603/345
f 535/611/352 498/462/290 472/465/293 509/335/241
f 527/600/342 490/458/286 463/461/289 500/601/343
f 295/519/120 493/620/120 476/485/222 278/484/222
f 275/491/299 473/490/298 467/515/317 269/514/316
f 276/495/301 474/494/300 492/621/120 294/524/120
f 587/527/120 597/622/120 493/620/120 295/519/120
f 299/529/231 497/623/231 475/499/226 277/498/226
f 296/532/124 494/624/124 484/625/125 286/533/125
f 297/536/124 495/626/124 494/624/124 296/532/124
f 282/475/125 480/474/125 495/626/124 297/536/124
f 281/477/121 479/476/121 496/627/231 298/539/231
f 298/539/231 496/627/231 497/623/231 299/529/231
f 293/501/305 491/500/304 472/465/293 274/464/292
f 188/157/145 527/600/342 500/601/343 154/158/146
f 187/159/147 535/611/352 509/335/241 163/156/144
f 186/160/148 526/602/344 501/603/345 155/161/149
f 182/338/234 524/619/234 525/615/234 184/339/234
f 173/320/125 517/341/125 524/619/234 182/338/234
f 172/331/121 516/340/121 523/618/120 180/343/120
f 180/343/120 523/618/120 522/616/120 179/162/120
f 179/162/120 522/616/120 520/617/121 176/163/121
f 184/339/234 525/615/234 513/356/222 167/253/222
f 581/349/124 598/614/124 515/612/124 170/350/124
f 164/106/94 510/354/243 514/613/124 168/353/124
f 165/164/150 511/351/242 505/606/348 159/165/151
f 170/350/124 515/612/124 512/346/226 166/292/226
f 189/155/143 528/334/240 499/599/353 153/166/152
f 162/167/153 508/610/351 535/611/352 187/159/147
f 161/168/154 507/609/350 508/610/351 162/167/153
f 160/169/155 506/608/349 507/609/350 161/168/154
f 159/165/151 505/606/348 506/607/349 160/170/155
f 157/171/156 503/605/347 504/355/244 158/108/96
f 156/172/157 502/604/346 503/605/347 157/171/156
f 155/161/149 501/603/345 502/604/346 156/172/157
f 154/158/146 500/601/343 526/602/344 186/160/148
f 153/166/158 499/599/341 527/600/342 188/157/145
f 493/620/120 530/348/120 513/356/222 476/485/222
f 473/490/298 510/354/243 504/355/244 467/515/317
f 474/494/300 511/351/242 529/352/120 492/621/120
f 597/622/120 599/347/120 530/348/120 493/620/120
f 497/623/231 534/337/231 512/346/226 475/499/226
f 494/624/124 531/344/124 521/345/125 484/625/125
f 495/626/124 532/342/124 531/344/124 494/624/124
f 480/474/125 517/341/125 532/342/124 495/626/124
f 479/476/121 516/340/121 533/336/231 496/627/231
f 496/627/231 533/336/231 534/337/231 497/623/231
f 491/500/304 528/334/240 509/335/241 472/465/293
f 131/333/231 195/362/231 210/261/226 87/260/225 63/269/230 132/296/232
f 492/621/120 529/352/120 575/628/120 573/629/120
f 168/353/124 514/613/124 574/630/124 557/631/124
f 294/524/120 492/621/120 573/629/120 563/632/120
f 514/613/124 477/493/124 572/633/124 574/630/124
f 397/592/124 434/371/124 571/634/124 569/635/124
f 190/358/120 412/577/120 570/636/120 558/637/120
f 242/411/124 397/592/124 569/635/124 560/638/124
f 412/577/120 375/440/120 568/639/120 570/636/120
f 301/550/120 368/525/120 567/640/120 564/641/120
f 279/492/124 353/563/124 566/642/124 562/643/124
f 353/563/124 323/412/124 565/644/124 566/642/124
f 257/439/120 301/550/120 564/641/120 561/645/120
f 368/525/120 294/524/120 563/632/120 567/640/120
f 477/493/124 279/492/124 562/643/124 572/633/124
f 375/440/120 257/439/120 561/645/120 568/639/120
f 323/412/124 242/411/124 560/638/124 565/644/124
f 434/371/124 212/277/124 559/646/124 571/634/124
f 73/278/114 190/358/120 558/637/120 553/647/114
f 71/275/122 168/353/124 557/631/124 548/648/122
f 529/352/120 169/279/120 556/649/120 575/628/120
f 169/279/120 75/274/118 554/650/118 556/649/120
f 74/272/111 73/278/114 553/647/114 549/651/111
f 212/277/124 72/271/110 552/652/110 559/646/124
f 77/273/107 76/276/107 555/653/107 550/654/107
f 76/276/107 71/275/122 548/648/122 555/653/107
f 75/274/118 77/273/107 550/654/107 554/650/118
f 78/270/111 74/272/111 549/651/111 551/655/111
f 72/271/110 78/270/111 551/655/111 552/652/110
usemtl Gold
f 2/656/354 151/657/355 540/223/193 547/226/197
f 197/103/177 2/656/354 547/226/197
f 604/235/207 11/21/20 15/30/28 605/234/206
f 605/234/206 15/30/28 19/35/32 606/233/205
f 606/233/205 19/35/32 23/41/38 607/232/203
f 607/232/203 23/41/38 27/46/42 608/131/204
f 609/132/202 29/51/55 31/59/56 610/230/201
f 610/230/201 31/59/56 35/68/64 611/231/200
f 611/229/200 35/76/64 39/77/68 612/227/198
f 612/227/198 39/77/68 43/85/74 613/228/199
f 613/228/199 43/85/74 47/92/80
f 6/10/10 11/21/20 604/235/207
f 538/225/195 137/658/356 1/105/196 536/9/9
f 539/224/194 145/659/357 137/658/356 538/225/195
f 540/223/193 151/657/355 145/659/357 539/224/194
f 151/657/358 545/98/86 544/148/134 145/659/359
f 145/659/359 544/148/134 543/141/126 137/658/360
f 137/658/360 543/141/126 542/104/92 1/105/93
f 197/103/91 546/99/87 2/656/361
f 546/99/87 545/98/86 151/657/358 2/656/361
f 573/629/120 575/628/120 599/347/120 597/622/120
f 557/631/124 574/630/124 598/614/124 581/349/124
f 563/632/120 573/629/120 597/622/120 587/527/120
f 574/630/124 572/633/124 596/486/124 598/614/124
f 569/635/124 571/634/124 595/369/124 593/593/124
f 558/637/120 570/636/120 594/575/120 582/359/120
f 560/638/124 569/635/124 593/593/124 584/414/124
f 570/636/120 568/639/120 592/441/120 594/575/120
f 564/641/120 567/640/120 591/526/120 588/548/120
f 562/643/124 566/642/124 590/561/124 586/487/124
f 566/642/124 565/644/124 589/413/124 590/561/124
f 561/645/120 564/641/120 588/548/120 585/442/120
f 567/640/120 563/632/120 587/527/120 591/526/120
f 572/633/124 562/643/124 586/487/124 596/486/124
f 568/639/120 561/645/120 585/442/120 592/441/120
f 565/644/124 560/638/124 584/414/124 589/413/124
f 571/634/124 559/646/124 583/287/124 595/369/124
f 553/647/114 558/637/120 582/359/120 577/288/114
f 548/648/122 557/631/124 581/349/124 600/286/122
f 575/628/120 556/649/120 580/289/120 599/347/120
f 556/649/120 554/650/118 578/283/118 580/289/120
f 549/651/111 553/647/114 577/288/114 601/282/111
f 559/646/124 552/652/110 576/280/110 583/287/124
f 550/654/107 555/653/107 579/285/107 602/284/107
f 555/653/107 548/648/122 600/286/122 579/285/107
f 554/650/118 550/654/107 602/284/107 578/283/118
f 551/655/111 549/651/111 601/282/111 603/281/111
f 552/652/110 551/655/111 603/281/111 576/280/110
f 27/46/45 29/51/45 609/132/117 608/131/117
f 629/249/220 627/237/208 614/13/13 616/23/22
f 630/248/219 629/249/220 616/23/22 617/37/34
f 631/247/218 630/248/219 617/37/34 618/43/40
f 632/246/217 631/247/218 618/43/40 619/48/44
f 633/245/216 632/246/217 619/48/44 620/53/48
f 634/244/215 633/245/216 620/53/48 621/56/51
f 635/243/214 634/244/215 621/56/51 622/78/58
f 636/242/213 635/243/214 622/78/58 623/81/70
f 637/240/211 636/242/213 623/81/70 624/87/76
usemtl BlackVoid
f 218/136/121 99/134/119 95/122/109 216/660/232
f 217/661/233 97/121/108 101/138/123 219/175/125
f 216/660/232 95/122/109 97/121/108 217/661/233
f 96/130/116 174/662/232 175/663/233 98/125/112
f 98/125/112 175/663/233 177/140/125 102/126/113
f 100/129/115 176/163/121 174/662/232 96/130/116
f 438/664/232 216/660/232 217/661/233 439/665/233
f 439/665/233 217/661/233 219/175/125 441/197/125
f 440/183/121 218/136/121 216/660/232 438/664/232
f 329/422/121 248/421/121 246/666/232 327/667/232
f 328/668/233 247/669/233 249/448/125 330/547/125
f 327/667/232 246/666/232 247/669/233 328/668/233
f 481/670/232 283/671/232 284/672/233 482/673/233
f 482/673/233 284/672/233 286/533/125 484/625/125
f 483/483/121 285/482/121 283/671/232 481/670/232
f 357/674/232 327/667/232 328/668/233 358/675/233
f 358/675/233 328/668/233 330/547/125 360/534/125
f 359/560/121 329/422/121 327/667/232 357/674/232
f 285/482/121 359/560/121 357/674/232 283/671/232
f 284/672/233 358/675/233 360/534/125 286/533/125
f 283/671/232 357/674/232 358/675/233 284/672/233
f 248/421/121 403/596/121 401/676/232 246/666/232
f 247/669/233 402/677/233 404/449/125 249/448/125
f 246/666/232 401/676/232 402/677/233 247/669/233
f 403/596/121 440/183/121 438/664/232 401/676/232
f 402/677/233 439/665/233 441/197/125 404/449/125
f 401/676/232 438/664/232 439/665/233 402/677/233
f 520/617/121 483/483/121 481/670/232 518/678/232
f 519/679/233 482/673/233 484/625/125 521/345/125
f 518/678/232 481/670/232 482/673/233 519/679/233
f 174/662/232 518/678/232 519/679/233 175/663/233
f 175/663/233 519/679/233 521/345/125 177/140/125
f 176/163/121 520/617/121 518/678/232 174/662/232
o Cylinder.003_Cylinder.005
v -1.479440 -0.337751 -3.979029
v -1.479440 0.039658 -1.208871
v -1.479440 -0.614248 -2.907191
v -1.479440 -0.715452 -1.443032
v -1.479440 -0.614248 0.021127
v -1.479440 -0.247080 1.089074
v -1.479440 0.040085 1.364784
v -1.479440 0.266715 1.206892
v -1.479440 0.694931 0.009777
v -1.479440 0.795351 -1.443030
v -1.479440 0.694147 -2.907189
v -1.479440 0.417651 -3.979028
v -1.720741 0.039616 -1.183566
v -1.720741 -0.334385 -3.956425
v -1.720741 -0.608417 -2.894140
v -1.720741 -0.708719 -1.443032
v -1.720741 -0.608417 0.008077
v -1.720741 -0.243904 1.065734
v -1.720741 0.040111 1.339151
v -1.720741 0.264110 1.183091
v -1.720741 0.689248 -0.005420
v -1.720741 0.788618 -1.443030
v -1.720741 0.688316 -2.894139
v -1.720741 0.414284 -3.956424
v -1.720741 0.351624 -4.096550
v -1.479440 0.342993 -4.129537
v -1.720741 -0.271425 -4.096892
v -1.479440 -0.262862 -4.129825
v -1.720741 0.365608 -1.262291
v -1.479440 0.357024 -1.285513
v -1.479440 -0.271051 -1.293297
v -1.720741 -0.279585 -1.270299
v -1.577741 -0.370324 -4.197733
v -1.577741 -0.670666 -3.033459
v -1.577741 -0.780598 -1.443032
v -1.577741 -0.670666 0.147396
v -1.577741 -0.277664 1.313780
v -1.577741 0.039835 1.614849
v -1.577741 0.292031 1.438166
v -1.577741 0.749297 0.155169
v -1.577741 0.860497 -1.443030
v -1.577741 0.750565 -3.033458
v -1.577741 0.450224 -4.197732
v -1.577741 0.040079 -1.457198
v -1.577741 0.273714 -4.394300
v -1.577741 -0.194037 -4.394514
v -1.577741 0.283172 -1.485317
v -1.577741 -0.197404 -1.491746
v -1.631820 -0.370324 -4.197733
v -1.631820 -0.670666 -3.033459
v -1.631820 -0.780598 -1.443032
v -1.631820 -0.670666 0.147396
v -1.631820 -0.277664 1.313780
v -1.631820 0.039835 1.614849
v -1.631820 0.292031 1.438166
v -1.631820 0.749297 0.155169
v -1.631820 0.860497 -1.443030
v -1.631820 0.750565 -3.033458
v -1.631820 0.450224 -4.197732
v -1.631820 0.273714 -4.394300
v -1.631820 -0.194037 -4.394514
v -1.631820 0.283172 -1.485317
v -1.631820 -0.197404 -1.491746
v -1.631820 0.040079 -1.457198
v -1.720741 -0.217586 -4.303946
v -1.720741 -0.355551 -4.098542
v -1.720741 -0.645078 -2.976191
v -1.720741 -0.751052 -1.443032
v -1.720741 -0.645078 0.090128
v -1.720741 -0.263876 1.212478
v -1.720741 0.039949 1.500314
v -1.720741 0.280490 1.332730
v -1.720741 0.724977 0.090129
v -1.720741 0.830951 -1.443030
v -1.720741 0.724977 -2.976190
v -1.720741 0.435451 -4.098541
v -1.720741 0.311643 -1.408291
v -1.720741 0.039885 -1.342663
v -1.720741 0.297356 -4.303946
v -1.720741 -0.225927 -1.414889
v -1.479440 -0.225927 -1.414889
v -1.479440 0.039885 -1.342663
v -1.479440 -0.645078 -2.976191
v -1.479440 -0.355551 -4.098542
v -1.479440 -0.751052 -1.443032
v -1.479440 -0.645078 0.090128
v -1.479440 -0.263876 1.212478
v -1.479440 0.039949 1.500314
v -1.479440 0.280490 1.332730
v -1.479440 0.724977 0.090129
v -1.479440 0.830951 -1.443030
v -1.479440 0.724977 -2.976190
v -1.479440 0.435451 -4.098541
v -1.479440 0.297356 -4.303946
v -1.479440 0.311643 -1.408291
v -1.479440 -0.217586 -4.303946
v -1.528590 0.039885 -1.342663
v -1.528590 -0.355551 -4.098542
v -1.528590 -0.645078 -2.976191
v -1.528590 -0.751052 -1.443032
v -1.528590 -0.645078 0.090128
v -1.528590 -0.263876 1.212478
v -1.528590 0.039949 1.500314
v -1.528590 0.280490 1.332730
v -1.528590 0.724977 0.090129
v -1.528590 0.830951 -1.443030
v -1.528590 0.724977 -2.976190
v -1.528590 0.435451 -4.098541
v -1.528590 0.297356 -4.303946
v -1.528590 -0.217586 -4.303946
v -1.528590 0.311643 -1.408291
v -1.528590 -0.225927 -1.414889
v -1.676280 -0.355551 -4.098542
v -1.676280 -0.645078 -2.976191
v -1.676280 -0.751052 -1.443032
v -1.676280 -0.645078 0.090128
v -1.676280 -0.263876 1.212478
v -1.676280 0.039949 1.500314
v -1.676280 0.280490 1.332730
v -1.676280 0.724977 0.090129
v -1.676280 0.830951 -1.443030
v -1.676280 0.724977 -2.976190
v -1.676280 0.435451 -4.098541
v -1.676280 0.297356 -4.303946
v -1.676280 -0.217586 -4.303946
v -1.676280 0.311643 -1.408291
v -1.676280 -0.225927 -1.414889
v -1.676280 0.039885 -1.342663
v -1.479440 0.311666 -4.292530
v -1.720741 0.311666 -4.292530
v -1.577741 0.321623 -4.403163
v -1.631820 0.321623 -4.403163
v -1.720741 0.361386 -4.088761
v -1.479440 0.353478 -4.121171
v -1.528590 0.311666 -4.292530
v -1.676280 0.311666 -4.292530
v -1.720741 -0.236265 -4.289045
v -1.479440 -0.236265 -4.289045
v -1.577741 -0.246222 -4.399678
v -1.631820 -0.246222 -4.399678
v -1.720741 -0.284199 -4.086702
v -1.479440 -0.276575 -4.118885
v -1.528590 -0.236265 -4.289045
v -1.676280 -0.236265 -4.289045
v -1.707280 -0.355551 -4.098542
v -1.707280 -0.645078 -2.976191
v -1.707280 -0.751052 -1.443032
v -1.707280 -0.645078 0.090128
v -1.707280 -0.263876 1.212478
v -1.707280 0.039949 1.500314
v -1.707280 0.280490 1.332730
v -1.707280 0.724977 0.090129
v -1.707280 0.830951 -1.443030
v -1.707280 0.724977 -2.976190
v -1.707280 0.435451 -4.098541
v -1.707280 0.297356 -4.303946
v -1.707280 -0.217586 -4.303946
v -1.707280 0.311643 -1.408291
v -1.707280 -0.225927 -1.414889
v -1.707280 0.311666 -4.292530
v -1.707280 -0.236265 -4.289045
v -1.707280 0.039885 -1.342663
v -1.488376 0.039885 -1.342663
v -1.488376 -0.355551 -4.098542
v -1.488376 -0.645078 -2.976191
v -1.488376 -0.751052 -1.443032
v -1.488376 -0.645078 0.090128
v -1.488376 -0.263876 1.212478
v -1.488376 0.039949 1.500314
v -1.488376 0.280490 1.332730
v -1.488376 0.724977 0.090129
v -1.488376 0.830951 -1.443030
v -1.488376 0.724977 -2.976190
v -1.488376 0.435451 -4.098541
v -1.488376 0.297356 -4.303946
v -1.488376 -0.217586 -4.303946
v -1.488376 0.311643 -1.408291
v -1.488376 -0.225927 -1.414889
v -1.488376 0.311666 -4.292530
v -1.488376 -0.236265 -4.289045
v -1.533428 -0.357005 -4.108305
v -1.533428 -0.647596 -2.981828
v -1.533428 -0.753960 -1.443032
v -1.533428 -0.647596 0.095765
v -1.533428 -0.265233 1.222450
v -1.533428 0.039938 1.511588
v -1.533428 0.281626 1.343108
v -1.533428 0.727370 0.096531
v -1.533428 0.833859 -1.443030
v -1.533428 0.727496 -2.981827
v -1.533428 0.436905 -4.108305
v -1.533428 0.295029 -4.312840
v -1.533428 -0.215268 -4.312861
v -1.533428 0.308840 -1.415872
v -1.533428 -0.223119 -1.422454
v -1.533428 0.039904 -1.353937
v -1.533428 0.312646 -4.303420
v -1.533428 -0.237245 -4.299934
v -1.671671 0.039905 -1.354537
v -1.671671 -0.357083 -4.108825
v -1.671671 -0.647730 -2.982128
v -1.671671 -0.754115 -1.443032
v -1.671671 -0.647730 0.096065
v -1.671671 -0.265305 1.222980
v -1.671671 0.039937 1.512188
v -1.671671 0.281686 1.343661
v -1.671671 0.727498 0.096872
v -1.671671 0.834014 -1.443030
v -1.671671 0.727630 -2.982127
v -1.671671 0.436982 -4.108824
v -1.671671 0.294905 -4.313313
v -1.671671 -0.215145 -4.313335
v -1.671671 0.308691 -1.416276
v -1.671671 -0.222970 -1.422857
v -1.671671 0.312698 -4.303999
v -1.671671 -0.237298 -4.300514
v -1.679419 0.039885 -1.342663
v -1.679419 -0.355551 -4.098542
v -1.679419 -0.645078 -2.976191
v -1.679419 -0.751052 -1.443032
v -1.679419 -0.645078 0.090128
v -1.679419 -0.263876 1.212478
v -1.679419 0.039949 1.500314
v -1.679419 0.280490 1.332730
v -1.679419 0.724977 0.090129
v -1.679419 0.830951 -1.443030
v -1.679419 0.724977 -2.976190
v -1.679419 0.435451 -4.098541
v -1.679419 0.297356 -4.303946
v -1.679419 -0.217586 -4.303946
v -1.679419 0.311643 -1.408291
v -1.679419 -0.225927 -1.414889
v -1.679419 0.311666 -4.292530
v -1.679419 -0.236265 -4.289045
v -1.525377 -0.355551 -4.098542
v -1.525377 -0.645078 -2.976191
v -1.525377 -0.751052 -1.443032
v -1.525377 -0.645078 0.090128
v -1.525377 -0.263876 1.212478
v -1.525377 0.039949 1.500314
v -1.525378 0.280490 1.332730
v -1.525378 0.724977 0.090129
v -1.525378 0.830951 -1.443030
v -1.525378 0.724977 -2.976190
v -1.525378 0.435451 -4.098541
v -1.525377 0.297356 -4.303946
v -1.525377 -0.217586 -4.303946
v -1.525377 0.311643 -1.408291
v -1.525377 -0.225927 -1.414889
v -1.525377 0.311666 -4.292530
v -1.525377 -0.236265 -4.289045
v -1.525377 0.039885 -1.342663
v 1.479440 -0.337751 -3.979029
v 1.479440 0.039658 -1.208871
v 1.479440 -0.614248 -2.907191
v 1.479440 -0.715452 -1.443032
v 1.479440 -0.614248 0.021127
v 1.479440 -0.247080 1.089074
v 1.479440 0.040085 1.364784
v 1.479440 0.266715 1.206892
v 1.479440 0.694931 0.009777
v 1.479440 0.795351 -1.443030
v 1.479440 0.694147 -2.907189
v 1.479440 0.417651 -3.979028
v 1.720741 0.039616 -1.183566
v 1.720741 -0.334385 -3.956425
v 1.720741 -0.608417 -2.894140
v 1.720741 -0.708719 -1.443032
v 1.720741 -0.608417 0.008077
v 1.720741 -0.243904 1.065734
v 1.720741 0.040111 1.339151
v 1.720741 0.264110 1.183091
v 1.720741 0.689248 -0.005420
v 1.720741 0.788618 -1.443030
v 1.720741 0.688316 -2.894139
v 1.720741 0.414284 -3.956424
v 1.720741 0.351624 -4.096550
v 1.479440 0.342993 -4.129537
v 1.720741 -0.271425 -4.096892
v 1.479440 -0.262862 -4.129825
v 1.720741 0.365608 -1.262291
v 1.479440 0.357024 -1.285513
v 1.479440 -0.271050 -1.293297
v 1.720741 -0.279585 -1.270299
v 1.577741 -0.370324 -4.197733
v 1.577741 -0.670666 -3.033459
v 1.577741 -0.780598 -1.443032
v 1.577741 -0.670666 0.147396
v 1.577741 -0.277664 1.313780
v 1.577741 0.039835 1.614849
v 1.577741 0.292031 1.438166
v 1.577741 0.749297 0.155169
v 1.577741 0.860497 -1.443030
v 1.577741 0.750565 -3.033458
v 1.577741 0.450224 -4.197732
v 1.577741 0.040079 -1.457198
v 1.577741 0.273714 -4.394300
v 1.577741 -0.194037 -4.394514
v 1.577741 0.283172 -1.485317
v 1.577741 -0.197404 -1.491746
v 1.631820 -0.370324 -4.197733
v 1.631820 -0.670666 -3.033459
v 1.631820 -0.780598 -1.443032
v 1.631820 -0.670666 0.147396
v 1.631820 -0.277664 1.313780
v 1.631820 0.039835 1.614849
v 1.631820 0.292031 1.438166
v 1.631820 0.749297 0.155169
v 1.631820 0.860497 -1.443030
v 1.631820 0.750565 -3.033458
v 1.631820 0.450224 -4.197732
v 1.631820 0.273714 -4.394300
v 1.631820 -0.194037 -4.394514
v 1.631820 0.283172 -1.485317
v 1.631820 -0.197404 -1.491746
v 1.631820 0.040079 -1.457198
v 1.720741 -0.217586 -4.303946
v 1.720741 -0.355551 -4.098542
v 1.720741 -0.645078 -2.976191
v 1.720741 -0.751052 -1.443032
v 1.720741 -0.645078 0.090128
v 1.720741 -0.263876 1.212478
v 1.720741 0.039949 1.500314
v 1.720741 0.280490 1.332730
v 1.720741 0.724977 0.090129
v 1.720741 0.830951 -1.443030
v 1.720741 0.724977 -2.976190
v 1.720741 0.435451 -4.098541
v 1.720741 0.311643 -1.408291
v 1.720741 0.039885 -1.342663
v 1.720741 0.297356 -4.303946
v 1.720741 -0.225927 -1.414889
v 1.479440 -0.225927 -1.414889
v 1.479440 0.039885 -1.342663
v 1.479440 -0.645078 -2.976191
v 1.479440 -0.355551 -4.098542
v 1.479440 -0.751052 -1.443032
v 1.479440 -0.645078 0.090128
v 1.479440 -0.263876 1.212478
v 1.479440 0.039949 1.500314
v 1.479440 0.280490 1.332730
v 1.479440 0.724977 0.090129
v 1.479440 0.830951 -1.443030
v 1.479440 0.724977 -2.976190
v 1.479440 0.435451 -4.098541
v 1.479440 0.297356 -4.303946
v 1.479440 0.311643 -1.408291
v 1.479440 -0.217586 -4.303946
v 1.528591 0.039885 -1.342663
v 1.528591 -0.355551 -4.098542
v 1.528590 -0.645078 -2.976191
v 1.528590 -0.751052 -1.443032
v 1.528590 -0.645078 0.090128
v 1.528591 -0.263876 1.212478
v 1.528591 0.039949 1.500314
v 1.528591 0.280490 1.332730
v 1.528591 0.724977 0.090129
v 1.528591 0.830951 -1.443030
v 1.528591 0.724977 -2.976190
v 1.528591 0.435451 -4.098541
v 1.528591 0.297356 -4.303946
v 1.528591 -0.217586 -4.303946
v 1.528591 0.311643 -1.408291
v 1.528591 -0.225927 -1.414889
v 1.676280 -0.355551 -4.098542
v 1.676280 -0.645078 -2.976191
v 1.676280 -0.751052 -1.443032
v 1.676280 -0.645078 0.090128
v 1.676280 -0.263876 1.212478
v 1.676280 0.039949 1.500314
v 1.676280 0.280490 1.332730
v 1.676281 0.724977 0.090129
v 1.676281 0.830951 -1.443030
v 1.676281 0.724977 -2.976190
v 1.676280 0.435451 -4.098541
v 1.676280 0.297356 -4.303946
v 1.676280 -0.217586 -4.303946
v 1.676280 0.311643 -1.408291
v 1.676280 -0.225927 -1.414889
v 1.676280 0.039885 -1.342663
v 1.479440 0.311666 -4.292530
v 1.720741 0.311666 -4.292530
v 1.577741 0.321623 -4.403163
v 1.631820 0.321623 -4.403163
v 1.720741 0.361386 -4.088761
v 1.479440 0.353478 -4.121171
v 1.528591 0.311666 -4.292530
v 1.676280 0.311666 -4.292530
v 1.720741 -0.236265 -4.289045
v 1.479440 -0.236265 -4.289045
v 1.577741 -0.246222 -4.399678
v 1.631820 -0.246222 -4.399678
v 1.720741 -0.284199 -4.086702
v 1.479440 -0.276575 -4.118885
v 1.528591 -0.236265 -4.289045
v 1.676280 -0.236265 -4.289045
v 1.707281 -0.355551 -4.098542
v 1.707281 -0.645078 -2.976191
v 1.707281 -0.751052 -1.443032
v 1.707281 -0.645078 0.090128
v 1.707281 -0.263876 1.212478
v 1.707281 0.039949 1.500314
v 1.707281 0.280490 1.332730
v 1.707281 0.724977 0.090129
v 1.707281 0.830951 -1.443030
v 1.707281 0.724977 -2.976190
v 1.707281 0.435451 -4.098541
v 1.707281 0.297356 -4.303946
v 1.707281 -0.217586 -4.303946
v 1.707281 0.311643 -1.408291
v 1.707281 -0.225927 -1.414889
v 1.707281 0.311666 -4.292530
v 1.707281 -0.236265 -4.289045
v 1.707281 0.039885 -1.342663
v 1.488376 0.039885 -1.342663
v 1.488376 -0.355551 -4.098542
v 1.488376 -0.645078 -2.976191
v 1.488376 -0.751052 -1.443032
v 1.488376 -0.645078 0.090128
v 1.488376 -0.263876 1.212478
v 1.488376 0.039949 1.500314
v 1.488376 0.280490 1.332730
v 1.488376 0.724977 0.090129
v 1.488376 0.830951 -1.443030
v 1.488376 0.724977 -2.976190
v 1.488376 0.435451 -4.098541
v 1.488376 0.297356 -4.303946
v 1.488376 -0.217586 -4.303946
v 1.488376 0.311643 -1.408291
v 1.488376 -0.225927 -1.414889
v 1.488376 0.311666 -4.292530
v 1.488376 -0.236265 -4.289045
v 1.533429 -0.357005 -4.108305
v 1.533429 -0.647596 -2.981828
v 1.533429 -0.753960 -1.443032
v 1.533429 -0.647596 0.095765
v 1.533429 -0.265233 1.222450
v 1.533429 0.039938 1.511588
v 1.533429 0.281626 1.343108
v 1.533429 0.727370 0.096531
v 1.533429 0.833859 -1.443030
v 1.533429 0.727496 -2.981827
v 1.533429 0.436905 -4.108305
v 1.533429 0.295029 -4.312840
v 1.533429 -0.215268 -4.312861
v 1.533429 0.308840 -1.415872
v 1.533429 -0.223119 -1.422454
v 1.533429 0.039904 -1.353937
v 1.533429 0.312646 -4.303420
v 1.533429 -0.237245 -4.299934
v 1.671671 0.039905 -1.354537
v 1.671671 -0.357083 -4.108825
v 1.671671 -0.647730 -2.982128
v 1.671671 -0.754115 -1.443032
v 1.671671 -0.647730 0.096065
v 1.671671 -0.265305 1.222980
v 1.671671 0.039937 1.512188
v 1.671671 0.281686 1.343661
v 1.671671 0.727498 0.096872
v 1.671671 0.834014 -1.443030
v 1.671671 0.727630 -2.982127
v 1.671671 0.436982 -4.108824
v 1.671671 0.294905 -4.313313
v 1.671671 -0.215145 -4.313335
v 1.671671 0.308691 -1.416276
v 1.671671 -0.222970 -1.422857
v 1.671671 0.312698 -4.303999
v 1.671671 -0.237298 -4.300514
v 1.679419 0.039885 -1.342663
v 1.679419 -0.355551 -4.098542
v 1.679419 -0.645078 -2.976191
v 1.679419 -0.751052 -1.443032
v 1.679419 -0.645078 0.090128
v 1.679419 -0.263876 1.212478
v 1.679419 0.039949 1.500314
v 1.679419 0.280490 1.332730
v 1.679419 0.724977 0.090129
v 1.679419 0.830951 -1.443030
v 1.679419 0.724977 -2.976190
v 1.679419 0.435451 -4.098541
v 1.679419 0.297356 -4.303946
v 1.679419 -0.217586 -4.303946
v 1.679419 0.311643 -1.408291
v 1.679419 -0.225927 -1.414889
v 1.679419 0.311666 -4.292530
v 1.679419 -0.236265 -4.289045
v 1.525378 -0.355551 -4.098542
v 1.525377 -0.645078 -2.976191
v 1.525377 -0.751052 -1.443032
v 1.525377 -0.645078 0.090128
v 1.525378 -0.263876 1.212478
v 1.525378 0.039949 1.500314
v 1.525378 0.280490 1.332730
v 1.525378 0.724977 0.090129
v 1.525378 0.830951 -1.443030
v 1.525378 0.724977 -2.976190
v 1.525378 0.435451 -4.098541
v 1.525378 0.297356 -4.303946
v 1.525378 -0.217586 -4.303946
v 1.525378 0.311643 -1.408291
v 1.525378 -0.225927 -1.414889
v 1.525378 0.311666 -4.292530
v 1.525378 -0.236265 -4.289045
v 1.525378 0.039885 -1.342663
vt 0.041667 0.601677
vt 0.041667 0.684253
vt 0.039431 0.684253
vt 0.039431 0.601677
vt 0.916667 0.981483
vt 0.916667 1.000000
vt 0.833333 1.000000
vt 0.833333 0.981483
vt 0.750000 1.000000
vt 0.750000 0.981483
vt 0.666667 1.000000
vt 0.666667 0.981483
vt 0.583333 1.000000
vt 0.583333 0.981483
vt 0.500000 1.000000
vt 0.500000 0.981483
vt 0.416667 1.000000
vt 0.416667 0.981483
vt 0.333333 1.000000
vt 0.333333 0.981483
vt 0.250000 1.000000
vt 0.250000 0.981483
vt 0.166667 1.000000
vt 0.166667 0.981483
vt 0.083333 1.000000
vt 0.083333 0.981483
vt 0.364299 0.449914
vt 0.323366 0.464412
vt 0.320164 0.465546
vt 0.316430 0.391779
vt 0.249302 0.449847
vt 0.178907 0.389781
vt 0.179568 0.465520
vt 0.177118 0.464652
vt 0.135476 0.449913
vt 0.051517 0.366156
vt 0.020703 0.251694
vt 0.049813 0.138207
vt 0.140776 0.051947
vt 0.246583 0.024725
vt 0.364620 0.053128
vt 0.448249 0.137109
vt 0.478949 0.251666
vt 0.448217 0.366145
vt 0.749159 0.441964
vt 0.818591 0.379568
vt 0.822088 0.463860
vt 0.825072 0.462751
vt 0.863218 0.448578
vt 0.946394 0.365465
vt 0.976857 0.252012
vt 0.946432 0.138476
vt 0.863596 0.055233
vt 0.746031 0.027483
vt 0.642714 0.053858
vt 0.551288 0.139779
vt 0.522725 0.252046
vt 0.553289 0.365480
vt 0.636518 0.448579
vt 0.675310 0.462981
vt 0.677593 0.463828
vt 0.676352 0.377462
vt 0.039431 0.981483
vt 0.039431 1.000000
vt 0.000000 1.000000
vt 0.000000 0.981483
vt 0.955311 0.527891
vt 0.916667 0.527891
vt 0.916667 0.500000
vt 0.955311 0.500000
vt 0.043983 0.981483
vt 0.043983 1.000000
vt 0.041667 1.000000
vt 0.041667 0.981483
vt 0.961908 0.527891
vt 0.958333 0.527891
vt 0.958333 0.500000
vt 0.961908 0.500000
vt 1.000000 0.888130
vt 0.961908 0.888130
vt 0.961908 0.796310
vt 1.000000 0.796310
vt 0.958333 0.888130
vt 0.958333 0.796309
vt 1.000000 0.527891
vt 1.000000 0.500000
vt 0.916667 0.601677
vt 0.916667 0.684253
vt 0.833333 0.684253
vt 0.833333 0.601677
vt 0.750000 0.684253
vt 0.750000 0.601677
vt 0.666667 0.684253
vt 0.666667 0.601677
vt 0.583333 0.684253
vt 0.583333 0.601677
vt 0.500000 0.684253
vt 0.500000 0.601677
vt 0.416667 0.684253
vt 0.416667 0.601677
vt 0.333333 0.684253
vt 0.333333 0.601677
vt 0.250000 0.684253
vt 0.250000 0.601677
vt 0.166667 0.684253
vt 0.166667 0.601677
vt 0.083333 0.684253
vt 0.083333 0.601677
vt 0.000000 0.684253
vt 0.000000 0.601677
vt 0.043983 0.601677
vt 0.043983 0.684253
vt 0.810000 0.473923
vt 0.814353 0.472757
vt 0.870000 0.457846
vt 0.957846 0.370000
vt 0.990000 0.250000
vt 0.957846 0.130000
vt 0.870000 0.042154
vt 0.750000 0.010000
vt 0.630000 0.042154
vt 0.542154 0.130000
vt 0.510000 0.250000
vt 0.542154 0.370000
vt 0.630000 0.457846
vt 0.693220 0.474786
vt 0.750000 0.490000
vt 0.686665 0.473029
vt 0.804853 0.475302
vt 0.690000 0.473923
vt 0.304853 0.475302
vt 0.250000 0.490000
vt 0.457846 0.370000
vt 0.370000 0.457846
vt 0.490000 0.250000
vt 0.457846 0.130000
vt 0.370000 0.042154
vt 0.250000 0.010000
vt 0.130000 0.042154
vt 0.042154 0.130000
vt 0.010000 0.250000
vt 0.042154 0.370000
vt 0.130000 0.457846
vt 0.190000 0.473923
vt 0.186665 0.473029
vt 0.193220 0.474786
vt 0.314353 0.472757
vt 0.310000 0.473923
vt 0.955311 0.888130
vt 0.916667 0.888130
vt 0.916667 0.796310
vt 0.955310 0.796309
vt 0.041667 0.904812
vt 0.039431 0.904812
vt 0.955311 0.904812
vt 0.916667 0.904812
vt 0.916667 0.898155
vt 0.955311 0.898155
vt 0.961908 0.904812
vt 0.958333 0.904812
vt 0.958333 0.898155
vt 0.961908 0.898155
vt 0.041667 0.888130
vt 0.041667 0.898155
vt 0.039431 0.898155
vt 0.039431 0.888130
vt 0.043983 0.888130
vt 0.043983 0.898155
vt 0.000000 0.898155
vt 0.000000 0.888130
vt 0.166667 0.888130
vt 0.166667 0.898155
vt 0.083333 0.898155
vt 0.083333 0.888130
vt 0.250000 0.888130
vt 0.250000 0.898155
vt 0.333333 0.888130
vt 0.333333 0.898155
vt 0.416667 0.888130
vt 0.416667 0.898155
vt 0.500000 0.888130
vt 0.500000 0.898155
vt 0.583333 0.888130
vt 0.583333 0.898155
vt 0.666667 0.888130
vt 0.666667 0.898155
vt 0.750000 0.888130
vt 0.750000 0.898155
vt 0.833333 0.888130
vt 0.833333 0.898155
vt 0.961908 0.585623
vt 1.000000 0.585623
vt 0.043983 0.585623
vt 0.043983 0.592126
vt 0.041667 0.592126
vt 0.041667 0.585623
vt 0.039431 0.585623
vt 0.039431 0.592126
vt 0.000000 0.592126
vt 0.000000 0.585623
vt 0.166667 0.585623
vt 0.166667 0.592126
vt 0.083333 0.592126
vt 0.083333 0.585623
vt 0.250000 0.585623
vt 0.250000 0.592126
vt 0.333333 0.585623
vt 0.333333 0.592126
vt 0.416667 0.585623
vt 0.416667 0.592126
vt 0.500000 0.585623
vt 0.500000 0.592126
vt 0.583333 0.585623
vt 0.583333 0.592126
vt 0.666667 0.585623
vt 0.666667 0.592126
vt 0.750000 0.585623
vt 0.750000 0.592126
vt 0.833333 0.585623
vt 0.833333 0.592126
vt 1.000000 0.601677
vt 0.961908 0.601677
vt 0.961908 0.592126
vt 1.000000 0.592126
vt 0.958333 0.601677
vt 0.958333 0.592126
vt 0.955311 0.601677
vt 0.916667 0.592126
vt 0.955311 0.592126
vt 0.916667 0.585623
vt 0.083333 0.904812
vt 0.043983 0.904812
vt 1.000000 0.904812
vt 1.000000 0.898155
vt 0.000000 0.904812
vt 0.166667 0.904812
vt 0.250000 0.904812
vt 0.333333 0.904812
vt 0.416667 0.904812
vt 0.500000 0.904812
vt 0.583333 0.904812
vt 0.666667 0.904812
vt 0.750000 0.904812
vt 0.833333 0.904812
vt 0.958333 0.585623
vt 0.955311 0.585623
vt 0.043983 0.500000
vt 0.043983 0.527891
vt 0.041667 0.527891
vt 0.041667 0.500000
vt 0.039431 0.500000
vt 0.039431 0.527891
vt 0.000000 0.527891
vt 0.000000 0.500000
vt 0.166667 0.500000
vt 0.166667 0.527891
vt 0.083333 0.527891
vt 0.083333 0.500000
vt 0.250000 0.500000
vt 0.250000 0.527891
vt 0.333333 0.500000
vt 0.333333 0.527891
vt 0.416667 0.500000
vt 0.416667 0.527891
vt 0.500000 0.500000
vt 0.500000 0.527891
vt 0.583333 0.500000
vt 0.583333 0.527891
vt 0.666667 0.500000
vt 0.666667 0.527891
vt 0.750000 0.500000
vt 0.750000 0.527891
vt 0.833333 0.500000
vt 0.833333 0.527891
vt 0.955311 1.000000
vt 0.955311 0.981483
vt 0.961908 1.000000
vt 0.958333 1.000000
vt 0.958333 0.981483
vt 0.961908 0.981483
vt 1.000000 1.000000
vt 1.000000 0.981483
vt 0.083333 0.796309
vt 0.043983 0.796309
vt 0.833333 0.796310
vt 0.750000 0.796309
vt 0.666667 0.796310
vt 0.583333 0.796310
vt 0.500000 0.796310
vt 0.416667 0.796309
vt 0.333333 0.796310
vt 0.250000 0.796309
vt 0.166667 0.796309
vt 0.039431 0.796309
vt 0.000000 0.796310
vt 0.041667 0.796310
vt 0.958333 0.684253
vt 0.955310 0.684253
vt 0.961908 0.684253
vt 1.000000 0.684253
vt 0.041667 0.601677
vt 0.039431 0.601677
vt 0.039431 0.684253
vt 0.041667 0.684253
vt 0.916667 0.981483
vt 0.833333 0.981483
vt 0.833333 1.000000
vt 0.916667 1.000000
vt 0.750000 0.981483
vt 0.750000 1.000000
vt 0.666667 0.981483
vt 0.666667 1.000000
vt 0.583333 0.981483
vt 0.583333 1.000000
vt 0.500000 0.981483
vt 0.500000 1.000000
vt 0.416667 0.981483
vt 0.416667 1.000000
vt 0.333333 0.981483
vt 0.333333 1.000000
vt 0.250000 0.981483
vt 0.250000 1.000000
vt 0.166667 0.981483
vt 0.166667 1.000000
vt 0.083333 0.981483
vt 0.083333 1.000000
vt 0.364299 0.449914
vt 0.448217 0.366145
vt 0.478949 0.251666
vt 0.448249 0.137109
vt 0.364620 0.053128
vt 0.246583 0.024725
vt 0.140776 0.051947
vt 0.049813 0.138207
vt 0.020703 0.251694
vt 0.051517 0.366156
vt 0.135476 0.449913
vt 0.177118 0.464652
vt 0.179568 0.465520
vt 0.178907 0.389781
vt 0.249302 0.449847
vt 0.316430 0.391779
vt 0.320164 0.465546
vt 0.323366 0.464412
vt 0.749159 0.441964
vt 0.676352 0.377462
vt 0.677593 0.463828
vt 0.675310 0.462981
vt 0.636518 0.448579
vt 0.553289 0.365480
vt 0.522725 0.252046
vt 0.551288 0.139779
vt 0.642714 0.053858
vt 0.746031 0.027483
vt 0.863596 0.055233
vt 0.946432 0.138476
vt 0.976857 0.252012
vt 0.946394 0.365465
vt 0.863218 0.448578
vt 0.825072 0.462751
vt 0.822088 0.463860
vt 0.818591 0.379568
vt 0.039431 0.981483
vt 0.000000 0.981483
vt 0.000000 1.000000
vt 0.039431 1.000000
vt 0.955311 0.527891
vt 0.955311 0.500000
vt 0.916667 0.500000
vt 0.916667 0.527891
vt 0.043983 0.981483
vt 0.041667 0.981483
vt 0.041667 1.000000
vt 0.043983 1.000000
vt 0.961908 0.527891
vt 0.961908 0.500000
vt 0.958333 0.500000
vt 0.958333 0.527891
vt 1.000000 0.888130
vt 1.000000 0.796310
vt 0.961908 0.796310
vt 0.961908 0.888130
vt 0.958333 0.796309
vt 0.958333 0.888130
vt 1.000000 0.527891
vt 1.000000 0.500000
vt 0.916667 0.601677
vt 0.833333 0.601677
vt 0.833333 0.684253
vt 0.916667 0.684253
vt 0.750000 0.601677
vt 0.750000 0.684253
vt 0.666667 0.601677
vt 0.666667 0.684253
vt 0.583333 0.601677
vt 0.583333 0.684253
vt 0.500000 0.601677
vt 0.500000 0.684253
vt 0.416667 0.601677
vt 0.416667 0.684253
vt 0.333333 0.601677
vt 0.333333 0.684253
vt 0.250000 0.601677
vt 0.250000 0.684253
vt 0.166667 0.601677
vt 0.166667 0.684253
vt 0.083333 0.601677
vt 0.083333 0.684253
vt 0.000000 0.601677
vt 0.000000 0.684253
vt 0.043983 0.601677
vt 0.043983 0.684253
vt 0.814353 0.472757
vt 0.810000 0.473923
vt 0.957846 0.370000
vt 0.870000 0.457846
vt 0.990000 0.250000
vt 0.957846 0.130000
vt 0.870000 0.042154
vt 0.750000 0.010000
vt 0.630000 0.042154
vt 0.542154 0.130000
vt 0.510000 0.250000
vt 0.542154 0.370000
vt 0.630000 0.457846
vt 0.750000 0.490000
vt 0.693220 0.474786
vt 0.686665 0.473029
vt 0.804853 0.475302
vt 0.690000 0.473923
vt 0.250000 0.490000
vt 0.304853 0.475302
vt 0.370000 0.457846
vt 0.457846 0.370000
vt 0.490000 0.250000
vt 0.457846 0.130000
vt 0.370000 0.042154
vt 0.250000 0.010000
vt 0.130000 0.042154
vt 0.042154 0.130000
vt 0.010000 0.250000
vt 0.042154 0.370000
vt 0.130000 0.457846
vt 0.186665 0.473029
vt 0.190000 0.473923
vt 0.193220 0.474786
vt 0.314353 0.472757
vt 0.310000 0.473923
vt 0.955311 0.888130
vt 0.955310 0.796309
vt 0.916667 0.796310
vt 0.916667 0.888130
vt 0.041667 0.904812
vt 0.039431 0.904812
vt 0.955311 0.904812
vt 0.955311 0.898155
vt 0.916667 0.898155
vt 0.916667 0.904812
vt 0.961908 0.904812
vt 0.961908 0.898155
vt 0.958333 0.898155
vt 0.958333 0.904812
vt 0.041667 0.888130
vt 0.039431 0.888130
vt 0.039431 0.898155
vt 0.041667 0.898155
vt 0.043983 0.888130
vt 0.043983 0.898155
vt 0.000000 0.888130
vt 0.000000 0.898155
vt 0.166667 0.888130
vt 0.083333 0.888130
vt 0.083333 0.898155
vt 0.166667 0.898155
vt 0.250000 0.888130
vt 0.250000 0.898155
vt 0.333333 0.888130
vt 0.333333 0.898155
vt 0.416667 0.888130
vt 0.416667 0.898155
vt 0.500000 0.888130
vt 0.500000 0.898155
vt 0.583333 0.888130
vt 0.583333 0.898155
vt 0.666667 0.888130
vt 0.666667 0.898155
vt 0.750000 0.888130
vt 0.750000 0.898155
vt 0.833333 0.888130
vt 0.833333 0.898155
vt 0.961908 0.585623
vt 1.000000 0.585623
vt 0.043983 0.585623
vt 0.041667 0.585623
vt 0.041667 0.592126
vt 0.043983 0.592126
vt 0.039431 0.585623
vt 0.000000 0.585623
vt 0.000000 0.592126
vt 0.039431 0.592126
vt 0.166667 0.585623
vt 0.083333 0.585623
vt 0.083333 0.592126
vt 0.166667 0.592126
vt 0.250000 0.585623
vt 0.250000 0.592126
vt 0.333333 0.585623
vt 0.333333 0.592126
vt 0.416667 0.585623
vt 0.416667 0.592126
vt 0.500000 0.585623
vt 0.500000 0.592126
vt 0.583333 0.585623
vt 0.583333 0.592126
vt 0.666667 0.585623
vt 0.666667 0.592126
vt 0.750000 0.585623
vt 0.750000 0.592126
vt 0.833333 0.585623
vt 0.833333 0.592126
vt 1.000000 0.601677
vt 1.000000 0.592126
vt 0.961908 0.592126
vt 0.961908 0.601677
vt 0.958333 0.592126
vt 0.958333 0.601677
vt 0.955311 0.601677
vt 0.955311 0.592126
vt 0.916667 0.592126
vt 0.916667 0.585623
vt 0.083333 0.904812
vt 0.043983 0.904812
vt 1.000000 0.904812
vt 1.000000 0.898155
vt 0.000000 0.904812
vt 0.166667 0.904812
vt 0.250000 0.904812
vt 0.333333 0.904812
vt 0.416667 0.904812
vt 0.500000 0.904812
vt 0.583333 0.904812
vt 0.666667 0.904812
vt 0.750000 0.904812
vt 0.833333 0.904812
vt 0.958333 0.585623
vt 0.955311 0.585623
vt 0.043983 0.500000
vt 0.041667 0.500000
vt 0.041667 0.527891
vt 0.043983 0.527891
vt 0.039431 0.500000
vt 0.000000 0.500000
vt 0.000000 0.527891
vt 0.039431 0.527891
vt 0.166667 0.500000
vt 0.083333 0.500000
vt 0.083333 0.527891
vt 0.166667 0.527891
vt 0.250000 0.500000
vt 0.250000 0.527891
vt 0.333333 0.500000
vt 0.333333 0.527891
vt 0.416667 0.500000
vt 0.416667 0.527891
vt 0.500000 0.500000
vt 0.500000 0.527891
vt 0.583333 0.500000
vt 0.583333 0.527891
vt 0.666667 0.500000
vt 0.666667 0.527891
vt 0.750000 0.500000
vt 0.750000 0.527891
vt 0.833333 0.500000
vt 0.833333 0.527891
vt 0.955311 1.000000
vt 0.955311 0.981483
vt 0.961908 1.000000
vt 0.961908 0.981483
vt 0.958333 0.981483
vt 0.958333 1.000000
vt 1.000000 1.000000
vt 1.000000 0.981483
vt 0.083333 0.796309
vt 0.043983 0.796309
vt 0.833333 0.796310
vt 0.750000 0.796309
vt 0.666667 0.796310
vt 0.583333 0.796310
vt 0.500000 0.796310
vt 0.416667 0.796309
vt 0.333333 0.796310
vt 0.250000 0.796309
vt 0.166667 0.796309
vt 0.039431 0.796309
vt 0.000000 0.796310
vt 0.041667 0.796310
vt 0.958333 0.684253
vt 0.955310 0.684253
vt 0.961908 0.684253
vt 1.000000 0.684253
vn -0.8463 -0.4746 -0.2420
vn -0.4607 -0.6476 -0.6068
vn -0.5260 -0.7425 -0.4146
vn -0.8061 -0.5444 -0.2318
vn 0.0000 -0.9187 -0.3949
vn 0.6742 -0.6785 -0.2916
vn 0.6870 -0.7172 -0.1163
vn 0.0000 -0.9871 -0.1600
vn 0.6919 -0.7220 0.0000
vn 0.0000 -1.0000 0.0000
vn 0.6792 -0.7195 0.1445
vn 0.0000 -0.9804 0.1969
vn 0.6568 -0.6348 0.4068
vn 0.0000 -0.8419 0.5395
vn 0.5888 -0.0605 0.8060
vn 0.0000 -0.0749 0.9972
vn 0.6446 0.6073 0.4645
vn 0.0000 0.7943 0.6075
vn 0.6775 0.7198 0.1506
vn 0.0000 0.9788 0.2048
vn 0.6919 0.7220 0.0000
vn 0.0000 1.0000 0.0000
vn 0.6870 0.7172 -0.1163
vn 0.0000 0.9871 -0.1600
vn 0.6734 0.6779 -0.2948
vn 0.0000 0.9170 -0.3988
vn 1.0000 0.0000 0.0000
vn -1.0000 0.0000 0.0000
vn 0.0000 -0.7872 -0.6166
vn 0.8762 -0.3793 -0.2971
vn 0.7675 0.0091 -0.6409
vn 0.0000 0.0142 -0.9999
vn 0.0000 -0.7462 -0.6657
vn -0.6742 -0.6785 -0.2916
vn -0.6711 -0.5532 -0.4935
vn 0.0000 0.7434 -0.6688
vn 0.6720 0.5505 -0.4953
vn 0.5498 -0.3642 -0.7517
vn 0.0000 -0.4360 -0.8999
vn 0.0000 0.7953 -0.6062
vn 0.0000 0.4351 -0.9004
vn -0.5499 0.3634 -0.7520
vn -0.8724 0.3887 -0.2963
vn 0.8956 0.0066 -0.4449
vn 0.7812 0.5705 -0.2532
vn 0.4958 0.7586 -0.4227
vn 0.5463 0.0126 -0.8375
vn 0.8366 0.4759 -0.2714
vn 0.4484 0.6240 -0.6399
vn -0.7675 0.0091 -0.6409
vn -0.7548 -0.6085 -0.2448
vn -0.4329 -0.8194 -0.3758
vn -0.3315 -0.9285 -0.1675
vn -0.6094 -0.7832 -0.1231
vn -0.2856 -0.9583 0.0000
vn -0.5535 -0.8329 0.0000
vn -0.3496 -0.9143 0.2042
vn -0.6346 -0.7593 0.1441
vn -0.4610 -0.7324 0.5010
vn -0.8098 -0.5093 0.2911
vn -0.4779 -0.0615 0.8763
vn -0.9311 -0.0410 0.3624
vn -0.4716 0.6832 0.5575
vn -0.8324 0.4646 0.3020
vn -0.3562 0.9093 0.2148
vn -0.6391 0.7547 0.1481
vn -0.2843 0.9587 0.0002
vn -0.5511 0.8344 0.0002
vn -0.3315 0.9285 -0.1675
vn -0.6094 0.7832 -0.1231
vn -0.4342 0.8171 -0.3793
vn -0.7566 0.6059 -0.2459
vn -0.5638 0.0124 -0.8258
vn -0.9121 0.0060 -0.4099
vn -0.8768 0.3216 -0.3575
vn -0.4687 0.3598 -0.8067
vn -0.6870 -0.7172 -0.1163
vn -0.6919 -0.7220 0.0000
vn -0.6792 -0.7195 0.1445
vn -0.6568 -0.6348 0.4068
vn -0.5888 -0.0605 0.8060
vn -0.6446 0.6073 0.4645
vn -0.6775 0.7198 0.1506
vn -0.6919 0.7220 0.0000
vn -0.6870 0.7172 -0.1163
vn -0.6734 0.6779 -0.2948
vn -0.8762 -0.3793 -0.2971
vn -0.6720 0.5505 -0.4953
vn -0.5498 -0.3642 -0.7517
vn 0.8724 0.3887 -0.2963
vn 0.6711 -0.5532 -0.4935
vn 0.5499 0.3634 -0.7520
vn 0.8494 -0.3627 -0.3833
vn 0.7223 -0.6411 -0.2594
vn 0.4119 -0.8280 -0.3804
vn 0.4551 -0.4001 -0.7955
vn 0.3738 -0.8665 -0.3307
vn 0.4862 -0.6644 -0.5676
vn 0.7155 0.4882 -0.4996
vn 0.4234 0.7086 -0.5644
vn 0.8289 -0.4914 -0.2674
vn 0.7137 -0.4936 -0.4969
vn 0.4238 -0.7017 -0.5727
vn 0.7838 -0.5665 -0.2544
vn 0.8550 0.3467 -0.3857
vn 0.4883 0.6593 -0.5717
vn 0.4920 0.0119 -0.8705
vn 0.5712 0.8108 -0.1280
vn 0.2900 0.9476 -0.1339
vn 0.3751 0.8650 -0.3332
vn 0.7242 0.6384 -0.2606
vn 0.5129 0.8584 0.0002
vn 0.2691 0.9631 0.0000
vn 0.6018 0.7835 0.1549
vn 0.3011 0.9393 0.1642
vn 0.8071 0.4935 0.3241
vn 0.4574 0.7458 0.4843
vn 0.9177 -0.0439 0.3948
vn 0.6824 -0.0725 0.7274
vn 0.7820 -0.5400 0.3112
vn 0.4289 -0.7886 0.4406
vn 0.5970 -0.7880 0.1505
vn 0.3020 -0.9396 0.1608
vn 0.5152 -0.8571 0.0000
vn 0.2704 -0.9627 0.0000
vn 0.5712 -0.8108 -0.1280
vn 0.2900 -0.9476 -0.1339
vn 0.0000 0.7434 -0.6689
vn -0.5101 0.6496 -0.5637
vn -0.7359 -0.4871 -0.4703
vn -0.4379 -0.6973 -0.5674
vn -0.5068 0.0118 -0.8620
vn -0.3122 0.9407 -0.1323
vn -0.3985 0.8559 -0.3295
vn -0.2913 0.9566 0.0001
vn -0.3234 0.9323 0.1620
vn -0.4810 0.7353 0.4775
vn -0.7025 -0.0704 0.7082
vn 0.0000 -0.8419 0.5396
vn -0.4525 -0.7785 0.4349
vn -0.3244 -0.9325 0.1587
vn -0.2926 -0.9562 0.0000
vn -0.3122 -0.9407 -0.1323
vn -0.8039 0.5481 -0.2309
vn -0.4377 0.7041 -0.5591
vn -0.8533 0.4601 -0.2454
vn -0.7378 0.4816 -0.4729
vn -0.8718 -0.3369 -0.3556
vn -0.3972 -0.8574 -0.3270
vn -0.5081 -0.6546 -0.5597
vn 0.4133 0.8257 -0.3839
vn 0.4558 0.3633 -0.8126
vn 0.3087 -0.9361 -0.1686
vn 0.2644 -0.9644 0.0000
vn 0.3268 -0.9224 0.2058
vn 0.4427 -0.7395 0.5070
vn 0.4666 -0.0617 0.8823
vn 0.4549 0.6892 0.5639
vn 0.3334 0.9175 0.2165
vn 0.2631 0.9648 0.0002
vn 0.3087 0.9361 -0.1686
vn 0.5019 -0.7519 -0.4274
vn 0.4476 -0.6503 -0.6137
vn -0.4612 0.6218 -0.6330
vn -0.4686 -0.3963 -0.7895
vn -0.5199 0.7492 -0.4103
vn 0.8463 -0.4746 -0.2420
vn 0.8061 -0.5444 -0.2318
vn 0.5260 -0.7425 -0.4146
vn 0.4607 -0.6476 -0.6068
vn -0.8956 0.0066 -0.4449
vn -0.5463 0.0126 -0.8375
vn -0.4958 0.7586 -0.4227
vn -0.7812 0.5705 -0.2532
vn -0.4484 0.6240 -0.6399
vn -0.8366 0.4759 -0.2714
vn 0.7548 -0.6085 -0.2448
vn 0.6094 -0.7832 -0.1231
vn 0.3315 -0.9285 -0.1675
vn 0.4329 -0.8194 -0.3758
vn 0.5535 -0.8329 0.0000
vn 0.2856 -0.9583 0.0000
vn 0.6346 -0.7593 0.1441
vn 0.3496 -0.9143 0.2042
vn 0.8098 -0.5093 0.2911
vn 0.4610 -0.7324 0.5010
vn 0.9311 -0.0410 0.3624
vn 0.4779 -0.0615 0.8762
vn 0.8324 0.4646 0.3020
vn 0.4716 0.6832 0.5575
vn 0.6391 0.7547 0.1481
vn 0.3562 0.9093 0.2148
vn 0.5511 0.8344 0.0002
vn 0.2843 0.9587 0.0002
vn 0.6094 0.7832 -0.1231
vn 0.3315 0.9285 -0.1675
vn 0.7566 0.6059 -0.2459
vn 0.4342 0.8171 -0.3793
vn 0.9121 0.0060 -0.4099
vn 0.5638 0.0124 -0.8258
vn 0.8768 0.3216 -0.3575
vn 0.4687 0.3598 -0.8067
vn -0.8494 -0.3627 -0.3833
vn -0.4551 -0.4001 -0.7955
vn -0.4119 -0.8280 -0.3804
vn -0.7223 -0.6411 -0.2594
vn -0.4862 -0.6644 -0.5676
vn -0.3738 -0.8665 -0.3307
vn -0.4234 0.7086 -0.5644
vn -0.7155 0.4882 -0.4996
vn -0.8289 -0.4914 -0.2674
vn -0.7838 -0.5665 -0.2544
vn -0.4238 -0.7017 -0.5727
vn -0.7137 -0.4936 -0.4969
vn -0.8550 0.3467 -0.3857
vn -0.4883 0.6593 -0.5717
vn -0.4920 0.0119 -0.8705
vn -0.5712 0.8108 -0.1280
vn -0.7242 0.6384 -0.2606
vn -0.3751 0.8650 -0.3332
vn -0.2900 0.9476 -0.1339
vn -0.5129 0.8585 0.0002
vn -0.2691 0.9631 0.0000
vn -0.6018 0.7835 0.1549
vn -0.3011 0.9393 0.1642
vn -0.8071 0.4935 0.3241
vn -0.4574 0.7458 0.4843
vn -0.9177 -0.0440 0.3948
vn -0.6824 -0.0725 0.7274
vn -0.7820 -0.5400 0.3112
vn -0.4289 -0.7886 0.4406
vn -0.5970 -0.7880 0.1505
vn -0.3020 -0.9396 0.1608
vn -0.5152 -0.8571 0.0000
vn -0.2704 -0.9627 0.0000
vn -0.5712 -0.8108 -0.1280
vn -0.2900 -0.9476 -0.1339
vn 0.7359 -0.4870 -0.4703
vn 0.5101 0.6496 -0.5637
vn 0.5068 0.0118 -0.8620
vn 0.4379 -0.6973 -0.5674
vn 0.3985 0.8559 -0.3295
vn 0.3122 0.9407 -0.1323
vn 0.2912 0.9566 0.0001
vn 0.3234 0.9323 0.1620
vn 0.4810 0.7353 0.4775
vn 0.7025 -0.0704 0.7082
vn 0.4525 -0.7785 0.4349
vn 0.3244 -0.9325 0.1587
vn 0.2926 -0.9562 0.0000
vn 0.3122 -0.9407 -0.1323
vn 0.4377 0.7041 -0.5592
vn 0.8039 0.5481 -0.2309
vn 0.7378 0.4816 -0.4729
vn 0.8533 0.4601 -0.2454
vn 0.8718 -0.3369 -0.3556
vn 0.5081 -0.6546 -0.5597
vn 0.3972 -0.8574 -0.3270
vn -0.4133 0.8257 -0.3839
vn -0.4558 0.3633 -0.8126
vn -0.3087 -0.9361 -0.1686
vn -0.2644 -0.9644 0.0000
vn -0.3268 -0.9224 0.2058
vn -0.4427 -0.7395 0.5070
vn -0.4666 -0.0617 0.8823
vn -0.4549 0.6892 0.5639
vn -0.3334 0.9175 0.2165
vn -0.2631 0.9648 0.0002
vn -0.3087 0.9361 -0.1686
vn -0.5020 -0.7519 -0.4274
vn -0.4476 -0.6503 -0.6137
vn 0.4612 0.6218 -0.6330
vn 0.4686 -0.3963 -0.7895
vn 0.5199 0.7492 -0.4103
usemtl Porple
s 1
f 850/680/362 699/681/363 701/682/364 852/683/365
f 803/684/366 723/685/367 722/686/368 804/687/369
f 804/687/369 722/686/368 724/688/370 805/689/371
f 805/689/371 724/688/370 725/690/372 806/691/373
f 806/691/373 725/690/372 726/692/374 807/693/375
f 807/693/375 726/692/374 727/694/376 808/695/377
f 808/695/377 727/694/376 728/696/378 809/697/379
f 809/697/379 728/696/378 729/698/380 810/699/381
f 810/699/381 729/698/380 730/700/382 811/701/383
f 811/701/383 730/700/382 731/702/384 812/703/385
f 812/703/385 731/702/384 732/704/386 813/705/387
f 640/706/388 781/707/388 667/708/388 670/709/388 641/710/388 669/711/388 665/712/388 773/713/388 651/714/388 650/715/388 649/716/388 648/717/388 647/718/388 646/719/388 645/720/388 644/721/388 643/722/388 642/723/388
f 652/724/389 671/725/389 666/726/389 780/727/389 653/728/389 654/729/389 655/730/389 656/731/389 657/732/389 658/733/389 659/734/389 660/735/389 661/736/389 662/737/389 663/738/389 772/739/389 664/740/389 668/741/389
f 816/742/390 734/743/391 721/744/392 802/745/393
f 800/746/394 784/747/366 705/748/395 776/749/396
f 818/750/397 768/751/398 733/752/399 814/753/400
f 798/754/401 796/755/402 704/756/403 719/757/404
f 814/753/400 733/752/399 734/743/391 816/742/390
f 835/758/405 834/759/406 687/760/407 683/761/408
f 834/759/406 832/762/409 685/763/410 687/760/407
f 801/764/393 798/754/401 719/757/404 717/765/411
f 839/766/412 688/767/413 689/768/414 840/769/415
f 840/769/415 689/768/414 690/770/416 841/771/417
f 841/771/417 690/770/416 691/772/418 842/773/419
f 842/773/419 691/772/418 692/774/420 843/775/421
f 843/775/421 692/774/420 693/776/422 844/777/423
f 844/777/423 693/776/422 694/778/424 845/779/425
f 845/779/425 694/778/424 695/780/426 846/781/427
f 846/781/427 695/780/426 696/782/428 847/783/429
f 847/783/429 696/782/428 697/784/430 848/785/431
f 848/785/431 697/784/430 698/786/432 849/787/433
f 852/683/365 701/682/364 703/788/434 838/789/435
f 854/790/436 771/791/437 699/681/363 850/680/362
f 780/727/389 666/726/389 704/792/403 776/793/396
f 654/729/389 653/728/389 705/794/395 706/795/438
f 655/730/389 654/729/389 706/795/438 707/796/439
f 656/731/389 655/730/389 707/796/439 708/797/440
f 657/732/389 656/731/389 708/797/440 709/798/441
f 658/733/389 657/732/389 709/798/441 710/799/442
f 659/734/389 658/733/389 710/799/442 711/800/443
f 660/735/389 659/734/389 711/800/443 712/801/444
f 661/736/389 660/735/389 712/801/444 713/802/445
f 662/737/389 661/736/389 713/802/445 714/803/446
f 663/738/389 662/737/389 714/803/446 715/804/447
f 652/724/389 668/741/389 716/805/448 717/806/411
f 772/739/389 663/738/389 715/804/447 769/807/449
f 666/726/389 671/725/389 719/808/404 704/792/403
f 668/741/389 664/740/389 718/809/450 716/805/448
f 671/725/389 652/724/389 717/806/411 719/808/404
f 641/710/388 670/709/388 720/810/451 721/811/392
f 640/706/388 642/723/388 722/812/368 723/813/367
f 642/723/388 643/722/388 724/814/370 722/812/368
f 643/722/388 644/721/388 725/815/372 724/814/370
f 644/721/388 645/720/388 726/816/374 725/815/372
f 645/720/388 646/719/388 727/817/376 726/816/374
f 646/719/388 647/718/388 728/818/378 727/817/376
f 647/718/388 648/717/388 729/819/380 728/818/378
f 648/717/388 649/716/388 730/820/382 729/819/380
f 649/716/388 650/715/388 731/821/384 730/820/382
f 650/715/388 651/714/388 732/822/386 731/821/384
f 773/713/388 665/712/388 733/823/399 768/824/398
f 665/712/388 669/711/388 734/825/391 733/823/399
f 781/707/388 640/706/388 723/813/367 777/826/452
f 669/711/388 641/710/388 721/811/392 734/825/391
f 670/709/388 667/708/388 735/827/453 720/810/451
f 837/828/454 820/829/455 672/830/456 778/831/457
f 885/832/400 814/753/400 816/742/390 887/833/390
f 890/834/394 874/835/366 737/836/458 782/837/459
f 888/838/401 886/839/402 749/840/460 751/841/461
f 831/842/462 748/843/463 750/844/464 833/845/465
f 836/846/466 774/847/467 748/843/463 831/842/462
f 833/845/465 750/844/464 736/848/468 835/849/405
f 829/850/469 746/851/470 747/852/471 830/853/472
f 828/854/473 745/855/474 746/851/470 829/850/469
f 827/856/475 744/857/476 745/855/474 828/854/473
f 826/858/477 743/859/478 744/857/476 827/856/475
f 825/860/479 742/861/480 743/859/478 826/858/477
f 824/862/481 741/863/482 742/861/480 825/860/479
f 823/864/483 740/865/484 741/863/482 824/862/481
f 822/866/485 739/867/486 740/865/484 823/864/483
f 821/868/487 738/869/488 739/867/486 822/866/485
f 820/829/455 737/836/458 738/869/488 821/868/487
f 871/870/401 798/754/401 801/764/393 856/871/393
f 872/872/489 775/873/490 763/874/491 868/875/400
f 870/876/390 765/877/492 767/878/493 856/879/393
f 866/880/385 761/881/494 762/882/495 867/883/387
f 865/884/383 760/885/496 761/881/494 866/880/385
f 864/886/381 759/887/497 760/885/496 865/884/383
f 863/888/379 758/889/498 759/887/497 864/886/381
f 862/890/377 757/891/499 758/889/498 863/888/379
f 861/892/500 756/893/501 757/891/499 862/890/377
f 860/894/373 755/895/502 756/893/501 861/892/500
f 859/896/371 754/897/503 755/895/502 860/894/373
f 858/898/369 753/899/504 754/897/503 859/896/371
f 838/900/435 853/901/505 766/902/506 767/903/493
f 853/901/505 851/904/507 764/905/508 766/902/506
f 855/906/509 839/766/412 752/907/510 783/908/511
f 857/909/366 752/907/510 753/899/504 858/898/369
f 868/875/400 763/874/491 765/877/492 870/876/390
f 830/853/472 747/852/471 774/847/467 836/846/466
f 651/714/388 773/713/388 768/824/398 732/822/386
f 664/740/389 772/739/389 769/807/449 718/809/450
f 849/787/433 698/786/432 771/791/437 854/790/436
f 813/705/387 732/704/386 768/751/398 818/750/397
f 851/904/507 855/906/509 783/908/511 764/905/508
f 884/910/387 813/705/387 818/750/397 889/911/489
f 832/762/409 837/828/454 778/831/457 685/763/410
f 667/708/388 781/707/388 777/826/452 735/827/453
f 653/728/389 780/727/389 776/793/396 705/794/395
f 796/755/402 800/746/394 776/749/396 704/756/403
f 891/912/393 888/838/401 751/841/461 736/913/468
f 889/911/489 818/750/397 814/753/400 885/832/400
f 887/833/390 816/742/390 802/745/393 891/914/393
f 883/915/385 812/703/385 813/705/387 884/910/387
f 882/916/383 811/701/383 812/703/385 883/915/385
f 881/917/381 810/699/381 811/701/383 882/916/383
f 880/918/379 809/697/379 810/699/381 881/917/381
f 879/919/377 808/695/377 809/697/379 880/918/379
f 878/920/375 807/693/375 808/695/377 879/919/377
f 877/921/373 806/691/373 807/693/375 878/920/375
f 876/922/371 805/689/371 806/691/373 877/921/373
f 875/923/369 804/687/369 805/689/371 876/922/371
f 874/835/366 803/684/366 804/687/369 875/923/369
f 867/883/387 762/882/495 775/873/490 872/872/489
f 869/924/402 796/755/402 798/754/401 871/870/401
f 857/909/366 784/747/366 800/746/394 873/925/394
f 886/839/402 890/834/394 782/837/459 749/840/460
f 769/926/449 799/927/397 795/928/400 718/929/450
f 716/930/448 797/931/390 801/932/393 717/933/411
f 714/934/446 793/935/385 794/936/387 715/937/447
f 713/938/445 792/939/383 793/935/385 714/934/446
f 712/940/444 791/941/381 792/939/383 713/938/445
f 711/942/443 790/943/379 791/941/381 712/940/444
f 710/944/442 789/945/377 790/943/379 711/942/443
f 709/946/441 788/947/375 789/945/377 710/944/442
f 708/948/440 787/949/373 788/947/375 709/946/441
f 707/950/439 786/951/371 787/949/373 708/948/440
f 706/952/438 785/953/369 786/951/371 707/950/439
f 705/748/395 784/747/366 785/953/369 706/952/438
f 718/929/450 795/928/400 797/931/390 716/930/448
f 715/937/447 794/936/387 799/927/397 769/926/449
f 777/954/452 723/685/367 803/684/366 819/955/394
f 720/956/451 735/957/453 815/958/402 817/959/401
f 721/960/392 720/956/451 817/959/401 802/961/393
f 735/957/453 777/954/452 819/955/394 815/958/402
f 749/840/460 782/837/459 837/828/454 832/762/409
f 682/962/512 830/853/472 836/846/466 770/963/513
f 672/830/456 820/829/455 821/868/487 673/964/514
f 673/964/514 821/868/487 822/866/485 674/965/515
f 674/965/515 822/866/485 823/864/483 675/966/516
f 675/966/516 823/864/483 824/862/481 676/967/517
f 676/967/517 824/862/481 825/860/479 677/968/518
f 677/968/518 825/860/479 826/858/477 678/969/519
f 678/969/519 826/858/477 827/856/475 679/970/520
f 679/970/520 827/856/475 828/854/473 680/971/521
f 680/971/521 828/854/473 829/850/469 681/972/522
f 681/972/522 829/850/469 830/853/472 682/962/512
f 686/973/523 833/845/465 835/849/405 683/974/408
f 770/963/513 836/846/466 831/842/462 684/975/524
f 684/975/524 831/842/462 833/845/465 686/973/523
f 782/837/459 737/836/458 820/829/455 837/828/454
f 751/841/461 749/840/460 832/762/409 834/759/406
f 736/913/468 751/841/461 834/759/406 835/758/405
f 700/976/525 779/977/526 855/906/509 851/904/507
f 762/882/495 849/787/433 854/790/436 775/873/490
f 779/977/526 688/767/413 839/766/412 855/906/509
f 702/978/527 700/976/525 851/904/507 853/901/505
f 703/979/434 702/978/527 853/901/505 838/900/435
f 775/873/490 854/790/436 850/680/362 763/874/491
f 765/877/492 852/683/365 838/789/435 767/878/493
f 761/881/494 848/785/431 849/787/433 762/882/495
f 760/885/496 847/783/429 848/785/431 761/881/494
f 759/887/497 846/781/427 847/783/429 760/885/496
f 758/889/498 845/779/425 846/781/427 759/887/497
f 757/891/499 844/777/423 845/779/425 758/889/498
f 756/893/501 843/775/421 844/777/423 757/891/499
f 755/895/502 842/773/419 843/775/421 756/893/501
f 754/897/503 841/771/417 842/773/419 755/895/502
f 753/899/504 840/769/415 841/771/417 754/897/503
f 752/907/510 839/766/412 840/769/415 753/899/504
f 763/874/491 850/680/362 852/683/365 765/877/492
f 873/925/394 800/746/394 796/755/402 869/924/402
f 783/908/511 873/925/394 869/924/402 764/905/508
f 752/907/510 857/909/366 873/925/394 783/908/511
f 764/905/508 869/924/402 871/870/401 766/902/506
f 794/936/387 867/883/387 872/872/489 799/927/397
f 795/928/400 868/875/400 870/876/390 797/931/390
f 784/747/366 857/909/366 858/898/369 785/953/369
f 785/953/369 858/898/369 859/896/371 786/951/371
f 786/951/371 859/896/371 860/894/373 787/949/373
f 787/949/373 860/894/373 861/892/500 788/947/375
f 788/947/375 861/892/500 862/890/377 789/945/377
f 789/945/377 862/890/377 863/888/379 790/943/379
f 790/943/379 863/888/379 864/886/381 791/941/381
f 791/941/381 864/886/381 865/884/383 792/939/383
f 792/939/383 865/884/383 866/880/385 793/935/385
f 793/935/385 866/880/385 867/883/387 794/936/387
f 797/931/390 870/876/390 856/879/393 801/932/393
f 799/927/397 872/872/489 868/875/400 795/928/400
f 766/902/506 871/870/401 856/871/393 767/903/493
f 815/958/402 819/955/394 890/834/394 886/839/402
f 737/836/458 874/835/366 875/923/369 738/869/488
f 738/869/488 875/923/369 876/922/371 739/867/486
f 739/867/486 876/922/371 877/921/373 740/865/484
f 740/865/484 877/921/373 878/920/375 741/863/482
f 741/863/482 878/920/375 879/919/377 742/861/480
f 742/861/480 879/919/377 880/918/379 743/859/478
f 743/859/478 880/918/379 881/917/381 744/857/476
f 744/857/476 881/917/381 882/916/383 745/855/474
f 745/855/474 882/916/383 883/915/385 746/851/470
f 746/851/470 883/915/385 884/910/387 747/852/471
f 750/844/464 887/833/390 891/914/393 736/848/468
f 774/847/467 889/911/489 885/832/400 748/843/463
f 802/961/393 817/959/401 888/838/401 891/912/393
f 747/852/471 884/910/387 889/911/489 774/847/467
f 817/959/401 815/958/402 886/839/402 888/838/401
f 819/955/394 803/684/366 874/835/366 890/834/394
f 748/843/463 885/832/400 887/833/390 750/844/464
f 1102/980/528 1104/981/529 953/982/530 951/983/531
f 1055/984/366 1056/985/369 974/986/438 975/987/395
f 1056/985/369 1057/988/371 976/989/439 974/986/438
f 1057/988/371 1058/990/373 977/991/440 976/989/439
f 1058/990/373 1059/992/375 978/993/441 977/991/440
f 1059/992/375 1060/994/377 979/995/442 978/993/441
f 1060/994/377 1061/996/379 980/997/443 979/995/442
f 1061/996/379 1062/998/381 981/999/444 980/997/443
f 1062/998/381 1063/1000/383 982/1001/445 981/999/444
f 1063/1000/383 1064/1002/385 983/1003/446 982/1001/445
f 1064/1002/385 1065/1004/387 984/1005/447 983/1003/446
f 892/1006/389 894/1007/389 895/1008/389 896/1009/389 897/1010/389 898/1011/389 899/1012/389 900/1013/389 901/1014/389 902/1015/389 903/1016/389 1025/1017/389 917/1018/389 921/1019/389 893/1020/389 922/1021/389 919/1022/389 1033/1023/389
f 904/1024/388 920/1025/388 916/1026/388 1024/1027/388 915/1028/388 914/1029/388 913/1030/388 912/1031/388 911/1032/388 910/1033/388 909/1034/388 908/1035/388 907/1036/388 906/1037/388 905/1038/388 1032/1039/388 918/1040/388 923/1041/388
f 1068/1042/390 1054/1043/393 973/1044/411 986/1045/448
f 1052/1046/394 1028/1047/452 957/1048/367 1036/1049/366
f 1070/1050/397 1066/1051/400 985/1052/450 1020/1053/449
f 1050/1054/401 971/1055/451 956/1056/453 1048/1057/402
f 1066/1051/400 1068/1042/390 986/1045/448 985/1052/450
f 1087/1058/532 935/1059/533 939/1060/534 1086/1061/535
f 1086/1061/535 939/1060/534 937/1062/536 1084/1063/537
f 1053/1064/393 969/1065/392 971/1055/451 1050/1054/401
f 1091/1066/538 1092/1067/539 941/1068/540 940/1069/541
f 1092/1067/539 1093/1070/542 942/1071/543 941/1068/540
f 1093/1070/542 1094/1072/544 943/1073/545 942/1071/543
f 1094/1072/544 1095/1074/546 944/1075/547 943/1073/545
f 1095/1074/546 1096/1076/548 945/1077/549 944/1075/547
f 1096/1076/548 1097/1078/550 946/1079/551 945/1077/549
f 1097/1078/550 1098/1080/552 947/1081/553 946/1079/551
f 1098/1080/552 1099/1082/554 948/1083/555 947/1081/553
f 1099/1082/554 1100/1084/556 949/1085/557 948/1083/555
f 1100/1084/556 1101/1086/558 950/1087/559 949/1085/557
f 1104/981/529 1090/1088/560 955/1089/561 953/982/530
f 1106/1090/562 1102/980/528 951/983/531 1023/1091/563
f 1032/1039/388 1028/1092/452 956/1093/453 918/1040/388
f 906/1037/388 958/1094/368 957/1095/367 905/1038/388
f 907/1036/388 959/1096/370 958/1094/368 906/1037/388
f 908/1035/388 960/1097/372 959/1096/370 907/1036/388
f 909/1034/388 961/1098/374 960/1097/372 908/1035/388
f 910/1033/388 962/1099/376 961/1098/374 909/1034/388
f 911/1032/388 963/1100/378 962/1099/376 910/1033/388
f 912/1031/388 964/1101/380 963/1100/378 911/1032/388
f 913/1030/388 965/1102/382 964/1101/380 912/1031/388
f 914/1029/388 966/1103/384 965/1102/382 913/1030/388
f 915/1028/388 967/1104/386 966/1103/384 914/1029/388
f 904/1024/388 969/1105/392 968/1106/391 920/1025/388
f 1024/1027/388 1021/1107/398 967/1104/386 915/1028/388
f 918/1040/388 956/1093/453 971/1108/451 923/1041/388
f 920/1025/388 968/1106/391 970/1109/399 916/1026/388
f 923/1041/388 971/1108/451 969/1105/392 904/1024/388
f 893/1020/389 973/1110/411 972/1111/404 922/1021/389
f 892/1006/389 975/1112/395 974/1113/438 894/1007/389
f 894/1007/389 974/1113/438 976/1114/439 895/1008/389
f 895/1008/389 976/1114/439 977/1115/440 896/1009/389
f 896/1009/389 977/1115/440 978/1116/441 897/1010/389
f 897/1010/389 978/1116/441 979/1117/442 898/1011/389
f 898/1011/389 979/1117/442 980/1118/443 899/1012/389
f 899/1012/389 980/1118/443 981/1119/444 900/1013/389
f 900/1013/389 981/1119/444 982/1120/445 901/1014/389
f 901/1014/389 982/1120/445 983/1121/446 902/1015/389
f 902/1015/389 983/1121/446 984/1122/447 903/1016/389
f 1025/1017/389 1020/1123/449 985/1124/450 917/1018/389
f 917/1018/389 985/1124/450 986/1125/448 921/1019/389
f 1033/1023/389 1029/1126/396 975/1112/395 892/1006/389
f 921/1019/389 986/1125/448 973/1110/411 893/1020/389
f 922/1021/389 972/1111/404 987/1127/403 919/1022/389
f 1089/1128/564 1030/1129/565 924/1130/566 1072/1131/567
f 1137/1132/400 1139/1133/390 1068/1042/390 1066/1051/400
f 1142/1134/394 1034/1135/568 989/1136/569 1126/1137/366
f 1140/1138/401 1003/1139/570 1001/1140/571 1138/1141/402
f 1083/1142/572 1085/1143/573 1002/1144/574 1000/1145/575
f 1088/1146/576 1083/1142/572 1000/1145/575 1026/1147/577
f 1085/1143/573 1087/1148/532 988/1149/578 1002/1144/574
f 1081/1150/579 1082/1151/580 999/1152/581 998/1153/582
f 1080/1154/583 1081/1150/579 998/1153/582 997/1155/584
f 1079/1156/585 1080/1154/583 997/1155/584 996/1157/586
f 1078/1158/587 1079/1156/585 996/1157/586 995/1159/588
f 1077/1160/589 1078/1158/587 995/1159/588 994/1161/590
f 1076/1162/591 1077/1160/589 994/1161/590 993/1163/592
f 1075/1164/593 1076/1162/591 993/1163/592 992/1165/594
f 1074/1166/595 1075/1164/593 992/1165/594 991/1167/596
f 1073/1168/597 1074/1166/595 991/1167/596 990/1169/598
f 1072/1131/567 1073/1168/597 990/1169/598 989/1136/569
f 1123/1170/401 1108/1171/393 1053/1064/393 1050/1054/401
f 1124/1172/397 1120/1173/400 1015/1174/599 1027/1175/600
f 1122/1176/390 1108/1177/393 1019/1178/601 1017/1179/602
f 1118/1180/385 1119/1181/387 1014/1182/603 1013/1183/604
f 1117/1184/383 1118/1180/385 1013/1183/604 1012/1185/605
f 1116/1186/381 1117/1184/383 1012/1185/605 1011/1187/606
f 1115/1188/379 1116/1186/381 1011/1187/606 1010/1189/607
f 1114/1190/377 1115/1188/379 1010/1189/607 1009/1191/608
f 1113/1192/375 1114/1190/377 1009/1191/608 1008/1193/609
f 1112/1194/373 1113/1192/375 1008/1193/609 1007/1195/610
f 1111/1196/371 1112/1194/373 1007/1195/610 1006/1197/611
f 1110/1198/369 1111/1196/371 1006/1197/611 1005/1199/612
f 1090/1200/560 1019/1201/601 1018/1202/613 1105/1203/614
f 1105/1203/614 1018/1202/613 1016/1204/615 1103/1205/616
f 1107/1206/617 1035/1207/618 1004/1208/619 1091/1066/538
f 1109/1209/366 1110/1198/369 1005/1199/612 1004/1208/619
f 1120/1173/400 1122/1176/390 1017/1179/602 1015/1174/599
f 1082/1151/580 1088/1146/576 1026/1147/577 999/1152/581
f 903/1016/389 984/1122/447 1020/1123/449 1025/1017/389
f 916/1026/388 970/1109/399 1021/1107/398 1024/1027/388
f 1101/1086/558 1106/1090/562 1023/1091/563 950/1087/559
f 1065/1004/387 1070/1050/397 1020/1053/449 984/1005/447
f 1103/1205/616 1016/1204/615 1035/1207/618 1107/1206/617
f 1136/1210/387 1141/1211/397 1070/1050/397 1065/1004/387
f 1084/1063/537 937/1062/536 1030/1129/565 1089/1128/564
f 919/1022/389 987/1127/403 1029/1126/396 1033/1023/389
f 905/1038/388 957/1095/367 1028/1092/452 1032/1039/388
f 1048/1057/402 956/1056/453 1028/1047/452 1052/1046/394
f 1143/1212/393 988/1213/578 1003/1139/570 1140/1138/401
f 1141/1211/397 1137/1132/400 1066/1051/400 1070/1050/397
f 1139/1133/390 1143/1214/393 1054/1043/393 1068/1042/390
f 1135/1215/385 1136/1210/387 1065/1004/387 1064/1002/385
f 1134/1216/383 1135/1215/385 1064/1002/385 1063/1000/383
f 1133/1217/381 1134/1216/383 1063/1000/383 1062/998/381
f 1132/1218/379 1133/1217/381 1062/998/381 1061/996/379
f 1131/1219/377 1132/1218/379 1061/996/379 1060/994/377
f 1130/1220/375 1131/1219/377 1060/994/377 1059/992/375
f 1129/1221/373 1130/1220/375 1059/992/375 1058/990/373
f 1128/1222/371 1129/1221/373 1058/990/373 1057/988/371
f 1127/1223/369 1128/1222/371 1057/988/371 1056/985/369
f 1126/1137/366 1127/1223/369 1056/985/369 1055/984/366
f 1119/1181/387 1124/1172/397 1027/1175/600 1014/1182/603
f 1121/1224/402 1123/1170/401 1050/1054/401 1048/1057/402
f 1109/1209/366 1125/1225/394 1052/1046/394 1036/1049/366
f 1138/1141/402 1001/1140/571 1034/1135/568 1142/1134/394
f 1021/1226/398 970/1227/399 1047/1228/400 1051/1229/397
f 968/1230/391 969/1231/392 1053/1232/393 1049/1233/390
f 966/1234/384 967/1235/386 1046/1236/387 1045/1237/385
f 965/1238/382 966/1234/384 1045/1237/385 1044/1239/383
f 964/1240/380 965/1238/382 1044/1239/383 1043/1241/381
f 963/1242/378 964/1240/380 1043/1241/381 1042/1243/379
f 962/1244/376 963/1242/378 1042/1243/379 1041/1245/377
f 961/1246/374 962/1244/376 1041/1245/377 1040/1247/375
f 960/1248/372 961/1246/374 1040/1247/375 1039/1249/373
f 959/1250/370 960/1248/372 1039/1249/373 1038/1251/371
f 958/1252/368 959/1250/370 1038/1251/371 1037/1253/369
f 957/1048/367 958/1252/368 1037/1253/369 1036/1049/366
f 970/1227/399 968/1230/391 1049/1233/390 1047/1228/400
f 967/1235/386 1021/1226/398 1051/1229/397 1046/1236/387
f 1029/1254/396 1071/1255/394 1055/984/366 975/987/395
f 972/1256/404 1069/1257/401 1067/1258/402 987/1259/403
f 973/1260/411 1054/1261/393 1069/1257/401 972/1256/404
f 987/1259/403 1067/1258/402 1071/1255/394 1029/1254/396
f 1001/1140/571 1084/1063/537 1089/1128/564 1034/1135/568
f 934/1262/620 1022/1263/621 1088/1146/576 1082/1151/580
f 924/1130/566 925/1264/622 1073/1168/597 1072/1131/567
f 925/1264/622 926/1265/623 1074/1166/595 1073/1168/597
f 926/1265/623 927/1266/624 1075/1164/593 1074/1166/595
f 927/1266/624 928/1267/625 1076/1162/591 1075/1164/593
f 928/1267/625 929/1268/626 1077/1160/589 1076/1162/591
f 929/1268/626 930/1269/627 1078/1158/587 1077/1160/589
f 930/1269/627 931/1270/628 1079/1156/585 1078/1158/587
f 931/1270/628 932/1271/629 1080/1154/583 1079/1156/585
f 932/1271/629 933/1272/630 1081/1150/579 1080/1154/583
f 933/1272/630 934/1262/620 1082/1151/580 1081/1150/579
f 938/1273/631 935/1274/533 1087/1148/532 1085/1143/573
f 1022/1263/621 936/1275/632 1083/1142/572 1088/1146/576
f 936/1275/632 938/1273/631 1085/1143/573 1083/1142/572
f 1034/1135/568 1089/1128/564 1072/1131/567 989/1136/569
f 1003/1139/570 1086/1061/535 1084/1063/537 1001/1140/571
f 988/1213/578 1087/1058/532 1086/1061/535 1003/1139/570
f 952/1276/633 1103/1205/616 1107/1206/617 1031/1277/634
f 1014/1182/603 1027/1175/600 1106/1090/562 1101/1086/558
f 1031/1277/634 1107/1206/617 1091/1066/538 940/1069/541
f 954/1278/635 1105/1203/614 1103/1205/616 952/1276/633
f 955/1279/561 1090/1200/560 1105/1203/614 954/1278/635
f 1027/1175/600 1015/1174/599 1102/980/528 1106/1090/562
f 1017/1179/602 1019/1178/601 1090/1088/560 1104/981/529
f 1013/1183/604 1014/1182/603 1101/1086/558 1100/1084/556
f 1012/1185/605 1013/1183/604 1100/1084/556 1099/1082/554
f 1011/1187/606 1012/1185/605 1099/1082/554 1098/1080/552
f 1010/1189/607 1011/1187/606 1098/1080/552 1097/1078/550
f 1009/1191/608 1010/1189/607 1097/1078/550 1096/1076/548
f 1008/1193/609 1009/1191/608 1096/1076/548 1095/1074/546
f 1007/1195/610 1008/1193/609 1095/1074/546 1094/1072/544
f 1006/1197/611 1007/1195/610 1094/1072/544 1093/1070/542
f 1005/1199/612 1006/1197/611 1093/1070/542 1092/1067/539
f 1004/1208/619 1005/1199/612 1092/1067/539 1091/1066/538
f 1015/1174/599 1017/1179/602 1104/981/529 1102/980/528
f 1125/1225/394 1121/1224/402 1048/1057/402 1052/1046/394
f 1035/1207/618 1016/1204/615 1121/1224/402 1125/1225/394
f 1004/1208/619 1035/1207/618 1125/1225/394 1109/1209/366
f 1016/1204/615 1018/1202/613 1123/1170/401 1121/1224/402
f 1046/1236/387 1051/1229/397 1124/1172/397 1119/1181/387
f 1047/1228/400 1049/1233/390 1122/1176/390 1120/1173/400
f 1036/1049/366 1037/1253/369 1110/1198/369 1109/1209/366
f 1037/1253/369 1038/1251/371 1111/1196/371 1110/1198/369
f 1038/1251/371 1039/1249/373 1112/1194/373 1111/1196/371
f 1039/1249/373 1040/1247/375 1113/1192/375 1112/1194/373
f 1040/1247/375 1041/1245/377 1114/1190/377 1113/1192/375
f 1041/1245/377 1042/1243/379 1115/1188/379 1114/1190/377
f 1042/1243/379 1043/1241/381 1116/1186/381 1115/1188/379
f 1043/1241/381 1044/1239/383 1117/1184/383 1116/1186/381
f 1044/1239/383 1045/1237/385 1118/1180/385 1117/1184/383
f 1045/1237/385 1046/1236/387 1119/1181/387 1118/1180/385
f 1049/1233/390 1053/1232/393 1108/1177/393 1122/1176/390
f 1051/1229/397 1047/1228/400 1120/1173/400 1124/1172/397
f 1018/1202/613 1019/1201/601 1108/1171/393 1123/1170/401
f 1067/1258/402 1138/1141/402 1142/1134/394 1071/1255/394
f 989/1136/569 990/1169/598 1127/1223/369 1126/1137/366
f 990/1169/598 991/1167/596 1128/1222/371 1127/1223/369
f 991/1167/596 992/1165/594 1129/1221/373 1128/1222/371
f 992/1165/594 993/1163/592 1130/1220/375 1129/1221/373
f 993/1163/592 994/1161/590 1131/1219/377 1130/1220/375
f 994/1161/590 995/1159/588 1132/1218/379 1131/1219/377
f 995/1159/588 996/1157/586 1133/1217/381 1132/1218/379
f 996/1157/586 997/1155/584 1134/1216/383 1133/1217/381
f 997/1155/584 998/1153/582 1135/1215/385 1134/1216/383
f 998/1153/582 999/1152/581 1136/1210/387 1135/1215/385
f 1002/1144/574 988/1149/578 1143/1214/393 1139/1133/390
f 1026/1147/577 1000/1145/575 1137/1132/400 1141/1211/397
f 1054/1261/393 1143/1212/393 1140/1138/401 1069/1257/401
f 999/1152/581 1026/1147/577 1141/1211/397 1136/1210/387
f 1069/1257/401 1140/1138/401 1138/1141/402 1067/1258/402
f 1071/1255/394 1142/1134/394 1126/1137/366 1055/984/366
f 1000/1145/575 1002/1144/574 1139/1133/390 1137/1132/400
usemtl DarkPorple
f 699/681/363 684/975/524 686/973/523 701/682/364
f 771/791/437 770/963/513 684/975/524 699/681/363
f 701/682/364 686/973/523 683/974/408 703/788/434
f 697/784/430 681/972/522 682/962/512 698/786/432
f 696/782/428 680/971/521 681/972/522 697/784/430
f 695/780/426 679/970/520 680/971/521 696/782/428
f 694/778/424 678/969/519 679/970/520 695/780/426
f 693/776/422 677/968/518 678/969/519 694/778/424
f 692/774/420 676/967/517 677/968/518 693/776/422
f 691/772/418 675/966/516 676/967/517 692/774/420
f 690/770/416 674/965/515 675/966/516 691/772/418
f 689/768/414 673/964/514 674/965/515 690/770/416
f 688/767/413 672/830/456 673/964/514 689/768/414
f 683/761/408 687/760/407 702/978/527 703/979/434
f 687/760/407 685/763/410 700/976/525 702/978/527
f 778/831/457 672/830/456 688/767/413 779/977/526
f 698/786/432 682/962/512 770/963/513 771/791/437
f 685/763/410 778/831/457 779/977/526 700/976/525
f 951/983/531 953/982/530 938/1273/631 936/1275/632
f 1023/1091/563 951/983/531 936/1275/632 1022/1263/621
f 953/982/530 955/1089/561 935/1274/533 938/1273/631
f 949/1085/557 950/1087/559 934/1262/620 933/1272/630
f 948/1083/555 949/1085/557 933/1272/630 932/1271/629
f 947/1081/553 948/1083/555 932/1271/629 931/1270/628
f 946/1079/551 947/1081/553 931/1270/628 930/1269/627
f 945/1077/549 946/1079/551 930/1269/627 929/1268/626
f 944/1075/547 945/1077/549 929/1268/626 928/1267/625
f 943/1073/545 944/1075/547 928/1267/625 927/1266/624
f 942/1071/543 943/1073/545 927/1266/624 926/1265/623
f 941/1068/540 942/1071/543 926/1265/623 925/1264/622
f 940/1069/541 941/1068/540 925/1264/622 924/1130/566
f 935/1059/533 955/1279/561 954/1278/635 939/1060/534
f 939/1060/534 954/1278/635 952/1276/633 937/1062/536
f 1030/1129/565 1031/1277/634 940/1069/541 924/1130/566
f 950/1087/559 1023/1091/563 1022/1263/621 934/1262/620
f 937/1062/536 952/1276/633 1031/1277/634 1030/1129/565
o Cube.002_Cube.003
v -3.236958 0.238923 1.011248
v -3.267314 0.376988 1.001721
v -2.863360 0.179391 0.937370
v -2.850837 0.310623 0.919363
v -2.453035 0.114006 0.608508
v -2.447233 0.246309 0.595889
v -2.589352 0.135728 1.419912
v -2.571050 0.266039 1.441090
v -2.157224 0.066869 0.049150
v -2.207538 0.208114 1.315570
v -2.154472 0.199658 0.042298
v -2.230082 0.078479 1.295856
v -1.927786 0.030309 -0.916924
v -1.842684 0.149976 1.367715
v -1.891081 0.157688 -1.071066
v -1.882848 0.023148 1.345483
v -2.464037 0.248987 0.581659
v -2.860061 0.312093 0.899060
v -3.324889 0.386162 0.990979
v -2.174715 0.202884 0.034571
v -2.573758 0.266471 1.464971
v -2.205464 0.207784 1.337800
v -1.873038 0.154812 -1.244881
v -1.820741 0.146479 1.392785
v -3.345593 0.256234 0.990979
v -2.880765 0.182164 0.899060
v -2.594462 0.136542 1.464971
v -2.484741 0.119059 0.581659
v -2.226168 0.077855 1.337800
v -2.195418 0.072956 0.034571
v -1.841445 0.016551 1.392785
v -1.893742 0.024884 -1.244881
v -2.897808 0.251494 0.838762
v -3.399702 0.331470 0.978951
v -2.591587 0.202698 1.530911
v -2.524670 0.192035 0.539081
v -2.246399 0.147693 0.011159
v -2.209650 0.141837 1.403878
v -1.876538 0.088756 -1.310890
v -1.787617 0.074587 1.442455
v -1.835298 0.023178 1.398457
v -1.891777 0.032178 -1.252419
v -2.224282 0.085162 1.345346
v -2.201241 0.081490 0.031897
v -2.489300 0.127392 0.576797
v -2.594133 0.144097 1.472501
v -3.351772 0.264826 0.989605
v -2.882711 0.190082 0.892174
v -2.865920 0.302688 0.889702
v -3.336500 0.377674 0.989112
v -2.576525 0.256574 1.475205
v -2.473447 0.240148 0.575051
v -2.185840 0.194319 0.030938
v -2.206114 0.197549 1.348055
v -1.873581 0.144561 -1.255126
v -1.815600 0.135322 1.400493
v -3.335356 0.254603 0.997439
v -3.333813 0.261964 1.001052
v -3.379181 0.328200 0.992968
v -3.311333 0.384002 0.999533
v -3.316570 0.374499 1.001860
v -3.333889 0.261976 0.985891
v -3.375564 0.327623 0.972209
v -3.309701 0.373404 0.983451
v -3.309195 0.383661 0.987875
v -3.333419 0.254294 0.988571
v -2.893753 0.258004 0.845239
v -3.391665 0.337345 0.980244
v -2.589672 0.209549 1.523827
v -2.518157 0.198153 0.543655
v -2.238699 0.153622 0.013674
v -2.209200 0.148921 1.396780
v -1.876162 0.095852 -1.303799
v -1.791175 0.082310 1.437119
v -3.371219 0.334087 0.994099
v -3.367188 0.333445 0.973639
v -1.792166 0.069682 1.438257
v -1.877992 0.083359 -1.305312
v -2.211046 0.136430 1.398294
v -2.242091 0.141377 0.013138
v -2.521296 0.185868 0.542679
v -2.591830 0.197107 1.525338
v -3.395129 0.325112 0.979968
v -2.896368 0.245635 0.843858
v -3.374853 0.321881 0.993739
v -3.371588 0.321360 0.973514
v -2.598483 0.210953 1.517855
v -2.599073 0.198262 1.520421
v -2.602186 0.145380 1.467369
v -2.599421 0.203946 1.525560
v -2.603694 0.138014 1.459145
v -2.582587 0.267878 1.459400
v -2.584640 0.257867 1.470014
v -2.564725 0.265031 1.461852
v -2.585063 0.135045 1.461726
v -2.582737 0.195659 1.522305
v -2.583996 0.142482 1.469016
v -2.581921 0.201158 1.527696
v -2.580442 0.208078 1.520745
v -2.566470 0.254971 1.471753
v 3.236958 0.238923 1.011248
v 3.267313 0.376988 1.001721
v 2.863359 0.179391 0.937370
v 2.850836 0.310623 0.919363
v 2.453034 0.114006 0.608508
v 2.447232 0.246310 0.595889
v 2.589352 0.135728 1.419912
v 2.571049 0.266039 1.441090
v 2.157223 0.066869 0.049150
v 2.207538 0.208115 1.315570
v 2.154471 0.199658 0.042298
v 2.230082 0.078479 1.295856
v 1.927786 0.030309 -0.916924
v 1.842684 0.149976 1.367715
v 1.891081 0.157688 -1.071067
v 1.882847 0.023148 1.345483
v 2.464036 0.248987 0.581659
v 2.860061 0.312093 0.899060
v 3.324889 0.386163 0.990979
v 2.174714 0.202884 0.034571
v 2.573757 0.266471 1.464971
v 2.205463 0.207784 1.337800
v 1.873038 0.154813 -1.244882
v 1.820741 0.146479 1.392785
v 3.345593 0.256234 0.990979
v 2.880764 0.182165 0.899060
v 2.594461 0.136542 1.464971
v 2.484740 0.119059 0.581659
v 2.226168 0.077856 1.337800
v 2.195418 0.072956 0.034571
v 1.841445 0.016551 1.392785
v 1.893742 0.024884 -1.244882
v 2.897808 0.251494 0.838762
v 3.399702 0.331470 0.978952
v 2.591587 0.202698 1.530911
v 2.524670 0.192035 0.539081
v 2.246399 0.147693 0.011159
v 2.209650 0.141837 1.403878
v 1.876537 0.088756 -1.310891
v 1.787616 0.074587 1.442455
v 1.835298 0.023178 1.398457
v 1.891777 0.032178 -1.252420
v 2.224281 0.085162 1.345346
v 2.201240 0.081491 0.031897
v 2.489300 0.127392 0.576797
v 2.594133 0.144097 1.472502
v 3.351772 0.264826 0.989605
v 2.882711 0.190082 0.892174
v 2.865919 0.302688 0.889702
v 3.336500 0.377674 0.989112
v 2.576524 0.256574 1.475205
v 2.473446 0.240148 0.575051
v 2.185839 0.194319 0.030937
v 2.206113 0.197549 1.348055
v 1.873581 0.144561 -1.255126
v 1.815600 0.135322 1.400493
v 3.335356 0.254603 0.997439
v 3.333812 0.261964 1.001052
v 3.379180 0.328200 0.992968
v 3.311332 0.384002 0.999534
v 3.316570 0.374499 1.001860
v 3.333889 0.261976 0.985891
v 3.375563 0.327624 0.972209
v 3.309700 0.373404 0.983451
v 3.309194 0.383662 0.987875
v 3.333419 0.254294 0.988571
v 2.893753 0.258004 0.845239
v 3.391665 0.337345 0.980244
v 2.589672 0.209549 1.523827
v 2.518156 0.198153 0.543655
v 2.238698 0.153622 0.013674
v 2.209200 0.148922 1.396780
v 1.876162 0.095852 -1.303800
v 1.791175 0.082310 1.437119
v 3.371218 0.334087 0.994099
v 3.367188 0.333445 0.973639
v 1.792165 0.069682 1.438258
v 1.877991 0.083359 -1.305312
v 2.211045 0.136430 1.398294
v 2.242091 0.141377 0.013138
v 2.521296 0.185868 0.542679
v 2.591829 0.197108 1.525338
v 3.395129 0.325112 0.979968
v 2.896368 0.245635 0.843858
v 3.374852 0.321881 0.993739
v 3.371587 0.321361 0.973514
v 2.598483 0.210953 1.517855
v 2.599072 0.198262 1.520421
v 2.602185 0.145381 1.467369
v 2.599420 0.203946 1.525560
v 2.603693 0.138014 1.459145
v 2.582586 0.267878 1.459400
v 2.584639 0.257867 1.470014
v 2.564724 0.265032 1.461852
v 2.585062 0.135045 1.461726
v 2.582737 0.195659 1.522305
v 2.583995 0.142482 1.469016
v 2.581921 0.201158 1.527696
v 2.580442 0.208078 1.520746
v 2.566470 0.254972 1.471753
vt 0.605600 0.412298
vt 0.605600 0.500000
vt 0.625000 0.500000
vt 0.625000 0.412298
vt 0.605600 0.735763
vt 0.625000 0.741559
vt 0.277070 0.521097
vt 0.287412 0.737182
vt 0.368356 0.720978
vt 0.359098 0.548124
vt 0.588875 0.301192
vt 0.625000 0.284467
vt 0.840533 0.750000
vt 0.804408 0.766725
vt 0.634056 0.527409
vt 0.628465 0.734449
vt 0.712642 0.743207
vt 0.718153 0.511313
vt 0.201309 0.518377
vt 0.207583 0.741781
vt 0.605600 0.750000
vt 0.605600 0.752300
vt 0.625000 0.751583
vt 0.625000 0.750000
vt 0.605600 0.331963
vt 0.625000 0.331963
vt 0.605600 0.284467
vt 0.165334 0.515676
vt 0.164530 0.745168
vt 0.792709 0.745653
vt 0.796039 0.509839
vt 0.605600 0.837702
vt 0.605600 0.839883
vt 0.625000 0.839673
vt 0.625000 0.837702
vt 0.837851 0.747470
vt 0.837423 0.508300
vt 0.605600 0.918037
vt 0.605600 0.965533
vt 0.625000 0.965533
vt 0.625000 0.918037
vt 0.712702 0.500000
vt 0.793037 0.500000
vt 0.626583 0.750000
vt 0.712702 0.750000
vt 0.714673 0.750000
vt 0.840533 0.500000
vt 0.793037 0.750000
vt 0.375000 0.743452
vt 0.375000 0.500000
vt 0.287298 0.750000
vt 0.288376 0.750000
vt 0.287298 0.500000
vt 0.206963 0.750000
vt 0.285248 0.750000
vt 0.206963 0.500000
vt 0.159467 0.750000
vt 0.159467 0.500000
vt 0.375000 0.412298
vt 0.389275 0.500000
vt 0.389275 0.412298
vt 0.489437 0.918037
vt 0.489437 0.965533
vt 0.500000 0.965533
vt 0.500000 0.918037
vt 0.489436 0.837702
vt 0.489436 0.839620
vt 0.500000 0.839735
vt 0.500000 0.837702
vt 0.489437 0.284467
vt 0.489437 0.331963
vt 0.500000 0.331963
vt 0.500000 0.284467
vt 0.489437 0.412298
vt 0.500000 0.412298
vt 0.489437 0.750000
vt 0.489437 0.752213
vt 0.500000 0.752227
vt 0.500000 0.750000
vt 0.372563 0.401341
vt 0.392234 0.392234
vt 0.607766 0.857766
vt 0.588096 0.866874
vt 0.489436 0.500000
vt 0.489437 0.738214
vt 0.500000 0.737976
vt 0.500000 0.500000
vt 0.375000 0.918037
vt 0.375000 0.965533
vt 0.389275 0.965533
vt 0.389275 0.918037
vt 0.375000 0.837702
vt 0.375000 0.839752
vt 0.389275 0.839904
vt 0.389275 0.837702
vt 0.375000 0.284467
vt 0.375000 0.331963
vt 0.389275 0.331963
vt 0.389275 0.284467
vt 0.375000 0.750000
vt 0.375000 0.751195
vt 0.389275 0.752079
vt 0.389275 0.750000
vt 0.186049 0.487693
vt 0.401582 0.953226
vt 0.389275 0.740469
vt 0.373805 0.750000
vt 0.711671 0.750000
vt 0.489436 0.836911
vt 0.500000 0.836852
vt 0.375000 0.836624
vt 0.389275 0.836770
vt 0.605600 0.836766
vt 0.625000 0.836671
vt 0.513428 0.750000
vt 0.513428 0.737695
vt 0.513428 0.836739
vt 0.513428 0.752236
vt 0.513428 0.965533
vt 0.513428 0.918037
vt 0.513428 0.500000
vt 0.513428 0.412298
vt 0.417238 0.380657
vt 0.632771 0.846190
vt 0.513428 0.331963
vt 0.513428 0.284467
vt 0.513428 0.839651
vt 0.513428 0.837702
vt 0.605600 0.412298
vt 0.625000 0.412298
vt 0.625000 0.500000
vt 0.605600 0.500000
vt 0.625000 0.741559
vt 0.605600 0.735763
vt 0.277070 0.521097
vt 0.359098 0.548124
vt 0.368356 0.720978
vt 0.287412 0.737182
vt 0.588875 0.301192
vt 0.804408 0.766725
vt 0.840533 0.750000
vt 0.625000 0.284467
vt 0.634056 0.527409
vt 0.718153 0.511313
vt 0.712642 0.743207
vt 0.628465 0.734449
vt 0.201309 0.518377
vt 0.207583 0.741781
vt 0.605600 0.750000
vt 0.625000 0.750000
vt 0.625000 0.751583
vt 0.605600 0.752300
vt 0.605600 0.331963
vt 0.625000 0.331963
vt 0.605600 0.284467
vt 0.165334 0.515676
vt 0.164530 0.745168
vt 0.796039 0.509839
vt 0.792709 0.745653
vt 0.605600 0.837702
vt 0.625000 0.837702
vt 0.625000 0.839673
vt 0.605600 0.839883
vt 0.837423 0.508300
vt 0.837851 0.747470
vt 0.605600 0.918037
vt 0.625000 0.918037
vt 0.625000 0.965533
vt 0.605600 0.965533
vt 0.712702 0.500000
vt 0.793037 0.500000
vt 0.626583 0.750000
vt 0.714673 0.750000
vt 0.712702 0.750000
vt 0.840533 0.500000
vt 0.793037 0.750000
vt 0.375000 0.500000
vt 0.375000 0.743452
vt 0.288376 0.750000
vt 0.287298 0.750000
vt 0.287298 0.500000
vt 0.285248 0.750000
vt 0.206963 0.750000
vt 0.206963 0.500000
vt 0.159467 0.750000
vt 0.159467 0.500000
vt 0.375000 0.412298
vt 0.389275 0.412298
vt 0.389275 0.500000
vt 0.489437 0.918037
vt 0.500000 0.918037
vt 0.500000 0.965533
vt 0.489437 0.965533
vt 0.489436 0.837702
vt 0.500000 0.837702
vt 0.500000 0.839735
vt 0.489436 0.839620
vt 0.489437 0.284467
vt 0.500000 0.284467
vt 0.500000 0.331963
vt 0.489437 0.331963
vt 0.500000 0.412298
vt 0.489437 0.412298
vt 0.489437 0.750000
vt 0.500000 0.750000
vt 0.500000 0.752227
vt 0.489437 0.752213
vt 0.372563 0.401341
vt 0.588096 0.866874
vt 0.607766 0.857766
vt 0.392234 0.392234
vt 0.489436 0.500000
vt 0.500000 0.500000
vt 0.500000 0.737976
vt 0.489437 0.738214
vt 0.375000 0.918037
vt 0.389275 0.918037
vt 0.389275 0.965533
vt 0.375000 0.965533
vt 0.375000 0.837702
vt 0.389275 0.837702
vt 0.389275 0.839904
vt 0.375000 0.839752
vt 0.375000 0.284467
vt 0.389275 0.284467
vt 0.389275 0.331963
vt 0.375000 0.331963
vt 0.375000 0.750000
vt 0.389275 0.750000
vt 0.389275 0.752079
vt 0.375000 0.751195
vt 0.401582 0.953226
vt 0.186049 0.487693
vt 0.389275 0.740469
vt 0.373805 0.750000
vt 0.711671 0.750000
vt 0.500000 0.836852
vt 0.489436 0.836911
vt 0.389275 0.836770
vt 0.375000 0.836624
vt 0.625000 0.836671
vt 0.605600 0.836766
vt 0.513428 0.737695
vt 0.513428 0.750000
vt 0.513428 0.752236
vt 0.513428 0.836739
vt 0.513428 0.918037
vt 0.513428 0.965533
vt 0.513428 0.412298
vt 0.513428 0.500000
vt 0.632771 0.846190
vt 0.417238 0.380657
vt 0.513428 0.331963
vt 0.513428 0.284467
vt 0.513428 0.837702
vt 0.513428 0.839651
vn -0.4210 0.7867 -0.4514
vn -0.2081 0.6914 -0.6918
vn 0.0020 0.9438 -0.3304
vn -0.1066 0.9705 -0.2159
vn -0.1032 0.5300 -0.8417
vn 0.0326 0.8605 -0.5084
vn -0.1574 -0.9875 0.0000
vn 0.2517 0.9304 -0.2663
vn 0.2386 0.9445 -0.2257
vn 0.5397 0.7542 0.3741
vn 0.6564 0.5704 0.4937
vn 0.1574 0.9875 0.0000
vn -0.5634 0.8182 -0.1142
vn -0.3958 0.5382 0.7440
vn -0.1373 0.8881 0.4386
vn -0.4070 0.9083 -0.0965
vn -0.6381 0.7184 -0.2769
vn -0.2355 0.9616 -0.1408
vn 0.0255 0.7147 0.6989
vn 0.3381 0.6363 0.6934
vn 0.2710 0.8855 0.3775
vn 0.0858 0.8830 0.4614
vn 0.1736 0.6529 0.7372
vn 0.1779 0.9198 0.3497
vn -0.2345 -0.8333 -0.5005
vn -0.2912 -0.8975 -0.3311
vn -0.1926 -0.8660 0.4615
vn -0.3772 -0.8433 0.3829
vn -0.4029 -0.8894 -0.2159
vn -0.1169 -0.9295 0.3497
vn -0.0175 -0.9258 0.3774
vn -0.5229 -0.8407 -0.1406
vn 0.2782 -0.8845 0.3743
vn -0.0671 -0.9721 -0.2248
vn -0.4122 -0.5915 -0.6929
vn -0.6447 -0.6169 -0.4514
vn -0.0314 -0.6771 0.7352
vn 0.4541 -0.7467 0.4860
vn 0.7395 -0.1179 0.6627
vn 0.1072 -0.0171 0.9941
vn -0.2055 -0.6861 0.6979
vn 0.1202 -0.7097 0.6942
vn 0.3086 -0.0493 0.9499
vn -0.1315 0.0209 0.9911
vn -0.0427 -0.9580 -0.2835
vn -0.8256 -0.4877 -0.2836
vn -0.9197 0.1465 -0.3641
vn 0.3346 -0.0536 -0.9408
vn -0.6449 -0.6169 -0.4511
vn -0.7580 0.1208 -0.6409
vn -0.7933 -0.5999 -0.1039
vn -0.5561 -0.3775 0.7404
vn -0.5510 0.0872 0.8299
vn -0.9737 0.1568 -0.1652
vn -0.4251 -0.5933 -0.6836
vn -0.2911 -0.4536 -0.8423
vn -0.2596 0.0399 -0.9649
vn -0.4370 0.0704 -0.8967
vn 0.4464 -0.7461 0.4939
vn -0.0382 -0.6745 0.7373
vn 0.1238 -0.7099 0.6933
vn -0.1972 -0.6874 0.6990
vn -0.8300 -0.4843 -0.2767
vn -0.0502 -0.9627 -0.2658
vn -0.6699 -0.7359 -0.0981
vn -0.4118 -0.7924 0.4499
vn -0.5416 -0.4009 0.7389
vn -0.7913 -0.6008 -0.1130
vn -0.2618 -0.4567 -0.8502
vn -0.0956 0.9195 0.3812
vn -0.5273 -0.5344 0.6605
vn -0.5501 0.0926 0.8299
vn -0.5166 -0.5367 0.6671
vn -0.3252 0.6699 0.6673
vn -0.5651 0.8184 -0.1040
vn -0.1332 0.5218 -0.8426
vn -0.3378 0.6679 0.6631
vn -0.4110 0.5316 0.7406
vn 0.6636 0.5686 0.4861
vn 0.1806 0.6534 0.7352
vn -0.2194 0.6969 -0.6828
vn -0.4212 0.7868 -0.4511
vn 0.2571 0.9239 -0.2833
vn -0.6331 0.7202 -0.2836
vn 0.3347 0.6373 0.6941
vn 0.0178 0.7159 0.6979
vn 0.4210 0.7867 -0.4514
vn 0.1066 0.9705 -0.2159
vn -0.0020 0.9438 -0.3304
vn 0.2081 0.6914 -0.6918
vn -0.0326 0.8605 -0.5084
vn 0.1032 0.5300 -0.8417
vn 0.1574 -0.9875 0.0000
vn -0.2517 0.9304 -0.2663
vn -0.6564 0.5704 0.4937
vn -0.5397 0.7542 0.3741
vn -0.2386 0.9445 -0.2257
vn -0.1574 0.9875 0.0000
vn 0.5634 0.8182 -0.1142
vn 0.4070 0.9083 -0.0965
vn 0.1373 0.8881 0.4386
vn 0.3958 0.5382 0.7440
vn 0.6381 0.7184 -0.2769
vn 0.2355 0.9616 -0.1408
vn -0.0255 0.7147 0.6989
vn -0.0858 0.8830 0.4614
vn -0.2710 0.8855 0.3775
vn -0.3381 0.6363 0.6934
vn -0.1736 0.6529 0.7372
vn -0.1779 0.9198 0.3497
vn 0.2912 -0.8975 -0.3311
vn 0.2345 -0.8333 -0.5005
vn 0.3772 -0.8433 0.3829
vn 0.1926 -0.8660 0.4615
vn 0.4029 -0.8894 -0.2159
vn 0.0175 -0.9258 0.3774
vn 0.1169 -0.9295 0.3497
vn 0.5228 -0.8407 -0.1406
vn -0.2782 -0.8845 0.3743
vn 0.0671 -0.9721 -0.2248
vn 0.6447 -0.6169 -0.4514
vn 0.4122 -0.5915 -0.6929
vn 0.0314 -0.6771 0.7352
vn -0.1072 -0.0171 0.9941
vn -0.7395 -0.1179 0.6627
vn -0.4541 -0.7467 0.4860
vn 0.2054 -0.6861 0.6979
vn 0.1315 0.0209 0.9911
vn -0.3086 -0.0493 0.9499
vn -0.1202 -0.7097 0.6942
vn 0.0426 -0.9580 -0.2835
vn -0.3347 -0.0535 -0.9408
vn 0.9197 0.1465 -0.3641
vn 0.8256 -0.4877 -0.2836
vn 0.7580 0.1208 -0.6409
vn 0.6449 -0.6169 -0.4511
vn 0.7933 -0.5999 -0.1039
vn 0.9737 0.1568 -0.1651
vn 0.5510 0.0872 0.8299
vn 0.5561 -0.3775 0.7404
vn 0.4251 -0.5932 -0.6836
vn 0.4370 0.0704 -0.8967
vn 0.2596 0.0399 -0.9649
vn 0.2911 -0.4536 -0.8423
vn 0.0382 -0.6745 0.7373
vn -0.4464 -0.7461 0.4939
vn 0.1972 -0.6874 0.6990
vn -0.1238 -0.7099 0.6933
vn 0.0502 -0.9627 -0.2658
vn 0.8300 -0.4843 -0.2766
vn 0.6699 -0.7359 -0.0981
vn 0.7913 -0.6008 -0.1130
vn 0.5416 -0.4009 0.7389
vn 0.4118 -0.7924 0.4499
vn 0.2618 -0.4567 -0.8502
vn 0.0956 0.9195 0.3812
vn 0.5501 0.0926 0.8299
vn 0.5273 -0.5344 0.6605
vn 0.5166 -0.5367 0.6671
vn 0.3252 0.6699 0.6673
vn 0.1332 0.5218 -0.8426
vn 0.5651 0.8184 -0.1040
vn 0.4110 0.5316 0.7406
vn 0.3378 0.6679 0.6631
vn -0.1806 0.6534 0.7352
vn -0.6636 0.5686 0.4861
vn 0.4212 0.7868 -0.4511
vn 0.2194 0.6969 -0.6828
vn -0.2571 0.9239 -0.2833
vn 0.6331 0.7202 -0.2836
vn -0.0178 0.7159 0.6979
vn -0.3348 0.6373 0.6941
usemtl Porple
s 1
f 1195/1280/636 1192/1281/637 1161/1282/638 1160/1283/639
f 1192/1281/637 1207/1284/640 1208/1285/641 1161/1282/638
f 1148/1286/642 1150/1287/642 1144/1288/642 1146/1289/642
f 1198/1290/643 1166/1291/644 1167/1292/645 1199/1293/646
f 1147/1294/647 1145/1295/647 1151/1296/647 1149/1297/647
f 1152/1298/642 1155/1299/642 1150/1287/642 1148/1286/642
f 1193/1300/648 1204/1301/649 1203/1302/650 1162/1303/651
f 1196/1304/652 1195/1280/636 1160/1283/639 1163/1305/653
f 1198/1306/643 1196/1304/652 1163/1305/653 1166/1291/644
f 1156/1307/642 1159/1308/642 1155/1299/642 1152/1298/642
f 1149/1297/647 1151/1296/647 1153/1309/647 1154/1310/647
f 1194/1311/654 1243/1312/655 1237/1313/656 1164/1314/657
f 1154/1310/647 1153/1309/647 1157/1315/647 1158/1316/647
f 1197/1317/658 1199/1318/646 1167/1319/645 1165/1320/659
f 1149/1297/647 1160/1321/639 1161/1282/638 1147/1294/647
f 1147/1294/647 1161/1282/638 1208/1285/641 1145/1295/647
f 1154/1310/647 1163/1322/653 1160/1321/639 1149/1297/647
f 1145/1295/647 1162/1303/651 1203/1323/650
f 1151/1296/647 1164/1324/657 1237/1325/656
f 1158/1316/647 1166/1326/644 1163/1322/653 1154/1310/647
f 1153/1309/647 1165/1327/659 1167/1292/645 1157/1315/647
f 1157/1315/647 1167/1292/645 1166/1326/644 1158/1316/647
f 1144/1288/642 1209/1328/660 1169/1329/661 1146/1289/642
f 1150/1287/642 1170/1330/662 1234/1331/663
f 1146/1289/642 1169/1329/661 1171/1332/664 1148/1286/642
f 1155/1299/642 1172/1333/665 1238/1334/666 1150/1287/642
f 1148/1286/642 1171/1332/664 1173/1335/667 1152/1298/642
f 1159/1308/642 1174/1336/668 1172/1333/665 1155/1299/642
f 1152/1298/642 1173/1335/667 1175/1337/669 1156/1307/642
f 1156/1307/642 1175/1337/669 1174/1336/668 1159/1308/642
f 1171/1338/664 1169/1329/661 1191/1339/670 1188/1340/671
f 1222/1341/672 1220/1342/673 1183/1343/674 1181/1344/675
f 1225/1345/676 1239/1346/677 1241/1347/678 1178/1348/679
f 1221/1349/680 1223/1350/681 1180/1351/682 1182/1352/683
f 1223/1350/681 1224/1353/684 1179/1354/685 1180/1351/682
f 1226/1355/686 1228/1356/687 1202/1357/688 1177/1358/689
f 1221/1359/680 1182/1360/683 1183/1361/674 1220/1362/673
f 1227/1363/690 1229/1364/691 1206/1365/692 1176/1366/693
f 1224/1353/684 1227/1363/690 1176/1366/693 1179/1354/685
f 1172/1367/665 1174/1368/668 1184/1369/694 1186/1370/695
f 1170/1371/662 1238/1372/666 1240/1373/696 1189/1374/697
f 1175/1375/669 1173/1376/667 1187/1377/698 1185/1378/699
f 1173/1376/667 1171/1338/664 1188/1340/671 1187/1377/698
f 1168/1379/700 1200/1380/701 1201/1381/702 1190/1382/703
f 1175/1337/669 1185/1383/699 1184/1384/694 1174/1368/668
f 1169/1329/661 1209/1328/660 1205/1385/704 1191/1339/670
f 1200/1386/701 1168/1379/700 1144/1288/642
f 1203/1323/650 1235/1387/705 1151/1296/647 1145/1295/647
f 1228/1356/687 1231/1388/706 1233/1389/707 1202/1357/688
f 1200/1380/701 1234/1390/663 1232/1391/708 1201/1381/702
f 1204/1301/649 1236/1392/709 1235/1393/705 1203/1302/650
f 1209/1328/660 1144/1288/642 1168/1379/700
f 1207/1284/640 1193/1300/648 1162/1303/651 1208/1285/641
f 1208/1285/641 1162/1303/651 1145/1295/647
f 1209/1328/660 1168/1379/700 1190/1382/703 1205/1385/704
f 1229/1364/691 1226/1355/686 1177/1358/689 1206/1365/692
f 1206/1365/692 1177/1358/689 1211/1394/710 1219/1395/711
f 1202/1357/688 1233/1389/707 1230/1396/712 1218/1397/713
f 1181/1344/675 1183/1343/674 1217/1398/714 1215/1399/715
f 1179/1354/685 1176/1366/693 1210/1400/716 1213/1401/717
f 1176/1366/693 1206/1365/692 1219/1395/711 1210/1400/716
f 1183/1361/674 1182/1360/683 1216/1402/718 1217/1403/714
f 1177/1358/689 1202/1357/688 1218/1397/713 1211/1394/710
f 1180/1351/682 1179/1354/685 1213/1401/717 1214/1404/719
f 1182/1352/683 1180/1351/682 1214/1404/719 1216/1405/718
f 1178/1348/679 1241/1347/678 1242/1406/720 1212/1407/721
f 1205/1385/704 1190/1382/703 1226/1355/686 1229/1364/691
f 1201/1381/702 1232/1391/708 1231/1388/706 1228/1356/687
f 1188/1340/671 1191/1339/670 1227/1363/690 1224/1353/684
f 1191/1339/670 1205/1385/704 1229/1364/691 1227/1363/690
f 1185/1383/699 1221/1359/680 1220/1362/673 1184/1384/694
f 1190/1382/703 1201/1381/702 1228/1356/687 1226/1355/686
f 1187/1377/698 1188/1340/671 1224/1353/684 1223/1350/681
f 1185/1378/699 1187/1377/698 1223/1350/681 1221/1349/680
f 1189/1374/697 1240/1373/696 1239/1346/677 1225/1345/676
f 1186/1370/695 1184/1369/694 1220/1342/673 1222/1341/672
f 1234/1390/663 1170/1371/662 1189/1374/697 1232/1391/708
f 1235/1387/705 1164/1324/657 1151/1296/647
f 1236/1392/709 1194/1311/654 1164/1314/657 1235/1393/705
f 1232/1391/708 1189/1374/697 1225/1345/676 1231/1388/706
f 1233/1389/707 1178/1348/679 1212/1407/721 1230/1396/712
f 1231/1388/706 1225/1345/676 1178/1348/679 1233/1389/707
f 1234/1331/663 1200/1386/701 1144/1288/642 1150/1287/642
f 1241/1347/678 1181/1344/675 1215/1399/715 1242/1406/720
f 1243/1312/655 1197/1317/658 1165/1320/659 1237/1313/656
f 1237/1325/656 1165/1327/659 1153/1309/647 1151/1296/647
f 1238/1334/666 1170/1330/662 1150/1287/642
f 1239/1346/677 1222/1341/672 1181/1344/675 1241/1347/678
f 1240/1373/696 1186/1370/695 1222/1341/672 1239/1346/677
f 1238/1372/666 1172/1367/665 1186/1370/695 1240/1373/696
f 1295/1408/722 1260/1409/723 1261/1410/724 1292/1411/725
f 1292/1411/725 1261/1410/724 1308/1412/726 1307/1413/727
f 1248/1414/728 1246/1415/728 1244/1416/728 1250/1417/728
f 1298/1418/729 1299/1419/730 1267/1420/731 1266/1421/732
f 1247/1422/733 1249/1423/733 1251/1424/733 1245/1425/733
f 1252/1426/728 1248/1414/728 1250/1417/728 1255/1427/728
f 1293/1428/734 1262/1429/735 1303/1430/736 1304/1431/737
f 1296/1432/738 1263/1433/739 1260/1409/723 1295/1408/722
f 1298/1434/729 1266/1421/732 1263/1433/739 1296/1432/738
f 1256/1435/728 1252/1426/728 1255/1427/728 1259/1436/728
f 1249/1423/733 1254/1437/733 1253/1438/733 1251/1424/733
f 1294/1439/740 1264/1440/741 1337/1441/742 1343/1442/743
f 1254/1437/733 1258/1443/733 1257/1444/733 1253/1438/733
f 1297/1445/744 1265/1446/745 1267/1447/731 1299/1448/730
f 1249/1423/733 1247/1422/733 1261/1410/724 1260/1449/723
f 1247/1422/733 1245/1425/733 1308/1412/726 1261/1410/724
f 1254/1437/733 1249/1423/733 1260/1449/723 1263/1450/739
f 1245/1425/733 1303/1451/736 1262/1429/735
f 1251/1424/733 1337/1452/742 1264/1453/741
f 1258/1443/733 1254/1437/733 1263/1450/739 1266/1454/732
f 1253/1438/733 1257/1444/733 1267/1420/731 1265/1455/745
f 1257/1444/733 1258/1443/733 1266/1454/732 1267/1420/731
f 1244/1416/728 1246/1415/728 1269/1456/746 1309/1457/747
f 1250/1417/728 1334/1458/748 1270/1459/749
f 1246/1415/728 1248/1414/728 1271/1460/750 1269/1456/746
f 1255/1427/728 1250/1417/728 1338/1461/751 1272/1462/752
f 1248/1414/728 1252/1426/728 1273/1463/753 1271/1460/750
f 1259/1436/728 1255/1427/728 1272/1462/752 1274/1464/754
f 1252/1426/728 1256/1435/728 1275/1465/755 1273/1463/753
f 1256/1435/728 1259/1436/728 1274/1464/754 1275/1465/755
f 1271/1466/750 1288/1467/756 1291/1468/757 1269/1456/746
f 1322/1469/758 1281/1470/759 1283/1471/760 1320/1472/761
f 1325/1473/762 1278/1474/763 1341/1475/764 1339/1476/765
f 1321/1477/766 1282/1478/767 1280/1479/768 1323/1480/769
f 1323/1480/769 1280/1479/768 1279/1481/770 1324/1482/771
f 1326/1483/772 1277/1484/773 1302/1485/774 1328/1486/775
f 1321/1487/766 1320/1488/761 1283/1489/760 1282/1490/767
f 1327/1491/776 1276/1492/777 1306/1493/778 1329/1494/779
f 1324/1482/771 1279/1481/770 1276/1492/777 1327/1491/776
f 1272/1495/752 1286/1496/780 1284/1497/781 1274/1498/754
f 1270/1499/749 1289/1500/782 1340/1501/783 1338/1502/751
f 1275/1503/755 1285/1504/784 1287/1505/785 1273/1506/753
f 1273/1506/753 1287/1505/785 1288/1467/756 1271/1466/750
f 1268/1507/786 1290/1508/787 1301/1509/788 1300/1510/789
f 1275/1465/755 1274/1498/754 1284/1511/781 1285/1512/784
f 1269/1456/746 1291/1468/757 1305/1513/790 1309/1457/747
f 1300/1514/789 1244/1416/728 1268/1507/786
f 1303/1451/736 1245/1425/733 1251/1424/733 1335/1515/791
f 1328/1486/775 1302/1485/774 1333/1516/792 1331/1517/793
f 1300/1510/789 1301/1509/788 1332/1518/794 1334/1519/748
f 1304/1431/737 1303/1430/736 1335/1520/791 1336/1521/795
f 1309/1457/747 1268/1507/786 1244/1416/728
f 1307/1413/727 1308/1412/726 1262/1429/735 1293/1428/734
f 1308/1412/726 1245/1425/733 1262/1429/735
f 1309/1457/747 1305/1513/790 1290/1508/787 1268/1507/786
f 1329/1494/779 1306/1493/778 1277/1484/773 1326/1483/772
f 1306/1493/778 1319/1522/796 1311/1523/797 1277/1484/773
f 1302/1485/774 1318/1524/798 1330/1525/799 1333/1516/792
f 1281/1470/759 1315/1526/800 1317/1527/801 1283/1471/760
f 1279/1481/770 1313/1528/802 1310/1529/803 1276/1492/777
f 1276/1492/777 1310/1529/803 1319/1522/796 1306/1493/778
f 1283/1489/760 1317/1530/801 1316/1531/804 1282/1490/767
f 1277/1484/773 1311/1523/797 1318/1524/798 1302/1485/774
f 1280/1479/768 1314/1532/805 1313/1528/802 1279/1481/770
f 1282/1478/767 1316/1533/804 1314/1532/805 1280/1479/768
f 1278/1474/763 1312/1534/806 1342/1535/807 1341/1475/764
f 1305/1513/790 1329/1494/779 1326/1483/772 1290/1508/787
f 1301/1509/788 1328/1486/775 1331/1517/793 1332/1518/794
f 1288/1467/756 1324/1482/771 1327/1491/776 1291/1468/757
f 1291/1468/757 1327/1491/776 1329/1494/779 1305/1513/790
f 1285/1512/784 1284/1511/781 1320/1488/761 1321/1487/766
f 1290/1508/787 1326/1483/772 1328/1486/775 1301/1509/788
f 1287/1505/785 1323/1480/769 1324/1482/771 1288/1467/756
f 1285/1504/784 1321/1477/766 1323/1480/769 1287/1505/785
f 1289/1500/782 1325/1473/762 1339/1476/765 1340/1501/783
f 1286/1496/780 1322/1469/758 1320/1472/761 1284/1497/781
f 1334/1519/748 1332/1518/794 1289/1500/782 1270/1499/749
f 1335/1515/791 1251/1424/733 1264/1453/741
f 1336/1521/795 1335/1520/791 1264/1440/741 1294/1439/740
f 1332/1518/794 1331/1517/793 1325/1473/762 1289/1500/782
f 1333/1516/792 1330/1525/799 1312/1534/806 1278/1474/763
f 1331/1517/793 1333/1516/792 1278/1474/763 1325/1473/762
f 1334/1458/748 1250/1417/728 1244/1416/728 1300/1514/789
f 1341/1475/764 1342/1535/807 1315/1526/800 1281/1470/759
f 1343/1442/743 1337/1441/742 1265/1446/745 1297/1445/744
f 1337/1452/742 1251/1424/733 1253/1438/733 1265/1455/745
f 1338/1461/751 1250/1417/728 1270/1459/749
f 1339/1476/765 1341/1475/764 1281/1470/759 1322/1469/758
f 1340/1501/783 1339/1476/765 1322/1469/758 1286/1496/780
f 1338/1502/751 1340/1501/783 1286/1496/780 1272/1495/752
usemtl Gold
f 1212/1407/721 1242/1406/720 1243/1312/655 1194/1311/654
f 1216/1405/718 1214/1404/719 1196/1304/652 1198/1306/643
f 1214/1404/719 1213/1401/717 1195/1280/636 1196/1304/652
f 1211/1394/710 1218/1397/713 1204/1301/649 1193/1300/648
f 1217/1403/714 1216/1402/718 1198/1290/643 1199/1293/646
f 1210/1400/716 1219/1395/711 1207/1284/640 1192/1281/637
f 1213/1401/717 1210/1400/716 1192/1281/637 1195/1280/636
f 1215/1399/715 1217/1398/714 1199/1318/646 1197/1317/658
f 1218/1397/713 1230/1396/712 1236/1392/709 1204/1301/649
f 1219/1395/711 1211/1394/710 1193/1300/648 1207/1284/640
f 1230/1396/712 1212/1407/721 1194/1311/654 1236/1392/709
f 1242/1406/720 1215/1399/715 1197/1317/658 1243/1312/655
f 1312/1534/806 1294/1439/740 1343/1442/743 1342/1535/807
f 1316/1533/804 1298/1434/729 1296/1432/738 1314/1532/805
f 1314/1532/805 1296/1432/738 1295/1408/722 1313/1528/802
f 1311/1523/797 1293/1428/734 1304/1431/737 1318/1524/798
f 1317/1530/801 1299/1419/730 1298/1418/729 1316/1531/804
f 1310/1529/803 1292/1411/725 1307/1413/727 1319/1522/796
f 1313/1528/802 1295/1408/722 1292/1411/725 1310/1529/803
f 1315/1526/800 1297/1445/744 1299/1448/730 1317/1527/801
f 1318/1524/798 1304/1431/737 1336/1521/795 1330/1525/799
f 1319/1522/796 1307/1413/727 1293/1428/734 1311/1523/797
f 1330/1525/799 1336/1521/795 1294/1439/740 1312/1534/806
f 1342/1535/807 1343/1442/743 1297/1445/744 1315/1526/800
o Cube.003_Cube.004
v -1.115534 1.088102 1.143654
v -1.043781 1.138635 1.144627
v -0.981093 0.914462 1.053085
v -0.909660 0.965414 1.054277
v -0.804632 0.685172 0.294297
v -0.733088 0.735981 0.295016
v -1.046288 0.997393 1.809808
v -0.974884 1.048385 1.807419
v -0.578593 0.390620 -0.349639
v -0.574585 0.529409 1.356952
v -0.507010 0.441381 -0.349026
v -0.645072 0.477222 1.358305
v -0.467266 0.245520 -1.186349
v -0.354657 0.243158 1.195974
v -0.397033 0.298038 -1.175599
v -0.424680 0.190367 1.196987
v -0.745243 0.751817 0.282605
v -0.919881 0.978784 1.033707
v -1.059546 1.159220 1.127827
v -0.519822 0.458051 -0.359610
v -0.984618 1.061066 1.848660
v -0.568484 0.521468 1.380297
v -0.386547 0.284369 -1.361138
v -0.340548 0.224791 1.213455
v -1.130386 1.107494 1.127827
v -0.990721 0.927057 1.033707
v -1.055458 1.009340 1.848660
v -0.816082 0.700091 0.282605
v -0.639324 0.469741 1.380297
v -0.590662 0.406325 -0.359610
v -0.411388 0.173064 1.213455
v -0.457386 0.232643 -1.361138
v -0.975139 0.978381 0.994413
v -1.120196 1.165739 1.101270
v -1.031807 1.050308 1.897897
v -0.806160 0.758678 0.256943
v -0.581797 0.466270 -0.381256
v -0.591107 0.479181 1.428641
v -0.418909 0.254582 -1.414711
v -0.351753 0.167849 1.243094
v -0.968711 0.978428 0.998984
v -1.113141 1.164981 1.104359
v -1.026318 1.051559 1.892170
v -0.799073 0.757880 0.259928
v -0.574587 0.465314 -0.378738
v -0.588475 0.484100 1.423017
v -0.415144 0.258047 -1.408478
v -0.350449 0.174473 1.239646
v -0.977227 0.971506 0.999677
v -1.121561 1.157936 1.104828
v -1.034976 1.044819 1.891301
v -0.807489 0.750829 0.260381
v -0.582984 0.458239 -0.378356
v -0.597567 0.477916 1.422164
v -0.424064 0.251643 -1.407533
v -0.359742 0.168548 1.239124
v -0.933047 0.978688 1.024344
v -1.073997 1.160774 1.121499
v -0.995862 1.058503 1.860392
v -0.759757 0.753452 0.276491
v -0.534588 0.460010 -0.364768
v -0.573874 0.511392 1.391816
v -0.394258 0.277272 -1.373903
v -0.343218 0.211223 1.220517
v -0.986361 0.941417 1.022712
v -1.127535 1.123791 1.120396
v -1.048841 1.020802 1.862436
v -0.813306 0.716483 0.275425
v -0.588181 0.423097 -0.365667
v -0.625833 0.472382 1.393823
v -0.446621 0.238781 -1.376127
v -0.394702 0.171605 1.221748
v 1.115534 1.088102 1.143654
v 1.043781 1.138635 1.144627
v 0.981092 0.914462 1.053085
v 0.909660 0.965414 1.054277
v 0.804632 0.685172 0.294297
v 0.733088 0.735981 0.295016
v 1.046288 0.997393 1.809808
v 0.974884 1.048385 1.807419
v 0.578593 0.390621 -0.349639
v 0.574585 0.529409 1.356952
v 0.507010 0.441381 -0.349026
v 0.645072 0.477222 1.358305
v 0.467266 0.245520 -1.186349
v 0.354657 0.243158 1.195974
v 0.397033 0.298038 -1.175599
v 0.424680 0.190367 1.196986
v 0.745242 0.751817 0.282605
v 0.919881 0.978784 1.033707
v 1.059545 1.159220 1.127827
v 0.519822 0.458052 -0.359610
v 0.984618 1.061067 1.848660
v 0.568484 0.521468 1.380297
v 0.386546 0.284369 -1.361138
v 0.340548 0.224791 1.213455
v 1.130385 1.107494 1.127827
v 0.990721 0.927057 1.033707
v 1.055458 1.009340 1.848660
v 0.816082 0.700091 0.282605
v 0.639324 0.469741 1.380297
v 0.590661 0.406325 -0.359610
v 0.411388 0.173065 1.213455
v 0.457386 0.232643 -1.361138
v 0.975139 0.978381 0.994413
v 1.120196 1.165739 1.101270
v 1.031807 1.050307 1.897897
v 0.806160 0.758678 0.256943
v 0.581796 0.466270 -0.381256
v 0.591107 0.479181 1.428640
v 0.418909 0.254582 -1.414710
v 0.351753 0.167849 1.243094
v 0.968711 0.978428 0.998984
v 1.113141 1.164981 1.104359
v 1.026317 1.051559 1.892169
v 0.799073 0.757880 0.259928
v 0.574587 0.465314 -0.378738
v 0.588475 0.484100 1.423017
v 0.415144 0.258047 -1.408478
v 0.350449 0.174473 1.239646
v 0.977227 0.971506 0.999677
v 1.121561 1.157936 1.104828
v 1.034975 1.044819 1.891301
v 0.807489 0.750829 0.260381
v 0.582984 0.458239 -0.378356
v 0.597567 0.477916 1.422164
v 0.424064 0.251643 -1.407533
v 0.359742 0.168548 1.239124
v 0.933047 0.978688 1.024344
v 1.073997 1.160774 1.121499
v 0.995862 1.058503 1.860392
v 0.759757 0.753452 0.276491
v 0.534588 0.460010 -0.364768
v 0.573874 0.511392 1.391816
v 0.394258 0.277272 -1.373903
v 0.343218 0.211223 1.220517
v 0.986361 0.941417 1.022712
v 1.127534 1.123791 1.120396
v 1.048841 1.020802 1.862436
v 0.813306 0.716483 0.275425
v 0.588181 0.423097 -0.365667
v 0.625833 0.472382 1.393823
v 0.446621 0.238781 -1.376127
v 0.394702 0.171605 1.221748
vt 0.595216 0.412298
vt 0.595216 0.500000
vt 0.625000 0.500000
vt 0.625000 0.412298
vt 0.595216 0.750000
vt 0.625000 0.750000
vt 0.282151 0.507952
vt 0.286556 0.744544
vt 0.369487 0.734551
vt 0.346418 0.555538
vt 0.569539 0.310145
vt 0.625000 0.284467
vt 0.840533 0.750000
vt 0.785072 0.775678
vt 0.655022 0.558105
vt 0.630868 0.733643
vt 0.713490 0.744208
vt 0.718163 0.508436
vt 0.203049 0.509801
vt 0.213341 0.745884
vt 0.595216 0.837702
vt 0.625000 0.837702
vt 0.595216 0.331963
vt 0.625000 0.331963
vt 0.595216 0.284467
vt 0.163542 0.508663
vt 0.162502 0.746936
vt 0.786569 0.745630
vt 0.797190 0.510397
vt 0.595216 0.913119
vt 0.625000 0.913119
vt 0.837311 0.746745
vt 0.836207 0.509196
vt 0.595216 0.965533
vt 0.625000 0.965533
vt 0.712702 0.500000
vt 0.793037 0.500000
vt 0.712702 0.750000
vt 0.788119 0.750000
vt 0.840533 0.500000
vt 0.375000 0.750000
vt 0.375000 0.500000
vt 0.287298 0.750000
vt 0.287298 0.500000
vt 0.211881 0.750000
vt 0.206963 0.500000
vt 0.159467 0.750000
vt 0.159467 0.500000
vt 0.483254 0.913118
vt 0.483254 0.965533
vt 0.500000 0.965533
vt 0.500000 0.913119
vt 0.483254 0.837702
vt 0.500000 0.837702
vt 0.483254 0.284467
vt 0.483254 0.331963
vt 0.500000 0.331963
vt 0.500000 0.284467
vt 0.483254 0.412298
vt 0.500000 0.412298
vt 0.483254 0.750000
vt 0.500000 0.750000
vt 0.361050 0.406671
vt 0.392234 0.392234
vt 0.607766 0.857766
vt 0.576582 0.872204
vt 0.483254 0.500000
vt 0.500000 0.500000
vt 0.514541 0.965533
vt 0.514541 0.913119
vt 0.514541 0.837702
vt 0.514541 0.331963
vt 0.514541 0.284467
vt 0.514541 0.412298
vt 0.514541 0.750000
vt 0.419311 0.379697
vt 0.634844 0.845230
vt 0.514541 0.500000
vt 0.409974 0.412298
vt 0.409974 0.500000
vt 0.409974 0.750000
vt 0.224594 0.469848
vt 0.440127 0.935380
vt 0.409974 0.837702
vt 0.409974 0.331963
vt 0.409974 0.284467
vt 0.409974 0.913118
vt 0.409974 0.965533
vt 0.375000 0.913119
vt 0.375000 0.965533
vt 0.375000 0.837702
vt 0.375000 0.284467
vt 0.375000 0.331963
vt 0.375000 0.412298
vt 0.595216 0.412298
vt 0.625000 0.412298
vt 0.625000 0.500000
vt 0.595216 0.500000
vt 0.625000 0.750000
vt 0.595216 0.750000
vt 0.282151 0.507952
vt 0.346418 0.555538
vt 0.369487 0.734551
vt 0.286556 0.744544
vt 0.569539 0.310145
vt 0.785072 0.775678
vt 0.840533 0.750000
vt 0.625000 0.284467
vt 0.655022 0.558105
vt 0.718163 0.508436
vt 0.713490 0.744208
vt 0.630868 0.733643
vt 0.203049 0.509801
vt 0.213341 0.745884
vt 0.625000 0.837702
vt 0.595216 0.837702
vt 0.595216 0.331963
vt 0.625000 0.331963
vt 0.595216 0.284467
vt 0.163542 0.508663
vt 0.162502 0.746936
vt 0.797190 0.510397
vt 0.786569 0.745630
vt 0.625000 0.913119
vt 0.595216 0.913119
vt 0.836207 0.509196
vt 0.837311 0.746745
vt 0.625000 0.965533
vt 0.595216 0.965533
vt 0.712702 0.500000
vt 0.793037 0.500000
vt 0.712702 0.750000
vt 0.788119 0.750000
vt 0.840533 0.500000
vt 0.375000 0.500000
vt 0.375000 0.750000
vt 0.287298 0.750000
vt 0.287298 0.500000
vt 0.211881 0.750000
vt 0.206963 0.500000
vt 0.159467 0.750000
vt 0.159467 0.500000
vt 0.483254 0.913118
vt 0.500000 0.913119
vt 0.500000 0.965533
vt 0.483254 0.965533
vt 0.483254 0.837702
vt 0.500000 0.837702
vt 0.483254 0.284467
vt 0.500000 0.284467
vt 0.500000 0.331963
vt 0.483254 0.331963
vt 0.500000 0.412298
vt 0.483254 0.412298
vt 0.483254 0.750000
vt 0.500000 0.750000
vt 0.361050 0.406671
vt 0.576582 0.872204
vt 0.607766 0.857766
vt 0.392234 0.392234
vt 0.483254 0.500000
vt 0.500000 0.500000
vt 0.514541 0.913119
vt 0.514541 0.965533
vt 0.514541 0.837702
vt 0.514541 0.284467
vt 0.514541 0.331963
vt 0.514541 0.412298
vt 0.514541 0.750000
vt 0.634844 0.845230
vt 0.419311 0.379697
vt 0.514541 0.500000
vt 0.409974 0.412298
vt 0.409974 0.500000
vt 0.409974 0.750000
vt 0.224594 0.469848
vt 0.440127 0.935380
vt 0.409974 0.837702
vt 0.409974 0.331963
vt 0.409974 0.284467
vt 0.409974 0.913118
vt 0.409974 0.965533
vt 0.375000 0.913119
vt 0.375000 0.965533
vt 0.375000 0.837702
vt 0.375000 0.284467
vt 0.375000 0.331963
vt 0.375000 0.412298
vn 0.2146 0.9332 -0.2882
vn 0.3054 0.8339 -0.4597
vn 0.6495 0.7362 -0.1902
vn 0.5264 0.8350 -0.1602
vn 0.2206 0.9330 -0.2842
vn 0.4334 0.8791 -0.1985
vn -0.7930 -0.6092 -0.0003
vn -0.7928 -0.6095 -0.0002
vn -0.7930 -0.6092 -0.0021
vn 0.8179 0.5305 -0.2228
vn 0.8179 0.5422 -0.1924
vn 0.9637 0.1435 0.2252
vn 0.9356 -0.1222 0.3311
vn 0.7930 0.6092 0.0021
vn 0.7928 0.6095 0.0002
vn 0.7930 0.6092 0.0003
vn -0.7931 -0.6091 0.0000
vn -0.7926 -0.6098 -0.0000
vn 0.5088 0.7066 0.4917
vn 0.5988 0.7046 0.3806
vn 0.0851 0.9603 -0.2655
vn 0.5204 0.8435 -0.1327
vn -0.7931 -0.6091 0.0001
vn -0.7930 -0.6092 0.0000
vn 0.7926 0.6098 0.0000
vn 0.7931 0.6091 -0.0000
vn 0.7730 0.1570 0.6146
vn 0.8462 0.4296 0.3151
vn 0.7930 0.6092 -0.0000
vn 0.7931 0.6091 -0.0001
vn -0.9629 -0.1818 -0.1995
vn -0.8775 -0.4368 -0.1978
vn -0.8436 -0.3826 0.3768
vn -0.9442 -0.2862 -0.1630
vn -0.6337 -0.7079 0.3117
vn -0.9512 -0.2771 -0.1358
vn -0.4005 -0.8883 0.2245
vn -0.7558 -0.6249 -0.1955
vn -0.3592 -0.7082 0.6078
vn -0.1428 -0.9355 0.3232
vn 0.5294 -0.7038 0.4736
vn 0.2964 -0.3936 0.8702
vn -0.8200 -0.2929 0.4918
vn -0.2661 0.3478 0.8990
vn -0.7382 -0.6314 -0.2375
vn -0.9440 0.1807 -0.2759
vn -0.5587 0.7477 -0.3587
vn 0.1506 -0.2027 -0.9676
vn -0.9552 0.0468 -0.2920
vn -0.5444 0.7199 -0.4305
vn -0.9583 0.0443 -0.2821
vn -0.5392 0.7108 -0.4516
vn -0.8845 -0.0694 -0.4612
vn -0.4459 0.5926 -0.6708
vn 0.9370 -0.1236 0.3266
vn 0.7732 0.1590 0.6139
vn 0.5053 0.7081 0.4931
vn 0.0900 0.9583 -0.2712
vn 0.8184 0.5242 -0.2352
vn 0.2143 0.9334 -0.2877
vn 0.2190 0.9351 -0.2786
vn 0.3032 0.8370 -0.4555
vn -0.9551 0.0465 -0.2925
vn -0.8822 -0.0724 -0.4652
vn -0.9568 0.0422 -0.2875
vn -0.7439 -0.6290 -0.2256
vn -0.1437 -0.9339 0.3274
vn -0.8197 -0.2963 0.4902
vn -0.9446 0.1861 -0.2702
vn -0.3575 -0.7084 0.6085
vn -0.2146 0.9332 -0.2882
vn -0.5264 0.8350 -0.1602
vn -0.6495 0.7362 -0.1902
vn -0.3054 0.8339 -0.4597
vn -0.4334 0.8791 -0.1985
vn -0.2206 0.9330 -0.2842
vn 0.7930 -0.6092 -0.0003
vn 0.7930 -0.6092 -0.0021
vn 0.7928 -0.6095 -0.0002
vn -0.8179 0.5305 -0.2228
vn -0.9356 -0.1222 0.3311
vn -0.9637 0.1435 0.2252
vn -0.8179 0.5422 -0.1924
vn -0.7930 0.6092 0.0021
vn -0.7930 0.6092 0.0003
vn -0.7928 0.6095 0.0002
vn 0.7931 -0.6091 0.0000
vn 0.7926 -0.6098 -0.0000
vn -0.5988 0.7046 0.3806
vn -0.5088 0.7066 0.4917
vn -0.0851 0.9603 -0.2655
vn -0.5204 0.8435 -0.1327
vn 0.7931 -0.6091 0.0001
vn 0.7930 -0.6092 0.0000
vn -0.7931 0.6091 -0.0000
vn -0.7926 0.6098 0.0000
vn -0.8462 0.4296 0.3151
vn -0.7730 0.1570 0.6146
vn -0.7931 0.6091 -0.0001
vn -0.7930 0.6092 0.0000
vn 0.8775 -0.4368 -0.1978
vn 0.9629 -0.1818 -0.1995
vn 0.8436 -0.3826 0.3768
vn 0.9442 -0.2862 -0.1630
vn 0.6337 -0.7079 0.3117
vn 0.9512 -0.2771 -0.1358
vn 0.4005 -0.8883 0.2245
vn 0.7558 -0.6249 -0.1955
vn 0.3592 -0.7082 0.6078
vn -0.2964 -0.3936 0.8702
vn -0.5294 -0.7038 0.4736
vn 0.1428 -0.9355 0.3232
vn 0.8199 -0.2929 0.4918
vn 0.2661 0.3478 0.8990
vn 0.7382 -0.6314 -0.2375
vn -0.1506 -0.2027 -0.9676
vn 0.5587 0.7477 -0.3587
vn 0.9440 0.1807 -0.2759
vn 0.5444 0.7199 -0.4305
vn 0.9552 0.0468 -0.2920
vn 0.9583 0.0443 -0.2821
vn 0.5393 0.7108 -0.4516
vn 0.8845 -0.0694 -0.4612
vn 0.4459 0.5926 -0.6708
vn -0.7732 0.1590 0.6139
vn -0.9370 -0.1236 0.3266
vn -0.5053 0.7081 0.4931
vn -0.8184 0.5242 -0.2352
vn -0.0900 0.9583 -0.2712
vn -0.2143 0.9334 -0.2877
vn -0.2190 0.9351 -0.2786
vn -0.3032 0.8370 -0.4555
vn 0.9551 0.0465 -0.2925
vn 0.8822 -0.0724 -0.4652
vn 0.9568 0.0422 -0.2875
vn 0.7439 -0.6290 -0.2256
vn 0.1437 -0.9339 0.3274
vn 0.8197 -0.2963 0.4902
vn 0.9446 0.1861 -0.2702
vn 0.3575 -0.7084 0.6085
usemtl Porple
s 1
f 1403/1536/808 1400/1537/809 1361/1538/810 1360/1539/811
f 1400/1537/809 1401/1540/812 1362/1541/813 1361/1538/810
f 1348/1542/814 1350/1543/815 1344/1544/816 1346/1545/816
f 1406/1546/817 1366/1547/818 1367/1548/819 1407/1549/820
f 1347/1550/821 1345/1551/821 1351/1552/822 1349/1553/823
f 1352/1554/824 1355/1555/825 1350/1543/815 1348/1542/814
f 1401/1540/812 1402/1556/826 1364/1557/827 1362/1541/813
f 1404/1558/828 1403/1536/808 1360/1539/811 1363/1559/829
f 1406/1560/817 1404/1558/828 1363/1559/829 1366/1547/818
f 1356/1561/830 1359/1562/831 1355/1555/825 1352/1554/824
f 1349/1553/823 1351/1552/822 1353/1563/832 1354/1564/833
f 1402/1556/826 1405/1565/834 1365/1566/835 1364/1557/827
f 1354/1564/833 1353/1563/832 1357/1567/836 1358/1568/837
f 1405/1565/834 1407/1569/820 1367/1570/819 1365/1566/835
f 1349/1553/823 1360/1571/811 1361/1538/810 1347/1550/821
f 1347/1550/821 1361/1538/810 1362/1541/813 1345/1551/821
f 1354/1564/833 1363/1572/829 1360/1571/811 1349/1553/823
f 1345/1551/821 1362/1541/813 1364/1573/827 1351/1552/822
f 1351/1552/822 1364/1573/827 1365/1574/835 1353/1563/832
f 1358/1568/837 1366/1575/818 1363/1572/829 1354/1564/833
f 1353/1563/832 1365/1574/835 1367/1548/819 1357/1567/836
f 1357/1567/836 1367/1548/819 1366/1575/818 1358/1568/837
f 1344/1544/816 1368/1576/838 1369/1577/839 1346/1545/816
f 1350/1543/815 1370/1578/840 1368/1576/838 1344/1544/816
f 1346/1545/816 1369/1577/839 1371/1579/841 1348/1542/814
f 1355/1555/825 1372/1580/842 1370/1578/840 1350/1543/815
f 1348/1542/814 1371/1579/841 1373/1581/843 1352/1554/824
f 1359/1562/831 1374/1582/844 1372/1580/842 1355/1555/825
f 1352/1554/824 1373/1581/843 1375/1583/845 1356/1561/830
f 1356/1561/830 1375/1583/845 1374/1582/844 1359/1562/831
f 1397/1584/846 1399/1585/847 1383/1586/848 1381/1587/849
f 1394/1588/850 1397/1584/846 1381/1587/849 1378/1589/851
f 1398/1590/852 1396/1591/853 1380/1592/854 1382/1593/855
f 1396/1591/853 1395/1594/856 1379/1595/857 1380/1592/854
f 1393/1596/858 1394/1588/850 1378/1589/851 1377/1597/859
f 1398/1598/852 1382/1599/855 1383/1600/848 1399/1601/847
f 1392/1602/860 1393/1596/858 1377/1597/859 1376/1603/861
f 1395/1594/856 1392/1602/860 1376/1603/861 1379/1595/857
f 1381/1587/849 1383/1586/848 1391/1604/862 1389/1605/863
f 1378/1589/851 1381/1587/849 1389/1605/863 1386/1606/864
f 1382/1593/855 1380/1592/854 1388/1607/865 1390/1608/866
f 1380/1592/854 1379/1595/857 1387/1609/867 1388/1607/865
f 1377/1597/859 1378/1589/851 1386/1606/864 1385/1610/868
f 1382/1599/855 1390/1611/866 1391/1612/862 1383/1600/848
f 1376/1603/861 1377/1597/859 1385/1610/868 1384/1613/869
f 1379/1595/857 1376/1603/861 1384/1613/869 1387/1609/867
f 1411/1614/870 1408/1615/871 1392/1602/860 1395/1594/856
f 1408/1615/871 1409/1616/872 1393/1596/858 1392/1602/860
f 1414/1617/873 1398/1598/852 1399/1601/847 1415/1618/874
f 1409/1616/872 1410/1619/875 1394/1588/850 1393/1596/858
f 1412/1620/876 1411/1614/870 1395/1594/856 1396/1591/853
f 1414/1621/873 1412/1620/876 1396/1591/853 1398/1590/852
f 1410/1619/875 1413/1622/877 1397/1584/846 1394/1588/850
f 1413/1622/877 1415/1623/874 1399/1585/847 1397/1584/846
f 1372/1624/842 1374/1625/844 1415/1623/874 1413/1622/877
f 1370/1626/840 1372/1624/842 1413/1622/877 1410/1619/875
f 1375/1627/845 1373/1628/843 1412/1620/876 1414/1621/873
f 1373/1628/843 1371/1629/841 1411/1614/870 1412/1620/876
f 1368/1576/838 1370/1626/840 1410/1619/875 1409/1616/872
f 1375/1583/845 1414/1617/873 1415/1618/874 1374/1625/844
f 1369/1577/839 1368/1576/838 1409/1616/872 1408/1615/871
f 1371/1629/841 1369/1577/839 1408/1615/871 1411/1614/870
f 1475/1630/878 1432/1631/879 1433/1632/880 1472/1633/881
f 1472/1633/881 1433/1632/880 1434/1634/882 1473/1635/883
f 1420/1636/884 1418/1637/885 1416/1638/885 1422/1639/886
f 1478/1640/887 1479/1641/888 1439/1642/889 1438/1643/890
f 1419/1644/891 1421/1645/892 1423/1646/893 1417/1647/891
f 1424/1648/894 1420/1636/884 1422/1639/886 1427/1649/895
f 1473/1635/883 1434/1634/882 1436/1650/896 1474/1651/897
f 1476/1652/898 1435/1653/899 1432/1631/879 1475/1630/878
f 1478/1654/887 1438/1643/890 1435/1653/899 1476/1652/898
f 1428/1655/900 1424/1648/894 1427/1649/895 1431/1656/901
f 1421/1645/892 1426/1657/902 1425/1658/903 1423/1646/893
f 1474/1651/897 1436/1650/896 1437/1659/904 1477/1660/905
f 1426/1657/902 1430/1661/906 1429/1662/907 1425/1658/903
f 1477/1660/905 1437/1659/904 1439/1663/889 1479/1664/888
f 1421/1645/892 1419/1644/891 1433/1632/880 1432/1665/879
f 1419/1644/891 1417/1647/891 1434/1634/882 1433/1632/880
f 1426/1657/902 1421/1645/892 1432/1665/879 1435/1666/899
f 1417/1647/891 1423/1646/893 1436/1667/896 1434/1634/882
f 1423/1646/893 1425/1658/903 1437/1668/904 1436/1667/896
f 1430/1661/906 1426/1657/902 1435/1666/899 1438/1669/890
f 1425/1658/903 1429/1662/907 1439/1642/889 1437/1668/904
f 1429/1662/907 1430/1661/906 1438/1669/890 1439/1642/889
f 1416/1638/885 1418/1637/885 1441/1670/908 1440/1671/909
f 1422/1639/886 1416/1638/885 1440/1671/909 1442/1672/910
f 1418/1637/885 1420/1636/884 1443/1673/911 1441/1670/908
f 1427/1649/895 1422/1639/886 1442/1672/910 1444/1674/912
f 1420/1636/884 1424/1648/894 1445/1675/913 1443/1673/911
f 1431/1656/901 1427/1649/895 1444/1674/912 1446/1676/914
f 1424/1648/894 1428/1655/900 1447/1677/915 1445/1675/913
f 1428/1655/900 1431/1656/901 1446/1676/914 1447/1677/915
f 1469/1678/916 1453/1679/917 1455/1680/918 1471/1681/919
f 1466/1682/920 1450/1683/921 1453/1679/917 1469/1678/916
f 1470/1684/922 1454/1685/923 1452/1686/924 1468/1687/925
f 1468/1687/925 1452/1686/924 1451/1688/926 1467/1689/927
f 1465/1690/928 1449/1691/929 1450/1683/921 1466/1682/920
f 1470/1692/922 1471/1693/919 1455/1694/918 1454/1695/923
f 1464/1696/930 1448/1697/931 1449/1691/929 1465/1690/928
f 1467/1689/927 1451/1688/926 1448/1697/931 1464/1696/930
f 1453/1679/917 1461/1698/932 1463/1699/933 1455/1680/918
f 1450/1683/921 1458/1700/934 1461/1698/932 1453/1679/917
f 1454/1685/923 1462/1701/935 1460/1702/936 1452/1686/924
f 1452/1686/924 1460/1702/936 1459/1703/937 1451/1688/926
f 1449/1691/929 1457/1704/938 1458/1700/934 1450/1683/921
f 1454/1695/923 1455/1694/918 1463/1705/933 1462/1706/935
f 1448/1697/931 1456/1707/939 1457/1704/938 1449/1691/929
f 1451/1688/926 1459/1703/937 1456/1707/939 1448/1697/931
f 1483/1708/940 1467/1689/927 1464/1696/930 1480/1709/941
f 1480/1709/941 1464/1696/930 1465/1690/928 1481/1710/942
f 1486/1711/943 1487/1712/944 1471/1693/919 1470/1692/922
f 1481/1710/942 1465/1690/928 1466/1682/920 1482/1713/945
f 1484/1714/946 1468/1687/925 1467/1689/927 1483/1708/940
f 1486/1715/943 1470/1684/922 1468/1687/925 1484/1714/946
f 1482/1713/945 1466/1682/920 1469/1678/916 1485/1716/947
f 1485/1716/947 1469/1678/916 1471/1681/919 1487/1717/944
f 1444/1718/912 1485/1716/947 1487/1717/944 1446/1719/914
f 1442/1720/910 1482/1713/945 1485/1716/947 1444/1718/912
f 1447/1721/915 1486/1715/943 1484/1714/946 1445/1722/913
f 1445/1722/913 1484/1714/946 1483/1708/940 1443/1723/911
f 1440/1671/909 1481/1710/942 1482/1713/945 1442/1720/910
f 1447/1677/915 1446/1719/914 1487/1712/944 1486/1711/943
f 1441/1670/908 1480/1709/941 1481/1710/942 1440/1671/909
f 1443/1723/911 1483/1708/940 1480/1709/941 1441/1670/908
usemtl Gold
f 1389/1605/863 1391/1604/862 1407/1569/820 1405/1565/834
f 1386/1606/864 1389/1605/863 1405/1565/834 1402/1556/826
f 1390/1608/866 1388/1607/865 1404/1558/828 1406/1560/817
f 1388/1607/865 1387/1609/867 1403/1536/808 1404/1558/828
f 1385/1610/868 1386/1606/864 1402/1556/826 1401/1540/812
f 1390/1611/866 1406/1546/817 1407/1549/820 1391/1612/862
f 1384/1613/869 1385/1610/868 1401/1540/812 1400/1537/809
f 1387/1609/867 1384/1613/869 1400/1537/809 1403/1536/808
f 1461/1698/932 1477/1660/905 1479/1664/888 1463/1699/933
f 1458/1700/934 1474/1651/897 1477/1660/905 1461/1698/932
f 1462/1701/935 1478/1654/887 1476/1652/898 1460/1702/936
f 1460/1702/936 1476/1652/898 1475/1630/878 1459/1703/937
f 1457/1704/938 1473/1635/883 1474/1651/897 1458/1700/934
f 1462/1706/935 1463/1705/933 1479/1641/888 1478/1640/887
f 1456/1707/939 1472/1633/881 1473/1635/883 1457/1704/938
f 1459/1703/937 1475/1630/878 1472/1633/881 1456/1707/939
o Sphere.001_Sphere.003
v -0.042429 0.688084 -0.226947
v -0.143070 0.554421 0.318983
v -0.117557 0.726771 -0.675776
v -0.243558 0.626292 -0.433859
v -0.303710 0.458682 -0.287256
v -0.165756 0.710247 -0.825423
v -0.298679 0.596517 -0.703514
v -0.372445 0.421554 -0.623510
v -0.175984 0.687562 -1.030870
v -0.317107 0.555016 -1.079363
v -0.395425 0.369611 -1.093924
v -0.145896 0.655679 -1.319618
v -0.262892 0.497565 -1.599669
v -0.327820 0.297970 -1.742735
v -0.082387 0.633067 -1.524401
v -0.148452 0.456819 -1.968675
v -0.185116 0.247162 -2.202878
v -0.178406 0.390964 0.503195
v -0.060162 0.618649 0.029850
v -0.171944 0.687804 -0.521876
v -0.235043 0.650965 -0.761878
v -0.249545 0.618472 -1.056147
v -0.206881 0.573261 -1.465596
v -0.116824 0.541197 -1.755981
v -0.007224 0.625622 -1.591830
v -0.012490 0.230062 -2.724764
v -0.010017 0.443107 -2.092865
v -0.010242 0.530640 -1.851595
v -0.018240 0.626713 -1.581947
v -0.040754 0.232862 -2.699408
v -0.032683 0.445352 -2.072531
v -0.025862 0.532187 -1.837582
v -0.392028 0.366011 -1.126529
v -0.314383 0.552129 -1.105510
v -0.174472 0.685960 -1.045381
v -0.247401 0.616200 -1.076723
v -0.106147 0.518115 0.595774
v -0.132363 0.354658 0.779985
v -0.042589 0.374454 1.097115
v -0.053107 0.210997 1.281326
v 0.000000 0.442115 -2.101846
v 0.000000 0.228826 -2.735964
v 0.000000 0.740997 -0.958051
v 0.042429 0.688084 -0.226947
v 0.143070 0.554421 0.318983
v 0.117557 0.726771 -0.675776
v 0.243558 0.626292 -0.433859
v 0.303710 0.458682 -0.287256
v 0.165756 0.710247 -0.825423
v 0.298679 0.596517 -0.703514
v 0.372445 0.421554 -0.623510
v 0.175984 0.687562 -1.030870
v 0.317107 0.555016 -1.079363
v 0.395425 0.369611 -1.093924
v 0.145896 0.655679 -1.319618
v 0.262892 0.497565 -1.599669
v 0.327820 0.297970 -1.742735
v 0.082387 0.633067 -1.524401
v 0.148452 0.456819 -1.968675
v 0.185116 0.247162 -2.202878
v 0.000000 0.624907 -1.598306
v 0.178406 0.390964 0.503195
v 0.060162 0.618649 0.029850
v 0.171944 0.687804 -0.521876
v 0.235043 0.650965 -0.761878
v 0.249545 0.618472 -1.056147
v 0.206881 0.573261 -1.465596
v 0.116824 0.541197 -1.755981
v 0.000000 0.529626 -1.860778
v 0.007224 0.625622 -1.591830
v 0.012490 0.230062 -2.724764
v 0.010017 0.443107 -2.092865
v 0.010242 0.530640 -1.851595
v 0.018240 0.626713 -1.581947
v 0.040754 0.232862 -2.699408
v 0.032683 0.445352 -2.072531
v 0.025862 0.532187 -1.837582
v 0.392028 0.366011 -1.126529
v 0.314383 0.552129 -1.105510
v 0.174472 0.685960 -1.045381
v 0.247401 0.616200 -1.076723
v 0.106147 0.518115 0.595774
v 0.132363 0.354658 0.779985
v 0.042589 0.374454 1.097115
v 0.053107 0.210997 1.281326
v 0.000000 0.554421 0.318983
v 0.000000 0.688084 -0.226947
v 0.000000 0.390964 0.503195
v 0.000000 0.618649 0.029850
v 0.000000 0.518115 0.595774
v 0.000000 0.354658 0.779985
v 0.000000 0.374454 1.097115
v 0.000000 0.210997 1.281326
vt 0.000000 0.000000
vt 0.000000 0.000000
vt 0.000000 0.000000
vt 0.000000 0.000000
vt 0.000000 0.000000
vt 0.000000 0.000000
vt 0.000000 0.000000
vt 0.000000 0.000000
vt 0.000000 0.000000
vt 0.192308 0.782678
vt 0.192308 0.857143
vt 0.153846 0.857143
vt 0.153846 0.782678
vt 0.115385 1.000000
vt 0.076923 0.857143
vt 0.076923 0.782678
vt 0.076923 0.571429
vt 0.076923 0.714286
vt 0.000000 0.714286
vt 0.000000 0.571429
vt 0.038462 1.000000
vt 0.000000 0.857143
vt 0.000000 0.782678
vt 1.000000 0.857143
vt 0.961538 1.000000
vt 0.923077 0.857143
vt 1.000000 0.782678
vt 0.923077 0.782678
vt 1.000000 0.571429
vt 1.000000 0.714286
vt 0.923077 0.714286
vt 0.923077 0.571429
vt 0.919211 0.782678
vt 0.919211 0.857143
vt 0.846154 0.857143
vt 0.846154 0.782678
vt 0.919211 0.571429
vt 0.919211 0.714286
vt 0.846154 0.714286
vt 0.846154 0.571429
vt 0.884615 1.000000
vt 0.769231 0.857143
vt 0.769231 0.782678
vt 0.769231 0.714286
vt 0.769231 0.571429
vt 0.807692 1.000000
vt 0.730769 1.000000
vt 0.699048 0.857143
vt 0.709334 0.857143
vt 0.153846 0.714286
vt 0.192308 0.714286
vt 0.709334 0.782678
vt 0.699048 0.782678
vt 0.192308 0.714286
vt 0.153846 0.714286
vt 0.153846 0.714286
vt 0.192308 0.714286
vt 0.153846 0.571429
vt 0.153846 0.571429
vt 0.192308 0.571429
vt 0.153846 0.571429
vt 0.709241 0.571429
vt 0.709241 0.714286
vt 0.192308 1.000000
vt 0.153846 0.782678
vt 0.153846 0.857143
vt 0.076923 0.857143
vt 0.076923 0.782678
vt 0.076923 0.571429
vt 0.000000 0.571429
vt 0.000000 0.714286
vt 0.076923 0.714286
vt 0.000000 0.857143
vt 0.000000 0.782678
vt 1.000000 0.857143
vt 0.923077 0.857143
vt 1.000000 0.782678
vt 0.923077 0.782678
vt 1.000000 0.571429
vt 0.923077 0.571429
vt 0.923077 0.714286
vt 1.000000 0.714286
vt 0.919211 0.782678
vt 0.846154 0.782678
vt 0.846154 0.857143
vt 0.919211 0.857143
vt 0.919211 0.571429
vt 0.846154 0.571429
vt 0.846154 0.714286
vt 0.919211 0.714286
vt 0.769231 0.782678
vt 0.769231 0.857143
vt 0.769231 0.571429
vt 0.769231 0.714286
vt 0.709334 0.857143
vt 0.699048 0.857143
vt 0.153846 0.714286
vt 0.709334 0.782678
vt 0.699048 0.782678
vt 0.153846 0.714286
vt 0.153846 0.714286
vt 0.153846 0.571429
vt 0.153846 0.571429
vt 0.153846 0.571429
vt 0.709241 0.571429
vt 0.709241 0.714286
vt 0.697496 0.571429
vt 0.697496 0.714286
vt 0.692308 0.714286
vt 0.692308 0.571429
vt 0.692308 0.857143
vt 0.692308 0.782678
vt 0.697496 0.571429
vt 0.697496 0.714286
vn -0.8435 -0.5361 0.0329
vn 0.0000 -0.9791 -0.2033
vn 0.0000 -0.4816 0.8764
vn -0.5124 -0.3924 0.7638
vn -0.9886 -0.0611 0.1377
vn 0.0000 -0.9915 -0.1300
vn 0.8435 -0.5361 0.0329
vn 0.5124 -0.3924 0.7638
vn 0.9886 -0.0611 0.1377
vn 0.0000 0.9710 0.2390
vn 0.0000 0.9859 0.1674
vn -0.1805 0.9686 0.1708
vn -0.1742 0.9633 0.2041
vn 0.0000 0.9965 -0.0837
vn -0.2631 0.9627 0.0629
vn -0.4866 0.8661 0.1145
vn -0.8827 0.4443 0.1532
vn -0.6893 0.7111 0.1386
vn -0.8004 0.5984 0.0357
vn -0.9052 0.4176 0.0787
vn -0.4578 0.8884 -0.0336
vn -0.6339 0.7734 -0.0007
vn -0.4769 0.8725 -0.1059
vn -0.6628 0.7422 -0.0992
vn -0.8121 0.5770 -0.0866
vn -0.9163 0.3931 -0.0756
vn -0.6490 0.7458 -0.1500
vn -0.4560 0.8782 -0.1445
vn -0.4254 0.8889 -0.1700
vn -0.5833 0.7871 -0.2007
vn -0.9084 0.3946 -0.1382
vn -0.7979 0.5843 -0.1476
vn -0.7450 0.6306 -0.2174
vn -0.8488 0.4613 -0.2583
vn -0.2907 0.9268 -0.2379
vn -0.3655 0.8826 -0.2958
vn -0.5555 0.7623 -0.3321
vn -0.8484 0.4534 -0.2731
vn -0.1362 0.9566 -0.2575
vn -0.5529 0.8080 0.2034
vn 0.0000 0.9848 0.1736
vn -0.2083 0.9193 -0.3337
vn 0.0000 0.9791 0.2033
vn -0.5272 0.8171 0.2330
vn -0.4820 0.7620 0.4323
vn 0.0000 0.8764 0.4815
vn -0.2712 0.9083 -0.3183
vn -0.1985 0.9252 -0.3234
vn 0.1742 0.9633 0.2041
vn 0.1805 0.9686 0.1708
vn 0.2631 0.9627 0.0629
vn 0.4866 0.8661 0.1145
vn 0.8827 0.4443 0.1532
vn 0.9052 0.4176 0.0787
vn 0.8004 0.5984 0.0357
vn 0.6893 0.7111 0.1386
vn 0.4578 0.8884 -0.0336
vn 0.6339 0.7734 -0.0007
vn 0.4769 0.8725 -0.1059
vn 0.6628 0.7422 -0.0992
vn 0.9163 0.3931 -0.0756
vn 0.8121 0.5770 -0.0866
vn 0.6490 0.7458 -0.1500
vn 0.5833 0.7871 -0.2007
vn 0.4254 0.8889 -0.1700
vn 0.4560 0.8782 -0.1445
vn 0.9084 0.3946 -0.1382
vn 0.8488 0.4613 -0.2583
vn 0.7450 0.6306 -0.2174
vn 0.7979 0.5843 -0.1476
vn 0.3655 0.8826 -0.2958
vn 0.2907 0.9268 -0.2379
vn 0.8484 0.4534 -0.2731
vn 0.5555 0.7623 -0.3321
vn 0.1362 0.9566 -0.2575
vn 0.5529 0.8080 0.2034
vn 0.2083 0.9193 -0.3337
vn 0.4820 0.7620 0.4323
vn 0.5272 0.8171 0.2330
vn 0.2712 0.9083 -0.3183
vn 0.1985 0.9252 -0.3234
vn -0.1886 0.9308 -0.3131
vn 0.0000 0.9457 -0.3249
vn 0.0000 0.9478 -0.3188
vn 0.0000 0.9547 -0.2976
vn 0.0000 0.9400 -0.3412
vn 0.1886 0.9308 -0.3131
usemtl Porple
s 1
f 1525/1724/948 1578/1725/949 1580/1726/950 1527/1727/951
f 1505/1728/952 1575/1729/953 1578/1725/949 1525/1724/948
f 1570/1730/954 1572/1731/955 1580/1726/950 1578/1725/949
f 1549/1732/956 1570/1730/954 1578/1725/949 1575/1729/953
usemtl DarkPorple
f 1576/1733/957 1574/1734/958 1488/1735/959 1506/1736/960
f 1488/1735/959 1530/1737/961 1490/1738/962
f 1506/1736/960 1488/1735/959 1490/1738/962 1507/1739/963
f 1492/1740/964 1491/1741/965 1494/1742/966 1495/1743/967
f 1490/1738/962 1530/1744/961 1493/1745/968
f 1507/1739/963 1490/1738/962 1493/1745/968 1508/1746/969
f 1493/1747/968 1530/1748/961 1496/1749/970
f 1508/1750/969 1493/1747/968 1496/1749/970 1509/1751/971
f 1495/1752/967 1494/1753/966 1497/1754/972 1498/1755/973
f 1523/1756/974 1522/1757/975 1499/1758/976 1510/1759/977
f 1520/1760/978 1521/1761/979 1500/1762/980 1501/1763/981
f 1496/1749/970 1530/1764/961 1499/1758/976 1522/1757/975
f 1510/1759/977 1499/1758/976 1502/1765/982 1511/1766/983
f 1501/1763/981 1500/1762/980 1503/1767/984 1504/1768/985
f 1499/1758/976 1530/1769/961 1502/1765/982
f 1502/1765/982 1530/1770/961 1512/1771/986 1516/1772/986
f 1494/1753/966 1508/1750/969 1509/1751/971 1497/1754/972
f 1491/1741/965 1507/1739/963 1508/1746/969 1494/1742/966
f 1489/1773/987 1506/1736/960 1507/1739/963 1491/1741/965
f 1573/1774/988 1576/1733/957 1506/1736/960 1489/1773/987
f 1519/1775/989 1516/1772/986 1512/1771/986 1515/1776/989
f 1511/1766/983 1502/1765/982 1516/1772/986 1519/1775/989
f 1577/1777/990 1524/1778/991 1526/1779/992 1579/1780/993
f 1573/1774/988 1489/1773/987 1524/1778/991 1577/1777/990
f 1489/1773/987 1505/1781/952 1525/1782/948 1524/1778/991
f 1580/1783/950 1579/1780/993 1526/1779/992 1527/1784/951
f 1524/1778/991 1525/1782/948 1527/1784/951 1526/1779/992
f 1492/1740/964 1489/1773/987 1491/1741/965
f 1505/1781/952 1489/1773/987 1492/1740/964
f 1517/1785/994 1503/1767/984 1518/1786/995
f 1504/1768/985 1503/1767/984 1517/1785/994
f 1574/1734/958 1530/1787/961 1488/1735/959
f 1576/1733/957 1550/1788/996 1531/1789/997 1574/1734/958
f 1531/1789/997 1533/1790/998 1530/1737/961
f 1550/1788/996 1551/1791/999 1533/1790/998 1531/1789/997
f 1535/1792/1000 1538/1793/1001 1537/1794/1002 1534/1795/1003
f 1533/1790/998 1536/1796/1004 1530/1744/961
f 1551/1791/999 1552/1797/1005 1536/1796/1004 1533/1790/998
f 1536/1798/1004 1539/1799/1006 1530/1748/961
f 1552/1800/1005 1553/1801/1007 1539/1799/1006 1536/1798/1004
f 1538/1802/1001 1541/1803/1008 1540/1804/1009 1537/1805/1002
f 1568/1806/1010 1554/1807/1011 1542/1808/1012 1567/1809/1013
f 1565/1810/1014 1544/1811/1015 1543/1812/1016 1566/1813/1017
f 1539/1799/1006 1567/1809/1013 1542/1808/1012 1530/1764/961
f 1554/1807/1011 1555/1814/1018 1545/1815/1019 1542/1808/1012
f 1544/1811/1015 1547/1816/1020 1546/1817/1021 1543/1812/1016
f 1542/1808/1012 1545/1815/1019 1530/1769/961
f 1545/1815/1019 1561/1818/1022 1557/1819/1022 1530/1770/961
f 1537/1805/1002 1540/1804/1009 1553/1801/1007 1552/1800/1005
f 1534/1795/1003 1537/1794/1002 1552/1797/1005 1551/1791/999
f 1532/1820/1023 1534/1795/1003 1551/1791/999 1550/1788/996
f 1573/1774/988 1532/1820/1023 1550/1788/996 1576/1733/957
f 1564/1821/1024 1560/1822/1024 1557/1819/1022 1561/1818/1022
f 1555/1814/1018 1564/1821/1024 1561/1818/1022 1545/1815/1019
f 1577/1777/990 1579/1780/993 1571/1823/1025 1569/1824/1026
f 1573/1774/988 1577/1777/990 1569/1824/1026 1532/1820/1023
f 1532/1820/1023 1569/1824/1026 1570/1825/954 1549/1826/956
f 1580/1783/950 1572/1827/955 1571/1823/1025 1579/1780/993
f 1569/1824/1026 1571/1823/1025 1572/1827/955 1570/1825/954
f 1535/1792/1000 1534/1795/1003 1532/1820/1023
f 1549/1826/956 1535/1792/1000 1532/1820/1023
f 1562/1828/1027 1563/1829/1028 1546/1817/1021
f 1547/1816/1020 1562/1828/1027 1546/1817/1021
f 1574/1734/958 1531/1789/997 1530/1787/961
usemtl Gold
f 1513/1830/1029 1514/1831/995 1528/1832/1030 1529/1833/1031
f 1515/1776/989 1512/1771/986 1548/1834/1032 1556/1835/1033
f 1514/1831/995 1515/1776/989 1556/1835/1033 1528/1832/1030
f 1500/1762/980 1510/1759/977 1511/1766/983 1503/1767/984
f 1521/1761/979 1523/1756/974 1510/1759/977 1500/1762/980
f 1518/1786/995 1519/1775/989 1515/1776/989 1514/1831/995
f 1517/1785/994 1518/1786/995 1514/1831/995 1513/1830/1029
f 1512/1771/986 1530/1770/961 1548/1834/1032
f 1503/1767/984 1511/1766/983 1519/1775/989 1518/1786/995
f 1497/1754/972 1509/1751/971 1523/1756/974 1521/1761/979
f 1498/1755/973 1497/1754/972 1521/1761/979 1520/1760/978
f 1509/1751/971 1496/1749/970 1522/1757/975 1523/1756/974
f 1558/1836/1034 1529/1833/1031 1528/1832/1030 1559/1837/1028
f 1560/1822/1024 1556/1835/1033 1548/1834/1032 1557/1819/1022
f 1559/1837/1028 1528/1832/1030 1556/1835/1033 1560/1822/1024
f 1543/1812/1016 1546/1817/1021 1555/1814/1018 1554/1807/1011
f 1566/1813/1017 1543/1812/1016 1554/1807/1011 1568/1806/1010
f 1563/1829/1028 1559/1837/1028 1560/1822/1024 1564/1821/1024
f 1562/1828/1027 1558/1836/1034 1559/1837/1028 1563/1829/1028
f 1557/1819/1022 1548/1834/1032 1530/1770/961
f 1546/1817/1021 1563/1829/1028 1564/1821/1024 1555/1814/1018
f 1540/1804/1009 1566/1813/1017 1568/1806/1010 1553/1801/1007
f 1541/1803/1008 1565/1810/1014 1566/1813/1017 1540/1804/1009
f 1553/1801/1007 1568/1806/1010 1567/1809/1013 1539/1799/1006
o Cylinder.001_Cylinder.006
v -1.794173 0.054321 1.647955
v -1.869729 0.054321 -1.333076
v -1.768976 -0.039713 1.647955
v -1.834410 -0.077491 -1.333076
v -1.700138 -0.108551 1.647955
v -1.737916 -0.173985 -1.333076
v -1.606104 -0.133748 1.647955
v -1.606104 -0.209304 -1.333076
v -1.512070 -0.108551 1.647955
v -1.474292 -0.173984 -1.333076
v -1.443232 -0.039713 1.647955
v -1.377799 -0.077491 -1.333076
v -1.418035 0.054321 1.647955
v -1.342479 0.054321 -1.333076
v -1.443232 0.148356 1.647955
v -1.377799 0.186133 -1.333076
v -1.512070 0.217193 1.647955
v -1.474292 0.282627 -1.333076
v -1.606104 0.242390 1.647955
v -1.606104 0.317946 -1.333076
v -1.700138 0.217194 1.647955
v -1.737916 0.282627 -1.333076
v -1.768976 0.148356 1.647955
v -1.834410 0.186134 -1.333076
v -1.984411 0.054321 1.481092
v -1.933727 -0.134832 1.481092
v -1.795257 -0.273302 1.481092
v -1.606104 -0.323985 1.481092
v -1.416951 -0.273302 1.481092
v -1.278481 -0.134832 1.481092
v -1.227798 0.054321 1.481092
v -1.278481 0.243474 1.481092
v -1.416951 0.381944 1.481092
v -1.606104 0.432628 1.481092
v -1.795257 0.381944 1.481092
v -1.933727 0.243475 1.481092
v -1.940856 0.054321 -1.274967
v -1.896008 -0.113055 -1.274967
v -1.773480 -0.235583 -1.274967
v -1.606104 -0.280431 -1.274967
v -1.438728 -0.235583 -1.274967
v -1.316200 -0.113055 -1.274967
v -1.271352 0.054321 -1.274967
v -1.316200 0.221697 -1.274967
v -1.438728 0.344225 -1.274967
v -1.606104 0.389073 -1.274967
v -1.773480 0.344225 -1.274967
v -1.896008 0.221697 -1.274967
v -1.984411 0.054321 1.549707
v -1.933727 -0.134832 1.549707
v -1.795257 -0.273302 1.549707
v -1.606104 -0.323985 1.549707
v -1.416951 -0.273302 1.549707
v -1.278481 -0.134832 1.549707
v -1.227798 0.054321 1.549707
v -1.278481 0.243474 1.549707
v -1.416951 0.381944 1.549707
v -1.606104 0.432628 1.549707
v -1.795257 0.381944 1.549707
v -1.933727 0.243475 1.549707
v -1.896008 -0.113055 -1.333076
v -1.940856 0.054321 -1.333076
v -1.773480 -0.235583 -1.333076
v -1.606104 -0.280431 -1.333076
v -1.438728 -0.235583 -1.333076
v -1.316200 -0.113055 -1.333076
v -1.271352 0.054321 -1.333076
v -1.316200 0.221697 -1.333076
v -1.438728 0.344225 -1.333076
v -1.606104 0.389073 -1.333076
v -1.773480 0.344225 -1.333076
v -1.896008 0.221697 -1.333076
v -1.896008 -0.113055 1.443474
v -1.773480 -0.235583 1.443474
v -1.606104 -0.280431 1.443474
v -1.438728 -0.235583 1.443474
v -1.316200 -0.113055 1.443474
v -1.271352 0.054321 1.443474
v -1.316200 0.221697 1.443474
v -1.438728 0.344225 1.443474
v -1.606104 0.389073 1.443474
v -1.773480 0.344225 1.443474
v -1.896008 0.221697 1.443474
v -1.940856 0.054321 1.443474
v -1.940856 0.054321 1.432967
v -1.896008 -0.113055 1.432967
v -1.773480 -0.235583 1.432967
v -1.606104 -0.280431 1.432967
v -1.438728 -0.235583 1.432967
v -1.316200 -0.113055 1.432967
v -1.271352 0.054321 1.432967
v -1.316200 0.221697 1.432967
v -1.438728 0.344225 1.432967
v -1.606104 0.389073 1.432967
v -1.773480 0.344225 1.432967
v -1.896008 0.221697 1.432967
v -1.933727 -0.134832 1.489235
v -1.795257 -0.273302 1.489235
v -1.606104 -0.323985 1.489235
v -1.416951 -0.273302 1.489235
v -1.278481 -0.134832 1.489235
v -1.227798 0.054321 1.489235
v -1.278481 0.243474 1.489235
v -1.416951 0.381944 1.489235
v -1.606104 0.432628 1.489235
v -1.795257 0.381944 1.489235
v -1.933727 0.243475 1.489235
v -1.984411 0.054321 1.489235
v -1.901601 -0.116284 1.449051
v -1.776709 -0.241175 1.449051
v -1.606104 -0.286889 1.449051
v -1.435499 -0.241175 1.449051
v -1.310607 -0.116284 1.449051
v -1.264894 0.054321 1.449051
v -1.310607 0.224926 1.449051
v -1.435499 0.349818 1.449051
v -1.606104 0.395531 1.449051
v -1.776709 0.349818 1.449051
v -1.901601 0.224926 1.449051
v -1.947314 0.054321 1.449051
v -1.928297 -0.131697 1.475676
v -1.792122 -0.267872 1.475676
v -1.606104 -0.317715 1.475676
v -1.420086 -0.267872 1.475676
v -1.283911 -0.131697 1.475676
v -1.234068 0.054321 1.475676
v -1.283911 0.240339 1.475676
v -1.420086 0.376514 1.475676
v -1.606104 0.426357 1.475676
v -1.792122 0.376514 1.475676
v -1.928297 0.240339 1.475676
v -1.978140 0.054321 1.475676
v -1.852194 -0.087759 2.054127
v -1.890265 0.054321 2.054127
v -1.748184 -0.191769 2.054127
v -1.606104 -0.229839 2.054127
v -1.464024 -0.191769 2.054127
v -1.360014 -0.087759 2.054127
v -1.321944 0.054321 2.054127
v -1.360014 0.196401 2.054127
v -1.464024 0.300411 2.054127
v -1.606104 0.338482 2.054127
v -1.748184 0.300411 2.054127
v -1.852194 0.196402 2.054127
v -1.887817 0.054321 2.067239
v -1.850075 -0.086535 2.067239
v -1.746961 -0.189650 2.067239
v -1.606104 -0.227392 2.067239
v -1.465247 -0.189650 2.067239
v -1.362133 -0.086535 2.067239
v -1.324391 0.054321 2.067239
v -1.362133 0.195178 2.067239
v -1.465247 0.298292 2.067239
v -1.606104 0.336034 2.067239
v -1.746961 0.298292 2.067239
v -1.850075 0.195178 2.067239
v -1.874257 0.054321 2.067239
v -1.838331 -0.079755 2.067239
v -1.740180 -0.177906 2.067239
v -1.606104 -0.213832 2.067239
v -1.472028 -0.177906 2.067239
v -1.373877 -0.079755 2.067239
v -1.337951 0.054321 2.067239
v -1.373877 0.188397 2.067239
v -1.472028 0.286548 2.067239
v -1.606104 0.322474 2.067239
v -1.740180 0.286548 2.067239
v -1.838331 0.188398 2.067239
v -1.850332 0.054321 2.067863
v -1.817611 -0.067793 2.067863
v -1.728218 -0.157186 2.067863
v -1.606104 -0.189906 2.067863
v -1.483990 -0.157186 2.067863
v -1.394597 -0.067793 2.067863
v -1.361876 0.054321 2.067863
v -1.394597 0.176435 2.067863
v -1.483990 0.265828 2.067863
v -1.606104 0.298549 2.067863
v -1.728218 0.265829 2.067863
v -1.817611 0.176435 2.067863
v -1.838494 0.054321 2.067863
v -1.807359 -0.061874 2.067863
v -1.722299 -0.146934 2.067863
v -1.606104 -0.178069 2.067863
v -1.489909 -0.146934 2.067863
v -1.404849 -0.061874 2.067863
v -1.373714 0.054321 2.067863
v -1.404849 0.170516 2.067863
v -1.489909 0.255577 2.067863
v -1.606104 0.286711 2.067863
v -1.722299 0.255577 2.067863
v -1.807359 0.170516 2.067863
v -1.653700 0.026842 -1.485767
v -1.661063 0.054321 -1.485767
v -1.633584 0.006725 -1.485767
v -1.606104 -0.000638 -1.485767
v -1.578625 0.006725 -1.485767
v -1.558508 0.026842 -1.485767
v -1.551145 0.054321 -1.485767
v -1.558508 0.081801 -1.485767
v -1.578625 0.101917 -1.485767
v -1.606104 0.109280 -1.485767
v -1.633584 0.101917 -1.485767
v -1.653700 0.081801 -1.485767
v -1.703520 -0.001922 -1.485767
v -1.718590 0.054321 -1.485767
v -1.662347 -0.043095 -1.485767
v -1.606104 -0.058165 -1.485767
v -1.549861 -0.043095 -1.485767
v -1.508688 -0.001922 -1.485767
v -1.493618 0.054321 -1.485767
v -1.508688 0.110564 -1.485767
v -1.549861 0.151737 -1.485767
v -1.606104 0.166807 -1.485767
v -1.662347 0.151737 -1.485767
v -1.703520 0.110564 -1.485767
v -1.650092 0.028925 -1.892516
v -1.656897 0.054321 -1.892516
v -1.631500 0.010334 -1.892516
v -1.606104 0.003529 -1.892516
v -1.580708 0.010334 -1.892516
v -1.562117 0.028925 -1.892516
v -1.555312 0.054321 -1.892516
v -1.562117 0.079718 -1.892516
v -1.580708 0.098309 -1.892516
v -1.606104 0.105114 -1.892516
v -1.631500 0.098309 -1.892516
v -1.650092 0.079718 -1.892516
v -1.665033 0.054321 -1.485767
v -1.657138 0.024857 -1.485767
v -1.635568 0.003287 -1.485767
v -1.606104 -0.004608 -1.485767
v -1.576640 0.003287 -1.485767
v -1.555070 0.024857 -1.485767
v -1.547176 0.054321 -1.485767
v -1.555070 0.083786 -1.485767
v -1.576640 0.105355 -1.485767
v -1.606104 0.113250 -1.485767
v -1.635568 0.105355 -1.485767
v -1.657138 0.083786 -1.485767
v -1.699129 0.000613 -1.485767
v -1.659812 -0.038704 -1.485767
v -1.606104 -0.053094 -1.485767
v -1.552396 -0.038704 -1.485767
v -1.513080 0.000613 -1.485767
v -1.498689 0.054321 -1.485767
v -1.513080 0.108029 -1.485767
v -1.552396 0.147346 -1.485767
v -1.606104 0.161737 -1.485767
v -1.659812 0.147346 -1.485767
v -1.699129 0.108029 -1.485767
v -1.713520 0.054321 -1.485767
v -1.507123 0.111468 -1.483941
v -1.548958 0.153302 -1.483941
v -1.548958 -0.044660 -1.483941
v -1.507123 -0.002825 -1.483941
v -1.705085 0.111468 -1.483941
v -1.720397 0.054321 -1.483941
v -1.705085 -0.002825 -1.483941
v -1.663251 -0.044660 -1.483941
v -1.606104 0.168614 -1.483941
v -1.491811 0.054321 -1.483941
v -1.606104 -0.059972 -1.483941
v -1.663251 0.153302 -1.483941
v -1.475360 0.280776 -1.335235
v -1.379649 -0.076423 -1.335235
v -1.867592 0.054321 -1.335235
v -1.736848 -0.172134 -1.335235
v -1.606104 0.315809 -1.335235
v -1.344617 0.054321 -1.335235
v -1.606104 -0.207166 -1.335235
v -1.736848 0.280776 -1.335235
v -1.379649 0.185065 -1.335235
v -1.475360 -0.172134 -1.335235
v -1.832559 0.185065 -1.335235
v -1.832559 -0.076423 -1.335235
v -1.873312 0.054321 -1.333076
v -1.837513 -0.079283 -1.333076
v -1.739708 -0.177087 -1.333076
v -1.606104 -0.212886 -1.333076
v -1.472500 -0.177087 -1.333076
v -1.374696 -0.079283 -1.333076
v -1.338897 0.054321 -1.333076
v -1.374696 0.187925 -1.333076
v -1.472500 0.285730 -1.333076
v -1.606104 0.321529 -1.333076
v -1.739708 0.285730 -1.333076
v -1.837513 0.187925 -1.333076
v -1.891096 -0.110219 -1.333076
v -1.770644 -0.230670 -1.333076
v -1.606104 -0.274759 -1.333076
v -1.441564 -0.230670 -1.333076
v -1.321113 -0.110219 -1.333076
v -1.277025 0.054321 -1.333076
v -1.321113 0.218861 -1.333076
v -1.441564 0.339313 -1.333076
v -1.606104 0.383401 -1.333076
v -1.770644 0.339313 -1.333076
v -1.891096 0.218861 -1.333076
v -1.935184 0.054321 -1.333076
v -1.653700 0.026842 -1.892516
v -1.661063 0.054321 -1.892516
v -1.633584 0.006726 -1.892516
v -1.606104 -0.000637 -1.892516
v -1.578625 0.006726 -1.892516
v -1.558509 0.026842 -1.892516
v -1.551145 0.054321 -1.892516
v -1.558509 0.081801 -1.892516
v -1.578625 0.101917 -1.892516
v -1.606104 0.109280 -1.892516
v -1.633584 0.101917 -1.892516
v -1.653700 0.081801 -1.892516
v -1.578625 0.101917 -1.886036
v -1.606104 0.109280 -1.886036
v -1.558509 0.026842 -1.886036
v -1.551145 0.054321 -1.886036
v -1.633584 0.006726 -1.886036
v -1.606104 -0.000637 -1.886036
v -1.633584 0.101917 -1.886036
v -1.558509 0.081801 -1.886036
v -1.578625 0.006726 -1.886036
v -1.653700 0.081801 -1.886036
v -1.661063 0.054321 -1.886036
v -1.653700 0.026842 -1.886036
v -1.606104 0.109280 -1.490781
v -1.551145 0.054321 -1.490781
v -1.606104 -0.000638 -1.490781
v -1.633584 0.101917 -1.490781
v -1.558508 0.081801 -1.490781
v -1.578625 0.006725 -1.490781
v -1.653700 0.081801 -1.490781
v -1.653700 0.026842 -1.490781
v -1.578625 0.101917 -1.490781
v -1.558508 0.026842 -1.490781
v -1.633584 0.006725 -1.490781
v -1.661063 0.054321 -1.490781
v -1.769464 -0.039995 1.678506
v -1.794737 0.054321 1.678506
v -1.700420 -0.109039 1.678506
v -1.606104 -0.134311 1.678506
v -1.511788 -0.109039 1.678506
v -1.442744 -0.039995 1.678506
v -1.417472 0.054321 1.678506
v -1.442744 0.148637 1.678506
v -1.511788 0.217682 1.678506
v -1.606104 0.242954 1.678506
v -1.700420 0.217682 1.678506
v -1.769464 0.148638 1.678506
v -1.838274 0.054321 2.055974
v -1.807169 -0.061764 2.055974
v -1.722189 -0.146744 2.055974
v -1.606104 -0.177849 2.055974
v -1.490019 -0.146744 2.055974
v -1.405038 -0.061764 2.055974
v -1.373934 0.054321 2.055974
v -1.405039 0.170406 2.055974
v -1.490019 0.255387 2.055974
v -1.606104 0.286492 2.055974
v -1.722189 0.255387 2.055974
v -1.807169 0.170407 2.055974
v 1.794173 0.054321 1.647955
v 1.869729 0.054321 -1.333076
v 1.768976 -0.039713 1.647955
v 1.834410 -0.077491 -1.333076
v 1.700138 -0.108551 1.647955
v 1.737916 -0.173984 -1.333076
v 1.606104 -0.133748 1.647955
v 1.606104 -0.209303 -1.333076
v 1.512069 -0.108551 1.647955
v 1.474292 -0.173984 -1.333076
v 1.443232 -0.039713 1.647955
v 1.377798 -0.077491 -1.333076
v 1.418035 0.054321 1.647955
v 1.342479 0.054321 -1.333076
v 1.443232 0.148356 1.647955
v 1.377798 0.186133 -1.333076
v 1.512069 0.217193 1.647955
v 1.474292 0.282627 -1.333076
v 1.606104 0.242390 1.647955
v 1.606104 0.317946 -1.333076
v 1.700138 0.217194 1.647955
v 1.737916 0.282627 -1.333076
v 1.768976 0.148356 1.647955
v 1.834410 0.186134 -1.333076
v 1.984411 0.054321 1.481091
v 1.933727 -0.134832 1.481091
v 1.795257 -0.273302 1.481091
v 1.606104 -0.323985 1.481091
v 1.416950 -0.273302 1.481091
v 1.278481 -0.134832 1.481091
v 1.227798 0.054321 1.481091
v 1.278481 0.243474 1.481091
v 1.416950 0.381944 1.481091
v 1.606104 0.432628 1.481091
v 1.795257 0.381944 1.481091
v 1.933727 0.243475 1.481091
v 1.940856 0.054321 -1.274967
v 1.896008 -0.113055 -1.274967
v 1.773480 -0.235583 -1.274967
v 1.606104 -0.280431 -1.274967
v 1.438728 -0.235583 -1.274967
v 1.316200 -0.113055 -1.274967
v 1.271352 0.054321 -1.274967
v 1.316200 0.221697 -1.274967
v 1.438728 0.344225 -1.274967
v 1.606104 0.389073 -1.274967
v 1.773480 0.344225 -1.274967
v 1.896008 0.221697 -1.274967
v 1.984410 0.054321 1.549707
v 1.933727 -0.134832 1.549707
v 1.795257 -0.273302 1.549707
v 1.606104 -0.323985 1.549707
v 1.416950 -0.273302 1.549707
v 1.278481 -0.134832 1.549707
v 1.227798 0.054321 1.549707
v 1.278481 0.243474 1.549707
v 1.416950 0.381944 1.549707
v 1.606104 0.432628 1.549707
v 1.795257 0.381944 1.549707
v 1.933727 0.243475 1.549707
v 1.896008 -0.113055 -1.333076
v 1.940856 0.054321 -1.333076
v 1.773480 -0.235583 -1.333076
v 1.606104 -0.280431 -1.333076
v 1.438728 -0.235583 -1.333076
v 1.316200 -0.113055 -1.333076
v 1.271352 0.054321 -1.333076
v 1.316200 0.221697 -1.333076
v 1.438728 0.344225 -1.333076
v 1.606104 0.389073 -1.333076
v 1.773480 0.344225 -1.333076
v 1.896008 0.221697 -1.333076
v 1.896008 -0.113055 1.443474
v 1.773480 -0.235583 1.443474
v 1.606104 -0.280431 1.443474
v 1.438728 -0.235583 1.443474
v 1.316200 -0.113055 1.443474
v 1.271352 0.054321 1.443474
v 1.316200 0.221697 1.443474
v 1.438728 0.344225 1.443474
v 1.606104 0.389073 1.443474
v 1.773480 0.344225 1.443474
v 1.896008 0.221697 1.443474
v 1.940856 0.054321 1.443474
v 1.940856 0.054321 1.432967
v 1.896008 -0.113055 1.432967
v 1.773480 -0.235583 1.432967
v 1.606104 -0.280431 1.432967
v 1.438728 -0.235583 1.432967
v 1.316200 -0.113055 1.432967
v 1.271352 0.054321 1.432967
v 1.316200 0.221697 1.432967
v 1.438728 0.344225 1.432967
v 1.606104 0.389073 1.432967
v 1.773480 0.344225 1.432967
v 1.896008 0.221697 1.432967
v 1.933727 -0.134832 1.489235
v 1.795257 -0.273302 1.489235
v 1.606104 -0.323985 1.489235
v 1.416950 -0.273302 1.489235
v 1.278481 -0.134832 1.489235
v 1.227798 0.054321 1.489235
v 1.278481 0.243474 1.489235
v 1.416950 0.381944 1.489235
v 1.606104 0.432628 1.489235
v 1.795257 0.381944 1.489235
v 1.933727 0.243475 1.489235
v 1.984411 0.054321 1.489235
v 1.901601 -0.116284 1.449051
v 1.776709 -0.241175 1.449051
v 1.606104 -0.286889 1.449051
v 1.435499 -0.241175 1.449051
v 1.310607 -0.116284 1.449051
v 1.264894 0.054321 1.449051
v 1.310607 0.224926 1.449051
v 1.435499 0.349818 1.449051
v 1.606104 0.395531 1.449051
v 1.776709 0.349818 1.449051
v 1.901601 0.224926 1.449051
v 1.947314 0.054321 1.449051
v 1.928297 -0.131697 1.475676
v 1.792122 -0.267872 1.475676
v 1.606104 -0.317715 1.475676
v 1.420086 -0.267872 1.475676
v 1.283911 -0.131697 1.475676
v 1.234068 0.054321 1.475676
v 1.283911 0.240339 1.475676
v 1.420086 0.376514 1.475676
v 1.606104 0.426357 1.475676
v 1.792122 0.376514 1.475676
v 1.928297 0.240339 1.475676
v 1.978140 0.054321 1.475676
v 1.852194 -0.087759 2.054127
v 1.890265 0.054321 2.054127
v 1.748184 -0.191769 2.054127
v 1.606104 -0.229839 2.054127
v 1.464024 -0.191769 2.054127
v 1.360013 -0.087759 2.054127
v 1.321943 0.054321 2.054127
v 1.360013 0.196401 2.054127
v 1.464024 0.300411 2.054127
v 1.606104 0.338482 2.054127
v 1.748184 0.300411 2.054127
v 1.852194 0.196402 2.054127
v 1.887817 0.054321 2.067239
v 1.850075 -0.086535 2.067239
v 1.746960 -0.189650 2.067239
v 1.606104 -0.227392 2.067239
v 1.465247 -0.189650 2.067239
v 1.362133 -0.086535 2.067239
v 1.324391 0.054321 2.067239
v 1.362133 0.195178 2.067239
v 1.465247 0.298292 2.067239
v 1.606104 0.336034 2.067239
v 1.746960 0.298292 2.067239
v 1.850075 0.195178 2.067239
v 1.874257 0.054321 2.067239
v 1.838331 -0.079755 2.067239
v 1.740180 -0.177906 2.067239
v 1.606104 -0.213832 2.067239
v 1.472028 -0.177906 2.067239
v 1.373877 -0.079755 2.067239
v 1.337951 0.054321 2.067239
v 1.373877 0.188397 2.067239
v 1.472028 0.286548 2.067239
v 1.606104 0.322474 2.067239
v 1.740180 0.286548 2.067239
v 1.838331 0.188398 2.067239
v 1.850332 0.054321 2.067863
v 1.817611 -0.067793 2.067863
v 1.728218 -0.157186 2.067863
v 1.606104 -0.189906 2.067863
v 1.483990 -0.157186 2.067863
v 1.394596 -0.067793 2.067863
v 1.361876 0.054321 2.067863
v 1.394596 0.176435 2.067863
v 1.483990 0.265828 2.067863
v 1.606104 0.298549 2.067863
v 1.728218 0.265829 2.067863
v 1.817611 0.176435 2.067863
v 1.838494 0.054321 2.067863
v 1.807359 -0.061874 2.067863
v 1.722299 -0.146934 2.067863
v 1.606104 -0.178069 2.067863
v 1.489909 -0.146934 2.067863
v 1.404848 -0.061874 2.067863
v 1.373714 0.054321 2.067863
v 1.404849 0.170516 2.067863
v 1.489909 0.255577 2.067863
v 1.606104 0.286711 2.067863
v 1.722299 0.255577 2.067863
v 1.807359 0.170516 2.067863
v 1.653700 0.026842 -1.485767
v 1.661063 0.054321 -1.485767
v 1.633584 0.006725 -1.485767
v 1.606104 -0.000638 -1.485767
v 1.578625 0.006725 -1.485767
v 1.558509 0.026842 -1.485767
v 1.551145 0.054321 -1.485767
v 1.558509 0.081801 -1.485767
v 1.578625 0.101917 -1.485767
v 1.606104 0.109280 -1.485767
v 1.633584 0.101917 -1.485767
v 1.653700 0.081801 -1.485767
v 1.703520 -0.001922 -1.485767
v 1.718590 0.054321 -1.485767
v 1.662347 -0.043095 -1.485767
v 1.606104 -0.058165 -1.485767
v 1.549861 -0.043095 -1.485767
v 1.508688 -0.001922 -1.485767
v 1.493618 0.054321 -1.485767
v 1.508688 0.110564 -1.485767
v 1.549861 0.151737 -1.485767
v 1.606104 0.166807 -1.485767
v 1.662347 0.151737 -1.485767
v 1.703520 0.110564 -1.485767
v 1.650092 0.028925 -1.892516
v 1.656897 0.054321 -1.892516
v 1.631500 0.010334 -1.892516
v 1.606104 0.003529 -1.892516
v 1.580708 0.010334 -1.892516
v 1.562117 0.028925 -1.892516
v 1.555312 0.054321 -1.892516
v 1.562117 0.079718 -1.892516
v 1.580708 0.098309 -1.892516
v 1.606104 0.105114 -1.892516
v 1.631500 0.098309 -1.892516
v 1.650092 0.079718 -1.892516
v 1.665033 0.054321 -1.485767
v 1.657138 0.024857 -1.485767
v 1.635568 0.003287 -1.485767
v 1.606104 -0.004608 -1.485767
v 1.576640 0.003287 -1.485767
v 1.555070 0.024857 -1.485767
v 1.547175 0.054321 -1.485767
v 1.555070 0.083786 -1.485767
v 1.576640 0.105355 -1.485767
v 1.606104 0.113250 -1.485767
v 1.635568 0.105355 -1.485767
v 1.657138 0.083786 -1.485767
v 1.699129 0.000613 -1.485767
v 1.659812 -0.038704 -1.485767
v 1.606104 -0.053094 -1.485767
v 1.552396 -0.038703 -1.485767
v 1.513079 0.000613 -1.485767
v 1.498688 0.054321 -1.485767
v 1.513079 0.108029 -1.485767
v 1.552396 0.147346 -1.485767
v 1.606104 0.161737 -1.485767
v 1.659812 0.147346 -1.485767
v 1.699129 0.108029 -1.485767
v 1.713520 0.054321 -1.485767
v 1.507123 0.111468 -1.483941
v 1.548958 0.153302 -1.483941
v 1.548958 -0.044660 -1.483941
v 1.507123 -0.002825 -1.483941
v 1.705085 0.111468 -1.483941
v 1.720397 0.054321 -1.483941
v 1.705085 -0.002825 -1.483941
v 1.663251 -0.044660 -1.483941
v 1.606104 0.168614 -1.483941
v 1.491811 0.054321 -1.483941
v 1.606104 -0.059972 -1.483941
v 1.663251 0.153302 -1.483941
v 1.475360 0.280776 -1.335235
v 1.379649 -0.076423 -1.335235
v 1.867592 0.054321 -1.335235
v 1.736848 -0.172134 -1.335235
v 1.606104 0.315809 -1.335235
v 1.344617 0.054321 -1.335235
v 1.606104 -0.207166 -1.335235
v 1.736848 0.280776 -1.335235
v 1.379649 0.185065 -1.335235
v 1.475360 -0.172134 -1.335235
v 1.832559 0.185065 -1.335235
v 1.832559 -0.076423 -1.335235
v 1.873312 0.054321 -1.333076
v 1.837513 -0.079283 -1.333076
v 1.739708 -0.177087 -1.333076
v 1.606104 -0.212886 -1.333076
v 1.472500 -0.177087 -1.333076
v 1.374696 -0.079283 -1.333076
v 1.338897 0.054321 -1.333076
v 1.374696 0.187925 -1.333076
v 1.472500 0.285730 -1.333076
v 1.606104 0.321529 -1.333076
v 1.739708 0.285730 -1.333076
v 1.837513 0.187925 -1.333076
v 1.891095 -0.110219 -1.333076
v 1.770644 -0.230670 -1.333076
v 1.606104 -0.274759 -1.333076
v 1.441564 -0.230670 -1.333076
v 1.321113 -0.110219 -1.333076
v 1.277025 0.054321 -1.333076
v 1.321113 0.218861 -1.333076
v 1.441564 0.339313 -1.333076
v 1.606104 0.383401 -1.333076
v 1.770644 0.339313 -1.333076
v 1.891095 0.218861 -1.333076
v 1.935184 0.054321 -1.333076
v 1.653700 0.026842 -1.892516
v 1.661063 0.054321 -1.892516
v 1.633584 0.006726 -1.892516
v 1.606104 -0.000637 -1.892516
v 1.578625 0.006726 -1.892516
v 1.558509 0.026842 -1.892516
v 1.551146 0.054321 -1.892516
v 1.558509 0.081801 -1.892516
v 1.578625 0.101917 -1.892516
v 1.606104 0.109280 -1.892516
v 1.633584 0.101917 -1.892516
v 1.653700 0.081801 -1.892516
v 1.578625 0.101917 -1.886036
v 1.606104 0.109280 -1.886036
v 1.558509 0.026842 -1.886036
v 1.551146 0.054321 -1.886036
v 1.633584 0.006726 -1.886036
v 1.606104 -0.000637 -1.886036
v 1.633584 0.101917 -1.886036
v 1.558509 0.081801 -1.886036
v 1.578625 0.006726 -1.886036
v 1.653700 0.081801 -1.886036
v 1.661063 0.054321 -1.886036
v 1.653700 0.026842 -1.886036
v 1.606104 0.109280 -1.490780
v 1.551145 0.054321 -1.490780
v 1.606104 -0.000638 -1.490780
v 1.633584 0.101917 -1.490780
v 1.558509 0.081801 -1.490780
v 1.578625 0.006725 -1.490780
v 1.653700 0.081801 -1.490780
v 1.653700 0.026842 -1.490780
v 1.578625 0.101917 -1.490780
v 1.558509 0.026842 -1.490780
v 1.633584 0.006725 -1.490780
v 1.661063 0.054321 -1.490780
v 1.769464 -0.039995 1.678506
v 1.794736 0.054321 1.678506
v 1.700420 -0.109039 1.678506
v 1.606104 -0.134311 1.678506
v 1.511788 -0.109039 1.678506
v 1.442744 -0.039995 1.678506
v 1.417471 0.054321 1.678506
v 1.442744 0.148637 1.678506
v 1.511788 0.217682 1.678506
v 1.606104 0.242954 1.678506
v 1.700420 0.217682 1.678506
v 1.769464 0.148638 1.678506
v 1.838274 0.054321 2.055974
v 1.807169 -0.061764 2.055974
v 1.722189 -0.146744 2.055974
v 1.606104 -0.177849 2.055974
v 1.490019 -0.146744 2.055974
v 1.405038 -0.061764 2.055974
v 1.373934 0.054321 2.055974
v 1.405038 0.170406 2.055974
v 1.490019 0.255387 2.055974
v 1.606104 0.286492 2.055974
v 1.722189 0.255387 2.055974
v 1.807169 0.170407 2.055974
vt 1.000000 0.990616
vt 1.000000 1.000000
vt 0.916667 1.000000
vt 0.916667 0.990616
vt 0.833333 1.000000
vt 0.833333 0.990616
vt 0.750000 1.000000
vt 0.750000 0.990616
vt 0.666667 1.000000
vt 0.666667 0.990616
vt 0.583333 1.000000
vt 0.583333 0.990616
vt 0.500000 1.000000
vt 0.500000 0.990616
vt 0.416667 1.000000
vt 0.416667 0.990616
vt 0.333333 1.000000
vt 0.333333 0.990616
vt 0.250000 1.000000
vt 0.250000 0.990616
vt 0.166667 1.000000
vt 0.166667 0.990616
vt 0.086317 0.155497
vt 0.155497 0.086317
vt 0.155497 0.086317
vt 0.086317 0.155497
vt 0.083333 1.000000
vt 0.083333 0.990616
vt 0.000000 1.000000
vt 0.000000 0.990616
vt 1.000000 0.519615
vt 0.916667 0.519615
vt 0.250000 0.485933
vt 0.367967 0.454324
vt 0.370000 0.457846
vt 0.250000 0.490000
vt 0.454324 0.367967
vt 0.457846 0.370000
vt 0.485933 0.250000
vt 0.490000 0.250000
vt 0.454324 0.132033
vt 0.457846 0.130000
vt 0.367967 0.045676
vt 0.370000 0.042154
vt 0.250000 0.014067
vt 0.250000 0.010000
vt 0.132033 0.045676
vt 0.130000 0.042154
vt 0.045676 0.132033
vt 0.042154 0.130000
vt 0.014067 0.250000
vt 0.010000 0.250000
vt 0.045676 0.367967
vt 0.042154 0.370000
vt 0.132033 0.454324
vt 0.130000 0.457846
vt 1.000000 0.516763
vt 1.000000 0.517752
vt 0.916667 0.517752
vt 0.916667 0.516763
vt 0.833333 0.517752
vt 0.833333 0.516762
vt 0.750000 0.517752
vt 0.750000 0.516763
vt 0.666667 0.517752
vt 0.666667 0.516762
vt 0.583333 0.517752
vt 0.583333 0.516762
vt 0.500000 0.517752
vt 0.500000 0.516763
vt 0.416667 0.517752
vt 0.416667 0.516763
vt 0.333333 0.517752
vt 0.333333 0.516763
vt 0.250000 0.517752
vt 0.250000 0.516762
vt 0.166667 0.517752
vt 0.166667 0.516762
vt 0.083333 0.517752
vt 0.083333 0.516762
vt 0.000000 0.517752
vt 0.000000 0.516763
vt 0.833333 0.519615
vt 0.750000 0.519615
vt 0.666667 0.519615
vt 0.583333 0.519615
vt 0.500000 0.519615
vt 0.416667 0.519615
vt 0.333333 0.519615
vt 0.250000 0.519615
vt 0.166667 0.519615
vt 0.083333 0.519615
vt 0.000000 0.519615
vt 0.344503 0.086317
vt 0.413683 0.155497
vt 0.413683 0.155497
vt 0.344503 0.086317
vt 0.250000 0.439005
vt 0.155497 0.413683
vt 0.155497 0.413683
vt 0.250000 0.439005
vt 0.413683 0.344503
vt 0.344503 0.413683
vt 0.344503 0.413683
vt 0.413683 0.344503
vt 0.060995 0.250000
vt 0.060995 0.250000
vt 0.250000 0.060995
vt 0.250000 0.060995
vt 0.439005 0.250000
vt 0.439005 0.250000
vt 0.086316 0.344503
vt 0.086316 0.344503
vt 0.250000 0.430486
vt 0.340243 0.406305
vt 0.406305 0.340243
vt 0.430486 0.250000
vt 0.406305 0.159757
vt 0.340243 0.093695
vt 0.250000 0.069514
vt 0.159757 0.093695
vt 0.093695 0.159757
vt 0.069514 0.250000
vt 0.093695 0.340243
vt 0.159757 0.406305
vt 0.203827 0.329973
vt 0.250000 0.342345
vt 0.250000 0.349015
vt 0.200492 0.335750
vt 0.170027 0.296172
vt 0.164250 0.299508
vt 0.157655 0.250000
vt 0.150985 0.250000
vt 0.170027 0.203828
vt 0.164250 0.200492
vt 0.203828 0.170027
vt 0.200492 0.164250
vt 0.250000 0.157655
vt 0.250000 0.150985
vt 0.296172 0.170027
vt 0.299508 0.164250
vt 0.329973 0.203828
vt 0.335750 0.200492
vt 0.342345 0.250000
vt 0.349015 0.250000
vt 0.329973 0.296172
vt 0.335750 0.299508
vt 0.296172 0.329973
vt 0.299508 0.335750
vt 0.344503 0.413683
vt 0.250000 0.439005
vt 0.155497 0.413683
vt 0.086316 0.344503
vt 0.413683 0.155497
vt 0.439005 0.250000
vt 0.155497 0.086317
vt 0.250000 0.060995
vt 0.060995 0.250000
vt 0.413683 0.344503
vt 0.344503 0.086317
vt 0.086317 0.155497
vt 0.086317 0.155497
vt 0.155497 0.086317
vt 0.344503 0.086317
vt 0.413683 0.155497
vt 0.250000 0.439005
vt 0.155497 0.413683
vt 0.413683 0.344503
vt 0.344503 0.413683
vt 0.060995 0.250000
vt 0.250000 0.060995
vt 0.439005 0.250000
vt 0.086316 0.344503
vt 0.250000 0.441574
vt 0.154213 0.415908
vt 0.084092 0.345787
vt 0.058426 0.250000
vt 0.084092 0.154213
vt 0.154213 0.084092
vt 0.250000 0.058426
vt 0.345787 0.084092
vt 0.415908 0.154213
vt 0.441574 0.250000
vt 0.415908 0.345787
vt 0.345787 0.415908
vt 1.000000 0.990616
vt 0.916667 0.990616
vt 0.916667 1.000000
vt 1.000000 1.000000
vt 0.833333 0.990616
vt 0.833333 1.000000
vt 0.750000 0.990616
vt 0.750000 1.000000
vt 0.666667 0.990616
vt 0.666667 1.000000
vt 0.583333 0.990616
vt 0.583333 1.000000
vt 0.500000 0.990616
vt 0.500000 1.000000
vt 0.416667 0.990616
vt 0.416667 1.000000
vt 0.333333 0.990616
vt 0.333333 1.000000
vt 0.250000 0.990616
vt 0.250000 1.000000
vt 0.166667 0.990616
vt 0.166667 1.000000
vt 0.086317 0.155497
vt 0.086317 0.155497
vt 0.155497 0.086317
vt 0.155497 0.086317
vt 0.083333 0.990616
vt 0.083333 1.000000
vt 0.000000 0.990616
vt 0.000000 1.000000
vt 1.000000 0.519615
vt 0.916667 0.519615
vt 0.250000 0.485933
vt 0.250000 0.490000
vt 0.370000 0.457846
vt 0.367967 0.454324
vt 0.457846 0.370000
vt 0.454324 0.367967
vt 0.490000 0.250000
vt 0.485933 0.250000
vt 0.457846 0.130000
vt 0.454324 0.132033
vt 0.370000 0.042154
vt 0.367967 0.045676
vt 0.250000 0.010000
vt 0.250000 0.014067
vt 0.130000 0.042154
vt 0.132033 0.045676
vt 0.042154 0.130000
vt 0.045676 0.132033
vt 0.010000 0.250000
vt 0.014067 0.250000
vt 0.042154 0.370000
vt 0.045676 0.367967
vt 0.130000 0.457846
vt 0.132033 0.454324
vt 1.000000 0.516763
vt 0.916667 0.516763
vt 0.916667 0.517752
vt 1.000000 0.517752
vt 0.833333 0.516762
vt 0.833333 0.517752
vt 0.750000 0.516763
vt 0.750000 0.517752
vt 0.666667 0.516762
vt 0.666667 0.517752
vt 0.583333 0.516762
vt 0.583333 0.517752
vt 0.500000 0.516763
vt 0.500000 0.517752
vt 0.416667 0.516763
vt 0.416667 0.517752
vt 0.333333 0.516763
vt 0.333333 0.517752
vt 0.250000 0.516762
vt 0.250000 0.517752
vt 0.166667 0.516762
vt 0.166667 0.517752
vt 0.083333 0.516762
vt 0.083333 0.517752
vt 0.000000 0.516763
vt 0.000000 0.517752
vt 0.833333 0.519615
vt 0.750000 0.519615
vt 0.666667 0.519615
vt 0.583333 0.519615
vt 0.500000 0.519615
vt 0.416667 0.519615
vt 0.333333 0.519615
vt 0.250000 0.519615
vt 0.166667 0.519615
vt 0.083333 0.519615
vt 0.000000 0.519615
vt 0.344503 0.086317
vt 0.344503 0.086317
vt 0.413683 0.155497
vt 0.413683 0.155497
vt 0.250000 0.439005
vt 0.250000 0.439005
vt 0.155497 0.413683
vt 0.155497 0.413683
vt 0.413683 0.344503
vt 0.413683 0.344503
vt 0.344503 0.413683
vt 0.344503 0.413683
vt 0.060995 0.250000
vt 0.060995 0.250000
vt 0.250000 0.060995
vt 0.250000 0.060995
vt 0.439005 0.250000
vt 0.439005 0.250000
vt 0.086316 0.344503
vt 0.086316 0.344503
vt 0.250000 0.430486
vt 0.340243 0.406305
vt 0.406305 0.340243
vt 0.430486 0.250000
vt 0.406305 0.159757
vt 0.340243 0.093695
vt 0.250000 0.069514
vt 0.159757 0.093695
vt 0.093695 0.159757
vt 0.069514 0.250000
vt 0.093695 0.340243
vt 0.159757 0.406305
vt 0.203827 0.329973
vt 0.200492 0.335750
vt 0.250000 0.349015
vt 0.250000 0.342345
vt 0.170027 0.296172
vt 0.164250 0.299508
vt 0.157655 0.250000
vt 0.150985 0.250000
vt 0.170027 0.203828
vt 0.164250 0.200492
vt 0.203828 0.170027
vt 0.200492 0.164250
vt 0.250000 0.157655
vt 0.250000 0.150985
vt 0.296172 0.170027
vt 0.299508 0.164250
vt 0.329973 0.203828
vt 0.335750 0.200492
vt 0.342345 0.250000
vt 0.349015 0.250000
vt 0.329973 0.296172
vt 0.335750 0.299508
vt 0.296172 0.329973
vt 0.299508 0.335750
vt 0.344503 0.413683
vt 0.250000 0.439005
vt 0.155497 0.413683
vt 0.086316 0.344503
vt 0.413683 0.155497
vt 0.439005 0.250000
vt 0.155497 0.086317
vt 0.250000 0.060995
vt 0.060995 0.250000
vt 0.413683 0.344503
vt 0.344503 0.086317
vt 0.086317 0.155497
vt 0.086317 0.155497
vt 0.155497 0.086317
vt 0.344503 0.086317
vt 0.413683 0.155497
vt 0.250000 0.439005
vt 0.155497 0.413683
vt 0.413683 0.344503
vt 0.344503 0.413683
vt 0.060995 0.250000
vt 0.250000 0.060995
vt 0.439005 0.250000
vt 0.086316 0.344503
vt 0.154213 0.415908
vt 0.250000 0.441574
vt 0.084092 0.345787
vt 0.058426 0.250000
vt 0.084092 0.154213
vt 0.154213 0.084092
vt 0.250000 0.058426
vt 0.345787 0.084092
vt 0.415908 0.154213
vt 0.441574 0.250000
vt 0.415908 0.345787
vt 0.345787 0.415908
vt 0.851469 0.425749
vt 0.750000 0.452937
vt 0.750000 0.490000
vt 0.870000 0.457846
vt 0.925749 0.351469
vt 0.957846 0.370000
vt 0.952937 0.250000
vt 0.990000 0.250000
vt 0.925749 0.148531
vt 0.957846 0.130000
vt 0.851469 0.074251
vt 0.870000 0.042154
vt 0.750000 0.047063
vt 0.750000 0.010000
vt 0.648531 0.074251
vt 0.630000 0.042154
vt 0.574251 0.148531
vt 0.542154 0.130000
vt 0.547063 0.250000
vt 0.510000 0.250000
vt 0.574251 0.351469
vt 0.542154 0.370000
vt 0.648531 0.425749
vt 0.630000 0.457846
vt 0.083333 0.512041
vt 0.000000 0.512041
vt 0.166667 0.512041
vt 0.250000 0.512041
vt 0.333333 0.512041
vt 0.416667 0.512041
vt 0.500000 0.512041
vt 0.583333 0.512041
vt 0.666667 0.512041
vt 0.750000 0.512041
vt 0.833333 0.512041
vt 0.916667 0.512041
vt 1.000000 0.512041
vt 0.750000 0.451974
vt 0.649013 0.424915
vt 0.575085 0.350987
vt 0.548026 0.250000
vt 0.575085 0.149013
vt 0.649013 0.075085
vt 0.750000 0.048026
vt 0.850987 0.075085
vt 0.924915 0.149013
vt 0.951974 0.250000
vt 0.924915 0.350987
vt 0.850987 0.424914
vt 0.846126 0.416495
vt 0.750000 0.442252
vt 0.916495 0.346126
vt 0.942252 0.250000
vt 0.916495 0.153874
vt 0.846126 0.083505
vt 0.750000 0.057748
vt 0.653874 0.083505
vt 0.583505 0.153874
vt 0.557748 0.250000
vt 0.583505 0.346126
vt 0.653874 0.416495
vt 0.823774 0.377780
vt 0.750000 0.397548
vt 0.877780 0.323774
vt 0.897548 0.250000
vt 0.877780 0.176226
vt 0.823774 0.122220
vt 0.750000 0.102452
vt 0.676226 0.122220
vt 0.622220 0.176226
vt 0.602452 0.250000
vt 0.622220 0.323774
vt 0.676226 0.377780
vt 0.820198 0.371586
vt 0.750000 0.390396
vt 0.871586 0.320198
vt 0.890396 0.250000
vt 0.871586 0.179802
vt 0.820198 0.128413
vt 0.750000 0.109604
vt 0.679802 0.128413
vt 0.628413 0.179802
vt 0.609604 0.250000
vt 0.628413 0.320198
vt 0.679802 0.371586
vt 0.820132 0.371472
vt 0.750000 0.390263
vt 0.871472 0.320132
vt 0.890264 0.250000
vt 0.871472 0.179868
vt 0.820132 0.128528
vt 0.750000 0.109736
vt 0.679868 0.128528
vt 0.628528 0.179868
vt 0.609736 0.250000
vt 0.628528 0.320132
vt 0.679868 0.371472
vt 0.750000 0.384836
vt 0.682582 0.366771
vt 0.682380 0.367121
vt 0.750000 0.385240
vt 0.633229 0.317418
vt 0.632879 0.317620
vt 0.615164 0.250000
vt 0.614760 0.250000
vt 0.633229 0.182582
vt 0.632879 0.182380
vt 0.682582 0.133229
vt 0.682380 0.132879
vt 0.750000 0.115164
vt 0.750000 0.114760
vt 0.817418 0.133229
vt 0.817620 0.132879
vt 0.866771 0.182582
vt 0.867121 0.182380
vt 0.884836 0.250000
vt 0.885240 0.250000
vt 0.866771 0.317418
vt 0.867121 0.317620
vt 0.817418 0.366771
vt 0.817620 0.367121
vt 0.851469 0.425749
vt 0.870000 0.457846
vt 0.750000 0.490000
vt 0.750000 0.452937
vt 0.925749 0.351469
vt 0.957846 0.370000
vt 0.952937 0.250000
vt 0.990000 0.250000
vt 0.925749 0.148531
vt 0.957846 0.130000
vt 0.851469 0.074251
vt 0.870000 0.042154
vt 0.750000 0.047063
vt 0.750000 0.010000
vt 0.648531 0.074251
vt 0.630000 0.042154
vt 0.574251 0.148531
vt 0.542154 0.130000
vt 0.547063 0.250000
vt 0.510000 0.250000
vt 0.574251 0.351469
vt 0.542154 0.370000
vt 0.648531 0.425749
vt 0.630000 0.457846
vt 0.083333 0.512041
vt 0.000000 0.512041
vt 0.166667 0.512041
vt 0.250000 0.512041
vt 0.333333 0.512041
vt 0.416667 0.512041
vt 0.500000 0.512041
vt 0.583333 0.512041
vt 0.666667 0.512041
vt 0.750000 0.512041
vt 0.833333 0.512041
vt 0.916667 0.512041
vt 1.000000 0.512041
vt 0.750000 0.451974
vt 0.649013 0.424915
vt 0.575085 0.350987
vt 0.548026 0.250000
vt 0.575085 0.149013
vt 0.649013 0.075085
vt 0.750000 0.048026
vt 0.850987 0.075085
vt 0.924915 0.149013
vt 0.951974 0.250000
vt 0.924915 0.350987
vt 0.850987 0.424914
vt 0.846126 0.416495
vt 0.750000 0.442252
vt 0.916495 0.346126
vt 0.942252 0.250000
vt 0.916495 0.153874
vt 0.846126 0.083505
vt 0.750000 0.057748
vt 0.653874 0.083505
vt 0.583505 0.153874
vt 0.557748 0.250000
vt 0.583505 0.346126
vt 0.653874 0.416495
vt 0.823774 0.377780
vt 0.750000 0.397548
vt 0.877780 0.323774
vt 0.897548 0.250000
vt 0.877780 0.176226
vt 0.823774 0.122220
vt 0.750000 0.102452
vt 0.676226 0.122220
vt 0.622220 0.176226
vt 0.602452 0.250000
vt 0.622220 0.323774
vt 0.676226 0.377780
vt 0.820198 0.371586
vt 0.750000 0.390396
vt 0.871586 0.320198
vt 0.890396 0.250000
vt 0.871586 0.179802
vt 0.820198 0.128413
vt 0.750000 0.109604
vt 0.679802 0.128413
vt 0.628413 0.179802
vt 0.609604 0.250000
vt 0.628413 0.320198
vt 0.679802 0.371586
vt 0.820132 0.371472
vt 0.750000 0.390263
vt 0.871472 0.320132
vt 0.890264 0.250000
vt 0.871472 0.179868
vt 0.820132 0.128528
vt 0.750000 0.109736
vt 0.679868 0.128528
vt 0.628528 0.179868
vt 0.609736 0.250000
vt 0.628528 0.320132
vt 0.679868 0.371472
vt 0.750000 0.384836
vt 0.750000 0.385240
vt 0.682380 0.367121
vt 0.682582 0.366771
vt 0.632879 0.317620
vt 0.633229 0.317418
vt 0.614760 0.250000
vt 0.615164 0.250000
vt 0.632879 0.182380
vt 0.633229 0.182582
vt 0.682380 0.132879
vt 0.682582 0.133229
vt 0.750000 0.114760
vt 0.750000 0.115164
vt 0.817620 0.132879
vt 0.817418 0.133229
vt 0.867121 0.182380
vt 0.866771 0.182582
vt 0.885240 0.250000
vt 0.884836 0.250000
vt 0.867121 0.317620
vt 0.866771 0.317418
vt 0.817620 0.367121
vt 0.817418 0.366771
vt 0.157655 0.250000
vt 0.170027 0.203828
vt 0.170027 0.203828
vt 0.157655 0.250000
vt 0.292672 0.323910
vt 0.250000 0.335344
vt 0.207328 0.323910
vt 0.176090 0.292672
vt 0.164656 0.250000
vt 0.176090 0.207328
vt 0.207328 0.176090
vt 0.250000 0.164656
vt 0.292672 0.176090
vt 0.323910 0.207328
vt 0.335344 0.250000
vt 0.323910 0.292672
vt 0.250000 0.157655
vt 0.296172 0.170027
vt 0.296172 0.170027
vt 0.250000 0.157655
vt 0.342345 0.250000
vt 0.329973 0.296172
vt 0.329973 0.296172
vt 0.342345 0.250000
vt 0.170027 0.296172
vt 0.170027 0.296172
vt 0.203828 0.170027
vt 0.203828 0.170027
vt 0.329973 0.203828
vt 0.329973 0.203828
vt 0.203828 0.329973
vt 0.203827 0.329973
vt 0.296172 0.329973
vt 0.250000 0.342345
vt 0.250000 0.342345
vt 0.296172 0.329973
vt 0.329973 0.296172
vt 0.296172 0.329973
vt 0.250000 0.342345
vt 0.203827 0.329973
vt 0.296172 0.170027
vt 0.329973 0.203828
vt 0.170027 0.203828
vt 0.203828 0.170027
vt 0.170027 0.296172
vt 0.342345 0.250000
vt 0.250000 0.157655
vt 0.157655 0.250000
vt 0.157655 0.250000
vt 0.157655 0.250000
vt 0.170027 0.203828
vt 0.170027 0.203828
vt 0.292672 0.323910
vt 0.323910 0.292672
vt 0.335344 0.250000
vt 0.323910 0.207328
vt 0.292672 0.176090
vt 0.250000 0.164656
vt 0.207328 0.176090
vt 0.176090 0.207328
vt 0.164656 0.250000
vt 0.176090 0.292672
vt 0.207328 0.323910
vt 0.250000 0.335344
vt 0.250000 0.157655
vt 0.250000 0.157655
vt 0.296172 0.170027
vt 0.296172 0.170027
vt 0.342345 0.250000
vt 0.342345 0.250000
vt 0.329973 0.296172
vt 0.329973 0.296172
vt 0.170027 0.296172
vt 0.170027 0.296172
vt 0.203828 0.170027
vt 0.203828 0.170027
vt 0.329973 0.203828
vt 0.329973 0.203828
vt 0.203828 0.329973
vt 0.203827 0.329973
vt 0.296172 0.329973
vt 0.296172 0.329973
vt 0.250000 0.342345
vt 0.250000 0.342345
vt 0.329973 0.296172
vt 0.296172 0.329973
vt 0.250000 0.342345
vt 0.203827 0.329973
vt 0.296172 0.170027
vt 0.329973 0.203828
vt 0.170027 0.203828
vt 0.203828 0.170027
vt 0.170027 0.296172
vt 0.342345 0.250000
vt 0.250000 0.157655
vt 0.157655 0.250000
vt 0.083333 0.509765
vt 0.083333 0.511081
vt 0.000000 0.511081
vt 0.000000 0.509766
vt 0.166667 0.509765
vt 0.166667 0.511081
vt 0.250000 0.509766
vt 0.250000 0.511081
vt 0.333333 0.509766
vt 0.333333 0.511081
vt 0.416667 0.509766
vt 0.416667 0.511081
vt 0.500000 0.509766
vt 0.500000 0.511081
vt 0.583333 0.509766
vt 0.583333 0.511081
vt 0.666667 0.509766
vt 0.666667 0.511081
vt 0.750000 0.509766
vt 0.750000 0.511081
vt 0.833333 0.509765
vt 0.833333 0.511081
vt 0.916667 0.509766
vt 0.916667 0.511081
vt 1.000000 0.509766
vt 1.000000 0.511081
vt 1.000000 0.500000
vt 0.916667 0.500000
vt 0.833333 0.500000
vt 0.750000 0.500000
vt 0.666667 0.500000
vt 0.583333 0.500000
vt 0.500000 0.500000
vt 0.416667 0.500000
vt 0.333333 0.500000
vt 0.250000 0.500000
vt 0.166667 0.500000
vt 0.083333 0.500000
vt 0.000000 0.500000
vt 0.083333 0.509765
vt 0.000000 0.509766
vt 0.000000 0.511081
vt 0.083333 0.511081
vt 0.166667 0.509765
vt 0.166667 0.511081
vt 0.250000 0.509766
vt 0.250000 0.511081
vt 0.333333 0.509766
vt 0.333333 0.511081
vt 0.416667 0.509766
vt 0.416667 0.511081
vt 0.500000 0.509766
vt 0.500000 0.511081
vt 0.583333 0.509766
vt 0.583333 0.511081
vt 0.666667 0.509766
vt 0.666667 0.511081
vt 0.750000 0.509766
vt 0.750000 0.511081
vt 0.833333 0.509765
vt 0.833333 0.511081
vt 0.916667 0.509766
vt 0.916667 0.511081
vt 1.000000 0.509766
vt 1.000000 0.511081
vt 1.000000 0.500000
vt 0.916667 0.500000
vt 0.833333 0.500000
vt 0.750000 0.500000
vt 0.666667 0.500000
vt 0.583333 0.500000
vt 0.500000 0.500000
vt 0.416667 0.500000
vt 0.333333 0.500000
vt 0.250000 0.500000
vt 0.166667 0.500000
vt 0.083333 0.500000
vt 0.000000 0.500000
vn -1.0000 0.0000 0.0000
vn -0.7571 0.0000 -0.6532
vn -0.6557 -0.3786 -0.6532
vn -0.8660 -0.5000 0.0000
vn -0.3786 -0.6557 -0.6532
vn -0.5000 -0.8660 0.0000
vn 0.0000 -0.7571 -0.6532
vn 0.0000 -1.0000 0.0000
vn 0.3786 -0.6557 -0.6532
vn 0.5000 -0.8660 0.0000
vn 0.6557 -0.3786 -0.6532
vn 0.8660 -0.5000 0.0000
vn 0.7571 0.0000 -0.6532
vn 1.0000 0.0000 0.0000
vn 0.6557 0.3786 -0.6532
vn 0.8660 0.5000 0.0000
vn 0.3786 0.6557 -0.6532
vn 0.5000 0.8660 0.0000
vn 0.0000 0.7571 -0.6532
vn 0.0000 1.0000 0.0000
vn -0.3786 0.6557 -0.6532
vn -0.5000 0.8660 0.0000
vn 0.3553 0.6155 -0.7035
vn 0.6155 0.3553 -0.7035
vn 0.3783 0.2184 -0.8995
vn 0.2184 0.3783 -0.8995
vn -0.6557 0.3786 -0.6532
vn -0.8660 0.5000 0.0000
vn 0.0000 0.0000 -1.0000
vn -0.6536 0.0000 -0.7568
vn -0.8957 0.0000 -0.4445
vn -0.7757 -0.4479 -0.4445
vn -0.5661 -0.3268 -0.7568
vn -0.4479 -0.7757 -0.4445
vn -0.3268 -0.5661 -0.7568
vn 0.0000 -0.8957 -0.4445
vn 0.0000 -0.6536 -0.7568
vn 0.4479 -0.7757 -0.4445
vn 0.3268 -0.5661 -0.7568
vn 0.7757 -0.4479 -0.4445
vn 0.5661 -0.3268 -0.7568
vn 0.8957 0.0000 -0.4445
vn 0.6536 0.0000 -0.7568
vn 0.7757 0.4479 -0.4445
vn 0.5661 0.3268 -0.7568
vn 0.4479 0.7757 -0.4445
vn 0.3268 0.5661 -0.7568
vn 0.0000 0.8957 -0.4445
vn 0.0000 0.6536 -0.7568
vn -0.4479 0.7757 -0.4445
vn -0.3268 0.5661 -0.7568
vn -0.7757 0.4479 -0.4445
vn -0.5661 0.3268 -0.7568
vn 0.6155 -0.3553 -0.7035
vn 0.3553 -0.6155 -0.7035
vn 0.2184 -0.3783 -0.8995
vn 0.3783 -0.2184 -0.8995
vn -0.7107 0.0000 -0.7035
vn -0.6155 0.3553 -0.7035
vn -0.3783 0.2184 -0.8995
vn -0.4369 0.0000 -0.8995
vn -0.3553 -0.6155 -0.7035
vn -0.6155 -0.3553 -0.7035
vn -0.3783 -0.2184 -0.8995
vn -0.2184 -0.3783 -0.8995
vn 0.0000 0.7107 -0.7035
vn 0.0000 0.4369 -0.8995
vn 0.7107 0.0000 -0.7035
vn 0.4369 0.0000 -0.8995
vn 0.0000 -0.7107 -0.7035
vn 0.0000 -0.4369 -0.8995
vn -0.3553 0.6155 -0.7035
vn -0.2184 0.3783 -0.8995
vn -0.5523 0.3189 -0.7703
vn -0.6377 0.0000 -0.7703
vn -0.3189 0.5523 -0.7703
vn 0.0000 0.6377 -0.7703
vn 0.3189 0.5523 -0.7703
vn 0.5523 0.3189 -0.7703
vn 0.6377 0.0000 -0.7703
vn 0.5523 -0.3189 -0.7703
vn 0.3189 -0.5523 -0.7703
vn 0.0000 -0.6377 -0.7703
vn -0.3188 -0.5523 -0.7703
vn -0.5523 -0.3189 -0.7703
vn -0.6155 0.3554 -0.7035
vn 0.1639 0.2839 -0.9447
vn 0.2839 0.1639 -0.9447
vn 0.2839 -0.1639 -0.9447
vn 0.1639 -0.2839 -0.9447
vn -0.3279 0.0000 -0.9447
vn -0.2839 0.1639 -0.9447
vn -0.1639 -0.2839 -0.9447
vn -0.2839 -0.1639 -0.9447
vn 0.0000 0.3279 -0.9447
vn 0.3279 0.0000 -0.9447
vn 0.0000 -0.3279 -0.9447
vn -0.1639 0.2839 -0.9447
vn -0.2185 0.3784 -0.8995
vn -0.3783 0.2185 -0.8995
vn -0.3784 -0.2185 -0.8995
vn -0.2185 -0.3784 -0.8995
vn 0.3783 0.2185 -0.8995
vn 0.6155 0.3554 -0.7035
vn 0.3554 -0.6155 -0.7035
vn 0.2185 -0.3784 -0.8995
vn 0.3784 -0.2185 -0.8995
vn 0.2185 0.3784 -0.8995
vn -0.5523 0.3189 -0.7702
vn -0.3189 -0.5523 -0.7703
vn -0.8513 -0.4915 0.1834
vn -0.9830 0.0000 0.1834
vn -0.9958 0.0000 0.0908
vn -0.8624 -0.4979 0.0908
vn -0.4915 -0.8513 0.1834
vn -0.4979 -0.8624 0.0908
vn 0.0000 -0.9830 0.1834
vn 0.0000 -0.9958 0.0908
vn 0.4915 -0.8513 0.1834
vn 0.4979 -0.8624 0.0908
vn 0.8513 -0.4915 0.1834
vn 0.8624 -0.4979 0.0908
vn 0.9830 0.0000 0.1834
vn 0.9958 0.0000 0.0908
vn 0.8513 0.4915 0.1834
vn 0.8624 0.4979 0.0908
vn 0.4915 0.8513 0.1834
vn 0.4979 0.8624 0.0908
vn 0.0000 0.9830 0.1834
vn 0.0000 0.9958 0.0908
vn -0.4915 0.8513 0.1834
vn -0.4979 0.8624 0.0908
vn -0.8513 0.4915 0.1834
vn -0.8624 0.4979 0.0908
vn -0.6939 0.0000 0.7200
vn -0.6010 0.3470 0.7200
vn -0.3470 0.6010 0.7200
vn 0.0000 0.6939 0.7200
vn 0.3470 0.6010 0.7200
vn 0.6010 0.3470 0.7200
vn 0.6939 0.0000 0.7200
vn 0.6010 -0.3470 0.7200
vn 0.3470 -0.6010 0.7200
vn 0.0000 -0.6939 0.7200
vn -0.3470 -0.6010 0.7200
vn -0.6010 -0.3470 0.7200
vn -0.0094 -0.0054 0.9999
vn -0.0108 0.0000 0.9999
vn -0.0054 -0.0094 0.9999
vn 0.0000 -0.0108 0.9999
vn 0.0054 -0.0094 0.9999
vn 0.0094 -0.0054 0.9999
vn 0.0108 0.0000 0.9999
vn 0.0094 0.0054 0.9999
vn 0.0054 0.0094 0.9999
vn 0.0000 0.0108 0.9999
vn -0.0054 0.0094 0.9999
vn -0.0094 0.0054 0.9999
vn -0.0132 -0.0076 0.9999
vn -0.0152 0.0000 0.9999
vn -0.0076 -0.0132 0.9999
vn 0.0000 -0.0152 0.9999
vn 0.0076 -0.0132 0.9999
vn 0.0132 -0.0076 0.9999
vn 0.0152 0.0000 0.9999
vn 0.0132 0.0076 0.9999
vn 0.0076 0.0132 0.9999
vn 0.0000 0.0152 0.9999
vn -0.0076 0.0132 0.9999
vn -0.0132 0.0076 0.9999
vn 0.5463 0.3154 0.7759
vn 0.6308 0.0000 0.7759
vn 0.3154 0.5463 0.7759
vn 0.0000 0.6308 0.7759
vn -0.3154 0.5463 0.7759
vn -0.5463 0.3154 0.7759
vn -0.6308 0.0000 0.7759
vn -0.5463 -0.3154 0.7759
vn -0.3154 -0.5463 0.7759
vn 0.0000 -0.6308 0.7759
vn 0.3154 -0.5463 0.7759
vn 0.5463 -0.3154 0.7759
vn 0.8641 0.4989 0.0660
vn 0.9978 0.0000 0.0660
vn 0.4989 0.8641 0.0660
vn 0.0000 0.9978 0.0660
vn -0.4989 0.8641 0.0660
vn -0.8641 0.4989 0.0660
vn -0.9978 0.0000 0.0660
vn -0.8641 -0.4989 0.0660
vn -0.4989 -0.8641 0.0660
vn 0.0000 -0.9978 0.0660
vn 0.4989 -0.8641 0.0660
vn 0.8641 -0.4989 0.0660
vn 0.7512 0.0000 0.6601
vn 0.6505 -0.3756 0.6601
vn 0.8641 -0.4989 0.0671
vn 0.9977 0.0000 0.0671
vn 0.3756 -0.6505 0.6601
vn 0.4989 -0.8641 0.0671
vn 0.0000 -0.7512 0.6601
vn 0.0000 -0.9977 0.0671
vn -0.3756 -0.6505 0.6601
vn -0.4989 -0.8641 0.0671
vn -0.6505 -0.3756 0.6601
vn -0.8641 -0.4989 0.0671
vn -0.7512 0.0000 0.6601
vn -0.9977 0.0000 0.0671
vn -0.6505 0.3756 0.6601
vn -0.8641 0.4989 0.0671
vn -0.3756 0.6505 0.6601
vn -0.4989 0.8641 0.0671
vn 0.0000 0.7512 0.6601
vn 0.0000 0.9977 0.0671
vn 0.3756 0.6505 0.6601
vn 0.4989 0.8641 0.0671
vn 0.6505 0.3756 0.6601
vn 0.8641 0.4989 0.0671
vn -0.8513 -0.4915 0.1835
vn -0.9830 0.0000 0.1835
vn -0.8513 0.4915 0.1835
vn -0.8641 0.4989 0.0661
vn -0.4989 -0.8641 0.0661
vn -0.8641 -0.4989 0.0661
vn -0.7966 0.4599 -0.3922
vn -0.9199 0.0000 -0.3922
vn -0.4599 0.7966 -0.3922
vn 0.0000 0.9199 -0.3922
vn 0.4599 0.7966 -0.3922
vn 0.7966 0.4599 -0.3922
vn 0.9199 0.0000 -0.3922
vn 0.7966 -0.4599 -0.3922
vn 0.4599 -0.7966 -0.3922
vn 0.0000 -0.9199 -0.3922
vn -0.4599 -0.7966 -0.3922
vn -0.7966 -0.4599 -0.3922
usemtl DarkPorple
s 1
f 1617/1838/1035 1642/1839/1036 1641/1840/1037 1618/1841/1038
f 1618/1841/1038 1641/1840/1037 1643/1842/1039 1619/1843/1040
f 1619/1843/1040 1643/1842/1039 1644/1844/1041 1620/1845/1042
f 1620/1845/1042 1644/1844/1041 1645/1846/1043 1621/1847/1044
f 1621/1847/1044 1645/1846/1043 1646/1848/1045 1622/1849/1046
f 1622/1849/1046 1646/1848/1045 1647/1850/1047 1623/1851/1048
f 1623/1851/1048 1647/1850/1047 1648/1852/1049 1624/1853/1050
f 1624/1853/1050 1648/1852/1049 1649/1854/1051 1625/1855/1052
f 1625/1855/1052 1649/1854/1051 1650/1856/1053 1626/1857/1054
f 1626/1857/1054 1650/1856/1053 1651/1858/1055 1627/1859/1056
f 1834/1860/1057 1833/1861/1058 1792/1862/1059 1793/1863/1060
f 1627/1859/1056 1651/1858/1055 1652/1864/1061 1628/1865/1062
f 1628/1865/1062 1652/1864/1061 1642/1866/1036 1617/1867/1035
f 1665/1868/1035 1617/1838/1035 1618/1841/1038 1666/1869/1038
f 1880/1870/1063 1869/1871/1063 1641/1872/1037 1642/1873/1036
f 1869/1871/1063 1870/1874/1063 1643/1875/1039 1641/1872/1037
f 1870/1874/1063 1871/1876/1063 1644/1877/1041 1643/1875/1039
f 1871/1876/1063 1872/1878/1063 1645/1879/1043 1644/1877/1041
f 1872/1878/1063 1873/1880/1063 1646/1881/1045 1645/1879/1043
f 1873/1880/1063 1874/1882/1063 1647/1883/1047 1646/1881/1045
f 1874/1882/1063 1875/1884/1063 1648/1885/1049 1647/1883/1047
f 1875/1884/1063 1876/1886/1063 1649/1887/1051 1648/1885/1049
f 1876/1886/1063 1877/1888/1063 1650/1889/1053 1649/1887/1051
f 1877/1888/1063 1878/1890/1063 1651/1891/1055 1650/1889/1053
f 1878/1890/1063 1879/1892/1063 1652/1893/1061 1651/1891/1055
f 1879/1892/1063 1880/1870/1063 1642/1873/1036 1652/1893/1061
f 1700/1894/1064 1664/1895/1065 1653/1896/1066 1689/1897/1067
f 1689/1897/1067 1653/1896/1066 1654/1898/1068 1690/1899/1069
f 1690/1899/1069 1654/1898/1068 1655/1900/1070 1691/1901/1071
f 1691/1901/1071 1655/1900/1070 1656/1902/1072 1692/1903/1073
f 1692/1903/1073 1656/1902/1072 1657/1904/1074 1693/1905/1075
f 1693/1905/1075 1657/1904/1074 1658/1906/1076 1694/1907/1077
f 1694/1907/1077 1658/1906/1076 1659/1908/1078 1695/1909/1079
f 1695/1909/1079 1659/1908/1078 1660/1910/1080 1696/1911/1081
f 1696/1911/1081 1660/1910/1080 1661/1912/1082 1697/1913/1083
f 1697/1913/1083 1661/1912/1082 1662/1914/1084 1698/1915/1085
f 1698/1915/1085 1662/1914/1084 1663/1916/1086 1699/1917/1087
f 1699/1917/1087 1663/1916/1086 1664/1918/1065 1700/1919/1064
f 1664/1895/1065 1665/1868/1035 1666/1869/1038 1653/1896/1066
f 1653/1896/1066 1666/1869/1038 1667/1920/1040 1654/1898/1068
f 1654/1898/1068 1667/1920/1040 1668/1921/1042 1655/1900/1070
f 1655/1900/1070 1668/1921/1042 1669/1922/1044 1656/1902/1072
f 1656/1902/1072 1669/1922/1044 1670/1923/1046 1657/1904/1074
f 1657/1904/1074 1670/1923/1046 1671/1924/1048 1658/1906/1076
f 1658/1906/1076 1671/1924/1048 1672/1925/1050 1659/1908/1078
f 1659/1908/1078 1672/1925/1050 1673/1926/1052 1660/1910/1080
f 1660/1910/1080 1673/1926/1052 1674/1927/1054 1661/1912/1082
f 1661/1912/1082 1674/1927/1054 1675/1928/1056 1662/1914/1084
f 1662/1914/1084 1675/1928/1056 1676/1929/1062 1663/1916/1086
f 1663/1916/1086 1676/1929/1062 1665/1930/1035 1664/1918/1065
f 1836/1931/1088 1835/1932/1089 1789/1933/1090 1790/1934/1091
f 1838/1935/1092 1837/1936/1093 1796/1937/1094 1786/1938/1095
f 1840/1939/1096 1839/1940/1097 1785/1941/1098 1787/1942/1099
f 1841/1943/1100 1834/1860/1057 1793/1863/1060 1794/1944/1101
f 1842/1945/1102 1836/1931/1088 1790/1934/1091 1791/1946/1103
f 1843/1947/1104 1840/1939/1096 1787/1942/1099 1788/1948/1105
f 1844/1949/1106 1841/1943/1100 1794/1944/1101 1795/1950/1107
f 1833/1861/1058 1842/1945/1102 1791/1946/1103 1792/1862/1059
f 1835/1932/1089 1843/1947/1104 1788/1948/1105 1789/1933/1090
f 1837/1936/1093 1844/1949/1106 1795/1950/1107 1796/1937/1094
f 1839/1940/1097 1838/1935/1092 1786/1938/1095 1785/1941/1098
f 1832/1951/1063 1821/1952/1063 1785/1941/1098 1786/1938/1095
f 1821/1952/1063 1822/1953/1063 1787/1942/1099 1785/1941/1098
f 1822/1953/1063 1823/1954/1063 1788/1948/1105 1787/1942/1099
f 1823/1954/1063 1824/1955/1063 1789/1933/1090 1788/1948/1105
f 1824/1955/1063 1825/1956/1063 1790/1934/1091 1789/1933/1090
f 1825/1956/1063 1826/1957/1063 1791/1946/1103 1790/1934/1091
f 1826/1957/1063 1827/1958/1063 1792/1862/1059 1791/1946/1103
f 1827/1958/1063 1828/1959/1063 1793/1863/1060 1792/1862/1059
f 1828/1959/1063 1829/1960/1063 1794/1944/1101 1793/1863/1060
f 1829/1960/1063 1830/1961/1063 1795/1950/1107 1794/1944/1101
f 1830/1961/1063 1831/1962/1063 1796/1937/1094 1795/1950/1107
f 1831/1962/1063 1832/1951/1063 1786/1938/1095 1796/1937/1094
f 1784/1963/1108 1774/1964/1109 1809/1965/1063 1820/1966/1063
f 1783/1967/1110 1784/1963/1108 1820/1966/1063 1819/1968/1063
f 1782/1969/1111 1783/1967/1110 1819/1968/1063 1818/1970/1063
f 1781/1971/1112 1782/1969/1111 1818/1970/1063 1817/1972/1063
f 1780/1973/1113 1781/1971/1112 1817/1972/1063 1816/1974/1063
f 1779/1975/1114 1780/1973/1113 1816/1974/1063 1815/1976/1063
f 1778/1977/1115 1779/1975/1114 1815/1976/1063 1814/1978/1063
f 1777/1979/1116 1778/1977/1115 1814/1978/1063 1813/1980/1063
f 1776/1981/1117 1777/1979/1116 1813/1980/1063 1812/1982/1063
f 1775/1983/1118 1776/1981/1117 1812/1982/1063 1811/1984/1063
f 1773/1985/1119 1775/1983/1118 1811/1984/1063 1810/1986/1063
f 1774/1964/1109 1773/1985/1119 1810/1986/1063 1809/1965/1063
f 1820/1966/1063 1809/1965/1063 1832/1951/1063 1831/1962/1063
f 1819/1968/1063 1820/1966/1063 1831/1962/1063 1830/1961/1063
f 1818/1970/1063 1819/1968/1063 1830/1961/1063 1829/1960/1063
f 1817/1972/1063 1818/1970/1063 1829/1960/1063 1828/1959/1063
f 1816/1974/1063 1817/1972/1063 1828/1959/1063 1827/1958/1063
f 1815/1976/1063 1816/1974/1063 1827/1958/1063 1826/1957/1063
f 1814/1978/1063 1815/1976/1063 1826/1957/1063 1825/1956/1063
f 1813/1980/1063 1814/1978/1063 1825/1956/1063 1824/1955/1063
f 1812/1982/1063 1813/1980/1063 1824/1955/1063 1823/1954/1063
f 1811/1984/1063 1812/1982/1063 1823/1954/1063 1822/1953/1063
f 1810/1986/1063 1811/1984/1063 1822/1953/1063 1821/1952/1063
f 1809/1965/1063 1810/1986/1063 1821/1952/1063 1832/1951/1063
f 1856/1987/1097 1847/1988/1092 1838/1935/1092 1839/1940/1097
f 1855/1989/1120 1852/1990/1106 1844/1949/1106 1837/1936/1093
f 1854/1991/1089 1851/1992/1104 1843/1947/1104 1835/1932/1089
f 1853/1993/1058 1850/1994/1102 1842/1945/1102 1833/1861/1058
f 1852/1990/1106 1849/1995/1100 1841/1943/1100 1844/1949/1106
f 1851/1992/1104 1848/1996/1096 1840/1939/1096 1843/1947/1104
f 1850/1994/1102 1846/1997/1088 1836/1931/1088 1842/1945/1102
f 1849/1995/1100 1845/1998/1057 1834/1860/1057 1841/1943/1100
f 1848/1996/1096 1856/1987/1097 1839/1940/1097 1840/1939/1096
f 1847/1988/1092 1855/1989/1120 1837/1936/1093 1838/1935/1092
f 1846/1997/1088 1854/1991/1089 1835/1932/1089 1836/1931/1088
f 1845/1998/1057 1853/1993/1058 1833/1861/1058 1834/1860/1057
f 1598/1999/1121 1596/2000/1122 1853/1993/1058 1845/1998/1057
f 1592/2001/1123 1590/2002/1124 1854/1991/1089 1846/1997/1088
f 1582/2003/1125 1604/2004/1126 1855/1989/1120 1847/1988/1092
f 1586/2005/1127 1584/2006/1128 1856/1987/1097 1848/1996/1096
f 1600/2007/1129 1598/1999/1121 1845/1998/1057 1849/1995/1100
f 1594/2008/1130 1592/2001/1123 1846/1997/1088 1850/1994/1102
f 1588/2009/1131 1586/2005/1127 1848/1996/1096 1851/1992/1104
f 1602/2010/1132 1600/2007/1129 1849/1995/1100 1852/1990/1106
f 1596/2000/1122 1594/2008/1130 1850/1994/1102 1853/1993/1058
f 1590/2002/1124 1588/2009/1131 1851/1992/1104 1854/1991/1089
f 1604/2004/1126 1602/2010/1132 1852/1990/1106 1855/1989/1120
f 1584/2006/1128 1582/2003/1125 1847/1988/1092 1856/1987/1097
f 1604/2004/1126 1582/2003/1125 1857/2011/1063 1868/2012/1063
f 1602/2010/1132 1604/2004/1126 1868/2012/1063 1867/2013/1063
f 1600/2007/1129 1602/2010/1132 1867/2013/1063 1866/2014/1063
f 1598/1999/1121 1600/2007/1129 1866/2014/1063 1865/2015/1063
f 1596/2000/1122 1598/1999/1121 1865/2015/1063 1864/2016/1063
f 1594/2008/1130 1596/2000/1122 1864/2016/1063 1863/2017/1063
f 1592/2001/1123 1594/2008/1130 1863/2017/1063 1862/2018/1063
f 1590/2002/1124 1592/2001/1123 1862/2018/1063 1861/2019/1063
f 1588/2009/1131 1590/2002/1124 1861/2019/1063 1860/2020/1063
f 1586/2005/1127 1588/2009/1131 1860/2020/1063 1859/2021/1063
f 1584/2006/1128 1586/2005/1127 1859/2021/1063 1858/2022/1063
f 1582/2003/1125 1584/2006/1128 1858/2022/1063 1857/2011/1063
f 1868/2012/1063 1857/2011/1063 1880/1870/1063 1879/1892/1063
f 1867/2013/1063 1868/2012/1063 1879/1892/1063 1878/1890/1063
f 1866/2014/1063 1867/2013/1063 1878/1890/1063 1877/1888/1063
f 1865/2015/1063 1866/2014/1063 1877/1888/1063 1876/1886/1063
f 1864/2016/1063 1865/2015/1063 1876/1886/1063 1875/1884/1063
f 1863/2017/1063 1864/2016/1063 1875/1884/1063 1874/1882/1063
f 1862/2018/1063 1863/2017/1063 1874/1882/1063 1873/1880/1063
f 1861/2019/1063 1862/2018/1063 1873/1880/1063 1872/1878/1063
f 1860/2020/1063 1861/2019/1063 1872/1878/1063 1871/1876/1063
f 1859/2021/1063 1860/2020/1063 1871/1876/1063 1870/1874/1063
f 1858/2022/1063 1859/2021/1063 1870/1874/1063 1869/1871/1063
f 1857/2011/1063 1858/2022/1063 1869/1871/1063 1880/1870/1063
f 1666/1869/1038 1618/1841/1038 1619/1843/1040 1667/1920/1040
f 1667/1920/1040 1619/1843/1040 1620/1845/1042 1668/1921/1042
f 1668/1921/1042 1620/1845/1042 1621/1847/1044 1669/1922/1044
f 1669/1922/1044 1621/1847/1044 1622/1849/1046 1670/1923/1046
f 1670/1923/1046 1622/1849/1046 1623/1851/1048 1671/1924/1048
f 1671/1924/1048 1623/1851/1048 1624/1853/1050 1672/1925/1050
f 1672/1925/1050 1624/1853/1050 1625/1855/1052 1673/1926/1052
f 1673/1926/1052 1625/1855/1052 1626/1857/1054 1674/1927/1054
f 1674/1927/1054 1626/1857/1054 1627/1859/1056 1675/1928/1056
f 1675/1928/1056 1627/1859/1056 1628/1865/1062 1676/1929/1062
f 1676/1929/1062 1628/1865/1062 1617/1867/1035 1665/1930/1035
f 1977/2023/1048 1978/2024/1046 2001/2025/1045 2002/2026/1047
f 1978/2024/1046 1979/2027/1044 2003/2028/1043 2001/2025/1045
f 1979/2027/1044 1980/2029/1042 2004/2030/1041 2003/2028/1043
f 1980/2029/1042 1981/2031/1040 2005/2032/1039 2004/2030/1041
f 1981/2031/1040 1982/2033/1038 2006/2034/1037 2005/2032/1039
f 1982/2033/1038 1983/2035/1035 2007/2036/1036 2006/2034/1037
f 1983/2035/1035 1984/2037/1062 2008/2038/1061 2007/2036/1036
f 1984/2037/1062 1985/2039/1056 2009/2040/1055 2008/2038/1061
f 1985/2039/1056 1986/2041/1054 2010/2042/1053 2009/2040/1055
f 1986/2041/1054 1987/2043/1052 2011/2044/1051 2010/2042/1053
f 2194/2045/1106 2153/2046/1133 2152/2047/1134 2193/2048/1093
f 1987/2043/1052 1988/2049/1050 2012/2050/1049 2011/2044/1051
f 1988/2049/1050 1977/2051/1048 2002/2052/1047 2012/2050/1049
f 2025/2053/1048 2026/2054/1046 1978/2024/1046 1977/2023/1048
f 2240/2055/1063 2002/2056/1047 2001/2057/1045 2229/2058/1063
f 2229/2058/1063 2001/2057/1045 2003/2059/1043 2230/2060/1063
f 2230/2060/1063 2003/2059/1043 2004/2061/1041 2231/2062/1063
f 2231/2062/1063 2004/2061/1041 2005/2063/1039 2232/2064/1063
f 2232/2064/1063 2005/2063/1039 2006/2065/1037 2233/2066/1063
f 2233/2066/1063 2006/2065/1037 2007/2067/1036 2234/2068/1063
f 2234/2068/1063 2007/2067/1036 2008/2069/1061 2235/2070/1063
f 2235/2070/1063 2008/2069/1061 2009/2071/1055 2236/2072/1063
f 2236/2072/1063 2009/2071/1055 2010/2073/1053 2237/2074/1063
f 2237/2074/1063 2010/2073/1053 2011/2075/1051 2238/2076/1063
f 2238/2076/1063 2011/2075/1051 2012/2077/1049 2239/2078/1063
f 2239/2078/1063 2012/2077/1049 2002/2056/1047 2240/2055/1063
f 2060/2079/1077 2049/2080/1075 2013/2081/1074 2024/2082/1076
f 2049/2080/1075 2050/2083/1073 2014/2084/1072 2013/2081/1074
f 2050/2083/1073 2051/2085/1071 2015/2086/1070 2014/2084/1072
f 2051/2085/1071 2052/2087/1069 2016/2088/1068 2015/2086/1070
f 2052/2087/1069 2053/2089/1067 2017/2090/1066 2016/2088/1068
f 2053/2089/1067 2054/2091/1064 2018/2092/1065 2017/2090/1066
f 2054/2091/1064 2055/2093/1087 2019/2094/1086 2018/2092/1065
f 2055/2093/1087 2056/2095/1085 2020/2096/1084 2019/2094/1086
f 2056/2095/1085 2057/2097/1083 2021/2098/1082 2020/2096/1084
f 2057/2097/1083 2058/2099/1081 2022/2100/1080 2021/2098/1082
f 2058/2099/1081 2059/2101/1079 2023/2102/1078 2022/2100/1080
f 2059/2101/1079 2060/2103/1077 2024/2104/1076 2023/2102/1078
f 2024/2082/1076 2013/2081/1074 2026/2054/1046 2025/2053/1048
f 2013/2081/1074 2014/2084/1072 2027/2105/1044 2026/2054/1046
f 2014/2084/1072 2015/2086/1070 2028/2106/1042 2027/2105/1044
f 2015/2086/1070 2016/2088/1068 2029/2107/1040 2028/2106/1042
f 2016/2088/1068 2017/2090/1066 2030/2108/1038 2029/2107/1040
f 2017/2090/1066 2018/2092/1065 2031/2109/1035 2030/2108/1038
f 2018/2092/1065 2019/2094/1086 2032/2110/1062 2031/2109/1035
f 2019/2094/1086 2020/2096/1084 2033/2111/1056 2032/2110/1062
f 2020/2096/1084 2021/2098/1082 2034/2112/1054 2033/2111/1056
f 2021/2098/1082 2022/2100/1080 2035/2113/1052 2034/2112/1054
f 2022/2100/1080 2023/2102/1078 2036/2114/1050 2035/2113/1052
f 2023/2102/1078 2024/2104/1076 2025/2115/1048 2036/2114/1050
f 2196/2116/1097 2150/2117/1135 2149/2118/1136 2195/2119/1096
f 2198/2120/1102 2146/2121/1103 2156/2122/1137 2197/2123/1138
f 2200/2124/1139 2147/2125/1140 2145/2126/1141 2199/2127/1088
f 2201/2128/1100 2154/2129/1101 2153/2046/1133 2194/2045/1106
f 2202/2130/1092 2151/2131/1095 2150/2117/1135 2196/2116/1097
f 2203/2132/1104 2148/2133/1105 2147/2125/1140 2200/2124/1139
f 2204/2134/1057 2155/2135/1142 2154/2129/1101 2201/2128/1100
f 2193/2048/1093 2152/2047/1134 2151/2131/1095 2202/2130/1092
f 2195/2119/1096 2149/2118/1136 2148/2133/1105 2203/2132/1104
f 2197/2123/1138 2156/2122/1137 2155/2135/1142 2204/2134/1057
f 2199/2127/1088 2145/2126/1141 2146/2121/1103 2198/2120/1102
f 2192/2136/1063 2146/2121/1103 2145/2126/1141 2181/2137/1063
f 2181/2137/1063 2145/2126/1141 2147/2125/1140 2182/2138/1063
f 2182/2138/1063 2147/2125/1140 2148/2133/1105 2183/2139/1063
f 2183/2139/1063 2148/2133/1105 2149/2118/1136 2184/2140/1063
f 2184/2140/1063 2149/2118/1136 2150/2117/1135 2185/2141/1063
f 2185/2141/1063 2150/2117/1135 2151/2131/1095 2186/2142/1063
f 2186/2142/1063 2151/2131/1095 2152/2047/1134 2187/2143/1063
f 2187/2143/1063 2152/2047/1134 2153/2046/1133 2188/2144/1063
f 2188/2144/1063 2153/2046/1133 2154/2129/1101 2189/2145/1063
f 2189/2145/1063 2154/2129/1101 2155/2135/1142 2190/2146/1063
f 2190/2146/1063 2155/2135/1142 2156/2122/1137 2191/2147/1063
f 2191/2147/1063 2156/2122/1137 2146/2121/1103 2192/2136/1063
f 2144/2148/1113 2180/2149/1063 2169/2150/1063 2134/2151/1114
f 2143/2152/1112 2179/2153/1063 2180/2149/1063 2144/2148/1113
f 2142/2154/1111 2178/2155/1063 2179/2153/1063 2143/2152/1112
f 2141/2156/1110 2177/2157/1063 2178/2155/1063 2142/2154/1111
f 2140/2158/1143 2176/2159/1063 2177/2157/1063 2141/2156/1110
f 2139/2160/1109 2175/2161/1063 2176/2159/1063 2140/2158/1143
f 2138/2162/1119 2174/2163/1063 2175/2161/1063 2139/2160/1109
f 2137/2164/1144 2173/2165/1063 2174/2163/1063 2138/2162/1119
f 2136/2166/1117 2172/2167/1063 2173/2165/1063 2137/2164/1144
f 2135/2168/1116 2171/2169/1063 2172/2167/1063 2136/2166/1117
f 2133/2170/1115 2170/2171/1063 2171/2169/1063 2135/2168/1116
f 2134/2151/1114 2169/2150/1063 2170/2171/1063 2133/2170/1115
f 2180/2149/1063 2191/2147/1063 2192/2136/1063 2169/2150/1063
f 2179/2153/1063 2190/2146/1063 2191/2147/1063 2180/2149/1063
f 2178/2155/1063 2189/2145/1063 2190/2146/1063 2179/2153/1063
f 2177/2157/1063 2188/2144/1063 2189/2145/1063 2178/2155/1063
f 2176/2159/1063 2187/2143/1063 2188/2144/1063 2177/2157/1063
f 2175/2161/1063 2186/2142/1063 2187/2143/1063 2176/2159/1063
f 2174/2163/1063 2185/2141/1063 2186/2142/1063 2175/2161/1063
f 2173/2165/1063 2184/2140/1063 2185/2141/1063 2174/2163/1063
f 2172/2167/1063 2183/2139/1063 2184/2140/1063 2173/2165/1063
f 2171/2169/1063 2182/2138/1063 2183/2139/1063 2172/2167/1063
f 2170/2171/1063 2181/2137/1063 2182/2138/1063 2171/2169/1063
f 2169/2150/1063 2192/2136/1063 2181/2137/1063 2170/2171/1063
f 2216/2172/1088 2199/2127/1088 2198/2120/1102 2207/2173/1102
f 2215/2174/1058 2197/2123/1138 2204/2134/1057 2212/2175/1057
f 2214/2176/1096 2195/2119/1096 2203/2132/1104 2211/2177/1104
f 2213/2178/1093 2193/2048/1093 2202/2130/1092 2210/2179/1092
f 2212/2175/1057 2204/2134/1057 2201/2128/1100 2209/2180/1100
f 2211/2177/1104 2203/2132/1104 2200/2124/1139 2208/2181/1089
f 2210/2179/1092 2202/2130/1092 2196/2116/1097 2206/2182/1097
f 2209/2180/1100 2201/2128/1100 2194/2045/1106 2205/2183/1106
f 2208/2181/1089 2200/2124/1139 2199/2127/1088 2216/2172/1088
f 2207/2173/1102 2198/2120/1102 2197/2123/1138 2215/2174/1058
f 2206/2182/1097 2196/2116/1097 2195/2119/1096 2214/2176/1096
f 2205/2183/1106 2194/2045/1106 2193/2048/1093 2213/2178/1093
f 1958/2184/1132 2205/2183/1106 2213/2178/1093 1956/2185/1126
f 1952/2186/1128 2206/2182/1097 2214/2176/1096 1950/2187/1127
f 1942/2188/1130 2207/2173/1102 2215/2174/1058 1964/2189/1122
f 1946/2190/1124 2208/2181/1089 2216/2172/1088 1944/2191/1123
f 1960/2192/1129 2209/2180/1100 2205/2183/1106 1958/2184/1132
f 1954/2193/1125 2210/2179/1092 2206/2182/1097 1952/2186/1128
f 1948/2194/1131 2211/2177/1104 2208/2181/1089 1946/2190/1124
f 1962/2195/1121 2212/2175/1057 2209/2180/1100 1960/2192/1129
f 1956/2185/1126 2213/2178/1093 2210/2179/1092 1954/2193/1125
f 1950/2187/1127 2214/2176/1096 2211/2177/1104 1948/2194/1131
f 1964/2189/1122 2215/2174/1058 2212/2175/1057 1962/2195/1121
f 1944/2191/1123 2216/2172/1088 2207/2173/1102 1942/2188/1130
f 1964/2189/1122 2228/2196/1063 2217/2197/1063 1942/2188/1130
f 1962/2195/1121 2227/2198/1063 2228/2196/1063 1964/2189/1122
f 1960/2192/1129 2226/2199/1063 2227/2198/1063 1962/2195/1121
f 1958/2184/1132 2225/2200/1063 2226/2199/1063 1960/2192/1129
f 1956/2185/1126 2224/2201/1063 2225/2200/1063 1958/2184/1132
f 1954/2193/1125 2223/2202/1063 2224/2201/1063 1956/2185/1126
f 1952/2186/1128 2222/2203/1063 2223/2202/1063 1954/2193/1125
f 1950/2187/1127 2221/2204/1063 2222/2203/1063 1952/2186/1128
f 1948/2194/1131 2220/2205/1063 2221/2204/1063 1950/2187/1127
f 1946/2190/1124 2219/2206/1063 2220/2205/1063 1948/2194/1131
f 1944/2191/1123 2218/2207/1063 2219/2206/1063 1946/2190/1124
f 1942/2188/1130 2217/2197/1063 2218/2207/1063 1944/2191/1123
f 2228/2196/1063 2239/2078/1063 2240/2055/1063 2217/2197/1063
f 2227/2198/1063 2238/2076/1063 2239/2078/1063 2228/2196/1063
f 2226/2199/1063 2237/2074/1063 2238/2076/1063 2227/2198/1063
f 2225/2200/1063 2236/2072/1063 2237/2074/1063 2226/2199/1063
f 2224/2201/1063 2235/2070/1063 2236/2072/1063 2225/2200/1063
f 2223/2202/1063 2234/2068/1063 2235/2070/1063 2224/2201/1063
f 2222/2203/1063 2233/2066/1063 2234/2068/1063 2223/2202/1063
f 2221/2204/1063 2232/2064/1063 2233/2066/1063 2222/2203/1063
f 2220/2205/1063 2231/2062/1063 2232/2064/1063 2221/2204/1063
f 2219/2206/1063 2230/2060/1063 2231/2062/1063 2220/2205/1063
f 2218/2207/1063 2229/2058/1063 2230/2060/1063 2219/2206/1063
f 2217/2197/1063 2240/2055/1063 2229/2058/1063 2218/2207/1063
f 2026/2054/1046 2027/2105/1044 1979/2027/1044 1978/2024/1046
f 2027/2105/1044 2028/2106/1042 1980/2029/1042 1979/2027/1044
f 2028/2106/1042 2029/2107/1040 1981/2031/1040 1980/2029/1042
f 2029/2107/1040 2030/2108/1038 1982/2033/1038 1981/2031/1040
f 2030/2108/1038 2031/2109/1035 1983/2035/1035 1982/2033/1038
f 2031/2109/1035 2032/2110/1062 1984/2037/1062 1983/2035/1035
f 2032/2110/1062 2033/2111/1056 1985/2039/1056 1984/2037/1062
f 2033/2111/1056 2034/2112/1054 1986/2041/1054 1985/2039/1056
f 2034/2112/1054 2035/2113/1052 1987/2043/1052 1986/2041/1054
f 2035/2113/1052 2036/2114/1050 1988/2049/1050 1987/2043/1052
f 2036/2114/1050 2025/2115/1048 1977/2051/1048 1988/2049/1050
f 1713/2208/1145 1714/2209/1146 1629/2210/1147 1630/2211/1148
f 1715/2212/1149 1713/2208/1145 1630/2211/1148 1631/2213/1150
f 1716/2214/1151 1715/2212/1149 1631/2213/1150 1632/2215/1152
f 1717/2216/1153 1716/2214/1151 1632/2215/1152 1633/2217/1154
f 1718/2218/1155 1717/2216/1153 1633/2217/1154 1634/2219/1156
f 1719/2220/1157 1718/2218/1155 1634/2219/1156 1635/2221/1158
f 1720/2222/1159 1719/2220/1157 1635/2221/1158 1636/2223/1160
f 1721/2224/1161 1720/2222/1159 1636/2223/1160 1637/2225/1162
f 1722/2226/1163 1721/2224/1161 1637/2225/1162 1638/2227/1164
f 1723/2228/1165 1722/2226/1163 1638/2227/1164 1639/2229/1166
f 1724/2230/1167 1723/2228/1165 1639/2229/1166 1640/2231/1168
f 1714/2209/1146 1724/2230/1167 1640/2231/1168 1629/2210/1147
f 1711/2232/1087 1699/1917/1087 1700/1919/1064 1712/2233/1064
f 1710/2234/1085 1698/1915/1085 1699/1917/1087 1711/2232/1087
f 1709/2235/1083 1697/1913/1083 1698/1915/1085 1710/2234/1085
f 1708/2236/1081 1696/1911/1081 1697/1913/1083 1709/2235/1083
f 1707/2237/1079 1695/1909/1079 1696/1911/1081 1708/2236/1081
f 1706/2238/1077 1694/1907/1077 1695/1909/1079 1707/2237/1079
f 1705/2239/1075 1693/1905/1075 1694/1907/1077 1706/2238/1077
f 1704/2240/1073 1692/1903/1073 1693/1905/1075 1705/2239/1075
f 1703/2241/1071 1691/1901/1071 1692/1903/1073 1704/2240/1073
f 1702/2242/1069 1690/1899/1069 1691/1901/1071 1703/2241/1071
f 1701/2243/1067 1689/1897/1067 1690/1899/1069 1702/2242/1069
f 1712/2244/1064 1700/1894/1064 1689/1897/1067 1701/2243/1067
f 1725/2245/1169 1736/2246/1170 1724/2230/1167 1714/2209/1146
f 1736/2246/1170 1735/2247/1171 1723/2228/1165 1724/2230/1167
f 1735/2247/1171 1734/2248/1172 1722/2226/1163 1723/2228/1165
f 1734/2248/1172 1733/2249/1173 1721/2224/1161 1722/2226/1163
f 1733/2249/1173 1732/2250/1174 1720/2222/1159 1721/2224/1161
f 1732/2250/1174 1731/2251/1175 1719/2220/1157 1720/2222/1159
f 1731/2251/1175 1730/2252/1176 1718/2218/1155 1719/2220/1157
f 1730/2252/1176 1729/2253/1177 1717/2216/1153 1718/2218/1155
f 1729/2253/1177 1728/2254/1178 1716/2214/1151 1717/2216/1153
f 1728/2254/1178 1727/2255/1179 1715/2212/1149 1716/2214/1151
f 1727/2255/1179 1726/2256/1180 1713/2208/1145 1715/2212/1149
f 1726/2256/1180 1725/2245/1169 1714/2209/1146 1713/2208/1145
f 1738/2257/1181 1737/2258/1182 1725/2245/1169 1726/2256/1180
f 1739/2259/1183 1738/2257/1181 1726/2256/1180 1727/2255/1179
f 1740/2260/1184 1739/2259/1183 1727/2255/1179 1728/2254/1178
f 1741/2261/1185 1740/2260/1184 1728/2254/1178 1729/2253/1177
f 1742/2262/1186 1741/2261/1185 1729/2253/1177 1730/2252/1176
f 1743/2263/1187 1742/2262/1186 1730/2252/1176 1731/2251/1175
f 1744/2264/1188 1743/2263/1187 1731/2251/1175 1732/2250/1174
f 1745/2265/1189 1744/2264/1188 1732/2250/1174 1733/2249/1173
f 1746/2266/1190 1745/2265/1189 1733/2249/1173 1734/2248/1172
f 1747/2267/1191 1746/2266/1190 1734/2248/1172 1735/2247/1171
f 1748/2268/1192 1747/2267/1191 1735/2247/1171 1736/2246/1170
f 1737/2258/1182 1748/2268/1192 1736/2246/1170 1725/2245/1169
f 1750/2269/1193 1749/2270/1194 1737/2258/1182 1738/2257/1181
f 1751/2271/1195 1750/2269/1193 1738/2257/1181 1739/2259/1183
f 1752/2272/1196 1751/2271/1195 1739/2259/1183 1740/2260/1184
f 1753/2273/1197 1752/2272/1196 1740/2260/1184 1741/2261/1185
f 1754/2274/1198 1753/2273/1197 1741/2261/1185 1742/2262/1186
f 1755/2275/1199 1754/2274/1198 1742/2262/1186 1743/2263/1187
f 1756/2276/1200 1755/2275/1199 1743/2263/1187 1744/2264/1188
f 1757/2277/1201 1756/2276/1200 1744/2264/1188 1745/2265/1189
f 1758/2278/1202 1757/2277/1201 1745/2265/1189 1746/2266/1190
f 1759/2279/1203 1758/2278/1202 1746/2266/1190 1747/2267/1191
f 1760/2280/1204 1759/2279/1203 1747/2267/1191 1748/2268/1192
f 1749/2270/1194 1760/2280/1204 1748/2268/1192 1737/2258/1182
f 1762/2281/1205 1761/2282/1206 1749/2270/1194 1750/2269/1193
f 1763/2283/1207 1762/2281/1205 1750/2269/1193 1751/2271/1195
f 1764/2284/1208 1763/2283/1207 1751/2271/1195 1752/2272/1196
f 1765/2285/1209 1764/2284/1208 1752/2272/1196 1753/2273/1197
f 1766/2286/1210 1765/2285/1209 1753/2273/1197 1754/2274/1198
f 1767/2287/1211 1766/2286/1210 1754/2274/1198 1755/2275/1199
f 1768/2288/1212 1767/2287/1211 1755/2275/1199 1756/2276/1200
f 1769/2289/1213 1768/2288/1212 1756/2276/1200 1757/2277/1201
f 1770/2290/1214 1769/2289/1213 1757/2277/1201 1758/2278/1202
f 1771/2291/1215 1770/2290/1214 1758/2278/1202 1759/2279/1203
f 1772/2292/1216 1771/2291/1215 1759/2279/1203 1760/2280/1204
f 1761/2282/1206 1772/2292/1216 1760/2280/1204 1749/2270/1194
f 1930/2293/1217 1929/2294/1218 1761/2282/1206 1762/2281/1205
f 1931/2295/1219 1930/2293/1217 1762/2281/1205 1763/2283/1207
f 1932/2296/1220 1931/2295/1219 1763/2283/1207 1764/2284/1208
f 1933/2297/1221 1932/2296/1220 1764/2284/1208 1765/2285/1209
f 1934/2298/1222 1933/2297/1221 1765/2285/1209 1766/2286/1210
f 1935/2299/1223 1934/2298/1222 1766/2286/1210 1767/2287/1211
f 1936/2300/1224 1935/2299/1223 1767/2287/1211 1768/2288/1212
f 1937/2301/1225 1936/2300/1224 1768/2288/1212 1769/2289/1213
f 1938/2302/1226 1937/2301/1225 1769/2289/1213 1770/2290/1214
f 1939/2303/1227 1938/2302/1226 1770/2290/1214 1771/2291/1215
f 1940/2304/1228 1939/2303/1227 1771/2291/1215 1772/2292/1216
f 1929/2294/1218 1940/2304/1228 1772/2292/1216 1761/2282/1206
f 1581/2305/1229 1603/2306/1230 1928/2307/1231 1918/2308/1232
f 1603/2306/1230 1601/2309/1233 1927/2310/1234 1928/2307/1231
f 1601/2309/1233 1599/2311/1235 1926/2312/1236 1927/2310/1234
f 1599/2311/1235 1597/2313/1237 1925/2314/1238 1926/2312/1236
f 1597/2313/1237 1595/2315/1239 1924/2316/1240 1925/2314/1238
f 1595/2315/1239 1593/2317/1241 1923/2318/1242 1924/2316/1240
f 1593/2317/1241 1591/2319/1243 1922/2320/1244 1923/2318/1242
f 1591/2319/1243 1589/2321/1245 1921/2322/1246 1922/2320/1244
f 1589/2321/1245 1587/2323/1247 1920/2324/1248 1921/2322/1246
f 1587/2323/1247 1585/2325/1249 1919/2326/1250 1920/2324/1248
f 1585/2325/1249 1583/2327/1251 1917/2328/1252 1919/2326/1250
f 1583/2327/1251 1581/2305/1229 1918/2308/1232 1917/2328/1252
f 1918/2308/1232 1928/2307/1231 1940/2304/1228 1929/2294/1218
f 1928/2307/1231 1927/2310/1234 1939/2303/1227 1940/2304/1228
f 1927/2310/1234 1926/2312/1236 1938/2302/1226 1939/2303/1227
f 1926/2312/1236 1925/2314/1238 1937/2301/1225 1938/2302/1226
f 1925/2314/1238 1924/2316/1240 1936/2300/1224 1937/2301/1225
f 1924/2316/1240 1923/2318/1242 1935/2299/1223 1936/2300/1224
f 1923/2318/1242 1922/2320/1244 1934/2298/1222 1935/2299/1223
f 1922/2320/1244 1921/2322/1246 1933/2297/1221 1934/2298/1222
f 1921/2322/1246 1920/2324/1248 1932/2296/1220 1933/2297/1221
f 1920/2324/1248 1919/2326/1250 1931/2295/1219 1932/2296/1220
f 1919/2326/1250 1917/2328/1252 1930/2293/1217 1931/2295/1219
f 1917/2328/1252 1918/2308/1232 1929/2294/1218 1930/2293/1217
f 2073/2329/1155 1990/2330/1156 1989/2331/1158 2074/2332/1157
f 2075/2333/1153 1991/2334/1154 1990/2330/1156 2073/2329/1155
f 2076/2335/1151 1992/2336/1152 1991/2334/1154 2075/2333/1153
f 2077/2337/1149 1993/2338/1150 1992/2336/1152 2076/2335/1151
f 2078/2339/1253 1994/2340/1148 1993/2338/1150 2077/2337/1149
f 2079/2341/1254 1995/2342/1147 1994/2340/1148 2078/2339/1253
f 2080/2343/1255 1996/2344/1168 1995/2342/1147 2079/2341/1254
f 2081/2345/1165 1997/2346/1166 1996/2344/1168 2080/2343/1255
f 2082/2347/1163 1998/2348/1164 1997/2346/1166 2081/2345/1165
f 2083/2349/1161 1999/2350/1162 1998/2348/1164 2082/2347/1163
f 2084/2351/1159 2000/2352/1160 1999/2350/1162 2083/2349/1161
f 2074/2332/1157 1989/2331/1158 2000/2352/1160 2084/2351/1159
f 2071/2353/1079 2072/2354/1077 2060/2103/1077 2059/2101/1079
f 2070/2355/1081 2071/2353/1079 2059/2101/1079 2058/2099/1081
f 2069/2356/1083 2070/2355/1081 2058/2099/1081 2057/2097/1083
f 2068/2357/1085 2069/2356/1083 2057/2097/1083 2056/2095/1085
f 2067/2358/1087 2068/2357/1085 2056/2095/1085 2055/2093/1087
f 2066/2359/1064 2067/2358/1087 2055/2093/1087 2054/2091/1064
f 2065/2360/1067 2066/2359/1064 2054/2091/1064 2053/2089/1067
f 2064/2361/1069 2065/2360/1067 2053/2089/1067 2052/2087/1069
f 2063/2362/1071 2064/2361/1069 2052/2087/1069 2051/2085/1071
f 2062/2363/1073 2063/2362/1071 2051/2085/1071 2050/2083/1073
f 2061/2364/1075 2062/2363/1073 2050/2083/1073 2049/2080/1075
f 2072/2365/1077 2061/2364/1075 2049/2080/1075 2060/2079/1077
f 2085/2366/1175 2074/2332/1157 2084/2351/1159 2096/2367/1174
f 2096/2367/1174 2084/2351/1159 2083/2349/1161 2095/2368/1173
f 2095/2368/1173 2083/2349/1161 2082/2347/1163 2094/2369/1172
f 2094/2369/1172 2082/2347/1163 2081/2345/1165 2093/2370/1171
f 2093/2370/1171 2081/2345/1165 2080/2343/1255 2092/2371/1170
f 2092/2371/1170 2080/2343/1255 2079/2341/1254 2091/2372/1169
f 2091/2372/1169 2079/2341/1254 2078/2339/1253 2090/2373/1180
f 2090/2373/1180 2078/2339/1253 2077/2337/1149 2089/2374/1179
f 2089/2374/1179 2077/2337/1149 2076/2335/1151 2088/2375/1178
f 2088/2375/1178 2076/2335/1151 2075/2333/1153 2087/2376/1177
f 2087/2376/1177 2075/2333/1153 2073/2329/1155 2086/2377/1176
f 2086/2377/1176 2073/2329/1155 2074/2332/1157 2085/2366/1175
f 2098/2378/1186 2086/2377/1176 2085/2366/1175 2097/2379/1187
f 2099/2380/1185 2087/2376/1177 2086/2377/1176 2098/2378/1186
f 2100/2381/1184 2088/2375/1178 2087/2376/1177 2099/2380/1185
f 2101/2382/1183 2089/2374/1179 2088/2375/1178 2100/2381/1184
f 2102/2383/1181 2090/2373/1180 2089/2374/1179 2101/2382/1183
f 2103/2384/1182 2091/2372/1169 2090/2373/1180 2102/2383/1181
f 2104/2385/1192 2092/2371/1170 2091/2372/1169 2103/2384/1182
f 2105/2386/1191 2093/2370/1171 2092/2371/1170 2104/2385/1192
f 2106/2387/1190 2094/2369/1172 2093/2370/1171 2105/2386/1191
f 2107/2388/1189 2095/2368/1173 2094/2369/1172 2106/2387/1190
f 2108/2389/1188 2096/2367/1174 2095/2368/1173 2107/2388/1189
f 2097/2379/1187 2085/2366/1175 2096/2367/1174 2108/2389/1188
f 2110/2390/1198 2098/2378/1186 2097/2379/1187 2109/2391/1199
f 2111/2392/1197 2099/2380/1185 2098/2378/1186 2110/2390/1198
f 2112/2393/1196 2100/2381/1184 2099/2380/1185 2111/2392/1197
f 2113/2394/1195 2101/2382/1183 2100/2381/1184 2112/2393/1196
f 2114/2395/1193 2102/2383/1181 2101/2382/1183 2113/2394/1195
f 2115/2396/1194 2103/2384/1182 2102/2383/1181 2114/2395/1193
f 2116/2397/1204 2104/2385/1192 2103/2384/1182 2115/2396/1194
f 2117/2398/1203 2105/2386/1191 2104/2385/1192 2116/2397/1204
f 2118/2399/1202 2106/2387/1190 2105/2386/1191 2117/2398/1203
f 2119/2400/1201 2107/2388/1189 2106/2387/1190 2118/2399/1202
f 2120/2401/1200 2108/2389/1188 2107/2388/1189 2119/2400/1201
f 2109/2391/1199 2097/2379/1187 2108/2389/1188 2120/2401/1200
f 2122/2402/1210 2110/2390/1198 2109/2391/1199 2121/2403/1211
f 2123/2404/1209 2111/2392/1197 2110/2390/1198 2122/2402/1210
f 2124/2405/1208 2112/2393/1196 2111/2392/1197 2123/2404/1209
f 2125/2406/1207 2113/2394/1195 2112/2393/1196 2124/2405/1208
f 2126/2407/1205 2114/2395/1193 2113/2394/1195 2125/2406/1207
f 2127/2408/1206 2115/2396/1194 2114/2395/1193 2126/2407/1205
f 2128/2409/1216 2116/2397/1204 2115/2396/1194 2127/2408/1206
f 2129/2410/1215 2117/2398/1203 2116/2397/1204 2128/2409/1216
f 2130/2411/1214 2118/2399/1202 2117/2398/1203 2129/2410/1215
f 2131/2412/1213 2119/2400/1201 2118/2399/1202 2130/2411/1214
f 2132/2413/1212 2120/2401/1200 2119/2400/1201 2131/2412/1213
f 2121/2403/1211 2109/2391/1199 2120/2401/1200 2132/2413/1212
f 2290/2414/1256 2122/2402/1210 2121/2403/1211 2289/2415/1223
f 2291/2416/1221 2123/2404/1209 2122/2402/1210 2290/2414/1256
f 2292/2417/1220 2124/2405/1208 2123/2404/1209 2291/2416/1221
f 2293/2418/1219 2125/2406/1207 2124/2405/1208 2292/2417/1220
f 2294/2419/1217 2126/2407/1205 2125/2406/1207 2293/2418/1219
f 2295/2420/1218 2127/2408/1206 2126/2407/1205 2294/2419/1217
f 2296/2421/1228 2128/2409/1216 2127/2408/1206 2295/2420/1218
f 2297/2422/1227 2129/2410/1215 2128/2409/1216 2296/2421/1228
f 2298/2423/1226 2130/2411/1214 2129/2410/1215 2297/2422/1227
f 2299/2424/1257 2131/2412/1213 2130/2411/1214 2298/2423/1226
f 2300/2425/1258 2132/2413/1212 2131/2412/1213 2299/2424/1257
f 2289/2415/1223 2121/2403/1211 2132/2413/1212 2300/2425/1258
f 1941/2426/1241 2278/2427/1242 2288/2428/1240 1963/2429/1239
f 1963/2429/1239 2288/2428/1240 2287/2430/1238 1961/2431/1237
f 1961/2431/1237 2287/2430/1238 2286/2432/1236 1959/2433/1235
f 1959/2433/1235 2286/2432/1236 2285/2434/1234 1957/2435/1233
f 1957/2435/1233 2285/2434/1234 2284/2436/1231 1955/2437/1230
f 1955/2437/1230 2284/2436/1231 2283/2438/1232 1953/2439/1229
f 1953/2439/1229 2283/2438/1232 2282/2440/1252 1951/2441/1251
f 1951/2441/1251 2282/2440/1252 2281/2442/1250 1949/2443/1249
f 1949/2443/1249 2281/2442/1250 2280/2444/1248 1947/2445/1247
f 1947/2445/1247 2280/2444/1248 2279/2446/1246 1945/2447/1245
f 1945/2447/1245 2279/2446/1246 2277/2448/1244 1943/2449/1243
f 1943/2449/1243 2277/2448/1244 2278/2427/1242 1941/2426/1241
f 2278/2427/1242 2289/2415/1223 2300/2425/1258 2288/2428/1240
f 2288/2428/1240 2300/2425/1258 2299/2424/1257 2287/2430/1238
f 2287/2430/1238 2299/2424/1257 2298/2423/1226 2286/2432/1236
f 2286/2432/1236 2298/2423/1226 2297/2422/1227 2285/2434/1234
f 2285/2434/1234 2297/2422/1227 2296/2421/1228 2284/2436/1231
f 2284/2436/1231 2296/2421/1228 2295/2420/1218 2283/2438/1232
f 2283/2438/1232 2295/2420/1218 2294/2419/1217 2282/2440/1252
f 2282/2440/1252 2294/2419/1217 2293/2418/1219 2281/2442/1250
f 2281/2442/1250 2293/2418/1219 2292/2417/1220 2280/2444/1248
f 2280/2444/1248 2292/2417/1220 2291/2416/1221 2279/2446/1246
f 2279/2446/1246 2291/2416/1221 2290/2414/1256 2277/2448/1244
f 2277/2448/1244 2290/2414/1256 2289/2415/1223 2278/2427/1242
usemtl Gold
f 1894/2450/1054 1893/2451/1052 1889/2452/1051 1890/2453/1053
f 1797/2454/1063 1798/2455/1063 1808/2456/1063 1807/2457/1063 1806/2458/1063 1805/2459/1063 1804/2460/1063 1803/2461/1063 1802/2462/1063 1801/2463/1063 1800/2464/1063 1799/2465/1063
f 1896/2466/1048 1895/2467/1046 1886/2468/1045 1887/2469/1047
f 1898/2470/1042 1897/2471/1040 1883/2472/1039 1884/2473/1041
f 1899/2474/1056 1894/2450/1054 1890/2453/1053 1891/2475/1055
f 1900/2476/1050 1896/2466/1048 1887/2469/1047 1888/2477/1049
f 1901/2478/1044 1898/2470/1042 1884/2473/1041 1885/2479/1043
f 1902/2480/1062 1899/2474/1056 1891/2475/1055 1892/2481/1061
f 1904/2482/1038 1903/2483/1035 1882/2484/1036 1881/2485/1037
f 1893/2451/1052 1900/2476/1050 1888/2477/1049 1889/2452/1051
f 1895/2467/1046 1901/2478/1044 1885/2479/1043 1886/2468/1045
f 1903/2483/1035 1902/2480/1062 1892/2481/1061 1882/2484/1036
f 1897/2471/1040 1904/2482/1038 1881/2485/1037 1883/2472/1039
f 1798/2455/1063 1797/2454/1063 1881/2485/1037 1882/2484/1036
f 1797/2454/1063 1799/2465/1063 1883/2472/1039 1881/2485/1037
f 1799/2465/1063 1800/2464/1063 1884/2473/1041 1883/2472/1039
f 1800/2464/1063 1801/2463/1063 1885/2479/1043 1884/2473/1041
f 1801/2463/1063 1802/2462/1063 1886/2468/1045 1885/2479/1043
f 1802/2462/1063 1803/2461/1063 1887/2469/1047 1886/2468/1045
f 1803/2461/1063 1804/2460/1063 1888/2477/1049 1887/2469/1047
f 1804/2460/1063 1805/2459/1063 1889/2452/1051 1888/2477/1049
f 1805/2459/1063 1806/2458/1063 1890/2453/1053 1889/2452/1051
f 1806/2458/1063 1807/2457/1063 1891/2475/1055 1890/2453/1053
f 1807/2457/1063 1808/2456/1063 1892/2481/1061 1891/2475/1055
f 1808/2456/1063 1798/2455/1063 1882/2484/1036 1892/2481/1061
f 1915/2486/1040 1912/2487/1038 1904/2482/1038 1897/2471/1040
f 1916/2488/1035 1911/2489/1062 1902/2480/1062 1903/2483/1035
f 1914/2490/1046 1910/2491/1044 1901/2478/1044 1895/2467/1046
f 1913/2492/1052 1909/2493/1050 1900/2476/1050 1893/2451/1052
f 1912/2487/1038 1916/2488/1035 1903/2483/1035 1904/2482/1038
f 1911/2489/1062 1908/2494/1056 1899/2474/1056 1902/2480/1062
f 1910/2491/1044 1907/2495/1042 1898/2470/1042 1901/2478/1044
f 1909/2493/1050 1906/2496/1048 1896/2466/1048 1900/2476/1050
f 1908/2494/1056 1905/2497/1054 1894/2450/1054 1899/2474/1056
f 1907/2495/1042 1915/2486/1040 1897/2471/1040 1898/2470/1042
f 1906/2496/1048 1914/2490/1046 1895/2467/1046 1896/2466/1048
f 1905/2497/1054 1913/2492/1052 1893/2451/1052 1894/2450/1054
f 1782/1969/1111 1781/1971/1112 1913/2492/1052 1905/2497/1054
f 1779/1975/1114 1778/1977/1115 1914/2490/1046 1906/2496/1048
f 1776/1981/1117 1775/1983/1118 1915/2486/1040 1907/2495/1042
f 1783/1967/1110 1782/1969/1111 1905/2497/1054 1908/2494/1056
f 1780/1973/1113 1779/1975/1114 1906/2496/1048 1909/2493/1050
f 1777/1979/1116 1776/1981/1117 1907/2495/1042 1910/2491/1044
f 1784/1963/1108 1783/1967/1110 1908/2494/1056 1911/2489/1062
f 1773/1985/1119 1774/1964/1109 1916/2488/1035 1912/2487/1038
f 1781/1971/1112 1780/1973/1113 1909/2493/1050 1913/2492/1052
f 1778/1977/1115 1777/1979/1116 1910/2491/1044 1914/2490/1046
f 1774/1964/1109 1784/1963/1108 1911/2489/1062 1916/2488/1035
f 1775/1983/1118 1773/1985/1119 1912/2487/1038 1915/2486/1040
f 2254/2498/1054 2250/2499/1053 2249/2500/1055 2253/2501/1056
f 2157/2502/1063 2159/2503/1063 2160/2504/1063 2161/2505/1063 2162/2506/1063 2163/2507/1063 2164/2508/1063 2165/2509/1063 2166/2510/1063 2167/2511/1063 2168/2512/1063 2158/2513/1063
f 2256/2514/1035 2247/2515/1036 2246/2516/1037 2255/2517/1038
f 2258/2518/1042 2244/2519/1041 2243/2520/1043 2257/2521/1044
f 2259/2522/1052 2251/2523/1051 2250/2499/1053 2254/2498/1054
f 2260/2524/1062 2248/2525/1061 2247/2515/1036 2256/2514/1035
f 2261/2526/1040 2245/2527/1039 2244/2519/1041 2258/2518/1042
f 2262/2528/1050 2252/2529/1049 2251/2523/1051 2259/2522/1052
f 2264/2530/1046 2241/2531/1045 2242/2532/1047 2263/2533/1048
f 2253/2501/1056 2249/2500/1055 2248/2525/1061 2260/2524/1062
f 2255/2517/1038 2246/2516/1037 2245/2527/1039 2261/2526/1040
f 2263/2533/1048 2242/2532/1047 2252/2529/1049 2262/2528/1050
f 2257/2521/1044 2243/2520/1043 2241/2531/1045 2264/2530/1046
f 2158/2513/1063 2242/2532/1047 2241/2531/1045 2157/2502/1063
f 2157/2502/1063 2241/2531/1045 2243/2520/1043 2159/2503/1063
f 2159/2503/1063 2243/2520/1043 2244/2519/1041 2160/2504/1063
f 2160/2504/1063 2244/2519/1041 2245/2527/1039 2161/2505/1063
f 2161/2505/1063 2245/2527/1039 2246/2516/1037 2162/2506/1063
f 2162/2506/1063 2246/2516/1037 2247/2515/1036 2163/2507/1063
f 2163/2507/1063 2247/2515/1036 2248/2525/1061 2164/2508/1063
f 2164/2508/1063 2248/2525/1061 2249/2500/1055 2165/2509/1063
f 2165/2509/1063 2249/2500/1055 2250/2499/1053 2166/2510/1063
f 2166/2510/1063 2250/2499/1053 2251/2523/1051 2167/2511/1063
f 2167/2511/1063 2251/2523/1051 2252/2529/1049 2168/2512/1063
f 2168/2512/1063 2252/2529/1049 2242/2532/1047 2158/2513/1063
f 2275/2534/1044 2257/2521/1044 2264/2530/1046 2272/2535/1046
f 2276/2536/1048 2263/2533/1048 2262/2528/1050 2271/2537/1050
f 2274/2538/1038 2255/2517/1038 2261/2526/1040 2270/2539/1040
f 2273/2540/1056 2253/2501/1056 2260/2524/1062 2269/2541/1062
f 2272/2535/1046 2264/2530/1046 2263/2533/1048 2276/2536/1048
f 2271/2537/1050 2262/2528/1050 2259/2522/1052 2268/2542/1052
f 2270/2539/1040 2261/2526/1040 2258/2518/1042 2267/2543/1042
f 2269/2541/1062 2260/2524/1062 2256/2514/1035 2266/2544/1035
f 2268/2542/1052 2259/2522/1052 2254/2498/1054 2265/2545/1054
f 2267/2543/1042 2258/2518/1042 2257/2521/1044 2275/2534/1044
f 2266/2544/1035 2256/2514/1035 2255/2517/1038 2274/2538/1038
f 2265/2545/1054 2254/2498/1054 2253/2501/1056 2273/2540/1056
f 2142/2154/1111 2265/2545/1054 2273/2540/1056 2141/2156/1110
f 2139/2160/1109 2266/2544/1035 2274/2538/1038 2138/2162/1119
f 2136/2166/1117 2267/2543/1042 2275/2534/1044 2135/2168/1116
f 2143/2152/1112 2268/2542/1052 2265/2545/1054 2142/2154/1111
f 2140/2158/1143 2269/2541/1062 2266/2544/1035 2139/2160/1109
f 2137/2164/1144 2270/2539/1040 2267/2543/1042 2136/2166/1117
f 2144/2148/1113 2271/2537/1050 2268/2542/1052 2143/2152/1112
f 2133/2170/1115 2272/2535/1046 2276/2536/1048 2134/2151/1114
f 2141/2156/1110 2273/2540/1056 2269/2541/1062 2140/2158/1143
f 2138/2162/1119 2274/2538/1038 2270/2539/1040 2137/2164/1144
f 2134/2151/1114 2276/2536/1048 2271/2537/1050 2144/2148/1113
f 2135/2168/1116 2275/2534/1044 2272/2535/1046 2133/2170/1115
f 1687/2546/1062 1616/2547/1259 1605/2548/1260 1688/2549/1035
f 1686/2550/1056 1615/2551/1261 1616/2547/1259 1687/2546/1062
f 1685/2552/1054 1614/2553/1262 1615/2551/1261 1686/2550/1056
f 1684/2554/1052 1613/2555/1263 1614/2553/1262 1685/2552/1054
f 1683/2556/1050 1612/2557/1264 1613/2555/1263 1684/2554/1052
f 1682/2558/1048 1611/2559/1265 1612/2557/1264 1683/2556/1050
f 1681/2560/1046 1610/2561/1266 1611/2559/1265 1682/2558/1048
f 1680/2562/1044 1609/2563/1267 1610/2561/1266 1681/2560/1046
f 1679/2564/1042 1608/2565/1268 1609/2563/1267 1680/2562/1044
f 1678/2566/1040 1607/2567/1269 1608/2565/1268 1679/2564/1042
f 1677/2568/1038 1606/2569/1270 1607/2567/1269 1678/2566/1040
f 1688/2570/1035 1605/2571/1260 1606/2569/1270 1677/2568/1038
f 1629/2572/1147 1688/2570/1035 1677/2568/1038 1630/2573/1148
f 1630/2573/1148 1677/2568/1038 1678/2566/1040 1631/2574/1150
f 1631/2574/1150 1678/2566/1040 1679/2564/1042 1632/2575/1152
f 1632/2575/1152 1679/2564/1042 1680/2562/1044 1633/2576/1154
f 1633/2576/1154 1680/2562/1044 1681/2560/1046 1634/2577/1156
f 1634/2577/1156 1681/2560/1046 1682/2558/1048 1635/2578/1158
f 1635/2578/1158 1682/2558/1048 1683/2556/1050 1636/2579/1160
f 1636/2579/1160 1683/2556/1050 1684/2554/1052 1637/2580/1162
f 1637/2580/1162 1684/2554/1052 1685/2552/1054 1638/2581/1164
f 1638/2581/1164 1685/2552/1054 1686/2550/1056 1639/2582/1166
f 1639/2582/1166 1686/2550/1056 1687/2546/1062 1640/2583/1168
f 1640/2583/1168 1687/2546/1062 1688/2549/1035 1629/2584/1147
f 1605/2571/1260 1712/2244/1064 1701/2243/1067 1606/2569/1270
f 1606/2569/1270 1701/2243/1067 1702/2242/1069 1607/2567/1269
f 1607/2567/1269 1702/2242/1069 1703/2241/1071 1608/2565/1268
f 1608/2565/1268 1703/2241/1071 1704/2240/1073 1609/2563/1267
f 1609/2563/1267 1704/2240/1073 1705/2239/1075 1610/2561/1266
f 1610/2561/1266 1705/2239/1075 1706/2238/1077 1611/2559/1265
f 1611/2559/1265 1706/2238/1077 1707/2237/1079 1612/2557/1264
f 1612/2557/1264 1707/2237/1079 1708/2236/1081 1613/2555/1263
f 1613/2555/1263 1708/2236/1081 1709/2235/1083 1614/2553/1262
f 1614/2553/1262 1709/2235/1083 1710/2234/1085 1615/2551/1261
f 1615/2551/1261 1710/2234/1085 1711/2232/1087 1616/2547/1259
f 1616/2547/1259 1711/2232/1087 1712/2233/1064 1605/2548/1260
f 2047/2585/1050 2048/2586/1048 1965/2587/1265 1976/2588/1264
f 2046/2589/1052 2047/2585/1050 1976/2588/1264 1975/2590/1263
f 2045/2591/1054 2046/2589/1052 1975/2590/1263 1974/2592/1262
f 2044/2593/1056 2045/2591/1054 1974/2592/1262 1973/2594/1261
f 2043/2595/1062 2044/2593/1056 1973/2594/1261 1972/2596/1259
f 2042/2597/1035 2043/2595/1062 1972/2596/1259 1971/2598/1260
f 2041/2599/1038 2042/2597/1035 1971/2598/1260 1970/2600/1270
f 2040/2601/1040 2041/2599/1038 1970/2600/1270 1969/2602/1269
f 2039/2603/1042 2040/2601/1040 1969/2602/1269 1968/2604/1268
f 2038/2605/1044 2039/2603/1042 1968/2604/1268 1967/2606/1267
f 2037/2607/1046 2038/2605/1044 1967/2606/1267 1966/2608/1266
f 2048/2609/1048 2037/2607/1046 1966/2608/1266 1965/2610/1265
f 1989/2611/1158 1990/2612/1156 2037/2607/1046 2048/2609/1048
f 1990/2612/1156 1991/2613/1154 2038/2605/1044 2037/2607/1046
f 1991/2613/1154 1992/2614/1152 2039/2603/1042 2038/2605/1044
f 1992/2614/1152 1993/2615/1150 2040/2601/1040 2039/2603/1042
f 1993/2615/1150 1994/2616/1148 2041/2599/1038 2040/2601/1040
f 1994/2616/1148 1995/2617/1147 2042/2597/1035 2041/2599/1038
f 1995/2617/1147 1996/2618/1168 2043/2595/1062 2042/2597/1035
f 1996/2618/1168 1997/2619/1166 2044/2593/1056 2043/2595/1062
f 1997/2619/1166 1998/2620/1164 2045/2591/1054 2044/2593/1056
f 1998/2620/1164 1999/2621/1162 2046/2589/1052 2045/2591/1054
f 1999/2621/1162 2000/2622/1160 2047/2585/1050 2046/2589/1052
f 2000/2622/1160 1989/2623/1158 2048/2586/1048 2047/2585/1050
f 1965/2610/1265 1966/2608/1266 2061/2364/1075 2072/2365/1077
f 1966/2608/1266 1967/2606/1267 2062/2363/1073 2061/2364/1075
f 1967/2606/1267 1968/2604/1268 2063/2362/1071 2062/2363/1073
f 1968/2604/1268 1969/2602/1269 2064/2361/1069 2063/2362/1071
f 1969/2602/1269 1970/2600/1270 2065/2360/1067 2064/2361/1069
f 1970/2600/1270 1971/2598/1260 2066/2359/1064 2065/2360/1067
f 1971/2598/1260 1972/2596/1259 2067/2358/1087 2066/2359/1064
f 1972/2596/1259 1973/2594/1261 2068/2357/1085 2067/2358/1087
f 1973/2594/1261 1974/2592/1262 2069/2356/1083 2068/2357/1085
f 1974/2592/1262 1975/2590/1263 2070/2355/1081 2069/2356/1083
f 1975/2590/1263 1976/2588/1264 2071/2353/1079 2070/2355/1081
f 1976/2588/1264 1965/2587/1265 2072/2354/1077 2071/2353/1079
usemtl BlackVoid
f 1581/2305/1229 1583/2327/1251 1585/2325/1249 1587/2323/1247 1589/2321/1245 1591/2319/1243 1593/2317/1241 1595/2315/1239 1597/2313/1237 1599/2311/1235 1601/2309/1233 1603/2306/1230
f 1941/2426/1241 1963/2429/1239 1961/2431/1237 1959/2433/1235 1957/2435/1233 1955/2437/1230 1953/2439/1229 1951/2441/1251 1949/2443/1249 1947/2445/1247 1945/2447/1245 1943/2449/1243
o Cylinder.005_Cylinder.011
v -1.150346 1.079577 0.763058
v -1.159296 1.081979 2.804791
v -1.150366 1.020434 0.763058
v -1.159318 1.018039 2.804791
v -1.120812 0.969205 0.763058
v -1.127368 0.962654 2.804791
v -1.069603 0.939615 0.763058
v -1.072005 0.930665 2.804791
v -1.010460 0.939595 0.763058
v -1.008065 0.930643 2.804791
v -0.959231 0.969149 0.763058
v -0.952680 0.962594 2.804791
v -0.929642 1.020358 0.763058
v -0.920691 1.017956 2.804791
v -0.929621 1.079501 0.763058
v -0.920669 1.081896 2.804791
v -0.959175 1.130730 0.763058
v -0.952620 1.137281 2.804791
v -1.010384 1.160319 0.763058
v -1.007982 1.169270 2.804791
v -1.069527 1.160340 0.763058
v -1.071922 1.169292 2.804791
v -1.120757 1.130786 0.763058
v -1.127307 1.137341 2.804791
v -1.191485 1.090616 0.847254
v -1.191513 1.009424 0.847254
v -1.150941 0.939096 0.847254
v -1.080642 0.898476 0.847254
v -0.999450 0.898448 0.847254
v -0.929123 0.939020 0.847254
v -0.888503 1.009319 0.847254
v -0.888475 1.090511 0.847254
v -0.929046 1.160839 0.847254
v -1.150865 1.160915 0.847254
v -1.191485 1.090616 2.518939
v -1.191513 1.009424 2.518939
v -1.150941 0.939096 2.518939
v -1.080642 0.898476 2.518939
v -0.999450 0.898448 2.518939
v -0.929123 0.939020 2.518939
v -0.888503 1.009319 2.518939
v -0.888474 1.090511 2.518939
v -0.929046 1.160839 2.518939
v -1.150865 1.160915 2.518939
v -1.191485 1.090616 0.763058
v -1.191513 1.009424 0.763058
v -1.150941 0.939096 0.763058
v -1.080642 0.898476 0.763058
v -0.999450 0.898448 0.763058
v -0.929123 0.939020 0.763058
v -0.888503 1.009319 0.763058
v -0.888475 1.090511 0.763058
v -0.929046 1.160839 0.763058
v -0.999346 1.201459 0.763058
v -1.080537 1.201487 0.763058
v -1.150865 1.160915 0.763058
v -1.191513 1.009424 2.804791
v -1.191485 1.090616 2.804791
v -1.150941 0.939096 2.804791
v -1.080642 0.898476 2.804791
v -0.999450 0.898448 2.804791
v -0.929123 0.939020 2.804791
v -0.888503 1.009319 2.804791
v -0.888474 1.090511 2.804791
v -0.929046 1.160839 2.804791
v -0.999346 1.201459 2.804791
v -1.080537 1.201487 2.804791
v -1.150865 1.160915 2.804791
v -1.050792 1.047078 3.423644
v -1.050790 1.052864 3.423644
v -1.047901 1.042066 3.423644
v -1.042891 1.039171 3.423644
v -1.037104 1.039169 3.423644
v -1.032092 1.042060 3.423644
v -1.029197 1.047071 3.423644
v -1.029195 1.052857 3.423644
v -1.032087 1.057869 3.423644
v -1.037097 1.060764 3.423644
v -1.042883 1.060766 3.423644
v -1.047895 1.057874 3.423644
v -1.152732 1.080217 0.763058
v -1.152753 1.019796 0.763058
v -1.122560 0.967458 0.763058
v -1.070244 0.937229 0.763058
v -1.009822 0.937209 0.763058
v -0.957485 0.967401 0.763058
v -0.927256 1.019718 0.763058
v -0.927235 1.080139 0.763058
v -0.957428 1.132476 0.763058
v -1.009744 1.162705 0.763058
v -1.070166 1.162726 0.763058
v -1.122503 1.132534 0.763058
v -1.144777 1.078083 0.696259
v -1.144796 1.021924 0.696259
v -1.116734 0.973280 0.696259
v -1.068109 0.945184 0.696259
v -1.011951 0.945165 0.696259
v -0.963307 0.973227 0.696259
v -0.935211 1.021852 0.696259
v -0.935191 1.078010 0.696259
v -0.963254 1.126655 0.696259
v -1.011878 1.154750 0.696259
v -1.068037 1.154770 0.696259
v -1.116681 1.126708 0.696259
v -1.150346 1.079577 0.714281
v -1.150366 1.020434 0.714281
v -1.120812 0.969205 0.714281
v -1.069603 0.939615 0.714281
v -1.010460 0.939595 0.714281
v -0.959231 0.969149 0.714281
v -0.929642 1.020358 0.714281
v -0.929621 1.079501 0.714281
v -0.959175 1.130730 0.714281
v -1.010384 1.160319 0.714281
v -1.069527 1.160340 0.714281
v -1.120757 1.130786 0.714281
v -1.126683 1.073228 0.681761
v -1.126699 1.026767 0.681761
v -1.103482 0.986523 0.681761
v -1.063254 0.963278 0.681761
v -1.016793 0.963262 0.681761
v -0.976549 0.986479 0.681761
v -0.953305 1.026707 0.681761
v -0.953289 1.073168 0.681761
v -0.976505 1.113412 0.681761
v -1.016733 1.136656 0.681761
v -1.063194 1.136672 0.681761
v -1.103438 1.113456 0.681761
v -1.098499 1.065665 0.663710
v -1.098509 1.034310 0.663710
v -1.082841 1.007150 0.663710
v -1.055692 0.991463 0.663710
v -1.024336 0.991452 0.663710
v -0.997176 1.007120 0.663710
v -0.981489 1.034269 0.663710
v -0.981478 1.065625 0.663710
v -0.997146 1.092785 0.663710
v -1.024296 1.108472 0.663710
v -1.055651 1.108483 0.663710
v -1.082811 1.092815 0.663710
v -1.084977 1.062037 0.574584
v -1.084985 1.037929 0.574584
v -1.072938 1.017046 0.574584
v -1.052063 1.004985 0.574584
v -1.027955 1.004976 0.574584
v -1.007072 1.017023 0.574584
v -0.995011 1.037898 0.574584
v -0.995003 1.062006 0.574584
v -1.007050 1.082889 0.574584
v -1.027924 1.094950 0.574584
v -1.052032 1.094959 0.574584
v -1.072915 1.082912 0.574584
v -1.127002 0.963019 2.808044
v -1.071871 0.931164 2.808044
v -1.008116 1.168771 2.808044
v -1.071789 1.168793 2.808044
v -0.921190 1.018090 2.808044
v -0.921168 1.081763 2.808044
v -1.008198 0.931142 2.808044
v -1.126942 1.136976 2.808044
v -1.158798 1.081845 2.808044
v -1.158819 1.018172 2.808044
v -0.952985 1.136916 2.808044
v -0.953045 0.962959 2.808044
v -1.191485 1.090616 2.579178
v -1.191513 1.009424 2.579178
v -1.150941 0.939096 2.579178
v -1.080642 0.898476 2.579178
v -0.999450 0.898448 2.579178
v -0.929123 0.939020 2.579178
v -0.888503 1.009319 2.579178
v -0.888474 1.090511 2.579178
v -0.929046 1.160839 2.579178
v -0.999346 1.201459 2.579178
v -1.080537 1.201487 2.579178
v -1.150865 1.160915 2.579178
v -1.183560 1.088489 2.804791
v -1.183587 1.011545 2.804791
v -1.145138 0.944896 2.804791
v -1.078515 0.906401 2.804791
v -1.001571 0.906374 2.804791
v -0.934922 0.944823 2.804791
v -0.896427 1.011446 2.804791
v -0.896401 1.088390 2.804791
v -0.934850 1.155039 2.804791
v -1.001472 1.193534 2.804791
v -1.078416 1.193560 2.804791
v -1.145065 1.155111 2.804791
v -1.163073 1.082992 2.804791
v -1.163096 1.017028 2.804791
v -1.130134 0.959890 2.804791
v -1.073018 0.926888 2.804791
v -1.007054 0.926865 2.804791
v -0.949916 0.959827 2.804791
v -0.916914 1.016943 2.804791
v -0.916891 1.082907 2.804791
v -0.949854 1.140045 2.804791
v -1.006969 1.173047 2.804791
v -1.072933 1.173070 2.804791
v -1.130072 1.140108 2.804791
v -1.058570 1.031404 3.417308
v -1.033188 1.075332 3.417308
v -1.014629 1.043162 3.417308
v -1.065358 1.056773 3.417308
v -1.046800 1.024603 3.417308
v -1.046782 1.075337 3.417308
v -1.014625 1.056756 3.417308
v -1.033206 1.024598 3.417308
v -1.058557 1.068544 3.417308
v -1.065363 1.043179 3.417308
v -1.021418 1.068531 3.417308
v -1.021430 1.031391 3.417308
v -1.056295 1.110890 0.665251
v -1.023650 1.110878 0.665251
v -0.979072 1.066269 0.665251
v -0.979083 1.033624 0.665251
v -1.023692 0.989045 0.665251
v -1.056337 0.989057 0.665251
v -1.084572 1.094577 0.665251
v -1.100916 1.033666 0.665251
v -1.100905 1.066311 0.665251
v -0.995384 1.094546 0.665251
v -0.995415 1.005358 0.665251
v -1.084603 1.005389 0.665251
v -1.187203 1.010577 0.763058
v -1.187176 1.089459 0.763058
v -1.147786 0.942250 0.763058
v -1.079486 0.902785 0.763058
v -1.000604 0.902758 0.763058
v -0.932276 0.942175 0.763058
v -0.892812 1.010476 0.763058
v -0.892784 1.089357 0.763058
v -0.932202 1.157685 0.763058
v -1.000502 1.197150 0.763058
v -1.079384 1.197177 0.763058
v -1.147711 1.157760 0.763058
v -1.052970 1.001605 0.577384
v -1.075413 1.014572 0.577384
v -1.052937 1.098339 0.577384
v -1.027017 1.098330 0.577384
v -0.991622 1.062911 0.577384
v -0.991631 1.036991 0.577384
v -1.027050 1.001596 0.577384
v -1.075389 1.085387 0.577384
v -1.088365 1.037024 0.577384
v -1.088356 1.062944 0.577384
v -1.004574 1.085363 0.577384
v -1.004599 1.014548 0.577384
v -1.088027 1.062856 0.574584
v -1.088036 1.037112 0.574584
v -1.075172 1.014813 0.574584
v -1.052882 1.001934 0.574584
v -1.027138 1.001925 0.574584
v -1.004839 1.014789 0.574584
v -0.991960 1.037079 0.574584
v -0.991951 1.062823 0.574584
v -1.004815 1.085122 0.574584
v -1.027105 1.098001 0.574584
v -1.052849 1.098010 0.574584
v -1.075148 1.085146 0.574584
v -1.191485 1.090616 2.800091
v -1.191513 1.009424 2.800091
v -1.150941 0.939096 2.800091
v -1.080642 0.898476 2.800091
v -0.999450 0.898448 2.800091
v -0.929123 0.939020 2.800091
v -0.888503 1.009319 2.800091
v -0.888474 1.090511 2.800091
v -0.929046 1.160839 2.800091
v -0.999346 1.201459 2.800091
v -1.080537 1.201487 2.800091
v -1.150865 1.160915 2.800091
v -0.999346 1.201459 2.518939
v -0.999346 1.201459 0.847254
v -1.080537 1.201487 2.518939
v -1.080537 1.201487 0.847254
v 1.150346 1.079577 0.763058
v 1.159296 1.081979 2.804790
v 1.150366 1.020434 0.763058
v 1.159319 1.018039 2.804790
v 1.120813 0.969205 0.763058
v 1.127368 0.962654 2.804790
v 1.069604 0.939615 0.763058
v 1.072005 0.930665 2.804790
v 1.010460 0.939595 0.763058
v 1.008065 0.930643 2.804790
v 0.959231 0.969149 0.763058
v 0.952680 0.962594 2.804790
v 0.929642 1.020358 0.763058
v 0.920691 1.017956 2.804790
v 0.929621 1.079501 0.763058
v 0.920669 1.081896 2.804790
v 0.959175 1.130730 0.763058
v 0.952620 1.137281 2.804790
v 1.010384 1.160320 0.763058
v 1.007982 1.169270 2.804790
v 1.069527 1.160340 0.763058
v 1.071922 1.169292 2.804790
v 1.120757 1.130786 0.763058
v 1.127307 1.137341 2.804790
v 1.191485 1.090616 0.847254
v 1.191513 1.009424 0.847254
v 1.150942 0.939096 0.847254
v 1.080642 0.898476 0.847254
v 0.999451 0.898448 0.847254
v 0.929123 0.939020 0.847254
v 0.888503 1.009319 0.847254
v 0.888474 1.090511 0.847254
v 0.929046 1.160839 0.847254
v 1.150865 1.160915 0.847254
v 1.191485 1.090616 2.518939
v 1.191513 1.009424 2.518939
v 1.150941 0.939096 2.518939
v 1.080642 0.898476 2.518939
v 0.999451 0.898448 2.518939
v 0.929123 0.939020 2.518939
v 0.888503 1.009319 2.518939
v 0.888475 1.090511 2.518939
v 0.929046 1.160839 2.518939
v 1.150865 1.160915 2.518939
v 1.191485 1.090616 0.763058
v 1.191513 1.009424 0.763058
v 1.150942 0.939096 0.763058
v 1.080642 0.898476 0.763058
v 0.999451 0.898448 0.763058
v 0.929123 0.939020 0.763058
v 0.888503 1.009319 0.763058
v 0.888474 1.090511 0.763058
v 0.929046 1.160839 0.763058
v 0.999346 1.201459 0.763058
v 1.080537 1.201487 0.763058
v 1.150865 1.160915 0.763058
v 1.191513 1.009424 2.804790
v 1.191485 1.090616 2.804790
v 1.150941 0.939096 2.804790
v 1.080642 0.898476 2.804790
v 0.999451 0.898448 2.804790
v 0.929123 0.939020 2.804790
v 0.888502 1.009319 2.804790
v 0.888475 1.090511 2.804790
v 0.929046 1.160839 2.804790
v 0.999346 1.201459 2.804790
v 1.080537 1.201487 2.804790
v 1.150865 1.160915 2.804790
v 1.050792 1.047078 3.423644
v 1.050790 1.052864 3.423644
v 1.047901 1.042066 3.423644
v 1.042891 1.039171 3.423644
v 1.037104 1.039169 3.423644
v 1.032092 1.042060 3.423644
v 1.029197 1.047071 3.423644
v 1.029195 1.052857 3.423644
v 1.032087 1.057869 3.423644
v 1.037097 1.060764 3.423644
v 1.042883 1.060766 3.423644
v 1.047895 1.057875 3.423644
v 1.152732 1.080217 0.763058
v 1.152753 1.019796 0.763058
v 1.122560 0.967458 0.763058
v 1.070243 0.937229 0.763058
v 1.009822 0.937209 0.763058
v 0.957485 0.967401 0.763058
v 0.927256 1.019718 0.763058
v 0.927235 1.080139 0.763058
v 0.957428 1.132477 0.763058
v 1.009744 1.162706 0.763058
v 1.070166 1.162726 0.763058
v 1.122503 1.132534 0.763058
v 1.144777 1.078083 0.696258
v 1.144796 1.021925 0.696258
v 1.116734 0.973280 0.696258
v 1.068109 0.945185 0.696258
v 1.011951 0.945165 0.696258
v 0.963307 0.973227 0.696258
v 0.935211 1.021852 0.696258
v 0.935191 1.078010 0.696258
v 0.963254 1.126655 0.696258
v 1.011879 1.154750 0.696258
v 1.068037 1.154770 0.696258
v 1.116681 1.126708 0.696258
v 1.150346 1.079577 0.714281
v 1.150366 1.020434 0.714281
v 1.120813 0.969205 0.714281
v 1.069604 0.939615 0.714281
v 1.010460 0.939595 0.714281
v 0.959231 0.969149 0.714281
v 0.929642 1.020358 0.714281
v 0.929621 1.079501 0.714281
v 0.959175 1.130730 0.714281
v 1.010384 1.160320 0.714281
v 1.069527 1.160340 0.714281
v 1.120757 1.130786 0.714281
v 1.126683 1.073228 0.681761
v 1.126699 1.026767 0.681761
v 1.103482 0.986523 0.681761
v 1.063254 0.963279 0.681761
v 1.016793 0.963262 0.681761
v 0.976549 0.986479 0.681761
v 0.953305 1.026707 0.681761
v 0.953289 1.073168 0.681761
v 0.976505 1.113412 0.681761
v 1.016734 1.136657 0.681761
v 1.063194 1.136673 0.681761
v 1.103438 1.113456 0.681761
v 1.098499 1.065665 0.663710
v 1.098510 1.034310 0.663710
v 1.082841 1.007150 0.663710
v 1.055692 0.991463 0.663710
v 1.024336 0.991452 0.663710
v 0.997176 1.007120 0.663710
v 0.981489 1.034270 0.663710
v 0.981478 1.065625 0.663710
v 0.997146 1.092785 0.663710
v 1.024296 1.108472 0.663710
v 1.055651 1.108483 0.663710
v 1.082812 1.092815 0.663710
v 1.084977 1.062037 0.574583
v 1.084985 1.037929 0.574583
v 1.072938 1.017046 0.574583
v 1.052064 1.004985 0.574583
v 1.027955 1.004976 0.574583
v 1.007073 1.017023 0.574583
v 0.995011 1.037898 0.574583
v 0.995003 1.062006 0.574583
v 1.007050 1.082889 0.574583
v 1.027924 1.094950 0.574583
v 1.052033 1.094959 0.574583
v 1.072915 1.082912 0.574583
v 1.127002 0.963019 2.808043
v 1.071871 0.931164 2.808043
v 1.008116 1.168771 2.808043
v 1.071789 1.168793 2.808043
v 0.921190 1.018090 2.808043
v 0.921168 1.081763 2.808043
v 1.008199 0.931142 2.808043
v 1.126942 1.136976 2.808043
v 1.158798 1.081845 2.808043
v 1.158820 1.018172 2.808043
v 0.952985 1.136916 2.808043
v 0.953045 0.962959 2.808043
v 1.191485 1.090616 2.579178
v 1.191513 1.009424 2.579178
v 1.150941 0.939096 2.579178
v 1.080642 0.898476 2.579178
v 0.999451 0.898448 2.579178
v 0.929123 0.939020 2.579178
v 0.888503 1.009319 2.579178
v 0.888475 1.090511 2.579178
v 0.929046 1.160839 2.579178
v 0.999346 1.201459 2.579178
v 1.080537 1.201487 2.579178
v 1.150865 1.160915 2.579178
v 1.183560 1.088489 2.804790
v 1.183587 1.011545 2.804790
v 1.145138 0.944896 2.804790
v 1.078515 0.906401 2.804790
v 1.001571 0.906374 2.804790
v 0.934922 0.944824 2.804790
v 0.896427 1.011446 2.804790
v 0.896401 1.088390 2.804790
v 0.934850 1.155039 2.804790
v 1.001472 1.193534 2.804790
v 1.078416 1.193561 2.804790
v 1.145065 1.155112 2.804790
v 1.163073 1.082992 2.804790
v 1.163096 1.017028 2.804790
v 1.130134 0.959890 2.804790
v 1.073018 0.926888 2.804790
v 1.007054 0.926865 2.804790
v 0.949916 0.959827 2.804790
v 0.916914 1.016943 2.804790
v 0.916891 1.082907 2.804790
v 0.949854 1.140045 2.804790
v 1.006969 1.173047 2.804790
v 1.072933 1.173070 2.804790
v 1.130072 1.140108 2.804790
v 1.058570 1.031404 3.417308
v 1.033188 1.075332 3.417308
v 1.014629 1.043162 3.417308
v 1.065358 1.056773 3.417308
v 1.046800 1.024603 3.417308
v 1.046782 1.075337 3.417308
v 1.014625 1.056756 3.417308
v 1.033206 1.024598 3.417308
v 1.058557 1.068544 3.417308
v 1.065363 1.043179 3.417308
v 1.021417 1.068531 3.417308
v 1.021430 1.031391 3.417308
v 1.056295 1.110890 0.665251
v 1.023650 1.110878 0.665251
v 0.979072 1.066269 0.665251
v 0.979083 1.033624 0.665251
v 1.023692 0.989045 0.665251
v 1.056337 0.989057 0.665251
v 1.084572 1.094577 0.665251
v 1.100916 1.033666 0.665251
v 1.100905 1.066311 0.665251
v 0.995384 1.094546 0.665251
v 0.995415 1.005358 0.665251
v 1.084603 1.005389 0.665251
v 1.187203 1.010577 0.763058
v 1.187176 1.089459 0.763058
v 1.147786 0.942250 0.763058
v 1.079486 0.902785 0.763058
v 1.000604 0.902758 0.763058
v 0.932276 0.942175 0.763058
v 0.892812 1.010476 0.763058
v 0.892784 1.089358 0.763058
v 0.932202 1.157685 0.763058
v 1.000502 1.197150 0.763058
v 1.079384 1.197177 0.763058
v 1.147711 1.157760 0.763058
v 1.052971 1.001605 0.577384
v 1.075413 1.014573 0.577384
v 1.052937 1.098339 0.577384
v 1.027017 1.098330 0.577384
v 0.991622 1.062911 0.577384
v 0.991631 1.036991 0.577384
v 1.027051 1.001596 0.577384
v 1.075389 1.085387 0.577384
v 1.088366 1.037024 0.577384
v 1.088357 1.062944 0.577384
v 1.004574 1.085363 0.577384
v 1.004599 1.014548 0.577384
v 1.088028 1.062856 0.574583
v 1.088036 1.037112 0.574583
v 1.075173 1.014813 0.574583
v 1.052882 1.001934 0.574583
v 1.027139 1.001925 0.574583
v 1.004840 1.014789 0.574583
v 0.991960 1.037079 0.574583
v 0.991951 1.062823 0.574583
v 1.004815 1.085122 0.574583
v 1.027105 1.098001 0.574583
v 1.052849 1.098010 0.574583
v 1.075148 1.085146 0.574583
v 1.191485 1.090616 2.800091
v 1.191513 1.009424 2.800091
v 1.150941 0.939096 2.800091
v 1.080642 0.898476 2.800091
v 0.999451 0.898448 2.800091
v 0.929123 0.939020 2.800091
v 0.888502 1.009319 2.800091
v 0.888475 1.090511 2.800091
v 0.929046 1.160839 2.800091
v 0.999346 1.201459 2.800091
v 1.080537 1.201487 2.800091
v 1.150865 1.160915 2.800091
v 0.999346 1.201459 2.518939
v 0.999346 1.201459 0.847254
v 1.080537 1.201487 2.518939
v 1.080537 1.201487 0.847254
vt 1.000000 0.999970
vt 0.916667 0.999970
vt 0.916667 1.000000
vt 1.000000 1.000000
vt 0.833333 0.999970
vt 0.833333 1.000000
vt 0.750000 0.999970
vt 0.750000 1.000000
vt 0.666667 0.999970
vt 0.666667 1.000000
vt 0.583333 0.999970
vt 0.583333 1.000000
vt 0.500000 0.999970
vt 0.500000 1.000000
vt 0.416667 0.999970
vt 0.416667 1.000000
vt 0.333333 0.999970
vt 0.333333 1.000000
vt 0.250000 0.999970
vt 0.250000 1.000000
vt 0.166667 0.999970
vt 0.166667 1.000000
vt 0.439005 0.250000
vt 0.439005 0.250000
vt 0.413683 0.344503
vt 0.413683 0.344503
vt 0.083333 0.999970
vt 0.083333 1.000000
vt 0.000000 0.999970
vt 0.000000 1.000000
vt 0.924825 0.250000
vt 0.924825 0.250000
vt 0.901403 0.162587
vt 0.901403 0.162587
vt 0.083333 0.500000
vt 0.000000 0.500000
vt 0.000000 0.511081
vt 0.083333 0.511081
vt 0.166667 0.500000
vt 0.166667 0.511081
vt 0.250000 0.500000
vt 0.250000 0.511081
vt 0.333333 0.500000
vt 0.333333 0.511081
vt 0.416667 0.500000
vt 0.416667 0.511081
vt 0.500000 0.500000
vt 0.500000 0.511081
vt 0.583333 0.500000
vt 0.583333 0.511081
vt 0.666667 0.500000
vt 0.666667 0.511081
vt 0.750000 0.500000
vt 0.750000 0.511081
vt 0.833333 0.500000
vt 0.833333 0.511081
vt 0.916667 0.500000
vt 0.916667 0.511081
vt 1.000000 0.500000
vt 1.000000 0.511081
vt 0.000000 0.990616
vt 0.083333 0.990616
vt 0.166667 0.990616
vt 0.250000 0.990616
vt 0.333333 0.990616
vt 0.416667 0.990616
vt 0.500000 0.990616
vt 0.583333 0.990616
vt 0.666667 0.990616
vt 0.750000 0.990616
vt 0.833333 0.990616
vt 0.916667 0.990616
vt 1.000000 0.990616
vt 0.866587 0.451934
vt 0.870000 0.457846
vt 0.750000 0.490000
vt 0.750000 0.483173
vt 0.951934 0.366587
vt 0.957846 0.370000
vt 0.983173 0.250000
vt 0.990000 0.250000
vt 0.951934 0.133413
vt 0.957846 0.130000
vt 0.866587 0.048066
vt 0.870000 0.042154
vt 0.750000 0.016827
vt 0.750000 0.010000
vt 0.633413 0.048066
vt 0.630000 0.042154
vt 0.548066 0.133413
vt 0.542154 0.130000
vt 0.516827 0.250000
vt 0.510000 0.250000
vt 0.548066 0.366587
vt 0.542154 0.370000
vt 0.633413 0.451934
vt 0.630000 0.457846
vt 0.250000 0.477445
vt 0.250000 0.490000
vt 0.370000 0.457846
vt 0.363723 0.446973
vt 0.457846 0.370000
vt 0.446973 0.363723
vt 0.490000 0.250000
vt 0.477445 0.250000
vt 0.457846 0.130000
vt 0.446973 0.136277
vt 0.370000 0.042154
vt 0.363723 0.053027
vt 0.250000 0.010000
vt 0.250000 0.022555
vt 0.130000 0.042154
vt 0.136277 0.053027
vt 0.042154 0.130000
vt 0.053027 0.136277
vt 0.010000 0.250000
vt 0.022555 0.250000
vt 0.042154 0.370000
vt 0.053027 0.363723
vt 0.130000 0.457846
vt 0.136277 0.446973
vt 0.344503 0.413683
vt 0.413683 0.155497
vt 0.344503 0.086317
vt 0.250000 0.060995
vt 0.155497 0.086317
vt 0.086317 0.155497
vt 0.060995 0.250000
vt 0.086316 0.344503
vt 0.155497 0.413683
vt 0.250000 0.439005
vt 0.086316 0.344503
vt 0.060995 0.250000
vt 0.155497 0.086317
vt 0.250000 0.060995
vt 0.413683 0.155497
vt 0.155497 0.413683
vt 0.344503 0.413683
vt 0.250000 0.439005
vt 0.086317 0.155497
vt 0.344503 0.086317
vt 0.837413 0.401403
vt 0.839303 0.404677
vt 0.750000 0.428605
vt 0.750000 0.424825
vt 0.901403 0.337413
vt 0.904677 0.339303
vt 0.928605 0.250000
vt 0.904677 0.160697
vt 0.837413 0.098597
vt 0.839303 0.095323
vt 0.750000 0.075175
vt 0.750000 0.071395
vt 0.662587 0.098597
vt 0.660697 0.095323
vt 0.598597 0.162587
vt 0.595323 0.160697
vt 0.575175 0.250000
vt 0.571395 0.250000
vt 0.598597 0.337413
vt 0.595323 0.339303
vt 0.662587 0.401403
vt 0.660697 0.404677
vt 0.250000 0.060995
vt 0.250000 0.060995
vt 0.344503 0.086317
vt 0.344503 0.086317
vt 0.060995 0.250000
vt 0.060995 0.250000
vt 0.086317 0.155497
vt 0.086317 0.155497
vt 0.413683 0.344503
vt 0.413683 0.344503
vt 0.344503 0.413683
vt 0.344503 0.413683
vt 0.250000 0.439005
vt 0.250000 0.439005
vt 0.155497 0.413683
vt 0.155497 0.413683
vt 0.413683 0.155497
vt 0.413683 0.155497
vt 0.155497 0.086317
vt 0.155497 0.086317
vt 0.086316 0.344503
vt 0.086316 0.344503
vt 0.439005 0.250000
vt 0.439005 0.250000
vt 0.152505 0.418866
vt 0.250000 0.444989
vt 0.081134 0.347494
vt 0.055011 0.250000
vt 0.081134 0.152505
vt 0.152505 0.081134
vt 0.250000 0.055011
vt 0.347495 0.081134
vt 0.418866 0.152505
vt 0.444989 0.250000
vt 0.418866 0.347495
vt 0.347495 0.418866
vt 0.083333 0.998544
vt 0.000000 0.998544
vt 0.166667 0.998544
vt 0.250000 0.998544
vt 0.333333 0.998544
vt 0.416667 0.998544
vt 0.500000 0.998544
vt 0.583333 0.998544
vt 0.666667 0.998544
vt 0.750000 0.998544
vt 0.833333 0.998544
vt 0.916667 0.998544
vt 1.000000 0.998544
vt 1.000000 0.999970
vt 1.000000 1.000000
vt 0.916667 1.000000
vt 0.916667 0.999970
vt 0.833333 1.000000
vt 0.833333 0.999970
vt 0.750000 1.000000
vt 0.750000 0.999970
vt 0.666667 1.000000
vt 0.666667 0.999970
vt 0.583333 1.000000
vt 0.583333 0.999970
vt 0.500000 1.000000
vt 0.500000 0.999970
vt 0.416667 1.000000
vt 0.416667 0.999970
vt 0.333333 1.000000
vt 0.333333 0.999970
vt 0.250000 1.000000
vt 0.250000 0.999970
vt 0.166667 1.000000
vt 0.166667 0.999970
vt 0.439005 0.250000
vt 0.413683 0.344503
vt 0.413683 0.344503
vt 0.439005 0.250000
vt 0.083333 1.000000
vt 0.083333 0.999970
vt 0.000000 1.000000
vt 0.000000 0.999970
vt 0.924825 0.250000
vt 0.901403 0.162587
vt 0.901403 0.162587
vt 0.924825 0.250000
vt 0.083333 0.500000
vt 0.083333 0.511081
vt 0.000000 0.511081
vt 0.000000 0.500000
vt 0.166667 0.500000
vt 0.166667 0.511081
vt 0.250000 0.500000
vt 0.250000 0.511081
vt 0.333333 0.500000
vt 0.333333 0.511081
vt 0.416667 0.500000
vt 0.416667 0.511081
vt 0.500000 0.500000
vt 0.500000 0.511081
vt 0.583333 0.500000
vt 0.583333 0.511081
vt 0.666667 0.500000
vt 0.666667 0.511081
vt 0.750000 0.500000
vt 0.750000 0.511081
vt 0.833333 0.500000
vt 0.833333 0.511081
vt 0.916667 0.500000
vt 0.916667 0.511081
vt 1.000000 0.500000
vt 1.000000 0.511081
vt 0.083333 0.990616
vt 0.000000 0.990616
vt 0.166667 0.990616
vt 0.333333 0.990616
vt 0.250000 0.990616
vt 0.416667 0.990616
vt 0.500000 0.990616
vt 0.583333 0.990616
vt 0.666667 0.990616
vt 0.750000 0.990616
vt 0.833333 0.990616
vt 0.916667 0.990616
vt 1.000000 0.990616
vt 0.866587 0.451934
vt 0.750000 0.483173
vt 0.750000 0.490000
vt 0.870000 0.457846
vt 0.951934 0.366587
vt 0.957846 0.370000
vt 0.983173 0.250000
vt 0.990000 0.250000
vt 0.951934 0.133413
vt 0.957846 0.130000
vt 0.866587 0.048066
vt 0.870000 0.042154
vt 0.750000 0.016827
vt 0.750000 0.010000
vt 0.633413 0.048066
vt 0.630000 0.042154
vt 0.548066 0.133413
vt 0.542154 0.130000
vt 0.516827 0.250000
vt 0.510000 0.250000
vt 0.548066 0.366587
vt 0.542154 0.370000
vt 0.633413 0.451934
vt 0.630000 0.457846
vt 0.250000 0.477445
vt 0.363723 0.446973
vt 0.370000 0.457846
vt 0.250000 0.490000
vt 0.446973 0.363723
vt 0.457846 0.370000
vt 0.477445 0.250000
vt 0.490000 0.250000
vt 0.446973 0.136277
vt 0.457846 0.130000
vt 0.363723 0.053027
vt 0.370000 0.042154
vt 0.250000 0.022555
vt 0.250000 0.010000
vt 0.136277 0.053027
vt 0.130000 0.042154
vt 0.053027 0.136277
vt 0.042154 0.130000
vt 0.022555 0.250000
vt 0.010000 0.250000
vt 0.053027 0.363723
vt 0.042154 0.370000
vt 0.136277 0.446973
vt 0.130000 0.457846
vt 0.344503 0.413683
vt 0.250000 0.439005
vt 0.155497 0.413683
vt 0.086316 0.344503
vt 0.060995 0.250000
vt 0.086317 0.155497
vt 0.155497 0.086317
vt 0.250000 0.060995
vt 0.344503 0.086317
vt 0.413683 0.155497
vt 0.086316 0.344503
vt 0.060995 0.250000
vt 0.155497 0.086317
vt 0.250000 0.060995
vt 0.413683 0.155497
vt 0.155497 0.413683
vt 0.344503 0.413683
vt 0.250000 0.439005
vt 0.086317 0.155497
vt 0.344503 0.086317
vt 0.837413 0.401403
vt 0.750000 0.424825
vt 0.750000 0.428605
vt 0.839303 0.404677
vt 0.901403 0.337413
vt 0.904677 0.339303
vt 0.928605 0.250000
vt 0.904677 0.160697
vt 0.837413 0.098597
vt 0.839303 0.095323
vt 0.750000 0.075175
vt 0.750000 0.071395
vt 0.662587 0.098597
vt 0.660697 0.095323
vt 0.598597 0.162587
vt 0.595323 0.160697
vt 0.575175 0.250000
vt 0.571395 0.250000
vt 0.598597 0.337413
vt 0.595323 0.339303
vt 0.662587 0.401403
vt 0.660697 0.404677
vt 0.250000 0.060995
vt 0.344503 0.086317
vt 0.344503 0.086317
vt 0.250000 0.060995
vt 0.060995 0.250000
vt 0.086317 0.155497
vt 0.086317 0.155497
vt 0.060995 0.250000
vt 0.413683 0.344503
vt 0.344503 0.413683
vt 0.344503 0.413683
vt 0.413683 0.344503
vt 0.250000 0.439005
vt 0.155497 0.413683
vt 0.155497 0.413683
vt 0.250000 0.439005
vt 0.413683 0.155497
vt 0.413683 0.155497
vt 0.155497 0.086317
vt 0.155497 0.086317
vt 0.086316 0.344503
vt 0.086316 0.344503
vt 0.439005 0.250000
vt 0.439005 0.250000
vt 0.152505 0.418866
vt 0.250000 0.444989
vt 0.081134 0.347494
vt 0.055011 0.250000
vt 0.081134 0.152505
vt 0.152505 0.081134
vt 0.250000 0.055011
vt 0.347495 0.081134
vt 0.418866 0.152505
vt 0.444989 0.250000
vt 0.418866 0.347495
vt 0.347495 0.418866
vt 0.083333 0.998544
vt 0.000000 0.998544
vt 0.166667 0.998544
vt 0.250000 0.998544
vt 0.333333 0.998544
vt 0.416667 0.998544
vt 0.500000 0.998544
vt 0.583333 0.998544
vt 0.666667 0.998544
vt 0.750000 0.998544
vt 0.833333 0.998544
vt 0.916667 0.998544
vt 1.000000 0.998544
vt 0.750000 0.083997
vt 0.750000 0.083997
vt 0.666999 0.106238
vt 0.666999 0.106238
vt 0.598597 0.337413
vt 0.662587 0.401403
vt 0.750000 0.424825
vt 0.837413 0.401403
vt 0.662587 0.098597
vt 0.598597 0.162587
vt 0.837413 0.098597
vt 0.901403 0.337413
vt 0.575175 0.250000
vt 0.750000 0.075175
vt 0.833001 0.393762
vt 0.750000 0.416002
vt 0.893763 0.333001
vt 0.916003 0.250000
vt 0.893762 0.166999
vt 0.833001 0.106238
vt 0.606238 0.166999
vt 0.583997 0.250000
vt 0.606237 0.333001
vt 0.666998 0.393762
vt 0.583997 0.250000
vt 0.583997 0.250000
vt 0.606237 0.333001
vt 0.606237 0.333001
vt 0.916003 0.250000
vt 0.893762 0.166999
vt 0.606237 0.333001
vt 0.666998 0.393762
vt 0.750000 0.416002
vt 0.833001 0.393762
vt 0.606238 0.166999
vt 0.833001 0.106238
vt 0.893763 0.333001
vt 0.583997 0.250000
vt 0.893762 0.333001
vt 0.893763 0.333001
vt 0.916003 0.250000
vt 0.916003 0.250000
vt 0.750000 0.083997
vt 0.750000 0.083997
vt 0.666999 0.106238
vt 0.666999 0.106238
vt 0.916002 0.250000
vt 0.916003 0.250000
vt 0.893762 0.166999
vt 0.893762 0.166999
vt 0.666998 0.393762
vt 0.666998 0.393762
vt 0.750000 0.416002
vt 0.750000 0.416002
vt 0.833001 0.393762
vt 0.833001 0.393762
vt 0.606238 0.166999
vt 0.606238 0.166999
vt 0.833001 0.106238
vt 0.833001 0.106238
vt 0.893763 0.333001
vt 0.893762 0.333001
vt 0.750000 0.405458
vt 0.672271 0.384631
vt 0.615369 0.327729
vt 0.594541 0.250000
vt 0.615369 0.172271
vt 0.672271 0.115369
vt 0.750000 0.094541
vt 0.827729 0.115369
vt 0.884631 0.172271
vt 0.905458 0.250000
vt 0.884631 0.327729
vt 0.827729 0.384631
vt 0.583997 0.250000
vt 0.583997 0.250000
vt 0.606237 0.333001
vt 0.606237 0.333001
vt 0.750000 0.083997
vt 0.750000 0.083997
vt 0.666999 0.106238
vt 0.666999 0.106238
vt 0.893762 0.166999
vt 0.893762 0.166999
vt 0.666998 0.393762
vt 0.666998 0.393762
vt 0.750000 0.416002
vt 0.750000 0.416002
vt 0.833001 0.393762
vt 0.833001 0.393762
vt 0.606238 0.166999
vt 0.606238 0.166999
vt 0.833001 0.106238
vt 0.833001 0.106238
vt 0.750000 0.083997
vt 0.666999 0.106238
vt 0.666999 0.106238
vt 0.750000 0.083997
vt 0.662587 0.401403
vt 0.598597 0.337413
vt 0.837413 0.401403
vt 0.750000 0.424825
vt 0.598597 0.162587
vt 0.662587 0.098597
vt 0.837413 0.098597
vt 0.901403 0.337413
vt 0.575175 0.250000
vt 0.750000 0.075175
vt 0.833001 0.393762
vt 0.750000 0.416002
vt 0.893763 0.333001
vt 0.916003 0.250000
vt 0.893762 0.166999
vt 0.833001 0.106238
vt 0.606238 0.166999
vt 0.583997 0.250000
vt 0.606237 0.333001
vt 0.666998 0.393762
vt 0.583997 0.250000
vt 0.606237 0.333001
vt 0.606237 0.333001
vt 0.583997 0.250000
vt 0.893762 0.166999
vt 0.916003 0.250000
vt 0.666998 0.393762
vt 0.606237 0.333001
vt 0.833001 0.393762
vt 0.750000 0.416002
vt 0.606238 0.166999
vt 0.833001 0.106238
vt 0.893763 0.333001
vt 0.583997 0.250000
vt 0.893762 0.333001
vt 0.916003 0.250000
vt 0.916003 0.250000
vt 0.893763 0.333001
vt 0.750000 0.083997
vt 0.666999 0.106238
vt 0.666999 0.106238
vt 0.750000 0.083997
vt 0.916002 0.250000
vt 0.893762 0.166999
vt 0.893762 0.166999
vt 0.916003 0.250000
vt 0.666998 0.393762
vt 0.666998 0.393762
vt 0.750000 0.416002
vt 0.833001 0.393762
vt 0.833001 0.393762
vt 0.750000 0.416002
vt 0.606238 0.166999
vt 0.606238 0.166999
vt 0.833001 0.106238
vt 0.833001 0.106238
vt 0.893762 0.333001
vt 0.893763 0.333001
vt 0.750000 0.405458
vt 0.827729 0.384631
vt 0.884631 0.327729
vt 0.905458 0.250000
vt 0.884631 0.172271
vt 0.827729 0.115369
vt 0.750000 0.094541
vt 0.672271 0.115369
vt 0.615369 0.172271
vt 0.594541 0.250000
vt 0.615369 0.327729
vt 0.672271 0.384631
vt 0.583997 0.250000
vt 0.606237 0.333001
vt 0.606237 0.333001
vt 0.583997 0.250000
vt 0.750000 0.083997
vt 0.666999 0.106238
vt 0.666999 0.106238
vt 0.750000 0.083997
vt 0.893762 0.166999
vt 0.893762 0.166999
vt 0.666998 0.393762
vt 0.666998 0.393762
vt 0.750000 0.416002
vt 0.833001 0.393762
vt 0.833001 0.393762
vt 0.750000 0.416002
vt 0.606238 0.166999
vt 0.606238 0.166999
vt 0.833001 0.106238
vt 0.833001 0.106238
vn -0.9658 0.2591 0.0000
vn -0.9660 -0.2585 0.0000
vn -0.7314 -0.1957 0.6532
vn -0.7313 0.1962 0.6532
vn -0.7073 -0.7068 0.0000
vn -0.5356 -0.5352 0.6532
vn -0.2591 -0.9658 0.0000
vn -0.1962 -0.7313 0.6532
vn 0.2585 -0.9660 0.0000
vn 0.1957 -0.7314 0.6532
vn 0.7068 -0.7073 0.0000
vn 0.5352 -0.5356 0.6532
vn 0.9658 -0.2591 0.0000
vn 0.7313 -0.1962 0.6532
vn 0.9660 0.2585 0.0000
vn 0.7314 0.1957 0.6532
vn 0.7073 0.7068 0.0000
vn 0.5356 0.5352 0.6532
vn 0.2591 0.9658 0.0000
vn 0.1962 0.7313 0.6532
vn -0.2585 0.9660 0.0000
vn -0.1957 0.7314 0.6532
vn -0.2109 -0.7861 0.5810
vn -0.0593 -0.2209 0.9735
vn -0.1617 -0.1617 0.9735
vn -0.5757 -0.5753 0.5810
vn -0.7068 0.7073 0.0000
vn -0.5352 0.5356 0.6532
vn -0.1653 -0.6159 -0.7703
vn -0.2562 -0.9548 -0.1505
vn 0.2555 -0.9550 -0.1505
vn 0.1648 -0.6160 -0.7703
vn -0.5352 0.5356 -0.6532
vn -0.7313 0.1962 -0.6532
vn -0.1957 0.7314 -0.6532
vn 0.1962 0.7313 -0.6532
vn 0.5356 0.5352 -0.6532
vn 0.7314 0.1957 -0.6532
vn 0.7313 -0.1962 -0.6532
vn 0.5352 -0.5356 -0.6532
vn 0.1957 -0.7314 -0.6532
vn -0.1962 -0.7313 -0.6532
vn -0.5356 -0.5352 -0.6532
vn -0.7314 -0.1957 -0.6532
vn 0.0000 0.0000 -1.0000
vn 0.0000 0.0000 1.0000
vn -0.2209 -0.0591 0.9735
vn 0.0591 -0.2209 0.9735
vn 0.1617 -0.1618 0.9735
vn 0.2209 -0.0593 0.9735
vn 0.2209 0.0591 0.9735
vn 0.1618 0.1617 0.9735
vn 0.0592 0.2209 0.9735
vn -0.0591 0.2209 0.9735
vn -0.1617 0.1618 0.9735
vn -0.2209 0.0593 0.9735
vn -0.2104 0.7862 0.5810
vn 0.2109 0.7861 0.5810
vn 0.7862 0.2104 0.5810
vn 0.7861 -0.2109 0.5810
vn 0.2104 -0.7862 0.5810
vn -0.5753 0.5757 0.5810
vn -0.7862 -0.2104 0.5810
vn -0.7861 0.2109 0.5810
vn 0.5757 0.5753 0.5810
vn 0.5753 -0.5757 0.5810
vn -0.6160 -0.1648 -0.7703
vn -0.6159 0.1653 -0.7703
vn -0.4511 -0.4508 -0.7703
vn 0.4508 -0.4511 -0.7703
vn 0.6159 -0.1653 -0.7703
vn 0.6160 0.1648 -0.7703
vn 0.4511 0.4508 -0.7703
vn 0.1653 0.6159 -0.7703
vn -0.1648 0.6160 -0.7703
vn -0.4508 0.4511 -0.7703
vn 0.5579 -0.1497 0.8163
vn 0.9539 -0.2559 0.1568
vn 0.6981 -0.6986 0.1568
vn 0.4083 -0.4086 0.8163
vn 0.1497 0.5579 0.8163
vn 0.2559 0.9539 0.1568
vn 0.6986 0.6981 0.1568
vn 0.4086 0.4083 0.8163
vn -0.4086 -0.4083 0.8163
vn -0.6986 -0.6981 0.1568
vn -0.9540 -0.2553 0.1568
vn -0.5580 -0.1493 0.8163
vn -0.5578 0.1497 0.8163
vn -0.9539 0.2559 0.1568
vn -0.6981 0.6986 0.1568
vn -0.4083 0.4086 0.8163
vn 0.2553 -0.9540 0.1568
vn 0.1493 -0.5580 0.8163
vn 0.9540 0.2553 0.1568
vn 0.5580 0.1493 0.8163
vn -0.2553 0.9540 0.1568
vn -0.1493 0.5580 0.8163
vn -0.2559 -0.9539 0.1568
vn -0.1497 -0.5579 0.8163
vn 0.9658 0.2591 0.0000
vn 0.7313 0.1962 0.6532
vn 0.7314 -0.1957 0.6532
vn 0.9660 -0.2585 0.0000
vn 0.5356 -0.5352 0.6532
vn 0.7073 -0.7068 0.0000
vn 0.1962 -0.7313 0.6532
vn 0.2591 -0.9658 0.0000
vn -0.1957 -0.7314 0.6532
vn -0.2585 -0.9660 0.0000
vn -0.5352 -0.5356 0.6532
vn -0.7068 -0.7073 0.0000
vn -0.7313 -0.1962 0.6532
vn -0.9658 -0.2591 0.0000
vn -0.7314 0.1957 0.6532
vn -0.9660 0.2585 0.0000
vn -0.5356 0.5352 0.6532
vn -0.7073 0.7068 0.0000
vn -0.1962 0.7313 0.6532
vn -0.2591 0.9658 0.0000
vn 0.1957 0.7314 0.6532
vn 0.2585 0.9660 0.0000
vn 0.2109 -0.7861 0.5810
vn 0.5757 -0.5753 0.5810
vn 0.1617 -0.1617 0.9735
vn 0.0592 -0.2209 0.9735
vn 0.5352 0.5356 0.6532
vn 0.7068 0.7073 0.0000
vn 0.1653 -0.6159 -0.7703
vn -0.1648 -0.6160 -0.7703
vn -0.2555 -0.9550 -0.1505
vn 0.2562 -0.9548 -0.1505
vn 0.5352 0.5356 -0.6532
vn 0.7313 0.1962 -0.6532
vn 0.1957 0.7314 -0.6532
vn -0.1962 0.7313 -0.6532
vn -0.5356 0.5352 -0.6532
vn -0.7314 0.1957 -0.6532
vn -0.7313 -0.1962 -0.6532
vn -0.5352 -0.5356 -0.6532
vn -0.1957 -0.7314 -0.6532
vn 0.1962 -0.7313 -0.6532
vn 0.5356 -0.5352 -0.6532
vn 0.7314 -0.1957 -0.6532
vn 0.2209 -0.0591 0.9735
vn 0.2209 0.0593 0.9735
vn 0.1617 0.1618 0.9735
vn 0.0591 0.2209 0.9735
vn -0.0593 0.2209 0.9735
vn -0.1618 0.1617 0.9735
vn -0.2209 0.0591 0.9735
vn -0.2209 -0.0593 0.9735
vn -0.1617 -0.1618 0.9735
vn -0.0591 -0.2209 0.9735
vn 0.2104 0.7862 0.5810
vn -0.2109 0.7861 0.5810
vn -0.7862 0.2104 0.5810
vn -0.7861 -0.2109 0.5810
vn -0.2104 -0.7862 0.5810
vn 0.5753 0.5757 0.5810
vn 0.7862 -0.2104 0.5810
vn 0.7861 0.2109 0.5810
vn -0.5757 0.5753 0.5810
vn -0.5753 -0.5757 0.5810
vn 0.6160 -0.1648 -0.7703
vn 0.6159 0.1653 -0.7703
vn 0.4511 -0.4508 -0.7703
vn -0.4508 -0.4511 -0.7703
vn -0.6159 -0.1653 -0.7703
vn -0.6160 0.1648 -0.7703
vn -0.4511 0.4508 -0.7703
vn -0.1653 0.6159 -0.7703
vn 0.1648 0.6160 -0.7703
vn 0.4508 0.4511 -0.7703
vn -0.5579 -0.1497 0.8163
vn -0.4083 -0.4086 0.8163
vn -0.6981 -0.6986 0.1568
vn -0.9539 -0.2559 0.1568
vn -0.1497 0.5579 0.8163
vn -0.4086 0.4083 0.8163
vn -0.6986 0.6981 0.1568
vn -0.2559 0.9539 0.1568
vn 0.4086 -0.4083 0.8163
vn 0.5580 -0.1493 0.8163
vn 0.9540 -0.2553 0.1568
vn 0.6986 -0.6981 0.1568
vn 0.5579 0.1497 0.8163
vn 0.4083 0.4086 0.8163
vn 0.6981 0.6986 0.1568
vn 0.9539 0.2559 0.1568
vn -0.1493 -0.5580 0.8163
vn -0.2553 -0.9540 0.1568
vn -0.5580 0.1493 0.8163
vn -0.9540 0.2553 0.1568
vn 0.1493 0.5580 0.8163
vn 0.2553 0.9540 0.1568
vn 0.1497 -0.5579 0.8163
vn 0.2559 -0.9539 0.1568
vn 0.8056 -0.2161 -0.5517
vn 0.5559 -0.1491 -0.8177
vn 0.5560 0.1488 -0.8177
vn 0.8057 0.2156 -0.5517
vn -0.2555 0.9550 -0.1505
vn -0.6988 0.6993 -0.1505
vn -0.9548 0.2562 -0.1505
vn -0.9550 -0.2555 -0.1505
vn 0.9550 0.2555 -0.1505
vn 0.6993 0.6988 -0.1505
vn 0.6988 -0.6993 -0.1505
vn -0.6993 -0.6988 -0.1505
vn 0.2562 0.9548 -0.1505
vn 0.9548 -0.2562 -0.1505
vn -0.8057 -0.2156 -0.5517
vn -0.8056 0.2161 -0.5517
vn -0.5900 -0.5896 -0.5517
vn -0.2161 -0.8056 -0.5517
vn 0.2156 -0.8057 -0.5517
vn 0.5896 -0.5900 -0.5517
vn 0.5900 0.5896 -0.5517
vn 0.2161 0.8056 -0.5517
vn -0.2156 0.8057 -0.5517
vn -0.5896 0.5900 -0.5517
vn 0.1363 0.5081 -0.8504
vn 0.2122 0.7910 -0.5738
vn -0.2117 0.7911 -0.5738
vn -0.1360 0.5082 -0.8504
vn -0.1492 -0.5560 -0.8177
vn 0.1488 -0.5560 -0.8177
vn -0.1488 0.5560 -0.8177
vn -0.4069 0.4071 -0.8177
vn -0.5560 0.1491 -0.8177
vn -0.5560 -0.1488 -0.8177
vn 0.4071 0.4069 -0.8177
vn 0.4069 -0.4071 -0.8177
vn -0.4071 -0.4069 -0.8177
vn 0.1491 0.5559 -0.8177
vn -0.7022 -0.7017 -0.1207
vn -0.5069 -0.5065 -0.6975
vn -0.1857 -0.6921 -0.6975
vn -0.2572 -0.9587 -0.1207
vn 0.5081 -0.1363 -0.8504
vn 0.7909 -0.2122 -0.5738
vn 0.7911 0.2117 -0.5738
vn 0.5082 0.1360 -0.8504
vn -0.1363 -0.5081 -0.8504
vn -0.2122 -0.7909 -0.5738
vn 0.2117 -0.7911 -0.5738
vn 0.1360 -0.5082 -0.8504
vn -0.5789 0.5793 -0.5738
vn -0.3718 0.3721 -0.8504
vn -0.5081 0.1363 -0.8504
vn -0.7909 0.2122 -0.5738
vn -0.7911 -0.2117 -0.5738
vn -0.5082 -0.1360 -0.8504
vn 0.5793 0.5789 -0.5738
vn 0.3721 0.3718 -0.8504
vn 0.5789 -0.5793 -0.5738
vn 0.3718 -0.3721 -0.8504
vn -0.5793 -0.5789 -0.5738
vn -0.3721 -0.3718 -0.8504
vn 0.2572 0.9587 -0.1207
vn 0.1857 0.6921 -0.6975
vn -0.1852 0.6922 -0.6975
vn -0.2566 0.9589 -0.1207
vn 0.9587 -0.2572 -0.1207
vn 0.6921 -0.1857 -0.6975
vn 0.6922 0.1852 -0.6975
vn 0.9589 0.2566 -0.1207
vn 0.1852 -0.6922 -0.6975
vn 0.2566 -0.9589 -0.1207
vn -0.5065 0.5069 -0.6975
vn -0.7017 0.7022 -0.1207
vn -0.9587 0.2572 -0.1207
vn -0.6921 0.1857 -0.6975
vn -0.6922 -0.1852 -0.6975
vn -0.9589 -0.2566 -0.1207
vn 0.5069 0.5065 -0.6975
vn 0.7022 0.7017 -0.1207
vn 0.5065 -0.5069 -0.6975
vn 0.7017 -0.7022 -0.1207
vn -0.8056 -0.2161 -0.5517
vn -0.8057 0.2156 -0.5517
vn -0.5560 0.1488 -0.8177
vn -0.5560 -0.1492 -0.8177
vn 0.6988 0.6993 -0.1505
vn 0.2555 0.9550 -0.1505
vn 0.9550 -0.2555 -0.1505
vn 0.9548 0.2562 -0.1505
vn -0.6993 0.6988 -0.1505
vn -0.9550 0.2555 -0.1505
vn -0.6988 -0.6993 -0.1505
vn 0.6993 -0.6988 -0.1505
vn -0.2562 0.9548 -0.1505
vn -0.9548 -0.2562 -0.1505
vn 0.8057 -0.2156 -0.5517
vn 0.8056 0.2161 -0.5517
vn 0.5900 -0.5896 -0.5517
vn 0.2161 -0.8056 -0.5517
vn -0.2156 -0.8057 -0.5517
vn -0.5896 -0.5900 -0.5517
vn -0.5900 0.5896 -0.5517
vn -0.2161 0.8056 -0.5517
vn 0.2156 0.8057 -0.5517
vn 0.5896 0.5900 -0.5517
vn -0.1363 0.5081 -0.8504
vn 0.1360 0.5082 -0.8504
vn 0.2117 0.7911 -0.5738
vn -0.2122 0.7909 -0.5738
vn -0.1488 -0.5560 -0.8177
vn 0.1491 -0.5560 -0.8177
vn 0.4069 0.4071 -0.8177
vn 0.1488 0.5560 -0.8177
vn 0.5560 -0.1488 -0.8177
vn 0.5560 0.1491 -0.8177
vn -0.4071 0.4069 -0.8177
vn -0.4069 -0.4071 -0.8177
vn 0.4071 -0.4069 -0.8177
vn -0.1492 0.5560 -0.8177
vn 0.7022 -0.7017 -0.1207
vn 0.2572 -0.9588 -0.1207
vn 0.1857 -0.6921 -0.6975
vn 0.5069 -0.5065 -0.6975
vn -0.5081 -0.1363 -0.8504
vn -0.5082 0.1360 -0.8504
vn -0.7911 0.2117 -0.5738
vn -0.7909 -0.2122 -0.5738
vn 0.1363 -0.5081 -0.8504
vn -0.1360 -0.5082 -0.8504
vn -0.2117 -0.7911 -0.5738
vn 0.2122 -0.7909 -0.5738
vn 0.3718 0.3721 -0.8504
vn 0.5789 0.5793 -0.5738
vn 0.5081 0.1363 -0.8504
vn 0.5082 -0.1360 -0.8504
vn 0.7911 -0.2117 -0.5738
vn 0.7909 0.2122 -0.5738
vn -0.3721 0.3718 -0.8504
vn -0.5793 0.5789 -0.5738
vn -0.3718 -0.3721 -0.8504
vn -0.5789 -0.5793 -0.5738
vn 0.3721 -0.3718 -0.8504
vn 0.5793 -0.5789 -0.5738
vn -0.2572 0.9588 -0.1207
vn 0.2566 0.9589 -0.1207
vn 0.1852 0.6922 -0.6975
vn -0.1857 0.6921 -0.6975
vn -0.9587 -0.2572 -0.1208
vn -0.9589 0.2566 -0.1207
vn -0.6922 0.1852 -0.6975
vn -0.6921 -0.1857 -0.6975
vn -0.2566 -0.9589 -0.1207
vn -0.1852 -0.6922 -0.6975
vn 0.7017 0.7022 -0.1207
vn 0.5065 0.5069 -0.6975
vn 0.9587 0.2572 -0.1207
vn 0.9589 -0.2566 -0.1207
vn 0.6922 -0.1852 -0.6975
vn 0.6921 0.1857 -0.6975
vn -0.7022 0.7017 -0.1207
vn -0.5069 0.5065 -0.6975
vn -0.7017 -0.7022 -0.1207
vn -0.5065 -0.5069 -0.6975
usemtl DarkPorple
s 1
f 2561/2624/1271 2562/2625/1272 2357/2626/1273 2358/2627/1274
f 2562/2625/1272 2563/2628/1275 2359/2629/1276 2357/2626/1273
f 2563/2628/1275 2564/2630/1277 2360/2631/1278 2359/2629/1276
f 2564/2630/1277 2565/2632/1279 2361/2633/1280 2360/2631/1278
f 2565/2632/1279 2566/2634/1281 2362/2635/1282 2361/2633/1280
f 2566/2634/1281 2567/2636/1283 2363/2637/1284 2362/2635/1282
f 2567/2636/1283 2568/2638/1285 2364/2639/1286 2363/2637/1284
f 2568/2638/1285 2569/2640/1287 2365/2641/1288 2364/2639/1286
f 2569/2640/1287 2570/2642/1289 2366/2643/1290 2365/2641/1288
f 2570/2642/1289 2571/2644/1291 2367/2645/1292 2366/2643/1290
f 2505/2646/1293 2372/2647/1294 2371/2648/1295 2501/2649/1296
f 2571/2644/1291 2572/2650/1297 2368/2651/1298 2367/2645/1292
f 2572/2650/1297 2561/2652/1271 2358/2653/1274 2368/2651/1298
f 2307/2654/1299 2408/2655/1300 2409/2656/1301 2309/2657/1302
f 2356/2658/1303 2345/2659/1304 2325/2660/1271 2334/2661/1297
f 2355/2662/1305 2356/2658/1303 2334/2661/1297 2576/2663/1291
f 2354/2664/1306 2355/2662/1305 2576/2663/1291 2574/2665/1289
f 2353/2666/1307 2354/2664/1306 2574/2665/1289 2333/2667/1287
f 2352/2668/1308 2353/2666/1307 2333/2667/1287 2332/2669/1285
f 2351/2670/1309 2352/2668/1308 2332/2669/1285 2331/2671/1283
f 2350/2672/1310 2351/2670/1309 2331/2671/1283 2330/2673/1281
f 2349/2674/1311 2350/2672/1310 2330/2673/1281 2329/2675/1279
f 2348/2676/1312 2349/2674/1311 2329/2675/1279 2328/2677/1277
f 2347/2678/1313 2348/2676/1312 2328/2677/1277 2327/2679/1275
f 2346/2680/1314 2347/2678/1313 2327/2679/1275 2326/2681/1272
f 2345/2682/1304 2346/2680/1314 2326/2681/1272 2325/2683/1271
f 2334/2661/1297 2325/2660/1271 2335/2684/1271 2344/2685/1297
f 2576/2663/1291 2334/2661/1297 2344/2685/1297 2575/2686/1291
f 2333/2667/1287 2574/2665/1289 2573/2687/1289 2343/2688/1287
f 2332/2669/1285 2333/2667/1287 2343/2688/1287 2342/2689/1285
f 2331/2671/1283 2332/2669/1285 2342/2689/1285 2341/2690/1283
f 2330/2673/1281 2331/2671/1283 2341/2690/1283 2340/2691/1281
f 2329/2675/1279 2330/2673/1281 2340/2691/1281 2339/2692/1279
f 2328/2677/1277 2329/2675/1279 2339/2692/1279 2338/2693/1277
f 2327/2679/1275 2328/2677/1277 2338/2693/1277 2337/2694/1275
f 2326/2681/1272 2327/2679/1275 2337/2694/1275 2336/2695/1272
f 2325/2683/1271 2326/2681/1272 2336/2695/1272 2335/2696/1271
f 2525/2697/1315 2346/2698/1314 2345/2699/1304 2526/2700/1315
f 2527/2701/1315 2347/2702/1313 2346/2698/1314 2525/2697/1315
f 2528/2703/1315 2348/2704/1312 2347/2702/1313 2527/2701/1315
f 2529/2705/1315 2349/2706/1311 2348/2704/1312 2528/2703/1315
f 2530/2707/1315 2350/2708/1310 2349/2706/1311 2529/2705/1315
f 2531/2709/1315 2351/2710/1309 2350/2708/1310 2530/2707/1315
f 2532/2711/1315 2352/2712/1308 2351/2710/1309 2531/2709/1315
f 2533/2713/1315 2353/2714/1307 2352/2712/1308 2532/2711/1315
f 2534/2715/1315 2354/2716/1306 2353/2714/1307 2533/2713/1315
f 2535/2717/1315 2355/2718/1305 2354/2716/1306 2534/2715/1315
f 2536/2719/1315 2356/2720/1303 2355/2718/1305 2535/2717/1315
f 2526/2700/1315 2345/2699/1304 2356/2720/1303 2536/2719/1315
f 2477/2721/1316 2358/2722/1274 2357/2723/1273 2478/2724/1316
f 2478/2724/1316 2357/2723/1273 2359/2725/1276 2479/2726/1316
f 2479/2726/1316 2359/2725/1276 2360/2727/1278 2480/2728/1316
f 2480/2728/1316 2360/2727/1278 2361/2729/1280 2481/2730/1316
f 2481/2730/1316 2361/2729/1280 2362/2731/1282 2482/2732/1316
f 2482/2732/1316 2362/2731/1282 2363/2733/1284 2483/2734/1316
f 2483/2734/1316 2363/2733/1284 2364/2735/1286 2484/2736/1316
f 2484/2736/1316 2364/2735/1286 2365/2737/1288 2485/2738/1316
f 2485/2738/1316 2365/2737/1288 2366/2739/1290 2486/2740/1316
f 2486/2740/1316 2366/2739/1290 2367/2741/1292 2487/2742/1316
f 2487/2742/1316 2367/2741/1292 2368/2743/1298 2488/2744/1316
f 2488/2744/1316 2368/2743/1298 2358/2722/1274 2477/2721/1316
f 2369/2745/1317 2371/2648/1295 2372/2647/1294 2373/2746/1318 2374/2747/1319 2375/2748/1320 2376/2749/1321 2377/2750/1322 2378/2751/1323 2379/2752/1324 2380/2753/1325 2370/2754/1326
f 2506/2755/1327 2379/2752/1324 2378/2751/1323 2502/2756/1328
f 2507/2757/1329 2376/2749/1321 2375/2748/1320 2503/2758/1330
f 2508/2759/1331 2373/2746/1318 2372/2647/1294 2505/2646/1293
f 2509/2760/1332 2380/2753/1325 2379/2752/1324 2506/2755/1327
f 2510/2761/1333 2369/2745/1317 2370/2754/1326 2504/2762/1334
f 2511/2763/1335 2377/2750/1322 2376/2749/1321 2507/2757/1329
f 2512/2764/1336 2374/2747/1319 2373/2746/1318 2508/2759/1331
f 2504/2762/1334 2370/2754/1326 2380/2753/1325 2509/2760/1332
f 2501/2649/1296 2371/2648/1295 2369/2745/1317 2510/2761/1333
f 2502/2756/1328 2378/2751/1323 2377/2750/1322 2511/2763/1335
f 2503/2758/1330 2375/2748/1320 2374/2747/1319 2512/2764/1336
f 2303/2765/1337 2382/2766/1315 2381/2767/1315 2301/2768/1338
f 2305/2769/1339 2383/2770/1315 2382/2766/1315 2303/2765/1337
f 2307/2654/1299 2384/2771/1315 2383/2770/1315 2305/2769/1339
f 2309/2657/1302 2385/2772/1315 2384/2771/1315 2307/2654/1299
f 2311/2773/1340 2386/2774/1315 2385/2772/1315 2309/2657/1302
f 2313/2775/1341 2387/2776/1315 2386/2774/1315 2311/2773/1340
f 2315/2777/1342 2388/2778/1315 2387/2776/1315 2313/2775/1341
f 2317/2779/1343 2389/2780/1315 2388/2778/1315 2315/2777/1342
f 2319/2781/1344 2390/2782/1315 2389/2780/1315 2317/2779/1343
f 2321/2783/1345 2391/2784/1315 2390/2782/1315 2319/2781/1344
f 2323/2785/1346 2392/2786/1315 2391/2784/1315 2321/2783/1345
f 2301/2768/1338 2381/2767/1315 2392/2786/1315 2323/2785/1346
f 2314/2787/1347 2457/2788/1348 2464/2789/1349 2312/2790/1350
f 2320/2791/1351 2455/2792/1352 2463/2793/1353 2318/2794/1354
f 2306/2795/1355 2453/2796/1356 2462/2797/1357 2304/2798/1358
f 2302/2799/1359 2461/2800/1360 2460/2801/1361 2324/2802/1362
f 2312/2790/1350 2464/2789/1349 2459/2803/1363 2310/2804/1364
f 2318/2794/1354 2463/2793/1353 2458/2805/1365 2316/2806/1366
f 2304/2798/1358 2462/2797/1357 2461/2800/1360 2302/2799/1359
f 2324/2802/1362 2460/2801/1361 2456/2807/1367 2322/2808/1368
f 2310/2804/1364 2459/2803/1363 2454/2809/1369 2308/2810/1370
f 2316/2806/1366 2458/2805/1365 2457/2788/1348 2314/2787/1347
f 2322/2808/1368 2456/2807/1367 2455/2792/1352 2320/2791/1351
f 2308/2810/1370 2454/2809/1369 2453/2796/1356 2306/2795/1355
f 2500/2811/1316 2488/2744/1316 2477/2721/1316 2489/2812/1316
f 2499/2813/1316 2487/2742/1316 2488/2744/1316 2500/2811/1316
f 2498/2814/1316 2486/2740/1316 2487/2742/1316 2499/2813/1316
f 2497/2815/1316 2485/2738/1316 2486/2740/1316 2498/2814/1316
f 2496/2816/1316 2484/2736/1316 2485/2738/1316 2497/2815/1316
f 2495/2817/1316 2483/2734/1316 2484/2736/1316 2496/2816/1316
f 2494/2818/1316 2482/2732/1316 2483/2734/1316 2495/2817/1316
f 2493/2819/1316 2481/2730/1316 2482/2732/1316 2494/2818/1316
f 2492/2820/1316 2480/2728/1316 2481/2730/1316 2493/2819/1316
f 2491/2821/1316 2479/2726/1316 2480/2728/1316 2492/2820/1316
f 2490/2822/1316 2478/2724/1316 2479/2726/1316 2491/2821/1316
f 2489/2812/1316 2477/2721/1316 2478/2724/1316 2490/2822/1316
f 2302/2799/1359 2489/2812/1316 2490/2822/1316 2304/2798/1358
f 2304/2798/1358 2490/2822/1316 2491/2821/1316 2306/2795/1355
f 2306/2795/1355 2491/2821/1316 2492/2820/1316 2308/2810/1370
f 2308/2810/1370 2492/2820/1316 2493/2819/1316 2310/2804/1364
f 2310/2804/1364 2493/2819/1316 2494/2818/1316 2312/2790/1350
f 2312/2790/1350 2494/2818/1316 2495/2817/1316 2314/2787/1347
f 2314/2787/1347 2495/2817/1316 2496/2816/1316 2316/2806/1366
f 2316/2806/1366 2496/2816/1316 2497/2815/1316 2318/2794/1354
f 2318/2794/1354 2497/2815/1316 2498/2814/1316 2320/2791/1351
f 2320/2791/1351 2498/2814/1316 2499/2813/1316 2322/2808/1368
f 2322/2808/1368 2499/2813/1316 2500/2811/1316 2324/2802/1362
f 2324/2802/1362 2500/2811/1316 2489/2812/1316 2302/2799/1359
f 2457/2788/1348 2503/2758/1330 2512/2764/1336 2464/2789/1349
f 2455/2792/1352 2502/2756/1328 2511/2763/1335 2463/2793/1353
f 2453/2796/1356 2501/2649/1296 2510/2761/1333 2462/2797/1357
f 2461/2800/1360 2504/2762/1334 2509/2760/1332 2460/2801/1361
f 2464/2789/1349 2512/2764/1336 2508/2759/1331 2459/2803/1363
f 2463/2793/1353 2511/2763/1335 2507/2757/1329 2458/2805/1365
f 2462/2797/1357 2510/2761/1333 2504/2762/1334 2461/2800/1360
f 2460/2801/1361 2509/2760/1332 2506/2755/1327 2456/2807/1367
f 2459/2803/1363 2508/2759/1331 2505/2646/1293 2454/2809/1369
f 2458/2805/1365 2507/2757/1329 2503/2758/1330 2457/2788/1348
f 2456/2807/1367 2506/2755/1327 2502/2756/1328 2455/2792/1352
f 2454/2809/1369 2505/2646/1293 2501/2649/1296 2453/2796/1356
f 2381/2767/1315 2526/2700/1315 2536/2719/1315 2392/2786/1315
f 2392/2786/1315 2536/2719/1315 2535/2717/1315 2391/2784/1315
f 2391/2784/1315 2535/2717/1315 2534/2715/1315 2390/2782/1315
f 2390/2782/1315 2534/2715/1315 2533/2713/1315 2389/2780/1315
f 2389/2780/1315 2533/2713/1315 2532/2711/1315 2388/2778/1315
f 2388/2778/1315 2532/2711/1315 2531/2709/1315 2387/2776/1315
f 2387/2776/1315 2531/2709/1315 2530/2707/1315 2386/2774/1315
f 2386/2774/1315 2530/2707/1315 2529/2705/1315 2385/2772/1315
f 2385/2772/1315 2529/2705/1315 2528/2703/1315 2384/2771/1315
f 2384/2771/1315 2528/2703/1315 2527/2701/1315 2383/2770/1315
f 2383/2770/1315 2527/2701/1315 2525/2697/1315 2382/2766/1315
f 2382/2766/1315 2525/2697/1315 2526/2700/1315 2381/2767/1315
f 2476/2823/1297 2465/2824/1271 2561/2652/1271 2572/2650/1297
f 2475/2825/1291 2476/2823/1297 2572/2650/1297 2571/2644/1291
f 2474/2826/1289 2475/2825/1291 2571/2644/1291 2570/2642/1289
f 2473/2827/1287 2474/2826/1289 2570/2642/1289 2569/2640/1287
f 2472/2828/1285 2473/2827/1287 2569/2640/1287 2568/2638/1285
f 2471/2829/1283 2472/2828/1285 2568/2638/1285 2567/2636/1283
f 2470/2830/1281 2471/2829/1283 2567/2636/1283 2566/2634/1281
f 2469/2831/1279 2470/2830/1281 2566/2634/1281 2565/2632/1279
f 2468/2832/1277 2469/2831/1279 2565/2632/1279 2564/2630/1277
f 2467/2833/1275 2468/2832/1277 2564/2630/1277 2563/2628/1275
f 2466/2834/1272 2467/2833/1275 2563/2628/1275 2562/2625/1272
f 2465/2835/1271 2466/2834/1272 2562/2625/1272 2561/2624/1271
f 2575/2686/1291 2573/2687/1289 2574/2665/1289 2576/2663/1291
f 2837/2836/1371 2634/2837/1372 2633/2838/1373 2838/2839/1374
f 2838/2839/1374 2633/2838/1373 2635/2840/1375 2839/2841/1376
f 2839/2841/1376 2635/2840/1375 2636/2842/1377 2840/2843/1378
f 2840/2843/1378 2636/2842/1377 2637/2844/1379 2841/2845/1380
f 2841/2845/1380 2637/2844/1379 2638/2846/1381 2842/2847/1382
f 2842/2847/1382 2638/2846/1381 2639/2848/1383 2843/2849/1384
f 2843/2849/1384 2639/2848/1383 2640/2850/1385 2844/2851/1386
f 2844/2851/1386 2640/2850/1385 2641/2852/1387 2845/2853/1388
f 2845/2853/1388 2641/2852/1387 2642/2854/1389 2846/2855/1390
f 2846/2855/1390 2642/2854/1389 2643/2856/1391 2847/2857/1392
f 2781/2858/1393 2777/2859/1394 2647/2860/1395 2648/2861/1396
f 2847/2857/1392 2643/2856/1391 2644/2862/1397 2848/2863/1398
f 2848/2863/1398 2644/2862/1397 2634/2864/1372 2837/2865/1371
f 2583/2866/1399 2585/2867/1400 2685/2868/1401 2684/2869/1402
f 2632/2870/1403 2610/2871/1398 2601/2872/1371 2621/2873/1404
f 2631/2874/1405 2852/2875/1392 2610/2871/1398 2632/2870/1403
f 2630/2876/1406 2850/2877/1390 2852/2875/1392 2631/2874/1405
f 2629/2878/1407 2609/2879/1388 2850/2877/1390 2630/2876/1406
f 2628/2880/1408 2608/2881/1386 2609/2879/1388 2629/2878/1407
f 2627/2882/1409 2607/2883/1384 2608/2881/1386 2628/2880/1408
f 2626/2884/1410 2606/2885/1382 2607/2883/1384 2627/2882/1409
f 2625/2886/1411 2605/2887/1380 2606/2885/1382 2626/2884/1410
f 2624/2888/1412 2604/2889/1378 2605/2887/1380 2625/2886/1411
f 2623/2890/1413 2603/2891/1376 2604/2889/1378 2624/2888/1412
f 2622/2892/1414 2602/2893/1374 2603/2891/1376 2623/2890/1413
f 2621/2894/1404 2601/2895/1371 2602/2893/1374 2622/2892/1414
f 2610/2871/1398 2620/2896/1398 2611/2897/1371 2601/2872/1371
f 2852/2875/1392 2851/2898/1392 2620/2896/1398 2610/2871/1398
f 2609/2879/1388 2619/2899/1388 2849/2900/1390 2850/2877/1390
f 2608/2881/1386 2618/2901/1386 2619/2899/1388 2609/2879/1388
f 2607/2883/1384 2617/2902/1384 2618/2901/1386 2608/2881/1386
f 2606/2885/1382 2616/2903/1382 2617/2902/1384 2607/2883/1384
f 2605/2887/1380 2615/2904/1380 2616/2903/1382 2606/2885/1382
f 2604/2889/1378 2614/2905/1378 2615/2904/1380 2605/2887/1380
f 2603/2891/1376 2613/2906/1376 2614/2905/1378 2604/2889/1378
f 2602/2893/1374 2612/2907/1374 2613/2906/1376 2603/2891/1376
f 2601/2895/1371 2611/2908/1371 2612/2907/1374 2602/2893/1374
f 2801/2909/1315 2802/2910/1315 2621/2911/1404 2622/2912/1414
f 2803/2913/1315 2801/2909/1315 2622/2912/1414 2623/2914/1413
f 2804/2915/1315 2803/2913/1315 2623/2914/1413 2624/2916/1412
f 2805/2917/1315 2804/2915/1315 2624/2916/1412 2625/2918/1411
f 2806/2919/1315 2805/2917/1315 2625/2918/1411 2626/2920/1410
f 2807/2921/1315 2806/2919/1315 2626/2920/1410 2627/2922/1409
f 2808/2923/1315 2807/2921/1315 2627/2922/1409 2628/2924/1408
f 2809/2925/1315 2808/2923/1315 2628/2924/1408 2629/2926/1407
f 2810/2927/1315 2809/2925/1315 2629/2926/1407 2630/2928/1406
f 2811/2929/1315 2810/2927/1315 2630/2928/1406 2631/2930/1405
f 2812/2931/1315 2811/2929/1315 2631/2930/1405 2632/2932/1403
f 2802/2910/1315 2812/2931/1315 2632/2932/1403 2621/2911/1404
f 2753/2933/1316 2754/2934/1316 2633/2935/1373 2634/2936/1372
f 2754/2934/1316 2755/2937/1316 2635/2938/1375 2633/2935/1373
f 2755/2937/1316 2756/2939/1316 2636/2940/1377 2635/2938/1375
f 2756/2939/1316 2757/2941/1316 2637/2942/1379 2636/2940/1377
f 2757/2941/1316 2758/2943/1316 2638/2944/1381 2637/2942/1379
f 2758/2943/1316 2759/2945/1316 2639/2946/1383 2638/2944/1381
f 2759/2945/1316 2760/2947/1316 2640/2948/1385 2639/2946/1383
f 2760/2947/1316 2761/2949/1316 2641/2950/1387 2640/2948/1385
f 2761/2949/1316 2762/2951/1316 2642/2952/1389 2641/2950/1387
f 2762/2951/1316 2763/2953/1316 2643/2954/1391 2642/2952/1389
f 2763/2953/1316 2764/2955/1316 2644/2956/1397 2643/2954/1391
f 2764/2955/1316 2753/2933/1316 2634/2936/1372 2644/2956/1397
f 2645/2957/1415 2646/2958/1416 2656/2959/1417 2655/2960/1418 2654/2961/1419 2653/2962/1420 2652/2963/1421 2651/2964/1422 2650/2965/1423 2649/2966/1424 2648/2861/1396 2647/2860/1395
f 2782/2967/1425 2778/2968/1426 2654/2961/1419 2655/2960/1418
f 2783/2969/1427 2779/2970/1428 2651/2964/1422 2652/2963/1421
f 2784/2971/1429 2781/2858/1393 2648/2861/1396 2649/2966/1424
f 2785/2972/1430 2782/2967/1425 2655/2960/1418 2656/2959/1417
f 2786/2973/1431 2780/2974/1432 2646/2958/1416 2645/2957/1415
f 2787/2975/1433 2783/2969/1427 2652/2963/1421 2653/2962/1420
f 2788/2976/1434 2784/2971/1429 2649/2966/1424 2650/2965/1423
f 2780/2974/1432 2785/2972/1430 2656/2959/1417 2646/2958/1416
f 2777/2859/1394 2786/2973/1431 2645/2957/1415 2647/2860/1395
f 2778/2968/1426 2787/2975/1433 2653/2962/1420 2654/2961/1419
f 2779/2970/1428 2788/2976/1434 2650/2965/1423 2651/2964/1422
f 2579/2977/1435 2577/2978/1436 2657/2979/1315 2658/2980/1315
f 2581/2981/1437 2579/2977/1435 2658/2980/1315 2659/2982/1315
f 2583/2866/1399 2581/2981/1437 2659/2982/1315 2660/2983/1315
f 2585/2867/1400 2583/2866/1399 2660/2983/1315 2661/2984/1315
f 2587/2985/1438 2585/2867/1400 2661/2984/1315 2662/2986/1315
f 2589/2987/1439 2587/2985/1438 2662/2986/1315 2663/2988/1315
f 2591/2989/1440 2589/2987/1439 2663/2988/1315 2664/2990/1315
f 2593/2991/1441 2591/2989/1440 2664/2990/1315 2665/2992/1315
f 2595/2993/1442 2593/2991/1441 2665/2992/1315 2666/2994/1315
f 2597/2995/1443 2595/2993/1442 2666/2994/1315 2667/2996/1315
f 2599/2997/1444 2597/2995/1443 2667/2996/1315 2668/2998/1315
f 2577/2978/1436 2599/2997/1444 2668/2998/1315 2657/2979/1315
f 2590/2999/1445 2588/3000/1446 2740/3001/1447 2733/3002/1448
f 2596/3003/1449 2594/3004/1450 2739/3005/1451 2731/3006/1452
f 2582/3007/1453 2580/3008/1454 2738/3009/1455 2729/3010/1456
f 2578/3011/1457 2600/3012/1458 2736/3013/1459 2737/3014/1460
f 2588/3000/1446 2586/3015/1461 2735/3016/1462 2740/3001/1447
f 2594/3004/1450 2592/3017/1463 2734/3018/1464 2739/3005/1451
f 2580/3008/1454 2578/3011/1457 2737/3014/1460 2738/3009/1455
f 2600/3012/1458 2598/3019/1465 2732/3020/1466 2736/3013/1459
f 2586/3015/1461 2584/3021/1467 2730/3022/1468 2735/3016/1462
f 2592/3017/1463 2590/2999/1445 2733/3002/1448 2734/3018/1464
f 2598/3019/1465 2596/3003/1449 2731/3006/1452 2732/3020/1466
f 2584/3021/1467 2582/3007/1453 2729/3010/1456 2730/3022/1468
f 2776/3023/1316 2765/3024/1316 2753/2933/1316 2764/2955/1316
f 2775/3025/1316 2776/3023/1316 2764/2955/1316 2763/2953/1316
f 2774/3026/1316 2775/3025/1316 2763/2953/1316 2762/2951/1316
f 2773/3027/1316 2774/3026/1316 2762/2951/1316 2761/2949/1316
f 2772/3028/1316 2773/3027/1316 2761/2949/1316 2760/2947/1316
f 2771/3029/1316 2772/3028/1316 2760/2947/1316 2759/2945/1316
f 2770/3030/1316 2771/3029/1316 2759/2945/1316 2758/2943/1316
f 2769/3031/1316 2770/3030/1316 2758/2943/1316 2757/2941/1316
f 2768/3032/1316 2769/3031/1316 2757/2941/1316 2756/2939/1316
f 2767/3033/1316 2768/3032/1316 2756/2939/1316 2755/2937/1316
f 2766/3034/1316 2767/3033/1316 2755/2937/1316 2754/2934/1316
f 2765/3024/1316 2766/3034/1316 2754/2934/1316 2753/2933/1316
f 2578/3011/1457 2580/3008/1454 2766/3034/1316 2765/3024/1316
f 2580/3008/1454 2582/3007/1453 2767/3033/1316 2766/3034/1316
f 2582/3007/1453 2584/3021/1467 2768/3032/1316 2767/3033/1316
f 2584/3021/1467 2586/3015/1461 2769/3031/1316 2768/3032/1316
f 2586/3015/1461 2588/3000/1446 2770/3030/1316 2769/3031/1316
f 2588/3000/1446 2590/2999/1445 2771/3029/1316 2770/3030/1316
f 2590/2999/1445 2592/3017/1463 2772/3028/1316 2771/3029/1316
f 2592/3017/1463 2594/3004/1450 2773/3027/1316 2772/3028/1316
f 2594/3004/1450 2596/3003/1449 2774/3026/1316 2773/3027/1316
f 2596/3003/1449 2598/3019/1465 2775/3025/1316 2774/3026/1316
f 2598/3019/1465 2600/3012/1458 2776/3023/1316 2775/3025/1316
f 2600/3012/1458 2578/3011/1457 2765/3024/1316 2776/3023/1316
f 2733/3002/1448 2740/3001/1447 2788/2976/1434 2779/2970/1428
f 2731/3006/1452 2739/3005/1451 2787/2975/1433 2778/2968/1426
f 2729/3010/1456 2738/3009/1455 2786/2973/1431 2777/2859/1394
f 2737/3014/1460 2736/3013/1459 2785/2972/1430 2780/2974/1432
f 2740/3001/1447 2735/3016/1462 2784/2971/1429 2788/2976/1434
f 2739/3005/1451 2734/3018/1464 2783/2969/1427 2787/2975/1433
f 2738/3009/1455 2737/3014/1460 2780/2974/1432 2786/2973/1431
f 2736/3013/1459 2732/3020/1466 2782/2967/1425 2785/2972/1430
f 2735/3016/1462 2730/3022/1468 2781/2858/1393 2784/2971/1429
f 2734/3018/1464 2733/3002/1448 2779/2970/1428 2783/2969/1427
f 2732/3020/1466 2731/3006/1452 2778/2968/1426 2782/2967/1425
f 2730/3022/1468 2729/3010/1456 2777/2859/1394 2781/2858/1393
f 2657/2979/1315 2668/2998/1315 2812/2931/1315 2802/2910/1315
f 2668/2998/1315 2667/2996/1315 2811/2929/1315 2812/2931/1315
f 2667/2996/1315 2666/2994/1315 2810/2927/1315 2811/2929/1315
f 2666/2994/1315 2665/2992/1315 2809/2925/1315 2810/2927/1315
f 2665/2992/1315 2664/2990/1315 2808/2923/1315 2809/2925/1315
f 2664/2990/1315 2663/2988/1315 2807/2921/1315 2808/2923/1315
f 2663/2988/1315 2662/2986/1315 2806/2919/1315 2807/2921/1315
f 2662/2986/1315 2661/2984/1315 2805/2917/1315 2806/2919/1315
f 2661/2984/1315 2660/2983/1315 2804/2915/1315 2805/2917/1315
f 2660/2983/1315 2659/2982/1315 2803/2913/1315 2804/2915/1315
f 2659/2982/1315 2658/2980/1315 2801/2909/1315 2803/2913/1315
f 2658/2980/1315 2657/2979/1315 2802/2910/1315 2801/2909/1315
f 2752/3035/1398 2848/2863/1398 2837/2865/1371 2741/3036/1371
f 2751/3037/1392 2847/2857/1392 2848/2863/1398 2752/3035/1398
f 2750/3038/1390 2846/2855/1390 2847/2857/1392 2751/3037/1392
f 2749/3039/1388 2845/2853/1388 2846/2855/1390 2750/3038/1390
f 2748/3040/1386 2844/2851/1386 2845/2853/1388 2749/3039/1388
f 2747/3041/1384 2843/2849/1384 2844/2851/1386 2748/3040/1386
f 2746/3042/1382 2842/2847/1382 2843/2849/1384 2747/3041/1384
f 2745/3043/1380 2841/2845/1380 2842/2847/1382 2746/3042/1382
f 2744/3044/1378 2840/2843/1378 2841/2845/1380 2745/3043/1380
f 2743/3045/1376 2839/2841/1376 2840/2843/1378 2744/3044/1378
f 2742/3046/1374 2838/2839/1374 2839/2841/1376 2743/3045/1376
f 2741/3047/1371 2837/2836/1371 2838/2839/1374 2742/3046/1374
f 2851/2898/1392 2852/2875/1392 2850/2877/1390 2849/2900/1390
usemtl Gold
f 2344/2685/1297 2335/2684/1271 2465/2824/1271 2476/2823/1297
f 2575/2686/1291 2344/2685/1297 2476/2823/1297 2475/2825/1291
f 2573/2687/1289 2575/2686/1291 2475/2825/1291 2474/2826/1289
f 2343/2688/1287 2573/2687/1289 2474/2826/1289 2473/2827/1287
f 2342/2689/1285 2343/2688/1287 2473/2827/1287 2472/2828/1285
f 2341/2690/1283 2342/2689/1285 2472/2828/1285 2471/2829/1283
f 2340/2691/1281 2341/2690/1283 2471/2829/1283 2470/2830/1281
f 2339/2692/1279 2340/2691/1281 2470/2830/1281 2469/2831/1279
f 2338/2693/1277 2339/2692/1279 2469/2831/1279 2468/2832/1277
f 2337/2694/1275 2338/2693/1277 2468/2832/1277 2467/2833/1275
f 2336/2695/1272 2337/2694/1275 2467/2833/1275 2466/2834/1272
f 2335/2696/1271 2336/2695/1272 2466/2834/1272 2465/2835/1271
f 2620/2896/1398 2752/3035/1398 2741/3036/1371 2611/2897/1371
f 2851/2898/1392 2751/3037/1392 2752/3035/1398 2620/2896/1398
f 2849/2900/1390 2750/3038/1390 2751/3037/1392 2851/2898/1392
f 2619/2899/1388 2749/3039/1388 2750/3038/1390 2849/2900/1390
f 2618/2901/1386 2748/3040/1386 2749/3039/1388 2619/2899/1388
f 2617/2902/1384 2747/3041/1384 2748/3040/1386 2618/2901/1386
f 2616/2903/1382 2746/3042/1382 2747/3041/1384 2617/2902/1384
f 2615/2904/1380 2745/3043/1380 2746/3042/1382 2616/2903/1382
f 2614/2905/1378 2744/3044/1378 2745/3043/1380 2615/2904/1380
f 2613/2906/1376 2743/3045/1376 2744/3044/1378 2614/2905/1378
f 2612/2907/1374 2742/3046/1374 2743/3045/1376 2613/2906/1376
f 2611/2908/1371 2741/3047/1371 2742/3046/1374 2612/2907/1374
usemtl Porple
f 2399/3048/1469 2423/3049/1470 2424/3050/1471 2400/3051/1472
f 2321/2783/1345 2415/3052/1473 2416/3053/1474 2323/2785/1346
f 2301/2768/1338 2405/3054/1475 2406/3055/1476 2303/2765/1337
f 2315/2777/1342 2412/3056/1477 2413/3057/1478 2317/2779/1343
f 2309/2657/1302 2409/2656/1301 2410/3058/1479 2311/2773/1340
f 2323/2785/1346 2416/3053/1474 2405/3054/1475 2301/2768/1338
f 2303/2765/1337 2406/3055/1476 2407/3059/1480 2305/2769/1339
f 2317/2779/1343 2413/3057/1478 2414/3060/1481 2319/2781/1344
f 2311/2773/1340 2410/3058/1479 2411/3061/1482 2313/2775/1341
f 2305/2769/1339 2407/3059/1480 2408/2655/1300 2307/2654/1299
f 2319/2781/1344 2414/3060/1481 2415/3052/1473 2321/2783/1345
f 2313/2775/1341 2411/3061/1482 2412/3056/1477 2315/2777/1342
f 2394/3062/1483 2406/3055/1476 2405/3054/1475 2393/3063/1484
f 2395/3064/1485 2407/3059/1480 2406/3055/1476 2394/3062/1483
f 2396/3065/1486 2408/2655/1300 2407/3059/1480 2395/3064/1485
f 2397/3066/1487 2409/2656/1301 2408/2655/1300 2396/3065/1486
f 2398/3067/1488 2410/3058/1479 2409/2656/1301 2397/3066/1487
f 2399/3048/1469 2411/3061/1482 2410/3058/1479 2398/3067/1488
f 2400/3051/1472 2412/3056/1477 2411/3061/1482 2399/3048/1469
f 2401/3068/1489 2413/3057/1478 2412/3056/1477 2400/3051/1472
f 2402/3069/1490 2414/3060/1481 2413/3057/1478 2401/3068/1489
f 2403/3070/1491 2415/3052/1473 2414/3060/1481 2402/3069/1490
f 2404/3071/1492 2416/3053/1474 2415/3052/1473 2403/3070/1491
f 2393/3063/1484 2405/3054/1475 2416/3053/1474 2404/3071/1492
f 2514/3072/1493 2438/3073/1494 2439/3074/1495 2513/3075/1496
f 2396/3065/1486 2420/3076/1497 2421/3077/1498 2397/3066/1487
f 2403/3070/1491 2427/3078/1499 2428/3079/1500 2404/3071/1492
f 2393/3063/1484 2417/3080/1501 2418/3081/1502 2394/3062/1483
f 2400/3051/1472 2424/3050/1471 2425/3082/1503 2401/3068/1489
f 2397/3066/1487 2421/3077/1498 2422/3083/1504 2398/3067/1488
f 2404/3071/1492 2428/3079/1500 2417/3080/1501 2393/3063/1484
f 2394/3062/1483 2418/3081/1502 2419/3084/1505 2395/3064/1485
f 2401/3068/1489 2425/3082/1503 2426/3085/1506 2402/3069/1490
f 2398/3067/1488 2422/3083/1504 2423/3049/1470 2399/3048/1469
f 2395/3064/1485 2419/3084/1505 2420/3076/1497 2396/3065/1486
f 2402/3069/1490 2426/3085/1506 2427/3078/1499 2403/3070/1491
f 2538/3086/1507 2551/3087/1508 2552/3088/1509 2537/3089/1510
f 2516/3090/1511 2435/3091/1512 2436/3092/1513 2515/3093/1514
f 2518/3094/1515 2432/3095/1516 2433/3096/1517 2517/3097/1518
f 2513/3075/1496 2439/3074/1495 2440/3098/1519 2519/3099/1520
f 2521/3100/1521 2429/3101/1522 2430/3102/1523 2520/3103/1524
f 2515/3093/1514 2436/3092/1513 2437/3104/1525 2522/3105/1526
f 2517/3097/1518 2433/3096/1517 2434/3106/1527 2523/3107/1528
f 2519/3099/1520 2440/3098/1519 2429/3101/1522 2521/3100/1521
f 2520/3103/1524 2430/3102/1523 2431/3108/1529 2524/3109/1530
f 2522/3105/1526 2437/3104/1525 2438/3073/1494 2514/3072/1493
f 2523/3107/1528 2434/3106/1527 2435/3091/1512 2516/3090/1511
f 2524/3109/1530 2431/3108/1529 2432/3095/1516 2518/3094/1515
f 2441/3110/1315 2452/3111/1315 2451/3112/1315 2450/3113/1315 2449/3114/1315 2448/3115/1315 2447/3116/1315 2446/3117/1315 2445/3118/1315 2444/3119/1315 2443/3120/1315 2442/3121/1315
f 2540/3122/1531 2558/3123/1532 2559/3124/1533 2539/3125/1534
f 2542/3126/1535 2555/3127/1536 2556/3128/1537 2541/3129/1538
f 2537/3089/1510 2552/3088/1509 2553/3130/1539 2543/3131/1540
f 2539/3125/1534 2559/3124/1533 2560/3132/1541 2544/3133/1542
f 2546/3134/1543 2549/3135/1544 2550/3136/1545 2545/3137/1546
f 2541/3129/1538 2556/3128/1537 2557/3138/1547 2547/3139/1548
f 2543/3131/1540 2553/3130/1539 2554/3140/1549 2548/3141/1550
f 2544/3133/1542 2560/3132/1541 2549/3135/1544 2546/3134/1543
f 2545/3137/1546 2550/3136/1545 2551/3087/1508 2538/3086/1507
f 2547/3139/1548 2557/3138/1547 2558/3123/1532 2540/3122/1531
f 2548/3141/1550 2554/3140/1549 2555/3127/1536 2542/3126/1535
f 2419/3084/1505 2524/3109/1530 2518/3094/1515 2420/3076/1497
f 2422/3083/1504 2523/3107/1528 2516/3090/1511 2423/3049/1470
f 2425/3082/1503 2522/3105/1526 2514/3072/1493 2426/3085/1506
f 2418/3081/1502 2520/3103/1524 2524/3109/1530 2419/3084/1505
f 2428/3079/1500 2519/3099/1520 2521/3100/1521 2417/3080/1501
f 2421/3077/1498 2517/3097/1518 2523/3107/1528 2422/3083/1504
f 2424/3050/1471 2515/3093/1514 2522/3105/1526 2425/3082/1503
f 2417/3080/1501 2521/3100/1521 2520/3103/1524 2418/3081/1502
f 2427/3078/1499 2513/3075/1496 2519/3099/1520 2428/3079/1500
f 2420/3076/1497 2518/3094/1515 2517/3097/1518 2421/3077/1498
f 2423/3049/1470 2516/3090/1511 2515/3093/1514 2424/3050/1471
f 2426/3085/1506 2514/3072/1493 2513/3075/1496 2427/3078/1499
f 2434/3106/1527 2548/3141/1550 2542/3126/1535 2435/3091/1512
f 2437/3104/1525 2547/3139/1548 2540/3122/1531 2438/3073/1494
f 2430/3102/1523 2545/3137/1546 2538/3086/1507 2431/3108/1529
f 2440/3098/1519 2544/3133/1542 2546/3134/1543 2429/3101/1522
f 2433/3096/1517 2543/3131/1540 2548/3141/1550 2434/3106/1527
f 2436/3092/1513 2541/3129/1538 2547/3139/1548 2437/3104/1525
f 2429/3101/1522 2546/3134/1543 2545/3137/1546 2430/3102/1523
f 2439/3074/1495 2539/3125/1534 2544/3133/1542 2440/3098/1519
f 2432/3095/1516 2537/3089/1510 2543/3131/1540 2433/3096/1517
f 2435/3091/1512 2542/3126/1535 2541/3129/1538 2436/3092/1513
f 2438/3073/1494 2540/3122/1531 2539/3125/1534 2439/3074/1495
f 2431/3108/1529 2538/3086/1507 2537/3089/1510 2432/3095/1516
f 2442/3121/1315 2550/3136/1545 2549/3135/1544 2441/3110/1315
f 2443/3120/1315 2551/3087/1508 2550/3136/1545 2442/3121/1315
f 2444/3119/1315 2552/3088/1509 2551/3087/1508 2443/3120/1315
f 2445/3118/1315 2553/3130/1539 2552/3088/1509 2444/3119/1315
f 2446/3117/1315 2554/3140/1549 2553/3130/1539 2445/3118/1315
f 2447/3116/1315 2555/3127/1536 2554/3140/1549 2446/3117/1315
f 2448/3115/1315 2556/3128/1537 2555/3127/1536 2447/3116/1315
f 2449/3114/1315 2557/3138/1547 2556/3128/1537 2448/3115/1315
f 2450/3113/1315 2558/3123/1532 2557/3138/1547 2449/3114/1315
f 2451/3112/1315 2559/3124/1533 2558/3123/1532 2450/3113/1315
f 2452/3111/1315 2560/3132/1541 2559/3124/1533 2451/3112/1315
f 2441/3110/1315 2549/3135/1544 2560/3132/1541 2452/3111/1315
f 2675/3142/1551 2676/3143/1552 2700/3144/1553 2699/3145/1554
f 2597/2995/1443 2599/2997/1444 2692/3146/1555 2691/3147/1556
f 2577/2978/1436 2579/2977/1435 2682/3148/1557 2681/3149/1558
f 2591/2989/1440 2593/2991/1441 2689/3150/1559 2688/3151/1560
f 2585/2867/1400 2587/2985/1438 2686/3152/1561 2685/2868/1401
f 2599/2997/1444 2577/2978/1436 2681/3149/1558 2692/3146/1555
f 2579/2977/1435 2581/2981/1437 2683/3153/1562 2682/3148/1557
f 2593/2991/1441 2595/2993/1442 2690/3154/1563 2689/3150/1559
f 2587/2985/1438 2589/2987/1439 2687/3155/1564 2686/3152/1561
f 2581/2981/1437 2583/2866/1399 2684/2869/1402 2683/3153/1562
f 2595/2993/1442 2597/2995/1443 2691/3147/1556 2690/3154/1563
f 2589/2987/1439 2591/2989/1440 2688/3151/1560 2687/3155/1564
f 2670/3156/1565 2669/3157/1566 2681/3149/1558 2682/3148/1557
f 2671/3158/1567 2670/3156/1565 2682/3148/1557 2683/3153/1562
f 2672/3159/1568 2671/3158/1567 2683/3153/1562 2684/2869/1402
f 2673/3160/1569 2672/3159/1568 2684/2869/1402 2685/2868/1401
f 2674/3161/1570 2673/3160/1569 2685/2868/1401 2686/3152/1561
f 2675/3142/1551 2674/3161/1570 2686/3152/1561 2687/3155/1564
f 2676/3143/1552 2675/3142/1551 2687/3155/1564 2688/3151/1560
f 2677/3162/1571 2676/3143/1552 2688/3151/1560 2689/3150/1559
f 2678/3163/1572 2677/3162/1571 2689/3150/1559 2690/3154/1563
f 2679/3164/1573 2678/3163/1572 2690/3154/1563 2691/3147/1556
f 2680/3165/1574 2679/3164/1573 2691/3147/1556 2692/3146/1555
f 2669/3157/1566 2680/3165/1574 2692/3146/1555 2681/3149/1558
f 2790/3166/1575 2789/3167/1576 2715/3168/1577 2714/3169/1578
f 2672/3159/1568 2673/3160/1569 2697/3170/1579 2696/3171/1580
f 2679/3164/1573 2680/3165/1574 2704/3172/1581 2703/3173/1582
f 2669/3157/1566 2670/3156/1565 2694/3174/1583 2693/3175/1584
f 2676/3143/1552 2677/3162/1571 2701/3176/1585 2700/3144/1553
f 2673/3160/1569 2674/3161/1570 2698/3177/1586 2697/3170/1579
f 2680/3165/1574 2669/3157/1566 2693/3175/1584 2704/3172/1581
f 2670/3156/1565 2671/3158/1567 2695/3178/1587 2694/3174/1583
f 2677/3162/1571 2678/3163/1572 2702/3179/1588 2701/3176/1585
f 2674/3161/1570 2675/3142/1551 2699/3145/1554 2698/3177/1586
f 2671/3158/1567 2672/3159/1568 2696/3171/1580 2695/3178/1587
f 2678/3163/1572 2679/3164/1573 2703/3173/1582 2702/3179/1588
f 2814/3180/1589 2813/3181/1590 2828/3182/1591 2827/3183/1592
f 2792/3184/1593 2791/3185/1594 2712/3186/1595 2711/3187/1596
f 2794/3188/1597 2793/3189/1598 2709/3190/1599 2708/3191/1600
f 2789/3167/1576 2795/3192/1601 2716/3193/1602 2715/3168/1577
f 2797/3194/1603 2796/3195/1604 2706/3196/1605 2705/3197/1606
f 2791/3185/1594 2798/3198/1607 2713/3199/1608 2712/3186/1595
f 2793/3189/1598 2799/3200/1609 2710/3201/1610 2709/3190/1599
f 2795/3192/1601 2797/3194/1603 2705/3197/1606 2716/3193/1602
f 2796/3195/1604 2800/3202/1611 2707/3203/1612 2706/3196/1605
f 2798/3198/1607 2790/3166/1575 2714/3169/1578 2713/3199/1608
f 2799/3200/1609 2792/3184/1593 2711/3187/1596 2710/3201/1610
f 2800/3202/1611 2794/3188/1597 2708/3191/1600 2707/3203/1612
f 2717/3204/1315 2718/3205/1315 2719/3206/1315 2720/3207/1315 2721/3208/1315 2722/3209/1315 2723/3210/1315 2724/3211/1315 2725/3212/1315 2726/3213/1315 2727/3214/1315 2728/3215/1315
f 2816/3216/1613 2815/3217/1614 2835/3218/1615 2834/3219/1616
f 2818/3220/1617 2817/3221/1618 2832/3222/1619 2831/3223/1620
f 2813/3181/1590 2819/3224/1621 2829/3225/1622 2828/3182/1591
f 2815/3217/1614 2820/3226/1623 2836/3227/1624 2835/3218/1615
f 2822/3228/1625 2821/3229/1626 2826/3230/1627 2825/3231/1628
f 2817/3221/1618 2823/3232/1629 2833/3233/1630 2832/3222/1619
f 2819/3224/1621 2824/3234/1631 2830/3235/1632 2829/3225/1622
f 2820/3226/1623 2822/3228/1625 2825/3231/1628 2836/3227/1624
f 2821/3229/1626 2814/3180/1589 2827/3183/1592 2826/3230/1627
f 2823/3232/1629 2816/3216/1613 2834/3219/1616 2833/3233/1630
f 2824/3234/1631 2818/3220/1617 2831/3223/1620 2830/3235/1632
f 2695/3178/1587 2696/3171/1580 2794/3188/1597 2800/3202/1611
f 2698/3177/1586 2699/3145/1554 2792/3184/1593 2799/3200/1609
f 2701/3176/1585 2702/3179/1588 2790/3166/1575 2798/3198/1607
f 2694/3174/1583 2695/3178/1587 2800/3202/1611 2796/3195/1604
f 2704/3172/1581 2693/3175/1584 2797/3194/1603 2795/3192/1601
f 2697/3170/1579 2698/3177/1586 2799/3200/1609 2793/3189/1598
f 2700/3144/1553 2701/3176/1585 2798/3198/1607 2791/3185/1594
f 2693/3175/1584 2694/3174/1583 2796/3195/1604 2797/3194/1603
f 2703/3173/1582 2704/3172/1581 2795/3192/1601 2789/3167/1576
f 2696/3171/1580 2697/3170/1579 2793/3189/1598 2794/3188/1597
f 2699/3145/1554 2700/3144/1553 2791/3185/1594 2792/3184/1593
f 2702/3179/1588 2703/3173/1582 2789/3167/1576 2790/3166/1575
f 2710/3201/1610 2711/3187/1596 2818/3220/1617 2824/3234/1631
f 2713/3199/1608 2714/3169/1578 2816/3216/1613 2823/3232/1629
f 2706/3196/1605 2707/3203/1612 2814/3180/1589 2821/3229/1626
f 2716/3193/1602 2705/3197/1606 2822/3228/1625 2820/3226/1623
f 2709/3190/1599 2710/3201/1610 2824/3234/1631 2819/3224/1621
f 2712/3186/1595 2713/3199/1608 2823/3232/1629 2817/3221/1618
f 2705/3197/1606 2706/3196/1605 2821/3229/1626 2822/3228/1625
f 2715/3168/1577 2716/3193/1602 2820/3226/1623 2815/3217/1614
f 2708/3191/1600 2709/3190/1599 2819/3224/1621 2813/3181/1590
f 2711/3187/1596 2712/3186/1595 2817/3221/1618 2818/3220/1617
f 2714/3169/1578 2715/3168/1577 2815/3217/1614 2816/3216/1613
f 2707/3203/1612 2708/3191/1600 2813/3181/1590 2814/3180/1589
f 2718/3205/1315 2717/3204/1315 2825/3231/1628 2826/3230/1627
f 2719/3206/1315 2718/3205/1315 2826/3230/1627 2827/3183/1592
f 2720/3207/1315 2719/3206/1315 2827/3183/1592 2828/3182/1591
f 2721/3208/1315 2720/3207/1315 2828/3182/1591 2829/3225/1622
f 2722/3209/1315 2721/3208/1315 2829/3225/1622 2830/3235/1632
f 2723/3210/1315 2722/3209/1315 2830/3235/1632 2831/3223/1620
f 2724/3211/1315 2723/3210/1315 2831/3223/1620 2832/3222/1619
f 2725/3212/1315 2724/3211/1315 2832/3222/1619 2833/3233/1630
f 2726/3213/1315 2725/3212/1315 2833/3233/1630 2834/3219/1616
f 2727/3214/1315 2726/3213/1315 2834/3219/1616 2835/3218/1615
f 2728/3215/1315 2727/3214/1315 2835/3218/1615 2836/3227/1624
f 2717/3204/1315 2728/3215/1315 2836/3227/1624 2825/3231/1628
o Cylinder.006_Cylinder.007
v 0.178493 -0.275801 -1.826440
v 0.119938 -0.333251 0.793584
v 0.154579 -0.365047 -1.826440
v 0.103870 -0.410839 0.849663
v 0.089246 -0.430380 -1.826440
v 0.059969 -0.467637 0.890716
v 0.000000 -0.491887 -1.826440
v -0.089246 -0.430380 -1.826440
v -0.059969 -0.467637 0.890716
v -0.154579 -0.365047 -1.826440
v -0.103870 -0.410839 0.849663
v -0.178493 -0.275801 -1.826440
v -0.119938 -0.333251 0.793584
v 0.191466 -0.333251 -0.120918
v 0.191466 -0.333251 -0.406043
v 0.191466 -0.333251 -0.879509
v 0.191466 -0.333251 -1.352974
v 0.165814 -0.428984 -0.120918
v 0.165814 -0.428984 -0.406043
v 0.165814 -0.428984 -0.879509
v 0.165814 -0.428984 -1.352974
v 0.065283 -0.499065 -0.120918
v 0.095733 -0.499065 -0.406043
v 0.095733 -0.499065 -0.879509
v 0.095733 -0.499065 -1.352974
v 0.000000 -0.562311 -0.239880
v 0.000000 -0.562311 -0.406043
v 0.000000 -0.562311 -0.879509
v 0.000000 -0.562311 -1.352974
v -0.065283 -0.499065 -0.120918
v -0.095733 -0.499065 -0.406043
v -0.095733 -0.499065 -0.879509
v -0.095733 -0.499065 -1.352974
v -0.165814 -0.428984 -0.120918
v -0.165814 -0.428984 -0.406043
v -0.165814 -0.428984 -0.879509
v -0.165814 -0.428984 -1.352974
v -0.191466 -0.333251 -0.120918
v -0.191466 -0.333251 -0.406043
v -0.191466 -0.333251 -0.879509
v -0.191466 -0.333251 -1.352974
v 0.100194 -0.031822 1.088906
v 0.086770 -0.048818 1.167053
v 0.050097 -0.061260 1.224260
v 0.000000 -0.103408 1.245199
v -0.050097 -0.061260 1.224260
v -0.086770 -0.048818 1.167053
v -0.100194 -0.031822 1.088906
v 0.110066 -0.238745 0.990639
v 0.095320 -0.296033 1.057244
v -0.110066 -0.238746 0.990639
v -0.095320 -0.296033 1.057244
v -0.049476 -0.394366 1.106002
v 0.000000 -0.390914 1.123849
v 0.049476 -0.394366 1.106002
v 0.000000 -0.961038 1.070571
v 0.040524 -0.902654 1.055545
v -0.040524 -0.902654 1.055545
v 0.027635 -0.934082 0.173176
v 0.000000 -0.997327 0.173176
v -0.027635 -0.934082 0.173176
v -0.037189 -0.714435 1.166449
v 0.000000 -0.767379 1.184296
v 0.037189 -0.714435 1.166449
v 0.094338 -0.016080 -3.518053
v 0.054465 -0.073624 -3.548989
v -0.000002 -0.130853 -3.570574
v -0.054469 -0.073624 -3.548989
v -0.094342 -0.016080 -3.518053
v 0.062749 -0.517878 -0.108238
v 0.058660 -0.486450 0.890716
v 0.000000 -0.405785 1.123849
v -0.048396 -0.409236 1.106002
v 0.000000 -0.581123 -0.219192
v -0.062749 -0.517878 -0.108238
v 0.048396 -0.409236 1.106002
v -0.058660 -0.486450 0.890716
v 0.041051 -0.895088 1.055545
v -0.037672 -0.708454 1.166449
v -0.041051 -0.895088 1.055545
v 0.028654 -0.926516 0.168077
v 0.000000 -0.761398 1.184296
v 0.000000 -0.989761 0.164856
v -0.028654 -0.926516 0.168077
v 0.037672 -0.708454 1.166449
v 0.011684 -0.488757 -1.826440
v 0.012533 -0.558952 -1.352974
v 0.012533 -0.558952 -0.879509
v 0.012533 -0.558952 -0.406043
v 0.008547 -0.558952 -0.224306
v 0.006559 -0.102811 1.242458
v 0.007205 -0.388905 1.121512
v 0.005305 -0.958316 1.068604
v 0.003618 -0.993969 0.173176
v 0.004869 -0.765369 1.181960
v 0.007129 -0.128095 -3.569092
v 0.007048 -0.403775 1.121512
v 0.008215 -0.577765 -0.204666
v 0.004932 -0.759389 1.181960
v 0.003751 -0.986403 0.165277
v -0.011334 -0.488850 -1.826440
v -0.012158 -0.559053 -1.352974
v -0.012158 -0.559053 -0.879509
v -0.012158 -0.559053 -0.406043
v -0.008291 -0.559053 -0.224772
v -0.006362 -0.102829 1.242540
v -0.006989 -0.388965 1.121582
v -0.005146 -0.958397 1.068663
v -0.003510 -0.994070 0.173176
v -0.004723 -0.765429 1.182029
v -0.006919 -0.128178 -3.569136
v -0.006836 -0.403835 1.121582
v -0.007969 -0.577865 -0.205101
v -0.004784 -0.759449 1.182029
v -0.003639 -0.986503 0.165265
vt 0.750000 0.900000
vt 0.750000 1.000000
vt 0.666667 1.000000
vt 0.666667 0.900000
vt 0.583333 1.000000
vt 0.583333 0.900000
vt 0.489417 0.900000
vt 0.500000 0.900000
vt 0.500000 0.900000
vt 0.489417 0.900000
vt 0.510910 0.900000
vt 0.583333 0.900000
vt 0.583333 0.900000
vt 0.510910 0.900000
vt 0.416667 0.900000
vt 0.416667 1.000000
vt 0.333333 1.000000
vt 0.333333 0.900000
vt 0.250000 1.000000
vt 0.250000 0.900000
vt 0.666667 1.000000
vt 0.750000 1.000000
vt 0.750000 1.000000
vt 0.666667 1.000000
vt 0.333333 0.500000
vt 0.333333 0.600000
vt 0.250000 0.600000
vt 0.250000 0.500000
vt 0.333333 0.700000
vt 0.250000 0.700000
vt 0.333333 0.800000
vt 0.250000 0.800000
vt 0.416667 0.500000
vt 0.416667 0.600000
vt 0.416667 0.700000
vt 0.416667 0.800000
vt 0.489417 0.500000
vt 0.489417 0.600000
vt 0.489417 0.700000
vt 0.489417 0.800000
vt 0.489417 0.900000
vt 0.510910 0.500000
vt 0.510910 0.600000
vt 0.500000 0.600000
vt 0.500000 0.500000
vt 0.510910 0.700000
vt 0.500000 0.700000
vt 0.510910 0.800000
vt 0.500000 0.800000
vt 0.510910 0.900000
vt 0.500000 0.900000
vt 0.666667 0.500000
vt 0.666667 0.600000
vt 0.583333 0.600000
vt 0.583333 0.500000
vt 0.666667 0.700000
vt 0.583333 0.700000
vt 0.666667 0.800000
vt 0.583333 0.800000
vt 0.750000 0.500000
vt 0.750000 0.600000
vt 0.750000 0.700000
vt 0.750000 0.800000
vt 0.250000 1.000000
vt 0.333333 1.000000
vt 0.333333 1.000000
vt 0.250000 1.000000
vt 0.416667 1.000000
vt 0.416667 1.000000
vt 0.489417 1.000000
vt 0.500000 1.000000
vt 0.500000 1.000000
vt 0.489417 1.000000
vt 0.510910 1.000000
vt 0.583333 1.000000
vt 0.583333 1.000000
vt 0.510910 1.000000
vt 0.583333 1.000000
vt 0.583333 1.000000
vt 0.489417 1.000000
vt 0.416667 1.000000
vt 0.416667 1.000000
vt 0.489417 1.000000
vt 0.510910 1.000000
vt 0.500000 1.000000
vt 0.489417 1.000000
vt 0.416667 1.000000
vt 0.416667 0.900000
vt 0.583333 1.000000
vt 0.510910 1.000000
vt 0.500000 1.000000
vt 0.510910 1.000000
vt 0.500000 1.000000
vt 0.583333 1.000000
vt 0.416667 1.000000
vt 0.416667 0.900000
vt 0.333333 0.500000
vt 0.416667 0.500000
vt 0.489417 0.500000
vt 0.500000 0.500000
vt 0.510910 0.500000
vt 0.583333 0.500000
vt 0.666667 0.500000
vt 0.416667 0.900000
vt 0.416667 1.000000
vt 0.416667 1.000000
vt 0.583333 1.000000
vt 0.583333 1.000000
vt 0.500000 1.000000
vt 0.510910 1.000000
vt 0.489417 1.000000
vt 0.583333 0.900000
vt 0.510910 0.900000
vt 0.500000 0.900000
vt 0.489417 0.900000
vn 0.9712 -0.2356 0.0353
vn 0.9802 -0.1785 0.0861
vn 0.8954 -0.4314 0.1101
vn 0.8528 -0.5207 0.0384
vn 0.9498 -0.2974 0.0970
vn 0.8107 -0.5830 -0.0534
vn -0.8072 -0.4183 -0.4165
vn -0.0000 -0.7189 -0.6951
vn 0.0000 -0.9606 -0.2777
vn -0.7426 -0.6252 -0.2401
vn 0.8076 -0.4179 -0.4162
vn 0.9638 -0.2020 -0.1739
vn 0.9436 -0.3014 -0.1371
vn 0.7429 -0.6249 -0.2401
vn -0.8106 -0.5831 -0.0536
vn -0.9498 -0.2974 0.0970
vn -0.8954 -0.4314 0.1101
vn -0.8528 -0.5207 0.0384
vn -0.9802 -0.1785 0.0861
vn -0.9712 -0.2356 0.0353
vn 0.9381 -0.1963 0.2853
vn 0.9866 -0.0840 0.1396
vn 0.9844 -0.0387 0.1717
vn 0.9283 -0.1190 0.3523
vn -0.8734 -0.4754 -0.1049
vn -0.8610 -0.5067 -0.0444
vn -0.9655 -0.2587 -0.0298
vn -0.9633 -0.2581 -0.0738
vn -0.8660 -0.5000 0.0000
vn -0.9659 -0.2588 0.0000
vn -0.8536 -0.5208 0.0088
vn -0.6858 -0.7150 -0.1355
vn -0.6466 -0.7606 -0.0586
vn -0.6472 -0.7623 0.0000
vn -0.6396 -0.7684 0.0199
vn -0.4634 -0.8722 -0.1567
vn -0.4261 -0.9022 -0.0670
vn -0.4279 -0.9038 0.0000
vn -0.4518 -0.8920 0.0127
vn -0.7676 -0.6163 -0.1760
vn 0.4640 -0.8719 -0.1567
vn 0.4267 -0.9019 -0.0670
vn 0.0000 -0.9973 -0.0729
vn 0.0000 -0.9847 -0.1741
vn 0.4285 -0.9035 0.0000
vn 0.0000 -1.0000 0.0000
vn 0.4524 -0.8917 0.0128
vn 0.0000 -1.0000 0.0018
vn 0.7680 -0.6157 -0.1759
vn 0.0000 -0.9917 -0.1284
vn 0.8734 -0.4754 -0.1049
vn 0.8610 -0.5067 -0.0444
vn 0.6471 -0.7601 -0.0586
vn 0.6863 -0.7146 -0.1354
vn 0.8660 -0.5000 0.0000
vn 0.6478 -0.7618 0.0000
vn 0.8536 -0.5208 0.0088
vn 0.6401 -0.7680 0.0199
vn 0.9633 -0.2581 -0.0738
vn 0.9655 -0.2587 -0.0298
vn 0.9659 -0.2588 0.0000
vn -0.9866 -0.0840 0.1396
vn -0.9381 -0.1963 0.2853
vn -0.9283 -0.1190 0.3523
vn -0.9844 -0.0387 0.1717
vn -0.7708 -0.2181 0.5985
vn -0.7211 -0.2451 0.6480
vn -0.3880 -0.1965 0.9004
vn 0.0000 -0.1735 0.9848
vn 0.0000 -0.3887 0.9213
vn -0.4259 -0.3376 0.8394
vn 0.3882 -0.1966 0.9004
vn 0.7709 -0.2180 0.5985
vn 0.7214 -0.2450 0.6477
vn 0.4261 -0.3376 0.8393
vn 0.9950 -0.0720 0.0696
vn 0.9257 -0.2980 0.2329
vn -0.3937 0.0567 0.9174
vn -0.7774 0.0665 0.6255
vn -0.8043 -0.1007 0.5856
vn -0.5899 -0.2299 0.7740
vn 0.7208 -0.5976 0.3512
vn 0.0000 -0.8428 0.5382
vn -0.7205 -0.5978 0.3515
vn -0.9255 -0.2985 0.2331
vn -0.9433 -0.3021 -0.1374
vn 0.8044 -0.1006 0.5855
vn 0.5903 -0.2299 0.7738
vn 0.0000 -0.2975 0.9547
vn 0.3938 0.0566 0.9174
vn 0.0000 0.0631 0.9980
vn 0.7774 0.0665 0.6255
vn -0.9950 -0.0720 0.0696
vn -0.9637 -0.2022 -0.1742
vn -0.7766 -0.6123 -0.1484
vn -0.7177 -0.6790 -0.1541
vn -0.4882 -0.8538 -0.1805
vn 0.0000 -0.9792 -0.2031
vn 0.4888 -0.8535 -0.1805
vn 0.7183 -0.6784 -0.1541
vn 0.7766 -0.6122 -0.1484
vn -0.9645 -0.2083 -0.1621
vn -0.9975 -0.0639 0.0298
vn -0.8082 0.0150 0.5887
vn 0.8082 0.0150 0.5887
vn 0.9975 -0.0639 0.0298
vn 0.0000 0.0980 0.9952
vn 0.3174 0.0678 0.9459
vn -0.3173 0.0679 0.9459
vn 0.9646 -0.2081 -0.1618
vn 0.8535 -0.3670 -0.3700
vn 0.0000 -0.7173 -0.6967
vn -0.8533 -0.3671 -0.3701
usemtl DarkPorple
s 1
f 2866/3236/1633 2854/3237/1634 2856/3238/1635 2870/3239/1636
f 2870/3239/1636 2856/3238/1635 2858/3240/1637 2874/3241/1638
f 2967/3242/1639 2935/3243/1640 2912/3244/1641 2961/3245/1642
f 2952/3246/1643 2933/3247/1644 2911/3248/1645 2946/3249/1646
f 2882/3250/1647 2861/3251/1648 2863/3252/1649 2886/3253/1650
f 2886/3253/1650 2863/3252/1649 2865/3254/1651 2890/3255/1652
f 2902/3256/1653 2901/3257/1654 2894/3258/1655 2895/3259/1656
f 2862/3260/1657 2889/3261/1658 2893/3262/1659 2864/3263/1660
f 2889/3261/1658 2888/3264/1661 2892/3265/1662 2893/3262/1659
f 2888/3264/1661 2887/3266/1663 2891/3267/1662 2892/3265/1662
f 2887/3266/1663 2886/3253/1650 2890/3255/1652 2891/3267/1662
f 2860/3268/1664 2885/3269/1665 2889/3261/1658 2862/3260/1657
f 2885/3269/1665 2884/3270/1666 2888/3264/1661 2889/3261/1658
f 2884/3270/1666 2883/3271/1667 2887/3266/1663 2888/3264/1661
f 2883/3271/1667 2882/3250/1647 2886/3253/1650 2887/3266/1663
f 2953/3272/1668 2954/3273/1669 2885/3269/1665 2860/3268/1664
f 2954/3273/1669 2955/3274/1670 2884/3270/1666 2885/3269/1665
f 2955/3274/1670 2956/3275/1671 2883/3271/1667 2884/3270/1666
f 2956/3275/1671 2957/3276/1672 2882/3250/1647 2883/3271/1667
f 2938/3277/1673 2939/3278/1674 2881/3279/1675 2859/3280/1676
f 2939/3278/1674 2940/3281/1677 2880/3282/1678 2881/3279/1675
f 2940/3281/1677 2941/3283/1679 2879/3284/1680 2880/3282/1678
f 2941/3283/1679 2942/3285/1681 2878/3286/1682 2879/3284/1680
f 2855/3287/1683 2873/3288/1684 2877/3289/1685 2857/3290/1686
f 2873/3288/1684 2872/3291/1687 2876/3292/1688 2877/3289/1685
f 2872/3291/1687 2871/3293/1689 2875/3294/1690 2876/3292/1688
f 2871/3293/1689 2870/3239/1636 2874/3241/1638 2875/3294/1690
f 2853/3295/1691 2869/3296/1692 2873/3288/1684 2855/3287/1683
f 2869/3296/1692 2868/3297/1693 2872/3291/1687 2873/3288/1684
f 2868/3297/1693 2867/3298/1693 2871/3293/1689 2872/3291/1687
f 2867/3298/1693 2866/3236/1633 2870/3239/1636 2871/3293/1689
f 2903/3299/1694 2904/3300/1695 2899/3301/1696 2900/3302/1697
f 2904/3300/1695 2905/3303/1698 2898/3304/1699 2899/3301/1696
f 2959/3305/1700 2906/3306/1701 2897/3307/1702 2958/3308/1703
f 2944/3309/1704 2907/3310/1705 2896/3311/1706 2943/3312/1707
f 2907/3310/1705 2902/3256/1653 2895/3259/1656 2896/3311/1706
f 2858/3240/1637 2856/3238/1635 2902/3256/1653 2907/3310/1705
f 2933/3247/1644 2930/3313/1708 2909/3314/1709 2911/3248/1645
f 2966/3315/1710 2931/3316/1711 2914/3317/1712 2962/3318/1713
f 2863/3252/1649 2861/3251/1648 2905/3303/1698 2904/3300/1695
f 2865/3254/1651 2863/3252/1649 2904/3300/1695 2903/3299/1694
f 2856/3238/1635 2854/3237/1634 2901/3257/1654 2902/3256/1653
f 2946/3249/1646 2945/3319/1714 2908/3320/1715 2912/3244/1641
f 2961/3245/1642 2960/3321/1716 2910/3322/1717 2913/3323/1718
f 2945/3319/1714 2909/3314/1709 2916/3324/1719 2947/3325/1720
f 2960/3321/1716 2908/3320/1715 2915/3326/1721 2962/3318/1713
f 2951/3327/1722 2934/3328/1723 2915/3326/1721 2947/3325/1720
f 2930/3313/1708 2937/3329/1724 2916/3324/1719 2909/3314/1709
f 2931/3316/1711 2932/3330/1725 2910/3322/1717 2914/3317/1712
f 2932/3330/1725 2936/3331/1726 2913/3323/1718 2910/3322/1717
f 2862/3260/1657 2864/3263/1660 2921/3332/1727
f 2860/3268/1664 2862/3260/1657 2921/3332/1727 2920/3333/1728
f 2953/3272/1668 2860/3268/1664 2920/3333/1728 2963/3334/1729
f 2938/3277/1673 2859/3280/1676 2919/3335/1730 2948/3336/1731
f 2855/3287/1683 2857/3290/1686 2918/3337/1732 2917/3338/1733
f 2855/3287/1683 2917/3338/1733 2853/3295/1691
f 2861/3251/1648 2882/3250/1647 2927/3339/1734 2929/3340/1735
f 2905/3303/1698 2861/3251/1648 2929/3340/1735 2925/3341/1736
f 2858/3240/1637 2907/3310/1705 2928/3342/1737 2923/3343/1738
f 2944/3309/1704 2906/3306/1701 2924/3344/1739 2949/3345/1740
f 2959/3305/1700 2905/3303/1698 2925/3341/1736 2964/3346/1741
f 2874/3241/1638 2858/3240/1637 2923/3343/1738 2922/3347/1742
f 2942/3285/1681 2874/3241/1638 2922/3347/1742 2950/3348/1743
f 2957/3276/1672 2878/3286/1682 2926/3349/1744 2965/3350/1745
f 2929/3340/1735 2927/3339/1734 2936/3331/1726 2932/3330/1725
f 2925/3341/1736 2929/3340/1735 2932/3330/1725 2931/3316/1711
f 2923/3343/1738 2928/3342/1737 2937/3329/1724 2930/3313/1708
f 2949/3345/1740 2924/3344/1739 2934/3328/1723 2951/3327/1722
f 2964/3346/1741 2925/3341/1736 2931/3316/1711 2966/3315/1710
f 2922/3347/1742 2923/3343/1738 2930/3313/1708 2933/3247/1644
f 2950/3348/1743 2922/3347/1742 2933/3247/1644 2952/3246/1643
f 2965/3350/1745 2926/3349/1744 2935/3243/1640 2967/3242/1639
f 2926/3349/1744 2950/3348/1743 2952/3246/1643 2935/3243/1640
f 2928/3342/1737 2949/3345/1740 2951/3327/1722 2937/3329/1724
f 2878/3286/1682 2942/3285/1681 2950/3348/1743 2926/3349/1744
f 2907/3310/1705 2944/3309/1704 2949/3345/1740 2928/3342/1737
f 2857/3290/1686 2938/3277/1673 2948/3336/1731 2918/3337/1732
f 2937/3329/1724 2951/3327/1722 2947/3325/1720 2916/3324/1719
f 2908/3320/1715 2945/3319/1714 2947/3325/1720 2915/3326/1721
f 2911/3248/1645 2909/3314/1709 2945/3319/1714 2946/3249/1646
f 2906/3306/1701 2944/3309/1704 2943/3312/1707 2897/3307/1702
f 2875/3294/1690 2874/3241/1638 2942/3285/1681 2941/3283/1679
f 2876/3292/1688 2875/3294/1690 2941/3283/1679 2940/3281/1677
f 2877/3289/1685 2876/3292/1688 2940/3281/1677 2939/3278/1674
f 2857/3290/1686 2877/3289/1685 2939/3278/1674 2938/3277/1673
f 2935/3243/1640 2952/3246/1643 2946/3249/1646 2912/3244/1641
f 2927/3339/1734 2965/3350/1745 2967/3242/1639 2936/3331/1726
f 2924/3344/1739 2964/3346/1741 2966/3315/1710 2934/3328/1723
f 2882/3250/1647 2957/3276/1672 2965/3350/1745 2927/3339/1734
f 2906/3306/1701 2959/3305/1700 2964/3346/1741 2924/3344/1739
f 2859/3280/1676 2953/3272/1668 2963/3334/1729 2919/3335/1730
f 2910/3322/1717 2960/3321/1716 2962/3318/1713 2914/3317/1712
f 2912/3244/1641 2908/3320/1715 2960/3321/1716 2961/3245/1642
f 2934/3328/1723 2966/3315/1710 2962/3318/1713 2915/3326/1721
f 2905/3303/1698 2959/3305/1700 2958/3308/1703 2898/3304/1699
f 2879/3284/1680 2878/3286/1682 2957/3276/1672 2956/3275/1671
f 2880/3282/1678 2879/3284/1680 2956/3275/1671 2955/3274/1670
f 2881/3279/1675 2880/3282/1678 2955/3274/1670 2954/3273/1669
f 2859/3280/1676 2881/3279/1675 2954/3273/1669 2953/3272/1668
f 2936/3331/1726 2967/3242/1639 2961/3245/1642 2913/3323/1718
o Cylinder.007_Cylinder.009
v -0.000000 -0.044211 -0.799036
v -0.000000 -0.044211 -0.753387
v 0.106302 -0.079330 -0.799036
v 0.106302 -0.079330 -0.753387
v 0.184120 -0.175278 -0.799036
v 0.184120 -0.175278 -0.753387
v 0.197505 -0.306345 -0.799036
v 0.197505 -0.306345 -0.753387
v 0.171044 -0.437411 -0.799036
v 0.171044 -0.437411 -0.753387
v 0.106302 -0.503550 -0.799036
v 0.106302 -0.503550 -0.753387
v 0.000000 -0.575096 -0.799036
v 0.000000 -0.575096 -0.753387
v -0.106302 -0.503550 -0.799036
v -0.106302 -0.503550 -0.753387
v -0.171044 -0.437412 -0.799036
v -0.171044 -0.437412 -0.753387
v -0.197505 -0.306345 -0.799036
v -0.197505 -0.306345 -0.753387
v -0.184120 -0.175278 -0.799036
v -0.184120 -0.175278 -0.753387
v -0.106302 -0.079330 -0.799036
v -0.106302 -0.079330 -0.753387
v -0.000000 -0.044211 -0.793271
v 0.106302 -0.079330 -0.793271
v 0.184120 -0.175278 -0.793271
v 0.197505 -0.306345 -0.793271
v 0.171044 -0.437411 -0.793271
v 0.106302 -0.503550 -0.793271
v 0.000000 -0.575096 -0.793271
v -0.106302 -0.503550 -0.793271
v -0.171044 -0.437412 -0.793271
v -0.197505 -0.306345 -0.793271
v -0.184120 -0.175278 -0.793271
v -0.106302 -0.079330 -0.793271
v -0.000000 -0.044211 -0.761333
v 0.106302 -0.079330 -0.761333
v 0.184120 -0.175278 -0.761333
v 0.197505 -0.306345 -0.761333
v 0.171044 -0.437411 -0.761333
v 0.106302 -0.503550 -0.761333
v 0.000000 -0.575096 -0.761333
v -0.106302 -0.503550 -0.761333
v -0.171044 -0.437412 -0.761333
v -0.197505 -0.306345 -0.761333
v -0.184120 -0.175278 -0.761333
v -0.106302 -0.079330 -0.761333
vt 1.000000 0.912969
vt 1.000000 1.000000
vt 0.916667 1.000000
vt 0.916667 0.912969
vt 0.833333 1.000000
vt 0.833333 0.912969
vt 0.750000 1.000000
vt 0.750000 0.912969
vt 0.666667 1.000000
vt 0.666667 0.912969
vt 0.583333 1.000000
vt 0.583333 0.912969
vt 0.500000 1.000000
vt 0.500000 0.912969
vt 0.416667 1.000000
vt 0.416667 0.912969
vt 0.333333 1.000000
vt 0.333333 0.912969
vt 0.250000 1.000000
vt 0.250000 0.912969
vt 0.166667 1.000000
vt 0.166667 0.912969
vt 0.370000 0.457846
vt 0.250000 0.490000
vt 0.130000 0.457846
vt 0.042154 0.370000
vt 0.010000 0.250000
vt 0.042154 0.130000
vt 0.130000 0.042154
vt 0.250000 0.010000
vt 0.370000 0.042154
vt 0.457846 0.130000
vt 0.490000 0.250000
vt 0.457846 0.370000
vt 0.083333 1.000000
vt 0.083333 0.912969
vt 0.000000 1.000000
vt 0.000000 0.912969
vt 0.750000 0.490000
vt 0.870000 0.457846
vt 0.957846 0.370000
vt 0.990000 0.250000
vt 0.957846 0.130000
vt 0.870000 0.042154
vt 0.750000 0.010000
vt 0.630000 0.042154
vt 0.542154 0.130000
vt 0.510000 0.250000
vt 0.542154 0.370000
vt 0.630000 0.457846
vt 0.083333 0.500000
vt 0.083333 0.563144
vt 0.000000 0.563144
vt 0.000000 0.500000
vt 0.166667 0.500000
vt 0.166667 0.563144
vt 0.250000 0.500000
vt 0.250000 0.563144
vt 0.333333 0.500000
vt 0.333333 0.563144
vt 0.416667 0.500000
vt 0.416667 0.563144
vt 0.500000 0.500000
vt 0.500000 0.563144
vt 0.583333 0.500000
vt 0.583333 0.563144
vt 0.666667 0.500000
vt 0.666667 0.563144
vt 0.750000 0.500000
vt 0.750000 0.563144
vt 0.833333 0.500000
vt 0.833333 0.563144
vt 0.916667 0.500000
vt 0.916667 0.563144
vt 1.000000 0.500000
vt 1.000000 0.563144
vn 0.0000 1.0000 0.0000
vn 0.0000 0.7660 0.6428
vn 0.4322 0.6261 0.6489
vn 0.5681 0.8229 0.0000
vn 0.7039 0.2907 0.6481
vn 0.9243 0.3817 0.0000
vn 0.7371 -0.0359 0.6749
vn 0.9988 -0.0487 0.0000
vn 0.6727 -0.3562 0.6484
vn 0.8837 -0.4679 0.0000
vn 0.4661 -0.5600 0.6849
vn 0.6398 -0.7685 0.0000
vn 0.0000 -0.7997 0.6004
vn 0.0000 -1.0000 0.0000
vn -0.4661 -0.5600 0.6849
vn -0.6398 -0.7685 0.0000
vn -0.6727 -0.3562 0.6484
vn -0.8837 -0.4679 0.0000
vn -0.7371 -0.0359 0.6749
vn -0.9988 -0.0487 0.0000
vn -0.7039 0.2907 0.6481
vn -0.9243 0.3817 0.0000
vn -0.4322 0.6261 0.6489
vn -0.5681 0.8229 0.0000
vn 0.0000 0.7660 -0.6428
vn 0.4322 0.6261 -0.6489
vn 0.7039 0.2907 -0.6481
vn 0.7371 -0.0359 -0.6749
vn 0.6727 -0.3562 -0.6484
vn 0.4661 -0.5600 -0.6849
vn 0.0000 -0.7997 -0.6004
vn -0.4661 -0.5600 -0.6849
vn -0.6727 -0.3562 -0.6484
vn -0.7371 -0.0359 -0.6749
vn -0.7039 0.2907 -0.6481
vn -0.4322 0.6261 -0.6489
usemtl Gold
s 1
f 3004/3351/1746 2969/3352/1747 2971/3353/1748 3005/3354/1749
f 3005/3354/1749 2971/3353/1748 2973/3355/1750 3006/3356/1751
f 3006/3356/1751 2973/3355/1750 2975/3357/1752 3007/3358/1753
f 3007/3358/1753 2975/3357/1752 2977/3359/1754 3008/3360/1755
f 3008/3360/1755 2977/3359/1754 2979/3361/1756 3009/3362/1757
f 3009/3362/1757 2979/3361/1756 2981/3363/1758 3010/3364/1759
f 3010/3364/1759 2981/3363/1758 2983/3365/1760 3011/3366/1761
f 3011/3366/1761 2983/3365/1760 2985/3367/1762 3012/3368/1763
f 3012/3368/1763 2985/3367/1762 2987/3369/1764 3013/3370/1765
f 3013/3370/1765 2987/3369/1764 2989/3371/1766 3014/3372/1767
f 2971/3373/1748 2969/3374/1747 2991/3375/1768 2989/3376/1766 2987/3377/1764 2985/3378/1762 2983/3379/1760 2981/3380/1758 2979/3381/1756 2977/3382/1754 2975/3383/1752 2973/3384/1750
f 3014/3372/1767 2989/3371/1766 2991/3385/1768 3015/3386/1769
f 3015/3386/1769 2991/3385/1768 2969/3387/1747 3004/3388/1746
f 2968/3389/1770 2970/3390/1771 2972/3391/1772 2974/3392/1773 2976/3393/1774 2978/3394/1775 2980/3395/1776 2982/3396/1777 2984/3397/1778 2986/3398/1779 2988/3399/1780 2990/3400/1781
f 2990/3401/1781 3003/3402/1769 2992/3403/1746 2968/3404/1770
f 2988/3405/1780 3002/3406/1767 3003/3402/1769 2990/3401/1781
f 2986/3407/1779 3001/3408/1765 3002/3406/1767 2988/3405/1780
f 2984/3409/1778 3000/3410/1763 3001/3408/1765 2986/3407/1779
f 2982/3411/1777 2999/3412/1761 3000/3410/1763 2984/3409/1778
f 2980/3413/1776 2998/3414/1759 2999/3412/1761 2982/3411/1777
f 2978/3415/1775 2997/3416/1757 2998/3414/1759 2980/3413/1776
f 2976/3417/1774 2996/3418/1755 2997/3416/1757 2978/3415/1775
f 2974/3419/1773 2995/3420/1753 2996/3418/1755 2976/3417/1774
f 2972/3421/1772 2994/3422/1751 2995/3420/1753 2974/3419/1773
f 2970/3423/1771 2993/3424/1749 2994/3422/1751 2972/3421/1772
f 2968/3425/1770 2992/3426/1746 2993/3424/1749 2970/3423/1771
f 3003/3402/1769 3015/3386/1769 3004/3388/1746 2992/3403/1746
f 3002/3406/1767 3014/3372/1767 3015/3386/1769 3003/3402/1769
f 3001/3408/1765 3013/3370/1765 3014/3372/1767 3002/3406/1767
f 3000/3410/1763 3012/3368/1763 3013/3370/1765 3001/3408/1765
f 2999/3412/1761 3011/3366/1761 3012/3368/1763 3000/3410/1763
f 2998/3414/1759 3010/3364/1759 3011/3366/1761 2999/3412/1761
f 2997/3416/1757 3009/3362/1757 3010/3364/1759 2998/3414/1759
f 2996/3418/1755 3008/3360/1755 3009/3362/1757 2997/3416/1757
f 2995/3420/1753 3007/3358/1753 3008/3360/1755 2996/3418/1755
f 2994/3422/1751 3006/3356/1751 3007/3358/1753 2995/3420/1753
f 2993/3424/1749 3005/3354/1749 3006/3356/1751 2994/3422/1751
f 2992/3426/1746 3004/3351/1746 3005/3354/1749 2993/3424/1749
o Cylinder.008_Cylinder.010
v -0.000000 -0.044211 -1.314711
v -0.000000 -0.044211 -1.269061
v 0.106302 -0.079330 -1.314711
v 0.106302 -0.079330 -1.269061
v 0.184120 -0.175278 -1.314711
v 0.184120 -0.175278 -1.269061
v 0.197505 -0.306345 -1.314711
v 0.197505 -0.306345 -1.269061
v 0.171044 -0.437411 -1.314711
v 0.171044 -0.437411 -1.269061
v 0.106302 -0.503550 -1.314711
v 0.106302 -0.503550 -1.269061
v 0.000000 -0.575096 -1.314711
v 0.000000 -0.575096 -1.269061
v -0.106302 -0.503550 -1.314711
v -0.106302 -0.503550 -1.269061
v -0.171044 -0.437412 -1.314711
v -0.171044 -0.437412 -1.269061
v -0.197505 -0.306345 -1.314711
v -0.197505 -0.306345 -1.269061
v -0.184120 -0.175278 -1.314711
v -0.184120 -0.175278 -1.269061
v -0.106302 -0.079330 -1.314711
v -0.106302 -0.079330 -1.269061
v -0.000000 -0.044211 -1.308946
v 0.106302 -0.079330 -1.308946
v 0.184120 -0.175278 -1.308946
v 0.197505 -0.306345 -1.308946
v 0.171044 -0.437411 -1.308946
v 0.106302 -0.503550 -1.308946
v 0.000000 -0.575096 -1.308946
v -0.106302 -0.503550 -1.308946
v -0.171044 -0.437412 -1.308946
v -0.197505 -0.306345 -1.308946
v -0.184120 -0.175278 -1.308946
v -0.106302 -0.079330 -1.308946
v -0.000000 -0.044211 -1.277007
v 0.106302 -0.079330 -1.277007
v 0.184120 -0.175278 -1.277007
v 0.197505 -0.306345 -1.277007
v 0.171044 -0.437411 -1.277007
v 0.106302 -0.503550 -1.277007
v 0.000000 -0.575096 -1.277007
v -0.106302 -0.503550 -1.277007
v -0.171044 -0.437412 -1.277007
v -0.197505 -0.306345 -1.277007
v -0.184120 -0.175278 -1.277007
v -0.106302 -0.079330 -1.277007
vt 1.000000 0.912969
vt 1.000000 1.000000
vt 0.916667 1.000000
vt 0.916667 0.912969
vt 0.833333 1.000000
vt 0.833333 0.912969
vt 0.750000 1.000000
vt 0.750000 0.912969
vt 0.666667 1.000000
vt 0.666667 0.912969
vt 0.583333 1.000000
vt 0.583333 0.912969
vt 0.500000 1.000000
vt 0.500000 0.912969
vt 0.416667 1.000000
vt 0.416667 0.912969
vt 0.333333 1.000000
vt 0.333333 0.912969
vt 0.250000 1.000000
vt 0.250000 0.912969
vt 0.166667 1.000000
vt 0.166667 0.912969
vt 0.370000 0.457846
vt 0.250000 0.490000
vt 0.130000 0.457846
vt 0.042154 0.370000
vt 0.010000 0.250000
vt 0.042154 0.130000
vt 0.130000 0.042154
vt 0.250000 0.010000
vt 0.370000 0.042154
vt 0.457846 0.130000
vt 0.490000 0.250000
vt 0.457846 0.370000
vt 0.083333 1.000000
vt 0.083333 0.912969
vt 0.000000 1.000000
vt 0.000000 0.912969
vt 0.750000 0.490000
vt 0.870000 0.457846
vt 0.957846 0.370000
vt 0.990000 0.250000
vt 0.957846 0.130000
vt 0.870000 0.042154
vt 0.750000 0.010000
vt 0.630000 0.042154
vt 0.542154 0.130000
vt 0.510000 0.250000
vt 0.542154 0.370000
vt 0.630000 0.457846
vt 0.083333 0.500000
vt 0.083333 0.563144
vt 0.000000 0.563144
vt 0.000000 0.500000
vt 0.166667 0.500000
vt 0.166667 0.563144
vt 0.250000 0.500000
vt 0.250000 0.563144
vt 0.333333 0.500000
vt 0.333333 0.563144
vt 0.416667 0.500000
vt 0.416667 0.563144
vt 0.500000 0.500000
vt 0.500000 0.563144
vt 0.583333 0.500000
vt 0.583333 0.563144
vt 0.666667 0.500000
vt 0.666667 0.563144
vt 0.750000 0.500000
vt 0.750000 0.563144
vt 0.833333 0.500000
vt 0.833333 0.563144
vt 0.916667 0.500000
vt 0.916667 0.563144
vt 1.000000 0.500000
vt 1.000000 0.563144
vn 0.0000 1.0000 0.0000
vn 0.0000 0.7660 0.6428
vn 0.4322 0.6261 0.6489
vn 0.5681 0.8229 0.0000
vn 0.7039 0.2907 0.6481
vn 0.9243 0.3817 0.0000
vn 0.7371 -0.0359 0.6749
vn 0.9988 -0.0487 0.0000
vn 0.6727 -0.3562 0.6484
vn 0.8837 -0.4679 0.0000
vn 0.4661 -0.5600 0.6849
vn 0.6398 -0.7685 0.0000
vn 0.0000 -0.7997 0.6004
vn 0.0000 -1.0000 0.0000
vn -0.4661 -0.5600 0.6849
vn -0.6398 -0.7685 0.0000
vn -0.6727 -0.3562 0.6484
vn -0.8837 -0.4679 0.0000
vn -0.7371 -0.0359 0.6749
vn -0.9988 -0.0487 0.0000
vn -0.7039 0.2907 0.6481
vn -0.9243 0.3817 0.0000
vn -0.4322 0.6261 0.6489
vn -0.5681 0.8229 0.0000
vn 0.0000 0.7660 -0.6428
vn 0.4322 0.6261 -0.6489
vn 0.7039 0.2907 -0.6481
vn 0.7371 -0.0359 -0.6749
vn 0.6727 -0.3562 -0.6485
vn 0.4661 -0.5600 -0.6849
vn 0.0000 -0.7997 -0.6004
vn -0.4661 -0.5600 -0.6849
vn -0.6727 -0.3562 -0.6484
vn -0.7371 -0.0359 -0.6749
vn -0.7039 0.2907 -0.6481
vn -0.4322 0.6261 -0.6489
usemtl Gold
s 1
f 3052/3427/1782 3017/3428/1783 3019/3429/1784 3053/3430/1785
f 3053/3430/1785 3019/3429/1784 3021/3431/1786 3054/3432/1787
f 3054/3432/1787 3021/3431/1786 3023/3433/1788 3055/3434/1789
f 3055/3434/1789 3023/3433/1788 3025/3435/1790 3056/3436/1791
f 3056/3436/1791 3025/3435/1790 3027/3437/1792 3057/3438/1793
f 3057/3438/1793 3027/3437/1792 3029/3439/1794 3058/3440/1795
f 3058/3440/1795 3029/3439/1794 3031/3441/1796 3059/3442/1797
f 3059/3442/1797 3031/3441/1796 3033/3443/1798 3060/3444/1799
f 3060/3444/1799 3033/3443/1798 3035/3445/1800 3061/3446/1801
f 3061/3446/1801 3035/3445/1800 3037/3447/1802 3062/3448/1803
f 3019/3449/1784 3017/3450/1783 3039/3451/1804 3037/3452/1802 3035/3453/1800 3033/3454/1798 3031/3455/1796 3029/3456/1794 3027/3457/1792 3025/3458/1790 3023/3459/1788 3021/3460/1786
f 3062/3448/1803 3037/3447/1802 3039/3461/1804 3063/3462/1805
f 3063/3462/1805 3039/3461/1804 3017/3463/1783 3052/3464/1782
f 3016/3465/1806 3018/3466/1807 3020/3467/1808 3022/3468/1809 3024/3469/1810 3026/3470/1811 3028/3471/1812 3030/3472/1813 3032/3473/1814 3034/3474/1815 3036/3475/1816 3038/3476/1817
f 3038/3477/1817 3051/3478/1805 3040/3479/1782 3016/3480/1806
f 3036/3481/1816 3050/3482/1803 3051/3478/1805 3038/3477/1817
f 3034/3483/1815 3049/3484/1801 3050/3482/1803 3036/3481/1816
f 3032/3485/1814 3048/3486/1799 3049/3484/1801 3034/3483/1815
f 3030/3487/1813 3047/3488/1797 3048/3486/1799 3032/3485/1814
f 3028/3489/1812 3046/3490/1795 3047/3488/1797 3030/3487/1813
f 3026/3491/1811 3045/3492/1793 3046/3490/1795 3028/3489/1812
f 3024/3493/1810 3044/3494/1791 3045/3492/1793 3026/3491/1811
f 3022/3495/1809 3043/3496/1789 3044/3494/1791 3024/3493/1810
f 3020/3497/1808 3042/3498/1787 3043/3496/1789 3022/3495/1809
f 3018/3499/1807 3041/3500/1785 3042/3498/1787 3020/3497/1808
f 3016/3501/1806 3040/3502/1782 3041/3500/1785 3018/3499/1807
f 3051/3478/1805 3063/3462/1805 3052/3464/1782 3040/3479/1782
f 3050/3482/1803 3062/3448/1803 3063/3462/1805 3051/3478/1805
f 3049/3484/1801 3061/3446/1801 3062/3448/1803 3050/3482/1803
f 3048/3486/1799 3060/3444/1799 3061/3446/1801 3049/3484/1801
f 3047/3488/1797 3059/3442/1797 3060/3444/1799 3048/3486/1799
f 3046/3490/1795 3058/3440/1795 3059/3442/1797 3047/3488/1797
f 3045/3492/1793 3057/3438/1793 3058/3440/1795 3046/3490/1795
f 3044/3494/1791 3056/3436/1791 3057/3438/1793 3045/3492/1793
f 3043/3496/1789 3055/3434/1789 3056/3436/1791 3044/3494/1791
f 3042/3498/1787 3054/3432/1787 3055/3434/1789 3043/3496/1789
f 3041/3500/1785 3053/3430/1785 3054/3432/1787 3042/3498/1787
f 3040/3502/1782 3052/3427/1782 3053/3430/1785 3041/3500/1785
o Cylinder.009_Cylinder.012
v -0.000000 -0.044211 -0.296186
v -0.000000 -0.044211 -0.250537
v 0.106302 -0.079330 -0.296186
v 0.106302 -0.079330 -0.250537
v 0.184120 -0.175278 -0.296186
v 0.184120 -0.175278 -0.250537
v 0.197505 -0.306345 -0.296186
v 0.197505 -0.306345 -0.250537
v 0.171044 -0.437411 -0.296186
v 0.171044 -0.437411 -0.250537
v 0.106302 -0.503550 -0.296186
v 0.106302 -0.503550 -0.250537
v 0.000000 -0.575096 -0.296186
v 0.000000 -0.575096 -0.250537
v -0.106302 -0.503550 -0.296186
v -0.106302 -0.503550 -0.250537
v -0.171044 -0.437412 -0.296186
v -0.171044 -0.437412 -0.250537
v -0.197505 -0.306345 -0.296186
v -0.197505 -0.306345 -0.250537
v -0.184120 -0.175278 -0.296186
v -0.184120 -0.175278 -0.250537
v -0.106302 -0.079330 -0.296186
v -0.106302 -0.079330 -0.250537
v -0.000000 -0.044211 -0.290421
v 0.106302 -0.079330 -0.290421
v 0.184120 -0.175278 -0.290421
v 0.197505 -0.306345 -0.290421
v 0.171044 -0.437411 -0.290421
v 0.106302 -0.503550 -0.290421
v 0.000000 -0.575096 -0.290421
v -0.106302 -0.503550 -0.290421
v -0.171044 -0.437412 -0.290421
v -0.197505 -0.306345 -0.290421
v -0.184120 -0.175278 -0.290421
v -0.106302 -0.079330 -0.290421
v -0.000000 -0.044211 -0.258483
v 0.106302 -0.079330 -0.258483
v 0.184120 -0.175278 -0.258483
v 0.197505 -0.306345 -0.258483
v 0.171044 -0.437411 -0.258483
v 0.106302 -0.503550 -0.258483
v 0.000000 -0.575096 -0.258483
v -0.106302 -0.503550 -0.258483
v -0.171044 -0.437412 -0.258483
v -0.197505 -0.306345 -0.258483
v -0.184120 -0.175278 -0.258483
v -0.106302 -0.079330 -0.258483
vt 1.000000 0.912969
vt 1.000000 1.000000
vt 0.916667 1.000000
vt 0.916667 0.912969
vt 0.833333 1.000000
vt 0.833333 0.912969
vt 0.750000 1.000000
vt 0.750000 0.912969
vt 0.666667 1.000000
vt 0.666667 0.912969
vt 0.583333 1.000000
vt 0.583333 0.912969
vt 0.500000 1.000000
vt 0.500000 0.912969
vt 0.416667 1.000000
vt 0.416667 0.912969
vt 0.333333 1.000000
vt 0.333333 0.912969
vt 0.250000 1.000000
vt 0.250000 0.912969
vt 0.166667 1.000000
vt 0.166667 0.912969
vt 0.370000 0.457846
vt 0.250000 0.490000
vt 0.130000 0.457846
vt 0.042154 0.370000
vt 0.010000 0.250000
vt 0.042154 0.130000
vt 0.130000 0.042154
vt 0.250000 0.010000
vt 0.370000 0.042154
vt 0.457846 0.130000
vt 0.490000 0.250000
vt 0.457846 0.370000
vt 0.083333 1.000000
vt 0.083333 0.912969
vt 0.000000 1.000000
vt 0.000000 0.912969
vt 0.750000 0.490000
vt 0.870000 0.457846
vt 0.957846 0.370000
vt 0.990000 0.250000
vt 0.957846 0.130000
vt 0.870000 0.042154
vt 0.750000 0.010000
vt 0.630000 0.042154
vt 0.542154 0.130000
vt 0.510000 0.250000
vt 0.542154 0.370000
vt 0.630000 0.457846
vt 0.083333 0.500000
vt 0.083333 0.563144
vt 0.000000 0.563144
vt 0.000000 0.500000
vt 0.166667 0.500000
vt 0.166667 0.563144
vt 0.250000 0.500000
vt 0.250000 0.563144
vt 0.333333 0.500000
vt 0.333333 0.563144
vt 0.416667 0.500000
vt 0.416667 0.563144
vt 0.500000 0.500000
vt 0.500000 0.563144
vt 0.583333 0.500000
vt 0.583333 0.563144
vt 0.666667 0.500000
vt 0.666667 0.563144
vt 0.750000 0.500000
vt 0.750000 0.563144
vt 0.833333 0.500000
vt 0.833333 0.563144
vt 0.916667 0.500000
vt 0.916667 0.563144
vt 1.000000 0.500000
vt 1.000000 0.563144
vn 0.0000 1.0000 0.0000
vn 0.0000 0.7660 0.6428
vn 0.4322 0.6261 0.6489
vn 0.5681 0.8229 0.0000
vn 0.7039 0.2907 0.6481
vn 0.9243 0.3817 0.0000
vn 0.7371 -0.0359 0.6749
vn 0.9988 -0.0487 0.0000
vn 0.6727 -0.3562 0.6485
vn 0.8837 -0.4679 0.0000
vn 0.4661 -0.5600 0.6849
vn 0.6398 -0.7685 0.0000
vn 0.0000 -0.7997 0.6004
vn 0.0000 -1.0000 0.0000
vn -0.4661 -0.5600 0.6849
vn -0.6398 -0.7685 0.0000
vn -0.6727 -0.3562 0.6484
vn -0.8837 -0.4679 0.0000
vn -0.7371 -0.0359 0.6749
vn -0.9988 -0.0487 0.0000
vn -0.7039 0.2907 0.6481
vn -0.9243 0.3817 0.0000
vn -0.4322 0.6261 0.6489
vn -0.5681 0.8229 0.0000
vn 0.0000 0.7660 -0.6428
vn 0.4322 0.6261 -0.6489
vn 0.7039 0.2907 -0.6481
vn 0.7371 -0.0359 -0.6749
vn 0.6727 -0.3562 -0.6485
vn 0.4661 -0.5600 -0.6849
vn 0.0000 -0.7997 -0.6004
vn -0.4661 -0.5600 -0.6849
vn -0.6727 -0.3562 -0.6484
vn -0.7371 -0.0359 -0.6749
vn -0.7039 0.2907 -0.6481
vn -0.4322 0.6261 -0.6489
usemtl Gold
s 1
f 3100/3503/1818 3065/3504/1819 3067/3505/1820 3101/3506/1821
f 3101/3506/1821 3067/3505/1820 3069/3507/1822 3102/3508/1823
f 3102/3508/1823 3069/3507/1822 3071/3509/1824 3103/3510/1825
f 3103/3510/1825 3071/3509/1824 3073/3511/1826 3104/3512/1827
f 3104/3512/1827 3073/3511/1826 3075/3513/1828 3105/3514/1829
f 3105/3514/1829 3075/3513/1828 3077/3515/1830 3106/3516/1831
f 3106/3516/1831 3077/3515/1830 3079/3517/1832 3107/3518/1833
f 3107/3518/1833 3079/3517/1832 3081/3519/1834 3108/3520/1835
f 3108/3520/1835 3081/3519/1834 3083/3521/1836 3109/3522/1837
f 3109/3522/1837 3083/3521/1836 3085/3523/1838 3110/3524/1839
f 3067/3525/1820 3065/3526/1819 3087/3527/1840 3085/3528/1838 3083/3529/1836 3081/3530/1834 3079/3531/1832 3077/3532/1830 3075/3533/1828 3073/3534/1826 3071/3535/1824 3069/3536/1822
f 3110/3524/1839 3085/3523/1838 3087/3537/1840 3111/3538/1841
f 3111/3538/1841 3087/3537/1840 3065/3539/1819 3100/3540/1818
f 3064/3541/1842 3066/3542/1843 3068/3543/1844 3070/3544/1845 3072/3545/1846 3074/3546/1847 3076/3547/1848 3078/3548/1849 3080/3549/1850 3082/3550/1851 3084/3551/1852 3086/3552/1853
f 3086/3553/1853 3099/3554/1841 3088/3555/1818 3064/3556/1842
f 3084/3557/1852 3098/3558/1839 3099/3554/1841 3086/3553/1853
f 3082/3559/1851 3097/3560/1837 3098/3558/1839 3084/3557/1852
f 3080/3561/1850 3096/3562/1835 3097/3560/1837 3082/3559/1851
f 3078/3563/1849 3095/3564/1833 3096/3562/1835 3080/3561/1850
f 3076/3565/1848 3094/3566/1831 3095/3564/1833 3078/3563/1849
f 3074/3567/1847 3093/3568/1829 3094/3566/1831 3076/3565/1848
f 3072/3569/1846 3092/3570/1827 3093/3568/1829 3074/3567/1847
f 3070/3571/1845 3091/3572/1825 3092/3570/1827 3072/3569/1846
f 3068/3573/1844 3090/3574/1823 3091/3572/1825 3070/3571/1845
f 3066/3575/1843 3089/3576/1821 3090/3574/1823 3068/3573/1844
f 3064/3577/1842 3088/3578/1818 3089/3576/1821 3066/3575/1843
f 3099/3554/1841 3111/3538/1841 3100/3540/1818 3088/3555/1818
f 3098/3558/1839 3110/3524/1839 3111/3538/1841 3099/3554/1841
f 3097/3560/1837 3109/3522/1837 3110/3524/1839 3098/3558/1839
f 3096/3562/1835 3108/3520/1835 3109/3522/1837 3097/3560/1837
f 3095/3564/1833 3107/3518/1833 3108/3520/1835 3096/3562/1835
f 3094/3566/1831 3106/3516/1831 3107/3518/1833 3095/3564/1833
f 3093/3568/1829 3105/3514/1829 3106/3516/1831 3094/3566/1831
f 3092/3570/1827 3104/3512/1827 3105/3514/1829 3093/3568/1829
f 3091/3572/1825 3103/3510/1825 3104/3512/1827 3092/3570/1827
f 3090/3574/1823 3102/3508/1823 3103/3510/1825 3091/3572/1825
f 3089/3576/1821 3101/3506/1821 3102/3508/1823 3090/3574/1823
f 3088/3578/1818 3100/3503/1818 3101/3506/1821 3089/3576/1821
o Cylinder.002_Cylinder.001
v 1.378667 -0.057664 -0.698683
v 1.441451 0.039950 -0.788340
v 1.378533 -0.129121 -0.305526
v 1.378533 -0.155277 0.000000
v 1.378533 -0.129121 0.305526
v 1.378533 -0.057664 0.529186
v 1.378533 0.039950 0.611051
v 1.378533 0.137563 0.529186
v 1.378533 0.209020 0.305526
v 1.378533 0.235176 0.000000
v 1.378533 0.209021 -0.305525
v 1.378667 0.137563 -0.698683
v 1.022418 0.039950 -1.206921
v 0.958085 -0.057664 -1.119398
v 0.957618 -0.129121 -0.305526
v 0.957618 -0.155277 0.000000
v 0.957618 -0.129121 0.305526
v 0.957618 -0.057664 0.529186
v 0.957618 0.039950 0.611051
v 0.957618 0.137563 0.529186
v 0.957618 0.209020 0.305526
v 0.957618 0.235176 0.000000
v 0.957618 0.209020 -0.305525
v 0.958085 0.137563 -1.119398
v 0.522880 -0.057664 -2.588684
v 0.490463 -0.129121 -0.305526
v 0.490463 -0.155277 0.000000
v 0.490463 -0.129121 0.305526
v 0.490463 -0.057664 0.529186
v 0.490463 0.039949 0.611051
v 0.490463 0.137563 0.529186
v 0.490463 0.209020 0.305526
v 0.490463 0.235176 0.000000
v 0.490463 0.209020 -0.305525
v 0.522880 0.137563 -2.588684
v 0.555856 0.039950 -2.686138
v -1.378667 -0.057664 -0.698683
v -1.441451 0.039950 -0.788340
v -1.378533 -0.129121 -0.305526
v -1.378533 -0.155277 0.000000
v -1.378533 -0.129121 0.305526
v -1.378533 -0.057664 0.529186
v -1.378533 0.039950 0.611051
v -1.378533 0.137563 0.529186
v -1.378533 0.209020 0.305526
v -1.378533 0.235176 0.000000
v -1.378533 0.209021 -0.305525
v -1.378667 0.137563 -0.698683
v -1.022418 0.039950 -1.206921
v -0.958085 -0.057664 -1.119398
v -0.957618 -0.129121 -0.305526
v -0.957618 -0.155277 0.000000
v -0.957618 -0.129121 0.305526
v -0.957618 -0.057664 0.529186
v -0.957618 0.039950 0.611051
v -0.957618 0.137563 0.529186
v -0.957618 0.209020 0.305526
v -0.957618 0.235176 0.000000
v -0.957618 0.209020 -0.305525
v -0.958085 0.137563 -1.119398
v -0.522880 -0.057664 -2.588684
v -0.490463 -0.129121 -0.305526
v -0.490463 -0.155277 0.000000
v -0.490463 -0.129121 0.305526
v -0.490463 -0.057664 0.529186
v -0.490463 0.039949 0.611051
v -0.490463 0.137563 0.529186
v -0.490463 0.209020 0.305526
v -0.490463 0.235176 0.000000
v -0.490463 0.209020 -0.305525
v -0.522880 0.137563 -2.588684
v -0.555856 0.039950 -2.686138
vt 0.083333 0.904643
vt 0.083333 0.972615
vt 0.000000 0.972615
vt 0.000000 0.904643
vt 0.166667 0.904643
vt 0.166667 0.972615
vt 0.250000 0.904643
vt 0.250000 0.972615
vt 0.333333 0.904643
vt 0.333333 0.972615
vt 0.416667 0.904643
vt 0.416667 0.972615
vt 0.500000 0.904643
vt 0.500000 0.972615
vt 0.583333 0.904643
vt 0.583333 0.972615
vt 0.666667 0.904643
vt 0.666667 0.972615
vt 0.750000 0.904643
vt 0.750000 0.972615
vt 0.833333 0.904643
vt 0.833333 0.972615
vt 0.916667 0.904643
vt 0.916667 0.972615
vt 1.000000 0.904643
vt 1.000000 0.972615
vt 1.000000 0.829203
vt 0.916667 0.829203
vt 0.833333 0.829203
vt 0.750000 0.829203
vt 0.666667 0.829203
vt 0.583333 0.829203
vt 0.500000 0.829203
vt 0.416667 0.829203
vt 0.333333 0.829203
vt 0.250000 0.829203
vt 0.166667 0.829203
vt 0.083333 0.829203
vt 0.000000 0.829203
vt 0.083333 0.904643
vt 0.000000 0.904643
vt 0.000000 0.972615
vt 0.083333 0.972615
vt 0.166667 0.904643
vt 0.166667 0.972615
vt 0.250000 0.904643
vt 0.250000 0.972615
vt 0.333333 0.904643
vt 0.333333 0.972615
vt 0.416667 0.904643
vt 0.416667 0.972615
vt 0.500000 0.904643
vt 0.500000 0.972615
vt 0.583333 0.904643
vt 0.583333 0.972615
vt 0.666667 0.904643
vt 0.666667 0.972615
vt 0.750000 0.904643
vt 0.750000 0.972615
vt 0.833333 0.904643
vt 0.833333 0.972615
vt 0.916667 0.904643
vt 0.916667 0.972615
vt 1.000000 0.904643
vt 1.000000 0.972615
vt 1.000000 0.829203
vt 0.916667 0.829203
vt 0.833333 0.829203
vt 0.750000 0.829203
vt 0.666667 0.829203
vt 0.583333 0.829203
vt 0.500000 0.829203
vt 0.416667 0.829203
vt 0.333333 0.829203
vt 0.250000 0.829203
vt 0.166667 0.829203
vt 0.083333 0.829203
vt 0.000000 0.829203
vn 0.3175 0.9238 -0.2139
vn 0.2273 0.9369 -0.2654
vn 0.7070 0.0000 -0.7072
vn 0.8869 0.0000 -0.4618
vn 0.0331 0.9959 -0.0833
vn 0.0293 0.9944 -0.1014
vn 0.0000 1.0000 0.0000
vn 0.0000 0.9806 0.1960
vn 0.0000 0.8303 0.5572
vn 0.0000 0.0000 1.0000
vn 0.0000 -0.8303 0.5572
vn 0.0000 -0.9806 0.1960
vn 0.0000 -1.0000 0.0000
vn 0.0331 -0.9959 -0.0833
vn 0.0293 -0.9944 -0.1014
vn 0.3175 -0.9238 -0.2139
vn 0.2273 -0.9369 -0.2654
vn 0.9563 0.0000 -0.2925
vn 0.7056 -0.6740 -0.2186
vn 0.0367 -0.9972 -0.0654
vn 0.0367 0.9972 -0.0654
vn 0.7056 0.6740 -0.2186
vn -0.3175 0.9238 -0.2139
vn -0.8869 0.0000 -0.4618
vn -0.7070 0.0000 -0.7072
vn -0.2273 0.9369 -0.2654
vn -0.0331 0.9959 -0.0833
vn -0.0293 0.9944 -0.1014
vn -0.0331 -0.9959 -0.0833
vn -0.0293 -0.9944 -0.1014
vn -0.3175 -0.9238 -0.2139
vn -0.2273 -0.9369 -0.2654
vn -0.9563 0.0000 -0.2925
vn -0.7056 -0.6740 -0.2186
vn -0.0367 -0.9972 -0.0654
vn -0.0367 0.9972 -0.0654
vn -0.7056 0.6740 -0.2186
usemtl DarkPorple.001
s 1
f 3135/3579/1854 3123/3580/1855 3113/3581/1856 3124/3582/1857
f 3134/3583/1858 3122/3584/1859 3123/3580/1855 3135/3579/1854
f 3133/3585/1860 3121/3586/1860 3122/3584/1859 3134/3583/1858
f 3132/3587/1861 3120/3588/1861 3121/3586/1860 3133/3585/1860
f 3131/3589/1862 3119/3590/1862 3120/3588/1861 3132/3587/1861
f 3130/3591/1863 3118/3592/1863 3119/3590/1862 3131/3589/1862
f 3129/3593/1864 3117/3594/1864 3118/3592/1863 3130/3591/1863
f 3128/3595/1865 3116/3596/1865 3117/3594/1864 3129/3593/1864
f 3127/3597/1866 3115/3598/1866 3116/3596/1865 3128/3595/1865
f 3126/3599/1867 3114/3600/1868 3115/3598/1866 3127/3597/1866
f 3125/3601/1869 3112/3602/1870 3114/3600/1868 3126/3599/1867
f 3124/3603/1857 3113/3604/1856 3112/3602/1870 3125/3601/1869
f 3147/3605/1871 3124/3603/1857 3125/3601/1869 3136/3606/1872
f 3136/3606/1872 3125/3601/1869 3126/3599/1867 3137/3607/1873
f 3137/3607/1873 3126/3599/1867 3127/3597/1866 3138/3608/1866
f 3138/3608/1866 3127/3597/1866 3128/3595/1865 3139/3609/1865
f 3139/3609/1865 3128/3595/1865 3129/3593/1864 3140/3610/1864
f 3140/3610/1864 3129/3593/1864 3130/3591/1863 3141/3611/1863
f 3141/3611/1863 3130/3591/1863 3131/3589/1862 3142/3612/1862
f 3142/3612/1862 3131/3589/1862 3132/3587/1861 3143/3613/1861
f 3143/3613/1861 3132/3587/1861 3133/3585/1860 3144/3614/1860
f 3144/3614/1860 3133/3585/1860 3134/3583/1858 3145/3615/1874
f 3145/3615/1874 3134/3583/1858 3135/3579/1854 3146/3616/1875
f 3146/3616/1875 3135/3579/1854 3124/3582/1857 3147/3617/1871
f 3171/3618/1876 3160/3619/1877 3149/3620/1878 3159/3621/1879
f 3170/3622/1880 3171/3618/1876 3159/3621/1879 3158/3623/1881
f 3169/3624/1860 3170/3622/1880 3158/3623/1881 3157/3625/1860
f 3168/3626/1861 3169/3624/1860 3157/3625/1860 3156/3627/1861
f 3167/3628/1862 3168/3626/1861 3156/3627/1861 3155/3629/1862
f 3166/3630/1863 3167/3628/1862 3155/3629/1862 3154/3631/1863
f 3165/3632/1864 3166/3630/1863 3154/3631/1863 3153/3633/1864
f 3164/3634/1865 3165/3632/1864 3153/3633/1864 3152/3635/1865
f 3163/3636/1866 3164/3634/1865 3152/3635/1865 3151/3637/1866
f 3162/3638/1882 3163/3636/1866 3151/3637/1866 3150/3639/1883
f 3161/3640/1884 3162/3638/1882 3150/3639/1883 3148/3641/1885
f 3160/3642/1877 3161/3640/1884 3148/3641/1885 3149/3643/1878
f 3183/3644/1886 3172/3645/1887 3161/3640/1884 3160/3642/1877
f 3172/3645/1887 3173/3646/1888 3162/3638/1882 3161/3640/1884
f 3173/3646/1888 3174/3647/1866 3163/3636/1866 3162/3638/1882
f 3174/3647/1866 3175/3648/1865 3164/3634/1865 3163/3636/1866
f 3175/3648/1865 3176/3649/1864 3165/3632/1864 3164/3634/1865
f 3176/3649/1864 3177/3650/1863 3166/3630/1863 3165/3632/1864
f 3177/3650/1863 3178/3651/1862 3167/3628/1862 3166/3630/1863
f 3178/3651/1862 3179/3652/1861 3168/3626/1861 3167/3628/1862
f 3179/3652/1861 3180/3653/1860 3169/3624/1860 3168/3626/1861
f 3180/3653/1860 3181/3654/1889 3170/3622/1880 3169/3624/1860
f 3181/3654/1889 3182/3655/1890 3171/3618/1876 3170/3622/1880
f 3182/3655/1890 3183/3656/1886 3160/3619/1877 3171/3618/1876
