# Blender v2.82 (sub 7) OBJ File: 'AlienStarfighter.blend'
# www.blender.org
mtllib AlienStarfighter7.mtl
o Cylinder
v -1.548112 -0.000000 -0.514235
v 1.548112 0.000000 -0.481216
v -1.548112 -0.094733 -0.445341
v 1.548112 -0.088650 -0.416746
v -1.548112 -0.164082 -0.257117
v 1.548112 -0.153546 -0.240608
v -1.548112 -0.189465 0.000000
v 1.548112 -0.177299 0.000000
v -1.548112 -0.164082 0.257118
v 1.548112 -0.153546 0.240608
v -1.548112 -0.094733 0.445341
v 1.548112 -0.088650 0.416746
v -1.548112 -0.000000 0.514235
v 1.548112 0.000000 0.481216
v -1.548112 0.094732 0.445341
v 1.548112 0.088650 0.416746
v -1.548112 0.164081 0.257118
v 1.548112 0.153546 0.240608
v -1.548112 0.189465 0.000000
v 1.548112 0.177300 0.000000
v -1.548112 0.164081 -0.257117
v 1.548112 0.153546 -0.240608
v -1.548112 0.094732 -0.445340
v 1.548112 0.088650 -0.416745
v -1.479496 -0.000000 -0.611051
v -1.479496 -0.112568 -0.529186
v -1.479496 -0.194973 -0.305526
v -1.479496 -0.225136 0.000000
v -1.479496 -0.194973 0.305526
v -1.479496 -0.112568 0.529186
v -1.479496 -0.000000 0.611051
v -1.479496 0.112568 0.529186
v -1.479496 0.194973 0.305526
v -1.479496 0.225136 0.000000
v -1.479496 0.194973 -0.305525
v -1.479496 0.112568 -0.529186
v 1.490003 0.000000 -0.611051
v 1.490003 -0.112568 -0.529186
v 1.490003 -0.194973 -0.305526
v 1.490003 -0.225136 0.000000
v 1.490003 -0.194973 0.305526
v 1.490003 -0.112568 0.529186
v 1.490003 0.000000 0.611051
v 1.490003 0.112568 0.529186
v 1.490003 0.194973 0.305526
v 1.490003 0.225136 0.000000
v 1.490003 0.194974 -0.305525
v 1.490003 0.112568 -0.529186
v -1.548112 -0.000000 -0.611051
v -1.548112 -0.112568 -0.529186
v -1.548112 -0.194973 -0.305526
v -1.548112 -0.225136 0.000000
v -1.548112 -0.194973 0.305526
v -1.548112 -0.112568 0.529186
v -1.548112 -0.000000 0.611051
v -1.548112 0.112568 0.529186
v -1.548112 0.194973 0.305526
v -1.548112 0.225136 0.000000
v -1.548112 0.194973 -0.305525
v -1.548112 0.112568 -0.529186
v 1.548112 -0.112568 -0.529186
v 1.548112 0.000000 -0.611051
v 1.548112 -0.194973 -0.305526
v 1.548112 -0.225136 0.000000
v 1.548112 -0.194973 0.305526
v 1.548112 -0.112568 0.529186
v 1.548112 0.000000 0.611051
v 1.548112 0.112568 0.529186
v 1.548112 0.194973 0.305526
v 1.548112 0.225136 0.000000
v 1.548112 0.194974 -0.305525
v 1.548112 0.112568 -0.529186
vt 1.000000 0.990616
vt 1.000000 1.000000
vt 0.916667 1.000000
vt 0.916667 0.990616
vt 0.833333 1.000000
vt 0.833333 0.990616
vt 0.750000 1.000000
vt 0.750000 0.990616
vt 0.666667 1.000000
vt 0.666667 0.990616
vt 0.583333 1.000000
vt 0.583333 0.990616
vt 0.500000 1.000000
vt 0.500000 0.990616
vt 0.416667 1.000000
vt 0.416667 0.990616
vt 0.333333 1.000000
vt 0.333333 0.990616
vt 0.250000 1.000000
vt 0.250000 0.990616
vt 0.166667 1.000000
vt 0.166667 0.990616
vt 0.344503 0.413683
vt 0.250000 0.439005
vt 0.155497 0.413683
vt 0.086316 0.344503
vt 0.060995 0.250000
vt 0.086317 0.155497
vt 0.155497 0.086317
vt 0.250000 0.060995
vt 0.344503 0.086317
vt 0.413683 0.155497
vt 0.439005 0.250000
vt 0.413683 0.344503
vt 0.083333 1.000000
vt 0.083333 0.990616
vt 0.000000 1.000000
vt 0.000000 0.990616
vt 0.750000 0.451974
vt 0.850987 0.424914
vt 0.924915 0.350987
vt 0.951974 0.250000
vt 0.924915 0.149013
vt 0.850987 0.075085
vt 0.750000 0.048026
vt 0.649013 0.075085
vt 0.575085 0.149013
vt 0.548026 0.250000
vt 0.575085 0.350987
vt 0.649013 0.424915
vt 0.083333 0.500000
vt 0.083333 0.511081
vt 0.000000 0.511081
vt 0.000000 0.500000
vt 0.166667 0.500000
vt 0.166667 0.511081
vt 0.250000 0.500000
vt 0.250000 0.511081
vt 0.333333 0.500000
vt 0.333333 0.511081
vt 0.416667 0.500000
vt 0.416667 0.511081
vt 0.500000 0.500000
vt 0.500000 0.511081
vt 0.583333 0.500000
vt 0.583333 0.511081
vt 0.666667 0.500000
vt 0.666667 0.511081
vt 0.750000 0.500000
vt 0.750000 0.511081
vt 0.833333 0.500000
vt 0.833333 0.511081
vt 0.916667 0.500000
vt 0.916667 0.511081
vt 1.000000 0.500000
vt 1.000000 0.511081
vt 0.750000 0.490000
vt 0.870000 0.457846
vt 0.957846 0.370000
vt 0.990000 0.250000
vt 0.957846 0.130000
vt 0.870000 0.042154
vt 0.750000 0.010000
vt 0.630000 0.042154
vt 0.542154 0.130000
vt 0.510000 0.250000
vt 0.542154 0.370000
vt 0.630000 0.457846
vt 0.370000 0.457846
vt 0.250000 0.490000
vt 0.457846 0.370000
vt 0.490000 0.250000
vt 0.457846 0.130000
vt 0.370000 0.042154
vt 0.250000 0.010000
vt 0.130000 0.042154
vt 0.042154 0.130000
vt 0.010000 0.250000
vt 0.042154 0.370000
vt 0.130000 0.457846
vn 0.0000 0.0000 -1.0000
vn 0.5956 0.0000 -0.8032
vn 0.6472 -0.6080 -0.4598
vn 0.0000 -0.7976 -0.6032
vn 0.6796 -0.7150 -0.1642
vn 0.0000 -0.9746 -0.2238
vn 0.6856 -0.7279 0.0000
vn 0.0000 -1.0000 0.0000
vn 0.6796 -0.7150 0.1642
vn 0.0000 -0.9746 0.2238
vn 0.6472 -0.6080 0.4598
vn 0.0000 -0.7976 0.6032
vn 0.5956 0.0000 0.8032
vn 0.0000 0.0000 1.0000
vn 0.6472 0.6080 0.4598
vn 0.0000 0.7976 0.6032
vn 0.6796 0.7150 0.1642
vn 0.0000 0.9746 0.2238
vn 0.6856 0.7279 0.0000
vn 0.0000 1.0000 0.0000
vn 0.6796 0.7150 -0.1642
vn 0.0000 0.9746 -0.2238
vn 1.0000 0.0000 0.0000
vn 0.6472 0.6080 -0.4598
vn 0.0000 0.7976 -0.6032
vn -1.0000 0.0000 0.0000
vn -0.6472 0.6080 -0.4598
vn -0.5956 0.0000 -0.8032
vn -0.6796 0.7150 -0.1642
vn -0.6856 0.7279 0.0000
vn -0.6796 0.7150 0.1642
vn -0.6472 0.6080 0.4598
vn -0.5956 0.0000 0.8032
vn -0.6472 -0.6080 0.4598
vn -0.6796 -0.7150 0.1642
vn -0.6856 -0.7279 0.0000
vn -0.6796 -0.7150 -0.1642
vn -0.6472 -0.6080 -0.4598
usemtl DarkPorple
s 1
f 37/1/1 62/2/2 61/3/3 38/4/4
f 38/4/4 61/3/3 63/5/5 39/6/6
f 39/6/6 63/5/5 64/7/7 40/8/8
f 40/8/8 64/7/7 65/9/9 41/10/10
f 41/10/10 65/9/9 66/11/11 42/12/12
f 42/12/12 66/11/11 67/13/13 43/14/14
f 43/14/14 67/13/13 68/15/15 44/16/16
f 44/16/16 68/15/15 69/17/17 45/18/18
f 45/18/18 69/17/17 70/19/19 46/20/20
f 46/20/20 70/19/19 71/21/21 47/22/22
f 4/23/23 2/24/23 24/25/23 22/26/23 20/27/23 18/28/23 16/29/23 14/30/23 12/31/23 10/32/23 8/33/23 6/34/23
f 47/22/22 71/21/21 72/35/24 48/36/25
f 48/36/25 72/35/24 62/37/2 37/38/1
f 1/39/26 3/40/26 5/41/26 7/42/26 9/43/26 11/44/26 13/45/26 15/46/26 17/47/26 19/48/26 21/49/26 23/50/26
f 60/51/27 36/52/25 25/53/1 49/54/28
f 59/55/29 35/56/22 36/52/25 60/51/27
f 58/57/30 34/58/20 35/56/22 59/55/29
f 57/59/31 33/60/18 34/58/20 58/57/30
f 56/61/32 32/62/16 33/60/18 57/59/31
f 55/63/33 31/64/14 32/62/16 56/61/32
f 54/65/34 30/66/12 31/64/14 55/63/33
f 53/67/35 29/68/10 30/66/12 54/65/34
f 52/69/36 28/70/8 29/68/10 53/67/35
f 51/71/37 27/72/6 28/70/8 52/69/36
f 50/73/38 26/74/4 27/72/6 51/71/37
f 49/75/28 25/76/1 26/74/4 50/73/38
f 36/52/25 48/36/25 37/38/1 25/53/1
f 35/56/22 47/22/22 48/36/25 36/52/25
f 34/58/20 46/20/20 47/22/22 35/56/22
f 33/60/18 45/18/18 46/20/20 34/58/20
f 32/62/16 44/16/16 45/18/18 33/60/18
f 31/64/14 43/14/14 44/16/16 32/62/16
f 30/66/12 42/12/12 43/14/14 31/64/14
f 29/68/10 41/10/10 42/12/12 30/66/12
f 28/70/8 40/8/8 41/10/10 29/68/10
f 27/72/6 39/6/6 40/8/8 28/70/8
f 26/74/4 38/4/4 39/6/6 27/72/6
f 25/76/1 37/1/1 38/4/4 26/74/4
f 3/40/26 1/39/26 49/77/28 50/78/38
f 5/41/26 3/40/26 50/78/38 51/79/37
f 7/42/26 5/41/26 51/79/37 52/80/36
f 9/43/26 7/42/26 52/80/36 53/81/35
f 11/44/26 9/43/26 53/81/35 54/82/34
f 13/45/26 11/44/26 54/82/34 55/83/33
f 15/46/26 13/45/26 55/83/33 56/84/32
f 17/47/26 15/46/26 56/84/32 57/85/31
f 19/48/26 17/47/26 57/85/31 58/86/30
f 21/49/26 19/48/26 58/86/30 59/87/29
f 23/50/26 21/49/26 59/87/29 60/88/27
f 1/39/26 23/50/26 60/88/27 49/77/28
f 2/24/23 4/23/23 61/89/3 62/90/2
f 4/23/23 6/34/23 63/91/5 61/89/3
f 6/34/23 8/33/23 64/92/7 63/91/5
f 8/33/23 10/32/23 65/93/9 64/92/7
f 10/32/23 12/31/23 66/94/11 65/93/9
f 12/31/23 14/30/23 67/95/13 66/94/11
f 14/30/23 16/29/23 68/96/15 67/95/13
f 16/29/23 18/28/23 69/97/17 68/96/15
f 18/28/23 20/27/23 70/98/19 69/97/17
f 20/27/23 22/26/23 71/99/21 70/98/19
f 22/26/23 24/25/23 72/100/24 71/99/21
f 24/25/23 2/24/23 62/90/2 72/100/24
o Sphere_Sphere.002
v 0.000000 0.418577 -2.042007
v 0.000000 0.149388 -4.295068
v 0.000000 -0.149389 -4.295068
v -0.000000 0.671346 -0.022563
v 0.186401 0.604862 -1.014900
v 0.335882 0.418577 -1.810692
v 0.276472 0.115748 -4.174796
v 0.273947 -0.117807 -4.161235
v 0.322262 -0.418577 -1.738180
v 0.330099 0.604862 -0.659197
v 0.594818 0.418577 -1.169738
v 0.666505 0.149388 -1.453067
v 0.666505 -0.149389 -1.453067
v 0.570697 -0.418577 -1.123218
v 0.398176 0.604862 -0.157649
v 0.717488 0.418577 -0.265980
v 0.894693 0.149388 -0.326099
v 0.894693 -0.149389 -0.326099
v 0.688092 -0.418577 -0.258324
v 0.375035 0.604862 0.199207
v 0.675790 0.418577 0.386859
v 0.842697 0.149388 0.490999
v 0.842697 -0.149389 0.490999
v 0.649567 -0.418577 0.344851
v 0.265979 0.604862 0.459140
v 0.479277 0.418577 0.855243
v 0.580328 0.136223 1.156452
v 0.580328 -0.136223 1.156452
v 0.465271 -0.418577 0.784114
v 0.095990 0.604862 0.605919
v 0.172967 0.418577 1.119730
v 0.168670 -0.418577 1.040217
v -0.095990 0.604862 0.605919
v -0.172967 0.418577 1.119730
v -0.168670 -0.418577 1.040217
v -0.265979 0.604862 0.459140
v -0.479277 0.418577 0.855243
v -0.580328 0.136223 1.156452
v -0.580328 -0.136223 1.156452
v -0.465271 -0.418577 0.784114
v -0.375035 0.604862 0.199207
v -0.675790 0.418577 0.386859
v -0.842697 0.149388 0.490998
v -0.842697 -0.149389 0.490998
v -0.649567 -0.418577 0.344851
v -0.398176 0.604862 -0.157649
v -0.717488 0.418577 -0.265980
v -0.894693 0.149388 -0.326100
v -0.894693 -0.149389 -0.326100
v -0.688092 -0.418577 -0.258324
v -0.330099 0.604862 -0.659197
v -0.594818 0.418577 -1.169738
v -0.666504 0.149388 -1.453067
v -0.666504 -0.149389 -1.453067
v -0.570697 -0.418577 -1.123218
v -0.186401 0.604862 -1.014900
v -0.335882 0.418577 -1.810692
v -0.276472 0.115748 -4.174796
v -0.273947 -0.117807 -4.161235
v -0.322262 -0.418577 -1.738180
v -0.000000 0.604862 -1.143270
v -0.000000 -0.418577 -1.960115
v 0.215687 0.136223 1.471306
v 0.215687 -0.149389 1.471306
v -0.215687 0.136223 1.471306
v -0.215687 -0.149389 1.471306
v 0.597649 0.149388 1.141496
v 0.597649 -0.149389 1.141496
v 0.215687 -0.136223 1.471306
v 0.215687 0.149388 1.471306
v -0.215687 -0.136223 1.471306
v -0.215687 0.149388 1.471306
v -0.597649 0.149388 1.141496
v -0.597649 -0.149389 1.141496
v 0.215687 0.136223 1.646400
v 0.215687 -0.136223 1.646400
v -0.215687 0.136223 1.646400
v -0.215687 -0.136223 1.646400
v 0.500478 0.077854 1.555096
v 0.500478 -0.077854 1.555096
v -0.500478 0.077854 1.555096
v -0.500478 -0.077854 1.555096
v 0.580328 -0.136223 1.166425
v 0.580328 0.136223 1.166425
v -0.580328 0.136223 1.166425
v -0.215687 0.136223 1.481279
v -0.580328 -0.136223 1.166425
v 0.215687 -0.136223 1.481279
v -0.215687 -0.136223 1.481279
v 0.215687 0.136223 1.481279
v 0.580328 0.136223 1.522354
v -0.580328 0.136223 1.522354
v -0.580328 -0.136223 1.522354
v 0.215687 -0.136223 1.639258
v 0.580328 -0.136223 1.522354
v -0.215687 0.136223 1.639258
v -0.215687 -0.136223 1.639258
v 0.215687 0.136223 1.639258
v 0.580328 0.136223 1.529496
v 0.580328 -0.136223 1.529496
v 0.215687 -0.077854 1.646400
v 0.215687 0.077854 1.646400
v -0.215687 -0.077854 1.646400
v -0.215687 0.077854 1.646400
v -0.580328 0.136223 1.529496
v -0.580328 -0.136223 1.529496
v 0.215687 0.077854 1.517711
v 0.215687 -0.077854 1.517711
v -0.215687 0.077854 1.517711
v -0.215687 -0.077854 1.517711
v 0.500478 0.077854 1.426407
v 0.500478 -0.077854 1.426407
v -0.500478 0.077854 1.426407
v -0.500478 -0.077854 1.426407
v 0.215687 -0.077854 1.519324
v 0.500478 -0.077854 1.428020
v -0.215687 -0.077854 1.519324
v -0.500478 -0.077854 1.428020
v -0.215687 0.077854 1.519324
v 0.215687 0.077854 1.519324
v 0.500478 0.077854 1.428020
v -0.500478 0.077854 1.428020
v 0.215687 -0.077854 1.638602
v -0.500478 -0.077854 1.547298
v 0.215687 0.077854 1.638602
v 0.500478 0.077854 1.547298
v 0.500478 -0.077854 1.547298
v -0.215687 -0.077854 1.638602
v -0.215687 0.077854 1.638602
v -0.500478 0.077854 1.547298
v 0.508862 0.083983 1.552408
v 0.508862 -0.083983 1.552408
v 0.215687 -0.083983 1.646400
v 0.215687 0.083983 1.646400
v -0.215687 -0.083983 1.646400
v -0.215687 0.083983 1.646400
v -0.508862 -0.083983 1.552408
v -0.508862 0.083983 1.552408
v 0.571196 -0.129548 1.532424
v 0.215687 -0.129548 1.646400
v -0.215687 -0.129548 1.646400
v -0.571196 0.129548 1.532424
v 0.571196 0.129548 1.532424
v 0.215687 0.129548 1.646400
v -0.215687 0.129548 1.646400
v -0.571196 -0.129548 1.532424
v 0.570184 0.149388 -2.321605
v 0.565891 -0.149389 -2.360317
v 0.000000 0.374150 -2.413855
v -0.360982 0.337129 -2.378196
v 0.360487 0.338738 -2.366989
v -0.574818 0.149388 -2.279820
v -0.359585 -0.341664 -2.346597
v -0.568411 -0.149389 -2.337591
v -0.000000 -0.381692 -2.350729
v 0.360531 -0.338592 -2.368001
v 0.000000 0.240230 -3.534739
v -0.000000 -0.190586 -4.038345
v 0.418838 0.149388 -3.686313
v 0.418838 -0.149389 -3.686313
v -0.418838 0.149388 -3.686313
v -0.418838 -0.149389 -3.686313
v 0.000000 0.182916 -4.085835
v -0.000000 -0.247001 -3.478067
v 0.000000 -0.083180 -4.337625
v 0.418838 -0.128640 -3.686313
v 0.666505 -0.128640 -1.453067
v 0.894693 -0.128640 -0.326099
v 0.842697 -0.128640 0.490999
v 0.597649 -0.128640 1.141496
v -0.597649 -0.128640 1.141496
v -0.842697 -0.128640 0.490998
v -0.894693 -0.128640 -0.326100
v -0.666504 -0.128640 -1.453067
v -0.418838 -0.128640 -3.686313
v 0.580328 -0.117303 1.156452
v -0.580328 -0.117303 1.156452
v 0.580328 -0.117303 1.529496
v -0.580328 -0.117303 1.529496
v 0.580328 -0.117303 1.166425
v -0.580328 -0.117303 1.166425
v 0.580328 -0.117303 1.522354
v -0.580328 -0.117303 1.522354
v 0.500478 -0.067041 1.555096
v -0.500478 -0.067041 1.555096
v 0.215687 -0.067041 1.517711
v -0.215687 -0.067041 1.517711
v 0.500478 -0.067041 1.426407
v -0.500478 -0.067041 1.426407
v -0.500478 -0.067041 1.428020
v 0.500478 -0.067041 1.428020
v 0.500478 -0.067041 1.547298
v -0.500478 -0.067041 1.547298
v -0.508862 -0.072318 1.552408
v 0.508862 -0.072318 1.552408
v -0.571196 -0.111555 1.532424
v 0.571196 -0.111555 1.532424
v 0.566189 -0.128640 -2.357629
v -0.568856 -0.128640 -2.333579
v 0.274123 -0.101588 -4.162176
v -0.274122 -0.101588 -4.162176
v -0.580328 0.115941 1.166425
v -0.580328 0.115941 1.522354
v -0.500478 0.066262 1.428020
v -0.500478 0.066262 1.547298
v 0.508862 0.071479 1.552408
v 0.571196 0.110259 1.532424
v -0.574341 0.127146 -2.284121
v 0.000002 0.059678 -4.335840
v 0.418838 0.127146 -3.686313
v 0.666505 0.127146 -1.453067
v 0.894693 0.127146 -0.326099
v 0.842697 0.127146 0.490999
v 0.597649 0.127146 1.141496
v -0.597649 0.127146 1.141496
v -0.842697 0.127146 0.490998
v -0.894693 0.127146 -0.326100
v -0.666504 0.127146 -1.453067
v -0.418838 0.127146 -3.686313
v 0.580328 0.115941 1.156452
v -0.580328 0.115941 1.156452
v 0.580328 0.115941 1.529496
v -0.580328 0.115941 1.529496
v 0.580328 0.115941 1.166425
v 0.580328 0.115941 1.522354
v 0.500478 0.066262 1.555096
v -0.500478 0.066262 1.555096
v 0.215687 0.066262 1.517711
v -0.215687 0.066262 1.517711
v 0.500478 0.066262 1.426407
v -0.500478 0.066262 1.426407
v 0.500478 0.066262 1.428020
v 0.500478 0.066262 1.547298
v -0.508862 0.071479 1.552408
v -0.571196 0.110259 1.532424
v 0.569864 0.127146 -2.324487
v 0.276284 0.098361 -4.173786
v -0.276284 0.098361 -4.173786
v 0.000036 0.036694 -4.337625
v 0.482818 0.097130 -3.686313
v 0.768294 0.097130 -1.453067
v 1.031320 0.097130 -0.326099
v 0.971386 0.097130 0.490999
v 0.688927 0.097130 1.141496
v -0.688854 0.097130 1.141496
v -0.971313 0.097130 0.490999
v -1.031247 0.097130 -0.326100
v -0.768222 0.097130 -1.453067
v -0.482745 0.097130 -3.686313
v 0.580328 0.088570 1.156452
v -0.580328 0.088570 1.156452
v 0.580328 0.088570 1.529496
v -0.580328 0.088570 1.529496
v 0.580328 0.088570 1.166425
v 0.580328 0.088570 1.522354
v 0.500478 0.050620 1.555096
v -0.500478 0.050620 1.555096
v 0.215687 0.050620 1.517711
v -0.215687 0.050620 1.517711
v 0.500478 0.050620 1.426407
v -0.500478 0.050620 1.426407
v 0.500478 0.050620 1.428020
v 0.500478 0.050620 1.547298
v -0.508862 0.054604 1.552408
v -0.571196 0.084230 1.532424
v 0.656403 0.097130 -2.328376
v 0.318208 0.074898 -4.172424
v -0.318135 0.074898 -4.172424
v -0.580328 0.088570 1.166425
v -0.580328 0.088570 1.522354
v -0.500478 0.050620 1.428020
v -0.500478 0.050620 1.547298
v 0.508862 0.054604 1.552408
v 0.571196 0.084230 1.532424
v -0.661246 0.097130 -2.289924
v 0.000036 -0.067151 -4.337625
v 0.482818 -0.098450 -3.686313
v 0.768294 -0.098450 -1.453067
v 1.031320 -0.098450 -0.326099
v 0.971386 -0.098450 0.490999
v 0.688927 -0.098450 1.141496
v -0.688854 -0.098450 1.141496
v -0.971313 -0.098450 0.490999
v -1.031247 -0.098450 -0.326100
v -0.768222 -0.098450 -1.453067
v -0.482745 -0.098450 -3.686313
v 0.580328 -0.089773 1.156452
v -0.580328 -0.089773 1.156452
v 0.580328 -0.089773 1.529496
v -0.580328 -0.089773 1.529496
v 0.580328 -0.089773 1.166425
v 0.580328 -0.089773 1.522354
v 0.500478 -0.051307 1.555096
v -0.500478 -0.051307 1.555096
v 0.215687 -0.051307 1.517711
v -0.215687 -0.051307 1.517711
v 0.500478 -0.051307 1.426407
v -0.500478 -0.051307 1.426407
v 0.500478 -0.051307 1.428020
v 0.500478 -0.051307 1.547298
v -0.508862 -0.055346 1.552408
v -0.571196 -0.085374 1.532424
v 0.653164 -0.098450 -2.353717
v 0.316303 -0.077988 -4.163547
v -0.316230 -0.077988 -4.163547
v -0.580328 -0.089773 1.166425
v -0.580328 -0.089773 1.522354
v -0.500478 -0.051307 1.428020
v -0.500478 -0.051307 1.547298
v 0.508862 -0.055346 1.552408
v 0.571196 -0.085374 1.532424
v -0.656412 -0.098450 -2.327742
v -0.580328 0.077542 1.166425
v -0.580328 0.077542 1.522354
v -0.500478 0.044317 1.428020
v -0.500478 0.044317 1.547298
v 0.508862 0.047805 1.552408
v 0.571196 0.073742 1.532424
v -0.660947 0.085036 -2.292263
v 0.000036 0.030272 -4.337625
v 0.482818 0.085036 -3.686313
v 0.768294 0.085036 -1.453067
v 1.031320 0.085036 -0.326099
v 0.971386 0.085036 0.490999
v 0.688927 0.085036 1.141496
v -0.688854 0.085036 1.141496
v -0.971313 0.085036 0.490999
v -1.031247 0.085036 -0.326100
v -0.768222 0.085036 -1.453067
v -0.482745 0.085036 -3.686313
v 0.580328 0.077542 1.156452
v -0.580328 0.077542 1.156452
v 0.580328 0.077542 1.529496
v -0.580328 0.077542 1.529496
v 0.580328 0.077542 1.166425
v 0.580328 0.077542 1.522354
v 0.500478 0.044317 1.555096
v -0.500478 0.044317 1.555096
v 0.215687 0.044317 1.517711
v -0.215687 0.044317 1.517711
v 0.500478 0.044317 1.426407
v -0.500478 0.044317 1.426407
v 0.500478 0.044317 1.428020
v 0.500478 0.044317 1.547298
v -0.508862 0.047805 1.552408
v -0.571196 0.073742 1.532424
v 0.656203 0.085036 -2.329943
v 0.318090 0.065444 -4.171875
v -0.318017 0.065444 -4.171875
v 0.000036 -0.058335 -4.337625
v 0.482818 -0.081847 -3.686313
v 0.768294 -0.081847 -1.453067
v 1.031320 -0.081847 -0.326099
v 0.971386 -0.081847 0.490999
v 0.688927 -0.081847 1.141496
v -0.688854 -0.081847 1.141496
v -0.971313 -0.081847 0.490999
v -1.031247 -0.081847 -0.326100
v -0.768222 -0.081847 -1.453067
v -0.482745 -0.081847 -3.686313
v 0.580328 -0.074634 1.156452
v -0.580328 -0.074634 1.156452
v 0.580328 -0.074634 1.529496
v -0.580328 -0.074634 1.529496
v 0.580328 -0.074634 1.166425
v 0.580328 -0.074634 1.522354
v 0.500478 -0.042655 1.555096
v -0.500478 -0.042655 1.555096
v 0.215687 -0.042655 1.517711
v -0.215687 -0.042655 1.517711
v 0.500478 -0.042655 1.426407
v -0.500478 -0.042655 1.426407
v 0.500478 -0.042655 1.428020
v 0.500478 -0.042655 1.547298
v -0.508862 -0.046012 1.552408
v -0.571196 -0.070977 1.532424
v 0.653439 -0.081847 -2.351566
v 0.316464 -0.065010 -4.164300
v -0.316391 -0.065010 -4.164300
v -0.580328 -0.074634 1.166425
v -0.580328 -0.074634 1.522354
v -0.500478 -0.042655 1.428020
v -0.500478 -0.042655 1.547298
v 0.508862 -0.046012 1.552408
v 0.571196 -0.070977 1.532424
v -0.656822 -0.081847 -2.324531
v -0.580328 0.092281 1.166425
v -0.580328 0.092281 1.522354
v -0.500478 0.052740 1.428020
v -0.500478 0.052740 1.547298
v 0.508862 0.056892 1.552408
v 0.571196 0.087759 1.532424
v -0.649463 0.101200 -2.289138
v 0.000031 0.038855 -4.337625
v 0.474144 0.101200 -3.686313
v 0.754494 0.101200 -1.453067
v 1.012796 0.101200 -0.326099
v 0.953938 0.101200 0.490999
v 0.676551 0.101200 1.141496
v -0.676489 0.101200 1.141496
v -0.953875 0.101200 0.490999
v -1.012733 0.101200 -0.326100
v -0.754431 0.101200 -1.453067
v -0.474080 0.101200 -3.686313
v 0.580328 0.092281 1.156452
v -0.580328 0.092281 1.156452
v 0.580328 0.092281 1.529496
v -0.580328 0.092281 1.529496
v 0.580328 0.092281 1.166425
v 0.580328 0.092281 1.522354
v 0.500478 0.052740 1.555096
v -0.500478 0.052740 1.555096
v 0.215687 0.052740 1.517711
v -0.215687 0.052740 1.517711
v 0.500478 0.052740 1.426407
v -0.500478 0.052740 1.426407
v 0.500478 0.052740 1.428020
v 0.500478 0.052740 1.547298
v -0.508862 0.056892 1.552408
v -0.571196 0.087759 1.532424
v 0.644670 0.101200 -2.327849
v 0.312524 0.078079 -4.172608
v -0.312461 0.078079 -4.172608
v -0.580328 0.114457 1.166425
v -0.580328 0.114457 1.522354
v -0.500478 0.065414 1.428020
v -0.500478 0.065414 1.547298
v 0.508862 0.070564 1.552408
v 0.571196 0.108849 1.532424
v -0.579051 0.125519 -2.284435
v 0.000002 0.055743 -4.337625
v 0.422306 0.125519 -3.686313
v 0.672022 0.125519 -1.453067
v 0.902099 0.125519 -0.326099
v 0.849672 0.125519 0.490999
v 0.602596 0.125519 1.141496
v -0.602592 0.125519 1.141496
v -0.849668 0.125519 0.490998
v -0.902095 0.125519 -0.326100
v -0.672018 0.125519 -1.453067
v -0.422302 0.125519 -3.686313
v 0.580328 0.114457 1.156452
v -0.580328 0.114457 1.156452
v 0.580328 0.114457 1.529496
v -0.580328 0.114457 1.529496
v 0.580328 0.114457 1.166425
v 0.580328 0.114457 1.522354
v 0.500478 0.065414 1.555096
v -0.500478 0.065414 1.555096
v 0.215687 0.065414 1.517711
v -0.215687 0.065414 1.517711
v 0.500478 0.065414 1.426407
v -0.500478 0.065414 1.426407
v 0.500478 0.065414 1.428020
v 0.500478 0.065414 1.547298
v -0.508862 0.070564 1.552408
v -0.571196 0.108849 1.532424
v 0.574555 0.125519 -2.324698
v 0.278556 0.097090 -4.173713
v -0.278552 0.097090 -4.173713
v 0.594818 -0.418577 -1.169738
v 0.335882 -0.418577 -1.810692
v 0.717488 -0.418577 -0.265980
v 0.675790 -0.418577 0.386859
v 0.479277 -0.418577 0.855243
v 0.172967 -0.418577 1.119730
v -0.172967 -0.418577 1.119730
v -0.479277 -0.418577 0.855243
v -0.675790 -0.418577 0.386859
v -0.717488 -0.418577 -0.265980
v -0.594818 -0.418577 -1.169738
v -0.335882 -0.418577 -1.810692
v -0.000000 -0.418577 -2.042007
v 0.000032 -0.069097 -4.337625
v 0.475049 -0.102116 -3.686313
v 0.755934 -0.102116 -1.453067
v 1.014730 -0.102116 -0.326099
v 0.955759 -0.102116 0.490999
v 0.677843 -0.102116 1.141496
v -0.677779 -0.102116 1.141496
v -0.955695 -0.102116 0.490999
v -1.014666 -0.102116 -0.326100
v -0.755870 -0.102116 -1.453067
v -0.474985 -0.102116 -3.686313
v 0.580328 -0.093116 1.156452
v -0.580328 -0.093116 1.156452
v 0.580328 -0.093116 1.529496
v -0.580328 -0.093116 1.529496
v 0.580328 -0.093116 1.166425
v 0.580328 -0.093116 1.522354
v 0.500478 -0.053218 1.555096
v -0.500478 -0.053218 1.555096
v 0.215687 -0.053218 1.517711
v -0.215687 -0.053218 1.517711
v 0.500478 -0.053218 1.426407
v -0.500478 -0.053218 1.426407
v 0.500478 -0.053218 1.428020
v 0.500478 -0.053218 1.547298
v -0.508862 -0.057407 1.552408
v -0.571196 -0.088553 1.532424
v 0.642603 -0.102116 -2.354192
v 0.311181 -0.080854 -4.163381
v -0.311117 -0.080854 -4.163381
v -0.580328 -0.093116 1.166425
v -0.580328 -0.093116 1.522354
v -0.500478 -0.053218 1.428020
v -0.500478 -0.053218 1.547298
v 0.508862 -0.057407 1.552408
v 0.571196 -0.088553 1.532424
v -0.645780 -0.102116 -2.328450
v 0.000003 -0.081818 -4.337625
v 0.424278 -0.126073 -3.686313
v 0.675159 -0.126073 -1.453067
v 0.906310 -0.126073 -0.326099
v 0.853638 -0.126073 0.490999
v 0.605410 -0.126073 1.141496
v -0.605404 -0.126073 1.141496
v -0.853632 -0.126073 0.490998
v -0.906303 -0.126073 -0.326100
v -0.675153 -0.126073 -1.453067
v -0.424272 -0.126073 -3.686313
v 0.580328 -0.114962 1.156452
v -0.580328 -0.114962 1.156452
v 0.580328 -0.114962 1.529496
v -0.580328 -0.114962 1.529496
v 0.580328 -0.114962 1.166425
v 0.580328 -0.114962 1.522354
v 0.500478 -0.065703 1.555096
v -0.500478 -0.065703 1.555096
v 0.215687 -0.065703 1.517711
v -0.215687 -0.065703 1.517711
v 0.500478 -0.065703 1.426407
v -0.500478 -0.065703 1.426407
v 0.500478 -0.065703 1.428020
v 0.500478 -0.065703 1.547298
v -0.508862 -0.070875 1.552408
v -0.571196 -0.109329 1.532424
v 0.573584 -0.126073 -2.357296
v 0.277709 -0.099581 -4.162292
v -0.277702 -0.099581 -4.162292
v -0.580328 -0.114962 1.166425
v -0.580328 -0.114962 1.522354
v -0.500478 -0.065703 1.428020
v -0.500478 -0.065703 1.547298
v 0.508862 -0.070875 1.552408
v 0.571196 -0.109329 1.532424
v -0.576300 -0.126073 -2.333083
v 0.011649 0.418577 -2.033985
v 0.006465 0.604862 -1.138818
v 0.012502 0.372922 -2.412230
v 0.014526 0.237080 -3.539996
v 0.009588 0.180587 -4.088920
v -0.006752 0.604862 -1.138620
v -0.012166 0.418577 -2.033629
v -0.013075 0.372809 -2.412563
v -0.015171 0.236940 -3.540230
v -0.010014 0.180483 -4.089056
v -0.006695 0.148574 -4.292155
v 0.007354 0.148494 -4.291869
v 0.580328 -0.136223 1.398598
v -0.215687 0.136223 1.555708
v -0.215687 -0.136223 1.555708
v 0.215687 0.136223 1.555708
v 0.580328 0.136223 1.398598
v -0.580328 0.136223 1.402679
v -0.580328 -0.136223 1.402679
v 0.215687 -0.136223 1.555708
v -0.580328 -0.117303 1.402679
v 0.580328 -0.117303 1.398598
v -0.580328 0.115941 1.402679
v 0.580328 0.115941 1.398598
v 0.580328 0.088570 1.398598
v -0.580328 0.088570 1.402679
v 0.580328 -0.089773 1.398598
v -0.580328 -0.089773 1.402679
v -0.580328 0.077542 1.402679
v 0.580328 0.077542 1.398598
v 0.580328 -0.074634 1.398598
v -0.580328 -0.074634 1.402679
v -0.580328 0.092281 1.402679
v 0.580328 0.092281 1.398598
v -0.580328 0.114457 1.402679
v 0.580328 0.114457 1.398598
v 0.580328 -0.093116 1.398598
v -0.580328 -0.093116 1.402679
v 0.580328 -0.114962 1.398598
v -0.580328 -0.114962 1.402679
v 0.580328 0.136223 1.450173
v -0.580328 0.136223 1.450172
v -0.580328 -0.136223 1.450172
v 0.215687 -0.136223 1.607220
v -0.580328 -0.117303 1.450172
v 0.580328 -0.117303 1.450173
v -0.580328 0.115941 1.450172
v 0.580328 0.115941 1.450173
v 0.580328 0.088570 1.450173
v -0.580328 0.088570 1.450172
v 0.580328 -0.089773 1.450173
v -0.580328 -0.089773 1.450172
v -0.580328 0.077542 1.450172
v 0.580328 0.077542 1.450173
v 0.580328 -0.074634 1.450173
v -0.580328 -0.074634 1.450172
v -0.580328 0.092281 1.450172
v 0.580328 0.092281 1.450173
v -0.580328 0.114457 1.450172
v 0.580328 0.114457 1.450173
v 0.580328 -0.093116 1.450173
v -0.580328 -0.093116 1.450172
v 0.580328 -0.114962 1.450173
v -0.580328 -0.114962 1.450172
v 0.580328 -0.136223 1.450173
v -0.215687 0.136223 1.607220
v -0.215687 -0.136223 1.607220
v 0.215687 0.136223 1.607220
vt 0.692308 0.285714
vt 0.692308 0.305289
vt 0.615385 0.328162
vt 0.615385 0.285714
vt 0.692308 0.571429
vt 0.691901 0.585653
vt 0.690154 0.584541
vt 0.690957 0.570954
vt 0.692308 0.857143
vt 0.653846 1.000000
vt 0.615385 0.857143
vt 0.689640 0.857143
vt 0.692307 0.560709
vt 0.689640 0.714286
vt 0.615385 0.714286
vt 0.569711 0.428571
vt 0.538462 0.428571
vt 0.538462 0.285714
vt 0.615385 0.571429
vt 0.615385 0.671915
vt 0.568378 0.571429
vt 0.576923 1.000000
vt 0.538462 0.857143
vt 0.615385 0.560794
vt 0.568477 0.560794
vt 0.538462 0.714286
vt 0.461539 0.428571
vt 0.461539 0.285714
vt 0.538462 0.571429
vt 0.461539 0.714286
vt 0.461539 0.571429
vt 0.500000 1.000000
vt 0.461539 0.857143
vt 0.538462 0.560794
vt 0.461539 0.560794
vt 0.384615 0.714286
vt 0.384615 0.571429
vt 0.423077 1.000000
vt 0.384615 0.857143
vt 0.384615 0.560794
vt 0.384615 0.428571
vt 0.384615 0.285714
vt 0.307692 0.571429
vt 0.307692 0.560794
vt 0.307692 0.857143
vt 0.307692 0.714286
vt 0.307692 0.428571
vt 0.307692 0.285714
vt 0.346154 1.000000
vt 0.230769 0.857143
vt 0.230769 0.714286
vt 0.230769 0.428571
vt 0.230769 0.285714
vt 0.230769 0.571429
vt 0.269231 1.000000
vt 0.153846 0.857143
vt 0.153846 0.714286
vt 0.153846 0.428571
vt 0.153846 0.285714
vt 0.192308 1.000000
vt 0.076923 0.428571
vt 0.076923 0.285714
vt 0.153846 0.571429
vt 0.076923 0.714286
vt 0.076923 0.571429
vt 0.115385 1.000000
vt 0.076923 0.857143
vt 0.000000 0.428571
vt 0.000000 0.285714
vt 0.000000 0.714286
vt 0.000000 0.571429
vt 0.038462 1.000000
vt 0.000000 0.857143
vt 0.076923 0.560794
vt 0.000000 0.560794
vt 1.000000 0.857143
vt 0.961538 1.000000
vt 0.923077 0.857143
vt 1.000000 0.560794
vt 1.000000 0.571429
vt 0.923077 0.571429
vt 0.923077 0.560794
vt 1.000000 0.714286
vt 0.923077 0.714286
vt 1.000000 0.285714
vt 1.000000 0.428571
vt 0.923077 0.428571
vt 0.923077 0.285714
vt 0.846154 0.571429
vt 0.846154 0.560794
vt 0.846154 0.857143
vt 0.846154 0.714286
vt 0.846154 0.428571
vt 0.846154 0.285714
vt 0.884615 1.000000
vt 0.817677 0.571429
vt 0.817529 0.560794
vt 0.769231 0.857143
vt 0.769231 0.714286
vt 0.815687 0.428571
vt 0.769231 0.285714
vt 0.807692 1.000000
vt 0.769231 0.326532
vt 0.743084 0.553576
vt 0.693755 0.584491
vt 0.693537 0.570996
vt 0.730769 1.000000
vt 0.695094 0.857143
vt 0.611948 0.285714
vt 0.536893 0.285714
vt 0.460474 0.285714
vt 0.389374 0.285714
vt 0.317967 0.285714
vt 0.245053 0.285714
vt 0.174369 0.285714
vt 0.155504 0.285714
vt 0.929268 0.285714
vt 0.906790 0.285714
vt 0.834354 0.285714
vt 0.761000 0.285714
vt 0.686712 0.285714
vt 0.743049 0.545518
vt 0.695094 0.714286
vt 0.692308 0.714286
vt 0.304204 0.443913
vt 0.304204 0.434867
vt 0.307692 0.438492
vt 0.230769 0.434867
vt 0.230769 0.565133
vt 0.304204 0.565133
vt 0.153846 0.434867
vt 0.153846 0.565133
vt 0.080411 0.555436
vt 0.080411 0.565133
vt 0.080411 0.434867
vt 0.230769 0.537225
vt 0.153846 0.537225
vt 0.153846 0.537225
vt 0.230769 0.537225
vt 0.096492 0.462775
vt 0.153846 0.462775
vt 0.153846 0.462775
vt 0.096492 0.462775
vt 0.230769 0.462775
vt 0.288123 0.462775
vt 0.288123 0.462775
vt 0.230769 0.462775
vt 0.288123 0.537225
vt 0.288123 0.537225
vt 0.288123 0.531895
vt 0.288123 0.531895
vt 0.096492 0.537225
vt 0.096492 0.537225
vt 0.096492 0.467579
vt 0.096492 0.467579
vt 0.695094 0.689997
vt 0.769231 0.671062
vt 0.689640 0.690057
vt 0.692308 0.690708
vt 0.769231 0.571429
vt 0.615385 0.428571
vt 0.769231 0.428571
vt 0.692308 0.376769
vt 0.769231 0.560794
vt 0.689640 0.617966
vt 0.692308 0.619638
vt 0.695094 0.617892
vt 0.641995 0.445332
vt 0.691806 0.411112
vt 0.692308 0.428571
vt 0.742620 0.445332
vt 0.641566 0.545518
vt 0.641531 0.553576
vt 0.742652 0.452849
vt 0.769231 0.438492
vt 0.641963 0.452849
vt 0.615385 0.438492
vt 0.815825 0.438492
vt 0.569619 0.438492
vt 0.538462 0.438492
vt 0.288123 0.467579
vt 0.288123 0.467579
vt 0.080411 0.443913
vt 0.076923 0.438492
vt 0.692308 0.438492
vt 0.846154 0.438492
vt 0.923077 0.438492
vt 1.000000 0.438492
vt 0.000000 0.438492
vt 0.384615 0.438492
vt 0.461538 0.438492
vt 0.304204 0.555436
vt 0.096492 0.531596
vt 0.096492 0.531596
vt 0.641569 0.544928
vt 0.615385 0.560016
vt 0.817518 0.560016
vt 0.769231 0.560016
vt 0.568485 0.560016
vt 0.538462 0.560016
vt 0.288123 0.531481
vt 0.288123 0.531481
vt 0.080411 0.554726
vt 0.076923 0.560016
vt 0.743047 0.544928
vt 0.692308 0.560016
vt 0.846154 0.560016
vt 0.923077 0.560016
vt 1.000000 0.560016
vt 0.000000 0.560016
vt 0.384615 0.560016
vt 0.307692 0.560016
vt 0.461539 0.560016
vt 0.304204 0.554726
vt 0.096492 0.531184
vt 0.096492 0.531184
vt 0.080411 0.443913
vt 0.080411 0.434867
vt 0.080411 0.434867
vt 0.080411 0.443913
vt 0.153846 0.565133
vt 0.080411 0.565133
vt 0.080411 0.565133
vt 0.153846 0.565133
vt 0.304204 0.555436
vt 0.304204 0.565133
vt 0.304204 0.565133
vt 0.304204 0.555436
vt 0.153846 0.434867
vt 0.230769 0.434867
vt 0.230769 0.434867
vt 0.153846 0.434867
vt 0.304204 0.434866
vt 0.304204 0.434867
vt 0.230769 0.565133
vt 0.230769 0.565133
vt 0.230769 0.565133
vt 0.304204 0.565133
vt 0.153846 0.565133
vt 0.153846 0.434867
vt 0.080411 0.434867
vt 0.304204 0.434867
vt 0.230769 0.434867
vt 0.304204 0.555436
vt 0.080411 0.565133
vt 0.080411 0.443913
vt 0.304204 0.565133
vt 0.230769 0.565133
vt 0.153846 0.565133
vt 0.080411 0.434867
vt 0.153846 0.434867
vt 0.230769 0.434867
vt 0.304204 0.434866
vt 0.304204 0.555436
vt 0.080411 0.565133
vt 0.080411 0.443913
vt 0.302365 0.446661
vt 0.302365 0.438058
vt 0.304204 0.443913
vt 0.230769 0.438058
vt 0.153846 0.438058
vt 0.153846 0.561942
vt 0.230769 0.561942
vt 0.082250 0.552719
vt 0.082250 0.561942
vt 0.080411 0.555436
vt 0.082250 0.438058
vt 0.153846 0.462775
vt 0.230769 0.462775
vt 0.096492 0.467945
vt 0.096492 0.462775
vt 0.153846 0.537225
vt 0.096492 0.537225
vt 0.288123 0.531690
vt 0.288123 0.537225
vt 0.230769 0.537225
vt 0.288123 0.462775
vt 0.230769 0.537225
vt 0.153846 0.537225
vt 0.096492 0.462775
vt 0.153846 0.462775
vt 0.230769 0.462775
vt 0.288123 0.462775
vt 0.288123 0.537225
vt 0.288123 0.531687
vt 0.096492 0.537225
vt 0.096492 0.467936
vt 0.153846 0.540155
vt 0.094804 0.540155
vt 0.094804 0.459845
vt 0.153846 0.459845
vt 0.096492 0.531678
vt 0.094804 0.534177
vt 0.230769 0.540155
vt 0.230769 0.459845
vt 0.289812 0.540155
vt 0.289812 0.459845
vt 0.288123 0.467936
vt 0.289812 0.465422
vt 0.302365 0.561942
vt 0.742656 0.453779
vt 0.769231 0.439719
vt 0.289812 0.466112
vt 0.302365 0.447726
vt 0.094804 0.465422
vt 0.082250 0.446661
vt 0.288123 0.468576
vt 0.096492 0.468576
vt 0.096492 0.468585
vt 0.288123 0.467945
vt 0.096492 0.468215
vt 0.096492 0.468215
vt 0.304204 0.445032
vt 0.080411 0.445032
vt 0.080411 0.445032
vt 0.304204 0.443913
vt 0.304204 0.443913
vt 0.080411 0.445032
vt 0.080411 0.445032
vt 0.304204 0.443913
vt 0.304204 0.445032
vt 0.307692 0.439719
vt 0.080411 0.445032
vt 0.080411 0.555436
vt 0.080411 0.555436
vt 0.080411 0.555436
vt 0.096492 0.531681
vt 0.289812 0.534177
vt 0.302365 0.552719
vt 0.094804 0.533739
vt 0.082250 0.552045
vt 0.096492 0.531272
vt 0.288123 0.531281
vt 0.288123 0.531284
vt 0.080411 0.554726
vt 0.304204 0.554726
vt 0.304204 0.554726
vt 0.304204 0.554726
vt 0.304204 0.554726
vt 0.692308 0.540659
vt 0.692308 0.546442
vt 0.641613 0.534643
vt 0.641631 0.530261
vt 0.615385 0.540659
vt 0.615385 0.546442
vt 0.568611 0.546442
vt 0.568665 0.540659
vt 0.538462 0.540659
vt 0.538462 0.546442
vt 0.461539 0.546442
vt 0.461539 0.540659
vt 0.384615 0.546442
vt 0.384616 0.540659
vt 0.307692 0.546442
vt 0.307692 0.540659
vt 0.076923 0.540659
vt 0.076923 0.546442
vt 0.000000 0.546442
vt 0.000000 0.540659
vt 1.000000 0.540659
vt 1.000000 0.546442
vt 0.923077 0.546442
vt 0.923077 0.540659
vt 0.846154 0.546442
vt 0.846154 0.540659
vt 0.817329 0.546442
vt 0.817248 0.540659
vt 0.742984 0.530262
vt 0.743003 0.534643
vt 0.304204 0.537076
vt 0.304204 0.542349
vt 0.304204 0.542349
vt 0.304204 0.537069
vt 0.080411 0.537076
vt 0.080411 0.542349
vt 0.304204 0.537076
vt 0.304204 0.542349
vt 0.304204 0.542349
vt 0.304204 0.537076
vt 0.304204 0.537076
vt 0.304204 0.542349
vt 0.082250 0.535259
vt 0.082250 0.540274
vt 0.080411 0.542349
vt 0.080411 0.537069
vt 0.288123 0.521325
vt 0.288123 0.524255
vt 0.288123 0.524255
vt 0.288123 0.521325
vt 0.288123 0.521197
vt 0.288123 0.524210
vt 0.288123 0.521192
vt 0.288123 0.524206
vt 0.096492 0.521185
vt 0.096492 0.524197
vt 0.094804 0.526109
vt 0.094804 0.522858
vt 0.769231 0.546442
vt 0.769231 0.540659
vt 0.080411 0.544123
vt 0.080411 0.542349
vt 0.080411 0.544123
vt 0.304204 0.544123
vt 0.307692 0.548388
vt 0.080411 0.544123
vt 0.080411 0.542349
vt 0.080411 0.544123
vt 0.080411 0.544123
vt 0.080411 0.542349
vt 0.302365 0.541961
vt 0.302365 0.540274
vt 0.304204 0.544123
vt 0.096492 0.525023
vt 0.096492 0.523992
vt 0.096492 0.523992
vt 0.096492 0.525023
vt 0.096492 0.525216
vt 0.096492 0.524202
vt 0.096492 0.525212
vt 0.288123 0.525220
vt 0.289812 0.526109
vt 0.289812 0.527202
vt 0.743009 0.536118
vt 0.769231 0.548388
vt 0.641922 0.462458
vt 0.641916 0.463786
vt 0.615385 0.452927
vt 0.615385 0.451174
vt 0.816002 0.451174
vt 0.816026 0.452927
vt 0.769231 0.452927
vt 0.769231 0.451174
vt 0.569500 0.451174
vt 0.569484 0.452927
vt 0.538462 0.452927
vt 0.538462 0.451174
vt 0.094804 0.472552
vt 0.094804 0.473537
vt 0.082250 0.459179
vt 0.082250 0.457659
vt 0.096492 0.474547
vt 0.096492 0.475461
vt 0.288123 0.474548
vt 0.288123 0.475462
vt 0.288123 0.475470
vt 0.288123 0.474556
vt 0.288123 0.475085
vt 0.288123 0.474174
vt 0.288123 0.475085
vt 0.288123 0.474174
vt 0.080411 0.457072
vt 0.080411 0.455475
vt 0.304204 0.455477
vt 0.304204 0.457076
vt 0.304204 0.457076
vt 0.304204 0.455477
vt 0.304204 0.455477
vt 0.304204 0.457076
vt 0.304204 0.457076
vt 0.304204 0.455477
vt 0.080411 0.455477
vt 0.080411 0.457076
vt 0.076923 0.452927
vt 0.076923 0.451174
vt 0.304204 0.457072
vt 0.304204 0.455475
vt 0.742694 0.462458
vt 0.742699 0.463786
vt 0.692308 0.452927
vt 0.692308 0.451174
vt 0.846154 0.451174
vt 0.846154 0.452927
vt 0.923077 0.451174
vt 0.923077 0.452927
vt 1.000000 0.451174
vt 1.000000 0.452927
vt 0.000000 0.452927
vt 0.000000 0.451174
vt 0.384615 0.451174
vt 0.384615 0.452927
vt 0.307692 0.452927
vt 0.307692 0.451174
vt 0.461538 0.451174
vt 0.461538 0.452927
vt 0.080411 0.464317
vt 0.080411 0.457076
vt 0.080411 0.464313
vt 0.304204 0.464315
vt 0.307692 0.460866
vt 0.080411 0.464315
vt 0.080411 0.457076
vt 0.080411 0.464315
vt 0.080411 0.464317
vt 0.080411 0.457076
vt 0.302365 0.466063
vt 0.302365 0.459179
vt 0.304204 0.464313
vt 0.096492 0.479186
vt 0.096492 0.475050
vt 0.096492 0.475050
vt 0.096492 0.479155
vt 0.096492 0.479609
vt 0.096492 0.475471
vt 0.096492 0.479599
vt 0.288123 0.479602
vt 0.289812 0.473537
vt 0.289812 0.478000
vt 0.742725 0.469801
vt 0.769231 0.460866
vt 0.289812 0.522858
vt 0.302365 0.535259
vt 0.096492 0.521192
vt 0.096492 0.521076
vt 0.096492 0.521075
vt 0.080411 0.537076
vt 0.080411 0.537076
vt 0.080411 0.537076
vt 0.641890 0.469801
vt 0.615385 0.460866
vt 0.816137 0.460866
vt 0.569410 0.460866
vt 0.538462 0.460866
vt 0.094804 0.478000
vt 0.082250 0.466063
vt 0.288123 0.479609
vt 0.288123 0.479241
vt 0.288123 0.479241
vt 0.304204 0.464317
vt 0.304204 0.464317
vt 0.304204 0.464315
vt 0.076923 0.460866
vt 0.692308 0.460866
vt 0.846154 0.460866
vt 0.923077 0.460866
vt 1.000000 0.460866
vt 0.000000 0.460866
vt 0.384615 0.460866
vt 0.461538 0.460866
vt 0.289812 0.533739
vt 0.302365 0.552045
vt 0.096492 0.531275
vt 0.080411 0.554726
vt 0.080411 0.554726
vt 0.080411 0.554726
vt 0.692308 0.548388
vt 0.641606 0.536118
vt 0.615385 0.548388
vt 0.568593 0.548388
vt 0.538462 0.548388
vt 0.461539 0.548388
vt 0.384615 0.548388
vt 0.076923 0.548388
vt 0.000000 0.548388
vt 1.000000 0.548388
vt 0.923077 0.548388
vt 0.846154 0.548388
vt 0.817356 0.548388
vt 0.304204 0.544123
vt 0.304204 0.544123
vt 0.304204 0.544123
vt 0.082250 0.541961
vt 0.288123 0.525291
vt 0.288123 0.525291
vt 0.288123 0.525224
vt 0.094804 0.527202
vt 0.692308 0.439719
vt 0.641959 0.453779
vt 0.615385 0.439719
vt 0.569607 0.439719
vt 0.538462 0.439719
vt 0.461538 0.439719
vt 0.384615 0.439719
vt 0.076923 0.439719
vt 0.000000 0.439719
vt 1.000000 0.439719
vt 0.923077 0.439719
vt 0.846154 0.439719
vt 0.815842 0.439719
vt 0.304204 0.445032
vt 0.304204 0.445032
vt 0.304204 0.445032
vt 0.082250 0.447726
vt 0.288123 0.468217
vt 0.288123 0.468217
vt 0.288123 0.468585
vt 0.094804 0.466112
vt 0.080411 0.455477
vt 0.080411 0.455477
vt 0.080411 0.455477
vt 0.302365 0.457659
vt 0.096492 0.474143
vt 0.096492 0.474143
vt 0.096492 0.474557
vt 0.289812 0.472552
vt 0.080411 0.445032
vt 0.080411 0.455477
vt 0.304204 0.445032
vt 0.304204 0.443913
vt 0.080411 0.457076
vt 0.304204 0.455477
vt 0.304204 0.554727
vt 0.304204 0.544123
vt 0.080411 0.554726
vt 0.080411 0.555436
vt 0.304204 0.542349
vt 0.080411 0.544123
vt 0.080411 0.464317
vt 0.080411 0.537076
vt 0.304204 0.464317
vt 0.304204 0.457076
vt 0.304204 0.537076
vt 0.080411 0.542349
vt 0.304204 0.555436
vt 0.080411 0.565133
vt 0.304204 0.434866
vt 0.080411 0.443913
vt 0.080411 0.434867
vt 0.153846 0.565133
vt 0.304204 0.565133
vt 0.230769 0.434867
vt 0.153846 0.434867
vt 0.230769 0.565133
vt 0.230769 0.531683
vt 0.153846 0.531683
vt 0.230769 0.467945
vt 0.153846 0.467945
vt 0.230769 0.531277
vt 0.153846 0.531277
vt 0.230769 0.524203
vt 0.230769 0.521189
vt 0.153846 0.521189
vt 0.153846 0.524203
vt 0.230769 0.474555
vt 0.230769 0.475468
vt 0.153846 0.475468
vt 0.153846 0.474554
vt 0.230769 0.479605
vt 0.153846 0.479605
vt 0.230769 0.525217
vt 0.153846 0.525217
vt 0.230769 0.468585
vt 0.153846 0.468585
vn 0.0701 -0.9934 -0.0903
vn 0.1201 -0.9844 -0.1286
vn 0.4199 -0.9013 -0.1069
vn 0.3534 -0.9307 -0.0946
vn 0.3532 0.7052 -0.6148
vn 0.1864 0.9747 -0.1231
vn 0.1853 0.9738 -0.1314
vn 0.3451 0.7478 -0.5672
vn 0.1085 0.9815 -0.1576
vn 0.1369 0.9905 0.0109
vn 0.1987 0.9725 -0.1214
vn 0.0899 0.9873 -0.1306
vn 0.4163 0.3920 -0.8203
vn 0.1196 0.9792 -0.1638
vn 0.4255 0.8882 -0.1732
vn 0.9138 -0.3906 -0.1112
vn 0.9282 -0.3315 -0.1687
vn 0.4954 -0.8637 -0.0931
vn 0.7661 0.6111 -0.1991
vn 0.4194 0.9015 -0.1069
vn 0.9140 0.3899 -0.1121
vn 0.3052 0.9499 -0.0669
vn 0.8218 0.5382 -0.1870
vn 0.8136 0.5744 -0.0903
vn 0.6468 0.7480 -0.1488
vn 0.9628 -0.2621 -0.0653
vn 0.5115 -0.8590 -0.0224
vn 0.9284 0.3307 -0.1697
vn 0.7045 0.7089 -0.0325
vn 0.9628 0.2621 -0.0653
vn 0.3473 0.9377 -0.0089
vn 0.7964 0.5921 -0.1231
vn 0.7619 0.6455 -0.0540
vn 0.6643 0.7328 0.1470
vn 0.9311 0.2977 0.2109
vn 0.3374 0.9387 0.0714
vn 0.7490 0.6411 0.1673
vn 0.9311 -0.2977 0.2109
vn 0.4885 -0.8670 0.0979
vn 0.7518 0.3607 0.5520
vn 0.6443 0.3824 0.6622
vn 0.2551 0.9525 0.1661
vn 0.5075 0.7939 0.3349
vn 0.7518 -0.3607 0.5520
vn 0.3897 -0.8906 0.2345
vn 0.1998 0.9521 0.2314
vn 0.3831 0.8102 0.4437
vn 0.3090 -0.4054 0.8604
vn 0.1570 -0.9199 0.3594
vn 0.3090 0.4054 0.8604
vn 0.0000 0.8716 0.4902
vn 0.0000 0.9718 0.2357
vn -0.3090 -0.4054 0.8604
vn -0.1570 -0.9199 0.3594
vn 0.0000 0.9945 0.1052
vn -0.7518 -0.3607 0.5520
vn -0.3897 -0.8906 0.2345
vn -0.3090 0.4054 0.8604
vn -0.3831 0.8102 0.4437
vn -0.5075 0.7939 0.3349
vn -0.7518 0.3607 0.5520
vn -0.1998 0.9521 0.2314
vn -0.1369 0.9905 0.0109
vn -0.2551 0.9525 0.1661
vn -0.9311 -0.2977 0.2109
vn -0.4885 -0.8670 0.0979
vn -0.6643 0.7328 0.1470
vn -0.9311 0.2977 0.2109
vn -0.3374 0.9387 0.0714
vn -0.6444 0.3824 0.6622
vn -0.7490 0.6410 0.1673
vn -0.3473 0.9377 -0.0089
vn -0.9628 0.2621 -0.0653
vn -0.7619 0.6454 -0.0540
vn -0.7045 0.7089 -0.0325
vn -0.9628 -0.2621 -0.0653
vn -0.5115 -0.8590 -0.0224
vn -0.9285 0.3297 -0.1707
vn -0.7963 0.5922 -0.1231
vn -0.3052 0.9499 -0.0669
vn -0.6471 0.7477 -0.1493
vn -0.9283 -0.3310 -0.1693
vn -0.4955 -0.8636 -0.0933
vn -0.9143 0.3889 -0.1132
vn -0.8132 0.5750 -0.0903
vn -0.1987 0.9725 -0.1214
vn -0.4258 0.8880 -0.1736
vn -0.9139 -0.3902 -0.1117
vn -0.3535 -0.9306 -0.0948
vn -0.4194 -0.9015 -0.1069
vn -0.1206 -0.9844 -0.1284
vn -0.0699 -0.9935 -0.0902
vn -0.6101 0.6189 -0.4947
vn -0.1853 0.9738 -0.1314
vn -0.3450 0.7478 -0.5672
vn -0.1085 0.9815 -0.1576
vn -0.0899 0.9873 -0.1306
vn -0.0000 -1.0000 0.0000
vn -0.6172 0.4419 -0.6510
vn -0.4164 0.3918 -0.8204
vn -0.1197 0.9792 -0.1638
vn -0.1107 0.9833 -0.1444
vn 0.8589 -0.1911 0.4752
vn 0.7851 -0.1449 0.6021
vn 0.6426 -0.3770 0.6670
vn 0.2117 -0.7946 0.5690
vn 0.2117 0.7946 0.5690
vn 0.7851 0.1449 0.6021
vn -0.2117 -0.7946 0.5690
vn -0.2117 0.7946 0.5690
vn -0.8607 0.1959 0.4698
vn -0.7851 0.1449 0.6021
vn -0.7851 -0.1449 0.6021
vn -0.1033 -0.7436 0.6606
vn 0.1033 -0.7436 0.6606
vn 0.7071 0.7071 0.0000
vn -0.0000 1.0000 0.0000
vn -0.1033 0.7436 0.6606
vn 0.4872 0.5628 0.6678
vn -0.7071 0.7071 0.0000
vn -0.4872 0.5628 0.6678
vn 0.1033 0.7436 0.6606
vn -0.7071 -0.7071 0.0000
vn -0.4872 -0.5628 0.6678
vn -1.0000 0.0000 0.0000
vn -0.5894 0.0000 0.8079
vn 0.7071 -0.7071 0.0000
vn 0.4872 -0.5628 0.6678
vn 1.0000 0.0000 0.0000
vn 0.5894 0.0000 0.8079
vn -0.1214 0.9849 -0.1233
vn -0.4196 0.9014 -0.1069
vn 0.1212 0.9850 -0.1232
vn 0.1222 0.9854 -0.1182
vn 0.1104 0.9833 -0.1444
vn -0.7661 0.6111 -0.1991
vn 0.7640 -0.6131 -0.2010
vn -0.7639 -0.6132 -0.2011
vn -0.1570 -0.9802 -0.1207
vn 0.1572 -0.9802 -0.1206
vn -0.8217 0.5383 -0.1870
vn 0.1641 0.9798 -0.1145
vn 0.1601 0.9808 -0.1117
vn -0.1642 0.9798 -0.1145
vn 0.6117 -0.6459 -0.4568
vn 0.1879 -0.9741 -0.1260
vn 0.3857 -0.7065 -0.5933
vn -0.1879 -0.9741 -0.1260
vn -0.6117 -0.6459 -0.4568
vn -0.3857 -0.7065 -0.5933
vn 0.6171 0.4421 -0.6510
vn 0.6101 0.6189 -0.4947
vn -0.6179 -0.4995 -0.6072
vn -0.8169 -0.5442 -0.1910
vn 0.6177 -0.5000 -0.6070
vn 0.8169 -0.5443 -0.1910
vn -0.8148 -0.5726 -0.0905
vn 0.8149 -0.5725 -0.0905
vn 0.7970 -0.5913 -0.1232
vn -0.8589 -0.1910 0.4752
vn -0.6427 -0.3769 0.6670
vn -0.4481 -0.4621 -0.7653
vn -0.7969 -0.5914 -0.1232
vn -0.7624 -0.6449 -0.0541
vn -0.7495 -0.6404 0.1675
vn 0.7495 -0.6405 0.1675
vn 0.7623 -0.6449 -0.0541
vn 0.4479 -0.4628 -0.7650
vn 0.8607 0.1960 0.4698
vn 0.4687 0.6899 -0.5517
vn 0.4085 0.9056 -0.1137
vn -0.3353 0.9413 -0.0386
vn -0.4082 0.9058 -0.1138
vn 0.3362 0.9410 -0.0387
vn 0.2735 0.9609 -0.0430
vn -0.7893 0.2398 0.5653
vn -0.2827 0.7645 0.5794
vn -0.4691 0.6894 -0.5519
vn -0.4114 0.3972 -0.8203
vn -0.2732 0.9610 -0.0430
vn -0.2325 0.9724 -0.0184
vn -0.2417 0.9686 0.0589
vn 0.2416 0.9686 0.0589
vn 0.2826 0.7645 0.5794
vn 0.2324 0.9724 -0.0184
vn 0.4112 0.3980 -0.8201
vn 0.7892 0.2399 0.5653
vn -0.1864 0.9747 -0.1231
vn -0.1603 0.9807 -0.1117
vn -0.1220 0.9855 -0.1182
vn -0.3532 0.7051 -0.6148
vn -0.6490 -0.5954 0.4735
vn -0.8079 0.0000 0.5894
vn -0.6490 0.5954 0.4735
vn -0.1141 0.6739 0.7299
vn 0.6490 0.5954 0.4735
vn 0.8079 0.0000 0.5894
vn 0.1141 -0.6739 0.7299
vn -0.1141 -0.6739 0.7299
vn 0.6490 -0.5954 0.4735
vn 0.1141 0.6739 0.7299
vn 0.3053 0.0000 0.9523
vn 0.1545 -0.0000 0.9880
vn -0.1545 -0.0000 0.9880
vn -0.3053 0.0000 0.9523
vn 0.0272 0.3864 0.9219
vn -0.0271 0.3865 0.9219
vn -0.0271 -0.3865 0.9219
vn 0.0271 -0.3865 0.9219
vn -0.4667 -0.7266 -0.5043
vn -0.4084 -0.9055 -0.1151
vn -0.7877 -0.2345 0.5696
vn 0.7877 -0.2346 0.5697
vn 0.2803 -0.7595 0.5870
vn 0.4685 -0.0340 -0.8828
vn 0.4399 0.1661 -0.8825
vn 0.7007 0.3937 -0.5951
vn 0.7608 -0.0255 -0.6485
vn 0.9741 -0.0067 -0.2259
vn 0.8264 0.5267 -0.1993
vn 0.8112 0.5755 -0.1035
vn 0.9919 -0.0000 -0.1268
vn 0.9842 -0.0000 -0.1773
vn 0.7786 0.6117 -0.1400
vn 0.8036 0.5919 -0.0629
vn 0.9970 0.0000 -0.0780
vn 0.7883 0.5843 0.1927
vn 0.9710 0.0000 0.2391
vn 0.5491 0.4874 0.6789
vn 0.6044 0.0000 0.7967
vn -0.6044 0.0000 0.7967
vn -0.5492 0.4873 0.6789
vn -0.7883 0.5843 0.1927
vn -0.9710 0.0000 0.2391
vn -0.8036 0.5918 -0.0629
vn -0.9970 0.0000 -0.0780
vn -0.7785 0.6118 -0.1400
vn -0.9842 0.0000 -0.1773
vn -0.8111 0.5758 -0.1034
vn -0.9919 0.0000 -0.1268
vn -0.7608 -0.0255 -0.6485
vn -0.7008 0.3933 -0.5951
vn -0.4401 0.1652 -0.8826
vn -0.4685 -0.0340 -0.8828
vn -0.7538 0.0000 0.6571
vn -0.7537 0.0629 0.6542
vn 0.7538 0.0000 0.6571
vn 0.7537 0.0630 0.6542
vn -0.8263 0.5269 -0.1993
vn -0.9741 -0.0067 -0.2259
vn 0.7602 0.1613 0.6294
vn 0.2412 0.7149 0.6563
vn -0.7602 0.1613 0.6293
vn -0.4609 0.6881 -0.5605
vn -0.4080 0.9054 -0.1172
vn 0.4605 -0.7222 -0.5161
vn 0.7024 -0.4146 -0.5786
vn 0.8228 -0.5314 -0.2017
vn 0.4084 -0.9051 -0.1182
vn -0.3383 -0.9401 -0.0416
vn -0.8112 -0.5755 -0.1035
vn -0.8228 -0.5314 -0.2017
vn -0.4083 -0.9052 -0.1182
vn 0.3388 -0.9399 -0.0417
vn 0.8115 -0.5751 -0.1035
vn 0.7792 -0.6109 -0.1402
vn 0.2753 -0.9602 -0.0462
vn 0.7593 -0.1580 0.6312
vn 0.7535 -0.0622 0.6545
vn -0.7594 -0.1580 0.6312
vn -0.7535 -0.0622 0.6545
vn -0.5494 -0.4866 0.6792
vn -0.2417 -0.7133 0.6579
vn -0.4610 -0.7216 -0.5166
vn -0.7025 -0.4143 -0.5787
vn -0.4605 -0.2533 -0.8507
vn -0.4225 -0.4751 -0.7719
vn -0.2752 -0.9603 -0.0462
vn -0.7792 -0.6109 -0.1402
vn -0.2338 -0.9721 -0.0198
vn -0.8039 -0.5914 -0.0630
vn -0.2430 -0.9680 0.0633
vn -0.7887 -0.5838 0.1929
vn 0.2428 -0.9680 0.0633
vn 0.7886 -0.5838 0.1928
vn 0.5494 -0.4867 0.6792
vn 0.2415 -0.7133 0.6579
vn 0.2337 -0.9721 -0.0198
vn 0.8039 -0.5914 -0.0629
vn 0.4221 -0.4763 -0.7713
vn 0.4604 -0.2542 -0.8505
vn -0.7623 -0.0254 -0.6467
vn -0.9736 -0.0068 -0.2282
vn 0.7623 -0.0254 -0.6467
vn 0.9736 -0.0068 -0.2282
vn -0.4762 -0.0339 -0.8787
vn 0.4762 -0.0339 -0.8787
vn 0.4012 0.3772 -0.8347
vn 0.4603 0.6888 -0.5601
vn 0.4083 0.9053 -0.1171
vn 0.3361 0.9409 -0.0412
vn 0.2734 0.9608 -0.0458
vn 0.2324 0.9724 -0.0197
vn 0.2415 0.9684 0.0628
vn -0.2414 0.7149 0.6563
vn -0.2416 0.9683 0.0628
vn -0.2325 0.9724 -0.0197
vn -0.2731 0.9609 -0.0458
vn -0.3352 0.9412 -0.0411
vn -0.4015 0.3761 -0.8351
vn 0.4353 -0.4898 -0.7553
vn 0.4662 -0.7272 -0.5038
vn 0.4085 -0.9055 -0.1151
vn 0.3388 -0.9401 -0.0391
vn 0.2753 -0.9604 -0.0434
vn 0.2337 -0.9721 -0.0186
vn 0.2429 -0.9682 0.0594
vn -0.2805 -0.7595 0.5870
vn -0.2430 -0.9682 0.0594
vn -0.2338 -0.9721 -0.0186
vn -0.2752 -0.9604 -0.0434
vn -0.3383 -0.9402 -0.0390
vn -0.4357 -0.4887 -0.7559
usemtl Porple
s 1
f 545/101/39 227/102/40 228/103/41 534/104/42
f 74/105/43 235/106/44 624/107/45 631/108/46
f 133/109/47 76/110/48 77/111/49 621/112/50
f 281/113/51 74/105/43 631/108/46
f 620/114/52 621/112/50 77/111/49 78/115/53
f 534/104/42 220/116/54 85/117/55 533/118/56
f 231/119/57 223/120/58 219/121/59
f 77/111/49 76/122/48 82/123/60
f 282/124/61 231/119/57 219/121/59 308/125/62
f 78/115/53 77/111/49 82/123/60 83/126/63
f 533/118/56 85/117/55 90/127/64 535/128/65
f 84/129/66 83/126/63 88/130/67 89/131/68
f 82/123/60 76/132/48 87/133/69
f 283/134/70 84/129/66 89/131/68 284/135/71
f 83/126/63 82/123/60 87/133/69 88/130/67
f 89/131/68 88/130/67 93/136/72 94/137/73
f 87/133/69 76/138/48 92/139/74
f 284/135/71 89/131/68 94/137/73 285/140/75
f 88/130/67 87/133/69 92/139/74 93/136/72
f 535/128/65 90/127/64 95/141/76 536/142/77
f 285/140/75 94/137/73 139/143/78 286/144/79
f 93/136/72 92/139/74 97/145/80 98/146/81
f 536/142/77 95/141/76 140/147/82 537/148/83
f 94/137/73 93/136/72 98/146/81 139/143/78
f 92/139/74 76/149/48 97/145/80
f 98/146/81 97/145/80 102/150/84 103/151/85
f 537/148/83 140/147/82 136/152/86 538/153/87
f 139/143/78 98/146/81 103/151/85 142/154/88
f 97/145/80 76/155/48 102/150/84
f 103/151/89 102/150/90 105/156/90 106/157/89
f 538/153/87 136/152/86 138/158/91 539/159/92
f 102/150/90 76/160/93 105/156/90
f 539/159/92 138/158/91 146/161/94 540/162/95
f 144/163/96 106/157/97 109/164/98 145/165/99
f 105/156/100 76/166/101 108/167/102
f 106/157/97 105/156/100 108/167/102 109/164/98
f 540/162/95 146/161/94 116/168/103 541/169/104
f 145/165/99 109/164/98 114/170/105 115/171/106
f 108/167/102 76/172/101 113/173/107
f 287/174/108 145/165/99 115/171/106 288/175/109
f 109/164/98 108/167/102 113/173/107 114/170/105
f 113/176/107 76/177/101 118/178/110
f 288/179/109 115/180/106 120/181/111 289/182/112
f 114/183/105 113/176/107 118/178/110 119/184/113
f 541/185/104 116/186/103 121/187/114 542/188/115
f 115/180/106 114/183/105 119/184/113 120/181/111
f 289/182/112 120/181/111 125/189/116 290/190/117
f 119/184/113 118/178/110 123/191/118 124/192/119
f 542/188/115 121/187/114 126/193/120 543/194/121
f 120/181/111 119/184/113 124/192/119 125/189/116
f 118/178/110 76/195/101 123/191/118
f 290/190/117 125/189/116 224/196/122 280/197/123
f 124/192/119 123/191/118 128/198/124 129/199/125
f 543/194/121 126/193/120 226/200/126 544/201/127
f 125/189/116 124/192/119 129/199/125 224/196/122
f 123/191/118 76/202/101 128/198/124
f 544/201/127 225/203/128 227/102/129 545/101/130
f 130/204/131 629/205/132 630/206/133
f 128/198/124 76/207/101 133/109/134 625/208/135
f 81/209/136 86/210/136 91/211/136 96/212/136 101/213/136 104/214/136 107/215/136 112/216/136 117/217/136 122/218/136 127/219/136 132/220/136 134/221/136
f 310/222/137 130/204/131 630/206/133 281/113/138
f 626/223/139 625/208/135 133/109/134 73/224/140
f 248/225/141 100/226/142 140/147/82 242/227/143
f 100/226/142 141/228/144 136/152/86 140/147/82
f 135/229/145 99/230/146 139/143/78 142/154/88
f 141/228/144 143/231/147 138/158/91 136/152/86
f 137/232/148 135/229/145 142/154/88 144/163/96
f 293/233/149 110/234/150 145/165/99 287/174/108
f 143/231/147 111/235/151 146/161/94 138/158/91
f 110/234/150 137/232/148 144/163/96 145/165/99
f 192/236/136 191/237/136 181/238/152 179/239/153
f 190/240/154 189/241/155 182/242/156 186/243/157
f 187/244/155 188/245/158 184/246/159 180/247/160
f 103/151/89 106/157/89 144/163/96 142/154/88
f 193/248/161 192/236/136 179/239/153 183/249/162
f 304/250/163 193/248/161 183/249/162 302/251/164
f 191/237/136 194/252/165 185/253/166 181/238/152
f 262/254/167 190/240/154 186/243/157 261/255/168
f 189/241/155 187/244/155 180/247/160 182/242/156
f 308/125/62 219/121/59 84/129/66 283/134/70
f 219/121/59 78/115/53 83/126/63 84/129/66
f 627/256/169 222/257/170 129/199/125 626/223/139
f 622/258/171 221/259/172 73/224/173 620/114/52
f 219/121/59 223/120/58 78/115/53
f 224/196/122 222/257/170 233/260/174
f 222/257/170 224/196/122 129/199/125
f 220/116/54 534/104/42 228/103/41
f 228/103/41 232/261/175 220/116/54
f 227/102/129 225/203/128 234/262/176 236/263/177
f 225/203/128 226/200/126 234/262/176
f 228/103/41 227/102/40 236/263/178 232/261/175
f 280/197/123 224/196/122 233/260/174 291/264/179
f 544/201/127 226/200/126 225/203/128
f 623/265/180 229/266/181 221/259/172 622/258/171
f 628/267/182 233/260/174 222/257/170 627/256/169
f 80/268/183 230/269/184 75/270/185
f 230/269/186 131/271/187 75/270/188
f 309/272/189 79/273/190 231/119/57 282/124/61
f 273/274/191 131/271/187 234/262/176 247/275/192
f 624/107/45 235/106/44 229/266/181 623/265/180
f 629/205/132 130/204/131 233/260/174 628/267/182
f 230/269/184 80/268/183 232/261/175 236/263/178
f 131/271/187 230/269/186 236/263/177 234/262/176
f 80/268/183 272/276/193 238/277/194 232/261/175
f 226/200/126 271/278/195 247/275/192 234/262/176
f 220/116/54 270/279/196 239/280/197 85/117/55
f 188/245/158 263/281/163 260/282/164 184/246/159
f 111/235/151 249/283/198 243/284/199 146/161/94
f 131/271/187 273/274/191 237/285/200 75/270/188
f 126/193/120 246/286/201 271/278/195 226/200/126
f 121/187/114 245/287/202 246/286/201 126/193/120
f 116/186/103 244/288/203 245/287/202 121/187/114
f 146/161/94 243/284/199 244/289/203 116/168/103
f 95/141/76 241/290/204 242/227/143 140/147/82
f 90/127/64 240/291/205 241/290/204 95/141/76
f 85/117/55 239/280/197 240/291/205 90/127/64
f 232/261/175 238/277/194 270/279/196 220/116/54
f 75/270/185 237/285/206 272/276/193 80/268/183
f 99/230/146 292/292/207 286/144/79 139/143/78
f 194/252/165 276/293/167 303/294/168 185/253/166
f 130/204/131 310/222/137 291/264/179 233/260/174
f 531/295/208 309/272/189 282/124/61 504/296/209
f 502/297/210 280/197/123 291/264/179 513/298/211
f 530/299/212 308/125/62 283/134/70 505/300/213
f 526/301/163 304/250/163 302/251/164 524/302/164
f 515/303/214 293/233/149 287/174/108 509/304/215
f 532/305/216 310/222/137 281/113/138 503/306/217
f 512/307/218 290/190/117 280/197/123 502/297/210
f 511/308/219 289/182/112 290/190/117 512/307/218
f 510/309/220 288/179/109 289/182/112 511/308/219
f 509/304/215 287/174/108 288/175/109 510/310/220
f 507/311/221 285/140/75 286/144/79 508/312/222
f 506/313/223 284/135/71 285/140/75 507/311/221
f 505/300/213 283/134/70 284/135/71 506/313/223
f 504/296/209 282/124/61 308/125/62 530/299/212
f 503/306/224 281/113/51 309/272/189 531/295/208
f 292/292/207 514/314/225 508/312/222 286/144/79
f 276/293/167 498/315/167 525/316/168 303/294/168
f 310/222/137 532/305/216 513/298/211 291/264/179
f 86/210/136 81/209/136 534/104/42 533/118/56
f 91/211/136 86/210/136 533/118/56 535/128/65
f 96/212/136 91/211/136 535/128/65 536/142/77
f 101/213/136 96/212/136 536/142/77 537/148/83
f 104/214/136 101/213/136 537/148/83 538/153/87
f 107/215/136 104/214/136 538/153/87 539/159/92
f 112/216/136 107/215/136 539/159/92 540/162/95
f 117/217/136 112/216/136 540/162/95 541/185/104
f 122/218/136 117/217/136 541/185/104 542/188/115
f 127/219/136 122/218/136 542/188/115 543/194/121
f 132/220/136 127/219/136 543/194/121 544/201/127
f 134/221/136 132/220/136 544/201/127 545/101/130
f 81/209/136 134/221/136 545/101/39 534/104/42
f 79/273/190 624/107/45 623/265/180 231/119/57
f 231/119/57 623/265/180 622/258/171 223/120/58
f 223/120/58 622/258/171 620/114/52 78/115/53
f 73/224/173 133/109/47 621/112/50 620/114/52
f 235/106/226 629/205/132 628/267/182 229/266/227
f 229/266/227 628/267/182 627/256/169 221/259/228
f 221/259/228 627/256/169 626/223/139 73/224/140
f 129/199/125 128/198/124 625/208/135 626/223/139
f 281/113/138 630/206/133 74/105/229
f 631/108/46 624/107/45 79/273/190
f 630/206/133 629/205/132 235/106/226 74/105/229
f 631/108/46 79/273/190 309/272/189 281/113/51
usemtl DarkPorple
f 255/317/163 165/318/161 178/319/230 251/320/231
f 168/321/155 164/322/158 177/323/232 149/324/233
f 297/325/167 163/326/154 171/327/234 294/328/235
f 169/329/136 166/330/136 148/331/236 150/332/237
f 166/330/136 167/333/165 172/334/238 148/331/236
f 165/318/161 169/329/136 150/332/237 178/319/230
f 170/335/155 168/321/155 149/324/233 147/336/239
f 163/326/154 170/335/155 147/336/239 171/327/234
f 99/230/146 135/229/145 162/337/155 156/338/154
f 135/229/145 137/232/148 158/339/155 162/337/155
f 111/235/151 143/231/147 161/340/136 159/341/161
f 141/228/144 100/226/142 155/342/165 160/343/136
f 143/231/147 141/228/144 160/343/136 161/340/136
f 292/292/207 99/230/146 156/338/154 296/344/167
f 137/232/148 110/234/150 157/345/158 158/339/155
f 249/283/198 111/235/151 159/341/161 253/346/163
f 660/347/154 687/348/155 170/335/155 163/326/154
f 687/348/155 685/349/155 168/321/155 170/335/155
f 662/350/161 686/351/136 169/329/136 165/318/161
f 663/352/136 684/353/165 167/333/165 166/330/136
f 686/351/136 663/352/136 166/330/136 169/329/136
f 667/354/167 660/347/154 163/326/154 297/325/167
f 685/349/155 661/355/158 164/322/158 168/321/155
f 664/356/163 662/350/161 165/318/161 255/317/163
f 269/357/240 211/358/240 172/334/238 250/359/235
f 211/358/240 212/360/241 148/331/236 172/334/238
f 212/360/241 213/361/242 150/332/237 148/331/236
f 217/362/242 216/363/241 147/336/239 149/324/233
f 307/364/243 214/365/243 177/323/232 295/366/231
f 213/361/242 218/367/243 178/319/230 150/332/237
f 214/365/243 217/362/242 149/324/233 177/323/232
f 200/368/155 195/369/155 187/244/155 189/241/155
f 265/370/167 196/371/154 190/240/154 262/254/167
f 201/372/136 202/373/165 194/252/165 191/237/136
f 305/374/163 198/375/161 193/248/161 304/250/163
f 198/375/161 197/376/136 192/236/136 193/248/161
f 195/369/155 199/377/158 188/245/158 187/244/155
f 196/371/154 200/368/155 189/241/155 190/240/154
f 197/376/136 201/372/136 191/237/136 192/236/136
f 174/378/236 176/379/237 201/372/136 197/376/136
f 154/380/244 175/381/233 200/368/155 196/371/154
f 173/382/239 152/383/245 199/377/158 195/369/155
f 151/384/246 174/378/236 197/376/136 198/375/161
f 298/385/164 151/384/246 198/375/161 305/374/163
f 176/379/237 153/386/247 202/373/165 201/372/136
f 257/387/168 154/380/244 196/371/154 265/370/167
f 175/381/233 173/382/239 195/369/155 200/368/155
f 153/386/247 176/379/237 208/388/242 210/389/243
f 175/381/233 154/380/244 209/390/243 207/391/242
f 299/392/168 153/386/247 210/389/243 306/393/243
f 176/379/237 174/378/236 206/394/241 208/388/242
f 173/382/239 175/381/233 207/391/242 205/395/241
f 174/378/236 151/384/246 203/396/240 206/394/241
f 152/383/245 173/382/239 205/395/241 204/397/240
f 256/398/164 152/383/245 204/397/240 267/399/240
f 210/389/243 208/388/242 217/362/242 214/365/243
f 207/391/242 209/390/243 218/367/243 213/361/242
f 306/393/243 210/389/243 214/365/243 307/364/243
f 208/388/242 206/394/241 216/363/241 217/362/242
f 205/395/241 207/391/242 213/361/242 212/360/241
f 206/394/241 203/396/240 215/400/240 216/363/241
f 204/397/240 205/395/241 212/360/241 211/358/240
f 267/399/240 204/397/240 211/358/240 269/357/240
f 612/401/248 273/274/191 247/275/192 593/402/249
f 617/403/240 267/399/240 269/357/240 618/404/240
f 209/390/243 266/405/243 268/406/243 218/367/243
f 600/407/164 256/398/164 267/399/240 617/403/240
f 154/380/244 257/387/168 266/405/243 209/390/243
f 601/408/168 257/387/168 265/370/167 616/409/167
f 152/383/245 256/398/164 264/410/163 199/377/158
f 199/377/158 264/410/163 263/281/163 188/245/158
f 616/409/167 265/370/167 262/254/167 615/411/167
f 615/411/167 262/254/167 261/255/168 605/412/168
f 218/367/243 268/406/243 251/320/231 178/319/230
f 618/404/240 269/357/240 250/359/235 596/413/235
f 683/414/163 664/356/163 255/317/163 614/415/163
f 684/353/165 665/416/167 254/417/167 167/333/165
f 595/418/250 249/283/198 253/346/163 613/419/163
f 100/226/142 248/225/141 252/420/167 155/342/165
f 594/421/251 248/225/141 242/227/143 588/422/252
f 167/333/165 254/417/167 250/359/235 172/334/238
f 614/415/163 255/317/163 251/320/231 597/423/231
f 164/322/158 275/424/163 295/366/231 177/323/232
f 110/234/150 293/233/149 274/425/163 157/345/158
f 661/355/158 666/426/163 275/424/163 164/322/158
f 202/373/165 277/427/167 276/293/167 194/252/165
f 153/386/247 299/392/168 277/427/167 202/373/165
f 151/384/246 298/385/164 278/428/240 203/396/240
f 203/396/240 278/428/240 279/429/240 215/400/240
f 528/430/243 306/393/243 307/364/243 529/431/243
f 521/432/168 299/392/168 306/393/243 528/430/243
f 520/433/164 298/385/164 305/374/163 527/434/163
f 527/434/163 305/374/163 304/250/163 526/301/163
f 529/431/243 307/364/243 295/366/231 517/435/231
f 679/436/167 667/354/167 297/325/167 519/437/167
f 514/314/225 292/292/207 296/344/167 518/438/167
f 519/437/167 297/325/167 294/328/235 516/439/235
f 392/440/253 311/441/254 339/442/255 420/443/256
f 393/444/257 312/445/258 338/446/259 419/447/260
f 394/448/261 313/449/262 314/450/263 395/451/264
f 395/451/264 314/450/263 315/452/265 396/453/266
f 396/453/266 315/452/265 316/454/267 397/455/268
f 398/456/269 317/457/270 318/458/271 399/459/272
f 399/460/272 318/461/271 319/462/273 400/463/274
f 400/463/274 319/462/273 320/464/275 401/465/276
f 401/465/276 320/464/275 347/466/277 391/467/278
f 421/468/279 340/469/280 311/441/281 392/440/282
f 408/470/167 327/471/167 324/472/235 405/473/235
f 404/474/283 323/475/284 317/457/270 398/456/269
f 403/476/285 322/477/286 326/478/167 407/479/167
f 673/480/167 668/481/167 327/471/167 408/470/167
f 418/482/243 337/483/243 325/484/231 406/485/231
f 415/486/163 334/487/163 332/488/164 413/489/164
f 416/490/163 335/491/163 334/487/163 415/486/163
f 409/492/164 328/493/164 335/491/163 416/490/163
f 410/494/168 329/495/168 336/496/243 417/497/243
f 417/497/243 336/496/243 337/483/243 418/482/243
f 419/447/260 338/446/259 313/449/262 394/448/261
f 391/467/278 347/466/277 321/498/287 402/499/288
f 420/443/256 339/442/255 312/445/258 393/444/257
f 460/500/163 342/501/163 325/484/231 480/502/231
f 477/503/289 322/477/286 316/454/267 471/504/290
f 478/505/291 323/475/284 341/506/163 459/507/163
f 676/508/163 669/509/163 342/501/163 460/500/163
f 464/510/240 346/511/240 324/472/235 479/512/235
f 461/513/167 343/514/167 333/515/168 488/516/168
f 462/517/167 344/518/167 343/514/167 461/513/167
f 484/519/168 329/495/168 344/518/167 462/517/167
f 483/520/164 328/493/164 345/521/240 463/522/240
f 463/522/240 345/521/240 346/511/240 464/510/240
f 495/523/292 340/469/280 321/498/287 476/524/293
f 574/525/294 376/526/295 349/527/296 547/528/297
f 582/529/298 384/530/299 358/531/300 556/532/301
f 573/533/302 375/534/303 350/535/304 548/536/305
f 571/537/243 373/538/243 374/539/243 572/540/243
f 564/541/168 366/542/168 373/538/243 571/537/243
f 563/543/164 365/544/164 372/545/163 570/546/163
f 570/546/163 372/545/163 371/547/163 569/548/163
f 569/548/163 371/547/163 369/549/164 567/550/164
f 572/540/243 374/539/243 362/551/231 560/552/231
f 680/553/167 670/554/167 364/555/167 562/556/167
f 557/557/306 359/558/307 363/559/167 561/560/167
f 558/561/308 360/562/309 354/563/310 552/564/311
f 562/556/167 364/555/167 361/565/235 559/566/235
f 575/567/312 377/568/313 348/569/314 546/570/315
f 555/571/316 357/572/317 384/530/299 582/529/298
f 554/573/318 356/574/319 357/572/317 555/571/316
f 553/575/320 355/576/321 356/574/319 554/573/318
f 552/564/311 354/563/310 355/577/321 553/578/320
f 550/579/322 352/580/323 353/581/324 551/582/325
f 549/583/326 351/584/327 352/580/323 550/579/322
f 548/536/305 350/535/304 351/584/327 549/583/326
f 547/528/297 349/527/296 375/534/303 573/533/302
f 546/570/328 348/569/329 376/526/295 574/525/294
f 453/585/163 379/586/163 362/551/231 436/587/231
f 433/588/285 359/558/307 353/581/324 427/589/268
f 434/590/283 360/562/309 378/591/163 452/592/163
f 675/593/163 671/594/163 379/586/163 453/585/163
f 457/595/240 383/596/240 361/565/235 435/597/235
f 454/598/167 380/599/167 370/600/168 444/601/168
f 455/602/167 381/603/167 380/599/167 454/598/167
f 440/604/168 366/542/168 381/603/167 455/602/167
f 439/605/164 365/544/164 382/606/240 456/607/240
f 456/607/240 382/606/240 383/596/240 457/595/240
f 451/608/330 377/568/313 358/531/300 432/609/331
f 340/469/280 421/468/279 402/499/288 321/498/287
f 345/521/240 389/610/240 390/611/240 346/511/240
f 328/493/164 409/492/164 389/610/240 345/521/240
f 329/495/168 410/494/168 388/612/167 344/518/167
f 344/518/167 388/612/167 387/613/167 343/514/167
f 343/514/167 387/613/167 414/614/168 333/515/168
f 346/511/240 390/611/240 405/473/235 324/472/235
f 669/509/163 672/615/163 386/616/163 342/501/163
f 323/475/284 404/474/283 385/617/163 341/506/163
f 322/477/286 403/476/285 397/455/268 316/454/267
f 342/501/163 386/616/163 406/485/231 325/484/231
f 450/618/332 420/443/256 393/444/257 423/619/333
f 458/620/278 391/467/278 402/499/288 432/609/331
f 449/621/260 419/447/260 394/448/261 424/622/261
f 447/623/243 417/497/243 418/482/243 448/624/243
f 440/604/168 410/494/168 417/497/243 447/623/243
f 439/605/164 409/492/164 416/490/163 446/625/163
f 446/625/163 416/490/163 415/486/163 445/626/163
f 445/626/163 415/486/163 413/489/164 443/627/164
f 448/624/243 418/482/243 406/485/231 436/587/231
f 674/628/167 673/480/167 408/470/167 438/629/167
f 433/588/285 403/476/285 407/479/167 437/630/167
f 434/590/283 404/474/283 398/456/269 428/631/269
f 438/629/167 408/470/167 405/473/235 435/597/235
f 451/608/330 421/468/279 392/440/282 422/632/334
f 431/633/276 401/465/276 391/467/278 458/620/278
f 430/634/274 400/463/274 401/465/276 431/633/276
f 429/635/272 399/460/272 400/463/274 430/634/274
f 428/631/269 398/456/269 399/459/272 429/636/272
f 426/637/266 396/453/266 397/455/268 427/589/268
f 425/638/264 395/451/264 396/453/266 426/637/266
f 424/622/261 394/448/261 395/451/264 425/638/264
f 423/619/333 393/444/257 419/447/260 449/621/260
f 422/632/335 392/440/253 420/443/256 450/618/332
f 348/569/329 422/632/335 450/618/332 376/526/295
f 349/527/296 423/619/333 449/621/260 375/534/303
f 350/535/304 424/622/261 425/638/264 351/584/327
f 351/584/327 425/638/264 426/637/266 352/580/323
f 352/580/323 426/637/266 427/589/268 353/581/324
f 354/563/310 428/631/269 429/636/272 355/577/321
f 355/576/321 429/635/272 430/634/274 356/574/319
f 356/574/319 430/634/274 431/633/276 357/572/317
f 357/572/317 431/633/276 458/620/278 384/530/299
f 377/568/313 451/608/330 422/632/334 348/569/314
f 364/555/167 438/629/167 435/597/235 361/565/235
f 360/562/309 434/590/283 428/631/269 354/563/310
f 359/558/307 433/588/285 437/630/167 363/559/167
f 670/554/167 674/628/167 438/629/167 364/555/167
f 374/539/243 448/624/243 436/587/231 362/551/231
f 371/547/163 445/626/163 443/627/164 369/549/164
f 372/545/163 446/625/163 445/626/163 371/547/163
f 365/544/164 439/605/164 446/625/163 372/545/163
f 366/542/168 440/604/168 447/623/243 373/538/243
f 373/538/243 447/623/243 448/624/243 374/539/243
f 375/534/303 449/621/260 424/622/261 350/535/304
f 384/530/299 458/620/278 432/609/331 358/531/300
f 376/526/295 450/618/332 423/619/333 349/527/296
f 421/468/279 451/608/330 432/609/331 402/499/288
f 389/610/240 456/607/240 457/595/240 390/611/240
f 409/492/164 439/605/164 456/607/240 389/610/240
f 410/494/168 440/604/168 455/602/167 388/612/167
f 388/612/167 455/602/167 454/598/167 387/613/167
f 387/613/167 454/598/167 444/601/168 414/614/168
f 390/611/240 457/595/240 435/597/235 405/473/235
f 672/615/163 675/593/163 453/585/163 386/616/163
f 404/474/283 434/590/283 452/592/163 385/617/163
f 403/476/285 433/588/285 427/589/268 397/455/268
f 386/616/163 453/585/163 436/587/231 406/485/231
f 532/305/216 495/523/292 476/524/293 513/298/211
f 500/639/240 463/522/240 464/510/240 501/640/240
f 520/433/164 483/520/164 463/522/240 500/639/240
f 521/432/168 484/519/168 462/517/167 499/641/167
f 499/641/167 462/517/167 461/513/167 498/315/167
f 498/315/167 461/513/167 488/516/168 525/316/168
f 501/640/240 464/510/240 479/512/235 516/439/235
f 678/642/163 676/508/163 460/500/163 497/643/163
f 515/303/214 478/505/291 459/507/163 496/644/163
f 514/314/225 477/503/289 471/504/290 508/312/222
f 497/643/163 460/500/163 480/502/231 517/435/231
f 311/441/254 466/645/336 494/646/337 339/442/255
f 312/445/258 467/647/338 493/648/339 338/446/259
f 313/449/262 468/649/340 469/650/341 314/450/263
f 314/450/263 469/650/341 470/651/342 315/452/265
f 315/452/265 470/651/342 471/504/290 316/454/267
f 317/457/270 472/652/343 473/653/344 318/458/271
f 318/461/271 473/654/344 474/655/345 319/462/273
f 319/462/273 474/655/345 475/656/346 320/464/275
f 320/464/275 475/656/346 465/657/347 347/466/277
f 340/469/280 495/523/292 466/645/348 311/441/281
f 327/471/167 482/658/167 479/512/235 324/472/235
f 323/475/284 478/505/291 472/652/343 317/457/270
f 322/477/286 477/503/289 481/659/167 326/478/167
f 668/481/167 677/660/167 482/658/167 327/471/167
f 337/483/243 492/661/243 480/502/231 325/484/231
f 334/487/163 489/662/163 487/663/164 332/488/164
f 335/491/163 490/664/163 489/662/163 334/487/163
f 328/493/164 483/520/164 490/664/163 335/491/163
f 329/495/168 484/519/168 491/665/243 336/496/243
f 336/496/243 491/665/243 492/661/243 337/483/243
f 338/446/259 493/648/339 468/649/340 313/449/262
f 347/466/277 465/657/347 476/524/293 321/498/287
f 339/442/255 494/646/337 467/647/338 312/445/258
f 275/424/163 497/643/163 517/435/231 295/366/231
f 293/233/149 515/303/214 496/644/163 274/425/163
f 666/426/163 678/642/163 497/643/163 275/424/163
f 279/429/240 501/640/240 516/439/235 294/328/235
f 277/427/167 499/641/167 498/315/167 276/293/167
f 299/392/168 521/432/168 499/641/167 277/427/167
f 298/385/164 520/433/164 500/639/240 278/428/240
f 278/428/240 500/639/240 501/640/240 279/429/240
f 466/645/336 503/306/224 531/295/208 494/646/337
f 467/647/338 504/296/209 530/299/212 493/648/339
f 468/649/340 505/300/213 506/313/223 469/650/341
f 469/650/341 506/313/223 507/311/221 470/651/342
f 470/651/342 507/311/221 508/312/222 471/504/290
f 472/652/343 509/304/215 510/310/220 473/653/344
f 473/654/344 510/309/220 511/308/219 474/655/345
f 474/655/345 511/308/219 512/307/218 475/656/346
f 475/656/346 512/307/218 502/297/210 465/657/347
f 495/523/292 532/305/216 503/306/217 466/645/348
f 482/658/167 519/437/167 516/439/235 479/512/235
f 478/505/291 515/303/214 509/304/215 472/652/343
f 477/503/289 514/314/225 518/438/167 481/659/167
f 677/660/167 679/436/167 519/437/167 482/658/167
f 492/661/243 529/431/243 517/435/231 480/502/231
f 489/662/163 526/301/163 524/302/164 487/663/164
f 490/664/163 527/434/163 526/301/163 489/662/163
f 483/520/164 520/433/164 527/434/163 490/664/163
f 484/519/168 521/432/168 528/430/243 491/665/243
f 491/665/243 528/430/243 529/431/243 492/661/243
f 493/648/339 530/299/212 505/300/213 468/649/340
f 465/657/347 502/297/210 513/298/211 476/524/293
f 494/646/337 531/295/208 504/296/209 467/647/338
f 583/666/349 546/570/328 574/525/294 611/667/350
f 584/668/351 547/528/297 573/533/302 610/669/352
f 585/670/353 548/536/305 549/583/326 586/671/354
f 586/671/354 549/583/326 550/579/322 587/672/355
f 587/672/355 550/579/322 551/582/325 588/422/252
f 589/673/356 552/564/311 553/578/320 590/674/357
f 590/675/357 553/575/320 554/573/318 591/676/358
f 591/676/358 554/573/318 555/571/316 592/677/359
f 592/677/359 555/571/316 582/529/298 619/678/360
f 612/401/248 575/567/312 546/570/315 583/666/361
f 599/679/167 562/556/167 559/566/235 596/413/235
f 595/418/250 558/561/308 552/564/311 589/673/356
f 594/421/251 557/557/306 561/560/167 598/680/167
f 682/681/167 680/553/167 562/556/167 599/679/167
f 609/682/243 572/540/243 560/552/231 597/423/231
f 606/683/163 569/548/163 567/550/164 604/684/164
f 607/685/163 570/546/163 569/548/163 606/683/163
f 600/407/164 563/543/164 570/546/163 607/685/163
f 601/408/168 564/541/168 571/537/243 608/686/243
f 608/686/243 571/537/243 572/540/243 609/682/243
f 610/669/352 573/533/302 548/536/305 585/670/353
f 619/678/360 582/529/298 556/532/301 593/402/249
f 611/667/350 574/525/294 547/528/297 584/668/351
f 379/586/163 577/687/163 560/552/231 362/551/231
f 359/558/307 557/557/306 551/582/325 353/581/324
f 360/562/309 558/561/308 576/688/163 378/591/163
f 671/594/163 681/689/163 577/687/163 379/586/163
f 383/596/240 581/690/240 559/566/235 361/565/235
f 380/599/167 578/691/167 568/692/168 370/600/168
f 381/603/167 579/693/167 578/691/167 380/599/167
f 366/542/168 564/541/168 579/693/167 381/603/167
f 365/544/164 563/543/164 580/694/240 382/606/240
f 382/606/240 580/694/240 581/690/240 383/596/240
f 377/568/313 575/567/312 556/532/301 358/531/300
f 272/276/193 611/667/350 584/668/351 238/277/194
f 271/278/195 619/678/360 593/402/249 247/275/192
f 270/279/196 610/669/352 585/670/353 239/280/197
f 266/405/243 608/686/243 609/682/243 268/406/243
f 257/387/168 601/408/168 608/686/243 266/405/243
f 256/398/164 600/407/164 607/685/163 264/410/163
f 264/410/163 607/685/163 606/683/163 263/281/163
f 263/281/163 606/683/163 604/684/164 260/282/164
f 268/406/243 609/682/243 597/423/231 251/320/231
f 665/416/167 682/681/167 599/679/167 254/417/167
f 248/225/141 594/421/251 598/680/167 252/420/167
f 249/283/198 595/418/250 589/673/356 243/284/199
f 254/417/167 599/679/167 596/413/235 250/359/235
f 273/274/191 612/401/248 583/666/361 237/285/200
f 246/286/201 592/677/359 619/678/360 271/278/195
f 245/287/202 591/676/358 592/677/359 246/286/201
f 244/288/203 590/675/357 591/676/358 245/287/202
f 243/284/199 589/673/356 590/674/357 244/289/203
f 241/290/204 587/672/355 588/422/252 242/227/143
f 240/291/205 586/671/354 587/672/355 241/290/204
f 239/280/197 585/670/353 586/671/354 240/291/205
f 238/277/194 584/668/351 610/669/352 270/279/196
f 237/285/206 583/666/349 611/667/350 272/276/193
f 577/687/163 614/415/163 597/423/231 560/552/231
f 557/557/306 594/421/251 588/422/252 551/582/325
f 558/561/308 595/418/250 613/419/163 576/688/163
f 681/689/163 683/414/163 614/415/163 577/687/163
f 581/690/240 618/404/240 596/413/235 559/566/235
f 578/691/167 615/411/167 605/412/168 568/692/168
f 579/693/167 616/409/167 615/411/167 578/691/167
f 564/541/168 601/408/168 616/409/167 579/693/167
f 563/543/164 600/407/164 617/403/240 580/694/240
f 580/694/240 617/403/240 618/404/240 581/690/240
f 575/567/312 612/401/248 593/402/249 556/532/301
f 215/400/240 279/429/240 294/328/235 171/327/234 147/336/239 216/363/241
f 576/688/163 613/419/163 659/695/163 657/696/163
f 252/420/167 598/680/167 658/697/167 641/698/167
f 378/591/163 576/688/163 657/696/163 647/699/163
f 598/680/167 561/560/167 656/700/167 658/697/167
f 481/659/167 518/438/167 655/701/167 653/702/167
f 274/425/163 496/644/163 654/703/163 642/704/163
f 326/478/167 481/659/167 653/702/167 644/705/167
f 496/644/163 459/507/163 652/706/163 654/703/163
f 385/617/163 452/592/163 651/707/163 648/708/163
f 363/559/167 437/630/167 650/709/167 646/710/167
f 437/630/167 407/479/167 649/711/167 650/709/167
f 341/506/163 385/617/163 648/708/163 645/712/163
f 452/592/163 378/591/163 647/699/163 651/707/163
f 561/560/167 363/559/167 646/710/167 656/700/167
f 459/507/163 341/506/163 645/712/163 652/706/163
f 407/479/167 326/478/167 644/705/167 649/711/167
f 518/438/167 296/344/167 643/713/167 655/701/167
f 157/345/158 274/425/163 642/704/163 637/714/158
f 155/342/165 252/420/167 641/698/167 632/715/165
f 613/419/163 253/346/163 640/716/163 659/695/163
f 253/346/163 159/341/161 638/717/161 640/716/163
f 158/339/155 157/345/158 637/714/158 633/718/155
f 296/344/167 156/338/154 636/719/154 643/713/167
f 161/340/136 160/343/136 639/720/136 634/721/136
f 160/343/136 155/342/165 632/715/165 639/720/136
f 159/341/161 161/340/136 634/721/136 638/717/161
f 162/337/155 158/339/155 633/718/155 635/722/155
f 156/338/154 162/337/155 635/722/155 636/719/154
usemtl Gold
f 657/696/163 659/695/163 683/414/163 681/689/163
f 641/698/167 658/697/167 682/681/167 665/416/167
f 647/699/163 657/696/163 681/689/163 671/594/163
f 658/697/167 656/700/167 680/553/167 682/681/167
f 653/702/167 655/701/167 679/436/167 677/660/167
f 642/704/163 654/703/163 678/642/163 666/426/163
f 644/705/167 653/702/167 677/660/167 668/481/167
f 654/703/163 652/706/163 676/508/163 678/642/163
f 648/708/163 651/707/163 675/593/163 672/615/163
f 646/710/167 650/709/167 674/628/167 670/554/167
f 650/709/167 649/711/167 673/480/167 674/628/167
f 645/712/163 648/708/163 672/615/163 669/509/163
f 651/707/163 647/699/163 671/594/163 675/593/163
f 656/700/167 646/710/167 670/554/167 680/553/167
f 652/706/163 645/712/163 669/509/163 676/508/163
f 649/711/167 644/705/167 668/481/167 673/480/167
f 655/701/167 643/713/167 667/354/167 679/436/167
f 637/714/158 642/704/163 666/426/163 661/355/158
f 632/715/165 641/698/167 665/416/167 684/353/165
f 659/695/163 640/716/163 664/356/163 683/414/163
f 640/716/163 638/717/161 662/350/161 664/356/163
f 633/718/155 637/714/158 661/355/158 685/349/155
f 643/713/167 636/719/154 660/347/154 667/354/167
f 634/721/136 639/720/136 663/352/136 686/351/136
f 639/720/136 632/715/165 684/353/165 663/352/136
f 638/717/161 634/721/136 686/351/136 662/350/161
f 635/722/155 633/718/155 685/349/155 687/348/155
f 636/719/154 635/722/155 687/348/155 660/347/154
usemtl BlackVoid
f 302/251/164 183/249/162 179/239/153 300/723/241
f 301/724/242 181/238/152 185/253/166 303/294/168
f 300/723/241 179/239/153 181/238/152 301/724/242
f 180/247/160 258/725/241 259/726/242 182/242/156
f 182/242/156 259/726/242 261/255/168 186/243/157
f 184/246/159 260/282/164 258/725/241 180/247/160
f 522/727/241 300/723/241 301/724/242 523/728/242
f 523/728/242 301/724/242 303/294/168 525/316/168
f 524/302/164 302/251/164 300/723/241 522/727/241
f 413/489/164 332/488/164 330/729/241 411/730/241
f 412/731/242 331/732/242 333/515/168 414/614/168
f 411/730/241 330/729/241 331/732/242 412/731/242
f 565/733/241 367/734/241 368/735/242 566/736/242
f 566/736/242 368/735/242 370/600/168 568/692/168
f 567/550/164 369/549/164 367/734/241 565/733/241
f 441/737/241 411/730/241 412/731/242 442/738/242
f 442/738/242 412/731/242 414/614/168 444/601/168
f 443/627/164 413/489/164 411/730/241 441/737/241
f 369/549/164 443/627/164 441/737/241 367/734/241
f 368/735/242 442/738/242 444/601/168 370/600/168
f 367/734/241 441/737/241 442/738/242 368/735/242
f 332/488/164 487/663/164 485/739/241 330/729/241
f 331/732/242 486/740/242 488/516/168 333/515/168
f 330/729/241 485/739/241 486/740/242 331/732/242
f 487/663/164 524/302/164 522/727/241 485/739/241
f 486/740/242 523/728/242 525/316/168 488/516/168
f 485/739/241 522/727/241 523/728/242 486/740/242
f 604/684/164 567/550/164 565/733/241 602/741/241
f 603/742/242 566/736/242 568/692/168 605/412/168
f 602/741/241 565/733/241 566/736/242 603/742/242
f 258/725/241 602/741/241 603/742/242 259/726/242
f 259/726/242 603/742/242 605/412/168 261/255/168
f 260/282/164 604/684/164 602/741/241 258/725/241
o Cylinder.003_Cylinder.005
v -1.479440 -0.395501 -4.098542
v -1.479440 0.000000 -1.342663
v -1.479440 -0.685027 -2.976191
v -1.479440 -0.791001 -1.443032
v -1.479440 -0.685027 0.090128
v -1.479440 -0.395501 1.212478
v -1.479440 -0.000000 1.500314
v -1.479440 0.240540 1.332730
v -1.479440 0.685027 0.090129
v -1.479440 0.791001 -1.443030
v -1.479440 0.685027 -2.976190
v -1.479440 0.395501 -4.098541
v -1.720741 -0.000000 -1.342663
v -1.720741 -0.395501 -4.098542
v -1.720741 -0.685027 -2.976191
v -1.720741 -0.791001 -1.443032
v -1.720741 -0.685027 0.090128
v -1.720741 -0.395501 1.212478
v -1.720741 -0.000000 1.500314
v -1.720741 0.240540 1.332730
v -1.720741 0.685027 0.090129
v -1.720741 0.791001 -1.443030
v -1.720741 0.685027 -2.976190
v -1.720741 0.395501 -4.098541
v -1.720741 0.197751 -4.303946
v -1.479440 0.197751 -4.303946
v -1.720741 -0.197750 -4.303946
v -1.479440 -0.197750 -4.303946
v -1.720741 0.208723 -1.408291
v -1.479440 0.208723 -1.408291
v -1.479440 -0.204156 -1.414889
v -1.720741 -0.204156 -1.414889
v -1.577741 -0.395501 -4.098542
v -1.577741 -0.685027 -2.976191
v -1.577741 -0.791001 -1.443032
v -1.577741 -0.685027 0.090128
v -1.577741 -0.395501 1.212478
v -1.577741 -0.000000 1.500314
v -1.577741 0.240540 1.332730
v -1.577741 0.685027 0.090129
v -1.577741 0.791001 -1.443030
v -1.577741 0.685027 -2.976190
v -1.577741 0.395501 -4.098541
v -1.577741 0.000000 -1.342663
v -1.577741 0.197751 -4.303946
v -1.577741 -0.197750 -4.303946
v -1.577741 0.208723 -1.408291
v -1.577741 -0.204156 -1.414889
v -1.631820 -0.395501 -4.098542
v -1.631820 -0.685027 -2.976191
v -1.631820 -0.791001 -1.443032
v -1.631820 -0.685027 0.090128
v -1.631820 -0.395501 1.212478
v -1.631820 -0.000000 1.500314
v -1.631820 0.240540 1.332730
v -1.631820 0.685027 0.090129
v -1.631820 0.791001 -1.443030
v -1.631820 0.685027 -2.976190
v -1.631820 0.395501 -4.098541
v -1.631820 0.197751 -4.303946
v -1.631820 -0.197750 -4.303946
v -1.631820 0.208723 -1.408291
v -1.631820 -0.204156 -1.414889
v -1.631820 -0.000000 -1.342663
v 1.479440 -0.395501 -4.098543
v 1.479440 0.000000 -1.342663
v 1.479440 -0.685027 -2.976192
v 1.479440 -0.791001 -1.443032
v 1.479440 -0.685027 0.090128
v 1.479440 -0.395501 1.212479
v 1.479440 -0.000000 1.500314
v 1.479440 0.240540 1.332730
v 1.479440 0.685027 0.090129
v 1.479440 0.791001 -1.443031
v 1.479440 0.685027 -2.976190
v 1.479440 0.395501 -4.098542
v 1.720741 -0.000000 -1.342663
v 1.720741 -0.395501 -4.098543
v 1.720741 -0.685027 -2.976192
v 1.720741 -0.791001 -1.443032
v 1.720741 -0.685027 0.090128
v 1.720741 -0.395501 1.212479
v 1.720741 -0.000000 1.500314
v 1.720741 0.240540 1.332730
v 1.720741 0.685027 0.090129
v 1.720741 0.791001 -1.443031
v 1.720741 0.685027 -2.976190
v 1.720741 0.395501 -4.098542
v 1.720741 0.197751 -4.303946
v 1.479440 0.197751 -4.303946
v 1.720741 -0.197750 -4.303947
v 1.479440 -0.197750 -4.303947
v 1.720741 0.208723 -1.408291
v 1.479440 0.208723 -1.408291
v 1.479440 -0.204156 -1.414889
v 1.720741 -0.204156 -1.414889
v 1.577741 -0.395501 -4.098543
v 1.577741 -0.685027 -2.976192
v 1.577741 -0.791001 -1.443032
v 1.577741 -0.685027 0.090128
v 1.577741 -0.395501 1.212479
v 1.577741 -0.000000 1.500314
v 1.577741 0.240540 1.332730
v 1.577741 0.685027 0.090129
v 1.577741 0.791001 -1.443031
v 1.577741 0.685027 -2.976190
v 1.577741 0.395501 -4.098542
v 1.577741 0.000000 -1.342663
v 1.577741 0.197751 -4.303946
v 1.577741 -0.197750 -4.303947
v 1.577741 0.208723 -1.408291
v 1.577741 -0.204156 -1.414889
v 1.631820 -0.395501 -4.098543
v 1.631820 -0.685027 -2.976192
v 1.631820 -0.791001 -1.443032
v 1.631820 -0.685027 0.090128
v 1.631820 -0.395501 1.212479
v 1.631820 -0.000000 1.500314
v 1.631820 0.240540 1.332730
v 1.631820 0.685027 0.090129
v 1.631820 0.791001 -1.443031
v 1.631820 0.685027 -2.976190
v 1.631820 0.395501 -4.098542
v 1.631820 0.197751 -4.303946
v 1.631820 -0.197750 -4.303947
v 1.631820 0.208723 -1.408291
v 1.631820 -0.204156 -1.414889
v 1.631820 -0.000000 -1.342663
vt 0.958333 0.684253
vt 0.916667 0.684253
vt 0.916667 0.500000
vt 0.958333 0.500000
vt 0.916667 0.796310
vt 0.916667 1.000000
vt 0.833333 1.000000
vt 0.833333 0.796310
vt 0.750000 1.000000
vt 0.750000 0.796309
vt 0.666667 1.000000
vt 0.666667 0.796310
vt 0.583333 1.000000
vt 0.583333 0.796310
vt 0.500000 1.000000
vt 0.500000 0.796310
vt 0.416667 1.000000
vt 0.416667 0.796309
vt 0.333333 1.000000
vt 0.333333 0.796310
vt 0.250000 1.000000
vt 0.250000 0.796309
vt 0.166667 1.000000
vt 0.166667 0.796309
vt 0.083333 1.000000
vt 0.083333 0.796309
vt 0.039431 0.796309
vt 0.039431 1.000000
vt 0.000000 1.000000
vt 0.000000 0.796310
vt 0.370000 0.457846
vt 0.310000 0.473923
vt 0.304853 0.475302
vt 0.250000 0.490000
vt 0.193220 0.474786
vt 0.190000 0.473923
vt 0.130000 0.457846
vt 0.042154 0.370000
vt 0.010000 0.250000
vt 0.042154 0.130000
vt 0.130000 0.042154
vt 0.250000 0.010000
vt 0.370000 0.042154
vt 0.457846 0.130000
vt 0.490000 0.250000
vt 0.457846 0.370000
vt 0.750000 0.490000
vt 0.804853 0.475302
vt 0.810000 0.473923
vt 0.870000 0.457846
vt 0.957846 0.370000
vt 0.990000 0.250000
vt 0.957846 0.130000
vt 0.870000 0.042154
vt 0.750000 0.010000
vt 0.630000 0.042154
vt 0.542154 0.130000
vt 0.510000 0.250000
vt 0.542154 0.370000
vt 0.630000 0.457846
vt 0.690000 0.473923
vt 0.693220 0.474786
vt 0.041667 1.000000
vt 0.041667 0.796310
vt 0.961908 0.684253
vt 0.961908 0.500000
vt 1.000000 0.684253
vt 1.000000 0.500000
vt 1.000000 1.000000
vt 0.961908 1.000000
vt 0.961908 0.796310
vt 1.000000 0.796310
vt 0.958333 1.000000
vt 0.958333 0.796309
vt 0.833333 0.684253
vt 0.833333 0.500000
vt 0.750000 0.684253
vt 0.750000 0.500000
vt 0.666667 0.684253
vt 0.666667 0.500000
vt 0.583333 0.684253
vt 0.583333 0.500000
vt 0.500000 0.684253
vt 0.500000 0.500000
vt 0.416667 0.684253
vt 0.416667 0.500000
vt 0.333333 0.684253
vt 0.333333 0.500000
vt 0.250000 0.684253
vt 0.250000 0.500000
vt 0.166667 0.684253
vt 0.166667 0.500000
vt 0.083333 0.684253
vt 0.083333 0.500000
vt 0.039431 0.500000
vt 0.039431 0.684253
vt 0.000000 0.684253
vt 0.000000 0.500000
vt 0.041667 0.684253
vt 0.041667 0.500000
vt 0.958333 0.684253
vt 0.958333 0.500000
vt 0.916667 0.500000
vt 0.916667 0.684253
vt 0.916667 0.796310
vt 0.833333 0.796310
vt 0.833333 1.000000
vt 0.916667 1.000000
vt 0.750000 0.796309
vt 0.750000 1.000000
vt 0.666667 0.796310
vt 0.666667 1.000000
vt 0.583333 0.796310
vt 0.583333 1.000000
vt 0.500000 0.796310
vt 0.500000 1.000000
vt 0.416667 0.796309
vt 0.416667 1.000000
vt 0.333333 0.796310
vt 0.333333 1.000000
vt 0.250000 0.796309
vt 0.250000 1.000000
vt 0.166667 0.796309
vt 0.166667 1.000000
vt 0.083333 0.796309
vt 0.083333 1.000000
vt 0.039431 0.796309
vt 0.000000 0.796310
vt 0.000000 1.000000
vt 0.039431 1.000000
vt 0.370000 0.457846
vt 0.457846 0.370000
vt 0.490000 0.250000
vt 0.457846 0.130000
vt 0.370000 0.042154
vt 0.250000 0.010000
vt 0.130000 0.042154
vt 0.042154 0.130000
vt 0.010000 0.250000
vt 0.042154 0.370000
vt 0.130000 0.457846
vt 0.190000 0.473923
vt 0.193220 0.474786
vt 0.250000 0.490000
vt 0.304853 0.475302
vt 0.310000 0.473923
vt 0.750000 0.490000
vt 0.693220 0.474786
vt 0.690000 0.473923
vt 0.630000 0.457846
vt 0.542154 0.370000
vt 0.510000 0.250000
vt 0.542154 0.130000
vt 0.630000 0.042154
vt 0.750000 0.010000
vt 0.870000 0.042154
vt 0.957846 0.130000
vt 0.990000 0.250000
vt 0.957846 0.370000
vt 0.870000 0.457846
vt 0.810000 0.473923
vt 0.804853 0.475302
vt 0.041667 0.796310
vt 0.041667 1.000000
vt 0.961908 0.684253
vt 0.961908 0.500000
vt 1.000000 0.684253
vt 1.000000 0.500000
vt 1.000000 1.000000
vt 1.000000 0.796310
vt 0.961908 0.796310
vt 0.961908 1.000000
vt 0.958333 0.796309
vt 0.958333 1.000000
vt 0.833333 0.500000
vt 0.833333 0.684253
vt 0.750000 0.500000
vt 0.750000 0.684253
vt 0.666667 0.500000
vt 0.666667 0.684253
vt 0.583333 0.500000
vt 0.583333 0.684253
vt 0.500000 0.500000
vt 0.500000 0.684253
vt 0.416667 0.500000
vt 0.416667 0.684253
vt 0.333333 0.500000
vt 0.333333 0.684253
vt 0.250000 0.500000
vt 0.250000 0.684253
vt 0.166667 0.500000
vt 0.166667 0.684253
vt 0.083333 0.500000
vt 0.083333 0.684253
vt 0.039431 0.500000
vt 0.000000 0.500000
vt 0.000000 0.684253
vt 0.039431 0.684253
vt 0.041667 0.500000
vt 0.041667 0.684253
vn 0.0000 -0.7204 -0.6936
vn 0.0000 -0.9683 -0.2498
vn 0.0000 -0.9976 -0.0690
vn 0.0000 -0.9976 0.0690
vn 0.0000 -0.9683 0.2498
vn 0.0000 -0.5884 0.8085
vn 0.0000 0.5716 0.8205
vn -0.0000 0.9416 0.3368
vn 0.0000 0.9976 0.0690
vn 0.0000 0.9976 -0.0690
vn 0.0000 0.9683 -0.2498
vn 0.0000 -0.2999 -0.9540
vn 1.0000 0.0000 0.0000
vn -1.0000 -0.0000 0.0000
vn -0.0000 0.7204 -0.6936
vn -0.0000 1.0000 0.0022
vn 0.0000 -1.0000 0.0038
vn -0.0000 0.3335 -0.9427
usemtl Porple
s off
f 748/743/362 736/744/362 701/745/362 714/746/362
f 720/747/363 688/748/363 690/749/363 721/750/363
f 721/750/364 690/749/364 691/751/364 722/752/364
f 722/752/365 691/751/365 692/753/365 723/754/365
f 723/754/366 692/753/366 693/755/366 724/756/366
f 724/756/367 693/755/367 694/757/367 725/758/367
f 725/758/368 694/757/368 695/759/368 726/760/368
f 726/760/369 695/759/369 696/761/369 727/762/369
f 727/762/370 696/761/370 697/763/370 728/764/370
f 728/764/371 697/763/371 698/765/371 729/766/371
f 729/766/372 698/765/372 699/767/372 730/768/372
f 734/769/373 717/770/373 689/771/373 731/772/373
f 688/773/374 715/774/374 718/775/374 689/776/374 717/777/374 713/778/374 699/779/374 698/780/374 697/781/374 696/782/374 695/783/374 694/784/374 693/785/374 692/786/374 691/787/374 690/788/374
f 700/789/375 719/790/375 714/791/375 701/792/375 702/793/375 703/794/375 704/795/375 705/796/375 706/797/375 707/798/375 708/799/375 709/800/375 710/801/375 711/802/375 712/803/375 716/804/375
f 730/768/376 699/767/376 713/805/376 732/806/376
f 750/807/377 748/743/377 714/746/377 719/808/377
f 732/806/378 713/805/378 717/770/378 734/769/378
f 751/809/379 750/807/379 719/808/379 700/810/379
f 689/811/379 718/812/379 735/813/379 731/814/379
f 718/812/377 715/815/377 733/816/377 735/813/377
f 715/815/362 688/748/362 720/747/362 733/816/362
f 701/745/363 736/744/363 737/817/363 702/818/363
f 702/818/364 737/817/364 738/819/364 703/820/364
f 703/820/365 738/819/365 739/821/365 704/822/365
f 704/822/366 739/821/366 740/823/366 705/824/366
f 705/824/367 740/823/367 741/825/367 706/826/367
f 706/826/368 741/825/368 742/827/368 707/828/368
f 707/828/369 742/827/369 743/829/369 708/830/369
f 708/830/370 743/829/370 744/831/370 709/832/370
f 709/832/371 744/831/371 745/833/371 710/834/371
f 710/834/372 745/833/372 746/835/372 711/836/372
f 716/837/373 749/838/373 751/839/373 700/840/373
f 711/836/376 746/835/376 747/841/376 712/842/376
f 712/842/378 747/841/378 749/838/378 716/837/378
f 812/843/362 778/844/362 765/845/362 800/846/362
f 784/847/363 785/848/363 754/849/363 752/850/363
f 785/848/364 786/851/364 755/852/364 754/849/364
f 786/851/365 787/853/365 756/854/365 755/852/365
f 787/853/366 788/855/366 757/856/366 756/854/366
f 788/855/367 789/857/367 758/858/367 757/856/367
f 789/857/368 790/859/368 759/860/368 758/858/368
f 790/859/369 791/861/369 760/862/369 759/860/369
f 791/861/370 792/863/370 761/864/370 760/862/370
f 792/863/371 793/865/371 762/866/371 761/864/371
f 793/865/372 794/867/372 763/868/372 762/866/372
f 798/869/373 795/870/373 753/871/373 781/872/373
f 752/873/375 754/874/375 755/875/375 756/876/375 757/877/375 758/878/375 759/879/375 760/880/375 761/881/375 762/882/375 763/883/375 777/884/375 781/885/375 753/886/375 782/887/375 779/888/375
f 764/889/374 780/890/374 776/891/374 775/892/374 774/893/374 773/894/374 772/895/374 771/896/374 770/897/374 769/898/374 768/899/374 767/900/374 766/901/374 765/902/374 778/903/374 783/904/374
f 794/867/376 796/905/376 777/906/376 763/868/376
f 814/907/377 783/908/377 778/844/377 812/843/377
f 796/905/378 798/869/378 781/872/378 777/906/378
f 815/909/379 764/910/379 783/908/379 814/907/379
f 753/911/379 795/912/379 799/913/379 782/914/379
f 782/914/377 799/913/377 797/915/377 779/916/377
f 779/916/362 797/915/362 784/847/362 752/850/362
f 765/845/363 766/917/363 801/918/363 800/846/363
f 766/917/364 767/919/364 802/920/364 801/918/364
f 767/919/365 768/921/365 803/922/365 802/920/365
f 768/921/366 769/923/366 804/924/366 803/922/366
f 769/923/367 770/925/367 805/926/367 804/924/367
f 770/925/368 771/927/368 806/928/368 805/926/368
f 771/927/369 772/929/369 807/930/369 806/928/369
f 772/929/370 773/931/370 808/932/370 807/930/370
f 773/931/371 774/933/371 809/934/371 808/932/371
f 774/933/372 775/935/372 810/936/372 809/934/372
f 780/937/373 764/938/373 815/939/373 813/940/373
f 775/935/376 776/941/376 811/942/376 810/936/376
f 776/941/378 780/937/378 813/940/378 811/942/378
usemtl DarkPorple
f 747/841/378 732/806/378 734/769/378 749/838/378
f 746/835/376 730/768/376 732/806/376 747/841/376
f 749/838/373 734/769/373 731/772/373 751/839/373
f 745/833/372 729/766/372 730/768/372 746/835/372
f 744/831/371 728/764/371 729/766/371 745/833/371
f 743/829/370 727/762/370 728/764/370 744/831/370
f 742/827/369 726/760/369 727/762/369 743/829/369
f 741/825/368 725/758/368 726/760/368 742/827/368
f 740/823/367 724/756/367 725/758/367 741/825/367
f 739/821/366 723/754/366 724/756/366 740/823/366
f 738/819/365 722/752/365 723/754/365 739/821/365
f 737/817/364 721/750/364 722/752/364 738/819/364
f 736/744/363 720/747/363 721/750/363 737/817/363
f 731/814/379 735/813/379 750/807/379 751/809/379
f 735/813/377 733/816/377 748/743/377 750/807/377
f 733/816/362 720/747/362 736/744/362 748/743/362
f 811/942/378 813/940/378 798/869/378 796/905/378
f 810/936/376 811/942/376 796/905/376 794/867/376
f 813/940/373 815/939/373 795/870/373 798/869/373
f 809/934/372 810/936/372 794/867/372 793/865/372
f 808/932/371 809/934/371 793/865/371 792/863/371
f 807/930/370 808/932/370 792/863/370 791/861/370
f 806/928/369 807/930/369 791/861/369 790/859/369
f 805/926/368 806/928/368 790/859/368 789/857/368
f 804/924/367 805/926/367 789/857/367 788/855/367
f 803/922/366 804/924/366 788/855/366 787/853/366
f 802/920/365 803/922/365 787/853/365 786/851/365
f 801/918/364 802/920/364 786/851/364 785/848/364
f 800/846/363 801/918/363 785/848/363 784/847/363
f 795/912/379 815/909/379 814/907/379 799/913/379
f 799/913/377 814/907/377 812/843/377 797/915/377
f 797/915/362 812/843/362 800/846/362 784/847/362
o Cube.002_Cube.003
v -3.345593 0.216284 0.990979
v -3.324889 0.346213 0.990979
v -2.880765 0.142215 0.899060
v -2.860061 0.272143 0.899060
v -2.484741 0.079109 0.581659
v -2.464037 0.209038 0.581659
v -2.594462 0.096593 1.464971
v -2.573758 0.226521 1.464971
v -2.195418 0.033006 0.034571
v -2.205464 0.167834 1.337800
v -2.174715 0.162935 0.034571
v -2.226168 0.037906 1.337800
v -1.893742 -0.015066 -1.274131
v -1.820741 0.106529 1.392785
v -1.873038 0.114863 -1.274131
v -1.841445 -0.023399 1.392785
v 3.345594 0.216284 0.990979
v 3.324890 0.346213 0.990979
v 2.880765 0.142215 0.899060
v 2.860062 0.272143 0.899060
v 2.484741 0.079109 0.581659
v 2.464037 0.209037 0.581659
v 2.594462 0.096593 1.464971
v 2.573758 0.226521 1.464971
v 2.195419 0.033006 0.034571
v 2.205464 0.167834 1.337800
v 2.174715 0.162934 0.034571
v 2.226169 0.037906 1.337800
v 1.893742 -0.015066 -1.274131
v 1.820742 0.106529 1.392785
v 1.873039 0.114863 -1.274131
v 1.841446 -0.023399 1.392785
vt 0.375000 0.412298
vt 0.375000 0.500000
vt 0.625000 0.500000
vt 0.625000 0.412298
vt 0.375000 0.750000
vt 0.625000 0.750000
vt 0.287298 0.500000
vt 0.287298 0.750000
vt 0.159467 0.500000
vt 0.625000 0.284467
vt 0.840533 0.750000
vt 0.375000 0.965533
vt 0.712702 0.750000
vt 0.712702 0.500000
vt 0.206963 0.500000
vt 0.206963 0.750000
vt 0.375000 0.837702
vt 0.625000 0.837702
vt 0.375000 0.331963
vt 0.625000 0.331963
vt 0.375000 0.284467
vt 0.159467 0.750000
vt 0.793037 0.750000
vt 0.793037 0.500000
vt 0.375000 0.918037
vt 0.625000 0.918037
vt 0.840533 0.500000
vt 0.625000 0.965533
vt 0.375000 0.412298
vt 0.625000 0.412298
vt 0.625000 0.500000
vt 0.375000 0.500000
vt 0.625000 0.750000
vt 0.375000 0.750000
vt 0.287298 0.500000
vt 0.287298 0.750000
vt 0.159467 0.500000
vt 0.375000 0.965533
vt 0.840533 0.750000
vt 0.625000 0.284467
vt 0.712702 0.500000
vt 0.712702 0.750000
vt 0.206963 0.500000
vt 0.206963 0.750000
vt 0.625000 0.837702
vt 0.375000 0.837702
vt 0.375000 0.331963
vt 0.625000 0.331963
vt 0.375000 0.284467
vt 0.159467 0.750000
vt 0.793037 0.500000
vt 0.793037 0.750000
vt 0.625000 0.918037
vt 0.375000 0.918037
vt 0.840533 0.500000
vt 0.625000 0.965533
vn -0.6129 0.0977 -0.7841
vn -0.1893 0.0302 -0.9815
vn -0.1574 -0.9875 0.0000
vn 0.9873 -0.1573 -0.0199
vn 0.1574 0.9875 0.0000
vn -0.5223 0.0832 0.8487
vn -0.8706 0.1387 -0.4721
vn -0.9617 0.1532 -0.2273
vn 0.3187 -0.0508 0.9465
vn -0.1380 0.0220 0.9902
vn 0.6129 0.0977 -0.7841
vn 0.1893 0.0302 -0.9815
vn 0.1574 -0.9875 -0.0000
vn -0.9873 -0.1573 -0.0199
vn -0.1574 0.9875 0.0000
vn 0.5223 0.0832 0.8487
vn 0.8706 0.1387 -0.4721
vn 0.9617 0.1532 -0.2273
vn -0.3187 -0.0508 0.9465
vn 0.1380 0.0220 0.9902
usemtl Porple
s off
f 820/943/380 818/944/380 819/945/380 821/946/380
f 818/944/381 816/947/381 817/948/381 819/945/381
f 820/949/382 822/950/382 816/947/382 818/944/382
f 828/951/383 830/952/383 829/953/383 831/954/383
f 819/945/384 817/948/384 823/955/384 821/956/384
f 824/957/382 827/958/382 822/950/382 820/949/382
f 816/947/385 822/959/385 823/960/385 817/948/385
f 824/961/386 820/943/386 821/946/386 826/962/386
f 828/963/387 824/961/387 826/962/387 830/952/387
f 828/951/382 831/964/382 827/958/382 824/957/382
f 821/956/384 823/955/384 825/965/384 826/966/384
f 822/959/388 827/967/388 825/968/388 823/960/388
f 826/966/384 825/965/384 829/953/384 830/969/384
f 827/967/389 831/954/389 829/970/389 825/968/389
f 836/971/390 837/972/390 835/973/390 834/974/390
f 834/974/391 835/973/391 833/975/391 832/976/391
f 836/977/392 834/974/392 832/976/392 838/978/392
f 844/979/393 847/980/393 845/981/393 846/982/393
f 835/973/394 837/983/394 839/984/394 833/975/394
f 840/985/392 836/977/392 838/978/392 843/986/392
f 832/976/395 833/975/395 839/987/395 838/988/395
f 840/989/396 842/990/396 837/972/396 836/971/396
f 844/991/397 846/982/397 842/990/397 840/989/397
f 844/979/392 840/985/392 843/986/392 847/992/392
f 837/983/394 842/993/394 841/994/394 839/984/394
f 838/988/398 839/987/398 841/995/398 843/996/398
f 842/993/394 846/997/394 845/981/394 841/994/394
f 843/996/399 841/995/399 845/998/399 847/980/399
o Cube.003_Cube.004
v -1.130386 1.107494 1.127827
v -1.059546 1.159220 1.127827
v -0.990721 0.927057 1.033707
v -0.919881 0.978784 1.033707
v -0.816082 0.700091 0.282605
v -0.745243 0.751817 0.282605
v -1.055458 1.009340 1.848660
v -0.984618 1.061066 1.848660
v -0.590662 0.406325 -0.359610
v -0.568484 0.521468 1.380297
v -0.519822 0.458051 -0.359610
v -0.639324 0.469741 1.380297
v -0.457386 0.232643 -1.361138
v -0.340548 0.224791 1.213455
v -0.386547 0.284369 -1.361138
v -0.411388 0.173064 1.213455
v 1.130386 1.107494 1.127827
v 1.059546 1.159220 1.127827
v 0.990721 0.927057 1.033707
v 0.919881 0.978784 1.033707
v 0.816082 0.700091 0.282605
v 0.745243 0.751817 0.282605
v 1.055458 1.009340 1.848660
v 0.984618 1.061067 1.848660
v 0.590662 0.406325 -0.359610
v 0.568484 0.521468 1.380297
v 0.519822 0.458051 -0.359610
v 0.639324 0.469741 1.380297
v 0.457386 0.232643 -1.361138
v 0.340548 0.224791 1.213455
v 0.386547 0.284369 -1.361138
v 0.411388 0.173064 1.213455
vt 0.375000 0.412298
vt 0.375000 0.500000
vt 0.625000 0.500000
vt 0.625000 0.412298
vt 0.375000 0.750000
vt 0.625000 0.750000
vt 0.287298 0.500000
vt 0.287298 0.750000
vt 0.159467 0.500000
vt 0.625000 0.284467
vt 0.840533 0.750000
vt 0.375000 0.965533
vt 0.712702 0.750000
vt 0.712702 0.500000
vt 0.206963 0.500000
vt 0.211881 0.750000
vt 0.375000 0.837702
vt 0.625000 0.837702
vt 0.375000 0.331963
vt 0.625000 0.331963
vt 0.375000 0.284467
vt 0.159467 0.750000
vt 0.788119 0.750000
vt 0.793037 0.500000
vt 0.375000 0.913119
vt 0.625000 0.913119
vt 0.840533 0.500000
vt 0.625000 0.965533
vt 0.375000 0.412298
vt 0.625000 0.412298
vt 0.625000 0.500000
vt 0.375000 0.500000
vt 0.625000 0.750000
vt 0.375000 0.750000
vt 0.287298 0.500000
vt 0.287298 0.750000
vt 0.159467 0.500000
vt 0.375000 0.965533
vt 0.840533 0.750000
vt 0.625000 0.284467
vt 0.712702 0.500000
vt 0.712702 0.750000
vt 0.206963 0.500000
vt 0.211881 0.750000
vt 0.625000 0.837702
vt 0.375000 0.837702
vt 0.375000 0.331963
vt 0.625000 0.331963
vt 0.375000 0.284467
vt 0.159467 0.750000
vt 0.793037 0.500000
vt 0.788119 0.750000
vt 0.625000 0.913119
vt 0.375000 0.913119
vt 0.840533 0.500000
vt 0.625000 0.965533
vn -0.5510 0.7547 -0.3562
vn -0.2249 0.3081 -0.9244
vn -0.7933 -0.6088 -0.0015
vn 0.5895 -0.8073 -0.0292
vn 0.7933 0.6088 0.0015
vn -0.7926 -0.6097 -0.0003
vn -0.5812 0.7960 0.1688
vn -0.5109 0.6997 -0.4994
vn -0.5761 0.7890 -0.2135
vn -0.7931 -0.6092 0.0001
vn 0.7926 0.6097 0.0003
vn 0.3341 -0.4576 0.8240
vn 0.7931 0.6092 -0.0001
vn 0.2402 -0.3290 0.9133
vn 0.5510 0.7547 -0.3562
vn 0.2249 0.3081 -0.9244
vn 0.7933 -0.6088 -0.0015
vn -0.5895 -0.8073 -0.0292
vn -0.7933 0.6088 0.0015
vn 0.7926 -0.6097 -0.0003
vn 0.5812 0.7960 0.1688
vn 0.5109 0.6997 -0.4994
vn 0.5761 0.7890 -0.2135
vn 0.7931 -0.6092 0.0001
vn -0.7926 0.6097 0.0003
vn -0.3341 -0.4576 0.8240
vn -0.7931 0.6092 -0.0001
vn -0.2402 -0.3290 0.9133
usemtl Porple
s off
f 852/999/400 850/1000/400 851/1001/400 853/1002/400
f 850/1000/401 848/1003/401 849/1004/401 851/1001/401
f 852/1005/402 854/1006/402 848/1003/402 850/1000/402
f 860/1007/403 862/1008/403 861/1009/403 863/1010/403
f 851/1001/404 849/1004/404 855/1011/404 853/1012/404
f 856/1013/405 859/1014/405 854/1006/405 852/1005/405
f 848/1003/406 854/1015/406 855/1016/406 849/1004/406
f 856/1017/407 852/999/407 853/1002/407 858/1018/407
f 860/1019/408 856/1017/408 858/1018/408 862/1008/408
f 860/1007/409 863/1020/409 859/1014/409 856/1013/409
f 853/1012/410 855/1011/410 857/1021/410 858/1022/410
f 854/1015/411 859/1023/411 857/1024/411 855/1016/411
f 858/1022/412 857/1021/412 861/1009/412 862/1025/412
f 859/1023/413 863/1010/413 861/1026/413 857/1024/413
f 868/1027/414 869/1028/414 867/1029/414 866/1030/414
f 866/1030/415 867/1029/415 865/1031/415 864/1032/415
f 868/1033/416 866/1030/416 864/1032/416 870/1034/416
f 876/1035/417 879/1036/417 877/1037/417 878/1038/417
f 867/1029/418 869/1039/418 871/1040/418 865/1031/418
f 872/1041/419 868/1033/419 870/1034/419 875/1042/419
f 864/1032/420 865/1031/420 871/1043/420 870/1044/420
f 872/1045/421 874/1046/421 869/1028/421 868/1027/421
f 876/1047/422 878/1038/422 874/1046/422 872/1045/422
f 876/1035/423 872/1041/423 875/1042/423 879/1048/423
f 869/1039/424 874/1049/424 873/1050/424 871/1040/424
f 870/1044/425 871/1043/425 873/1051/425 875/1052/425
f 874/1049/426 878/1053/426 877/1037/426 873/1050/426
f 875/1052/427 873/1051/427 877/1054/427 879/1036/427
o Sphere.001_Sphere.003
v 0.000000 0.469553 -2.240406
v 0.000000 0.263736 -2.507781
v -0.000000 0.761234 -1.098015
v 0.087947 0.655253 -1.663499
v 0.158474 0.484230 -2.107483
v 0.197614 0.282039 -2.342030
v 0.155746 0.677823 -1.459099
v 0.280644 0.524899 -1.739167
v 0.349957 0.332752 -1.882747
v 0.187865 0.709646 -1.170891
v 0.338522 0.582243 -1.219833
v 0.422129 0.404259 -1.235148
v 0.176947 0.732289 -0.965828
v 0.318848 0.623666 -0.844687
v 0.397597 0.456104 -0.765613
v 0.125493 0.748782 -0.816461
v 0.226130 0.653386 -0.575536
v 0.281980 0.493164 -0.429987
v 0.045289 0.758095 -0.732116
v 0.081609 0.670168 -0.423552
v -0.045289 0.758095 -0.732116
v -0.081609 0.670168 -0.423552
v -0.125493 0.748782 -0.816461
v -0.226130 0.653386 -0.575536
v -0.281980 0.493164 -0.429987
v -0.176947 0.732289 -0.965828
v -0.318848 0.623666 -0.844687
v -0.397597 0.456104 -0.765613
v -0.187865 0.709646 -1.170891
v -0.338522 0.582243 -1.219833
v -0.422129 0.404259 -1.235149
v -0.155746 0.677823 -1.459099
v -0.280644 0.524899 -1.739167
v -0.349957 0.332752 -1.882747
v -0.087947 0.655253 -1.663499
v -0.158474 0.484230 -2.107483
v -0.197614 0.282039 -2.342030
v -0.000000 0.647108 -1.737266
v 0.101764 0.514090 -0.240466
v -0.101764 0.514090 -0.240466
v 0.124709 0.566107 -1.894928
v 0.220849 0.598111 -1.605086
v 0.266395 0.643237 -1.196402
v 0.250914 0.675669 -0.902683
v 0.177950 0.699056 -0.690878
v 0.064221 0.712263 -0.571276
v -0.064221 0.712263 -0.571276
v -0.177950 0.699056 -0.690878
v -0.250914 0.675669 -0.902683
v -0.266395 0.643237 -1.196402
v -0.220849 0.598111 -1.605086
v -0.124709 0.566107 -1.894928
v -0.000000 0.554557 -1.999529
vt 0.692308 0.571429
vt 0.692308 0.714286
vt 0.615385 0.714286
vt 0.615385 0.571429
vt 0.692308 0.857143
vt 0.653846 1.000000
vt 0.615385 0.857143
vt 0.692308 0.782678
vt 0.615385 0.782678
vt 0.538462 0.714286
vt 0.538462 0.571429
vt 0.576923 1.000000
vt 0.538462 0.857143
vt 0.538462 0.782678
vt 0.461539 0.714286
vt 0.461539 0.571429
vt 0.500000 1.000000
vt 0.461539 0.857143
vt 0.461539 0.782678
vt 0.384615 0.714286
vt 0.384615 0.571429
vt 0.423077 1.000000
vt 0.384615 0.857143
vt 0.384615 0.782678
vt 0.307692 0.857143
vt 0.307692 0.782678
vt 0.307692 0.714286
vt 0.307692 0.571429
vt 0.346154 1.000000
vt 0.230769 0.857143
vt 0.230769 0.782678
vt 0.230769 0.714286
vt 0.230769 0.571429
vt 0.269231 1.000000
vt 0.153846 0.857143
vt 0.153846 0.782678
vt 0.153846 0.714286
vt 0.153846 0.571429
vt 0.192308 1.000000
vt 0.076923 0.714286
vt 0.076923 0.571429
vt 0.115385 1.000000
vt 0.076923 0.857143
vt 0.076923 0.782678
vt 0.000000 0.714286
vt 0.000000 0.571429
vt 0.038462 1.000000
vt 0.000000 0.857143
vt 0.000000 0.782678
vt 1.000000 0.857143
vt 0.961538 1.000000
vt 0.923077 0.857143
vt 1.000000 0.782678
vt 0.923077 0.782678
vt 1.000000 0.571429
vt 1.000000 0.714286
vt 0.923077 0.714286
vt 0.923077 0.571429
vt 0.846154 0.857143
vt 0.846154 0.782678
vt 0.846154 0.714286
vt 0.846154 0.571429
vt 0.884615 1.000000
vt 0.769231 0.857143
vt 0.769231 0.782678
vt 0.769231 0.714286
vt 0.769231 0.571429
vt 0.807692 1.000000
vt 0.730769 1.000000
vn 0.0000 0.7924 -0.6100
vn 0.0000 0.8477 -0.5304
vn 0.5147 0.7681 -0.3809
vn 0.5185 0.6885 -0.5070
vn 0.0000 0.9573 -0.2892
vn 0.0000 0.9956 -0.0933
vn 0.2656 0.9348 -0.2357
vn 0.0000 0.9430 -0.3328
vn 0.3347 0.8959 -0.2919
vn 0.7154 0.6621 -0.2231
vn 0.8236 0.4987 -0.2698
vn 0.3937 0.9033 -0.1706
vn 0.5430 0.8149 -0.2028
vn 0.7848 0.6130 -0.0909
vn 0.8993 0.4295 -0.0813
vn 0.4430 0.8900 -0.1076
vn 0.6225 0.7758 -0.1028
vn 0.7612 0.6441 0.0756
vn 0.8711 0.4725 0.1340
vn 0.4308 0.9021 -0.0251
vn 0.5952 0.8032 0.0233
vn 0.3352 0.9392 0.0742
vn 0.4483 0.8792 0.1608
vn 0.6129 0.7399 0.2771
vn 0.6920 0.6025 0.3977
vn 0.1383 0.9779 0.1567
vn 0.1718 0.9525 0.2512
vn 0.2634 0.8445 0.4662
vn 0.2644 0.7481 0.6086
vn -0.1383 0.9779 0.1567
vn -0.1718 0.9525 0.2512
vn -0.2634 0.8445 0.4662
vn -0.2644 0.7481 0.6086
vn -0.6129 0.7399 0.2771
vn -0.6920 0.6025 0.3977
vn -0.3352 0.9392 0.0742
vn -0.4483 0.8792 0.1608
vn -0.7612 0.6441 0.0756
vn -0.8711 0.4725 0.1340
vn -0.4308 0.9021 -0.0251
vn -0.5952 0.8032 0.0233
vn -0.4430 0.8900 -0.1076
vn -0.6225 0.7758 -0.1028
vn -0.7848 0.6130 -0.0909
vn -0.8993 0.4295 -0.0813
vn -0.3937 0.9033 -0.1706
vn -0.5430 0.8149 -0.2028
vn -0.7154 0.6621 -0.2231
vn -0.8236 0.4987 -0.2698
vn -0.2656 0.9348 -0.2357
vn -0.3347 0.8959 -0.2919
vn -0.5147 0.7681 -0.3809
vn -0.5185 0.6885 -0.5070
usemtl DarkPorple
s 1
f 881/1055/428 880/1056/429 884/1057/430 885/1058/431
f 917/1059/432 882/1060/433 883/1061/434
f 932/1062/435 917/1059/432 883/1061/434 920/1063/436
f 885/1058/431 884/1057/430 887/1064/437 888/1065/438
f 883/1061/434 882/1066/433 886/1067/439
f 920/1063/436 883/1061/434 886/1067/439 921/1068/440
f 888/1065/438 887/1064/437 890/1069/441 891/1070/442
f 886/1067/439 882/1071/433 889/1072/443
f 921/1068/440 886/1067/439 889/1072/443 922/1073/444
f 891/1070/442 890/1069/441 893/1074/445 894/1075/446
f 889/1072/443 882/1076/433 892/1077/447
f 922/1073/444 889/1072/443 892/1077/447 923/1078/448
f 923/1078/448 892/1077/447 895/1079/449 924/1080/450
f 894/1075/446 893/1074/445 896/1081/451 897/1082/452
f 892/1077/447 882/1083/433 895/1079/449
f 924/1080/450 895/1079/449 898/1084/453 925/1085/454
f 897/1082/452 896/1081/451 899/1086/455 918/1087/456
f 895/1079/449 882/1088/433 898/1084/453
f 925/1085/454 898/1084/453 900/1089/457 926/1090/458
f 918/1087/456 899/1086/455 901/1091/459 919/1092/460
f 898/1084/453 882/1093/433 900/1089/457
f 919/1092/460 901/1091/459 903/1094/461 904/1095/462
f 900/1089/457 882/1096/433 902/1097/463
f 926/1090/458 900/1089/457 902/1097/463 927/1098/464
f 904/1095/462 903/1094/461 906/1099/465 907/1100/466
f 902/1097/463 882/1101/433 905/1102/467
f 927/1098/464 902/1097/463 905/1102/467 928/1103/468
f 905/1104/467 882/1105/433 908/1106/469
f 928/1107/468 905/1104/467 908/1106/469 929/1108/470
f 907/1109/466 906/1110/465 909/1111/471 910/1112/472
f 929/1108/470 908/1106/469 911/1113/473 930/1114/474
f 910/1112/472 909/1111/471 912/1115/475 913/1116/476
f 908/1106/469 882/1117/433 911/1113/473
f 930/1114/474 911/1113/473 914/1118/477 931/1119/478
f 913/1116/476 912/1115/475 915/1120/479 916/1121/480
f 911/1113/473 882/1122/433 914/1118/477
f 916/1121/480 915/1120/479 880/1056/429 881/1055/428
f 914/1118/477 882/1123/433 917/1059/432
f 931/1119/478 914/1118/477 917/1059/432 932/1062/435
f 915/1120/479 931/1119/478 932/1062/435 880/1056/429
f 912/1115/475 930/1114/474 931/1119/478 915/1120/479
f 909/1111/471 929/1108/470 930/1114/474 912/1115/475
f 906/1110/465 928/1107/468 929/1108/470 909/1111/471
f 903/1094/461 927/1098/464 928/1103/468 906/1099/465
f 901/1091/459 926/1090/458 927/1098/464 903/1094/461
f 899/1086/455 925/1085/454 926/1090/458 901/1091/459
f 896/1081/451 924/1080/450 925/1085/454 899/1086/455
f 893/1074/445 923/1078/448 924/1080/450 896/1081/451
f 890/1069/441 922/1073/444 923/1078/448 893/1074/445
f 887/1064/437 921/1068/440 922/1073/444 890/1069/441
f 884/1057/430 920/1063/436 921/1068/440 887/1064/437
f 880/1056/429 932/1062/435 920/1063/436 884/1057/430
o Cylinder.001_Cylinder.006
v -1.794173 0.014372 1.507600
v -1.869729 0.014372 -1.281055
v -1.768976 -0.079663 1.507600
v -1.834410 -0.117441 -1.281055
v -1.700138 -0.148501 1.507600
v -1.737916 -0.213934 -1.281055
v -1.606104 -0.173697 1.507600
v -1.606104 -0.249253 -1.281055
v -1.512070 -0.148501 1.507600
v -1.474292 -0.213934 -1.281055
v -1.443232 -0.079663 1.507600
v -1.377799 -0.117441 -1.281055
v -1.418035 0.014372 1.507600
v -1.342479 0.014372 -1.281055
v -1.443232 0.108406 1.507600
v -1.377799 0.146184 -1.281055
v -1.512070 0.177244 1.507600
v -1.474292 0.242677 -1.281055
v -1.606104 0.202440 1.507600
v -1.606104 0.277996 -1.281055
v -1.700138 0.177244 1.507600
v -1.737916 0.242677 -1.281055
v -1.768976 0.108406 1.507600
v -1.834410 0.146184 -1.281055
v -1.984411 0.014372 1.481092
v -1.933727 -0.174782 1.481092
v -1.795257 -0.313251 1.481092
v -1.606104 -0.363935 1.481092
v -1.416951 -0.313251 1.481092
v -1.278481 -0.174782 1.481092
v -1.227798 0.014372 1.481092
v -1.278481 0.203525 1.481092
v -1.416951 0.341995 1.481092
v -1.606104 0.392678 1.481092
v -1.795257 0.341995 1.481092
v -1.933727 0.203525 1.481092
v -1.940856 0.014372 -1.222946
v -1.896008 -0.153004 -1.222946
v -1.773480 -0.275532 -1.222946
v -1.606104 -0.320380 -1.222946
v -1.438728 -0.275532 -1.222946
v -1.316200 -0.153004 -1.222946
v -1.271352 0.014372 -1.222946
v -1.316200 0.181748 -1.222946
v -1.438728 0.304275 -1.222946
v -1.606104 0.349124 -1.222946
v -1.773480 0.304276 -1.222946
v -1.896008 0.181748 -1.222946
v -1.984411 0.014372 1.549707
v -1.933727 -0.174782 1.549707
v -1.795257 -0.313251 1.549707
v -1.606104 -0.363935 1.549707
v -1.416951 -0.313251 1.549707
v -1.278481 -0.174782 1.549707
v -1.227798 0.014372 1.549707
v -1.278481 0.203525 1.549707
v -1.416951 0.341995 1.549707
v -1.606104 0.392678 1.549707
v -1.795257 0.341995 1.549707
v -1.933727 0.203525 1.549707
v -1.896008 -0.153004 -1.281055
v -1.940856 0.014372 -1.281055
v -1.773480 -0.275532 -1.281055
v -1.606104 -0.320380 -1.281055
v -1.438728 -0.275532 -1.281055
v -1.316200 -0.153004 -1.281055
v -1.271352 0.014372 -1.281055
v -1.316200 0.181748 -1.281055
v -1.438728 0.304275 -1.281055
v -1.606104 0.349124 -1.281055
v -1.773480 0.304276 -1.281055
v -1.896008 0.181748 -1.281055
v -1.896008 -0.153004 1.443474
v -1.773480 -0.275532 1.443474
v -1.606104 -0.320380 1.443474
v -1.438728 -0.275532 1.443474
v -1.316200 -0.153004 1.443474
v -1.271352 0.014372 1.443474
v -1.316200 0.181748 1.443474
v -1.438728 0.304275 1.443474
v -1.606104 0.349124 1.443474
v -1.773480 0.304276 1.443474
v -1.896008 0.181748 1.443474
v -1.940856 0.014372 1.443474
v -1.940856 0.014372 1.432967
v -1.896008 -0.153004 1.432967
v -1.773480 -0.275532 1.432967
v -1.606104 -0.320380 1.432967
v -1.438728 -0.275532 1.432967
v -1.316200 -0.153004 1.432967
v -1.271352 0.014372 1.432967
v -1.316200 0.181748 1.432967
v -1.438728 0.304275 1.432967
v -1.606104 0.349124 1.432967
v -1.773480 0.304276 1.432967
v -1.896008 0.181748 1.432967
v -1.933727 -0.174782 1.489235
v -1.795257 -0.313251 1.489235
v -1.606104 -0.363935 1.489235
v -1.416951 -0.313251 1.489235
v -1.278481 -0.174782 1.489235
v -1.227798 0.014372 1.489235
v -1.278481 0.203525 1.489235
v -1.416951 0.341995 1.489235
v -1.606104 0.392678 1.489235
v -1.795257 0.341995 1.489235
v -1.933727 0.203525 1.489235
v -1.984411 0.014372 1.489235
v -1.901601 -0.156233 1.449051
v -1.776709 -0.281125 1.449051
v -1.606104 -0.326838 1.449051
v -1.435499 -0.281125 1.449051
v -1.310607 -0.156233 1.449051
v -1.264894 0.014372 1.449051
v -1.310607 0.184977 1.449051
v -1.435499 0.309868 1.449051
v -1.606104 0.355582 1.449051
v -1.776709 0.309868 1.449051
v -1.901601 0.184977 1.449051
v -1.947314 0.014372 1.449051
v -1.928297 -0.171646 1.475676
v -1.792122 -0.307821 1.475676
v -1.606104 -0.357664 1.475676
v -1.420086 -0.307821 1.475676
v -1.283911 -0.171646 1.475676
v -1.234068 0.014372 1.475676
v -1.283911 0.200390 1.475676
v -1.420086 0.336564 1.475676
v -1.606104 0.386408 1.475676
v -1.792122 0.336565 1.475676
v -1.928297 0.200390 1.475676
v -1.978140 0.014372 1.475676
v -1.852194 -0.127709 2.054127
v -1.890265 0.014372 2.054127
v -1.748184 -0.231719 2.054127
v -1.606104 -0.269789 2.054127
v -1.464024 -0.231718 2.054127
v -1.360014 -0.127709 2.054127
v -1.321944 0.014372 2.054127
v -1.360014 0.156452 2.054127
v -1.464024 0.260462 2.054127
v -1.606104 0.298532 2.054127
v -1.748184 0.260462 2.054127
v -1.852194 0.156452 2.054127
v -1.887817 0.014372 2.067239
v -1.850075 -0.126485 2.067239
v -1.746961 -0.229599 2.067239
v -1.606104 -0.267342 2.067239
v -1.465247 -0.229599 2.067239
v -1.362133 -0.126485 2.067239
v -1.324391 0.014372 2.067239
v -1.362133 0.155228 2.067239
v -1.465247 0.258343 2.067239
v -1.606104 0.296085 2.067239
v -1.746961 0.258343 2.067239
v -1.850075 0.155228 2.067239
v -1.874257 0.014372 2.067239
v -1.838331 -0.119705 2.067239
v -1.740180 -0.217855 2.067239
v -1.606104 -0.253781 2.067239
v -1.472028 -0.217855 2.067239
v -1.373877 -0.119705 2.067239
v -1.337951 0.014372 2.067239
v -1.373877 0.148448 2.067239
v -1.472028 0.246599 2.067239
v -1.606104 0.282524 2.067239
v -1.740180 0.246599 2.067239
v -1.838331 0.148448 2.067239
v -1.850332 0.014372 2.067863
v -1.817611 -0.107742 2.067863
v -1.728218 -0.197136 2.067863
v -1.606104 -0.229856 2.067863
v -1.483990 -0.197136 2.067863
v -1.394597 -0.107742 2.067863
v -1.361876 0.014372 2.067863
v -1.394597 0.136485 2.067863
v -1.483990 0.225879 2.067863
v -1.606104 0.258599 2.067863
v -1.728218 0.225879 2.067863
v -1.817611 0.136486 2.067863
v -1.838494 0.014372 2.067863
v -1.807359 -0.101823 2.067863
v -1.722299 -0.186884 2.067863
v -1.606104 -0.218018 2.067863
v -1.489909 -0.186884 2.067863
v -1.404849 -0.101823 2.067863
v -1.373714 0.014372 2.067863
v -1.404849 0.130567 2.067863
v -1.489909 0.215627 2.067863
v -1.606104 0.246761 2.067863
v -1.722299 0.215627 2.067863
v -1.807359 0.130567 2.067863
v -1.653700 -0.013108 -1.433746
v -1.661063 0.014372 -1.433746
v -1.633584 -0.033224 -1.433746
v -1.606104 -0.040587 -1.433746
v -1.578625 -0.033224 -1.433746
v -1.558508 -0.013108 -1.433746
v -1.551145 0.014372 -1.433746
v -1.558509 0.041851 -1.433746
v -1.578625 0.061967 -1.433746
v -1.606104 0.069331 -1.433746
v -1.633584 0.061967 -1.433746
v -1.653700 0.041851 -1.433746
v -1.703520 -0.041871 -1.433746
v -1.718590 0.014372 -1.433746
v -1.662347 -0.083044 -1.433746
v -1.606104 -0.098114 -1.433746
v -1.549861 -0.083044 -1.433746
v -1.508688 -0.041871 -1.433746
v -1.493618 0.014372 -1.433746
v -1.508688 0.070615 -1.433746
v -1.549861 0.111788 -1.433746
v -1.606104 0.126858 -1.433746
v -1.662347 0.111788 -1.433746
v -1.703520 0.070615 -1.433746
v -1.650092 -0.011024 -1.892516
v -1.656897 0.014372 -1.892516
v -1.631500 -0.029616 -1.892516
v -1.606104 -0.036420 -1.892516
v -1.580708 -0.029616 -1.892516
v -1.562117 -0.011024 -1.892516
v -1.555312 0.014372 -1.892516
v -1.562117 0.039768 -1.892516
v -1.580708 0.058360 -1.892516
v -1.606104 0.065164 -1.892516
v -1.631500 0.058360 -1.892516
v -1.650092 0.039768 -1.892516
v -1.665033 0.014372 -1.433746
v -1.657138 -0.015093 -1.433746
v -1.635568 -0.036662 -1.433746
v -1.606104 -0.044557 -1.433746
v -1.576640 -0.036662 -1.433746
v -1.555070 -0.015093 -1.433746
v -1.547176 0.014372 -1.433746
v -1.555070 0.043836 -1.433746
v -1.576640 0.065405 -1.433746
v -1.606104 0.073300 -1.433746
v -1.635568 0.065405 -1.433746
v -1.657138 0.043836 -1.433746
v -1.699129 -0.039336 -1.433746
v -1.659812 -0.078653 -1.433746
v -1.606104 -0.093044 -1.433746
v -1.552396 -0.078653 -1.433746
v -1.513080 -0.039336 -1.433746
v -1.498689 0.014372 -1.433746
v -1.513080 0.068080 -1.433746
v -1.552396 0.107396 -1.433746
v -1.606104 0.121787 -1.433746
v -1.659812 0.107396 -1.433746
v -1.699129 0.068080 -1.433746
v -1.713520 0.014372 -1.433746
v -1.507123 0.071518 -1.431920
v -1.548958 0.113352 -1.431920
v -1.548958 -0.084609 -1.431920
v -1.507123 -0.042775 -1.431920
v -1.705085 0.071518 -1.431920
v -1.720397 0.014372 -1.431920
v -1.705085 -0.042775 -1.431920
v -1.663251 -0.084609 -1.431920
v -1.606104 0.128665 -1.431920
v -1.491811 0.014372 -1.431920
v -1.606104 -0.099921 -1.431920
v -1.663251 0.113352 -1.431920
v -1.475360 0.240826 -1.283214
v -1.379649 -0.116372 -1.283214
v -1.867592 0.014372 -1.283214
v -1.736848 -0.212083 -1.283214
v -1.606104 0.275859 -1.283214
v -1.344617 0.014372 -1.283214
v -1.606104 -0.247116 -1.283214
v -1.736848 0.240827 -1.283214
v -1.379649 0.145115 -1.283214
v -1.475360 -0.212083 -1.283214
v -1.832559 0.145116 -1.283214
v -1.832559 -0.116372 -1.283214
v -1.873312 0.014372 -1.281055
v -1.837513 -0.119232 -1.281055
v -1.739708 -0.217037 -1.281055
v -1.606104 -0.252836 -1.281055
v -1.472500 -0.217037 -1.281055
v -1.374696 -0.119232 -1.281055
v -1.338897 0.014372 -1.281055
v -1.374696 0.147975 -1.281055
v -1.472500 0.245780 -1.281055
v -1.606104 0.281579 -1.281055
v -1.739708 0.245780 -1.281055
v -1.837513 0.147976 -1.281055
v -1.891096 -0.150168 -1.281055
v -1.770644 -0.270620 -1.281055
v -1.606104 -0.314708 -1.281055
v -1.441564 -0.270620 -1.281055
v -1.321113 -0.150168 -1.281055
v -1.277025 0.014372 -1.281055
v -1.321113 0.178912 -1.281055
v -1.441564 0.299363 -1.281055
v -1.606104 0.343451 -1.281055
v -1.770644 0.299363 -1.281055
v -1.891096 0.178912 -1.281055
v -1.935184 0.014372 -1.281055
v -1.653700 -0.013107 -1.892516
v -1.661063 0.014372 -1.892516
v -1.633584 -0.033224 -1.892516
v -1.606104 -0.040587 -1.892516
v -1.578625 -0.033224 -1.892516
v -1.558509 -0.013107 -1.892516
v -1.551145 0.014372 -1.892516
v -1.558509 0.041851 -1.892516
v -1.578625 0.061968 -1.892516
v -1.606104 0.069331 -1.892516
v -1.633584 0.061968 -1.892516
v -1.653700 0.041851 -1.892516
v -1.578625 0.061968 -1.886036
v -1.606104 0.069331 -1.886036
v -1.558509 -0.013107 -1.886036
v -1.551145 0.014372 -1.886036
v -1.633584 -0.033224 -1.886036
v -1.606104 -0.040587 -1.886036
v -1.633584 0.061968 -1.886036
v -1.558509 0.041851 -1.886036
v -1.578625 -0.033224 -1.886036
v -1.653700 0.041851 -1.886036
v -1.661063 0.014372 -1.886036
v -1.653700 -0.013107 -1.886036
v -1.606104 0.069331 -1.438759
v -1.551145 0.014372 -1.438759
v -1.606104 -0.040587 -1.438759
v -1.633584 0.061967 -1.438759
v -1.558509 0.041851 -1.438759
v -1.578625 -0.033224 -1.438759
v -1.653700 0.041851 -1.438759
v -1.653700 -0.013108 -1.438759
v -1.578625 0.061967 -1.438759
v -1.558508 -0.013108 -1.438759
v -1.633584 -0.033224 -1.438759
v -1.661063 0.014372 -1.438759
v -1.769464 -0.079945 1.538150
v -1.794737 0.014372 1.538150
v -1.700420 -0.148989 1.538150
v -1.606104 -0.174261 1.538150
v -1.511788 -0.148989 1.538150
v -1.442744 -0.079945 1.538150
v -1.417472 0.014372 1.538150
v -1.442744 0.108688 1.538150
v -1.511788 0.177732 1.538150
v -1.606104 0.203004 1.538150
v -1.700420 0.177732 1.538150
v -1.769464 0.108688 1.538150
v -1.838274 0.014372 2.055974
v -1.807169 -0.101714 2.055974
v -1.722189 -0.186694 2.055974
v -1.606104 -0.217799 2.055974
v -1.490019 -0.186694 2.055974
v -1.405038 -0.101714 2.055974
v -1.373934 0.014372 2.055974
v -1.405039 0.130457 2.055974
v -1.490019 0.215437 2.055974
v -1.606104 0.246542 2.055974
v -1.722189 0.215437 2.055974
v -1.807169 0.130457 2.055974
v 1.794173 0.014372 1.507600
v 1.869729 0.014372 -1.281055
v 1.768976 -0.079663 1.507600
v 1.834410 -0.117441 -1.281055
v 1.700139 -0.148501 1.507600
v 1.737917 -0.213934 -1.281055
v 1.606104 -0.173697 1.507600
v 1.606104 -0.249253 -1.281055
v 1.512070 -0.148501 1.507600
v 1.474292 -0.213934 -1.281055
v 1.443232 -0.079663 1.507600
v 1.377799 -0.117441 -1.281055
v 1.418035 0.014372 1.507600
v 1.342480 0.014372 -1.281055
v 1.443232 0.108406 1.507600
v 1.377799 0.146184 -1.281055
v 1.512070 0.177244 1.507600
v 1.474292 0.242677 -1.281055
v 1.606104 0.202440 1.507600
v 1.606104 0.277996 -1.281055
v 1.700139 0.177244 1.507600
v 1.737917 0.242677 -1.281055
v 1.768976 0.108406 1.507600
v 1.834410 0.146184 -1.281055
v 1.984411 0.014372 1.481091
v 1.933727 -0.174782 1.481091
v 1.795257 -0.313251 1.481091
v 1.606104 -0.363935 1.481091
v 1.416951 -0.313251 1.481091
v 1.278481 -0.174782 1.481091
v 1.227798 0.014372 1.481091
v 1.278481 0.203525 1.481091
v 1.416951 0.341995 1.481091
v 1.606104 0.392678 1.481091
v 1.795257 0.341995 1.481091
v 1.933727 0.203525 1.481091
v 1.940857 0.014372 -1.222946
v 1.896008 -0.153004 -1.222946
v 1.773480 -0.275532 -1.222946
v 1.606104 -0.320380 -1.222946
v 1.438728 -0.275532 -1.222946
v 1.316201 -0.153004 -1.222946
v 1.271352 0.014372 -1.222946
v 1.316201 0.181748 -1.222946
v 1.438728 0.304275 -1.222946
v 1.606104 0.349124 -1.222946
v 1.773480 0.304276 -1.222946
v 1.896008 0.181748 -1.222946
v 1.984411 0.014372 1.549707
v 1.933727 -0.174782 1.549707
v 1.795257 -0.313251 1.549707
v 1.606104 -0.363935 1.549707
v 1.416951 -0.313251 1.549707
v 1.278481 -0.174782 1.549707
v 1.227798 0.014372 1.549707
v 1.278481 0.203525 1.549707
v 1.416951 0.341995 1.549707
v 1.606104 0.392678 1.549707
v 1.795257 0.341995 1.549707
v 1.933727 0.203525 1.549707
v 1.896008 -0.153004 -1.281055
v 1.940857 0.014372 -1.281055
v 1.773480 -0.275532 -1.281055
v 1.606104 -0.320380 -1.281055
v 1.438728 -0.275532 -1.281055
v 1.316201 -0.153004 -1.281055
v 1.271352 0.014372 -1.281055
v 1.316201 0.181748 -1.281055
v 1.438728 0.304275 -1.281055
v 1.606104 0.349124 -1.281055
v 1.773480 0.304276 -1.281055
v 1.896008 0.181748 -1.281055
v 1.896008 -0.153004 1.443474
v 1.773480 -0.275532 1.443474
v 1.606104 -0.320380 1.443474
v 1.438728 -0.275532 1.443474
v 1.316200 -0.153004 1.443474
v 1.271352 0.014372 1.443474
v 1.316200 0.181748 1.443474
v 1.438728 0.304275 1.443474
v 1.606104 0.349124 1.443474
v 1.773480 0.304276 1.443474
v 1.896008 0.181748 1.443474
v 1.940856 0.014372 1.443474
v 1.940856 0.014372 1.432967
v 1.896008 -0.153004 1.432967
v 1.773480 -0.275532 1.432967
v 1.606104 -0.320380 1.432967
v 1.438728 -0.275532 1.432967
v 1.316200 -0.153004 1.432967
v 1.271352 0.014372 1.432967
v 1.316200 0.181748 1.432967
v 1.438728 0.304275 1.432967
v 1.606104 0.349124 1.432967
v 1.773480 0.304276 1.432967
v 1.896008 0.181748 1.432967
v 1.933727 -0.174782 1.489235
v 1.795257 -0.313251 1.489235
v 1.606104 -0.363935 1.489235
v 1.416951 -0.313251 1.489235
v 1.278481 -0.174782 1.489235
v 1.227798 0.014372 1.489235
v 1.278481 0.203525 1.489235
v 1.416951 0.341995 1.489235
v 1.606104 0.392678 1.489235
v 1.795257 0.341995 1.489235
v 1.933727 0.203525 1.489235
v 1.984411 0.014372 1.489235
v 1.901601 -0.156233 1.449051
v 1.776709 -0.281125 1.449051
v 1.606104 -0.326838 1.449051
v 1.435499 -0.281125 1.449051
v 1.310608 -0.156233 1.449051
v 1.264894 0.014372 1.449051
v 1.310608 0.184977 1.449051
v 1.435499 0.309868 1.449051
v 1.606104 0.355582 1.449051
v 1.776709 0.309868 1.449051
v 1.901601 0.184977 1.449051
v 1.947314 0.014372 1.449051
v 1.928297 -0.171646 1.475676
v 1.792122 -0.307821 1.475676
v 1.606104 -0.357665 1.475676
v 1.420086 -0.307821 1.475676
v 1.283911 -0.171646 1.475676
v 1.234068 0.014372 1.475676
v 1.283911 0.200390 1.475676
v 1.420086 0.336564 1.475676
v 1.606104 0.386408 1.475676
v 1.792122 0.336565 1.475676
v 1.928297 0.200390 1.475676
v 1.978141 0.014372 1.475676
v 1.852194 -0.127709 2.054127
v 1.890265 0.014372 2.054127
v 1.748184 -0.231719 2.054127
v 1.606104 -0.269789 2.054127
v 1.464024 -0.231718 2.054127
v 1.360014 -0.127709 2.054127
v 1.321944 0.014372 2.054127
v 1.360014 0.156452 2.054127
v 1.464024 0.260462 2.054127
v 1.606104 0.298532 2.054127
v 1.748184 0.260462 2.054127
v 1.852194 0.156452 2.054127
v 1.887817 0.014372 2.067239
v 1.850075 -0.126485 2.067239
v 1.746961 -0.229599 2.067239
v 1.606104 -0.267342 2.067239
v 1.465247 -0.229599 2.067239
v 1.362133 -0.126485 2.067239
v 1.324391 0.014372 2.067239
v 1.362133 0.155228 2.067239
v 1.465247 0.258343 2.067239
v 1.606104 0.296085 2.067239
v 1.746961 0.258343 2.067239
v 1.850075 0.155229 2.067239
v 1.874257 0.014372 2.067239
v 1.838331 -0.119705 2.067239
v 1.740181 -0.217855 2.067239
v 1.606104 -0.253781 2.067239
v 1.472028 -0.217855 2.067239
v 1.373877 -0.119705 2.067239
v 1.337952 0.014372 2.067239
v 1.373877 0.148448 2.067239
v 1.472028 0.246599 2.067239
v 1.606104 0.282524 2.067239
v 1.740181 0.246599 2.067239
v 1.838331 0.148448 2.067239
v 1.850332 0.014372 2.067863
v 1.817611 -0.107742 2.067863
v 1.728218 -0.197136 2.067863
v 1.606104 -0.229856 2.067863
v 1.483990 -0.197136 2.067863
v 1.394597 -0.107742 2.067863
v 1.361877 0.014372 2.067863
v 1.394597 0.136485 2.067863
v 1.483990 0.225879 2.067863
v 1.606104 0.258599 2.067863
v 1.728218 0.225879 2.067863
v 1.817611 0.136486 2.067863
v 1.838494 0.014372 2.067863
v 1.807359 -0.101823 2.067863
v 1.722299 -0.186884 2.067863
v 1.606104 -0.218018 2.067863
v 1.489909 -0.186884 2.067863
v 1.404849 -0.101823 2.067863
v 1.373715 0.014372 2.067863
v 1.404849 0.130567 2.067863
v 1.489909 0.215627 2.067863
v 1.606104 0.246761 2.067863
v 1.722299 0.215627 2.067863
v 1.807359 0.130567 2.067863
v 1.653700 -0.013108 -1.433746
v 1.661063 0.014372 -1.433746
v 1.633584 -0.033224 -1.433746
v 1.606104 -0.040587 -1.433746
v 1.578625 -0.033224 -1.433746
v 1.558509 -0.013108 -1.433746
v 1.551146 0.014372 -1.433746
v 1.558509 0.041851 -1.433746
v 1.578625 0.061967 -1.433746
v 1.606104 0.069331 -1.433746
v 1.633584 0.061967 -1.433746
v 1.653700 0.041851 -1.433746
v 1.703520 -0.041871 -1.433746
v 1.718591 0.014372 -1.433746
v 1.662348 -0.083044 -1.433746
v 1.606104 -0.098114 -1.433746
v 1.549861 -0.083044 -1.433746
v 1.508688 -0.041871 -1.433746
v 1.493618 0.014372 -1.433746
v 1.508688 0.070615 -1.433746
v 1.549861 0.111788 -1.433746
v 1.606104 0.126858 -1.433746
v 1.662348 0.111788 -1.433746
v 1.703520 0.070615 -1.433746
v 1.650092 -0.011024 -1.892516
v 1.656897 0.014372 -1.892516
v 1.631500 -0.029616 -1.892516
v 1.606104 -0.036420 -1.892516
v 1.580708 -0.029616 -1.892516
v 1.562117 -0.011024 -1.892516
v 1.555312 0.014372 -1.892516
v 1.562117 0.039768 -1.892516
v 1.580708 0.058360 -1.892516
v 1.606104 0.065164 -1.892516
v 1.631500 0.058360 -1.892516
v 1.650092 0.039768 -1.892516
v 1.665033 0.014372 -1.433746
v 1.657138 -0.015093 -1.433746
v 1.635569 -0.036662 -1.433746
v 1.606104 -0.044557 -1.433746
v 1.576640 -0.036662 -1.433746
v 1.555071 -0.015093 -1.433746
v 1.547176 0.014372 -1.433746
v 1.555071 0.043836 -1.433746
v 1.576640 0.065405 -1.433746
v 1.606104 0.073300 -1.433746
v 1.635569 0.065405 -1.433746
v 1.657138 0.043836 -1.433746
v 1.699129 -0.039336 -1.433746
v 1.659812 -0.078653 -1.433746
v 1.606104 -0.093044 -1.433746
v 1.552397 -0.078653 -1.433746
v 1.513080 -0.039336 -1.433746
v 1.498689 0.014372 -1.433746
v 1.513080 0.068080 -1.433746
v 1.552397 0.107396 -1.433746
v 1.606104 0.121787 -1.433746
v 1.659812 0.107396 -1.433746
v 1.699129 0.068080 -1.433746
v 1.713520 0.014372 -1.433746
v 1.507124 0.071518 -1.431920
v 1.548958 0.113352 -1.431920
v 1.548958 -0.084609 -1.431920
v 1.507124 -0.042775 -1.431920
v 1.705085 0.071518 -1.431920
v 1.720398 0.014372 -1.431920
v 1.705085 -0.042775 -1.431920
v 1.663251 -0.084609 -1.431920
v 1.606104 0.128665 -1.431920
v 1.491811 0.014372 -1.431920
v 1.606104 -0.099921 -1.431920
v 1.663251 0.113352 -1.431920
v 1.475361 0.240826 -1.283214
v 1.379650 -0.116372 -1.283214
v 1.867592 0.014372 -1.283214
v 1.736848 -0.212083 -1.283214
v 1.606104 0.275859 -1.283214
v 1.344617 0.014372 -1.283214
v 1.606104 -0.247116 -1.283214
v 1.736848 0.240827 -1.283214
v 1.379650 0.145115 -1.283214
v 1.475361 -0.212083 -1.283214
v 1.832559 0.145116 -1.283214
v 1.832559 -0.116372 -1.283214
v 1.873312 0.014372 -1.281055
v 1.837513 -0.119232 -1.281055
v 1.739708 -0.217037 -1.281055
v 1.606104 -0.252836 -1.281055
v 1.472501 -0.217037 -1.281055
v 1.374696 -0.119232 -1.281055
v 1.338897 0.014372 -1.281055
v 1.374696 0.147976 -1.281055
v 1.472501 0.245780 -1.281055
v 1.606104 0.281579 -1.281055
v 1.739708 0.245780 -1.281055
v 1.837513 0.147976 -1.281055
v 1.891096 -0.150168 -1.281055
v 1.770644 -0.270620 -1.281055
v 1.606104 -0.314708 -1.281055
v 1.441565 -0.270620 -1.281055
v 1.321113 -0.150168 -1.281055
v 1.277025 0.014372 -1.281055
v 1.321113 0.178912 -1.281055
v 1.441565 0.299363 -1.281055
v 1.606104 0.343451 -1.281055
v 1.770644 0.299363 -1.281055
v 1.891096 0.178912 -1.281055
v 1.935184 0.014372 -1.281055
v 1.653700 -0.013107 -1.892516
v 1.661063 0.014372 -1.892516
v 1.633584 -0.033224 -1.892516
v 1.606104 -0.040587 -1.892516
v 1.578625 -0.033224 -1.892516
v 1.558509 -0.013107 -1.892516
v 1.551146 0.014372 -1.892516
v 1.558509 0.041851 -1.892516
v 1.578625 0.061968 -1.892516
v 1.606104 0.069331 -1.892516
v 1.633584 0.061968 -1.892516
v 1.653700 0.041851 -1.892516
v 1.578625 0.061968 -1.886036
v 1.606104 0.069331 -1.886036
v 1.558509 -0.013107 -1.886036
v 1.551146 0.014372 -1.886036
v 1.633584 -0.033224 -1.886036
v 1.606104 -0.040587 -1.886036
v 1.633584 0.061968 -1.886036
v 1.558509 0.041851 -1.886036
v 1.578625 -0.033224 -1.886036
v 1.653700 0.041851 -1.886036
v 1.661063 0.014372 -1.886036
v 1.653700 -0.013107 -1.886036
v 1.606104 0.069331 -1.438759
v 1.551146 0.014372 -1.438759
v 1.606104 -0.040587 -1.438759
v 1.633584 0.061967 -1.438759
v 1.558509 0.041851 -1.438759
v 1.578625 -0.033224 -1.438759
v 1.653700 0.041851 -1.438759
v 1.653700 -0.013108 -1.438759
v 1.578625 0.061967 -1.438759
v 1.558509 -0.013108 -1.438759
v 1.633584 -0.033224 -1.438759
v 1.661063 0.014372 -1.438759
v 1.769464 -0.079945 1.538150
v 1.794737 0.014372 1.538150
v 1.700420 -0.148989 1.538150
v 1.606104 -0.174261 1.538150
v 1.511788 -0.148989 1.538150
v 1.442744 -0.079945 1.538150
v 1.417472 0.014372 1.538150
v 1.442744 0.108688 1.538150
v 1.511788 0.177732 1.538150
v 1.606104 0.203004 1.538150
v 1.700420 0.177732 1.538150
v 1.769464 0.108688 1.538150
v 1.838274 0.014372 2.055974
v 1.807170 -0.101714 2.055974
v 1.722189 -0.186694 2.055974
v 1.606104 -0.217799 2.055974
v 1.490019 -0.186694 2.055974
v 1.405039 -0.101714 2.055974
v 1.373934 0.014372 2.055974
v 1.405039 0.130457 2.055974
v 1.490019 0.215437 2.055974
v 1.606104 0.246542 2.055974
v 1.722189 0.215437 2.055974
v 1.807170 0.130457 2.055974
vt 1.000000 0.990616
vt 1.000000 1.000000
vt 0.916667 1.000000
vt 0.916667 0.990616
vt 0.833333 1.000000
vt 0.833333 0.990616
vt 0.750000 1.000000
vt 0.750000 0.990616
vt 0.666667 1.000000
vt 0.666667 0.990616
vt 0.583333 1.000000
vt 0.583333 0.990616
vt 0.500000 1.000000
vt 0.500000 0.990616
vt 0.416667 1.000000
vt 0.416667 0.990616
vt 0.333333 1.000000
vt 0.333333 0.990616
vt 0.250000 1.000000
vt 0.250000 0.990616
vt 0.166667 1.000000
vt 0.166667 0.990616
vt 0.086317 0.155497
vt 0.155497 0.086317
vt 0.155497 0.086317
vt 0.086317 0.155497
vt 0.083333 1.000000
vt 0.083333 0.990616
vt 0.000000 1.000000
vt 0.000000 0.990616
vt 1.000000 0.519615
vt 0.916667 0.519615
vt 0.250000 0.485933
vt 0.367967 0.454324
vt 0.370000 0.457846
vt 0.250000 0.490000
vt 0.454324 0.367967
vt 0.457846 0.370000
vt 0.485933 0.250000
vt 0.490000 0.250000
vt 0.454324 0.132033
vt 0.457846 0.130000
vt 0.367967 0.045676
vt 0.370000 0.042154
vt 0.250000 0.014067
vt 0.250000 0.010000
vt 0.132033 0.045676
vt 0.130000 0.042154
vt 0.045676 0.132033
vt 0.042154 0.130000
vt 0.014067 0.250000
vt 0.010000 0.250000
vt 0.045676 0.367967
vt 0.042154 0.370000
vt 0.132033 0.454324
vt 0.130000 0.457846
vt 1.000000 0.516763
vt 1.000000 0.517752
vt 0.916667 0.517752
vt 0.916667 0.516763
vt 0.833333 0.517752
vt 0.833333 0.516762
vt 0.750000 0.517752
vt 0.750000 0.516763
vt 0.666667 0.517752
vt 0.666667 0.516762
vt 0.583333 0.517752
vt 0.583333 0.516762
vt 0.500000 0.517752
vt 0.500000 0.516763
vt 0.416667 0.517752
vt 0.416667 0.516763
vt 0.333333 0.517752
vt 0.333333 0.516763
vt 0.250000 0.517752
vt 0.250000 0.516762
vt 0.166667 0.517752
vt 0.166667 0.516762
vt 0.083333 0.517752
vt 0.083333 0.516762
vt 0.000000 0.517752
vt 0.000000 0.516763
vt 0.833333 0.519615
vt 0.750000 0.519615
vt 0.666667 0.519615
vt 0.583333 0.519615
vt 0.500000 0.519615
vt 0.416667 0.519615
vt 0.333333 0.519615
vt 0.250000 0.519615
vt 0.166667 0.519615
vt 0.083333 0.519615
vt 0.000000 0.519615
vt 0.344503 0.086317
vt 0.413683 0.155497
vt 0.413683 0.155497
vt 0.344503 0.086317
vt 0.250000 0.439005
vt 0.155497 0.413683
vt 0.155497 0.413683
vt 0.250000 0.439005
vt 0.413683 0.344503
vt 0.344503 0.413683
vt 0.344503 0.413683
vt 0.413683 0.344503
vt 0.060995 0.250000
vt 0.060995 0.250000
vt 0.250000 0.060995
vt 0.250000 0.060995
vt 0.439005 0.250000
vt 0.439005 0.250000
vt 0.086316 0.344503
vt 0.086316 0.344503
vt 0.250000 0.430486
vt 0.340243 0.406305
vt 0.406305 0.340243
vt 0.430486 0.250000
vt 0.406305 0.159757
vt 0.340243 0.093695
vt 0.250000 0.069514
vt 0.159757 0.093695
vt 0.093695 0.159757
vt 0.069514 0.250000
vt 0.093695 0.340243
vt 0.159757 0.406305
vt 0.203827 0.329973
vt 0.250000 0.342345
vt 0.250000 0.349015
vt 0.200492 0.335750
vt 0.170027 0.296172
vt 0.164250 0.299508
vt 0.157655 0.250000
vt 0.150985 0.250000
vt 0.170027 0.203828
vt 0.164250 0.200492
vt 0.203828 0.170027
vt 0.200492 0.164250
vt 0.250000 0.157655
vt 0.250000 0.150985
vt 0.296172 0.170027
vt 0.299508 0.164250
vt 0.329973 0.203828
vt 0.335750 0.200492
vt 0.342345 0.250000
vt 0.349015 0.250000
vt 0.329973 0.296172
vt 0.335750 0.299508
vt 0.296172 0.329973
vt 0.299508 0.335750
vt 0.344503 0.413683
vt 0.250000 0.439005
vt 0.155497 0.413683
vt 0.086316 0.344503
vt 0.413683 0.155497
vt 0.439005 0.250000
vt 0.155497 0.086317
vt 0.250000 0.060995
vt 0.060995 0.250000
vt 0.413683 0.344503
vt 0.344503 0.086317
vt 0.086317 0.155497
vt 0.086317 0.155497
vt 0.155497 0.086317
vt 0.344503 0.086317
vt 0.413683 0.155497
vt 0.250000 0.439005
vt 0.155497 0.413683
vt 0.413683 0.344503
vt 0.344503 0.413683
vt 0.060995 0.250000
vt 0.250000 0.060995
vt 0.439005 0.250000
vt 0.086316 0.344503
vt 0.250000 0.441574
vt 0.154213 0.415908
vt 0.084092 0.345787
vt 0.058426 0.250000
vt 0.084092 0.154213
vt 0.154213 0.084092
vt 0.250000 0.058426
vt 0.345787 0.084092
vt 0.415908 0.154213
vt 0.441574 0.250000
vt 0.415908 0.345787
vt 0.345787 0.415908
vt 1.000000 0.990616
vt 0.916667 0.990616
vt 0.916667 1.000000
vt 1.000000 1.000000
vt 0.833333 0.990616
vt 0.833333 1.000000
vt 0.750000 0.990616
vt 0.750000 1.000000
vt 0.666667 0.990616
vt 0.666667 1.000000
vt 0.583333 0.990616
vt 0.583333 1.000000
vt 0.500000 0.990616
vt 0.500000 1.000000
vt 0.416667 0.990616
vt 0.416667 1.000000
vt 0.333333 0.990616
vt 0.333333 1.000000
vt 0.250000 0.990616
vt 0.250000 1.000000
vt 0.166667 0.990616
vt 0.166667 1.000000
vt 0.086317 0.155497
vt 0.086317 0.155497
vt 0.155497 0.086317
vt 0.155497 0.086317
vt 0.083333 0.990616
vt 0.083333 1.000000
vt 0.000000 0.990616
vt 0.000000 1.000000
vt 1.000000 0.519615
vt 0.916667 0.519615
vt 0.250000 0.485933
vt 0.250000 0.490000
vt 0.370000 0.457846
vt 0.367967 0.454324
vt 0.457846 0.370000
vt 0.454324 0.367967
vt 0.490000 0.250000
vt 0.485933 0.250000
vt 0.457846 0.130000
vt 0.454324 0.132033
vt 0.370000 0.042154
vt 0.367967 0.045676
vt 0.250000 0.010000
vt 0.250000 0.014067
vt 0.130000 0.042154
vt 0.132033 0.045676
vt 0.042154 0.130000
vt 0.045676 0.132033
vt 0.010000 0.250000
vt 0.014067 0.250000
vt 0.042154 0.370000
vt 0.045676 0.367967
vt 0.130000 0.457846
vt 0.132033 0.454324
vt 1.000000 0.516763
vt 0.916667 0.516763
vt 0.916667 0.517752
vt 1.000000 0.517752
vt 0.833333 0.516762
vt 0.833333 0.517752
vt 0.750000 0.516763
vt 0.750000 0.517752
vt 0.666667 0.516762
vt 0.666667 0.517752
vt 0.583333 0.516762
vt 0.583333 0.517752
vt 0.500000 0.516763
vt 0.500000 0.517752
vt 0.416667 0.516763
vt 0.416667 0.517752
vt 0.333333 0.516763
vt 0.333333 0.517752
vt 0.250000 0.516762
vt 0.250000 0.517752
vt 0.166667 0.516762
vt 0.166667 0.517752
vt 0.083333 0.516762
vt 0.083333 0.517752
vt 0.000000 0.516763
vt 0.000000 0.517752
vt 0.833333 0.519615
vt 0.750000 0.519615
vt 0.666667 0.519615
vt 0.583333 0.519615
vt 0.500000 0.519615
vt 0.416667 0.519615
vt 0.333333 0.519615
vt 0.250000 0.519615
vt 0.166667 0.519615
vt 0.083333 0.519615
vt 0.000000 0.519615
vt 0.344503 0.086317
vt 0.344503 0.086317
vt 0.413683 0.155497
vt 0.413683 0.155497
vt 0.250000 0.439005
vt 0.250000 0.439005
vt 0.155497 0.413683
vt 0.155497 0.413683
vt 0.413683 0.344503
vt 0.413683 0.344503
vt 0.344503 0.413683
vt 0.344503 0.413683
vt 0.060995 0.250000
vt 0.060995 0.250000
vt 0.250000 0.060995
vt 0.250000 0.060995
vt 0.439005 0.250000
vt 0.439005 0.250000
vt 0.086316 0.344503
vt 0.086316 0.344503
vt 0.250000 0.430486
vt 0.340243 0.406305
vt 0.406305 0.340243
vt 0.430486 0.250000
vt 0.406305 0.159757
vt 0.340243 0.093695
vt 0.250000 0.069514
vt 0.159757 0.093695
vt 0.093695 0.159757
vt 0.069514 0.250000
vt 0.093695 0.340243
vt 0.159757 0.406305
vt 0.203827 0.329973
vt 0.200492 0.335750
vt 0.250000 0.349015
vt 0.250000 0.342345
vt 0.170027 0.296172
vt 0.164250 0.299508
vt 0.157655 0.250000
vt 0.150985 0.250000
vt 0.170027 0.203828
vt 0.164250 0.200492
vt 0.203828 0.170027
vt 0.200492 0.164250
vt 0.250000 0.157655
vt 0.250000 0.150985
vt 0.296172 0.170027
vt 0.299508 0.164250
vt 0.329973 0.203828
vt 0.335750 0.200492
vt 0.342345 0.250000
vt 0.349015 0.250000
vt 0.329973 0.296172
vt 0.335750 0.299508
vt 0.296172 0.329973
vt 0.299508 0.335750
vt 0.344503 0.413683
vt 0.250000 0.439005
vt 0.155497 0.413683
vt 0.086316 0.344503
vt 0.413683 0.155497
vt 0.439005 0.250000
vt 0.155497 0.086317
vt 0.250000 0.060995
vt 0.060995 0.250000
vt 0.413683 0.344503
vt 0.344503 0.086317
vt 0.086317 0.155497
vt 0.086317 0.155497
vt 0.155497 0.086317
vt 0.344503 0.086317
vt 0.413683 0.155497
vt 0.250000 0.439005
vt 0.155497 0.413683
vt 0.413683 0.344503
vt 0.344503 0.413683
vt 0.060995 0.250000
vt 0.250000 0.060995
vt 0.439005 0.250000
vt 0.086316 0.344503
vt 0.154213 0.415908
vt 0.250000 0.441574
vt 0.084092 0.345787
vt 0.058426 0.250000
vt 0.084092 0.154213
vt 0.154213 0.084092
vt 0.250000 0.058426
vt 0.345787 0.084092
vt 0.415908 0.154213
vt 0.441574 0.250000
vt 0.415908 0.345787
vt 0.345787 0.415908
vt 0.851469 0.425749
vt 0.750000 0.452937
vt 0.750000 0.490000
vt 0.870000 0.457846
vt 0.925749 0.351469
vt 0.957846 0.370000
vt 0.952937 0.250000
vt 0.990000 0.250000
vt 0.925749 0.148531
vt 0.957846 0.130000
vt 0.851469 0.074251
vt 0.870000 0.042154
vt 0.750000 0.047063
vt 0.750000 0.010000
vt 0.648531 0.074251
vt 0.630000 0.042154
vt 0.574251 0.148531
vt 0.542154 0.130000
vt 0.547063 0.250000
vt 0.510000 0.250000
vt 0.574251 0.351469
vt 0.542154 0.370000
vt 0.648531 0.425749
vt 0.630000 0.457846
vt 0.083333 0.512041
vt 0.000000 0.512041
vt 0.166667 0.512041
vt 0.250000 0.512041
vt 0.333333 0.512041
vt 0.416667 0.512041
vt 0.500000 0.512041
vt 0.583333 0.512041
vt 0.666667 0.512041
vt 0.750000 0.512041
vt 0.833333 0.512041
vt 0.916667 0.512041
vt 1.000000 0.512041
vt 0.750000 0.451974
vt 0.649013 0.424915
vt 0.575085 0.350987
vt 0.548026 0.250000
vt 0.575085 0.149013
vt 0.649013 0.075085
vt 0.750000 0.048026
vt 0.850987 0.075085
vt 0.924915 0.149013
vt 0.951974 0.250000
vt 0.924915 0.350987
vt 0.850987 0.424914
vt 0.846126 0.416495
vt 0.750000 0.442252
vt 0.916495 0.346126
vt 0.942252 0.250000
vt 0.916495 0.153874
vt 0.846126 0.083505
vt 0.750000 0.057748
vt 0.653874 0.083505
vt 0.583505 0.153874
vt 0.557748 0.250000
vt 0.583505 0.346126
vt 0.653874 0.416495
vt 0.823774 0.377780
vt 0.750000 0.397548
vt 0.877780 0.323774
vt 0.897548 0.250000
vt 0.877780 0.176226
vt 0.823774 0.122220
vt 0.750000 0.102452
vt 0.676226 0.122220
vt 0.622220 0.176226
vt 0.602452 0.250000
vt 0.622220 0.323774
vt 0.676226 0.377780
vt 0.820198 0.371586
vt 0.750000 0.390396
vt 0.871586 0.320198
vt 0.890396 0.250000
vt 0.871586 0.179802
vt 0.820198 0.128413
vt 0.750000 0.109604
vt 0.679802 0.128413
vt 0.628413 0.179802
vt 0.609604 0.250000
vt 0.628413 0.320198
vt 0.679802 0.371586
vt 0.820132 0.371472
vt 0.750000 0.390263
vt 0.871472 0.320132
vt 0.890264 0.250000
vt 0.871472 0.179868
vt 0.820132 0.128528
vt 0.750000 0.109736
vt 0.679868 0.128528
vt 0.628528 0.179868
vt 0.609736 0.250000
vt 0.628528 0.320132
vt 0.679868 0.371472
vt 0.750000 0.384836
vt 0.682582 0.366771
vt 0.682380 0.367121
vt 0.750000 0.385240
vt 0.633229 0.317418
vt 0.632879 0.317620
vt 0.615164 0.250000
vt 0.614760 0.250000
vt 0.633229 0.182582
vt 0.632879 0.182380
vt 0.682582 0.133229
vt 0.682380 0.132879
vt 0.750000 0.115164
vt 0.750000 0.114760
vt 0.817418 0.133229
vt 0.817620 0.132879
vt 0.866771 0.182582
vt 0.867121 0.182380
vt 0.884836 0.250000
vt 0.885240 0.250000
vt 0.866771 0.317418
vt 0.867121 0.317620
vt 0.817418 0.366771
vt 0.817620 0.367121
vt 0.851469 0.425749
vt 0.870000 0.457846
vt 0.750000 0.490000
vt 0.750000 0.452937
vt 0.925749 0.351469
vt 0.957846 0.370000
vt 0.952937 0.250000
vt 0.990000 0.250000
vt 0.925749 0.148531
vt 0.957846 0.130000
vt 0.851469 0.074251
vt 0.870000 0.042154
vt 0.750000 0.047063
vt 0.750000 0.010000
vt 0.648531 0.074251
vt 0.630000 0.042154
vt 0.574251 0.148531
vt 0.542154 0.130000
vt 0.547063 0.250000
vt 0.510000 0.250000
vt 0.574251 0.351469
vt 0.542154 0.370000
vt 0.648531 0.425749
vt 0.630000 0.457846
vt 0.083333 0.512041
vt 0.000000 0.512041
vt 0.166667 0.512041
vt 0.250000 0.512041
vt 0.333333 0.512041
vt 0.416667 0.512041
vt 0.500000 0.512041
vt 0.583333 0.512041
vt 0.666667 0.512041
vt 0.750000 0.512041
vt 0.833333 0.512041
vt 0.916667 0.512041
vt 1.000000 0.512041
vt 0.750000 0.451974
vt 0.649013 0.424915
vt 0.575085 0.350987
vt 0.548026 0.250000
vt 0.575085 0.149013
vt 0.649013 0.075085
vt 0.750000 0.048026
vt 0.850987 0.075085
vt 0.924915 0.149013
vt 0.951974 0.250000
vt 0.924915 0.350987
vt 0.850987 0.424914
vt 0.846126 0.416495
vt 0.750000 0.442252
vt 0.916495 0.346126
vt 0.942252 0.250000
vt 0.916495 0.153874
vt 0.846126 0.083505
vt 0.750000 0.057748
vt 0.653874 0.083505
vt 0.583505 0.153874
vt 0.557748 0.250000
vt 0.583505 0.346126
vt 0.653874 0.416495
vt 0.823774 0.377780
vt 0.750000 0.397548
vt 0.877780 0.323774
vt 0.897548 0.250000
vt 0.877780 0.176226
vt 0.823774 0.122220
vt 0.750000 0.102452
vt 0.676226 0.122220
vt 0.622220 0.176226
vt 0.602452 0.250000
vt 0.622220 0.323774
vt 0.676226 0.377780
vt 0.820198 0.371586
vt 0.750000 0.390396
vt 0.871586 0.320198
vt 0.890396 0.250000
vt 0.871586 0.179802
vt 0.820198 0.128413
vt 0.750000 0.109604
vt 0.679802 0.128413
vt 0.628413 0.179802
vt 0.609604 0.250000
vt 0.628413 0.320198
vt 0.679802 0.371586
vt 0.820132 0.371472
vt 0.750000 0.390263
vt 0.871472 0.320132
vt 0.890264 0.250000
vt 0.871472 0.179868
vt 0.820132 0.128528
vt 0.750000 0.109736
vt 0.679868 0.128528
vt 0.628528 0.179868
vt 0.609736 0.250000
vt 0.628528 0.320132
vt 0.679868 0.371472
vt 0.750000 0.384836
vt 0.750000 0.385240
vt 0.682380 0.367121
vt 0.682582 0.366771
vt 0.632879 0.317620
vt 0.633229 0.317418
vt 0.614760 0.250000
vt 0.615164 0.250000
vt 0.632879 0.182380
vt 0.633229 0.182582
vt 0.682380 0.132879
vt 0.682582 0.133229
vt 0.750000 0.114760
vt 0.750000 0.115164
vt 0.817620 0.132879
vt 0.817418 0.133229
vt 0.867121 0.182380
vt 0.866771 0.182582
vt 0.885240 0.250000
vt 0.884836 0.250000
vt 0.867121 0.317620
vt 0.866771 0.317418
vt 0.817620 0.367121
vt 0.817418 0.366771
vt 0.157655 0.250000
vt 0.170027 0.203828
vt 0.170027 0.203828
vt 0.157655 0.250000
vt 0.292672 0.323910
vt 0.250000 0.335344
vt 0.207328 0.323910
vt 0.176090 0.292672
vt 0.164656 0.250000
vt 0.176090 0.207328
vt 0.207328 0.176090
vt 0.250000 0.164656
vt 0.292672 0.176090
vt 0.323910 0.207328
vt 0.335344 0.250000
vt 0.323910 0.292672
vt 0.250000 0.157655
vt 0.296172 0.170027
vt 0.296172 0.170027
vt 0.250000 0.157655
vt 0.342345 0.250000
vt 0.329973 0.296172
vt 0.329973 0.296172
vt 0.342345 0.250000
vt 0.170027 0.296172
vt 0.170027 0.296172
vt 0.203828 0.170027
vt 0.203828 0.170027
vt 0.329973 0.203828
vt 0.329973 0.203828
vt 0.203828 0.329973
vt 0.203827 0.329973
vt 0.296172 0.329973
vt 0.250000 0.342345
vt 0.250000 0.342345
vt 0.296172 0.329973
vt 0.329973 0.296172
vt 0.296172 0.329973
vt 0.250000 0.342345
vt 0.203827 0.329973
vt 0.296172 0.170027
vt 0.329973 0.203828
vt 0.170027 0.203828
vt 0.203828 0.170027
vt 0.170027 0.296172
vt 0.342345 0.250000
vt 0.250000 0.157655
vt 0.157655 0.250000
vt 0.157655 0.250000
vt 0.157655 0.250000
vt 0.170027 0.203828
vt 0.170027 0.203828
vt 0.292672 0.323910
vt 0.323910 0.292672
vt 0.335344 0.250000
vt 0.323910 0.207328
vt 0.292672 0.176090
vt 0.250000 0.164656
vt 0.207328 0.176090
vt 0.176090 0.207328
vt 0.164656 0.250000
vt 0.176090 0.292672
vt 0.207328 0.323910
vt 0.250000 0.335344
vt 0.250000 0.157655
vt 0.250000 0.157655
vt 0.296172 0.170027
vt 0.296172 0.170027
vt 0.342345 0.250000
vt 0.342345 0.250000
vt 0.329973 0.296172
vt 0.329973 0.296172
vt 0.170027 0.296172
vt 0.170027 0.296172
vt 0.203828 0.170027
vt 0.203828 0.170027
vt 0.329973 0.203828
vt 0.329973 0.203828
vt 0.203828 0.329973
vt 0.203827 0.329973
vt 0.296172 0.329973
vt 0.296172 0.329973
vt 0.250000 0.342345
vt 0.250000 0.342345
vt 0.329973 0.296172
vt 0.296172 0.329973
vt 0.250000 0.342345
vt 0.203827 0.329973
vt 0.296172 0.170027
vt 0.329973 0.203828
vt 0.170027 0.203828
vt 0.203828 0.170027
vt 0.170027 0.296172
vt 0.342345 0.250000
vt 0.250000 0.157655
vt 0.157655 0.250000
vt 0.083333 0.509765
vt 0.083333 0.511081
vt 0.000000 0.511081
vt 0.000000 0.509766
vt 0.166667 0.509765
vt 0.166667 0.511081
vt 0.250000 0.509766
vt 0.250000 0.511081
vt 0.333333 0.509766
vt 0.333333 0.511081
vt 0.416667 0.509766
vt 0.416667 0.511081
vt 0.500000 0.509766
vt 0.500000 0.511081
vt 0.583333 0.509766
vt 0.583333 0.511081
vt 0.666667 0.509766
vt 0.666667 0.511081
vt 0.750000 0.509766
vt 0.750000 0.511081
vt 0.833333 0.509765
vt 0.833333 0.511081
vt 0.916667 0.509766
vt 0.916667 0.511081
vt 1.000000 0.509766
vt 1.000000 0.511081
vt 1.000000 0.500000
vt 0.916667 0.500000
vt 0.833333 0.500000
vt 0.750000 0.500000
vt 0.666667 0.500000
vt 0.583333 0.500000
vt 0.500000 0.500000
vt 0.416667 0.500000
vt 0.333333 0.500000
vt 0.250000 0.500000
vt 0.166667 0.500000
vt 0.083333 0.500000
vt 0.000000 0.500000
vt 0.083333 0.509765
vt 0.000000 0.509766
vt 0.000000 0.511081
vt 0.083333 0.511081
vt 0.166667 0.509765
vt 0.166667 0.511081
vt 0.250000 0.509766
vt 0.250000 0.511081
vt 0.333333 0.509766
vt 0.333333 0.511081
vt 0.416667 0.509766
vt 0.416667 0.511081
vt 0.500000 0.509766
vt 0.500000 0.511081
vt 0.583333 0.509766
vt 0.583333 0.511081
vt 0.666667 0.509766
vt 0.666667 0.511081
vt 0.750000 0.509766
vt 0.750000 0.511081
vt 0.833333 0.509765
vt 0.833333 0.511081
vt 0.916667 0.509766
vt 0.916667 0.511081
vt 1.000000 0.509766
vt 1.000000 0.511081
vt 1.000000 0.500000
vt 0.916667 0.500000
vt 0.833333 0.500000
vt 0.750000 0.500000
vt 0.666667 0.500000
vt 0.583333 0.500000
vt 0.500000 0.500000
vt 0.416667 0.500000
vt 0.333333 0.500000
vt 0.250000 0.500000
vt 0.166667 0.500000
vt 0.083333 0.500000
vt 0.000000 0.500000
vn -1.0000 0.0000 0.0000
vn -0.7571 0.0000 -0.6532
vn -0.6557 -0.3786 -0.6532
vn -0.8660 -0.5000 0.0000
vn -0.3786 -0.6557 -0.6532
vn -0.5000 -0.8660 0.0000
vn 0.0000 -0.7571 -0.6532
vn 0.0000 -1.0000 0.0000
vn 0.3786 -0.6557 -0.6532
vn 0.5000 -0.8660 0.0000
vn 0.6557 -0.3786 -0.6532
vn 0.8660 -0.5000 0.0000
vn 0.7572 0.0000 -0.6532
vn 1.0000 0.0000 0.0000
vn 0.6557 0.3786 -0.6532
vn 0.8660 0.5000 0.0000
vn 0.3786 0.6557 -0.6532
vn 0.5000 0.8660 0.0000
vn 0.0000 0.7571 -0.6532
vn 0.0000 1.0000 0.0000
vn -0.3786 0.6557 -0.6532
vn -0.5000 0.8660 0.0000
vn 0.3554 0.6155 -0.7035
vn 0.6155 0.3554 -0.7035
vn 0.3784 0.2185 -0.8995
vn 0.2185 0.3784 -0.8995
vn -0.6557 0.3786 -0.6532
vn -0.8660 0.5000 0.0000
vn 0.0000 0.0000 -1.0000
vn -0.6536 0.0000 -0.7568
vn -0.8957 0.0000 -0.4445
vn -0.7757 -0.4479 -0.4445
vn -0.5661 -0.3268 -0.7568
vn -0.4479 -0.7757 -0.4445
vn -0.3268 -0.5661 -0.7568
vn 0.0000 -0.8957 -0.4445
vn 0.0000 -0.6536 -0.7568
vn 0.4479 -0.7757 -0.4445
vn 0.3268 -0.5661 -0.7568
vn 0.7757 -0.4479 -0.4445
vn 0.5661 -0.3268 -0.7568
vn 0.8957 0.0000 -0.4445
vn 0.6536 0.0000 -0.7568
vn 0.7757 0.4479 -0.4445
vn 0.5661 0.3268 -0.7568
vn 0.4479 0.7757 -0.4445
vn 0.3268 0.5661 -0.7568
vn 0.0000 0.8957 -0.4445
vn 0.0000 0.6536 -0.7568
vn -0.4479 0.7757 -0.4445
vn -0.3268 0.5661 -0.7568
vn -0.7757 0.4479 -0.4445
vn -0.5661 0.3268 -0.7568
vn 0.6155 -0.3553 -0.7035
vn 0.3553 -0.6155 -0.7035
vn 0.2184 -0.3784 -0.8995
vn 0.3783 -0.2185 -0.8995
vn -0.7107 0.0000 -0.7035
vn -0.6155 0.3553 -0.7035
vn -0.3784 0.2185 -0.8995
vn -0.4369 0.0000 -0.8995
vn -0.3553 -0.6155 -0.7035
vn -0.6155 -0.3553 -0.7035
vn -0.3784 -0.2185 -0.8995
vn -0.2184 -0.3784 -0.8995
vn 0.0000 0.7107 -0.7035
vn 0.0000 0.4369 -0.8995
vn 0.7107 0.0000 -0.7035
vn 0.4369 0.0000 -0.8995
vn 0.0000 -0.7107 -0.7035
vn 0.0000 -0.4369 -0.8995
vn -0.3553 0.6155 -0.7035
vn -0.2185 0.3784 -0.8995
vn -0.5523 0.3189 -0.7703
vn -0.6377 0.0000 -0.7703
vn -0.3189 0.5523 -0.7703
vn 0.0000 0.6377 -0.7703
vn 0.3189 0.5523 -0.7703
vn 0.5523 0.3189 -0.7703
vn 0.6377 0.0000 -0.7703
vn 0.5523 -0.3189 -0.7703
vn 0.3189 -0.5523 -0.7703
vn 0.0000 -0.6377 -0.7703
vn -0.3189 -0.5523 -0.7703
vn -0.5523 -0.3189 -0.7703
vn 0.6155 0.3553 -0.7035
vn 0.1639 0.2839 -0.9447
vn 0.2839 0.1639 -0.9447
vn 0.2839 -0.1639 -0.9447
vn 0.1639 -0.2839 -0.9447
vn -0.3279 0.0000 -0.9447
vn -0.2839 0.1639 -0.9447
vn -0.1639 -0.2839 -0.9447
vn -0.2839 -0.1639 -0.9447
vn 0.0000 0.3279 -0.9447
vn 0.3279 0.0000 -0.9447
vn 0.0000 -0.3279 -0.9447
vn -0.1639 0.2839 -0.9447
vn 0.7571 0.0000 -0.6532
vn -0.3554 0.6155 -0.7035
vn -0.6155 0.3554 -0.7035
vn -0.6155 -0.3554 -0.7035
vn -0.2185 -0.3784 -0.8995
vn -0.3554 -0.6155 -0.7035
vn 0.3784 -0.2185 -0.8995
vn 0.6155 -0.3554 -0.7035
vn 0.3553 0.6155 -0.7035
vn 0.2184 0.3784 -0.8995
vn -0.8513 -0.4915 0.1834
vn -0.9830 0.0000 0.1834
vn -0.9958 0.0000 0.0908
vn -0.8624 -0.4979 0.0908
vn -0.4915 -0.8513 0.1834
vn -0.4979 -0.8624 0.0908
vn 0.0000 -0.9830 0.1834
vn 0.0000 -0.9958 0.0908
vn 0.4915 -0.8513 0.1834
vn 0.4979 -0.8624 0.0908
vn 0.8513 -0.4915 0.1834
vn 0.8624 -0.4979 0.0908
vn 0.9830 0.0000 0.1834
vn 0.9958 0.0000 0.0908
vn 0.8513 0.4915 0.1834
vn 0.8624 0.4979 0.0908
vn 0.4915 0.8513 0.1834
vn 0.4979 0.8624 0.0908
vn 0.0000 0.9830 0.1834
vn 0.0000 0.9958 0.0908
vn -0.4915 0.8513 0.1834
vn -0.4979 0.8624 0.0908
vn -0.8513 0.4915 0.1834
vn -0.8624 0.4979 0.0908
vn -0.6939 0.0000 0.7200
vn -0.6010 0.3470 0.7200
vn -0.3470 0.6010 0.7200
vn 0.0000 0.6939 0.7200
vn 0.3470 0.6010 0.7200
vn 0.6010 0.3470 0.7200
vn 0.6939 0.0000 0.7200
vn 0.6010 -0.3470 0.7200
vn 0.3470 -0.6010 0.7200
vn 0.0000 -0.6939 0.7200
vn -0.3470 -0.6010 0.7200
vn -0.6010 -0.3470 0.7200
vn -0.0094 -0.0054 0.9999
vn -0.0108 0.0000 0.9999
vn -0.0054 -0.0094 0.9999
vn 0.0000 -0.0108 0.9999
vn 0.0054 -0.0094 0.9999
vn 0.0094 -0.0054 0.9999
vn 0.0108 0.0000 0.9999
vn 0.0094 0.0054 0.9999
vn 0.0054 0.0094 0.9999
vn 0.0000 0.0108 0.9999
vn -0.0054 0.0094 0.9999
vn -0.0094 0.0054 0.9999
vn -0.0132 -0.0076 0.9999
vn -0.0152 0.0000 0.9999
vn -0.0076 -0.0132 0.9999
vn 0.0000 -0.0152 0.9999
vn 0.0076 -0.0132 0.9999
vn 0.0132 -0.0076 0.9999
vn 0.0152 0.0000 0.9999
vn 0.0132 0.0076 0.9999
vn 0.0076 0.0132 0.9999
vn 0.0000 0.0152 0.9999
vn -0.0076 0.0132 0.9999
vn -0.0132 0.0076 0.9999
vn 0.5463 0.3154 0.7759
vn 0.6308 0.0000 0.7759
vn 0.3154 0.5463 0.7759
vn 0.0000 0.6308 0.7759
vn -0.3154 0.5463 0.7759
vn -0.5463 0.3154 0.7759
vn -0.6308 0.0000 0.7759
vn -0.5463 -0.3154 0.7759
vn -0.3154 -0.5463 0.7759
vn 0.0000 -0.6308 0.7759
vn 0.3154 -0.5463 0.7759
vn 0.5463 -0.3154 0.7759
vn 0.8649 0.4993 0.0508
vn 0.9987 0.0000 0.0508
vn 0.4993 0.8649 0.0508
vn 0.0000 0.9987 0.0508
vn -0.4993 0.8649 0.0508
vn -0.8649 0.4993 0.0508
vn -0.9987 0.0000 0.0508
vn -0.8649 -0.4993 0.0508
vn -0.4993 -0.8649 0.0508
vn 0.0000 -0.9987 0.0508
vn 0.4993 -0.8649 0.0508
vn 0.8649 -0.4993 0.0508
vn 0.7512 0.0000 0.6601
vn 0.6505 -0.3756 0.6601
vn 0.8649 -0.4993 0.0514
vn 0.9987 0.0000 0.0514
vn 0.3756 -0.6505 0.6601
vn 0.4993 -0.8649 0.0514
vn 0.0000 -0.7512 0.6601
vn 0.0000 -0.9987 0.0514
vn -0.3756 -0.6505 0.6601
vn -0.4993 -0.8649 0.0514
vn -0.6505 -0.3756 0.6601
vn -0.8649 -0.4993 0.0514
vn -0.7512 0.0000 0.6601
vn -0.9987 0.0000 0.0514
vn -0.6505 0.3756 0.6601
vn -0.8649 0.4993 0.0514
vn -0.3756 0.6505 0.6601
vn -0.4993 0.8649 0.0514
vn 0.0000 0.7512 0.6601
vn 0.0000 0.9987 0.0514
vn 0.3756 0.6505 0.6601
vn 0.4993 0.8649 0.0514
vn 0.6505 0.3756 0.6601
vn 0.8649 0.4993 0.0514
vn -0.9830 0.0000 0.1835
vn -0.7572 0.0000 -0.6532
vn -0.7966 0.4599 -0.3922
vn -0.9199 0.0000 -0.3922
vn -0.4599 0.7966 -0.3922
vn 0.0000 0.9199 -0.3922
vn 0.4599 0.7966 -0.3922
vn 0.7966 0.4599 -0.3922
vn 0.9199 0.0000 -0.3922
vn 0.7966 -0.4599 -0.3922
vn 0.4599 -0.7966 -0.3922
vn 0.0000 -0.9199 -0.3922
vn -0.4599 -0.7966 -0.3922
vn -0.7966 -0.4599 -0.3922
usemtl DarkPorple
s 1
f 969/1124/481 994/1125/482 993/1126/483 970/1127/484
f 970/1127/484 993/1126/483 995/1128/485 971/1129/486
f 971/1129/486 995/1128/485 996/1130/487 972/1131/488
f 972/1131/488 996/1130/487 997/1132/489 973/1133/490
f 973/1133/490 997/1132/489 998/1134/491 974/1135/492
f 974/1135/492 998/1134/491 999/1136/493 975/1137/494
f 975/1137/494 999/1136/493 1000/1138/495 976/1139/496
f 976/1139/496 1000/1138/495 1001/1140/497 977/1141/498
f 977/1141/498 1001/1140/497 1002/1142/499 978/1143/500
f 978/1143/500 1002/1142/499 1003/1144/501 979/1145/502
f 1186/1146/503 1185/1147/504 1144/1148/505 1145/1149/506
f 979/1145/502 1003/1144/501 1004/1150/507 980/1151/508
f 980/1151/508 1004/1150/507 994/1152/482 969/1153/481
f 1017/1154/481 969/1124/481 970/1127/484 1018/1155/484
f 1232/1156/509 1221/1157/509 993/1158/483 994/1159/482
f 1221/1157/509 1222/1160/509 995/1161/485 993/1158/483
f 1222/1160/509 1223/1162/509 996/1163/487 995/1161/485
f 1223/1162/509 1224/1164/509 997/1165/489 996/1163/487
f 1224/1164/509 1225/1166/509 998/1167/491 997/1165/489
f 1225/1166/509 1226/1168/509 999/1169/493 998/1167/491
f 1226/1168/509 1227/1170/509 1000/1171/495 999/1169/493
f 1227/1170/509 1228/1172/509 1001/1173/497 1000/1171/495
f 1228/1172/509 1229/1174/509 1002/1175/499 1001/1173/497
f 1229/1174/509 1230/1176/509 1003/1177/501 1002/1175/499
f 1230/1176/509 1231/1178/509 1004/1179/507 1003/1177/501
f 1231/1178/509 1232/1156/509 994/1159/482 1004/1179/507
f 1052/1180/510 1016/1181/511 1005/1182/512 1041/1183/513
f 1041/1183/513 1005/1182/512 1006/1184/514 1042/1185/515
f 1042/1185/515 1006/1184/514 1007/1186/516 1043/1187/517
f 1043/1187/517 1007/1186/516 1008/1188/518 1044/1189/519
f 1044/1189/519 1008/1188/518 1009/1190/520 1045/1191/521
f 1045/1191/521 1009/1190/520 1010/1192/522 1046/1193/523
f 1046/1193/523 1010/1192/522 1011/1194/524 1047/1195/525
f 1047/1195/525 1011/1194/524 1012/1196/526 1048/1197/527
f 1048/1197/527 1012/1196/526 1013/1198/528 1049/1199/529
f 1049/1199/529 1013/1198/528 1014/1200/530 1050/1201/531
f 1050/1201/531 1014/1200/530 1015/1202/532 1051/1203/533
f 1051/1203/533 1015/1202/532 1016/1204/511 1052/1205/510
f 1016/1181/511 1017/1154/481 1018/1155/484 1005/1182/512
f 1005/1182/512 1018/1155/484 1019/1206/486 1006/1184/514
f 1006/1184/514 1019/1206/486 1020/1207/488 1007/1186/516
f 1007/1186/516 1020/1207/488 1021/1208/490 1008/1188/518
f 1008/1188/518 1021/1208/490 1022/1209/492 1009/1190/520
f 1009/1190/520 1022/1209/492 1023/1210/494 1010/1192/522
f 1010/1192/522 1023/1210/494 1024/1211/496 1011/1194/524
f 1011/1194/524 1024/1211/496 1025/1212/498 1012/1196/526
f 1012/1196/526 1025/1212/498 1026/1213/500 1013/1198/528
f 1013/1198/528 1026/1213/500 1027/1214/502 1014/1200/530
f 1014/1200/530 1027/1214/502 1028/1215/508 1015/1202/532
f 1015/1202/532 1028/1215/508 1017/1216/481 1016/1204/511
f 1188/1217/534 1187/1218/535 1141/1219/536 1142/1220/537
f 1190/1221/538 1189/1222/539 1148/1223/540 1138/1224/541
f 1192/1225/542 1191/1226/543 1137/1227/544 1139/1228/545
f 1193/1229/546 1186/1146/503 1145/1149/506 1146/1230/547
f 1194/1231/548 1188/1217/534 1142/1220/537 1143/1232/549
f 1195/1233/550 1192/1225/542 1139/1228/545 1140/1234/551
f 1196/1235/552 1193/1229/546 1146/1230/547 1147/1236/553
f 1185/1147/504 1194/1231/548 1143/1232/549 1144/1148/505
f 1187/1218/535 1195/1233/550 1140/1234/551 1141/1219/536
f 1189/1222/539 1196/1235/552 1147/1236/553 1148/1223/540
f 1191/1226/543 1190/1221/538 1138/1224/541 1137/1227/544
f 1184/1237/509 1173/1238/509 1137/1227/544 1138/1224/541
f 1173/1238/509 1174/1239/509 1139/1228/545 1137/1227/544
f 1174/1239/509 1175/1240/509 1140/1234/551 1139/1228/545
f 1175/1240/509 1176/1241/509 1141/1219/536 1140/1234/551
f 1176/1241/509 1177/1242/509 1142/1220/537 1141/1219/536
f 1177/1242/509 1178/1243/509 1143/1232/549 1142/1220/537
f 1178/1243/509 1179/1244/509 1144/1148/505 1143/1232/549
f 1179/1244/509 1180/1245/509 1145/1149/506 1144/1148/505
f 1180/1245/509 1181/1246/509 1146/1230/547 1145/1149/506
f 1181/1246/509 1182/1247/509 1147/1236/553 1146/1230/547
f 1182/1247/509 1183/1248/509 1148/1223/540 1147/1236/553
f 1183/1248/509 1184/1237/509 1138/1224/541 1148/1223/540
f 1136/1249/554 1126/1250/555 1161/1251/509 1172/1252/509
f 1135/1253/556 1136/1249/554 1172/1252/509 1171/1254/509
f 1134/1255/557 1135/1253/556 1171/1254/509 1170/1256/509
f 1133/1257/558 1134/1255/557 1170/1256/509 1169/1258/509
f 1132/1259/559 1133/1257/558 1169/1258/509 1168/1260/509
f 1131/1261/560 1132/1259/559 1168/1260/509 1167/1262/509
f 1130/1263/561 1131/1261/560 1167/1262/509 1166/1264/509
f 1129/1265/562 1130/1263/561 1166/1264/509 1165/1266/509
f 1128/1267/563 1129/1265/562 1165/1266/509 1164/1268/509
f 1127/1269/564 1128/1267/563 1164/1268/509 1163/1270/509
f 1125/1271/565 1127/1269/564 1163/1270/509 1162/1272/509
f 1126/1250/555 1125/1271/565 1162/1272/509 1161/1251/509
f 1172/1252/509 1161/1251/509 1184/1237/509 1183/1248/509
f 1171/1254/509 1172/1252/509 1183/1248/509 1182/1247/509
f 1170/1256/509 1171/1254/509 1182/1247/509 1181/1246/509
f 1169/1258/509 1170/1256/509 1181/1246/509 1180/1245/509
f 1168/1260/509 1169/1258/509 1180/1245/509 1179/1244/509
f 1167/1262/509 1168/1260/509 1179/1244/509 1178/1243/509
f 1166/1264/509 1167/1262/509 1178/1243/509 1177/1242/509
f 1165/1266/509 1166/1264/509 1177/1242/509 1176/1241/509
f 1164/1268/509 1165/1266/509 1176/1241/509 1175/1240/509
f 1163/1270/509 1164/1268/509 1175/1240/509 1174/1239/509
f 1162/1272/509 1163/1270/509 1174/1239/509 1173/1238/509
f 1161/1251/509 1162/1272/509 1173/1238/509 1184/1237/509
f 1208/1273/543 1199/1274/538 1190/1221/538 1191/1226/543
f 1207/1275/539 1204/1276/552 1196/1235/552 1189/1222/539
f 1206/1277/535 1203/1278/550 1195/1233/550 1187/1218/535
f 1205/1279/566 1202/1280/548 1194/1231/548 1185/1147/504
f 1204/1276/552 1201/1281/546 1193/1229/546 1196/1235/552
f 1203/1278/550 1200/1282/542 1192/1225/542 1195/1233/550
f 1202/1280/548 1198/1283/534 1188/1217/534 1194/1231/548
f 1201/1281/546 1197/1284/503 1186/1146/503 1193/1229/546
f 1200/1282/542 1208/1273/543 1191/1226/543 1192/1225/542
f 1199/1274/538 1207/1275/539 1189/1222/539 1190/1221/538
f 1198/1283/534 1206/1277/535 1187/1218/535 1188/1217/534
f 1197/1284/503 1205/1279/566 1185/1147/504 1186/1146/503
f 950/1285/567 948/1286/568 1205/1279/566 1197/1284/503
f 944/1287/569 942/1288/570 1206/1277/535 1198/1283/534
f 934/1289/571 956/1290/572 1207/1275/539 1199/1274/538
f 938/1291/573 936/1292/574 1208/1273/543 1200/1282/542
f 952/1293/575 950/1285/567 1197/1284/503 1201/1281/546
f 946/1294/576 944/1287/569 1198/1283/534 1202/1280/548
f 940/1295/577 938/1291/573 1200/1282/542 1203/1278/550
f 954/1296/578 952/1293/575 1201/1281/546 1204/1276/552
f 948/1286/568 946/1294/576 1202/1280/548 1205/1279/566
f 942/1288/570 940/1295/577 1203/1278/550 1206/1277/535
f 956/1290/572 954/1296/578 1204/1276/552 1207/1275/539
f 936/1292/574 934/1289/571 1199/1274/538 1208/1273/543
f 956/1290/572 934/1289/571 1209/1297/509 1220/1298/509
f 954/1296/578 956/1290/572 1220/1298/509 1219/1299/509
f 952/1293/575 954/1296/578 1219/1299/509 1218/1300/509
f 950/1285/567 952/1293/575 1218/1300/509 1217/1301/509
f 948/1286/568 950/1285/567 1217/1301/509 1216/1302/509
f 946/1294/576 948/1286/568 1216/1302/509 1215/1303/509
f 944/1287/569 946/1294/576 1215/1303/509 1214/1304/509
f 942/1288/570 944/1287/569 1214/1304/509 1213/1305/509
f 940/1295/577 942/1288/570 1213/1305/509 1212/1306/509
f 938/1291/573 940/1295/577 1212/1306/509 1211/1307/509
f 936/1292/574 938/1291/573 1211/1307/509 1210/1308/509
f 934/1289/571 936/1292/574 1210/1308/509 1209/1297/509
f 1220/1298/509 1209/1297/509 1232/1156/509 1231/1178/509
f 1219/1299/509 1220/1298/509 1231/1178/509 1230/1176/509
f 1218/1300/509 1219/1299/509 1230/1176/509 1229/1174/509
f 1217/1301/509 1218/1300/509 1229/1174/509 1228/1172/509
f 1216/1302/509 1217/1301/509 1228/1172/509 1227/1170/509
f 1215/1303/509 1216/1302/509 1227/1170/509 1226/1168/509
f 1214/1304/509 1215/1303/509 1226/1168/509 1225/1166/509
f 1213/1305/509 1214/1304/509 1225/1166/509 1224/1164/509
f 1212/1306/509 1213/1305/509 1224/1164/509 1223/1162/509
f 1211/1307/509 1212/1306/509 1223/1162/509 1222/1160/509
f 1210/1308/509 1211/1307/509 1222/1160/509 1221/1157/509
f 1209/1297/509 1210/1308/509 1221/1157/509 1232/1156/509
f 1018/1155/484 970/1127/484 971/1129/486 1019/1206/486
f 1019/1206/486 971/1129/486 972/1131/488 1020/1207/488
f 1020/1207/488 972/1131/488 973/1133/490 1021/1208/490
f 1021/1208/490 973/1133/490 974/1135/492 1022/1209/492
f 1022/1209/492 974/1135/492 975/1137/494 1023/1210/494
f 1023/1210/494 975/1137/494 976/1139/496 1024/1211/496
f 1024/1211/496 976/1139/496 977/1141/498 1025/1212/498
f 1025/1212/498 977/1141/498 978/1143/500 1026/1213/500
f 1026/1213/500 978/1143/500 979/1145/502 1027/1214/502
f 1027/1214/502 979/1145/502 980/1151/508 1028/1215/508
f 1028/1215/508 980/1151/508 969/1153/481 1017/1216/481
f 1329/1309/494 1330/1310/492 1353/1311/491 1354/1312/579
f 1330/1310/492 1331/1313/490 1355/1314/489 1353/1311/491
f 1331/1313/490 1332/1315/488 1356/1316/487 1355/1314/489
f 1332/1315/488 1333/1317/486 1357/1318/485 1356/1316/487
f 1333/1317/486 1334/1319/484 1358/1320/483 1357/1318/485
f 1334/1319/484 1335/1321/481 1359/1322/482 1358/1320/483
f 1335/1321/481 1336/1323/508 1360/1324/507 1359/1322/482
f 1336/1323/508 1337/1325/502 1361/1326/501 1360/1324/507
f 1337/1325/502 1338/1327/500 1362/1328/499 1361/1326/501
f 1338/1327/500 1339/1329/498 1363/1330/497 1362/1328/499
f 1546/1331/580 1505/1332/553 1504/1333/540 1545/1334/581
f 1339/1329/498 1340/1335/496 1364/1336/495 1363/1330/497
f 1340/1335/496 1329/1337/494 1354/1338/579 1364/1336/495
f 1377/1339/494 1378/1340/492 1330/1310/492 1329/1309/494
f 1592/1341/509 1354/1342/579 1353/1343/491 1581/1344/509
f 1581/1344/509 1353/1343/491 1355/1345/489 1582/1346/509
f 1582/1346/509 1355/1345/489 1356/1347/487 1583/1348/509
f 1583/1348/509 1356/1347/487 1357/1349/485 1584/1350/509
f 1584/1350/509 1357/1349/485 1358/1351/483 1585/1352/509
f 1585/1352/509 1358/1351/483 1359/1353/482 1586/1354/509
f 1586/1354/509 1359/1353/482 1360/1355/507 1587/1356/509
f 1587/1356/509 1360/1355/507 1361/1357/501 1588/1358/509
f 1588/1358/509 1361/1357/501 1362/1359/499 1589/1360/509
f 1589/1360/509 1362/1359/499 1363/1361/497 1590/1362/509
f 1590/1362/509 1363/1361/497 1364/1363/495 1591/1364/509
f 1591/1364/509 1364/1363/495 1354/1342/579 1592/1341/509
f 1412/1365/523 1401/1366/521 1365/1367/520 1376/1368/522
f 1401/1366/521 1402/1369/519 1366/1370/518 1365/1367/520
f 1402/1369/519 1403/1371/517 1367/1372/516 1366/1370/518
f 1403/1371/517 1404/1373/515 1368/1374/514 1367/1372/516
f 1404/1373/515 1405/1375/513 1369/1376/512 1368/1374/514
f 1405/1375/513 1406/1377/510 1370/1378/511 1369/1376/512
f 1406/1377/510 1407/1379/533 1371/1380/532 1370/1378/511
f 1407/1379/533 1408/1381/531 1372/1382/530 1371/1380/532
f 1408/1381/531 1409/1383/529 1373/1384/528 1372/1382/530
f 1409/1383/529 1410/1385/527 1374/1386/526 1373/1384/528
f 1410/1385/527 1411/1387/525 1375/1388/524 1374/1386/526
f 1411/1387/525 1412/1389/523 1376/1390/522 1375/1388/524
f 1376/1368/522 1365/1367/520 1378/1340/492 1377/1339/494
f 1365/1367/520 1366/1370/518 1379/1391/490 1378/1340/492
f 1366/1370/518 1367/1372/516 1380/1392/488 1379/1391/490
f 1367/1372/516 1368/1374/514 1381/1393/486 1380/1392/488
f 1368/1374/514 1369/1376/512 1382/1394/484 1381/1393/486
f 1369/1376/512 1370/1378/511 1383/1395/481 1382/1394/484
f 1370/1378/511 1371/1380/532 1384/1396/508 1383/1395/481
f 1371/1380/532 1372/1382/530 1385/1397/502 1384/1396/508
f 1372/1382/530 1373/1384/528 1386/1398/500 1385/1397/502
f 1373/1384/528 1374/1386/526 1387/1399/498 1386/1398/500
f 1374/1386/526 1375/1388/524 1388/1400/496 1387/1399/498
f 1375/1388/524 1376/1390/522 1377/1401/494 1388/1400/496
f 1548/1402/582 1502/1403/544 1501/1404/583 1547/1405/584
f 1550/1406/548 1498/1407/549 1508/1408/505 1549/1409/504
f 1552/1410/535 1499/1411/536 1497/1412/585 1551/1413/586
f 1553/1414/546 1506/1415/547 1505/1332/553 1546/1331/580
f 1554/1416/538 1503/1417/541 1502/1403/544 1548/1402/582
f 1555/1418/550 1500/1419/551 1499/1411/536 1552/1410/535
f 1556/1420/587 1507/1421/588 1506/1415/547 1553/1414/546
f 1545/1334/581 1504/1333/540 1503/1417/541 1554/1416/538
f 1547/1405/584 1501/1404/583 1500/1419/551 1555/1418/550
f 1549/1409/504 1508/1408/505 1507/1421/588 1556/1420/587
f 1551/1413/586 1497/1412/585 1498/1407/549 1550/1406/548
f 1544/1422/509 1498/1407/549 1497/1412/585 1533/1423/509
f 1533/1423/509 1497/1412/585 1499/1411/536 1534/1424/509
f 1534/1424/509 1499/1411/536 1500/1419/551 1535/1425/509
f 1535/1425/509 1500/1419/551 1501/1404/583 1536/1426/509
f 1536/1426/509 1501/1404/583 1502/1403/544 1537/1427/509
f 1537/1427/509 1502/1403/544 1503/1417/541 1538/1428/509
f 1538/1428/509 1503/1417/541 1504/1333/540 1539/1429/509
f 1539/1429/509 1504/1333/540 1505/1332/553 1540/1430/509
f 1540/1430/509 1505/1332/553 1506/1415/547 1541/1431/509
f 1541/1431/509 1506/1415/547 1507/1421/588 1542/1432/509
f 1542/1432/509 1507/1421/588 1508/1408/505 1543/1433/509
f 1543/1433/509 1508/1408/505 1498/1407/549 1544/1422/509
f 1496/1434/559 1532/1435/509 1521/1436/509 1486/1437/560
f 1495/1438/558 1531/1439/509 1532/1435/509 1496/1434/559
f 1494/1440/557 1530/1441/509 1531/1439/509 1495/1438/558
f 1493/1442/556 1529/1443/509 1530/1441/509 1494/1440/557
f 1492/1444/554 1528/1445/509 1529/1443/509 1493/1442/556
f 1491/1446/555 1527/1447/509 1528/1445/509 1492/1444/554
f 1490/1448/565 1526/1449/509 1527/1447/509 1491/1446/555
f 1489/1450/564 1525/1451/509 1526/1449/509 1490/1448/565
f 1488/1452/563 1524/1453/509 1525/1451/509 1489/1450/564
f 1487/1454/562 1523/1455/509 1524/1453/509 1488/1452/563
f 1485/1456/561 1522/1457/509 1523/1455/509 1487/1454/562
f 1486/1437/560 1521/1436/509 1522/1457/509 1485/1456/561
f 1532/1435/509 1543/1433/509 1544/1422/509 1521/1436/509
f 1531/1439/509 1542/1432/509 1543/1433/509 1532/1435/509
f 1530/1441/509 1541/1431/509 1542/1432/509 1531/1439/509
f 1529/1443/509 1540/1430/509 1541/1431/509 1530/1441/509
f 1528/1445/509 1539/1429/509 1540/1430/509 1529/1443/509
f 1527/1447/509 1538/1428/509 1539/1429/509 1528/1445/509
f 1526/1449/509 1537/1427/509 1538/1428/509 1527/1447/509
f 1525/1451/509 1536/1426/509 1537/1427/509 1526/1449/509
f 1524/1453/509 1535/1425/509 1536/1426/509 1525/1451/509
f 1523/1455/509 1534/1424/509 1535/1425/509 1524/1453/509
f 1522/1457/509 1533/1423/509 1534/1424/509 1523/1455/509
f 1521/1436/509 1544/1422/509 1533/1423/509 1522/1457/509
f 1568/1458/534 1551/1413/586 1550/1406/548 1559/1459/548
f 1567/1460/566 1549/1409/504 1556/1420/587 1564/1461/587
f 1566/1462/584 1547/1405/584 1555/1418/550 1563/1463/550
f 1565/1464/539 1545/1334/581 1554/1416/538 1562/1465/538
f 1564/1461/587 1556/1420/587 1553/1414/546 1561/1466/546
f 1563/1463/550 1555/1418/550 1552/1410/535 1560/1467/535
f 1562/1465/538 1554/1416/538 1548/1402/582 1558/1468/543
f 1561/1466/546 1553/1414/546 1546/1331/580 1557/1469/580
f 1560/1467/535 1552/1410/535 1551/1413/586 1568/1458/534
f 1559/1459/548 1550/1406/548 1549/1409/504 1567/1460/566
f 1558/1468/543 1548/1402/582 1547/1405/584 1566/1462/584
f 1557/1469/580 1546/1331/580 1545/1334/581 1565/1464/539
f 1310/1470/578 1557/1469/580 1565/1464/539 1308/1471/572
f 1304/1472/574 1558/1468/543 1566/1462/584 1302/1473/573
f 1294/1474/576 1559/1459/548 1567/1460/566 1316/1475/568
f 1298/1476/570 1560/1467/535 1568/1458/534 1296/1477/569
f 1312/1478/575 1561/1466/546 1557/1469/580 1310/1470/578
f 1306/1479/571 1562/1465/538 1558/1468/543 1304/1472/574
f 1300/1480/577 1563/1463/550 1560/1467/535 1298/1476/570
f 1314/1481/567 1564/1461/587 1561/1466/546 1312/1478/575
f 1308/1471/572 1565/1464/539 1562/1465/538 1306/1479/571
f 1302/1473/573 1566/1462/584 1563/1463/550 1300/1480/577
f 1316/1475/568 1567/1460/566 1564/1461/587 1314/1481/567
f 1296/1477/569 1568/1458/534 1559/1459/548 1294/1474/576
f 1316/1475/568 1580/1482/509 1569/1483/509 1294/1474/576
f 1314/1481/567 1579/1484/509 1580/1482/509 1316/1475/568
f 1312/1478/575 1578/1485/509 1579/1484/509 1314/1481/567
f 1310/1470/578 1577/1486/509 1578/1485/509 1312/1478/575
f 1308/1471/572 1576/1487/509 1577/1486/509 1310/1470/578
f 1306/1479/571 1575/1488/509 1576/1487/509 1308/1471/572
f 1304/1472/574 1574/1489/509 1575/1488/509 1306/1479/571
f 1302/1473/573 1573/1490/509 1574/1489/509 1304/1472/574
f 1300/1480/577 1572/1491/509 1573/1490/509 1302/1473/573
f 1298/1476/570 1571/1492/509 1572/1491/509 1300/1480/577
f 1296/1477/569 1570/1493/509 1571/1492/509 1298/1476/570
f 1294/1474/576 1569/1483/509 1570/1493/509 1296/1477/569
f 1580/1482/509 1591/1364/509 1592/1341/509 1569/1483/509
f 1579/1484/509 1590/1362/509 1591/1364/509 1580/1482/509
f 1578/1485/509 1589/1360/509 1590/1362/509 1579/1484/509
f 1577/1486/509 1588/1358/509 1589/1360/509 1578/1485/509
f 1576/1487/509 1587/1356/509 1588/1358/509 1577/1486/509
f 1575/1488/509 1586/1354/509 1587/1356/509 1576/1487/509
f 1574/1489/509 1585/1352/509 1586/1354/509 1575/1488/509
f 1573/1490/509 1584/1350/509 1585/1352/509 1574/1489/509
f 1572/1491/509 1583/1348/509 1584/1350/509 1573/1490/509
f 1571/1492/509 1582/1346/509 1583/1348/509 1572/1491/509
f 1570/1493/509 1581/1344/509 1582/1346/509 1571/1492/509
f 1569/1483/509 1592/1341/509 1581/1344/509 1570/1493/509
f 1378/1340/492 1379/1391/490 1331/1313/490 1330/1310/492
f 1379/1391/490 1380/1392/488 1332/1315/488 1331/1313/490
f 1380/1392/488 1381/1393/486 1333/1317/486 1332/1315/488
f 1381/1393/486 1382/1394/484 1334/1319/484 1333/1317/486
f 1382/1394/484 1383/1395/481 1335/1321/481 1334/1319/484
f 1383/1395/481 1384/1396/508 1336/1323/508 1335/1321/481
f 1384/1396/508 1385/1397/502 1337/1325/502 1336/1323/508
f 1385/1397/502 1386/1398/500 1338/1327/500 1337/1325/502
f 1386/1398/500 1387/1399/498 1339/1329/498 1338/1327/500
f 1387/1399/498 1388/1400/496 1340/1335/496 1339/1329/498
f 1388/1400/496 1377/1401/494 1329/1337/494 1340/1335/496
f 1065/1494/589 1066/1495/590 981/1496/591 982/1497/592
f 1067/1498/593 1065/1494/589 982/1497/592 983/1499/594
f 1068/1500/595 1067/1498/593 983/1499/594 984/1501/596
f 1069/1502/597 1068/1500/595 984/1501/596 985/1503/598
f 1070/1504/599 1069/1502/597 985/1503/598 986/1505/600
f 1071/1506/601 1070/1504/599 986/1505/600 987/1507/602
f 1072/1508/603 1071/1506/601 987/1507/602 988/1509/604
f 1073/1510/605 1072/1508/603 988/1509/604 989/1511/606
f 1074/1512/607 1073/1510/605 989/1511/606 990/1513/608
f 1075/1514/609 1074/1512/607 990/1513/608 991/1515/610
f 1076/1516/611 1075/1514/609 991/1515/610 992/1517/612
f 1066/1495/590 1076/1516/611 992/1517/612 981/1496/591
f 1063/1518/533 1051/1203/533 1052/1205/510 1064/1519/510
f 1062/1520/531 1050/1201/531 1051/1203/533 1063/1518/533
f 1061/1521/529 1049/1199/529 1050/1201/531 1062/1520/531
f 1060/1522/527 1048/1197/527 1049/1199/529 1061/1521/529
f 1059/1523/525 1047/1195/525 1048/1197/527 1060/1522/527
f 1058/1524/523 1046/1193/523 1047/1195/525 1059/1523/525
f 1057/1525/521 1045/1191/521 1046/1193/523 1058/1524/523
f 1056/1526/519 1044/1189/519 1045/1191/521 1057/1525/521
f 1055/1527/517 1043/1187/517 1044/1189/519 1056/1526/519
f 1054/1528/515 1042/1185/515 1043/1187/517 1055/1527/517
f 1053/1529/513 1041/1183/513 1042/1185/515 1054/1528/515
f 1064/1530/510 1052/1180/510 1041/1183/513 1053/1529/513
f 1077/1531/613 1088/1532/614 1076/1516/611 1066/1495/590
f 1088/1532/614 1087/1533/615 1075/1514/609 1076/1516/611
f 1087/1533/615 1086/1534/616 1074/1512/607 1075/1514/609
f 1086/1534/616 1085/1535/617 1073/1510/605 1074/1512/607
f 1085/1535/617 1084/1536/618 1072/1508/603 1073/1510/605
f 1084/1536/618 1083/1537/619 1071/1506/601 1072/1508/603
f 1083/1537/619 1082/1538/620 1070/1504/599 1071/1506/601
f 1082/1538/620 1081/1539/621 1069/1502/597 1070/1504/599
f 1081/1539/621 1080/1540/622 1068/1500/595 1069/1502/597
f 1080/1540/622 1079/1541/623 1067/1498/593 1068/1500/595
f 1079/1541/623 1078/1542/624 1065/1494/589 1067/1498/593
f 1078/1542/624 1077/1531/613 1066/1495/590 1065/1494/589
f 1090/1543/625 1089/1544/626 1077/1531/613 1078/1542/624
f 1091/1545/627 1090/1543/625 1078/1542/624 1079/1541/623
f 1092/1546/628 1091/1545/627 1079/1541/623 1080/1540/622
f 1093/1547/629 1092/1546/628 1080/1540/622 1081/1539/621
f 1094/1548/630 1093/1547/629 1081/1539/621 1082/1538/620
f 1095/1549/631 1094/1548/630 1082/1538/620 1083/1537/619
f 1096/1550/632 1095/1549/631 1083/1537/619 1084/1536/618
f 1097/1551/633 1096/1550/632 1084/1536/618 1085/1535/617
f 1098/1552/634 1097/1551/633 1085/1535/617 1086/1534/616
f 1099/1553/635 1098/1552/634 1086/1534/616 1087/1533/615
f 1100/1554/636 1099/1553/635 1087/1533/615 1088/1532/614
f 1089/1544/626 1100/1554/636 1088/1532/614 1077/1531/613
f 1102/1555/637 1101/1556/638 1089/1544/626 1090/1543/625
f 1103/1557/639 1102/1555/637 1090/1543/625 1091/1545/627
f 1104/1558/640 1103/1557/639 1091/1545/627 1092/1546/628
f 1105/1559/641 1104/1558/640 1092/1546/628 1093/1547/629
f 1106/1560/642 1105/1559/641 1093/1547/629 1094/1548/630
f 1107/1561/643 1106/1560/642 1094/1548/630 1095/1549/631
f 1108/1562/644 1107/1561/643 1095/1549/631 1096/1550/632
f 1109/1563/645 1108/1562/644 1096/1550/632 1097/1551/633
f 1110/1564/646 1109/1563/645 1097/1551/633 1098/1552/634
f 1111/1565/647 1110/1564/646 1098/1552/634 1099/1553/635
f 1112/1566/648 1111/1565/647 1099/1553/635 1100/1554/636
f 1101/1556/638 1112/1566/648 1100/1554/636 1089/1544/626
f 1114/1567/649 1113/1568/650 1101/1556/638 1102/1555/637
f 1115/1569/651 1114/1567/649 1102/1555/637 1103/1557/639
f 1116/1570/652 1115/1569/651 1103/1557/639 1104/1558/640
f 1117/1571/653 1116/1570/652 1104/1558/640 1105/1559/641
f 1118/1572/654 1117/1571/653 1105/1559/641 1106/1560/642
f 1119/1573/655 1118/1572/654 1106/1560/642 1107/1561/643
f 1120/1574/656 1119/1573/655 1107/1561/643 1108/1562/644
f 1121/1575/657 1120/1574/656 1108/1562/644 1109/1563/645
f 1122/1576/658 1121/1575/657 1109/1563/645 1110/1564/646
f 1123/1577/659 1122/1576/658 1110/1564/646 1111/1565/647
f 1124/1578/660 1123/1577/659 1111/1565/647 1112/1566/648
f 1113/1568/650 1124/1578/660 1112/1566/648 1101/1556/638
f 1282/1579/661 1281/1580/662 1113/1568/650 1114/1567/649
f 1283/1581/663 1282/1579/661 1114/1567/649 1115/1569/651
f 1284/1582/664 1283/1581/663 1115/1569/651 1116/1570/652
f 1285/1583/665 1284/1582/664 1116/1570/652 1117/1571/653
f 1286/1584/666 1285/1583/665 1117/1571/653 1118/1572/654
f 1287/1585/667 1286/1584/666 1118/1572/654 1119/1573/655
f 1288/1586/668 1287/1585/667 1119/1573/655 1120/1574/656
f 1289/1587/669 1288/1586/668 1120/1574/656 1121/1575/657
f 1290/1588/670 1289/1587/669 1121/1575/657 1122/1576/658
f 1291/1589/671 1290/1588/670 1122/1576/658 1123/1577/659
f 1292/1590/672 1291/1589/671 1123/1577/659 1124/1578/660
f 1281/1580/662 1292/1590/672 1124/1578/660 1113/1568/650
f 933/1591/673 955/1592/674 1280/1593/675 1270/1594/676
f 955/1592/674 953/1595/677 1279/1596/678 1280/1593/675
f 953/1595/677 951/1597/679 1278/1598/680 1279/1596/678
f 951/1597/679 949/1599/681 1277/1600/682 1278/1598/680
f 949/1599/681 947/1601/683 1276/1602/684 1277/1600/682
f 947/1601/683 945/1603/685 1275/1604/686 1276/1602/684
f 945/1603/685 943/1605/687 1274/1606/688 1275/1604/686
f 943/1605/687 941/1607/689 1273/1608/690 1274/1606/688
f 941/1607/689 939/1609/691 1272/1610/692 1273/1608/690
f 939/1609/691 937/1611/693 1271/1612/694 1272/1610/692
f 937/1611/693 935/1613/695 1269/1614/696 1271/1612/694
f 935/1613/695 933/1591/673 1270/1594/676 1269/1614/696
f 1270/1594/676 1280/1593/675 1292/1590/672 1281/1580/662
f 1280/1593/675 1279/1596/678 1291/1589/671 1292/1590/672
f 1279/1596/678 1278/1598/680 1290/1588/670 1291/1589/671
f 1278/1598/680 1277/1600/682 1289/1587/669 1290/1588/670
f 1277/1600/682 1276/1602/684 1288/1586/668 1289/1587/669
f 1276/1602/684 1275/1604/686 1287/1585/667 1288/1586/668
f 1275/1604/686 1274/1606/688 1286/1584/666 1287/1585/667
f 1274/1606/688 1273/1608/690 1285/1583/665 1286/1584/666
f 1273/1608/690 1272/1610/692 1284/1582/664 1285/1583/665
f 1272/1610/692 1271/1612/694 1283/1581/663 1284/1582/664
f 1271/1612/694 1269/1614/696 1282/1579/661 1283/1581/663
f 1269/1614/696 1270/1594/676 1281/1580/662 1282/1579/661
f 1425/1615/599 1342/1616/600 1341/1617/602 1426/1618/601
f 1427/1619/597 1343/1620/598 1342/1616/600 1425/1615/599
f 1428/1621/595 1344/1622/596 1343/1620/598 1427/1619/597
f 1429/1623/593 1345/1624/594 1344/1622/596 1428/1621/595
f 1430/1625/589 1346/1626/592 1345/1624/594 1429/1623/593
f 1431/1627/697 1347/1628/591 1346/1626/592 1430/1625/589
f 1432/1629/611 1348/1630/612 1347/1628/591 1431/1627/697
f 1433/1631/609 1349/1632/610 1348/1630/612 1432/1629/611
f 1434/1633/607 1350/1634/608 1349/1632/610 1433/1631/609
f 1435/1635/605 1351/1636/606 1350/1634/608 1434/1633/607
f 1436/1637/603 1352/1638/604 1351/1636/606 1435/1635/605
f 1426/1618/601 1341/1617/602 1352/1638/604 1436/1637/603
f 1423/1639/525 1424/1640/523 1412/1389/523 1411/1387/525
f 1422/1641/527 1423/1639/525 1411/1387/525 1410/1385/527
f 1421/1642/529 1422/1641/527 1410/1385/527 1409/1383/529
f 1420/1643/531 1421/1642/529 1409/1383/529 1408/1381/531
f 1419/1644/533 1420/1643/531 1408/1381/531 1407/1379/533
f 1418/1645/510 1419/1644/533 1407/1379/533 1406/1377/510
f 1417/1646/513 1418/1645/510 1406/1377/510 1405/1375/513
f 1416/1647/515 1417/1646/513 1405/1375/513 1404/1373/515
f 1415/1648/517 1416/1647/515 1404/1373/515 1403/1371/517
f 1414/1649/519 1415/1648/517 1403/1371/517 1402/1369/519
f 1413/1650/521 1414/1649/519 1402/1369/519 1401/1366/521
f 1424/1651/523 1413/1650/521 1401/1366/521 1412/1365/523
f 1437/1652/619 1426/1618/601 1436/1637/603 1448/1653/618
f 1448/1653/618 1436/1637/603 1435/1635/605 1447/1654/617
f 1447/1654/617 1435/1635/605 1434/1633/607 1446/1655/616
f 1446/1655/616 1434/1633/607 1433/1631/609 1445/1656/615
f 1445/1656/615 1433/1631/609 1432/1629/611 1444/1657/614
f 1444/1657/614 1432/1629/611 1431/1627/697 1443/1658/613
f 1443/1658/613 1431/1627/697 1430/1625/589 1442/1659/624
f 1442/1659/624 1430/1625/589 1429/1623/593 1441/1660/623
f 1441/1660/623 1429/1623/593 1428/1621/595 1440/1661/622
f 1440/1661/622 1428/1621/595 1427/1619/597 1439/1662/621
f 1439/1662/621 1427/1619/597 1425/1615/599 1438/1663/620
f 1438/1663/620 1425/1615/599 1426/1618/601 1437/1652/619
f 1450/1664/630 1438/1663/620 1437/1652/619 1449/1665/631
f 1451/1666/629 1439/1662/621 1438/1663/620 1450/1664/630
f 1452/1667/628 1440/1661/622 1439/1662/621 1451/1666/629
f 1453/1668/627 1441/1660/623 1440/1661/622 1452/1667/628
f 1454/1669/625 1442/1659/624 1441/1660/623 1453/1668/627
f 1455/1670/626 1443/1658/613 1442/1659/624 1454/1669/625
f 1456/1671/636 1444/1657/614 1443/1658/613 1455/1670/626
f 1457/1672/635 1445/1656/615 1444/1657/614 1456/1671/636
f 1458/1673/634 1446/1655/616 1445/1656/615 1457/1672/635
f 1459/1674/633 1447/1654/617 1446/1655/616 1458/1673/634
f 1460/1675/632 1448/1653/618 1447/1654/617 1459/1674/633
f 1449/1665/631 1437/1652/619 1448/1653/618 1460/1675/632
f 1462/1676/642 1450/1664/630 1449/1665/631 1461/1677/643
f 1463/1678/641 1451/1666/629 1450/1664/630 1462/1676/642
f 1464/1679/640 1452/1667/628 1451/1666/629 1463/1678/641
f 1465/1680/639 1453/1668/627 1452/1667/628 1464/1679/640
f 1466/1681/637 1454/1669/625 1453/1668/627 1465/1680/639
f 1467/1682/638 1455/1670/626 1454/1669/625 1466/1681/637
f 1468/1683/648 1456/1671/636 1455/1670/626 1467/1682/638
f 1469/1684/647 1457/1672/635 1456/1671/636 1468/1683/648
f 1470/1685/646 1458/1673/634 1457/1672/635 1469/1684/647
f 1471/1686/645 1459/1674/633 1458/1673/634 1470/1685/646
f 1472/1687/644 1460/1675/632 1459/1674/633 1471/1686/645
f 1461/1677/643 1449/1665/631 1460/1675/632 1472/1687/644
f 1474/1688/654 1462/1676/642 1461/1677/643 1473/1689/655
f 1475/1690/653 1463/1678/641 1462/1676/642 1474/1688/654
f 1476/1691/652 1464/1679/640 1463/1678/641 1475/1690/653
f 1477/1692/651 1465/1680/639 1464/1679/640 1476/1691/652
f 1478/1693/649 1466/1681/637 1465/1680/639 1477/1692/651
f 1479/1694/650 1467/1682/638 1466/1681/637 1478/1693/649
f 1480/1695/660 1468/1683/648 1467/1682/638 1479/1694/650
f 1481/1696/659 1469/1684/647 1468/1683/648 1480/1695/660
f 1482/1697/658 1470/1685/646 1469/1684/647 1481/1696/659
f 1483/1698/657 1471/1686/645 1470/1685/646 1482/1697/658
f 1484/1699/656 1472/1687/644 1471/1686/645 1483/1698/657
f 1473/1689/655 1461/1677/643 1472/1687/644 1484/1699/656
f 1642/1700/666 1474/1688/654 1473/1689/655 1641/1701/667
f 1643/1702/665 1475/1690/653 1474/1688/654 1642/1700/666
f 1644/1703/664 1476/1691/652 1475/1690/653 1643/1702/665
f 1645/1704/663 1477/1692/651 1476/1691/652 1644/1703/664
f 1646/1705/661 1478/1693/649 1477/1692/651 1645/1704/663
f 1647/1706/662 1479/1694/650 1478/1693/649 1646/1705/661
f 1648/1707/672 1480/1695/660 1479/1694/650 1647/1706/662
f 1649/1708/671 1481/1696/659 1480/1695/660 1648/1707/672
f 1650/1709/670 1482/1697/658 1481/1696/659 1649/1708/671
f 1651/1710/669 1483/1698/657 1482/1697/658 1650/1709/670
f 1652/1711/668 1484/1699/656 1483/1698/657 1651/1710/669
f 1641/1701/667 1473/1689/655 1484/1699/656 1652/1711/668
f 1293/1712/685 1630/1713/686 1640/1714/684 1315/1715/683
f 1315/1715/683 1640/1714/684 1639/1716/682 1313/1717/681
f 1313/1717/681 1639/1716/682 1638/1718/680 1311/1719/679
f 1311/1719/679 1638/1718/680 1637/1720/678 1309/1721/677
f 1309/1721/677 1637/1720/678 1636/1722/675 1307/1723/674
f 1307/1723/674 1636/1722/675 1635/1724/676 1305/1725/673
f 1305/1725/673 1635/1724/676 1634/1726/696 1303/1727/695
f 1303/1727/695 1634/1726/696 1633/1728/694 1301/1729/693
f 1301/1729/693 1633/1728/694 1632/1730/692 1299/1731/691
f 1299/1731/691 1632/1730/692 1631/1732/690 1297/1733/689
f 1297/1733/689 1631/1732/690 1629/1734/688 1295/1735/687
f 1295/1735/687 1629/1734/688 1630/1713/686 1293/1712/685
f 1630/1713/686 1641/1701/667 1652/1711/668 1640/1714/684
f 1640/1714/684 1652/1711/668 1651/1710/669 1639/1716/682
f 1639/1716/682 1651/1710/669 1650/1709/670 1638/1718/680
f 1638/1718/680 1650/1709/670 1649/1708/671 1637/1720/678
f 1637/1720/678 1649/1708/671 1648/1707/672 1636/1722/675
f 1636/1722/675 1648/1707/672 1647/1706/662 1635/1724/676
f 1635/1724/676 1647/1706/662 1646/1705/661 1634/1726/696
f 1634/1726/696 1646/1705/661 1645/1704/663 1633/1728/694
f 1633/1728/694 1645/1704/663 1644/1703/664 1632/1730/692
f 1632/1730/692 1644/1703/664 1643/1702/665 1631/1732/690
f 1631/1732/690 1643/1702/665 1642/1700/666 1629/1734/688
f 1629/1734/688 1642/1700/666 1641/1701/667 1630/1713/686
usemtl Gold
f 1246/1736/500 1245/1737/498 1241/1738/497 1242/1739/499
f 1149/1740/509 1150/1741/509 1160/1742/509 1159/1743/509 1158/1744/509 1157/1745/509 1156/1746/509 1155/1747/509 1154/1748/509 1153/1749/509 1152/1750/509 1151/1751/509
f 1248/1752/494 1247/1753/492 1238/1754/491 1239/1755/493
f 1250/1756/488 1249/1757/486 1235/1758/485 1236/1759/487
f 1251/1760/502 1246/1736/500 1242/1739/499 1243/1761/501
f 1252/1762/496 1248/1752/494 1239/1755/493 1240/1763/495
f 1253/1764/490 1250/1756/488 1236/1759/487 1237/1765/489
f 1254/1766/508 1251/1760/502 1243/1761/501 1244/1767/507
f 1256/1768/484 1255/1769/481 1234/1770/482 1233/1771/483
f 1245/1737/498 1252/1762/496 1240/1763/495 1241/1738/497
f 1247/1753/492 1253/1764/490 1237/1765/489 1238/1754/491
f 1255/1769/481 1254/1766/508 1244/1767/507 1234/1770/482
f 1249/1757/486 1256/1768/484 1233/1771/483 1235/1758/485
f 1150/1741/509 1149/1740/509 1233/1771/483 1234/1770/482
f 1149/1740/509 1151/1751/509 1235/1758/485 1233/1771/483
f 1151/1751/509 1152/1750/509 1236/1759/487 1235/1758/485
f 1152/1750/509 1153/1749/509 1237/1765/489 1236/1759/487
f 1153/1749/509 1154/1748/509 1238/1754/491 1237/1765/489
f 1154/1748/509 1155/1747/509 1239/1755/493 1238/1754/491
f 1155/1747/509 1156/1746/509 1240/1763/495 1239/1755/493
f 1156/1746/509 1157/1745/509 1241/1738/497 1240/1763/495
f 1157/1745/509 1158/1744/509 1242/1739/499 1241/1738/497
f 1158/1744/509 1159/1743/509 1243/1761/501 1242/1739/499
f 1159/1743/509 1160/1742/509 1244/1767/507 1243/1761/501
f 1160/1742/509 1150/1741/509 1234/1770/482 1244/1767/507
f 1267/1772/486 1264/1773/484 1256/1768/484 1249/1757/486
f 1268/1774/481 1263/1775/508 1254/1766/508 1255/1769/481
f 1266/1776/492 1262/1777/490 1253/1764/490 1247/1753/492
f 1265/1778/498 1261/1779/496 1252/1762/496 1245/1737/498
f 1264/1773/484 1268/1774/481 1255/1769/481 1256/1768/484
f 1263/1775/508 1260/1780/502 1251/1760/502 1254/1766/508
f 1262/1777/490 1259/1781/488 1250/1756/488 1253/1764/490
f 1261/1779/496 1258/1782/494 1248/1752/494 1252/1762/496
f 1260/1780/502 1257/1783/500 1246/1736/500 1251/1760/502
f 1259/1781/488 1267/1772/486 1249/1757/486 1250/1756/488
f 1258/1782/494 1266/1776/492 1247/1753/492 1248/1752/494
f 1257/1783/500 1265/1778/498 1245/1737/498 1246/1736/500
f 1134/1255/557 1133/1257/558 1265/1778/498 1257/1783/500
f 1131/1261/560 1130/1263/561 1266/1776/492 1258/1782/494
f 1128/1267/563 1127/1269/564 1267/1772/486 1259/1781/488
f 1135/1253/556 1134/1255/557 1257/1783/500 1260/1780/502
f 1132/1259/559 1131/1261/560 1258/1782/494 1261/1779/496
f 1129/1265/562 1128/1267/563 1259/1781/488 1262/1777/490
f 1136/1249/554 1135/1253/556 1260/1780/502 1263/1775/508
f 1125/1271/565 1126/1250/555 1268/1774/481 1264/1773/484
f 1133/1257/558 1132/1259/559 1261/1779/496 1265/1778/498
f 1130/1263/561 1129/1265/562 1262/1777/490 1266/1776/492
f 1126/1250/555 1136/1249/554 1263/1775/508 1268/1774/481
f 1127/1269/564 1125/1271/565 1264/1773/484 1267/1772/486
f 1606/1784/500 1602/1785/499 1601/1786/501 1605/1787/502
f 1509/1788/509 1511/1789/509 1512/1790/509 1513/1791/509 1514/1792/509 1515/1793/509 1516/1794/509 1517/1795/509 1518/1796/509 1519/1797/509 1520/1798/509 1510/1799/509
f 1608/1800/481 1599/1801/698 1598/1802/483 1607/1803/484
f 1610/1804/488 1596/1805/487 1595/1806/489 1609/1807/490
f 1611/1808/498 1603/1809/497 1602/1785/499 1606/1784/500
f 1612/1810/508 1600/1811/507 1599/1801/698 1608/1800/481
f 1613/1812/486 1597/1813/485 1596/1805/487 1610/1804/488
f 1614/1814/496 1604/1815/495 1603/1809/497 1611/1808/498
f 1616/1816/492 1593/1817/491 1594/1818/579 1615/1819/494
f 1605/1787/502 1601/1786/501 1600/1811/507 1612/1810/508
f 1607/1803/484 1598/1802/483 1597/1813/485 1613/1812/486
f 1615/1819/494 1594/1818/579 1604/1815/495 1614/1814/496
f 1609/1807/490 1595/1806/489 1593/1817/491 1616/1816/492
f 1510/1799/509 1594/1818/579 1593/1817/491 1509/1788/509
f 1509/1788/509 1593/1817/491 1595/1806/489 1511/1789/509
f 1511/1789/509 1595/1806/489 1596/1805/487 1512/1790/509
f 1512/1790/509 1596/1805/487 1597/1813/485 1513/1791/509
f 1513/1791/509 1597/1813/485 1598/1802/483 1514/1792/509
f 1514/1792/509 1598/1802/483 1599/1801/698 1515/1793/509
f 1515/1793/509 1599/1801/698 1600/1811/507 1516/1794/509
f 1516/1794/509 1600/1811/507 1601/1786/501 1517/1795/509
f 1517/1795/509 1601/1786/501 1602/1785/499 1518/1796/509
f 1518/1796/509 1602/1785/499 1603/1809/497 1519/1797/509
f 1519/1797/509 1603/1809/497 1604/1815/495 1520/1798/509
f 1520/1798/509 1604/1815/495 1594/1818/579 1510/1799/509
f 1627/1820/490 1609/1807/490 1616/1816/492 1624/1821/492
f 1628/1822/494 1615/1819/494 1614/1814/496 1623/1823/496
f 1626/1824/484 1607/1803/484 1613/1812/486 1622/1825/486
f 1625/1826/502 1605/1787/502 1612/1810/508 1621/1827/508
f 1624/1821/492 1616/1816/492 1615/1819/494 1628/1822/494
f 1623/1823/496 1614/1814/496 1611/1808/498 1620/1828/498
f 1622/1825/486 1613/1812/486 1610/1804/488 1619/1829/488
f 1621/1827/508 1612/1810/508 1608/1800/481 1618/1830/481
f 1620/1828/498 1611/1808/498 1606/1784/500 1617/1831/500
f 1619/1829/488 1610/1804/488 1609/1807/490 1627/1820/490
f 1618/1830/481 1608/1800/481 1607/1803/484 1626/1824/484
f 1617/1831/500 1606/1784/500 1605/1787/502 1625/1826/502
f 1494/1440/557 1617/1831/500 1625/1826/502 1493/1442/556
f 1491/1446/555 1618/1830/481 1626/1824/484 1490/1448/565
f 1488/1452/563 1619/1829/488 1627/1820/490 1487/1454/562
f 1495/1438/558 1620/1828/498 1617/1831/500 1494/1440/557
f 1492/1444/554 1621/1827/508 1618/1830/481 1491/1446/555
f 1489/1450/564 1622/1825/486 1619/1829/488 1488/1452/563
f 1496/1434/559 1623/1823/496 1620/1828/498 1495/1438/558
f 1485/1456/561 1624/1821/492 1628/1822/494 1486/1437/560
f 1493/1442/556 1625/1826/502 1621/1827/508 1492/1444/554
f 1490/1448/565 1626/1824/484 1622/1825/486 1489/1450/564
f 1486/1437/560 1628/1822/494 1623/1823/496 1496/1434/559
f 1487/1454/562 1627/1820/490 1624/1821/492 1485/1456/561
f 1039/1832/508 968/1833/699 957/1834/700 1040/1835/481
f 1038/1836/502 967/1837/701 968/1833/699 1039/1832/508
f 1037/1838/500 966/1839/702 967/1837/701 1038/1836/502
f 1036/1840/498 965/1841/703 966/1839/702 1037/1838/500
f 1035/1842/496 964/1843/704 965/1841/703 1036/1840/498
f 1034/1844/494 963/1845/705 964/1843/704 1035/1842/496
f 1033/1846/492 962/1847/706 963/1845/705 1034/1844/494
f 1032/1848/490 961/1849/707 962/1847/706 1033/1846/492
f 1031/1850/488 960/1851/708 961/1849/707 1032/1848/490
f 1030/1852/486 959/1853/709 960/1851/708 1031/1850/488
f 1029/1854/484 958/1855/710 959/1853/709 1030/1852/486
f 1040/1856/481 957/1857/700 958/1855/710 1029/1854/484
f 981/1858/591 1040/1856/481 1029/1854/484 982/1859/592
f 982/1859/592 1029/1854/484 1030/1852/486 983/1860/594
f 983/1860/594 1030/1852/486 1031/1850/488 984/1861/596
f 984/1861/596 1031/1850/488 1032/1848/490 985/1862/598
f 985/1862/598 1032/1848/490 1033/1846/492 986/1863/600
f 986/1863/600 1033/1846/492 1034/1844/494 987/1864/602
f 987/1864/602 1034/1844/494 1035/1842/496 988/1865/604
f 988/1865/604 1035/1842/496 1036/1840/498 989/1866/606
f 989/1866/606 1036/1840/498 1037/1838/500 990/1867/608
f 990/1867/608 1037/1838/500 1038/1836/502 991/1868/610
f 991/1868/610 1038/1836/502 1039/1832/508 992/1869/612
f 992/1869/612 1039/1832/508 1040/1835/481 981/1870/591
f 957/1857/700 1064/1530/510 1053/1529/513 958/1855/710
f 958/1855/710 1053/1529/513 1054/1528/515 959/1853/709
f 959/1853/709 1054/1528/515 1055/1527/517 960/1851/708
f 960/1851/708 1055/1527/517 1056/1526/519 961/1849/707
f 961/1849/707 1056/1526/519 1057/1525/521 962/1847/706
f 962/1847/706 1057/1525/521 1058/1524/523 963/1845/705
f 963/1845/705 1058/1524/523 1059/1523/525 964/1843/704
f 964/1843/704 1059/1523/525 1060/1522/527 965/1841/703
f 965/1841/703 1060/1522/527 1061/1521/529 966/1839/702
f 966/1839/702 1061/1521/529 1062/1520/531 967/1837/701
f 967/1837/701 1062/1520/531 1063/1518/533 968/1833/699
f 968/1833/699 1063/1518/533 1064/1519/510 957/1834/700
f 1399/1871/496 1400/1872/494 1317/1873/705 1328/1874/704
f 1398/1875/498 1399/1871/496 1328/1874/704 1327/1876/703
f 1397/1877/500 1398/1875/498 1327/1876/703 1326/1878/702
f 1396/1879/502 1397/1877/500 1326/1878/702 1325/1880/701
f 1395/1881/508 1396/1879/502 1325/1880/701 1324/1882/699
f 1394/1883/481 1395/1881/508 1324/1882/699 1323/1884/700
f 1393/1885/484 1394/1883/481 1323/1884/700 1322/1886/710
f 1392/1887/486 1393/1885/484 1322/1886/710 1321/1888/709
f 1391/1889/488 1392/1887/486 1321/1888/709 1320/1890/708
f 1390/1891/490 1391/1889/488 1320/1890/708 1319/1892/707
f 1389/1893/492 1390/1891/490 1319/1892/707 1318/1894/706
f 1400/1895/494 1389/1893/492 1318/1894/706 1317/1896/705
f 1341/1897/602 1342/1898/600 1389/1893/492 1400/1895/494
f 1342/1898/600 1343/1899/598 1390/1891/490 1389/1893/492
f 1343/1899/598 1344/1900/596 1391/1889/488 1390/1891/490
f 1344/1900/596 1345/1901/594 1392/1887/486 1391/1889/488
f 1345/1901/594 1346/1902/592 1393/1885/484 1392/1887/486
f 1346/1902/592 1347/1903/591 1394/1883/481 1393/1885/484
f 1347/1903/591 1348/1904/612 1395/1881/508 1394/1883/481
f 1348/1904/612 1349/1905/610 1396/1879/502 1395/1881/508
f 1349/1905/610 1350/1906/608 1397/1877/500 1396/1879/502
f 1350/1906/608 1351/1907/606 1398/1875/498 1397/1877/500
f 1351/1907/606 1352/1908/604 1399/1871/496 1398/1875/498
f 1352/1908/604 1341/1909/602 1400/1872/494 1399/1871/496
f 1317/1896/705 1318/1894/706 1413/1650/521 1424/1651/523
f 1318/1894/706 1319/1892/707 1414/1649/519 1413/1650/521
f 1319/1892/707 1320/1890/708 1415/1648/517 1414/1649/519
f 1320/1890/708 1321/1888/709 1416/1647/515 1415/1648/517
f 1321/1888/709 1322/1886/710 1417/1646/513 1416/1647/515
f 1322/1886/710 1323/1884/700 1418/1645/510 1417/1646/513
f 1323/1884/700 1324/1882/699 1419/1644/533 1418/1645/510
f 1324/1882/699 1325/1880/701 1420/1643/531 1419/1644/533
f 1325/1880/701 1326/1878/702 1421/1642/529 1420/1643/531
f 1326/1878/702 1327/1876/703 1422/1641/527 1421/1642/529
f 1327/1876/703 1328/1874/704 1423/1639/525 1422/1641/527
f 1328/1874/704 1317/1873/705 1424/1640/523 1423/1639/525
usemtl BlackVoid
f 933/1591/673 935/1613/695 937/1611/693 939/1609/691 941/1607/689 943/1605/687 945/1603/685 947/1601/683 949/1599/681 951/1597/679 953/1595/677 955/1592/674
f 1293/1712/685 1315/1715/683 1313/1717/681 1311/1719/679 1309/1721/677 1307/1723/674 1305/1725/673 1303/1727/695 1301/1729/693 1299/1731/691 1297/1733/689 1295/1735/687
o Cylinder.005_Cylinder.011
v -1.153422 1.063694 -0.043671
v -1.162622 1.064807 1.998062
v -1.145088 1.005141 -0.043671
v -1.153613 1.001505 1.998062
v -1.108595 0.958599 -0.043671
v -1.114159 0.951188 1.998062
v -1.053720 0.936540 -0.043671
v -1.054834 0.927339 1.998062
v -0.995167 0.944873 -0.043671
v -0.991531 0.936349 1.998062
v -0.948626 0.981366 -0.043671
v -0.941215 0.975802 1.998062
v -0.926566 1.036241 -0.043671
v -0.917366 1.035128 1.998062
v -0.934899 1.094794 -0.043671
v -0.926375 1.098430 1.998062
v -0.971392 1.141336 -0.043671
v -0.965828 1.148746 1.998062
v -1.026267 1.163395 -0.043671
v -1.025154 1.172595 1.998062
v -1.084820 1.155062 -0.043671
v -1.088456 1.163586 1.998062
v -1.131362 1.118569 -0.043671
v -1.138773 1.124133 1.998062
v -1.195707 1.068811 0.040525
v -1.184268 0.988430 0.040525
v -1.134170 0.924537 0.040525
v -1.058837 0.894254 0.040525
v -0.978456 0.905694 0.040525
v -0.914564 0.955791 0.040525
v -0.884280 1.031124 0.040525
v -0.895720 1.111505 0.040525
v -0.945818 1.175398 0.040525
v -1.021150 1.205681 0.040525
v -1.101531 1.194241 0.040525
v -1.165424 1.144143 0.040525
v -1.195707 1.068811 1.712210
v -1.184268 0.988430 1.712210
v -1.134170 0.924537 1.712210
v -1.058837 0.894254 1.712210
v -0.978456 0.905694 1.712210
v -0.914564 0.955791 1.712210
v -0.884280 1.031124 1.712210
v -0.895720 1.111505 1.712210
v -0.945818 1.175398 1.712210
v -1.021150 1.205681 1.712210
v -1.101531 1.194241 1.712210
v -1.165424 1.144143 1.712210
v -1.195707 1.068811 -0.043671
v -1.184268 0.988430 -0.043671
v -1.134170 0.924537 -0.043671
v -1.058837 0.894254 -0.043671
v -0.978456 0.905694 -0.043671
v -0.914564 0.955791 -0.043671
v -0.884280 1.031124 -0.043671
v -0.895720 1.111505 -0.043671
v -0.945818 1.175398 -0.043671
v -1.021150 1.205681 -0.043671
v -1.101531 1.194241 -0.043671
v -1.165424 1.144143 -0.043671
v -1.184268 0.988430 1.998062
v -1.195707 1.068811 1.998062
v -1.134170 0.924537 1.998062
v -1.058837 0.894254 1.998062
v -0.978456 0.905694 1.998062
v -0.914564 0.955791 1.998062
v -0.884280 1.031124 1.998062
v -0.895720 1.111505 1.998062
v -0.945818 1.175398 1.998062
v -1.021150 1.205681 1.998062
v -1.101531 1.194241 1.998062
v -1.165424 1.144143 1.998062
v -1.050276 1.045582 2.616915
v -1.051091 1.051310 2.616915
v -1.046705 1.041028 2.616915
v -1.041337 1.038870 2.616915
v -1.035608 1.039685 2.616915
v -1.031055 1.043256 2.616915
v -1.028896 1.048625 2.616915
v -1.029712 1.054353 2.616915
v -1.033282 1.058907 2.616915
v -1.038651 1.061065 2.616915
v -1.044379 1.060249 2.616915
v -1.048933 1.056679 2.616915
v -1.155874 1.063991 -0.043671
v -1.147361 1.004172 -0.043671
v -1.110078 0.956624 -0.043671
v -1.054017 0.934087 -0.043671
v -0.994198 0.942600 -0.043671
v -0.946650 0.979883 -0.043671
v -0.924113 1.035944 -0.043671
v -0.932627 1.095763 -0.043671
v -0.969909 1.143311 -0.043671
v -1.025970 1.165848 -0.043671
v -1.085789 1.157334 -0.043671
v -1.133337 1.120052 -0.043671
v -1.147697 1.063001 -0.110471
v -1.139785 1.007403 -0.110471
v -1.105133 0.963210 -0.110471
v -1.053028 0.942264 -0.110471
v -0.997429 0.950176 -0.110471
v -0.953237 0.984828 -0.110471
v -0.932290 1.036934 -0.110471
v -0.940203 1.092532 -0.110471
v -0.974854 1.136725 -0.110471
v -1.026960 1.157671 -0.110471
v -1.082558 1.149758 -0.110471
v -1.126751 1.115107 -0.110471
v -1.153422 1.063694 -0.092448
v -1.145088 1.005141 -0.092448
v -1.108595 0.958599 -0.092448
v -1.053720 0.936540 -0.092448
v -0.995167 0.944873 -0.092448
v -0.948626 0.981366 -0.092448
v -0.926566 1.036241 -0.092448
v -0.934899 1.094794 -0.092448
v -0.971392 1.141336 -0.092448
v -1.026267 1.163395 -0.092448
v -1.084820 1.155062 -0.092448
v -1.131362 1.118569 -0.092448
v -1.129099 1.060750 -0.124968
v -1.122553 1.014753 -0.124968
v -1.093885 0.978192 -0.124968
v -1.050777 0.960862 -0.124968
v -1.004779 0.967408 -0.124968
v -0.968218 0.996076 -0.124968
v -0.950888 1.039184 -0.124968
v -0.957435 1.085182 -0.124968
v -0.986103 1.121743 -0.124968
v -1.029211 1.139073 -0.124968
v -1.075208 1.132527 -0.124968
v -1.111770 1.103859 -0.124968
v -1.100129 1.057245 -0.143019
v -1.095711 1.026202 -0.143019
v -1.076364 1.001527 -0.143019
v -1.047271 0.989832 -0.143019
v -1.016228 0.994250 -0.143019
v -0.991553 1.013597 -0.143019
v -0.979858 1.042690 -0.143019
v -0.984276 1.073733 -0.143019
v -1.003624 1.098408 -0.143019
v -1.032716 1.110103 -0.143019
v -1.063759 1.105685 -0.143019
v -1.088434 1.086338 -0.143019
v -1.086230 1.055563 -0.232146
v -1.082834 1.031695 -0.232146
v -1.067958 1.012723 -0.232146
v -1.045589 1.003731 -0.232146
v -1.021721 1.007128 -0.232146
v -1.002749 1.022003 -0.232146
v -0.993757 1.044372 -0.232146
v -0.997154 1.068240 -0.232146
v -1.012030 1.087212 -0.232146
v -1.034398 1.096204 -0.232146
v -1.058266 1.092807 -0.232146
v -1.077238 1.077932 -0.232146
v -1.113849 0.951601 2.001315
v -1.054772 0.927852 2.001315
v -1.025216 1.172083 2.001315
v -1.088253 1.163111 2.001315
v -0.917879 1.035190 2.001315
v -0.926850 1.098227 2.001315
v -0.991734 0.936824 2.001315
v -1.138360 1.123823 2.001315
v -1.162109 1.064745 2.001315
v -1.153137 1.001708 2.001315
v -0.966138 1.148333 2.001315
v -0.941628 0.976112 2.001315
v -1.195707 1.068811 1.772449
v -1.184268 0.988430 1.772449
v -1.134170 0.924537 1.772449
v -1.058837 0.894254 1.772449
v -0.978456 0.905694 1.772449
v -0.914564 0.955791 1.772449
v -0.884280 1.031124 1.772449
v -0.895720 1.111505 1.772449
v -0.945818 1.175398 1.772449
v -1.021150 1.205681 1.772449
v -1.101531 1.194241 1.772449
v -1.165424 1.144143 1.772449
v -1.187562 1.067825 1.998062
v -1.176720 0.991649 1.998062
v -1.129243 0.931099 1.998062
v -1.057852 0.902399 1.998062
v -0.981675 0.913241 1.998062
v -0.921125 0.960718 1.998062
v -0.892426 1.032109 1.998062
v -0.903267 1.108286 1.998062
v -0.950744 1.168836 1.998062
v -1.022136 1.197536 1.998062
v -1.098312 1.186694 1.998062
v -1.158862 1.139217 1.998062
v -1.166504 1.065277 1.998062
v -1.157210 0.999971 1.998062
v -1.116507 0.948061 1.998062
v -1.055303 0.923457 1.998062
v -0.989997 0.932751 1.998062
v -0.938087 0.973454 1.998062
v -0.913483 1.034658 1.998062
v -0.922778 1.099964 1.998062
v -0.963480 1.151874 1.998062
v -1.024684 1.176478 1.998062
v -1.089990 1.167183 1.998062
v -1.141900 1.126481 1.998062
v -1.055762 1.028966 2.610579
v -1.036839 1.076039 2.610579
v -1.013922 1.046812 2.610579
v -1.066065 1.053122 2.610579
v -1.043149 1.023896 2.610579
v -1.050297 1.074124 2.610579
v -1.015838 1.060271 2.610579
v -1.029690 1.025811 2.610579
v -1.060995 1.065735 2.610579
v -1.064150 1.039664 2.610579
v -1.024226 1.070968 2.610579
v -1.018993 1.034199 2.610579
v -1.064736 1.107976 -0.141478
v -1.032417 1.112576 -0.141478
v -0.981985 1.074710 -0.141478
v -0.977385 1.042391 -0.141478
v -1.015251 0.991958 -0.141478
v -1.047570 0.987359 -0.141478
v -1.090426 1.087833 -0.141478
v -1.098003 1.025225 -0.141478
v -1.102602 1.057544 -0.141478
v -1.002128 1.100400 -0.141478
v -0.989561 1.012102 -0.141478
v -1.077860 0.999535 -0.141478
v -1.180164 0.990180 -0.043671
v -1.191278 1.068275 -0.043671
v -1.131491 0.928105 -0.043671
v -1.058301 0.898683 -0.043671
v -0.980206 0.909797 -0.043671
v -0.918131 0.958470 -0.043671
v -0.888709 1.031660 -0.043671
v -0.899824 1.109755 -0.043671
v -0.948496 1.171830 -0.043671
v -1.021686 1.201252 -0.043671
v -1.099781 1.190138 -0.043671
v -1.161856 1.141465 -0.043671
v -1.046010 1.000257 -0.229345
v -1.070059 1.009925 -0.229345
v -1.059639 1.096026 -0.229345
v -1.033978 1.099678 -0.229345
v -0.993935 1.069613 -0.229345
v -0.990283 1.043952 -0.229345
v -1.020348 1.003909 -0.229345
v -1.080037 1.080033 -0.229345
v -1.086052 1.030322 -0.229345
v -1.089705 1.055983 -0.229345
v -1.009928 1.090010 -0.229345
v -0.999951 1.019902 -0.229345
v -1.089366 1.055942 -0.232146
v -1.085739 1.030455 -0.232146
v -1.069854 1.010197 -0.232146
v -1.045969 1.000595 -0.232146
v -1.020482 1.004222 -0.232146
v -1.000223 1.020107 -0.232146
v -0.990621 1.043993 -0.232146
v -0.994248 1.069479 -0.232146
v -1.010133 1.089738 -0.232146
v -1.034019 1.099340 -0.232146
v -1.059506 1.095713 -0.232146
v -1.079764 1.079828 -0.232146
v -1.195707 1.068811 1.993362
v -1.184268 0.988430 1.993362
v -1.134170 0.924537 1.993362
v -1.058837 0.894254 1.993362
v -0.978456 0.905694 1.993362
v -0.914564 0.955791 1.993362
v -0.884280 1.031124 1.993362
v -0.895720 1.111505 1.993362
v -0.945818 1.175398 1.993362
v -1.021150 1.205681 1.993362
v -1.101531 1.194241 1.993362
v -1.165424 1.144143 1.993362
v 1.153422 1.063694 -0.043671
v 1.162621 1.064807 1.998062
v 1.145088 1.005141 -0.043671
v 1.153612 1.001505 1.998062
v 1.108595 0.958599 -0.043671
v 1.114159 0.951188 1.998062
v 1.053720 0.936540 -0.043671
v 1.054833 0.927339 1.998062
v 0.995167 0.944873 -0.043671
v 0.991531 0.936349 1.998062
v 0.948625 0.981366 -0.043671
v 0.941214 0.975802 1.998062
v 0.926566 1.036241 -0.043671
v 0.917366 1.035128 1.998062
v 0.934899 1.094794 -0.043671
v 0.926375 1.098430 1.998062
v 0.971392 1.141336 -0.043671
v 0.965828 1.148746 1.998062
v 1.026267 1.163395 -0.043671
v 1.025154 1.172595 1.998062
v 1.084820 1.155062 -0.043671
v 1.088456 1.163586 1.998062
v 1.131362 1.118569 -0.043671
v 1.138772 1.124133 1.998062
v 1.195707 1.068811 0.040525
v 1.184267 0.988430 0.040525
v 1.134169 0.924537 0.040525
v 1.058838 0.894254 0.040525
v 0.978456 0.905694 0.040525
v 0.914563 0.955791 0.040525
v 0.884280 1.031124 0.040525
v 0.895720 1.111505 0.040525
v 0.945817 1.175398 0.040525
v 1.021150 1.205681 0.040525
v 1.101531 1.194241 0.040525
v 1.165424 1.144143 0.040525
v 1.195707 1.068811 1.712210
v 1.184267 0.988430 1.712210
v 1.134169 0.924537 1.712210
v 1.058837 0.894254 1.712210
v 0.978456 0.905694 1.712210
v 0.914563 0.955791 1.712210
v 0.884280 1.031124 1.712210
v 0.895720 1.111505 1.712210
v 0.945818 1.175398 1.712210
v 1.021150 1.205681 1.712210
v 1.101531 1.194241 1.712210
v 1.165424 1.144143 1.712210
v 1.195707 1.068811 -0.043671
v 1.184267 0.988430 -0.043671
v 1.134169 0.924537 -0.043671
v 1.058838 0.894254 -0.043671
v 0.978456 0.905694 -0.043671
v 0.914563 0.955791 -0.043671
v 0.884280 1.031124 -0.043671
v 0.895720 1.111505 -0.043671
v 0.945818 1.175398 -0.043671
v 1.021150 1.205681 -0.043671
v 1.101531 1.194241 -0.043671
v 1.165424 1.144143 -0.043671
v 1.184267 0.988430 1.998062
v 1.195707 1.068811 1.998062
v 1.134169 0.924537 1.998062
v 1.058837 0.894254 1.998062
v 0.978456 0.905694 1.998062
v 0.914563 0.955791 1.998062
v 0.884280 1.031124 1.998062
v 0.895720 1.111505 1.998062
v 0.945818 1.175398 1.998062
v 1.021150 1.205681 1.998062
v 1.101531 1.194241 1.998062
v 1.165424 1.144143 1.998062
v 1.050276 1.045582 2.616915
v 1.051091 1.051310 2.616915
v 1.046705 1.041028 2.616915
v 1.041337 1.038870 2.616915
v 1.035608 1.039685 2.616915
v 1.031055 1.043256 2.616915
v 1.028896 1.048625 2.616915
v 1.029712 1.054353 2.616915
v 1.033282 1.058907 2.616915
v 1.038651 1.061065 2.616915
v 1.044379 1.060250 2.616915
v 1.048933 1.056679 2.616915
v 1.155874 1.063991 -0.043671
v 1.147361 1.004172 -0.043671
v 1.110078 0.956624 -0.043671
v 1.054017 0.934087 -0.043671
v 0.994198 0.942600 -0.043671
v 0.946650 0.979883 -0.043671
v 0.924113 1.035944 -0.043671
v 0.932626 1.095763 -0.043671
v 0.969909 1.143311 -0.043671
v 1.025970 1.165848 -0.043671
v 1.085789 1.157334 -0.043671
v 1.133337 1.120052 -0.043671
v 1.147697 1.063001 -0.110471
v 1.139785 1.007403 -0.110471
v 1.105133 0.963210 -0.110471
v 1.053028 0.942264 -0.110471
v 0.997429 0.950176 -0.110471
v 0.953236 0.984828 -0.110471
v 0.932290 1.036934 -0.110471
v 0.940203 1.092532 -0.110471
v 0.974854 1.136725 -0.110471
v 1.026960 1.157671 -0.110471
v 1.082558 1.149758 -0.110471
v 1.126751 1.115107 -0.110471
v 1.153422 1.063694 -0.092448
v 1.145088 1.005141 -0.092448
v 1.108595 0.958599 -0.092448
v 1.053720 0.936540 -0.092448
v 0.995167 0.944873 -0.092448
v 0.948625 0.981366 -0.092448
v 0.926566 1.036241 -0.092448
v 0.934899 1.094794 -0.092448
v 0.971392 1.141336 -0.092448
v 1.026267 1.163395 -0.092448
v 1.084820 1.155062 -0.092448
v 1.131362 1.118569 -0.092448
v 1.129099 1.060751 -0.124968
v 1.122553 1.014753 -0.124968
v 1.093885 0.978192 -0.124968
v 1.050777 0.960862 -0.124968
v 1.004780 0.967408 -0.124968
v 0.968218 0.996076 -0.124968
v 0.950888 1.039184 -0.124968
v 0.957435 1.085182 -0.124968
v 0.986102 1.121743 -0.124968
v 1.029210 1.139073 -0.124968
v 1.075208 1.132527 -0.124968
v 1.111770 1.103859 -0.124968
v 1.100129 1.057245 -0.143019
v 1.095711 1.026202 -0.143019
v 1.076364 1.001527 -0.143019
v 1.047271 0.989832 -0.143019
v 1.016228 0.994250 -0.143019
v 0.991553 1.013597 -0.143019
v 0.979858 1.042690 -0.143019
v 0.984276 1.073733 -0.143019
v 1.003624 1.098408 -0.143019
v 1.032716 1.110103 -0.143019
v 1.063759 1.105685 -0.143019
v 1.088434 1.086338 -0.143019
v 1.086230 1.055563 -0.232146
v 1.082833 1.031695 -0.232146
v 1.067958 1.012723 -0.232146
v 1.045589 1.003731 -0.232146
v 1.021721 1.007128 -0.232146
v 1.002749 1.022003 -0.232146
v 0.993757 1.044372 -0.232146
v 0.997154 1.068240 -0.232146
v 1.012030 1.087212 -0.232146
v 1.034398 1.096204 -0.232146
v 1.058266 1.092807 -0.232146
v 1.077238 1.077932 -0.232146
v 1.113849 0.951601 2.001315
v 1.054771 0.927852 2.001315
v 1.025216 1.172083 2.001315
v 1.088253 1.163111 2.001315
v 0.917878 1.035190 2.001315
v 0.926850 1.098227 2.001315
v 0.991734 0.936824 2.001315
v 1.138359 1.123823 2.001315
v 1.162109 1.064745 2.001315
v 1.153137 1.001708 2.001315
v 0.966138 1.148333 2.001315
v 0.941628 0.976112 2.001315
v 1.195707 1.068811 1.772449
v 1.184267 0.988430 1.772449
v 1.134169 0.924537 1.772449
v 1.058837 0.894254 1.772449
v 0.978456 0.905694 1.772449
v 0.914563 0.955791 1.772449
v 0.884280 1.031124 1.772449
v 0.895720 1.111505 1.772449
v 0.945818 1.175398 1.772449
v 1.021150 1.205681 1.772449
v 1.101531 1.194241 1.772449
v 1.165424 1.144143 1.772449
v 1.187562 1.067825 1.998062
v 1.176720 0.991649 1.998062
v 1.129243 0.931099 1.998062
v 1.057852 0.902399 1.998062
v 0.981675 0.913241 1.998062
v 0.921125 0.960718 1.998062
v 0.892425 1.032109 1.998062
v 0.903267 1.108286 1.998062
v 0.950744 1.168836 1.998062
v 1.022136 1.197536 1.998062
v 1.098312 1.186694 1.998062
v 1.158862 1.139217 1.998062
v 1.166504 1.065277 1.998062
v 1.157210 0.999971 1.998062
v 1.116507 0.948061 1.998062
v 1.055303 0.923457 1.998062
v 0.989997 0.932751 1.998062
v 0.938087 0.973454 1.998062
v 0.913483 1.034658 1.998062
v 0.922777 1.099964 1.998062
v 0.963480 1.151874 1.998062
v 1.024684 1.176478 1.998062
v 1.089990 1.167183 1.998062
v 1.141900 1.126481 1.998062
v 1.055761 1.028966 2.610579
v 1.036838 1.076039 2.610579
v 1.013922 1.046812 2.610579
v 1.066065 1.053122 2.610579
v 1.043149 1.023896 2.610579
v 1.050297 1.074124 2.610579
v 1.015838 1.060271 2.610579
v 1.029690 1.025811 2.610579
v 1.060995 1.065735 2.610579
v 1.064149 1.039664 2.610579
v 1.024225 1.070968 2.610579
v 1.018993 1.034199 2.610579
v 1.064736 1.107976 -0.141478
v 1.032417 1.112576 -0.141478
v 0.981985 1.074710 -0.141478
v 0.977385 1.042391 -0.141478
v 1.015251 0.991958 -0.141478
v 1.047570 0.987359 -0.141478
v 1.090426 1.087833 -0.141478
v 1.098003 1.025225 -0.141478
v 1.102602 1.057544 -0.141478
v 1.002128 1.100400 -0.141478
v 0.989561 1.012102 -0.141478
v 1.077860 0.999535 -0.141478
v 1.180164 0.990180 -0.043671
v 1.191278 1.068275 -0.043671
v 1.131491 0.928105 -0.043671
v 1.058301 0.898683 -0.043671
v 0.980206 0.909797 -0.043671
v 0.918131 0.958470 -0.043671
v 0.888709 1.031660 -0.043671
v 0.899823 1.109755 -0.043671
v 0.948496 1.171830 -0.043671
v 1.021686 1.201252 -0.043671
v 1.099781 1.190138 -0.043671
v 1.161856 1.141465 -0.043671
v 1.046009 1.000257 -0.229345
v 1.070059 1.009925 -0.229345
v 1.059639 1.096026 -0.229345
v 1.033978 1.099678 -0.229345
v 0.993935 1.069613 -0.229345
v 0.990283 1.043952 -0.229345
v 1.020348 1.003909 -0.229345
v 1.080037 1.080033 -0.229345
v 1.086052 1.030322 -0.229345
v 1.089704 1.055983 -0.229345
v 1.009928 1.090010 -0.229345
v 0.999951 1.019902 -0.229345
v 1.089366 1.055942 -0.232146
v 1.085739 1.030455 -0.232146
v 1.069854 1.010197 -0.232146
v 1.045968 1.000595 -0.232146
v 1.020482 1.004222 -0.232146
v 1.000223 1.020107 -0.232146
v 0.990621 1.043993 -0.232146
v 0.994248 1.069479 -0.232146
v 1.010133 1.089738 -0.232146
v 1.034019 1.099340 -0.232146
v 1.059506 1.095713 -0.232146
v 1.079764 1.079828 -0.232146
v 1.195707 1.068811 1.993362
v 1.184267 0.988430 1.993362
v 1.134169 0.924537 1.993362
v 1.058837 0.894254 1.993362
v 0.978456 0.905694 1.993362
v 0.914563 0.955791 1.993362
v 0.884280 1.031124 1.993362
v 0.895720 1.111505 1.993362
v 0.945818 1.175398 1.993362
v 1.021150 1.205681 1.993362
v 1.101531 1.194241 1.993362
v 1.165424 1.144143 1.993362
vt 1.000000 0.999970
vt 0.916667 0.999970
vt 0.916667 1.000000
vt 1.000000 1.000000
vt 0.833333 0.999970
vt 0.833333 1.000000
vt 0.750000 0.999970
vt 0.750000 1.000000
vt 0.666667 0.999970
vt 0.666667 1.000000
vt 0.583333 0.999970
vt 0.583333 1.000000
vt 0.500000 0.999970
vt 0.500000 1.000000
vt 0.416667 0.999970
vt 0.416667 1.000000
vt 0.333333 0.999970
vt 0.333333 1.000000
vt 0.250000 0.999970
vt 0.250000 1.000000
vt 0.166667 0.999970
vt 0.166667 1.000000
vt 0.439005 0.250000
vt 0.439005 0.250000
vt 0.413683 0.344503
vt 0.413683 0.344503
vt 0.083333 0.999970
vt 0.083333 1.000000
vt 0.000000 0.999970
vt 0.000000 1.000000
vt 0.924825 0.250000
vt 0.924825 0.250000
vt 0.901403 0.162587
vt 0.901403 0.162587
vt 0.083333 0.500000
vt 0.000000 0.500000
vt 0.000000 0.511081
vt 0.083333 0.511081
vt 0.166667 0.500000
vt 0.166667 0.511081
vt 0.250000 0.500000
vt 0.250000 0.511081
vt 0.333333 0.500000
vt 0.333333 0.511081
vt 0.416667 0.500000
vt 0.416667 0.511081
vt 0.500000 0.500000
vt 0.500000 0.511081
vt 0.583333 0.500000
vt 0.583333 0.511081
vt 0.666667 0.500000
vt 0.666667 0.511081
vt 0.750000 0.500000
vt 0.750000 0.511081
vt 0.833333 0.500000
vt 0.833333 0.511081
vt 0.916667 0.500000
vt 0.916667 0.511081
vt 1.000000 0.500000
vt 1.000000 0.511081
vt 0.000000 0.990616
vt 0.083333 0.990616
vt 0.166667 0.990616
vt 0.250000 0.990616
vt 0.333333 0.990616
vt 0.416667 0.990616
vt 0.500000 0.990616
vt 0.583333 0.990616
vt 0.666667 0.990616
vt 0.750000 0.990616
vt 0.833333 0.990616
vt 0.916667 0.990616
vt 1.000000 0.990616
vt 0.866587 0.451934
vt 0.870000 0.457846
vt 0.750000 0.490000
vt 0.750000 0.483173
vt 0.951934 0.366587
vt 0.957846 0.370000
vt 0.983173 0.250000
vt 0.990000 0.250000
vt 0.951934 0.133413
vt 0.957846 0.130000
vt 0.866587 0.048066
vt 0.870000 0.042154
vt 0.750000 0.016827
vt 0.750000 0.010000
vt 0.633413 0.048066
vt 0.630000 0.042154
vt 0.548066 0.133413
vt 0.542154 0.130000
vt 0.516827 0.250000
vt 0.510000 0.250000
vt 0.548066 0.366587
vt 0.542154 0.370000
vt 0.633413 0.451934
vt 0.630000 0.457846
vt 0.250000 0.477445
vt 0.250000 0.490000
vt 0.370000 0.457846
vt 0.363723 0.446973
vt 0.457846 0.370000
vt 0.446973 0.363723
vt 0.490000 0.250000
vt 0.477445 0.250000
vt 0.457846 0.130000
vt 0.446973 0.136277
vt 0.370000 0.042154
vt 0.363723 0.053027
vt 0.250000 0.010000
vt 0.250000 0.022555
vt 0.130000 0.042154
vt 0.136277 0.053027
vt 0.042154 0.130000
vt 0.053027 0.136277
vt 0.010000 0.250000
vt 0.022555 0.250000
vt 0.042154 0.370000
vt 0.053027 0.363723
vt 0.130000 0.457846
vt 0.136277 0.446973
vt 0.344503 0.413683
vt 0.413683 0.155497
vt 0.344503 0.086317
vt 0.250000 0.060995
vt 0.155497 0.086317
vt 0.086317 0.155497
vt 0.060995 0.250000
vt 0.086316 0.344503
vt 0.155497 0.413683
vt 0.250000 0.439005
vt 0.086316 0.344503
vt 0.060995 0.250000
vt 0.155497 0.086317
vt 0.250000 0.060995
vt 0.413683 0.155497
vt 0.155497 0.413683
vt 0.344503 0.413683
vt 0.250000 0.439005
vt 0.086317 0.155497
vt 0.344503 0.086317
vt 0.837413 0.401403
vt 0.839303 0.404677
vt 0.750000 0.428605
vt 0.750000 0.424825
vt 0.901403 0.337413
vt 0.904677 0.339303
vt 0.928605 0.250000
vt 0.904677 0.160697
vt 0.837413 0.098597
vt 0.839303 0.095323
vt 0.750000 0.075175
vt 0.750000 0.071395
vt 0.662587 0.098597
vt 0.660697 0.095323
vt 0.598597 0.162587
vt 0.595323 0.160697
vt 0.575175 0.250000
vt 0.571395 0.250000
vt 0.598597 0.337413
vt 0.595323 0.339303
vt 0.662587 0.401403
vt 0.660697 0.404677
vt 0.250000 0.060995
vt 0.250000 0.060995
vt 0.344503 0.086317
vt 0.344503 0.086317
vt 0.060995 0.250000
vt 0.060995 0.250000
vt 0.086317 0.155497
vt 0.086317 0.155497
vt 0.413683 0.344503
vt 0.413683 0.344503
vt 0.344503 0.413683
vt 0.344503 0.413683
vt 0.250000 0.439005
vt 0.250000 0.439005
vt 0.155497 0.413683
vt 0.155497 0.413683
vt 0.413683 0.155497
vt 0.413683 0.155497
vt 0.155497 0.086317
vt 0.155497 0.086317
vt 0.086316 0.344503
vt 0.086316 0.344503
vt 0.439005 0.250000
vt 0.439005 0.250000
vt 0.152505 0.418866
vt 0.250000 0.444989
vt 0.081134 0.347494
vt 0.055011 0.250000
vt 0.081134 0.152505
vt 0.152505 0.081134
vt 0.250000 0.055011
vt 0.347495 0.081134
vt 0.418866 0.152505
vt 0.444989 0.250000
vt 0.418866 0.347495
vt 0.347495 0.418866
vt 0.083333 0.998544
vt 0.000000 0.998544
vt 0.166667 0.998544
vt 0.250000 0.998544
vt 0.333333 0.998544
vt 0.416667 0.998544
vt 0.500000 0.998544
vt 0.583333 0.998544
vt 0.666667 0.998544
vt 0.750000 0.998544
vt 0.833333 0.998544
vt 0.916667 0.998544
vt 1.000000 0.998544
vt 1.000000 0.999970
vt 1.000000 1.000000
vt 0.916667 1.000000
vt 0.916667 0.999970
vt 0.833333 1.000000
vt 0.833333 0.999970
vt 0.750000 1.000000
vt 0.750000 0.999970
vt 0.666667 1.000000
vt 0.666667 0.999970
vt 0.583333 1.000000
vt 0.583333 0.999970
vt 0.500000 1.000000
vt 0.500000 0.999970
vt 0.416667 1.000000
vt 0.416667 0.999970
vt 0.333333 1.000000
vt 0.333333 0.999970
vt 0.250000 1.000000
vt 0.250000 0.999970
vt 0.166667 1.000000
vt 0.166667 0.999970
vt 0.439005 0.250000
vt 0.413683 0.344503
vt 0.413683 0.344503
vt 0.439005 0.250000
vt 0.083333 1.000000
vt 0.083333 0.999970
vt 0.000000 1.000000
vt 0.000000 0.999970
vt 0.924825 0.250000
vt 0.901403 0.162587
vt 0.901403 0.162587
vt 0.924825 0.250000
vt 0.083333 0.500000
vt 0.083333 0.511081
vt 0.000000 0.511081
vt 0.000000 0.500000
vt 0.166667 0.500000
vt 0.166667 0.511081
vt 0.250000 0.500000
vt 0.250000 0.511081
vt 0.333333 0.500000
vt 0.333333 0.511081
vt 0.416667 0.500000
vt 0.416667 0.511081
vt 0.500000 0.500000
vt 0.500000 0.511081
vt 0.583333 0.500000
vt 0.583333 0.511081
vt 0.666667 0.500000
vt 0.666667 0.511081
vt 0.750000 0.500000
vt 0.750000 0.511081
vt 0.833333 0.500000
vt 0.833333 0.511081
vt 0.916667 0.500000
vt 0.916667 0.511081
vt 1.000000 0.500000
vt 1.000000 0.511081
vt 0.083333 0.990616
vt 0.000000 0.990616
vt 0.166667 0.990616
vt 0.250000 0.990616
vt 0.333333 0.990616
vt 0.416667 0.990616
vt 0.500000 0.990616
vt 0.583333 0.990616
vt 0.666667 0.990616
vt 0.750000 0.990616
vt 0.833333 0.990616
vt 0.916667 0.990616
vt 1.000000 0.990616
vt 0.866587 0.451934
vt 0.750000 0.483173
vt 0.750000 0.490000
vt 0.870000 0.457846
vt 0.951934 0.366587
vt 0.957846 0.370000
vt 0.983173 0.250000
vt 0.990000 0.250000
vt 0.951934 0.133413
vt 0.957846 0.130000
vt 0.866587 0.048066
vt 0.870000 0.042154
vt 0.750000 0.016827
vt 0.750000 0.010000
vt 0.633413 0.048066
vt 0.630000 0.042154
vt 0.548066 0.133413
vt 0.542154 0.130000
vt 0.516827 0.250000
vt 0.510000 0.250000
vt 0.548066 0.366587
vt 0.542154 0.370000
vt 0.633413 0.451934
vt 0.630000 0.457846
vt 0.250000 0.477445
vt 0.363723 0.446973
vt 0.370000 0.457846
vt 0.250000 0.490000
vt 0.446973 0.363723
vt 0.457846 0.370000
vt 0.477445 0.250000
vt 0.490000 0.250000
vt 0.446973 0.136277
vt 0.457846 0.130000
vt 0.363723 0.053027
vt 0.370000 0.042154
vt 0.250000 0.022555
vt 0.250000 0.010000
vt 0.136277 0.053027
vt 0.130000 0.042154
vt 0.053027 0.136277
vt 0.042154 0.130000
vt 0.022555 0.250000
vt 0.010000 0.250000
vt 0.053027 0.363723
vt 0.042154 0.370000
vt 0.136277 0.446973
vt 0.130000 0.457846
vt 0.344503 0.413683
vt 0.250000 0.439005
vt 0.155497 0.413683
vt 0.086316 0.344503
vt 0.060995 0.250000
vt 0.086317 0.155497
vt 0.155497 0.086317
vt 0.250000 0.060995
vt 0.344503 0.086317
vt 0.413683 0.155497
vt 0.086316 0.344503
vt 0.060995 0.250000
vt 0.155497 0.086317
vt 0.250000 0.060995
vt 0.413683 0.155497
vt 0.155497 0.413683
vt 0.344503 0.413683
vt 0.250000 0.439005
vt 0.086317 0.155497
vt 0.344503 0.086317
vt 0.837413 0.401403
vt 0.750000 0.424825
vt 0.750000 0.428605
vt 0.839303 0.404677
vt 0.901403 0.337413
vt 0.904677 0.339303
vt 0.928605 0.250000
vt 0.904677 0.160697
vt 0.837413 0.098597
vt 0.839303 0.095323
vt 0.750000 0.075175
vt 0.750000 0.071395
vt 0.662587 0.098597
vt 0.660697 0.095323
vt 0.598597 0.162587
vt 0.595323 0.160697
vt 0.575175 0.250000
vt 0.571395 0.250000
vt 0.598597 0.337413
vt 0.595323 0.339303
vt 0.662587 0.401403
vt 0.660697 0.404677
vt 0.250000 0.060995
vt 0.344503 0.086317
vt 0.344503 0.086317
vt 0.250000 0.060995
vt 0.060995 0.250000
vt 0.086317 0.155497
vt 0.086317 0.155497
vt 0.060995 0.250000
vt 0.413683 0.344503
vt 0.344503 0.413683
vt 0.344503 0.413683
vt 0.413683 0.344503
vt 0.250000 0.439005
vt 0.155497 0.413683
vt 0.155497 0.413683
vt 0.250000 0.439005
vt 0.413683 0.155497
vt 0.413683 0.155497
vt 0.155497 0.086317
vt 0.155497 0.086317
vt 0.086316 0.344503
vt 0.086316 0.344503
vt 0.439005 0.250000
vt 0.439005 0.250000
vt 0.152505 0.418866
vt 0.250000 0.444989
vt 0.081134 0.347494
vt 0.055011 0.250000
vt 0.081134 0.152505
vt 0.152505 0.081134
vt 0.250000 0.055011
vt 0.347495 0.081134
vt 0.418866 0.152505
vt 0.444989 0.250000
vt 0.418866 0.347495
vt 0.347495 0.418866
vt 0.083333 0.998544
vt 0.000000 0.998544
vt 0.166667 0.998544
vt 0.250000 0.998544
vt 0.333333 0.998544
vt 0.416667 0.998544
vt 0.500000 0.998544
vt 0.583333 0.998544
vt 0.666667 0.998544
vt 0.750000 0.998544
vt 0.833333 0.998544
vt 0.916667 0.998544
vt 1.000000 0.998544
vt 0.750000 0.083997
vt 0.750000 0.083997
vt 0.666999 0.106238
vt 0.666999 0.106238
vt 0.598597 0.337413
vt 0.662587 0.401403
vt 0.750000 0.424825
vt 0.837413 0.401403
vt 0.662587 0.098597
vt 0.598597 0.162587
vt 0.837413 0.098597
vt 0.901403 0.337413
vt 0.575175 0.250000
vt 0.750000 0.075175
vt 0.833001 0.393762
vt 0.750000 0.416002
vt 0.893763 0.333001
vt 0.916003 0.250000
vt 0.893762 0.166999
vt 0.833001 0.106238
vt 0.606238 0.166999
vt 0.583997 0.250000
vt 0.606237 0.333001
vt 0.666998 0.393762
vt 0.583997 0.250000
vt 0.583997 0.250000
vt 0.606237 0.333001
vt 0.606237 0.333001
vt 0.916003 0.250000
vt 0.893762 0.166999
vt 0.606237 0.333001
vt 0.666998 0.393762
vt 0.750000 0.416002
vt 0.833001 0.393762
vt 0.606238 0.166999
vt 0.833001 0.106238
vt 0.893763 0.333001
vt 0.583997 0.250000
vt 0.893762 0.333001
vt 0.893763 0.333001
vt 0.916003 0.250000
vt 0.916003 0.250000
vt 0.750000 0.083997
vt 0.750000 0.083997
vt 0.666999 0.106238
vt 0.666999 0.106238
vt 0.916002 0.250000
vt 0.916003 0.250000
vt 0.893762 0.166999
vt 0.893762 0.166999
vt 0.666998 0.393762
vt 0.666998 0.393762
vt 0.750000 0.416002
vt 0.750000 0.416002
vt 0.833001 0.393762
vt 0.833001 0.393762
vt 0.606238 0.166999
vt 0.606238 0.166999
vt 0.833001 0.106238
vt 0.833001 0.106238
vt 0.893763 0.333001
vt 0.893762 0.333001
vt 0.750000 0.405458
vt 0.672271 0.384631
vt 0.615369 0.327729
vt 0.594541 0.250000
vt 0.615369 0.172271
vt 0.672271 0.115369
vt 0.750000 0.094541
vt 0.827729 0.115369
vt 0.884631 0.172271
vt 0.905458 0.250000
vt 0.884631 0.327729
vt 0.827729 0.384631
vt 0.583997 0.250000
vt 0.583997 0.250000
vt 0.606237 0.333001
vt 0.606237 0.333001
vt 0.750000 0.083997
vt 0.750000 0.083997
vt 0.666999 0.106238
vt 0.666999 0.106238
vt 0.893762 0.166999
vt 0.893762 0.166999
vt 0.666998 0.393762
vt 0.666998 0.393762
vt 0.750000 0.416002
vt 0.750000 0.416002
vt 0.833001 0.393762
vt 0.833001 0.393762
vt 0.606238 0.166999
vt 0.606238 0.166999
vt 0.833001 0.106238
vt 0.833001 0.106238
vt 0.750000 0.083997
vt 0.666999 0.106238
vt 0.666999 0.106238
vt 0.750000 0.083997
vt 0.662587 0.401403
vt 0.598597 0.337413
vt 0.837413 0.401403
vt 0.750000 0.424825
vt 0.598597 0.162587
vt 0.662587 0.098597
vt 0.837413 0.098597
vt 0.901403 0.337413
vt 0.575175 0.250000
vt 0.750000 0.075175
vt 0.833001 0.393762
vt 0.750000 0.416002
vt 0.893763 0.333001
vt 0.916003 0.250000
vt 0.893762 0.166999
vt 0.833001 0.106238
vt 0.606238 0.166999
vt 0.583997 0.250000
vt 0.606237 0.333001
vt 0.666998 0.393762
vt 0.583997 0.250000
vt 0.606237 0.333001
vt 0.606237 0.333001
vt 0.583997 0.250000
vt 0.893762 0.166999
vt 0.916003 0.250000
vt 0.666998 0.393762
vt 0.606237 0.333001
vt 0.833001 0.393762
vt 0.750000 0.416002
vt 0.606238 0.166999
vt 0.833001 0.106238
vt 0.893763 0.333001
vt 0.583997 0.250000
vt 0.893762 0.333001
vt 0.916003 0.250000
vt 0.916003 0.250000
vt 0.893763 0.333001
vt 0.750000 0.083997
vt 0.666999 0.106238
vt 0.666999 0.106238
vt 0.750000 0.083997
vt 0.916002 0.250000
vt 0.893762 0.166999
vt 0.893762 0.166999
vt 0.916003 0.250000
vt 0.666998 0.393762
vt 0.666998 0.393762
vt 0.750000 0.416002
vt 0.833001 0.393762
vt 0.833001 0.393762
vt 0.750000 0.416002
vt 0.606238 0.166999
vt 0.606238 0.166999
vt 0.833001 0.106238
vt 0.833001 0.106238
vt 0.893762 0.333001
vt 0.893763 0.333001
vt 0.750000 0.405458
vt 0.827729 0.384631
vt 0.884631 0.327729
vt 0.905458 0.250000
vt 0.884631 0.172271
vt 0.827729 0.115369
vt 0.750000 0.094541
vt 0.672271 0.115369
vt 0.615369 0.172271
vt 0.594541 0.250000
vt 0.615369 0.327729
vt 0.672271 0.384631
vt 0.583997 0.250000
vt 0.606237 0.333001
vt 0.606237 0.333001
vt 0.583997 0.250000
vt 0.750000 0.083997
vt 0.666999 0.106238
vt 0.666999 0.106238
vt 0.750000 0.083997
vt 0.893762 0.166999
vt 0.893762 0.166999
vt 0.666998 0.393762
vt 0.666998 0.393762
vt 0.750000 0.416002
vt 0.833001 0.393762
vt 0.833001 0.393762
vt 0.750000 0.416002
vt 0.606238 0.166999
vt 0.606238 0.166999
vt 0.833001 0.106238
vt 0.833001 0.106238
vn -0.9927 0.1201 0.0000
vn -0.9198 -0.3923 0.0000
vn -0.6964 -0.2970 0.6532
vn -0.7517 0.0909 0.6532
vn -0.6004 -0.7997 0.0000
vn -0.4546 -0.6055 0.6532
vn -0.1201 -0.9927 0.0000
vn -0.0909 -0.7517 0.6532
vn 0.3923 -0.9198 0.0000
vn 0.2970 -0.6964 0.6532
vn 0.7997 -0.6004 0.0000
vn 0.6055 -0.4546 0.6532
vn 0.9927 -0.1201 0.0000
vn 0.7517 -0.0909 0.6532
vn 0.9198 0.3923 0.0000
vn 0.6964 0.2970 0.6532
vn 0.6004 0.7997 0.0000
vn 0.4546 0.6055 0.6532
vn 0.1201 0.9927 0.0000
vn 0.0909 0.7517 0.6532
vn -0.3923 0.9198 0.0000
vn -0.2970 0.6964 0.6532
vn -0.0978 -0.8080 0.5810
vn -0.0275 -0.2271 0.9735
vn -0.1373 -0.1829 0.9735
vn -0.4887 -0.6509 0.5810
vn -0.7997 0.6004 0.0000
vn -0.6055 0.4546 0.6532
vn -0.0766 -0.6331 -0.7703
vn -0.1187 -0.9814 -0.1505
vn 0.3879 -0.9093 -0.1505
vn 0.2502 -0.5866 -0.7703
vn -0.6055 0.4546 -0.6532
vn -0.7517 0.0909 -0.6532
vn -0.2970 0.6964 -0.6532
vn 0.0909 0.7517 -0.6532
vn 0.4546 0.6055 -0.6532
vn 0.6964 0.2970 -0.6532
vn 0.7517 -0.0909 -0.6532
vn 0.6055 -0.4546 -0.6532
vn 0.2970 -0.6964 -0.6532
vn -0.0909 -0.7517 -0.6532
vn -0.4546 -0.6055 -0.6532
vn -0.6964 -0.2970 -0.6532
vn 0.0000 0.0000 -1.0000
vn 0.0000 0.0000 1.0000
vn -0.2104 -0.0897 0.9735
vn 0.0897 -0.2104 0.9735
vn 0.1829 -0.1373 0.9735
vn 0.2271 -0.0275 0.9735
vn 0.2104 0.0897 0.9735
vn 0.1373 0.1829 0.9735
vn 0.0275 0.2271 0.9735
vn -0.0897 0.2104 0.9735
vn -0.1829 0.1373 0.9735
vn -0.2271 0.0275 0.9735
vn -0.3193 0.7486 0.5810
vn 0.0978 0.8080 0.5810
vn 0.7486 0.3193 0.5810
vn 0.8080 -0.0978 0.5810
vn 0.3193 -0.7486 0.5810
vn -0.6509 0.4887 0.5810
vn -0.7486 -0.3193 0.5810
vn -0.8080 0.0978 0.5810
vn 0.4887 0.6509 0.5810
vn 0.6509 -0.4887 0.5810
vn -0.5866 -0.2502 -0.7703
vn -0.6331 0.0766 -0.7703
vn -0.3829 -0.5100 -0.7703
vn 0.5100 -0.3829 -0.7703
vn 0.6331 -0.0766 -0.7703
vn 0.5866 0.2502 -0.7703
vn 0.3829 0.5100 -0.7703
vn 0.0766 0.6331 -0.7703
vn -0.2502 0.5866 -0.7703
vn -0.5100 0.3829 -0.7703
vn 0.5734 -0.0694 0.8163
vn 0.9805 -0.1186 0.1568
vn 0.7898 -0.5930 0.1568
vn 0.4619 -0.3468 0.8163
vn 0.0694 0.5734 0.8163
vn 0.1186 0.9805 0.1568
vn 0.5930 0.7898 0.1568
vn 0.3468 0.4619 0.8163
vn -0.3468 -0.4619 0.8163
vn -0.5930 -0.7898 0.1568
vn -0.9084 -0.3875 0.1568
vn -0.5313 -0.2266 0.8163
vn -0.5734 0.0694 0.8163
vn -0.9805 0.1186 0.1568
vn -0.7898 0.5930 0.1568
vn -0.4619 0.3468 0.8163
vn 0.3875 -0.9084 0.1568
vn 0.2266 -0.5313 0.8163
vn 0.9084 0.3875 0.1568
vn 0.5313 0.2266 0.8163
vn -0.3875 0.9084 0.1568
vn -0.2266 0.5313 0.8163
vn -0.1186 -0.9805 0.1568
vn -0.0694 -0.5734 0.8163
vn 0.9927 0.1201 0.0000
vn 0.7517 0.0909 0.6532
vn 0.6964 -0.2970 0.6532
vn 0.9198 -0.3923 0.0000
vn 0.4546 -0.6055 0.6532
vn 0.6004 -0.7997 0.0000
vn 0.0909 -0.7517 0.6532
vn 0.1201 -0.9927 0.0000
vn -0.2970 -0.6964 0.6532
vn -0.3923 -0.9198 0.0000
vn -0.6055 -0.4546 0.6532
vn -0.7997 -0.6004 0.0000
vn -0.7517 -0.0909 0.6532
vn -0.9927 -0.1201 0.0000
vn -0.6964 0.2970 0.6532
vn -0.9198 0.3923 0.0000
vn -0.4546 0.6055 0.6532
vn -0.6004 0.7997 0.0000
vn -0.0909 0.7517 0.6532
vn -0.1201 0.9927 0.0000
vn 0.2970 0.6964 0.6532
vn 0.3923 0.9198 0.0000
vn 0.0978 -0.8080 0.5810
vn 0.4887 -0.6509 0.5810
vn 0.1373 -0.1829 0.9735
vn 0.0275 -0.2271 0.9735
vn 0.6055 0.4546 0.6532
vn 0.7997 0.6004 0.0000
vn 0.0766 -0.6331 -0.7703
vn -0.2502 -0.5866 -0.7703
vn -0.3879 -0.9093 -0.1505
vn 0.1187 -0.9814 -0.1505
vn 0.6055 0.4546 -0.6532
vn 0.7517 0.0909 -0.6532
vn 0.2970 0.6964 -0.6532
vn -0.0909 0.7517 -0.6532
vn -0.4546 0.6055 -0.6532
vn -0.6964 0.2970 -0.6532
vn -0.7517 -0.0909 -0.6532
vn -0.6055 -0.4546 -0.6532
vn -0.2970 -0.6964 -0.6532
vn 0.0909 -0.7517 -0.6532
vn 0.4546 -0.6055 -0.6532
vn 0.6964 -0.2970 -0.6532
vn 0.2104 -0.0897 0.9735
vn 0.2270 0.0275 0.9735
vn 0.1829 0.1373 0.9735
vn 0.0897 0.2104 0.9735
vn -0.0275 0.2271 0.9735
vn -0.1373 0.1829 0.9735
vn -0.2104 0.0897 0.9735
vn -0.2271 -0.0275 0.9735
vn -0.1829 -0.1373 0.9735
vn -0.0897 -0.2104 0.9735
vn 0.3193 0.7486 0.5810
vn -0.0978 0.8080 0.5810
vn -0.7486 0.3193 0.5810
vn -0.8080 -0.0978 0.5810
vn -0.3193 -0.7486 0.5810
vn 0.6509 0.4887 0.5810
vn 0.7486 -0.3193 0.5810
vn 0.8080 0.0978 0.5810
vn -0.4887 0.6509 0.5810
vn -0.6509 -0.4887 0.5810
vn 0.5866 -0.2502 -0.7703
vn 0.6331 0.0766 -0.7703
vn 0.3829 -0.5100 -0.7703
vn -0.5100 -0.3829 -0.7703
vn -0.6331 -0.0766 -0.7703
vn -0.5866 0.2502 -0.7703
vn -0.3829 0.5100 -0.7703
vn -0.0766 0.6331 -0.7703
vn 0.2502 0.5866 -0.7703
vn 0.5100 0.3829 -0.7703
vn -0.5734 -0.0694 0.8163
vn -0.4619 -0.3468 0.8163
vn -0.7898 -0.5930 0.1568
vn -0.9805 -0.1186 0.1568
vn -0.0694 0.5734 0.8163
vn -0.3468 0.4619 0.8163
vn -0.5930 0.7898 0.1568
vn -0.1186 0.9805 0.1568
vn 0.3468 -0.4619 0.8163
vn 0.5313 -0.2266 0.8163
vn 0.9084 -0.3875 0.1568
vn 0.5930 -0.7898 0.1568
vn 0.5734 0.0694 0.8163
vn 0.4619 0.3468 0.8163
vn 0.7898 0.5930 0.1568
vn 0.9805 0.1186 0.1568
vn -0.2266 -0.5313 0.8163
vn -0.3875 -0.9084 0.1568
vn -0.5313 0.2266 0.8163
vn -0.9084 0.3875 0.1568
vn 0.2266 0.5313 0.8163
vn 0.3875 0.9084 0.1568
vn 0.0694 -0.5734 0.8163
vn 0.1186 -0.9805 0.1568
vn 0.8280 -0.1002 -0.5517
vn 0.5714 -0.0691 -0.8177
vn 0.5295 0.2258 -0.8177
vn 0.7672 0.3272 -0.5517
vn -0.3879 0.9093 -0.1505
vn -0.7906 0.5936 -0.1505
vn -0.9814 0.1187 -0.1505
vn -0.9093 -0.3879 -0.1505
vn 0.9093 0.3879 -0.1505
vn 0.5936 0.7906 -0.1505
vn 0.7906 -0.5936 -0.1505
vn -0.5936 -0.7906 -0.1505
vn 0.1187 0.9814 -0.1505
vn 0.9814 -0.1187 -0.1505
vn -0.7672 -0.3272 -0.5517
vn -0.8280 0.1002 -0.5517
vn -0.5008 -0.6670 -0.5517
vn -0.1002 -0.8280 -0.5517
vn 0.3272 -0.7672 -0.5517
vn 0.6670 -0.5008 -0.5517
vn 0.5008 0.6670 -0.5517
vn 0.1002 0.8280 -0.5517
vn -0.3272 0.7672 -0.5517
vn -0.6670 0.5008 -0.5517
vn 0.0632 0.5223 -0.8504
vn 0.0984 0.8130 -0.5738
vn -0.3213 0.7533 -0.5738
vn -0.2064 0.4839 -0.8504
vn -0.0691 -0.5714 -0.8177
vn 0.2258 -0.5295 -0.8177
vn -0.2258 0.5295 -0.8177
vn -0.4603 0.3456 -0.8177
vn -0.5714 0.0691 -0.8177
vn -0.5295 -0.2258 -0.8177
vn 0.3456 0.4603 -0.8177
vn 0.4603 -0.3456 -0.8177
vn -0.3456 -0.4603 -0.8177
vn 0.0692 0.5714 -0.8177
vn -0.5960 -0.7938 -0.1207
vn -0.4302 -0.5730 -0.6975
vn -0.0861 -0.7114 -0.6975
vn -0.1192 -0.9855 -0.1207
vn 0.5222 -0.0632 -0.8504
vn 0.8130 -0.0984 -0.5738
vn 0.7533 0.3213 -0.5738
vn 0.4839 0.2064 -0.8504
vn -0.0632 -0.5222 -0.8504
vn -0.0984 -0.8130 -0.5738
vn 0.3213 -0.7533 -0.5738
vn 0.2064 -0.4839 -0.8504
vn -0.6549 0.4917 -0.5738
vn -0.4207 0.3158 -0.8504
vn -0.5223 0.0632 -0.8504
vn -0.8130 0.0984 -0.5738
vn -0.7533 -0.3213 -0.5738
vn -0.4839 -0.2064 -0.8504
vn 0.4917 0.6549 -0.5738
vn 0.3158 0.4207 -0.8504
vn 0.6549 -0.4917 -0.5738
vn 0.4207 -0.3159 -0.8504
vn -0.4917 -0.6549 -0.5738
vn -0.3159 -0.4207 -0.8504
vn 0.1192 0.9855 -0.1207
vn 0.0861 0.7114 -0.6975
vn -0.2811 0.6591 -0.6975
vn -0.3894 0.9131 -0.1207
vn 0.9855 -0.1192 -0.1207
vn 0.7114 -0.0861 -0.6975
vn 0.6591 0.2811 -0.6975
vn 0.9131 0.3894 -0.1208
vn 0.2811 -0.6591 -0.6975
vn 0.3894 -0.9131 -0.1207
vn -0.5730 0.4302 -0.6975
vn -0.7938 0.5960 -0.1207
vn -0.9855 0.1192 -0.1207
vn -0.7114 0.0861 -0.6975
vn -0.6591 -0.2811 -0.6975
vn -0.9131 -0.3894 -0.1207
vn 0.4302 0.5730 -0.6975
vn 0.5960 0.7938 -0.1208
vn 0.5730 -0.4302 -0.6975
vn 0.7938 -0.5960 -0.1207
vn -0.8280 -0.1002 -0.5517
vn -0.7672 0.3272 -0.5517
vn -0.5295 0.2258 -0.8177
vn -0.5714 -0.0691 -0.8177
vn 0.7906 0.5936 -0.1505
vn 0.3879 0.9093 -0.1505
vn 0.9093 -0.3879 -0.1505
vn 0.9814 0.1187 -0.1505
vn -0.5936 0.7906 -0.1505
vn -0.9093 0.3879 -0.1505
vn -0.7906 -0.5936 -0.1505
vn 0.5936 -0.7906 -0.1505
vn -0.1187 0.9814 -0.1505
vn -0.9814 -0.1187 -0.1505
vn 0.7672 -0.3272 -0.5517
vn 0.8280 0.1002 -0.5517
vn 0.5008 -0.6670 -0.5517
vn 0.1002 -0.8280 -0.5517
vn -0.3272 -0.7672 -0.5517
vn -0.6670 -0.5008 -0.5517
vn -0.5008 0.6670 -0.5517
vn -0.1002 0.8280 -0.5517
vn 0.3272 0.7672 -0.5517
vn 0.6670 0.5008 -0.5517
vn -0.0632 0.5223 -0.8504
vn 0.2064 0.4839 -0.8504
vn 0.3213 0.7533 -0.5738
vn -0.0984 0.8130 -0.5738
vn -0.2258 -0.5295 -0.8177
vn 0.0691 -0.5714 -0.8177
vn 0.4603 0.3456 -0.8177
vn 0.2258 0.5295 -0.8177
vn 0.5295 -0.2258 -0.8177
vn 0.5714 0.0691 -0.8177
vn -0.3456 0.4603 -0.8177
vn -0.4603 -0.3456 -0.8177
vn 0.3456 -0.4603 -0.8177
vn -0.0692 0.5714 -0.8177
vn 0.5960 -0.7938 -0.1207
vn 0.1192 -0.9855 -0.1208
vn 0.0861 -0.7114 -0.6975
vn 0.4302 -0.5730 -0.6975
vn -0.5222 -0.0632 -0.8504
vn -0.4839 0.2064 -0.8504
vn -0.7533 0.3213 -0.5738
vn -0.8130 -0.0984 -0.5738
vn 0.0632 -0.5222 -0.8504
vn -0.2064 -0.4839 -0.8504
vn -0.3213 -0.7533 -0.5738
vn 0.0984 -0.8130 -0.5738
vn 0.4207 0.3158 -0.8504
vn 0.6549 0.4917 -0.5738
vn 0.5222 0.0632 -0.8504
vn 0.4839 -0.2064 -0.8504
vn 0.7533 -0.3213 -0.5738
vn 0.8130 0.0984 -0.5738
vn -0.3158 0.4207 -0.8504
vn -0.4917 0.6549 -0.5738
vn -0.4207 -0.3159 -0.8504
vn -0.6549 -0.4917 -0.5738
vn 0.3159 -0.4207 -0.8504
vn 0.4917 -0.6549 -0.5738
vn -0.1192 0.9855 -0.1207
vn 0.3894 0.9131 -0.1207
vn 0.2811 0.6591 -0.6975
vn -0.0861 0.7114 -0.6975
vn -0.9855 -0.1192 -0.1207
vn -0.9131 0.3894 -0.1208
vn -0.6591 0.2811 -0.6975
vn -0.7114 -0.0861 -0.6975
vn -0.3894 -0.9131 -0.1207
vn -0.2811 -0.6591 -0.6975
vn 0.7938 0.5960 -0.1207
vn 0.5730 0.4302 -0.6975
vn 0.9855 0.1192 -0.1207
vn 0.9131 -0.3894 -0.1207
vn 0.6591 -0.2811 -0.6975
vn 0.7114 0.0861 -0.6975
vn -0.5960 0.7938 -0.1208
vn -0.4302 0.5730 -0.6975
vn -0.7938 -0.5960 -0.1207
vn -0.5730 -0.4302 -0.6975
usemtl DarkPorple
s 1
f 1917/1910/711 1918/1911/712 1713/1912/713 1714/1913/714
f 1918/1911/712 1919/1914/715 1715/1915/716 1713/1912/713
f 1919/1914/715 1920/1916/717 1716/1917/718 1715/1915/716
f 1920/1916/717 1921/1918/719 1717/1919/720 1716/1917/718
f 1921/1918/719 1922/1920/721 1718/1921/722 1717/1919/720
f 1922/1920/721 1923/1922/723 1719/1923/724 1718/1921/722
f 1923/1922/723 1924/1924/725 1720/1925/726 1719/1923/724
f 1924/1924/725 1925/1926/727 1721/1927/728 1720/1925/726
f 1925/1926/727 1926/1928/729 1722/1929/730 1721/1927/728
f 1926/1928/729 1927/1930/731 1723/1931/732 1722/1929/730
f 1861/1932/733 1728/1933/734 1727/1934/735 1857/1935/736
f 1927/1930/731 1928/1936/737 1724/1937/738 1723/1931/732
f 1928/1936/737 1917/1938/711 1714/1939/714 1724/1937/738
f 1659/1940/739 1764/1941/740 1765/1942/741 1661/1943/742
f 1712/1944/743 1701/1945/744 1677/1946/711 1688/1947/737
f 1711/1948/745 1712/1944/743 1688/1947/737 1687/1949/731
f 1710/1950/746 1711/1948/745 1687/1949/731 1686/1951/729
f 1709/1952/747 1710/1950/746 1686/1951/729 1685/1953/727
f 1708/1954/748 1709/1952/747 1685/1953/727 1684/1955/725
f 1707/1956/749 1708/1954/748 1684/1955/725 1683/1957/723
f 1706/1958/750 1707/1956/749 1683/1957/723 1682/1959/721
f 1705/1960/751 1706/1958/750 1682/1959/721 1681/1961/719
f 1704/1962/752 1705/1960/751 1681/1961/719 1680/1963/717
f 1703/1964/753 1704/1962/752 1680/1963/717 1679/1965/715
f 1702/1966/754 1703/1964/753 1679/1965/715 1678/1967/712
f 1701/1968/744 1702/1966/754 1678/1967/712 1677/1969/711
f 1688/1947/737 1677/1946/711 1689/1970/711 1700/1971/737
f 1687/1949/731 1688/1947/737 1700/1971/737 1699/1972/731
f 1686/1951/729 1687/1949/731 1699/1972/731 1698/1973/729
f 1685/1953/727 1686/1951/729 1698/1973/729 1697/1974/727
f 1684/1955/725 1685/1953/727 1697/1974/727 1696/1975/725
f 1683/1957/723 1684/1955/725 1696/1975/725 1695/1976/723
f 1682/1959/721 1683/1957/723 1695/1976/723 1694/1977/721
f 1681/1961/719 1682/1959/721 1694/1977/721 1693/1978/719
f 1680/1963/717 1681/1961/719 1693/1978/719 1692/1979/717
f 1679/1965/715 1680/1963/717 1692/1979/717 1691/1980/715
f 1678/1967/712 1679/1965/715 1691/1980/715 1690/1981/712
f 1677/1969/711 1678/1967/712 1690/1981/712 1689/1982/711
f 1881/1983/755 1702/1984/754 1701/1985/744 1882/1986/755
f 1883/1987/755 1703/1988/753 1702/1984/754 1881/1983/755
f 1884/1989/755 1704/1990/752 1703/1988/753 1883/1987/755
f 1885/1991/755 1705/1992/751 1704/1990/752 1884/1989/755
f 1886/1993/755 1706/1994/750 1705/1992/751 1885/1991/755
f 1887/1995/755 1707/1996/749 1706/1994/750 1886/1993/755
f 1888/1997/755 1708/1998/748 1707/1996/749 1887/1995/755
f 1889/1999/755 1709/2000/747 1708/1998/748 1888/1997/755
f 1890/2001/755 1710/2002/746 1709/2000/747 1889/1999/755
f 1891/2003/755 1711/2004/745 1710/2002/746 1890/2001/755
f 1892/2005/755 1712/2006/743 1711/2004/745 1891/2003/755
f 1882/1986/755 1701/1985/744 1712/2006/743 1892/2005/755
f 1833/2007/756 1714/2008/714 1713/2009/713 1834/2010/756
f 1834/2010/756 1713/2009/713 1715/2011/716 1835/2012/756
f 1835/2012/756 1715/2011/716 1716/2013/718 1836/2014/756
f 1836/2014/756 1716/2013/718 1717/2015/720 1837/2016/756
f 1837/2016/756 1717/2015/720 1718/2017/722 1838/2018/756
f 1838/2018/756 1718/2017/722 1719/2019/724 1839/2020/756
f 1839/2020/756 1719/2019/724 1720/2021/726 1840/2022/756
f 1840/2022/756 1720/2021/726 1721/2023/728 1841/2024/756
f 1841/2024/756 1721/2023/728 1722/2025/730 1842/2026/756
f 1842/2026/756 1722/2025/730 1723/2027/732 1843/2028/756
f 1843/2028/756 1723/2027/732 1724/2029/738 1844/2030/756
f 1844/2030/756 1724/2029/738 1714/2008/714 1833/2007/756
f 1725/2031/757 1727/1934/735 1728/1933/734 1729/2032/758 1730/2033/759 1731/2034/760 1732/2035/761 1733/2036/762 1734/2037/763 1735/2038/764 1736/2039/765 1726/2040/766
f 1862/2041/767 1735/2038/764 1734/2037/763 1858/2042/768
f 1863/2043/769 1732/2035/761 1731/2034/760 1859/2044/770
f 1864/2045/771 1729/2032/758 1728/1933/734 1861/1932/733
f 1865/2046/772 1736/2039/765 1735/2038/764 1862/2041/767
f 1866/2047/773 1725/2031/757 1726/2040/766 1860/2048/774
f 1867/2049/775 1733/2036/762 1732/2035/761 1863/2043/769
f 1868/2050/776 1730/2033/759 1729/2032/758 1864/2045/771
f 1860/2048/774 1726/2040/766 1736/2039/765 1865/2046/772
f 1857/1935/736 1727/1934/735 1725/2031/757 1866/2047/773
f 1858/2042/768 1734/2037/763 1733/2036/762 1867/2049/775
f 1859/2044/770 1731/2034/760 1730/2033/759 1868/2050/776
f 1655/2051/777 1738/2052/755 1737/2053/755 1653/2054/778
f 1657/2055/779 1739/2056/755 1738/2052/755 1655/2051/777
f 1659/1940/739 1740/2057/755 1739/2056/755 1657/2055/779
f 1661/1943/742 1741/2058/755 1740/2057/755 1659/1940/739
f 1663/2059/780 1742/2060/755 1741/2058/755 1661/1943/742
f 1665/2061/781 1743/2062/755 1742/2060/755 1663/2059/780
f 1667/2063/782 1744/2064/755 1743/2062/755 1665/2061/781
f 1669/2065/783 1745/2066/755 1744/2064/755 1667/2063/782
f 1671/2067/784 1746/2068/755 1745/2066/755 1669/2065/783
f 1673/2069/785 1747/2070/755 1746/2068/755 1671/2067/784
f 1675/2071/786 1748/2072/755 1747/2070/755 1673/2069/785
f 1653/2054/778 1737/2053/755 1748/2072/755 1675/2071/786
f 1666/2073/787 1813/2074/788 1820/2075/789 1664/2076/790
f 1672/2077/791 1811/2078/792 1819/2079/793 1670/2080/794
f 1658/2081/795 1809/2082/796 1818/2083/797 1656/2084/798
f 1654/2085/799 1817/2086/800 1816/2087/801 1676/2088/802
f 1664/2076/790 1820/2075/789 1815/2089/803 1662/2090/804
f 1670/2080/794 1819/2079/793 1814/2091/805 1668/2092/806
f 1656/2084/798 1818/2083/797 1817/2086/800 1654/2085/799
f 1676/2088/802 1816/2087/801 1812/2093/807 1674/2094/808
f 1662/2090/804 1815/2089/803 1810/2095/809 1660/2096/810
f 1668/2092/806 1814/2091/805 1813/2074/788 1666/2073/787
f 1674/2094/808 1812/2093/807 1811/2078/792 1672/2077/791
f 1660/2096/810 1810/2095/809 1809/2082/796 1658/2081/795
f 1856/2097/756 1844/2030/756 1833/2007/756 1845/2098/756
f 1855/2099/756 1843/2028/756 1844/2030/756 1856/2097/756
f 1854/2100/756 1842/2026/756 1843/2028/756 1855/2099/756
f 1853/2101/756 1841/2024/756 1842/2026/756 1854/2100/756
f 1852/2102/756 1840/2022/756 1841/2024/756 1853/2101/756
f 1851/2103/756 1839/2020/756 1840/2022/756 1852/2102/756
f 1850/2104/756 1838/2018/756 1839/2020/756 1851/2103/756
f 1849/2105/756 1837/2016/756 1838/2018/756 1850/2104/756
f 1848/2106/756 1836/2014/756 1837/2016/756 1849/2105/756
f 1847/2107/756 1835/2012/756 1836/2014/756 1848/2106/756
f 1846/2108/756 1834/2010/756 1835/2012/756 1847/2107/756
f 1845/2098/756 1833/2007/756 1834/2010/756 1846/2108/756
f 1654/2085/799 1845/2098/756 1846/2108/756 1656/2084/798
f 1656/2084/798 1846/2108/756 1847/2107/756 1658/2081/795
f 1658/2081/795 1847/2107/756 1848/2106/756 1660/2096/810
f 1660/2096/810 1848/2106/756 1849/2105/756 1662/2090/804
f 1662/2090/804 1849/2105/756 1850/2104/756 1664/2076/790
f 1664/2076/790 1850/2104/756 1851/2103/756 1666/2073/787
f 1666/2073/787 1851/2103/756 1852/2102/756 1668/2092/806
f 1668/2092/806 1852/2102/756 1853/2101/756 1670/2080/794
f 1670/2080/794 1853/2101/756 1854/2100/756 1672/2077/791
f 1672/2077/791 1854/2100/756 1855/2099/756 1674/2094/808
f 1674/2094/808 1855/2099/756 1856/2097/756 1676/2088/802
f 1676/2088/802 1856/2097/756 1845/2098/756 1654/2085/799
f 1813/2074/788 1859/2044/770 1868/2050/776 1820/2075/789
f 1811/2078/792 1858/2042/768 1867/2049/775 1819/2079/793
f 1809/2082/796 1857/1935/736 1866/2047/773 1818/2083/797
f 1817/2086/800 1860/2048/774 1865/2046/772 1816/2087/801
f 1820/2075/789 1868/2050/776 1864/2045/771 1815/2089/803
f 1819/2079/793 1867/2049/775 1863/2043/769 1814/2091/805
f 1818/2083/797 1866/2047/773 1860/2048/774 1817/2086/800
f 1816/2087/801 1865/2046/772 1862/2041/767 1812/2093/807
f 1815/2089/803 1864/2045/771 1861/1932/733 1810/2095/809
f 1814/2091/805 1863/2043/769 1859/2044/770 1813/2074/788
f 1812/2093/807 1862/2041/767 1858/2042/768 1811/2078/792
f 1810/2095/809 1861/1932/733 1857/1935/736 1809/2082/796
f 1737/2053/755 1882/1986/755 1892/2005/755 1748/2072/755
f 1748/2072/755 1892/2005/755 1891/2003/755 1747/2070/755
f 1747/2070/755 1891/2003/755 1890/2001/755 1746/2068/755
f 1746/2068/755 1890/2001/755 1889/1999/755 1745/2066/755
f 1745/2066/755 1889/1999/755 1888/1997/755 1744/2064/755
f 1744/2064/755 1888/1997/755 1887/1995/755 1743/2062/755
f 1743/2062/755 1887/1995/755 1886/1993/755 1742/2060/755
f 1742/2060/755 1886/1993/755 1885/1991/755 1741/2058/755
f 1741/2058/755 1885/1991/755 1884/1989/755 1740/2057/755
f 1740/2057/755 1884/1989/755 1883/1987/755 1739/2056/755
f 1739/2056/755 1883/1987/755 1881/1983/755 1738/2052/755
f 1738/2052/755 1881/1983/755 1882/1986/755 1737/2053/755
f 1832/2109/737 1821/2110/711 1917/1938/711 1928/1936/737
f 1831/2111/731 1832/2109/737 1928/1936/737 1927/1930/731
f 1830/2112/729 1831/2111/731 1927/1930/731 1926/1928/729
f 1829/2113/727 1830/2112/729 1926/1928/729 1925/1926/727
f 1828/2114/725 1829/2113/727 1925/1926/727 1924/1924/725
f 1827/2115/723 1828/2114/725 1924/1924/725 1923/1922/723
f 1826/2116/721 1827/2115/723 1923/1922/723 1922/1920/721
f 1825/2117/719 1826/2116/721 1922/1920/721 1921/1918/719
f 1824/2118/717 1825/2117/719 1921/1918/719 1920/1916/717
f 1823/2119/715 1824/2118/717 1920/1916/717 1919/1914/715
f 1822/2120/712 1823/2119/715 1919/1914/715 1918/1911/712
f 1821/2121/711 1822/2120/712 1918/1911/712 1917/1910/711
f 2193/2122/811 1990/2123/812 1989/2124/813 2194/2125/814
f 2194/2125/814 1989/2124/813 1991/2126/815 2195/2127/816
f 2195/2127/816 1991/2126/815 1992/2128/817 2196/2129/818
f 2196/2129/818 1992/2128/817 1993/2130/819 2197/2131/820
f 2197/2131/820 1993/2130/819 1994/2132/821 2198/2133/822
f 2198/2133/822 1994/2132/821 1995/2134/823 2199/2135/824
f 2199/2135/824 1995/2134/823 1996/2136/825 2200/2137/826
f 2200/2137/826 1996/2136/825 1997/2138/827 2201/2139/828
f 2201/2139/828 1997/2138/827 1998/2140/829 2202/2141/830
f 2202/2141/830 1998/2140/829 1999/2142/831 2203/2143/832
f 2137/2144/833 2133/2145/834 2003/2146/835 2004/2147/836
f 2203/2143/832 1999/2142/831 2000/2148/837 2204/2149/838
f 2204/2149/838 2000/2148/837 1990/2150/812 2193/2151/811
f 1935/2152/839 1937/2153/840 2041/2154/841 2040/2155/842
f 1988/2156/843 1964/2157/838 1953/2158/811 1977/2159/844
f 1987/2160/845 1963/2161/832 1964/2157/838 1988/2156/843
f 1986/2162/846 1962/2163/830 1963/2161/832 1987/2160/845
f 1985/2164/847 1961/2165/828 1962/2163/830 1986/2162/846
f 1984/2166/848 1960/2167/826 1961/2165/828 1985/2164/847
f 1983/2168/849 1959/2169/824 1960/2167/826 1984/2166/848
f 1982/2170/850 1958/2171/822 1959/2169/824 1983/2168/849
f 1981/2172/851 1957/2173/820 1958/2171/822 1982/2170/850
f 1980/2174/852 1956/2175/818 1957/2173/820 1981/2172/851
f 1979/2176/853 1955/2177/816 1956/2175/818 1980/2174/852
f 1978/2178/854 1954/2179/814 1955/2177/816 1979/2176/853
f 1977/2180/844 1953/2181/811 1954/2179/814 1978/2178/854
f 1964/2157/838 1976/2182/838 1965/2183/811 1953/2158/811
f 1963/2161/832 1975/2184/832 1976/2182/838 1964/2157/838
f 1962/2163/830 1974/2185/830 1975/2184/832 1963/2161/832
f 1961/2165/828 1973/2186/828 1974/2185/830 1962/2163/830
f 1960/2167/826 1972/2187/826 1973/2186/828 1961/2165/828
f 1959/2169/824 1971/2188/824 1972/2187/826 1960/2167/826
f 1958/2171/822 1970/2189/822 1971/2188/824 1959/2169/824
f 1957/2173/820 1969/2190/820 1970/2189/822 1958/2171/822
f 1956/2175/818 1968/2191/818 1969/2190/820 1957/2173/820
f 1955/2177/816 1967/2192/816 1968/2191/818 1956/2175/818
f 1954/2179/814 1966/2193/814 1967/2192/816 1955/2177/816
f 1953/2181/811 1965/2194/811 1966/2193/814 1954/2179/814
f 2157/2195/755 2158/2196/755 1977/2197/844 1978/2198/854
f 2159/2199/755 2157/2195/755 1978/2198/854 1979/2200/853
f 2160/2201/755 2159/2199/755 1979/2200/853 1980/2202/852
f 2161/2203/755 2160/2201/755 1980/2202/852 1981/2204/851
f 2162/2205/755 2161/2203/755 1981/2204/851 1982/2206/850
f 2163/2207/755 2162/2205/755 1982/2206/850 1983/2208/849
f 2164/2209/755 2163/2207/755 1983/2208/849 1984/2210/848
f 2165/2211/755 2164/2209/755 1984/2210/848 1985/2212/847
f 2166/2213/755 2165/2211/755 1985/2212/847 1986/2214/846
f 2167/2215/755 2166/2213/755 1986/2214/846 1987/2216/845
f 2168/2217/755 2167/2215/755 1987/2216/845 1988/2218/843
f 2158/2196/755 2168/2217/755 1988/2218/843 1977/2197/844
f 2109/2219/756 2110/2220/756 1989/2221/813 1990/2222/812
f 2110/2220/756 2111/2223/756 1991/2224/815 1989/2221/813
f 2111/2223/756 2112/2225/756 1992/2226/817 1991/2224/815
f 2112/2225/756 2113/2227/756 1993/2228/819 1992/2226/817
f 2113/2227/756 2114/2229/756 1994/2230/821 1993/2228/819
f 2114/2229/756 2115/2231/756 1995/2232/823 1994/2230/821
f 2115/2231/756 2116/2233/756 1996/2234/825 1995/2232/823
f 2116/2233/756 2117/2235/756 1997/2236/827 1996/2234/825
f 2117/2235/756 2118/2237/756 1998/2238/829 1997/2236/827
f 2118/2237/756 2119/2239/756 1999/2240/831 1998/2238/829
f 2119/2239/756 2120/2241/756 2000/2242/837 1999/2240/831
f 2120/2241/756 2109/2219/756 1990/2222/812 2000/2242/837
f 2001/2243/855 2002/2244/856 2012/2245/857 2011/2246/858 2010/2247/859 2009/2248/860 2008/2249/861 2007/2250/862 2006/2251/863 2005/2252/864 2004/2147/836 2003/2146/835
f 2138/2253/865 2134/2254/866 2010/2247/859 2011/2246/858
f 2139/2255/867 2135/2256/868 2007/2250/862 2008/2249/861
f 2140/2257/869 2137/2144/833 2004/2147/836 2005/2252/864
f 2141/2258/870 2138/2253/865 2011/2246/858 2012/2245/857
f 2142/2259/871 2136/2260/872 2002/2244/856 2001/2243/855
f 2143/2261/873 2139/2255/867 2008/2249/861 2009/2248/860
f 2144/2262/874 2140/2257/869 2005/2252/864 2006/2251/863
f 2136/2260/872 2141/2258/870 2012/2245/857 2002/2244/856
f 2133/2145/834 2142/2259/871 2001/2243/855 2003/2146/835
f 2134/2254/866 2143/2261/873 2009/2248/860 2010/2247/859
f 2135/2256/868 2144/2262/874 2006/2251/863 2007/2250/862
f 1931/2263/875 1929/2264/876 2013/2265/755 2014/2266/755
f 1933/2267/877 1931/2263/875 2014/2266/755 2015/2268/755
f 1935/2152/839 1933/2267/877 2015/2268/755 2016/2269/755
f 1937/2153/840 1935/2152/839 2016/2269/755 2017/2270/755
f 1939/2271/878 1937/2153/840 2017/2270/755 2018/2272/755
f 1941/2273/879 1939/2271/878 2018/2272/755 2019/2274/755
f 1943/2275/880 1941/2273/879 2019/2274/755 2020/2276/755
f 1945/2277/881 1943/2275/880 2020/2276/755 2021/2278/755
f 1947/2279/882 1945/2277/881 2021/2278/755 2022/2280/755
f 1949/2281/883 1947/2279/882 2022/2280/755 2023/2282/755
f 1951/2283/884 1949/2281/883 2023/2282/755 2024/2284/755
f 1929/2264/876 1951/2283/884 2024/2284/755 2013/2265/755
f 1942/2285/885 1940/2286/886 2096/2287/887 2089/2288/888
f 1948/2289/889 1946/2290/890 2095/2291/891 2087/2292/892
f 1934/2293/893 1932/2294/894 2094/2295/895 2085/2296/896
f 1930/2297/897 1952/2298/898 2092/2299/899 2093/2300/900
f 1940/2286/886 1938/2301/901 2091/2302/902 2096/2287/887
f 1946/2290/890 1944/2303/903 2090/2304/904 2095/2291/891
f 1932/2294/894 1930/2297/897 2093/2300/900 2094/2295/895
f 1952/2298/898 1950/2305/905 2088/2306/906 2092/2299/899
f 1938/2301/901 1936/2307/907 2086/2308/908 2091/2302/902
f 1944/2303/903 1942/2285/885 2089/2288/888 2090/2304/904
f 1950/2305/905 1948/2289/889 2087/2292/892 2088/2306/906
f 1936/2307/907 1934/2293/893 2085/2296/896 2086/2308/908
f 2132/2309/756 2121/2310/756 2109/2219/756 2120/2241/756
f 2131/2311/756 2132/2309/756 2120/2241/756 2119/2239/756
f 2130/2312/756 2131/2311/756 2119/2239/756 2118/2237/756
f 2129/2313/756 2130/2312/756 2118/2237/756 2117/2235/756
f 2128/2314/756 2129/2313/756 2117/2235/756 2116/2233/756
f 2127/2315/756 2128/2314/756 2116/2233/756 2115/2231/756
f 2126/2316/756 2127/2315/756 2115/2231/756 2114/2229/756
f 2125/2317/756 2126/2316/756 2114/2229/756 2113/2227/756
f 2124/2318/756 2125/2317/756 2113/2227/756 2112/2225/756
f 2123/2319/756 2124/2318/756 2112/2225/756 2111/2223/756
f 2122/2320/756 2123/2319/756 2111/2223/756 2110/2220/756
f 2121/2310/756 2122/2320/756 2110/2220/756 2109/2219/756
f 1930/2297/897 1932/2294/894 2122/2320/756 2121/2310/756
f 1932/2294/894 1934/2293/893 2123/2319/756 2122/2320/756
f 1934/2293/893 1936/2307/907 2124/2318/756 2123/2319/756
f 1936/2307/907 1938/2301/901 2125/2317/756 2124/2318/756
f 1938/2301/901 1940/2286/886 2126/2316/756 2125/2317/756
f 1940/2286/886 1942/2285/885 2127/2315/756 2126/2316/756
f 1942/2285/885 1944/2303/903 2128/2314/756 2127/2315/756
f 1944/2303/903 1946/2290/890 2129/2313/756 2128/2314/756
f 1946/2290/890 1948/2289/889 2130/2312/756 2129/2313/756
f 1948/2289/889 1950/2305/905 2131/2311/756 2130/2312/756
f 1950/2305/905 1952/2298/898 2132/2309/756 2131/2311/756
f 1952/2298/898 1930/2297/897 2121/2310/756 2132/2309/756
f 2089/2288/888 2096/2287/887 2144/2262/874 2135/2256/868
f 2087/2292/892 2095/2291/891 2143/2261/873 2134/2254/866
f 2085/2296/896 2094/2295/895 2142/2259/871 2133/2145/834
f 2093/2300/900 2092/2299/899 2141/2258/870 2136/2260/872
f 2096/2287/887 2091/2302/902 2140/2257/869 2144/2262/874
f 2095/2291/891 2090/2304/904 2139/2255/867 2143/2261/873
f 2094/2295/895 2093/2300/900 2136/2260/872 2142/2259/871
f 2092/2299/899 2088/2306/906 2138/2253/865 2141/2258/870
f 2091/2302/902 2086/2308/908 2137/2144/833 2140/2257/869
f 2090/2304/904 2089/2288/888 2135/2256/868 2139/2255/867
f 2088/2306/906 2087/2292/892 2134/2254/866 2138/2253/865
f 2086/2308/908 2085/2296/896 2133/2145/834 2137/2144/833
f 2013/2265/755 2024/2284/755 2168/2217/755 2158/2196/755
f 2024/2284/755 2023/2282/755 2167/2215/755 2168/2217/755
f 2023/2282/755 2022/2280/755 2166/2213/755 2167/2215/755
f 2022/2280/755 2021/2278/755 2165/2211/755 2166/2213/755
f 2021/2278/755 2020/2276/755 2164/2209/755 2165/2211/755
f 2020/2276/755 2019/2274/755 2163/2207/755 2164/2209/755
f 2019/2274/755 2018/2272/755 2162/2205/755 2163/2207/755
f 2018/2272/755 2017/2270/755 2161/2203/755 2162/2205/755
f 2017/2270/755 2016/2269/755 2160/2201/755 2161/2203/755
f 2016/2269/755 2015/2268/755 2159/2199/755 2160/2201/755
f 2015/2268/755 2014/2266/755 2157/2195/755 2159/2199/755
f 2014/2266/755 2013/2265/755 2158/2196/755 2157/2195/755
f 2108/2321/838 2204/2149/838 2193/2151/811 2097/2322/811
f 2107/2323/832 2203/2143/832 2204/2149/838 2108/2321/838
f 2106/2324/830 2202/2141/830 2203/2143/832 2107/2323/832
f 2105/2325/828 2201/2139/828 2202/2141/830 2106/2324/830
f 2104/2326/826 2200/2137/826 2201/2139/828 2105/2325/828
f 2103/2327/824 2199/2135/824 2200/2137/826 2104/2326/826
f 2102/2328/822 2198/2133/822 2199/2135/824 2103/2327/824
f 2101/2329/820 2197/2131/820 2198/2133/822 2102/2328/822
f 2100/2330/818 2196/2129/818 2197/2131/820 2101/2329/820
f 2099/2331/816 2195/2127/816 2196/2129/818 2100/2330/818
f 2098/2332/814 2194/2125/814 2195/2127/816 2099/2331/816
f 2097/2333/811 2193/2122/811 2194/2125/814 2098/2332/814
usemtl Gold
f 1700/1971/737 1689/1970/711 1821/2110/711 1832/2109/737
f 1699/1972/731 1700/1971/737 1832/2109/737 1831/2111/731
f 1698/1973/729 1699/1972/731 1831/2111/731 1830/2112/729
f 1697/1974/727 1698/1973/729 1830/2112/729 1829/2113/727
f 1696/1975/725 1697/1974/727 1829/2113/727 1828/2114/725
f 1695/1976/723 1696/1975/725 1828/2114/725 1827/2115/723
f 1694/1977/721 1695/1976/723 1827/2115/723 1826/2116/721
f 1693/1978/719 1694/1977/721 1826/2116/721 1825/2117/719
f 1692/1979/717 1693/1978/719 1825/2117/719 1824/2118/717
f 1691/1980/715 1692/1979/717 1824/2118/717 1823/2119/715
f 1690/1981/712 1691/1980/715 1823/2119/715 1822/2120/712
f 1689/1982/711 1690/1981/712 1822/2120/712 1821/2121/711
f 1976/2182/838 2108/2321/838 2097/2322/811 1965/2183/811
f 1975/2184/832 2107/2323/832 2108/2321/838 1976/2182/838
f 1974/2185/830 2106/2324/830 2107/2323/832 1975/2184/832
f 1973/2186/828 2105/2325/828 2106/2324/830 1974/2185/830
f 1972/2187/826 2104/2326/826 2105/2325/828 1973/2186/828
f 1971/2188/824 2103/2327/824 2104/2326/826 1972/2187/826
f 1970/2189/822 2102/2328/822 2103/2327/824 1971/2188/824
f 1969/2190/820 2101/2329/820 2102/2328/822 1970/2189/822
f 1968/2191/818 2100/2330/818 2101/2329/820 1969/2190/820
f 1967/2192/816 2099/2331/816 2100/2330/818 1968/2191/818
f 1966/2193/814 2098/2332/814 2099/2331/816 1967/2192/816
f 1965/2194/811 2097/2333/811 2098/2332/814 1966/2193/814
usemtl Porple
f 1755/2334/909 1779/2335/910 1780/2336/911 1756/2337/912
f 1673/2069/785 1771/2338/913 1772/2339/914 1675/2071/786
f 1653/2054/778 1761/2340/915 1762/2341/916 1655/2051/777
f 1667/2063/782 1768/2342/917 1769/2343/918 1669/2065/783
f 1661/1943/742 1765/1942/741 1766/2344/919 1663/2059/780
f 1675/2071/786 1772/2339/914 1761/2340/915 1653/2054/778
f 1655/2051/777 1762/2341/916 1763/2345/920 1657/2055/779
f 1669/2065/783 1769/2343/918 1770/2346/921 1671/2067/784
f 1663/2059/780 1766/2344/919 1767/2347/922 1665/2061/781
f 1657/2055/779 1763/2345/920 1764/1941/740 1659/1940/739
f 1671/2067/784 1770/2346/921 1771/2338/913 1673/2069/785
f 1665/2061/781 1767/2347/922 1768/2342/917 1667/2063/782
f 1750/2348/923 1762/2341/916 1761/2340/915 1749/2349/924
f 1751/2350/925 1763/2345/920 1762/2341/916 1750/2348/923
f 1752/2351/926 1764/1941/740 1763/2345/920 1751/2350/925
f 1753/2352/927 1765/1942/741 1764/1941/740 1752/2351/926
f 1754/2353/928 1766/2344/919 1765/1942/741 1753/2352/927
f 1755/2334/909 1767/2347/922 1766/2344/919 1754/2353/928
f 1756/2337/912 1768/2342/917 1767/2347/922 1755/2334/909
f 1757/2354/929 1769/2343/918 1768/2342/917 1756/2337/912
f 1758/2355/930 1770/2346/921 1769/2343/918 1757/2354/929
f 1759/2356/931 1771/2338/913 1770/2346/921 1758/2355/930
f 1760/2357/932 1772/2339/914 1771/2338/913 1759/2356/931
f 1749/2349/924 1761/2340/915 1772/2339/914 1760/2357/932
f 1870/2358/933 1794/2359/934 1795/2360/935 1869/2361/936
f 1752/2351/926 1776/2362/937 1777/2363/938 1753/2352/927
f 1759/2356/931 1783/2364/939 1784/2365/940 1760/2357/932
f 1749/2349/924 1773/2366/941 1774/2367/942 1750/2348/923
f 1756/2337/912 1780/2336/911 1781/2368/943 1757/2354/929
f 1753/2352/927 1777/2363/938 1778/2369/944 1754/2353/928
f 1760/2357/932 1784/2365/940 1773/2366/941 1749/2349/924
f 1750/2348/923 1774/2367/942 1775/2370/945 1751/2350/925
f 1757/2354/929 1781/2368/943 1782/2371/946 1758/2355/930
f 1754/2353/928 1778/2369/944 1779/2335/910 1755/2334/909
f 1751/2350/925 1775/2370/945 1776/2362/937 1752/2351/926
f 1758/2355/930 1782/2371/946 1783/2364/939 1759/2356/931
f 1894/2372/947 1907/2373/948 1908/2374/949 1893/2375/950
f 1872/2376/951 1791/2377/952 1792/2378/953 1871/2379/954
f 1874/2380/955 1788/2381/956 1789/2382/957 1873/2383/958
f 1869/2361/936 1795/2360/935 1796/2384/959 1875/2385/960
f 1877/2386/961 1785/2387/962 1786/2388/963 1876/2389/964
f 1871/2379/954 1792/2378/953 1793/2390/965 1878/2391/966
f 1873/2383/958 1789/2382/957 1790/2392/967 1879/2393/968
f 1875/2385/960 1796/2384/959 1785/2387/962 1877/2386/961
f 1876/2389/964 1786/2388/963 1787/2394/969 1880/2395/970
f 1878/2391/966 1793/2390/965 1794/2359/934 1870/2358/933
f 1879/2393/968 1790/2392/967 1791/2377/952 1872/2376/951
f 1880/2395/970 1787/2394/969 1788/2381/956 1874/2380/955
f 1797/2396/755 1808/2397/755 1807/2398/755 1806/2399/755 1805/2400/755 1804/2401/755 1803/2402/755 1802/2403/755 1801/2404/755 1800/2405/755 1799/2406/755 1798/2407/755
f 1896/2408/971 1914/2409/972 1915/2410/973 1895/2411/974
f 1898/2412/975 1911/2413/976 1912/2414/977 1897/2415/978
f 1893/2375/950 1908/2374/949 1909/2416/979 1899/2417/980
f 1895/2411/974 1915/2410/973 1916/2418/981 1900/2419/982
f 1902/2420/983 1905/2421/984 1906/2422/985 1901/2423/986
f 1897/2415/978 1912/2414/977 1913/2424/987 1903/2425/988
f 1899/2417/980 1909/2416/979 1910/2426/989 1904/2427/990
f 1900/2419/982 1916/2418/981 1905/2421/984 1902/2420/983
f 1901/2423/986 1906/2422/985 1907/2373/948 1894/2372/947
f 1903/2425/988 1913/2424/987 1914/2409/972 1896/2408/971
f 1904/2427/990 1910/2426/989 1911/2413/976 1898/2412/975
f 1775/2370/945 1880/2395/970 1874/2380/955 1776/2362/937
f 1778/2369/944 1879/2393/968 1872/2376/951 1779/2335/910
f 1781/2368/943 1878/2391/966 1870/2358/933 1782/2371/946
f 1774/2367/942 1876/2389/964 1880/2395/970 1775/2370/945
f 1784/2365/940 1875/2385/960 1877/2386/961 1773/2366/941
f 1777/2363/938 1873/2383/958 1879/2393/968 1778/2369/944
f 1780/2336/911 1871/2379/954 1878/2391/966 1781/2368/943
f 1773/2366/941 1877/2386/961 1876/2389/964 1774/2367/942
f 1783/2364/939 1869/2361/936 1875/2385/960 1784/2365/940
f 1776/2362/937 1874/2380/955 1873/2383/958 1777/2363/938
f 1779/2335/910 1872/2376/951 1871/2379/954 1780/2336/911
f 1782/2371/946 1870/2358/933 1869/2361/936 1783/2364/939
f 1790/2392/967 1904/2427/990 1898/2412/975 1791/2377/952
f 1793/2390/965 1903/2425/988 1896/2408/971 1794/2359/934
f 1786/2388/963 1901/2423/986 1894/2372/947 1787/2394/969
f 1796/2384/959 1900/2419/982 1902/2420/983 1785/2387/962
f 1789/2382/957 1899/2417/980 1904/2427/990 1790/2392/967
f 1792/2378/953 1897/2415/978 1903/2425/988 1793/2390/965
f 1785/2387/962 1902/2420/983 1901/2423/986 1786/2388/963
f 1795/2360/935 1895/2411/974 1900/2419/982 1796/2384/959
f 1788/2381/956 1893/2375/950 1899/2417/980 1789/2382/957
f 1791/2377/952 1898/2412/975 1897/2415/978 1792/2378/953
f 1794/2359/934 1896/2408/971 1895/2411/974 1795/2360/935
f 1787/2394/969 1894/2372/947 1893/2375/950 1788/2381/956
f 1798/2407/755 1906/2422/985 1905/2421/984 1797/2396/755
f 1799/2406/755 1907/2373/948 1906/2422/985 1798/2407/755
f 1800/2405/755 1908/2374/949 1907/2373/948 1799/2406/755
f 1801/2404/755 1909/2416/979 1908/2374/949 1800/2405/755
f 1802/2403/755 1910/2426/989 1909/2416/979 1801/2404/755
f 1803/2402/755 1911/2413/976 1910/2426/989 1802/2403/755
f 1804/2401/755 1912/2414/977 1911/2413/976 1803/2402/755
f 1805/2400/755 1913/2424/987 1912/2414/977 1804/2401/755
f 1806/2399/755 1914/2409/972 1913/2424/987 1805/2400/755
f 1807/2398/755 1915/2410/973 1914/2409/972 1806/2399/755
f 1808/2397/755 1916/2418/981 1915/2410/973 1807/2398/755
f 1797/2396/755 1905/2421/984 1916/2418/981 1808/2397/755
f 2031/2428/991 2032/2429/992 2056/2430/993 2055/2431/994
f 1949/2281/883 1951/2283/884 2048/2432/995 2047/2433/996
f 1929/2264/876 1931/2263/875 2038/2434/997 2037/2435/998
f 1943/2275/880 1945/2277/881 2045/2436/999 2044/2437/1000
f 1937/2153/840 1939/2271/878 2042/2438/1001 2041/2154/841
f 1951/2283/884 1929/2264/876 2037/2435/998 2048/2432/995
f 1931/2263/875 1933/2267/877 2039/2439/1002 2038/2434/997
f 1945/2277/881 1947/2279/882 2046/2440/1003 2045/2436/999
f 1939/2271/878 1941/2273/879 2043/2441/1004 2042/2438/1001
f 1933/2267/877 1935/2152/839 2040/2155/842 2039/2439/1002
f 1947/2279/882 1949/2281/883 2047/2433/996 2046/2440/1003
f 1941/2273/879 1943/2275/880 2044/2437/1000 2043/2441/1004
f 2026/2442/1005 2025/2443/1006 2037/2435/998 2038/2434/997
f 2027/2444/1007 2026/2442/1005 2038/2434/997 2039/2439/1002
f 2028/2445/1008 2027/2444/1007 2039/2439/1002 2040/2155/842
f 2029/2446/1009 2028/2445/1008 2040/2155/842 2041/2154/841
f 2030/2447/1010 2029/2446/1009 2041/2154/841 2042/2438/1001
f 2031/2428/991 2030/2447/1010 2042/2438/1001 2043/2441/1004
f 2032/2429/992 2031/2428/991 2043/2441/1004 2044/2437/1000
f 2033/2448/1011 2032/2429/992 2044/2437/1000 2045/2436/999
f 2034/2449/1012 2033/2448/1011 2045/2436/999 2046/2440/1003
f 2035/2450/1013 2034/2449/1012 2046/2440/1003 2047/2433/996
f 2036/2451/1014 2035/2450/1013 2047/2433/996 2048/2432/995
f 2025/2443/1006 2036/2451/1014 2048/2432/995 2037/2435/998
f 2146/2452/1015 2145/2453/1016 2071/2454/1017 2070/2455/1018
f 2028/2445/1008 2029/2446/1009 2053/2456/1019 2052/2457/1020
f 2035/2450/1013 2036/2451/1014 2060/2458/1021 2059/2459/1022
f 2025/2443/1006 2026/2442/1005 2050/2460/1023 2049/2461/1024
f 2032/2429/992 2033/2448/1011 2057/2462/1025 2056/2430/993
f 2029/2446/1009 2030/2447/1010 2054/2463/1026 2053/2456/1019
f 2036/2451/1014 2025/2443/1006 2049/2461/1024 2060/2458/1021
f 2026/2442/1005 2027/2444/1007 2051/2464/1027 2050/2460/1023
f 2033/2448/1011 2034/2449/1012 2058/2465/1028 2057/2462/1025
f 2030/2447/1010 2031/2428/991 2055/2431/994 2054/2463/1026
f 2027/2444/1007 2028/2445/1008 2052/2457/1020 2051/2464/1027
f 2034/2449/1012 2035/2450/1013 2059/2459/1022 2058/2465/1028
f 2170/2466/1029 2169/2467/1030 2184/2468/1031 2183/2469/1032
f 2148/2470/1033 2147/2471/1034 2068/2472/1035 2067/2473/1036
f 2150/2474/1037 2149/2475/1038 2065/2476/1039 2064/2477/1040
f 2145/2453/1016 2151/2478/1041 2072/2479/1042 2071/2454/1017
f 2153/2480/1043 2152/2481/1044 2062/2482/1045 2061/2483/1046
f 2147/2471/1034 2154/2484/1047 2069/2485/1048 2068/2472/1035
f 2149/2475/1038 2155/2486/1049 2066/2487/1050 2065/2476/1039
f 2151/2478/1041 2153/2480/1043 2061/2483/1046 2072/2479/1042
f 2152/2481/1044 2156/2488/1051 2063/2489/1052 2062/2482/1045
f 2154/2484/1047 2146/2452/1015 2070/2455/1018 2069/2485/1048
f 2155/2486/1049 2148/2470/1033 2067/2473/1036 2066/2487/1050
f 2156/2488/1051 2150/2474/1037 2064/2477/1040 2063/2489/1052
f 2073/2490/755 2074/2491/755 2075/2492/755 2076/2493/755 2077/2494/755 2078/2495/755 2079/2496/755 2080/2497/755 2081/2498/755 2082/2499/755 2083/2500/755 2084/2501/755
f 2172/2502/1053 2171/2503/1054 2191/2504/1055 2190/2505/1056
f 2174/2506/1057 2173/2507/1058 2188/2508/1059 2187/2509/1060
f 2169/2467/1030 2175/2510/1061 2185/2511/1062 2184/2468/1031
f 2171/2503/1054 2176/2512/1063 2192/2513/1064 2191/2504/1055
f 2178/2514/1065 2177/2515/1066 2182/2516/1067 2181/2517/1068
f 2173/2507/1058 2179/2518/1069 2189/2519/1070 2188/2508/1059
f 2175/2510/1061 2180/2520/1071 2186/2521/1072 2185/2511/1062
f 2176/2512/1063 2178/2514/1065 2181/2517/1068 2192/2513/1064
f 2177/2515/1066 2170/2466/1029 2183/2469/1032 2182/2516/1067
f 2179/2518/1069 2172/2502/1053 2190/2505/1056 2189/2519/1070
f 2180/2520/1071 2174/2506/1057 2187/2509/1060 2186/2521/1072
f 2051/2464/1027 2052/2457/1020 2150/2474/1037 2156/2488/1051
f 2054/2463/1026 2055/2431/994 2148/2470/1033 2155/2486/1049
f 2057/2462/1025 2058/2465/1028 2146/2452/1015 2154/2484/1047
f 2050/2460/1023 2051/2464/1027 2156/2488/1051 2152/2481/1044
f 2060/2458/1021 2049/2461/1024 2153/2480/1043 2151/2478/1041
f 2053/2456/1019 2054/2463/1026 2155/2486/1049 2149/2475/1038
f 2056/2430/993 2057/2462/1025 2154/2484/1047 2147/2471/1034
f 2049/2461/1024 2050/2460/1023 2152/2481/1044 2153/2480/1043
f 2059/2459/1022 2060/2458/1021 2151/2478/1041 2145/2453/1016
f 2052/2457/1020 2053/2456/1019 2149/2475/1038 2150/2474/1037
f 2055/2431/994 2056/2430/993 2147/2471/1034 2148/2470/1033
f 2058/2465/1028 2059/2459/1022 2145/2453/1016 2146/2452/1015
f 2066/2487/1050 2067/2473/1036 2174/2506/1057 2180/2520/1071
f 2069/2485/1048 2070/2455/1018 2172/2502/1053 2179/2518/1069
f 2062/2482/1045 2063/2489/1052 2170/2466/1029 2177/2515/1066
f 2072/2479/1042 2061/2483/1046 2178/2514/1065 2176/2512/1063
f 2065/2476/1039 2066/2487/1050 2180/2520/1071 2175/2510/1061
f 2068/2472/1035 2069/2485/1048 2179/2518/1069 2173/2507/1058
f 2061/2483/1046 2062/2482/1045 2177/2515/1066 2178/2514/1065
f 2071/2454/1017 2072/2479/1042 2176/2512/1063 2171/2503/1054
f 2064/2477/1040 2065/2476/1039 2175/2510/1061 2169/2467/1030
f 2067/2473/1036 2068/2472/1035 2173/2507/1058 2174/2506/1057
f 2070/2455/1018 2071/2454/1017 2171/2503/1054 2172/2502/1053
f 2063/2489/1052 2064/2477/1040 2169/2467/1030 2170/2466/1029
f 2074/2491/755 2073/2490/755 2181/2517/1068 2182/2516/1067
f 2075/2492/755 2074/2491/755 2182/2516/1067 2183/2469/1032
f 2076/2493/755 2075/2492/755 2183/2469/1032 2184/2468/1031
f 2077/2494/755 2076/2493/755 2184/2468/1031 2185/2511/1062
f 2078/2495/755 2077/2494/755 2185/2511/1062 2186/2521/1072
f 2079/2496/755 2078/2495/755 2186/2521/1072 2187/2509/1060
f 2080/2497/755 2079/2496/755 2187/2509/1060 2188/2508/1059
f 2081/2498/755 2080/2497/755 2188/2508/1059 2189/2519/1070
f 2082/2499/755 2081/2498/755 2189/2519/1070 2190/2505/1056
f 2083/2500/755 2082/2499/755 2190/2505/1056 2191/2504/1055
f 2084/2501/755 2083/2500/755 2191/2504/1055 2192/2513/1064
f 2073/2490/755 2084/2501/755 2192/2513/1064 2181/2517/1068
o Cylinder.002_Cylinder.004
v -0.059485 -0.380743 -1.964022
v 0.059485 -0.380743 -1.964022
v -0.059485 -0.623185 -1.754444
v 0.059485 -0.623185 -1.754444
v -0.059485 -0.718121 -1.181867
v 0.059485 -0.718121 -1.181867
v -0.059485 -0.640113 -0.399713
v 0.059485 -0.640113 -0.399713
v -0.059485 -0.684819 0.235704
v 0.059485 -0.684819 0.235704
v -0.059485 -0.789942 0.808280
v 0.059485 -0.789942 0.808280
v -0.059485 -0.380743 1.164596
v 0.059485 -0.380743 1.164596
v 0.059485 -1.101820 1.244835
v -0.059485 -1.101820 1.244835
v -0.059485 -0.849101 1.335673
v 0.059485 -0.849101 1.335673
vt 1.000000 0.500000
vt 1.000000 1.000000
vt 0.916667 1.000000
vt 0.916667 0.500000
vt 0.833333 1.000000
vt 0.833333 0.500000
vt 0.750000 1.000000
vt 0.750000 0.500000
vt 0.666667 1.000000
vt 0.666667 0.500000
vt 0.583333 1.000000
vt 0.583333 0.500000
vt 0.370000 0.042154
vt 0.250000 0.010000
vt 0.250000 0.010000
vt 0.370000 0.042154
vt 0.370000 0.457846
vt 0.250000 0.490000
vt 0.457846 0.130000
vt 0.490000 0.250000
vt 0.457846 0.370000
vt 0.750000 0.010000
vt 0.750000 0.490000
vt 0.870000 0.457846
vt 0.957846 0.370000
vt 0.990000 0.250000
vt 0.957846 0.130000
vt 0.870000 0.042154
vt 0.583333 0.500000
vt 0.583333 1.000000
vt 0.500000 1.000000
vt 0.500000 0.500000
vt 0.000000 0.000000
vt 0.000000 0.000000
vt 0.000000 0.000000
vt 0.000000 0.000000
vt 0.870000 0.042154
vt 0.750000 0.010000
vn -0.0000 -0.6540 -0.7565
vn -0.0000 -0.9865 -0.1636
vn 0.0000 -0.9951 0.0992
vn 0.0000 -0.9975 -0.0702
vn -0.0000 -0.9836 -0.1806
vn 1.0000 -0.0000 0.0000
vn -1.0000 0.0000 0.0000
vn 0.0000 -0.3383 0.9411
vn 0.0000 -0.8137 -0.5813
vn 0.0000 0.3431 0.9393
usemtl None
s off
f 2205/2522/1073 2206/2523/1073 2208/2524/1073 2207/2525/1073
f 2207/2525/1074 2208/2524/1074 2210/2526/1074 2209/2527/1074
f 2209/2527/1075 2210/2526/1075 2212/2528/1075 2211/2529/1075
f 2211/2529/1076 2212/2528/1076 2214/2530/1076 2213/2531/1076
f 2213/2531/1077 2214/2530/1077 2216/2532/1077 2215/2533/1077
f 2216/2534/1078 2218/2535/1078 2222/2536/1078 2219/2537/1078
f 2208/2538/1078 2206/2539/1078 2218/2535/1078 2216/2534/1078 2214/2540/1078 2212/2541/1078 2210/2542/1078
f 2217/2543/1079 2205/2544/1079 2207/2545/1079 2209/2546/1079 2211/2547/1079 2213/2548/1079 2215/2549/1079
f 2220/2550/1080 2219/2551/1080 2222/2552/1080 2221/2553/1080
f 2215/2533/1081 2216/2532/1081 2219/2551/1081 2220/2550/1081
f 2218/2554/1082 2217/2555/1082 2221/2556/1082 2222/2557/1082
f 2217/2543/1079 2215/2549/1079 2220/2558/1079 2221/2559/1079
o Cylinder.006_Cylinder.007
v -0.000000 -0.201453 -1.826440
v -0.000000 -0.282219 0.681426
v 0.089246 -0.225366 -1.826440
v 0.059969 -0.303009 0.696452
v 0.154579 -0.290699 -1.826440
v 0.103870 -0.359807 0.737505
v 0.178493 -0.379945 -1.826440
v 0.119938 -0.437395 0.793584
v 0.154579 -0.469192 -1.826440
v 0.103870 -0.514983 0.849663
v 0.089246 -0.534524 -1.826440
v 0.059969 -0.571782 0.890716
v 0.000000 -0.596032 -1.826440
v -0.089246 -0.534525 -1.826440
v -0.059969 -0.571782 0.890716
v -0.154579 -0.469192 -1.826440
v -0.103870 -0.514983 0.849663
v -0.178493 -0.379945 -1.826440
v -0.119938 -0.437395 0.793584
v -0.154579 -0.290699 -1.826440
v -0.103870 -0.359807 0.737505
v -0.089246 -0.225366 -1.826440
v -0.059969 -0.303009 0.696452
v -0.000000 -0.245929 -1.352974
v -0.000000 -0.245929 -0.879509
v -0.000000 -0.245929 -0.406043
v -0.000000 -0.245929 -0.120918
v 0.095733 -0.271581 -0.120918
v 0.095733 -0.271581 -0.406043
v 0.095733 -0.271581 -0.879509
v 0.095733 -0.271581 -1.352974
v 0.165814 -0.341662 -0.120918
v 0.165814 -0.341662 -0.406043
v 0.165814 -0.341662 -0.879509
v 0.165814 -0.341662 -1.352974
v 0.191466 -0.437395 -0.120918
v 0.191466 -0.437395 -0.406043
v 0.191466 -0.437395 -0.879509
v 0.191466 -0.437395 -1.352974
v 0.165814 -0.533128 -0.120918
v 0.165814 -0.533128 -0.406043
v 0.165814 -0.533128 -0.879509
v 0.165814 -0.533128 -1.352974
v 0.065283 -0.603209 -0.120918
v 0.095733 -0.603209 -0.406043
v 0.095733 -0.603209 -0.879509
v 0.095733 -0.603209 -1.352974
v 0.000000 -0.666455 -0.239880
v 0.000000 -0.666455 -0.406043
v 0.000000 -0.666455 -0.879509
v 0.000000 -0.666455 -1.352974
v -0.065283 -0.603210 -0.120918
v -0.095733 -0.603210 -0.406043
v -0.095733 -0.603209 -0.879509
v -0.095733 -0.603209 -1.352974
v -0.165814 -0.533128 -0.120918
v -0.165814 -0.533128 -0.406043
v -0.165814 -0.533128 -0.879509
v -0.165814 -0.533128 -1.352974
v -0.191466 -0.437395 -0.120918
v -0.191466 -0.437395 -0.406043
v -0.191466 -0.437395 -0.879509
v -0.191466 -0.437395 -1.352974
v -0.165814 -0.341662 -0.120918
v -0.165814 -0.341662 -0.406043
v -0.165814 -0.341662 -0.879509
v -0.165814 -0.341662 -1.352974
v -0.095733 -0.271581 -0.120918
v -0.095733 -0.271581 -0.406043
v -0.095733 -0.271581 -0.879509
v -0.095733 -0.271581 -1.352974
v 0.050097 -0.106530 0.953553
v -0.000000 -0.101976 0.932613
v 0.086770 -0.118971 1.010760
v 0.100194 -0.135967 1.088906
v 0.086770 -0.152962 1.167053
v 0.050097 -0.165404 1.224260
v 0.000000 -0.207552 1.245199
v -0.050097 -0.165404 1.224260
v -0.086770 -0.152962 1.167053
v -0.100194 -0.135967 1.088906
v -0.086771 -0.118971 1.010760
v -0.050097 -0.106529 0.953553
v 0.110066 -0.342890 0.990639
v 0.095320 -0.400177 1.057244
v -0.055033 -0.243665 0.875275
v -0.000000 -0.228315 0.857428
v 0.055033 -0.243665 0.875275
v 0.095320 -0.285602 0.924033
v -0.095320 -0.285603 0.924033
v -0.110066 -0.342890 0.990639
v -0.095320 -0.400177 1.057244
v -0.049476 -0.498510 1.106002
v 0.000000 -0.495058 1.123849
v 0.049476 -0.498510 1.106002
v 0.000000 -0.909601 0.905743
v 0.040524 -0.851218 0.890716
v -0.040524 -0.851218 0.890716
v 0.027635 -0.882645 0.067423
v 0.000000 -0.945891 0.067423
v -0.027635 -0.882646 0.067423
v -0.037189 -0.662999 1.106002
v 0.000000 -0.715943 1.123849
v 0.037189 -0.662999 1.106002
v -0.000002 0.115596 -3.391274
v 0.054465 0.094534 -3.402598
v 0.094338 0.036990 -3.433534
v 0.108932 -0.041617 -3.475793
v 0.094338 -0.120224 -3.518053
v 0.054465 -0.177768 -3.548989
v -0.000002 -0.234997 -3.570574
v -0.054469 -0.177768 -3.548989
v -0.094342 -0.120224 -3.518053
v -0.108937 -0.041617 -3.475793
v -0.094342 0.036990 -3.433534
v -0.054470 0.094534 -3.402598
v 0.062749 -0.622022 -0.108238
v 0.058660 -0.590594 0.890716
v 0.000000 -0.509929 1.123849
v -0.048396 -0.513381 1.106002
v 0.000000 -0.685267 -0.219192
v -0.062749 -0.622022 -0.108238
v 0.048396 -0.513381 1.106002
v -0.058660 -0.590594 0.890716
v 0.041051 -0.843652 0.890716
v -0.037672 -0.657018 1.106002
v -0.041051 -0.843652 0.890716
v 0.028654 -0.875079 0.062323
v 0.000000 -0.709962 1.123849
v 0.000000 -0.938325 0.059102
v -0.028654 -0.875079 0.062323
v 0.037672 -0.657018 1.106002
v 0.011684 -0.592901 -1.826440
v 0.012533 -0.663097 -1.352974
v 0.012533 -0.663097 -0.879509
v 0.012533 -0.663097 -0.406043
v 0.008547 -0.663097 -0.224306
v 0.006559 -0.206956 1.242458
v 0.007205 -0.493049 1.121512
v 0.005305 -0.906879 0.903776
v 0.003618 -0.942533 0.067423
v 0.004869 -0.713933 1.121512
v 0.007129 -0.232239 -3.569092
v 0.007048 -0.507919 1.121512
v 0.008215 -0.681909 -0.204666
v 0.004932 -0.707952 1.121512
v 0.003751 -0.934967 0.059524
v -0.011334 -0.592995 -1.826440
v -0.012158 -0.663197 -1.352974
v -0.012158 -0.663197 -0.879509
v -0.012158 -0.663197 -0.406043
v -0.008291 -0.663197 -0.224772
v -0.006362 -0.206974 1.242540
v -0.006989 -0.493109 1.121582
v -0.005146 -0.906961 0.903835
v -0.003510 -0.942633 0.067423
v -0.004723 -0.713993 1.121582
v -0.006919 -0.232322 -3.569136
v -0.006836 -0.507979 1.121582
v -0.007969 -0.682010 -0.205101
v -0.004784 -0.708012 1.121582
v -0.003639 -0.935067 0.059511
vt 1.000000 0.900000
vt 1.000000 1.000000
vt 0.916667 1.000000
vt 0.916667 0.900000
vt 0.833333 1.000000
vt 0.833333 0.900000
vt 0.750000 1.000000
vt 0.750000 0.900000
vt 0.666667 1.000000
vt 0.666667 0.900000
vt 0.583333 1.000000
vt 0.583333 0.900000
vt 0.489417 0.900000
vt 0.500000 0.900000
vt 0.500000 0.900000
vt 0.489417 0.900000
vt 0.510910 0.900000
vt 0.583333 0.900000
vt 0.583333 0.900000
vt 0.510910 0.900000
vt 0.416667 0.900000
vt 0.416667 1.000000
vt 0.333333 1.000000
vt 0.333333 0.900000
vt 0.250000 1.000000
vt 0.250000 0.900000
vt 0.166667 1.000000
vt 0.166667 0.900000
vt 0.666667 1.000000
vt 0.750000 1.000000
vt 0.750000 1.000000
vt 0.666667 1.000000
vt 0.083333 1.000000
vt 0.083333 0.900000
vt 0.000000 1.000000
vt 0.000000 0.900000
vt 0.916667 0.500000
vt 0.833333 0.500000
vt 0.833333 0.500000
vt 0.916667 0.500000
vt 0.083333 0.500000
vt 0.083333 0.600000
vt 0.000000 0.600000
vt 0.000000 0.500000
vt 0.083333 0.700000
vt 0.000000 0.700000
vt 0.083333 0.800000
vt 0.000000 0.800000
vt 0.166667 0.500000
vt 0.166667 0.600000
vt 0.166667 0.700000
vt 0.166667 0.800000
vt 0.250000 0.500000
vt 0.250000 0.600000
vt 0.250000 0.700000
vt 0.250000 0.800000
vt 0.333333 0.500000
vt 0.333333 0.600000
vt 0.333333 0.700000
vt 0.333333 0.800000
vt 0.416667 0.500000
vt 0.416667 0.600000
vt 0.416667 0.700000
vt 0.416667 0.800000
vt 0.489417 0.500000
vt 0.489417 0.600000
vt 0.489417 0.700000
vt 0.489417 0.800000
vt 0.489417 0.900000
vt 0.510910 0.500000
vt 0.510910 0.600000
vt 0.500000 0.600000
vt 0.500000 0.500000
vt 0.510910 0.700000
vt 0.500000 0.700000
vt 0.510910 0.800000
vt 0.500000 0.800000
vt 0.510910 0.900000
vt 0.500000 0.900000
vt 0.666667 0.500000
vt 0.666667 0.600000
vt 0.583333 0.600000
vt 0.583333 0.500000
vt 0.666667 0.700000
vt 0.583333 0.700000
vt 0.666667 0.800000
vt 0.583333 0.800000
vt 0.750000 0.500000
vt 0.750000 0.600000
vt 0.750000 0.700000
vt 0.750000 0.800000
vt 0.833333 0.600000
vt 0.833333 0.700000
vt 0.833333 0.800000
vt 0.916667 0.600000
vt 0.916667 0.700000
vt 0.916667 0.800000
vt 1.000000 0.500000
vt 1.000000 0.600000
vt 1.000000 0.700000
vt 1.000000 0.800000
vt 0.370000 0.457846
vt 0.250000 0.490000
vt 0.130000 0.457846
vt 0.042154 0.370000
vt 0.010000 0.250000
vt 0.042154 0.130000
vt 0.130000 0.042154
vt 0.234760 0.014083
vt 0.250000 0.010000
vt 0.265710 0.014210
vt 0.370000 0.042154
vt 0.457846 0.130000
vt 0.490000 0.250000
vt 0.457846 0.370000
vt 0.000000 1.000000
vt 0.083333 1.000000
vt 0.083333 1.000000
vt 0.000000 1.000000
vt 0.916667 1.000000
vt 1.000000 1.000000
vt 1.000000 1.000000
vt 0.916667 1.000000
vt 0.833333 1.000000
vt 0.833333 1.000000
vt 0.166667 1.000000
vt 0.166667 1.000000
vt 0.250000 1.000000
vt 0.250000 1.000000
vt 0.333333 1.000000
vt 0.333333 1.000000
vt 0.416667 1.000000
vt 0.416667 1.000000
vt 0.489417 1.000000
vt 0.500000 1.000000
vt 0.500000 1.000000
vt 0.489417 1.000000
vt 0.510910 1.000000
vt 0.583333 1.000000
vt 0.583333 1.000000
vt 0.510910 1.000000
vt 0.583333 1.000000
vt 0.583333 1.000000
vt 0.489417 1.000000
vt 0.416667 1.000000
vt 0.416667 1.000000
vt 0.489417 1.000000
vt 0.510910 1.000000
vt 0.500000 1.000000
vt 0.489417 1.000000
vt 0.416667 1.000000
vt 0.416667 0.900000
vt 0.583333 1.000000
vt 0.510910 1.000000
vt 0.500000 1.000000
vt 0.510910 1.000000
vt 0.500000 1.000000
vt 0.583333 1.000000
vt 0.416667 1.000000
vt 0.416667 0.900000
vt 0.750000 0.490000
vt 0.870000 0.457846
vt 0.957846 0.370000
vt 0.990000 0.250000
vt 0.957846 0.130000
vt 0.870000 0.042154
vt 0.765710 0.014210
vt 0.750000 0.010000
vt 0.734760 0.014083
vt 0.630000 0.042154
vt 0.542154 0.130000
vt 0.510000 0.250000
vt 0.542154 0.370000
vt 0.630000 0.457846
vt 0.166667 0.500000
vt 0.250000 0.500000
vt 0.333333 0.500000
vt 0.416667 0.500000
vt 0.489417 0.500000
vt 0.500000 0.500000
vt 0.510910 0.500000
vt 0.583333 0.500000
vt 0.666667 0.500000
vt 0.750000 0.500000
vt 0.000000 0.500000
vt 0.083333 0.500000
vt 1.000000 0.500000
vt 0.416667 0.900000
vt 0.416667 1.000000
vt 0.416667 1.000000
vt 0.583333 1.000000
vt 0.583333 1.000000
vt 0.500000 1.000000
vt 0.510910 1.000000
vt 0.489417 1.000000
vt 0.583333 0.900000
vt 0.510910 0.900000
vt 0.500000 0.900000
vt 0.489417 0.900000
vn 0.0000 0.9997 0.0239
vn 0.0000 0.9945 -0.1047
vn 0.5878 0.8049 -0.0807
vn 0.5144 0.8571 0.0282
vn 0.9140 0.4053 -0.0184
vn 0.8711 0.4899 0.0354
vn 0.9986 -0.0095 0.0515
vn 0.9992 0.0114 0.0375
vn 0.8954 -0.4314 0.1101
vn 0.8528 -0.5207 0.0384
vn 0.9498 -0.2974 0.0970
vn 0.8107 -0.5830 -0.0534
vn -0.8055 -0.4342 -0.4031
vn -0.0000 -0.7349 -0.6782
vn 0.0000 -0.9610 -0.2764
vn -0.7427 -0.6254 -0.2393
vn 0.8059 -0.4339 -0.4028
vn 0.9607 -0.2249 -0.1625
vn 0.9435 -0.3016 -0.1372
vn 0.7429 -0.6250 -0.2393
vn -0.8106 -0.5831 -0.0536
vn -0.9498 -0.2974 0.0970
vn -0.8954 -0.4314 0.1101
vn -0.8528 -0.5207 0.0384
vn -0.9986 -0.0095 0.0515
vn -0.9992 0.0114 0.0375
vn -0.9140 0.4053 -0.0184
vn -0.8711 0.4899 0.0354
vn 0.9381 -0.1963 0.2853
vn 0.9987 0.0085 0.0509
vn 0.7280 0.6564 0.1977
vn 0.7009 0.5631 0.4376
vn -0.5878 0.8049 -0.0807
vn -0.5144 0.8571 0.0282
vn 0.5352 0.8370 0.1142
vn 0.8845 0.4644 0.0435
vn 0.6387 0.5725 -0.5141
vn 0.4095 0.8224 -0.3948
vn -0.5352 0.8370 0.1142
vn -0.5040 0.8628 0.0387
vn 0.0000 0.9989 0.0472
vn 0.0000 0.9893 0.1454
vn -0.5000 0.8660 0.0000
vn 0.0000 1.0000 0.0000
vn -0.8845 0.4644 0.0435
vn -0.8702 0.4924 0.0157
vn -0.8660 0.5000 0.0000
vn -0.9994 0.0010 -0.0340
vn -0.9998 -0.0098 -0.0148
vn -1.0000 0.0000 0.0000
vn -0.8794 -0.4646 -0.1035
vn -0.8610 -0.5067 -0.0444
vn -0.8660 -0.5000 0.0000
vn -0.8536 -0.5208 0.0088
vn -0.6858 -0.7150 -0.1355
vn -0.6466 -0.7606 -0.0586
vn -0.6472 -0.7623 0.0000
vn -0.6396 -0.7684 0.0199
vn -0.4634 -0.8722 -0.1567
vn -0.4261 -0.9022 -0.0670
vn -0.4279 -0.9038 0.0000
vn -0.4518 -0.8920 0.0127
vn -0.7676 -0.6163 -0.1760
vn 0.4640 -0.8719 -0.1567
vn 0.4267 -0.9019 -0.0670
vn 0.0000 -0.9973 -0.0729
vn 0.0000 -0.9847 -0.1741
vn 0.4285 -0.9035 0.0000
vn 0.0000 -1.0000 0.0000
vn 0.4524 -0.8917 0.0128
vn 0.0000 -1.0000 0.0018
vn 0.7680 -0.6157 -0.1759
vn 0.0000 -0.9917 -0.1284
vn 0.8794 -0.4646 -0.1035
vn 0.8610 -0.5067 -0.0444
vn 0.6471 -0.7601 -0.0586
vn 0.6863 -0.7146 -0.1354
vn 0.8660 -0.5000 0.0000
vn 0.6478 -0.7618 0.0000
vn 0.8536 -0.5208 0.0088
vn 0.6401 -0.7680 0.0199
vn 0.9994 0.0010 -0.0340
vn 0.9998 -0.0098 -0.0148
vn 1.0000 0.0000 0.0000
vn 0.8702 0.4924 0.0157
vn 0.8660 0.5000 0.0000
vn 0.5040 0.8628 0.0387
vn 0.5000 0.8660 0.0000
vn 0.4700 0.8269 -0.3087
vn 0.0000 0.8776 -0.4794
vn -0.4700 0.8269 -0.3087
vn -0.6699 0.7414 -0.0403
vn -0.7280 0.6564 0.1977
vn -0.7009 0.5631 0.4376
vn -0.5300 0.5291 0.6626
vn -0.3735 0.2740 0.8862
vn 0.0000 0.3514 0.9362
vn 0.3739 0.2734 0.8862
vn 0.5302 0.5293 0.6624
vn 0.6699 0.7414 -0.0402
vn 0.0000 0.7947 -0.6070
vn -0.6848 0.5785 -0.4431
vn 0.6848 0.5785 -0.4431
vn 0.9472 0.2630 -0.1834
vn -0.9472 0.2630 -0.1834
vn -0.9987 0.0085 0.0509
vn -0.9381 -0.1963 0.2853
vn -0.7708 -0.2181 0.5985
vn -0.3880 -0.1965 0.9004
vn 0.0000 -0.1735 0.9848
vn 0.3882 -0.1966 0.9004
vn 0.7709 -0.2180 0.5985
vn 0.9954 -0.0885 0.0363
vn 0.9409 -0.3100 0.1365
vn -0.4175 -0.0108 0.9086
vn -0.8155 -0.0511 0.5765
vn -0.8259 -0.1366 0.5470
vn -0.6341 -0.3319 0.6984
vn 0.7222 -0.6451 0.2495
vn 0.0000 -0.9129 0.4081
vn -0.7219 -0.6454 0.2497
vn -0.9406 -0.3106 0.1367
vn -0.9432 -0.3023 -0.1375
vn 0.8260 -0.1363 0.5469
vn 0.6344 -0.3318 0.6981
vn 0.0000 -0.4407 0.8976
vn 0.4176 -0.0109 0.9086
vn 0.0000 -0.0023 1.0000
vn 0.8155 -0.0511 0.5765
vn -0.9954 -0.0885 0.0363
vn -0.9606 -0.2251 -0.1628
vn 0.0000 0.9480 -0.3183
vn 0.7276 0.2885 -0.6224
vn 0.6866 -0.0299 -0.7264
vn 0.5648 -0.1720 -0.8070
vn 0.4224 -0.3882 -0.8190
vn 0.0000 -0.5307 -0.8475
vn -0.4219 -0.3883 -0.8193
vn -0.5645 -0.1726 -0.8071
vn -0.6866 -0.0299 -0.7264
vn -0.7276 0.2885 -0.6224
vn -0.6387 0.5725 -0.5141
vn -0.4095 0.8224 -0.3948
vn -0.9633 -0.2200 -0.1538
vn -0.9955 -0.0857 0.0388
vn -0.8053 -0.0503 0.5907
vn 0.8054 -0.0503 0.5906
vn 0.9955 -0.0857 0.0388
vn 0.0000 -0.0019 1.0000
vn 0.3510 -0.0081 0.9363
vn -0.3509 -0.0081 0.9363
vn 0.9633 -0.2198 -0.1536
vn 0.8503 -0.3872 -0.3565
vn 0.0000 -0.7370 -0.6758
vn -0.8501 -0.3873 -0.3566
usemtl Porple
s 1
f 2249/2560/1083 2224/2561/1084 2226/2562/1085 2250/2563/1086
f 2250/2563/1086 2226/2562/1085 2228/2564/1087 2254/2565/1088
f 2254/2565/1088 2228/2564/1087 2230/2566/1089 2258/2567/1090
f 2258/2567/1090 2230/2566/1089 2232/2568/1091 2262/2569/1092
f 2262/2569/1092 2232/2568/1091 2234/2570/1093 2266/2571/1094
f 2384/2572/1095 2352/2573/1096 2322/2574/1097 2378/2575/1098
f 2369/2576/1099 2350/2577/1100 2321/2578/1101 2363/2579/1102
f 2274/2580/1103 2237/2581/1104 2239/2582/1105 2278/2583/1106
f 2278/2583/1106 2239/2582/1105 2241/2584/1107 2282/2585/1108
f 2282/2585/1108 2241/2584/1107 2243/2586/1109 2286/2587/1110
f 2307/2588/1111 2306/2589/1112 2297/2590/1113 2298/2591/1114
f 2286/2587/1110 2243/2586/1109 2245/2592/1115 2290/2593/1116
f 2290/2593/1116 2245/2592/1115 2224/2594/1084 2249/2595/1083
f 2225/2596/1117 2227/2597/1118 2329/2598/1119 2328/2599/1120
f 2244/2600/1121 2293/2601/1122 2246/2602/1123 2223/2603/1124
f 2293/2601/1122 2292/2604/1125 2247/2605/1126 2246/2602/1123
f 2292/2604/1125 2291/2606/1125 2248/2607/1126 2247/2605/1126
f 2291/2606/1125 2290/2593/1116 2249/2595/1083 2248/2607/1126
f 2242/2608/1127 2289/2609/1128 2293/2601/1122 2244/2600/1121
f 2289/2609/1128 2288/2610/1129 2292/2604/1125 2293/2601/1122
f 2288/2610/1129 2287/2611/1129 2291/2606/1125 2292/2604/1125
f 2287/2611/1129 2286/2587/1110 2290/2593/1116 2291/2606/1125
f 2240/2612/1130 2285/2613/1131 2289/2609/1128 2242/2608/1127
f 2285/2613/1131 2284/2614/1132 2288/2610/1129 2289/2609/1128
f 2284/2614/1132 2283/2615/1132 2287/2611/1129 2288/2610/1129
f 2283/2615/1132 2282/2585/1108 2286/2587/1110 2287/2611/1129
f 2238/2616/1133 2281/2617/1134 2285/2613/1131 2240/2612/1130
f 2281/2617/1134 2280/2618/1135 2284/2614/1132 2285/2613/1131
f 2280/2618/1135 2279/2619/1136 2283/2615/1132 2284/2614/1132
f 2279/2619/1136 2278/2583/1106 2282/2585/1108 2283/2615/1132
f 2236/2620/1137 2277/2621/1138 2281/2617/1134 2238/2616/1133
f 2277/2621/1138 2276/2622/1139 2280/2618/1135 2281/2617/1134
f 2276/2622/1139 2275/2623/1140 2279/2619/1136 2280/2618/1135
f 2275/2623/1140 2274/2580/1103 2278/2583/1106 2279/2619/1136
f 2370/2624/1141 2371/2625/1142 2277/2621/1138 2236/2620/1137
f 2371/2625/1142 2372/2626/1143 2276/2622/1139 2277/2621/1138
f 2372/2626/1143 2373/2627/1144 2275/2623/1140 2276/2622/1139
f 2373/2627/1144 2374/2628/1145 2274/2580/1103 2275/2623/1140
f 2355/2629/1146 2356/2630/1147 2273/2631/1148 2235/2632/1149
f 2356/2630/1147 2357/2633/1150 2272/2634/1151 2273/2631/1148
f 2357/2633/1150 2358/2635/1152 2271/2636/1153 2272/2634/1151
f 2358/2635/1152 2359/2637/1154 2270/2638/1155 2271/2636/1153
f 2231/2639/1156 2265/2640/1157 2269/2641/1158 2233/2642/1159
f 2265/2640/1157 2264/2643/1160 2268/2644/1161 2269/2641/1158
f 2264/2643/1160 2263/2645/1162 2267/2646/1163 2268/2644/1161
f 2263/2645/1162 2262/2569/1092 2266/2571/1094 2267/2646/1163
f 2229/2647/1164 2261/2648/1165 2265/2640/1157 2231/2639/1156
f 2261/2648/1165 2260/2649/1166 2264/2643/1160 2265/2640/1157
f 2260/2649/1166 2259/2650/1166 2263/2645/1162 2264/2643/1160
f 2259/2650/1166 2258/2567/1090 2262/2569/1092 2263/2645/1162
f 2227/2597/1118 2257/2651/1167 2261/2648/1165 2229/2647/1164
f 2257/2651/1167 2256/2652/1168 2260/2649/1166 2261/2648/1165
f 2256/2652/1168 2255/2653/1168 2259/2650/1166 2260/2649/1166
f 2255/2653/1168 2254/2565/1088 2258/2567/1090 2259/2650/1166
f 2225/2596/1117 2253/2654/1169 2257/2651/1167 2227/2597/1118
f 2253/2654/1169 2252/2655/1170 2256/2652/1168 2257/2651/1167
f 2252/2655/1170 2251/2656/1170 2255/2653/1168 2256/2652/1168
f 2251/2656/1170 2250/2563/1086 2254/2565/1088 2255/2653/1168
f 2223/2657/1124 2246/2658/1123 2253/2654/1169 2225/2596/1117
f 2246/2658/1123 2247/2659/1126 2252/2655/1170 2253/2654/1169
f 2247/2659/1126 2248/2660/1126 2251/2656/1170 2252/2655/1170
f 2248/2660/1126 2249/2560/1083 2250/2563/1086 2251/2656/1170
f 2294/2661/1171 2295/2662/1172 2305/2663/1173 2304/2664/1174 2303/2665/1175 2302/2666/1176 2301/2667/1177 2375/2668/1178 2300/2669/1179 2360/2670/1180 2299/2671/1181 2298/2672/1114 2297/2673/1113 2296/2674/1182
f 2309/2675/1183 2308/2676/1184 2305/2677/1173 2295/2678/1172
f 2310/2679/1185 2309/2680/1183 2295/2681/1172 2294/2682/1171
f 2306/2589/1112 2311/2683/1186 2296/2684/1182 2297/2590/1113
f 2308/2676/1184 2312/2685/1187 2304/2686/1174 2305/2677/1173
f 2311/2683/1186 2310/2679/1185 2294/2682/1171 2296/2684/1182
f 2312/2685/1187 2313/2687/1188 2303/2688/1175 2304/2686/1174
f 2313/2687/1188 2314/2689/1189 2302/2690/1176 2303/2688/1175
f 2314/2689/1189 2315/2691/1190 2301/2692/1177 2302/2690/1176
f 2376/2693/1191 2316/2694/1192 2300/2695/1179 2375/2696/1178
f 2361/2697/1193 2317/2698/1194 2299/2699/1181 2360/2700/1180
f 2317/2698/1194 2307/2588/1111 2298/2591/1114 2299/2699/1181
f 2234/2570/1093 2232/2568/1091 2307/2588/1111 2317/2698/1194
f 2350/2577/1100 2347/2701/1195 2319/2702/1196 2321/2578/1101
f 2383/2703/1197 2348/2704/1198 2324/2705/1199 2379/2706/1200
f 2239/2582/1105 2237/2581/1104 2315/2691/1190 2314/2689/1189
f 2241/2584/1107 2239/2582/1105 2314/2689/1189 2313/2687/1188
f 2243/2586/1109 2241/2584/1107 2313/2687/1188 2312/2685/1187
f 2228/2564/1087 2226/2562/1085 2310/2679/1185 2311/2683/1186
f 2245/2592/1115 2243/2586/1109 2312/2685/1187 2308/2676/1184
f 2230/2566/1089 2228/2564/1087 2311/2683/1186 2306/2589/1112
f 2226/2562/1085 2224/2561/1084 2309/2680/1183 2310/2679/1185
f 2224/2594/1084 2245/2592/1115 2308/2676/1184 2309/2675/1183
f 2232/2568/1091 2230/2566/1089 2306/2589/1112 2307/2588/1111
f 2363/2579/1102 2362/2707/1201 2318/2708/1202 2322/2574/1097
f 2378/2575/1098 2377/2709/1203 2320/2710/1204 2323/2711/1205
f 2362/2707/1201 2319/2702/1196 2326/2712/1206 2364/2713/1207
f 2377/2709/1203 2318/2708/1202 2325/2714/1208 2379/2706/1200
f 2368/2715/1209 2351/2716/1210 2325/2714/1208 2364/2713/1207
f 2347/2701/1195 2354/2717/1211 2326/2712/1206 2319/2702/1196
f 2348/2704/1198 2349/2718/1212 2320/2710/1204 2324/2705/1199
f 2349/2718/1212 2353/2719/1213 2323/2711/1205 2320/2710/1204
f 2327/2720/1214 2328/2721/1120 2329/2722/1119 2330/2723/1215 2331/2724/1216 2332/2725/1217 2365/2726/1218 2333/2727/1219 2380/2728/1220 2334/2729/1221 2335/2730/1222 2336/2731/1223 2337/2732/1224 2338/2733/1225
f 2240/2612/1130 2242/2608/1127 2337/2734/1224 2336/2735/1223
f 2238/2616/1133 2240/2612/1130 2336/2735/1223 2335/2736/1222
f 2236/2620/1137 2238/2616/1133 2335/2736/1222 2334/2737/1221
f 2370/2624/1141 2236/2620/1137 2334/2737/1221 2380/2738/1220
f 2355/2629/1146 2235/2632/1149 2333/2739/1219 2365/2740/1218
f 2231/2639/1156 2233/2642/1159 2332/2741/1217 2331/2742/1216
f 2229/2647/1164 2231/2639/1156 2331/2742/1216 2330/2743/1215
f 2244/2600/1121 2223/2603/1124 2327/2744/1214 2338/2745/1225
f 2223/2657/1124 2225/2596/1117 2328/2599/1120 2327/2746/1214
f 2227/2597/1118 2229/2647/1164 2330/2743/1215 2329/2598/1119
f 2242/2608/1127 2244/2600/1121 2338/2745/1225 2337/2734/1224
f 2237/2581/1104 2274/2580/1103 2344/2747/1226 2346/2748/1227
f 2315/2691/1190 2237/2581/1104 2346/2748/1227 2342/2749/1228
f 2234/2570/1093 2317/2698/1194 2345/2750/1229 2340/2751/1230
f 2361/2697/1193 2316/2694/1192 2341/2752/1231 2366/2753/1232
f 2376/2693/1191 2315/2691/1190 2342/2749/1228 2381/2754/1233
f 2266/2571/1094 2234/2570/1093 2340/2751/1230 2339/2755/1234
f 2359/2637/1154 2266/2571/1094 2339/2755/1234 2367/2756/1235
f 2374/2628/1145 2270/2638/1155 2343/2757/1236 2382/2758/1237
f 2346/2748/1227 2344/2747/1226 2353/2719/1213 2349/2718/1212
f 2342/2749/1228 2346/2748/1227 2349/2718/1212 2348/2704/1198
f 2340/2751/1230 2345/2750/1229 2354/2717/1211 2347/2701/1195
f 2366/2753/1232 2341/2752/1231 2351/2716/1210 2368/2715/1209
f 2381/2754/1233 2342/2749/1228 2348/2704/1198 2383/2703/1197
f 2339/2755/1234 2340/2751/1230 2347/2701/1195 2350/2577/1100
f 2367/2756/1235 2339/2755/1234 2350/2577/1100 2369/2576/1099
f 2382/2758/1237 2343/2757/1236 2352/2573/1096 2384/2572/1095
f 2343/2757/1236 2367/2756/1235 2369/2576/1099 2352/2573/1096
f 2345/2750/1229 2366/2753/1232 2368/2715/1209 2354/2717/1211
f 2270/2638/1155 2359/2637/1154 2367/2756/1235 2343/2757/1236
f 2317/2698/1194 2361/2697/1193 2366/2753/1232 2345/2750/1229
f 2233/2642/1159 2355/2629/1146 2365/2740/1218 2332/2741/1217
f 2354/2717/1211 2368/2715/1209 2364/2713/1207 2326/2712/1206
f 2318/2708/1202 2362/2707/1201 2364/2713/1207 2325/2714/1208
f 2321/2578/1101 2319/2702/1196 2362/2707/1201 2363/2579/1102
f 2316/2694/1192 2361/2697/1193 2360/2700/1180 2300/2695/1179
f 2267/2646/1163 2266/2571/1094 2359/2637/1154 2358/2635/1152
f 2268/2644/1161 2267/2646/1163 2358/2635/1152 2357/2633/1150
f 2269/2641/1158 2268/2644/1161 2357/2633/1150 2356/2630/1147
f 2233/2642/1159 2269/2641/1158 2356/2630/1147 2355/2629/1146
f 2352/2573/1096 2369/2576/1099 2363/2579/1102 2322/2574/1097
f 2344/2747/1226 2382/2758/1237 2384/2572/1095 2353/2719/1213
f 2341/2752/1231 2381/2754/1233 2383/2703/1197 2351/2716/1210
f 2274/2580/1103 2374/2628/1145 2382/2758/1237 2344/2747/1226
f 2316/2694/1192 2376/2693/1191 2381/2754/1233 2341/2752/1231
f 2235/2632/1149 2370/2624/1141 2380/2738/1220 2333/2739/1219
f 2320/2710/1204 2377/2709/1203 2379/2706/1200 2324/2705/1199
f 2322/2574/1097 2318/2708/1202 2377/2709/1203 2378/2575/1098
f 2351/2716/1210 2383/2703/1197 2379/2706/1200 2325/2714/1208
f 2315/2691/1190 2376/2693/1191 2375/2696/1178 2301/2692/1177
f 2271/2636/1153 2270/2638/1155 2374/2628/1145 2373/2627/1144
f 2272/2634/1151 2271/2636/1153 2373/2627/1144 2372/2626/1143
f 2273/2631/1148 2272/2634/1151 2372/2626/1143 2371/2625/1142
f 2235/2632/1149 2273/2631/1148 2371/2625/1142 2370/2624/1141
f 2353/2719/1213 2384/2572/1095 2378/2575/1098 2323/2711/1205
o Cylinder.007_Cylinder.009
v -0.000000 -0.148355 -0.799036
v -0.000000 -0.148355 -0.753387
v 0.106302 -0.183474 -0.799036
v 0.106302 -0.183474 -0.753387
v 0.184120 -0.279422 -0.799036
v 0.184120 -0.279422 -0.753387
v 0.197505 -0.410489 -0.799036
v 0.197505 -0.410489 -0.753387
v 0.171044 -0.541556 -0.799036
v 0.171044 -0.541556 -0.753387
v 0.106302 -0.607695 -0.799036
v 0.106302 -0.607695 -0.753387
v 0.000000 -0.679240 -0.799036
v 0.000000 -0.679240 -0.753387
v -0.106302 -0.607695 -0.799036
v -0.106302 -0.607695 -0.753387
v -0.171044 -0.541556 -0.799036
v -0.171044 -0.541556 -0.753387
v -0.197505 -0.410489 -0.799036
v -0.197505 -0.410489 -0.753387
v -0.184120 -0.279422 -0.799036
v -0.184120 -0.279422 -0.753387
v -0.106302 -0.183474 -0.799036
v -0.106302 -0.183474 -0.753387
v -0.000000 -0.148355 -0.793271
v 0.106302 -0.183474 -0.793271
v 0.184120 -0.279422 -0.793271
v 0.197505 -0.410489 -0.793271
v 0.171044 -0.541556 -0.793271
v 0.106302 -0.607695 -0.793271
v 0.000000 -0.679240 -0.793271
v -0.106302 -0.607695 -0.793271
v -0.171044 -0.541556 -0.793271
v -0.197505 -0.410489 -0.793271
v -0.184120 -0.279422 -0.793271
v -0.106302 -0.183474 -0.793271
v -0.000000 -0.148355 -0.761333
v 0.106302 -0.183474 -0.761333
v 0.184120 -0.279422 -0.761333
v 0.197505 -0.410489 -0.761333
v 0.171044 -0.541556 -0.761333
v 0.106302 -0.607695 -0.761333
v 0.000000 -0.679240 -0.761333
v -0.106302 -0.607695 -0.761333
v -0.171044 -0.541556 -0.761333
v -0.197505 -0.410489 -0.761333
v -0.184120 -0.279422 -0.761333
v -0.106302 -0.183474 -0.761333
vt 1.000000 0.912969
vt 1.000000 1.000000
vt 0.916667 1.000000
vt 0.916667 0.912969
vt 0.833333 1.000000
vt 0.833333 0.912969
vt 0.750000 1.000000
vt 0.750000 0.912969
vt 0.666667 1.000000
vt 0.666667 0.912969
vt 0.583333 1.000000
vt 0.583333 0.912969
vt 0.500000 1.000000
vt 0.500000 0.912969
vt 0.416667 1.000000
vt 0.416667 0.912969
vt 0.333333 1.000000
vt 0.333333 0.912969
vt 0.250000 1.000000
vt 0.250000 0.912969
vt 0.166667 1.000000
vt 0.166667 0.912969
vt 0.370000 0.457846
vt 0.250000 0.490000
vt 0.130000 0.457846
vt 0.042154 0.370000
vt 0.010000 0.250000
vt 0.042154 0.130000
vt 0.130000 0.042154
vt 0.250000 0.010000
vt 0.370000 0.042154
vt 0.457846 0.130000
vt 0.490000 0.250000
vt 0.457846 0.370000
vt 0.083333 1.000000
vt 0.083333 0.912969
vt 0.000000 1.000000
vt 0.000000 0.912969
vt 0.750000 0.490000
vt 0.870000 0.457846
vt 0.957846 0.370000
vt 0.990000 0.250000
vt 0.957846 0.130000
vt 0.870000 0.042154
vt 0.750000 0.010000
vt 0.630000 0.042154
vt 0.542154 0.130000
vt 0.510000 0.250000
vt 0.542154 0.370000
vt 0.630000 0.457846
vt 0.083333 0.500000
vt 0.083333 0.563144
vt 0.000000 0.563144
vt 0.000000 0.500000
vt 0.166667 0.500000
vt 0.166667 0.563144
vt 0.250000 0.500000
vt 0.250000 0.563144
vt 0.333333 0.500000
vt 0.333333 0.563144
vt 0.416667 0.500000
vt 0.416667 0.563144
vt 0.500000 0.500000
vt 0.500000 0.563144
vt 0.583333 0.500000
vt 0.583333 0.563144
vt 0.666667 0.500000
vt 0.666667 0.563144
vt 0.750000 0.500000
vt 0.750000 0.563144
vt 0.833333 0.500000
vt 0.833333 0.563144
vt 0.916667 0.500000
vt 0.916667 0.563144
vt 1.000000 0.500000
vt 1.000000 0.563144
vn 0.0000 1.0000 0.0000
vn 0.0000 0.7660 0.6428
vn 0.4322 0.6261 0.6489
vn 0.5681 0.8229 0.0000
vn 0.7039 0.2907 0.6481
vn 0.9243 0.3817 0.0000
vn 0.7371 -0.0359 0.6749
vn 0.9988 -0.0487 0.0000
vn 0.6727 -0.3562 0.6484
vn 0.8837 -0.4679 0.0000
vn 0.4661 -0.5600 0.6849
vn 0.6398 -0.7685 0.0000
vn 0.0000 -0.7997 0.6004
vn 0.0000 -1.0000 0.0000
vn -0.4661 -0.5600 0.6849
vn -0.6398 -0.7685 0.0000
vn -0.6727 -0.3562 0.6485
vn -0.8837 -0.4679 0.0000
vn -0.7371 -0.0359 0.6749
vn -0.9988 -0.0487 0.0000
vn -0.7039 0.2907 0.6481
vn -0.9243 0.3817 0.0000
vn -0.4322 0.6261 0.6489
vn -0.5681 0.8229 0.0000
vn 0.0000 0.7660 -0.6428
vn 0.4322 0.6261 -0.6489
vn 0.7039 0.2907 -0.6481
vn 0.7371 -0.0359 -0.6749
vn 0.6727 -0.3562 -0.6484
vn 0.4661 -0.5600 -0.6849
vn 0.0000 -0.7997 -0.6004
vn -0.4661 -0.5600 -0.6849
vn -0.6727 -0.3562 -0.6484
vn -0.7371 -0.0359 -0.6749
vn -0.7039 0.2907 -0.6481
vn -0.4322 0.6261 -0.6489
usemtl DarkPorple
s 1
f 2421/2759/1238 2386/2760/1239 2388/2761/1240 2422/2762/1241
f 2422/2762/1241 2388/2761/1240 2390/2763/1242 2423/2764/1243
f 2423/2764/1243 2390/2763/1242 2392/2765/1244 2424/2766/1245
f 2424/2766/1245 2392/2765/1244 2394/2767/1246 2425/2768/1247
f 2425/2768/1247 2394/2767/1246 2396/2769/1248 2426/2770/1249
f 2426/2770/1249 2396/2769/1248 2398/2771/1250 2427/2772/1251
f 2427/2772/1251 2398/2771/1250 2400/2773/1252 2428/2774/1253
f 2428/2774/1253 2400/2773/1252 2402/2775/1254 2429/2776/1255
f 2429/2776/1255 2402/2775/1254 2404/2777/1256 2430/2778/1257
f 2430/2778/1257 2404/2777/1256 2406/2779/1258 2431/2780/1259
f 2388/2781/1240 2386/2782/1239 2408/2783/1260 2406/2784/1258 2404/2785/1256 2402/2786/1254 2400/2787/1252 2398/2788/1250 2396/2789/1248 2394/2790/1246 2392/2791/1244 2390/2792/1242
f 2431/2780/1259 2406/2779/1258 2408/2793/1260 2432/2794/1261
f 2432/2794/1261 2408/2793/1260 2386/2795/1239 2421/2796/1238
f 2385/2797/1262 2387/2798/1263 2389/2799/1264 2391/2800/1265 2393/2801/1266 2395/2802/1267 2397/2803/1268 2399/2804/1269 2401/2805/1270 2403/2806/1271 2405/2807/1272 2407/2808/1273
f 2407/2809/1273 2420/2810/1261 2409/2811/1238 2385/2812/1262
f 2405/2813/1272 2419/2814/1259 2420/2810/1261 2407/2809/1273
f 2403/2815/1271 2418/2816/1257 2419/2814/1259 2405/2813/1272
f 2401/2817/1270 2417/2818/1255 2418/2816/1257 2403/2815/1271
f 2399/2819/1269 2416/2820/1253 2417/2818/1255 2401/2817/1270
f 2397/2821/1268 2415/2822/1251 2416/2820/1253 2399/2819/1269
f 2395/2823/1267 2414/2824/1249 2415/2822/1251 2397/2821/1268
f 2393/2825/1266 2413/2826/1247 2414/2824/1249 2395/2823/1267
f 2391/2827/1265 2412/2828/1245 2413/2826/1247 2393/2825/1266
f 2389/2829/1264 2411/2830/1243 2412/2828/1245 2391/2827/1265
f 2387/2831/1263 2410/2832/1241 2411/2830/1243 2389/2829/1264
f 2385/2833/1262 2409/2834/1238 2410/2832/1241 2387/2831/1263
f 2420/2810/1261 2432/2794/1261 2421/2796/1238 2409/2811/1238
f 2419/2814/1259 2431/2780/1259 2432/2794/1261 2420/2810/1261
f 2418/2816/1257 2430/2778/1257 2431/2780/1259 2419/2814/1259
f 2417/2818/1255 2429/2776/1255 2430/2778/1257 2418/2816/1257
f 2416/2820/1253 2428/2774/1253 2429/2776/1255 2417/2818/1255
f 2415/2822/1251 2427/2772/1251 2428/2774/1253 2416/2820/1253
f 2414/2824/1249 2426/2770/1249 2427/2772/1251 2415/2822/1251
f 2413/2826/1247 2425/2768/1247 2426/2770/1249 2414/2824/1249
f 2412/2828/1245 2424/2766/1245 2425/2768/1247 2413/2826/1247
f 2411/2830/1243 2423/2764/1243 2424/2766/1245 2412/2828/1245
f 2410/2832/1241 2422/2762/1241 2423/2764/1243 2411/2830/1243
f 2409/2834/1238 2421/2759/1238 2422/2762/1241 2410/2832/1241
o Cylinder.008_Cylinder.010
v -0.000000 -0.148355 -1.314711
v -0.000000 -0.148355 -1.269061
v 0.106302 -0.183474 -1.314711
v 0.106302 -0.183474 -1.269061
v 0.184120 -0.279422 -1.314711
v 0.184120 -0.279422 -1.269061
v 0.197505 -0.410489 -1.314711
v 0.197505 -0.410489 -1.269061
v 0.171044 -0.541556 -1.314711
v 0.171044 -0.541556 -1.269061
v 0.106302 -0.607695 -1.314711
v 0.106302 -0.607695 -1.269061
v 0.000000 -0.679240 -1.314711
v 0.000000 -0.679240 -1.269061
v -0.106302 -0.607695 -1.314711
v -0.106302 -0.607695 -1.269061
v -0.171044 -0.541556 -1.314711
v -0.171044 -0.541556 -1.269061
v -0.197505 -0.410489 -1.314711
v -0.197505 -0.410489 -1.269061
v -0.184120 -0.279422 -1.314711
v -0.184120 -0.279422 -1.269061
v -0.106302 -0.183474 -1.314711
v -0.106302 -0.183474 -1.269061
v -0.000000 -0.148355 -1.308946
v 0.106302 -0.183474 -1.308946
v 0.184120 -0.279422 -1.308946
v 0.197505 -0.410489 -1.308946
v 0.171044 -0.541556 -1.308946
v 0.106302 -0.607695 -1.308946
v 0.000000 -0.679240 -1.308946
v -0.106302 -0.607695 -1.308946
v -0.171044 -0.541556 -1.308946
v -0.197505 -0.410489 -1.308946
v -0.184120 -0.279422 -1.308946
v -0.106302 -0.183474 -1.308946
v -0.000000 -0.148355 -1.277007
v 0.106302 -0.183474 -1.277007
v 0.184120 -0.279422 -1.277007
v 0.197505 -0.410489 -1.277007
v 0.171044 -0.541556 -1.277007
v 0.106302 -0.607695 -1.277007
v 0.000000 -0.679240 -1.277007
v -0.106302 -0.607695 -1.277007
v -0.171044 -0.541556 -1.277007
v -0.197505 -0.410489 -1.277007
v -0.184120 -0.279422 -1.277007
v -0.106302 -0.183474 -1.277007
vt 1.000000 0.912969
vt 1.000000 1.000000
vt 0.916667 1.000000
vt 0.916667 0.912969
vt 0.833333 1.000000
vt 0.833333 0.912969
vt 0.750000 1.000000
vt 0.750000 0.912969
vt 0.666667 1.000000
vt 0.666667 0.912969
vt 0.583333 1.000000
vt 0.583333 0.912969
vt 0.500000 1.000000
vt 0.500000 0.912969
vt 0.416667 1.000000
vt 0.416667 0.912969
vt 0.333333 1.000000
vt 0.333333 0.912969
vt 0.250000 1.000000
vt 0.250000 0.912969
vt 0.166667 1.000000
vt 0.166667 0.912969
vt 0.370000 0.457846
vt 0.250000 0.490000
vt 0.130000 0.457846
vt 0.042154 0.370000
vt 0.010000 0.250000
vt 0.042154 0.130000
vt 0.130000 0.042154
vt 0.250000 0.010000
vt 0.370000 0.042154
vt 0.457846 0.130000
vt 0.490000 0.250000
vt 0.457846 0.370000
vt 0.083333 1.000000
vt 0.083333 0.912969
vt 0.000000 1.000000
vt 0.000000 0.912969
vt 0.750000 0.490000
vt 0.870000 0.457846
vt 0.957846 0.370000
vt 0.990000 0.250000
vt 0.957846 0.130000
vt 0.870000 0.042154
vt 0.750000 0.010000
vt 0.630000 0.042154
vt 0.542154 0.130000
vt 0.510000 0.250000
vt 0.542154 0.370000
vt 0.630000 0.457846
vt 0.083333 0.500000
vt 0.083333 0.563144
vt 0.000000 0.563144
vt 0.000000 0.500000
vt 0.166667 0.500000
vt 0.166667 0.563144
vt 0.250000 0.500000
vt 0.250000 0.563144
vt 0.333333 0.500000
vt 0.333333 0.563144
vt 0.416667 0.500000
vt 0.416667 0.563144
vt 0.500000 0.500000
vt 0.500000 0.563144
vt 0.583333 0.500000
vt 0.583333 0.563144
vt 0.666667 0.500000
vt 0.666667 0.563144
vt 0.750000 0.500000
vt 0.750000 0.563144
vt 0.833333 0.500000
vt 0.833333 0.563144
vt 0.916667 0.500000
vt 0.916667 0.563144
vt 1.000000 0.500000
vt 1.000000 0.563144
vn 0.0000 1.0000 0.0000
vn 0.0000 0.7660 0.6428
vn 0.4322 0.6261 0.6489
vn 0.5681 0.8229 0.0000
vn 0.7039 0.2907 0.6481
vn 0.9243 0.3817 0.0000
vn 0.7371 -0.0359 0.6749
vn 0.9988 -0.0487 0.0000
vn 0.6727 -0.3562 0.6484
vn 0.8837 -0.4679 0.0000
vn 0.4661 -0.5600 0.6849
vn 0.6398 -0.7685 0.0000
vn 0.0000 -0.7997 0.6004
vn 0.0000 -1.0000 0.0000
vn -0.4661 -0.5600 0.6849
vn -0.6398 -0.7685 0.0000
vn -0.6727 -0.3562 0.6484
vn -0.8837 -0.4679 0.0000
vn -0.7371 -0.0359 0.6749
vn -0.9988 -0.0487 0.0000
vn -0.7039 0.2907 0.6481
vn -0.9243 0.3817 0.0000
vn -0.4322 0.6261 0.6489
vn -0.5681 0.8229 0.0000
vn 0.0000 0.7660 -0.6428
vn 0.4322 0.6261 -0.6489
vn 0.7039 0.2907 -0.6481
vn 0.7371 -0.0359 -0.6749
vn 0.6727 -0.3562 -0.6485
vn 0.4661 -0.5600 -0.6849
vn 0.0000 -0.7997 -0.6004
vn -0.4661 -0.5600 -0.6849
vn -0.6727 -0.3562 -0.6484
vn -0.7371 -0.0359 -0.6749
vn -0.7039 0.2907 -0.6481
vn -0.4322 0.6261 -0.6489
usemtl DarkPorple
s 1
f 2469/2835/1274 2434/2836/1275 2436/2837/1276 2470/2838/1277
f 2470/2838/1277 2436/2837/1276 2438/2839/1278 2471/2840/1279
f 2471/2840/1279 2438/2839/1278 2440/2841/1280 2472/2842/1281
f 2472/2842/1281 2440/2841/1280 2442/2843/1282 2473/2844/1283
f 2473/2844/1283 2442/2843/1282 2444/2845/1284 2474/2846/1285
f 2474/2846/1285 2444/2845/1284 2446/2847/1286 2475/2848/1287
f 2475/2848/1287 2446/2847/1286 2448/2849/1288 2476/2850/1289
f 2476/2850/1289 2448/2849/1288 2450/2851/1290 2477/2852/1291
f 2477/2852/1291 2450/2851/1290 2452/2853/1292 2478/2854/1293
f 2478/2854/1293 2452/2853/1292 2454/2855/1294 2479/2856/1295
f 2436/2857/1276 2434/2858/1275 2456/2859/1296 2454/2860/1294 2452/2861/1292 2450/2862/1290 2448/2863/1288 2446/2864/1286 2444/2865/1284 2442/2866/1282 2440/2867/1280 2438/2868/1278
f 2479/2856/1295 2454/2855/1294 2456/2869/1296 2480/2870/1297
f 2480/2870/1297 2456/2869/1296 2434/2871/1275 2469/2872/1274
f 2433/2873/1298 2435/2874/1299 2437/2875/1300 2439/2876/1301 2441/2877/1302 2443/2878/1303 2445/2879/1304 2447/2880/1305 2449/2881/1306 2451/2882/1307 2453/2883/1308 2455/2884/1309
f 2455/2885/1309 2468/2886/1297 2457/2887/1274 2433/2888/1298
f 2453/2889/1308 2467/2890/1295 2468/2886/1297 2455/2885/1309
f 2451/2891/1307 2466/2892/1293 2467/2890/1295 2453/2889/1308
f 2449/2893/1306 2465/2894/1291 2466/2892/1293 2451/2891/1307
f 2447/2895/1305 2464/2896/1289 2465/2894/1291 2449/2893/1306
f 2445/2897/1304 2463/2898/1287 2464/2896/1289 2447/2895/1305
f 2443/2899/1303 2462/2900/1285 2463/2898/1287 2445/2897/1304
f 2441/2901/1302 2461/2902/1283 2462/2900/1285 2443/2899/1303
f 2439/2903/1301 2460/2904/1281 2461/2902/1283 2441/2901/1302
f 2437/2905/1300 2459/2906/1279 2460/2904/1281 2439/2903/1301
f 2435/2907/1299 2458/2908/1277 2459/2906/1279 2437/2905/1300
f 2433/2909/1298 2457/2910/1274 2458/2908/1277 2435/2907/1299
f 2468/2886/1297 2480/2870/1297 2469/2872/1274 2457/2887/1274
f 2467/2890/1295 2479/2856/1295 2480/2870/1297 2468/2886/1297
f 2466/2892/1293 2478/2854/1293 2479/2856/1295 2467/2890/1295
f 2465/2894/1291 2477/2852/1291 2478/2854/1293 2466/2892/1293
f 2464/2896/1289 2476/2850/1289 2477/2852/1291 2465/2894/1291
f 2463/2898/1287 2475/2848/1287 2476/2850/1289 2464/2896/1289
f 2462/2900/1285 2474/2846/1285 2475/2848/1287 2463/2898/1287
f 2461/2902/1283 2473/2844/1283 2474/2846/1285 2462/2900/1285
f 2460/2904/1281 2472/2842/1281 2473/2844/1283 2461/2902/1283
f 2459/2906/1279 2471/2840/1279 2472/2842/1281 2460/2904/1281
f 2458/2908/1277 2470/2838/1277 2471/2840/1279 2459/2906/1279
f 2457/2910/1274 2469/2835/1274 2470/2838/1277 2458/2908/1277
o Cylinder.009_Cylinder.012
v -0.000000 -0.148355 -0.296186
v -0.000000 -0.148355 -0.250537
v 0.106302 -0.183474 -0.296186
v 0.106302 -0.183474 -0.250537
v 0.184120 -0.279422 -0.296186
v 0.184120 -0.279422 -0.250537
v 0.197505 -0.410489 -0.296186
v 0.197505 -0.410489 -0.250537
v 0.171044 -0.541556 -0.296186
v 0.171044 -0.541556 -0.250537
v 0.106302 -0.607695 -0.296186
v 0.106302 -0.607695 -0.250537
v 0.000000 -0.679240 -0.296186
v 0.000000 -0.679240 -0.250537
v -0.106302 -0.607695 -0.296186
v -0.106302 -0.607695 -0.250537
v -0.171044 -0.541556 -0.296186
v -0.171044 -0.541556 -0.250537
v -0.197505 -0.410489 -0.296186
v -0.197505 -0.410489 -0.250537
v -0.184120 -0.279422 -0.296186
v -0.184120 -0.279422 -0.250537
v -0.106302 -0.183474 -0.296186
v -0.106302 -0.183474 -0.250537
v -0.000000 -0.148355 -0.290421
v 0.106302 -0.183474 -0.290421
v 0.184120 -0.279422 -0.290421
v 0.197505 -0.410489 -0.290421
v 0.171044 -0.541556 -0.290421
v 0.106302 -0.607695 -0.290421
v 0.000000 -0.679240 -0.290421
v -0.106302 -0.607695 -0.290421
v -0.171044 -0.541556 -0.290421
v -0.197505 -0.410489 -0.290421
v -0.184120 -0.279422 -0.290421
v -0.106302 -0.183474 -0.290421
v -0.000000 -0.148355 -0.258483
v 0.106302 -0.183474 -0.258483
v 0.184120 -0.279422 -0.258483
v 0.197505 -0.410489 -0.258483
v 0.171044 -0.541556 -0.258483
v 0.106302 -0.607695 -0.258483
v 0.000000 -0.679240 -0.258483
v -0.106302 -0.607695 -0.258483
v -0.171044 -0.541556 -0.258483
v -0.197505 -0.410489 -0.258483
v -0.184120 -0.279422 -0.258483
v -0.106302 -0.183474 -0.258483
vt 1.000000 0.912969
vt 1.000000 1.000000
vt 0.916667 1.000000
vt 0.916667 0.912969
vt 0.833333 1.000000
vt 0.833333 0.912969
vt 0.750000 1.000000
vt 0.750000 0.912969
vt 0.666667 1.000000
vt 0.666667 0.912969
vt 0.583333 1.000000
vt 0.583333 0.912969
vt 0.500000 1.000000
vt 0.500000 0.912969
vt 0.416667 1.000000
vt 0.416667 0.912969
vt 0.333333 1.000000
vt 0.333333 0.912969
vt 0.250000 1.000000
vt 0.250000 0.912969
vt 0.166667 1.000000
vt 0.166667 0.912969
vt 0.370000 0.457846
vt 0.250000 0.490000
vt 0.130000 0.457846
vt 0.042154 0.370000
vt 0.010000 0.250000
vt 0.042154 0.130000
vt 0.130000 0.042154
vt 0.250000 0.010000
vt 0.370000 0.042154
vt 0.457846 0.130000
vt 0.490000 0.250000
vt 0.457846 0.370000
vt 0.083333 1.000000
vt 0.083333 0.912969
vt 0.000000 1.000000
vt 0.000000 0.912969
vt 0.750000 0.490000
vt 0.870000 0.457846
vt 0.957846 0.370000
vt 0.990000 0.250000
vt 0.957846 0.130000
vt 0.870000 0.042154
vt 0.750000 0.010000
vt 0.630000 0.042154
vt 0.542154 0.130000
vt 0.510000 0.250000
vt 0.542154 0.370000
vt 0.630000 0.457846
vt 0.083333 0.500000
vt 0.083333 0.563144
vt 0.000000 0.563144
vt 0.000000 0.500000
vt 0.166667 0.500000
vt 0.166667 0.563144
vt 0.250000 0.500000
vt 0.250000 0.563144
vt 0.333333 0.500000
vt 0.333333 0.563144
vt 0.416667 0.500000
vt 0.416667 0.563144
vt 0.500000 0.500000
vt 0.500000 0.563144
vt 0.583333 0.500000
vt 0.583333 0.563144
vt 0.666667 0.500000
vt 0.666667 0.563144
vt 0.750000 0.500000
vt 0.750000 0.563144
vt 0.833333 0.500000
vt 0.833333 0.563144
vt 0.916667 0.500000
vt 0.916667 0.563144
vt 1.000000 0.500000
vt 1.000000 0.563144
vn 0.0000 1.0000 0.0000
vn 0.0000 0.7660 0.6428
vn 0.4322 0.6261 0.6489
vn 0.5681 0.8229 0.0000
vn 0.7039 0.2907 0.6481
vn 0.9243 0.3817 0.0000
vn 0.7371 -0.0359 0.6749
vn 0.9988 -0.0487 0.0000
vn 0.6727 -0.3562 0.6485
vn 0.8837 -0.4679 0.0000
vn 0.4661 -0.5600 0.6849
vn 0.6398 -0.7685 0.0000
vn 0.0000 -0.7997 0.6004
vn 0.0000 -1.0000 0.0000
vn -0.4661 -0.5600 0.6849
vn -0.6398 -0.7685 0.0000
vn -0.6727 -0.3562 0.6484
vn -0.8837 -0.4679 0.0000
vn -0.7371 -0.0359 0.6749
vn -0.9988 -0.0487 0.0000
vn -0.7039 0.2907 0.6481
vn -0.9243 0.3817 0.0000
vn -0.4322 0.6261 0.6489
vn -0.5681 0.8229 0.0000
vn 0.0000 0.7660 -0.6428
vn 0.4322 0.6261 -0.6489
vn 0.7039 0.2907 -0.6481
vn 0.7371 -0.0359 -0.6749
vn 0.6727 -0.3562 -0.6485
vn 0.4661 -0.5600 -0.6849
vn 0.0000 -0.7997 -0.6004
vn -0.4661 -0.5600 -0.6849
vn -0.6727 -0.3562 -0.6484
vn -0.7371 -0.0359 -0.6749
vn -0.7039 0.2907 -0.6481
vn -0.4322 0.6261 -0.6489
usemtl DarkPorple
s 1
f 2517/2911/1310 2482/2912/1311 2484/2913/1312 2518/2914/1313
f 2518/2914/1313 2484/2913/1312 2486/2915/1314 2519/2916/1315
f 2519/2916/1315 2486/2915/1314 2488/2917/1316 2520/2918/1317
f 2520/2918/1317 2488/2917/1316 2490/2919/1318 2521/2920/1319
f 2521/2920/1319 2490/2919/1318 2492/2921/1320 2522/2922/1321
f 2522/2922/1321 2492/2921/1320 2494/2923/1322 2523/2924/1323
f 2523/2924/1323 2494/2923/1322 2496/2925/1324 2524/2926/1325
f 2524/2926/1325 2496/2925/1324 2498/2927/1326 2525/2928/1327
f 2525/2928/1327 2498/2927/1326 2500/2929/1328 2526/2930/1329
f 2526/2930/1329 2500/2929/1328 2502/2931/1330 2527/2932/1331
f 2484/2933/1312 2482/2934/1311 2504/2935/1332 2502/2936/1330 2500/2937/1328 2498/2938/1326 2496/2939/1324 2494/2940/1322 2492/2941/1320 2490/2942/1318 2488/2943/1316 2486/2944/1314
f 2527/2932/1331 2502/2931/1330 2504/2945/1332 2528/2946/1333
f 2528/2946/1333 2504/2945/1332 2482/2947/1311 2517/2948/1310
f 2481/2949/1334 2483/2950/1335 2485/2951/1336 2487/2952/1337 2489/2953/1338 2491/2954/1339 2493/2955/1340 2495/2956/1341 2497/2957/1342 2499/2958/1343 2501/2959/1344 2503/2960/1345
f 2503/2961/1345 2516/2962/1333 2505/2963/1310 2481/2964/1334
f 2501/2965/1344 2515/2966/1331 2516/2962/1333 2503/2961/1345
f 2499/2967/1343 2514/2968/1329 2515/2966/1331 2501/2965/1344
f 2497/2969/1342 2513/2970/1327 2514/2968/1329 2499/2967/1343
f 2495/2971/1341 2512/2972/1325 2513/2970/1327 2497/2969/1342
f 2493/2973/1340 2511/2974/1323 2512/2972/1325 2495/2971/1341
f 2491/2975/1339 2510/2976/1321 2511/2974/1323 2493/2973/1340
f 2489/2977/1338 2509/2978/1319 2510/2976/1321 2491/2975/1339
f 2487/2979/1337 2508/2980/1317 2509/2978/1319 2489/2977/1338
f 2485/2981/1336 2507/2982/1315 2508/2980/1317 2487/2979/1337
f 2483/2983/1335 2506/2984/1313 2507/2982/1315 2485/2981/1336
f 2481/2985/1334 2505/2986/1310 2506/2984/1313 2483/2983/1335
f 2516/2962/1333 2528/2946/1333 2517/2948/1310 2505/2963/1310
f 2515/2966/1331 2527/2932/1331 2528/2946/1333 2516/2962/1333
f 2514/2968/1329 2526/2930/1329 2527/2932/1331 2515/2966/1331
f 2513/2970/1327 2525/2928/1327 2526/2930/1329 2514/2968/1329
f 2512/2972/1325 2524/2926/1325 2525/2928/1327 2513/2970/1327
f 2511/2974/1323 2523/2924/1323 2524/2926/1325 2512/2972/1325
f 2510/2976/1321 2522/2922/1321 2523/2924/1323 2511/2974/1323
f 2509/2978/1319 2521/2920/1319 2522/2922/1321 2510/2976/1321
f 2508/2980/1317 2520/2918/1317 2521/2920/1319 2509/2978/1319
f 2507/2982/1315 2519/2916/1315 2520/2918/1317 2508/2980/1317
f 2506/2984/1313 2518/2914/1313 2519/2916/1315 2507/2982/1315
f 2505/2986/1310 2517/2911/1310 2518/2914/1313 2506/2984/1313
