# Blender v2.82 (sub 7) OBJ File: 'AlienStarfighter.blend'
# www.blender.org
mtllib AlienStarfighterLowPoly1.mtl
o Sphere.009_Sphere.001
v 0.178498 0.500263 -1.014900
v 0.328173 0.341234 -1.964881
v 0.264751 0.127047 -4.174796
v 0.262333 -0.051167 -4.161235
v 0.316104 0.500263 -0.659197
v 0.569600 0.358119 -1.169738
v 0.638247 0.152716 -1.453067
v 0.638247 -0.075265 -1.453067
v 0.381295 0.500263 -0.157649
v 0.687070 0.358119 -0.265980
v 0.856762 0.152716 -0.326099
v 0.856762 -0.075265 -0.326099
v 0.359135 0.500263 0.199207
v 0.647140 0.358119 0.386859
v 0.806970 0.152716 0.490999
v 0.806970 -0.075265 0.490999
v 0.254702 0.500263 0.459140
v 0.458958 0.358119 0.855243
v 0.555724 0.142670 1.156452
v 0.555724 -0.065219 1.156452
v 0.091920 0.500263 0.605919
v 0.165634 0.358119 1.119730
v 0.206542 0.142670 1.471306
v 0.206542 -0.075265 1.471306
v 0.572311 0.152716 1.141496
v 0.572311 -0.075265 1.141496
v 0.206542 -0.065219 1.471306
v 0.206542 0.152716 1.471306
v 0.206542 0.142670 1.646400
v 0.206542 -0.065219 1.646400
v 0.479260 0.098132 1.555096
v 0.479260 -0.020681 1.555096
v 0.555724 0.142670 1.529496
v 0.555724 -0.065219 1.529496
v 0.206542 -0.020681 1.646400
v 0.206542 0.098132 1.646400
v 0.206542 0.098132 1.517711
v 0.206542 -0.020681 1.517711
v 0.479260 0.098132 1.426407
v 0.479260 -0.020681 1.426407
v 0.546010 0.152716 -2.321605
v 0.541899 -0.075265 -2.360317
v 0.345203 0.297198 -2.366989
v 0.345246 -0.219636 -2.368001
v 0.401081 0.152716 -3.686313
v 0.401081 -0.075265 -3.686313
v 0.401081 -0.059433 -3.686313
v 0.638247 -0.059433 -1.453067
v 0.856762 -0.059433 -0.326099
v 0.806970 -0.059433 0.490999
v 0.572311 -0.059433 1.141496
v 0.555724 -0.050782 1.156452
v 0.542185 -0.059433 -2.357629
v 0.262501 -0.038791 -4.162176
v 0.401081 0.135744 -3.686313
v 0.638247 0.135744 -1.453067
v 0.856762 0.135744 -0.326099
v 0.806970 0.135744 0.490999
v 0.572311 0.135744 1.141496
v 0.555724 0.127194 1.156452
v 0.545704 0.135744 -2.324487
v 0.264571 0.113780 -4.173786
v 0.462348 0.112841 -3.686313
v 0.735722 0.112841 -1.453067
v 0.987596 0.112841 -0.326099
v 0.930203 0.112841 0.490999
v 0.659719 0.112841 1.141496
v 0.555724 0.106309 1.156452
v 0.628574 0.112841 -2.328376
v 0.304717 0.095876 -4.172424
v 0.462348 -0.036396 -3.686313
v 0.735722 -0.036396 -1.453067
v 0.987596 -0.036396 -0.326099
v 0.930203 -0.036396 0.490999
v 0.659719 -0.036396 1.141496
v 0.555724 -0.029776 1.156452
v 0.625472 -0.036396 -2.353717
v 0.302893 -0.020783 -4.163547
v 0.378693 -0.344963 -0.786491
v 0.214956 -0.347817 -1.218999
v 0.452178 -0.342154 -0.203166
v 0.439772 -0.345727 0.042626
v 0.349051 -0.348356 0.276600
v 0.132522 -0.352559 0.483882
v -0.006466 0.500263 -1.138620
v 0.569600 -0.280668 -1.169738
v 0.321642 -0.280668 -1.810692
v 0.687070 -0.280668 -0.265980
v 0.647140 -0.280668 0.386859
v 0.458958 -0.280668 0.855243
v 0.165634 -0.280668 1.119730
v 0.555724 0.142670 1.259222
v 0.206542 0.142670 1.519542
v 0.206542 -0.065219 1.519542
v 0.555724 -0.065219 1.259222
v 0.000000 0.358119 -2.042007
v 0.000000 0.152716 -4.295068
v 0.000000 -0.075265 -4.295068
v 0.000000 0.550993 -0.022563
v -0.178498 0.500263 -1.014900
v -0.328173 0.341234 -1.964881
v -0.264751 0.127047 -4.174796
v -0.262333 -0.051167 -4.161235
v 0.000000 -0.382350 -0.334759
v -0.316104 0.500263 -0.659197
v -0.569600 0.358119 -1.169738
v -0.638247 0.152716 -1.453067
v -0.638247 -0.075265 -1.453067
v -0.381295 0.500263 -0.157649
v -0.687070 0.358119 -0.265980
v -0.856762 0.152716 -0.326099
v -0.856762 -0.075265 -0.326099
v -0.359135 0.500263 0.199207
v -0.647140 0.358119 0.386859
v -0.806970 0.152716 0.490999
v -0.806970 -0.075265 0.490999
v -0.254702 0.500263 0.459140
v -0.458958 0.358119 0.855243
v -0.555724 0.142670 1.156452
v -0.555724 -0.065219 1.156452
v -0.091920 0.500263 0.605919
v -0.165634 0.358119 1.119730
v 0.000000 0.500263 -1.143270
v -0.206542 0.142670 1.471306
v -0.206542 -0.075265 1.471306
v -0.572311 0.152716 1.141496
v -0.572311 -0.075265 1.141496
v -0.206542 -0.065219 1.471306
v -0.206542 0.152716 1.471306
v -0.206542 0.142670 1.646400
v -0.206542 -0.065219 1.646400
v -0.479260 0.098132 1.555096
v -0.479260 -0.020681 1.555096
v -0.555724 0.142670 1.529496
v -0.555724 -0.065219 1.529496
v -0.206542 -0.020681 1.646400
v -0.206542 0.098132 1.646400
v -0.206542 0.098132 1.517711
v -0.206542 -0.020681 1.517711
v -0.479260 0.098132 1.426407
v -0.479260 -0.020681 1.426407
v -0.546010 0.152716 -2.321605
v -0.541899 -0.075265 -2.360317
v 0.000000 0.324219 -2.413855
v -0.345203 0.297198 -2.366989
v 0.000000 -0.252523 -2.350729
v -0.345246 -0.219636 -2.368001
v 0.000000 0.222032 -3.534739
v 0.000000 -0.106701 -4.038345
v -0.401081 0.152716 -3.686313
v -0.401081 -0.075265 -3.686313
v 0.000000 0.178299 -4.085835
v 0.000000 -0.149748 -3.478067
v 0.000000 -0.024745 -4.337625
v -0.401081 -0.059433 -3.686313
v -0.638247 -0.059433 -1.453067
v -0.856762 -0.059433 -0.326099
v -0.806970 -0.059433 0.490999
v -0.572311 -0.059433 1.141496
v -0.555724 -0.050782 1.156452
v -0.542185 -0.059433 -2.357629
v -0.262501 -0.038791 -4.162176
v 0.000000 0.084263 -4.335840
v -0.401081 0.135744 -3.686313
v -0.638247 0.135744 -1.453067
v -0.856762 0.135744 -0.326099
v -0.806970 0.135744 0.490999
v -0.572311 0.135744 1.141496
v -0.555724 0.127194 1.156452
v -0.545704 0.135744 -2.324487
v -0.264571 0.113780 -4.173786
v 0.000000 0.066725 -4.337625
v -0.462348 0.112841 -3.686313
v -0.735722 0.112841 -1.453067
v -0.987596 0.112841 -0.326099
v -0.930203 0.112841 0.490999
v -0.659719 0.112841 1.141496
v -0.555724 0.106309 1.156452
v -0.628574 0.112841 -2.328376
v -0.304717 0.095876 -4.172424
v 0.000000 -0.012513 -4.337625
v -0.462348 -0.036396 -3.686313
v -0.735722 -0.036396 -1.453067
v -0.987596 -0.036396 -0.326099
v -0.930203 -0.036396 0.490999
v -0.659719 -0.036396 1.141496
v -0.555724 -0.029776 1.156452
v -0.625472 -0.036396 -2.353717
v -0.302893 -0.020783 -4.163547
v -0.378693 -0.344963 -0.786491
v -0.214956 -0.347817 -1.218999
v -0.452178 -0.342154 -0.203166
v -0.439772 -0.345727 0.042626
v -0.349051 -0.348356 0.276600
v -0.132522 -0.352559 0.483882
v 0.000000 -0.348896 -1.376399
v 0.006466 0.500263 -1.138620
v -0.569600 -0.280668 -1.169738
v -0.321642 -0.280668 -1.810692
v -0.687070 -0.280668 -0.265980
v -0.647140 -0.280668 0.386859
v -0.458958 -0.280668 0.855243
v -0.165634 -0.280668 1.119730
v 0.000000 -0.280668 -2.042007
v 0.000000 0.358119 1.119730
v 0.000000 0.500263 0.605919
v 0.000000 -0.280668 1.119730
v 0.000000 -0.075265 1.471306
v 0.000000 0.152716 1.471306
v 0.000000 -0.065219 1.471306
v 0.000000 0.142670 1.471306
v 0.000000 -0.065219 1.646400
v 0.000000 0.142670 1.646400
v 0.000000 -0.020681 1.646400
v 0.000000 0.098132 1.646400
v 0.000000 -0.020681 1.517711
v 0.000000 0.098132 1.517711
v 0.000000 -0.352559 0.483882
v -0.555724 0.142670 1.259222
v -0.206542 0.142670 1.519542
v 0.000000 0.142670 1.519542
v -0.206542 -0.065219 1.519542
v -0.555724 -0.065219 1.259222
v 0.000000 -0.065219 1.519542
vt 0.692308 0.571429
vt 0.641531 0.553576
vt 0.641566 0.545518
vt 0.692307 0.560709
vt 0.692308 0.857143
vt 0.653846 1.000000
vt 0.615385 0.857143
vt 0.691901 0.585653
vt 0.576923 1.000000
vt 0.538462 0.857143
vt 0.615385 0.560794
vt 0.615385 0.571429
vt 0.568378 0.571429
vt 0.568477 0.560794
vt 0.615385 0.702542
vt 0.538462 0.714286
vt 0.538462 0.285714
vt 0.538462 0.428571
vt 0.461539 0.428571
vt 0.461539 0.285714
vt 0.500000 1.000000
vt 0.461539 0.857143
vt 0.538462 0.560794
vt 0.538462 0.571429
vt 0.461539 0.571429
vt 0.461539 0.560794
vt 0.461539 0.714286
vt 0.423077 1.000000
vt 0.384615 0.857143
vt 0.384615 0.571429
vt 0.384615 0.560794
vt 0.384615 0.714286
vt 0.384615 0.428571
vt 0.384615 0.285714
vt 0.307692 0.571429
vt 0.307692 0.560794
vt 0.307692 0.857143
vt 0.307692 0.714286
vt 0.307692 0.428571
vt 0.307692 0.285714
vt 0.346154 1.000000
vt 0.230769 0.857143
vt 0.230769 0.714286
vt 0.230769 0.428571
vt 0.230769 0.285714
vt 0.269231 1.000000
vt 0.192308 1.000000
vt 0.192308 0.857143
vt 0.304204 0.443913
vt 0.304204 0.434867
vt 0.307692 0.438492
vt 0.230769 0.434867
vt 0.230769 0.565133
vt 0.304204 0.565133
vt 0.230769 0.571429
vt 0.192308 0.565133
vt 0.192308 0.571429
vt 0.192308 0.537225
vt 0.192308 0.537225
vt 0.230769 0.537225
vt 0.230769 0.537225
vt 0.192308 0.714286
vt 0.692308 0.714286
vt 0.569711 0.428571
vt 0.615385 0.285714
vt 0.615385 0.328162
vt 0.615385 0.671915
vt 0.692308 0.690708
vt 0.641995 0.445332
vt 0.691806 0.411112
vt 0.692308 0.428571
vt 0.692308 0.619638
vt 0.692308 0.305289
vt 0.692308 0.285714
vt 0.641963 0.452849
vt 0.615385 0.438492
vt 0.615385 0.428571
vt 0.569619 0.438492
vt 0.538462 0.438492
vt 0.384615 0.438492
vt 0.461538 0.438492
vt 0.692308 0.438492
vt 0.304204 0.555436
vt 0.304204 0.542349
vt 0.307692 0.546442
vt 0.515179 0.285714
vt 0.522758 0.285714
vt 0.449366 0.285714
vt 0.454915 0.285714
vt 0.418663 0.285714
vt 0.440197 0.285714
vt 0.376507 0.285714
vt 0.419654 0.285714
vt 0.310690 0.285714
vt 0.621883 0.285714
vt 0.664671 0.285714
vt 0.613209 0.285714
vt 0.571252 0.285714
vt 0.280795 0.285714
vt 0.192308 0.285714
vt 0.692308 0.376769
vt 0.192308 0.434867
vt 0.192308 0.428571
vt 0.392871 0.285714
vt 0.641566 0.545518
vt 0.641531 0.553576
vt 0.615385 0.857143
vt 0.538462 0.857143
vt 0.615385 0.560794
vt 0.568477 0.560794
vt 0.568378 0.571429
vt 0.615385 0.571429
vt 0.615385 0.702542
vt 0.538462 0.714286
vt 0.538462 0.285714
vt 0.461539 0.285714
vt 0.461539 0.428571
vt 0.538462 0.428571
vt 0.461539 0.857143
vt 0.538462 0.560794
vt 0.461539 0.560794
vt 0.461539 0.571429
vt 0.538462 0.571429
vt 0.461539 0.714286
vt 0.384615 0.857143
vt 0.384615 0.560794
vt 0.384615 0.571429
vt 0.384615 0.714286
vt 0.384615 0.285714
vt 0.384615 0.428571
vt 0.307692 0.560794
vt 0.307692 0.571429
vt 0.307692 0.714286
vt 0.307692 0.857143
vt 0.307692 0.285714
vt 0.307692 0.428571
vt 0.230769 0.714286
vt 0.230769 0.857143
vt 0.230769 0.285714
vt 0.230769 0.428571
vt 0.304204 0.443913
vt 0.307692 0.438492
vt 0.304204 0.434867
vt 0.230769 0.434867
vt 0.230769 0.565133
vt 0.230769 0.571429
vt 0.304204 0.565133
vt 0.230769 0.537225
vt 0.230769 0.537225
vt 0.569711 0.428571
vt 0.615385 0.328162
vt 0.615385 0.285714
vt 0.615385 0.671915
vt 0.641995 0.445332
vt 0.615385 0.428571
vt 0.615385 0.438492
vt 0.641963 0.452849
vt 0.538462 0.438492
vt 0.569619 0.438492
vt 0.384615 0.438492
vt 0.461538 0.438492
vt 0.304204 0.555436
vt 0.307692 0.546442
vt 0.304204 0.542349
vt 0.449366 0.285714
vt 0.522758 0.285714
vt 0.418663 0.285714
vt 0.376507 0.285714
vt 0.310690 0.285714
vt 0.613209 0.285714
vt 0.192308 0.565133
vt 0.192308 0.565133
vt 0.230769 0.565133
vt 0.230769 0.565133
vt 0.192308 0.462775
vt 0.230769 0.462775
vt 0.230769 0.462775
vt 0.192308 0.462775
vt 0.288123 0.462775
vt 0.288123 0.462775
vt 0.288123 0.537225
vt 0.288123 0.537225
vt 0.192308 0.434867
vt 0.230769 0.434867
vt 0.692308 0.546442
vt 0.641613 0.534643
vt 0.641916 0.463786
vt 0.692308 0.452927
vt 0.615385 0.452927
vt 0.615385 0.546442
vt 0.568611 0.546442
vt 0.569484 0.452927
vt 0.538462 0.452927
vt 0.538462 0.546442
vt 0.461539 0.546442
vt 0.461538 0.452927
vt 0.384615 0.546442
vt 0.384615 0.452927
vt 0.307692 0.452927
vt 0.304204 0.457076
vt 0.304204 0.434867
vt 0.304204 0.565133
vt 0.230769 0.565133
vt 0.230769 0.565133
vt 0.230769 0.462775
vt 0.230769 0.462775
vt 0.288123 0.462775
vt 0.288123 0.462775
vt 0.288123 0.537225
vt 0.288123 0.537225
vt 0.230769 0.434867
vt 0.641916 0.463786
vt 0.641613 0.534643
vt 0.615385 0.452927
vt 0.569484 0.452927
vt 0.568611 0.546442
vt 0.615385 0.546442
vt 0.538462 0.452927
vt 0.461538 0.452927
vt 0.461539 0.546442
vt 0.538462 0.546442
vt 0.384615 0.452927
vt 0.384615 0.546442
vt 0.307692 0.452927
vt 0.304204 0.457076
vt 0.304204 0.565133
vt 0.304204 0.434867
vt 0.304204 0.565133
vt 0.304204 0.434867
vt 0.230769 0.434867
vt 0.192308 0.434867
vt 0.304204 0.565133
vt 0.304204 0.434867
vt 0.230769 0.434867
vn 0.3580 0.7144 -0.6012
vn 0.5902 0.6620 -0.4620
vn 0.6065 0.4833 -0.6313
vn 0.4152 0.4372 -0.7978
vn 0.0760 0.9898 -0.1203
vn 0.1103 0.9939 0.0084
vn 0.1604 0.9827 -0.0920
vn 0.1485 0.9840 -0.0989
vn 0.2512 0.9666 -0.0514
vn 0.8000 0.5742 -0.1738
vn 0.7573 0.6275 -0.1811
vn 0.8882 0.4497 -0.0943
vn 0.7944 0.6013 -0.0858
vn 0.3563 0.9274 -0.1140
vn 0.5950 0.7919 -0.1375
vn 0.5345 -0.8382 -0.1084
vn 0.9082 -0.3879 -0.1574
vn 0.9486 -0.3100 -0.0630
vn 0.5687 -0.8222 -0.0240
vn 0.2862 0.9582 -0.0066
vn 0.7806 0.6139 -0.1172
vn 0.9238 0.3377 -0.1805
vn 0.9486 0.3100 -0.0630
vn 0.7465 0.6634 -0.0512
vn 0.6311 0.7752 -0.0274
vn 0.2781 0.9590 0.0555
vn 0.9157 0.3485 0.1999
vn 0.7338 0.6607 0.1585
vn 0.5910 0.7972 0.1229
vn 0.9157 -0.3485 0.1999
vn 0.5217 -0.8463 0.1073
vn 0.7436 0.4123 0.5263
vn 0.6034 0.3510 0.7161
vn 0.2101 0.9691 0.1295
vn 0.4476 0.8503 0.2767
vn 0.7436 -0.4123 0.5263
vn 0.3946 -0.8887 0.2333
vn 0.1647 0.9693 0.1827
vn 0.3338 0.8669 0.3702
vn 0.3104 -0.4517 0.8365
vn 0.1518 -0.9294 0.3365
vn 0.0000 0.9832 0.1827
vn 0.0000 0.9968 0.0805
vn 0.0000 0.9847 0.1743
vn 0.8416 -0.1368 0.5224
vn 0.7956 -0.1409 0.5891
vn 0.6038 -0.3498 0.7163
vn 0.2164 -0.7974 0.5633
vn 0.2164 0.7974 0.5633
vn 0.7956 0.1409 0.5891
vn 0.3104 0.4517 0.8365
vn 0.0000 0.7071 0.7071
vn 0.0000 0.4978 0.8673
vn 0.0000 -0.7071 0.7071
vn 0.1073 -0.7452 0.6582
vn 0.1190 -0.6726 0.7303
vn 0.0000 0.9174 0.3979
vn 0.0000 0.9213 0.3888
vn 0.0879 0.9887 -0.1215
vn 0.8909 -0.4424 -0.1024
vn 0.3474 -0.9304 -0.1170
vn 0.3579 -0.9300 -0.0837
vn 0.3577 0.9301 -0.0833
vn 0.0996 0.9902 -0.0977
vn 0.5920 -0.6892 -0.4179
vn 0.1512 -0.9837 -0.0970
vn 0.3627 -0.7543 -0.5472
vn 0.1269 0.9876 -0.0927
vn 0.0963 -0.9904 -0.0987
vn 0.0000 -0.9949 -0.1004
vn 0.5899 -0.5707 -0.5713
vn 0.7941 -0.5814 -0.1771
vn 0.7539 -0.6310 -0.1833
vn 0.7956 -0.5997 -0.0859
vn 0.7811 -0.6133 -0.1173
vn 0.7342 -0.6602 0.1586
vn 0.7469 -0.6630 -0.0512
vn 0.4253 -0.5520 -0.7173
vn 0.8419 0.1373 0.5219
vn 0.7677 0.1150 0.6304
vn 0.5471 0.5176 0.6579
vn -0.0000 -1.0000 -0.0024
vn 0.1651 -0.9858 -0.0300
vn 0.1819 -0.9833 -0.0076
vn 0.1719 -0.9849 0.0190
vn 0.1198 -0.9911 0.0571
vn 0.0444 -0.9959 0.0786
vn 0.0000 -0.9968 -0.0802
vn 0.1102 -0.9921 -0.0600
vn 0.0000 -0.9972 0.0744
vn 0.0000 -0.9490 0.3152
vn 0.1261 -0.9877 -0.0928
vn 0.0000 -0.4978 0.8673
vn -0.3580 0.7144 -0.6012
vn -0.4152 0.4372 -0.7978
vn -0.6065 0.4833 -0.6313
vn -0.5902 0.6620 -0.4620
vn -0.0760 0.9898 -0.1203
vn -0.1604 0.9827 -0.0920
vn -0.1103 0.9939 0.0084
vn -0.1485 0.9840 -0.0989
vn -0.2512 0.9666 -0.0514
vn -0.8000 0.5742 -0.1738
vn -0.7944 0.6013 -0.0858
vn -0.8882 0.4497 -0.0943
vn -0.7573 0.6275 -0.1811
vn -0.3563 0.9274 -0.1140
vn -0.5950 0.7919 -0.1375
vn -0.5345 -0.8382 -0.1084
vn -0.5687 -0.8222 -0.0240
vn -0.9486 -0.3100 -0.0630
vn -0.9082 -0.3879 -0.1574
vn -0.2862 0.9582 -0.0066
vn -0.7806 0.6139 -0.1172
vn -0.7465 0.6634 -0.0512
vn -0.9486 0.3100 -0.0630
vn -0.9238 0.3377 -0.1805
vn -0.6311 0.7752 -0.0274
vn -0.2781 0.9590 0.0555
vn -0.7338 0.6607 0.1585
vn -0.9157 0.3485 0.1999
vn -0.5910 0.7972 0.1229
vn -0.5217 -0.8463 0.1073
vn -0.9157 -0.3485 0.1999
vn -0.6034 0.3510 0.7161
vn -0.7436 0.4123 0.5263
vn -0.4476 0.8503 0.2767
vn -0.2101 0.9691 0.1295
vn -0.3946 -0.8887 0.2333
vn -0.7436 -0.4123 0.5263
vn -0.3338 0.8669 0.3702
vn -0.1647 0.9693 0.1827
vn -0.1518 -0.9294 0.3365
vn -0.3104 -0.4517 0.8365
vn -0.8416 -0.1368 0.5224
vn -0.6038 -0.3498 0.7163
vn -0.7956 -0.1409 0.5891
vn -0.2164 -0.7974 0.5633
vn -0.2164 0.7974 0.5633
vn -0.3104 0.4517 0.8365
vn -0.7956 0.1409 0.5891
vn -0.1190 -0.6726 0.7303
vn -0.1073 -0.7452 0.6582
vn -0.0879 0.9887 -0.1215
vn -0.8909 -0.4424 -0.1024
vn -0.3579 -0.9300 -0.0837
vn -0.3474 -0.9304 -0.1170
vn -0.0996 0.9902 -0.0977
vn -0.3577 0.9301 -0.0833
vn -0.5920 -0.6892 -0.4179
vn -0.3627 -0.7543 -0.5472
vn -0.1512 -0.9837 -0.0970
vn -0.1269 0.9876 -0.0927
vn -0.0963 -0.9904 -0.0987
vn -0.7539 -0.6310 -0.1833
vn -0.7941 -0.5814 -0.1771
vn -0.5899 -0.5707 -0.5713
vn -0.7811 -0.6133 -0.1173
vn -0.7956 -0.5997 -0.0859
vn -0.7342 -0.6602 0.1586
vn -0.7469 -0.6630 -0.0512
vn -0.4253 -0.5520 -0.7173
vn -0.8419 0.1373 0.5219
vn -0.5471 0.5176 0.6579
vn -0.7677 0.1150 0.6304
vn -0.1819 -0.9833 -0.0076
vn -0.1651 -0.9858 -0.0300
vn -0.1719 -0.9849 0.0190
vn -0.1198 -0.9911 0.0571
vn -0.0444 -0.9959 0.0786
vn -0.1102 -0.9921 -0.0600
vn -0.1261 -0.9877 -0.0928
vn 0.0000 1.0000 -0.0000
vn 0.1190 0.6726 0.7303
vn 0.1073 0.7452 0.6582
vn -0.0154 0.3902 0.9206
vn -0.4831 0.5622 0.6712
vn -0.4831 -0.5622 0.6712
vn -0.0154 -0.3902 0.9206
vn 0.4653 0.2007 -0.8621
vn 0.6977 0.4278 -0.5747
vn 0.6953 -0.4594 -0.5527
vn 0.4697 -0.3218 -0.8221
vn 0.8049 -0.5636 -0.1855
vn 0.8090 0.5576 -0.1861
vn 0.7926 0.6023 -0.0956
vn 0.7927 -0.6020 -0.0957
vn 0.7633 -0.6329 -0.1300
vn 0.7628 0.6335 -0.1300
vn 0.7902 0.6100 -0.0589
vn 0.7905 -0.6097 -0.0589
vn 0.7765 0.6036 0.1810
vn 0.7768 -0.6032 0.1811
vn 0.5473 -0.5171 0.6580
vn 0.7676 -0.1142 0.6307
vn 0.6516 -0.5963 0.4690
vn 0.6516 0.5963 0.4690
vn -0.1190 0.6726 0.7303
vn -0.1073 0.7452 0.6582
vn 0.4831 0.5622 0.6712
vn 0.0154 0.3902 0.9206
vn 0.4831 -0.5622 0.6712
vn 0.0154 -0.3902 0.9206
vn -0.4653 0.2007 -0.8621
vn -0.4697 -0.3218 -0.8221
vn -0.6953 -0.4594 -0.5527
vn -0.6977 0.4278 -0.5747
vn -0.8049 -0.5636 -0.1855
vn -0.7927 -0.6020 -0.0957
vn -0.7926 0.6023 -0.0956
vn -0.8090 0.5576 -0.1861
vn -0.7633 -0.6329 -0.1300
vn -0.7905 -0.6097 -0.0589
vn -0.7902 0.6100 -0.0589
vn -0.7628 0.6335 -0.1300
vn -0.7768 -0.6032 0.1811
vn -0.7765 0.6036 0.1810
vn -0.5473 -0.5171 0.6580
vn -0.7676 -0.1142 0.6307
vn -0.6516 0.5963 0.4690
vn -0.6516 -0.5963 0.4690
vn 0.7071 0.7071 0.0000
vn 0.7071 -0.7071 -0.0000
vn 0.0000 -1.0000 -0.0000
vn -0.7071 0.7071 0.0000
vn -0.7071 -0.7071 0.0000
usemtl Porple
s 1
f 97/1/1 3/2/2 62/3/3 163/4/4
f 123/5/5 99/6/6 1/7/7
f 152/8/8 3/2/2 97/1/1
f 1/7/7 99/9/6 5/10/9
f 55/11/10 45/12/11 41/13/12 61/14/13
f 2/15/14 1/7/7 5/10/9 6/16/15
f 86/17/16 8/18/17 12/19/18 88/20/19
f 5/10/9 99/21/6 9/22/20
f 56/23/21 7/24/22 11/25/23 57/26/24
f 6/16/15 5/10/9 9/22/20 10/27/25
f 9/22/20 99/28/6 13/29/26
f 57/26/24 11/25/23 15/30/27 58/31/28
f 10/27/25 9/22/20 13/29/26 14/32/29
f 88/20/19 12/19/18 16/33/30 89/34/31
f 58/31/28 15/30/27 25/35/32 59/36/33
f 14/32/29 13/29/26 17/37/34 18/38/35
f 89/34/31 16/33/30 26/39/36 90/40/37
f 13/29/26 99/41/6 17/37/34
f 18/38/35 17/37/34 21/42/38 22/43/39
f 90/40/37 26/39/36 24/44/40 91/45/41
f 17/37/34 99/46/6 21/42/38
f 21/42/42 99/47/43 206/48/44
f 52/49/45 20/50/46 26/39/36 51/51/47
f 20/50/46 27/52/48 24/44/40 26/39/36
f 23/53/49 19/54/50 25/35/32 28/55/51
f 211/56/52 23/53/49 28/55/51 209/57/53
f 215/58/54 217/59/54 37/60/55 36/61/56
f 61/14/13 41/13/12 7/24/22 56/23/21
f 209/57/53 28/55/51 22/43/57 205/62/58
f 96/63/59 123/5/5 1/7/7 2/15/14
f 42/64/60 87/65/61 44/66/62
f 87/65/61 42/64/60 8/18/17 86/17/16
f 2/15/14 43/67/63 144/68/64 96/63/59
f 4/69/65 149/70/66 98/71/67
f 62/3/3 3/2/2 45/12/11 55/11/10
f 144/68/64 43/67/63 45/12/11 148/72/68
f 146/73/69 44/66/62 87/65/61 204/74/70
f 4/69/65 54/75/71 47/76/72 46/77/73
f 42/64/60 53/78/74 48/79/75 8/18/17
f 16/33/30 50/80/76 51/51/47 26/39/36
f 12/19/18 49/81/77 50/80/76 16/33/30
f 8/18/17 48/79/75 49/81/77 12/19/18
f 46/77/73 47/76/72 53/78/74 42/64/60
f 98/71/67 154/82/78 54/75/71 4/69/65
f 19/54/50 60/83/79 59/36/33 25/35/32
f 60/83/79 68/84/80 67/85/81 59/36/33
f 104/86/82 79/87/83 81/88/84
f 104/89/82 81/88/84 82/90/85
f 104/91/82 82/90/85 83/92/86
f 104/93/82 83/92/86 84/94/87
f 104/95/82 196/96/88 80/97/89
f 45/12/11 43/67/63 41/13/12
f 104/98/82 80/97/89 79/87/83
f 218/99/90 84/94/87 91/45/41 207/100/91
f 79/87/83 80/97/89 87/65/61 86/17/16
f 149/70/66 4/69/65 46/77/73 153/101/92
f 27/52/48 210/102/54 208/103/93 24/44/40
f 91/45/41 24/44/40 208/103/93 207/100/91
f 22/43/57 21/42/42 206/48/44 205/62/58
f 218/99/90 104/104/82 84/94/87
f 43/67/63 2/15/14 7/24/22 41/13/12
f 80/97/89 196/96/88 204/74/70 87/65/61
f 46/77/73 42/64/60 44/66/62
f 146/73/69 153/101/92 46/77/73 44/66/62
f 3/2/2 152/8/8 148/72/68 45/12/11
f 7/24/22 2/15/14 6/16/15
f 97/1/94 163/4/95 171/105/96 102/106/97
f 123/5/98 100/107/99 99/6/100
f 152/8/101 97/1/94 102/106/97
f 100/107/99 105/108/102 99/9/100
f 164/109/103 170/110/104 142/111/105 150/112/106
f 101/113/107 106/114/108 105/108/102 100/107/99
f 198/115/109 200/116/110 112/117/111 108/118/112
f 105/108/102 109/119/113 99/21/100
f 165/120/114 166/121/115 111/122/116 107/123/117
f 106/114/108 110/124/118 109/119/113 105/108/102
f 109/119/113 113/125/119 99/28/100
f 166/121/115 167/126/120 115/127/121 111/122/116
f 110/124/118 114/128/122 113/125/119 109/119/113
f 200/116/110 201/129/123 116/130/124 112/117/111
f 167/126/120 168/131/125 126/132/126 115/127/121
f 114/128/122 118/133/127 117/134/128 113/125/119
f 201/129/123 202/135/129 127/136/130 116/130/124
f 113/125/119 117/134/128 99/41/100
f 118/133/127 122/137/131 121/138/132 117/134/128
f 202/135/129 203/139/133 125/140/134 127/136/130
f 117/134/128 121/138/132 99/46/100
f 121/138/42 206/48/44 99/47/43
f 160/141/135 159/142/136 127/136/130 120/143/137
f 120/143/137 127/136/130 125/140/134 128/144/138
f 124/145/139 129/146/140 126/132/126 119/147/141
f 211/56/52 209/57/53 129/146/140 124/145/139
f 215/58/54 137/148/142 138/149/143 217/59/54
f 170/110/104 165/120/114 107/123/117 142/111/105
f 209/57/53 205/62/58 122/137/57 129/146/140
f 96/63/144 101/113/107 100/107/99 123/5/98
f 143/150/145 147/151/146 199/152/147
f 199/152/147 198/115/109 108/118/112 143/150/145
f 101/113/107 96/63/144 144/68/148 145/153/149
f 103/154/150 98/71/151 149/70/152
f 171/105/96 164/109/103 150/112/106 102/106/97
f 144/68/148 148/72/153 150/112/106 145/153/149
f 146/73/154 204/74/70 199/152/147 147/151/146
f 103/154/150 151/155/155 155/156/156 162/157/157
f 143/150/145 108/118/112 156/158/158 161/159/159
f 116/130/124 127/136/130 159/142/136 158/160/160
f 112/117/111 116/130/124 158/160/160 157/161/161
f 108/118/112 112/117/111 157/161/161 156/158/158
f 151/155/155 143/150/145 161/159/159 155/156/156
f 98/71/151 103/154/150 162/157/157 154/82/162
f 119/147/141 126/132/126 168/131/125 169/162/163
f 169/162/163 168/131/125 177/163/164 178/164/165
f 104/86/82 192/165/166 190/166/167
f 104/89/82 193/167/168 192/165/166
f 104/91/82 194/168/169 193/167/168
f 104/93/82 195/169/170 194/168/169
f 104/95/82 191/170/171 196/96/88
f 150/112/106 142/111/105 145/153/149
f 104/98/82 190/166/167 191/170/171
f 218/99/90 207/100/91 203/139/133 195/169/170
f 190/166/167 198/115/109 199/152/147 191/170/171
f 149/70/152 153/101/172 151/155/155 103/154/150
f 128/144/138 125/140/134 208/103/93 210/102/54
f 203/139/133 207/100/91 208/103/93 125/140/134
f 122/137/57 205/62/58 206/48/44 121/138/42
f 218/99/90 195/169/170 104/104/82
f 145/153/149 142/111/105 107/123/117 101/113/107
f 191/170/171 199/152/147 204/74/70 196/96/88
f 151/155/155 147/151/146 143/150/145
f 146/73/154 147/151/146 151/155/155 153/101/172
f 102/106/97 150/112/106 148/72/153 152/8/101
f 107/123/117 106/114/108 101/113/107
usemtl Blue.001
f 25/35/32 18/38/35 22/43/39 28/55/51
f 15/30/27 14/32/29 18/38/35 25/35/32
f 11/25/23 10/27/25 14/32/29 15/30/27
f 7/24/22 6/16/15 10/27/25 11/25/23
f 82/90/85 89/34/31 90/40/37 83/92/86
f 81/88/84 88/20/19 89/34/31 82/90/85
f 79/87/83 86/17/16 88/20/19 81/88/84
f 83/92/86 90/40/37 91/45/41 84/94/87
f 126/132/126 129/146/140 122/137/131 118/133/127
f 115/127/121 126/132/126 118/133/127 114/128/122
f 111/122/116 115/127/121 114/128/122 110/124/118
f 107/123/117 111/122/116 110/124/118 106/114/108
f 193/167/168 194/168/169 202/135/129 201/129/123
f 192/165/166 193/167/168 201/129/123 200/116/110
f 190/166/167 192/165/166 200/116/110 198/115/109
f 194/168/169 195/169/170 203/139/133 202/135/129
usemtl DarkPorple
f 221/171/173 213/172/52 29/173/174 93/174/173
f 214/175/52 35/176/174 38/177/175 216/178/52
f 35/176/174 32/179/176 40/180/177 38/177/175
f 39/181/178 40/180/177 32/179/176 31/182/179
f 35/176/174 214/175/52 212/183/54 30/184/56
f 36/61/56 29/173/174 213/172/52 215/58/54
f 172/185/180 70/186/181 78/187/182 181/188/183
f 71/189/184 63/190/185 69/191/186 77/192/187
f 72/193/188 64/194/189 65/195/190 73/196/191
f 73/196/191 65/195/190 66/197/192 74/198/193
f 74/198/193 66/197/192 67/85/81 75/199/194
f 77/192/187 69/191/186 64/194/189 72/193/188
f 172/185/180 163/4/4 62/3/3 70/186/181
f 78/187/182 70/186/181 63/190/185 71/189/184
f 68/84/80 76/200/195 75/199/194 67/85/81
f 63/190/185 55/11/10 61/14/13 69/191/186
f 64/194/189 56/23/21 57/26/24 65/195/190
f 65/195/190 57/26/24 58/31/28 66/197/192
f 66/197/192 58/31/28 59/36/33 67/85/81
f 69/191/186 61/14/13 56/23/21 64/194/189
f 70/186/181 62/3/3 55/11/10 63/190/185
f 53/78/74 77/192/187 72/193/188 48/79/75
f 50/80/76 74/198/193 75/199/194 51/51/47
f 49/81/77 73/196/191 74/198/193 50/80/76
f 48/79/75 72/193/188 73/196/191 49/81/77
f 47/76/72 71/189/184 77/192/187 53/78/74
f 154/82/78 181/188/183 78/187/182 54/75/71
f 76/200/195 52/49/45 51/51/47 75/199/194
f 32/179/176 34/201/196 33/202/197 31/182/179
f 54/75/71 78/187/182 71/189/184 47/76/72
f 31/182/179 33/202/197 29/173/174 36/61/56
f 35/176/174 30/184/56 34/201/196 32/179/176
f 211/56/52 221/171/173 93/174/173 23/53/49
f 31/182/179 36/61/56 37/60/55 39/181/178
f 221/171/173 220/203/173 130/204/198 213/172/52
f 214/175/52 216/178/52 139/205/199 136/206/198
f 136/206/198 139/205/199 141/207/200 133/208/201
f 140/209/202 132/210/203 133/208/201 141/207/200
f 136/206/198 131/211/142 212/183/54 214/175/52
f 137/148/142 215/58/54 213/172/52 130/204/198
f 172/185/204 181/188/205 189/212/206 180/213/207
f 182/214/208 188/215/209 179/216/210 173/217/211
f 183/218/212 184/219/213 175/220/214 174/221/215
f 184/219/213 185/222/216 176/223/217 175/220/214
f 185/222/216 186/224/218 177/163/164 176/223/217
f 188/215/209 183/218/212 174/221/215 179/216/210
f 172/185/204 180/213/207 171/105/96 163/4/95
f 189/212/206 182/214/208 173/217/211 180/213/207
f 178/164/165 177/163/164 186/224/218 187/225/219
f 173/217/211 179/216/210 170/110/104 164/109/103
f 174/221/215 175/220/214 166/121/115 165/120/114
f 175/220/214 176/223/217 167/126/120 166/121/115
f 176/223/217 177/163/164 168/131/125 167/126/120
f 179/216/210 174/221/215 165/120/114 170/110/104
f 180/213/207 173/217/211 164/109/103 171/105/96
f 161/159/159 156/158/158 183/218/212 188/215/209
f 158/160/160 159/142/136 186/224/218 185/222/216
f 157/161/161 158/160/160 185/222/216 184/219/213
f 156/158/158 157/161/161 184/219/213 183/218/212
f 155/156/156 161/159/159 188/215/209 182/214/208
f 154/82/162 162/157/157 189/212/206 181/188/205
f 187/225/219 186/224/218 159/142/136 160/141/135
f 133/208/201 132/210/203 134/226/220 135/227/221
f 162/157/157 155/156/156 182/214/208 189/212/206
f 132/210/203 137/148/142 130/204/198 134/226/220
f 136/206/198 133/208/201 135/227/221 131/211/142
f 211/56/52 124/145/139 220/203/173 221/171/173
f 132/210/203 140/209/202 138/149/143 137/148/142
usemtl Gold
f 93/174/173 29/173/174 33/202/197 92/228/222
f 33/202/197 34/201/196 95/229/223 92/228/222
f 94/230/224 30/184/56 212/183/54 224/231/224
f 95/229/223 34/201/196 30/184/56 94/230/224
f 23/53/49 93/174/173 92/228/222 19/54/50
f 20/50/46 95/229/223 94/230/224 27/52/48
f 27/52/48 94/230/224 224/231/224 210/102/54
f 92/228/222 95/229/223 76/200/195 68/84/80
f 60/83/79 19/54/50 92/228/222
f 68/84/80 60/83/79 92/228/222
f 52/49/45 95/229/223 20/50/46
f 76/200/195 95/229/223 52/49/45
f 220/203/173 219/232/225 134/226/220 130/204/198
f 134/226/220 219/232/225 223/233/226 135/227/221
f 222/234/224 224/231/224 212/183/54 131/211/142
f 223/233/226 222/234/224 131/211/142 135/227/221
f 124/145/139 119/147/141 219/232/225 220/203/173
f 120/143/137 128/144/138 222/234/224 223/233/226
f 128/144/138 210/102/54 224/231/224 222/234/224
f 219/232/225 178/164/165 187/225/219 223/233/226
f 169/162/163 219/232/225 119/147/141
f 178/164/165 219/232/225 169/162/163
f 160/141/135 120/143/137 223/233/226
f 187/225/219 160/141/135 223/233/226
usemtl BlackVoid
f 40/180/177 39/181/178 37/60/55 38/177/175
f 38/177/175 37/60/55 217/59/54 216/178/52
f 141/207/200 139/205/199 138/149/143 140/209/202
f 139/205/199 216/178/52 217/59/54 138/149/143
l 123 85
l 123 197
o Cylinder.052_Cylinder.027
v -1.621030 -0.355953 -4.197731
v -1.621030 -0.656294 -3.033458
v -1.621030 -0.766227 -1.443030
v -1.621030 -0.656294 0.147398
v -1.621030 -0.263292 1.313781
v -1.621030 0.054206 1.614851
v -1.621030 0.306403 1.438168
v -1.621030 0.763668 0.155171
v -1.621030 0.874869 -1.443029
v -1.621030 0.764936 -3.033456
v -1.621030 0.464595 -4.197731
v -1.621030 0.288086 -4.394298
v -1.621030 -0.179665 -4.394512
v -1.621030 0.297543 -1.485315
v -1.621030 -0.183033 -1.491744
v -1.621030 0.054450 -1.457196
v -1.720740 -0.203215 -4.303945
v -1.720740 -0.341180 -4.098540
v -1.720740 -0.630706 -2.976190
v -1.720740 -0.736680 -1.443030
v -1.720740 -0.630706 0.090130
v -1.720740 -0.249505 1.212480
v -1.720740 0.054321 1.500316
v -1.720740 0.294861 1.332732
v -1.720740 0.739348 0.090131
v -1.720741 0.845322 -1.443029
v -1.720740 0.739348 -2.976188
v -1.720740 0.449822 -4.098539
v -1.720740 0.326014 -1.408289
v -1.720740 0.054256 -1.342661
v -1.720740 0.311728 -4.303944
v -1.720740 -0.211555 -1.414887
v -1.676280 -0.341180 -4.098540
v -1.676280 -0.630706 -2.976190
v -1.676280 -0.736680 -1.443030
v -1.676280 -0.630706 0.090130
v -1.676280 -0.249505 1.212480
v -1.676280 0.054321 1.500316
v -1.676280 0.294861 1.332732
v -1.676280 0.739348 0.090131
v -1.676280 0.845322 -1.443029
v -1.676280 0.739348 -2.976188
v -1.676280 0.449822 -4.098539
v -1.676280 0.311728 -4.303944
v -1.676280 -0.203215 -4.303945
v -1.676280 0.326014 -1.408289
v -1.676280 -0.211555 -1.414887
v -1.676280 0.054256 -1.342661
v -1.720740 -0.221894 -4.289043
v -1.621030 -0.231850 -4.399676
v -1.676280 -0.221894 -4.289043
v -1.720740 0.323475 -4.294573
v -1.621030 0.327414 -4.401574
v -1.676280 0.323475 -4.294573
v -1.720740 -0.209528 -2.117073
v -1.621030 -0.182214 -2.197263
v -1.676280 -0.209528 -2.117073
v -1.720740 0.322429 -2.134893
v -1.621030 0.295170 -2.215263
v -1.676280 0.322429 -2.134893
v -1.720740 -0.192966 -1.409836
v -1.621030 -0.166425 -1.489328
v -1.676280 -0.192966 -1.409836
v -1.720740 0.310005 -1.404423
v -1.621030 0.283223 -1.483659
v -1.676280 0.310005 -1.404423
v -1.579150 -0.355953 -4.197731
v -1.579150 -0.656294 -3.033458
v -1.579150 -0.766227 -1.443030
v -1.579150 -0.656294 0.147398
v -1.579150 -0.263292 1.313781
v -1.579150 0.054206 1.614851
v -1.579150 0.306403 1.438168
v -1.579150 0.763668 0.155171
v -1.579150 0.874869 -1.443029
v -1.579150 0.764936 -3.033456
v -1.579150 0.464595 -4.197731
v -1.579150 0.288086 -4.394298
v -1.579150 -0.179665 -4.394512
v -1.579150 0.297543 -1.485315
v -1.579150 -0.183033 -1.491744
v -1.579150 0.054450 -1.457196
v -1.479440 -0.203215 -4.303945
v -1.479440 -0.341180 -4.098540
v -1.479440 -0.630706 -2.976190
v -1.479439 -0.736680 -1.443030
v -1.479440 -0.630706 0.090130
v -1.479440 -0.249505 1.212480
v -1.479440 0.054321 1.500316
v -1.479440 0.294861 1.332732
v -1.479440 0.739348 0.090131
v -1.479440 0.845322 -1.443029
v -1.479440 0.739348 -2.976188
v -1.479440 0.449822 -4.098539
v -1.479440 0.326014 -1.408289
v -1.479440 0.054256 -1.342661
v -1.479440 0.311728 -4.303944
v -1.479440 -0.211555 -1.414887
v -1.523900 -0.341180 -4.098540
v -1.523900 -0.630706 -2.976190
v -1.523900 -0.736680 -1.443030
v -1.523900 -0.630706 0.090130
v -1.523900 -0.249505 1.212480
v -1.523900 0.054321 1.500316
v -1.523900 0.294861 1.332732
v -1.523900 0.739348 0.090131
v -1.523900 0.845322 -1.443029
v -1.523900 0.739348 -2.976188
v -1.523900 0.449822 -4.098539
v -1.523900 0.311728 -4.303944
v -1.523900 -0.203215 -4.303945
v -1.523900 0.326014 -1.408289
v -1.523900 -0.211555 -1.414887
v -1.523900 0.054256 -1.342661
v -1.479440 -0.221894 -4.289043
v -1.579150 -0.231850 -4.399676
v -1.523900 -0.221894 -4.289043
v -1.600090 0.054450 -1.457196
v -1.600090 -0.355953 -4.197731
v -1.600090 -0.656294 -3.033458
v -1.600090 -0.766227 -1.443030
v -1.600090 -0.656294 0.147398
v -1.600090 -0.263292 1.313781
v -1.600090 0.054206 1.614851
v -1.600090 0.306403 1.438168
v -1.600090 0.763668 0.155171
v -1.600090 0.874869 -1.443029
v -1.600090 0.764936 -3.033456
v -1.600090 0.464595 -4.197731
v -1.600090 0.288086 -4.394298
v -1.600090 -0.179665 -4.394512
v -1.600090 0.297543 -1.485315
v -1.600090 -0.183033 -1.491744
v -1.600090 -0.231850 -4.399676
v -1.479440 0.323475 -4.294573
v -1.579150 0.327414 -4.401574
v -1.523900 0.323475 -4.294573
v -1.600090 0.327414 -4.401574
v -1.479440 -0.209528 -2.117073
v -1.579150 -0.182214 -2.197263
v -1.523900 -0.209528 -2.117073
v -1.600090 -0.182214 -2.197263
v -1.479440 0.322429 -2.134893
v -1.579150 0.295170 -2.215263
v -1.523900 0.322429 -2.134893
v -1.600090 0.295170 -2.215263
v -1.479440 -0.192966 -1.409836
v -1.579150 -0.166425 -1.489328
v -1.523900 -0.192966 -1.409836
v -1.600090 -0.166425 -1.489328
v -1.479440 0.310005 -1.404423
v -1.579150 0.283223 -1.483659
v -1.523900 0.310005 -1.404423
v -1.600090 0.283223 -1.483659
v 1.621030 -0.355953 -4.197731
v 1.621030 -0.656294 -3.033457
v 1.621030 -0.766227 -1.443030
v 1.621030 -0.656294 0.147398
v 1.621030 -0.263292 1.313782
v 1.621030 0.054206 1.614851
v 1.621030 0.306403 1.438168
v 1.621030 0.763668 0.155171
v 1.621030 0.874868 -1.443028
v 1.621030 0.764936 -3.033456
v 1.621030 0.464595 -4.197731
v 1.621030 0.288086 -4.394298
v 1.621030 -0.179665 -4.394512
v 1.621030 0.297543 -1.485315
v 1.621030 -0.183033 -1.491744
v 1.621030 0.054450 -1.457196
v 1.720741 -0.203215 -4.303945
v 1.720741 -0.341180 -4.098540
v 1.720741 -0.630706 -2.976189
v 1.720740 -0.736680 -1.443030
v 1.720741 -0.630706 0.090130
v 1.720741 -0.249505 1.212480
v 1.720741 0.054321 1.500316
v 1.720741 0.294861 1.332732
v 1.720741 0.739348 0.090131
v 1.720741 0.845322 -1.443028
v 1.720741 0.739348 -2.976188
v 1.720741 0.449822 -4.098539
v 1.720741 0.326014 -1.408289
v 1.720741 0.054256 -1.342661
v 1.720741 0.311728 -4.303944
v 1.720741 -0.211555 -1.414887
v 1.676280 -0.341180 -4.098540
v 1.676280 -0.630706 -2.976189
v 1.676280 -0.736680 -1.443030
v 1.676280 -0.630706 0.090130
v 1.676280 -0.249505 1.212480
v 1.676280 0.054321 1.500316
v 1.676280 0.294861 1.332732
v 1.676280 0.739348 0.090131
v 1.676280 0.845322 -1.443028
v 1.676280 0.739348 -2.976188
v 1.676280 0.449822 -4.098539
v 1.676280 0.311728 -4.303944
v 1.676280 -0.203215 -4.303945
v 1.676280 0.326014 -1.408289
v 1.676280 -0.211555 -1.414887
v 1.676280 0.054256 -1.342661
v 1.720741 -0.221894 -4.289043
v 1.621030 -0.231850 -4.399676
v 1.676280 -0.221894 -4.289043
v 1.720741 0.323475 -4.294572
v 1.621030 0.327414 -4.401574
v 1.676280 0.323475 -4.294572
v 1.720741 -0.209528 -2.117073
v 1.621030 -0.182214 -2.197263
v 1.676280 -0.209528 -2.117073
v 1.720741 0.322429 -2.134893
v 1.621030 0.295170 -2.215263
v 1.676280 0.322429 -2.134893
v 1.720741 -0.192966 -1.409836
v 1.621030 -0.166425 -1.489328
v 1.676280 -0.192966 -1.409836
v 1.720741 0.310005 -1.404423
v 1.621030 0.283223 -1.483658
v 1.676280 0.310005 -1.404423
v 1.579150 -0.355953 -4.197731
v 1.579150 -0.656294 -3.033457
v 1.579150 -0.766227 -1.443030
v 1.579150 -0.656294 0.147398
v 1.579150 -0.263292 1.313782
v 1.579150 0.054206 1.614851
v 1.579150 0.306403 1.438168
v 1.579150 0.763668 0.155171
v 1.579150 0.874868 -1.443028
v 1.579150 0.764936 -3.033456
v 1.579150 0.464595 -4.197731
v 1.579150 0.288086 -4.394298
v 1.579150 -0.179665 -4.394512
v 1.579150 0.297543 -1.485315
v 1.579150 -0.183033 -1.491744
v 1.579150 0.054450 -1.457196
v 1.479440 -0.203215 -4.303945
v 1.479440 -0.341180 -4.098540
v 1.479440 -0.630706 -2.976189
v 1.479440 -0.736680 -1.443030
v 1.479440 -0.630706 0.090130
v 1.479440 -0.249505 1.212480
v 1.479440 0.054321 1.500316
v 1.479440 0.294861 1.332732
v 1.479440 0.739348 0.090131
v 1.479440 0.845322 -1.443028
v 1.479440 0.739348 -2.976188
v 1.479440 0.449822 -4.098539
v 1.479440 0.326014 -1.408289
v 1.479440 0.054256 -1.342661
v 1.479440 0.311728 -4.303944
v 1.479440 -0.211555 -1.414887
v 1.523900 -0.341180 -4.098540
v 1.523900 -0.630706 -2.976189
v 1.523900 -0.736680 -1.443030
v 1.523900 -0.630706 0.090130
v 1.523900 -0.249505 1.212480
v 1.523900 0.054321 1.500316
v 1.523900 0.294861 1.332732
v 1.523900 0.739348 0.090131
v 1.523900 0.845322 -1.443028
v 1.523900 0.739348 -2.976188
v 1.523900 0.449822 -4.098539
v 1.523900 0.311728 -4.303944
v 1.523900 -0.203215 -4.303945
v 1.523900 0.326014 -1.408289
v 1.523900 -0.211555 -1.414887
v 1.523900 0.054256 -1.342661
v 1.479440 -0.221894 -4.289043
v 1.579150 -0.231850 -4.399676
v 1.523900 -0.221894 -4.289043
v 1.600090 0.054450 -1.457196
v 1.600090 -0.355953 -4.197731
v 1.600090 -0.656294 -3.033457
v 1.600090 -0.766227 -1.443030
v 1.600090 -0.656294 0.147398
v 1.600090 -0.263292 1.313782
v 1.600090 0.054206 1.614851
v 1.600090 0.306403 1.438168
v 1.600090 0.763668 0.155171
v 1.600090 0.874868 -1.443028
v 1.600090 0.764936 -3.033456
v 1.600090 0.464595 -4.197731
v 1.600090 0.288086 -4.394298
v 1.600090 -0.179665 -4.394512
v 1.600090 0.297543 -1.485315
v 1.600090 -0.183033 -1.491744
v 1.600090 -0.231850 -4.399676
v 1.479440 0.323475 -4.294572
v 1.579150 0.327414 -4.401574
v 1.523900 0.323475 -4.294572
v 1.600090 0.327414 -4.401574
v 1.479440 -0.209528 -2.117073
v 1.579150 -0.182214 -2.197263
v 1.523900 -0.209528 -2.117073
v 1.600090 -0.182214 -2.197263
v 1.479440 0.322429 -2.134893
v 1.579150 0.295170 -2.215263
v 1.523900 0.322429 -2.134893
v 1.600090 0.295170 -2.215263
v 1.479440 -0.192966 -1.409836
v 1.579150 -0.166425 -1.489328
v 1.523900 -0.192966 -1.409836
v 1.600090 -0.166425 -1.489328
v 1.479440 0.310005 -1.404423
v 1.579150 0.283223 -1.483658
v 1.523900 0.310005 -1.404423
v 1.600090 0.283223 -1.483658
vt 0.083333 0.592126
vt 0.043561 0.592126
vt 0.043568 0.500000
vt 0.083333 0.500000
vt 0.961039 0.592126
vt 0.958333 0.592126
vt 0.958333 0.500000
vt 0.961039 0.500000
vt 0.037108 0.500000
vt 0.037108 0.592126
vt 0.000000 0.592126
vt 0.000000 0.500000
vt 0.166667 0.500000
vt 0.166667 0.592126
vt 0.250000 0.500000
vt 0.250000 0.592126
vt 0.333333 0.500000
vt 0.333333 0.592126
vt 0.416667 0.500000
vt 0.416667 0.592126
vt 0.500000 0.500000
vt 0.500000 0.592126
vt 0.583333 0.500000
vt 0.583333 0.592126
vt 0.666667 0.500000
vt 0.666667 0.592126
vt 0.750000 0.500000
vt 0.750000 0.592126
vt 0.833333 0.500000
vt 0.833333 0.592126
vt 0.916667 0.500000
vt 0.916667 0.592126
vt 0.039992 0.500000
vt 0.039992 0.592126
vt 0.039431 0.592126
vt 0.039431 0.500000
vt 0.964572 0.592126
vt 0.961908 0.592126
vt 0.961908 0.500000
vt 0.964572 0.500000
vt 0.041667 0.592126
vt 0.041667 0.500000
vt 0.955311 0.592126
vt 0.955311 0.500000
vt 0.083333 0.592126
vt 0.083333 0.500000
vt 0.043568 0.500000
vt 0.043561 0.592126
vt 0.961039 0.592126
vt 0.961039 0.500000
vt 0.958333 0.500000
vt 0.958333 0.592126
vt 0.037108 0.500000
vt 0.000000 0.500000
vt 0.000000 0.592126
vt 0.037108 0.592126
vt 0.166667 0.500000
vt 0.166667 0.592126
vt 0.250000 0.500000
vt 0.250000 0.592126
vt 0.333333 0.500000
vt 0.333333 0.592126
vt 0.416667 0.500000
vt 0.416667 0.592126
vt 0.500000 0.500000
vt 0.500000 0.592126
vt 0.583333 0.500000
vt 0.583333 0.592126
vt 0.666667 0.500000
vt 0.666667 0.592126
vt 0.750000 0.500000
vt 0.750000 0.592126
vt 0.833333 0.500000
vt 0.833333 0.592126
vt 0.916667 0.500000
vt 0.916667 0.592126
vt 0.039992 0.500000
vt 0.039431 0.500000
vt 0.039431 0.592126
vt 0.039992 0.592126
vt 0.964572 0.592126
vt 0.964572 0.500000
vt 0.961908 0.500000
vt 0.961908 0.592126
vt 0.041667 0.592126
vt 0.041667 0.500000
vt 0.955311 0.500000
vt 0.955311 0.592126
vt 0.083333 0.592126
vt 0.083333 0.500000
vt 0.043568 0.500000
vt 0.043561 0.592126
vt 0.961039 0.592126
vt 0.961039 0.500000
vt 0.958333 0.500000
vt 0.958333 0.592126
vt 0.037108 0.500000
vt 0.000000 0.500000
vt 0.000000 0.592126
vt 0.037108 0.592126
vt 0.166667 0.500000
vt 0.166667 0.592126
vt 0.250000 0.500000
vt 0.250000 0.592126
vt 0.333333 0.500000
vt 0.333333 0.592126
vt 0.416667 0.500000
vt 0.416667 0.592126
vt 0.500000 0.500000
vt 0.500000 0.592126
vt 0.583333 0.500000
vt 0.583333 0.592126
vt 0.666667 0.500000
vt 0.666667 0.592126
vt 0.750000 0.500000
vt 0.750000 0.592126
vt 0.833333 0.500000
vt 0.833333 0.592126
vt 0.916667 0.500000
vt 0.916667 0.592126
vt 0.039992 0.500000
vt 0.039431 0.500000
vt 0.039431 0.592126
vt 0.039992 0.592126
vt 0.964572 0.592126
vt 0.964572 0.500000
vt 0.961908 0.500000
vt 0.961908 0.592126
vt 0.041667 0.592126
vt 0.041667 0.500000
vt 0.955311 0.500000
vt 0.955311 0.592126
vt 0.083333 0.592126
vt 0.043561 0.592126
vt 0.043568 0.500000
vt 0.083333 0.500000
vt 0.961039 0.592126
vt 0.958333 0.592126
vt 0.958333 0.500000
vt 0.961039 0.500000
vt 0.037108 0.500000
vt 0.037108 0.592126
vt 0.000000 0.592126
vt 0.000000 0.500000
vt 0.166667 0.500000
vt 0.166667 0.592126
vt 0.250000 0.500000
vt 0.250000 0.592126
vt 0.333333 0.500000
vt 0.333333 0.592126
vt 0.416667 0.500000
vt 0.416667 0.592126
vt 0.500000 0.500000
vt 0.500000 0.592126
vt 0.583333 0.500000
vt 0.583333 0.592126
vt 0.666667 0.500000
vt 0.666667 0.592126
vt 0.750000 0.500000
vt 0.750000 0.592126
vt 0.833333 0.500000
vt 0.833333 0.592126
vt 0.916667 0.500000
vt 0.916667 0.592126
vt 0.039992 0.500000
vt 0.039992 0.592126
vt 0.039431 0.592126
vt 0.039431 0.500000
vt 0.964572 0.592126
vt 0.961908 0.592126
vt 0.961908 0.500000
vt 0.964572 0.500000
vt 0.041667 0.592126
vt 0.041667 0.500000
vt 0.955311 0.592126
vt 0.955311 0.500000
vt 0.041667 0.684253
vt 0.043568 0.684253
vt 0.916667 0.684253
vt 0.833333 0.684253
vt 0.750000 0.684253
vt 0.666667 0.684253
vt 0.583333 0.684253
vt 0.500000 0.684253
vt 0.416667 0.684253
vt 0.333333 0.684253
vt 0.250000 0.684253
vt 0.166667 0.684253
vt 0.083333 0.684253
vt 0.083333 0.740281
vt 0.043568 0.740281
vt 0.961039 0.740281
vt 0.958333 0.740281
vt 0.958333 0.684253
vt 0.961039 0.684253
vt 0.955310 0.740281
vt 0.955310 0.684253
vt 0.916667 0.740281
vt 0.833333 0.740281
vt 0.750000 0.740281
vt 0.666667 0.740281
vt 0.583333 0.740281
vt 0.500000 0.740281
vt 0.416667 0.740281
vt 0.333333 0.740281
vt 0.250000 0.740281
vt 0.166667 0.740281
vt 0.041667 0.740281
vt 0.039992 0.740281
vt 0.039992 0.684253
vt 0.041667 0.684253
vt 0.043568 0.684253
vt 0.833333 0.684253
vt 0.916667 0.684253
vt 0.750000 0.684253
vt 0.666667 0.684253
vt 0.583333 0.684253
vt 0.500000 0.684253
vt 0.416667 0.684253
vt 0.333333 0.684253
vt 0.250000 0.684253
vt 0.166667 0.684253
vt 0.083333 0.684253
vt 0.961039 0.684253
vt 0.958333 0.684253
vt 0.955310 0.684253
vt 0.039992 0.684253
vt 0.041667 0.684253
vt 0.043568 0.684253
vt 0.833333 0.684253
vt 0.916667 0.684253
vt 0.750000 0.684253
vt 0.666667 0.684253
vt 0.583333 0.684253
vt 0.500000 0.684253
vt 0.416667 0.684253
vt 0.333333 0.684253
vt 0.250000 0.684253
vt 0.166667 0.684253
vt 0.083333 0.684253
vt 0.043568 0.740281
vt 0.083333 0.740281
vt 0.961039 0.740281
vt 0.961039 0.684253
vt 0.958333 0.684253
vt 0.958333 0.740281
vt 0.955310 0.684253
vt 0.955310 0.740281
vt 0.916667 0.740281
vt 0.833333 0.740281
vt 0.750000 0.740281
vt 0.666667 0.740281
vt 0.583333 0.740281
vt 0.500000 0.740281
vt 0.416667 0.740281
vt 0.333333 0.740281
vt 0.250000 0.740281
vt 0.166667 0.740281
vt 0.041667 0.740281
vt 0.039992 0.684253
vt 0.039992 0.740281
vt 0.041667 0.684253
vt 0.043568 0.684253
vt 0.916667 0.684253
vt 0.833333 0.684253
vt 0.750000 0.684253
vt 0.666667 0.684253
vt 0.583333 0.684253
vt 0.500000 0.684253
vt 0.416667 0.684253
vt 0.333333 0.684253
vt 0.250000 0.684253
vt 0.166667 0.684253
vt 0.083333 0.684253
vt 0.958333 0.684253
vt 0.961039 0.684253
vt 0.955310 0.684253
vt 0.039992 0.684253
vt 0.814353 0.472757
vt 0.870000 0.457846
vt 0.957846 0.370000
vt 0.990000 0.250000
vt 0.957846 0.130000
vt 0.870000 0.042154
vt 0.750000 0.010000
vt 0.630000 0.042154
vt 0.542154 0.130000
vt 0.510000 0.250000
vt 0.542154 0.370000
vt 0.630000 0.457846
vt 0.687262 0.473184
vt 0.690000 0.473923
vt 0.692412 0.474569
vt 0.693220 0.474786
vt 0.696565 0.475682
vt 0.750000 0.490000
vt 0.801017 0.476330
vt 0.804853 0.475302
vt 0.806104 0.474967
vt 0.810000 0.473923
vt 0.814353 0.472757
vt 0.810000 0.473923
vt 0.806104 0.474967
vt 0.804853 0.475302
vt 0.801017 0.476330
vt 0.750000 0.490000
vt 0.696565 0.475682
vt 0.693220 0.474786
vt 0.692412 0.474569
vt 0.690000 0.473923
vt 0.687262 0.473184
vt 0.630000 0.457846
vt 0.542154 0.370000
vt 0.510000 0.250000
vt 0.542154 0.130000
vt 0.630000 0.042154
vt 0.750000 0.010000
vt 0.870000 0.042154
vt 0.957846 0.130000
vt 0.990000 0.250000
vt 0.957846 0.370000
vt 0.870000 0.457846
vt 0.814353 0.472757
vt 0.810000 0.473923
vt 0.806104 0.474967
vt 0.804853 0.475302
vt 0.801017 0.476330
vt 0.750000 0.490000
vt 0.696565 0.475682
vt 0.693220 0.474786
vt 0.692412 0.474569
vt 0.690000 0.473923
vt 0.687262 0.473184
vt 0.630000 0.457846
vt 0.542154 0.370000
vt 0.510000 0.250000
vt 0.542154 0.130000
vt 0.630000 0.042154
vt 0.750000 0.010000
vt 0.870000 0.042154
vt 0.957846 0.130000
vt 0.990000 0.250000
vt 0.957846 0.370000
vt 0.870000 0.457846
vt 0.814353 0.472757
vt 0.870000 0.457846
vt 0.957846 0.370000
vt 0.990000 0.250000
vt 0.957846 0.130000
vt 0.870000 0.042154
vt 0.750000 0.010000
vt 0.630000 0.042154
vt 0.542154 0.130000
vt 0.510000 0.250000
vt 0.542154 0.370000
vt 0.630000 0.457846
vt 0.687262 0.473184
vt 0.690000 0.473923
vt 0.692412 0.474569
vt 0.693220 0.474786
vt 0.696565 0.475682
vt 0.750000 0.490000
vt 0.801017 0.476330
vt 0.804853 0.475302
vt 0.806104 0.474967
vt 0.810000 0.473923
vt 0.964572 0.740281
vt 0.961908 0.740281
vt 0.961908 0.684253
vt 0.964572 0.684253
vt 0.039431 0.684253
vt 0.037108 0.684253
vt 1.000000 0.740281
vt 1.000000 0.684253
vt 0.964572 0.684253
vt 0.961908 0.684253
vt 0.037108 0.684253
vt 0.039431 0.684253
vt 1.000000 0.684253
vt 0.964572 0.740281
vt 0.964572 0.684253
vt 0.961908 0.684253
vt 0.961908 0.740281
vt 0.037108 0.684253
vt 0.039431 0.684253
vt 1.000000 0.740281
vt 1.000000 0.684253
vt 0.961908 0.684253
vt 0.964572 0.684253
vt 0.039431 0.684253
vt 0.037108 0.684253
vt 1.000000 0.684253
vt 0.000000 0.684253
vt 0.037108 0.740281
vt 0.000000 0.740281
vt 0.039431 0.740281
vt 1.000000 0.500000
vt 1.000000 0.592126
vt 0.000000 0.684253
vt 1.000000 0.592126
vt 1.000000 0.500000
vt 0.000000 0.684253
vt 0.000000 0.740281
vt 0.037108 0.740281
vt 0.039431 0.740281
vt 1.000000 0.592126
vt 1.000000 0.500000
vt 0.000000 0.684253
vt 1.000000 0.500000
vt 1.000000 0.592126
vn -0.3465 0.8740 -0.3405
vn -0.4759 0.6381 -0.6052
vn -0.6724 0.5491 -0.4963
vn -0.6729 0.6776 -0.2965
vn -0.2269 0.9739 0.0024
vn -0.6497 0.5793 -0.4922
vn -0.5499 0.3634 -0.7520
vn -0.7070 0.7071 0.0020
vn -0.7071 -0.1660 -0.6873
vn -0.4858 -0.1885 -0.8535
vn -0.4746 0.0121 -0.8801
vn -0.6552 0.0107 -0.7554
vn -0.6870 0.7172 -0.1163
vn -0.2650 0.9546 -0.1358
vn -0.6919 0.7220 0.0000
vn -0.2444 0.9697 0.0001
vn -0.6775 0.7198 0.1506
vn -0.2760 0.9466 0.1668
vn -0.6446 0.6073 0.4645
vn -0.4292 0.7573 0.4922
vn -0.5888 -0.0605 0.8060
vn -0.6565 -0.0747 0.7506
vn -0.6568 -0.6348 0.4068
vn -0.4008 -0.7997 0.4470
vn -0.6792 -0.7195 0.1445
vn -0.2767 -0.9470 0.1632
vn -0.6919 -0.7220 0.0000
vn -0.2456 -0.9694 0.0000
vn -0.6870 -0.7172 -0.1163
vn -0.2650 -0.9546 -0.1358
vn -0.6742 -0.6785 -0.2916
vn -0.3465 -0.8763 -0.3347
vn -0.7071 -0.7071 0.0035
vn -0.2255 -0.9742 0.0044
vn -0.3934 -0.6955 -0.6013
vn -0.5905 -0.6353 -0.4976
vn -0.4865 0.2127 -0.8474
vn -0.3936 0.7031 -0.5922
vn -0.5924 0.6407 -0.4884
vn -0.7071 0.1854 -0.6824
vn -0.6396 -0.5946 -0.4872
vn -0.5498 -0.3642 -0.7517
vn -0.4804 -0.6460 -0.5932
vn -0.6711 -0.5532 -0.4935
vn 0.3465 0.8740 -0.3405
vn 0.6729 0.6776 -0.2965
vn 0.6724 0.5491 -0.4963
vn 0.4759 0.6381 -0.6052
vn 0.2269 0.9739 0.0024
vn 0.7070 0.7071 0.0020
vn 0.5499 0.3634 -0.7520
vn 0.6497 0.5793 -0.4922
vn 0.7071 -0.1660 -0.6874
vn 0.6552 0.0107 -0.7554
vn 0.4746 0.0121 -0.8801
vn 0.4858 -0.1885 -0.8535
vn 0.6870 0.7172 -0.1163
vn 0.2650 0.9546 -0.1358
vn 0.6919 0.7220 0.0000
vn 0.2444 0.9697 0.0001
vn 0.6775 0.7198 0.1506
vn 0.2760 0.9466 0.1668
vn 0.6446 0.6073 0.4645
vn 0.4291 0.7573 0.4922
vn 0.5888 -0.0605 0.8060
vn 0.6565 -0.0747 0.7506
vn 0.6568 -0.6348 0.4068
vn 0.4008 -0.7997 0.4470
vn 0.6792 -0.7195 0.1445
vn 0.2767 -0.9470 0.1632
vn 0.6919 -0.7220 0.0000
vn 0.2456 -0.9694 0.0000
vn 0.6870 -0.7172 -0.1163
vn 0.2650 -0.9546 -0.1358
vn 0.6742 -0.6785 -0.2916
vn 0.3465 -0.8763 -0.3347
vn 0.7071 -0.7071 0.0035
vn 0.5905 -0.6353 -0.4976
vn 0.3934 -0.6955 -0.6013
vn 0.2255 -0.9742 0.0044
vn 0.4865 0.2127 -0.8474
vn 0.7071 0.1854 -0.6824
vn 0.5924 0.6407 -0.4884
vn 0.3936 0.7031 -0.5922
vn 0.6396 -0.5946 -0.4872
vn 0.5498 -0.3642 -0.7517
vn 0.6711 -0.5532 -0.4935
vn 0.4804 -0.6460 -0.5932
vn 0.7071 -0.1660 -0.6873
vn 0.4292 0.7573 0.4922
vn -0.4291 0.7573 0.4922
vn -0.3934 -0.6955 -0.6012
vn -0.4289 -0.6501 -0.6272
vn -0.4366 0.3581 -0.8253
vn -0.3865 -0.8379 -0.3854
vn -0.2827 -0.9441 -0.1695
vn -0.2406 -0.9706 0.0000
vn -0.3005 -0.9310 0.2072
vn -0.4201 -0.7479 0.5139
vn -0.4523 -0.0620 0.8897
vn -0.4341 0.6963 0.5715
vn -0.3070 0.9263 0.2182
vn -0.2394 0.9709 0.0002
vn -0.2827 0.9441 -0.1695
vn -0.3817 0.8315 -0.4035
vn 0.0000 0.9121 -0.4100
vn 0.0000 0.3873 -0.9219
vn 0.0000 1.0000 0.0012
vn 0.0000 0.7415 -0.6709
vn -0.4321 0.6241 -0.6510
vn -0.2165 0.9763 0.0015
vn 0.0000 -0.4444 -0.8958
vn -0.4369 -0.4090 -0.8011
vn 0.0000 -0.9204 -0.3910
vn 0.0000 -0.9871 -0.1600
vn 0.0000 -1.0000 0.0000
vn 0.0000 -0.9807 0.1957
vn 0.0000 -0.8427 0.5383
vn 0.0000 -0.0738 0.9973
vn 0.0000 0.7954 0.6060
vn 0.0000 0.9789 0.2044
vn 0.0000 1.0000 0.0002
vn 0.0000 0.9871 -0.1600
vn 0.0000 -0.7698 -0.6383
vn 0.0000 -1.0000 0.0032
vn -0.2152 -0.9765 0.0035
vn 0.4289 -0.6501 -0.6272
vn 0.4366 0.3581 -0.8253
vn 0.2827 -0.9441 -0.1695
vn 0.3865 -0.8378 -0.3854
vn 0.2406 -0.9706 0.0000
vn 0.3005 -0.9310 0.2072
vn 0.4201 -0.7479 0.5139
vn 0.4523 -0.0620 0.8897
vn 0.4341 0.6963 0.5715
vn 0.3070 0.9263 0.2182
vn 0.2394 0.9709 0.0002
vn 0.2827 0.9441 -0.1695
vn 0.3817 0.8315 -0.4035
vn 0.2165 0.9763 0.0015
vn 0.4321 0.6241 -0.6510
vn 0.4369 -0.4090 -0.8011
vn 0.2152 -0.9765 0.0035
vn 0.3865 -0.8379 -0.3854
vn -0.3865 -0.8378 -0.3854
vn 0.0000 0.1440 -0.9896
vn 0.0000 0.7566 -0.6538
vn -0.4631 0.7615 -0.4535
vn -0.4886 0.1447 -0.8604
vn -0.4681 -0.7545 -0.4599
vn -0.4885 -0.1195 -0.8643
vn 0.0000 0.0146 -0.9999
vn -0.5264 0.0128 -0.8501
vn 0.4886 0.1447 -0.8604
vn 0.4631 0.7615 -0.4535
vn 0.4885 -0.1195 -0.8643
vn 0.4681 -0.7545 -0.4599
vn 0.5264 0.0128 -0.8501
vn 0.0000 -0.1149 -0.9933
vn 0.0000 -0.7477 -0.6640
usemtl Porple
s 1
f 267/235/227 278/236/228 276/237/229 252/238/230
f 281/239/231 269/240/232 241/241/233 279/242/234
f 288/243/235 290/244/236 272/245/237 254/246/238
f 251/247/239 266/248/240 267/235/227 252/238/230
f 250/249/241 265/250/242 266/248/240 251/247/239
f 249/251/243 264/252/244 265/250/242 250/249/241
f 248/253/245 263/254/246 264/252/244 249/251/243
f 247/255/247 262/256/248 263/254/246 248/253/245
f 246/257/249 261/258/250 262/256/248 247/255/247
f 245/259/251 260/260/252 261/258/250 246/257/249
f 244/261/253 259/262/254 260/260/252 245/259/251
f 243/263/255 258/264/256 259/262/254 244/261/253
f 242/265/257 257/266/258 258/264/256 243/263/255
f 282/267/259 284/268/260 270/269/261 253/270/262
f 287/271/263 271/272/264 256/273/265 285/274/266
f 268/275/267 255/276/268 276/237/229 278/236/228
f 269/240/232 275/277/269 273/278/270 241/241/233
f 333/279/271 318/280/272 359/281/273 361/282/274
f 365/283/275 363/284/276 307/285/277 335/286/278
f 375/287/279 320/288/280 338/289/281 377/290/282
f 317/291/283 318/280/272 333/279/271 332/292/284
f 316/293/285 317/291/283 332/292/284 331/294/286
f 315/295/287 316/293/285 331/294/286 330/296/288
f 314/297/289 315/295/287 330/296/288 329/298/290
f 313/299/291 314/297/289 329/298/290 328/300/292
f 312/301/293 313/299/291 328/300/292 327/302/294
f 311/303/295 312/301/293 327/302/294 326/304/296
f 310/305/297 311/303/295 326/304/296 325/306/298
f 309/307/299 310/305/297 325/306/298 324/308/300
f 308/309/301 309/307/299 324/308/300 323/310/302
f 367/311/303 319/312/304 336/313/305 369/314/306
f 373/315/307 371/316/308 322/317/309 337/318/310
f 334/319/311 361/282/274 359/281/273 321/320/312
f 335/286/278 307/285/277 339/321/313 341/322/314
f 421/323/271 406/324/272 430/325/273 432/326/274
f 435/327/275 433/328/276 395/329/277 423/330/278
f 442/331/315 408/332/280 426/333/281 444/334/282
f 405/335/283 406/324/272 421/323/271 420/336/284
f 404/337/285 405/335/283 420/336/284 419/338/286
f 403/339/287 404/337/285 419/338/286 418/340/288
f 402/341/289 403/339/287 418/340/288 417/342/316
f 401/343/291 402/341/289 417/342/316 416/344/292
f 400/345/293 401/343/291 416/344/292 415/346/294
f 399/347/295 400/345/293 415/346/294 414/348/296
f 398/349/297 399/347/295 414/348/296 413/350/298
f 397/351/299 398/349/297 413/350/298 412/352/300
f 396/353/301 397/351/299 412/352/300 411/354/302
f 436/355/303 407/356/304 424/357/305 438/358/306
f 441/359/307 439/360/308 410/361/309 425/362/310
f 422/363/311 432/326/274 430/325/273 409/364/312
f 423/330/278 395/329/277 427/365/313 429/366/314
f 487/367/227 515/368/228 513/369/229 472/370/230
f 519/371/231 489/372/232 461/373/233 517/374/234
f 529/375/235 531/376/236 492/377/237 474/378/238
f 471/379/239 486/380/240 487/367/227 472/370/230
f 470/381/241 485/382/242 486/380/240 471/379/239
f 469/383/243 484/384/244 485/382/242 470/381/241
f 468/385/245 483/386/317 484/384/244 469/383/243
f 467/387/247 482/388/248 483/386/317 468/385/245
f 466/389/249 481/390/250 482/388/248 467/387/247
f 465/391/251 480/392/252 481/390/250 466/389/249
f 464/393/253 479/394/254 480/392/252 465/391/251
f 463/395/255 478/396/256 479/394/254 464/393/253
f 462/397/257 477/398/258 478/396/256 463/395/255
f 521/399/259 523/400/260 490/401/318 473/402/262
f 527/403/263 491/404/264 476/405/265 525/406/266
f 488/407/267 475/408/268 513/369/229 515/368/228
f 489/372/232 495/409/269 493/410/270 461/373/233
usemtl Gold
f 236/411/319 268/275/267 278/236/228 277/412/320
f 255/276/268 268/275/267 284/268/260 282/267/259
f 257/266/258 225/413/321 226/414/322 258/264/256
f 258/264/256 226/414/322 227/415/323 259/262/254
f 259/262/254 227/415/323 228/416/324 260/260/252
f 260/260/252 228/416/324 229/417/325 261/258/250
f 261/258/250 229/417/325 230/418/326 262/256/248
f 262/256/248 230/418/326 231/419/327 263/254/246
f 263/254/246 231/419/327 232/420/328 264/252/244
f 264/252/244 232/420/328 233/421/329 265/250/242
f 265/250/242 233/421/329 234/422/330 266/248/240
f 266/248/240 234/422/330 235/423/331 267/235/227
f 235/423/331 353/424/332 362/425/333 277/412/320
f 366/426/334 355/427/335 237/428/336 280/429/337
f 355/427/335 358/430/338 274/431/339 237/428/336
f 358/430/338 343/432/340 225/413/321 274/431/339
f 225/413/321 343/432/340 344/433/341 226/414/322
f 226/414/322 344/433/341 345/434/342 227/415/323
f 227/415/323 345/434/342 346/435/343 228/416/324
f 228/416/324 346/435/343 347/436/344 229/417/325
f 229/417/325 347/436/344 348/437/345 230/418/326
f 230/418/326 348/437/345 349/438/346 231/419/327
f 231/419/327 349/438/346 350/439/347 232/420/328
f 232/420/328 350/439/347 351/440/348 233/421/329
f 233/421/329 351/440/348 352/441/349 234/422/330
f 234/422/330 352/441/349 353/424/332 235/423/331
f 277/412/320 362/425/333 354/442/350 236/411/319
f 257/266/258 242/265/257 273/278/270 275/277/269
f 236/411/319 354/442/350 370/443/351 283/444/352
f 302/445/353 360/446/354 361/282/274 334/319/311
f 321/320/312 367/311/303 369/314/306 334/319/311
f 323/310/302 324/308/300 292/447/355 291/448/356
f 324/308/300 325/306/298 293/449/357 292/447/355
f 325/306/298 326/304/296 294/450/358 293/449/357
f 326/304/296 327/302/294 295/451/359 294/450/358
f 327/302/294 328/300/292 296/452/360 295/451/359
f 328/300/292 329/298/290 297/453/361 296/452/360
f 329/298/290 330/296/288 298/454/362 297/453/361
f 330/296/288 331/294/286 299/455/363 298/454/362
f 331/294/286 332/292/284 300/456/364 299/455/363
f 332/292/284 333/279/271 301/457/365 300/456/364
f 301/457/365 360/446/354 362/425/333 353/424/332
f 366/426/334 364/458/366 303/459/367 355/427/335
f 355/427/335 303/459/367 340/460/368 358/430/338
f 358/430/338 340/460/368 291/448/356 343/432/340
f 291/448/356 292/447/355 344/433/341 343/432/340
f 292/447/355 293/449/357 345/434/342 344/433/341
f 293/449/357 294/450/358 346/435/343 345/434/342
f 294/450/358 295/451/359 347/436/344 346/435/343
f 295/451/359 296/452/360 348/437/345 347/436/344
f 296/452/360 297/453/361 349/438/346 348/437/345
f 297/453/361 298/454/362 350/439/347 349/438/346
f 298/454/362 299/455/363 351/440/348 350/439/347
f 299/455/363 300/456/364 352/441/349 351/440/348
f 300/456/364 301/457/365 353/424/332 352/441/349
f 360/446/354 302/445/353 354/442/350 362/425/333
f 323/310/302 341/322/314 339/321/313 308/309/301
f 302/445/353 368/461/369 370/443/351 354/442/350
f 390/462/353 431/463/354 432/326/274 422/363/311
f 409/364/312 436/355/303 438/358/306 422/363/311
f 411/354/302 412/352/300 380/464/355 379/465/370
f 412/352/300 413/350/298 381/466/357 380/464/355
f 413/350/298 414/348/296 382/467/358 381/466/357
f 414/348/296 415/346/294 383/468/359 382/467/358
f 415/346/294 416/344/292 384/469/360 383/468/359
f 416/344/292 417/342/316 385/470/361 384/469/360
f 417/342/316 418/340/288 386/471/362 385/470/361
f 418/340/288 419/338/286 387/472/363 386/471/362
f 419/338/286 420/336/284 388/473/364 387/472/363
f 420/336/284 421/323/271 389/474/365 388/473/364
f 389/474/365 431/463/354 516/475/333 507/476/332
f 520/477/334 434/478/366 391/479/367 509/480/335
f 509/480/335 391/479/367 428/481/368 512/482/338
f 512/482/338 428/481/368 379/465/370 497/483/340
f 379/465/370 380/464/355 498/484/341 497/483/340
f 380/464/355 381/466/357 499/485/342 498/484/341
f 381/466/357 382/467/358 500/486/343 499/485/342
f 382/467/358 383/468/359 501/487/344 500/486/343
f 383/468/359 384/469/360 502/488/345 501/487/344
f 384/469/360 385/470/361 503/489/346 502/488/345
f 385/470/361 386/471/362 504/490/347 503/489/346
f 386/471/362 387/472/363 505/491/348 504/490/347
f 387/472/363 388/473/364 506/492/349 505/491/348
f 388/473/364 389/474/365 507/476/332 506/492/349
f 431/463/354 390/462/353 508/493/350 516/475/333
f 411/354/302 429/366/314 427/365/313 396/353/301
f 390/462/353 437/494/369 524/495/351 508/493/350
f 456/496/319 488/407/267 515/368/228 514/497/320
f 475/408/268 488/407/267 523/400/260 521/399/259
f 477/398/258 445/498/371 446/499/322 478/396/256
f 478/396/256 446/499/322 447/500/323 479/394/254
f 479/394/254 447/500/323 448/501/324 480/392/252
f 480/392/252 448/501/324 449/502/325 481/390/250
f 481/390/250 449/502/325 450/503/326 482/388/248
f 482/388/248 450/503/326 451/504/327 483/386/317
f 483/386/317 451/504/327 452/505/328 484/384/244
f 484/384/244 452/505/328 453/506/329 485/382/242
f 485/382/242 453/506/329 454/507/330 486/380/240
f 486/380/240 454/507/330 455/508/331 487/367/227
f 455/508/331 507/476/332 516/475/333 514/497/320
f 520/477/334 509/480/335 457/509/336 518/510/337
f 509/480/335 512/482/338 494/511/339 457/509/336
f 512/482/338 497/483/340 445/498/371 494/511/339
f 445/498/371 497/483/340 498/484/341 446/499/322
f 446/499/322 498/484/341 499/485/342 447/500/323
f 447/500/323 499/485/342 500/486/343 448/501/324
f 448/501/324 500/486/343 501/487/344 449/502/325
f 449/502/325 501/487/344 502/488/345 450/503/326
f 450/503/326 502/488/345 503/489/346 451/504/327
f 451/504/327 503/489/346 504/490/347 452/505/328
f 452/505/328 504/490/347 505/491/348 453/506/329
f 453/506/329 505/491/348 506/492/349 454/507/330
f 454/507/330 506/492/349 507/476/332 455/508/331
f 514/497/320 516/475/333 508/493/350 456/496/319
f 477/398/258 462/397/257 493/410/270 495/409/269
f 456/496/319 508/493/350 524/495/351 522/512/352
usemtl DarkPorple
f 273/513/270 242/514/257 243/515/255 244/516/253 245/517/251 246/518/249 247/519/247 248/520/245 249/521/243 250/522/241 251/523/239 252/524/230 276/525/229 255/526/268 282/527/259 253/528/262 288/529/235 254/530/238 285/531/266 256/532/265 279/533/234 241/534/233
f 268/275/267 236/411/319 283/444/352 284/268/260
f 280/429/337 237/428/336 269/240/232 281/239/231
f 235/423/331 277/412/320 278/236/228 267/235/227
f 274/431/339 225/413/321 257/266/258 275/277/269
f 237/428/336 274/431/339 275/277/269 269/240/232
f 339/535/313 307/536/277 363/537/276 322/538/309 371/539/308 320/540/280 375/541/279 319/542/304 367/543/303 321/544/312 359/545/273 318/546/272 317/547/283 316/548/285 315/549/287 314/550/289 313/551/291 312/552/293 311/553/295 310/554/297 309/555/299 308/556/301
f 334/319/311 369/314/306 368/461/369 302/445/353
f 364/458/366 365/283/275 335/286/278 303/459/367
f 301/457/365 333/279/271 361/282/274 360/446/354
f 340/460/368 341/322/314 323/310/302 291/448/356
f 303/459/367 335/286/278 341/322/314 340/460/368
f 427/557/313 395/558/277 433/559/276 410/560/309 439/561/308 408/562/280 442/563/315 407/564/304 436/565/303 409/566/312 430/567/273 406/568/272 405/569/283 404/570/285 403/571/287 402/572/289 401/573/291 400/574/293 399/575/295 398/576/297 397/577/299 396/578/301
f 422/363/311 438/358/306 437/494/369 390/462/353
f 434/478/366 435/327/275 423/330/278 391/479/367
f 389/474/365 421/323/271 432/326/274 431/463/354
f 428/481/368 429/366/314 411/354/302 379/465/370
f 391/479/367 423/330/278 429/366/314 428/481/368
f 493/579/270 462/580/257 463/581/255 464/582/253 465/583/251 466/584/249 467/585/247 468/586/245 469/587/243 470/588/241 471/589/239 472/590/230 513/591/229 475/592/268 521/593/259 473/594/262 529/595/235 474/596/238 525/597/266 476/598/265 517/599/234 461/600/233
f 488/407/267 456/496/319 522/512/352 523/400/260
f 518/510/337 457/509/336 489/372/232 519/371/231
f 455/508/331 514/497/320 515/368/228 487/367/227
f 494/511/339 445/498/371 477/398/258 495/409/269
f 457/509/336 494/511/339 495/409/269 489/372/232
usemtl LightGray
f 374/601/372 357/602/373 239/603/374 286/604/375
f 270/269/261 238/605/376 289/606/377 290/244/236
f 286/604/375 239/603/374 271/272/264 287/271/263
f 357/602/373 366/426/334 280/429/337 239/603/374
f 342/607/378 374/601/372 286/604/375 240/608/379
f 374/601/372 372/609/380 305/610/381 357/602/373
f 336/313/305 377/290/282 376/611/382 304/612/383
f 372/609/380 373/315/307 337/318/310 305/610/381
f 357/602/373 305/610/381 364/458/366 366/426/334
f 342/607/378 306/613/384 372/609/380 374/601/372
f 528/614/372 440/615/380 393/616/381 511/617/373
f 424/357/305 444/334/282 443/618/382 392/619/383
f 440/615/380 441/359/307 425/362/310 393/616/381
f 511/617/373 393/616/381 434/478/366 520/477/334
f 496/620/378 394/621/384 440/615/380 528/614/372
f 528/614/372 511/617/373 459/622/374 526/623/375
f 490/401/318 458/624/376 530/625/377 531/376/236
f 526/623/375 459/622/374 491/404/264 527/403/263
f 511/617/373 520/477/334 518/510/337 459/622/374
f 496/620/378 528/614/372 526/623/375 460/626/379
usemtl DarkGray
f 253/270/262 270/269/261 290/244/236 288/243/235
f 284/268/260 283/444/352 238/605/376 270/269/261
f 280/429/337 281/239/231 271/272/264 239/603/374
f 290/244/236 289/606/377 240/627/379 272/245/237
f 289/606/377 378/628/385 342/629/378 240/627/379
f 283/444/352 370/443/351 356/630/386 238/605/376
f 287/271/263 285/274/266 254/631/238 272/632/237
f 286/604/375 287/271/263 272/632/237 240/608/379
f 281/239/231 279/242/234 256/273/265 271/272/264
f 238/605/376 356/630/386 378/628/385 289/606/377
f 319/312/304 375/287/279 377/290/282 336/313/305
f 369/314/306 336/313/305 304/612/383 368/461/369
f 364/458/366 305/610/381 337/318/310 365/283/275
f 377/290/282 338/289/281 306/633/384 376/611/382
f 376/611/382 306/633/384 342/629/378 378/628/385
f 368/461/369 304/612/383 356/630/386 370/443/351
f 373/315/307 338/634/281 320/635/280 371/316/308
f 372/609/380 306/613/384 338/634/281 373/315/307
f 365/283/275 337/318/310 322/317/309 363/284/276
f 304/612/383 376/611/382 378/628/385 356/630/386
f 407/356/304 442/331/315 444/334/282 424/357/305
f 438/358/306 424/357/305 392/619/383 437/494/369
f 434/478/366 393/616/381 425/362/310 435/327/275
f 444/334/282 426/333/281 394/636/384 443/618/382
f 443/618/382 394/636/384 496/637/378 532/638/385
f 437/494/369 392/619/383 510/639/386 524/495/351
f 441/359/307 426/640/281 408/641/280 439/360/308
f 440/615/380 394/621/384 426/640/281 441/359/307
f 435/327/275 425/362/310 410/361/309 433/328/276
f 392/619/383 443/618/382 532/638/385 510/639/386
f 473/402/262 490/401/318 531/376/236 529/375/235
f 523/400/260 522/512/352 458/624/376 490/401/318
f 518/510/337 519/371/231 491/404/264 459/622/374
f 531/376/236 530/625/377 460/642/379 492/377/237
f 530/625/377 532/638/385 496/637/378 460/642/379
f 522/512/352 524/495/351 510/639/386 458/624/376
f 527/403/263 525/406/266 474/643/238 492/644/237
f 526/623/375 527/403/263 492/644/237 460/626/379
f 519/371/231 517/374/234 476/405/265 491/404/264
f 458/624/376 510/639/386 532/638/385 530/625/377
o Sphere.010_Sphere.005
v -0.040669 0.688084 -0.226947
v -0.137136 0.577633 0.318983
v -0.112682 0.726771 -0.675776
v -0.233456 0.626292 -0.433859
v -0.291113 0.458682 -0.287256
v -0.158881 0.710247 -0.825423
v -0.286290 0.596517 -0.703514
v -0.356997 0.421554 -0.623510
v -0.168684 0.687562 -1.030870
v -0.303955 0.555016 -1.079363
v -0.379024 0.369611 -1.093924
v -0.139845 0.655679 -1.319618
v -0.251988 0.497565 -1.599669
v -0.314223 0.297970 -1.742735
v -0.078970 0.633067 -1.524401
v -0.142295 0.456819 -1.968675
v -0.177438 0.247162 -2.202878
v -0.171006 0.390964 0.503195
v -0.039064 0.232862 -2.699408
v -0.101744 0.518115 0.595774
v -0.126873 0.354658 0.779985
v -0.040822 0.374454 1.097115
v -0.050904 0.210997 1.281326
v 0.000000 0.442115 -2.101846
v 0.000000 0.228826 -2.735964
v 0.000000 0.740997 -0.958051
v 0.040669 0.688084 -0.226947
v 0.137136 0.577633 0.318983
v 0.112682 0.726771 -0.675776
v 0.233456 0.626292 -0.433859
v 0.291113 0.458682 -0.287256
v 0.158881 0.710247 -0.825423
v 0.286290 0.596517 -0.703514
v 0.356997 0.421554 -0.623510
v 0.168684 0.687562 -1.030870
v 0.303955 0.555016 -1.079363
v 0.379024 0.369611 -1.093924
v 0.139845 0.655679 -1.319618
v 0.251988 0.497565 -1.599669
v 0.314223 0.297970 -1.742735
v 0.078970 0.633067 -1.524401
v 0.142295 0.456819 -1.968675
v 0.177438 0.247162 -2.202878
v 0.000000 0.624907 -1.598306
v 0.171006 0.390964 0.503195
v 0.039064 0.232862 -2.699408
v 0.101744 0.518115 0.595774
v 0.126873 0.354658 0.779985
v 0.040822 0.374454 1.097115
v 0.050904 0.210997 1.281326
v 0.000000 0.577633 0.318983
v 0.000000 0.688084 -0.226947
v 0.000000 0.518115 0.595774
v 0.000000 0.374454 1.097115
v 0.000000 0.210997 1.281326
vt 0.192308 0.857143
vt 0.115385 1.000000
vt 0.076923 0.857143
vt 0.153846 0.857143
vt 0.076923 0.571429
vt 0.076923 0.714286
vt 0.000000 0.714286
vt 0.000000 0.571429
vt 0.038462 1.000000
vt 0.000000 0.857143
vt 0.153846 0.714286
vt 1.000000 0.857143
vt 0.961538 1.000000
vt 0.923077 0.857143
vt 1.000000 0.571429
vt 1.000000 0.714286
vt 0.923077 0.714286
vt 0.923077 0.571429
vt 0.846154 0.857143
vt 0.846154 0.714286
vt 0.884615 1.000000
vt 0.846154 0.571429
vt 0.769231 0.714286
vt 0.769231 0.571429
vt 0.807692 1.000000
vt 0.769231 0.857143
vt 0.730769 1.000000
vt 0.692308 0.857143
vt 0.692308 0.714286
vt 0.192308 0.714286
vt 0.192308 0.714286
vt 0.153846 0.714286
vt 0.153846 0.714286
vt 0.192308 0.714286
vt 0.153846 0.571429
vt 0.153846 0.571429
vt 0.153846 0.571429
vt 0.709241 0.571429
vt 0.692308 0.571429
vt 0.192308 0.571429
vt 0.153846 0.857143
vt 0.076923 0.857143
vt 0.076923 0.571429
vt 0.000000 0.571429
vt 0.000000 0.714286
vt 0.076923 0.714286
vt 0.000000 0.857143
vt 0.153846 0.714286
vt 1.000000 0.857143
vt 0.923077 0.857143
vt 1.000000 0.571429
vt 0.923077 0.571429
vt 0.923077 0.714286
vt 1.000000 0.714286
vt 0.846154 0.857143
vt 0.846154 0.714286
vt 0.846154 0.571429
vt 0.769231 0.571429
vt 0.769231 0.714286
vt 0.769231 0.857143
vt 0.153846 0.714286
vt 0.153846 0.714286
vt 0.153846 0.571429
vt 0.153846 0.571429
vt 0.153846 0.571429
vt 0.709241 0.571429
vn 0.0000 0.9906 0.1368
vn 0.0000 0.9964 -0.0843
vn -0.2846 0.9566 0.0632
vn -0.1803 0.9743 0.1348
vn -0.8967 0.4198 0.1404
vn -0.7058 0.6970 0.1262
vn -0.8026 0.5951 0.0392
vn -0.9119 0.4033 0.0763
vn -0.4760 0.8788 -0.0323
vn -0.5614 0.7977 0.2201
vn -0.4903 0.8651 -0.1050
vn -0.8223 0.5627 -0.0845
vn -0.9224 0.3793 -0.0731
vn -0.4381 0.8830 -0.1685
vn -0.7565 0.6184 -0.2127
vn -0.8583 0.4476 -0.2510
vn -0.5672 0.7553 -0.3282
vn -0.8583 0.4395 -0.2647
vn -0.3012 0.9237 -0.2365
vn 0.0000 0.9543 -0.2986
vn 0.0000 0.9458 -0.3248
vn 0.0000 0.9789 0.2043
vn 0.0000 0.9700 0.2430
vn -0.5407 0.7990 0.2631
vn -0.4890 0.7588 0.4302
vn 0.0000 0.8764 0.4815
vn -0.9170 0.3520 0.1875
vn -0.9100 0.3524 0.2185
vn -0.2459 0.7366 0.6301
vn -0.2787 0.9065 -0.3172
vn 0.0000 0.9478 -0.3188
vn 0.0000 0.7480 0.6637
vn 0.1803 0.9743 0.1348
vn 0.2846 0.9566 0.0632
vn 0.8967 0.4198 0.1404
vn 0.9119 0.4033 0.0763
vn 0.8026 0.5951 0.0392
vn 0.7058 0.6970 0.1262
vn 0.4760 0.8788 -0.0323
vn 0.5614 0.7977 0.2201
vn 0.4903 0.8651 -0.1050
vn 0.9224 0.3793 -0.0731
vn 0.8223 0.5627 -0.0845
vn 0.4381 0.8830 -0.1685
vn 0.7565 0.6184 -0.2127
vn 0.8583 0.4476 -0.2510
vn 0.8583 0.4395 -0.2647
vn 0.5672 0.7553 -0.3282
vn 0.3012 0.9237 -0.2365
vn 0.4890 0.7588 0.4302
vn 0.5407 0.7990 0.2631
vn 0.9100 0.3524 0.2185
vn 0.9170 0.3520 0.1875
vn 0.2459 0.7366 0.6301
vn 0.2787 0.9065 -0.3172
usemtl Porple
s 1
f 584/645/387 558/646/388 535/647/389 533/648/390
f 537/649/391 536/650/392 539/651/393 540/652/394
f 535/647/389 558/653/388 538/654/395
f 534/655/396 533/648/390 535/647/389 536/650/392
f 538/656/395 558/657/388 541/658/397
f 536/650/392 535/647/389 538/654/395 539/651/393
f 540/659/394 539/660/393 542/661/398 543/662/399
f 541/658/397 542/661/398 539/660/393 538/656/395
f 544/663/400 545/664/401 542/661/398 541/658/397
f 541/658/397 558/665/388 544/663/400
f 546/666/402 545/664/401 548/667/403 549/668/404
f 544/663/400 558/669/388 547/670/405
f 558/671/388 576/672/406 547/670/405
f 548/667/403 547/670/405 576/672/406 556/673/407
f 583/674/408 584/645/387 533/648/390 534/655/396
f 585/675/409 552/676/410 554/677/411 586/678/412
f 534/655/396 550/679/413 553/680/414 552/676/410
f 583/674/408 534/655/396 552/676/410 585/675/409
f 552/676/410 553/680/414 555/681/415 554/677/411
f 537/649/391 534/655/396 536/650/392
f 550/679/413 534/655/396 537/649/391
f 549/668/404 548/667/403 551/682/416
f 551/682/416 548/667/403 556/673/407 557/683/417
f 545/664/401 544/663/400 547/670/405 548/667/403
f 543/662/399 542/661/398 545/664/401 546/666/402
f 587/684/418 586/678/412 554/677/411 555/681/415
f 584/645/387 559/685/419 561/686/420 558/646/388
f 563/687/421 566/688/422 565/689/423 562/690/424
f 561/686/420 564/691/425 558/653/388
f 560/692/426 562/690/424 561/686/420 559/685/419
f 564/693/425 567/694/427 558/657/388
f 562/690/424 565/689/423 564/691/425 561/686/420
f 566/695/422 569/696/428 568/697/429 565/698/423
f 567/694/427 564/693/425 565/698/423 568/697/429
f 570/699/430 567/694/427 568/697/429 571/700/431
f 567/694/427 570/699/430 558/665/388
f 572/701/432 575/702/433 574/703/434 571/700/431
f 570/699/430 573/704/435 558/669/388
f 558/671/388 573/704/435 576/672/406
f 574/703/434 556/673/407 576/672/406 573/704/435
f 583/674/408 560/692/426 559/685/419 584/645/387
f 585/675/409 586/678/412 581/705/436 579/706/437
f 560/692/426 579/706/437 580/707/438 577/708/439
f 583/674/408 585/675/409 579/706/437 560/692/426
f 579/706/437 581/705/436 582/709/440 580/707/438
f 563/687/421 562/690/424 560/692/426
f 577/708/439 563/687/421 560/692/426
f 575/702/433 578/710/441 574/703/434
f 578/710/441 557/683/417 556/673/407 574/703/434
f 571/700/431 574/703/434 573/704/435 570/699/430
f 569/696/428 572/701/432 571/700/431 568/697/429
f 587/684/418 582/709/440 581/705/436 586/678/412
o Cylinder.053_Cylinder.043
v -1.863715 0.054321 -1.333076
v -1.828396 -0.077491 -1.333076
v -1.731902 -0.173985 -1.333076
v -1.600090 -0.209304 -1.333076
v -1.468278 -0.173985 -1.333076
v -1.371784 -0.077491 -1.333076
v -1.336465 0.054321 -1.333076
v -1.371784 0.186133 -1.333076
v -1.468278 0.282627 -1.333076
v -1.600090 0.317946 -1.333076
v -1.731902 0.282627 -1.333076
v -1.828396 0.186133 -1.333076
v -1.978396 0.054321 1.481092
v -1.927713 -0.134832 1.481092
v -1.789243 -0.273302 1.481092
v -1.600090 -0.323985 1.481092
v -1.410937 -0.273302 1.481092
v -1.272467 -0.134832 1.481092
v -1.221784 0.054321 1.481092
v -1.272467 0.243474 1.481092
v -1.410937 0.381944 1.481092
v -1.600090 0.432627 1.481092
v -1.789243 0.381944 1.481092
v -1.927713 0.243474 1.481092
v -1.978396 0.054321 1.549707
v -1.927713 -0.134832 1.549707
v -1.789243 -0.273302 1.549707
v -1.600090 -0.323985 1.549707
v -1.410937 -0.273302 1.549707
v -1.272467 -0.134832 1.549707
v -1.221784 0.054321 1.549707
v -1.272467 0.243474 1.549707
v -1.410937 0.381944 1.549707
v -1.600090 0.432627 1.549707
v -1.789243 0.381944 1.549707
v -1.927713 0.243474 1.549707
v -1.889994 -0.113055 -1.333076
v -1.934842 0.054321 -1.333076
v -1.767466 -0.235583 -1.333076
v -1.600090 -0.280431 -1.333076
v -1.432714 -0.235583 -1.333076
v -1.310186 -0.113055 -1.333076
v -1.265338 0.054321 -1.333076
v -1.310186 0.221697 -1.333076
v -1.432714 0.344225 -1.333076
v -1.600090 0.389073 -1.333076
v -1.767466 0.344225 -1.333076
v -1.889994 0.221697 -1.333076
v -1.889994 -0.113055 1.443474
v -1.767466 -0.235583 1.443474
v -1.600090 -0.280431 1.443474
v -1.432714 -0.235583 1.443474
v -1.310186 -0.113055 1.443474
v -1.265338 0.054321 1.443474
v -1.310186 0.221697 1.443474
v -1.432714 0.344225 1.443474
v -1.600090 0.389073 1.443474
v -1.767466 0.344225 1.443474
v -1.889994 0.221697 1.443474
v -1.934842 0.054321 1.443474
v -1.881803 0.054321 2.067239
v -1.844061 -0.086536 2.067239
v -1.740947 -0.189650 2.067239
v -1.600090 -0.227392 2.067239
v -1.459233 -0.189650 2.067239
v -1.356119 -0.086536 2.067239
v -1.318377 0.054321 2.067239
v -1.356119 0.195178 2.067239
v -1.459233 0.298292 2.067239
v -1.600090 0.336034 2.067239
v -1.740947 0.298292 2.067239
v -1.844061 0.195178 2.067239
v -1.832480 0.054321 2.067863
v -1.801345 -0.061874 2.067863
v -1.716285 -0.146934 2.067863
v -1.600090 -0.178069 2.067863
v -1.483895 -0.146934 2.067863
v -1.398834 -0.061874 2.067863
v -1.367700 0.054321 2.067863
v -1.398834 0.170516 2.067863
v -1.483895 0.255576 2.067863
v -1.600090 0.286711 2.067863
v -1.716285 0.255576 2.067863
v -1.801345 0.170516 2.067863
v -1.647686 0.026842 -1.564841
v -1.655049 0.054321 -1.564841
v -1.627569 0.006725 -1.564841
v -1.600090 -0.000638 -1.564841
v -1.572611 0.006725 -1.564841
v -1.552494 0.026842 -1.564841
v -1.545131 0.054321 -1.564841
v -1.552494 0.081800 -1.564841
v -1.572611 0.101917 -1.564841
v -1.600090 0.109280 -1.564841
v -1.627569 0.101917 -1.564841
v -1.647686 0.081800 -1.564841
v -1.697506 -0.001922 -1.564841
v -1.712576 0.054321 -1.564841
v -1.656333 -0.043095 -1.564841
v -1.600090 -0.058165 -1.564841
v -1.543847 -0.043095 -1.564841
v -1.502674 -0.001922 -1.564841
v -1.487604 0.054321 -1.564841
v -1.502674 0.110564 -1.564841
v -1.543847 0.151737 -1.564841
v -1.600090 0.166807 -1.564841
v -1.656333 0.151737 -1.564841
v -1.697506 0.110564 -1.564841
v -1.600090 0.054321 -2.025289
v -1.647686 0.026842 -1.803912
v -1.655049 0.054321 -1.803912
v -1.627570 0.006726 -1.803912
v -1.600090 -0.000638 -1.803912
v -1.572611 0.006726 -1.803912
v -1.552494 0.026842 -1.803912
v -1.545131 0.054321 -1.803912
v -1.552494 0.081801 -1.803912
v -1.572611 0.101917 -1.803912
v -1.600090 0.109280 -1.803912
v -1.627570 0.101917 -1.803912
v -1.647686 0.081801 -1.803912
v -1.623354 0.040890 -1.803912
v -1.626953 0.054321 -1.803912
v -1.613522 0.031057 -1.803912
v -1.600090 0.027458 -1.803912
v -1.586659 0.031057 -1.803912
v -1.576826 0.040890 -1.803912
v -1.573227 0.054321 -1.803912
v -1.576826 0.067753 -1.803912
v -1.586659 0.077585 -1.803912
v -1.600090 0.081184 -1.803912
v -1.613522 0.077585 -1.803912
v -1.623354 0.067753 -1.803912
v -1.618287 0.064827 -1.912327
v -1.610596 0.072518 -1.912327
v -1.600090 0.075333 -1.912327
v -1.589584 0.072518 -1.912327
v -1.581893 0.064827 -1.912327
v -1.579078 0.054321 -1.912327
v -1.581893 0.043815 -1.912327
v -1.589584 0.036124 -1.912327
v -1.600090 0.033309 -1.912327
v -1.610596 0.036124 -1.912327
v -1.618287 0.043815 -1.912327
v -1.621102 0.054321 -1.912327
v -1.619292 0.065407 -1.887211
v -1.611176 0.073523 -1.887211
v -1.600090 0.076494 -1.887211
v -1.589004 0.073523 -1.887211
v -1.580888 0.065407 -1.887211
v -1.577918 0.054321 -1.887211
v -1.580888 0.043235 -1.887211
v -1.589004 0.035120 -1.887211
v -1.600090 0.032149 -1.887211
v -1.611176 0.035120 -1.887211
v -1.619292 0.043235 -1.887211
v -1.622262 0.054321 -1.887211
v -1.651157 0.054321 -1.899769
v -1.644315 0.079855 -1.899769
v -1.625624 0.098546 -1.899769
v -1.600090 0.105388 -1.899769
v -1.574557 0.098546 -1.899769
v -1.555865 0.079855 -1.899769
v -1.549024 0.054321 -1.899769
v -1.555865 0.028788 -1.899769
v -1.574557 0.010096 -1.899769
v -1.600090 0.003255 -1.899769
v -1.625624 0.010096 -1.899769
v -1.644315 0.028788 -1.899769
v -1.619391 0.054321 -1.949371
v -1.616805 0.063972 -1.949371
v -1.609741 0.071036 -1.949371
v -1.600090 0.073622 -1.949371
v -1.590440 0.071036 -1.949371
v -1.583375 0.063972 -1.949371
v -1.580789 0.054321 -1.949371
v -1.583375 0.044671 -1.949371
v -1.590440 0.037606 -1.949371
v -1.600090 0.035020 -1.949371
v -1.609740 0.037606 -1.949371
v -1.616805 0.044671 -1.949371
v -1.634330 0.034553 -1.959940
v -1.639626 0.054321 -1.959940
v -1.619858 0.020082 -1.959940
v -1.600090 0.014785 -1.959940
v -1.580322 0.020082 -1.959940
v -1.565851 0.034553 -1.959940
v -1.560554 0.054321 -1.959940
v -1.565851 0.074089 -1.959940
v -1.580322 0.088561 -1.959940
v -1.600090 0.093858 -1.959940
v -1.619858 0.088561 -1.959940
v -1.634329 0.074089 -1.959940
v -1.788159 0.054321 1.647955
v -1.762962 -0.039713 1.647955
v -1.694124 -0.108551 1.647955
v -1.600090 -0.133748 1.647955
v -1.506055 -0.108551 1.647955
v -1.437218 -0.039713 1.647955
v -1.412021 0.054321 1.647955
v -1.437218 0.148355 1.647955
v -1.506055 0.217193 1.647955
v -1.600090 0.242390 1.647955
v -1.694124 0.217193 1.647955
v -1.762962 0.148356 1.647955
v -1.919775 -0.130249 1.562384
v -1.784660 -0.265364 1.562384
v -1.600090 -0.314820 1.562384
v -1.415520 -0.265364 1.562384
v -1.280405 -0.130249 1.562384
v -1.230949 0.054321 1.562384
v -1.280405 0.238891 1.562384
v -1.415520 0.374006 1.562384
v -1.600090 0.423462 1.562384
v -1.784660 0.374006 1.562384
v -1.919775 0.238891 1.562384
v -1.969231 0.054321 1.562384
v 1.863715 0.054321 -1.333076
v 1.828396 -0.077491 -1.333076
v 1.731903 -0.173985 -1.333076
v 1.600090 -0.209304 -1.333076
v 1.468278 -0.173985 -1.333076
v 1.371785 -0.077491 -1.333076
v 1.336466 0.054321 -1.333076
v 1.371785 0.186133 -1.333076
v 1.468278 0.282627 -1.333076
v 1.600090 0.317946 -1.333076
v 1.731903 0.282627 -1.333076
v 1.828396 0.186133 -1.333076
v 1.978397 0.054321 1.481091
v 1.927713 -0.134832 1.481091
v 1.789243 -0.273302 1.481091
v 1.600090 -0.323985 1.481091
v 1.410937 -0.273302 1.481091
v 1.272467 -0.134832 1.481091
v 1.221784 0.054321 1.481091
v 1.272467 0.243474 1.481091
v 1.410937 0.381944 1.481091
v 1.600090 0.432627 1.481091
v 1.789243 0.381944 1.481091
v 1.927713 0.243474 1.481091
v 1.978396 0.054321 1.549707
v 1.927713 -0.134832 1.549707
v 1.789243 -0.273302 1.549707
v 1.600090 -0.323985 1.549707
v 1.410937 -0.273302 1.549707
v 1.272467 -0.134832 1.549707
v 1.221784 0.054321 1.549707
v 1.272467 0.243474 1.549707
v 1.410937 0.381944 1.549707
v 1.600090 0.432627 1.549707
v 1.789243 0.381944 1.549707
v 1.927713 0.243474 1.549707
v 1.889994 -0.113055 -1.333076
v 1.934842 0.054321 -1.333076
v 1.767466 -0.235583 -1.333076
v 1.600090 -0.280431 -1.333076
v 1.432714 -0.235583 -1.333076
v 1.310187 -0.113055 -1.333076
v 1.265338 0.054321 -1.333076
v 1.310187 0.221697 -1.333076
v 1.432714 0.344225 -1.333076
v 1.600090 0.389073 -1.333076
v 1.767466 0.344225 -1.333076
v 1.889994 0.221697 -1.333076
v 1.889994 -0.113055 1.443474
v 1.767466 -0.235583 1.443474
v 1.600090 -0.280431 1.443474
v 1.432714 -0.235583 1.443474
v 1.310186 -0.113055 1.443474
v 1.265338 0.054321 1.443474
v 1.310186 0.221697 1.443474
v 1.432714 0.344225 1.443474
v 1.600090 0.389073 1.443474
v 1.767466 0.344225 1.443474
v 1.889994 0.221697 1.443474
v 1.934842 0.054321 1.443474
v 1.881803 0.054321 2.067239
v 1.844061 -0.086536 2.067239
v 1.740947 -0.189650 2.067239
v 1.600090 -0.227392 2.067239
v 1.459233 -0.189650 2.067239
v 1.356119 -0.086536 2.067239
v 1.318377 0.054321 2.067239
v 1.356119 0.195178 2.067239
v 1.459233 0.298292 2.067239
v 1.600090 0.336034 2.067239
v 1.740947 0.298292 2.067239
v 1.844061 0.195178 2.067239
v 1.832480 0.054321 2.067863
v 1.801346 -0.061874 2.067863
v 1.716285 -0.146934 2.067863
v 1.600090 -0.178069 2.067863
v 1.483895 -0.146934 2.067863
v 1.398834 -0.061874 2.067863
v 1.367701 0.054321 2.067863
v 1.398835 0.170516 2.067863
v 1.483895 0.255576 2.067863
v 1.600090 0.286711 2.067863
v 1.716285 0.255576 2.067863
v 1.801346 0.170516 2.067863
v 1.647686 0.026842 -1.564841
v 1.655049 0.054321 -1.564841
v 1.627570 0.006725 -1.564841
v 1.600090 -0.000638 -1.564841
v 1.572611 0.006725 -1.564841
v 1.552495 0.026842 -1.564841
v 1.545131 0.054321 -1.564841
v 1.552495 0.081800 -1.564841
v 1.572611 0.101917 -1.564841
v 1.600090 0.109280 -1.564841
v 1.627570 0.101917 -1.564841
v 1.647686 0.081800 -1.564841
v 1.697506 -0.001922 -1.564841
v 1.712577 0.054321 -1.564841
v 1.656333 -0.043095 -1.564841
v 1.600090 -0.058165 -1.564841
v 1.543848 -0.043095 -1.564841
v 1.502675 -0.001922 -1.564841
v 1.487604 0.054321 -1.564841
v 1.502675 0.110564 -1.564841
v 1.543848 0.151737 -1.564841
v 1.600090 0.166807 -1.564841
v 1.656333 0.151737 -1.564841
v 1.697506 0.110564 -1.564841
v 1.600090 0.054321 -2.025289
v 1.647686 0.026842 -1.803912
v 1.655049 0.054321 -1.803912
v 1.627570 0.006726 -1.803912
v 1.600090 -0.000638 -1.803912
v 1.572611 0.006726 -1.803912
v 1.552495 0.026842 -1.803912
v 1.545132 0.054321 -1.803912
v 1.552495 0.081801 -1.803912
v 1.572611 0.101917 -1.803912
v 1.600090 0.109280 -1.803912
v 1.627570 0.101917 -1.803912
v 1.647686 0.081801 -1.803912
v 1.623355 0.040890 -1.803912
v 1.626953 0.054321 -1.803912
v 1.613522 0.031057 -1.803912
v 1.600090 0.027458 -1.803912
v 1.586659 0.031057 -1.803912
v 1.576826 0.040890 -1.803912
v 1.573227 0.054321 -1.803912
v 1.576826 0.067753 -1.803912
v 1.586659 0.077585 -1.803912
v 1.600090 0.081184 -1.803912
v 1.613522 0.077585 -1.803912
v 1.623355 0.067753 -1.803912
v 1.618288 0.064827 -1.912327
v 1.610597 0.072518 -1.912327
v 1.600090 0.075333 -1.912327
v 1.589584 0.072518 -1.912327
v 1.581893 0.064827 -1.912327
v 1.579078 0.054321 -1.912327
v 1.581893 0.043815 -1.912327
v 1.589584 0.036124 -1.912327
v 1.600090 0.033309 -1.912327
v 1.610597 0.036124 -1.912327
v 1.618288 0.043815 -1.912327
v 1.621103 0.054321 -1.912327
v 1.619292 0.065407 -1.887211
v 1.611177 0.073523 -1.887211
v 1.600090 0.076494 -1.887211
v 1.589004 0.073523 -1.887211
v 1.580889 0.065407 -1.887211
v 1.577918 0.054321 -1.887211
v 1.580889 0.043235 -1.887211
v 1.589004 0.035120 -1.887211
v 1.600090 0.032149 -1.887211
v 1.611177 0.035120 -1.887211
v 1.619292 0.043235 -1.887211
v 1.622263 0.054321 -1.887211
v 1.651157 0.054321 -1.899769
v 1.644315 0.079855 -1.899769
v 1.625624 0.098546 -1.899769
v 1.600091 0.105388 -1.899769
v 1.574558 0.098546 -1.899769
v 1.555866 0.079855 -1.899769
v 1.549024 0.054321 -1.899769
v 1.555866 0.028788 -1.899769
v 1.574558 0.010096 -1.899769
v 1.600091 0.003255 -1.899769
v 1.625624 0.010096 -1.899769
v 1.644315 0.028788 -1.899769
v 1.619391 0.054321 -1.949371
v 1.616806 0.063972 -1.949371
v 1.609741 0.071036 -1.949371
v 1.600090 0.073622 -1.949371
v 1.590440 0.071036 -1.949371
v 1.583375 0.063972 -1.949371
v 1.580790 0.054321 -1.949371
v 1.583375 0.044671 -1.949371
v 1.590440 0.037606 -1.949371
v 1.600090 0.035020 -1.949371
v 1.609741 0.037606 -1.949371
v 1.616806 0.044671 -1.949371
v 1.634330 0.034553 -1.959940
v 1.639627 0.054321 -1.959940
v 1.619859 0.020082 -1.959940
v 1.600090 0.014785 -1.959940
v 1.580323 0.020082 -1.959940
v 1.565851 0.034553 -1.959940
v 1.560554 0.054321 -1.959940
v 1.565851 0.074089 -1.959940
v 1.580323 0.088561 -1.959940
v 1.600090 0.093858 -1.959940
v 1.619859 0.088561 -1.959940
v 1.634330 0.074089 -1.959940
v 1.788159 0.054321 1.647955
v 1.762962 -0.039713 1.647955
v 1.694124 -0.108551 1.647955
v 1.600090 -0.133748 1.647955
v 1.506056 -0.108551 1.647955
v 1.437218 -0.039713 1.647955
v 1.412021 0.054321 1.647955
v 1.437218 0.148355 1.647955
v 1.506056 0.217193 1.647955
v 1.600090 0.242390 1.647955
v 1.694124 0.217193 1.647955
v 1.762962 0.148356 1.647955
v 1.919775 -0.130249 1.562384
v 1.784661 -0.265364 1.562384
v 1.600090 -0.314820 1.562384
v 1.415520 -0.265364 1.562384
v 1.280405 -0.130249 1.562384
v 1.230950 0.054321 1.562384
v 1.280405 0.238891 1.562384
v 1.415520 0.374006 1.562384
v 1.600090 0.423462 1.562384
v 1.784660 0.374006 1.562384
v 1.919775 0.238891 1.562384
v 1.969231 0.054321 1.562384
vt 0.250000 0.439005
vt 0.155497 0.413683
vt 0.155497 0.413683
vt 0.250000 0.439005
vt 0.916667 0.517752
vt 0.916667 1.000000
vt 0.833333 1.000000
vt 0.833333 0.517752
vt 0.750000 1.000000
vt 0.750000 0.517752
vt 0.666667 1.000000
vt 0.666667 0.517752
vt 0.583333 1.000000
vt 0.583333 0.517752
vt 0.416667 0.517752
vt 0.416667 1.000000
vt 0.333333 1.000000
vt 0.333333 0.517752
vt 0.250000 1.000000
vt 0.250000 0.517752
vt 1.000000 0.517752
vt 1.000000 1.000000
vt 0.083333 0.517752
vt 0.083333 1.000000
vt 0.000000 1.000000
vt 0.000000 0.517752
vt 0.500000 0.517752
vt 0.500000 1.000000
vt 0.344503 0.086317
vt 0.413683 0.155497
vt 0.413683 0.155497
vt 0.344503 0.086317
vt 0.413683 0.344503
vt 0.344503 0.413683
vt 0.344503 0.413683
vt 0.413683 0.344503
vt 0.060995 0.250000
vt 0.086317 0.155497
vt 0.086317 0.155497
vt 0.060995 0.250000
vt 0.439005 0.250000
vt 0.439005 0.250000
vt 0.086316 0.344503
vt 0.086316 0.344503
vt 0.155497 0.086317
vt 0.250000 0.060995
vt 0.250000 0.060995
vt 0.155497 0.086317
vt 0.203827 0.329973
vt 0.170027 0.296172
vt 0.157655 0.250000
vt 0.170027 0.203828
vt 0.203828 0.170027
vt 0.296172 0.170027
vt 0.329973 0.203828
vt 0.342345 0.250000
vt 0.329973 0.296172
vt 0.296172 0.329973
vt 0.250000 0.342345
vt 0.250000 0.157655
vt 0.166667 0.517752
vt 0.166667 1.000000
vt 0.250000 0.439005
vt 0.250000 0.439005
vt 0.155497 0.413683
vt 0.155497 0.413683
vt 0.916667 0.517752
vt 0.833333 0.517752
vt 0.833333 1.000000
vt 0.916667 1.000000
vt 0.750000 0.517752
vt 0.750000 1.000000
vt 0.666667 0.517752
vt 0.666667 1.000000
vt 0.583333 0.517752
vt 0.583333 1.000000
vt 0.416667 0.517752
vt 0.333333 0.517752
vt 0.333333 1.000000
vt 0.416667 1.000000
vt 0.250000 0.517752
vt 0.250000 1.000000
vt 1.000000 0.517752
vt 1.000000 1.000000
vt 0.083333 0.517752
vt 0.000000 0.517752
vt 0.000000 1.000000
vt 0.083333 1.000000
vt 0.500000 0.517752
vt 0.500000 1.000000
vt 0.344503 0.086317
vt 0.344503 0.086317
vt 0.413683 0.155497
vt 0.413683 0.155497
vt 0.413683 0.344503
vt 0.413683 0.344503
vt 0.344503 0.413683
vt 0.344503 0.413683
vt 0.060995 0.250000
vt 0.060995 0.250000
vt 0.086317 0.155497
vt 0.086317 0.155497
vt 0.439005 0.250000
vt 0.439005 0.250000
vt 0.086316 0.344503
vt 0.086316 0.344503
vt 0.155497 0.086317
vt 0.155497 0.086317
vt 0.250000 0.060995
vt 0.250000 0.060995
vt 0.203827 0.329973
vt 0.170027 0.296172
vt 0.157655 0.250000
vt 0.170027 0.203828
vt 0.203828 0.170027
vt 0.296172 0.170027
vt 0.329973 0.203828
vt 0.342345 0.250000
vt 0.329973 0.296172
vt 0.296172 0.329973
vt 0.250000 0.342345
vt 0.250000 0.157655
vt 0.166667 0.517752
vt 0.166667 1.000000
vt 0.548026 0.250000
vt 0.510931 0.250000
vt 0.542961 0.369534
vt 0.575085 0.350987
vt 0.575085 0.149013
vt 0.542961 0.130466
vt 0.649013 0.075085
vt 0.630466 0.042961
vt 0.924915 0.149013
vt 0.957039 0.130466
vt 0.869534 0.042961
vt 0.850987 0.075085
vt 0.951974 0.250000
vt 0.989069 0.250000
vt 0.924915 0.350987
vt 0.957039 0.369534
vt 0.850987 0.424914
vt 0.869534 0.457039
vt 0.750000 0.489069
vt 0.750000 0.451974
vt 0.649013 0.424915
vt 0.630466 0.457039
vt 0.750000 0.010931
vt 0.750000 0.048026
vt 0.871586 0.320198
vt 0.820198 0.371586
vt 0.890396 0.250000
vt 0.871586 0.179802
vt 0.820198 0.128413
vt 0.628413 0.179802
vt 0.679802 0.128413
vt 0.609604 0.250000
vt 0.628413 0.320198
vt 0.679802 0.371586
vt 0.750000 0.390396
vt 0.750000 0.109604
vt 0.633229 0.317418
vt 0.682582 0.366771
vt 0.615164 0.250000
vt 0.633229 0.182582
vt 0.682582 0.133229
vt 0.866771 0.182582
vt 0.817418 0.133229
vt 0.884836 0.250000
vt 0.866771 0.317418
vt 0.817418 0.366771
vt 0.750000 0.384836
vt 0.750000 0.115164
vt 0.548026 0.250000
vt 0.575085 0.350987
vt 0.542961 0.369534
vt 0.510931 0.250000
vt 0.575085 0.149013
vt 0.542961 0.130466
vt 0.649013 0.075085
vt 0.630466 0.042961
vt 0.924915 0.149013
vt 0.850987 0.075085
vt 0.869534 0.042961
vt 0.957039 0.130466
vt 0.951974 0.250000
vt 0.989069 0.250000
vt 0.924915 0.350987
vt 0.957039 0.369534
vt 0.850987 0.424914
vt 0.869534 0.457039
vt 0.750000 0.489069
vt 0.750000 0.451974
vt 0.649013 0.424915
vt 0.630466 0.457039
vt 0.750000 0.048026
vt 0.750000 0.010931
vt 0.820198 0.371586
vt 0.871586 0.320198
vt 0.890396 0.250000
vt 0.871586 0.179802
vt 0.820198 0.128413
vt 0.679802 0.128413
vt 0.628413 0.179802
vt 0.609604 0.250000
vt 0.628413 0.320198
vt 0.679802 0.371586
vt 0.750000 0.390396
vt 0.750000 0.109604
vt 0.633229 0.317418
vt 0.682582 0.366771
vt 0.615164 0.250000
vt 0.633229 0.182582
vt 0.682582 0.133229
vt 0.866771 0.182582
vt 0.817418 0.133229
vt 0.884836 0.250000
vt 0.866771 0.317418
vt 0.817418 0.366771
vt 0.750000 0.384836
vt 0.750000 0.115164
vt 0.166667 0.500000
vt 0.166667 0.511081
vt 0.083333 0.511081
vt 0.083333 0.500000
vt 0.916667 0.511081
vt 0.833333 0.511081
vt 0.750000 0.511081
vt 0.666667 0.511081
vt 0.583333 0.511081
vt 0.416667 0.511081
vt 0.333333 0.511081
vt 0.250000 0.511081
vt 1.000000 0.511081
vt 0.500000 0.511081
vt 0.000000 0.511081
vt 0.250000 0.342345
vt 0.296172 0.329973
vt 0.130000 0.457846
vt 0.042154 0.370000
vt 0.170027 0.203828
vt 0.157655 0.250000
vt 0.329973 0.296172
vt 0.342345 0.250000
vt 0.170027 0.296172
vt 0.329973 0.203828
vt 0.203827 0.329973
vt 0.203828 0.170027
vt 0.296172 0.170027
vt 0.250000 0.157655
vt 0.010000 0.250000
vt 0.042154 0.130000
vt 0.130000 0.042154
vt 0.370000 0.042154
vt 0.457846 0.130000
vt 0.490000 0.250000
vt 0.457846 0.370000
vt 0.370000 0.457846
vt 0.250000 0.490000
vt 0.250000 0.010000
vt 0.289090 0.272568
vt 0.295137 0.250000
vt 0.289090 0.227432
vt 0.272568 0.210910
vt 0.227432 0.210910
vt 0.210910 0.227432
vt 0.204863 0.250000
vt 0.210910 0.272568
vt 0.227432 0.289090
vt 0.250000 0.295137
vt 0.272568 0.289090
vt 0.250000 0.204863
vt 0.231372 0.282264
vt 0.217736 0.268627
vt 0.232347 0.280576
vt 0.219424 0.267653
vt 0.221914 0.266215
vt 0.233785 0.278086
vt 0.250000 0.285306
vt 0.267653 0.280576
vt 0.268140 0.281420
vt 0.250000 0.286280
vt 0.280576 0.267653
vt 0.281420 0.268140
vt 0.285306 0.250000
vt 0.286280 0.250000
vt 0.280576 0.232347
vt 0.281420 0.231860
vt 0.282264 0.268627
vt 0.268628 0.282264
vt 0.267653 0.219424
vt 0.268140 0.218580
vt 0.232347 0.219424
vt 0.219424 0.232347
vt 0.218580 0.231860
vt 0.231860 0.218580
vt 0.214694 0.250000
vt 0.213720 0.250000
vt 0.218580 0.268140
vt 0.212745 0.250000
vt 0.217736 0.231372
vt 0.231372 0.217736
vt 0.268628 0.217736
vt 0.282264 0.231372
vt 0.250000 0.214694
vt 0.250000 0.213720
vt 0.287255 0.250000
vt 0.250000 0.287255
vt 0.231860 0.281420
vt 0.250000 0.212745
vt 0.217570 0.250000
vt 0.221914 0.233785
vt 0.233785 0.221914
vt 0.278086 0.233785
vt 0.266215 0.221914
vt 0.282430 0.250000
vt 0.278086 0.266215
vt 0.266215 0.278086
vt 0.250000 0.282430
vt 0.250000 0.217570
vt 0.250000 0.500000
vt 0.333333 0.500000
vt 0.416667 0.500000
vt 0.666667 0.500000
vt 0.583333 0.500000
vt 0.750000 0.500000
vt 0.833333 0.500000
vt 0.916667 0.500000
vt 1.000000 0.500000
vt 0.000000 0.500000
vt 0.500000 0.500000
vt 0.166667 0.500000
vt 0.083333 0.500000
vt 0.083333 0.511081
vt 0.166667 0.511081
vt 0.916667 0.511081
vt 0.833333 0.511081
vt 0.750000 0.511081
vt 0.666667 0.511081
vt 0.583333 0.511081
vt 0.416667 0.511081
vt 0.333333 0.511081
vt 0.250000 0.511081
vt 1.000000 0.511081
vt 0.500000 0.511081
vt 0.000000 0.511081
vt 0.296172 0.329973
vt 0.250000 0.342345
vt 0.130000 0.457846
vt 0.042154 0.370000
vt 0.157655 0.250000
vt 0.170027 0.203828
vt 0.342345 0.250000
vt 0.329973 0.296172
vt 0.170027 0.296172
vt 0.329973 0.203828
vt 0.203827 0.329973
vt 0.203828 0.170027
vt 0.296172 0.170027
vt 0.250000 0.157655
vt 0.010000 0.250000
vt 0.042154 0.130000
vt 0.130000 0.042154
vt 0.370000 0.042154
vt 0.457846 0.130000
vt 0.490000 0.250000
vt 0.457846 0.370000
vt 0.370000 0.457846
vt 0.250000 0.490000
vt 0.250000 0.010000
vt 0.289090 0.272568
vt 0.295137 0.250000
vt 0.289090 0.227432
vt 0.272568 0.210910
vt 0.227432 0.210910
vt 0.210910 0.227432
vt 0.204863 0.250000
vt 0.210910 0.272568
vt 0.227432 0.289090
vt 0.250000 0.295137
vt 0.272568 0.289090
vt 0.250000 0.204863
vt 0.231372 0.282264
vt 0.217736 0.268627
vt 0.232347 0.280576
vt 0.233785 0.278086
vt 0.221914 0.266215
vt 0.219424 0.267653
vt 0.250000 0.285306
vt 0.250000 0.286280
vt 0.268140 0.281420
vt 0.267653 0.280576
vt 0.281420 0.268140
vt 0.280576 0.267653
vt 0.286280 0.250000
vt 0.285306 0.250000
vt 0.281420 0.231860
vt 0.280576 0.232347
vt 0.268628 0.282264
vt 0.282264 0.268627
vt 0.268140 0.218580
vt 0.267653 0.219424
vt 0.232347 0.219424
vt 0.231860 0.218580
vt 0.218580 0.231860
vt 0.219424 0.232347
vt 0.213720 0.250000
vt 0.214694 0.250000
vt 0.218580 0.268140
vt 0.212745 0.250000
vt 0.217736 0.231372
vt 0.231372 0.217736
vt 0.268628 0.217736
vt 0.282264 0.231372
vt 0.250000 0.213720
vt 0.250000 0.214694
vt 0.287255 0.250000
vt 0.250000 0.287255
vt 0.231860 0.281420
vt 0.250000 0.212745
vt 0.217570 0.250000
vt 0.221914 0.233785
vt 0.233785 0.221914
vt 0.266215 0.221914
vt 0.278086 0.233785
vt 0.282430 0.250000
vt 0.278086 0.266215
vt 0.266215 0.278086
vt 0.250000 0.282430
vt 0.250000 0.217570
vt 0.250000 0.500000
vt 0.333333 0.500000
vt 0.416667 0.500000
vt 0.666667 0.500000
vt 0.583333 0.500000
vt 0.750000 0.500000
vt 0.833333 0.500000
vt 0.916667 0.500000
vt 1.000000 0.500000
vt 0.000000 0.500000
vt 0.500000 0.500000
vt 0.870000 0.042154
vt 0.750000 0.010000
vt 0.630000 0.457846
vt 0.750000 0.490000
vt 0.870000 0.457846
vt 0.957846 0.370000
vt 0.990000 0.250000
vt 0.957846 0.130000
vt 0.630000 0.042154
vt 0.542154 0.130000
vt 0.510000 0.250000
vt 0.542154 0.370000
vt 0.750000 0.010000
vt 0.870000 0.042154
vt 0.750000 0.490000
vt 0.630000 0.457846
vt 0.870000 0.457846
vt 0.957846 0.370000
vt 0.990000 0.250000
vt 0.957846 0.130000
vt 0.542154 0.130000
vt 0.630000 0.042154
vt 0.510000 0.250000
vt 0.542154 0.370000
vt 0.250000 0.281404
vt 0.234298 0.277197
vt 0.250000 0.275008
vt 0.281404 0.250000
vt 0.277197 0.265702
vt 0.275008 0.250000
vt 0.277197 0.234298
vt 0.271658 0.237496
vt 0.265702 0.222803
vt 0.262504 0.228342
vt 0.222803 0.234298
vt 0.234298 0.222803
vt 0.228342 0.237496
vt 0.250000 0.218596
vt 0.250000 0.224992
vt 0.218596 0.250000
vt 0.224992 0.250000
vt 0.222803 0.265702
vt 0.228342 0.262504
vt 0.237496 0.271658
vt 0.265702 0.277197
vt 0.262504 0.271658
vt 0.237496 0.228342
vt 0.271658 0.262504
vt 0.250000 0.281404
vt 0.250000 0.275008
vt 0.234298 0.277197
vt 0.281404 0.250000
vt 0.275008 0.250000
vt 0.277197 0.265702
vt 0.277197 0.234298
vt 0.271658 0.237496
vt 0.265702 0.222803
vt 0.262504 0.228342
vt 0.222803 0.234298
vt 0.228342 0.237496
vt 0.234298 0.222803
vt 0.250000 0.218596
vt 0.250000 0.224992
vt 0.218596 0.250000
vt 0.224992 0.250000
vt 0.222803 0.265702
vt 0.228342 0.262504
vt 0.237496 0.271658
vt 0.265702 0.277197
vt 0.262504 0.271658
vt 0.237496 0.228342
vt 0.271658 0.262504
vn -0.4105 0.0000 -0.9118
vn -0.3555 0.2052 -0.9118
vn -0.4616 0.2665 -0.8461
vn -0.5330 0.0000 -0.8461
vn -0.7757 -0.4479 -0.4445
vn -0.6557 -0.3786 -0.6532
vn -0.3786 -0.6557 -0.6532
vn -0.4479 -0.7757 -0.4445
vn 0.0000 -0.7571 -0.6532
vn 0.0000 -0.8957 -0.4445
vn 0.3786 -0.6557 -0.6532
vn 0.4479 -0.7757 -0.4445
vn 0.6557 -0.3786 -0.6532
vn 0.7757 -0.4479 -0.4445
vn 0.7757 0.4479 -0.4445
vn 0.6557 0.3786 -0.6532
vn 0.3786 0.6557 -0.6532
vn 0.4479 0.7757 -0.4445
vn 0.0000 0.7571 -0.6532
vn 0.0000 0.8957 -0.4445
vn -0.8957 0.0000 -0.4445
vn -0.7571 0.0000 -0.6532
vn -0.7757 0.4479 -0.4445
vn -0.6557 0.3786 -0.6532
vn 0.8957 0.0000 -0.4445
vn 0.7571 0.0000 -0.6532
vn 0.3555 -0.2052 -0.9118
vn 0.2052 -0.3555 -0.9118
vn 0.2665 -0.4616 -0.8461
vn 0.4616 -0.2665 -0.8461
vn -0.2052 -0.3555 -0.9118
vn -0.3555 -0.2052 -0.9118
vn -0.4616 -0.2665 -0.8461
vn -0.2665 -0.4616 -0.8461
vn 0.0000 0.4105 -0.9118
vn 0.2052 0.3555 -0.9118
vn 0.2665 0.4616 -0.8461
vn 0.0000 0.5330 -0.8461
vn 0.0000 -0.4105 -0.9118
vn 0.0000 -0.5330 -0.8461
vn -0.2052 0.3555 -0.9118
vn -0.2665 0.4616 -0.8461
vn 0.3555 0.2052 -0.9118
vn 0.4105 0.0000 -0.9118
vn 0.5330 0.0000 -0.8461
vn 0.4616 0.2665 -0.8461
vn -0.5523 0.3189 -0.7703
vn -0.3189 0.5523 -0.7703
vn 0.0000 0.6377 -0.7703
vn 0.3189 0.5523 -0.7703
vn 0.5523 0.3189 -0.7703
vn 0.5523 -0.3189 -0.7703
vn 0.3189 -0.5523 -0.7703
vn 0.0000 -0.6377 -0.7703
vn -0.3189 -0.5523 -0.7703
vn -0.5523 -0.3189 -0.7703
vn -0.6377 0.0000 -0.7703
vn 0.6377 0.0000 -0.7703
vn -0.4479 0.7757 -0.4445
vn -0.3786 0.6557 -0.6532
vn 0.0000 0.7025 0.7116
vn 0.0000 0.9155 0.4022
vn -0.4577 0.7929 0.4022
vn -0.3512 0.6084 0.7116
vn 0.3512 0.6084 0.7116
vn 0.4577 0.7929 0.4022
vn 0.6084 0.3512 0.7116
vn 0.7929 0.4577 0.4022
vn 0.3512 -0.6084 0.7116
vn 0.4577 -0.7929 0.4022
vn 0.7929 -0.4577 0.4022
vn 0.6084 -0.3512 0.7116
vn 0.0000 -0.7025 0.7116
vn 0.0000 -0.9155 0.4022
vn -0.3512 -0.6084 0.7116
vn -0.4577 -0.7929 0.4022
vn -0.6084 -0.3512 0.7116
vn -0.7929 -0.4577 0.4022
vn -0.9155 0.0000 0.4022
vn -0.7025 0.0000 0.7116
vn -0.6084 0.3512 0.7116
vn -0.7929 0.4577 0.4022
vn 0.9155 0.0000 0.4022
vn 0.7025 0.0000 0.7116
vn 0.2959 0.5125 0.8061
vn 0.5125 0.2959 0.8061
vn 0.0000 0.5918 0.8061
vn -0.2959 0.5125 0.8061
vn -0.5125 0.2959 0.8061
vn -0.2959 -0.5125 0.8061
vn -0.5125 -0.2959 0.8061
vn 0.0000 -0.5918 0.8061
vn 0.2959 -0.5125 0.8061
vn 0.5125 -0.2959 0.8061
vn 0.5918 0.0000 0.8061
vn -0.5918 0.0000 0.8061
vn 0.3610 -0.6254 0.6918
vn 0.6254 -0.3610 0.6918
vn 0.0000 -0.7221 0.6918
vn -0.3610 -0.6254 0.6918
vn -0.6254 -0.3610 0.6918
vn -0.3610 0.6254 0.6918
vn -0.6254 0.3610 0.6918
vn 0.0000 0.7221 0.6918
vn 0.3610 0.6254 0.6918
vn 0.6254 0.3610 0.6918
vn 0.7221 0.0000 0.6918
vn -0.7221 0.0000 0.6918
vn -0.4779 0.8277 0.2940
vn -0.4599 0.7966 -0.3922
vn -0.7966 0.4599 -0.3922
vn -0.8277 0.4779 0.2940
vn -0.7966 -0.4599 -0.3922
vn -0.4599 -0.7966 -0.3922
vn 0.0000 -0.9199 -0.3922
vn 0.4599 -0.7966 -0.3922
vn 0.7966 -0.4599 -0.3922
vn 0.7966 0.4599 -0.3922
vn 0.4599 0.7966 -0.3922
vn 0.0000 0.9199 -0.3922
vn -0.9199 0.0000 -0.3922
vn 0.9199 0.0000 -0.3922
vn -0.3082 -0.5339 -0.7873
vn 0.0000 -0.6164 -0.7873
vn 0.3082 -0.5339 -0.7873
vn 0.5339 -0.3082 -0.7873
vn 0.5339 0.3082 -0.7873
vn 0.3082 0.5339 -0.7873
vn 0.0000 0.6164 -0.7873
vn -0.3082 0.5339 -0.7873
vn -0.5339 0.3082 -0.7873
vn -0.6164 0.0000 -0.7873
vn -0.5339 -0.3082 -0.7873
vn 0.6164 0.0000 -0.7874
vn -0.7106 0.4103 0.5716
vn -0.4103 0.7106 0.5716
vn -0.6803 0.3927 -0.6188
vn -0.3927 0.6803 -0.6188
vn -0.4205 0.7284 0.5409
vn -0.7284 0.4205 0.5409
vn -0.7855 0.0000 -0.6188
vn -0.6803 -0.3927 -0.6188
vn -0.8660 -0.5000 -0.0062
vn -1.0000 0.0000 -0.0062
vn -0.3927 -0.6803 -0.6188
vn -0.5000 -0.8660 -0.0062
vn 0.0000 -0.7855 -0.6188
vn 0.0000 -1.0000 -0.0062
vn 0.3927 -0.6803 -0.6188
vn 0.5000 -0.8660 -0.0062
vn -0.4103 -0.7106 0.5716
vn -0.7106 -0.4103 0.5716
vn 0.6803 -0.3927 -0.6188
vn 0.8660 -0.5000 -0.0062
vn 0.6803 0.3927 -0.6188
vn 0.3927 0.6803 -0.6188
vn 0.5000 0.8660 -0.0062
vn 0.8660 0.5000 -0.0062
vn 0.0000 0.7855 -0.6188
vn 0.0000 1.0000 -0.0062
vn -0.5000 0.8660 -0.0062
vn 0.0000 0.8206 0.5716
vn 0.4103 0.7106 0.5716
vn 0.7106 0.4103 0.5716
vn 0.7106 -0.4103 0.5716
vn 0.4103 -0.7106 0.5716
vn 0.7855 0.0000 -0.6188
vn 1.0000 0.0000 -0.0062
vn 0.0000 -0.8206 0.5716
vn -0.8206 0.0000 0.5716
vn -0.8660 0.5000 -0.0062
vn 0.8206 0.0000 0.5716
vn 0.0000 0.8411 0.5409
vn 0.4205 0.7284 0.5409
vn 0.7284 0.4205 0.5409
vn 0.4205 -0.7284 0.5409
vn 0.7284 -0.4205 0.5409
vn 0.0000 -0.8411 0.5409
vn -0.4205 -0.7284 0.5409
vn -0.7284 -0.4205 0.5409
vn -0.8411 0.0000 0.5409
vn 0.8411 0.0000 0.5409
vn 0.0000 0.9558 0.2940
vn 0.4779 0.8277 0.2940
vn 0.8277 0.4779 0.2940
vn 0.4779 -0.8277 0.2940
vn 0.8277 -0.4779 0.2940
vn 0.0000 -0.9558 0.2940
vn -0.4779 -0.8277 0.2940
vn -0.8277 -0.4779 0.2940
vn -0.9558 0.0000 0.2940
vn 0.9558 0.0000 0.2940
vn -0.5339 -0.3082 -0.7874
vn 0.5339 0.3082 -0.7874
vn 0.6165 0.0000 -0.7873
vn 0.5339 -0.3082 -0.7874
vn -0.6164 0.0000 -0.7874
vn -0.8278 0.4779 0.2940
vn -0.8278 -0.4779 0.2940
vn -0.9701 0.0000 0.2426
vn -0.8401 0.4851 0.2426
vn 0.0000 0.0000 -1.0000
vn 0.0000 -0.9701 0.2426
vn -0.4851 -0.8401 0.2426
vn 0.4851 -0.8401 0.2426
vn 0.8401 -0.4851 0.2426
vn 0.4851 0.8401 0.2426
vn 0.8401 0.4851 0.2426
vn 0.9701 0.0000 0.2426
vn 0.0000 0.9701 0.2426
vn -0.4851 0.8401 0.2426
vn -0.8401 -0.4851 0.2426
vn -0.4850 -0.8401 0.2426
usemtl DarkPorple
s 1
f 588/711/442 599/712/443 695/713/444 685/714/445
f 636/715/446 624/716/447 626/717/448 637/718/449
f 637/718/449 626/717/448 627/719/450 638/720/451
f 638/720/451 627/719/450 628/721/452 639/722/453
f 639/722/453 628/721/452 629/723/454 640/724/455
f 642/725/456 631/726/457 632/727/458 643/728/459
f 643/728/459 632/727/458 633/729/460 644/730/461
f 647/731/462 625/732/463 624/716/447 636/715/446
f 646/733/464 635/734/465 625/735/463 647/736/462
f 641/737/466 630/738/467 631/726/457 642/725/456
f 593/739/468 592/740/469 688/741/470 689/742/471
f 590/743/472 589/744/473 684/745/474 686/746/475
f 597/747/476 596/748/477 692/749/478 693/750/479
f 591/751/480 590/743/472 686/746/475 687/752/481
f 598/753/482 597/747/476 693/750/479 694/754/483
f 592/740/469 591/751/480 687/752/481 688/741/470
f 598/753/482 694/754/483 695/713/444 599/712/443
f 595/755/484 594/756/485 690/757/486 691/758/487
f 594/756/485 593/739/468 689/742/471 690/757/486
f 683/759/488 695/713/444 694/754/483 682/760/489
f 682/760/489 694/754/483 693/750/479 681/761/490
f 681/761/490 693/750/479 692/749/478 680/762/491
f 680/762/491 692/749/478 691/758/487 679/763/492
f 677/764/493 689/742/471 688/741/470 676/765/494
f 676/765/494 688/741/470 687/752/481 675/766/495
f 675/766/495 687/752/481 686/746/475 674/767/496
f 674/767/496 686/746/475 684/745/474 672/768/497
f 672/768/497 684/745/474 685/714/445 673/769/498
f 679/763/492 691/758/487 690/757/486 678/770/499
f 678/770/499 690/757/486 689/742/471 677/764/493
f 673/769/498 685/714/445 695/713/444 683/759/488
f 589/744/473 588/711/442 685/714/445 684/745/474
f 596/748/477 595/755/484 691/758/487 692/749/478
f 645/771/500 634/772/501 635/734/465 646/733/464
f 805/773/485 902/774/486 912/775/487 816/776/484
f 853/777/455 854/778/453 843/779/452 841/780/454
f 854/778/453 855/781/451 844/782/450 843/779/452
f 855/781/451 856/783/449 845/784/448 844/782/450
f 856/783/449 857/785/446 846/786/447 845/784/448
f 859/787/464 860/788/500 849/789/501 848/790/465
f 860/788/500 861/791/461 850/792/460 849/789/501
f 864/793/466 853/777/455 841/780/454 842/794/467
f 863/795/456 864/796/466 842/797/467 852/798/457
f 858/799/462 859/787/464 848/790/465 847/800/463
f 810/801/473 906/802/474 905/803/475 809/804/472
f 807/805/469 903/806/470 901/807/471 806/808/468
f 814/809/476 910/810/479 909/811/483 813/812/482
f 808/813/480 904/814/481 903/806/470 807/805/469
f 815/815/477 911/816/478 910/810/479 814/809/476
f 809/804/472 905/803/475 904/814/481 808/813/480
f 815/815/477 816/776/484 912/775/487 911/816/478
f 812/817/443 908/818/444 907/819/445 811/820/442
f 811/820/442 907/819/445 906/802/474 810/801/473
f 900/821/492 899/822/491 911/816/478 912/775/487
f 899/822/491 898/823/490 910/810/479 911/816/478
f 898/823/490 897/824/489 909/811/483 910/810/479
f 897/824/489 896/825/488 908/818/444 909/811/483
f 894/826/497 893/827/496 905/803/475 906/802/474
f 893/827/496 892/828/495 904/814/481 905/803/475
f 892/828/495 891/829/494 903/806/470 904/814/481
f 891/829/494 889/830/493 901/807/471 903/806/470
f 889/830/493 890/831/499 902/774/486 901/807/471
f 896/825/488 895/832/498 907/819/445 908/818/444
f 895/832/498 894/826/497 906/802/474 907/819/445
f 890/831/499 900/821/492 912/775/487 902/774/486
f 806/808/468 901/807/471 902/774/486 805/773/485
f 813/812/482 909/811/483 908/818/444 812/817/443
f 862/833/459 863/795/456 852/798/457 851/834/458
f 657/835/502 801/836/503 802/837/504 658/838/505
f 656/839/506 800/840/507 801/836/503 657/835/502
f 655/841/508 799/842/509 800/840/507 656/839/506
f 652/843/510 796/844/511 797/845/512 653/846/513
f 651/847/514 795/848/515 796/844/511 652/843/510
f 650/849/516 794/850/517 795/848/515 651/847/514
f 649/851/518 793/852/519 794/850/517 650/849/516
f 804/853/520 793/852/519 649/851/518 648/854/521
f 659/855/522 803/856/523 804/853/520 648/854/521
f 653/846/513 797/845/512 798/857/524 654/858/525
f 654/858/525 798/857/524 799/842/509 655/841/508
f 649/851/518 650/849/516 662/859/526 661/860/527
f 650/849/516 651/847/514 663/861/528 662/859/526
f 651/847/514 652/843/510 664/862/529 663/861/528
f 652/843/510 653/846/513 665/863/530 664/862/529
f 655/841/508 656/839/506 668/864/531 667/865/532
f 656/839/506 657/835/502 669/866/533 668/864/531
f 657/835/502 658/838/505 670/867/534 669/866/533
f 658/838/505 659/855/522 671/868/535 670/867/534
f 648/854/521 649/851/518 661/860/527 660/869/536
f 659/855/522 648/854/521 660/869/536 671/868/535
f 653/846/513 654/858/525 666/870/537 665/863/530
f 654/858/525 655/841/508 667/865/532 666/870/537
f 791/871/538 670/867/534 671/868/535 792/872/539
f 790/873/540 669/866/533 670/867/534 791/871/538
f 789/874/541 668/864/531 669/866/533 790/873/540
f 788/875/542 667/865/532 668/864/531 789/874/541
f 785/876/543 664/862/529 665/863/530 786/877/544
f 784/878/545 663/861/528 664/862/529 785/876/543
f 783/879/546 662/859/526 663/861/528 784/878/545
f 782/880/547 661/860/527 662/859/526 783/879/546
f 781/881/548 660/869/536 661/860/527 782/880/547
f 787/882/549 666/870/537 667/865/532 788/875/542
f 786/877/544 665/863/530 666/870/537 787/882/549
f 792/872/539 671/868/535 660/869/536 781/881/548
f 658/838/505 802/837/504 803/856/523 659/855/522
f 874/883/502 875/884/506 1019/885/507 1018/886/503
f 873/887/505 874/883/502 1018/886/503 1017/888/504
f 872/889/522 873/887/505 1017/888/504 1016/890/523
f 869/891/516 870/892/518 1014/893/519 1013/894/517
f 868/895/514 869/891/516 1013/894/517 1012/896/515
f 867/897/510 868/895/514 1012/896/515 1011/898/511
f 866/899/513 867/897/510 1011/898/511 1010/900/512
f 1021/901/524 865/902/525 866/899/513 1010/900/512
f 876/903/508 865/902/525 1021/901/524 1020/904/509
f 870/892/518 871/905/521 1015/906/520 1014/893/519
f 871/905/521 872/889/522 1016/890/523 1015/906/520
f 866/899/513 878/907/530 879/908/529 867/897/510
f 867/897/510 879/908/529 880/909/528 868/895/514
f 868/895/514 880/909/528 881/910/526 869/891/516
f 869/891/516 881/910/526 882/911/527 870/892/518
f 872/889/522 884/912/535 885/913/534 873/887/505
f 873/887/505 885/913/534 886/914/533 874/883/502
f 874/883/502 886/914/533 887/915/531 875/884/506
f 875/884/506 887/915/531 888/916/532 876/903/508
f 865/902/525 877/917/537 878/907/530 866/899/513
f 876/903/508 888/916/532 877/917/537 865/902/525
f 870/892/518 882/911/527 883/918/536 871/905/521
f 871/905/521 883/918/536 884/912/535 872/889/522
f 1008/919/541 1009/920/542 888/916/532 887/915/531
f 1007/921/540 1008/919/541 887/915/531 886/914/533
f 1006/922/538 1007/921/540 886/914/533 885/913/534
f 1005/923/539 1006/922/538 885/913/534 884/912/535
f 1002/924/546 1003/925/547 882/911/527 881/910/526
f 1001/926/545 1002/924/546 881/910/526 880/909/528
f 1000/927/543 1001/926/545 880/909/528 879/908/529
f 999/928/544 1000/927/543 879/908/529 878/907/530
f 998/929/549 999/928/544 878/907/530 877/917/537
f 1004/930/548 1005/923/539 884/912/535 883/918/536
f 1003/925/547 1004/930/548 883/918/536 882/911/527
f 1009/920/542 998/929/549 877/917/537 888/916/532
f 875/884/506 876/903/508 1020/904/509 1019/885/507
usemtl Gold
f 622/931/550 610/932/551 611/933/552 623/934/553
f 601/935/554 636/715/446 637/718/449 602/936/555
f 640/724/455 629/723/454 630/738/467 641/737/466
f 602/936/555 637/718/449 638/720/451 603/937/556
f 603/937/556 638/720/451 639/722/453 604/938/557
f 604/938/557 639/722/453 640/724/455 605/939/558
f 607/940/559 642/725/456 643/728/459 608/941/560
f 608/941/560 643/728/459 644/730/461 609/942/561
f 609/942/561 644/730/461 645/771/500 610/932/551
f 610/932/551 645/771/500 646/733/464 611/933/552
f 600/943/562 647/731/462 636/715/446 601/935/554
f 606/944/563 641/737/466 642/725/456 607/940/559
f 605/939/558 640/724/455 641/737/466 606/944/563
f 611/933/552 646/733/464 647/736/462 600/945/562
f 672/768/497 673/769/498 698/946/463 697/947/447
f 635/948/465 634/949/501 598/753/482 599/712/443
f 681/761/490 680/762/491 705/950/458 706/951/460
f 675/766/495 674/767/496 699/952/448 700/953/450
f 682/760/489 681/761/490 706/951/460 707/954/501
f 676/765/494 675/766/495 700/953/450 701/955/452
f 683/759/488 682/760/489 707/954/501 708/956/465
f 680/762/491 679/763/492 704/957/457 705/950/458
f 677/764/493 676/765/494 701/955/452 702/958/454
f 679/763/492 678/770/499 703/959/467 704/957/457
f 678/770/499 677/764/493 702/958/454 703/959/467
f 673/769/498 683/759/488 708/956/465 698/946/463
f 634/949/501 633/960/460 597/747/476 598/753/482
f 633/960/460 632/961/458 596/748/477 597/747/476
f 632/961/458 631/962/457 595/755/484 596/748/477
f 629/963/454 628/964/452 592/740/469 593/739/468
f 628/964/452 627/965/450 591/751/480 592/740/469
f 627/965/450 626/966/448 590/743/472 591/751/480
f 626/966/448 624/967/447 589/744/473 590/743/472
f 624/967/447 625/968/463 588/711/442 589/744/473
f 631/962/457 630/969/467 594/756/485 595/755/484
f 630/969/467 629/963/454 593/739/468 594/756/485
f 588/711/442 625/968/463 635/948/465 599/712/443
f 711/970/564 712/971/565 700/953/450 699/952/448
f 712/971/565 713/972/566 701/955/452 700/953/450
f 713/972/566 714/973/567 702/958/454 701/955/452
f 716/974/568 717/975/569 705/950/458 704/957/457
f 717/975/569 718/976/570 706/951/460 705/950/458
f 718/976/570 719/977/571 707/954/501 706/951/460
f 719/977/571 720/978/572 708/956/465 707/954/501
f 710/979/573 709/980/574 697/947/447 698/946/463
f 715/981/575 716/974/568 704/957/457 703/959/467
f 710/979/573 698/946/463 708/956/465 720/978/572
f 714/973/567 715/981/575 703/959/467 702/958/454
f 733/982/576 720/978/572 719/977/571 734/983/577
f 674/767/496 672/768/497 697/947/447 699/952/448
f 709/980/574 711/970/564 699/952/448 697/947/447
f 721/984/578 722/985/579 759/986/580 758/987/581
f 732/988/582 731/989/583 756/990/584 745/991/585
f 731/989/583 730/992/586 755/993/587 756/990/584
f 730/992/586 729/994/588 754/995/589 755/993/587
f 729/994/588 728/996/590 753/997/591 754/995/589
f 755/993/587 742/998/592 743/999/593 756/990/584
f 728/996/590 727/1000/594 752/1001/595 753/997/591
f 725/1002/596 724/1003/597 749/1004/598 750/1005/599
f 724/1003/597 723/1006/600 748/1007/601 749/1004/598
f 723/1006/600 722/985/579 747/1008/602 748/1007/601
f 734/983/577 719/977/571 718/976/570 735/1009/603
f 735/1009/603 718/976/570 717/975/569 736/1010/604
f 736/1010/604 717/975/569 716/974/568 737/1011/605
f 739/1012/606 714/973/567 713/972/566 740/1013/607
f 727/1000/594 726/1014/608 751/1015/609 752/1001/595
f 740/1013/607 713/972/566 712/971/565 741/1016/610
f 741/1016/610 712/971/565 711/970/564 742/998/592
f 742/998/592 711/970/564 709/980/574 743/999/593
f 743/999/593 709/980/574 710/979/573 744/1017/611
f 721/984/578 732/988/582 745/991/585 746/1018/612
f 726/1014/608 725/1002/596 750/1005/599 751/1015/609
f 737/1011/605 716/974/568 715/981/575 738/1019/613
f 710/979/573 720/978/572 733/982/576 744/1017/611
f 738/1019/613 715/981/575 714/973/567 739/1012/606
f 754/995/589 741/1016/610 742/998/592 755/993/587
f 753/997/591 740/1013/607 741/1016/610 754/995/589
f 752/1001/595 739/1012/606 740/1013/607 753/997/591
f 749/1004/598 736/1010/604 737/1011/605 750/1005/599
f 748/1007/601 735/1009/603 736/1010/604 749/1004/598
f 747/1008/602 734/983/577 735/1009/603 748/1007/601
f 746/1018/612 733/982/576 734/983/577 747/1008/602
f 756/990/584 743/999/593 744/1017/611 745/991/585
f 751/1015/609 738/1019/613 739/1012/606 752/1001/595
f 722/985/579 721/984/578 746/1018/612 747/1008/602
f 745/991/585 744/1017/611 733/982/576 746/1018/612
f 750/1005/599 737/1011/605 738/1019/613 751/1015/609
f 722/985/579 723/1006/600 760/1020/614 759/986/580
f 723/1006/600 724/1003/597 761/1021/615 760/1020/614
f 724/1003/597 725/1002/596 762/1022/616 761/1021/615
f 727/1000/594 728/996/590 765/1023/617 764/1024/618
f 728/996/590 729/994/588 766/1025/619 765/1023/617
f 729/994/588 730/992/586 767/1026/620 766/1025/619
f 730/992/586 731/989/583 768/1027/621 767/1026/620
f 731/989/583 732/988/582 757/1028/622 768/1027/621
f 757/1028/622 732/988/582 721/984/578 758/987/581
f 726/1014/608 727/1000/594 764/1024/618 763/1029/623
f 725/1002/596 726/1014/608 763/1029/623 762/1022/616
f 644/730/461 633/729/460 634/772/501 645/771/500
f 621/1030/624 609/942/561 610/932/551 622/931/550
f 620/1031/625 608/941/560 609/942/561 621/1030/624
f 619/1032/626 607/940/559 608/941/560 620/1031/625
f 616/1033/627 604/938/557 605/939/558 617/1034/628
f 615/1035/629 603/937/556 604/938/557 616/1033/627
f 614/1036/630 602/936/555 603/937/556 615/1035/629
f 613/1037/631 601/935/554 602/936/555 614/1036/630
f 600/943/562 601/935/554 613/1037/631 612/1038/632
f 623/934/553 611/933/552 600/945/562 612/1039/632
f 618/1040/633 606/944/563 607/940/559 619/1032/626
f 617/1034/628 605/939/558 606/944/563 618/1040/633
f 839/1041/625 840/1042/626 828/1043/559 827/1044/560
f 818/1045/558 819/1046/557 854/778/453 853/777/455
f 857/785/446 858/799/462 847/800/463 846/786/447
f 819/1046/557 820/1047/556 855/781/451 854/778/453
f 820/1047/556 821/1048/555 856/783/449 855/781/451
f 821/1048/555 822/1049/554 857/785/446 856/783/449
f 824/1050/552 825/1051/551 860/788/500 859/787/464
f 825/1051/551 826/1052/561 861/791/461 860/788/500
f 826/1052/561 827/1044/560 862/833/459 861/791/461
f 827/1044/560 828/1043/559 863/795/456 862/833/459
f 817/1053/563 818/1045/558 853/777/455 864/793/466
f 823/1054/562 824/1050/552 859/787/464 858/799/462
f 822/1049/554 823/1054/562 858/799/462 857/785/446
f 828/1043/559 817/1055/563 864/796/466 863/795/456
f 889/830/493 914/1056/454 915/1057/467 890/831/499
f 852/1058/457 816/776/484 815/815/477 851/1059/458
f 898/823/490 923/1060/460 922/1061/501 897/824/489
f 892/828/495 917/1062/450 916/1063/452 891/829/494
f 899/822/491 924/1064/458 923/1060/460 898/823/490
f 893/827/496 918/1065/448 917/1062/450 892/828/495
f 900/821/492 925/1066/457 924/1064/458 899/822/491
f 897/824/489 922/1061/501 921/1067/465 896/825/488
f 894/826/497 919/1068/447 918/1065/448 893/827/496
f 896/825/488 921/1067/465 920/1069/463 895/832/498
f 895/832/498 920/1069/463 919/1068/447 894/826/497
f 890/831/499 915/1057/467 925/1066/457 900/821/492
f 851/1059/458 815/815/477 814/809/476 850/1070/460
f 850/1070/460 814/809/476 813/812/482 849/1071/501
f 849/1071/501 813/812/482 812/817/443 848/1072/465
f 846/1073/447 810/801/473 809/804/472 845/1074/448
f 845/1074/448 809/804/472 808/813/480 844/1075/450
f 844/1075/450 808/813/480 807/805/469 843/1076/452
f 843/1076/452 807/805/469 806/808/468 841/1077/454
f 841/1077/454 806/808/468 805/773/485 842/1078/467
f 848/1072/465 812/817/443 811/820/442 847/1079/463
f 847/1079/463 811/820/442 810/801/473 846/1073/447
f 805/773/485 816/776/484 852/1058/457 842/1078/467
f 928/1080/566 916/1063/452 917/1062/450 929/1081/565
f 929/1081/565 917/1062/450 918/1065/448 930/1082/564
f 930/1082/564 918/1065/448 919/1068/447 931/1083/634
f 933/1084/572 921/1067/465 922/1061/501 934/1085/571
f 934/1085/571 922/1061/501 923/1060/460 935/1086/570
f 935/1086/570 923/1060/460 924/1064/458 936/1087/569
f 936/1087/569 924/1064/458 925/1066/457 937/1088/635
f 927/1089/636 915/1057/467 914/1056/454 926/1090/637
f 932/1091/638 920/1069/463 921/1067/465 933/1084/572
f 927/1089/636 937/1088/635 925/1066/457 915/1057/467
f 931/1083/634 919/1068/447 920/1069/463 932/1091/638
f 950/1092/605 951/1093/604 936/1087/569 937/1088/635
f 891/829/494 916/1063/452 914/1056/454 889/830/493
f 926/1090/637 914/1056/454 916/1063/452 928/1080/566
f 938/1094/596 975/1095/616 976/1096/615 939/1097/597
f 949/1098/608 962/1099/609 973/1100/595 948/1101/594
f 948/1101/594 973/1100/595 972/1102/591 947/1103/590
f 947/1103/590 972/1102/591 971/1104/589 946/1105/588
f 946/1105/588 971/1104/589 970/1106/587 945/1107/586
f 972/1102/591 973/1100/595 960/1108/606 959/1109/607
f 945/1107/586 970/1106/587 969/1110/584 944/1111/583
f 942/1112/578 967/1113/612 966/1114/602 941/1115/579
f 941/1115/579 966/1114/602 965/1116/601 940/1117/600
f 940/1117/600 965/1116/601 964/1118/598 939/1097/597
f 951/1093/604 952/1119/603 935/1086/570 936/1087/569
f 952/1119/603 953/1120/577 934/1085/571 935/1086/570
f 953/1120/577 954/1121/576 933/1084/572 934/1085/571
f 956/1122/593 957/1123/592 930/1082/564 931/1083/634
f 944/1111/583 969/1110/584 968/1124/585 943/1125/582
f 957/1123/592 958/1126/610 929/1081/565 930/1082/564
f 958/1126/610 959/1109/607 928/1080/566 929/1081/565
f 959/1109/607 960/1108/606 926/1090/637 928/1080/566
f 960/1108/606 961/1127/613 927/1089/636 926/1090/637
f 938/1094/596 963/1128/599 962/1099/609 949/1098/608
f 943/1125/582 968/1124/585 967/1113/612 942/1112/578
f 954/1121/576 955/1129/611 932/1091/638 933/1084/572
f 927/1089/636 961/1127/613 950/1092/605 937/1088/635
f 955/1129/611 956/1122/593 931/1083/634 932/1091/638
f 971/1104/589 972/1102/591 959/1109/607 958/1126/610
f 970/1106/587 971/1104/589 958/1126/610 957/1123/592
f 969/1110/584 970/1106/587 957/1123/592 956/1122/593
f 966/1114/602 967/1113/612 954/1121/576 953/1120/577
f 965/1116/601 966/1114/602 953/1120/577 952/1119/603
f 964/1118/598 965/1116/601 952/1119/603 951/1093/604
f 963/1128/599 964/1118/598 951/1093/604 950/1092/605
f 973/1100/595 962/1099/609 961/1127/613 960/1108/606
f 968/1124/585 969/1110/584 956/1122/593 955/1129/611
f 939/1097/597 964/1118/598 963/1128/599 938/1094/596
f 962/1099/609 963/1128/599 950/1092/605 961/1127/613
f 967/1113/612 968/1124/585 955/1129/611 954/1121/576
f 939/1097/597 976/1096/615 977/1130/614 940/1117/600
f 940/1117/600 977/1130/614 978/1131/580 941/1115/579
f 941/1115/579 978/1131/580 979/1132/581 942/1112/578
f 944/1111/583 981/1133/621 982/1134/620 945/1107/586
f 945/1107/586 982/1134/620 983/1135/619 946/1105/588
f 946/1105/588 983/1135/619 984/1136/617 947/1103/590
f 947/1103/590 984/1136/617 985/1137/618 948/1101/594
f 948/1101/594 985/1137/618 974/1138/623 949/1098/608
f 974/1138/623 975/1095/616 938/1094/596 949/1098/608
f 943/1125/582 980/1139/622 981/1133/621 944/1111/583
f 942/1112/578 979/1132/581 980/1139/622 943/1125/582
f 861/791/461 862/833/459 851/834/458 850/792/460
f 838/1140/624 839/1041/625 827/1044/560 826/1052/561
f 837/1141/550 838/1140/624 826/1052/561 825/1051/551
f 836/1142/639 837/1141/550 825/1051/551 824/1050/552
f 833/1143/630 834/1144/640 822/1049/554 821/1048/555
f 832/1145/629 833/1143/630 821/1048/555 820/1047/556
f 831/1146/627 832/1145/629 820/1047/556 819/1046/557
f 830/1147/628 831/1146/627 819/1046/557 818/1045/558
f 817/1053/563 829/1148/633 830/1147/628 818/1045/558
f 840/1042/626 829/1149/633 817/1055/563 828/1043/559
f 835/1150/632 836/1142/639 824/1050/552 823/1054/562
f 834/1144/640 835/1150/632 823/1054/562 822/1049/554
f 797/845/512 617/1151/628 618/1152/633 798/857/524
f 803/856/523 623/1153/553 612/1154/632 804/853/520
f 793/852/519 804/853/520 612/1154/632 613/1155/631
f 793/852/519 613/1155/631 614/1156/630 794/850/517
f 794/850/517 614/1156/630 615/1157/629 795/848/515
f 795/848/515 615/1157/629 616/1158/627 796/844/511
f 796/844/511 616/1158/627 617/1151/628 797/845/512
f 799/842/509 619/1159/626 620/1160/625 800/840/507
f 800/840/507 620/1160/625 621/1161/624 801/836/503
f 801/836/503 621/1161/624 622/1162/550 802/837/504
f 798/857/524 618/1152/633 619/1159/626 799/842/509
f 802/837/504 622/1162/550 623/1153/553 803/856/523
f 1014/893/519 1015/906/520 835/1163/632 834/1164/640
f 1020/904/509 1021/901/524 829/1165/633 840/1166/626
f 1010/900/512 830/1167/628 829/1165/633 1021/901/524
f 1010/900/512 1011/898/511 831/1168/627 830/1167/628
f 1011/898/511 1012/896/515 832/1169/629 831/1168/627
f 1012/896/515 1013/894/517 833/1170/630 832/1169/629
f 1013/894/517 1014/893/519 834/1164/640 833/1170/630
f 1016/890/523 1017/888/504 837/1171/550 836/1172/639
f 1017/888/504 1018/886/503 838/1173/624 837/1171/550
f 1018/886/503 1019/885/507 839/1174/625 838/1173/624
f 1015/906/520 1016/890/523 836/1172/639 835/1163/632
f 1019/885/507 1020/904/509 840/1166/626 839/1174/625
usemtl BlackVoid
f 781/881/548 782/880/547 783/879/546 784/878/545 785/876/543 786/877/544 787/882/549 788/875/542 789/874/541 790/873/540 791/871/538 792/872/539
f 998/929/549 1009/920/542 1008/919/541 1007/921/540 1006/922/538 1005/923/539 1004/930/548 1003/925/547 1002/924/546 1001/926/545 1000/927/543 999/928/544
usemtl Blue.001
f 770/1175/641 780/1176/642 696/1177/643
f 772/1178/644 771/1179/645 696/1180/643
f 773/1181/646 772/1178/644 696/1182/643
f 774/1183/647 773/1181/646 696/1184/643
f 777/1185/648 776/1186/649 696/1187/643
f 775/1188/650 774/1183/647 696/1189/643
f 778/1190/651 777/1185/648 696/1191/643
f 779/1192/652 778/1190/651 696/1193/643
f 780/1176/642 779/1192/652 696/1194/643
f 769/1195/653 770/1175/641 696/1196/643
f 776/1186/649 775/1188/650 696/1197/643
f 771/1179/645 767/1026/620 768/1027/621 769/1195/653
f 772/1178/644 766/1025/619 767/1026/620 771/1179/645
f 773/1181/646 765/1023/617 766/1025/619 772/1178/644
f 774/1183/647 764/1024/618 765/1023/617 773/1181/646
f 777/1185/648 761/1021/615 762/1022/616 776/1186/649
f 778/1190/651 760/1020/614 761/1021/615 777/1185/648
f 779/1192/652 759/986/580 760/1020/614 778/1190/651
f 780/1176/642 758/987/581 759/986/580 779/1192/652
f 769/1195/653 768/1027/621 757/1028/622 770/1175/641
f 776/1186/649 762/1022/616 763/1029/623 775/1188/650
f 770/1175/641 757/1028/622 758/987/581 780/1176/642
f 775/1188/650 763/1029/623 764/1024/618 774/1183/647
f 771/1179/645 769/1195/653 696/1198/643
f 987/1199/650 913/1200/643 997/1201/649
f 989/1202/644 913/1203/643 988/1204/646
f 990/1205/654 913/1206/643 989/1202/644
f 991/1207/653 913/1208/643 990/1205/654
f 994/1209/652 913/1210/643 993/1211/642
f 992/1212/641 913/1213/643 991/1207/653
f 995/1214/651 913/1215/643 994/1209/652
f 996/1216/648 913/1217/643 995/1214/651
f 997/1201/649 913/1218/643 996/1216/648
f 986/1219/647 913/1220/643 987/1199/650
f 993/1211/642 913/1221/643 992/1212/641
f 988/1204/646 986/1219/647 985/1137/618 984/1136/617
f 989/1202/644 988/1204/646 984/1136/617 983/1135/619
f 990/1205/654 989/1202/644 983/1135/619 982/1134/620
f 991/1207/653 990/1205/654 982/1134/620 981/1133/621
f 994/1209/652 993/1211/642 979/1132/581 978/1131/580
f 995/1214/651 994/1209/652 978/1131/580 977/1130/614
f 996/1216/648 995/1214/651 977/1130/614 976/1096/615
f 997/1201/649 996/1216/648 976/1096/615 975/1095/616
f 986/1219/647 987/1199/650 974/1138/623 985/1137/618
f 993/1211/642 992/1212/641 980/1139/622 979/1132/581
f 987/1199/650 997/1201/649 975/1095/616 974/1138/623
f 992/1212/641 991/1207/653 981/1133/621 980/1139/622
f 988/1204/646 913/1222/643 986/1219/647
o Cylinder.054_Cylinder.045
v 0.178493 -0.275801 -1.826440
v 0.119938 -0.333251 0.793584
v 0.154579 -0.365047 -1.826440
v 0.103870 -0.410839 0.849663
v 0.089246 -0.430380 -1.826440
v 0.059969 -0.467637 0.890716
v 0.191466 -0.333251 -0.120918
v 0.191466 -0.333251 -0.406043
v 0.191466 -0.333251 -0.879509
v 0.191466 -0.333251 -1.352974
v 0.165814 -0.428984 -0.120918
v 0.165814 -0.428984 -0.406043
v 0.165814 -0.428984 -0.879509
v 0.165814 -0.428984 -1.352974
v 0.065283 -0.499065 -0.120918
v 0.095733 -0.499065 -0.406043
v 0.095733 -0.499065 -0.879509
v 0.095733 -0.499065 -1.352974
v 0.100194 -0.031822 1.288379
v 0.086770 -0.048818 1.366525
v 0.050097 -0.061260 1.423733
v 0.110066 -0.194212 1.062140
v 0.095320 -0.251500 1.128746
v 0.049476 -0.349833 1.177504
v 0.040524 -0.902654 1.055545
v 0.027635 -0.923383 0.257925
v 0.037189 -0.714435 1.166449
v 0.094338 -0.016080 -3.518053
v 0.054465 -0.073624 -3.548989
v -0.178493 -0.275801 -1.826440
v -0.119938 -0.333251 0.793584
v -0.154579 -0.365047 -1.826440
v -0.103870 -0.410839 0.849663
v -0.089246 -0.430380 -1.826440
v -0.059969 -0.467637 0.890716
v 0.000000 -0.491887 -1.826440
v -0.191466 -0.333251 -0.120918
v -0.191466 -0.333251 -0.406043
v -0.191466 -0.333251 -0.879509
v -0.191466 -0.333251 -1.352974
v -0.165814 -0.428984 -0.120918
v -0.165814 -0.428984 -0.406043
v -0.165814 -0.428984 -0.879509
v -0.165814 -0.428984 -1.352974
v -0.065283 -0.499065 -0.120918
v -0.095733 -0.499065 -0.406043
v -0.095733 -0.499065 -0.879509
v -0.095733 -0.499065 -1.352974
v 0.000000 -0.562311 -0.239880
v 0.000000 -0.562311 -0.406043
v 0.000000 -0.562311 -0.879509
v 0.000000 -0.562311 -1.352974
v -0.100194 -0.031822 1.288379
v -0.086770 -0.048818 1.366525
v -0.050097 -0.061260 1.423733
v 0.000000 -0.071736 1.472198
v -0.110066 -0.194212 1.062140
v -0.095320 -0.251500 1.128746
v 0.000000 -0.346381 1.195351
v -0.049476 -0.349833 1.177504
v 0.000000 -0.961038 1.070571
v -0.040524 -0.902654 1.055545
v -0.027635 -0.923383 0.257925
v 0.000000 -0.997327 0.173176
v 0.000000 -0.767379 1.184296
v -0.037189 -0.714435 1.166449
v -0.094338 -0.016080 -3.518053
v -0.054465 -0.073624 -3.548989
v 0.000000 -0.130853 -3.570574
vt 0.750000 0.900000
vt 0.750000 1.000000
vt 0.666667 1.000000
vt 0.666667 0.900000
vt 0.583333 0.900000
vt 0.583333 1.000000
vt 0.583333 1.000000
vt 0.583333 0.900000
vt 0.666667 1.000000
vt 0.750000 1.000000
vt 0.750000 1.000000
vt 0.666667 1.000000
vt 0.583333 0.600000
vt 0.583333 0.700000
vt 0.500000 0.700000
vt 0.500000 0.600000
vt 0.583333 0.800000
vt 0.500000 0.800000
vt 0.666667 0.500000
vt 0.666667 0.600000
vt 0.583333 0.500000
vt 0.666667 0.700000
vt 0.666667 0.800000
vt 0.750000 0.500000
vt 0.750000 0.600000
vt 0.750000 0.700000
vt 0.750000 0.800000
vt 0.583333 1.000000
vt 0.583333 1.000000
vt 0.500000 0.900000
vt 0.500000 1.000000
vt 0.500000 1.000000
vt 0.583333 1.000000
vt 0.666667 0.500000
vt 0.500000 1.000000
vt 0.500000 0.900000
vt 0.583333 0.500000
vt 0.500000 0.500000
vt 0.500000 0.500000
vt 0.750000 0.900000
vt 0.666667 0.900000
vt 0.666667 1.000000
vt 0.750000 1.000000
vt 0.583333 0.900000
vt 0.583333 0.900000
vt 0.583333 1.000000
vt 0.583333 1.000000
vt 0.666667 1.000000
vt 0.666667 1.000000
vt 0.750000 1.000000
vt 0.750000 1.000000
vt 0.583333 0.600000
vt 0.583333 0.700000
vt 0.583333 0.800000
vt 0.666667 0.500000
vt 0.583333 0.500000
vt 0.666667 0.600000
vt 0.666667 0.700000
vt 0.666667 0.800000
vt 0.750000 0.500000
vt 0.750000 0.600000
vt 0.750000 0.700000
vt 0.750000 0.800000
vt 0.583333 1.000000
vt 0.583333 1.000000
vt 0.583333 1.000000
vt 0.666667 0.500000
vt 0.583333 0.500000
vt 0.500000 1.000000
vn 0.9712 -0.2356 0.0353
vn 0.9800 -0.1800 0.0841
vn 0.8949 -0.4325 0.1102
vn 0.8528 -0.5207 0.0384
vn 0.8205 -0.5695 -0.0481
vn 0.9574 -0.2754 0.0867
vn 0.9270 -0.2909 0.2366
vn 0.9593 -0.2759 -0.0604
vn 0.9452 -0.2487 0.2114
vn 0.9854 -0.1251 0.1152
vn 0.9843 -0.1173 0.1314
vn 0.9216 -0.2653 0.2832
vn 0.6312 -0.7733 -0.0594
vn 0.6323 -0.7747 0.0000
vn 0.0000 -1.0000 0.0000
vn 0.0000 -0.9973 -0.0730
vn 0.6251 -0.7803 0.0185
vn 0.0000 -0.9997 0.0247
vn 0.8734 -0.4754 -0.1049
vn 0.8610 -0.5067 -0.0444
vn 0.6705 -0.7290 -0.1375
vn 0.8660 -0.5000 0.0000
vn 0.8536 -0.5208 0.0088
vn 0.9633 -0.2581 -0.0738
vn 0.9655 -0.2587 -0.0298
vn 0.9659 -0.2588 0.0000
vn 0.7973 -0.3054 0.5205
vn 0.6524 -0.5170 0.5541
vn 0.0000 -0.9954 -0.0956
vn 0.0000 -0.4122 0.9111
vn 0.0000 -0.3706 0.9288
vn 0.8175 -0.0931 0.5683
vn 0.7766 -0.6122 -0.1484
vn 0.0000 -0.8624 0.5062
vn 0.0000 -0.8898 -0.4563
vn 0.7008 -0.6958 -0.1570
vn 0.0000 -0.9842 -0.1772
vn 0.0000 -0.9775 -0.2108
vn -0.9712 -0.2356 0.0353
vn -0.8528 -0.5207 0.0384
vn -0.8949 -0.4325 0.1102
vn -0.9800 -0.1800 0.0841
vn -0.8205 -0.5695 -0.0481
vn -0.9593 -0.2759 -0.0604
vn -0.9270 -0.2909 0.2366
vn -0.9574 -0.2754 0.0867
vn -0.9452 -0.2487 0.2114
vn -0.9216 -0.2653 0.2832
vn -0.9843 -0.1173 0.1314
vn -0.9854 -0.1251 0.1152
vn -0.6312 -0.7733 -0.0594
vn -0.6323 -0.7747 0.0000
vn -0.6251 -0.7803 0.0185
vn -0.8734 -0.4754 -0.1049
vn -0.6705 -0.7290 -0.1375
vn -0.8610 -0.5067 -0.0444
vn -0.8660 -0.5000 0.0000
vn -0.8536 -0.5208 0.0088
vn -0.9633 -0.2581 -0.0738
vn -0.9655 -0.2587 -0.0298
vn -0.9659 -0.2588 0.0000
vn -0.7973 -0.3054 0.5205
vn -0.6524 -0.5170 0.5541
vn -0.8175 -0.0931 0.5683
vn -0.7766 -0.6122 -0.1484
vn -0.7008 -0.6958 -0.1570
vn 0.0000 -0.6808 0.7324
usemtl DarkPorple
s 1
f 1028/1223/655 1023/1224/656 1025/1225/657 1032/1226/658
f 1036/1227/659 1027/1228/660 1046/1229/661 1047/1230/662
f 1044/1231/663 1043/1232/664 1040/1233/665 1041/1234/666
f 1039/1235/667 1038/1236/668 1072/1237/669 1073/1238/670
f 1038/1236/668 1037/1239/671 1071/1240/672 1072/1237/669
f 1032/1226/658 1025/1225/657 1027/1228/660 1036/1227/659
f 1024/1241/673 1035/1242/674 1039/1235/667 1026/1243/675
f 1035/1242/674 1034/1244/676 1038/1236/668 1039/1235/667
f 1034/1244/676 1033/1245/677 1037/1239/671 1038/1236/668
f 1022/1246/678 1031/1247/679 1035/1242/674 1024/1241/673
f 1031/1247/679 1030/1248/680 1034/1244/676 1035/1242/674
f 1030/1248/680 1029/1249/680 1033/1245/677 1034/1244/676
f 1029/1249/680 1028/1223/655 1032/1226/658 1033/1245/677
f 1033/1245/677 1032/1226/658 1036/1227/659 1037/1239/671
f 1045/1250/681 1044/1231/663 1041/1234/666 1042/1251/682
f 1025/1225/657 1023/1224/656 1043/1232/664 1044/1231/663
f 1037/1239/671 1036/1227/659 1070/1252/683 1071/1240/672
f 1045/1250/681 1080/1253/684 1086/1254/685 1048/1255/686
f 1027/1228/660 1025/1225/657 1044/1231/663 1045/1250/681
f 1024/1241/673 1049/1256/687 1022/1246/678
f 1047/1230/662 1046/1229/661 1082/1257/688 1085/1258/689
f 1024/1241/673 1026/1243/675 1050/1259/690 1049/1256/687
f 1027/1228/660 1045/1250/681 1048/1255/686 1046/1229/661
f 1026/1243/675 1057/1260/691 1090/1261/692 1050/1259/690
f 1058/1262/693 1062/1263/694 1054/1264/695 1052/1265/696
f 1066/1266/697 1084/1267/698 1083/1268/699 1056/1269/700
f 1079/1270/701 1075/1271/702 1074/1272/703 1078/1273/704
f 1069/1274/705 1073/1238/670 1072/1237/669 1068/1275/706
f 1068/1275/706 1072/1237/669 1071/1240/672 1067/1276/707
f 1062/1263/694 1066/1266/697 1056/1269/700 1054/1264/695
f 1053/1277/708 1055/1278/709 1069/1274/705 1065/1279/710
f 1065/1279/710 1069/1274/705 1068/1275/706 1064/1280/711
f 1064/1280/711 1068/1275/706 1067/1276/707 1063/1281/712
f 1051/1282/713 1053/1277/708 1065/1279/710 1061/1283/714
f 1061/1283/714 1065/1279/710 1064/1280/711 1060/1284/715
f 1060/1284/715 1064/1280/711 1063/1281/712 1059/1285/715
f 1059/1285/715 1063/1281/712 1062/1263/694 1058/1262/693
f 1063/1281/712 1067/1276/707 1066/1266/697 1062/1263/694
f 1081/1286/716 1076/1287/717 1075/1271/702 1079/1270/701
f 1054/1264/695 1079/1270/701 1078/1273/704 1052/1265/696
f 1067/1276/707 1071/1240/672 1070/1252/683 1066/1266/697
f 1081/1286/716 1087/1288/718 1086/1254/685 1080/1253/684
f 1056/1269/700 1081/1286/716 1079/1270/701 1054/1264/695
f 1053/1277/708 1051/1282/713 1088/1289/719
f 1084/1267/698 1085/1258/689 1082/1257/688 1083/1268/699
f 1053/1277/708 1088/1289/719 1089/1290/720 1055/1278/709
f 1056/1269/700 1083/1268/699 1087/1288/718 1081/1286/716
f 1055/1278/709 1089/1290/720 1090/1261/692 1057/1260/691
usemtl Gold
f 1070/1252/683 1036/1227/659 1047/1230/662 1085/1258/689
f 1073/1238/670 1057/1260/691 1026/1243/675 1039/1235/667
f 1082/1257/688 1046/1229/661 1048/1255/686 1086/1254/685
f 1080/1253/684 1045/1250/681 1042/1251/682 1077/1291/721
f 1070/1252/683 1085/1258/689 1084/1267/698 1066/1266/697
f 1073/1238/670 1069/1274/705 1055/1278/709 1057/1260/691
f 1082/1257/688 1086/1254/685 1087/1288/718 1083/1268/699
f 1080/1253/684 1077/1291/721 1076/1287/717 1081/1286/716
o Cylinder.055_Cylinder.063
v 0.197505 -0.306345 -1.314711
v 0.197505 -0.306345 -1.269061
v 0.171044 -0.437411 -1.314711
v 0.171044 -0.437411 -1.269061
v 0.106302 -0.503550 -1.314711
v 0.106302 -0.503550 -1.269061
v 0.000000 -0.575096 -1.314711
v 0.000000 -0.575096 -1.269061
v -0.106302 -0.503550 -1.314711
v -0.106302 -0.503550 -1.269061
v -0.171044 -0.437412 -1.314711
v -0.171044 -0.437412 -1.269061
v -0.197505 -0.306345 -1.314711
v -0.197505 -0.306345 -1.269061
v 0.197505 -0.306345 -0.799786
v 0.197505 -0.306345 -0.754137
v 0.171044 -0.437412 -0.799786
v 0.171044 -0.437412 -0.754137
v 0.106302 -0.503550 -0.799786
v 0.106302 -0.503550 -0.754137
v 0.000000 -0.575096 -0.799786
v 0.000000 -0.575096 -0.754137
v -0.106302 -0.503550 -0.799786
v -0.106302 -0.503550 -0.754137
v -0.171044 -0.437412 -0.799786
v -0.171044 -0.437412 -0.754137
v -0.197505 -0.306345 -0.799786
v -0.197505 -0.306345 -0.754137
v 0.197505 -0.306345 -0.284862
v 0.197505 -0.306345 -0.239213
v 0.171044 -0.437412 -0.284862
v 0.171044 -0.437412 -0.239213
v 0.106302 -0.503550 -0.284862
v 0.106302 -0.503550 -0.239213
v 0.000000 -0.575096 -0.284862
v 0.000000 -0.575096 -0.239213
v -0.106302 -0.503550 -0.284862
v -0.106302 -0.503550 -0.239213
v -0.171044 -0.437412 -0.284862
v -0.171044 -0.437412 -0.239213
v -0.197505 -0.306345 -0.284862
v -0.197505 -0.306345 -0.239213
vt 0.750000 0.500000
vt 0.750000 1.000000
vt 0.666667 1.000000
vt 0.666667 0.500000
vt 0.583333 1.000000
vt 0.583333 0.500000
vt 0.500000 1.000000
vt 0.500000 0.500000
vt 0.416667 1.000000
vt 0.416667 0.500000
vt 0.333333 1.000000
vt 0.333333 0.500000
vt 0.490000 0.250000
vt 0.010000 0.250000
vt 0.042154 0.130000
vt 0.130000 0.042154
vt 0.250000 0.010000
vt 0.370000 0.042154
vt 0.457846 0.130000
vt 0.510000 0.250000
vt 0.990000 0.250000
vt 0.957846 0.130000
vt 0.870000 0.042154
vt 0.750000 0.010000
vt 0.630000 0.042154
vt 0.542154 0.130000
vt 0.250000 1.000000
vt 0.250000 0.500000
vt 0.750000 0.500000
vt 0.750000 1.000000
vt 0.666667 1.000000
vt 0.666667 0.500000
vt 0.583333 1.000000
vt 0.583333 0.500000
vt 0.500000 1.000000
vt 0.500000 0.500000
vt 0.416667 1.000000
vt 0.416667 0.500000
vt 0.333333 1.000000
vt 0.333333 0.500000
vt 0.490000 0.250000
vt 0.010000 0.250000
vt 0.042154 0.130000
vt 0.130000 0.042154
vt 0.250000 0.010000
vt 0.370000 0.042154
vt 0.457846 0.130000
vt 0.510000 0.250000
vt 0.990000 0.250000
vt 0.957846 0.130000
vt 0.870000 0.042154
vt 0.750000 0.010000
vt 0.630000 0.042154
vt 0.542154 0.130000
vt 0.250000 1.000000
vt 0.250000 0.500000
vt 0.750000 0.500000
vt 0.750000 1.000000
vt 0.666667 1.000000
vt 0.666667 0.500000
vt 0.583333 1.000000
vt 0.583333 0.500000
vt 0.500000 1.000000
vt 0.500000 0.500000
vt 0.416667 1.000000
vt 0.416667 0.500000
vt 0.333333 1.000000
vt 0.333333 0.500000
vt 0.490000 0.250000
vt 0.010000 0.250000
vt 0.042154 0.130000
vt 0.130000 0.042154
vt 0.250000 0.010000
vt 0.370000 0.042154
vt 0.457846 0.130000
vt 0.510000 0.250000
vt 0.990000 0.250000
vt 0.957846 0.130000
vt 0.870000 0.042154
vt 0.750000 0.010000
vt 0.630000 0.042154
vt 0.542154 0.130000
vt 0.250000 1.000000
vt 0.250000 0.500000
vn 0.7383 -0.1491 -0.6577
vn 0.7383 -0.1491 0.6577
vn 0.6727 -0.3562 0.6485
vn 0.6727 -0.3562 -0.6484
vn 0.4661 -0.5600 0.6849
vn 0.4661 -0.5600 -0.6849
vn 0.0000 -0.7997 0.6004
vn 0.0000 -0.7997 -0.6004
vn -0.4661 -0.5600 0.6849
vn -0.4661 -0.5600 -0.6849
vn -0.6727 -0.3562 0.6484
vn -0.6727 -0.3562 -0.6484
vn -0.7383 -0.1491 0.6577
vn -0.7383 -0.1491 -0.6577
vn 0.6727 -0.3562 -0.6485
vn -0.6727 -0.3562 -0.6485
usemtl Gold
s 1
f 1091/1292/722 1092/1293/723 1094/1294/724 1093/1295/725
f 1093/1295/725 1094/1294/724 1096/1296/726 1095/1297/727
f 1095/1297/727 1096/1296/726 1098/1298/728 1097/1299/729
f 1097/1299/729 1098/1298/728 1100/1300/730 1099/1301/731
f 1099/1301/731 1100/1300/730 1102/1302/732 1101/1303/733
f 1092/1304/723 1104/1305/734 1102/1306/732 1100/1307/730 1098/1308/728 1096/1309/726 1094/1310/724
f 1103/1311/735 1091/1312/722 1093/1313/725 1095/1314/727 1097/1315/729 1099/1316/731 1101/1317/733
f 1101/1303/733 1102/1302/732 1104/1318/734 1103/1319/735
f 1105/1320/722 1106/1321/723 1108/1322/724 1107/1323/736
f 1107/1323/736 1108/1322/724 1110/1324/726 1109/1325/727
f 1109/1325/727 1110/1324/726 1112/1326/728 1111/1327/729
f 1111/1327/729 1112/1326/728 1114/1328/730 1113/1329/731
f 1113/1329/731 1114/1328/730 1116/1330/732 1115/1331/737
f 1106/1332/723 1118/1333/734 1116/1334/732 1114/1335/730 1112/1336/728 1110/1337/726 1108/1338/724
f 1117/1339/735 1105/1340/722 1107/1341/736 1109/1342/727 1111/1343/729 1113/1344/731 1115/1345/737
f 1115/1331/737 1116/1330/732 1118/1346/734 1117/1347/735
f 1119/1348/722 1120/1349/723 1122/1350/724 1121/1351/736
f 1121/1351/736 1122/1350/724 1124/1352/726 1123/1353/727
f 1123/1353/727 1124/1352/726 1126/1354/728 1125/1355/729
f 1125/1355/729 1126/1354/728 1128/1356/730 1127/1357/731
f 1127/1357/731 1128/1356/730 1130/1358/732 1129/1359/733
f 1120/1360/723 1132/1361/734 1130/1362/732 1128/1363/730 1126/1364/728 1124/1365/726 1122/1366/724
f 1131/1367/735 1119/1368/722 1121/1369/736 1123/1370/727 1125/1371/729 1127/1372/731 1129/1373/733
f 1129/1359/733 1130/1358/732 1132/1374/734 1131/1375/735
o Cube.023_Cube.012
v -0.897186 0.697310 0.333287
v -0.928768 0.981941 1.084389
v -0.954584 1.208650 1.178509
v -0.856835 0.329227 -0.308928
v -0.941436 1.085868 1.899342
v -0.865545 0.408686 1.084168
v -0.832978 0.111607 -1.239736
v -0.824555 0.036811 0.751327
v -1.041979 1.201171 1.178509
v -1.016163 0.974461 1.084389
v -1.028831 1.078388 1.899342
v -0.984581 0.689830 0.333287
v -0.952941 0.401207 1.084168
v -0.944230 0.321748 -0.308928
v -0.911950 0.029331 0.751327
v -0.920374 0.104127 -1.239736
v -0.976220 1.010259 1.045095
v -1.003056 1.245682 1.151952
v -0.987361 1.101146 1.948579
v -0.945709 0.734773 0.307625
v -0.905558 0.368399 -0.330574
v -0.906821 0.384267 1.132512
v -0.876097 0.102926 -1.293309
v -0.863670 -0.006061 0.780966
v 0.897186 0.697310 0.333287
v 0.928768 0.981941 1.084389
v 0.954584 1.208650 1.178509
v 0.856835 0.329227 -0.308928
v 0.941436 1.085868 1.899342
v 0.865545 0.408686 1.084168
v 0.832978 0.111607 -1.239736
v 0.824555 0.036811 0.751327
v 1.041979 1.201171 1.178509
v 1.016163 0.974461 1.084389
v 1.028831 1.078388 1.899342
v 0.984581 0.689830 0.333287
v 0.952941 0.401207 1.084168
v 0.944230 0.321748 -0.308928
v 0.911950 0.029331 0.751327
v 0.920374 0.104127 -1.239736
v 0.976220 1.010259 1.045095
v 1.003056 1.245682 1.151952
v 0.987361 1.101146 1.948579
v 0.945709 0.734773 0.307625
v 0.905558 0.368399 -0.330574
v 0.906821 0.384267 1.132512
v 0.876097 0.102926 -1.293309
v 0.863669 -0.006061 0.780966
vt 0.287298 0.750000
vt 0.287298 0.500000
vt 0.206963 0.500000
vt 0.211881 0.750000
vt 0.625000 0.500000
vt 0.625000 0.750000
vt 0.712702 0.750000
vt 0.712702 0.500000
vt 0.788119 0.750000
vt 0.793037 0.500000
vt 0.840533 0.750000
vt 0.840533 0.500000
vt 0.375000 0.500000
vt 0.375000 0.750000
vt 0.159467 0.500000
vt 0.159467 0.750000
vt 0.287298 0.750000
vt 0.211881 0.750000
vt 0.206963 0.500000
vt 0.287298 0.500000
vt 0.625000 0.500000
vt 0.712702 0.500000
vt 0.712702 0.750000
vt 0.625000 0.750000
vt 0.793037 0.500000
vt 0.788119 0.750000
vt 0.840533 0.500000
vt 0.840533 0.750000
vt 0.375000 0.500000
vt 0.375000 0.750000
vt 0.159467 0.750000
vt 0.159467 0.500000
vt 0.500000 0.412298
vt 0.500000 0.500000
vt 0.625000 0.412298
vt 0.500000 0.750000
vt 0.500000 0.837702
vt 0.625000 0.837702
vt 0.500000 0.331963
vt 0.625000 0.331963
vt 0.500000 0.284467
vt 0.625000 0.284467
vt 0.500000 0.913119
vt 0.625000 0.913119
vt 0.500000 0.965533
vt 0.625000 0.965533
vt 0.375000 0.837702
vt 0.375000 0.913119
vt 0.375000 0.284467
vt 0.375000 0.331963
vt 0.375000 0.412298
vt 0.375000 0.965533
vt 0.500000 0.412298
vt 0.625000 0.412298
vt 0.500000 0.500000
vt 0.500000 0.750000
vt 0.625000 0.837702
vt 0.500000 0.837702
vt 0.500000 0.331963
vt 0.625000 0.331963
vt 0.500000 0.284467
vt 0.625000 0.284467
vt 0.625000 0.913119
vt 0.500000 0.913119
vt 0.625000 0.965533
vt 0.500000 0.965533
vt 0.375000 0.837702
vt 0.375000 0.913119
vt 0.375000 0.284467
vt 0.375000 0.331963
vt 0.375000 0.412298
vt 0.375000 0.965533
vn -0.9192 0.0043 0.3938
vn -0.9558 0.2448 -0.1629
vn -0.9568 0.2538 -0.1417
vn -0.8928 -0.3654 0.2633
vn 0.8990 0.3557 -0.2556
vn 0.8262 0.5284 -0.1951
vn 0.8981 0.1833 0.3997
vn 0.8830 0.4414 -0.1598
vn 0.9491 -0.1654 0.2681
vn 0.8827 0.4489 -0.1385
vn 0.9680 -0.0998 0.2300
vn 0.5323 0.8237 -0.1952
vn -0.9525 0.1531 -0.2633
vn -0.9175 0.3462 -0.1956
vn -0.6777 0.7077 -0.1996
vn -0.9238 -0.3071 0.2287
vn 0.9192 0.0043 0.3938
vn 0.8928 -0.3654 0.2633
vn 0.9568 0.2538 -0.1417
vn 0.9558 0.2448 -0.1629
vn -0.8990 0.3557 -0.2556
vn -0.8830 0.4414 -0.1598
vn -0.8981 0.1833 0.3997
vn -0.8262 0.5284 -0.1951
vn -0.8827 0.4489 -0.1385
vn -0.9491 -0.1654 0.2681
vn -0.5323 0.8237 -0.1952
vn -0.9680 -0.0998 0.2300
vn 0.9525 0.1531 -0.2633
vn 0.9175 0.3462 -0.1956
vn 0.9238 -0.3071 0.2287
vn 0.6777 0.7077 -0.1996
vn -0.0920 0.8975 -0.4313
vn -0.0733 0.7323 -0.6770
vn -0.0918 0.8828 -0.4606
vn -0.0403 0.3835 0.9226
vn -0.0899 0.9288 -0.3594
vn -0.0863 0.9648 -0.2485
vn 0.0698 -0.7226 0.6877
vn 0.0763 -0.6615 0.7461
vn 0.0920 0.8975 -0.4313
vn 0.0733 0.7323 -0.6770
vn 0.0918 0.8828 -0.4606
vn 0.0403 0.3835 0.9226
vn 0.0899 0.9288 -0.3594
vn 0.0863 0.9648 -0.2485
vn -0.0698 -0.7226 0.6877
vn -0.0763 -0.6615 0.7461
usemtl DarkPorple
s 1
f 1143/1376/738 1144/1377/739 1146/1378/740 1145/1379/741
f 1134/1380/742 1135/1381/743 1137/1382/744 1133/1383/745
f 1137/1382/744 1138/1384/746 1136/1385/747 1133/1383/745
f 1136/1385/747 1138/1384/746 1140/1386/748 1139/1387/749
f 1142/1388/750 1144/1377/739 1143/1376/738 1141/1389/751
f 1145/1379/741 1146/1378/740 1148/1390/752 1147/1391/753
f 1167/1392/754 1169/1393/755 1170/1394/756 1168/1395/757
f 1158/1396/758 1157/1397/759 1161/1398/760 1159/1399/761
f 1161/1398/760 1157/1397/759 1160/1400/762 1162/1401/763
f 1160/1400/762 1163/1402/764 1164/1403/765 1162/1401/763
f 1166/1404/766 1165/1405/767 1167/1392/754 1168/1395/757
f 1169/1393/755 1171/1406/768 1172/1407/769 1170/1394/756
usemtl Gold
f 1152/1408/770 1149/1409/771 1134/1380/742 1133/1410/745
f 1149/1409/771 1150/1411/772 1135/1381/743 1134/1380/742
f 1150/1411/772 1151/1412/773 1137/1413/744 1135/1381/743
f 1153/1414/774 1152/1408/770 1133/1410/745 1136/1415/747
f 1155/1416/775 1153/1414/774 1136/1415/747 1139/1417/749
f 1151/1412/773 1154/1418/776 1138/1419/746 1137/1413/744
f 1154/1418/776 1156/1420/777 1140/1421/748 1138/1419/746
f 1143/1422/738 1145/1423/741 1154/1418/776 1151/1412/773
f 1148/1424/752 1146/1425/740 1153/1414/774 1155/1416/775
f 1146/1425/740 1144/1426/739 1152/1408/770 1153/1414/774
f 1141/1389/751 1143/1422/738 1151/1412/773 1150/1411/772
f 1142/1388/750 1141/1389/751 1150/1411/772 1149/1409/771
f 1144/1426/739 1142/1388/750 1149/1409/771 1152/1408/770
f 1145/1423/741 1147/1427/753 1156/1420/777 1154/1418/776
f 1176/1428/778 1157/1429/759 1158/1396/758 1173/1430/779
f 1173/1430/779 1158/1396/758 1159/1399/761 1174/1431/780
f 1174/1431/780 1159/1399/761 1161/1432/760 1175/1433/781
f 1177/1434/782 1160/1435/762 1157/1429/759 1176/1428/778
f 1179/1436/783 1163/1437/764 1160/1435/762 1177/1434/782
f 1175/1433/781 1161/1432/760 1162/1438/763 1178/1439/784
f 1178/1439/784 1162/1438/763 1164/1440/765 1180/1441/785
f 1167/1442/754 1175/1433/781 1178/1439/784 1169/1443/755
f 1172/1444/769 1179/1436/783 1177/1434/782 1170/1445/756
f 1170/1445/756 1177/1434/782 1176/1428/778 1168/1446/757
f 1165/1405/767 1174/1431/780 1175/1433/781 1167/1442/754
f 1166/1404/766 1173/1430/779 1174/1431/780 1165/1405/767
f 1168/1446/757 1176/1428/778 1173/1430/779 1166/1404/766
f 1169/1443/755 1178/1439/784 1180/1441/785 1171/1447/768
o Cylinder.056_Cylinder.064
v 1.378667 -0.057664 -0.698683
v 1.441451 0.039949 -0.788340
v 1.378533 -0.129122 -0.305526
v 1.378533 -0.155277 0.000000
v 1.378533 -0.129122 0.305526
v 1.378533 -0.057664 0.529186
v 1.378533 0.039949 0.611051
v 1.378533 0.137562 0.529186
v 1.378533 0.209020 0.305526
v 1.378533 0.235175 0.000000
v 1.378533 0.209020 -0.305525
v 1.378667 0.137562 -0.698683
v 1.022418 0.039949 -1.206921
v 0.958085 -0.057664 -1.119398
v 0.957618 -0.129122 -0.305526
v 0.957618 -0.155277 0.000000
v 0.957618 -0.129122 0.540166
v 0.957618 -0.057664 0.763826
v 0.957618 0.039949 0.845691
v 0.957618 0.137562 0.763826
v 0.957618 0.209020 0.540166
v 0.957618 0.235175 0.000000
v 0.957618 0.209020 -0.305525
v 0.958085 0.137562 -1.119398
v 0.522880 -0.057664 -2.588684
v 0.490463 -0.129122 -0.305526
v 0.490463 -0.155277 0.000000
v 0.490463 -0.129122 0.707780
v 0.490463 -0.057664 0.931440
v 0.490463 0.039949 1.013306
v 0.490463 0.137562 0.931440
v 0.490463 0.209020 0.707780
v 0.490463 0.235175 0.000000
v 0.490463 0.209020 -0.305525
v 0.522880 0.137562 -2.588684
v 0.555856 0.039949 -2.686138
v -1.378667 -0.057664 -0.698683
v -1.441451 0.039949 -0.788339
v -1.378533 -0.129122 -0.305526
v -1.378533 -0.155277 0.000000
v -1.378533 -0.129122 0.305526
v -1.378533 -0.057664 0.529186
v -1.378533 0.039949 0.611051
v -1.378533 0.137562 0.529186
v -1.378533 0.209020 0.305526
v -1.378533 0.235175 0.000000
v -1.378533 0.209020 -0.305525
v -1.378667 0.137562 -0.698683
v -1.022418 0.039949 -1.206921
v -0.958085 -0.057664 -1.119398
v -0.957618 -0.129122 -0.305526
v -0.957618 -0.155277 0.000000
v -0.957618 -0.129122 0.540166
v -0.957618 -0.057664 0.763826
v -0.957618 0.039949 0.845691
v -0.957618 0.137562 0.763826
v -0.957618 0.209020 0.540166
v -0.957618 0.235175 0.000000
v -0.957618 0.209020 -0.305525
v -0.958085 0.137562 -1.119398
v -0.522880 -0.057664 -2.588683
v -0.490463 -0.129122 -0.305526
v -0.490463 -0.155277 0.000000
v -0.490463 -0.129122 0.707780
v -0.490463 -0.057664 0.931440
v -0.490463 0.039949 1.013306
v -0.490463 0.137562 0.931440
v -0.490463 0.209020 0.707780
v -0.490463 0.235175 0.000000
v -0.490463 0.209020 -0.305525
v -0.522880 0.137562 -2.588683
v -0.555856 0.039949 -2.686138
vt 0.166667 0.904643
vt 0.166667 0.972615
vt 0.083333 0.972615
vt 0.083333 0.904643
vt 0.250000 0.904643
vt 0.250000 0.972615
vt 0.333333 0.904643
vt 0.333333 0.972615
vt 0.416667 0.904643
vt 0.416667 0.972615
vt 0.500000 0.904643
vt 0.500000 0.972615
vt 0.583333 0.904643
vt 0.583333 0.972615
vt 0.666667 0.904643
vt 0.666667 0.972615
vt 0.750000 0.904643
vt 0.750000 0.972615
vt 0.833333 0.904643
vt 0.833333 0.972615
vt 0.916667 0.904643
vt 0.916667 0.972615
vt 1.000000 0.904643
vt 1.000000 0.972615
vt 1.000000 0.829203
vt 0.916667 0.829203
vt 0.833333 0.829203
vt 0.750000 0.829203
vt 0.666667 0.829203
vt 0.583333 0.829203
vt 0.500000 0.829203
vt 0.416667 0.829203
vt 0.333333 0.829203
vt 0.250000 0.829203
vt 0.166667 0.829203
vt 0.083333 0.829203
vt 0.166667 0.904643
vt 0.083333 0.904643
vt 0.083333 0.972615
vt 0.166667 0.972615
vt 0.250000 0.904643
vt 0.250000 0.972615
vt 0.333333 0.904643
vt 0.333333 0.972615
vt 0.416667 0.904643
vt 0.416667 0.972615
vt 0.500000 0.904643
vt 0.500000 0.972615
vt 0.583333 0.904643
vt 0.583333 0.972615
vt 0.666667 0.904643
vt 0.666667 0.972615
vt 0.750000 0.904643
vt 0.750000 0.972615
vt 0.833333 0.904643
vt 0.833333 0.972615
vt 0.916667 0.904643
vt 0.916667 0.972615
vt 1.000000 0.904643
vt 1.000000 0.972615
vt 1.000000 0.829203
vt 0.916667 0.829203
vt 0.833333 0.829203
vt 0.750000 0.829203
vt 0.666667 0.829203
vt 0.583333 0.829203
vt 0.500000 0.829203
vt 0.416667 0.829203
vt 0.333333 0.829203
vt 0.250000 0.829203
vt 0.166667 0.829203
vt 0.083333 0.829203
vt 0.000000 0.972615
vt 0.000000 0.904643
vt 0.000000 0.829203
vt 0.000000 0.904643
vt 0.000000 0.972615
vt 0.000000 0.829203
vn 0.0331 0.9959 -0.0833
vn 0.0293 0.9944 -0.1014
vn 0.2273 0.9369 -0.2654
vn 0.3175 0.9238 -0.2139
vn 0.0062 0.9998 -0.0168
vn 0.0086 0.9999 -0.0118
vn 0.0823 0.9796 0.1834
vn 0.0694 0.9870 0.1450
vn 0.2500 0.8018 0.5427
vn 0.2633 0.8411 0.4724
vn 0.4014 0.0000 0.9159
vn 0.4869 0.0000 0.8734
vn 0.2500 -0.8018 0.5427
vn 0.2633 -0.8411 0.4724
vn 0.0823 -0.9796 0.1834
vn 0.0694 -0.9870 0.1450
vn 0.0062 -0.9998 -0.0168
vn 0.0086 -0.9999 -0.0118
vn 0.0331 -0.9959 -0.0833
vn 0.0293 -0.9944 -0.1014
vn 0.3175 -0.9238 -0.2139
vn 0.2273 -0.9369 -0.2654
vn 0.8869 0.0000 -0.4618
vn 0.7070 0.0000 -0.7072
vn 0.9563 0.0000 -0.2925
vn 0.7056 -0.6740 -0.2186
vn 0.0367 -0.9972 -0.0654
vn 0.0038 -0.9998 -0.0217
vn 0.0696 -0.9769 0.2022
vn 0.2092 -0.7850 0.5831
vn 0.3377 0.0000 0.9412
vn 0.2092 0.7850 0.5831
vn 0.0696 0.9769 0.2022
vn 0.0038 0.9998 -0.0217
vn 0.0367 0.9972 -0.0654
vn 0.7056 0.6740 -0.2186
vn -0.0331 0.9959 -0.0833
vn -0.3175 0.9238 -0.2139
vn -0.2273 0.9369 -0.2654
vn -0.0293 0.9944 -0.1014
vn -0.0062 0.9998 -0.0168
vn -0.0086 0.9999 -0.0118
vn -0.0823 0.9796 0.1834
vn -0.0694 0.9870 0.1450
vn -0.2500 0.8018 0.5427
vn -0.2633 0.8411 0.4724
vn -0.4014 0.0000 0.9159
vn -0.4869 0.0000 0.8734
vn -0.2500 -0.8018 0.5427
vn -0.2633 -0.8411 0.4724
vn -0.0823 -0.9796 0.1834
vn -0.0694 -0.9870 0.1450
vn -0.0062 -0.9998 -0.0168
vn -0.0086 -0.9999 -0.0118
vn -0.0331 -0.9959 -0.0833
vn -0.0293 -0.9944 -0.1014
vn -0.3175 -0.9238 -0.2139
vn -0.2273 -0.9369 -0.2654
vn -0.8869 0.0000 -0.4618
vn -0.7070 0.0000 -0.7072
vn -0.9563 0.0000 -0.2925
vn -0.7056 -0.6740 -0.2186
vn -0.0367 -0.9972 -0.0654
vn -0.0038 -0.9998 -0.0217
vn -0.0696 -0.9769 0.2022
vn -0.2092 -0.7850 0.5831
vn -0.3377 0.0000 0.9412
vn -0.2092 0.7850 0.5831
vn -0.0696 0.9769 0.2022
vn -0.0038 0.9998 -0.0217
vn -0.0367 0.9972 -0.0654
vn -0.7056 0.6740 -0.2186
usemtl DarkPorple.003
s 1
f 1203/1448/786 1191/1449/787 1192/1450/788 1204/1451/789
f 1202/1452/790 1190/1453/791 1191/1449/787 1203/1448/786
f 1201/1454/792 1189/1455/793 1190/1453/791 1202/1452/790
f 1200/1456/794 1188/1457/795 1189/1455/793 1201/1454/792
f 1199/1458/796 1187/1459/797 1188/1457/795 1200/1456/794
f 1198/1460/798 1186/1461/799 1187/1459/797 1199/1458/796
f 1197/1462/800 1185/1463/801 1186/1461/799 1198/1460/798
f 1196/1464/802 1184/1465/803 1185/1463/801 1197/1462/800
f 1195/1466/804 1183/1467/805 1184/1465/803 1196/1464/802
f 1194/1468/806 1181/1469/807 1183/1467/805 1195/1466/804
f 1193/1470/808 1182/1471/809 1181/1469/807 1194/1468/806
f 1216/1472/810 1193/1470/808 1194/1468/806 1205/1473/811
f 1205/1473/811 1194/1468/806 1195/1466/804 1206/1474/812
f 1206/1474/812 1195/1466/804 1196/1464/802 1207/1475/813
f 1207/1475/813 1196/1464/802 1197/1462/800 1208/1476/814
f 1208/1476/814 1197/1462/800 1198/1460/798 1209/1477/815
f 1209/1477/815 1198/1460/798 1199/1458/796 1210/1478/816
f 1210/1478/816 1199/1458/796 1200/1456/794 1211/1479/817
f 1211/1479/817 1200/1456/794 1201/1454/792 1212/1480/818
f 1212/1480/818 1201/1454/792 1202/1452/790 1213/1481/819
f 1213/1481/819 1202/1452/790 1203/1448/786 1214/1482/820
f 1214/1482/820 1203/1448/786 1204/1451/789 1215/1483/821
f 1239/1484/822 1240/1485/823 1228/1486/824 1227/1487/825
f 1238/1488/826 1239/1484/822 1227/1487/825 1226/1489/827
f 1237/1490/828 1238/1488/826 1226/1489/827 1225/1491/829
f 1236/1492/830 1237/1490/828 1225/1491/829 1224/1493/831
f 1235/1494/832 1236/1492/830 1224/1493/831 1223/1495/833
f 1234/1496/834 1235/1494/832 1223/1495/833 1222/1497/835
f 1233/1498/836 1234/1496/834 1222/1497/835 1221/1499/837
f 1232/1500/838 1233/1498/836 1221/1499/837 1220/1501/839
f 1231/1502/840 1232/1500/838 1220/1501/839 1219/1503/841
f 1230/1504/842 1231/1502/840 1219/1503/841 1217/1505/843
f 1229/1506/844 1230/1504/842 1217/1505/843 1218/1507/845
f 1252/1508/846 1241/1509/847 1230/1504/842 1229/1506/844
f 1241/1509/847 1242/1510/848 1231/1502/840 1230/1504/842
f 1242/1510/848 1243/1511/849 1232/1500/838 1231/1502/840
f 1243/1511/849 1244/1512/850 1233/1498/836 1232/1500/838
f 1244/1512/850 1245/1513/851 1234/1496/834 1233/1498/836
f 1245/1513/851 1246/1514/852 1235/1494/832 1234/1496/834
f 1246/1514/852 1247/1515/853 1236/1492/830 1235/1494/832
f 1247/1515/853 1248/1516/854 1237/1490/828 1236/1492/830
f 1248/1516/854 1249/1517/855 1238/1488/826 1237/1490/828
f 1249/1517/855 1250/1518/856 1239/1484/822 1238/1488/826
f 1250/1518/856 1251/1519/857 1240/1485/823 1239/1484/822
usemtl DarkPorple
f 1192/1450/788 1182/1520/809 1193/1521/808 1204/1451/789
f 1204/1451/789 1193/1521/808 1216/1522/810 1215/1483/821
f 1228/1486/824 1240/1485/823 1229/1523/844 1218/1524/845
f 1240/1485/823 1251/1519/857 1252/1525/846 1229/1523/844
o Cylinder.057_Cylinder.065
v -1.072322 1.187414 0.811367
v -1.078729 1.194110 2.853099
v -1.103017 1.136860 0.811367
v -1.111913 1.139455 2.853099
v -1.104322 1.077731 0.811367
v -1.113324 1.075531 2.853099
v -1.075888 1.025872 0.811367
v -1.082584 1.019465 2.853099
v -1.025334 0.995177 0.811367
v -1.027929 0.986281 2.853099
v -0.966205 0.993872 0.811367
v -0.964005 0.984870 2.853099
v -0.914346 1.022306 0.811367
v -0.907939 1.015610 2.853099
v -0.883651 1.072860 0.811367
v -0.874755 1.070265 2.853099
v -0.882346 1.131989 0.811367
v -0.873344 1.134189 2.853099
v -0.910780 1.183848 0.811367
v -0.904084 1.190255 2.853099
v -0.961334 1.214543 0.811367
v -0.958739 1.223439 2.853099
v -1.020463 1.215848 0.811367
v -1.022663 1.224850 2.853099
v -1.101769 1.218190 0.811367
v -1.143906 1.148789 0.811367
v -1.145698 1.067618 0.811367
v -1.106664 0.996425 0.811367
v -1.037264 0.954288 0.811367
v -0.956092 0.952496 0.811367
v -0.884899 0.991530 0.811367
v -0.842762 1.060930 0.811367
v -0.840970 1.142102 0.811367
v -0.880004 1.213295 0.811367
v -0.949405 1.255432 0.811367
v -1.030576 1.257224 0.811367
v -1.143906 1.148789 2.853099
v -1.101769 1.218190 2.853099
v -1.145698 1.067618 2.853099
v -1.106664 0.996425 2.853099
v -1.037264 0.954288 2.853099
v -0.956092 0.952496 2.853099
v -0.884899 0.991530 2.853099
v -0.842762 1.060930 2.853099
v -0.840970 1.142102 2.853099
v -0.880004 1.213295 2.853099
v -0.949405 1.255432 2.853099
v -1.030576 1.257224 2.853099
v -0.993334 1.104860 3.471953
v -1.068336 1.183248 0.744567
v -1.097482 1.135245 0.744567
v -1.098721 1.079100 0.744567
v -1.071722 1.029858 0.744567
v -1.023719 1.000713 0.744567
v -0.967574 0.999473 0.744567
v -0.918332 1.026472 0.744567
v -0.889187 1.074475 0.744567
v -0.887947 1.130620 0.744567
v -0.914946 1.179862 0.744567
v -0.962949 1.209008 0.744567
v -1.019094 1.210247 0.744567
v -1.072322 1.187414 0.762589
v -1.103017 1.136860 0.762589
v -1.104322 1.077731 0.762589
v -1.075888 1.025872 0.762589
v -1.025334 0.995177 0.762589
v -0.966205 0.993872 0.762589
v -0.914346 1.022306 0.762589
v -0.883651 1.072860 0.762589
v -0.882346 1.131989 0.762589
v -0.910780 1.183848 0.762589
v -0.961334 1.214543 0.762589
v -1.020463 1.215848 0.762589
v -1.055385 1.169712 0.730069
v -1.079497 1.129998 0.730069
v -1.080523 1.083549 0.730069
v -1.058186 1.042809 0.730069
v -1.018472 1.018697 0.730069
v -0.972023 1.017671 0.730069
v -0.931284 1.040008 0.730069
v -0.907171 1.079722 0.730069
v -0.906145 1.126171 0.730069
v -0.928482 1.166911 0.730069
v -0.968196 1.191023 0.730069
v -1.014645 1.192049 0.730069
v -1.035211 1.148627 0.712019
v -1.051484 1.121825 0.712019
v -1.052176 1.090477 0.712019
v -1.037101 1.062983 0.712019
v -1.010299 1.046710 0.712019
v -0.978951 1.046018 0.712019
v -0.951457 1.061093 0.712019
v -0.935184 1.087895 0.712019
v -0.934492 1.119243 0.712019
v -0.949567 1.146737 0.712019
v -0.976369 1.163010 0.712019
v -1.007717 1.163702 0.712019
v -1.018845 1.098625 3.465617
v -0.974359 1.123016 3.465617
v -0.975179 1.085885 3.465617
v -1.011490 1.123835 3.465617
v -1.012309 1.086705 3.465617
v -0.985979 1.130071 3.465617
v -0.968123 1.097505 3.465617
v -1.000689 1.079649 3.465617
v -0.999570 1.130371 3.465617
v -1.018545 1.112215 3.465617
v -0.967824 1.111096 3.465617
v -0.987099 1.079349 3.465617
v -1.027716 1.140794 0.622892
v -1.041077 1.118789 0.622892
v -1.041645 1.093052 0.622892
v -1.029268 1.070478 0.622892
v -1.007263 1.057118 0.622892
v -0.981526 1.056549 0.622892
v -0.958952 1.068926 0.622892
v -0.945592 1.090931 0.622892
v -0.945023 1.116669 0.622892
v -0.957400 1.139242 0.622892
v -0.979405 1.152603 0.622892
v -1.005142 1.153171 0.622892
v -0.993334 1.104860 0.622892
v -1.023960 1.075558 3.364073
v -1.035610 1.064411 3.262529
v -1.047260 1.053263 3.160985
v -1.058910 1.042116 3.059440
v -1.070561 1.030969 2.957896
v -0.981463 1.145549 3.364073
v -0.976947 1.161028 3.262529
v -0.972431 1.176507 3.160985
v -0.967915 1.191986 3.059440
v -0.963399 1.207464 2.957896
v -0.952645 1.092989 3.364073
v -0.937166 1.088473 3.262529
v -0.921687 1.083957 3.160985
v -0.906208 1.079441 3.059440
v -0.890730 1.074925 2.957896
v -1.005205 1.064171 3.364073
v -1.009721 1.048692 3.262529
v -1.014237 1.033213 3.160985
v -1.018753 1.017734 3.059440
v -1.023269 1.002256 2.957896
v -1.003398 1.146034 3.364073
v -1.007227 1.161697 3.262529
v -1.011055 1.177360 3.160985
v -1.014883 1.193022 3.059440
v -1.018712 1.208686 2.957896
v -1.034024 1.116731 3.364073
v -1.049502 1.121247 3.262529
v -1.064981 1.125763 3.160985
v -1.080460 1.130279 3.059440
v -1.095939 1.134795 2.957896
v -0.952161 1.114924 3.364073
v -0.936498 1.118752 3.262529
v -0.920835 1.122581 3.160985
v -0.905172 1.126409 3.059440
v -0.889509 1.130238 2.957896
v -0.983270 1.063686 3.364073
v -0.979442 1.048023 3.262529
v -0.975613 1.032361 3.160985
v -0.971785 1.016698 3.059440
v -0.967956 1.001034 2.957896
v -1.097160 1.079482 2.957896
v -1.081497 1.083311 3.059440
v -1.065834 1.087139 3.160985
v -1.050171 1.090968 3.262528
v -1.034508 1.094796 3.364073
v -0.916107 1.178751 2.957896
v -0.927758 1.167604 3.059440
v -0.939408 1.156457 3.160985
v -0.951058 1.145310 3.262528
v -0.962709 1.134163 3.364073
v -0.919443 1.027633 2.957896
v -0.930590 1.039284 3.059440
v -0.941738 1.050934 3.160985
v -0.952885 1.062584 3.262528
v -0.964032 1.074235 3.364073
v -1.067225 1.182087 2.957896
v -1.056078 1.170436 3.059440
v -1.044931 1.158786 3.160985
v -1.033784 1.147136 3.262528
v -1.022637 1.135485 3.364073
v 1.072322 1.187414 0.811367
v 1.078729 1.194110 2.853099
v 1.103017 1.136860 0.811367
v 1.111913 1.139456 2.853099
v 1.104322 1.077731 0.811367
v 1.113324 1.075531 2.853099
v 1.075888 1.025872 0.811367
v 1.082584 1.019465 2.853099
v 1.025334 0.995177 0.811367
v 1.027929 0.986281 2.853099
v 0.966205 0.993872 0.811367
v 0.964005 0.984870 2.853099
v 0.914346 1.022306 0.811367
v 0.907939 1.015610 2.853099
v 0.883651 1.072860 0.811367
v 0.874755 1.070265 2.853099
v 0.882346 1.131989 0.811367
v 0.873344 1.134189 2.853099
v 0.910780 1.183848 0.811367
v 0.904084 1.190255 2.853099
v 0.961334 1.214543 0.811367
v 0.958739 1.223439 2.853099
v 1.020463 1.215848 0.811367
v 1.022663 1.224850 2.853099
v 1.101769 1.218190 0.811367
v 1.143906 1.148789 0.811367
v 1.145698 1.067618 0.811367
v 1.106664 0.996425 0.811367
v 1.037263 0.954288 0.811367
v 0.956092 0.952496 0.811367
v 0.884899 0.991530 0.811367
v 0.842762 1.060931 0.811367
v 0.840970 1.142102 0.811367
v 0.880004 1.213295 0.811367
v 0.949405 1.255432 0.811367
v 1.030576 1.257224 0.811367
v 1.143906 1.148790 2.853099
v 1.101769 1.218190 2.853099
v 1.145698 1.067618 2.853099
v 1.106664 0.996425 2.853099
v 1.037263 0.954288 2.853099
v 0.956092 0.952496 2.853099
v 0.884899 0.991530 2.853099
v 0.842762 1.060931 2.853099
v 0.840970 1.142102 2.853099
v 0.880004 1.213295 2.853099
v 0.949405 1.255432 2.853099
v 1.030576 1.257224 2.853099
v 0.993334 1.104860 3.471952
v 1.068336 1.183248 0.744567
v 1.097481 1.135245 0.744567
v 1.098721 1.079100 0.744567
v 1.071722 1.029858 0.744567
v 1.023719 1.000713 0.744567
v 0.967574 0.999473 0.744567
v 0.918332 1.026472 0.744567
v 0.889187 1.074475 0.744567
v 0.887947 1.130620 0.744567
v 0.914946 1.179862 0.744567
v 0.962949 1.209008 0.744567
v 1.019094 1.210247 0.744567
v 1.072322 1.187414 0.762589
v 1.103017 1.136860 0.762589
v 1.104322 1.077731 0.762589
v 1.075888 1.025872 0.762589
v 1.025334 0.995177 0.762589
v 0.966205 0.993872 0.762589
v 0.914346 1.022306 0.762589
v 0.883651 1.072860 0.762590
v 0.882346 1.131989 0.762590
v 0.910780 1.183848 0.762590
v 0.961334 1.214543 0.762590
v 1.020463 1.215848 0.762590
v 1.055384 1.169712 0.730070
v 1.079497 1.129998 0.730070
v 1.080523 1.083549 0.730070
v 1.058186 1.042810 0.730070
v 1.018472 1.018697 0.730070
v 0.972022 1.017672 0.730070
v 0.931283 1.040008 0.730070
v 0.907171 1.079722 0.730070
v 0.906145 1.126172 0.730070
v 0.928482 1.166911 0.730070
v 0.968196 1.191023 0.730070
v 1.014645 1.192049 0.730070
v 1.035211 1.148628 0.712019
v 1.051484 1.121826 0.712019
v 1.052176 1.090477 0.712019
v 1.037101 1.062983 0.712019
v 1.010299 1.046710 0.712019
v 0.978951 1.046018 0.712019
v 0.951457 1.061093 0.712019
v 0.935184 1.087895 0.712019
v 0.934492 1.119243 0.712019
v 0.949567 1.146737 0.712019
v 0.976369 1.163010 0.712019
v 1.007717 1.163702 0.712019
v 1.018845 1.098625 3.465617
v 0.974359 1.123016 3.465617
v 0.975179 1.085885 3.465617
v 1.011489 1.123835 3.465617
v 1.012309 1.086705 3.465617
v 0.985979 1.130071 3.465617
v 0.968123 1.097505 3.465617
v 1.000689 1.079650 3.465617
v 0.999569 1.130371 3.465617
v 1.018544 1.112215 3.465617
v 0.967823 1.111096 3.465617
v 0.987099 1.079350 3.465617
v 1.027716 1.140794 0.622892
v 1.041076 1.118789 0.622892
v 1.041645 1.093052 0.622892
v 1.029268 1.070478 0.622892
v 1.007263 1.057118 0.622892
v 0.981525 1.056550 0.622892
v 0.958952 1.068926 0.622892
v 0.945591 1.090931 0.622892
v 0.945023 1.116669 0.622892
v 0.957400 1.139242 0.622892
v 0.979405 1.152603 0.622892
v 1.005142 1.153171 0.622892
v 0.993334 1.104860 0.622892
v 1.023959 1.075558 3.364073
v 1.035610 1.064411 3.262528
v 1.047260 1.053264 3.160985
v 1.058910 1.042117 3.059440
v 1.070560 1.030969 2.957896
v 0.981463 1.145550 3.364073
v 0.976947 1.161028 3.262528
v 0.972431 1.176507 3.160985
v 0.967915 1.191986 3.059440
v 0.963399 1.207465 2.957896
v 0.952645 1.092989 3.364073
v 0.937166 1.088473 3.262528
v 0.921687 1.083957 3.160985
v 0.906208 1.079441 3.059440
v 0.890729 1.074925 2.957896
v 1.005205 1.064171 3.364073
v 1.009721 1.048692 3.262528
v 1.014237 1.033213 3.160985
v 1.018753 1.017734 3.059440
v 1.023269 1.002256 2.957896
v 1.003398 1.146034 3.364073
v 1.007226 1.161697 3.262528
v 1.011055 1.177360 3.160985
v 1.014883 1.193023 3.059440
v 1.018712 1.208686 2.957896
v 1.034023 1.116731 3.364073
v 1.049502 1.121247 3.262528
v 1.064981 1.125763 3.160985
v 1.080460 1.130279 3.059440
v 1.095938 1.134795 2.957896
v 0.952161 1.114924 3.364073
v 0.936497 1.118753 3.262528
v 0.920834 1.122581 3.160985
v 0.905171 1.126410 3.059440
v 0.889509 1.130238 2.957896
v 0.983270 1.063686 3.364073
v 0.979441 1.048024 3.262528
v 0.975613 1.032361 3.160985
v 0.971784 1.016698 3.059440
v 0.967956 1.001035 2.957896
v 1.097159 1.079482 2.957896
v 1.081496 1.083311 3.059440
v 1.065834 1.087139 3.160984
v 1.050170 1.090968 3.262528
v 1.034508 1.094796 3.364073
v 0.916107 1.178751 2.957896
v 0.927758 1.167604 3.059440
v 0.939408 1.156457 3.160984
v 0.951058 1.145310 3.262528
v 0.962709 1.134163 3.364073
v 0.919443 1.027634 2.957896
v 0.930590 1.039284 3.059440
v 0.941737 1.050934 3.160984
v 0.952884 1.062585 3.262528
v 0.964032 1.074235 3.364073
v 1.067225 1.182087 2.957896
v 1.056078 1.170436 3.059440
v 1.044931 1.158786 3.160984
v 1.033783 1.147136 3.262528
v 1.022636 1.135486 3.364073
vt 1.000000 0.500000
vt 0.916667 0.500000
vt 0.916667 1.000000
vt 1.000000 1.000000
vt 0.833333 0.500000
vt 0.833333 1.000000
vt 0.750000 0.500000
vt 0.750000 1.000000
vt 0.666667 0.500000
vt 0.666667 1.000000
vt 0.583333 0.500000
vt 0.583333 1.000000
vt 0.500000 0.500000
vt 0.500000 1.000000
vt 0.416667 0.500000
vt 0.416667 1.000000
vt 0.333333 0.500000
vt 0.333333 1.000000
vt 0.250000 0.500000
vt 0.250000 1.000000
vt 0.439005 0.250000
vt 0.439005 0.250000
vt 0.413683 0.344503
vt 0.166667 0.500000
vt 0.166667 1.000000
vt 0.083333 0.500000
vt 0.083333 1.000000
vt 0.924825 0.250000
vt 0.924825 0.250000
vt 0.901403 0.162587
vt 0.901403 0.162587
vt 0.750000 0.424825
vt 0.837413 0.401403
vt 0.870000 0.457846
vt 0.750000 0.490000
vt 0.957846 0.370000
vt 0.901403 0.337413
vt 0.990000 0.250000
vt 0.957846 0.130000
vt 0.870000 0.042154
vt 0.837413 0.098597
vt 0.750000 0.010000
vt 0.750000 0.075175
vt 0.630000 0.042154
vt 0.662587 0.098597
vt 0.542154 0.130000
vt 0.598597 0.162587
vt 0.510000 0.250000
vt 0.575175 0.250000
vt 0.542154 0.370000
vt 0.598597 0.337413
vt 0.630000 0.457846
vt 0.662587 0.401403
vt 0.370000 0.457846
vt 0.344503 0.413683
vt 0.250000 0.439005
vt 0.250000 0.490000
vt 0.086316 0.344503
vt 0.086316 0.344503
vt 0.060995 0.250000
vt 0.155497 0.086317
vt 0.155497 0.086317
vt 0.250000 0.060995
vt 0.413683 0.155497
vt 0.413683 0.155497
vt 0.155497 0.413683
vt 0.155497 0.413683
vt 0.344503 0.413683
vt 0.344503 0.413683
vt 0.250000 0.439005
vt 0.086317 0.155497
vt 0.086317 0.155497
vt 0.344503 0.086317
vt 0.344503 0.086317
vt 0.250000 0.439005
vt 0.413683 0.344503
vt 0.060995 0.250000
vt 0.250000 0.060995
vt 0.086317 0.155497
vt 0.060995 0.250000
vt 0.060995 0.250000
vt 0.086317 0.155497
vt 0.413683 0.344503
vt 0.413683 0.344503
vt 0.344503 0.413683
vt 0.155497 0.413683
vt 0.250000 0.439005
vt 0.155497 0.413683
vt 0.413683 0.155497
vt 0.344503 0.086317
vt 0.344503 0.086317
vt 0.413683 0.155497
vt 0.155497 0.086317
vt 0.155497 0.086317
vt 0.086316 0.344503
vt 0.086316 0.344503
vt 0.439005 0.250000
vt 0.439005 0.250000
vt 0.250000 0.060995
vt 0.250000 0.060995
vt 0.457846 0.370000
vt 0.490000 0.250000
vt 0.457846 0.130000
vt 0.370000 0.042154
vt 0.250000 0.010000
vt 0.130000 0.042154
vt 0.042154 0.130000
vt 0.010000 0.250000
vt 0.042154 0.370000
vt 0.130000 0.457846
vt 0.000000 0.500000
vt 0.000000 1.000000
vt 0.250000 0.060995
vt 0.344503 0.086317
vt 0.060995 0.250000
vt 0.086317 0.155497
vt 0.413683 0.344503
vt 0.344503 0.413683
vt 0.250000 0.439005
vt 0.155497 0.413683
vt 0.413683 0.155497
vt 0.155497 0.086317
vt 0.086316 0.344502
vt 0.439005 0.250000
vt 0.439005 0.250000
vt 0.413683 0.344503
vt 0.439005 0.250000
vt 0.413683 0.344503
vt 0.439005 0.250000
vt 0.413683 0.344503
vt 0.086316 0.344503
vt 0.060995 0.250000
vt 0.086316 0.344503
vt 0.060995 0.250000
vt 0.086316 0.344503
vt 0.060995 0.250000
vt 0.155497 0.086317
vt 0.250000 0.060995
vt 0.155497 0.086317
vt 0.250000 0.060995
vt 0.155497 0.086317
vt 0.250000 0.060995
vt 0.413683 0.155497
vt 0.413683 0.155497
vt 0.413683 0.155497
vt 0.155497 0.413683
vt 0.155497 0.413683
vt 0.155497 0.413683
vt 0.344503 0.413683
vt 0.250000 0.439005
vt 0.344503 0.413683
vt 0.250000 0.439005
vt 0.344503 0.413683
vt 0.250000 0.439005
vt 0.086317 0.155497
vt 0.086317 0.155497
vt 0.086317 0.155497
vt 0.344503 0.086317
vt 0.344503 0.086317
vt 0.344503 0.086317
vt 1.000000 0.500000
vt 1.000000 1.000000
vt 0.916667 1.000000
vt 0.916667 0.500000
vt 0.833333 1.000000
vt 0.833333 0.500000
vt 0.750000 1.000000
vt 0.750000 0.500000
vt 0.666667 1.000000
vt 0.666667 0.500000
vt 0.583333 1.000000
vt 0.583333 0.500000
vt 0.500000 1.000000
vt 0.500000 0.500000
vt 0.416667 1.000000
vt 0.416667 0.500000
vt 0.333333 1.000000
vt 0.333333 0.500000
vt 0.250000 1.000000
vt 0.250000 0.500000
vt 0.439005 0.250000
vt 0.413683 0.344503
vt 0.439005 0.250000
vt 0.166667 1.000000
vt 0.166667 0.500000
vt 0.083333 1.000000
vt 0.083333 0.500000
vt 0.924825 0.250000
vt 0.901403 0.162587
vt 0.901403 0.162587
vt 0.924825 0.250000
vt 0.750000 0.424825
vt 0.750000 0.490000
vt 0.870000 0.457846
vt 0.837413 0.401403
vt 0.957846 0.370000
vt 0.901403 0.337413
vt 0.990000 0.250000
vt 0.957846 0.130000
vt 0.870000 0.042154
vt 0.837413 0.098597
vt 0.750000 0.010000
vt 0.750000 0.075175
vt 0.630000 0.042154
vt 0.662587 0.098597
vt 0.542154 0.130000
vt 0.598597 0.162587
vt 0.510000 0.250000
vt 0.575175 0.250000
vt 0.542154 0.370000
vt 0.598597 0.337413
vt 0.630000 0.457846
vt 0.662587 0.401403
vt 0.370000 0.457846
vt 0.250000 0.490000
vt 0.250000 0.439005
vt 0.344503 0.413683
vt 0.086316 0.344503
vt 0.060995 0.250000
vt 0.086316 0.344503
vt 0.155497 0.086317
vt 0.250000 0.060995
vt 0.155497 0.086317
vt 0.413683 0.155497
vt 0.413683 0.155497
vt 0.155497 0.413683
vt 0.155497 0.413683
vt 0.344503 0.413683
vt 0.250000 0.439005
vt 0.344503 0.413683
vt 0.086317 0.155497
vt 0.086317 0.155497
vt 0.344503 0.086317
vt 0.344503 0.086317
vt 0.250000 0.439005
vt 0.413683 0.344503
vt 0.060995 0.250000
vt 0.250000 0.060995
vt 0.086317 0.155497
vt 0.086317 0.155497
vt 0.060995 0.250000
vt 0.060995 0.250000
vt 0.344503 0.413683
vt 0.413683 0.344503
vt 0.413683 0.344503
vt 0.155497 0.413683
vt 0.155497 0.413683
vt 0.250000 0.439005
vt 0.413683 0.155497
vt 0.413683 0.155497
vt 0.344503 0.086317
vt 0.344503 0.086317
vt 0.155497 0.086317
vt 0.155497 0.086317
vt 0.086316 0.344503
vt 0.086316 0.344503
vt 0.439005 0.250000
vt 0.439005 0.250000
vt 0.250000 0.060995
vt 0.250000 0.060995
vt 0.457846 0.370000
vt 0.490000 0.250000
vt 0.457846 0.130000
vt 0.370000 0.042154
vt 0.250000 0.010000
vt 0.130000 0.042154
vt 0.042154 0.130000
vt 0.010000 0.250000
vt 0.042154 0.370000
vt 0.130000 0.457846
vt 0.000000 1.000000
vt 0.000000 0.500000
vt 0.250000 0.060995
vt 0.344503 0.086317
vt 0.060995 0.250000
vt 0.086317 0.155497
vt 0.413683 0.344503
vt 0.344503 0.413683
vt 0.250000 0.439005
vt 0.155497 0.413683
vt 0.413683 0.155497
vt 0.155497 0.086317
vt 0.086316 0.344502
vt 0.439005 0.250000
vt 0.413683 0.344503
vt 0.439005 0.250000
vt 0.413683 0.344503
vt 0.439005 0.250000
vt 0.413683 0.344503
vt 0.439005 0.250000
vt 0.060995 0.250000
vt 0.086316 0.344503
vt 0.060995 0.250000
vt 0.086316 0.344503
vt 0.060995 0.250000
vt 0.086316 0.344503
vt 0.250000 0.060995
vt 0.155497 0.086317
vt 0.250000 0.060995
vt 0.155497 0.086317
vt 0.250000 0.060995
vt 0.155497 0.086317
vt 0.413683 0.155497
vt 0.413683 0.155497
vt 0.413683 0.155497
vt 0.155497 0.413683
vt 0.155497 0.413683
vt 0.155497 0.413683
vt 0.250000 0.439005
vt 0.344503 0.413683
vt 0.250000 0.439005
vt 0.344503 0.413683
vt 0.250000 0.439005
vt 0.344503 0.413683
vt 0.086317 0.155497
vt 0.086317 0.155497
vt 0.086317 0.155497
vt 0.344503 0.086317
vt 0.344503 0.086317
vt 0.344503 0.086317
vt 0.893763 0.333001
vt 0.893763 0.333001
vt 0.916003 0.250000
vt 0.916003 0.250000
vt 0.750000 0.083997
vt 0.750000 0.083997
vt 0.666999 0.106238
vt 0.666999 0.106238
vt 0.598597 0.337413
vt 0.662587 0.401403
vt 0.750000 0.424825
vt 0.837413 0.401403
vt 0.662587 0.098597
vt 0.598597 0.162587
vt 0.837413 0.098597
vt 0.901403 0.337413
vt 0.575175 0.250000
vt 0.750000 0.075175
vt 0.833001 0.393762
vt 0.750000 0.416002
vt 0.893763 0.333001
vt 0.916003 0.250000
vt 0.893762 0.166999
vt 0.833001 0.106238
vt 0.606238 0.166999
vt 0.583997 0.250000
vt 0.606237 0.333001
vt 0.666998 0.393762
vt 0.833001 0.106238
vt 0.833001 0.106238
vt 0.750000 0.083997
vt 0.750000 0.083997
vt 0.893762 0.166999
vt 0.606237 0.333001
vt 0.666998 0.393762
vt 0.750000 0.416002
vt 0.833001 0.393762
vt 0.606238 0.166999
vt 0.833001 0.106238
vt 0.583997 0.250000
vt 0.833001 0.393762
vt 0.750000 0.416002
vt 0.750000 0.405458
vt 0.583997 0.250000
vt 0.606237 0.333001
vt 0.666999 0.106238
vt 0.893762 0.166999
vt 0.666998 0.393762
vt 0.750000 0.416002
vt 0.833001 0.393762
vt 0.606238 0.166999
vt 0.916003 0.250000
vt 0.893763 0.333001
vt 0.884631 0.327729
vt 0.583997 0.250000
vt 0.606237 0.333001
vt 0.666999 0.106238
vt 0.893762 0.166999
vt 0.666998 0.393762
vt 0.606238 0.166999
vt 0.827729 0.384631
vt 0.905458 0.250000
vt 0.884631 0.172271
vt 0.827729 0.115369
vt 0.750000 0.094541
vt 0.672271 0.115369
vt 0.615369 0.172271
vt 0.594541 0.250000
vt 0.615369 0.327729
vt 0.672271 0.384631
vt 0.893763 0.333001
vt 0.916003 0.250000
vt 0.916003 0.250000
vt 0.893763 0.333001
vt 0.750000 0.083997
vt 0.666999 0.106238
vt 0.666999 0.106238
vt 0.750000 0.083997
vt 0.662587 0.401403
vt 0.598597 0.337413
vt 0.837413 0.401403
vt 0.750000 0.424825
vt 0.598597 0.162587
vt 0.662587 0.098597
vt 0.837413 0.098597
vt 0.901403 0.337413
vt 0.575175 0.250000
vt 0.750000 0.075175
vt 0.833001 0.393762
vt 0.750000 0.416002
vt 0.893763 0.333001
vt 0.916003 0.250000
vt 0.893762 0.166999
vt 0.833001 0.106238
vt 0.606238 0.166999
vt 0.583997 0.250000
vt 0.606237 0.333001
vt 0.666998 0.393762
vt 0.833001 0.106238
vt 0.750000 0.083997
vt 0.750000 0.083997
vt 0.833001 0.106238
vt 0.893762 0.166999
vt 0.666998 0.393762
vt 0.606237 0.333001
vt 0.833001 0.393762
vt 0.750000 0.416002
vt 0.606238 0.166999
vt 0.833001 0.106238
vt 0.583997 0.250000
vt 0.833001 0.393762
vt 0.750000 0.405458
vt 0.750000 0.416002
vt 0.606237 0.333001
vt 0.583997 0.250000
vt 0.666999 0.106238
vt 0.893762 0.166999
vt 0.666998 0.393762
vt 0.833001 0.393762
vt 0.750000 0.416002
vt 0.606238 0.166999
vt 0.916003 0.250000
vt 0.884631 0.327729
vt 0.893763 0.333001
vt 0.606237 0.333001
vt 0.583997 0.250000
vt 0.666999 0.106238
vt 0.893762 0.166999
vt 0.666998 0.393762
vt 0.606238 0.166999
vt 0.827729 0.384631
vt 0.905458 0.250000
vt 0.884631 0.172271
vt 0.827729 0.115369
vt 0.750000 0.094541
vt 0.672271 0.115369
vt 0.615369 0.172271
vt 0.594541 0.250000
vt 0.615369 0.327729
vt 0.672271 0.384631
vn -0.5234 0.5471 -0.6532
vn -0.7269 0.2120 -0.6532
vn -0.7268 0.2120 0.6532
vn -0.5234 0.5471 0.6532
vn -0.7355 -0.1798 -0.6532
vn -0.7355 -0.1798 0.6532
vn -0.5471 -0.5234 -0.6532
vn -0.5471 -0.5234 0.6532
vn -0.2120 -0.7269 -0.6532
vn -0.2120 -0.7269 0.6532
vn 0.1798 -0.7355 -0.6532
vn 0.1798 -0.7355 0.6532
vn 0.5234 -0.5471 -0.6532
vn 0.5234 -0.5471 0.6532
vn 0.7268 -0.2120 -0.6532
vn 0.7269 -0.2120 0.6532
vn 0.7355 0.1798 -0.6532
vn 0.7355 0.1798 0.6532
vn 0.5471 0.5234 -0.6532
vn 0.5471 0.5234 0.6532
vn -0.5576 -0.5335 0.6359
vn 0.0000 0.0000 1.0000
vn -0.7497 -0.1832 0.6359
vn 0.2120 0.7269 -0.6532
vn 0.2120 0.7269 0.6532
vn -0.1798 0.7355 -0.6532
vn -0.1798 0.7355 0.6532
vn -0.4608 -0.4409 -0.7703
vn -0.7143 -0.6834 -0.1505
vn -0.2769 -0.9490 -0.1505
vn -0.1786 -0.6122 -0.7703
vn -0.4409 0.4608 -0.7703
vn -0.6122 0.1786 -0.7703
vn -0.6195 -0.1514 -0.7703
vn 0.1514 -0.6195 -0.7703
vn 0.4409 -0.4608 -0.7703
vn 0.6122 -0.1786 -0.7703
vn 0.6195 0.1514 -0.7703
vn 0.4608 0.4409 -0.7703
vn 0.1786 0.6122 -0.7703
vn -0.1514 0.6195 -0.7703
vn -0.5545 0.1618 0.8163
vn -0.3993 0.4173 0.8163
vn 0.2161 0.7409 0.6359
vn 0.5576 0.5335 0.6359
vn 0.7409 -0.2161 0.6359
vn 0.5335 -0.5576 0.6359
vn -0.2162 -0.7409 0.6359
vn -0.1832 0.7497 0.6359
vn -0.7409 0.2161 0.6359
vn -0.5335 0.5576 0.6359
vn 0.7497 0.1832 0.6359
vn 0.1832 -0.7497 0.6359
vn 0.5611 0.1372 0.8163
vn 0.4173 0.3993 0.8163
vn 0.7136 0.6828 0.1568
vn 0.9594 0.2345 0.1568
vn -0.5611 -0.1372 0.8163
vn -0.9594 -0.2345 0.1568
vn -0.9481 0.2766 0.1568
vn -0.1372 0.5611 0.8163
vn -0.6828 0.7136 0.1568
vn -0.2345 0.9594 0.1568
vn -0.1618 -0.5545 0.8163
vn 0.1372 -0.5611 0.8163
vn 0.2345 -0.9594 0.1568
vn -0.2766 -0.9481 0.1568
vn 0.5545 -0.1618 0.8163
vn 0.9481 -0.2766 0.1568
vn 0.1618 0.5545 0.8163
vn 0.2766 0.9481 0.1568
vn -0.4173 -0.3993 0.8163
vn -0.7136 -0.6828 0.1568
vn 0.3993 -0.4173 0.8163
vn 0.6828 -0.7136 0.1568
vn 0.5234 0.5471 -0.6532
vn 0.5234 0.5471 0.6532
vn 0.7269 0.2120 0.6532
vn 0.7268 0.2120 -0.6532
vn 0.7355 -0.1798 0.6532
vn 0.7355 -0.1798 -0.6532
vn 0.5471 -0.5234 0.6532
vn 0.5471 -0.5234 -0.6532
vn 0.2120 -0.7269 0.6532
vn 0.2120 -0.7269 -0.6532
vn -0.1798 -0.7355 0.6532
vn -0.1798 -0.7355 -0.6532
vn -0.5234 -0.5471 0.6532
vn -0.5234 -0.5471 -0.6532
vn -0.7269 -0.2120 0.6532
vn -0.7269 -0.2120 -0.6532
vn -0.7355 0.1798 0.6532
vn -0.7355 0.1798 -0.6532
vn -0.5471 0.5234 0.6532
vn -0.5471 0.5234 -0.6532
vn 0.5576 -0.5335 0.6359
vn 0.7497 -0.1832 0.6359
vn -0.2120 0.7269 0.6532
vn -0.2120 0.7269 -0.6532
vn 0.1798 0.7355 0.6532
vn 0.1798 0.7355 -0.6532
vn 0.4608 -0.4409 -0.7703
vn 0.1786 -0.6122 -0.7703
vn 0.2769 -0.9490 -0.1505
vn 0.7143 -0.6834 -0.1505
vn 0.4409 0.4608 -0.7703
vn 0.6122 0.1786 -0.7703
vn 0.6195 -0.1514 -0.7703
vn -0.1514 -0.6195 -0.7703
vn -0.4409 -0.4608 -0.7703
vn -0.6122 -0.1786 -0.7703
vn -0.6195 0.1514 -0.7703
vn -0.4608 0.4409 -0.7703
vn -0.1786 0.6122 -0.7703
vn 0.1514 0.6195 -0.7703
vn 0.3993 0.4173 0.8163
vn 0.5545 0.1618 0.8163
vn -0.2161 0.7409 0.6359
vn -0.5576 0.5335 0.6359
vn -0.7409 -0.2161 0.6359
vn -0.5335 -0.5576 0.6359
vn 0.2161 -0.7409 0.6359
vn 0.1832 0.7497 0.6359
vn 0.7409 0.2161 0.6359
vn 0.5336 0.5576 0.6359
vn -0.7497 0.1832 0.6359
vn -0.1832 -0.7497 0.6359
vn -0.5611 0.1372 0.8163
vn -0.9594 0.2345 0.1568
vn -0.7136 0.6828 0.1568
vn -0.4173 0.3993 0.8163
vn 0.9481 0.2766 0.1568
vn 0.9594 -0.2345 0.1568
vn 0.5611 -0.1372 0.8163
vn 0.1372 0.5611 0.8163
vn 0.2345 0.9594 0.1568
vn 0.6828 0.7136 0.1568
vn 0.1618 -0.5545 0.8163
vn 0.2766 -0.9481 0.1568
vn -0.2345 -0.9594 0.1568
vn -0.1372 -0.5611 0.8163
vn -0.5545 -0.1618 0.8163
vn -0.9481 -0.2766 0.1568
vn -0.1618 0.5545 0.8163
vn -0.2766 0.9481 0.1568
vn 0.4173 -0.3993 0.8163
vn 0.7136 -0.6828 0.1568
vn -0.3993 -0.4173 0.8163
vn -0.6828 -0.7136 0.1568
vn -0.5592 -0.1367 -0.8177
vn -0.7955 -0.1944 -0.5739
vn -0.5917 -0.5661 -0.5739
vn -0.4159 -0.3979 -0.8177
vn 0.5766 -0.6026 -0.5517
vn 0.3979 -0.4159 -0.8177
vn 0.5526 -0.1612 -0.8177
vn 0.8007 -0.2336 -0.5517
vn 0.2769 0.9490 -0.1505
vn -0.2347 0.9603 -0.1505
vn -0.6834 0.7143 -0.1505
vn -0.9490 0.2769 -0.1505
vn 0.9490 -0.2769 -0.1505
vn 0.9603 0.2347 -0.1505
vn 0.2347 -0.9603 -0.1505
vn -0.9603 -0.2347 -0.1505
vn 0.7143 0.6834 -0.1505
vn 0.6834 -0.7143 -0.1505
vn -0.8007 0.2336 -0.5517
vn -0.5766 0.6026 -0.5517
vn -0.8102 -0.1980 -0.5517
vn -0.6026 -0.5766 -0.5517
vn -0.2336 -0.8007 -0.5517
vn 0.1980 -0.8102 -0.5517
vn 0.8102 0.1980 -0.5517
vn 0.6026 0.5766 -0.5517
vn 0.2336 0.8007 -0.5517
vn -0.1980 0.8102 -0.5517
vn 0.1944 -0.7955 -0.5739
vn 0.1701 -0.6961 -0.6975
vn 0.4954 -0.5177 -0.6975
vn 0.5661 -0.5917 -0.5739
vn -0.1612 -0.5526 -0.8177
vn 0.1612 0.5526 -0.8177
vn -0.1367 0.5592 -0.8177
vn -0.3979 0.4159 -0.8177
vn -0.5526 0.1612 -0.8177
vn 0.5592 0.1367 -0.8177
vn 0.1367 -0.5591 -0.8177
vn 0.4159 0.3979 -0.8177
vn -0.6879 0.2007 -0.6975
vn -0.4954 0.5177 -0.6975
vn 0.0000 0.0000 -1.0000
vn 0.5917 0.5661 -0.5739
vn 0.2293 0.7862 -0.5739
vn 0.7862 -0.2293 -0.5739
vn -0.2293 -0.7862 -0.5739
vn -0.1944 0.7955 -0.5739
vn -0.5661 0.5917 -0.5739
vn -0.7862 0.2293 -0.5739
vn 0.7955 0.1944 -0.5739
vn -0.5177 -0.4954 -0.6975
vn -0.6961 -0.1701 -0.6975
vn 0.5177 0.4954 -0.6975
vn 0.2007 0.6879 -0.6975
vn 0.6879 -0.2007 -0.6975
vn -0.2007 -0.6879 -0.6975
vn -0.1701 0.6961 -0.6975
vn 0.6961 0.1701 -0.6975
vn 0.5592 -0.1367 -0.8177
vn 0.4159 -0.3979 -0.8177
vn 0.5917 -0.5661 -0.5739
vn 0.7955 -0.1944 -0.5739
vn -0.5766 -0.6026 -0.5517
vn -0.8007 -0.2336 -0.5517
vn -0.5526 -0.1612 -0.8177
vn -0.3979 -0.4159 -0.8177
vn 0.2347 0.9603 -0.1505
vn -0.2769 0.9490 -0.1505
vn 0.9490 0.2769 -0.1505
vn 0.6834 0.7143 -0.1505
vn -0.9603 0.2347 -0.1505
vn -0.9490 -0.2769 -0.1505
vn -0.2347 -0.9603 -0.1505
vn 0.9603 -0.2347 -0.1505
vn -0.7143 0.6834 -0.1505
vn -0.6834 -0.7143 -0.1505
vn 0.8007 0.2336 -0.5517
vn 0.5766 0.6026 -0.5517
vn 0.8102 -0.1980 -0.5517
vn 0.6026 -0.5766 -0.5517
vn 0.2336 -0.8007 -0.5517
vn -0.1980 -0.8102 -0.5517
vn -0.8102 0.1980 -0.5517
vn -0.6026 0.5766 -0.5517
vn -0.2336 0.8007 -0.5517
vn 0.1980 0.8102 -0.5517
vn -0.1944 -0.7955 -0.5739
vn -0.5661 -0.5917 -0.5739
vn -0.4954 -0.5177 -0.6975
vn -0.1701 -0.6961 -0.6975
vn 0.1612 -0.5526 -0.8177
vn 0.1367 0.5592 -0.8177
vn -0.1612 0.5526 -0.8177
vn 0.5526 0.1612 -0.8177
vn 0.3979 0.4159 -0.8177
vn -0.5592 0.1367 -0.8177
vn -0.1367 -0.5592 -0.8177
vn -0.4159 0.3979 -0.8177
vn 0.6879 0.2007 -0.6975
vn 0.4954 0.5177 -0.6975
vn -0.2293 0.7862 -0.5739
vn -0.5917 0.5661 -0.5739
vn -0.7862 -0.2293 -0.5739
vn 0.2293 -0.7862 -0.5739
vn 0.1944 0.7955 -0.5739
vn 0.7862 0.2293 -0.5739
vn 0.5661 0.5917 -0.5739
vn -0.7955 0.1944 -0.5739
vn 0.5177 -0.4954 -0.6975
vn 0.6961 -0.1701 -0.6975
vn -0.2007 0.6879 -0.6975
vn -0.5177 0.4954 -0.6975
vn -0.6879 -0.2007 -0.6975
vn 0.2007 -0.6879 -0.6975
vn 0.1701 0.6961 -0.6975
vn -0.6961 0.1701 -0.6975
usemtl DarkPorple.002
s 1
f 1277/1526/858 1278/1527/859 1289/1528/860 1290/1529/861
f 1278/1527/859 1279/1530/862 1291/1531/863 1289/1528/860
f 1279/1530/862 1280/1532/864 1292/1533/865 1291/1531/863
f 1280/1532/864 1281/1534/866 1293/1535/867 1292/1533/865
f 1281/1534/866 1282/1536/868 1294/1537/869 1293/1535/867
f 1282/1536/868 1283/1538/870 1295/1539/871 1294/1537/869
f 1283/1538/870 1284/1540/872 1296/1541/873 1295/1539/871
f 1284/1540/872 1285/1542/874 1297/1543/875 1296/1541/873
f 1285/1542/874 1286/1544/876 1298/1545/877 1297/1543/875
f 1354/1546/878 1301/1547/879 1350/1548/880
f 1286/1544/876 1287/1549/881 1299/1550/882 1298/1545/877
f 1287/1549/881 1288/1551/883 1300/1552/884 1299/1550/882
f 1259/1553/885 1317/1554/886 1318/1555/887 1261/1556/888
f 1253/1557/889 1255/1558/890 1278/1559/859 1277/1560/858
f 1279/1561/862 1278/1559/859 1255/1558/890 1257/1562/891
f 1280/1563/864 1279/1561/862 1257/1562/891 1259/1553/885
f 1281/1564/866 1280/1563/864 1259/1553/885 1261/1556/888
f 1282/1565/868 1281/1564/866 1261/1556/888 1263/1566/892
f 1283/1567/870 1282/1565/868 1263/1566/892 1265/1568/893
f 1284/1569/872 1283/1567/870 1265/1568/893 1267/1570/894
f 1285/1571/874 1284/1569/872 1267/1570/894 1269/1572/895
f 1286/1573/876 1285/1571/874 1269/1572/895 1271/1574/896
f 1287/1575/881 1286/1573/876 1271/1574/896 1273/1576/897
f 1288/1577/883 1287/1575/881 1273/1576/897 1275/1578/898
f 1289/1579/860 1256/1580/899 1254/1581/900 1290/1582/861
f 1355/1583/901 1301/1584/879 1351/1585/902
f 1356/1586/903 1301/1587/879 1352/1588/904
f 1357/1589/905 1301/1590/879 1354/1546/878
f 1358/1591/906 1301/1592/879 1355/1583/901
f 1359/1593/907 1301/1594/879 1353/1595/908
f 1360/1596/909 1301/1597/879 1356/1586/903
f 1361/1598/910 1301/1599/879 1357/1589/905
f 1353/1595/908 1301/1600/879 1358/1591/906
f 1350/1548/880 1301/1601/879 1359/1593/907
f 1351/1585/902 1301/1602/879 1360/1596/909
f 1352/1588/904 1301/1603/879 1361/1598/910
f 1277/1560/858 1288/1577/883 1275/1578/898 1253/1557/889
f 1270/1604/911 1272/1605/912 1420/1606/913 1409/1607/914
f 1256/1580/899 1258/1608/915 1415/1609/916 1404/1610/917
f 1276/1611/918 1254/1581/900 1430/1612/919 1399/1613/920
f 1262/1614/921 1264/1615/922 1414/1616/923 1394/1617/924
f 1268/1618/925 1270/1604/911 1409/1607/914 1389/1619/926
f 1254/1581/900 1256/1580/899 1404/1610/917 1430/1612/919
f 1274/1620/927 1276/1611/918 1399/1613/920 1384/1621/928
f 1260/1622/929 1262/1614/921 1394/1617/924 1379/1623/930
f 1266/1624/931 1268/1618/925 1389/1619/926 1425/1625/932
f 1272/1605/912 1274/1620/927 1384/1621/928 1420/1606/913
f 1258/1608/915 1260/1622/929 1379/1623/930 1415/1609/916
f 1291/1626/863 1258/1608/915 1256/1580/899 1289/1579/860
f 1292/1627/865 1260/1622/929 1258/1608/915 1291/1626/863
f 1293/1628/867 1262/1614/921 1260/1622/929 1292/1627/865
f 1294/1629/869 1264/1615/922 1262/1614/921 1293/1628/867
f 1295/1630/871 1266/1624/931 1264/1615/922 1294/1629/869
f 1296/1631/873 1268/1618/925 1266/1624/931 1295/1630/871
f 1297/1632/875 1270/1604/911 1268/1618/925 1296/1631/873
f 1298/1633/877 1272/1605/912 1270/1604/911 1297/1632/875
f 1299/1634/882 1274/1620/927 1272/1605/912 1298/1633/877
f 1300/1635/884 1276/1611/918 1274/1620/927 1299/1634/882
f 1254/1581/900 1276/1611/918 1300/1635/884 1290/1582/861
f 1288/1551/883 1277/1636/858 1290/1637/861 1300/1552/884
f 1429/1638/932 1352/1588/904 1361/1598/910 1410/1639/923
f 1424/1640/913 1351/1585/902 1360/1596/909 1405/1641/914
f 1419/1642/916 1350/1548/880 1359/1593/907 1400/1643/917
f 1434/1644/919 1353/1595/908 1358/1591/906 1395/1645/920
f 1410/1639/923 1361/1598/910 1357/1589/905 1390/1646/924
f 1405/1641/914 1360/1596/909 1356/1586/903 1385/1647/926
f 1400/1643/917 1359/1593/907 1353/1595/908 1434/1644/919
f 1395/1645/920 1358/1591/906 1355/1583/901 1380/1648/928
f 1390/1646/924 1357/1589/905 1354/1546/878 1375/1649/930
f 1385/1647/926 1356/1586/903 1352/1588/904 1429/1638/932
f 1380/1648/928 1355/1583/901 1351/1585/902 1424/1640/913
f 1379/1623/930 1378/1650/930 1416/1651/916 1415/1609/916
f 1378/1650/930 1377/1652/930 1417/1653/916 1416/1651/916
f 1377/1652/930 1376/1654/930 1418/1655/916 1417/1653/916
f 1376/1654/930 1375/1649/930 1419/1642/916 1418/1655/916
f 1384/1621/928 1383/1656/928 1421/1657/913 1420/1606/913
f 1383/1656/928 1382/1658/928 1422/1659/913 1421/1657/913
f 1382/1658/928 1381/1660/928 1423/1661/913 1422/1659/913
f 1381/1660/928 1380/1648/928 1424/1640/913 1423/1661/913
f 1389/1619/926 1388/1662/926 1426/1663/932 1425/1625/932
f 1388/1662/926 1387/1664/926 1427/1665/932 1426/1663/932
f 1387/1664/926 1386/1666/926 1428/1667/932 1427/1665/932
f 1386/1666/926 1385/1647/926 1429/1638/932 1428/1667/932
f 1394/1617/924 1393/1668/924 1378/1650/930 1379/1623/930
f 1393/1668/924 1392/1669/924 1377/1652/930 1378/1650/930
f 1392/1669/924 1391/1670/924 1376/1654/930 1377/1652/930
f 1391/1670/924 1390/1646/924 1375/1649/930 1376/1654/930
f 1399/1613/920 1398/1671/920 1383/1656/928 1384/1621/928
f 1398/1671/920 1397/1672/920 1382/1658/928 1383/1656/928
f 1397/1672/920 1396/1673/920 1381/1660/928 1382/1658/928
f 1396/1673/920 1395/1645/920 1380/1648/928 1381/1660/928
f 1404/1610/917 1403/1674/917 1431/1675/919 1430/1612/919
f 1403/1674/917 1402/1676/917 1432/1677/919 1431/1675/919
f 1402/1676/917 1401/1678/917 1433/1679/919 1432/1677/919
f 1401/1678/917 1400/1643/917 1434/1644/919 1433/1679/919
f 1409/1607/914 1408/1680/914 1388/1662/926 1389/1619/926
f 1408/1680/914 1407/1681/914 1387/1664/926 1388/1662/926
f 1407/1681/914 1406/1682/914 1386/1666/926 1387/1664/926
f 1406/1682/914 1405/1641/914 1385/1647/926 1386/1666/926
f 1414/1616/923 1413/1683/923 1393/1668/924 1394/1617/924
f 1413/1683/923 1412/1684/923 1392/1669/924 1393/1668/924
f 1412/1684/923 1411/1685/923 1391/1670/924 1392/1669/924
f 1411/1685/923 1410/1639/923 1390/1646/924 1391/1670/924
f 1430/1612/919 1431/1675/919 1398/1671/920 1399/1613/920
f 1431/1675/919 1432/1677/919 1397/1672/920 1398/1671/920
f 1432/1677/919 1433/1679/919 1396/1673/920 1397/1672/920
f 1433/1679/919 1434/1644/919 1395/1645/920 1396/1673/920
f 1415/1609/916 1416/1651/916 1403/1674/917 1404/1610/917
f 1416/1651/916 1417/1653/916 1402/1676/917 1403/1674/917
f 1417/1653/916 1418/1655/916 1401/1678/917 1402/1676/917
f 1418/1655/916 1419/1642/916 1400/1643/917 1401/1678/917
f 1420/1606/913 1421/1657/913 1408/1680/914 1409/1607/914
f 1421/1657/913 1422/1659/913 1407/1681/914 1408/1680/914
f 1422/1659/913 1423/1661/913 1406/1682/914 1407/1681/914
f 1423/1661/913 1424/1640/913 1405/1641/914 1406/1682/914
f 1425/1625/932 1426/1663/932 1413/1683/923 1414/1616/923
f 1426/1663/932 1427/1665/932 1412/1684/923 1413/1683/923
f 1427/1665/932 1428/1667/932 1411/1685/923 1412/1684/923
f 1428/1667/932 1429/1638/932 1410/1639/923 1411/1685/923
f 1375/1649/930 1354/1546/878 1350/1548/880 1419/1642/916
f 1264/1615/922 1266/1624/931 1425/1625/932 1414/1616/923
f 1459/1686/933 1472/1687/934 1471/1688/935 1460/1689/936
f 1460/1689/936 1471/1688/935 1473/1690/937 1461/1691/938
f 1461/1691/938 1473/1690/937 1474/1692/939 1462/1693/940
f 1462/1693/940 1474/1692/939 1475/1694/941 1463/1695/942
f 1463/1695/942 1475/1694/941 1476/1696/943 1464/1697/944
f 1464/1697/944 1476/1696/943 1477/1698/945 1465/1699/946
f 1465/1699/946 1477/1698/945 1478/1700/947 1466/1701/948
f 1466/1701/948 1478/1700/947 1479/1702/949 1467/1703/950
f 1467/1703/950 1479/1702/949 1480/1704/951 1468/1705/952
f 1536/1706/953 1532/1707/954 1483/1708/879
f 1468/1705/952 1480/1704/951 1481/1709/955 1469/1710/956
f 1469/1710/956 1481/1709/955 1482/1711/957 1470/1712/958
f 1441/1713/959 1443/1714/960 1500/1715/961 1499/1716/962
f 1435/1717/963 1459/1718/933 1460/1719/936 1437/1720/964
f 1461/1721/938 1439/1722/965 1437/1720/964 1460/1719/936
f 1462/1723/940 1441/1713/959 1439/1722/965 1461/1721/938
f 1463/1724/942 1443/1714/960 1441/1713/959 1462/1723/940
f 1464/1725/944 1445/1726/966 1443/1714/960 1463/1724/942
f 1465/1727/946 1447/1728/967 1445/1726/966 1464/1725/944
f 1466/1729/948 1449/1730/968 1447/1728/967 1465/1727/946
f 1467/1731/950 1451/1732/969 1449/1730/968 1466/1729/948
f 1468/1733/952 1453/1734/970 1451/1732/969 1467/1731/950
f 1469/1735/956 1455/1736/971 1453/1734/970 1468/1733/952
f 1470/1737/958 1457/1738/972 1455/1736/971 1469/1735/956
f 1471/1739/935 1472/1740/934 1436/1741/973 1438/1742/974
f 1537/1743/975 1533/1744/976 1483/1745/879
f 1538/1746/977 1534/1747/978 1483/1748/879
f 1539/1749/979 1536/1706/953 1483/1750/879
f 1540/1751/980 1537/1743/975 1483/1752/879
f 1541/1753/981 1535/1754/982 1483/1755/879
f 1542/1756/983 1538/1746/977 1483/1757/879
f 1543/1758/984 1539/1749/979 1483/1759/879
f 1535/1754/982 1540/1751/980 1483/1760/879
f 1532/1707/954 1541/1753/981 1483/1761/879
f 1533/1744/976 1542/1756/983 1483/1762/879
f 1534/1747/978 1543/1758/984 1483/1763/879
f 1459/1718/933 1435/1717/963 1457/1738/972 1470/1737/958
f 1452/1764/985 1591/1765/986 1602/1766/987 1454/1767/988
f 1438/1742/974 1586/1768/989 1597/1769/990 1440/1770/991
f 1458/1771/992 1581/1772/993 1612/1773/994 1436/1741/973
f 1444/1774/995 1576/1775/996 1596/1776/997 1446/1777/998
f 1450/1778/999 1571/1779/1000 1591/1765/986 1452/1764/985
f 1436/1741/973 1612/1773/994 1586/1768/989 1438/1742/974
f 1456/1780/1001 1566/1781/1002 1581/1772/993 1458/1771/992
f 1442/1782/1003 1561/1783/1004 1576/1775/996 1444/1774/995
f 1448/1784/1005 1607/1785/1006 1571/1779/1000 1450/1778/999
f 1454/1767/988 1602/1766/987 1566/1781/1002 1456/1780/1001
f 1440/1770/991 1597/1769/990 1561/1783/1004 1442/1782/1003
f 1473/1786/937 1471/1739/935 1438/1742/974 1440/1770/991
f 1474/1787/939 1473/1786/937 1440/1770/991 1442/1782/1003
f 1475/1788/941 1474/1787/939 1442/1782/1003 1444/1774/995
f 1476/1789/943 1475/1788/941 1444/1774/995 1446/1777/998
f 1477/1790/945 1476/1789/943 1446/1777/998 1448/1784/1005
f 1478/1791/947 1477/1790/945 1448/1784/1005 1450/1778/999
f 1479/1792/949 1478/1791/947 1450/1778/999 1452/1764/985
f 1480/1793/951 1479/1792/949 1452/1764/985 1454/1767/988
f 1481/1794/955 1480/1793/951 1454/1767/988 1456/1780/1001
f 1482/1795/957 1481/1794/955 1456/1780/1001 1458/1771/992
f 1436/1741/973 1472/1740/934 1482/1795/957 1458/1771/992
f 1470/1712/958 1482/1711/957 1472/1796/934 1459/1797/933
f 1611/1798/1006 1592/1799/997 1543/1758/984 1534/1747/978
f 1606/1800/987 1587/1801/986 1542/1756/983 1533/1744/976
f 1601/1802/990 1582/1803/989 1541/1753/981 1532/1707/954
f 1616/1804/994 1577/1805/993 1540/1751/980 1535/1754/982
f 1592/1799/997 1572/1806/996 1539/1749/979 1543/1758/984
f 1587/1801/986 1567/1807/1000 1538/1746/977 1542/1756/983
f 1582/1803/989 1616/1804/994 1535/1754/982 1541/1753/981
f 1577/1805/993 1562/1808/1002 1537/1743/975 1540/1751/980
f 1572/1806/996 1557/1809/1004 1536/1706/953 1539/1749/979
f 1567/1807/1000 1611/1798/1006 1534/1747/978 1538/1746/977
f 1562/1808/1002 1606/1800/987 1533/1744/976 1537/1743/975
f 1561/1783/1004 1597/1769/990 1598/1810/990 1560/1811/1004
f 1560/1811/1004 1598/1810/990 1599/1812/990 1559/1813/1004
f 1559/1813/1004 1599/1812/990 1600/1814/990 1558/1815/1004
f 1558/1815/1004 1600/1814/990 1601/1802/990 1557/1809/1004
f 1566/1781/1002 1602/1766/987 1603/1816/987 1565/1817/1002
f 1565/1817/1002 1603/1816/987 1604/1818/987 1564/1819/1002
f 1564/1819/1002 1604/1818/987 1605/1820/987 1563/1821/1002
f 1563/1821/1002 1605/1820/987 1606/1800/987 1562/1808/1002
f 1571/1779/1000 1607/1785/1006 1608/1822/1006 1570/1823/1000
f 1570/1823/1000 1608/1822/1006 1609/1824/1006 1569/1825/1000
f 1569/1825/1000 1609/1824/1006 1610/1826/1006 1568/1827/1000
f 1568/1827/1000 1610/1826/1006 1611/1798/1006 1567/1807/1000
f 1576/1775/996 1561/1783/1004 1560/1811/1004 1575/1828/996
f 1575/1828/996 1560/1811/1004 1559/1813/1004 1574/1829/996
f 1574/1829/996 1559/1813/1004 1558/1815/1004 1573/1830/996
f 1573/1830/996 1558/1815/1004 1557/1809/1004 1572/1806/996
f 1581/1772/993 1566/1781/1002 1565/1817/1002 1580/1831/993
f 1580/1831/993 1565/1817/1002 1564/1819/1002 1579/1832/993
f 1579/1832/993 1564/1819/1002 1563/1821/1002 1578/1833/993
f 1578/1833/993 1563/1821/1002 1562/1808/1002 1577/1805/993
f 1586/1768/989 1612/1773/994 1613/1834/994 1585/1835/989
f 1585/1835/989 1613/1834/994 1614/1836/994 1584/1837/989
f 1584/1837/989 1614/1836/994 1615/1838/994 1583/1839/989
f 1583/1839/989 1615/1838/994 1616/1804/994 1582/1803/989
f 1591/1765/986 1571/1779/1000 1570/1823/1000 1590/1840/986
f 1590/1840/986 1570/1823/1000 1569/1825/1000 1589/1841/986
f 1589/1841/986 1569/1825/1000 1568/1827/1000 1588/1842/986
f 1588/1842/986 1568/1827/1000 1567/1807/1000 1587/1801/986
f 1596/1776/997 1576/1775/996 1575/1828/996 1595/1843/997
f 1595/1843/997 1575/1828/996 1574/1829/996 1594/1844/997
f 1594/1844/997 1574/1829/996 1573/1830/996 1593/1845/997
f 1593/1845/997 1573/1830/996 1572/1806/996 1592/1799/997
f 1612/1773/994 1581/1772/993 1580/1831/993 1613/1834/994
f 1613/1834/994 1580/1831/993 1579/1832/993 1614/1836/994
f 1614/1836/994 1579/1832/993 1578/1833/993 1615/1838/994
f 1615/1838/994 1578/1833/993 1577/1805/993 1616/1804/994
f 1597/1769/990 1586/1768/989 1585/1835/989 1598/1810/990
f 1598/1810/990 1585/1835/989 1584/1837/989 1599/1812/990
f 1599/1812/990 1584/1837/989 1583/1839/989 1600/1814/990
f 1600/1814/990 1583/1839/989 1582/1803/989 1601/1802/990
f 1602/1766/987 1591/1765/986 1590/1840/986 1603/1816/987
f 1603/1816/987 1590/1840/986 1589/1841/986 1604/1818/987
f 1604/1818/987 1589/1841/986 1588/1842/986 1605/1820/987
f 1605/1820/987 1588/1842/986 1587/1801/986 1606/1800/987
f 1607/1785/1006 1596/1776/997 1595/1843/997 1608/1822/1006
f 1608/1822/1006 1595/1843/997 1594/1844/997 1609/1824/1006
f 1609/1824/1006 1594/1844/997 1593/1845/997 1610/1826/1006
f 1610/1826/1006 1593/1845/997 1592/1799/997 1611/1798/1006
f 1557/1809/1004 1601/1802/990 1532/1707/954 1536/1706/953
f 1446/1777/998 1596/1776/997 1607/1785/1006 1448/1784/1005
usemtl Porple.001
f 1328/1846/1007 1340/1847/1008 1341/1848/1009 1329/1849/1010
f 1308/1850/1011 1332/1851/1012 1333/1852/1013 1309/1853/1014
f 1273/1576/897 1324/1854/1015 1325/1855/1016 1275/1578/898
f 1253/1557/889 1314/1856/1017 1315/1857/1018 1255/1558/890
f 1267/1570/894 1321/1858/1019 1322/1859/1020 1269/1572/895
f 1261/1556/888 1318/1555/887 1319/1860/1021 1263/1566/892
f 1275/1578/898 1325/1855/1016 1314/1856/1017 1253/1557/889
f 1255/1558/890 1315/1857/1018 1316/1861/1022 1257/1562/891
f 1269/1572/895 1322/1859/1020 1323/1862/1023 1271/1574/896
f 1263/1566/892 1319/1860/1021 1320/1863/1024 1265/1568/893
f 1257/1562/891 1316/1861/1022 1317/1554/886 1259/1553/885
f 1271/1574/896 1323/1862/1023 1324/1854/1015 1273/1576/897
f 1265/1568/893 1320/1863/1024 1321/1858/1019 1267/1570/894
f 1303/1864/1025 1315/1857/1018 1314/1856/1017 1302/1865/1026
f 1304/1866/1027 1316/1861/1022 1315/1857/1018 1303/1864/1025
f 1305/1867/1028 1317/1554/886 1316/1861/1022 1304/1866/1027
f 1306/1868/1029 1318/1555/887 1317/1554/886 1305/1867/1028
f 1307/1869/1030 1319/1860/1021 1318/1555/887 1306/1868/1029
f 1308/1850/1011 1320/1863/1024 1319/1860/1021 1307/1869/1030
f 1309/1853/1014 1321/1858/1019 1320/1863/1024 1308/1850/1011
f 1310/1870/1031 1322/1859/1020 1321/1858/1019 1309/1853/1014
f 1311/1871/1032 1323/1862/1023 1322/1859/1020 1310/1870/1031
f 1312/1872/1033 1324/1854/1015 1323/1862/1023 1311/1871/1032
f 1313/1873/1034 1325/1855/1016 1324/1854/1015 1312/1872/1033
f 1302/1865/1026 1314/1856/1017 1325/1855/1016 1313/1873/1034
f 1343/1874/1035 1367/1875/1036 1368/1876/1037 1344/1877/1038
f 1305/1867/1028 1329/1849/1010 1330/1878/1039 1306/1868/1029
f 1312/1872/1033 1336/1879/1040 1337/1880/1041 1313/1873/1034
f 1302/1865/1026 1326/1881/1042 1327/1882/1043 1303/1864/1025
f 1309/1853/1014 1333/1852/1013 1334/1883/1044 1310/1870/1031
f 1306/1868/1029 1330/1878/1039 1331/1884/1045 1307/1869/1030
f 1313/1873/1034 1337/1880/1041 1326/1881/1042 1302/1865/1026
f 1303/1864/1025 1327/1882/1043 1328/1846/1007 1304/1866/1027
f 1310/1870/1031 1334/1883/1044 1335/1885/1046 1311/1871/1032
f 1307/1869/1030 1331/1884/1045 1332/1851/1012 1308/1850/1011
f 1304/1866/1027 1328/1846/1007 1329/1849/1010 1305/1867/1028
f 1311/1871/1032 1335/1885/1046 1336/1879/1040 1312/1872/1033
f 1363/1886/1047 1362/1887/1048 1374/1888/1049
f 1335/1885/1046 1347/1889/1050 1348/1890/1051 1336/1879/1040
f 1332/1851/1012 1344/1877/1038 1345/1891/1052 1333/1852/1013
f 1329/1849/1010 1341/1848/1009 1342/1892/1053 1330/1878/1039
f 1336/1879/1040 1348/1890/1051 1349/1893/1054 1337/1880/1041
f 1326/1881/1042 1338/1894/1055 1339/1895/1056 1327/1882/1043
f 1333/1852/1013 1345/1891/1052 1346/1896/1057 1334/1883/1044
f 1330/1878/1039 1342/1892/1053 1343/1874/1035 1331/1884/1045
f 1337/1880/1041 1349/1893/1054 1338/1894/1055 1326/1881/1042
f 1327/1882/1043 1339/1895/1056 1340/1847/1008 1328/1846/1007
f 1334/1883/1044 1346/1896/1057 1347/1889/1050 1335/1885/1046
f 1331/1884/1045 1343/1874/1035 1344/1877/1038 1332/1851/1012
f 1365/1897/1058 1364/1898/1059 1374/1899/1049
f 1340/1847/1008 1364/1898/1059 1365/1897/1058 1341/1848/1009
f 1347/1889/1050 1371/1900/1060 1372/1901/1061 1348/1890/1051
f 1344/1877/1038 1368/1876/1037 1369/1902/1062 1345/1891/1052
f 1341/1848/1009 1365/1897/1058 1366/1903/1063 1342/1892/1053
f 1348/1890/1051 1372/1901/1061 1373/1904/1064 1349/1893/1054
f 1338/1894/1055 1362/1887/1048 1363/1886/1047 1339/1895/1056
f 1345/1891/1052 1369/1902/1062 1370/1905/1065 1346/1896/1057
f 1342/1892/1053 1366/1903/1063 1367/1875/1036 1343/1874/1035
f 1349/1893/1054 1373/1904/1064 1362/1887/1048 1338/1894/1055
f 1339/1895/1056 1363/1886/1047 1364/1898/1059 1340/1847/1008
f 1346/1896/1057 1370/1905/1065 1371/1900/1060 1347/1889/1050
f 1363/1886/1047 1374/1906/1049 1364/1898/1059
f 1366/1903/1063 1365/1897/1058 1374/1907/1049
f 1367/1875/1036 1366/1903/1063 1374/1908/1049
f 1368/1876/1037 1367/1875/1036 1374/1909/1049
f 1369/1902/1062 1368/1876/1037 1374/1910/1049
f 1370/1905/1065 1369/1902/1062 1374/1911/1049
f 1371/1900/1060 1370/1905/1065 1374/1912/1049
f 1372/1901/1061 1371/1900/1060 1374/1913/1049
f 1373/1904/1064 1372/1901/1061 1374/1914/1049
f 1362/1887/1048 1373/1904/1064 1374/1915/1049
f 1510/1916/1066 1511/1917/1067 1523/1918/1068 1522/1919/1069
f 1490/1920/1070 1491/1921/1071 1515/1922/1072 1514/1923/1073
f 1455/1736/971 1457/1738/972 1507/1924/1074 1506/1925/1075
f 1435/1717/963 1437/1720/964 1497/1926/1076 1496/1927/1077
f 1449/1730/968 1451/1732/969 1504/1928/1078 1503/1929/1079
f 1443/1714/960 1445/1726/966 1501/1930/1080 1500/1715/961
f 1457/1738/972 1435/1717/963 1496/1927/1077 1507/1924/1074
f 1437/1720/964 1439/1722/965 1498/1931/1081 1497/1926/1076
f 1451/1732/969 1453/1734/970 1505/1932/1082 1504/1928/1078
f 1445/1726/966 1447/1728/967 1502/1933/1083 1501/1930/1080
f 1439/1722/965 1441/1713/959 1499/1716/962 1498/1931/1081
f 1453/1734/970 1455/1736/971 1506/1925/1075 1505/1932/1082
f 1447/1728/967 1449/1730/968 1503/1929/1079 1502/1933/1083
f 1485/1934/1084 1484/1935/1085 1496/1927/1077 1497/1926/1076
f 1486/1936/1086 1485/1934/1084 1497/1926/1076 1498/1931/1081
f 1487/1937/1087 1486/1936/1086 1498/1931/1081 1499/1716/962
f 1488/1938/1088 1487/1937/1087 1499/1716/962 1500/1715/961
f 1489/1939/1089 1488/1938/1088 1500/1715/961 1501/1930/1080
f 1490/1920/1070 1489/1939/1089 1501/1930/1080 1502/1933/1083
f 1491/1921/1071 1490/1920/1070 1502/1933/1083 1503/1929/1079
f 1492/1940/1090 1491/1921/1071 1503/1929/1079 1504/1928/1078
f 1493/1941/1091 1492/1940/1090 1504/1928/1078 1505/1932/1082
f 1494/1942/1092 1493/1941/1091 1505/1932/1082 1506/1925/1075
f 1495/1943/1093 1494/1942/1092 1506/1925/1075 1507/1924/1074
f 1484/1935/1085 1495/1943/1093 1507/1924/1074 1496/1927/1077
f 1525/1944/1094 1526/1945/1095 1550/1946/1096 1549/1947/1097
f 1487/1937/1087 1488/1938/1088 1512/1948/1098 1511/1917/1067
f 1494/1942/1092 1495/1943/1093 1519/1949/1099 1518/1950/1100
f 1484/1935/1085 1485/1934/1084 1509/1951/1101 1508/1952/1102
f 1491/1921/1071 1492/1940/1090 1516/1953/1103 1515/1922/1072
f 1488/1938/1088 1489/1939/1089 1513/1954/1104 1512/1948/1098
f 1495/1943/1093 1484/1935/1085 1508/1952/1102 1519/1949/1099
f 1485/1934/1084 1486/1936/1086 1510/1916/1066 1509/1951/1101
f 1492/1940/1090 1493/1941/1091 1517/1955/1105 1516/1953/1103
f 1489/1939/1089 1490/1920/1070 1514/1923/1073 1513/1954/1104
f 1486/1936/1086 1487/1937/1087 1511/1917/1067 1510/1916/1066
f 1493/1941/1091 1494/1942/1092 1518/1950/1100 1517/1955/1105
f 1545/1956/1106 1556/1957/1049 1544/1958/1107
f 1517/1955/1105 1518/1950/1100 1530/1959/1108 1529/1960/1109
f 1514/1923/1073 1515/1922/1072 1527/1961/1110 1526/1945/1095
f 1511/1917/1067 1512/1948/1098 1524/1962/1111 1523/1918/1068
f 1518/1950/1100 1519/1949/1099 1531/1963/1112 1530/1959/1108
f 1508/1952/1102 1509/1951/1101 1521/1964/1113 1520/1965/1114
f 1515/1922/1072 1516/1953/1103 1528/1966/1115 1527/1961/1110
f 1512/1948/1098 1513/1954/1104 1525/1944/1094 1524/1962/1111
f 1519/1949/1099 1508/1952/1102 1520/1965/1114 1531/1963/1112
f 1509/1951/1101 1510/1916/1066 1522/1919/1069 1521/1964/1113
f 1516/1953/1103 1517/1955/1105 1529/1960/1109 1528/1966/1115
f 1513/1954/1104 1514/1923/1073 1526/1945/1095 1525/1944/1094
f 1547/1967/1116 1556/1968/1049 1546/1969/1117
f 1522/1919/1069 1523/1918/1068 1547/1967/1116 1546/1969/1117
f 1529/1960/1109 1530/1959/1108 1554/1970/1118 1553/1971/1119
f 1526/1945/1095 1527/1961/1110 1551/1972/1120 1550/1946/1096
f 1523/1918/1068 1524/1962/1111 1548/1973/1121 1547/1967/1116
f 1530/1959/1108 1531/1963/1112 1555/1974/1122 1554/1970/1118
f 1520/1965/1114 1521/1964/1113 1545/1956/1106 1544/1958/1107
f 1527/1961/1110 1528/1966/1115 1552/1975/1123 1551/1972/1120
f 1524/1962/1111 1525/1944/1094 1549/1947/1097 1548/1973/1121
f 1531/1963/1112 1520/1965/1114 1544/1958/1107 1555/1974/1122
f 1521/1964/1113 1522/1919/1069 1546/1969/1117 1545/1956/1106
f 1528/1966/1115 1529/1960/1109 1553/1971/1119 1552/1975/1123
f 1545/1956/1106 1546/1969/1117 1556/1976/1049
f 1548/1973/1121 1556/1977/1049 1547/1967/1116
f 1549/1947/1097 1556/1978/1049 1548/1973/1121
f 1550/1946/1096 1556/1979/1049 1549/1947/1097
f 1551/1972/1120 1556/1980/1049 1550/1946/1096
f 1552/1975/1123 1556/1981/1049 1551/1972/1120
f 1553/1971/1119 1556/1982/1049 1552/1975/1123
f 1554/1970/1118 1556/1983/1049 1553/1971/1119
f 1555/1974/1122 1556/1984/1049 1554/1970/1118
f 1544/1958/1107 1556/1985/1049 1555/1974/1122
o Cube.024_Cube.014
v -2.270380 0.569739 0.581659
v -2.608109 0.785972 0.899060
v -3.004514 1.039772 0.990979
v -2.023646 0.411766 0.034571
v -2.363950 0.629647 1.464971
v -2.049869 0.428556 1.337800
v -1.766376 0.247048 -1.244881
v -1.721778 0.218494 1.392785
v -3.075456 0.928969 0.990979
v -2.679051 0.675169 0.899060
v -2.434891 0.518845 1.464971
v -2.341322 0.458936 0.581659
v -2.120811 0.317753 1.337800
v -2.094588 0.300963 0.034571
v -1.792720 0.107691 1.392785
v -1.837318 0.136246 -1.244881
v -2.666942 0.745528 0.838762
v -3.094957 1.019567 0.978951
v -2.405797 0.578329 1.530911
v -2.348731 0.541791 0.539081
v -2.111422 0.389853 0.011159
v -2.080082 0.369788 1.403878
v -1.796004 0.187906 -1.310890
v -1.720172 0.139354 1.442455
v 2.270378 0.569739 0.581659
v 2.608108 0.785972 0.899059
v 3.004513 1.039772 0.990979
v 2.023645 0.411767 0.034571
v 2.363949 0.629648 1.464971
v 2.049868 0.428556 1.337799
v 1.766376 0.247049 -1.244881
v 1.721777 0.218495 1.392784
v 3.075455 0.928969 0.990979
v 2.679050 0.675169 0.899059
v 2.434891 0.518845 1.464971
v 2.341321 0.458937 0.581659
v 2.120810 0.317753 1.337799
v 2.094587 0.300964 0.034571
v 1.792719 0.107691 1.392784
v 1.837318 0.136246 -1.244881
v 2.666941 0.745529 0.838762
v 3.094956 1.019567 0.978951
v 2.405796 0.578329 1.530910
v 2.348729 0.541792 0.539081
v 2.111421 0.389854 0.011159
v 2.080081 0.369788 1.403878
v 1.796003 0.187906 -1.310890
v 1.720171 0.139354 1.442455
vt 0.500000 0.500000
vt 0.500000 0.750000
vt 0.625000 0.750000
vt 0.625000 0.500000
vt 0.712702 0.750000
vt 0.712702 0.500000
vt 0.500000 0.837702
vt 0.500000 0.918037
vt 0.625000 0.918037
vt 0.625000 0.837702
vt 0.500000 0.331963
vt 0.500000 0.412298
vt 0.625000 0.412298
vt 0.625000 0.331963
vt 0.375000 0.918037
vt 0.375000 0.965533
vt 0.500000 0.965533
vt 0.375000 0.750000
vt 0.375000 0.837702
vt 0.287298 0.750000
vt 0.287298 0.500000
vt 0.206963 0.500000
vt 0.206963 0.750000
vt 0.793037 0.500000
vt 0.793037 0.750000
vt 0.840533 0.750000
vt 0.840533 0.500000
vt 0.159467 0.500000
vt 0.159467 0.750000
vt 0.375000 0.500000
vt 0.375000 0.284467
vt 0.375000 0.331963
vt 0.500000 0.284467
vt 0.375000 0.412298
vt 0.625000 0.284467
vt 0.625000 0.965533
vt 0.500000 0.500000
vt 0.625000 0.500000
vt 0.625000 0.750000
vt 0.500000 0.750000
vt 0.712702 0.500000
vt 0.712702 0.750000
vt 0.500000 0.837702
vt 0.625000 0.837702
vt 0.625000 0.918037
vt 0.500000 0.918037
vt 0.500000 0.331963
vt 0.625000 0.331963
vt 0.625000 0.412298
vt 0.500000 0.412298
vt 0.375000 0.918037
vt 0.500000 0.965533
vt 0.375000 0.965533
vt 0.375000 0.837702
vt 0.375000 0.750000
vt 0.287298 0.750000
vt 0.206963 0.750000
vt 0.206963 0.500000
vt 0.287298 0.500000
vt 0.793037 0.500000
vt 0.840533 0.500000
vt 0.840533 0.750000
vt 0.793037 0.750000
vt 0.159467 0.750000
vt 0.159467 0.500000
vt 0.375000 0.500000
vt 0.375000 0.284467
vt 0.500000 0.284467
vt 0.375000 0.331963
vt 0.375000 0.412298
vt 0.625000 0.284467
vt 0.625000 0.965533
vn -0.3582 0.2293 -0.9050
vn -0.8308 0.5319 -0.1634
vn 0.1469 0.9874 -0.0589
vn 0.3361 0.8588 -0.3865
vn 0.3981 0.7719 0.4956
vn 0.2904 0.9322 -0.2158
vn -0.1307 0.0837 0.9879
vn 0.0838 -0.0537 0.9950
vn 0.5338 0.7702 0.3490
vn -0.7874 0.5041 -0.3548
vn -0.6461 0.4137 -0.6414
vn 0.1710 0.9746 -0.1442
vn -0.4761 -0.8072 0.3490
vn -0.5126 -0.6931 0.5067
vn -0.0958 0.0613 0.9935
vn -0.8353 -0.5466 -0.0589
vn -0.5345 -0.6846 0.4956
vn -0.7251 -0.6539 -0.2158
vn -0.8136 -0.5632 -0.1442
vn 0.4149 0.7557 0.5067
vn -0.3568 0.9110 -0.2069
vn -0.9767 -0.0572 -0.2069
vn -0.6393 -0.6647 -0.3865
vn -0.8148 0.5217 -0.2529
vn 0.3582 0.2293 -0.9050
vn -0.3361 0.8588 -0.3865
vn -0.1469 0.9874 -0.0589
vn 0.8308 0.5319 -0.1634
vn -0.2904 0.9322 -0.2158
vn -0.3981 0.7719 0.4956
vn 0.1307 0.0837 0.9879
vn -0.5338 0.7702 0.3490
vn -0.0838 -0.0537 0.9950
vn 0.7874 0.5041 -0.3548
vn -0.1710 0.9746 -0.1442
vn 0.6461 0.4137 -0.6414
vn 0.4761 -0.8072 0.3490
vn 0.0958 0.0613 0.9935
vn 0.5126 -0.6931 0.5067
vn 0.5345 -0.6846 0.4956
vn 0.8353 -0.5466 -0.0589
vn 0.8136 -0.5632 -0.1442
vn 0.7251 -0.6539 -0.2158
vn 0.3568 0.9110 -0.2069
vn -0.4149 0.7557 0.5067
vn 0.9767 -0.0572 -0.2069
vn 0.6393 -0.6647 -0.3865
vn 0.8148 0.5217 -0.2529
usemtl Porple.002
s 1
f 1633/1986/1124 1634/1987/1125 1619/1988/1126 1618/1989/1127
f 1619/1988/1126 1621/1990/1128 1617/1991/1129 1618/1989/1127
f 1635/1992/1130 1638/1993/1131 1622/1994/1132 1621/1995/1128
f 1637/1996/1133 1636/1997/1134 1617/1998/1129 1620/1999/1135
f 1629/2000/1136 1631/2001/1137 1640/2002/1138 1638/1993/1131
f 1634/1987/1125 1625/2003/1139 1627/2004/1140 1635/1992/1130
f 1627/2005/1140 1628/2006/1141 1630/2007/1142 1629/2008/1136
f 1620/2009/1135 1622/2010/1132 1624/2011/1143 1623/2012/1144
f 1621/1990/1128 1622/2010/1132 1620/2009/1135 1617/1991/1129
f 1629/2008/1136 1630/2007/1142 1632/2013/1145 1631/2014/1137
f 1634/1987/1125 1633/1986/1124 1626/2015/1146 1625/2003/1139
f 1632/2016/1145 1630/2017/1142 1637/1996/1133 1639/2018/1147
f 1630/2017/1142 1628/2019/1141 1636/1997/1134 1637/1996/1133
f 1627/2004/1140 1629/2000/1136 1638/1993/1131 1635/1992/1130
f 1636/1997/1134 1633/1986/1124 1618/1989/1127 1617/1998/1129
f 1639/2018/1147 1637/1996/1133 1620/1999/1135 1623/2020/1144
f 1628/2019/1141 1626/2015/1146 1633/1986/1124 1636/1997/1134
f 1627/2005/1140 1625/2003/1139 1626/2015/1146 1628/2006/1141
f 1635/1992/1130 1621/1995/1128 1619/1988/1126 1634/1987/1125
f 1638/1993/1131 1640/2002/1138 1624/2021/1143 1622/1994/1132
f 1657/2022/1148 1642/2023/1149 1643/2024/1150 1658/2025/1151
f 1643/2024/1150 1642/2023/1149 1641/2026/1152 1645/2027/1153
f 1659/2028/1154 1645/2029/1153 1646/2030/1155 1662/2031/1156
f 1661/2032/1157 1644/2033/1158 1641/2034/1152 1660/2035/1159
f 1653/2036/1160 1662/2031/1156 1664/2037/1161 1655/2038/1162
f 1658/2025/1151 1659/2028/1154 1651/2039/1163 1649/2040/1164
f 1651/2041/1163 1653/2042/1160 1654/2043/1165 1652/2044/1166
f 1644/2045/1158 1647/2046/1167 1648/2047/1168 1646/2048/1155
f 1645/2027/1153 1641/2026/1152 1644/2045/1158 1646/2048/1155
f 1653/2042/1160 1655/2049/1162 1656/2050/1169 1654/2043/1165
f 1658/2025/1151 1649/2040/1164 1650/2051/1170 1657/2022/1148
f 1656/2052/1169 1663/2053/1171 1661/2032/1157 1654/2054/1165
f 1654/2054/1165 1661/2032/1157 1660/2035/1159 1652/2055/1166
f 1651/2039/1163 1659/2028/1154 1662/2031/1156 1653/2036/1160
f 1660/2035/1159 1641/2034/1152 1642/2023/1149 1657/2022/1148
f 1663/2053/1171 1647/2056/1167 1644/2033/1158 1661/2032/1157
f 1652/2055/1166 1660/2035/1159 1657/2022/1148 1650/2051/1170
f 1651/2041/1163 1652/2044/1166 1650/2051/1170 1649/2040/1164
f 1659/2028/1154 1658/2025/1151 1643/2024/1150 1645/2029/1153
f 1662/2031/1156 1646/2030/1155 1648/2057/1168 1664/2037/1161
o Cube.025_Cube.015
v -2.310483 -0.357423 0.581660
v -2.648997 -0.572426 0.899060
v -3.046322 -0.824782 0.990979
v -2.063176 -0.200349 0.034571
v -2.404270 -0.416991 1.464972
v -2.089460 -0.217043 1.337800
v -1.805310 -0.036568 -1.244881
v -1.760607 -0.008176 1.392785
v -2.975783 -0.935843 0.990979
v -2.578458 -0.683486 0.899060
v -2.333732 -0.528051 1.464972
v -2.239944 -0.468483 0.581660
v -2.018922 -0.328103 1.337800
v -1.992638 -0.311409 0.034571
v -1.690068 -0.119236 1.392785
v -1.734771 -0.147628 -1.244881
v -2.637144 -0.642829 0.838762
v -3.066153 -0.915309 0.978952
v -2.375392 -0.476580 1.530911
v -2.318193 -0.440251 0.539081
v -2.080333 -0.289177 0.011160
v -2.048921 -0.269225 1.403879
v -1.764183 -0.088378 -1.310890
v -1.688175 -0.040102 1.442456
v 2.310483 -0.357423 0.581660
v 2.648996 -0.572426 0.899060
v 3.046322 -0.824783 0.990979
v 2.063176 -0.200349 0.034571
v 2.404270 -0.416991 1.464972
v 2.089460 -0.217043 1.337800
v 1.805309 -0.036568 -1.244881
v 1.760607 -0.008176 1.392785
v 2.975783 -0.935843 0.990979
v 2.578458 -0.683486 0.899060
v 2.333731 -0.528051 1.464972
v 2.239944 -0.468483 0.581660
v 2.018921 -0.328103 1.337800
v 1.992638 -0.311409 0.034571
v 1.690069 -0.119236 1.392785
v 1.734771 -0.147628 -1.244881
v 2.637144 -0.642829 0.838762
v 3.066153 -0.915309 0.978952
v 2.375392 -0.476580 1.530911
v 2.318192 -0.440251 0.539081
v 2.080333 -0.289177 0.011160
v 2.048920 -0.269226 1.403879
v 1.764183 -0.088378 -1.310890
v 1.688175 -0.040102 1.442456
vt 0.159467 0.750000
vt 0.206963 0.750000
vt 0.206963 0.500000
vt 0.159467 0.500000
vt 0.375000 0.750000
vt 0.375000 0.500000
vt 0.287298 0.500000
vt 0.287298 0.750000
vt 0.712702 0.750000
vt 0.793037 0.750000
vt 0.793037 0.500000
vt 0.712702 0.500000
vt 0.625000 0.918037
vt 0.625000 0.837702
vt 0.500000 0.837702
vt 0.500000 0.918037
vt 0.840533 0.750000
vt 0.840533 0.500000
vt 0.500000 0.750000
vt 0.375000 0.837702
vt 0.375000 0.918037
vt 0.375000 0.965533
vt 0.500000 0.965533
vt 0.500000 0.500000
vt 0.375000 0.284467
vt 0.375000 0.331963
vt 0.500000 0.331963
vt 0.500000 0.284467
vt 0.375000 0.412298
vt 0.500000 0.412298
vt 0.625000 0.412298
vt 0.625000 0.331963
vt 0.625000 0.500000
vt 0.625000 0.750000
vt 0.625000 0.965533
vt 0.625000 0.284467
vt 0.159467 0.750000
vt 0.159467 0.500000
vt 0.206963 0.500000
vt 0.206963 0.750000
vt 0.375000 0.750000
vt 0.287298 0.750000
vt 0.287298 0.500000
vt 0.375000 0.500000
vt 0.712702 0.750000
vt 0.712702 0.500000
vt 0.793037 0.500000
vt 0.793037 0.750000
vt 0.625000 0.918037
vt 0.500000 0.918037
vt 0.500000 0.837702
vt 0.625000 0.837702
vt 0.840533 0.500000
vt 0.840533 0.750000
vt 0.375000 0.837702
vt 0.500000 0.750000
vt 0.375000 0.918037
vt 0.500000 0.965533
vt 0.375000 0.965533
vt 0.500000 0.500000
vt 0.375000 0.284467
vt 0.500000 0.284467
vt 0.500000 0.331963
vt 0.375000 0.331963
vt 0.500000 0.412298
vt 0.375000 0.412298
vt 0.625000 0.331963
vt 0.625000 0.412298
vt 0.625000 0.500000
vt 0.625000 0.750000
vt 0.625000 0.965533
vt 0.625000 0.284467
vn 0.4122 -0.7572 0.5067
vn 0.5310 -0.7721 0.3490
vn 0.1674 -0.9752 -0.1442
vn -0.3601 -0.9097 -0.2069
vn 0.1433 -0.9879 -0.0589
vn 0.3330 -0.8600 -0.3865
vn 0.2870 -0.9333 -0.2158
vn 0.3952 -0.7734 0.4956
vn -0.5320 0.6865 0.4956
vn -0.4731 0.8089 0.3490
vn -0.8116 0.5661 -0.1442
vn -0.7227 0.6565 -0.2158
vn -0.1310 -0.0832 0.9879
vn 0.0840 0.0533 0.9950
vn -0.5101 0.6950 0.5067
vn -0.9764 0.0608 -0.2069
vn -0.8328 -0.5289 -0.1634
vn -0.0960 -0.0610 0.9935
vn -0.3591 -0.2280 -0.9050
vn -0.7892 -0.5012 -0.3548
vn -0.8167 -0.5187 -0.2529
vn -0.6476 -0.4113 -0.6414
vn -0.6369 0.6670 -0.3865
vn -0.8333 0.5496 -0.0589
vn -0.4122 -0.7572 0.5067
vn 0.3601 -0.9097 -0.2069
vn -0.1674 -0.9752 -0.1442
vn -0.5310 -0.7721 0.3490
vn -0.1433 -0.9879 -0.0589
vn -0.3952 -0.7734 0.4956
vn -0.2870 -0.9333 -0.2158
vn -0.3330 -0.8600 -0.3865
vn 0.5320 0.6865 0.4956
vn 0.7227 0.6565 -0.2158
vn 0.8116 0.5661 -0.1442
vn 0.4731 0.8089 0.3490
vn -0.0840 0.0533 0.9950
vn 0.1310 -0.0832 0.9879
vn 0.9764 0.0608 -0.2069
vn 0.5101 0.6950 0.5067
vn 0.8328 -0.5289 -0.1634
vn 0.0960 -0.0610 0.9935
vn 0.3591 -0.2280 -0.9050
vn 0.8167 -0.5187 -0.2529
vn 0.7892 -0.5012 -0.3548
vn 0.6476 -0.4113 -0.6414
vn 0.6369 0.6670 -0.3865
vn 0.8333 0.5496 -0.0589
usemtl Porple.002
s 1
f 1679/2058/1172 1677/2059/1173 1678/2060/1174 1680/2061/1175
f 1673/2062/1176 1674/2063/1177 1676/2064/1178 1675/2065/1179
f 1669/2066/1180 1670/2067/1181 1668/2068/1182 1665/2069/1183
f 1670/2070/1181 1669/2071/1180 1683/2072/1184 1686/2073/1185
f 1668/2068/1182 1670/2067/1181 1672/2074/1186 1671/2075/1187
f 1683/2072/1184 1682/2076/1188 1673/2062/1176 1675/2077/1179
f 1677/2059/1173 1675/2065/1179 1676/2064/1178 1678/2060/1174
f 1677/2078/1173 1679/2079/1172 1688/2080/1189 1686/2073/1185
f 1674/2063/1177 1673/2062/1176 1682/2076/1188 1681/2081/1190
f 1680/2082/1175 1678/2083/1174 1685/2084/1191 1687/2085/1192
f 1678/2083/1174 1676/2086/1178 1684/2087/1193 1685/2084/1191
f 1676/2086/1178 1674/2063/1177 1681/2081/1190 1684/2087/1193
f 1685/2084/1191 1684/2087/1193 1665/2088/1183 1668/2089/1182
f 1666/2090/1194 1667/2091/1195 1669/2066/1180 1665/2069/1183
f 1686/2073/1185 1688/2080/1189 1672/2092/1186 1670/2070/1181
f 1684/2087/1193 1681/2081/1190 1666/2090/1194 1665/2088/1183
f 1681/2081/1190 1682/2076/1188 1667/2091/1195 1666/2090/1194
f 1687/2085/1192 1685/2084/1191 1668/2089/1182 1671/2093/1187
f 1669/2071/1180 1667/2091/1195 1682/2076/1188 1683/2072/1184
f 1686/2073/1185 1683/2072/1184 1675/2077/1179 1677/2078/1173
f 1703/2094/1196 1704/2095/1197 1702/2096/1198 1701/2097/1199
f 1697/2098/1200 1699/2099/1201 1700/2100/1202 1698/2101/1203
f 1693/2102/1204 1689/2103/1205 1692/2104/1206 1694/2105/1207
f 1694/2106/1207 1710/2107/1208 1707/2108/1209 1693/2109/1204
f 1692/2104/1206 1695/2110/1210 1696/2111/1211 1694/2105/1207
f 1707/2108/1209 1699/2112/1201 1697/2098/1200 1706/2113/1212
f 1701/2097/1199 1702/2096/1198 1700/2100/1202 1699/2099/1201
f 1701/2114/1199 1710/2107/1208 1712/2115/1213 1703/2116/1196
f 1698/2101/1203 1705/2117/1214 1706/2113/1212 1697/2098/1200
f 1704/2118/1197 1711/2119/1215 1709/2120/1216 1702/2121/1198
f 1702/2121/1198 1709/2120/1216 1708/2122/1217 1700/2123/1202
f 1700/2123/1202 1708/2122/1217 1705/2117/1214 1698/2101/1203
f 1709/2120/1216 1692/2124/1206 1689/2125/1205 1708/2122/1217
f 1690/2126/1218 1689/2103/1205 1693/2102/1204 1691/2127/1219
f 1710/2107/1208 1694/2106/1207 1696/2128/1211 1712/2115/1213
f 1708/2122/1217 1689/2125/1205 1690/2126/1218 1705/2117/1214
f 1705/2117/1214 1690/2126/1218 1691/2127/1219 1706/2113/1212
f 1711/2119/1215 1695/2129/1210 1692/2124/1206 1709/2120/1216
f 1693/2109/1204 1707/2108/1209 1706/2113/1212 1691/2127/1219
f 1710/2107/1208 1701/2114/1199 1699/2112/1201 1707/2108/1209
o Cylinder.058_Cylinder.066
v -1.606100 0.144003 -1.609135
v -1.553386 0.126875 -1.609135
v -1.520808 0.082034 -1.609135
v -1.520808 0.026608 -1.609135
v -1.553386 -0.018233 -1.609135
v -1.606100 -0.035361 -1.609135
v -1.658813 -0.018233 -1.609135
v -1.691392 0.026608 -1.609135
v -1.691392 0.082034 -1.609135
v -1.658813 0.126875 -1.609135
v -1.606100 0.144003 -1.643939
v -1.553386 0.126875 -1.643939
v -1.520808 0.082034 -1.643939
v -1.520808 0.026608 -1.643939
v -1.553386 -0.018233 -1.643939
v -1.606100 -0.035361 -1.643939
v -1.658813 -0.018233 -1.643939
v -1.691392 0.026608 -1.643939
v -1.691392 0.082034 -1.643939
v -1.658813 0.126875 -1.643939
v 1.606100 0.144003 -1.609135
v 1.553387 0.126875 -1.609135
v 1.520808 0.082034 -1.609135
v 1.520808 0.026608 -1.609135
v 1.553387 -0.018233 -1.609135
v 1.606100 -0.035361 -1.609135
v 1.658814 -0.018233 -1.609135
v 1.691393 0.026608 -1.609135
v 1.691393 0.082034 -1.609135
v 1.658814 0.126875 -1.609135
v 1.606100 0.144003 -1.643939
v 1.553387 0.126875 -1.643939
v 1.520808 0.082034 -1.643939
v 1.520808 0.026608 -1.643939
v 1.553387 -0.018233 -1.643939
v 1.606100 -0.035361 -1.643939
v 1.658814 -0.018233 -1.643939
v 1.691393 0.026608 -1.643939
v 1.691393 0.082034 -1.643939
v 1.658814 0.126875 -1.643939
v -1.606100 0.144003 -1.715638
v -1.553386 0.126875 -1.715638
v -1.520808 0.082034 -1.715638
v -1.520808 0.026608 -1.715638
v -1.553386 -0.018233 -1.715638
v -1.606100 -0.035361 -1.715638
v -1.658813 -0.018233 -1.715638
v -1.691392 0.026608 -1.715638
v -1.691392 0.082034 -1.715638
v -1.658813 0.126875 -1.715638
v -1.606100 0.144003 -1.750443
v -1.553386 0.126875 -1.750443
v -1.520808 0.082034 -1.750443
v -1.520808 0.026608 -1.750443
v -1.553386 -0.018233 -1.750443
v -1.606100 -0.035361 -1.750443
v -1.658813 -0.018233 -1.750443
v -1.691392 0.026608 -1.750443
v -1.691392 0.082034 -1.750443
v -1.658813 0.126875 -1.750443
v 1.606100 0.144003 -1.715638
v 1.553387 0.126875 -1.715638
v 1.520808 0.082034 -1.715638
v 1.520808 0.026608 -1.715638
v 1.553387 -0.018233 -1.715638
v 1.606100 -0.035361 -1.715638
v 1.658814 -0.018233 -1.715638
v 1.691393 0.026608 -1.715638
v 1.691393 0.082034 -1.715638
v 1.658814 0.126875 -1.715638
v 1.606100 0.144003 -1.750443
v 1.553387 0.126875 -1.750443
v 1.520808 0.082034 -1.750443
v 1.520808 0.026608 -1.750443
v 1.553387 -0.018233 -1.750443
v 1.606100 -0.035361 -1.750443
v 1.658814 -0.018233 -1.750443
v 1.691393 0.026608 -1.750443
v 1.691393 0.082034 -1.750443
v 1.658814 0.126875 -1.750443
vt 1.000000 0.500000
vt 1.000000 1.000000
vt 0.900000 1.000000
vt 0.900000 0.500000
vt 0.800000 1.000000
vt 0.800000 0.500000
vt 0.700000 1.000000
vt 0.700000 0.500000
vt 0.600000 1.000000
vt 0.600000 0.500000
vt 0.500000 1.000000
vt 0.500000 0.500000
vt 0.400000 1.000000
vt 0.400000 0.500000
vt 0.300000 1.000000
vt 0.300000 0.500000
vt 0.391068 0.444164
vt 0.250000 0.490000
vt 0.108932 0.444164
vt 0.021746 0.324164
vt 0.021746 0.175836
vt 0.108932 0.055836
vt 0.250000 0.010000
vt 0.391068 0.055836
vt 0.478254 0.175836
vt 0.478254 0.324164
vt 0.200000 1.000000
vt 0.200000 0.500000
vt 0.100000 1.000000
vt 0.100000 0.500000
vt -0.000000 1.000000
vt -0.000000 0.500000
vt 0.750000 0.490000
vt 0.891068 0.444164
vt 0.978254 0.324164
vt 0.978254 0.175836
vt 0.891068 0.055836
vt 0.750000 0.010000
vt 0.608932 0.055836
vt 0.521746 0.175836
vt 0.521746 0.324164
vt 0.608932 0.444164
vt 1.000000 0.500000
vt 0.900000 0.500000
vt 0.900000 1.000000
vt 1.000000 1.000000
vt 0.800000 0.500000
vt 0.800000 1.000000
vt 0.700000 0.500000
vt 0.700000 1.000000
vt 0.600000 0.500000
vt 0.600000 1.000000
vt 0.500000 0.500000
vt 0.500000 1.000000
vt 0.400000 0.500000
vt 0.400000 1.000000
vt 0.300000 0.500000
vt 0.300000 1.000000
vt 0.391068 0.444164
vt 0.478254 0.324164
vt 0.478254 0.175836
vt 0.391068 0.055836
vt 0.250000 0.010000
vt 0.108932 0.055836
vt 0.021746 0.175836
vt 0.021746 0.324164
vt 0.108932 0.444164
vt 0.250000 0.490000
vt 0.200000 0.500000
vt 0.200000 1.000000
vt 0.100000 0.500000
vt 0.100000 1.000000
vt -0.000000 0.500000
vt -0.000000 1.000000
vt 0.750000 0.490000
vt 0.608932 0.444164
vt 0.521746 0.324164
vt 0.521746 0.175836
vt 0.608932 0.055836
vt 0.750000 0.010000
vt 0.891068 0.055836
vt 0.978254 0.175836
vt 0.978254 0.324164
vt 0.891068 0.444164
vt 1.000000 0.500000
vt 1.000000 1.000000
vt 0.900000 1.000000
vt 0.900000 0.500000
vt 0.800000 1.000000
vt 0.800000 0.500000
vt 0.700000 1.000000
vt 0.700000 0.500000
vt 0.600000 1.000000
vt 0.600000 0.500000
vt 0.500000 1.000000
vt 0.500000 0.500000
vt 0.400000 1.000000
vt 0.400000 0.500000
vt 0.300000 1.000000
vt 0.300000 0.500000
vt 0.391068 0.444164
vt 0.250000 0.490000
vt 0.108932 0.444164
vt 0.021746 0.324164
vt 0.021746 0.175836
vt 0.108932 0.055836
vt 0.250000 0.010000
vt 0.391068 0.055836
vt 0.478254 0.175836
vt 0.478254 0.324164
vt 0.200000 1.000000
vt 0.200000 0.500000
vt 0.100000 1.000000
vt 0.100000 0.500000
vt -0.000000 1.000000
vt -0.000000 0.500000
vt 0.750000 0.490000
vt 0.891068 0.444164
vt 0.978254 0.324164
vt 0.978254 0.175836
vt 0.891068 0.055836
vt 0.750000 0.010000
vt 0.608932 0.055836
vt 0.521746 0.175836
vt 0.521746 0.324164
vt 0.608932 0.444164
vt 1.000000 0.500000
vt 0.900000 0.500000
vt 0.900000 1.000000
vt 1.000000 1.000000
vt 0.800000 0.500000
vt 0.800000 1.000000
vt 0.700000 0.500000
vt 0.700000 1.000000
vt 0.600000 0.500000
vt 0.600000 1.000000
vt 0.500000 0.500000
vt 0.500000 1.000000
vt 0.400000 0.500000
vt 0.400000 1.000000
vt 0.300000 0.500000
vt 0.300000 1.000000
vt 0.391068 0.444164
vt 0.478254 0.324164
vt 0.478254 0.175836
vt 0.391068 0.055836
vt 0.250000 0.010000
vt 0.108932 0.055836
vt 0.021746 0.175836
vt 0.021746 0.324164
vt 0.108932 0.444164
vt 0.250000 0.490000
vt 0.200000 0.500000
vt 0.200000 1.000000
vt 0.100000 0.500000
vt 0.100000 1.000000
vt -0.000000 0.500000
vt -0.000000 1.000000
vt 0.750000 0.490000
vt 0.608932 0.444164
vt 0.521746 0.324164
vt 0.521746 0.175836
vt 0.608932 0.055836
vt 0.750000 0.010000
vt 0.891068 0.055836
vt 0.978254 0.175836
vt 0.978254 0.324164
vt 0.891068 0.444164
vn 0.0000 0.7653 -0.6437
vn 0.0000 0.7653 0.6437
vn 0.4498 0.6191 0.6437
vn 0.4498 0.6191 -0.6437
vn 0.7278 0.2365 0.6437
vn 0.7278 0.2365 -0.6437
vn 0.7278 -0.2365 0.6437
vn 0.7278 -0.2365 -0.6437
vn 0.4498 -0.6191 0.6437
vn 0.4498 -0.6191 -0.6437
vn 0.0000 -0.7653 0.6437
vn 0.0000 -0.7653 -0.6437
vn -0.4498 -0.6191 0.6437
vn -0.4498 -0.6191 -0.6437
vn -0.7278 -0.2365 0.6437
vn -0.7278 -0.2365 -0.6437
vn -0.4498 0.6191 0.6437
vn -0.7278 0.2365 0.6437
vn -0.7278 0.2365 -0.6437
vn -0.4498 0.6191 -0.6437
usemtl Gold
s 1
f 1723/2130/1220 1713/2131/1221 1714/2132/1222 1724/2133/1223
f 1724/2133/1223 1714/2132/1222 1715/2134/1224 1725/2135/1225
f 1725/2135/1225 1715/2134/1224 1716/2136/1226 1726/2137/1227
f 1726/2137/1227 1716/2136/1226 1717/2138/1228 1727/2139/1229
f 1727/2139/1229 1717/2138/1228 1718/2140/1230 1728/2141/1231
f 1728/2141/1231 1718/2140/1230 1719/2142/1232 1729/2143/1233
f 1729/2143/1233 1719/2142/1232 1720/2144/1234 1730/2145/1235
f 1714/2146/1222 1713/2147/1221 1722/2148/1236 1721/2149/1237 1720/2150/1234 1719/2151/1232 1718/2152/1230 1717/2153/1228 1716/2154/1226 1715/2155/1224
f 1730/2145/1235 1720/2144/1234 1721/2156/1237 1731/2157/1238
f 1731/2157/1238 1721/2156/1237 1722/2158/1236 1732/2159/1239
f 1732/2159/1239 1722/2158/1236 1713/2160/1221 1723/2161/1220
f 1723/2162/1220 1724/2163/1223 1725/2164/1225 1726/2165/1227 1727/2166/1229 1728/2167/1231 1729/2168/1233 1730/2169/1235 1731/2170/1238 1732/2171/1239
f 1743/2172/1220 1744/2173/1239 1734/2174/1236 1733/2175/1221
f 1744/2173/1239 1745/2176/1238 1735/2177/1237 1734/2174/1236
f 1745/2176/1238 1746/2178/1235 1736/2179/1234 1735/2177/1237
f 1746/2178/1235 1747/2180/1233 1737/2181/1232 1736/2179/1234
f 1747/2180/1233 1748/2182/1231 1738/2183/1230 1737/2181/1232
f 1748/2182/1231 1749/2184/1229 1739/2185/1228 1738/2183/1230
f 1749/2184/1229 1750/2186/1227 1740/2187/1226 1739/2185/1228
f 1734/2188/1236 1735/2189/1237 1736/2190/1234 1737/2191/1232 1738/2192/1230 1739/2193/1228 1740/2194/1226 1741/2195/1224 1742/2196/1222 1733/2197/1221
f 1750/2186/1227 1751/2198/1225 1741/2199/1224 1740/2187/1226
f 1751/2198/1225 1752/2200/1223 1742/2201/1222 1741/2199/1224
f 1752/2200/1223 1743/2202/1220 1733/2203/1221 1742/2201/1222
f 1743/2204/1220 1752/2205/1223 1751/2206/1225 1750/2207/1227 1749/2208/1229 1748/2209/1231 1747/2210/1233 1746/2211/1235 1745/2212/1238 1744/2213/1239
f 1763/2214/1220 1753/2215/1221 1754/2216/1222 1764/2217/1223
f 1764/2217/1223 1754/2216/1222 1755/2218/1224 1765/2219/1225
f 1765/2219/1225 1755/2218/1224 1756/2220/1226 1766/2221/1227
f 1766/2221/1227 1756/2220/1226 1757/2222/1228 1767/2223/1229
f 1767/2223/1229 1757/2222/1228 1758/2224/1230 1768/2225/1231
f 1768/2225/1231 1758/2224/1230 1759/2226/1232 1769/2227/1233
f 1769/2227/1233 1759/2226/1232 1760/2228/1234 1770/2229/1235
f 1754/2230/1222 1753/2231/1221 1762/2232/1236 1761/2233/1237 1760/2234/1234 1759/2235/1232 1758/2236/1230 1757/2237/1228 1756/2238/1226 1755/2239/1224
f 1770/2229/1235 1760/2228/1234 1761/2240/1237 1771/2241/1238
f 1771/2241/1238 1761/2240/1237 1762/2242/1236 1772/2243/1239
f 1772/2243/1239 1762/2242/1236 1753/2244/1221 1763/2245/1220
f 1763/2246/1220 1764/2247/1223 1765/2248/1225 1766/2249/1227 1767/2250/1229 1768/2251/1231 1769/2252/1233 1770/2253/1235 1771/2254/1238 1772/2255/1239
f 1783/2256/1220 1784/2257/1239 1774/2258/1236 1773/2259/1221
f 1784/2257/1239 1785/2260/1238 1775/2261/1237 1774/2258/1236
f 1785/2260/1238 1786/2262/1235 1776/2263/1234 1775/2261/1237
f 1786/2262/1235 1787/2264/1233 1777/2265/1232 1776/2263/1234
f 1787/2264/1233 1788/2266/1231 1778/2267/1230 1777/2265/1232
f 1788/2266/1231 1789/2268/1229 1779/2269/1228 1778/2267/1230
f 1789/2268/1229 1790/2270/1227 1780/2271/1226 1779/2269/1228
f 1774/2272/1236 1775/2273/1237 1776/2274/1234 1777/2275/1232 1778/2276/1230 1779/2277/1228 1780/2278/1226 1781/2279/1224 1782/2280/1222 1773/2281/1221
f 1790/2270/1227 1791/2282/1225 1781/2283/1224 1780/2271/1226
f 1791/2282/1225 1792/2284/1223 1782/2285/1222 1781/2283/1224
f 1792/2284/1223 1783/2286/1220 1773/2287/1221 1782/2285/1222
f 1783/2288/1220 1792/2289/1223 1791/2290/1225 1790/2291/1227 1789/2292/1229 1788/2293/1231 1787/2294/1233 1786/2295/1235 1785/2296/1238 1784/2297/1239
o Cube.026_Cube.017
v 1.506645 -0.211656 -2.121389
v 1.506645 -0.152482 -2.121389
v 1.506645 -0.211656 -4.262480
v 1.506645 -0.152482 -4.262480
v 1.693374 -0.211656 -2.121389
v 1.693374 -0.152482 -2.121389
v 1.693374 -0.211656 -4.262480
v 1.693374 -0.152482 -4.262480
v 1.631131 -0.198537 -4.363564
v 1.568888 -0.198537 -4.363564
v 1.568888 -0.152482 -4.363564
v 1.631131 -0.152482 -4.363564
v 1.568888 -0.211656 -2.040933
v 1.631131 -0.211656 -2.040933
v 1.631131 -0.152482 -2.040933
v 1.568888 -0.152482 -2.040933
v -1.506644 -0.211656 -2.121389
v -1.506644 -0.152482 -2.121389
v -1.506644 -0.211656 -4.262480
v -1.506644 -0.152482 -4.262480
v -1.693374 -0.211656 -2.121389
v -1.693374 -0.152482 -2.121389
v -1.693374 -0.211656 -4.262480
v -1.693374 -0.152482 -4.262480
v -1.631130 -0.198537 -4.363564
v -1.568888 -0.198537 -4.363564
v -1.568888 -0.152482 -4.363564
v -1.631130 -0.152482 -4.363564
v -1.568888 -0.211656 -2.040933
v -1.631130 -0.211656 -2.040933
v -1.631130 -0.152482 -2.040933
v -1.568888 -0.152482 -2.040933
v 1.506645 0.320298 -2.121390
v 1.506645 0.261124 -2.121390
v 1.506645 0.320298 -4.262480
v 1.506645 0.261124 -4.262480
v 1.693374 0.320298 -2.121390
v 1.693374 0.261124 -2.121390
v 1.693374 0.320298 -4.262480
v 1.693374 0.261124 -4.262480
v 1.631131 0.307179 -4.363564
v 1.568888 0.307179 -4.363564
v 1.568888 0.261124 -4.363564
v 1.631131 0.261124 -4.363564
v 1.568888 0.320298 -2.040933
v 1.631131 0.320298 -2.040933
v 1.631131 0.261124 -2.040933
v 1.568888 0.261124 -2.040933
v -1.506644 0.320298 -2.121390
v -1.506644 0.261124 -2.121390
v -1.506644 0.320298 -4.262480
v -1.506644 0.261124 -4.262480
v -1.693373 0.320298 -2.121390
v -1.693373 0.261124 -2.121390
v -1.693373 0.320298 -4.262480
v -1.693373 0.261124 -4.262480
v -1.631130 0.307179 -4.363564
v -1.568887 0.307179 -4.363564
v -1.568887 0.261124 -4.363564
v -1.631130 0.261124 -4.363564
v -1.568887 0.320298 -2.040933
v -1.631130 0.320298 -2.040933
v -1.631130 0.261124 -2.040933
v -1.568887 0.261124 -2.040933
vt 0.531973 0.250000
vt 0.625000 0.250000
vt 0.625000 0.333333
vt 0.531973 0.333333
vt 0.531973 0.750000
vt 0.625000 0.750000
vt 0.625000 0.833333
vt 0.531973 0.833333
vt 0.531973 0.416667
vt 0.625000 0.416667
vt 0.625000 0.500000
vt 0.531973 0.500000
vt 0.531973 0.916667
vt 0.625000 0.916667
vt 0.625000 1.000000
vt 0.531973 1.000000
vt 0.708333 0.750000
vt 0.708333 0.500000
vt 0.875000 0.500000
vt 0.875000 0.750000
vt 0.791667 0.750000
vt 0.791667 0.500000
vt 0.531973 0.250000
vt 0.531973 0.333333
vt 0.625000 0.333333
vt 0.625000 0.250000
vt 0.531973 0.750000
vt 0.531973 0.833333
vt 0.625000 0.833333
vt 0.625000 0.750000
vt 0.531973 0.416667
vt 0.531973 0.500000
vt 0.625000 0.500000
vt 0.625000 0.416667
vt 0.531973 0.916667
vt 0.531973 1.000000
vt 0.625000 1.000000
vt 0.625000 0.916667
vt 0.708333 0.750000
vt 0.708333 0.500000
vt 0.875000 0.500000
vt 0.791667 0.500000
vt 0.791667 0.750000
vt 0.875000 0.750000
vt 0.531973 0.250000
vt 0.531973 0.333333
vt 0.625000 0.333333
vt 0.625000 0.250000
vt 0.531973 0.750000
vt 0.531973 0.833333
vt 0.625000 0.833333
vt 0.625000 0.750000
vt 0.531973 0.416667
vt 0.531973 0.500000
vt 0.625000 0.500000
vt 0.625000 0.416667
vt 0.531973 0.916667
vt 0.531973 1.000000
vt 0.625000 1.000000
vt 0.625000 0.916667
vt 0.708333 0.750000
vt 0.708333 0.500000
vt 0.875000 0.500000
vt 0.791667 0.500000
vt 0.791667 0.750000
vt 0.875000 0.750000
vt 0.531973 0.250000
vt 0.625000 0.250000
vt 0.625000 0.333333
vt 0.531973 0.333333
vt 0.531973 0.750000
vt 0.625000 0.750000
vt 0.625000 0.833333
vt 0.531973 0.833333
vt 0.531973 0.416667
vt 0.625000 0.416667
vt 0.625000 0.500000
vt 0.531973 0.500000
vt 0.531973 0.916667
vt 0.625000 0.916667
vt 0.625000 1.000000
vt 0.531973 1.000000
vt 0.708333 0.750000
vt 0.708333 0.500000
vt 0.875000 0.500000
vt 0.875000 0.750000
vt 0.791667 0.750000
vt 0.791667 0.500000
vt 0.531973 0.000000
vt 0.625000 0.000000
vt 0.625000 0.000000
vt 0.531973 0.000000
vt 0.625000 0.000000
vt 0.531973 0.000000
vt 0.531973 0.000000
vt 0.625000 0.000000
vn -0.8515 0.0000 -0.5243
vn 0.7909 0.0000 0.6119
vn 0.8515 0.0000 -0.5243
vn -0.7909 0.0000 0.6119
vn 0.0000 1.0000 0.0000
vn 0.0000 -1.0000 0.0000
vn 1.0000 0.0000 0.0000
vn 0.0000 0.0000 1.0000
vn 0.0000 0.0000 -1.0000
vn -1.0000 0.0000 0.0000
usemtl LightGray
s off
f 1795/2298/1240 1796/2299/1240 1803/2300/1240 1802/2301/1240
f 1797/2302/1241 1798/2303/1241 1807/2304/1241 1806/2305/1241
f 1801/2306/1242 1804/2307/1242 1800/2308/1242 1799/2309/1242
f 1805/2310/1243 1808/2311/1243 1794/2312/1243 1793/2313/1243
f 1807/2314/1244 1798/2303/1244 1800/2308/1244 1804/2315/1244
f 1796/2316/1244 1794/2317/1244 1808/2318/1244 1803/2319/1244
f 1803/2319/1244 1808/2318/1244 1807/2314/1244 1804/2315/1244
f 1811/2320/1242 1818/2321/1242 1819/2322/1242 1812/2323/1242
f 1813/2324/1243 1822/2325/1243 1823/2326/1243 1814/2327/1243
f 1817/2328/1240 1815/2329/1240 1816/2330/1240 1820/2331/1240
f 1821/2332/1241 1809/2333/1241 1810/2334/1241 1824/2335/1241
f 1823/2336/1244 1820/2337/1244 1816/2330/1244 1814/2327/1244
f 1812/2338/1244 1819/2339/1244 1824/2340/1244 1810/2341/1244
f 1819/2339/1244 1820/2337/1244 1823/2336/1244 1824/2340/1244
f 1827/2342/1240 1834/2343/1240 1835/2344/1240 1828/2345/1240
f 1829/2346/1241 1838/2347/1241 1839/2348/1241 1830/2349/1241
f 1833/2350/1242 1831/2351/1242 1832/2352/1242 1836/2353/1242
f 1837/2354/1243 1825/2355/1243 1826/2356/1243 1840/2357/1243
f 1839/2358/1245 1836/2359/1245 1832/2352/1245 1830/2349/1245
f 1828/2360/1245 1835/2361/1245 1840/2362/1245 1826/2363/1245
f 1835/2361/1245 1836/2359/1245 1839/2358/1245 1840/2362/1245
f 1843/2364/1242 1844/2365/1242 1851/2366/1242 1850/2367/1242
f 1845/2368/1243 1846/2369/1243 1855/2370/1243 1854/2371/1243
f 1849/2372/1240 1852/2373/1240 1848/2374/1240 1847/2375/1240
f 1853/2376/1241 1856/2377/1241 1842/2378/1241 1841/2379/1241
f 1855/2380/1245 1846/2369/1245 1848/2374/1245 1852/2381/1245
f 1844/2382/1245 1842/2383/1245 1856/2384/1245 1851/2385/1245
f 1851/2385/1245 1856/2384/1245 1855/2380/1245 1852/2381/1245
usemtl DarkGray
f 1798/2303/1246 1797/2302/1246 1799/2309/1246 1800/2308/1246
f 1806/2305/1247 1807/2304/1247 1808/2311/1247 1805/2310/1247
f 1804/2307/1248 1801/2306/1248 1802/2301/1248 1803/2300/1248
f 1795/2298/1249 1793/2386/1249 1794/2387/1249 1796/2299/1249
f 1814/2327/1249 1816/2330/1249 1815/2329/1249 1813/2324/1249
f 1822/2325/1247 1821/2332/1247 1824/2335/1247 1823/2326/1247
f 1820/2331/1248 1819/2322/1248 1818/2321/1248 1817/2328/1248
f 1811/2320/1246 1812/2323/1246 1810/2388/1246 1809/2389/1246
f 1830/2349/1246 1832/2352/1246 1831/2351/1246 1829/2346/1246
f 1838/2347/1247 1837/2354/1247 1840/2357/1247 1839/2348/1247
f 1836/2353/1248 1835/2344/1248 1834/2343/1248 1833/2350/1248
f 1827/2342/1249 1828/2345/1249 1826/2390/1249 1825/2391/1249
f 1846/2369/1249 1845/2368/1249 1847/2375/1249 1848/2374/1249
f 1854/2371/1247 1855/2370/1247 1856/2377/1247 1853/2376/1247
f 1852/2373/1248 1849/2372/1248 1850/2367/1248 1851/2366/1248
f 1843/2364/1246 1841/2392/1246 1842/2393/1246 1844/2365/1246
o Cylinder.060_Cylinder.070
v 1.637230 0.168888 -2.176461
v 1.697462 0.125130 -2.176461
v 1.502551 0.125123 -2.176461
v 1.562780 0.168885 -2.176461
v 1.630074 0.187609 -2.171054
v 1.713387 0.136701 -2.176461
v 1.486626 0.136692 -2.176461
v 1.569934 0.187607 -2.171054
v 1.637230 0.168888 -2.105778
v 1.697462 0.125130 -2.105778
v 1.502551 0.125123 -2.105778
v 1.562780 0.168885 -2.105778
v 1.630074 0.187609 -2.111186
v 1.713387 0.136701 -2.105778
v 1.486626 0.136692 -2.105778
v 1.569934 0.187607 -2.111186
v 1.556697 0.187606 -2.176461
v 1.643312 0.187609 -2.176461
v 1.556697 0.187606 -2.105778
v 1.643312 0.187609 -2.105778
v 1.550718 0.276829 -2.177228
v 1.649282 0.276832 -2.177228
v 1.550718 0.276829 -2.105011
v 1.649282 0.276832 -2.105011
v 1.569933 0.244367 -2.111186
v 1.569933 0.244367 -2.171054
v 1.630072 0.244370 -2.111186
v 1.630072 0.244370 -2.171054
v 1.550721 0.248909 -2.105011
v 1.649284 0.248912 -2.105011
v 1.550721 0.248909 -2.177228
v 1.649284 0.248912 -2.177228
v 1.585568 0.187607 -2.176461
v 1.614440 0.187608 -2.176461
v 1.587597 0.168886 -2.176461
v 1.612413 0.168887 -2.176461
v 1.585568 0.187607 -2.105778
v 1.614440 0.187608 -2.105778
v 1.587597 0.168886 -2.105778
v 1.612413 0.168887 -2.105778
v 1.589981 0.187607 -2.171054
v 1.610027 0.187608 -2.171054
v 1.589981 0.187607 -2.111186
v 1.610027 0.187608 -2.111186
v 1.583573 0.276830 -2.205208
v 1.616427 0.276831 -2.205208
v 1.583573 0.276830 -2.078814
v 1.616427 0.276831 -2.078814
v 1.589979 0.244368 -2.171054
v 1.610026 0.244369 -2.171054
v 1.610026 0.244369 -2.111186
v 1.589979 0.244368 -2.111186
v 1.583575 0.248910 -2.205208
v 1.616430 0.248911 -2.205208
v 1.616430 0.248911 -2.078814
v 1.583575 0.248910 -2.078814
v 1.637230 -0.060246 -2.176461
v 1.697462 -0.016488 -2.176461
v 1.720471 0.054321 -2.176461
v 1.479548 0.054321 -2.176461
v 1.502551 -0.016481 -2.176461
v 1.562780 -0.060243 -2.176461
v 1.630074 -0.078967 -2.171054
v 1.713387 -0.028059 -2.176461
v 1.740155 0.054321 -2.176461
v 1.459863 0.054321 -2.176461
v 1.486626 -0.028050 -2.176461
v 1.569934 -0.078965 -2.171054
v 1.637230 -0.060246 -2.105778
v 1.697462 -0.016488 -2.105778
v 1.720471 0.054321 -2.105778
v 1.479548 0.054321 -2.105778
v 1.502551 -0.016481 -2.105778
v 1.562780 -0.060243 -2.105778
v 1.630074 -0.078967 -2.111186
v 1.713387 -0.028059 -2.105778
v 1.740155 0.054321 -2.105778
v 1.459863 0.054321 -2.105778
v 1.486626 -0.028050 -2.105778
v 1.569934 -0.078965 -2.111186
v 1.556697 -0.078964 -2.176461
v 1.643312 -0.078967 -2.176461
v 1.556697 -0.078964 -2.105778
v 1.643312 -0.078967 -2.105778
v 1.550718 -0.168187 -2.177228
v 1.649282 -0.168190 -2.177228
v 1.550718 -0.168187 -2.105011
v 1.649282 -0.168190 -2.105011
v 1.569933 -0.135725 -2.111186
v 1.569933 -0.135725 -2.171054
v 1.630072 -0.135728 -2.111186
v 1.630072 -0.135728 -2.171054
v 1.550721 -0.140267 -2.105011
v 1.649284 -0.140270 -2.105011
v 1.550721 -0.140267 -2.177228
v 1.649284 -0.140270 -2.177228
v 1.585568 -0.078965 -2.176461
v 1.614440 -0.078966 -2.176461
v 1.587597 -0.060244 -2.176461
v 1.612413 -0.060245 -2.176461
v 1.585568 -0.078965 -2.105778
v 1.614440 -0.078966 -2.105778
v 1.587597 -0.060244 -2.105778
v 1.612413 -0.060245 -2.105778
v 1.589981 -0.078965 -2.171054
v 1.610027 -0.078966 -2.171054
v 1.589981 -0.078965 -2.111186
v 1.610027 -0.078966 -2.111186
v 1.583573 -0.168188 -2.205208
v 1.616427 -0.168189 -2.205208
v 1.583573 -0.168188 -2.078814
v 1.616427 -0.168189 -2.078814
v 1.589979 -0.135726 -2.171054
v 1.610026 -0.135727 -2.171054
v 1.610026 -0.135727 -2.111186
v 1.589979 -0.135726 -2.111186
v 1.583575 -0.140268 -2.205208
v 1.616430 -0.140269 -2.205208
v 1.616430 -0.140269 -2.078814
v 1.583575 -0.140268 -2.078814
v -1.637230 0.168888 -2.176461
v -1.697462 0.125130 -2.176461
v -1.502551 0.125123 -2.176461
v -1.562780 0.168885 -2.176461
v -1.630074 0.187609 -2.171054
v -1.713387 0.136701 -2.176461
v -1.486625 0.136692 -2.176461
v -1.569935 0.187607 -2.171054
v -1.637230 0.168888 -2.105778
v -1.697462 0.125130 -2.105778
v -1.502551 0.125123 -2.105778
v -1.562780 0.168885 -2.105778
v -1.630074 0.187609 -2.111186
v -1.713387 0.136701 -2.105778
v -1.486625 0.136692 -2.105778
v -1.569935 0.187607 -2.111186
v -1.556697 0.187606 -2.176461
v -1.643312 0.187609 -2.176461
v -1.556697 0.187606 -2.105778
v -1.643312 0.187609 -2.105778
v -1.550718 0.276829 -2.177228
v -1.649282 0.276832 -2.177228
v -1.550718 0.276829 -2.105011
v -1.649282 0.276832 -2.105011
v -1.569933 0.244367 -2.111186
v -1.569933 0.244367 -2.171054
v -1.630072 0.244370 -2.111186
v -1.630072 0.244370 -2.171054
v -1.550721 0.248909 -2.105011
v -1.649284 0.248912 -2.105011
v -1.550721 0.248909 -2.177228
v -1.649284 0.248912 -2.177228
v -1.585568 0.187607 -2.176461
v -1.614440 0.187608 -2.176461
v -1.587597 0.168886 -2.176461
v -1.612413 0.168887 -2.176461
v -1.585568 0.187607 -2.105778
v -1.614440 0.187608 -2.105778
v -1.587597 0.168886 -2.105778
v -1.612413 0.168887 -2.105778
v -1.589981 0.187607 -2.171054
v -1.610027 0.187608 -2.171054
v -1.589981 0.187607 -2.111186
v -1.610027 0.187608 -2.111186
v -1.583573 0.276830 -2.205208
v -1.616427 0.276831 -2.205208
v -1.583573 0.276830 -2.078814
v -1.616427 0.276831 -2.078814
v -1.589979 0.244368 -2.171054
v -1.610026 0.244369 -2.171054
v -1.610026 0.244369 -2.111186
v -1.589979 0.244368 -2.111186
v -1.583575 0.248910 -2.205208
v -1.616430 0.248911 -2.205208
v -1.616430 0.248911 -2.078814
v -1.583575 0.248910 -2.078814
v -1.637230 -0.060246 -2.176461
v -1.697462 -0.016488 -2.176461
v -1.720471 0.054321 -2.176461
v -1.479548 0.054321 -2.176461
v -1.502551 -0.016481 -2.176461
v -1.562780 -0.060243 -2.176461
v -1.630074 -0.078967 -2.171054
v -1.713387 -0.028059 -2.176461
v -1.740155 0.054321 -2.176461
v -1.459863 0.054321 -2.176461
v -1.486625 -0.028050 -2.176461
v -1.569935 -0.078965 -2.171054
v -1.637230 -0.060246 -2.105778
v -1.697462 -0.016488 -2.105778
v -1.720471 0.054321 -2.105778
v -1.479548 0.054321 -2.105778
v -1.502551 -0.016481 -2.105778
v -1.562780 -0.060243 -2.105778
v -1.630074 -0.078967 -2.111186
v -1.713387 -0.028059 -2.105778
v -1.740155 0.054321 -2.105778
v -1.459863 0.054321 -2.105778
v -1.486625 -0.028050 -2.105778
v -1.569935 -0.078965 -2.111186
v -1.556697 -0.078964 -2.176461
v -1.643312 -0.078967 -2.176461
v -1.556697 -0.078964 -2.105778
v -1.643312 -0.078967 -2.105778
v -1.550718 -0.168187 -2.177228
v -1.649282 -0.168190 -2.177228
v -1.550718 -0.168187 -2.105011
v -1.649282 -0.168190 -2.105011
v -1.569933 -0.135725 -2.111186
v -1.569933 -0.135725 -2.171054
v -1.630072 -0.135728 -2.111186
v -1.630072 -0.135728 -2.171054
v -1.550721 -0.140267 -2.105011
v -1.649284 -0.140270 -2.105011
v -1.550721 -0.140267 -2.177228
v -1.649284 -0.140270 -2.177228
v -1.585568 -0.078965 -2.176461
v -1.614440 -0.078966 -2.176461
v -1.587597 -0.060244 -2.176461
v -1.612413 -0.060245 -2.176461
v -1.585568 -0.078965 -2.105778
v -1.614440 -0.078966 -2.105778
v -1.587597 -0.060244 -2.105778
v -1.612413 -0.060245 -2.105778
v -1.589981 -0.078965 -2.171054
v -1.610027 -0.078966 -2.171054
v -1.589981 -0.078965 -2.111186
v -1.610027 -0.078966 -2.111186
v -1.583573 -0.168188 -2.205208
v -1.616427 -0.168189 -2.205208
v -1.583573 -0.168188 -2.078814
v -1.616427 -0.168189 -2.078814
v -1.589979 -0.135726 -2.171054
v -1.610026 -0.135727 -2.171054
v -1.610026 -0.135727 -2.111186
v -1.589979 -0.135726 -2.111186
v -1.583575 -0.140268 -2.205208
v -1.616430 -0.140269 -2.205208
v -1.616430 -0.140269 -2.078814
v -1.583575 -0.140268 -2.078814
vt 0.100000 0.500000
vt 0.100000 0.500000
vt 0.200000 0.500000
vt 0.200000 0.500000
vt 0.300000 0.500000
vt 0.300000 0.500000
vt 0.800000 0.500000
vt 0.800000 0.500000
vt 0.900000 0.500000
vt 0.900000 0.500000
vt 0.817678 0.343151
vt 0.750000 0.365141
vt 0.750000 0.490000
vt 0.891068 0.444164
vt 0.859505 0.285580
vt 0.978254 0.324164
vt 0.640495 0.285580
vt 0.640495 0.214420
vt 0.521746 0.175836
vt 0.521746 0.324164
vt 0.682322 0.343151
vt 0.608932 0.444164
vt 0.817678 0.343151
vt 0.891068 0.444164
vt 0.750000 0.490000
vt 0.750000 0.365141
vt 0.859505 0.285580
vt 0.978254 0.324164
vt 0.640495 0.285580
vt 0.521746 0.324164
vt 0.521746 0.175836
vt 0.640495 0.214420
vt 0.682322 0.343151
vt 0.608932 0.444164
vt 0.037365 0.500000
vt 0.012096 0.500000
vt -0.000000 0.500000
vt 0.033333 0.500000
vt 1.000000 0.500000
vt 1.000000 0.500000
vt 0.062635 0.500000
vt 0.087904 0.500000
vt 0.066667 0.500000
vt 0.087904 0.500000
vt 0.037365 0.500000
vt 0.012096 0.500000
vt 0.012096 0.500000
vt 0.037365 0.500000
vt 0.062635 0.500000
vt 0.087904 0.500000
vt 0.087904 0.500000
vt 0.062635 0.500000
vt 0.012096 0.500000
vt 0.037365 0.500000
vt 0.012096 0.500000
vt 0.087904 0.500000
vt 0.062635 0.500000
vt 0.062635 0.500000
vt 0.087904 0.500000
vt 0.062635 0.500000
vt 0.037365 0.500000
vt 0.037365 0.500000
vt 0.037365 0.500000
vt 0.012096 0.500000
vt 0.037365 0.500000
vt 0.087904 0.500000
vt 0.062635 0.500000
vt 0.062635 0.500000
vt 0.087904 0.500000
vt 0.012096 0.500000
vt 0.033333 0.500000
vt -0.000000 0.500000
vt 0.066667 0.500000
vt 0.704881 0.350481
vt 0.655954 0.459443
vt 0.702977 0.474721
vt 0.727441 0.357811
vt 0.704881 0.350481
vt 0.655954 0.459443
vt 0.727441 0.357811
vt 0.702977 0.474721
vt 0.200000 0.500000
vt 0.200000 0.500000
vt 0.100000 0.500000
vt 0.100000 0.500000
vt 0.900000 0.500000
vt 0.900000 0.500000
vt 0.817678 0.343151
vt 0.891068 0.444164
vt 0.750000 0.490000
vt 0.750000 0.365141
vt 0.640495 0.285580
vt 0.521746 0.324164
vt 0.682322 0.343151
vt 0.608932 0.444164
vt 0.817678 0.343151
vt 0.750000 0.365141
vt 0.750000 0.490000
vt 0.891068 0.444164
vt 0.640495 0.285580
vt 0.521746 0.324164
vt 0.682322 0.343151
vt 0.608932 0.444164
vt 0.037365 0.500000
vt 0.033333 0.500000
vt -0.000000 0.500000
vt 0.012096 0.500000
vt 1.000000 0.500000
vt 1.000000 0.500000
vt 0.062635 0.500000
vt 0.066667 0.500000
vt 0.087904 0.500000
vt 0.087904 0.500000
vt 0.037365 0.500000
vt 0.037365 0.500000
vt 0.012096 0.500000
vt 0.012096 0.500000
vt 0.062635 0.500000
vt 0.062635 0.500000
vt 0.087904 0.500000
vt 0.087904 0.500000
vt 0.012096 0.500000
vt 0.012096 0.500000
vt 0.012096 0.500000
vt 0.012096 0.500000
vt 0.012096 0.500000
vt 0.037365 0.500000
vt 0.037365 0.500000
vt 0.087904 0.500000
vt 0.087904 0.500000
vt 0.062635 0.500000
vt 0.062635 0.500000
vt 0.037365 0.500000
vt 0.062635 0.500000
vt 0.062635 0.500000
vt -0.000000 0.500000
vt 0.033333 0.500000
vt 0.037365 0.500000
vt 0.066667 0.500000
vt 0.704881 0.350481
vt 0.655954 0.459443
vt 0.727441 0.357811
vt 0.702977 0.474721
vt 0.704881 0.350481
vt 0.655954 0.459443
vt 0.702977 0.474721
vt 0.727441 0.357811
vt 0.012096 0.500000
vt 0.037365 0.500000
vt 0.062635 0.500000
vt 0.087904 0.500000
vt 0.087904 0.500000
vt 0.100000 0.500000
vt 0.200000 0.500000
vt 0.200000 0.500000
vt 0.100000 0.500000
vt 0.300000 0.500000
vt 0.300000 0.500000
vt 0.800000 0.500000
vt 0.900000 0.500000
vt 0.900000 0.500000
vt 0.800000 0.500000
vt 0.817678 0.343151
vt 0.891068 0.444164
vt 0.750000 0.490000
vt 0.750000 0.365141
vt 0.859505 0.285580
vt 0.978254 0.324164
vt 0.640495 0.285580
vt 0.521746 0.324164
vt 0.521746 0.175836
vt 0.640495 0.214420
vt 0.682322 0.343151
vt 0.608932 0.444164
vt 0.817678 0.343151
vt 0.750000 0.365141
vt 0.750000 0.490000
vt 0.891068 0.444164
vt 0.859505 0.285580
vt 0.978254 0.324164
vt 0.640495 0.285580
vt 0.640495 0.214420
vt 0.521746 0.175836
vt 0.521746 0.324164
vt 0.682322 0.343151
vt 0.608932 0.444164
vt 0.037365 0.500000
vt 0.033333 0.500000
vt -0.000000 0.500000
vt 0.012096 0.500000
vt 1.000000 0.500000
vt 1.000000 0.500000
vt 0.062635 0.500000
vt 0.066667 0.500000
vt 0.087904 0.500000
vt 0.087904 0.500000
vt 0.037365 0.500000
vt 0.037365 0.500000
vt 0.012096 0.500000
vt 0.012096 0.500000
vt 0.062635 0.500000
vt 0.062635 0.500000
vt 0.087904 0.500000
vt 0.087904 0.500000
vt 0.037365 0.500000
vt 0.012096 0.500000
vt 0.012096 0.500000
vt 0.062635 0.500000
vt 0.062635 0.500000
vt 0.087904 0.500000
vt 0.087904 0.500000
vt 0.062635 0.500000
vt 0.037365 0.500000
vt 0.037365 0.500000
vt 0.012096 0.500000
vt 0.037365 0.500000
vt 0.037365 0.500000
vt 0.087904 0.500000
vt 0.087904 0.500000
vt 0.062635 0.500000
vt 0.062635 0.500000
vt 0.012096 0.500000
vt -0.000000 0.500000
vt 0.033333 0.500000
vt 0.066667 0.500000
vt 0.704881 0.350481
vt 0.655954 0.459443
vt 0.727441 0.357811
vt 0.702977 0.474721
vt 0.704881 0.350481
vt 0.655954 0.459443
vt 0.702977 0.474721
vt 0.727441 0.357811
vt 0.200000 0.500000
vt 0.100000 0.500000
vt 0.100000 0.500000
vt 0.200000 0.500000
vt 0.900000 0.500000
vt 0.900000 0.500000
vt 0.817678 0.343151
vt 0.750000 0.365141
vt 0.750000 0.490000
vt 0.891068 0.444164
vt 0.640495 0.285580
vt 0.521746 0.324164
vt 0.682322 0.343151
vt 0.608932 0.444164
vt 0.817678 0.343151
vt 0.891068 0.444164
vt 0.750000 0.490000
vt 0.750000 0.365141
vt 0.640495 0.285580
vt 0.521746 0.324164
vt 0.682322 0.343151
vt 0.608932 0.444164
vt 0.037365 0.500000
vt 0.012096 0.500000
vt -0.000000 0.500000
vt 0.033333 0.500000
vt 1.000000 0.500000
vt 1.000000 0.500000
vt 0.062635 0.500000
vt 0.087904 0.500000
vt 0.066667 0.500000
vt 0.087904 0.500000
vt 0.037365 0.500000
vt 0.012096 0.500000
vt 0.012096 0.500000
vt 0.037365 0.500000
vt 0.062635 0.500000
vt 0.087904 0.500000
vt 0.087904 0.500000
vt 0.062635 0.500000
vt 0.012096 0.500000
vt 0.012096 0.500000
vt 0.012096 0.500000
vt 0.012096 0.500000
vt 0.037365 0.500000
vt 0.037365 0.500000
vt 0.012096 0.500000
vt 0.087904 0.500000
vt 0.062635 0.500000
vt 0.062635 0.500000
vt 0.087904 0.500000
vt 0.062635 0.500000
vt 0.062635 0.500000
vt 0.037365 0.500000
vt 0.037365 0.500000
vt 0.033333 0.500000
vt -0.000000 0.500000
vt 0.066667 0.500000
vt 0.704881 0.350481
vt 0.655954 0.459443
vt 0.702977 0.474721
vt 0.727441 0.357811
vt 0.704881 0.350481
vt 0.655954 0.459443
vt 0.727441 0.357811
vt 0.702977 0.474721
vt 0.012096 0.500000
vt 0.037365 0.500000
vt 0.062635 0.500000
vt 0.087904 0.500000
vt 0.087904 0.500000
vn -0.2365 0.7278 0.6437
vn -0.2365 0.7278 -0.6437
vn -0.6191 0.4498 -0.6437
vn -0.6191 0.4498 0.6437
vn -0.7653 0.0000 -0.6437
vn -0.7653 0.0000 0.6437
vn 0.7653 0.0000 0.6437
vn 0.7653 0.0000 -0.6437
vn 0.6191 0.4498 -0.6437
vn 0.6191 0.4498 0.6437
vn -0.5025 -0.3651 -0.7837
vn -0.1919 -0.5907 -0.7837
vn 0.2364 0.7278 -0.6437
vn -0.6211 0.0000 -0.7837
vn 0.5025 -0.3651 -0.7837
vn 0.6211 0.0000 -0.7837
vn 0.1920 -0.5907 -0.7837
vn -0.5025 -0.3651 0.7837
vn 0.2364 0.7278 0.6437
vn -0.1919 -0.5907 0.7837
vn -0.6211 0.0000 0.7837
vn 0.5025 -0.3651 0.7837
vn 0.6211 0.0000 0.7837
vn 0.1920 -0.5907 0.7837
vn 0.0000 0.7071 -0.7071
vn 0.3015 0.9045 -0.3015
vn 0.0000 0.7071 0.7071
vn -0.3015 0.9045 0.3015
vn -0.3015 0.9045 -0.3015
vn 0.2587 -0.5880 0.7664
vn 0.7450 -0.5636 0.3568
vn 0.7060 0.6213 0.3400
vn 0.2538 0.6398 0.7254
vn -0.2709 -0.5882 -0.7620
vn -0.7488 -0.5663 -0.3444
vn -0.7096 0.6237 -0.3277
vn -0.2663 0.6370 -0.7234
vn 0.7095 0.6238 -0.3277
vn 0.2662 0.6370 -0.7234
vn 0.7488 -0.5662 -0.3444
vn -0.4115 -0.8320 -0.3720
vn -0.0255 -0.6522 -0.7576
vn -0.4104 -0.8308 0.3759
vn -0.0248 -0.6494 0.7600
vn 0.0249 -0.6494 0.7600
vn 0.0255 -0.6522 -0.7576
vn 0.4115 -0.8320 -0.3720
vn 0.2709 -0.5882 -0.7620
vn -0.7450 -0.5636 0.3568
vn -0.2586 -0.5880 0.7664
vn -0.2538 0.6398 0.7254
vn -0.7060 0.6212 0.3400
vn 0.3015 0.9045 0.3015
vn 0.0000 -0.7071 0.7071
vn 0.0000 -0.7071 -0.7071
vn -0.6191 -0.4498 0.6437
vn -0.6191 -0.4498 -0.6437
vn -0.2365 -0.7278 -0.6437
vn -0.2365 -0.7278 0.6437
vn 0.6191 -0.4498 0.6437
vn 0.6191 -0.4498 -0.6437
vn -0.5025 0.3651 -0.7837
vn 0.2364 -0.7278 -0.6437
vn -0.1919 0.5907 -0.7837
vn 0.5025 0.3651 -0.7837
vn 0.1919 0.5907 -0.7837
vn -0.5025 0.3651 0.7837
vn -0.1919 0.5907 0.7837
vn 0.2364 -0.7278 0.6437
vn 0.5025 0.3651 0.7837
vn 0.1920 0.5907 0.7837
vn 0.3015 -0.9045 -0.3015
vn -0.3015 -0.9045 0.3015
vn -0.3015 -0.9045 -0.3015
vn 0.2587 0.5880 0.7664
vn 0.3302 -0.0000 0.9439
vn 0.9009 -0.0001 0.4339
vn 0.7450 0.5636 0.3568
vn -0.2709 0.5882 -0.7620
vn -0.3454 0.0000 -0.9384
vn -0.9078 0.0001 -0.4193
vn -0.7488 0.5663 -0.3444
vn 0.3015 -0.9045 0.3015
vn 0.4105 0.8307 0.3759
vn 0.4115 0.8320 -0.3720
vn 0.7488 0.5662 -0.3444
vn 0.9078 -0.0001 -0.4193
vn 0.3454 -0.0000 -0.9384
vn 0.2709 0.5882 -0.7620
vn -0.7450 0.5636 0.3568
vn -0.9009 0.0001 0.4339
vn -0.3302 0.0000 0.9439
vn -0.2586 0.5880 0.7664
vn 0.0255 0.6522 -0.7576
vn -0.0255 0.6522 -0.7576
vn 0.4105 -0.8307 0.3759
vn 0.0249 0.6494 0.7600
vn -0.0248 0.6494 0.7600
vn -0.4104 0.8308 0.3759
vn -0.4115 0.8320 -0.3720
vn 0.2365 0.7278 0.6437
vn 0.2365 0.7278 -0.6437
vn -0.2364 0.7278 -0.6437
vn 0.1919 -0.5907 -0.7837
vn -0.1920 -0.5907 -0.7837
vn 0.1919 -0.5907 0.7837
vn -0.2364 0.7278 0.6437
vn -0.1920 -0.5907 0.7837
vn -0.2587 -0.5880 0.7664
vn -0.7060 0.6213 0.3400
vn 0.2663 0.6370 -0.7234
vn 0.7096 0.6237 -0.3277
vn 0.7488 -0.5663 -0.3444
vn -0.2662 0.6370 -0.7234
vn -0.7095 0.6238 -0.3277
vn -0.7488 -0.5662 -0.3444
vn 0.4105 -0.8308 0.3759
vn 0.0248 -0.6494 0.7600
vn -0.0249 -0.6494 0.7600
vn 0.7060 0.6212 0.3400
vn 0.2586 -0.5880 0.7664
vn 0.2365 -0.7278 0.6437
vn 0.2365 -0.7278 -0.6437
vn -0.2364 -0.7278 -0.6437
vn -0.1920 0.5907 -0.7837
vn -0.2364 -0.7278 0.6437
vn 0.1919 0.5907 0.7837
vn -0.2587 0.5880 0.7664
vn -0.9009 -0.0001 0.4339
vn 0.7488 0.5663 -0.3444
vn 0.9078 0.0001 -0.4193
vn -0.4105 0.8307 0.3759
vn -0.7488 0.5662 -0.3444
vn -0.9078 -0.0001 -0.4193
vn 0.2586 0.5880 0.7664
vn 0.9009 0.0001 0.4339
vn -0.4105 -0.8307 0.3759
vn -0.0249 0.6494 0.7600
vn 0.0248 0.6494 0.7600
vn 0.4105 0.8308 0.3759
usemtl Gold
s 1
f 1875/2394/1250 1873/2395/1251 1863/2396/1252 1871/2397/1253
f 1871/2397/1253 1863/2396/1252 1922/2398/1254 1934/2399/1255
f 1933/2400/1256 1921/2401/1257 1862/2402/1258 1870/2403/1259
f 1858/2404/1260 1857/2405/1261 1874/2406/1262 1862/2407/1258
f 1915/2408/1263 1858/2404/1260 1862/2407/1258 1921/2409/1257
f 1859/2410/1264 1916/2411/1265 1922/2412/1254 1863/2413/1252
f 1860/2414/1266 1859/2410/1264 1863/2413/1252 1873/2415/1251
f 1866/2416/1267 1870/2417/1259 1876/2418/1268 1865/2419/1269
f 1927/2420/1270 1933/2421/1256 1870/2417/1259 1866/2416/1267
f 1867/2422/1271 1871/2423/1253 1934/2424/1255 1928/2425/1272
f 1868/2426/1273 1875/2427/1250 1871/2423/1253 1867/2422/1271
f 1898/2428/1274 1861/2429/1275 1874/2430/1262 1890/2431/1274
f 1870/2403/1259 1862/2402/1258 1874/2432/1262 1876/2433/1268
f 1899/2434/1276 1872/2435/1277 1875/2394/1250 1893/2436/1276
f 1872/2435/1277 1864/2437/1278 1873/2395/1251 1875/2394/1250
f 1911/2438/1279 1886/2439/1280 1880/2440/1281 1904/2441/1282
f 1909/2442/1283 1887/2443/1284 1877/2444/1285 1901/2445/1286
f 1880/2440/1281 1878/2446/1287 1902/2447/1288 1904/2441/1282
f 1886/2439/1280 1888/2448/1289 1878/2446/1287 1880/2440/1281
f 1864/2437/1278 1882/2449/1290 1905/2450/1291 1897/2451/1274
f 1872/2435/1277 1881/2452/1292 1882/2449/1290 1864/2437/1278
f 1899/2434/1276 1908/2453/1293 1881/2452/1292 1872/2435/1277
f 1900/2454/1276 1907/2455/1294 1908/2453/1293 1899/2434/1276
f 1898/2428/1274 1906/2456/1295 1884/2457/1296 1861/2429/1275
f 1888/2448/1289 1910/2458/1297 1902/2447/1288 1878/2446/1287
f 1910/2458/1297 1909/2442/1283 1901/2445/1286 1902/2447/1288
f 1885/2459/1298 1912/2460/1299 1903/2461/1300 1879/2462/1301
f 1912/2460/1299 1911/2438/1279 1904/2441/1282 1903/2461/1300
f 1897/2451/1274 1905/2450/1291 1906/2456/1295 1898/2428/1274
f 1903/2461/1300 1901/2445/1286 1877/2444/1285 1879/2462/1301
f 1869/2463/1302 1900/2454/1276 1894/2464/1276 1876/2465/1268
f 1900/2454/1276 1899/2434/1276 1893/2436/1276 1894/2464/1276
f 1864/2437/1278 1897/2451/1274 1889/2466/1274 1873/2395/1251
f 1897/2451/1274 1898/2428/1274 1890/2431/1274 1889/2466/1274
f 1895/2467/1303 1893/2468/1276 1875/2427/1250 1868/2426/1273
f 1865/2419/1269 1876/2418/1268 1894/2469/1276 1896/2470/1303
f 1891/2471/1304 1860/2414/1266 1873/2415/1251 1889/2472/1274
f 1857/2405/1261 1892/2473/1304 1890/2474/1274 1874/2406/1262
f 1904/2441/1282 1902/2447/1288 1901/2445/1286 1903/2461/1300
f 1935/2475/1305 1923/2476/1306 1937/2477/1307 1939/2478/1308
f 1934/2399/1255 1922/2398/1254 1923/2476/1306 1935/2475/1305
f 1932/2479/1309 1920/2480/1310 1921/2401/1257 1933/2400/1256
f 1892/2473/1304 1891/2471/1304 1889/2472/1274 1890/2474/1274
f 1914/2481/1311 1920/2482/1310 1938/2483/1312 1913/2484/1313
f 1915/2408/1263 1921/2409/1257 1920/2482/1310 1914/2481/1311
f 1917/2485/1314 1923/2486/1306 1922/2412/1254 1916/2411/1265
f 1918/2487/1315 1937/2488/1307 1923/2486/1306 1917/2485/1314
f 1896/2470/1303 1894/2469/1276 1893/2468/1276 1895/2467/1303
f 1926/2489/1316 1925/2490/1317 1940/2491/1318 1932/2492/1309
f 1927/2420/1270 1926/2489/1316 1932/2492/1309 1933/2421/1256
f 1929/2493/1319 1928/2425/1272 1934/2424/1255 1935/2494/1305
f 1930/2495/1320 1929/2493/1319 1935/2494/1305 1939/2496/1308
f 1962/2497/1304 1954/2498/1304 1938/2499/1312 1919/2500/1321
f 1940/2501/1318 1938/2502/1312 1920/2480/1310 1932/2479/1309
f 1963/2503/1303 1957/2504/1303 1939/2478/1308 1936/2505/1322
f 1939/2478/1308 1937/2477/1307 1924/2506/1323 1936/2505/1322
f 1975/2507/1324 1968/2508/1325 1944/2509/1326 1950/2510/1327
f 1973/2511/1328 1965/2512/1329 1941/2513/1330 1951/2514/1331
f 1931/2515/1332 1947/2516/1333 1948/2517/1334 1919/2500/1321
f 1887/2443/1284 1885/2459/1298 1879/2462/1301 1877/2444/1285
f 1952/2518/1335 1942/2519/1336 1966/2520/1337 1974/2521/1338
f 1974/2521/1338 1966/2520/1337 1965/2512/1329 1973/2511/1328
f 1949/2522/1339 1943/2523/1340 1967/2524/1341 1976/2525/1342
f 1976/2525/1342 1967/2524/1341 1968/2508/1325 1975/2507/1324
f 1962/2497/1304 1970/2526/1343 1969/2527/1344 1961/2528/1304
f 1931/2515/1332 1940/2529/1318 1958/2530/1303 1964/2531/1303
f 1964/2531/1303 1958/2530/1303 1957/2504/1303 1963/2503/1303
f 1924/2506/1323 1937/2477/1307 1953/2532/1304 1961/2528/1304
f 1961/2528/1304 1953/2532/1304 1954/2498/1304 1962/2497/1304
f 1959/2533/1276 1930/2495/1320 1939/2496/1308 1957/2534/1303
f 1925/2490/1317 1960/2535/1276 1958/2536/1303 1940/2491/1318
f 1955/2537/1274 1953/2538/1304 1937/2488/1307 1918/2487/1315
f 1913/2484/1313 1938/2483/1312 1954/2539/1304 1956/2540/1274
f 1861/2429/1275 1869/2463/1302 1876/2465/1268 1874/2430/1262
f 1869/2463/1302 1883/2541/1345 1907/2455/1294 1900/2454/1276
f 1943/2523/1340 1949/2522/1339 1951/2514/1331 1941/2513/1330
f 1938/2499/1312 1940/2529/1318 1931/2515/1332 1919/2500/1321
f 1964/2531/1303 1971/2542/1346 1947/2516/1333 1931/2515/1332
f 1861/2429/1275 1884/2457/1296 1883/2541/1345 1869/2463/1302
f 1885/2459/1298 1887/2443/1284 1882/2449/1290 1881/2452/1292
f 1882/2449/1290 1887/2443/1284 1909/2442/1283 1905/2450/1291
f 1886/2439/1280 1911/2438/1279 1907/2455/1294 1883/2541/1345
f 1912/2460/1299 1885/2459/1298 1881/2452/1292 1908/2453/1293
f 1911/2438/1279 1912/2460/1299 1908/2453/1293 1907/2455/1294
f 1910/2458/1297 1888/2448/1289 1884/2457/1296 1906/2456/1295
f 1909/2442/1283 1910/2458/1297 1906/2456/1295 1905/2450/1291
f 1886/2439/1280 1883/2541/1345 1884/2457/1296 1888/2448/1289
f 1896/2470/1303 1895/2467/1303 1891/2471/1304 1892/2473/1304
f 1930/2495/1320 1918/2487/1315 1917/2485/1314 1929/2493/1319
f 1926/2489/1316 1914/2481/1311 1913/2484/1313 1925/2490/1317
f 1925/2490/1317 1913/2484/1313 1956/2540/1274 1960/2535/1276
f 1959/2533/1276 1955/2537/1274 1918/2487/1315 1930/2495/1320
f 1959/2533/1276 1960/2535/1276 1956/2540/1274 1955/2537/1274
f 1867/2422/1271 1859/2410/1264 1860/2414/1266 1868/2426/1273
f 1857/2405/1261 1865/2419/1269 1896/2470/1303 1892/2473/1304
f 1895/2467/1303 1868/2426/1273 1860/2414/1266 1891/2471/1304
f 1859/2410/1264 1867/2422/1271 1928/2425/1272 1916/2411/1265
f 1866/2416/1267 1858/2404/1260 1915/2408/1263 1927/2420/1270
f 1865/2419/1269 1857/2405/1261 1858/2404/1260 1866/2416/1267
f 1928/2425/1272 1929/2493/1319 1917/2485/1314 1916/2411/1265
f 1927/2420/1270 1915/2408/1263 1914/2481/1311 1926/2489/1316
f 1919/2500/1321 1948/2517/1334 1970/2526/1343 1962/2497/1304
f 1963/2503/1303 1972/2543/1347 1971/2542/1346 1964/2531/1303
f 1936/2505/1322 1945/2544/1348 1972/2543/1347 1963/2503/1303
f 1945/2544/1348 1936/2505/1322 1924/2506/1323 1946/2545/1349
f 1961/2528/1304 1969/2527/1344 1946/2545/1349 1924/2506/1323
f 1944/2509/1326 1942/2519/1336 1952/2518/1335 1950/2510/1327
f 1949/2522/1339 1945/2544/1348 1946/2545/1349 1951/2514/1331
f 1947/2516/1333 1950/2510/1327 1952/2518/1335 1948/2517/1334
f 1970/2526/1343 1974/2521/1338 1973/2511/1328 1969/2527/1344
f 1948/2517/1334 1952/2518/1335 1974/2521/1338 1970/2526/1343
f 1972/2543/1347 1976/2525/1342 1975/2507/1324 1971/2542/1346
f 1945/2544/1348 1949/2522/1339 1976/2525/1342 1972/2543/1347
f 1971/2542/1346 1975/2507/1324 1950/2510/1327 1947/2516/1333
f 1969/2527/1344 1973/2511/1328 1951/2514/1331 1946/2545/1349
f 1956/2540/1274 1954/2539/1304 1953/2538/1304 1955/2537/1274
f 1960/2535/1276 1959/2533/1276 1957/2534/1303 1958/2536/1303
f 1995/2546/1350 1991/2547/1259 1983/2548/1258 1993/2549/1351
f 1991/2547/1259 2054/2550/1256 2042/2551/1257 1983/2548/1258
f 2053/2552/1255 1990/2553/1253 1982/2554/1252 2041/2555/1254
f 1978/2556/1264 1982/2557/1252 1994/2558/1352 1977/2559/1353
f 2035/2560/1265 2041/2561/1254 1982/2557/1252 1978/2556/1264
f 1979/2562/1260 1983/2563/1258 2042/2564/1257 2036/2565/1263
f 1980/2566/1354 1993/2567/1351 1983/2563/1258 1979/2562/1260
f 1986/2568/1271 1985/2569/1355 1996/2570/1356 1990/2571/1253
f 2047/2572/1272 1986/2568/1271 1990/2571/1253 2053/2573/1255
f 1987/2574/1267 2048/2575/1270 2054/2576/1256 1991/2577/1259
f 1988/2578/1357 1987/2574/1267 1991/2577/1259 1995/2579/1350
f 2018/2580/1274 2010/2581/1274 1994/2582/1352 1981/2583/1278
f 1990/2553/1253 1996/2584/1356 1994/2585/1352 1982/2554/1252
f 2019/2586/1276 2013/2587/1276 1995/2546/1350 1992/2588/1302
f 1992/2588/1302 1995/2546/1350 1993/2549/1351 1984/2589/1275
f 2031/2590/1358 2024/2591/1300 2000/2592/1359 2006/2593/1298
f 2029/2594/1297 2021/2595/1360 1997/2596/1361 2007/2597/1362
f 2000/2592/1359 2024/2591/1300 2022/2598/1363 1998/2599/1364
f 2006/2593/1298 2000/2592/1359 1998/2599/1364 2008/2600/1365
f 1984/2589/1275 2017/2601/1274 2025/2602/1295 2002/2603/1296
f 1992/2588/1302 1984/2589/1275 2002/2603/1296 2001/2604/1366
f 2019/2586/1276 1992/2588/1302 2001/2604/1366 2028/2605/1367
f 2020/2606/1276 2019/2586/1276 2028/2605/1367 2027/2607/1368
f 2018/2580/1274 1981/2583/1278 2004/2608/1290 2026/2609/1291
f 2008/2600/1365 1998/2599/1364 2022/2598/1363 2030/2610/1283
f 2030/2610/1283 2022/2598/1363 2021/2595/1360 2029/2594/1297
f 2005/2611/1280 1999/2612/1369 2023/2613/1282 2032/2614/1370
f 2032/2614/1370 2023/2613/1282 2024/2591/1300 2031/2590/1358
f 2017/2601/1274 2018/2580/1274 2026/2609/1291 2025/2602/1295
f 2023/2613/1282 1999/2612/1369 1997/2596/1361 2021/2595/1360
f 1989/2615/1277 1996/2616/1356 2014/2617/1276 2020/2606/1276
f 2020/2606/1276 2014/2617/1276 2013/2587/1276 2019/2586/1276
f 1984/2589/1275 1993/2549/1351 2009/2618/1274 2017/2601/1274
f 2017/2601/1274 2009/2618/1274 2010/2581/1274 2018/2580/1274
f 2015/2619/1303 1988/2578/1357 1995/2579/1350 2013/2620/1276
f 1985/2569/1355 2016/2621/1303 2014/2622/1276 1996/2570/1356
f 2011/2623/1304 2009/2624/1274 1993/2567/1351 1980/2566/1354
f 1977/2559/1353 1994/2558/1352 2010/2625/1274 2012/2626/1304
f 2024/2591/1300 2023/2613/1282 2021/2595/1360 2022/2598/1363
f 2055/2627/1309 2059/2628/1371 2057/2629/1372 2043/2630/1310
f 2054/2550/1256 2055/2627/1309 2043/2630/1310 2042/2551/1257
f 2052/2631/1305 2053/2552/1255 2041/2555/1254 2040/2632/1306
f 2012/2626/1304 2010/2625/1274 2009/2624/1274 2011/2623/1304
f 2034/2633/1314 2033/2634/1315 2058/2635/1373 2040/2636/1306
f 2035/2560/1265 2034/2633/1314 2040/2636/1306 2041/2561/1254
f 2037/2637/1311 2036/2565/1263 2042/2564/1257 2043/2638/1310
f 2038/2639/1374 2037/2637/1311 2043/2638/1310 2057/2640/1372
f 2016/2621/1303 2015/2619/1303 2013/2620/1276 2014/2622/1276
f 2046/2641/1319 2052/2642/1305 2060/2643/1375 2045/2644/1376
f 2047/2572/1272 2053/2573/1255 2052/2642/1305 2046/2641/1319
f 2049/2645/1316 2055/2646/1309 2054/2576/1256 2048/2575/1270
f 2050/2647/1317 2059/2648/1371 2055/2646/1309 2049/2645/1316
f 2082/2649/1304 2039/2650/1323 2058/2651/1373 2074/2652/1304
f 2060/2653/1375 2052/2631/1305 2040/2632/1306 2058/2654/1373
f 2083/2655/1303 2056/2656/1332 2059/2628/1371 2077/2657/1303
f 2059/2628/1371 2056/2656/1332 2044/2658/1321 2057/2629/1372
f 2095/2659/1377 2070/2660/1339 2064/2661/1378 2088/2662/1341
f 2093/2663/1338 2071/2664/1379 2061/2665/1380 2085/2666/1337
f 2051/2667/1322 2039/2650/1323 2068/2668/1349 2067/2669/1381
f 2007/2597/1362 1997/2596/1361 1999/2612/1369 2005/2611/1280
f 2072/2670/1382 2094/2671/1328 2086/2672/1329 2062/2673/1383
f 2094/2671/1328 2093/2663/1338 2085/2666/1337 2086/2672/1329
f 2069/2674/1327 2096/2675/1384 2087/2676/1325 2063/2677/1385
f 2096/2675/1384 2095/2659/1377 2088/2662/1341 2087/2676/1325
f 2082/2649/1304 2081/2678/1304 2089/2679/1343 2090/2680/1344
f 2051/2667/1322 2084/2681/1303 2078/2682/1303 2060/2683/1375
f 2084/2681/1303 2083/2655/1303 2077/2657/1303 2078/2682/1303
f 2044/2658/1321 2081/2678/1304 2073/2684/1304 2057/2629/1372
f 2081/2678/1304 2082/2649/1304 2074/2652/1304 2073/2684/1304
f 2079/2685/1276 2077/2686/1303 2059/2648/1371 2050/2647/1317
f 2045/2644/1376 2060/2643/1375 2078/2687/1303 2080/2688/1276
f 2075/2689/1274 2038/2639/1374 2057/2640/1372 2073/2690/1304
f 2033/2634/1315 2076/2691/1274 2074/2692/1304 2058/2635/1373
f 1981/2583/1278 1994/2582/1352 1996/2616/1356 1989/2615/1277
f 1989/2615/1277 2020/2606/1276 2027/2607/1368 2003/2693/1386
f 2063/2677/1385 2061/2665/1380 2071/2664/1379 2069/2674/1327
f 2058/2651/1373 2039/2650/1323 2051/2667/1322 2060/2683/1375
f 2084/2681/1303 2051/2667/1322 2067/2669/1381 2091/2694/1387
f 1981/2583/1278 1989/2615/1277 2003/2693/1386 2004/2608/1290
f 2005/2611/1280 2001/2604/1366 2002/2603/1296 2007/2597/1362
f 2002/2603/1296 2025/2602/1295 2029/2594/1297 2007/2597/1362
f 2006/2593/1298 2003/2693/1386 2027/2607/1368 2031/2590/1358
f 2032/2614/1370 2028/2605/1367 2001/2604/1366 2005/2611/1280
f 2031/2590/1358 2027/2607/1368 2028/2605/1367 2032/2614/1370
f 2030/2610/1283 2026/2609/1291 2004/2608/1290 2008/2600/1365
f 2029/2594/1297 2025/2602/1295 2026/2609/1291 2030/2610/1283
f 2006/2593/1298 2008/2600/1365 2004/2608/1290 2003/2693/1386
f 2016/2621/1303 2012/2626/1304 2011/2623/1304 2015/2619/1303
f 2050/2647/1317 2049/2645/1316 2037/2637/1311 2038/2639/1374
f 2046/2641/1319 2045/2644/1376 2033/2634/1315 2034/2633/1314
f 2045/2644/1376 2080/2688/1276 2076/2691/1274 2033/2634/1315
f 2079/2685/1276 2050/2647/1317 2038/2639/1374 2075/2689/1274
f 2079/2685/1276 2075/2689/1274 2076/2691/1274 2080/2688/1276
f 1987/2574/1267 1988/2578/1357 1980/2566/1354 1979/2562/1260
f 1977/2559/1353 2012/2626/1304 2016/2621/1303 1985/2569/1355
f 2015/2619/1303 2011/2623/1304 1980/2566/1354 1988/2578/1357
f 1979/2562/1260 2036/2565/1263 2048/2575/1270 1987/2574/1267
f 1986/2568/1271 2047/2572/1272 2035/2560/1265 1978/2556/1264
f 1985/2569/1355 1986/2568/1271 1978/2556/1264 1977/2559/1353
f 2048/2575/1270 2036/2565/1263 2037/2637/1311 2049/2645/1316
f 2047/2572/1272 2046/2641/1319 2034/2633/1314 2035/2560/1265
f 2039/2650/1323 2082/2649/1304 2090/2680/1344 2068/2668/1349
f 2083/2655/1303 2084/2681/1303 2091/2694/1387 2092/2695/1388
f 2056/2656/1332 2083/2655/1303 2092/2695/1388 2065/2696/1389
f 2065/2696/1389 2066/2697/1334 2044/2658/1321 2056/2656/1332
f 2081/2678/1304 2044/2658/1321 2066/2697/1334 2089/2679/1343
f 2064/2661/1378 2070/2660/1339 2072/2670/1382 2062/2673/1383
f 2069/2674/1327 2071/2664/1379 2066/2697/1334 2065/2696/1389
f 2067/2669/1381 2068/2668/1349 2072/2670/1382 2070/2660/1339
f 2090/2680/1344 2089/2679/1343 2093/2663/1338 2094/2671/1328
f 2068/2668/1349 2090/2680/1344 2094/2671/1328 2072/2670/1382
f 2092/2695/1388 2091/2694/1387 2095/2659/1377 2096/2675/1384
f 2065/2696/1389 2092/2695/1388 2096/2675/1384 2069/2674/1327
f 2091/2694/1387 2067/2669/1381 2070/2660/1339 2095/2659/1377
f 2089/2679/1343 2066/2697/1334 2071/2664/1379 2093/2663/1338
f 2076/2691/1274 2075/2689/1274 2073/2690/1304 2074/2692/1304
f 2080/2688/1276 2078/2687/1303 2077/2686/1303 2079/2685/1276
o Cylinder.062_Cylinder.072
v 1.637230 0.168888 -4.259905
v 1.697462 0.125130 -4.259905
v 1.502551 0.125123 -4.259905
v 1.562780 0.168885 -4.259905
v 1.630074 0.187609 -4.254498
v 1.713387 0.136701 -4.259905
v 1.486626 0.136692 -4.259905
v 1.569934 0.187607 -4.254498
v 1.637230 0.168888 -4.189222
v 1.697462 0.125130 -4.189222
v 1.502551 0.125123 -4.189222
v 1.562780 0.168885 -4.189222
v 1.630074 0.187609 -4.194630
v 1.713387 0.136701 -4.189222
v 1.486626 0.136692 -4.189222
v 1.569934 0.187607 -4.194630
v 1.556697 0.187606 -4.259905
v 1.643312 0.187609 -4.259905
v 1.556697 0.187606 -4.189222
v 1.643312 0.187609 -4.189222
v 1.550718 0.276829 -4.260672
v 1.649282 0.276832 -4.260672
v 1.550718 0.276829 -4.188455
v 1.649282 0.276832 -4.188455
v 1.569933 0.244367 -4.194630
v 1.569933 0.244367 -4.254498
v 1.630072 0.244370 -4.194630
v 1.630072 0.244370 -4.254498
v 1.550721 0.248909 -4.188455
v 1.649284 0.248912 -4.188455
v 1.550721 0.248909 -4.260672
v 1.649284 0.248912 -4.260672
v 1.585568 0.187607 -4.259905
v 1.614440 0.187608 -4.259905
v 1.587597 0.168886 -4.259905
v 1.612413 0.168887 -4.259905
v 1.585568 0.187607 -4.189222
v 1.614440 0.187608 -4.189222
v 1.587597 0.168886 -4.189222
v 1.612413 0.168887 -4.189222
v 1.589981 0.187607 -4.254498
v 1.610027 0.187608 -4.254498
v 1.589981 0.187607 -4.194630
v 1.610027 0.187608 -4.194630
v 1.583573 0.276830 -4.288651
v 1.616427 0.276831 -4.288651
v 1.583573 0.276830 -4.162257
v 1.616427 0.276831 -4.162257
v 1.589979 0.244368 -4.254498
v 1.610026 0.244369 -4.254498
v 1.610026 0.244369 -4.194630
v 1.589979 0.244368 -4.194630
v 1.583575 0.248910 -4.288651
v 1.616430 0.248911 -4.288651
v 1.616430 0.248911 -4.162257
v 1.583575 0.248910 -4.162257
v 1.637230 -0.060246 -4.259905
v 1.697462 -0.016488 -4.259905
v 1.720471 0.054321 -4.259905
v 1.479548 0.054321 -4.259905
v 1.502551 -0.016481 -4.259905
v 1.562780 -0.060243 -4.259905
v 1.630074 -0.078967 -4.254498
v 1.713387 -0.028059 -4.259905
v 1.740155 0.054321 -4.259905
v 1.459863 0.054321 -4.259905
v 1.486626 -0.028050 -4.259905
v 1.569934 -0.078965 -4.254498
v 1.637230 -0.060246 -4.189222
v 1.697462 -0.016488 -4.189222
v 1.720471 0.054321 -4.189222
v 1.479548 0.054321 -4.189222
v 1.502551 -0.016481 -4.189222
v 1.562780 -0.060243 -4.189222
v 1.630074 -0.078967 -4.194630
v 1.713387 -0.028059 -4.189222
v 1.740155 0.054321 -4.189222
v 1.459863 0.054321 -4.189222
v 1.486626 -0.028050 -4.189222
v 1.569934 -0.078965 -4.194630
v 1.556697 -0.078964 -4.259905
v 1.643312 -0.078967 -4.259905
v 1.556697 -0.078964 -4.189222
v 1.643312 -0.078967 -4.189222
v 1.550718 -0.168187 -4.260672
v 1.649282 -0.168190 -4.260672
v 1.550718 -0.168187 -4.188455
v 1.649282 -0.168190 -4.188455
v 1.569933 -0.135725 -4.194630
v 1.569933 -0.135725 -4.254498
v 1.630072 -0.135728 -4.194630
v 1.630072 -0.135728 -4.254498
v 1.550721 -0.140267 -4.188455
v 1.649284 -0.140270 -4.188455
v 1.550721 -0.140267 -4.260672
v 1.649284 -0.140270 -4.260672
v 1.585568 -0.078965 -4.259905
v 1.614440 -0.078966 -4.259905
v 1.587597 -0.060244 -4.259905
v 1.612413 -0.060245 -4.259905
v 1.585568 -0.078965 -4.189222
v 1.614440 -0.078966 -4.189222
v 1.587597 -0.060244 -4.189222
v 1.612413 -0.060245 -4.189222
v 1.589981 -0.078965 -4.254498
v 1.610027 -0.078966 -4.254498
v 1.589981 -0.078965 -4.194630
v 1.610027 -0.078966 -4.194630
v 1.583573 -0.168188 -4.288651
v 1.616427 -0.168189 -4.288651
v 1.583573 -0.168188 -4.162257
v 1.616427 -0.168189 -4.162257
v 1.589979 -0.135726 -4.254498
v 1.610026 -0.135727 -4.254498
v 1.610026 -0.135727 -4.194630
v 1.589979 -0.135726 -4.194630
v 1.583575 -0.140268 -4.288651
v 1.616430 -0.140269 -4.288651
v 1.616430 -0.140269 -4.162257
v 1.583575 -0.140268 -4.162257
v 1.720471 0.054321 -4.195966
v 1.502551 0.125123 -4.195966
v 1.479548 0.054321 -4.195966
v 1.697462 0.125130 -4.195966
v 1.587597 0.168886 -4.195966
v 1.612413 0.168887 -4.195966
v 1.637230 0.168888 -4.195966
v 1.562780 0.168885 -4.195966
v 1.502551 -0.016481 -4.195966
v 1.697462 -0.016488 -4.195966
v 1.587597 -0.060244 -4.195966
v 1.612413 -0.060245 -4.195966
v 1.637230 -0.060246 -4.195966
v 1.562780 -0.060243 -4.195966
v 1.697462 0.125130 -4.246928
v 1.637230 0.168888 -4.246928
v 1.587597 -0.060244 -4.246928
v 1.562780 -0.060243 -4.246928
v 1.697462 -0.016488 -4.246928
v 1.720471 0.054321 -4.246928
v 1.562780 0.168885 -4.246928
v 1.502551 0.125123 -4.246928
v 1.502551 -0.016481 -4.246928
v 1.637230 -0.060246 -4.246928
v 1.479548 0.054321 -4.246928
v 1.587597 0.168886 -4.246928
v 1.612413 0.168887 -4.246928
v 1.612413 -0.060245 -4.246928
v -1.637230 0.168888 -4.259905
v -1.697462 0.125130 -4.259905
v -1.502551 0.125123 -4.259905
v -1.562780 0.168885 -4.259905
v -1.630074 0.187609 -4.254498
v -1.713387 0.136701 -4.259905
v -1.486625 0.136692 -4.259905
v -1.569935 0.187607 -4.254498
v -1.637230 0.168888 -4.189222
v -1.697462 0.125130 -4.189222
v -1.502551 0.125123 -4.189222
v -1.562780 0.168885 -4.189222
v -1.630074 0.187609 -4.194630
v -1.713387 0.136701 -4.189222
v -1.486625 0.136692 -4.189222
v -1.569935 0.187607 -4.194630
v -1.556697 0.187606 -4.259905
v -1.643312 0.187609 -4.259905
v -1.556697 0.187606 -4.189222
v -1.643312 0.187609 -4.189222
v -1.550718 0.276829 -4.260673
v -1.649282 0.276832 -4.260673
v -1.550718 0.276829 -4.188456
v -1.649282 0.276832 -4.188456
v -1.569933 0.244367 -4.194630
v -1.569933 0.244367 -4.254498
v -1.630072 0.244370 -4.194630
v -1.630072 0.244370 -4.254498
v -1.550721 0.248909 -4.188456
v -1.649284 0.248912 -4.188456
v -1.550721 0.248909 -4.260673
v -1.649284 0.248912 -4.260673
v -1.585568 0.187607 -4.259905
v -1.614440 0.187608 -4.259905
v -1.587597 0.168886 -4.259905
v -1.612413 0.168887 -4.259905
v -1.585568 0.187607 -4.189222
v -1.614440 0.187608 -4.189222
v -1.587597 0.168886 -4.189222
v -1.612413 0.168887 -4.189222
v -1.589981 0.187607 -4.254498
v -1.610027 0.187608 -4.254498
v -1.589981 0.187607 -4.194630
v -1.610027 0.187608 -4.194630
v -1.583573 0.276830 -4.288651
v -1.616427 0.276831 -4.288651
v -1.583573 0.276830 -4.162258
v -1.616427 0.276831 -4.162258
v -1.589979 0.244368 -4.254498
v -1.610026 0.244369 -4.254498
v -1.610026 0.244369 -4.194630
v -1.589979 0.244368 -4.194630
v -1.583575 0.248910 -4.288651
v -1.616430 0.248911 -4.288651
v -1.616430 0.248911 -4.162258
v -1.583575 0.248910 -4.162258
v -1.637230 -0.060246 -4.259905
v -1.697462 -0.016488 -4.259905
v -1.720471 0.054321 -4.259905
v -1.479548 0.054321 -4.259905
v -1.502551 -0.016481 -4.259905
v -1.562780 -0.060243 -4.259905
v -1.630074 -0.078967 -4.254498
v -1.713387 -0.028059 -4.259905
v -1.740155 0.054321 -4.259905
v -1.459863 0.054321 -4.259905
v -1.486625 -0.028050 -4.259905
v -1.569935 -0.078965 -4.254498
v -1.637230 -0.060246 -4.189222
v -1.697462 -0.016488 -4.189222
v -1.720471 0.054321 -4.189222
v -1.479548 0.054321 -4.189222
v -1.502551 -0.016481 -4.189222
v -1.562780 -0.060243 -4.189222
v -1.630074 -0.078967 -4.194630
v -1.713387 -0.028059 -4.189222
v -1.740155 0.054321 -4.189222
v -1.459863 0.054321 -4.189222
v -1.486625 -0.028050 -4.189222
v -1.569935 -0.078965 -4.194630
v -1.556697 -0.078964 -4.259905
v -1.643312 -0.078967 -4.259905
v -1.556697 -0.078964 -4.189222
v -1.643312 -0.078967 -4.189222
v -1.550718 -0.168187 -4.260673
v -1.649282 -0.168190 -4.260673
v -1.550718 -0.168187 -4.188456
v -1.649282 -0.168190 -4.188456
v -1.569933 -0.135725 -4.194630
v -1.569933 -0.135725 -4.254498
v -1.630072 -0.135728 -4.194630
v -1.630072 -0.135728 -4.254498
v -1.550721 -0.140267 -4.188456
v -1.649284 -0.140270 -4.188456
v -1.550721 -0.140267 -4.260673
v -1.649284 -0.140270 -4.260673
v -1.585568 -0.078965 -4.259905
v -1.614440 -0.078966 -4.259905
v -1.587597 -0.060244 -4.259905
v -1.612413 -0.060245 -4.259905
v -1.585568 -0.078965 -4.189222
v -1.614440 -0.078966 -4.189222
v -1.587597 -0.060244 -4.189222
v -1.612413 -0.060245 -4.189222
v -1.589981 -0.078965 -4.254498
v -1.610027 -0.078966 -4.254498
v -1.589981 -0.078965 -4.194630
v -1.610027 -0.078966 -4.194630
v -1.583573 -0.168188 -4.288651
v -1.616427 -0.168189 -4.288651
v -1.583573 -0.168188 -4.162258
v -1.616427 -0.168189 -4.162258
v -1.589979 -0.135726 -4.254498
v -1.610026 -0.135727 -4.254498
v -1.610026 -0.135727 -4.194630
v -1.589979 -0.135726 -4.194630
v -1.583575 -0.140268 -4.288651
v -1.616430 -0.140269 -4.288651
v -1.616430 -0.140269 -4.162258
v -1.583575 -0.140268 -4.162258
v -1.720471 0.054321 -4.195967
v -1.502551 0.125123 -4.195967
v -1.479548 0.054321 -4.195967
v -1.697462 0.125130 -4.195967
v -1.587597 0.168886 -4.195967
v -1.612413 0.168887 -4.195967
v -1.637230 0.168888 -4.195967
v -1.562780 0.168885 -4.195967
v -1.502551 -0.016481 -4.195967
v -1.697462 -0.016488 -4.195967
v -1.587597 -0.060244 -4.195967
v -1.612413 -0.060245 -4.195967
v -1.637230 -0.060246 -4.195967
v -1.562780 -0.060243 -4.195967
v -1.697462 0.125130 -4.246928
v -1.637230 0.168888 -4.246928
v -1.587597 -0.060244 -4.246928
v -1.562780 -0.060243 -4.246928
v -1.697462 -0.016488 -4.246928
v -1.720471 0.054321 -4.246928
v -1.562780 0.168885 -4.246928
v -1.502551 0.125123 -4.246928
v -1.502551 -0.016481 -4.246928
v -1.637230 -0.060246 -4.246928
v -1.479548 0.054321 -4.246928
v -1.587597 0.168886 -4.246928
v -1.612413 0.168887 -4.246928
v -1.612413 -0.060245 -4.246928
vt 0.100000 0.500000
vt 0.100000 0.500000
vt 0.200000 0.500000
vt 0.200000 0.500000
vt 0.300000 0.500000
vt 0.300000 0.500000
vt 0.800000 0.500000
vt 0.800000 0.500000
vt 0.900000 0.500000
vt 0.900000 0.500000
vt 0.727441 0.357811
vt 0.704881 0.350481
vt 0.655954 0.459443
vt 0.702977 0.474721
vt 0.817678 0.343151
vt 0.750000 0.365141
vt 0.750000 0.490000
vt 0.891068 0.444164
vt 0.859505 0.285580
vt 0.978254 0.324164
vt 0.640495 0.285580
vt 0.640495 0.214420
vt 0.521746 0.175836
vt 0.521746 0.324164
vt 0.682322 0.343151
vt 0.608932 0.444164
vt 0.817678 0.343151
vt 0.891068 0.444164
vt 0.750000 0.490000
vt 0.750000 0.365141
vt 0.859505 0.285580
vt 0.978254 0.324164
vt 0.640495 0.285580
vt 0.521746 0.324164
vt 0.521746 0.175836
vt 0.640495 0.214420
vt 0.682322 0.343151
vt 0.608932 0.444164
vt 0.037365 0.500000
vt 0.012096 0.500000
vt -0.000000 0.500000
vt 0.033333 0.500000
vt 1.000000 0.500000
vt 1.000000 0.500000
vt 0.062635 0.500000
vt 0.087904 0.500000
vt 0.066667 0.500000
vt 0.087904 0.500000
vt 0.037365 0.500000
vt 0.012096 0.500000
vt 0.012096 0.500000
vt 0.037365 0.500000
vt 0.062635 0.500000
vt 0.087904 0.500000
vt 0.087904 0.500000
vt 0.062635 0.500000
vt 0.012096 0.500000
vt 0.012096 0.500000
vt 0.087904 0.500000
vt 0.062635 0.500000
vt 0.062635 0.500000
vt 0.037365 0.500000
vt 0.037365 0.500000
vt 0.012096 0.500000
vt 0.012096 0.500000
vt 0.087904 0.500000
vt 0.062635 0.500000
vt 0.037365 0.500000
vt 0.037365 0.500000
vt 0.037365 0.500000
vt 0.012096 0.500000
vt 0.037365 0.500000
vt 0.037365 0.500000
vt 0.087904 0.500000
vt 0.062635 0.500000
vt 0.062635 0.500000
vt 0.087904 0.500000
vt 0.012096 0.500000
vt 0.033333 0.500000
vt -0.000000 0.500000
vt 0.066667 0.500000
vt 0.704881 0.350481
vt 0.655954 0.459443
vt 0.702977 0.474721
vt 0.727441 0.357811
vt 0.704881 0.350481
vt 0.655954 0.459443
vt 0.727441 0.357811
vt 0.702977 0.474721
vt 0.200000 0.500000
vt 0.200000 0.500000
vt 0.100000 0.500000
vt 0.100000 0.500000
vt 0.900000 0.500000
vt 0.900000 0.500000
vt 0.817678 0.343151
vt 0.891068 0.444164
vt 0.750000 0.490000
vt 0.750000 0.365141
vt 0.640495 0.285580
vt 0.521746 0.324164
vt 0.682322 0.343151
vt 0.608932 0.444164
vt 0.817678 0.343151
vt 0.750000 0.365141
vt 0.750000 0.490000
vt 0.891068 0.444164
vt 0.640495 0.285580
vt 0.521746 0.324164
vt 0.682322 0.343151
vt 0.608932 0.444164
vt 0.037365 0.500000
vt 0.033333 0.500000
vt -0.000000 0.500000
vt 0.012096 0.500000
vt 1.000000 0.500000
vt 1.000000 0.500000
vt 0.062635 0.500000
vt 0.066667 0.500000
vt 0.087904 0.500000
vt 0.087904 0.500000
vt 0.037365 0.500000
vt 0.037365 0.500000
vt 0.012096 0.500000
vt 0.012096 0.500000
vt 0.062635 0.500000
vt 0.062635 0.500000
vt 0.087904 0.500000
vt 0.087904 0.500000
vt 0.062635 0.500000
vt 0.062635 0.500000
vt 0.087904 0.500000
vt 0.012096 0.500000
vt 0.087904 0.500000
vt 0.087904 0.500000
vt 0.062635 0.500000
vt 0.062635 0.500000
vt 0.012096 0.500000
vt 0.037365 0.500000
vt 0.037365 0.500000
vt 0.012096 0.500000
vt 0.037365 0.500000
vt 0.087904 0.500000
vt 0.062635 0.500000
vt -0.000000 0.500000
vt 0.033333 0.500000
vt 0.066667 0.500000
vt 0.704881 0.350481
vt 0.655954 0.459443
vt 0.702977 0.474721
vt 0.727441 0.357811
vt 0.682322 0.343151
vt 0.640495 0.285580
vt 0.012096 0.500000
vt 0.682322 0.343151
vt 0.640495 0.285580
vt 0.817678 0.343151
vt 0.750000 0.365141
vt 0.727441 0.357811
vt 0.704881 0.350481
vt 0.859505 0.285580
vt 0.640495 0.214420
vt 0.640495 0.285580
vt 0.682322 0.343151
vt 0.750000 0.365141
vt 0.817678 0.343151
vt 0.727441 0.357811
vt 0.704881 0.350481
vt 0.817678 0.343151
vt 0.750000 0.365141
vt 0.727441 0.357811
vt 0.704881 0.350481
vt 0.859505 0.285580
vt 0.640495 0.214420
vt 0.640495 0.285580
vt 0.682322 0.343151
vt 0.750000 0.365141
vt 0.817678 0.343151
vt 0.727441 0.357811
vt 0.704881 0.350481
vt 0.100000 0.500000
vt 0.200000 0.500000
vt 0.200000 0.500000
vt 0.100000 0.500000
vt 0.300000 0.500000
vt 0.300000 0.500000
vt 0.800000 0.500000
vt 0.900000 0.500000
vt 0.900000 0.500000
vt 0.800000 0.500000
vt 0.727441 0.357811
vt 0.702977 0.474721
vt 0.655954 0.459443
vt 0.704881 0.350481
vt 0.817678 0.343151
vt 0.891068 0.444164
vt 0.750000 0.490000
vt 0.750000 0.365141
vt 0.859505 0.285580
vt 0.978254 0.324164
vt 0.640495 0.285580
vt 0.521746 0.324164
vt 0.521746 0.175836
vt 0.640495 0.214420
vt 0.682322 0.343151
vt 0.608932 0.444164
vt 0.817678 0.343151
vt 0.750000 0.365141
vt 0.750000 0.490000
vt 0.891068 0.444164
vt 0.859505 0.285580
vt 0.978254 0.324164
vt 0.640495 0.285580
vt 0.640495 0.214420
vt 0.521746 0.175836
vt 0.521746 0.324164
vt 0.682322 0.343151
vt 0.608932 0.444164
vt 0.037365 0.500000
vt 0.033333 0.500000
vt -0.000000 0.500000
vt 0.012096 0.500000
vt 1.000000 0.500000
vt 1.000000 0.500000
vt 0.062635 0.500000
vt 0.066667 0.500000
vt 0.087904 0.500000
vt 0.087904 0.500000
vt 0.037365 0.500000
vt 0.037365 0.500000
vt 0.012096 0.500000
vt 0.012096 0.500000
vt 0.062635 0.500000
vt 0.062635 0.500000
vt 0.087904 0.500000
vt 0.087904 0.500000
vt 0.012096 0.500000
vt 0.012096 0.500000
vt 0.062635 0.500000
vt 0.062635 0.500000
vt 0.087904 0.500000
vt 0.037365 0.500000
vt 0.012096 0.500000
vt 0.012096 0.500000
vt 0.037365 0.500000
vt 0.087904 0.500000
vt 0.062635 0.500000
vt 0.037365 0.500000
vt 0.037365 0.500000
vt 0.012096 0.500000
vt 0.037365 0.500000
vt 0.037365 0.500000
vt 0.037365 0.500000
vt 0.087904 0.500000
vt 0.087904 0.500000
vt 0.062635 0.500000
vt 0.062635 0.500000
vt 0.012096 0.500000
vt -0.000000 0.500000
vt 0.033333 0.500000
vt 0.066667 0.500000
vt 0.704881 0.350481
vt 0.655954 0.459443
vt 0.727441 0.357811
vt 0.702977 0.474721
vt 0.704881 0.350481
vt 0.655954 0.459443
vt 0.702977 0.474721
vt 0.727441 0.357811
vt 0.200000 0.500000
vt 0.100000 0.500000
vt 0.100000 0.500000
vt 0.200000 0.500000
vt 0.900000 0.500000
vt 0.900000 0.500000
vt 0.817678 0.343151
vt 0.750000 0.365141
vt 0.750000 0.490000
vt 0.891068 0.444164
vt 0.640495 0.285580
vt 0.521746 0.324164
vt 0.682322 0.343151
vt 0.608932 0.444164
vt 0.817678 0.343151
vt 0.891068 0.444164
vt 0.750000 0.490000
vt 0.750000 0.365141
vt 0.640495 0.285580
vt 0.521746 0.324164
vt 0.682322 0.343151
vt 0.608932 0.444164
vt 0.037365 0.500000
vt 0.012096 0.500000
vt -0.000000 0.500000
vt 0.033333 0.500000
vt 1.000000 0.500000
vt 1.000000 0.500000
vt 0.062635 0.500000
vt 0.087904 0.500000
vt 0.066667 0.500000
vt 0.087904 0.500000
vt 0.037365 0.500000
vt 0.012096 0.500000
vt 0.012096 0.500000
vt 0.037365 0.500000
vt 0.062635 0.500000
vt 0.087904 0.500000
vt 0.087904 0.500000
vt 0.062635 0.500000
vt 0.062635 0.500000
vt 0.087904 0.500000
vt 0.062635 0.500000
vt 0.012096 0.500000
vt 0.087904 0.500000
vt 0.062635 0.500000
vt 0.062635 0.500000
vt 0.087904 0.500000
vt 0.037365 0.500000
vt 0.037365 0.500000
vt 0.012096 0.500000
vt 0.037365 0.500000
vt 0.012096 0.500000
vt 0.062635 0.500000
vt 0.087904 0.500000
vt 0.033333 0.500000
vt -0.000000 0.500000
vt 0.066667 0.500000
vt 0.704881 0.350481
vt 0.655954 0.459443
vt 0.727441 0.357811
vt 0.702977 0.474721
vt 0.682322 0.343151
vt 0.640495 0.285580
vt 0.012096 0.500000
vt 0.640495 0.285580
vt 0.682322 0.343151
vt 0.750000 0.365141
vt 0.817678 0.343151
vt 0.727441 0.357811
vt 0.704881 0.350481
vt 0.859505 0.285580
vt 0.640495 0.214420
vt 0.682322 0.343151
vt 0.640495 0.285580
vt 0.817678 0.343151
vt 0.750000 0.365141
vt 0.727441 0.357811
vt 0.704881 0.350481
vt 0.817678 0.343151
vt 0.750000 0.365141
vt 0.727441 0.357811
vt 0.704881 0.350481
vt 0.859505 0.285580
vt 0.640495 0.214420
vt 0.640495 0.285580
vt 0.682322 0.343151
vt 0.750000 0.365141
vt 0.817678 0.343151
vt 0.727441 0.357811
vt 0.704881 0.350481
vn -0.2365 0.7278 0.6437
vn -0.2365 0.7278 -0.6437
vn -0.6191 0.4498 -0.6437
vn -0.6191 0.4498 0.6437
vn -0.7653 0.0000 -0.6437
vn -0.7653 0.0000 0.6437
vn 0.7653 0.0000 0.6437
vn 0.7653 0.0000 -0.6437
vn 0.6191 0.4498 -0.6437
vn 0.6191 0.4498 0.6437
vn 0.0000 0.7071 0.7071
vn 0.0000 -0.7071 0.7071
vn -0.5025 -0.3651 -0.7837
vn -0.1919 -0.5907 -0.7837
vn 0.2364 0.7278 -0.6437
vn -0.6211 0.0000 -0.7837
vn 0.5025 -0.3651 -0.7837
vn 0.6211 0.0000 -0.7837
vn 0.1920 -0.5907 -0.7837
vn -0.5025 -0.3651 0.7837
vn 0.2364 0.7278 0.6437
vn -0.1919 -0.5907 0.7837
vn -0.6211 0.0000 0.7837
vn 0.5025 -0.3651 0.7837
vn 0.6211 0.0000 0.7837
vn 0.1919 -0.5907 0.7837
vn -0.0000 0.7071 -0.7071
vn 0.3015 0.9045 -0.3015
vn -0.3015 0.9045 0.3015
vn -0.3015 0.9045 -0.3015
vn 0.2587 -0.5880 0.7664
vn 0.7450 -0.5636 0.3568
vn 0.9009 0.0001 0.4339
vn 0.3302 0.0000 0.9439
vn -0.2709 -0.5882 -0.7620
vn -0.7488 -0.5663 -0.3444
vn -0.9078 -0.0001 -0.4193
vn -0.3454 -0.0000 -0.9384
vn 0.7488 -0.5662 -0.3444
vn 0.9078 0.0001 -0.4193
vn -0.4115 -0.8320 -0.3720
vn -0.0255 -0.6522 -0.7576
vn 0.0249 0.6494 0.7600
vn 0.4105 0.8307 0.3759
vn 0.3015 -0.9045 0.3015
vn -0.4105 -0.8308 0.3759
vn -0.0248 -0.6494 0.7600
vn 0.0249 -0.6494 0.7600
vn 0.0255 -0.6522 -0.7576
vn 0.4115 -0.8320 -0.3720
vn 0.2709 -0.5882 -0.7620
vn 0.3454 0.0000 -0.9384
vn -0.7450 -0.5636 0.3568
vn -0.2586 -0.5880 0.7664
vn -0.3302 -0.0000 0.9439
vn -0.9009 -0.0001 0.4339
vn 0.3015 0.9045 0.3015
vn 0.0000 -0.7071 -0.7071
vn -0.6191 -0.4498 0.6437
vn -0.6191 -0.4498 -0.6437
vn -0.2365 -0.7278 -0.6437
vn -0.2365 -0.7278 0.6437
vn 0.6191 -0.4498 0.6437
vn 0.6191 -0.4498 -0.6437
vn -0.5025 0.3651 -0.7837
vn 0.2364 -0.7278 -0.6437
vn -0.1919 0.5907 -0.7837
vn 0.5025 0.3651 -0.7837
vn 0.1919 0.5907 -0.7837
vn -0.5025 0.3651 0.7837
vn -0.1919 0.5907 0.7837
vn 0.2364 -0.7278 0.6437
vn 0.5025 0.3651 0.7837
vn 0.1919 0.5907 0.7837
vn 0.3015 -0.9045 -0.3015
vn -0.3015 -0.9045 0.3015
vn -0.3015 -0.9045 -0.3015
vn 0.2587 0.5880 0.7664
vn 0.9009 -0.0001 0.4339
vn 0.7450 0.5636 0.3568
vn -0.2709 0.5882 -0.7620
vn -0.9078 0.0001 -0.4193
vn -0.7488 0.5663 -0.3444
vn -0.0255 0.6522 -0.7576
vn -0.4115 0.8320 -0.3720
vn 0.4115 0.8320 -0.3720
vn -0.4105 0.8308 0.3759
vn -0.7450 0.5636 0.3568
vn -0.2586 0.5880 0.7664
vn -0.0248 0.6494 0.7600
vn 0.7488 0.5662 -0.3444
vn 0.2709 0.5882 -0.7620
vn 0.0255 0.6522 -0.7576
vn 0.9078 -0.0001 -0.4193
vn -0.9009 0.0001 0.4339
vn 0.3090 0.9510 0.0000
vn 0.8090 0.5878 0.0000
vn 0.4105 -0.8307 0.3759
vn -0.8090 0.5878 0.0000
vn -0.3090 0.9510 0.0000
vn 0.0000 1.0000 0.0000
vn -1.0000 0.0000 0.0000
vn 1.0000 0.0000 0.0000
vn 0.8090 -0.5878 0.0000
vn 0.3090 -0.9510 0.0000
vn -0.3090 -0.9510 0.0000
vn -0.8090 -0.5878 0.0000
vn 0.0000 -1.0000 0.0000
vn 0.2365 0.7278 0.6437
vn 0.2365 0.7278 -0.6437
vn -0.2364 0.7278 -0.6437
vn 0.1919 -0.5907 -0.7837
vn -0.2364 0.7278 0.6437
vn -0.1920 -0.5907 0.7837
vn -0.2587 -0.5880 0.7664
vn 0.7488 -0.5663 -0.3444
vn -0.7488 -0.5662 -0.3444
vn -0.4105 0.8307 0.3759
vn -0.0249 0.6494 0.7600
vn 0.4105 -0.8308 0.3759
vn 0.0248 -0.6494 0.7600
vn -0.0249 -0.6494 0.7600
vn 0.3303 -0.0000 0.9439
vn 0.2586 -0.5880 0.7664
vn 0.2365 -0.7278 0.6437
vn 0.2365 -0.7278 -0.6437
vn -0.2364 -0.7278 -0.6437
vn -0.1920 0.5907 -0.7837
vn -0.2364 -0.7278 0.6437
vn -0.1920 0.5907 0.7837
vn -0.2587 0.5880 0.7664
vn 0.7488 0.5663 -0.3444
vn 0.4104 0.8308 0.3759
vn 0.0248 0.6494 0.7600
vn 0.2586 0.5880 0.7664
vn -0.7488 0.5662 -0.3444
vn -0.4105 -0.8307 0.3759
usemtl Gold
s 1
f 2115/2698/1390 2113/2699/1391 2103/2700/1392 2111/2701/1393
f 2111/2701/1393 2103/2700/1392 2162/2702/1394 2174/2703/1395
f 2173/2704/1396 2161/2705/1397 2102/2706/1398 2110/2707/1399
f 2200/2708/1400 2199/2709/1400 2197/2710/1401 2198/2711/1401
f 2098/2712/1402 2097/2713/1403 2114/2714/1404 2102/2715/1398
f 2155/2716/1405 2098/2712/1402 2102/2715/1398 2161/2717/1397
f 2099/2718/1406 2156/2719/1407 2162/2720/1394 2103/2721/1392
f 2100/2722/1408 2099/2718/1406 2103/2721/1392 2113/2723/1391
f 2106/2724/1409 2110/2725/1399 2116/2726/1410 2105/2727/1411
f 2167/2728/1412 2173/2729/1396 2110/2725/1399 2106/2724/1409
f 2107/2730/1413 2111/2731/1393 2174/2732/1395 2168/2733/1414
f 2108/2734/1415 2115/2735/1390 2111/2731/1393 2107/2730/1413
f 2138/2736/1416 2101/2737/1417 2114/2738/1404 2130/2739/1416
f 2110/2707/1399 2102/2706/1398 2114/2740/1404 2116/2741/1410
f 2139/2742/1400 2112/2743/1418 2115/2698/1390 2133/2744/1400
f 2112/2743/1418 2104/2745/1419 2113/2699/1391 2115/2698/1390
f 2151/2746/1420 2126/2747/1421 2120/2748/1422 2144/2749/1423
f 2149/2750/1424 2127/2751/1425 2117/2752/1426 2141/2753/1427
f 2126/2747/1421 2128/2754/1428 2118/2755/1429 2120/2748/1422
f 2104/2745/1419 2122/2756/1430 2145/2757/1431 2137/2758/1416
f 2204/2759/1401 2211/2760/1432 2187/2761/1433 2171/2762/1434
f 2112/2743/1418 2121/2763/1435 2122/2756/1430 2104/2745/1419
f 2139/2742/1400 2148/2764/1436 2121/2763/1435 2112/2743/1418
f 2140/2765/1400 2147/2766/1437 2148/2764/1436 2139/2742/1400
f 2138/2736/1416 2146/2767/1438 2124/2768/1439 2101/2737/1417
f 2128/2754/1428 2150/2769/1440 2142/2770/1441 2118/2755/1429
f 2150/2769/1440 2149/2750/1424 2141/2753/1427 2142/2770/1441
f 2125/2771/1442 2152/2772/1443 2143/2773/1444 2119/2774/1445
f 2152/2772/1443 2151/2746/1420 2144/2749/1423 2143/2773/1444
f 2137/2758/1416 2145/2757/1431 2146/2767/1438 2138/2736/1416
f 2109/2775/1446 2140/2765/1400 2134/2776/1400 2116/2777/1410
f 2140/2765/1400 2139/2742/1400 2133/2744/1400 2134/2776/1400
f 2104/2745/1419 2137/2758/1416 2129/2778/1416 2113/2699/1391
f 2137/2758/1416 2138/2736/1416 2130/2739/1416 2129/2778/1416
f 2135/2779/1401 2133/2780/1400 2115/2735/1390 2108/2734/1415
f 2105/2727/1411 2116/2726/1410 2134/2781/1400 2136/2782/1401
f 2131/2783/1447 2100/2722/1408 2113/2723/1391 2129/2784/1416
f 2097/2713/1403 2132/2785/1447 2130/2786/1416 2114/2714/1404
f 2175/2787/1448 2163/2788/1449 2177/2789/1450 2179/2790/1451
f 2174/2703/1395 2162/2702/1394 2163/2788/1449 2175/2787/1448
f 2172/2791/1452 2160/2792/1453 2161/2705/1397 2173/2704/1396
f 2132/2785/1447 2131/2783/1447 2129/2784/1416 2130/2786/1416
f 2154/2793/1454 2160/2794/1453 2178/2795/1455 2153/2796/1456
f 2155/2716/1405 2161/2717/1397 2160/2794/1453 2154/2793/1454
f 2157/2797/1457 2163/2798/1449 2162/2720/1394 2156/2719/1407
f 2158/2799/1458 2177/2800/1450 2163/2798/1449 2157/2797/1457
f 2136/2782/1401 2134/2781/1400 2133/2780/1400 2135/2779/1401
f 2166/2801/1459 2165/2802/1460 2180/2803/1461 2172/2804/1452
f 2167/2728/1412 2166/2801/1459 2172/2804/1452 2173/2729/1396
f 2169/2805/1462 2168/2733/1414 2174/2732/1395 2175/2806/1448
f 2170/2807/1463 2169/2805/1462 2175/2806/1448 2179/2808/1451
f 2202/2809/1447 2194/2810/1447 2178/2811/1455 2159/2812/1464
f 2180/2813/1461 2178/2814/1455 2160/2792/1453 2172/2791/1452
f 2203/2815/1401 2197/2816/1401 2179/2790/1451 2176/2817/1465
f 2179/2790/1451 2177/2789/1450 2164/2818/1466 2176/2817/1465
f 2215/2819/1467 2208/2820/1423 2184/2821/1468 2190/2822/1469
f 2213/2823/1470 2205/2824/1427 2181/2825/1471 2191/2826/1472
f 2201/2827/1447 2209/2828/1473 2186/2829/1474 2164/2818/1466
f 2188/2830/1475 2159/2812/1464 2171/2762/1434 2187/2761/1433
f 2209/2828/1473 2213/2823/1470 2191/2826/1472 2186/2829/1474
f 2211/2760/1432 2215/2819/1467 2190/2822/1469 2187/2761/1433
f 2185/2831/1476 2189/2832/1477 2216/2833/1478 2212/2834/1479
f 2212/2834/1479 2216/2833/1478 2215/2819/1467 2211/2760/1432
f 2188/2830/1475 2192/2835/1480 2214/2836/1481 2210/2837/1482
f 2210/2837/1482 2214/2836/1481 2213/2823/1470 2209/2828/1473
f 2185/2831/1476 2176/2817/1465 2164/2818/1466 2186/2829/1474
f 2176/2817/1465 2185/2831/1476 2212/2834/1479 2203/2815/1401
f 2203/2815/1401 2212/2834/1479 2211/2760/1432 2204/2759/1401
f 2159/2812/1464 2188/2830/1475 2210/2837/1482 2202/2809/1447
f 2192/2835/1480 2182/2838/1483 2206/2839/1441 2214/2836/1481
f 2214/2836/1481 2206/2839/1441 2205/2824/1427 2213/2823/1470
f 2189/2832/1477 2183/2840/1484 2207/2841/1444 2216/2833/1478
f 2216/2833/1478 2207/2841/1444 2208/2820/1423 2215/2819/1467
f 2190/2822/1469 2192/2835/1480 2188/2830/1475 2187/2761/1433
f 2171/2762/1434 2180/2842/1461 2198/2843/1401 2204/2759/1401
f 2204/2759/1401 2198/2843/1401 2197/2816/1401 2203/2815/1401
f 2164/2818/1466 2177/2789/1450 2193/2844/1447 2201/2827/1447
f 2201/2827/1447 2193/2844/1447 2194/2810/1447 2202/2809/1447
f 2199/2709/1400 2170/2807/1463 2179/2808/1451 2197/2710/1401
f 2165/2802/1460 2200/2708/1400 2198/2711/1401 2180/2803/1461
f 2195/2845/1416 2193/2846/1447 2177/2800/1450 2158/2799/1458
f 2153/2796/1456 2178/2795/1455 2194/2847/1447 2196/2848/1416
f 2234/2849/1485 2158/2799/1458 2157/2797/1457 2239/2850/1486
f 2101/2737/1417 2109/2775/1446 2116/2777/1410 2114/2738/1404
f 2109/2775/1446 2123/2851/1487 2147/2766/1437 2140/2765/1400
f 2183/2840/1484 2189/2832/1477 2191/2826/1472 2181/2825/1471
f 2178/2811/1455 2180/2842/1461 2171/2762/1434 2159/2812/1464
f 2202/2809/1447 2210/2837/1482 2209/2828/1473 2201/2827/1447
f 2101/2737/1417 2124/2768/1439 2123/2851/1487 2109/2775/1446
f 2125/2771/1442 2127/2751/1425 2122/2756/1430 2121/2763/1435
f 2122/2756/1430 2127/2751/1425 2149/2750/1424 2145/2757/1431
f 2126/2747/1421 2151/2746/1420 2147/2766/1437 2123/2851/1487
f 2152/2772/1443 2125/2771/1442 2121/2763/1435 2148/2764/1436
f 2151/2746/1420 2152/2772/1443 2148/2764/1436 2147/2766/1437
f 2150/2769/1440 2128/2754/1428 2124/2768/1439 2146/2767/1438
f 2149/2750/1424 2150/2769/1440 2146/2767/1438 2145/2757/1431
f 2126/2747/1421 2123/2851/1487 2124/2768/1439 2128/2754/1428
f 2169/2805/1462 2170/2807/1463 2230/2852/1485 2225/2853/1486
f 2165/2802/1460 2166/2801/1459 2226/2854/1488 2229/2855/1489
f 2200/2708/1400 2165/2802/1460 2229/2855/1489 2228/2856/1490
f 2170/2807/1463 2199/2709/1400 2227/2857/1490 2230/2852/1485
f 2166/2801/1459 2167/2728/1412 2217/2858/1491 2226/2854/1488
f 2168/2733/1414 2169/2805/1462 2225/2853/1486 2219/2859/1492
f 2199/2709/1400 2200/2708/1400 2228/2856/1490 2227/2857/1490
f 2107/2730/1413 2218/2860/1493 2224/2861/1494 2108/2734/1415
f 2105/2727/1411 2223/2862/1495 2220/2863/1496 2106/2724/1409
f 2136/2782/1401 2222/2864/1497 2223/2862/1495 2105/2727/1411
f 2108/2734/1415 2224/2861/1494 2221/2865/1497 2135/2779/1401
f 2106/2724/1409 2220/2863/1496 2217/2858/1491 2167/2728/1412
f 2168/2733/1414 2219/2859/1492 2218/2860/1493 2107/2730/1413
f 2135/2779/1401 2221/2865/1497 2222/2864/1497 2136/2782/1401
f 2235/2866/1488 2154/2793/1454 2153/2796/1456 2240/2867/1489
f 2240/2867/1489 2153/2796/1456 2196/2848/1416 2244/2868/1490
f 2233/2869/1490 2195/2845/1416 2158/2799/1458 2234/2849/1485
f 2236/2870/1491 2155/2716/1405 2154/2793/1454 2235/2866/1488
f 2241/2871/1492 2219/2859/1492 2225/2853/1486 2239/2850/1486
f 2244/2868/1490 2233/2869/1490 2227/2857/1490 2228/2856/1490
f 2238/2872/1493 2099/2718/1406 2100/2722/1408 2237/2873/1494
f 2232/2874/1495 2097/2713/1403 2098/2712/1402 2231/2875/1496
f 2243/2876/1497 2232/2874/1495 2223/2862/1495 2222/2864/1497
f 2237/2873/1494 2100/2722/1408 2131/2783/1447 2242/2877/1497
f 2231/2875/1496 2098/2712/1402 2155/2716/1405 2236/2870/1491
f 2241/2871/1492 2238/2872/1493 2218/2860/1493 2219/2859/1492
f 2243/2876/1497 2222/2864/1497 2221/2865/1497 2242/2877/1497
f 2132/2785/1447 2243/2876/1497 2242/2877/1497 2131/2783/1447
f 2156/2719/1407 2099/2718/1406 2238/2872/1493 2241/2871/1492
f 2220/2863/1496 2231/2875/1496 2236/2870/1491 2217/2858/1491
f 2224/2861/1494 2237/2873/1494 2242/2877/1497 2221/2865/1497
f 2132/2785/1447 2097/2713/1403 2232/2874/1495 2243/2876/1497
f 2223/2862/1495 2232/2874/1495 2231/2875/1496 2220/2863/1496
f 2218/2860/1493 2238/2872/1493 2237/2873/1494 2224/2861/1494
f 2196/2848/1416 2195/2845/1416 2233/2869/1490 2244/2868/1490
f 2156/2719/1407 2241/2871/1492 2239/2850/1486 2157/2797/1457
f 2217/2858/1491 2236/2870/1491 2235/2866/1488 2226/2854/1488
f 2227/2857/1490 2233/2869/1490 2234/2849/1485 2230/2852/1485
f 2229/2855/1489 2240/2867/1489 2244/2868/1490 2228/2856/1490
f 2226/2854/1488 2235/2866/1488 2240/2867/1489 2229/2855/1489
f 2230/2852/1485 2234/2849/1485 2239/2850/1486 2225/2853/1486
f 2127/2751/1425 2125/2771/1442 2119/2774/1445 2117/2752/1426
f 2196/2848/1416 2194/2847/1447 2193/2846/1447 2195/2845/1416
f 2184/2821/1468 2182/2838/1483 2192/2835/1480 2190/2822/1469
f 2191/2826/1472 2189/2832/1477 2185/2831/1476 2186/2829/1474
f 2263/2878/1498 2259/2879/1399 2251/2880/1398 2261/2881/1499
f 2259/2879/1399 2322/2882/1396 2310/2883/1397 2251/2880/1398
f 2321/2884/1395 2258/2885/1393 2250/2886/1392 2309/2887/1394
f 2348/2888/1400 2346/2889/1401 2345/2890/1401 2347/2891/1400
f 2246/2892/1406 2250/2893/1392 2262/2894/1500 2245/2895/1501
f 2303/2896/1407 2309/2897/1394 2250/2893/1392 2246/2892/1406
f 2247/2898/1402 2251/2899/1398 2310/2900/1397 2304/2901/1405
f 2248/2902/1403 2261/2903/1499 2251/2899/1398 2247/2898/1402
f 2254/2904/1413 2253/2905/1415 2264/2906/1502 2258/2907/1393
f 2315/2908/1414 2254/2904/1413 2258/2907/1393 2321/2909/1395
f 2255/2910/1409 2316/2911/1412 2322/2912/1396 2259/2913/1399
f 2256/2914/1503 2255/2910/1409 2259/2913/1399 2263/2915/1498
f 2286/2916/1416 2278/2917/1416 2262/2918/1500 2249/2919/1419
f 2258/2885/1393 2264/2920/1502 2262/2921/1500 2250/2886/1392
f 2287/2922/1400 2281/2923/1400 2263/2878/1498 2260/2924/1446
f 2260/2924/1446 2263/2878/1498 2261/2881/1499 2252/2925/1417
f 2299/2926/1504 2292/2927/1444 2268/2928/1484 2274/2929/1442
f 2297/2930/1440 2289/2931/1441 2265/2932/1483 2275/2933/1505
f 2274/2929/1442 2268/2928/1484 2266/2934/1471 2276/2935/1506
f 2252/2925/1417 2285/2936/1416 2293/2937/1438 2270/2938/1439
f 2352/2939/1401 2319/2940/1465 2335/2941/1507 2359/2942/1508
f 2260/2924/1446 2252/2925/1417 2270/2938/1439 2269/2943/1509
f 2287/2922/1400 2260/2924/1446 2269/2943/1509 2296/2944/1510
f 2288/2945/1400 2287/2922/1400 2296/2944/1510 2295/2946/1511
f 2286/2916/1416 2249/2919/1419 2272/2947/1430 2294/2948/1431
f 2276/2935/1506 2266/2934/1471 2290/2949/1427 2298/2950/1424
f 2298/2950/1424 2290/2949/1427 2289/2931/1441 2297/2930/1440
f 2273/2951/1421 2267/2952/1468 2291/2953/1512 2300/2954/1513
f 2300/2954/1513 2291/2953/1512 2292/2927/1444 2299/2926/1504
f 2285/2936/1416 2286/2916/1416 2294/2948/1431 2293/2937/1438
f 2257/2955/1418 2264/2956/1502 2282/2957/1400 2288/2945/1400
f 2288/2945/1400 2282/2957/1400 2281/2923/1400 2287/2922/1400
f 2252/2925/1417 2261/2881/1499 2277/2958/1416 2285/2936/1416
f 2285/2936/1416 2277/2958/1416 2278/2917/1416 2286/2916/1416
f 2283/2959/1401 2256/2914/1503 2263/2915/1498 2281/2960/1400
f 2253/2905/1415 2284/2961/1401 2282/2962/1400 2264/2906/1502
f 2279/2963/1447 2277/2964/1416 2261/2903/1499 2248/2902/1403
f 2245/2895/1501 2262/2894/1500 2278/2965/1416 2280/2966/1447
f 2323/2967/1452 2327/2968/1514 2325/2969/1515 2311/2970/1453
f 2322/2882/1396 2323/2967/1452 2311/2970/1453 2310/2883/1397
f 2320/2971/1448 2321/2884/1395 2309/2887/1394 2308/2972/1449
f 2280/2966/1447 2278/2965/1416 2277/2964/1416 2279/2963/1447
f 2302/2973/1457 2301/2974/1458 2326/2975/1516 2308/2976/1449
f 2303/2896/1407 2302/2973/1457 2308/2976/1449 2309/2897/1394
f 2305/2977/1454 2304/2901/1405 2310/2900/1397 2311/2978/1453
f 2306/2979/1517 2305/2977/1454 2311/2978/1453 2325/2980/1515
f 2284/2961/1401 2283/2959/1401 2281/2960/1400 2282/2962/1400
f 2314/2981/1462 2320/2982/1448 2328/2983/1518 2313/2984/1463
f 2315/2908/1414 2321/2909/1395 2320/2982/1448 2314/2981/1462
f 2317/2985/1459 2323/2986/1452 2322/2912/1396 2316/2911/1412
f 2318/2987/1519 2327/2988/1514 2323/2986/1452 2317/2985/1459
f 2350/2989/1447 2307/2990/1466 2326/2991/1516 2342/2992/1447
f 2328/2993/1518 2320/2971/1448 2308/2972/1449 2326/2994/1516
f 2351/2995/1401 2324/2996/1434 2327/2968/1514 2345/2997/1401
f 2327/2968/1514 2324/2996/1434 2312/2998/1464 2325/2969/1515
f 2363/2999/1520 2338/3000/1477 2332/3001/1445 2356/3002/1444
f 2361/3003/1481 2339/3004/1521 2329/3005/1429 2353/3006/1441
f 2349/3007/1447 2312/2998/1464 2334/3008/1475 2357/3009/1482
f 2336/3010/1474 2335/2941/1507 2319/2940/1465 2307/2990/1466
f 2357/3009/1482 2334/3008/1475 2339/3004/1521 2361/3003/1481
f 2359/2942/1508 2335/2941/1507 2338/3000/1477 2363/2999/1520
f 2333/3011/1522 2360/3012/1523 2364/3013/1524 2337/3014/1469
f 2360/3012/1523 2359/2942/1508 2363/2999/1520 2364/3013/1524
f 2336/3010/1474 2358/3015/1473 2362/3016/1470 2340/3017/1525
f 2358/3015/1473 2357/3009/1482 2361/3003/1481 2362/3016/1470
f 2333/3011/1522 2334/3008/1475 2312/2998/1464 2324/2996/1434
f 2324/2996/1434 2351/2995/1401 2360/3012/1523 2333/3011/1522
f 2351/2995/1401 2352/2939/1401 2359/2942/1508 2360/3012/1523
f 2307/2990/1466 2350/2989/1447 2358/3015/1473 2336/3010/1474
f 2340/3017/1525 2362/3016/1470 2354/3018/1427 2330/3019/1426
f 2362/3016/1470 2361/3003/1481 2353/3006/1441 2354/3018/1427
f 2337/3014/1469 2364/3013/1524 2355/3020/1423 2331/3021/1422
f 2364/3013/1524 2363/2999/1520 2356/3002/1444 2355/3020/1423
f 2338/3000/1477 2335/2941/1507 2336/3010/1474 2340/3017/1525
f 2319/2940/1465 2352/2939/1401 2346/3022/1401 2328/3023/1518
f 2352/2939/1401 2351/2995/1401 2345/2997/1401 2346/3022/1401
f 2312/2998/1464 2349/3007/1447 2341/3024/1447 2325/2969/1515
f 2349/3007/1447 2350/2989/1447 2342/2992/1447 2341/3024/1447
f 2347/2891/1400 2345/2890/1401 2327/2988/1514 2318/2987/1519
f 2313/2984/1463 2328/2983/1518 2346/2889/1401 2348/2888/1400
f 2343/3025/1416 2306/2979/1517 2325/2980/1515 2341/3026/1447
f 2301/2974/1458 2344/3027/1416 2342/3028/1447 2326/2975/1516
f 2382/3029/1489 2387/3030/1488 2305/2977/1454 2306/2979/1517
f 2249/2919/1419 2262/2918/1500 2264/2956/1502 2257/2955/1418
f 2257/2955/1418 2288/2945/1400 2295/2946/1511 2271/3031/1526
f 2331/3021/1422 2329/3005/1429 2339/3004/1521 2337/3014/1469
f 2326/2991/1516 2307/2990/1466 2319/2940/1465 2328/3023/1518
f 2350/2989/1447 2349/3007/1447 2357/3009/1482 2358/3015/1473
f 2249/2919/1419 2257/2955/1418 2271/3031/1526 2272/2947/1430
f 2273/2951/1421 2269/2943/1509 2270/2938/1439 2275/2933/1505
f 2270/2938/1439 2293/2937/1438 2297/2930/1440 2275/2933/1505
f 2274/2929/1442 2271/3031/1526 2295/2946/1511 2299/2926/1504
f 2300/2954/1513 2296/2944/1510 2269/2943/1509 2273/2951/1421
f 2299/2926/1504 2295/2946/1511 2296/2944/1510 2300/2954/1513
f 2298/2950/1424 2294/2948/1431 2272/2947/1430 2276/2935/1506
f 2297/2930/1440 2293/2937/1438 2294/2948/1431 2298/2950/1424
f 2274/2929/1442 2276/2935/1506 2272/2947/1430 2271/3031/1526
f 2317/2985/1459 2373/3032/1488 2378/3033/1489 2318/2987/1519
f 2313/2984/1463 2377/3034/1485 2374/3035/1486 2314/2981/1462
f 2348/2888/1400 2376/3036/1490 2377/3034/1485 2313/2984/1463
f 2318/2987/1519 2378/3033/1489 2375/3037/1490 2347/2891/1400
f 2314/2981/1462 2374/3035/1486 2365/3038/1492 2315/2908/1414
f 2316/2911/1412 2367/3039/1491 2373/3032/1488 2317/2985/1459
f 2347/2891/1400 2375/3037/1490 2376/3036/1490 2348/2888/1400
f 2255/2910/1409 2256/2914/1503 2372/3040/1495 2366/3041/1496
f 2253/2905/1415 2254/2904/1413 2368/3042/1493 2371/3043/1494
f 2284/2961/1401 2253/2905/1415 2371/3043/1494 2370/3044/1497
f 2256/2914/1503 2283/2959/1401 2369/3045/1497 2372/3040/1495
f 2254/2904/1413 2315/2908/1414 2365/3038/1492 2368/3042/1493
f 2316/2911/1412 2255/2910/1409 2366/3041/1496 2367/3039/1491
f 2283/2959/1401 2284/2961/1401 2370/3044/1497 2369/3045/1497
f 2383/3046/1486 2388/3047/1485 2301/2974/1458 2302/2973/1457
f 2388/3047/1485 2392/3048/1490 2344/3027/1416 2301/2974/1458
f 2381/3049/1490 2382/3029/1489 2306/2979/1517 2343/3025/1416
f 2384/3050/1492 2383/3046/1486 2302/2973/1457 2303/2896/1407
f 2389/3051/1491 2387/3030/1488 2373/3032/1488 2367/3039/1491
f 2392/3048/1490 2376/3036/1490 2375/3037/1490 2381/3049/1490
f 2386/3052/1496 2385/3053/1495 2248/2902/1403 2247/2898/1402
f 2380/3054/1494 2379/3055/1493 2246/2892/1406 2245/2895/1501
f 2391/3056/1497 2370/3044/1497 2371/3043/1494 2380/3054/1494
f 2385/3053/1495 2390/3057/1497 2279/2963/1447 2248/2902/1403
f 2379/3055/1493 2384/3050/1492 2303/2896/1407 2246/2892/1406
f 2389/3051/1491 2367/3039/1491 2366/3041/1496 2386/3052/1496
f 2391/3056/1497 2390/3057/1497 2369/3045/1497 2370/3044/1497
f 2280/2966/1447 2279/2963/1447 2390/3057/1497 2391/3056/1497
f 2304/2901/1405 2389/3051/1491 2386/3052/1496 2247/2898/1402
f 2368/3042/1493 2365/3038/1492 2384/3050/1492 2379/3055/1493
f 2372/3040/1495 2369/3045/1497 2390/3057/1497 2385/3053/1495
f 2280/2966/1447 2391/3056/1497 2380/3054/1494 2245/2895/1501
f 2371/3043/1494 2368/3042/1493 2379/3055/1493 2380/3054/1494
f 2366/3041/1496 2372/3040/1495 2385/3053/1495 2386/3052/1496
f 2344/3027/1416 2392/3048/1490 2381/3049/1490 2343/3025/1416
f 2304/2901/1405 2305/2977/1454 2387/3030/1488 2389/3051/1491
f 2365/3038/1492 2374/3035/1486 2383/3046/1486 2384/3050/1492
f 2375/3037/1490 2378/3033/1489 2382/3029/1489 2381/3049/1490
f 2377/3034/1485 2376/3036/1490 2392/3048/1490 2388/3047/1485
f 2374/3035/1486 2377/3034/1485 2388/3047/1485 2383/3046/1486
f 2378/3033/1489 2373/3032/1488 2387/3030/1488 2382/3029/1489
f 2275/2933/1505 2265/2932/1483 2267/2952/1468 2273/2951/1421
f 2344/3027/1416 2343/3025/1416 2341/3026/1447 2342/3028/1447
f 2332/3001/1445 2338/3000/1477 2340/3017/1525 2330/3019/1426
f 2339/3004/1521 2334/3008/1475 2333/3011/1522 2337/3014/1469
o Cube.027_Cube.018
v 1.576863 -0.169012 -2.546728
v 1.583656 -0.095673 -2.599838
v 1.576863 -0.169012 -2.613256
v 1.583656 -0.095673 -2.645386
v 1.619942 -0.169012 -2.546728
v 1.613149 -0.095673 -2.599838
v 1.619942 -0.169012 -2.613256
v 1.613149 -0.095673 -2.645386
v 1.591333 -0.069653 -2.674595
v 1.591333 -0.069653 -2.700021
v 1.605472 -0.069653 -2.700021
v 1.605472 -0.069653 -2.674595
v 1.576863 -0.169012 -2.879375
v 1.583656 -0.095673 -2.932486
v 1.576863 -0.169012 -2.945903
v 1.583656 -0.095673 -2.978033
v 1.619942 -0.169012 -2.879375
v 1.613149 -0.095673 -2.932486
v 1.619942 -0.169012 -2.945903
v 1.613149 -0.095673 -2.978033
v 1.591333 -0.069653 -3.007242
v 1.591333 -0.069653 -3.032668
v 1.605472 -0.069653 -3.032668
v 1.605472 -0.069653 -3.007242
v 1.576863 -0.169012 -3.212022
v 1.583656 -0.095673 -3.265133
v 1.576863 -0.169012 -3.278550
v 1.583656 -0.095673 -3.310680
v 1.619942 -0.169012 -3.212022
v 1.613149 -0.095673 -3.265133
v 1.619942 -0.169012 -3.278550
v 1.613149 -0.095673 -3.310680
v 1.591333 -0.069653 -3.339890
v 1.591333 -0.069653 -3.365315
v 1.605472 -0.069653 -3.365315
v 1.605472 -0.069653 -3.339890
v 1.576863 -0.169012 -3.544669
v 1.583656 -0.095673 -3.597780
v 1.576863 -0.169012 -3.611197
v 1.583656 -0.095673 -3.643327
v 1.619942 -0.169012 -3.544669
v 1.613149 -0.095673 -3.597780
v 1.619942 -0.169012 -3.611197
v 1.613149 -0.095673 -3.643327
v 1.591333 -0.069653 -3.672537
v 1.591333 -0.069653 -3.697963
v 1.605472 -0.069653 -3.697963
v 1.605472 -0.069653 -3.672537
v 1.576863 -0.169012 -3.877316
v 1.583656 -0.095673 -3.930427
v 1.576863 -0.169012 -3.943844
v 1.583656 -0.095673 -3.975975
v 1.619942 -0.169012 -3.877316
v 1.613149 -0.095673 -3.930427
v 1.619942 -0.169012 -3.943844
v 1.613149 -0.095673 -3.975975
v 1.591333 -0.069653 -4.005184
v 1.591333 -0.069653 -4.030610
v 1.605472 -0.069653 -4.030610
v 1.605472 -0.069653 -4.005184
v -1.576863 -0.169012 -2.546727
v -1.583656 -0.095673 -2.599838
v -1.576863 -0.169012 -2.613256
v -1.583656 -0.095673 -2.645386
v -1.619942 -0.169012 -2.546727
v -1.613149 -0.095673 -2.599838
v -1.619942 -0.169012 -2.613256
v -1.613149 -0.095673 -2.645386
v -1.591333 -0.069653 -2.674595
v -1.591333 -0.069653 -2.700021
v -1.605472 -0.069653 -2.700021
v -1.605472 -0.069653 -2.674595
v -1.576863 -0.169012 -2.879375
v -1.583656 -0.095673 -2.932485
v -1.576863 -0.169012 -2.945903
v -1.583656 -0.095673 -2.978033
v -1.619942 -0.169012 -2.879375
v -1.613149 -0.095673 -2.932485
v -1.619942 -0.169012 -2.945903
v -1.613149 -0.095673 -2.978033
v -1.591333 -0.069653 -3.007242
v -1.591333 -0.069653 -3.032668
v -1.605472 -0.069653 -3.032668
v -1.605472 -0.069653 -3.007242
v -1.576863 -0.169012 -3.212022
v -1.583656 -0.095673 -3.265132
v -1.576863 -0.169012 -3.278550
v -1.583656 -0.095673 -3.310680
v -1.619942 -0.169012 -3.212022
v -1.613149 -0.095673 -3.265132
v -1.619942 -0.169012 -3.278550
v -1.613149 -0.095673 -3.310680
v -1.591333 -0.069653 -3.339889
v -1.591333 -0.069653 -3.365315
v -1.605472 -0.069653 -3.365315
v -1.605472 -0.069653 -3.339889
v -1.576863 -0.169012 -3.544669
v -1.583656 -0.095673 -3.597779
v -1.576863 -0.169012 -3.611197
v -1.583656 -0.095673 -3.643327
v -1.619942 -0.169012 -3.544669
v -1.613149 -0.095673 -3.597779
v -1.619942 -0.169012 -3.611197
v -1.613149 -0.095673 -3.643327
v -1.591333 -0.069653 -3.672536
v -1.591333 -0.069653 -3.697962
v -1.605472 -0.069653 -3.697962
v -1.605472 -0.069653 -3.672536
v -1.576863 -0.169012 -3.877316
v -1.583656 -0.095673 -3.930427
v -1.576863 -0.169012 -3.943844
v -1.583656 -0.095673 -3.975974
v -1.619942 -0.169012 -3.877316
v -1.613149 -0.095673 -3.930427
v -1.619942 -0.169012 -3.943844
v -1.613149 -0.095673 -3.975974
v -1.591333 -0.069653 -4.005183
v -1.591333 -0.069653 -4.030609
v -1.605472 -0.069653 -4.030609
v -1.605472 -0.069653 -4.005183
v 1.576863 0.277654 -2.546727
v 1.583656 0.204316 -2.599838
v 1.576863 0.277654 -2.613256
v 1.583656 0.204316 -2.645386
v 1.619942 0.277654 -2.546727
v 1.613150 0.204316 -2.599838
v 1.619942 0.277654 -2.613256
v 1.613150 0.204316 -2.645386
v 1.591333 0.178296 -2.674595
v 1.591333 0.178296 -2.700021
v 1.605472 0.178296 -2.700021
v 1.605472 0.178296 -2.674595
v 1.576863 0.277654 -2.879375
v 1.583656 0.204316 -2.932485
v 1.576863 0.277654 -2.945903
v 1.583656 0.204316 -2.978033
v 1.619942 0.277654 -2.879375
v 1.613150 0.204316 -2.932485
v 1.619942 0.277654 -2.945903
v 1.613150 0.204316 -2.978033
v 1.591333 0.178296 -3.007242
v 1.591333 0.178296 -3.032668
v 1.605472 0.178296 -3.032668
v 1.605472 0.178296 -3.007242
v 1.576863 0.277654 -3.212022
v 1.583656 0.204316 -3.265132
v 1.576863 0.277654 -3.278550
v 1.583656 0.204316 -3.310680
v 1.619942 0.277654 -3.212022
v 1.613150 0.204316 -3.265132
v 1.619942 0.277654 -3.278550
v 1.613150 0.204316 -3.310680
v 1.591333 0.178296 -3.339889
v 1.591333 0.178296 -3.365315
v 1.605472 0.178296 -3.365315
v 1.605472 0.178296 -3.339889
v 1.576863 0.277654 -3.544669
v 1.583656 0.204316 -3.597779
v 1.576863 0.277654 -3.611197
v 1.583656 0.204316 -3.643327
v 1.619942 0.277654 -3.544669
v 1.613150 0.204316 -3.597779
v 1.619942 0.277654 -3.611197
v 1.613150 0.204316 -3.643327
v 1.591333 0.178296 -3.672536
v 1.591333 0.178296 -3.697962
v 1.605472 0.178296 -3.697962
v 1.605472 0.178296 -3.672536
v 1.576863 0.277654 -3.877316
v 1.583656 0.204316 -3.930427
v 1.576863 0.277654 -3.943844
v 1.583656 0.204316 -3.975974
v 1.619942 0.277654 -3.877316
v 1.613150 0.204316 -3.930427
v 1.619942 0.277654 -3.943844
v 1.613150 0.204316 -3.975974
v 1.591333 0.178296 -4.005183
v 1.591333 0.178296 -4.030609
v 1.605472 0.178296 -4.030609
v 1.605472 0.178296 -4.005183
v -1.576863 0.277654 -2.546727
v -1.583656 0.204315 -2.599838
v -1.576863 0.277654 -2.613256
v -1.583656 0.204315 -2.645386
v -1.619942 0.277654 -2.546727
v -1.613149 0.204315 -2.599838
v -1.619942 0.277654 -2.613256
v -1.613149 0.204315 -2.645386
v -1.591332 0.178295 -2.674595
v -1.591332 0.178295 -2.700021
v -1.605472 0.178295 -2.700021
v -1.605472 0.178295 -2.674595
v -1.576863 0.277654 -2.879374
v -1.583656 0.204315 -2.932485
v -1.576863 0.277654 -2.945903
v -1.583656 0.204315 -2.978033
v -1.619942 0.277654 -2.879374
v -1.613149 0.204315 -2.932485
v -1.619942 0.277654 -2.945903
v -1.613149 0.204315 -2.978033
v -1.591332 0.178295 -3.007242
v -1.591332 0.178295 -3.032668
v -1.605472 0.178295 -3.032668
v -1.605472 0.178295 -3.007242
v -1.576863 0.277654 -3.212021
v -1.583656 0.204315 -3.265132
v -1.576863 0.277654 -3.278550
v -1.583656 0.204315 -3.310680
v -1.619942 0.277654 -3.212021
v -1.613149 0.204315 -3.265132
v -1.619942 0.277654 -3.278550
v -1.613149 0.204315 -3.310680
v -1.591332 0.178295 -3.339889
v -1.591332 0.178295 -3.365315
v -1.605472 0.178295 -3.365315
v -1.605472 0.178295 -3.339889
v -1.576863 0.277654 -3.544668
v -1.583656 0.204315 -3.597779
v -1.576863 0.277654 -3.611197
v -1.583656 0.204315 -3.643327
v -1.619942 0.277654 -3.544668
v -1.613149 0.204315 -3.597779
v -1.619942 0.277654 -3.611197
v -1.613149 0.204315 -3.643327
v -1.591332 0.178295 -3.672536
v -1.591332 0.178295 -3.697962
v -1.605472 0.178295 -3.697962
v -1.605472 0.178295 -3.672536
v -1.576863 0.277654 -3.877315
v -1.583656 0.204315 -3.930426
v -1.576863 0.277654 -3.943844
v -1.583656 0.204315 -3.975974
v -1.619942 0.277654 -3.877315
v -1.613149 0.204315 -3.930426
v -1.619942 0.277654 -3.943844
v -1.613149 0.204315 -3.975974
v -1.591332 0.178295 -4.005183
v -1.591332 0.178295 -4.030609
v -1.605472 0.178295 -4.030609
v -1.605472 0.178295 -4.005183
vt 0.375000 0.000000
vt 0.625000 0.000000
vt 0.625000 0.250000
vt 0.375000 0.250000
vt 0.625000 0.500000
vt 0.375000 0.500000
vt 0.625000 0.750000
vt 0.375000 0.750000
vt 0.625000 1.000000
vt 0.375000 1.000000
vt 0.625000 0.000000
vt 0.625000 0.250000
vt 0.625000 0.500000
vt 0.875000 0.500000
vt 0.875000 0.750000
vt 0.625000 0.750000
vt 0.625000 1.000000
vt 0.375000 0.000000
vt 0.625000 0.000000
vt 0.625000 0.250000
vt 0.375000 0.250000
vt 0.625000 0.500000
vt 0.375000 0.500000
vt 0.625000 0.750000
vt 0.375000 0.750000
vt 0.625000 1.000000
vt 0.375000 1.000000
vt 0.625000 0.000000
vt 0.625000 0.250000
vt 0.625000 0.500000
vt 0.875000 0.500000
vt 0.875000 0.750000
vt 0.625000 0.750000
vt 0.625000 1.000000
vt 0.375000 0.000000
vt 0.625000 0.000000
vt 0.625000 0.250000
vt 0.375000 0.250000
vt 0.625000 0.500000
vt 0.375000 0.500000
vt 0.625000 0.750000
vt 0.375000 0.750000
vt 0.625000 1.000000
vt 0.375000 1.000000
vt 0.625000 0.000000
vt 0.625000 0.250000
vt 0.625000 0.500000
vt 0.875000 0.500000
vt 0.875000 0.750000
vt 0.625000 0.750000
vt 0.625000 1.000000
vt 0.375000 0.000000
vt 0.625000 0.000000
vt 0.625000 0.250000
vt 0.375000 0.250000
vt 0.625000 0.500000
vt 0.375000 0.500000
vt 0.625000 0.750000
vt 0.375000 0.750000
vt 0.625000 1.000000
vt 0.375000 1.000000
vt 0.625000 0.000000
vt 0.625000 0.250000
vt 0.625000 0.500000
vt 0.875000 0.500000
vt 0.875000 0.750000
vt 0.625000 0.750000
vt 0.625000 1.000000
vt 0.375000 0.000000
vt 0.625000 0.000000
vt 0.625000 0.250000
vt 0.375000 0.250000
vt 0.625000 0.500000
vt 0.375000 0.500000
vt 0.625000 0.750000
vt 0.375000 0.750000
vt 0.625000 1.000000
vt 0.375000 1.000000
vt 0.625000 0.000000
vt 0.625000 0.250000
vt 0.625000 0.500000
vt 0.875000 0.500000
vt 0.875000 0.750000
vt 0.625000 0.750000
vt 0.625000 1.000000
vt 0.375000 0.000000
vt 0.375000 0.250000
vt 0.625000 0.250000
vt 0.625000 0.000000
vt 0.375000 0.500000
vt 0.625000 0.500000
vt 0.375000 0.750000
vt 0.625000 0.750000
vt 0.375000 1.000000
vt 0.625000 1.000000
vt 0.625000 0.250000
vt 0.625000 0.000000
vt 0.625000 0.500000
vt 0.625000 0.750000
vt 0.875000 0.750000
vt 0.875000 0.500000
vt 0.625000 1.000000
vt 0.375000 0.000000
vt 0.375000 0.250000
vt 0.625000 0.250000
vt 0.625000 0.000000
vt 0.375000 0.500000
vt 0.625000 0.500000
vt 0.375000 0.750000
vt 0.625000 0.750000
vt 0.375000 1.000000
vt 0.625000 1.000000
vt 0.625000 0.250000
vt 0.625000 0.000000
vt 0.625000 0.500000
vt 0.625000 0.750000
vt 0.875000 0.750000
vt 0.875000 0.500000
vt 0.625000 1.000000
vt 0.375000 0.000000
vt 0.375000 0.250000
vt 0.625000 0.250000
vt 0.625000 0.000000
vt 0.375000 0.500000
vt 0.625000 0.500000
vt 0.375000 0.750000
vt 0.625000 0.750000
vt 0.375000 1.000000
vt 0.625000 1.000000
vt 0.625000 0.250000
vt 0.625000 0.000000
vt 0.625000 0.500000
vt 0.625000 0.750000
vt 0.875000 0.750000
vt 0.875000 0.500000
vt 0.625000 1.000000
vt 0.375000 0.000000
vt 0.375000 0.250000
vt 0.625000 0.250000
vt 0.625000 0.000000
vt 0.375000 0.500000
vt 0.625000 0.500000
vt 0.375000 0.750000
vt 0.625000 0.750000
vt 0.375000 1.000000
vt 0.625000 1.000000
vt 0.625000 0.250000
vt 0.625000 0.000000
vt 0.625000 0.500000
vt 0.625000 0.750000
vt 0.875000 0.750000
vt 0.875000 0.500000
vt 0.625000 1.000000
vt 0.375000 0.000000
vt 0.375000 0.250000
vt 0.625000 0.250000
vt 0.625000 0.000000
vt 0.375000 0.500000
vt 0.625000 0.500000
vt 0.375000 0.750000
vt 0.625000 0.750000
vt 0.375000 1.000000
vt 0.625000 1.000000
vt 0.625000 0.250000
vt 0.625000 0.000000
vt 0.625000 0.500000
vt 0.625000 0.750000
vt 0.875000 0.750000
vt 0.875000 0.500000
vt 0.625000 1.000000
vt 0.375000 0.000000
vt 0.375000 0.250000
vt 0.625000 0.250000
vt 0.625000 0.000000
vt 0.375000 0.500000
vt 0.625000 0.500000
vt 0.375000 0.750000
vt 0.625000 0.750000
vt 0.375000 1.000000
vt 0.625000 1.000000
vt 0.625000 0.250000
vt 0.625000 0.000000
vt 0.625000 0.500000
vt 0.625000 0.750000
vt 0.875000 0.750000
vt 0.875000 0.500000
vt 0.625000 1.000000
vt 0.375000 0.000000
vt 0.375000 0.250000
vt 0.625000 0.250000
vt 0.625000 0.000000
vt 0.375000 0.500000
vt 0.625000 0.500000
vt 0.375000 0.750000
vt 0.625000 0.750000
vt 0.375000 1.000000
vt 0.625000 1.000000
vt 0.625000 0.250000
vt 0.625000 0.000000
vt 0.625000 0.500000
vt 0.625000 0.750000
vt 0.875000 0.750000
vt 0.875000 0.500000
vt 0.625000 1.000000
vt 0.375000 0.000000
vt 0.375000 0.250000
vt 0.625000 0.250000
vt 0.625000 0.000000
vt 0.375000 0.500000
vt 0.625000 0.500000
vt 0.375000 0.750000
vt 0.625000 0.750000
vt 0.375000 1.000000
vt 0.625000 1.000000
vt 0.625000 0.250000
vt 0.625000 0.000000
vt 0.625000 0.500000
vt 0.625000 0.750000
vt 0.875000 0.750000
vt 0.875000 0.500000
vt 0.625000 1.000000
vt 0.375000 0.000000
vt 0.375000 0.250000
vt 0.625000 0.250000
vt 0.625000 0.000000
vt 0.375000 0.500000
vt 0.625000 0.500000
vt 0.375000 0.750000
vt 0.625000 0.750000
vt 0.375000 1.000000
vt 0.625000 1.000000
vt 0.625000 0.250000
vt 0.625000 0.000000
vt 0.625000 0.500000
vt 0.625000 0.750000
vt 0.875000 0.750000
vt 0.875000 0.500000
vt 0.625000 1.000000
vt 0.375000 0.000000
vt 0.375000 0.250000
vt 0.625000 0.250000
vt 0.625000 0.000000
vt 0.375000 0.500000
vt 0.625000 0.500000
vt 0.375000 0.750000
vt 0.625000 0.750000
vt 0.375000 1.000000
vt 0.625000 1.000000
vt 0.625000 0.250000
vt 0.625000 0.000000
vt 0.625000 0.500000
vt 0.625000 0.750000
vt 0.875000 0.750000
vt 0.875000 0.500000
vt 0.625000 1.000000
vt 0.375000 0.000000
vt 0.625000 0.000000
vt 0.625000 0.250000
vt 0.375000 0.250000
vt 0.625000 0.500000
vt 0.375000 0.500000
vt 0.625000 0.750000
vt 0.375000 0.750000
vt 0.625000 1.000000
vt 0.375000 1.000000
vt 0.625000 0.000000
vt 0.625000 0.250000
vt 0.625000 0.500000
vt 0.875000 0.500000
vt 0.875000 0.750000
vt 0.625000 0.750000
vt 0.625000 1.000000
vt 0.375000 0.000000
vt 0.625000 0.000000
vt 0.625000 0.250000
vt 0.375000 0.250000
vt 0.625000 0.500000
vt 0.375000 0.500000
vt 0.625000 0.750000
vt 0.375000 0.750000
vt 0.625000 1.000000
vt 0.375000 1.000000
vt 0.625000 0.000000
vt 0.625000 0.250000
vt 0.625000 0.500000
vt 0.875000 0.500000
vt 0.875000 0.750000
vt 0.625000 0.750000
vt 0.625000 1.000000
vt 0.375000 0.000000
vt 0.625000 0.000000
vt 0.625000 0.250000
vt 0.375000 0.250000
vt 0.625000 0.500000
vt 0.375000 0.500000
vt 0.625000 0.750000
vt 0.375000 0.750000
vt 0.625000 1.000000
vt 0.375000 1.000000
vt 0.625000 0.000000
vt 0.625000 0.250000
vt 0.625000 0.500000
vt 0.875000 0.500000
vt 0.875000 0.750000
vt 0.625000 0.750000
vt 0.625000 1.000000
vt 0.375000 0.000000
vt 0.625000 0.000000
vt 0.625000 0.250000
vt 0.375000 0.250000
vt 0.625000 0.500000
vt 0.375000 0.500000
vt 0.625000 0.750000
vt 0.375000 0.750000
vt 0.625000 1.000000
vt 0.375000 1.000000
vt 0.625000 0.000000
vt 0.625000 0.250000
vt 0.625000 0.500000
vt 0.875000 0.500000
vt 0.875000 0.750000
vt 0.625000 0.750000
vt 0.625000 1.000000
vt 0.375000 0.000000
vt 0.625000 0.000000
vt 0.625000 0.250000
vt 0.375000 0.250000
vt 0.625000 0.500000
vt 0.375000 0.500000
vt 0.625000 0.750000
vt 0.375000 0.750000
vt 0.625000 1.000000
vt 0.375000 1.000000
vt 0.625000 0.000000
vt 0.625000 0.250000
vt 0.625000 0.500000
vt 0.875000 0.500000
vt 0.875000 0.750000
vt 0.625000 0.750000
vt 0.625000 1.000000
vn -0.9957 0.0922 0.0000
vn 0.0000 -0.4013 -0.9160
vn 0.9957 0.0922 0.0000
vn 0.0000 0.5865 0.8099
vn -0.9591 0.2830 0.0000
vn 0.0000 1.0000 0.0000
vn 0.0000 0.9444 0.3287
vn 0.0000 -0.9028 -0.4300
vn 0.9591 0.2830 0.0000
vn -0.9957 -0.0922 0.0000
vn 0.0000 0.4013 -0.9160
vn 0.9957 -0.0922 0.0000
vn 0.0000 -0.5865 0.8099
vn -0.9591 -0.2830 0.0000
vn 0.0000 -1.0000 0.0000
vn 0.0000 -0.9444 0.3287
vn 0.0000 0.9028 -0.4300
vn 0.9591 -0.2830 0.0000
usemtl Gold
s off
f 2393/3058/1527 2394/3059/1527 2396/3060/1527 2395/3061/1527
f 2395/3061/1528 2396/3060/1528 2400/3062/1528 2399/3063/1528
f 2399/3063/1529 2400/3062/1529 2398/3064/1529 2397/3065/1529
f 2397/3065/1530 2398/3064/1530 2394/3066/1530 2393/3067/1530
f 2396/3060/1531 2394/3059/1531 2401/3068/1531 2402/3069/1531
f 2403/3070/1532 2402/3071/1532 2401/3072/1532 2404/3073/1532
f 2394/3066/1533 2398/3064/1533 2404/3073/1533 2401/3074/1533
f 2400/3062/1534 2396/3060/1534 2402/3069/1534 2403/3070/1534
f 2398/3064/1535 2400/3062/1535 2403/3070/1535 2404/3073/1535
f 2405/3075/1527 2406/3076/1527 2408/3077/1527 2407/3078/1527
f 2407/3078/1528 2408/3077/1528 2412/3079/1528 2411/3080/1528
f 2411/3080/1529 2412/3079/1529 2410/3081/1529 2409/3082/1529
f 2409/3082/1530 2410/3081/1530 2406/3083/1530 2405/3084/1530
f 2408/3077/1531 2406/3076/1531 2413/3085/1531 2414/3086/1531
f 2415/3087/1532 2414/3088/1532 2413/3089/1532 2416/3090/1532
f 2406/3083/1533 2410/3081/1533 2416/3090/1533 2413/3091/1533
f 2412/3079/1534 2408/3077/1534 2414/3086/1534 2415/3087/1534
f 2410/3081/1535 2412/3079/1535 2415/3087/1535 2416/3090/1535
f 2417/3092/1527 2418/3093/1527 2420/3094/1527 2419/3095/1527
f 2419/3095/1528 2420/3094/1528 2424/3096/1528 2423/3097/1528
f 2423/3097/1529 2424/3096/1529 2422/3098/1529 2421/3099/1529
f 2421/3099/1530 2422/3098/1530 2418/3100/1530 2417/3101/1530
f 2420/3094/1531 2418/3093/1531 2425/3102/1531 2426/3103/1531
f 2427/3104/1532 2426/3105/1532 2425/3106/1532 2428/3107/1532
f 2418/3100/1533 2422/3098/1533 2428/3107/1533 2425/3108/1533
f 2424/3096/1534 2420/3094/1534 2426/3103/1534 2427/3104/1534
f 2422/3098/1535 2424/3096/1535 2427/3104/1535 2428/3107/1535
f 2429/3109/1527 2430/3110/1527 2432/3111/1527 2431/3112/1527
f 2431/3112/1528 2432/3111/1528 2436/3113/1528 2435/3114/1528
f 2435/3114/1529 2436/3113/1529 2434/3115/1529 2433/3116/1529
f 2433/3116/1530 2434/3115/1530 2430/3117/1530 2429/3118/1530
f 2432/3111/1531 2430/3110/1531 2437/3119/1531 2438/3120/1531
f 2439/3121/1532 2438/3122/1532 2437/3123/1532 2440/3124/1532
f 2430/3117/1533 2434/3115/1533 2440/3124/1533 2437/3125/1533
f 2436/3113/1534 2432/3111/1534 2438/3120/1534 2439/3121/1534
f 2434/3115/1535 2436/3113/1535 2439/3121/1535 2440/3124/1535
f 2441/3126/1527 2442/3127/1527 2444/3128/1527 2443/3129/1527
f 2443/3129/1528 2444/3128/1528 2448/3130/1528 2447/3131/1528
f 2447/3131/1529 2448/3130/1529 2446/3132/1529 2445/3133/1529
f 2445/3133/1530 2446/3132/1530 2442/3134/1530 2441/3135/1530
f 2444/3128/1531 2442/3127/1531 2449/3136/1531 2450/3137/1531
f 2451/3138/1532 2450/3139/1532 2449/3140/1532 2452/3141/1532
f 2442/3134/1533 2446/3132/1533 2452/3141/1533 2449/3142/1533
f 2448/3130/1534 2444/3128/1534 2450/3137/1534 2451/3138/1534
f 2446/3132/1535 2448/3130/1535 2451/3138/1535 2452/3141/1535
f 2453/3143/1529 2455/3144/1529 2456/3145/1529 2454/3146/1529
f 2455/3144/1528 2459/3147/1528 2460/3148/1528 2456/3145/1528
f 2459/3147/1527 2457/3149/1527 2458/3150/1527 2460/3148/1527
f 2457/3149/1530 2453/3151/1530 2454/3152/1530 2458/3150/1530
f 2456/3145/1535 2462/3153/1535 2461/3154/1535 2454/3146/1535
f 2463/3155/1532 2464/3156/1532 2461/3157/1532 2462/3158/1532
f 2454/3152/1533 2461/3159/1533 2464/3156/1533 2458/3150/1533
f 2460/3148/1534 2463/3155/1534 2462/3153/1534 2456/3145/1534
f 2458/3150/1531 2464/3156/1531 2463/3155/1531 2460/3148/1531
f 2465/3160/1529 2467/3161/1529 2468/3162/1529 2466/3163/1529
f 2467/3161/1528 2471/3164/1528 2472/3165/1528 2468/3162/1528
f 2471/3164/1527 2469/3166/1527 2470/3167/1527 2472/3165/1527
f 2469/3166/1530 2465/3168/1530 2466/3169/1530 2470/3167/1530
f 2468/3162/1535 2474/3170/1535 2473/3171/1535 2466/3163/1535
f 2475/3172/1532 2476/3173/1532 2473/3174/1532 2474/3175/1532
f 2466/3169/1533 2473/3176/1533 2476/3173/1533 2470/3167/1533
f 2472/3165/1534 2475/3172/1534 2474/3170/1534 2468/3162/1534
f 2470/3167/1531 2476/3173/1531 2475/3172/1531 2472/3165/1531
f 2477/3177/1529 2479/3178/1529 2480/3179/1529 2478/3180/1529
f 2479/3178/1528 2483/3181/1528 2484/3182/1528 2480/3179/1528
f 2483/3181/1527 2481/3183/1527 2482/3184/1527 2484/3182/1527
f 2481/3183/1530 2477/3185/1530 2478/3186/1530 2482/3184/1530
f 2480/3179/1535 2486/3187/1535 2485/3188/1535 2478/3180/1535
f 2487/3189/1532 2488/3190/1532 2485/3191/1532 2486/3192/1532
f 2478/3186/1533 2485/3193/1533 2488/3190/1533 2482/3184/1533
f 2484/3182/1534 2487/3189/1534 2486/3187/1534 2480/3179/1534
f 2482/3184/1531 2488/3190/1531 2487/3189/1531 2484/3182/1531
f 2489/3194/1529 2491/3195/1529 2492/3196/1529 2490/3197/1529
f 2491/3195/1528 2495/3198/1528 2496/3199/1528 2492/3196/1528
f 2495/3198/1527 2493/3200/1527 2494/3201/1527 2496/3199/1527
f 2493/3200/1530 2489/3202/1530 2490/3203/1530 2494/3201/1530
f 2492/3196/1535 2498/3204/1535 2497/3205/1535 2490/3197/1535
f 2499/3206/1532 2500/3207/1532 2497/3208/1532 2498/3209/1532
f 2490/3203/1533 2497/3210/1533 2500/3207/1533 2494/3201/1533
f 2496/3199/1534 2499/3206/1534 2498/3204/1534 2492/3196/1534
f 2494/3201/1531 2500/3207/1531 2499/3206/1531 2496/3199/1531
f 2501/3211/1529 2503/3212/1529 2504/3213/1529 2502/3214/1529
f 2503/3212/1528 2507/3215/1528 2508/3216/1528 2504/3213/1528
f 2507/3215/1527 2505/3217/1527 2506/3218/1527 2508/3216/1527
f 2505/3217/1530 2501/3219/1530 2502/3220/1530 2506/3218/1530
f 2504/3213/1535 2510/3221/1535 2509/3222/1535 2502/3214/1535
f 2511/3223/1532 2512/3224/1532 2509/3225/1532 2510/3226/1532
f 2502/3220/1533 2509/3227/1533 2512/3224/1533 2506/3218/1533
f 2508/3216/1534 2511/3223/1534 2510/3221/1534 2504/3213/1534
f 2506/3218/1531 2512/3224/1531 2511/3223/1531 2508/3216/1531
f 2513/3228/1536 2515/3229/1536 2516/3230/1536 2514/3231/1536
f 2515/3229/1537 2519/3232/1537 2520/3233/1537 2516/3230/1537
f 2519/3232/1538 2517/3234/1538 2518/3235/1538 2520/3233/1538
f 2517/3234/1539 2513/3236/1539 2514/3237/1539 2518/3235/1539
f 2516/3230/1540 2522/3238/1540 2521/3239/1540 2514/3231/1540
f 2523/3240/1541 2524/3241/1541 2521/3242/1541 2522/3243/1541
f 2514/3237/1542 2521/3244/1542 2524/3241/1542 2518/3235/1542
f 2520/3233/1543 2523/3240/1543 2522/3238/1543 2516/3230/1543
f 2518/3235/1544 2524/3241/1544 2523/3240/1544 2520/3233/1544
f 2525/3245/1536 2527/3246/1536 2528/3247/1536 2526/3248/1536
f 2527/3246/1537 2531/3249/1537 2532/3250/1537 2528/3247/1537
f 2531/3249/1538 2529/3251/1538 2530/3252/1538 2532/3250/1538
f 2529/3251/1539 2525/3253/1539 2526/3254/1539 2530/3252/1539
f 2528/3247/1540 2534/3255/1540 2533/3256/1540 2526/3248/1540
f 2535/3257/1541 2536/3258/1541 2533/3259/1541 2534/3260/1541
f 2526/3254/1542 2533/3261/1542 2536/3258/1542 2530/3252/1542
f 2532/3250/1543 2535/3257/1543 2534/3255/1543 2528/3247/1543
f 2530/3252/1544 2536/3258/1544 2535/3257/1544 2532/3250/1544
f 2537/3262/1536 2539/3263/1536 2540/3264/1536 2538/3265/1536
f 2539/3263/1537 2543/3266/1537 2544/3267/1537 2540/3264/1537
f 2543/3266/1538 2541/3268/1538 2542/3269/1538 2544/3267/1538
f 2541/3268/1539 2537/3270/1539 2538/3271/1539 2542/3269/1539
f 2540/3264/1540 2546/3272/1540 2545/3273/1540 2538/3265/1540
f 2547/3274/1541 2548/3275/1541 2545/3276/1541 2546/3277/1541
f 2538/3271/1542 2545/3278/1542 2548/3275/1542 2542/3269/1542
f 2544/3267/1543 2547/3274/1543 2546/3272/1543 2540/3264/1543
f 2542/3269/1544 2548/3275/1544 2547/3274/1544 2544/3267/1544
f 2549/3279/1536 2551/3280/1536 2552/3281/1536 2550/3282/1536
f 2551/3280/1537 2555/3283/1537 2556/3284/1537 2552/3281/1537
f 2555/3283/1538 2553/3285/1538 2554/3286/1538 2556/3284/1538
f 2553/3285/1539 2549/3287/1539 2550/3288/1539 2554/3286/1539
f 2552/3281/1540 2558/3289/1540 2557/3290/1540 2550/3282/1540
f 2559/3291/1541 2560/3292/1541 2557/3293/1541 2558/3294/1541
f 2550/3288/1542 2557/3295/1542 2560/3292/1542 2554/3286/1542
f 2556/3284/1543 2559/3291/1543 2558/3289/1543 2552/3281/1543
f 2554/3286/1544 2560/3292/1544 2559/3291/1544 2556/3284/1544
f 2561/3296/1536 2563/3297/1536 2564/3298/1536 2562/3299/1536
f 2563/3297/1537 2567/3300/1537 2568/3301/1537 2564/3298/1537
f 2567/3300/1538 2565/3302/1538 2566/3303/1538 2568/3301/1538
f 2565/3302/1539 2561/3304/1539 2562/3305/1539 2566/3303/1539
f 2564/3298/1540 2570/3306/1540 2569/3307/1540 2562/3299/1540
f 2571/3308/1541 2572/3309/1541 2569/3310/1541 2570/3311/1541
f 2562/3305/1542 2569/3312/1542 2572/3309/1542 2566/3303/1542
f 2568/3301/1543 2571/3308/1543 2570/3306/1543 2564/3298/1543
f 2566/3303/1544 2572/3309/1544 2571/3308/1544 2568/3301/1544
f 2573/3313/1538 2574/3314/1538 2576/3315/1538 2575/3316/1538
f 2575/3316/1537 2576/3315/1537 2580/3317/1537 2579/3318/1537
f 2579/3318/1536 2580/3317/1536 2578/3319/1536 2577/3320/1536
f 2577/3320/1539 2578/3319/1539 2574/3321/1539 2573/3322/1539
f 2576/3315/1544 2574/3314/1544 2581/3323/1544 2582/3324/1544
f 2583/3325/1541 2582/3326/1541 2581/3327/1541 2584/3328/1541
f 2574/3321/1542 2578/3319/1542 2584/3328/1542 2581/3329/1542
f 2580/3317/1543 2576/3315/1543 2582/3324/1543 2583/3325/1543
f 2578/3319/1540 2580/3317/1540 2583/3325/1540 2584/3328/1540
f 2585/3330/1538 2586/3331/1538 2588/3332/1538 2587/3333/1538
f 2587/3333/1537 2588/3332/1537 2592/3334/1537 2591/3335/1537
f 2591/3335/1536 2592/3334/1536 2590/3336/1536 2589/3337/1536
f 2589/3337/1539 2590/3336/1539 2586/3338/1539 2585/3339/1539
f 2588/3332/1544 2586/3331/1544 2593/3340/1544 2594/3341/1544
f 2595/3342/1541 2594/3343/1541 2593/3344/1541 2596/3345/1541
f 2586/3338/1542 2590/3336/1542 2596/3345/1542 2593/3346/1542
f 2592/3334/1543 2588/3332/1543 2594/3341/1543 2595/3342/1543
f 2590/3336/1540 2592/3334/1540 2595/3342/1540 2596/3345/1540
f 2597/3347/1538 2598/3348/1538 2600/3349/1538 2599/3350/1538
f 2599/3350/1537 2600/3349/1537 2604/3351/1537 2603/3352/1537
f 2603/3352/1536 2604/3351/1536 2602/3353/1536 2601/3354/1536
f 2601/3354/1539 2602/3353/1539 2598/3355/1539 2597/3356/1539
f 2600/3349/1544 2598/3348/1544 2605/3357/1544 2606/3358/1544
f 2607/3359/1541 2606/3360/1541 2605/3361/1541 2608/3362/1541
f 2598/3355/1542 2602/3353/1542 2608/3362/1542 2605/3363/1542
f 2604/3351/1543 2600/3349/1543 2606/3358/1543 2607/3359/1543
f 2602/3353/1540 2604/3351/1540 2607/3359/1540 2608/3362/1540
f 2609/3364/1538 2610/3365/1538 2612/3366/1538 2611/3367/1538
f 2611/3367/1537 2612/3366/1537 2616/3368/1537 2615/3369/1537
f 2615/3369/1536 2616/3368/1536 2614/3370/1536 2613/3371/1536
f 2613/3371/1539 2614/3370/1539 2610/3372/1539 2609/3373/1539
f 2612/3366/1544 2610/3365/1544 2617/3374/1544 2618/3375/1544
f 2619/3376/1541 2618/3377/1541 2617/3378/1541 2620/3379/1541
f 2610/3372/1542 2614/3370/1542 2620/3379/1542 2617/3380/1542
f 2616/3368/1543 2612/3366/1543 2618/3375/1543 2619/3376/1543
f 2614/3370/1540 2616/3368/1540 2619/3376/1540 2620/3379/1540
f 2621/3381/1538 2622/3382/1538 2624/3383/1538 2623/3384/1538
f 2623/3384/1537 2624/3383/1537 2628/3385/1537 2627/3386/1537
f 2627/3386/1536 2628/3385/1536 2626/3387/1536 2625/3388/1536
f 2625/3388/1539 2626/3387/1539 2622/3389/1539 2621/3390/1539
f 2624/3383/1544 2622/3382/1544 2629/3391/1544 2630/3392/1544
f 2631/3393/1541 2630/3394/1541 2629/3395/1541 2632/3396/1541
f 2622/3389/1542 2626/3387/1542 2632/3396/1542 2629/3397/1542
f 2628/3385/1543 2624/3383/1543 2630/3392/1543 2631/3393/1543
f 2626/3387/1540 2628/3385/1540 2631/3393/1540 2632/3396/1540
o Cylinder.064_Cylinder.074
v 1.762093 0.026808 -2.107593
v 1.780323 0.052666 -2.107593
v 1.731868 0.036156 -2.107593
v 1.731418 0.067790 -2.107593
v 1.761365 0.077994 -2.107593
v 1.780323 0.052666 -4.254374
v 1.762093 0.026808 -4.254374
v 1.731868 0.036156 -4.254374
v 1.731418 0.067790 -4.254374
v 1.761365 0.077994 -4.254374
v 1.437925 0.026808 -2.107593
v 1.419695 0.052666 -2.107593
v 1.468150 0.036156 -2.107593
v 1.468600 0.067790 -2.107593
v 1.438653 0.077994 -2.107593
v 1.419695 0.052666 -4.254374
v 1.437925 0.026808 -4.254374
v 1.468150 0.036156 -4.254374
v 1.468600 0.067790 -4.254374
v 1.438653 0.077994 -4.254374
v -1.762093 0.026808 -2.107593
v -1.780323 0.052666 -2.107593
v -1.731868 0.036156 -2.107593
v -1.731418 0.067790 -2.107593
v -1.761364 0.077994 -2.107593
v -1.780323 0.052666 -4.254374
v -1.762093 0.026808 -4.254374
v -1.731868 0.036156 -4.254374
v -1.731418 0.067790 -4.254374
v -1.761365 0.077994 -4.254374
v -1.437925 0.026808 -2.107593
v -1.419695 0.052666 -2.107593
v -1.468150 0.036156 -2.107593
v -1.468600 0.067790 -2.107593
v -1.438653 0.077994 -2.107593
v -1.419695 0.052666 -4.254374
v -1.437925 0.026808 -4.254374
v -1.468150 0.036156 -4.254374
v -1.468600 0.067790 -4.254374
v -1.438653 0.077994 -4.254374
vt 0.400000 0.500000
vt 0.400000 1.000000
vt 0.200000 1.000000
vt 0.200000 0.500000
vt 0.600000 0.500000
vt 0.600000 1.000000
vt 0.800000 0.500000
vt 0.800000 1.000000
vt 1.000000 0.500000
vt 1.000000 1.000000
vt 0.478254 0.324164
vt 0.250000 0.490000
vt 0.021746 0.324164
vt 0.108932 0.055836
vt 0.391068 0.055836
vt 0.000000 1.000000
vt 0.000000 0.500000
vt 0.750000 0.490000
vt 0.978254 0.324164
vt 0.891068 0.055836
vt 0.608932 0.055836
vt 0.521746 0.324164
vt 0.400000 0.500000
vt 0.200000 0.500000
vt 0.200000 1.000000
vt 0.400000 1.000000
vt 0.600000 0.500000
vt 0.600000 1.000000
vt 0.800000 0.500000
vt 0.800000 1.000000
vt 1.000000 0.500000
vt 1.000000 1.000000
vt 0.478254 0.324164
vt 0.391068 0.055836
vt 0.108932 0.055836
vt 0.021746 0.324164
vt 0.250000 0.490000
vt 0.000000 0.500000
vt 0.000000 1.000000
vt 0.750000 0.490000
vt 0.521746 0.324164
vt 0.608932 0.055836
vt 0.891068 0.055836
vt 0.978254 0.324164
vt 0.400000 0.500000
vt 0.200000 0.500000
vt 0.200000 1.000000
vt 0.400000 1.000000
vt 0.600000 0.500000
vt 0.600000 1.000000
vt 0.800000 0.500000
vt 0.800000 1.000000
vt 1.000000 0.500000
vt 1.000000 1.000000
vt 0.478254 0.324164
vt 0.391068 0.055836
vt 0.108932 0.055836
vt 0.021746 0.324164
vt 0.250000 0.490000
vt 0.000000 0.500000
vt 0.000000 1.000000
vt 0.750000 0.490000
vt 0.521746 0.324164
vt 0.608932 0.055836
vt 0.891068 0.055836
vt 0.978254 0.324164
vt 0.400000 0.500000
vt 0.400000 1.000000
vt 0.200000 1.000000
vt 0.200000 0.500000
vt 0.600000 0.500000
vt 0.600000 1.000000
vt 0.800000 0.500000
vt 0.800000 1.000000
vt 1.000000 0.500000
vt 1.000000 1.000000
vt 0.478254 0.324164
vt 0.250000 0.490000
vt 0.021746 0.324164
vt 0.108932 0.055836
vt 0.391068 0.055836
vt 0.000000 1.000000
vt 0.000000 0.500000
vt 0.750000 0.490000
vt 0.978254 0.324164
vt 0.891068 0.055836
vt 0.608932 0.055836
vt 0.521746 0.324164
vn -0.6565 0.4628 -0.5957
vn -0.6565 0.4628 0.5957
vn 0.2373 0.7673 0.5957
vn 0.2373 0.7673 -0.5957
vn -0.6430 -0.4813 -0.5957
vn -0.6430 -0.4813 0.5957
vn 0.2590 -0.7603 -0.5957
vn 0.2590 -0.7603 0.5957
vn 0.8031 0.0114 -0.5957
vn 0.8031 0.0114 0.5957
vn 0.6565 0.4628 -0.5957
vn -0.2373 0.7673 -0.5957
vn -0.2373 0.7673 0.5957
vn 0.6565 0.4628 0.5957
vn 0.6430 -0.4813 -0.5957
vn 0.6430 -0.4813 0.5957
vn -0.2590 -0.7603 -0.5957
vn -0.2590 -0.7603 0.5957
vn -0.8031 0.0114 -0.5957
vn -0.8031 0.0114 0.5957
usemtl Gold
s 1
f 2641/3398/1545 2636/3399/1546 2637/3400/1547 2642/3401/1548
f 2640/3402/1549 2635/3403/1550 2636/3399/1546 2641/3398/1545
f 2639/3404/1551 2633/3405/1552 2635/3403/1550 2640/3402/1549
f 2638/3406/1553 2634/3407/1554 2633/3405/1552 2639/3404/1551
f 2633/3408/1552 2634/3409/1554 2637/3410/1547 2636/3411/1546 2635/3412/1550
f 2642/3401/1548 2637/3400/1547 2634/3413/1554 2638/3414/1553
f 2638/3415/1553 2639/3416/1551 2640/3417/1549 2641/3418/1545 2642/3419/1548
f 2651/3420/1555 2652/3421/1556 2647/3422/1557 2646/3423/1558
f 2650/3424/1559 2651/3420/1555 2646/3423/1558 2645/3425/1560
f 2649/3426/1561 2650/3424/1559 2645/3425/1560 2643/3427/1562
f 2648/3428/1563 2649/3426/1561 2643/3427/1562 2644/3429/1564
f 2643/3430/1562 2645/3431/1560 2646/3432/1558 2647/3433/1557 2644/3434/1564
f 2652/3421/1556 2648/3435/1563 2644/3436/1564 2647/3422/1557
f 2648/3437/1563 2652/3438/1556 2651/3439/1555 2650/3440/1559 2649/3441/1561
f 2661/3442/1555 2662/3443/1556 2657/3444/1557 2656/3445/1558
f 2660/3446/1559 2661/3442/1555 2656/3445/1558 2655/3447/1560
f 2659/3448/1561 2660/3446/1559 2655/3447/1560 2653/3449/1562
f 2658/3450/1563 2659/3448/1561 2653/3449/1562 2654/3451/1564
f 2653/3452/1562 2655/3453/1560 2656/3454/1558 2657/3455/1557 2654/3456/1564
f 2662/3443/1556 2658/3457/1563 2654/3458/1564 2657/3444/1557
f 2658/3459/1563 2662/3460/1556 2661/3461/1555 2660/3462/1559 2659/3463/1561
f 2671/3464/1545 2666/3465/1546 2667/3466/1547 2672/3467/1548
f 2670/3468/1549 2665/3469/1550 2666/3465/1546 2671/3464/1545
f 2669/3470/1551 2663/3471/1552 2665/3469/1550 2670/3468/1549
f 2668/3472/1553 2664/3473/1554 2663/3471/1552 2669/3470/1551
f 2663/3474/1552 2664/3475/1554 2667/3476/1547 2666/3477/1546 2665/3478/1550
f 2672/3467/1548 2667/3466/1547 2664/3479/1554 2668/3480/1553
f 2668/3481/1553 2669/3482/1551 2670/3483/1549 2671/3484/1545 2672/3485/1548
o Cylinder.065_Cylinder.075
v 1.637230 0.168888 -2.329994
v 1.697462 0.125130 -2.329994
v 1.502551 0.125123 -2.329994
v 1.562780 0.168885 -2.329994
v 1.630074 0.187609 -2.324586
v 1.713387 0.136701 -2.329994
v 1.486626 0.136692 -2.329994
v 1.569934 0.187607 -2.324586
v 1.637230 0.168888 -2.259311
v 1.697462 0.125130 -2.259311
v 1.502551 0.125123 -2.259311
v 1.562780 0.168885 -2.259311
v 1.630074 0.187609 -2.264718
v 1.713387 0.136701 -2.259311
v 1.486626 0.136692 -2.259311
v 1.569934 0.187607 -2.264718
v 1.556697 0.187606 -2.329994
v 1.643312 0.187609 -2.329994
v 1.556697 0.187606 -2.259311
v 1.643312 0.187609 -2.259311
v 1.550718 0.276829 -2.330761
v 1.649282 0.276832 -2.330761
v 1.550718 0.276829 -2.258544
v 1.649282 0.276832 -2.258544
v 1.569933 0.244367 -2.264718
v 1.569933 0.244367 -2.324586
v 1.630072 0.244370 -2.264718
v 1.630072 0.244370 -2.324586
v 1.550721 0.248909 -2.258544
v 1.649284 0.248912 -2.258544
v 1.550721 0.248909 -2.330761
v 1.649284 0.248912 -2.330761
v 1.585568 0.187607 -2.329994
v 1.614440 0.187608 -2.329994
v 1.587597 0.168886 -2.329994
v 1.612413 0.168887 -2.329994
v 1.585568 0.187607 -2.259311
v 1.614440 0.187608 -2.259311
v 1.587597 0.168886 -2.259311
v 1.612413 0.168887 -2.259311
v 1.589981 0.187607 -2.324586
v 1.610027 0.187608 -2.324586
v 1.589981 0.187607 -2.264718
v 1.610027 0.187608 -2.264718
v 1.583573 0.276830 -2.358740
v 1.616427 0.276831 -2.358740
v 1.583573 0.276830 -2.232346
v 1.616427 0.276831 -2.232346
v 1.589979 0.244368 -2.324586
v 1.610026 0.244369 -2.324586
v 1.610026 0.244369 -2.264718
v 1.589979 0.244368 -2.264718
v 1.583575 0.248910 -2.358740
v 1.616430 0.248911 -2.358740
v 1.616430 0.248911 -2.232346
v 1.583575 0.248910 -2.232346
v 1.637230 -0.060246 -2.329994
v 1.697462 -0.016488 -2.329994
v 1.720471 0.054321 -2.329994
v 1.479548 0.054321 -2.329994
v 1.502551 -0.016481 -2.329994
v 1.562780 -0.060243 -2.329994
v 1.630074 -0.078967 -2.324586
v 1.713387 -0.028059 -2.329994
v 1.740155 0.054321 -2.329994
v 1.459863 0.054321 -2.329994
v 1.486626 -0.028050 -2.329994
v 1.569934 -0.078965 -2.324586
v 1.637230 -0.060246 -2.259311
v 1.697462 -0.016488 -2.259311
v 1.720471 0.054321 -2.259311
v 1.479548 0.054321 -2.259311
v 1.502551 -0.016481 -2.259311
v 1.562780 -0.060243 -2.259311
v 1.630074 -0.078967 -2.264718
v 1.713387 -0.028059 -2.259311
v 1.740155 0.054321 -2.259311
v 1.459863 0.054321 -2.259311
v 1.486626 -0.028050 -2.259311
v 1.569934 -0.078965 -2.264718
v 1.556697 -0.078964 -2.329994
v 1.643312 -0.078967 -2.329994
v 1.556697 -0.078964 -2.259311
v 1.643312 -0.078967 -2.259311
v 1.550718 -0.168187 -2.330761
v 1.649282 -0.168190 -2.330761
v 1.550718 -0.168187 -2.258544
v 1.649282 -0.168190 -2.258544
v 1.569933 -0.135725 -2.264718
v 1.569933 -0.135725 -2.324586
v 1.630072 -0.135728 -2.264718
v 1.630072 -0.135728 -2.324586
v 1.550721 -0.140267 -2.258544
v 1.649284 -0.140270 -2.258544
v 1.550721 -0.140267 -2.330761
v 1.649284 -0.140270 -2.330761
v 1.585568 -0.078965 -2.329994
v 1.614440 -0.078966 -2.329994
v 1.587597 -0.060244 -2.329994
v 1.612413 -0.060245 -2.329994
v 1.585568 -0.078965 -2.259311
v 1.614440 -0.078966 -2.259311
v 1.587597 -0.060244 -2.259311
v 1.612413 -0.060245 -2.259311
v 1.589981 -0.078965 -2.324586
v 1.610027 -0.078966 -2.324586
v 1.589981 -0.078965 -2.264718
v 1.610027 -0.078966 -2.264718
v 1.583573 -0.168188 -2.358740
v 1.616427 -0.168189 -2.358740
v 1.583573 -0.168188 -2.232346
v 1.616427 -0.168189 -2.232346
v 1.589979 -0.135726 -2.324586
v 1.610026 -0.135727 -2.324586
v 1.610026 -0.135727 -2.264718
v 1.589979 -0.135726 -2.264718
v 1.583575 -0.140268 -2.358740
v 1.616430 -0.140269 -2.358740
v 1.616430 -0.140269 -2.232346
v 1.583575 -0.140268 -2.232346
v -1.637230 0.168888 -2.329994
v -1.697462 0.125130 -2.329994
v -1.502551 0.125123 -2.329994
v -1.562780 0.168885 -2.329994
v -1.630074 0.187609 -2.324586
v -1.713387 0.136701 -2.329994
v -1.486625 0.136692 -2.329994
v -1.569935 0.187607 -2.324586
v -1.637230 0.168888 -2.259311
v -1.697462 0.125130 -2.259311
v -1.502551 0.125123 -2.259311
v -1.562780 0.168885 -2.259311
v -1.630074 0.187609 -2.264718
v -1.713387 0.136701 -2.259311
v -1.486625 0.136692 -2.259311
v -1.569935 0.187607 -2.264718
v -1.556697 0.187606 -2.329994
v -1.643312 0.187609 -2.329994
v -1.556697 0.187606 -2.259311
v -1.643312 0.187609 -2.259311
v -1.550718 0.276829 -2.330761
v -1.649282 0.276832 -2.330761
v -1.550718 0.276829 -2.258544
v -1.649282 0.276832 -2.258544
v -1.569933 0.244367 -2.264718
v -1.569933 0.244367 -2.324586
v -1.630072 0.244370 -2.264718
v -1.630072 0.244370 -2.324586
v -1.550721 0.248909 -2.258544
v -1.649284 0.248912 -2.258544
v -1.550721 0.248909 -2.330761
v -1.649284 0.248912 -2.330761
v -1.585568 0.187607 -2.329994
v -1.614440 0.187608 -2.329994
v -1.587597 0.168886 -2.329994
v -1.612413 0.168887 -2.329994
v -1.585568 0.187607 -2.259311
v -1.614440 0.187608 -2.259311
v -1.587597 0.168886 -2.259311
v -1.612413 0.168887 -2.259311
v -1.589981 0.187607 -2.324586
v -1.610027 0.187608 -2.324586
v -1.589981 0.187607 -2.264718
v -1.610027 0.187608 -2.264718
v -1.583573 0.276830 -2.358740
v -1.616427 0.276831 -2.358740
v -1.583573 0.276830 -2.232346
v -1.616427 0.276831 -2.232346
v -1.589979 0.244368 -2.324586
v -1.610026 0.244369 -2.324586
v -1.610026 0.244369 -2.264718
v -1.589979 0.244368 -2.264718
v -1.583575 0.248910 -2.358740
v -1.616430 0.248911 -2.358740
v -1.616430 0.248911 -2.232346
v -1.583575 0.248910 -2.232346
v -1.637230 -0.060246 -2.329994
v -1.697462 -0.016488 -2.329994
v -1.720471 0.054321 -2.329994
v -1.479548 0.054321 -2.329994
v -1.502551 -0.016481 -2.329994
v -1.562780 -0.060243 -2.329994
v -1.630074 -0.078967 -2.324586
v -1.713387 -0.028059 -2.329994
v -1.740155 0.054321 -2.329994
v -1.459863 0.054321 -2.329994
v -1.486625 -0.028050 -2.329994
v -1.569935 -0.078965 -2.324586
v -1.637230 -0.060246 -2.259311
v -1.697462 -0.016488 -2.259311
v -1.720471 0.054321 -2.259311
v -1.479548 0.054321 -2.259311
v -1.502551 -0.016481 -2.259311
v -1.562780 -0.060243 -2.259311
v -1.630074 -0.078967 -2.264718
v -1.713387 -0.028059 -2.259311
v -1.740155 0.054321 -2.259311
v -1.459863 0.054321 -2.259311
v -1.486625 -0.028050 -2.259311
v -1.569935 -0.078965 -2.264718
v -1.556697 -0.078964 -2.329994
v -1.643312 -0.078967 -2.329994
v -1.556697 -0.078964 -2.259311
v -1.643312 -0.078967 -2.259311
v -1.550718 -0.168187 -2.330761
v -1.649282 -0.168190 -2.330761
v -1.550718 -0.168187 -2.258544
v -1.649282 -0.168190 -2.258544
v -1.569933 -0.135725 -2.264718
v -1.569933 -0.135725 -2.324586
v -1.630072 -0.135728 -2.264718
v -1.630072 -0.135728 -2.324586
v -1.550721 -0.140267 -2.258544
v -1.649284 -0.140270 -2.258544
v -1.550721 -0.140267 -2.330761
v -1.649284 -0.140270 -2.330761
v -1.585568 -0.078965 -2.329994
v -1.614440 -0.078966 -2.329994
v -1.587597 -0.060244 -2.329994
v -1.612413 -0.060245 -2.329994
v -1.585568 -0.078965 -2.259311
v -1.614440 -0.078966 -2.259311
v -1.587597 -0.060244 -2.259311
v -1.612413 -0.060245 -2.259311
v -1.589981 -0.078965 -2.324586
v -1.610027 -0.078966 -2.324586
v -1.589981 -0.078965 -2.264718
v -1.610027 -0.078966 -2.264718
v -1.583573 -0.168188 -2.358740
v -1.616427 -0.168189 -2.358740
v -1.583573 -0.168188 -2.232346
v -1.616427 -0.168189 -2.232346
v -1.589979 -0.135726 -2.324586
v -1.610026 -0.135727 -2.324586
v -1.610026 -0.135727 -2.264718
v -1.589979 -0.135726 -2.264718
v -1.583575 -0.140268 -2.358740
v -1.616430 -0.140269 -2.358740
v -1.616430 -0.140269 -2.232346
v -1.583575 -0.140268 -2.232346
vt 0.087904 0.500000
vt 0.087904 0.500000
vt 0.087904 0.500000
vt 0.087904 0.500000
vt 0.100000 0.500000
vt 0.100000 0.500000
vt 0.200000 0.500000
vt 0.200000 0.500000
vt 0.300000 0.500000
vt 0.300000 0.500000
vt 0.800000 0.500000
vt 0.800000 0.500000
vt 0.900000 0.500000
vt 0.900000 0.500000
vt 0.817678 0.343151
vt 0.750000 0.365141
vt 0.750000 0.490000
vt 0.891068 0.444164
vt 0.859505 0.285580
vt 0.978254 0.324164
vt 0.640495 0.285580
vt 0.640495 0.214420
vt 0.521746 0.175836
vt 0.521746 0.324164
vt 0.682322 0.343151
vt 0.608932 0.444164
vt 0.727441 0.357811
vt 0.702977 0.474721
vt 0.655954 0.459443
vt 0.704881 0.350481
vt 0.817678 0.343151
vt 0.891068 0.444164
vt 0.750000 0.490000
vt 0.750000 0.365141
vt 0.859505 0.285580
vt 0.978254 0.324164
vt 0.640495 0.285580
vt 0.521746 0.324164
vt 0.521746 0.175836
vt 0.640495 0.214420
vt 0.682322 0.343151
vt 0.608932 0.444164
vt 0.037365 0.500000
vt 0.012096 0.500000
vt -0.000000 0.500000
vt 0.033333 0.500000
vt 1.000000 0.500000
vt 1.000000 0.500000
vt 0.062635 0.500000
vt 0.066667 0.500000
vt 0.037365 0.500000
vt 0.012096 0.500000
vt 0.012096 0.500000
vt 0.037365 0.500000
vt 0.062635 0.500000
vt 0.087904 0.500000
vt 0.087904 0.500000
vt 0.062635 0.500000
vt 0.012096 0.500000
vt 0.037365 0.500000
vt 0.087904 0.500000
vt 0.062635 0.500000
vt 0.062635 0.500000
vt 0.012096 0.500000
vt 0.012096 0.500000
vt 0.037365 0.500000
vt 0.037365 0.500000
vt 0.062635 0.500000
vt 0.037365 0.500000
vt 0.012096 0.500000
vt 0.012096 0.500000
vt 0.037365 0.500000
vt 0.062635 0.500000
vt 0.062635 0.500000
vt 0.087904 0.500000
vt 0.033333 0.500000
vt -0.000000 0.500000
vt 0.066667 0.500000
vt 0.704881 0.350481
vt 0.655954 0.459443
vt 0.702977 0.474721
vt 0.727441 0.357811
vt 0.704881 0.350481
vt 0.655954 0.459443
vt 0.727441 0.357811
vt 0.702977 0.474721
vt 0.200000 0.500000
vt 0.200000 0.500000
vt 0.100000 0.500000
vt 0.100000 0.500000
vt 0.900000 0.500000
vt 0.900000 0.500000
vt 0.817678 0.343151
vt 0.891068 0.444164
vt 0.750000 0.490000
vt 0.750000 0.365141
vt 0.640495 0.285580
vt 0.521746 0.324164
vt 0.682322 0.343151
vt 0.608932 0.444164
vt 0.817678 0.343151
vt 0.750000 0.365141
vt 0.750000 0.490000
vt 0.891068 0.444164
vt 0.640495 0.285580
vt 0.521746 0.324164
vt 0.682322 0.343151
vt 0.608932 0.444164
vt 0.037365 0.500000
vt 0.033333 0.500000
vt -0.000000 0.500000
vt 0.012096 0.500000
vt 1.000000 0.500000
vt 1.000000 0.500000
vt 0.062635 0.500000
vt 0.066667 0.500000
vt 0.087904 0.500000
vt 0.087904 0.500000
vt 0.037365 0.500000
vt 0.037365 0.500000
vt 0.012096 0.500000
vt 0.012096 0.500000
vt 0.062635 0.500000
vt 0.062635 0.500000
vt 0.087904 0.500000
vt 0.087904 0.500000
vt 0.012096 0.500000
vt 0.012096 0.500000
vt 0.012096 0.500000
vt 0.012096 0.500000
vt 0.012096 0.500000
vt 0.037365 0.500000
vt 0.037365 0.500000
vt 0.087904 0.500000
vt 0.087904 0.500000
vt 0.062635 0.500000
vt 0.062635 0.500000
vt 0.037365 0.500000
vt 0.062635 0.500000
vt 0.062635 0.500000
vt -0.000000 0.500000
vt 0.033333 0.500000
vt 0.037365 0.500000
vt 0.066667 0.500000
vt 0.704881 0.350481
vt 0.655954 0.459443
vt 0.727441 0.357811
vt 0.702977 0.474721
vt 0.037365 0.500000
vt 0.062635 0.500000
vt 0.087904 0.500000
vt 0.087904 0.500000
vt 0.087904 0.500000
vt 0.087904 0.500000
vt 0.087904 0.500000
vt 0.087904 0.500000
vt 0.100000 0.500000
vt 0.200000 0.500000
vt 0.200000 0.500000
vt 0.100000 0.500000
vt 0.300000 0.500000
vt 0.300000 0.500000
vt 0.800000 0.500000
vt 0.900000 0.500000
vt 0.900000 0.500000
vt 0.800000 0.500000
vt 0.817678 0.343151
vt 0.891068 0.444164
vt 0.750000 0.490000
vt 0.750000 0.365141
vt 0.859505 0.285580
vt 0.978254 0.324164
vt 0.640495 0.285580
vt 0.521746 0.324164
vt 0.521746 0.175836
vt 0.640495 0.214420
vt 0.682322 0.343151
vt 0.608932 0.444164
vt 0.727441 0.357811
vt 0.704881 0.350481
vt 0.655954 0.459443
vt 0.702977 0.474721
vt 0.817678 0.343151
vt 0.750000 0.365141
vt 0.750000 0.490000
vt 0.891068 0.444164
vt 0.859505 0.285580
vt 0.978254 0.324164
vt 0.640495 0.285580
vt 0.640495 0.214420
vt 0.521746 0.175836
vt 0.521746 0.324164
vt 0.682322 0.343151
vt 0.608932 0.444164
vt 0.037365 0.500000
vt 0.033333 0.500000
vt -0.000000 0.500000
vt 0.012096 0.500000
vt 1.000000 0.500000
vt 1.000000 0.500000
vt 0.062635 0.500000
vt 0.066667 0.500000
vt 0.037365 0.500000
vt 0.037365 0.500000
vt 0.012096 0.500000
vt 0.012096 0.500000
vt 0.062635 0.500000
vt 0.062635 0.500000
vt 0.087904 0.500000
vt 0.087904 0.500000
vt 0.037365 0.500000
vt 0.012096 0.500000
vt 0.087904 0.500000
vt 0.062635 0.500000
vt 0.062635 0.500000
vt 0.012096 0.500000
vt 0.037365 0.500000
vt 0.037365 0.500000
vt 0.012096 0.500000
vt 0.062635 0.500000
vt 0.012096 0.500000
vt 0.037365 0.500000
vt 0.012096 0.500000
vt 0.037365 0.500000
vt 0.087904 0.500000
vt 0.062635 0.500000
vt 0.062635 0.500000
vt -0.000000 0.500000
vt 0.033333 0.500000
vt 0.066667 0.500000
vt 0.704881 0.350481
vt 0.655954 0.459443
vt 0.727441 0.357811
vt 0.702977 0.474721
vt 0.704881 0.350481
vt 0.655954 0.459443
vt 0.702977 0.474721
vt 0.727441 0.357811
vt 0.200000 0.500000
vt 0.100000 0.500000
vt 0.100000 0.500000
vt 0.200000 0.500000
vt 0.900000 0.500000
vt 0.900000 0.500000
vt 0.817678 0.343151
vt 0.750000 0.365141
vt 0.750000 0.490000
vt 0.891068 0.444164
vt 0.640495 0.285580
vt 0.521746 0.324164
vt 0.682322 0.343151
vt 0.608932 0.444164
vt 0.817678 0.343151
vt 0.891068 0.444164
vt 0.750000 0.490000
vt 0.750000 0.365141
vt 0.640495 0.285580
vt 0.521746 0.324164
vt 0.682322 0.343151
vt 0.608932 0.444164
vt 0.037365 0.500000
vt 0.012096 0.500000
vt -0.000000 0.500000
vt 0.033333 0.500000
vt 1.000000 0.500000
vt 1.000000 0.500000
vt 0.062635 0.500000
vt 0.087904 0.500000
vt 0.066667 0.500000
vt 0.087904 0.500000
vt 0.037365 0.500000
vt 0.012096 0.500000
vt 0.012096 0.500000
vt 0.037365 0.500000
vt 0.062635 0.500000
vt 0.087904 0.500000
vt 0.087904 0.500000
vt 0.062635 0.500000
vt 0.012096 0.500000
vt 0.012096 0.500000
vt 0.012096 0.500000
vt 0.012096 0.500000
vt 0.037365 0.500000
vt 0.037365 0.500000
vt 0.012096 0.500000
vt 0.087904 0.500000
vt 0.062635 0.500000
vt 0.062635 0.500000
vt 0.087904 0.500000
vt 0.062635 0.500000
vt 0.062635 0.500000
vt 0.037365 0.500000
vt 0.037365 0.500000
vt 0.033333 0.500000
vt -0.000000 0.500000
vt 0.066667 0.500000
vt 0.704881 0.350481
vt 0.655954 0.459443
vt 0.702977 0.474721
vt 0.727441 0.357811
vt 0.037365 0.500000
vt 0.062635 0.500000
vt 0.087904 0.500000
vt 0.087904 0.500000
vn -0.3015 0.9045 0.3015
vn -0.4104 -0.8308 0.3759
vn -0.4115 -0.8320 -0.3720
vn -0.3015 0.9045 -0.3015
vn -0.2365 0.7278 0.6437
vn -0.2365 0.7278 -0.6437
vn -0.6191 0.4498 -0.6437
vn -0.6191 0.4498 0.6437
vn -0.7653 0.0000 -0.6437
vn -0.7653 0.0000 0.6437
vn 0.7653 0.0000 0.6437
vn 0.7653 0.0000 -0.6437
vn 0.6191 0.4498 -0.6437
vn 0.6191 0.4498 0.6437
vn -0.5025 -0.3651 -0.7837
vn -0.1919 -0.5907 -0.7837
vn 0.2364 0.7278 -0.6437
vn -0.6211 0.0000 -0.7837
vn 0.5025 -0.3651 -0.7837
vn 0.6211 0.0000 -0.7837
vn 0.1920 -0.5907 -0.7837
vn 0.0000 0.7071 -0.7071
vn 0.0000 -0.7071 -0.7071
vn -0.5025 -0.3651 0.7837
vn 0.2364 0.7278 0.6437
vn -0.1919 -0.5907 0.7837
vn -0.6211 0.0000 0.7837
vn 0.5025 -0.3651 0.7837
vn 0.6211 0.0000 0.7837
vn 0.1919 -0.5907 0.7837
vn 0.3015 0.9045 -0.3015
vn 0.0000 0.7071 0.7071
vn 0.2587 -0.5880 0.7664
vn 0.7450 -0.5636 0.3568
vn 0.7060 0.6213 0.3400
vn 0.2538 0.6398 0.7254
vn -0.2709 -0.5882 -0.7620
vn -0.7488 -0.5663 -0.3444
vn -0.7096 0.6237 -0.3277
vn -0.2663 0.6370 -0.7234
vn 0.7095 0.6238 -0.3277
vn 0.2662 0.6370 -0.7234
vn -0.7450 -0.5636 0.3568
vn -0.0255 -0.6522 -0.7576
vn 0.3015 0.9045 0.3015
vn 0.4105 -0.8307 0.3759
vn 0.0249 -0.6494 0.7600
vn -0.0248 -0.6494 0.7600
vn 0.0255 -0.6522 -0.7576
vn 0.4115 -0.8320 -0.3720
vn 0.7488 -0.5662 -0.3444
vn 0.2709 -0.5882 -0.7620
vn -0.2586 -0.5880 0.7664
vn -0.2538 0.6398 0.7254
vn -0.7060 0.6212 0.3400
vn 0.0000 -0.7071 0.7071
vn -0.6191 -0.4498 0.6437
vn -0.6191 -0.4498 -0.6437
vn -0.2365 -0.7278 -0.6437
vn -0.2365 -0.7278 0.6437
vn 0.6191 -0.4498 0.6437
vn 0.6191 -0.4498 -0.6437
vn -0.5025 0.3651 -0.7837
vn 0.2364 -0.7278 -0.6437
vn -0.1919 0.5907 -0.7837
vn 0.5025 0.3651 -0.7837
vn 0.1919 0.5907 -0.7837
vn -0.5025 0.3651 0.7837
vn -0.1919 0.5907 0.7837
vn 0.2364 -0.7278 0.6437
vn 0.5025 0.3651 0.7837
vn 0.1920 0.5907 0.7837
vn 0.3015 -0.9045 -0.3015
vn -0.3015 -0.9045 0.3015
vn -0.3015 -0.9045 -0.3015
vn 0.2587 0.5880 0.7664
vn 0.3302 -0.0000 0.9439
vn 0.9009 -0.0001 0.4339
vn 0.7450 0.5636 0.3568
vn -0.2709 0.5882 -0.7620
vn -0.3454 0.0000 -0.9384
vn -0.9078 0.0001 -0.4193
vn -0.7488 0.5663 -0.3444
vn 0.3015 -0.9045 0.3015
vn 0.4105 0.8307 0.3759
vn 0.4115 0.8320 -0.3720
vn 0.7488 0.5662 -0.3444
vn 0.9078 -0.0001 -0.4193
vn 0.3454 -0.0000 -0.9384
vn 0.2709 0.5882 -0.7620
vn -0.7450 0.5636 0.3568
vn -0.9009 0.0001 0.4339
vn -0.3302 0.0000 0.9439
vn -0.2586 0.5880 0.7664
vn 0.0255 0.6522 -0.7576
vn -0.0255 0.6522 -0.7576
vn 0.0249 0.6494 0.7600
vn -0.0248 0.6494 0.7600
vn -0.4104 0.8308 0.3759
vn -0.4115 0.8320 -0.3720
vn 0.4105 -0.8308 0.3759
vn 0.2365 0.7278 0.6437
vn 0.2365 0.7278 -0.6437
vn -0.2364 0.7278 -0.6437
vn 0.1919 -0.5907 -0.7837
vn -0.1920 -0.5907 -0.7837
vn -0.2364 0.7278 0.6437
vn -0.2587 -0.5880 0.7664
vn -0.7060 0.6213 0.3400
vn 0.2663 0.6370 -0.7234
vn 0.7096 0.6237 -0.3277
vn 0.7488 -0.5663 -0.3444
vn -0.2662 0.6370 -0.7234
vn -0.7095 0.6238 -0.3277
vn -0.0249 -0.6494 0.7600
vn -0.4105 -0.8307 0.3759
vn 0.0248 -0.6494 0.7600
vn -0.7488 -0.5662 -0.3444
vn 0.7060 0.6212 0.3400
vn 0.2586 -0.5880 0.7664
vn 0.2365 -0.7278 0.6437
vn 0.2365 -0.7278 -0.6437
vn -0.2364 -0.7278 -0.6437
vn -0.2364 -0.7278 0.6437
vn 0.1919 0.5907 0.7837
vn -0.1920 0.5907 0.7837
vn -0.2587 0.5880 0.7664
vn -0.9009 -0.0001 0.4339
vn 0.7488 0.5663 -0.3444
vn 0.9078 0.0001 -0.4193
vn -0.4105 0.8307 0.3759
vn -0.7488 0.5662 -0.3444
vn -0.9078 -0.0001 -0.4193
vn 0.2586 0.5880 0.7664
vn 0.9009 0.0001 0.4339
vn -0.0249 0.6494 0.7600
vn 0.0248 0.6494 0.7600
vn 0.4104 0.8308 0.3759
usemtl Gold
s 1
f 2688/3486/1565 2697/3487/1566 2698/3488/1567 2680/3489/1568
f 2691/3490/1569 2689/3491/1570 2679/3492/1571 2687/3493/1572
f 2687/3493/1572 2679/3492/1571 2738/3494/1573 2750/3495/1574
f 2749/3496/1575 2737/3497/1576 2678/3498/1577 2686/3499/1578
f 2674/3500/1579 2673/3501/1580 2690/3502/1581 2678/3503/1577
f 2731/3504/1582 2674/3500/1579 2678/3503/1577 2737/3505/1576
f 2675/3506/1583 2732/3507/1584 2738/3508/1573 2679/3509/1571
f 2676/3510/1585 2675/3506/1583 2679/3509/1571 2689/3511/1570
f 2772/3512/1586 2770/3513/1587 2769/3514/1587 2771/3515/1586
f 2682/3516/1588 2686/3517/1578 2692/3518/1589 2681/3519/1590
f 2743/3520/1591 2749/3521/1575 2686/3517/1578 2682/3516/1588
f 2683/3522/1592 2687/3523/1572 2750/3524/1574 2744/3525/1593
f 2684/3526/1594 2691/3527/1569 2687/3523/1572 2683/3522/1592
f 2714/3528/1586 2677/3529/1595 2690/3530/1581 2706/3531/1586
f 2686/3499/1578 2678/3498/1577 2690/3532/1581 2692/3533/1589
f 2715/3534/1596 2688/3486/1565 2691/3490/1569 2709/3535/1596
f 2688/3486/1565 2680/3489/1568 2689/3491/1570 2691/3490/1569
f 2727/3536/1597 2702/3537/1598 2696/3538/1599 2720/3539/1600
f 2725/3540/1601 2703/3541/1602 2693/3542/1603 2717/3543/1604
f 2696/3538/1599 2694/3544/1605 2718/3545/1606 2720/3539/1600
f 2701/3546/1607 2703/3541/1602 2698/3488/1567 2697/3487/1566
f 2680/3489/1568 2698/3488/1567 2721/3547/1608 2713/3548/1586
f 2685/3549/1609 2699/3550/1610 2723/3551/1611 2716/3552/1596
f 2715/3534/1596 2724/3553/1612 2697/3487/1566 2688/3486/1565
f 2716/3552/1596 2723/3551/1611 2724/3553/1612 2715/3534/1596
f 2714/3528/1586 2722/3554/1613 2700/3555/1614 2677/3529/1595
f 2704/3556/1615 2726/3557/1616 2718/3545/1606 2694/3544/1605
f 2726/3557/1616 2725/3540/1601 2717/3543/1604 2718/3545/1606
f 2701/3546/1607 2728/3558/1617 2719/3559/1618 2695/3560/1619
f 2728/3558/1617 2727/3536/1597 2720/3539/1600 2719/3559/1618
f 2702/3537/1598 2704/3556/1615 2694/3544/1605 2696/3538/1599
f 2719/3559/1618 2717/3543/1604 2693/3542/1603 2695/3560/1619
f 2685/3549/1609 2716/3552/1596 2710/3561/1596 2692/3562/1589
f 2716/3552/1596 2715/3534/1596 2709/3535/1596 2710/3561/1596
f 2680/3489/1568 2713/3548/1586 2705/3563/1586 2689/3491/1570
f 2713/3548/1586 2714/3528/1586 2706/3531/1586 2705/3563/1586
f 2711/3564/1620 2709/3565/1596 2691/3527/1569 2684/3526/1594
f 2681/3519/1590 2692/3518/1589 2710/3566/1596 2712/3567/1620
f 2707/3568/1587 2676/3510/1585 2689/3511/1570 2705/3569/1586
f 2673/3501/1580 2708/3570/1587 2706/3571/1586 2690/3502/1581
f 2720/3539/1600 2718/3545/1606 2717/3543/1604 2719/3559/1618
f 2751/3572/1621 2739/3573/1622 2753/3574/1623 2755/3575/1624
f 2750/3495/1574 2738/3494/1573 2739/3573/1622 2751/3572/1621
f 2748/3576/1625 2736/3577/1626 2737/3497/1576 2749/3496/1575
f 2708/3570/1587 2707/3568/1587 2705/3569/1586 2706/3571/1586
f 2730/3578/1627 2736/3579/1626 2754/3580/1628 2729/3581/1629
f 2731/3504/1582 2737/3505/1576 2736/3579/1626 2730/3578/1627
f 2733/3582/1630 2739/3583/1622 2738/3508/1573 2732/3507/1584
f 2734/3584/1631 2753/3585/1623 2739/3583/1622 2733/3582/1630
f 2712/3567/1620 2710/3566/1596 2709/3565/1596 2711/3564/1620
f 2742/3586/1632 2741/3587/1633 2756/3588/1634 2748/3589/1625
f 2743/3520/1591 2742/3586/1632 2748/3589/1625 2749/3521/1575
f 2745/3590/1635 2744/3525/1593 2750/3524/1574 2751/3591/1621
f 2746/3592/1636 2745/3590/1635 2751/3591/1621 2755/3593/1624
f 2778/3594/1587 2770/3595/1587 2754/3596/1628 2735/3597/1637
f 2756/3598/1634 2754/3599/1628 2736/3577/1626 2748/3576/1625
f 2779/3600/1620 2773/3601/1620 2755/3575/1624 2752/3602/1638
f 2755/3575/1624 2753/3574/1623 2740/3603/1639 2752/3602/1638
f 2791/3604/1640 2784/3605/1641 2760/3606/1642 2766/3607/1643
f 2789/3608/1644 2781/3609/1645 2757/3610/1646 2767/3611/1647
f 2747/3612/1648 2763/3613/1649 2764/3614/1650 2735/3597/1637
f 2703/3541/1602 2701/3546/1607 2695/3560/1619 2693/3542/1603
f 2768/3615/1651 2758/3616/1652 2782/3617/1653 2790/3618/1654
f 2790/3618/1654 2782/3617/1653 2781/3609/1645 2789/3608/1644
f 2765/3619/1655 2759/3620/1656 2783/3621/1657 2792/3622/1658
f 2792/3622/1658 2783/3621/1657 2784/3605/1641 2791/3604/1640
f 2778/3594/1587 2786/3623/1659 2785/3624/1660 2777/3625/1587
f 2747/3612/1648 2756/3626/1634 2774/3627/1620 2780/3628/1620
f 2780/3628/1620 2774/3627/1620 2773/3601/1620 2779/3600/1620
f 2740/3603/1639 2753/3574/1623 2769/3629/1587 2777/3625/1587
f 2777/3625/1587 2769/3629/1587 2770/3595/1587 2778/3594/1587
f 2775/3630/1596 2746/3592/1636 2755/3593/1624 2773/3631/1620
f 2741/3587/1633 2776/3632/1596 2774/3633/1620 2756/3588/1634
f 2771/3515/1586 2769/3514/1587 2753/3585/1623 2734/3584/1631
f 2729/3581/1629 2754/3580/1628 2770/3513/1587 2772/3512/1586
f 2746/3592/1636 2734/3584/1631 2733/3582/1630 2745/3590/1635
f 2713/3548/1586 2721/3547/1608 2722/3554/1613 2714/3528/1586
f 2677/3529/1595 2685/3549/1609 2692/3562/1589 2690/3530/1581
f 2759/3620/1656 2765/3619/1655 2767/3611/1647 2757/3610/1646
f 2754/3596/1628 2756/3626/1634 2747/3612/1648 2735/3597/1637
f 2780/3628/1620 2787/3634/1661 2763/3613/1649 2747/3612/1648
f 2699/3550/1610 2685/3549/1609 2677/3529/1595 2700/3555/1614
f 2698/3488/1567 2703/3541/1602 2725/3540/1601 2721/3547/1608
f 2702/3537/1598 2727/3536/1597 2723/3551/1611 2699/3550/1610
f 2728/3558/1617 2701/3546/1607 2697/3487/1566 2724/3553/1612
f 2727/3536/1597 2728/3558/1617 2724/3553/1612 2723/3551/1611
f 2726/3557/1616 2704/3556/1615 2700/3555/1614 2722/3554/1613
f 2725/3540/1601 2726/3557/1616 2722/3554/1613 2721/3547/1608
f 2702/3537/1598 2699/3550/1610 2700/3555/1614 2704/3556/1615
f 2742/3586/1632 2730/3578/1627 2729/3581/1629 2741/3587/1633
f 2741/3587/1633 2729/3581/1629 2772/3512/1586 2776/3632/1596
f 2775/3630/1596 2771/3515/1586 2734/3584/1631 2746/3592/1636
f 2743/3520/1591 2731/3504/1582 2730/3578/1627 2742/3586/1632
f 2732/3507/1584 2744/3525/1593 2745/3590/1635 2733/3582/1630
f 2772/3512/1586 2771/3515/1586 2775/3630/1596 2776/3632/1596
f 2683/3522/1592 2675/3506/1583 2676/3510/1585 2684/3526/1594
f 2681/3519/1590 2673/3501/1580 2674/3500/1579 2682/3516/1588
f 2708/3570/1587 2673/3501/1580 2681/3519/1590 2712/3567/1620
f 2684/3526/1594 2676/3510/1585 2707/3568/1587 2711/3564/1620
f 2682/3516/1588 2674/3500/1579 2731/3504/1582 2743/3520/1591
f 2732/3507/1584 2675/3506/1583 2683/3522/1592 2744/3525/1593
f 2708/3570/1587 2712/3567/1620 2711/3564/1620 2707/3568/1587
f 2735/3597/1637 2764/3614/1650 2786/3623/1659 2778/3594/1587
f 2779/3600/1620 2788/3635/1662 2787/3634/1661 2780/3628/1620
f 2752/3602/1638 2761/3636/1663 2788/3635/1662 2779/3600/1620
f 2761/3636/1663 2752/3602/1638 2740/3603/1639 2762/3637/1664
f 2777/3625/1587 2785/3624/1660 2762/3637/1664 2740/3603/1639
f 2760/3606/1642 2758/3616/1652 2768/3615/1651 2766/3607/1643
f 2765/3619/1655 2761/3636/1663 2762/3637/1664 2767/3611/1647
f 2763/3613/1649 2766/3607/1643 2768/3615/1651 2764/3614/1650
f 2786/3623/1659 2790/3618/1654 2789/3608/1644 2785/3624/1660
f 2764/3614/1650 2768/3615/1651 2790/3618/1654 2786/3623/1659
f 2788/3635/1662 2792/3622/1658 2791/3604/1640 2787/3634/1661
f 2761/3636/1663 2765/3619/1655 2792/3622/1658 2788/3635/1662
f 2787/3634/1661 2791/3604/1640 2766/3607/1643 2763/3613/1649
f 2785/3624/1660 2789/3608/1644 2767/3611/1647 2762/3637/1664
f 2776/3632/1596 2775/3630/1596 2773/3631/1620 2774/3633/1620
f 2808/3638/1609 2800/3639/1595 2818/3640/1614 2817/3641/1665
f 2811/3642/1666 2807/3643/1578 2799/3644/1577 2809/3645/1667
f 2807/3643/1578 2870/3646/1575 2858/3647/1576 2799/3644/1577
f 2869/3648/1574 2806/3649/1572 2798/3650/1571 2857/3651/1573
f 2794/3652/1583 2798/3653/1571 2810/3654/1668 2793/3655/1669
f 2851/3656/1584 2857/3657/1573 2798/3653/1571 2794/3652/1583
f 2795/3658/1579 2799/3659/1577 2858/3660/1576 2852/3661/1582
f 2796/3662/1670 2809/3663/1667 2799/3659/1577 2795/3658/1579
f 2892/3664/1586 2891/3665/1586 2889/3666/1587 2890/3667/1587
f 2802/3668/1592 2801/3669/1594 2812/3670/1671 2806/3671/1572
f 2863/3672/1593 2802/3668/1592 2806/3671/1572 2869/3673/1574
f 2803/3674/1588 2864/3675/1591 2870/3676/1575 2807/3677/1578
f 2804/3678/1590 2803/3674/1588 2807/3677/1578 2811/3679/1666
f 2834/3680/1586 2826/3681/1586 2810/3682/1668 2797/3683/1568
f 2806/3649/1572 2812/3684/1671 2810/3685/1668 2798/3650/1571
f 2835/3686/1596 2829/3687/1596 2811/3642/1666 2808/3638/1609
f 2808/3638/1609 2811/3642/1666 2809/3645/1667 2800/3639/1595
f 2847/3688/1672 2840/3689/1618 2816/3690/1673 2822/3691/1607
f 2845/3692/1616 2837/3693/1674 2813/3694/1675 2823/3695/1676
f 2816/3690/1673 2840/3689/1618 2838/3696/1677 2814/3697/1678
f 2821/3698/1598 2817/3641/1665 2818/3640/1614 2823/3695/1676
f 2800/3639/1595 2833/3699/1586 2841/3700/1613 2818/3640/1614
f 2805/3701/1565 2836/3702/1596 2843/3703/1679 2819/3704/1680
f 2835/3686/1596 2808/3638/1609 2817/3641/1665 2844/3705/1681
f 2836/3702/1596 2835/3686/1596 2844/3705/1681 2843/3703/1679
f 2834/3680/1586 2797/3683/1568 2820/3706/1567 2842/3707/1608
f 2824/3708/1682 2814/3697/1678 2838/3696/1677 2846/3709/1601
f 2846/3709/1601 2838/3696/1677 2837/3693/1674 2845/3692/1616
f 2821/3698/1598 2815/3710/1683 2839/3711/1600 2848/3712/1684
f 2848/3712/1684 2839/3711/1600 2840/3689/1618 2847/3688/1672
f 2822/3691/1607 2816/3690/1673 2814/3697/1678 2824/3708/1682
f 2839/3711/1600 2815/3710/1683 2813/3694/1675 2837/3693/1674
f 2805/3701/1565 2812/3713/1671 2830/3714/1596 2836/3702/1596
f 2836/3702/1596 2830/3714/1596 2829/3687/1596 2835/3686/1596
f 2800/3639/1595 2809/3645/1667 2825/3715/1586 2833/3699/1586
f 2833/3699/1586 2825/3715/1586 2826/3681/1586 2834/3680/1586
f 2831/3716/1620 2804/3678/1590 2811/3679/1666 2829/3717/1596
f 2801/3669/1594 2832/3718/1620 2830/3719/1596 2812/3670/1671
f 2827/3720/1587 2825/3721/1586 2809/3663/1667 2796/3662/1670
f 2793/3655/1669 2810/3654/1668 2826/3722/1586 2828/3723/1587
f 2840/3689/1618 2839/3711/1600 2837/3693/1674 2838/3696/1677
f 2871/3724/1625 2875/3725/1685 2873/3726/1686 2859/3727/1626
f 2870/3646/1575 2871/3724/1625 2859/3727/1626 2858/3647/1576
f 2868/3728/1621 2869/3648/1574 2857/3651/1573 2856/3729/1622
f 2828/3723/1587 2826/3722/1586 2825/3721/1586 2827/3720/1587
f 2850/3730/1630 2849/3731/1631 2874/3732/1687 2856/3733/1622
f 2851/3656/1584 2850/3730/1630 2856/3733/1622 2857/3657/1573
f 2853/3734/1627 2852/3661/1582 2858/3660/1576 2859/3735/1626
f 2854/3736/1629 2853/3734/1627 2859/3735/1626 2873/3737/1686
f 2832/3718/1620 2831/3716/1620 2829/3717/1596 2830/3719/1596
f 2862/3738/1635 2868/3739/1621 2876/3740/1688 2861/3741/1689
f 2863/3672/1593 2869/3673/1574 2868/3739/1621 2862/3738/1635
f 2865/3742/1632 2871/3743/1625 2870/3676/1575 2864/3675/1591
f 2866/3744/1690 2875/3745/1685 2871/3743/1625 2865/3742/1632
f 2898/3746/1587 2855/3747/1639 2874/3748/1687 2890/3749/1587
f 2876/3750/1688 2868/3728/1621 2856/3729/1622 2874/3751/1687
f 2899/3752/1620 2872/3753/1648 2875/3725/1685 2893/3754/1620
f 2875/3725/1685 2872/3753/1648 2860/3755/1637 2873/3726/1686
f 2911/3756/1691 2886/3757/1655 2880/3758/1692 2904/3759/1657
f 2909/3760/1654 2887/3761/1693 2877/3762/1694 2901/3763/1653
f 2867/3764/1638 2855/3747/1639 2884/3765/1664 2883/3766/1695
f 2823/3695/1676 2813/3694/1675 2815/3710/1683 2821/3698/1598
f 2888/3767/1696 2910/3768/1644 2902/3769/1645 2878/3770/1697
f 2910/3768/1644 2909/3760/1654 2901/3763/1653 2902/3769/1645
f 2885/3771/1643 2912/3772/1698 2903/3773/1641 2879/3774/1699
f 2912/3772/1698 2911/3756/1691 2904/3759/1657 2903/3773/1641
f 2898/3746/1587 2897/3775/1587 2905/3776/1659 2906/3777/1660
f 2867/3764/1638 2900/3778/1620 2894/3779/1620 2876/3780/1688
f 2900/3778/1620 2899/3752/1620 2893/3754/1620 2894/3779/1620
f 2860/3755/1637 2897/3775/1587 2889/3781/1587 2873/3726/1686
f 2897/3775/1587 2898/3746/1587 2890/3749/1587 2889/3781/1587
f 2895/3782/1596 2893/3783/1620 2875/3745/1685 2866/3744/1690
f 2861/3741/1689 2876/3740/1688 2894/3784/1620 2896/3785/1596
f 2891/3665/1586 2854/3736/1629 2873/3737/1686 2889/3666/1587
f 2849/3731/1631 2892/3664/1586 2890/3667/1587 2874/3732/1687
f 2866/3744/1690 2865/3742/1632 2853/3734/1627 2854/3736/1629
f 2833/3699/1586 2834/3680/1586 2842/3707/1608 2841/3700/1613
f 2797/3683/1568 2810/3682/1668 2812/3713/1671 2805/3701/1565
f 2879/3774/1699 2877/3762/1694 2887/3761/1693 2885/3771/1643
f 2874/3748/1687 2855/3747/1639 2867/3764/1638 2876/3780/1688
f 2900/3778/1620 2867/3764/1638 2883/3766/1695 2907/3786/1700
f 2819/3704/1680 2820/3706/1567 2797/3683/1568 2805/3701/1565
f 2818/3640/1614 2841/3700/1613 2845/3692/1616 2823/3695/1676
f 2822/3691/1607 2819/3704/1680 2843/3703/1679 2847/3688/1672
f 2848/3712/1684 2844/3705/1681 2817/3641/1665 2821/3698/1598
f 2847/3688/1672 2843/3703/1679 2844/3705/1681 2848/3712/1684
f 2846/3709/1601 2842/3707/1608 2820/3706/1567 2824/3708/1682
f 2845/3692/1616 2841/3700/1613 2842/3707/1608 2846/3709/1601
f 2822/3691/1607 2824/3708/1682 2820/3706/1567 2819/3704/1680
f 2862/3738/1635 2861/3741/1689 2849/3731/1631 2850/3730/1630
f 2861/3741/1689 2896/3785/1596 2892/3664/1586 2849/3731/1631
f 2895/3782/1596 2866/3744/1690 2854/3736/1629 2891/3665/1586
f 2863/3672/1593 2862/3738/1635 2850/3730/1630 2851/3656/1584
f 2852/3661/1582 2853/3734/1627 2865/3742/1632 2864/3675/1591
f 2892/3664/1586 2896/3785/1596 2895/3782/1596 2891/3665/1586
f 2803/3674/1588 2804/3678/1590 2796/3662/1670 2795/3658/1579
f 2801/3669/1594 2802/3668/1592 2794/3652/1583 2793/3655/1669
f 2828/3723/1587 2832/3718/1620 2801/3669/1594 2793/3655/1669
f 2804/3678/1590 2831/3716/1620 2827/3720/1587 2796/3662/1670
f 2802/3668/1592 2863/3672/1593 2851/3656/1584 2794/3652/1583
f 2852/3661/1582 2864/3675/1591 2803/3674/1588 2795/3658/1579
f 2828/3723/1587 2827/3720/1587 2831/3716/1620 2832/3718/1620
f 2855/3747/1639 2898/3746/1587 2906/3777/1660 2884/3765/1664
f 2899/3752/1620 2900/3778/1620 2907/3786/1700 2908/3787/1701
f 2872/3753/1648 2899/3752/1620 2908/3787/1701 2881/3788/1702
f 2881/3788/1702 2882/3789/1650 2860/3755/1637 2872/3753/1648
f 2897/3775/1587 2860/3755/1637 2882/3789/1650 2905/3776/1659
f 2880/3758/1692 2886/3757/1655 2888/3767/1696 2878/3770/1697
f 2885/3771/1643 2887/3761/1693 2882/3789/1650 2881/3788/1702
f 2883/3766/1695 2884/3765/1664 2888/3767/1696 2886/3757/1655
f 2906/3777/1660 2905/3776/1659 2909/3760/1654 2910/3768/1644
f 2884/3765/1664 2906/3777/1660 2910/3768/1644 2888/3767/1696
f 2908/3787/1701 2907/3786/1700 2911/3756/1691 2912/3772/1698
f 2881/3788/1702 2908/3787/1701 2912/3772/1698 2885/3771/1643
f 2907/3786/1700 2883/3766/1695 2886/3757/1655 2911/3756/1691
f 2905/3776/1659 2882/3789/1650 2887/3761/1693 2909/3760/1654
f 2896/3785/1596 2894/3784/1620 2893/3783/1620 2895/3782/1596
o Cylinder.067_Cylinder.077
v 1.637230 0.168888 -2.483275
v 1.697462 0.125130 -2.483275
v 1.502551 0.125123 -2.483275
v 1.562780 0.168885 -2.483275
v 1.630074 0.187609 -2.477868
v 1.713387 0.136701 -2.483275
v 1.486626 0.136692 -2.483275
v 1.569934 0.187607 -2.477868
v 1.637230 0.168888 -2.412592
v 1.697462 0.125130 -2.412592
v 1.502551 0.125123 -2.412592
v 1.562780 0.168885 -2.412592
v 1.630074 0.187609 -2.418000
v 1.713387 0.136701 -2.412592
v 1.486626 0.136692 -2.412592
v 1.569934 0.187607 -2.418000
v 1.556697 0.187606 -2.483275
v 1.643312 0.187609 -2.483275
v 1.556697 0.187606 -2.412592
v 1.643312 0.187609 -2.412592
v 1.550718 0.276829 -2.484042
v 1.649282 0.276832 -2.484042
v 1.550718 0.276829 -2.411825
v 1.649282 0.276832 -2.411825
v 1.569933 0.244367 -2.418000
v 1.569933 0.244367 -2.477868
v 1.630072 0.244370 -2.418000
v 1.630072 0.244370 -2.477868
v 1.550721 0.248909 -2.411825
v 1.649284 0.248912 -2.411825
v 1.550721 0.248909 -2.484042
v 1.649284 0.248912 -2.484042
v 1.585568 0.187607 -2.483275
v 1.614440 0.187608 -2.483275
v 1.587597 0.168886 -2.483275
v 1.612413 0.168887 -2.483275
v 1.585568 0.187607 -2.412592
v 1.614440 0.187608 -2.412592
v 1.587597 0.168886 -2.412592
v 1.612413 0.168887 -2.412592
v 1.589981 0.187607 -2.477868
v 1.610027 0.187608 -2.477868
v 1.589981 0.187607 -2.418000
v 1.610027 0.187608 -2.418000
v 1.583573 0.276830 -2.512021
v 1.616427 0.276831 -2.512021
v 1.583573 0.276830 -2.385627
v 1.616427 0.276831 -2.385627
v 1.589979 0.244368 -2.477868
v 1.610026 0.244369 -2.477868
v 1.610026 0.244369 -2.418000
v 1.589979 0.244368 -2.418000
v 1.583575 0.248910 -2.512021
v 1.616430 0.248911 -2.512021
v 1.616430 0.248911 -2.385627
v 1.583575 0.248910 -2.385627
v 1.637230 -0.060246 -2.483275
v 1.697462 -0.016488 -2.483275
v 1.720471 0.054321 -2.483275
v 1.479548 0.054321 -2.483275
v 1.502551 -0.016481 -2.483275
v 1.562780 -0.060243 -2.483275
v 1.630074 -0.078967 -2.477868
v 1.713387 -0.028059 -2.483275
v 1.740155 0.054321 -2.483275
v 1.459863 0.054321 -2.483275
v 1.486626 -0.028050 -2.483275
v 1.569934 -0.078965 -2.477868
v 1.637230 -0.060246 -2.412592
v 1.697462 -0.016488 -2.412592
v 1.720471 0.054321 -2.412592
v 1.479548 0.054321 -2.412592
v 1.502551 -0.016481 -2.412592
v 1.562780 -0.060243 -2.412592
v 1.630074 -0.078967 -2.418000
v 1.713387 -0.028059 -2.412592
v 1.740155 0.054321 -2.412592
v 1.459863 0.054321 -2.412592
v 1.486626 -0.028050 -2.412592
v 1.569934 -0.078965 -2.418000
v 1.556697 -0.078964 -2.483275
v 1.643312 -0.078967 -2.483275
v 1.556697 -0.078964 -2.412592
v 1.643312 -0.078967 -2.412592
v 1.550718 -0.168187 -2.484042
v 1.649282 -0.168190 -2.484042
v 1.550718 -0.168187 -2.411825
v 1.649282 -0.168190 -2.411825
v 1.569933 -0.135725 -2.418000
v 1.569933 -0.135725 -2.477868
v 1.630072 -0.135728 -2.418000
v 1.630072 -0.135728 -2.477868
v 1.550721 -0.140267 -2.411825
v 1.649284 -0.140270 -2.411825
v 1.550721 -0.140267 -2.484042
v 1.649284 -0.140270 -2.484042
v 1.585568 -0.078965 -2.483275
v 1.614440 -0.078966 -2.483275
v 1.587597 -0.060244 -2.483275
v 1.612413 -0.060245 -2.483275
v 1.585568 -0.078965 -2.412592
v 1.614440 -0.078966 -2.412592
v 1.587597 -0.060244 -2.412592
v 1.612413 -0.060245 -2.412592
v 1.589981 -0.078965 -2.477868
v 1.610027 -0.078966 -2.477868
v 1.589981 -0.078965 -2.418000
v 1.610027 -0.078966 -2.418000
v 1.583573 -0.168188 -2.512021
v 1.616427 -0.168189 -2.512021
v 1.583573 -0.168188 -2.385628
v 1.616427 -0.168189 -2.385628
v 1.589979 -0.135726 -2.477868
v 1.610026 -0.135727 -2.477868
v 1.610026 -0.135727 -2.418000
v 1.589979 -0.135726 -2.418000
v 1.583575 -0.140268 -2.512021
v 1.616430 -0.140269 -2.512021
v 1.616430 -0.140269 -2.385628
v 1.583575 -0.140268 -2.385628
v 1.569934 0.193516 -2.477868
v 1.630074 0.193519 -2.477868
v 1.569934 0.193516 -2.418000
v 1.630074 0.193519 -2.418000
v 1.589981 0.193517 -2.418000
v 1.610027 0.193518 -2.418000
v 1.610027 0.193518 -2.477868
v 1.589981 0.193517 -2.477868
v 1.569933 0.236183 -2.418000
v 1.630072 0.236186 -2.418000
v 1.589979 0.236184 -2.418000
v 1.610026 0.236185 -2.418000
v 1.610026 0.236185 -2.477868
v 1.589979 0.236184 -2.477868
v 1.569933 0.236183 -2.477868
v 1.630072 0.236186 -2.477868
v -1.637230 0.168888 -2.483275
v -1.697462 0.125130 -2.483275
v -1.502551 0.125123 -2.483275
v -1.562780 0.168885 -2.483275
v -1.630074 0.187609 -2.477868
v -1.713387 0.136701 -2.483275
v -1.486625 0.136692 -2.483275
v -1.569935 0.187607 -2.477868
v -1.637230 0.168888 -2.412592
v -1.697462 0.125130 -2.412592
v -1.502551 0.125123 -2.412592
v -1.562780 0.168885 -2.412592
v -1.630074 0.187609 -2.418000
v -1.713387 0.136701 -2.412592
v -1.486625 0.136692 -2.412592
v -1.569935 0.187607 -2.418000
v -1.556697 0.187606 -2.483275
v -1.643312 0.187609 -2.483275
v -1.556697 0.187606 -2.412592
v -1.643312 0.187609 -2.412592
v -1.550718 0.276829 -2.484042
v -1.649282 0.276832 -2.484042
v -1.550718 0.276829 -2.411825
v -1.649282 0.276832 -2.411825
v -1.569933 0.244367 -2.418000
v -1.569933 0.244367 -2.477868
v -1.630072 0.244370 -2.418000
v -1.630072 0.244370 -2.477868
v -1.550721 0.248909 -2.411825
v -1.649284 0.248912 -2.411825
v -1.550721 0.248909 -2.484042
v -1.649284 0.248912 -2.484042
v -1.585568 0.187607 -2.483275
v -1.614440 0.187608 -2.483275
v -1.587597 0.168886 -2.483275
v -1.612413 0.168887 -2.483275
v -1.585568 0.187607 -2.412592
v -1.614440 0.187608 -2.412592
v -1.587597 0.168886 -2.412592
v -1.612413 0.168887 -2.412592
v -1.589981 0.187607 -2.477868
v -1.610027 0.187608 -2.477868
v -1.589981 0.187607 -2.418000
v -1.610027 0.187608 -2.418000
v -1.583573 0.276830 -2.512021
v -1.616427 0.276831 -2.512021
v -1.583573 0.276830 -2.385627
v -1.616427 0.276831 -2.385627
v -1.589979 0.244368 -2.477868
v -1.610026 0.244369 -2.477868
v -1.610026 0.244369 -2.418000
v -1.589979 0.244368 -2.418000
v -1.583575 0.248910 -2.512021
v -1.616430 0.248911 -2.512021
v -1.616430 0.248911 -2.385627
v -1.583575 0.248910 -2.385627
v -1.637230 -0.060246 -2.483275
v -1.697462 -0.016488 -2.483275
v -1.720471 0.054321 -2.483275
v -1.479548 0.054321 -2.483275
v -1.502551 -0.016481 -2.483275
v -1.562780 -0.060243 -2.483275
v -1.630074 -0.078967 -2.477868
v -1.713387 -0.028059 -2.483275
v -1.740155 0.054321 -2.483275
v -1.459863 0.054321 -2.483275
v -1.486625 -0.028050 -2.483275
v -1.569935 -0.078965 -2.477868
v -1.637230 -0.060246 -2.412592
v -1.697462 -0.016488 -2.412592
v -1.720471 0.054321 -2.412592
v -1.479548 0.054321 -2.412592
v -1.502551 -0.016481 -2.412592
v -1.562780 -0.060243 -2.412592
v -1.630074 -0.078967 -2.418000
v -1.713387 -0.028059 -2.412592
v -1.740155 0.054321 -2.412592
v -1.459863 0.054321 -2.412592
v -1.486625 -0.028050 -2.412592
v -1.569935 -0.078965 -2.418000
v -1.556697 -0.078964 -2.483275
v -1.643312 -0.078967 -2.483275
v -1.556697 -0.078964 -2.412592
v -1.643312 -0.078967 -2.412592
v -1.550718 -0.168187 -2.484042
v -1.649282 -0.168190 -2.484042
v -1.550718 -0.168187 -2.411825
v -1.649282 -0.168190 -2.411825
v -1.569933 -0.135725 -2.418000
v -1.569933 -0.135725 -2.477868
v -1.630072 -0.135728 -2.418000
v -1.630072 -0.135728 -2.477868
v -1.550721 -0.140267 -2.411825
v -1.649284 -0.140270 -2.411825
v -1.550721 -0.140267 -2.484042
v -1.649284 -0.140270 -2.484042
v -1.585568 -0.078965 -2.483275
v -1.614440 -0.078966 -2.483275
v -1.587597 -0.060244 -2.483275
v -1.612413 -0.060245 -2.483275
v -1.585568 -0.078965 -2.412592
v -1.614440 -0.078966 -2.412592
v -1.587597 -0.060244 -2.412592
v -1.612413 -0.060245 -2.412592
v -1.589981 -0.078965 -2.477868
v -1.610027 -0.078966 -2.477868
v -1.589981 -0.078965 -2.418000
v -1.610027 -0.078966 -2.418000
v -1.583573 -0.168188 -2.512021
v -1.616427 -0.168189 -2.512021
v -1.583573 -0.168188 -2.385628
v -1.616427 -0.168189 -2.385628
v -1.589979 -0.135726 -2.477868
v -1.610026 -0.135727 -2.477868
v -1.610026 -0.135727 -2.418000
v -1.589979 -0.135726 -2.418000
v -1.583575 -0.140268 -2.512021
v -1.616430 -0.140269 -2.512021
v -1.616430 -0.140269 -2.385628
v -1.583575 -0.140268 -2.385628
v -1.569934 0.193516 -2.477868
v -1.630074 0.193519 -2.477868
v -1.569934 0.193516 -2.418000
v -1.630074 0.193519 -2.418000
v -1.589981 0.193517 -2.418000
v -1.610027 0.193518 -2.418000
v -1.610027 0.193518 -2.477868
v -1.589981 0.193517 -2.477868
v -1.569933 0.236183 -2.418000
v -1.630072 0.236186 -2.418000
v -1.589979 0.236184 -2.418000
v -1.610026 0.236185 -2.418000
v -1.610026 0.236185 -2.477868
v -1.589979 0.236184 -2.477868
v -1.569933 0.236183 -2.477868
v -1.630072 0.236186 -2.477868
vt 0.087904 0.500000
vt 0.087904 0.500000
vt 0.087904 0.500000
vt 0.087904 0.500000
vt 0.100000 0.500000
vt 0.100000 0.500000
vt 0.200000 0.500000
vt 0.200000 0.500000
vt 0.300000 0.500000
vt 0.300000 0.500000
vt 0.800000 0.500000
vt 0.800000 0.500000
vt 0.900000 0.500000
vt 0.900000 0.500000
vt 0.727441 0.357811
vt 0.704881 0.350481
vt 0.655954 0.459443
vt 0.702977 0.474721
vt 0.817678 0.343151
vt 0.750000 0.365141
vt 0.750000 0.490000
vt 0.891068 0.444164
vt 0.859505 0.285580
vt 0.978254 0.324164
vt 0.640495 0.285580
vt 0.640495 0.214420
vt 0.521746 0.175836
vt 0.521746 0.324164
vt 0.682322 0.343151
vt 0.608932 0.444164
vt 0.817678 0.343151
vt 0.891068 0.444164
vt 0.750000 0.490000
vt 0.750000 0.365141
vt 0.859505 0.285580
vt 0.978254 0.324164
vt 0.640495 0.285580
vt 0.521746 0.324164
vt 0.521746 0.175836
vt 0.640495 0.214420
vt 0.682322 0.343151
vt 0.608932 0.444164
vt 0.037365 0.500000
vt 0.012096 0.500000
vt -0.000000 0.500000
vt 0.033333 0.500000
vt 1.000000 0.500000
vt 1.000000 0.500000
vt 0.062635 0.500000
vt 0.066667 0.500000
vt 0.037365 0.500000
vt 0.012096 0.500000
vt 0.012096 0.500000
vt 0.037365 0.500000
vt 0.062635 0.500000
vt 0.087904 0.500000
vt 0.087904 0.500000
vt 0.062635 0.500000
vt 0.012096 0.500000
vt 0.037365 0.500000
vt 0.012096 0.500000
vt 0.062635 0.500000
vt 0.087904 0.500000
vt 0.087904 0.500000
vt 0.062635 0.500000
vt 0.037365 0.500000
vt 0.012096 0.500000
vt 0.012096 0.500000
vt 0.037365 0.500000
vt 0.087904 0.500000
vt 0.087904 0.500000
vt 0.087904 0.500000
vt 0.087904 0.500000
vt 0.087904 0.500000
vt 0.062635 0.500000
vt 0.062635 0.500000
vt 0.087904 0.500000
vt 0.012096 0.500000
vt 0.037365 0.500000
vt 0.037365 0.500000
vt 0.012096 0.500000
vt 0.037365 0.500000
vt 0.087904 0.500000
vt 0.062635 0.500000
vt 0.062635 0.500000
vt 0.087904 0.500000
vt 0.012096 0.500000
vt 0.037365 0.500000
vt 0.033333 0.500000
vt -0.000000 0.500000
vt 0.062635 0.500000
vt 0.066667 0.500000
vt 0.704881 0.350481
vt 0.655954 0.459443
vt 0.702977 0.474721
vt 0.727441 0.357811
vt 0.704881 0.350481
vt 0.655954 0.459443
vt 0.727441 0.357811
vt 0.702977 0.474721
vt 0.200000 0.500000
vt 0.200000 0.500000
vt 0.100000 0.500000
vt 0.100000 0.500000
vt 0.900000 0.500000
vt 0.900000 0.500000
vt 0.817678 0.343151
vt 0.891068 0.444164
vt 0.750000 0.490000
vt 0.750000 0.365141
vt 0.640495 0.285580
vt 0.521746 0.324164
vt 0.682322 0.343151
vt 0.608932 0.444164
vt 0.817678 0.343151
vt 0.750000 0.365141
vt 0.750000 0.490000
vt 0.891068 0.444164
vt 0.640495 0.285580
vt 0.521746 0.324164
vt 0.682322 0.343151
vt 0.608932 0.444164
vt 0.037365 0.500000
vt 0.033333 0.500000
vt -0.000000 0.500000
vt 0.012096 0.500000
vt 1.000000 0.500000
vt 1.000000 0.500000
vt 0.062635 0.500000
vt 0.066667 0.500000
vt 0.037365 0.500000
vt 0.037365 0.500000
vt 0.012096 0.500000
vt 0.012096 0.500000
vt 0.062635 0.500000
vt 0.062635 0.500000
vt 0.087904 0.500000
vt 0.087904 0.500000
vt 0.087904 0.500000
vt 0.062635 0.500000
vt 0.062635 0.500000
vt 0.037365 0.500000
vt 0.037365 0.500000
vt 0.012096 0.500000
vt 0.012096 0.500000
vt 0.062635 0.500000
vt 0.012096 0.500000
vt 0.037365 0.500000
vt 0.012096 0.500000
vt 0.012096 0.500000
vt 0.037365 0.500000
vt 0.037365 0.500000
vt 0.087904 0.500000
vt 0.062635 0.500000
vt 0.062635 0.500000
vt -0.000000 0.500000
vt 0.033333 0.500000
vt 0.066667 0.500000
vt 0.704881 0.350481
vt 0.655954 0.459443
vt 0.702977 0.474721
vt 0.727441 0.357811
vt 0.012096 0.500000
vt 0.012096 0.500000
vt 0.062635 0.500000
vt 0.037365 0.500000
vt 0.037365 0.500000
vt 0.062635 0.500000
vt 0.087904 0.500000
vt 0.087904 0.500000
vt 0.087904 0.500000
vt 0.087904 0.500000
vt 0.100000 0.500000
vt 0.200000 0.500000
vt 0.200000 0.500000
vt 0.100000 0.500000
vt 0.300000 0.500000
vt 0.300000 0.500000
vt 0.800000 0.500000
vt 0.900000 0.500000
vt 0.900000 0.500000
vt 0.800000 0.500000
vt 0.727441 0.357811
vt 0.702977 0.474721
vt 0.655954 0.459443
vt 0.704881 0.350481
vt 0.817678 0.343151
vt 0.891068 0.444164
vt 0.750000 0.490000
vt 0.750000 0.365141
vt 0.859505 0.285580
vt 0.978254 0.324164
vt 0.640495 0.285580
vt 0.521746 0.324164
vt 0.521746 0.175836
vt 0.640495 0.214420
vt 0.682322 0.343151
vt 0.608932 0.444164
vt 0.817678 0.343151
vt 0.750000 0.365141
vt 0.750000 0.490000
vt 0.891068 0.444164
vt 0.859505 0.285580
vt 0.978254 0.324164
vt 0.640495 0.285580
vt 0.640495 0.214420
vt 0.521746 0.175836
vt 0.521746 0.324164
vt 0.682322 0.343151
vt 0.608932 0.444164
vt 0.037365 0.500000
vt 0.033333 0.500000
vt -0.000000 0.500000
vt 0.012096 0.500000
vt 1.000000 0.500000
vt 1.000000 0.500000
vt 0.062635 0.500000
vt 0.066667 0.500000
vt 0.037365 0.500000
vt 0.037365 0.500000
vt 0.012096 0.500000
vt 0.012096 0.500000
vt 0.062635 0.500000
vt 0.062635 0.500000
vt 0.087904 0.500000
vt 0.087904 0.500000
vt 0.037365 0.500000
vt 0.012096 0.500000
vt 0.012096 0.500000
vt 0.062635 0.500000
vt 0.062635 0.500000
vt 0.087904 0.500000
vt 0.087904 0.500000
vt 0.037365 0.500000
vt 0.037365 0.500000
vt 0.012096 0.500000
vt 0.012096 0.500000
vt 0.087904 0.500000
vt 0.087904 0.500000
vt 0.087904 0.500000
vt 0.087904 0.500000
vt 0.087904 0.500000
vt 0.087904 0.500000
vt 0.062635 0.500000
vt 0.062635 0.500000
vt 0.012096 0.500000
vt 0.012096 0.500000
vt 0.037365 0.500000
vt 0.037365 0.500000
vt 0.037365 0.500000
vt 0.087904 0.500000
vt 0.087904 0.500000
vt 0.062635 0.500000
vt 0.062635 0.500000
vt 0.012096 0.500000
vt -0.000000 0.500000
vt 0.033333 0.500000
vt 0.037365 0.500000
vt 0.066667 0.500000
vt 0.062635 0.500000
vt 0.704881 0.350481
vt 0.655954 0.459443
vt 0.727441 0.357811
vt 0.702977 0.474721
vt 0.704881 0.350481
vt 0.655954 0.459443
vt 0.702977 0.474721
vt 0.727441 0.357811
vt 0.200000 0.500000
vt 0.100000 0.500000
vt 0.100000 0.500000
vt 0.200000 0.500000
vt 0.900000 0.500000
vt 0.900000 0.500000
vt 0.817678 0.343151
vt 0.750000 0.365141
vt 0.750000 0.490000
vt 0.891068 0.444164
vt 0.640495 0.285580
vt 0.521746 0.324164
vt 0.682322 0.343151
vt 0.608932 0.444164
vt 0.817678 0.343151
vt 0.891068 0.444164
vt 0.750000 0.490000
vt 0.750000 0.365141
vt 0.640495 0.285580
vt 0.521746 0.324164
vt 0.682322 0.343151
vt 0.608932 0.444164
vt 0.037365 0.500000
vt 0.012096 0.500000
vt -0.000000 0.500000
vt 0.033333 0.500000
vt 1.000000 0.500000
vt 1.000000 0.500000
vt 0.062635 0.500000
vt 0.066667 0.500000
vt 0.037365 0.500000
vt 0.012096 0.500000
vt 0.012096 0.500000
vt 0.037365 0.500000
vt 0.062635 0.500000
vt 0.087904 0.500000
vt 0.087904 0.500000
vt 0.062635 0.500000
vt 0.087904 0.500000
vt 0.062635 0.500000
vt 0.062635 0.500000
vt 0.037365 0.500000
vt 0.012096 0.500000
vt 0.012096 0.500000
vt 0.037365 0.500000
vt 0.062635 0.500000
vt 0.037365 0.500000
vt 0.012096 0.500000
vt 0.012096 0.500000
vt 0.037365 0.500000
vt 0.037365 0.500000
vt 0.012096 0.500000
vt 0.062635 0.500000
vt 0.062635 0.500000
vt 0.087904 0.500000
vt 0.033333 0.500000
vt -0.000000 0.500000
vt 0.066667 0.500000
vt 0.704881 0.350481
vt 0.655954 0.459443
vt 0.727441 0.357811
vt 0.702977 0.474721
vt 0.012096 0.500000
vt 0.012096 0.500000
vt 0.037365 0.500000
vt 0.062635 0.500000
vt 0.062635 0.500000
vt 0.037365 0.500000
vn -0.3015 0.9045 0.3015
vn -0.7071 0.0000 0.7071
vn -0.7071 0.0000 -0.7071
vn -0.3015 0.9045 -0.3015
vn -0.2365 0.7278 0.6437
vn -0.2365 0.7278 -0.6437
vn -0.6191 0.4498 -0.6437
vn -0.6191 0.4498 0.6437
vn -0.7653 0.0000 -0.6437
vn -0.7653 0.0000 0.6437
vn 0.7653 0.0000 0.6437
vn 0.7653 0.0000 -0.6437
vn 0.6191 0.4498 -0.6437
vn 0.6191 0.4498 0.6437
vn 0.0000 0.7071 0.7071
vn 0.0000 -0.7071 0.7071
vn -0.5025 -0.3651 -0.7837
vn -0.1919 -0.5907 -0.7837
vn 0.2364 0.7278 -0.6437
vn -0.6211 0.0000 -0.7837
vn 0.5025 -0.3651 -0.7837
vn 0.6211 0.0000 -0.7837
vn 0.1919 -0.5907 -0.7837
vn -0.5025 -0.3651 0.7837
vn 0.2364 0.7278 0.6437
vn -0.1919 -0.5907 0.7837
vn -0.6211 0.0000 0.7837
vn 0.5025 -0.3651 0.7837
vn 0.6211 0.0000 0.7837
vn 0.1919 -0.5907 0.7837
vn 0.0000 0.7071 -0.7071
vn 0.3015 0.9045 -0.3015
vn 0.2587 -0.5880 0.7664
vn 0.7450 -0.5636 0.3568
vn 0.7060 0.6213 0.3400
vn 0.2538 0.6398 0.7254
vn -0.2709 -0.5882 -0.7620
vn -0.7488 -0.5663 -0.3444
vn -0.7096 0.6237 -0.3277
vn -0.2663 0.6370 -0.7234
vn 0.7095 0.6238 -0.3277
vn 0.2662 0.6370 -0.7234
vn 0.7488 -0.5662 -0.3444
vn 0.0000 0.0000 -1.0000
vn -0.4115 -0.8320 -0.3720
vn -0.0255 -0.6522 -0.7576
vn 0.0000 0.0000 1.0000
vn 0.7071 0.0000 0.7071
vn 0.4105 -0.8307 0.3759
vn 0.0249 -0.6494 0.7600
vn -0.4104 0.8308 0.3759
vn -0.3015 -0.9045 0.3015
vn -0.3015 -0.9045 -0.3015
vn -0.4115 0.8320 -0.3720
vn -0.0248 -0.6494 0.7600
vn -0.4105 -0.8308 0.3759
vn 0.7071 0.0000 -0.7071
vn 0.0255 -0.6522 -0.7576
vn 0.4115 -0.8320 -0.3720
vn 0.2709 -0.5882 -0.7620
vn -0.7450 -0.5636 0.3568
vn -0.2586 -0.5880 0.7664
vn -0.2538 0.6398 0.7254
vn -0.7060 0.6212 0.3400
vn 0.3015 0.9045 0.3015
vn 0.0000 -0.7071 -0.7071
vn -0.6191 -0.4498 0.6437
vn -0.6191 -0.4498 -0.6437
vn -0.2365 -0.7278 -0.6437
vn -0.2365 -0.7278 0.6437
vn 0.6191 -0.4498 0.6437
vn 0.6191 -0.4498 -0.6437
vn -0.5025 0.3651 -0.7837
vn 0.2364 -0.7278 -0.6437
vn -0.1919 0.5907 -0.7837
vn 0.5025 0.3651 -0.7837
vn 0.1919 0.5907 -0.7837
vn -0.5025 0.3651 0.7837
vn -0.1919 0.5907 0.7837
vn 0.2364 -0.7278 0.6437
vn 0.5025 0.3651 0.7837
vn 0.1919 0.5907 0.7837
vn 0.3015 -0.9045 -0.3015
vn 0.2587 0.5880 0.7664
vn 0.3302 -0.0000 0.9439
vn 0.9009 -0.0001 0.4339
vn 0.7450 0.5636 0.3568
vn -0.2709 0.5882 -0.7620
vn -0.3454 0.0000 -0.9384
vn -0.9078 0.0001 -0.4193
vn -0.7488 0.5663 -0.3444
vn -0.7450 0.5636 0.3568
vn -0.0255 0.6522 -0.7576
vn 0.0249 0.6494 0.7600
vn 0.4105 0.8307 0.3759
vn 0.3015 -0.9045 0.3015
vn -0.0248 0.6494 0.7600
vn 0.4115 0.8320 -0.3720
vn 0.0255 0.6522 -0.7576
vn 0.7488 0.5662 -0.3444
vn 0.9078 -0.0001 -0.4193
vn 0.3454 -0.0000 -0.9384
vn 0.2709 0.5882 -0.7620
vn -0.9009 0.0001 0.4339
vn -0.3302 0.0000 0.9439
vn -0.2586 0.5880 0.7664
vn 0.2365 0.7278 0.6437
vn 0.2365 0.7278 -0.6437
vn -0.2364 0.7278 -0.6437
vn -0.1920 -0.5907 -0.7837
vn -0.2364 0.7278 0.6437
vn -0.1920 -0.5907 0.7837
vn -0.2587 -0.5880 0.7664
vn -0.7060 0.6213 0.3400
vn 0.2663 0.6370 -0.7234
vn 0.7096 0.6237 -0.3277
vn 0.7488 -0.5663 -0.3444
vn -0.2662 0.6370 -0.7234
vn -0.7095 0.6238 -0.3277
vn -0.7488 -0.5662 -0.3444
vn -0.0249 -0.6494 0.7600
vn 0.4105 0.8308 0.3759
vn 0.4104 -0.8308 0.3759
vn 0.0248 -0.6494 0.7600
vn 0.7060 0.6212 0.3400
vn 0.2539 0.6398 0.7254
vn 0.2586 -0.5880 0.7664
vn 0.2365 -0.7278 0.6437
vn 0.2365 -0.7278 -0.6437
vn -0.2364 -0.7278 -0.6437
vn -0.2364 -0.7278 0.6437
vn -0.1920 0.5907 0.7837
vn -0.2587 0.5880 0.7664
vn -0.9009 -0.0001 0.4339
vn 0.7488 0.5663 -0.3444
vn 0.9078 0.0001 -0.4193
vn -0.4105 0.8307 0.3759
vn -0.0249 0.6494 0.7600
vn 0.0248 0.6494 0.7600
vn -0.7488 0.5662 -0.3444
vn -0.9078 -0.0001 -0.4193
vn 0.2586 0.5880 0.7664
vn 0.9009 0.0001 0.4339
usemtl Gold
s 1
f 2928/3790/1703 3035/3791/1704 3033/3792/1705 2920/3793/1706
f 2931/3794/1707 2929/3795/1708 2919/3796/1709 2927/3797/1710
f 2927/3797/1710 2919/3796/1709 2978/3798/1711 2990/3799/1712
f 2989/3800/1713 2977/3801/1714 2918/3802/1715 2926/3803/1716
f 3016/3804/1717 3015/3805/1717 3013/3806/1718 3014/3807/1718
f 2914/3808/1719 2913/3809/1720 2930/3810/1721 2918/3811/1715
f 2971/3812/1722 2914/3808/1719 2918/3811/1715 2977/3813/1714
f 2915/3814/1723 2972/3815/1724 2978/3816/1711 2919/3817/1709
f 2916/3818/1725 2915/3814/1723 2919/3817/1709 2929/3819/1708
f 2922/3820/1726 2926/3821/1716 2932/3822/1727 2921/3823/1728
f 2983/3824/1729 2989/3825/1713 2926/3821/1716 2922/3820/1726
f 2923/3826/1730 2927/3827/1710 2990/3828/1712 2984/3829/1731
f 2924/3830/1732 2931/3831/1707 2927/3827/1710 2923/3826/1730
f 2954/3832/1733 2917/3833/1734 2930/3834/1721 2946/3835/1733
f 2926/3803/1716 2918/3802/1715 2930/3836/1721 2932/3837/1727
f 2955/3838/1717 2928/3790/1703 2931/3794/1707 2949/3839/1717
f 2928/3790/1703 2920/3793/1706 2929/3795/1708 2931/3794/1707
f 2967/3840/1735 2942/3841/1736 2936/3842/1737 2960/3843/1738
f 2965/3844/1739 2943/3845/1740 2933/3846/1741 2957/3847/1742
f 2936/3842/1737 2934/3848/1743 2958/3849/1744 2960/3843/1738
f 2942/3841/1736 2944/3850/1745 2934/3848/1743 2936/3842/1737
f 3046/3851/1746 3047/3852/1705 2938/3853/1747 2961/3854/1748
f 3044/3855/1749 3042/3856/1750 2939/3857/1751 2963/3858/1752
f 3001/3859/1753 2992/3860/1754 2980/3861/1755 3002/3862/1756
f 3041/3863/1704 3043/3864/1749 2964/3865/1757 2937/3866/1758
f 3043/3864/1749 3044/3855/1749 2963/3858/1752 2964/3865/1757
f 3048/3867/1759 3045/3868/1746 2962/3869/1760 2940/3870/1761
f 3045/3868/1746 3046/3851/1746 2961/3854/1748 2962/3869/1760
f 2944/3850/1745 2966/3871/1762 2958/3849/1744 2934/3848/1743
f 2966/3871/1762 2965/3844/1739 2957/3847/1742 2958/3849/1744
f 2941/3872/1763 2968/3873/1764 2959/3874/1765 2935/3875/1766
f 2968/3873/1764 2967/3840/1735 2960/3843/1738 2959/3874/1765
f 2939/3857/1751 3042/3856/1750 3048/3867/1759 2940/3870/1761
f 2959/3874/1765 2957/3847/1742 2933/3846/1741 2935/3875/1766
f 2925/3876/1767 2956/3877/1717 2950/3878/1717 2932/3879/1727
f 2956/3877/1717 2955/3838/1717 2949/3839/1717 2950/3878/1717
f 2920/3793/1706 2953/3880/1733 2945/3881/1733 2929/3795/1708
f 2953/3880/1733 2954/3832/1733 2946/3835/1733 2945/3881/1733
f 2951/3882/1718 2949/3883/1717 2931/3831/1707 2924/3830/1732
f 2921/3823/1728 2932/3822/1727 2950/3884/1717 2952/3885/1718
f 2947/3886/1768 2916/3818/1725 2929/3819/1708 2945/3887/1733
f 2913/3809/1720 2948/3888/1768 2946/3889/1733 2930/3810/1721
f 2960/3843/1738 2958/3849/1744 2957/3847/1742 2959/3874/1765
f 2991/3890/1769 2979/3891/1770 2993/3892/1771 2995/3893/1772
f 2990/3799/1712 2978/3798/1711 2979/3891/1770 2991/3890/1769
f 2988/3894/1773 2976/3895/1774 2977/3801/1714 2989/3800/1713
f 2948/3888/1768 2947/3886/1768 2945/3887/1733 2946/3889/1733
f 2970/3896/1775 2976/3897/1774 2994/3898/1776 2969/3899/1777
f 2971/3812/1722 2977/3813/1714 2976/3897/1774 2970/3896/1775
f 2973/3900/1778 2979/3901/1770 2978/3816/1711 2972/3815/1724
f 2974/3902/1779 2993/3903/1771 2979/3901/1770 2973/3900/1778
f 2952/3885/1718 2950/3884/1717 2949/3883/1717 2951/3882/1718
f 2982/3904/1780 2981/3905/1781 2996/3906/1782 2988/3907/1773
f 2983/3824/1729 2982/3904/1780 2988/3907/1773 2989/3825/1713
f 2985/3908/1783 2984/3829/1731 2990/3828/1712 2991/3909/1769
f 2986/3910/1784 2985/3908/1783 2991/3909/1769 2995/3911/1772
f 3018/3912/1768 3010/3913/1768 2994/3914/1776 2975/3915/1785
f 2996/3916/1782 2994/3917/1776 2976/3895/1774 2988/3894/1773
f 3019/3918/1718 3013/3919/1718 2995/3893/1772 2992/3860/1754
f 2995/3893/1772 2993/3892/1771 2980/3861/1755 2992/3860/1754
f 3031/3920/1786 3024/3921/1787 3000/3922/1788 3006/3923/1789
f 3029/3924/1790 3021/3925/1791 2997/3926/1792 3007/3927/1793
f 3005/3928/1794 3001/3859/1753 3002/3862/1756 3007/3927/1793
f 3017/3929/1768 3025/3930/1795 3002/3862/1756 2980/3861/1755
f 3020/3931/1718 3027/3932/1796 3003/3933/1797 2987/3934/1798
f 2943/3845/1740 2941/3872/1763 2935/3875/1766 2933/3846/1741
f 2992/3860/1754 3001/3859/1753 3028/3935/1799 3019/3918/1718
f 3019/3918/1718 3028/3935/1799 3027/3932/1796 3020/3931/1718
f 2975/3915/1785 3004/3936/1800 3026/3937/1801 3018/3912/1768
f 3008/3938/1802 2998/3939/1803 3022/3940/1804 3030/3941/1805
f 3030/3941/1805 3022/3940/1804 3021/3925/1791 3029/3924/1790
f 3005/3928/1794 2999/3942/1806 3023/3943/1807 3032/3944/1808
f 3032/3944/1808 3023/3943/1807 3024/3921/1787 3031/3920/1786
f 3000/3922/1788 2998/3939/1803 3008/3938/1802 3006/3923/1789
f 2987/3934/1798 2996/3945/1782 3014/3946/1718 3020/3931/1718
f 3020/3931/1718 3014/3946/1718 3013/3919/1718 3019/3918/1718
f 2980/3861/1755 2993/3892/1771 3009/3947/1768 3017/3929/1768
f 3017/3929/1768 3009/3947/1768 3010/3913/1768 3018/3912/1768
f 3015/3805/1717 2986/3910/1784 2995/3911/1772 3013/3806/1718
f 2981/3905/1781 3016/3804/1717 3014/3807/1718 2996/3906/1782
f 3011/3948/1733 3009/3949/1768 2993/3903/1771 2974/3902/1779
f 2969/3899/1777 2994/3898/1776 3010/3950/1768 3012/3951/1733
f 2986/3910/1784 2974/3902/1779 2973/3900/1778 2985/3908/1783
f 3018/3912/1768 3026/3937/1801 3025/3930/1795 3017/3929/1768
f 2917/3833/1734 2925/3876/1767 2932/3879/1727 2930/3834/1721
f 3047/3852/1705 3041/3863/1704 2937/3866/1758 2938/3853/1747
f 2999/3942/1806 3005/3928/1794 3007/3927/1793 2997/3926/1792
f 2994/3914/1776 2996/3945/1782 2987/3934/1798 2975/3915/1785
f 2987/3934/1798 3003/3933/1797 3004/3936/1800 2975/3915/1785
f 2925/3876/1767 2917/3833/1734 3034/3952/1759 3036/3953/1750
f 2954/3832/1733 2953/3880/1733 3040/3954/1746 3039/3955/1746
f 2917/3833/1734 2954/3832/1733 3039/3955/1746 3034/3952/1759
f 2955/3838/1717 2956/3877/1717 3038/3956/1749 3037/3957/1749
f 2928/3790/1703 2955/3838/1717 3037/3957/1749 3035/3791/1704
f 2956/3877/1717 2925/3876/1767 3036/3953/1750 3038/3956/1749
f 2953/3880/1733 2920/3793/1706 3033/3792/1705 3040/3954/1746
f 3033/3792/1705 3035/3791/1704 3041/3863/1704 3047/3852/1705
f 3036/3953/1750 3034/3952/1759 3048/3867/1759 3042/3856/1750
f 3039/3955/1746 3040/3954/1746 3046/3851/1746 3045/3868/1746
f 3034/3952/1759 3039/3955/1746 3045/3868/1746 3048/3867/1759
f 3037/3957/1749 3038/3956/1749 3044/3855/1749 3043/3864/1749
f 3035/3791/1704 3037/3957/1749 3043/3864/1749 3041/3863/1704
f 3038/3956/1749 3036/3953/1750 3042/3856/1750 3044/3855/1749
f 3040/3954/1746 3033/3792/1705 3047/3852/1705 3046/3851/1746
f 2941/3872/1763 2943/3845/1740 2938/3853/1747 2937/3866/1758
f 2938/3853/1747 2943/3845/1740 2965/3844/1739 2961/3854/1748
f 2942/3841/1736 2967/3840/1735 2963/3858/1752 2939/3857/1751
f 2968/3873/1764 2941/3872/1763 2937/3866/1758 2964/3865/1757
f 2967/3840/1735 2968/3873/1764 2964/3865/1757 2963/3858/1752
f 2966/3871/1762 2944/3850/1745 2940/3870/1761 2962/3869/1760
f 2965/3844/1739 2966/3871/1762 2962/3869/1760 2961/3854/1748
f 2942/3841/1736 2939/3857/1751 2940/3870/1761 2944/3850/1745
f 2982/3904/1780 2970/3896/1775 2969/3899/1777 2981/3905/1781
f 2981/3905/1781 2969/3899/1777 3012/3951/1733 3016/3804/1717
f 3015/3805/1717 3011/3948/1733 2974/3902/1779 2986/3910/1784
f 2983/3824/1729 2971/3812/1722 2970/3896/1775 2982/3904/1780
f 2972/3815/1724 2984/3829/1731 2985/3908/1783 2973/3900/1778
f 3012/3951/1733 3011/3948/1733 3015/3805/1717 3016/3804/1717
f 2923/3826/1730 2915/3814/1723 2916/3818/1725 2924/3830/1732
f 2921/3823/1728 2913/3809/1720 2914/3808/1719 2922/3820/1726
f 2948/3888/1768 2913/3809/1720 2921/3823/1728 2952/3885/1718
f 2924/3830/1732 2916/3818/1725 2947/3886/1768 2951/3882/1718
f 2922/3820/1726 2914/3808/1719 2971/3812/1722 2983/3824/1729
f 2972/3815/1724 2915/3814/1723 2923/3826/1730 2984/3829/1731
f 2948/3888/1768 2952/3885/1718 2951/3882/1718 2947/3886/1768
f 3012/3951/1733 3010/3950/1768 3009/3949/1768 3011/3948/1733
f 3003/3933/1797 3006/3923/1789 3008/3938/1802 3004/3936/1800
f 3026/3937/1801 3030/3941/1805 3029/3924/1790 3025/3930/1795
f 3004/3936/1800 3008/3938/1802 3030/3941/1805 3026/3937/1801
f 3028/3935/1799 3032/3944/1808 3031/3920/1786 3027/3932/1796
f 3001/3859/1753 3005/3928/1794 3032/3944/1808 3028/3935/1799
f 3027/3932/1796 3031/3920/1786 3006/3923/1789 3003/3933/1797
f 3025/3930/1795 3029/3924/1790 3007/3927/1793 3002/3862/1756
f 3064/3958/1767 3056/3959/1734 3169/3960/1759 3171/3961/1750
f 3067/3962/1809 3063/3963/1716 3055/3964/1715 3065/3965/1810
f 3063/3963/1716 3126/3966/1713 3114/3967/1714 3055/3964/1715
f 3125/3968/1712 3062/3969/1710 3054/3970/1709 3113/3971/1711
f 3152/3972/1717 3150/3973/1718 3149/3974/1718 3151/3975/1717
f 3050/3976/1723 3054/3977/1709 3066/3978/1811 3049/3979/1725
f 3107/3980/1724 3113/3981/1711 3054/3977/1709 3050/3976/1723
f 3051/3982/1719 3055/3983/1715 3114/3984/1714 3108/3985/1722
f 3052/3986/1812 3065/3987/1810 3055/3983/1715 3051/3982/1719
f 3058/3988/1730 3057/3989/1732 3068/3990/1813 3062/3991/1710
f 3119/3992/1731 3058/3988/1730 3062/3991/1710 3125/3993/1712
f 3059/3994/1726 3120/3995/1729 3126/3996/1713 3063/3997/1716
f 3060/3998/1814 3059/3994/1726 3063/3997/1716 3067/3999/1809
f 3090/4000/1733 3082/4001/1733 3066/4002/1811 3053/4003/1706
f 3062/3969/1710 3068/4004/1813 3066/4005/1811 3054/3970/1709
f 3091/4006/1717 3085/4007/1717 3067/3962/1809 3064/3958/1767
f 3064/3958/1767 3067/3962/1809 3065/3965/1810 3056/3959/1734
f 3103/4008/1815 3096/4009/1765 3072/4010/1816 3078/4011/1763
f 3101/4012/1762 3093/4013/1817 3069/4014/1818 3079/4015/1819
f 3072/4010/1816 3096/4009/1765 3094/4016/1820 3070/4017/1821
f 3078/4011/1763 3072/4010/1816 3070/4017/1821 3080/4018/1822
f 3182/4019/1746 3097/4020/1760 3074/4021/1761 3183/4022/1759
f 3180/4023/1749 3099/4024/1823 3075/4025/1758 3178/4026/1704
f 3137/4027/1824 3138/4028/1800 3116/4029/1785 3128/4030/1798
f 3177/4031/1750 3073/4032/1825 3100/4033/1826 3179/4034/1749
f 3179/4034/1749 3100/4033/1826 3099/4024/1823 3180/4023/1749
f 3184/4035/1705 3076/4036/1747 3098/4037/1748 3181/4038/1746
f 3181/4038/1746 3098/4037/1748 3097/4020/1760 3182/4019/1746
f 3080/4018/1822 3070/4017/1821 3094/4016/1820 3102/4039/1739
f 3102/4039/1739 3094/4016/1820 3093/4013/1817 3101/4012/1762
f 3077/4040/1736 3071/4041/1827 3095/4042/1828 3104/4043/1829
f 3104/4043/1829 3095/4042/1828 3096/4009/1765 3103/4008/1815
f 3075/4025/1758 3076/4036/1747 3184/4035/1705 3178/4026/1704
f 3095/4042/1828 3071/4041/1827 3069/4014/1818 3093/4013/1817
f 3061/4044/1703 3068/4045/1813 3086/4046/1717 3092/4047/1717
f 3092/4047/1717 3086/4046/1717 3085/4007/1717 3091/4006/1717
f 3056/3959/1734 3065/3965/1810 3081/4048/1733 3089/4049/1733
f 3089/4049/1733 3081/4048/1733 3082/4001/1733 3090/4000/1733
f 3087/4050/1718 3060/3998/1814 3067/3999/1809 3085/4051/1717
f 3057/3989/1732 3088/4052/1718 3086/4053/1717 3068/3990/1813
f 3083/4054/1768 3081/4055/1733 3065/3987/1810 3052/3986/1812
f 3049/3979/1725 3066/3978/1811 3082/4056/1733 3084/4057/1768
f 3096/4009/1765 3095/4042/1828 3093/4013/1817 3094/4016/1820
f 3127/4058/1773 3131/4059/1830 3129/4060/1831 3115/4061/1774
f 3126/3966/1713 3127/4058/1773 3115/4061/1774 3114/3967/1714
f 3124/4062/1769 3125/3968/1712 3113/3971/1711 3112/4063/1770
f 3084/4057/1768 3082/4056/1733 3081/4055/1733 3083/4054/1768
f 3106/4064/1778 3105/4065/1779 3130/4066/1832 3112/4067/1770
f 3107/3980/1724 3106/4064/1778 3112/4067/1770 3113/3981/1711
f 3109/4068/1775 3108/3985/1722 3114/3984/1714 3115/4069/1774
f 3110/4070/1777 3109/4068/1775 3115/4069/1774 3129/4071/1831
f 3088/4052/1718 3087/4050/1718 3085/4051/1717 3086/4053/1717
f 3118/4072/1783 3124/4073/1769 3132/4074/1833 3117/4075/1784
f 3119/3992/1731 3125/3993/1712 3124/4073/1769 3118/4072/1783
f 3121/4076/1780 3127/4077/1773 3126/3996/1713 3120/3995/1729
f 3122/4078/1834 3131/4079/1830 3127/4077/1773 3121/4076/1780
f 3154/4080/1768 3111/4081/1755 3130/4082/1832 3146/4083/1768
f 3132/4084/1833 3124/4062/1769 3112/4063/1770 3130/4085/1832
f 3155/4086/1718 3128/4030/1798 3131/4059/1830 3149/4087/1718
f 3131/4059/1830 3128/4030/1798 3116/4029/1785 3129/4060/1831
f 3167/4088/1835 3142/4089/1794 3136/4090/1836 3160/4091/1807
f 3165/4092/1805 3143/4093/1837 3133/4094/1838 3157/4095/1804
f 3141/4096/1789 3143/4093/1837 3138/4028/1800 3137/4027/1824
f 3153/4097/1768 3116/4029/1785 3138/4028/1800 3161/4098/1801
f 3156/4099/1718 3123/4100/1754 3139/4101/1839 3163/4102/1840
f 3079/4015/1819 3069/4014/1818 3071/4041/1827 3077/4040/1736
f 3128/4030/1798 3155/4086/1718 3164/4103/1841 3137/4027/1824
f 3155/4086/1718 3156/4099/1718 3163/4102/1840 3164/4103/1841
f 3111/4081/1755 3154/4080/1768 3162/4104/1795 3140/4105/1756
f 3144/4106/1842 3166/4107/1790 3158/4108/1791 3134/4109/1843
f 3166/4107/1790 3165/4092/1805 3157/4095/1804 3158/4108/1791
f 3141/4096/1789 3168/4110/1844 3159/4111/1787 3135/4112/1845
f 3168/4110/1844 3167/4088/1835 3160/4091/1807 3159/4111/1787
f 3136/4090/1836 3142/4089/1794 3144/4106/1842 3134/4109/1843
f 3123/4100/1754 3156/4099/1718 3150/4113/1718 3132/4114/1833
f 3156/4099/1718 3155/4086/1718 3149/4087/1718 3150/4113/1718
f 3116/4029/1785 3153/4097/1768 3145/4115/1768 3129/4060/1831
f 3153/4097/1768 3154/4080/1768 3146/4083/1768 3145/4115/1768
f 3151/3975/1717 3149/3974/1718 3131/4079/1830 3122/4078/1834
f 3117/4075/1784 3132/4074/1833 3150/3973/1718 3152/3972/1717
f 3147/4116/1733 3110/4070/1777 3129/4071/1831 3145/4117/1768
f 3105/4065/1779 3148/4118/1733 3146/4119/1768 3130/4066/1832
f 3122/4078/1834 3121/4076/1780 3109/4068/1775 3110/4070/1777
f 3154/4080/1768 3153/4097/1768 3161/4098/1801 3162/4104/1795
f 3053/4003/1706 3066/4002/1811 3068/4045/1813 3061/4044/1703
f 3183/4022/1759 3074/4021/1761 3073/4032/1825 3177/4031/1750
f 3135/4112/1845 3133/4094/1838 3143/4093/1837 3141/4096/1789
f 3130/4082/1832 3111/4081/1755 3123/4100/1754 3132/4114/1833
f 3123/4100/1754 3111/4081/1755 3140/4105/1756 3139/4101/1839
f 3061/4044/1703 3172/4120/1704 3170/4121/1705 3053/4003/1706
f 3090/4000/1733 3175/4122/1746 3176/4123/1746 3089/4049/1733
f 3053/4003/1706 3170/4121/1705 3175/4122/1746 3090/4000/1733
f 3091/4006/1717 3173/4124/1749 3174/4125/1749 3092/4047/1717
f 3064/3958/1767 3171/3961/1750 3173/4124/1749 3091/4006/1717
f 3092/4047/1717 3174/4125/1749 3172/4120/1704 3061/4044/1703
f 3089/4049/1733 3176/4123/1746 3169/3960/1759 3056/3959/1734
f 3169/3960/1759 3183/4022/1759 3177/4031/1750 3171/3961/1750
f 3172/4120/1704 3178/4026/1704 3184/4035/1705 3170/4121/1705
f 3175/4122/1746 3181/4038/1746 3182/4019/1746 3176/4123/1746
f 3170/4121/1705 3184/4035/1705 3181/4038/1746 3175/4122/1746
f 3173/4124/1749 3179/4034/1749 3180/4023/1749 3174/4125/1749
f 3171/3961/1750 3177/4031/1750 3179/4034/1749 3173/4124/1749
f 3174/4125/1749 3180/4023/1749 3178/4026/1704 3172/4120/1704
f 3176/4123/1746 3182/4019/1746 3183/4022/1759 3169/3960/1759
f 3077/4040/1736 3073/4032/1825 3074/4021/1761 3079/4015/1819
f 3074/4021/1761 3097/4020/1760 3101/4012/1762 3079/4015/1819
f 3078/4011/1763 3075/4025/1758 3099/4024/1823 3103/4008/1815
f 3104/4043/1829 3100/4033/1826 3073/4032/1825 3077/4040/1736
f 3103/4008/1815 3099/4024/1823 3100/4033/1826 3104/4043/1829
f 3102/4039/1739 3098/4037/1748 3076/4036/1747 3080/4018/1822
f 3101/4012/1762 3097/4020/1760 3098/4037/1748 3102/4039/1739
f 3078/4011/1763 3080/4018/1822 3076/4036/1747 3075/4025/1758
f 3118/4072/1783 3117/4075/1784 3105/4065/1779 3106/4064/1778
f 3117/4075/1784 3152/3972/1717 3148/4118/1733 3105/4065/1779
f 3151/3975/1717 3122/4078/1834 3110/4070/1777 3147/4116/1733
f 3119/3992/1731 3118/4072/1783 3106/4064/1778 3107/3980/1724
f 3108/3985/1722 3109/4068/1775 3121/4076/1780 3120/3995/1729
f 3148/4118/1733 3152/3972/1717 3151/3975/1717 3147/4116/1733
f 3059/3994/1726 3060/3998/1814 3052/3986/1812 3051/3982/1719
f 3057/3989/1732 3058/3988/1730 3050/3976/1723 3049/3979/1725
f 3084/4057/1768 3088/4052/1718 3057/3989/1732 3049/3979/1725
f 3060/3998/1814 3087/4050/1718 3083/4054/1768 3052/3986/1812
f 3058/3988/1730 3119/3992/1731 3107/3980/1724 3050/3976/1723
f 3108/3985/1722 3120/3995/1729 3059/3994/1726 3051/3982/1719
f 3084/4057/1768 3083/4054/1768 3087/4050/1718 3088/4052/1718
f 3148/4118/1733 3147/4116/1733 3145/4117/1768 3146/4119/1768
f 3139/4101/1839 3140/4105/1756 3144/4106/1842 3142/4089/1794
f 3162/4104/1795 3161/4098/1801 3165/4092/1805 3166/4107/1790
f 3140/4105/1756 3162/4104/1795 3166/4107/1790 3144/4106/1842
f 3164/4103/1841 3163/4102/1840 3167/4088/1835 3168/4110/1844
f 3137/4027/1824 3164/4103/1841 3168/4110/1844 3141/4096/1789
f 3163/4102/1840 3139/4101/1839 3142/4089/1794 3167/4088/1835
f 3161/4098/1801 3138/4028/1800 3143/4093/1837 3165/4092/1805
o Cube.028_Cube.019
v 1.091832 0.306003 0.444237
v 1.073445 0.182946 -0.827161
v 1.084290 0.255527 -0.661304
v 1.115857 0.322134 0.489045
v 1.095664 0.186994 -0.888278
v 1.108974 0.276069 -0.692682
v 1.050757 0.031110 0.641097
v 1.066626 0.137311 -0.854506
v 1.043215 -0.019366 -0.661304
v 1.087768 0.134152 -0.915623
v 1.071899 0.027950 0.685906
v 1.095473 0.330367 -0.000309
v 1.119872 0.349009 0.001126
v 1.050757 0.031110 0.101342
v 1.093414 0.316590 -0.374076
v 1.050757 0.031110 -0.329905
v 1.117974 0.336306 -0.391196
v 1.150089 0.297298 0.444237
v 1.131702 0.174242 -0.827161
v 1.142547 0.246822 -0.661304
v 1.131830 0.319747 0.489045
v 1.111637 0.184608 -0.888278
v 1.124947 0.273682 -0.692682
v 1.109014 0.022405 0.641097
v 1.124883 0.128606 -0.854506
v 1.101472 -0.028071 -0.661304
v 1.103741 0.131765 -0.915623
v 1.087872 0.025564 0.685906
v 1.153730 0.321662 -0.000309
v 1.135845 0.346622 0.001126
v 1.109014 0.022405 0.101342
v 1.151671 0.307885 -0.374076
v 1.109014 0.022405 -0.329905
v 1.133947 0.333919 -0.391196
v 1.103650 0.185801 -0.888278
v 1.116960 0.274876 -0.692682
v 1.123843 0.320940 0.489045
v 1.079886 0.026757 0.685906
v 1.095755 0.132959 -0.915623
v 1.127859 0.347815 0.001126
v 1.125961 0.335113 -0.391196
v -1.091832 0.306003 0.444237
v -1.073445 0.182946 -0.827161
v -1.084290 0.255527 -0.661303
v -1.115857 0.322134 0.489045
v -1.095664 0.186994 -0.888277
v -1.108973 0.276069 -0.692682
v -1.050757 0.031110 0.641097
v -1.066626 0.137311 -0.854506
v -1.043215 -0.019366 -0.661303
v -1.087768 0.134152 -0.915623
v -1.071899 0.027951 0.685906
v -1.095473 0.330367 -0.000309
v -1.119872 0.349009 0.001126
v -1.050757 0.031110 0.101342
v -1.093414 0.316590 -0.374076
v -1.050757 0.031110 -0.329905
v -1.117974 0.336306 -0.391196
v -1.150089 0.297298 0.444237
v -1.131702 0.174242 -0.827161
v -1.142547 0.246823 -0.661303
v -1.131829 0.319747 0.489045
v -1.111637 0.184608 -0.888277
v -1.124946 0.273682 -0.692682
v -1.109014 0.022405 0.641097
v -1.124883 0.128606 -0.854506
v -1.101472 -0.028071 -0.661303
v -1.103741 0.131765 -0.915623
v -1.087872 0.025564 0.685906
v -1.153729 0.321662 -0.000309
v -1.135845 0.346622 0.001126
v -1.109014 0.022405 0.101342
v -1.151671 0.307885 -0.374076
v -1.109014 0.022405 -0.329905
v -1.133947 0.333919 -0.391196
v -1.103650 0.185801 -0.888277
v -1.116960 0.274876 -0.692682
v -1.123843 0.320940 0.489045
v -1.079886 0.026757 0.685906
v -1.095755 0.132959 -0.915623
v -1.127859 0.347815 0.001126
v -1.125960 0.335113 -0.391196
vt 0.500000 0.208754
vt 0.625000 0.208754
vt 0.625000 0.250000
vt 0.500000 0.250000
vt 0.500000 0.169685
vt 0.625000 0.169685
vt 0.790822 0.631156
vt 0.875000 0.631156
vt 0.875000 0.750000
vt 0.790822 0.750000
vt 0.500000 0.118844
vt 0.625000 0.118844
vt 0.500000 0.000000
vt 0.625000 0.000000
vt 0.790822 0.500000
vt 0.875000 0.500000
vt 0.875000 0.541246
vt 0.790822 0.541246
vt 0.790822 0.580315
vt 0.875000 0.580315
vt 0.625000 1.000000
vt 0.500000 1.000000
vt 0.500000 0.915822
vt 0.625000 0.915822
vt 0.625000 0.334178
vt 0.500000 0.334178
vt 0.500000 0.208754
vt 0.500000 0.250000
vt 0.625000 0.250000
vt 0.625000 0.208754
vt 0.500000 0.169685
vt 0.625000 0.169685
vt 0.790822 0.631156
vt 0.790822 0.750000
vt 0.875000 0.750000
vt 0.875000 0.631156
vt 0.500000 0.118844
vt 0.625000 0.118844
vt 0.625000 0.000000
vt 0.500000 0.000000
vt 0.790822 0.500000
vt 0.790822 0.541246
vt 0.875000 0.541246
vt 0.875000 0.500000
vt 0.790822 0.580315
vt 0.875000 0.580315
vt 0.625000 1.000000
vt 0.625000 0.915822
vt 0.500000 0.915822
vt 0.500000 1.000000
vt 0.500000 0.334178
vt 0.625000 0.334178
vt 0.500000 0.208754
vt 0.500000 0.250000
vt 0.625000 0.250000
vt 0.625000 0.208754
vt 0.500000 0.169685
vt 0.625000 0.169685
vt 0.790822 0.631156
vt 0.790822 0.750000
vt 0.875000 0.750000
vt 0.875000 0.631156
vt 0.500000 0.118844
vt 0.625000 0.118844
vt 0.625000 0.000000
vt 0.500000 0.000000
vt 0.790822 0.500000
vt 0.790822 0.541246
vt 0.875000 0.541246
vt 0.875000 0.500000
vt 0.790822 0.580315
vt 0.875000 0.580315
vt 0.625000 1.000000
vt 0.625000 0.915822
vt 0.500000 0.915822
vt 0.500000 1.000000
vt 0.500000 0.334178
vt 0.625000 0.334178
vt 0.500000 0.208754
vt 0.625000 0.208754
vt 0.625000 0.250000
vt 0.500000 0.250000
vt 0.500000 0.169685
vt 0.625000 0.169685
vt 0.790822 0.631156
vt 0.875000 0.631156
vt 0.875000 0.750000
vt 0.790822 0.750000
vt 0.500000 0.118844
vt 0.625000 0.118844
vt 0.500000 0.000000
vt 0.625000 0.000000
vt 0.790822 0.500000
vt 0.875000 0.500000
vt 0.875000 0.541246
vt 0.790822 0.541246
vt 0.790822 0.580315
vt 0.875000 0.580315
vt 0.625000 1.000000
vt 0.500000 1.000000
vt 0.500000 0.915822
vt 0.625000 0.915822
vt 0.625000 0.334178
vt 0.500000 0.334178
vt 0.625000 0.363396
vt 0.500000 0.363396
vt 0.761604 0.500000
vt 0.761604 0.541246
vt 0.761604 0.580315
vt 0.761604 0.631156
vt 0.761604 0.750000
vt 0.500000 0.886604
vt 0.625000 0.886604
vt 0.500000 0.363396
vt 0.625000 0.363396
vt 0.761604 0.500000
vt 0.761604 0.541246
vt 0.761604 0.580315
vt 0.761604 0.631156
vt 0.761604 0.750000
vt 0.500000 0.886604
vt 0.625000 0.886604
vn -0.9890 0.1478 0.0000
vn -0.8896 0.4481 -0.0878
vn -0.9118 0.3800 -0.1557
vn -0.9547 0.2401 -0.1755
vn -0.8668 0.4975 -0.0345
vn -0.2496 0.9683 0.0107
vn -0.8584 0.5130 0.0036
vn -0.8590 0.5007 0.1065
vn -0.3377 0.8142 0.4722
vn -0.9114 0.3173 0.2618
vn -0.4096 0.6768 -0.6117
vn -0.3254 0.9013 -0.2858
vn -0.2814 0.9529 -0.1128
vn -0.3380 0.5604 0.7561
vn -0.4040 0.4719 -0.7836
vn 0.9890 -0.1478 0.0000
vn 0.9832 -0.0494 -0.1755
vn 0.9830 0.0968 -0.1557
vn 0.9818 0.1685 -0.0878
vn 0.9743 0.2224 -0.0345
vn 0.5217 0.8530 0.0107
vn 0.5610 0.6800 0.4722
vn 0.9679 0.2277 0.1065
vn 0.9708 0.2396 0.0036
vn 0.9644 0.0370 0.2618
vn 0.5895 0.5275 -0.6117
vn 0.5747 0.7668 -0.2858
vn 0.5477 0.8290 -0.1128
vn 0.4870 0.4371 0.7561
vn 0.5243 0.3332 -0.7836
vn 0.9890 0.1478 0.0000
vn 0.9547 0.2401 -0.1755
vn 0.9118 0.3800 -0.1557
vn 0.8896 0.4481 -0.0878
vn 0.8668 0.4975 -0.0345
vn 0.2496 0.9683 0.0107
vn 0.3377 0.8142 0.4722
vn 0.8590 0.5007 0.1065
vn 0.8584 0.5130 0.0036
vn 0.9114 0.3173 0.2618
vn 0.4096 0.6768 -0.6117
vn 0.3254 0.9013 -0.2858
vn 0.2814 0.9529 -0.1128
vn 0.3380 0.5604 0.7561
vn 0.4040 0.4719 -0.7836
vn -0.9890 -0.1478 0.0000
vn -0.9818 0.1685 -0.0878
vn -0.9830 0.0968 -0.1557
vn -0.9832 -0.0494 -0.1755
vn -0.9743 0.2224 -0.0345
vn -0.5217 0.8530 0.0107
vn -0.9708 0.2396 0.0036
vn -0.9679 0.2277 0.1065
vn -0.5610 0.6800 0.4722
vn -0.9644 0.0370 0.2618
vn -0.5895 0.5275 -0.6117
vn -0.5747 0.7668 -0.2858
vn -0.5477 0.8290 -0.1128
vn -0.4871 0.4371 0.7561
vn -0.5243 0.3332 -0.7836
vn 0.1066 0.7137 -0.6923
vn 0.0673 0.4506 -0.8902
vn 0.1405 0.9402 -0.3102
vn 0.1468 0.9824 -0.1158
vn 0.1478 0.9890 0.0114
vn 0.1282 0.8578 0.4976
vn 0.0815 0.5458 0.8339
vn -0.0673 0.4506 -0.8902
vn -0.1066 0.7137 -0.6923
vn -0.1405 0.9402 -0.3102
vn -0.1468 0.9824 -0.1158
vn -0.1478 0.9890 0.0114
vn -0.1282 0.8578 0.4976
vn -0.0815 0.5458 0.8339
usemtl DarkPorple
s 1
f 3193/4126/1846 3187/4127/1847 3186/4128/1848 3192/4129/1849
f 3200/4130/1846 3199/4131/1850 3187/4127/1847 3193/4126/1846
f 3197/4132/1851 3196/4133/1852 3185/4134/1853 3188/4135/1854
f 3198/4136/1846 3196/4137/1852 3199/4131/1850 3200/4130/1846
f 3196/4137/1852 3198/4136/1846 3191/4138/1855 3185/4139/1853
f 3189/4140/1856 3186/4141/1848 3187/4142/1847 3190/4143/1857
f 3201/4144/1858 3199/4145/1850 3196/4133/1852 3197/4132/1851
f 3190/4143/1857 3187/4142/1847 3199/4145/1850 3201/4144/1858
f 3185/4146/1853 3191/4147/1855 3195/4148/1859 3188/4149/1854
f 3192/4129/1849 3186/4128/1848 3189/4150/1856 3194/4151/1860
f 3210/4152/1861 3209/4153/1862 3203/4154/1863 3204/4155/1864
f 3217/4156/1861 3210/4152/1861 3204/4155/1864 3216/4157/1865
f 3214/4158/1866 3205/4159/1867 3202/4160/1868 3213/4161/1869
f 3215/4162/1861 3217/4156/1861 3216/4157/1865 3213/4163/1869
f 3213/4163/1869 3202/4164/1868 3208/4165/1870 3215/4162/1861
f 3206/4166/1871 3207/4167/1872 3204/4168/1864 3203/4169/1863
f 3218/4170/1873 3214/4158/1866 3213/4161/1869 3216/4171/1865
f 3207/4167/1872 3218/4170/1873 3216/4171/1865 3204/4168/1864
f 3202/4172/1868 3205/4173/1867 3212/4174/1874 3208/4175/1870
f 3209/4153/1862 3211/4176/1875 3206/4177/1871 3203/4154/1863
f 3234/4178/1876 3233/4179/1877 3227/4180/1878 3228/4181/1879
f 3241/4182/1876 3234/4178/1876 3228/4181/1879 3240/4183/1880
f 3238/4184/1881 3229/4185/1882 3226/4186/1883 3237/4187/1884
f 3239/4188/1876 3241/4182/1876 3240/4183/1880 3237/4189/1884
f 3237/4189/1884 3226/4190/1883 3232/4191/1885 3239/4188/1876
f 3230/4192/1886 3231/4193/1887 3228/4194/1879 3227/4195/1878
f 3242/4196/1888 3238/4184/1881 3237/4187/1884 3240/4197/1880
f 3231/4193/1887 3242/4196/1888 3240/4197/1880 3228/4194/1879
f 3226/4198/1883 3229/4199/1882 3236/4200/1889 3232/4201/1885
f 3233/4179/1877 3235/4202/1890 3230/4203/1886 3227/4180/1878
f 3251/4204/1891 3245/4205/1892 3244/4206/1893 3250/4207/1894
f 3258/4208/1891 3257/4209/1895 3245/4205/1892 3251/4204/1891
f 3255/4210/1896 3254/4211/1897 3243/4212/1898 3246/4213/1899
f 3256/4214/1891 3254/4215/1897 3257/4209/1895 3258/4208/1891
f 3254/4215/1897 3256/4214/1891 3249/4216/1900 3243/4217/1898
f 3247/4218/1901 3244/4219/1893 3245/4220/1892 3248/4221/1902
f 3259/4222/1903 3257/4223/1895 3254/4211/1897 3255/4210/1896
f 3248/4221/1902 3245/4220/1892 3257/4223/1895 3259/4222/1903
f 3243/4224/1898 3249/4225/1900 3253/4226/1904 3246/4227/1899
f 3250/4207/1894 3244/4206/1893 3247/4228/1901 3252/4229/1905
usemtl Gold
f 3194/4151/1860 3189/4150/1856 3219/4230/1906 3223/4231/1907
f 3219/4232/1906 3189/4140/1856 3190/4143/1857 3220/4233/1908
f 3225/4234/1909 3201/4144/1858 3197/4132/1851 3224/4235/1910
f 3220/4233/1908 3190/4143/1857 3201/4144/1858 3225/4234/1909
f 3224/4235/1910 3197/4132/1851 3188/4135/1854 3221/4236/1911
f 3222/4237/1912 3221/4238/1911 3188/4149/1854 3195/4148/1859
f 3211/4176/1875 3223/4231/1907 3219/4230/1906 3206/4177/1871
f 3219/4232/1906 3220/4233/1908 3207/4167/1872 3206/4166/1871
f 3225/4234/1909 3224/4235/1910 3214/4158/1866 3218/4170/1873
f 3220/4233/1908 3225/4234/1909 3218/4170/1873 3207/4167/1872
f 3224/4235/1910 3221/4236/1911 3205/4159/1867 3214/4158/1866
f 3222/4237/1912 3212/4174/1874 3205/4173/1867 3221/4238/1911
f 3235/4202/1890 3264/4239/1913 3260/4240/1914 3230/4203/1886
f 3260/4241/1914 3261/4242/1915 3231/4193/1887 3230/4192/1886
f 3266/4243/1916 3265/4244/1917 3238/4184/1881 3242/4196/1888
f 3261/4242/1915 3266/4243/1916 3242/4196/1888 3231/4193/1887
f 3265/4244/1917 3262/4245/1918 3229/4185/1882 3238/4184/1881
f 3263/4246/1919 3236/4200/1889 3229/4199/1882 3262/4247/1918
f 3252/4229/1905 3247/4228/1901 3260/4240/1914 3264/4239/1913
f 3260/4241/1914 3247/4218/1901 3248/4221/1902 3261/4242/1915
f 3266/4243/1916 3259/4222/1903 3255/4210/1896 3265/4244/1917
f 3261/4242/1915 3248/4221/1902 3259/4222/1903 3266/4243/1916
f 3265/4244/1917 3255/4210/1896 3246/4213/1899 3262/4245/1918
f 3263/4246/1919 3262/4247/1918 3246/4227/1899 3253/4226/1904
o Cube.029_Cube.020
v 1.081608 -0.132490 -0.894881
v 1.081614 -0.244676 -0.692682
v 1.081629 -0.475486 0.446506
v 1.060224 0.026755 0.641097
v 1.060224 0.026755 -0.931769
v 1.060227 -0.024280 -0.661304
v 1.081601 0.026757 -0.992886
v 1.081601 0.026757 0.685906
v 1.081617 -0.327245 -0.219421
v 1.060224 0.026755 0.101342
v 1.060224 0.026755 -0.329905
v 1.081616 -0.265785 -0.437721
v 1.081629 -0.486563 0.066056
v 1.060224 0.026755 0.207119
v 1.060250 -0.445212 0.079136
v 1.060250 -0.441815 0.411090
v 1.060231 -0.125204 -0.833764
v 1.060236 -0.220713 -0.661304
v 1.060238 -0.231952 -0.420601
v 1.060238 -0.287574 -0.204187
v 1.097761 -0.132489 -0.894881
v 1.097768 -0.244675 -0.692682
v 1.097779 -0.475485 0.446506
v 1.119128 0.026759 0.641097
v 1.119128 0.026759 -0.931769
v 1.119130 -0.024277 -0.661304
v 1.097751 0.026758 -0.992886
v 1.097751 0.026758 0.685906
v 1.097774 -0.327244 -0.219421
v 1.119128 0.026759 0.101342
v 1.119128 0.026759 -0.329905
v 1.097768 -0.265784 -0.437721
v 1.097780 -0.486562 0.066056
v 1.119128 0.026759 0.207119
v 1.089704 -0.475486 0.446506
v 1.089685 -0.132490 -0.894881
v 1.089691 -0.244676 -0.692682
v 1.089676 0.026757 0.685906
v 1.089676 0.026757 -0.992886
v 1.089695 -0.327244 -0.219421
v 1.089692 -0.265784 -0.437721
v 1.089704 -0.486562 0.066056
v 1.119154 -0.445208 0.079136
v 1.119154 -0.441811 0.411090
v 1.119138 -0.125201 -0.833764
v 1.119143 -0.220710 -0.661304
v 1.119143 -0.231949 -0.420601
v 1.119148 -0.287571 -0.204187
v -1.081608 -0.132490 -0.894881
v -1.081614 -0.244676 -0.692682
v -1.081629 -0.475486 0.446506
v -1.060224 0.026755 0.641097
v -1.060224 0.026755 -0.931769
v -1.060227 -0.024280 -0.661304
v -1.081601 0.026757 -0.992886
v -1.081601 0.026757 0.685906
v -1.081617 -0.327245 -0.219421
v -1.060224 0.026755 0.101342
v -1.060224 0.026755 -0.329905
v -1.081616 -0.265785 -0.437721
v -1.081629 -0.486563 0.066056
v -1.060224 0.026755 0.207119
v -1.060251 -0.445212 0.079136
v -1.060250 -0.441815 0.411090
v -1.060231 -0.125204 -0.833764
v -1.060236 -0.220713 -0.661304
v -1.060238 -0.231952 -0.420601
v -1.060238 -0.287574 -0.204187
v -1.097762 -0.132489 -0.894881
v -1.097768 -0.244675 -0.692682
v -1.097779 -0.475485 0.446506
v -1.119128 0.026759 0.641097
v -1.119128 0.026759 -0.931769
v -1.119130 -0.024277 -0.661304
v -1.097751 0.026758 -0.992886
v -1.097751 0.026758 0.685906
v -1.097774 -0.327244 -0.219421
v -1.119128 0.026759 0.101342
v -1.119128 0.026759 -0.329905
v -1.097768 -0.265784 -0.437721
v -1.097780 -0.486562 0.066056
v -1.119128 0.026759 0.207119
v -1.089704 -0.475486 0.446506
v -1.089685 -0.132490 -0.894881
v -1.089691 -0.244676 -0.692682
v -1.089676 0.026757 0.685906
v -1.089676 0.026757 -0.992886
v -1.089695 -0.327244 -0.219421
v -1.089692 -0.265784 -0.437721
v -1.089705 -0.486562 0.066056
v -1.119154 -0.445208 0.079136
v -1.119154 -0.441811 0.411090
v -1.119138 -0.125201 -0.833764
v -1.119143 -0.220710 -0.661304
v -1.119143 -0.231949 -0.420601
v -1.119148 -0.287571 -0.204187
vt 0.125000 0.603424
vt 0.209178 0.603424
vt 0.209178 0.654446
vt 0.125000 0.654446
vt 0.375000 0.250000
vt 0.375000 0.208754
vt 0.500000 0.208754
vt 0.500000 0.250000
vt 0.375000 0.146576
vt 0.375000 0.095554
vt 0.500000 0.095554
vt 0.500000 0.118844
vt 0.500000 0.000000
vt 0.375000 0.000000
vt 0.125000 0.541246
vt 0.209178 0.541246
vt 0.209178 0.580315
vt 0.125000 0.580315
vt 0.500000 0.169685
vt 0.375000 0.169685
vt 0.209178 0.750000
vt 0.125000 0.750000
vt 0.125000 0.500000
vt 0.209178 0.500000
vt 0.125000 0.603424
vt 0.125000 0.654446
vt 0.209178 0.654446
vt 0.209178 0.603424
vt 0.375000 0.250000
vt 0.500000 0.250000
vt 0.500000 0.208754
vt 0.375000 0.208754
vt 0.375000 0.146576
vt 0.500000 0.118844
vt 0.500000 0.095554
vt 0.375000 0.095554
vt 0.500000 0.000000
vt 0.375000 0.000000
vt 0.125000 0.541246
vt 0.125000 0.580315
vt 0.209178 0.580315
vt 0.209178 0.541246
vt 0.500000 0.169685
vt 0.375000 0.169685
vt 0.125000 0.750000
vt 0.209178 0.750000
vt 0.125000 0.500000
vt 0.209178 0.500000
vt 0.125000 0.603424
vt 0.125000 0.654446
vt 0.209178 0.654446
vt 0.209178 0.603424
vt 0.375000 0.250000
vt 0.500000 0.250000
vt 0.500000 0.208754
vt 0.375000 0.208754
vt 0.375000 0.146576
vt 0.500000 0.118844
vt 0.500000 0.095554
vt 0.375000 0.095554
vt 0.500000 0.000000
vt 0.375000 0.000000
vt 0.125000 0.541246
vt 0.125000 0.580315
vt 0.209178 0.580315
vt 0.209178 0.541246
vt 0.500000 0.169685
vt 0.375000 0.169685
vt 0.125000 0.750000
vt 0.209178 0.750000
vt 0.125000 0.500000
vt 0.209178 0.500000
vt 0.125000 0.603424
vt 0.209178 0.603424
vt 0.209178 0.654446
vt 0.125000 0.654446
vt 0.375000 0.250000
vt 0.375000 0.208754
vt 0.500000 0.208754
vt 0.500000 0.250000
vt 0.375000 0.146576
vt 0.375000 0.095554
vt 0.500000 0.095554
vt 0.500000 0.118844
vt 0.500000 0.000000
vt 0.375000 0.000000
vt 0.125000 0.541246
vt 0.209178 0.541246
vt 0.209178 0.580315
vt 0.125000 0.580315
vt 0.500000 0.169685
vt 0.375000 0.169685
vt 0.209178 0.750000
vt 0.125000 0.750000
vt 0.125000 0.500000
vt 0.209178 0.500000
vt 0.375000 0.886604
vt 0.500000 0.886604
vt 0.500000 0.915822
vt 0.375000 0.915822
vt 0.238396 0.603424
vt 0.238396 0.654446
vt 0.238396 0.541246
vt 0.238396 0.580315
vt 0.238396 0.750000
vt 0.238396 0.500000
vt 0.375000 0.334178
vt 0.500000 0.334178
vt 0.500000 1.000000
vt 0.375000 1.000000
vt 0.500000 0.363396
vt 0.375000 0.363396
vt 0.375000 0.915822
vt 0.500000 0.915822
vt 0.375000 0.334178
vt 0.500000 0.334178
vt 0.375000 1.000000
vt 0.500000 1.000000
vt 0.375000 0.886604
vt 0.375000 0.915822
vt 0.500000 0.915822
vt 0.500000 0.886604
vt 0.238396 0.654446
vt 0.238396 0.603424
vt 0.238396 0.580315
vt 0.238396 0.541246
vt 0.238396 0.750000
vt 0.238396 0.500000
vt 0.375000 0.334178
vt 0.500000 0.334178
vt 0.375000 1.000000
vt 0.500000 1.000000
vt 0.375000 0.363396
vt 0.500000 0.363396
vt 0.500000 0.915822
vt 0.375000 0.915822
vt 0.375000 0.334178
vt 0.500000 0.334178
vt 0.500000 1.000000
vt 0.375000 1.000000
vn -0.9759 -0.2027 -0.0813
vn -0.5376 -0.7801 -0.3200
vn -0.4842 -0.8496 -0.2089
vn -0.9620 -0.2661 -0.0607
vn -0.9629 -0.2178 -0.1593
vn -0.9470 -0.3146 -0.0650
vn -1.0000 -0.0000 0.0000
vn -0.9625 -0.1445 -0.2294
vn -0.9572 -0.1260 0.2606
vn -0.9597 -0.2503 0.1278
vn -0.4639 -0.8422 -0.2748
vn -0.4968 -0.8561 -0.1422
vn -0.9682 -0.2465 -0.0431
vn -0.4753 -0.7280 0.4940
vn -0.5117 -0.6082 -0.6068
vn 0.9759 -0.2026 -0.0813
vn 0.9620 -0.2660 -0.0607
vn 0.4843 -0.8496 -0.2089
vn 0.5377 -0.7800 -0.3200
vn 0.9629 -0.2177 -0.1593
vn 0.9625 -0.1444 -0.2294
vn 1.0000 0.0001 0.0000
vn 0.9470 -0.3145 -0.0650
vn 1.0000 0.0000 0.0000
vn 0.9572 -0.1259 0.2606
vn 0.9597 -0.2502 0.1278
vn 0.9682 -0.2464 -0.0431
vn 0.4969 -0.8561 -0.1422
vn 0.4639 -0.8421 -0.2748
vn 0.4754 -0.7280 0.4940
vn 0.5117 -0.6081 -0.6068
vn 0.9759 -0.2027 -0.0813
vn 0.9620 -0.2661 -0.0607
vn 0.4842 -0.8496 -0.2089
vn 0.5376 -0.7801 -0.3200
vn 0.9629 -0.2178 -0.1593
vn 0.9625 -0.1445 -0.2294
vn 0.9470 -0.3146 -0.0650
vn 0.9572 -0.1260 0.2606
vn 0.9597 -0.2503 0.1278
vn 0.9682 -0.2465 -0.0431
vn 0.4968 -0.8561 -0.1422
vn 0.4639 -0.8422 -0.2748
vn 0.4753 -0.7280 0.4940
vn 0.5117 -0.6082 -0.6068
vn -0.9759 -0.2026 -0.0813
vn -0.5377 -0.7800 -0.3200
vn -0.4843 -0.8496 -0.2089
vn -0.9620 -0.2660 -0.0607
vn -0.9629 -0.2177 -0.1593
vn -0.9470 -0.3145 -0.0650
vn -1.0000 0.0001 0.0000
vn -0.9625 -0.1444 -0.2294
vn -0.9572 -0.1259 0.2606
vn -0.9597 -0.2502 0.1278
vn -0.4639 -0.8421 -0.2748
vn -0.4969 -0.8561 -0.1422
vn -0.9682 -0.2464 -0.0431
vn -0.4754 -0.7280 0.4940
vn -0.5117 -0.6081 -0.6068
vn 0.0000 -0.8378 0.5459
vn 0.0000 -0.4302 0.9027
vn -0.4497 -0.3854 0.8057
vn 0.0000 -0.9242 -0.3818
vn 0.0000 -0.9713 -0.2376
vn 0.0000 -0.9569 -0.2903
vn 0.0000 -0.9841 -0.1776
vn 0.0000 -0.7229 -0.6909
vn -0.4465 -0.4705 -0.7610
vn 0.0000 -0.5241 -0.8516
vn 0.4498 -0.3854 0.8057
vn 0.4465 -0.4705 -0.7610
vn 0.4497 -0.3854 0.8057
vn -0.4498 -0.3854 0.8057
usemtl DarkPorple
s 1
f 3286/4248/1920 3275/4249/1921 3279/4250/1922 3281/4251/1923
f 3283/4252/1924 3284/4253/1925 3272/4254/1926 3271/4255/1927
f 3286/4256/1920 3281/4257/1923 3280/4258/1926 3276/4259/1926
f 3270/4260/1928 3280/4258/1926 3281/4257/1923 3282/4261/1929
f 3284/4262/1925 3268/4263/1930 3278/4264/1931 3285/4265/1932
f 3285/4265/1932 3278/4264/1931 3275/4249/1921 3286/4248/1920
f 3277/4266/1926 3272/4254/1926 3284/4253/1925 3285/4267/1932
f 3281/4251/1923 3279/4250/1922 3269/4268/1933 3282/4269/1929
f 3285/4267/1932 3286/4256/1920 3276/4259/1926 3277/4266/1926
f 3283/4270/1924 3267/4271/1934 3268/4263/1930 3284/4262/1925
f 3314/4272/1935 3309/4273/1936 3299/4274/1937 3295/4275/1938
f 3311/4276/1939 3291/4277/1940 3292/4278/1941 3312/4279/1942
f 3314/4280/1935 3296/4281/1943 3300/4282/1943 3309/4283/1936
f 3290/4284/1944 3310/4285/1945 3309/4283/1936 3300/4282/1943
f 3312/4286/1942 3313/4287/1946 3298/4288/1947 3288/4289/1948
f 3313/4287/1946 3314/4272/1935 3295/4275/1938 3298/4288/1947
f 3297/4290/1941 3313/4291/1946 3312/4279/1942 3292/4278/1941
f 3309/4273/1936 3310/4292/1945 3289/4293/1949 3299/4274/1937
f 3313/4291/1946 3297/4290/1941 3296/4281/1943 3314/4280/1935
f 3311/4294/1939 3312/4286/1942 3288/4289/1948 3287/4295/1950
f 3334/4296/1951 3329/4297/1952 3327/4298/1953 3323/4299/1954
f 3331/4300/1955 3319/4301/1956 3320/4302/1943 3332/4303/1957
f 3334/4304/1951 3324/4305/1943 3328/4306/1943 3329/4307/1952
f 3318/4308/1958 3330/4309/1959 3329/4307/1952 3328/4306/1943
f 3332/4310/1957 3333/4311/1960 3326/4312/1961 3316/4313/1962
f 3333/4311/1960 3334/4296/1951 3323/4299/1954 3326/4312/1961
f 3325/4314/1943 3333/4315/1960 3332/4303/1957 3320/4302/1943
f 3329/4297/1952 3330/4316/1959 3317/4317/1963 3327/4298/1953
f 3333/4315/1960 3325/4314/1943 3324/4305/1943 3334/4304/1951
f 3331/4318/1955 3332/4310/1957 3316/4313/1962 3315/4319/1964
f 3362/4320/1965 3343/4321/1966 3347/4322/1967 3357/4323/1968
f 3359/4324/1969 3360/4325/1970 3340/4326/1971 3339/4327/1972
f 3362/4328/1965 3357/4329/1968 3348/4330/1926 3344/4331/1926
f 3338/4332/1973 3348/4330/1926 3357/4329/1968 3358/4333/1974
f 3360/4334/1970 3336/4335/1975 3346/4336/1976 3361/4337/1977
f 3361/4337/1977 3346/4336/1976 3343/4321/1966 3362/4320/1965
f 3345/4338/1971 3340/4326/1971 3360/4325/1970 3361/4339/1977
f 3357/4323/1968 3347/4322/1967 3337/4340/1978 3358/4341/1974
f 3361/4339/1977 3362/4328/1965 3344/4331/1926 3345/4338/1971
f 3359/4342/1969 3335/4343/1979 3336/4335/1975 3360/4334/1970
usemtl Gold
f 3301/4344/1980 3304/4345/1981 3274/4346/1982 3269/4347/1933
f 3275/4249/1921 3306/4348/1983 3308/4349/1984 3279/4250/1922
f 3268/4263/1930 3303/4350/1985 3307/4351/1986 3278/4264/1931
f 3278/4264/1931 3307/4351/1986 3306/4348/1983 3275/4249/1921
f 3279/4250/1922 3308/4349/1984 3301/4352/1980 3269/4268/1933
f 3267/4271/1934 3302/4353/1987 3303/4350/1985 3268/4263/1930
f 3267/4354/1934 3283/4252/1924 3271/4255/1927 3273/4355/1988
f 3269/4347/1933 3274/4346/1982 3270/4356/1928 3282/4357/1929
f 3267/4354/1934 3273/4355/1988 3305/4358/1989 3302/4359/1987
f 3301/4344/1980 3289/4360/1949 3294/4361/1990 3304/4345/1981
f 3295/4275/1938 3299/4274/1937 3308/4349/1984 3306/4348/1983
f 3288/4289/1948 3298/4288/1947 3307/4351/1986 3303/4350/1985
f 3298/4288/1947 3295/4275/1938 3306/4348/1983 3307/4351/1986
f 3299/4274/1937 3289/4293/1949 3301/4352/1980 3308/4349/1984
f 3287/4295/1950 3288/4289/1948 3303/4350/1985 3302/4353/1987
f 3287/4362/1950 3293/4363/1991 3291/4277/1940 3311/4276/1939
f 3289/4360/1949 3310/4364/1945 3290/4365/1944 3294/4361/1990
f 3287/4362/1950 3302/4359/1987 3305/4358/1989 3293/4363/1991
f 3349/4366/1980 3317/4367/1963 3322/4368/1992 3352/4369/1981
f 3323/4299/1954 3327/4298/1953 3356/4370/1984 3354/4371/1983
f 3316/4313/1962 3326/4312/1961 3355/4372/1986 3351/4373/1985
f 3326/4312/1961 3323/4299/1954 3354/4371/1983 3355/4372/1986
f 3327/4298/1953 3317/4317/1963 3349/4374/1980 3356/4370/1984
f 3315/4319/1964 3316/4313/1962 3351/4373/1985 3350/4375/1987
f 3315/4376/1964 3321/4377/1991 3319/4301/1956 3331/4300/1955
f 3317/4367/1963 3330/4378/1959 3318/4379/1958 3322/4368/1992
f 3315/4376/1964 3350/4380/1987 3353/4381/1989 3321/4377/1991
f 3349/4366/1980 3352/4369/1981 3342/4382/1993 3337/4383/1978
f 3343/4321/1966 3354/4371/1983 3356/4370/1984 3347/4322/1967
f 3336/4335/1975 3351/4373/1985 3355/4372/1986 3346/4336/1976
f 3346/4336/1976 3355/4372/1986 3354/4371/1983 3343/4321/1966
f 3347/4322/1967 3356/4370/1984 3349/4374/1980 3337/4340/1978
f 3335/4343/1979 3350/4375/1987 3351/4373/1985 3336/4335/1975
f 3335/4384/1979 3359/4324/1969 3339/4327/1972 3341/4385/1988
f 3337/4383/1978 3342/4382/1993 3338/4386/1973 3358/4387/1974
f 3335/4384/1979 3341/4385/1988 3353/4381/1989 3350/4380/1987
o Cylinder.069_Cylinder.079
v -1.504304 0.140597 -1.526827
v -1.519824 0.156117 -1.526827
v -1.480484 0.009301 -1.526827
v -1.707896 0.140597 -1.526827
v -1.737396 0.030501 -1.526827
v -1.731716 0.009301 -1.526827
v -1.474804 0.030501 -1.526827
v -1.692376 0.156117 -1.526827
v -1.469612 0.243086 -1.371424
v -1.393515 -0.040910 -1.371424
v -1.837820 0.030501 -1.371424
v -1.374380 0.030501 -1.371424
v -1.742588 0.243086 -1.371424
v -1.417335 0.190809 -1.371424
v -1.794865 0.190809 -1.371424
v -1.818685 -0.040910 -1.371424
v -1.417335 0.199572 -1.395826
v -1.504304 0.149360 -1.551229
v -1.794865 0.199572 -1.395826
v -1.707896 0.149360 -1.551229
v -1.818685 -0.032148 -1.395826
v -1.731716 0.018064 -1.551229
v -1.737396 0.039264 -1.551229
v -1.692376 0.164880 -1.551229
v -1.480484 0.018064 -1.551229
v -1.474804 0.039264 -1.551229
v -1.519824 0.164880 -1.551229
v -1.469612 0.251849 -1.395826
v -1.393515 -0.032148 -1.395826
v -1.837820 0.039264 -1.395826
v -1.374380 0.039264 -1.395826
v -1.742588 0.251849 -1.395826
v 1.504304 0.140597 -1.526827
v 1.519823 0.156117 -1.526827
v 1.480485 0.009301 -1.526827
v 1.707896 0.140597 -1.526827
v 1.737396 0.030501 -1.526827
v 1.731716 0.009301 -1.526827
v 1.474804 0.030501 -1.526827
v 1.692376 0.156117 -1.526827
v 1.469612 0.243086 -1.371423
v 1.393515 -0.040910 -1.371423
v 1.837820 0.030501 -1.371424
v 1.374380 0.030501 -1.371423
v 1.742588 0.243086 -1.371423
v 1.417335 0.190809 -1.371423
v 1.794865 0.190809 -1.371423
v 1.818685 -0.040910 -1.371424
v 1.417335 0.199572 -1.395826
v 1.504304 0.149360 -1.551229
v 1.794865 0.199572 -1.395826
v 1.707896 0.149360 -1.551229
v 1.818685 -0.032148 -1.395826
v 1.731716 0.018064 -1.551229
v 1.737396 0.039264 -1.551229
v 1.692376 0.164880 -1.551229
v 1.480485 0.018064 -1.551229
v 1.474804 0.039264 -1.551229
v 1.519823 0.164880 -1.551229
v 1.469612 0.251849 -1.395826
v 1.393515 -0.032148 -1.395826
v 1.837820 0.039264 -1.395826
v 1.374380 0.039264 -1.395826
v 1.742588 0.251849 -1.395826
vt 0.100560 0.141254
vt 0.100560 0.141254
vt 0.109630 0.132184
vt 0.109630 0.132184
vt 0.100560 0.358746
vt 0.141254 0.399440
vt 0.141254 0.399440
vt 0.100560 0.358746
vt 0.325046 0.418897
vt 0.269457 0.433792
vt 0.269457 0.433792
vt 0.325046 0.418897
vt 0.312656 0.422217
vt 0.312656 0.422217
vt 0.281847 0.430472
vt 0.281847 0.430472
vt 0.269457 0.066208
vt 0.325046 0.081103
vt 0.325046 0.081103
vt 0.269457 0.066208
vt 0.312656 0.077783
vt 0.312656 0.077783
vt 0.109630 0.367816
vt 0.132184 0.390370
vt 0.109630 0.367816
vt 0.132184 0.390370
vt 0.141254 0.100560
vt 0.141254 0.100560
vt 0.132184 0.109630
vt 0.132184 0.109630
vt 0.281847 0.069528
vt 0.281847 0.069528
vt 0.100560 0.141254
vt 0.109630 0.132184
vt 0.109630 0.132184
vt 0.100560 0.141254
vt 0.100560 0.358746
vt 0.100560 0.358746
vt 0.141254 0.399440
vt 0.141254 0.399440
vt 0.325046 0.418897
vt 0.325046 0.418897
vt 0.269457 0.433792
vt 0.269457 0.433792
vt 0.312656 0.422217
vt 0.281847 0.430472
vt 0.281847 0.430472
vt 0.312656 0.422217
vt 0.269457 0.066208
vt 0.269457 0.066208
vt 0.325046 0.081103
vt 0.325046 0.081103
vt 0.312656 0.077783
vt 0.312656 0.077783
vt 0.109630 0.367816
vt 0.132184 0.390370
vt 0.109630 0.367816
vt 0.132184 0.390370
vt 0.141254 0.100560
vt 0.141254 0.100560
vt 0.132184 0.109630
vt 0.132184 0.109630
vt 0.281847 0.069528
vt 0.281847 0.069528
vn 0.2444 0.9126 0.3277
vn -0.1350 0.9887 -0.0642
vn -0.5121 0.2919 -0.8078
vn -0.9877 -0.1470 -0.0528
vn 0.1350 0.9887 -0.0642
vn -0.9647 0.1621 -0.2075
vn -0.9594 0.2654 0.0953
vn -0.2444 0.9126 0.3277
vn -0.8274 -0.5286 -0.1898
vn -0.9991 0.0388 0.0139
vn -0.6432 0.7627 -0.0681
vn -0.6428 -0.6698 -0.3715
vn 0.4078 -0.8593 -0.3086
vn 0.3832 -0.3328 -0.8616
vn 0.1206 0.6338 -0.7640
vn 0.7386 0.6344 0.2278
vn 0.9991 0.0388 0.0139
vn 0.8274 -0.5286 -0.1898
vn 0.6428 -0.6698 -0.3715
vn 0.6432 0.7627 -0.0681
vn -0.4078 -0.8593 -0.3086
vn -0.3832 -0.3328 -0.8616
vn 0.5121 0.2919 -0.8078
vn -0.2231 -0.4096 -0.8845
vn 0.9877 -0.1470 -0.0528
vn -0.3230 -0.8907 -0.3198
vn 0.9594 0.2654 0.0953
vn 0.9647 0.1621 -0.2075
vn 0.2231 -0.4096 -0.8845
vn 0.3230 -0.8907 -0.3198
vn -0.1206 0.6338 -0.7640
vn -0.7386 0.6344 0.2278
vn 0.6428 -0.6699 -0.3715
vn -0.4078 -0.8593 -0.3085
vn -0.5120 0.2919 -0.8078
usemtl Gold
s 1
f 3371/4388/1994 3390/4389/1995 3389/4390/1996 3364/4391/1997
f 3394/4392/1998 3381/4393/1999 3377/4394/2000 3375/4395/2001
f 3378/4396/2002 3373/4397/2003 3392/4398/2004 3383/4399/2005
f 3368/4400/2006 3384/4401/2007 3385/4402/2008 3367/4403/2009
f 3374/4404/2010 3372/4405/2011 3391/4406/2012 3393/4407/2013
f 3384/4401/2007 3368/4400/2006 3378/4396/2002 3383/4399/2005
f 3372/4405/2011 3365/4408/2014 3387/4409/2015 3391/4406/2012
f 3386/4410/2016 3382/4411/2017 3381/4393/1999 3394/4392/1998
f 3386/4410/2016 3394/4392/1998 3375/4395/2001 3370/4412/2018
f 3377/4394/2000 3381/4393/1999 3382/4411/2017 3366/4413/2019
f 3366/4413/2019 3382/4411/2017 3386/4410/2016 3370/4412/2018
f 3367/4403/2009 3385/4402/2008 3392/4398/2004 3373/4397/2003
f 3384/4401/2007 3383/4399/2005 3392/4398/2004 3385/4402/2008
f 3371/4388/1994 3376/4414/2020 3379/4415/2021 3390/4389/1995
f 3389/4390/1996 3380/4416/2022 3363/4417/2023 3364/4391/1997
f 3380/4416/2022 3389/4390/1996 3390/4389/1995 3379/4415/2021
f 3376/4414/2020 3363/4417/2023 3380/4416/2022 3379/4415/2021
f 3374/4404/2010 3393/4407/2013 3388/4418/2024 3369/4419/2025
f 3387/4409/2015 3388/4418/2024 3393/4407/2013 3391/4406/2012
f 3369/4419/2025 3388/4418/2024 3387/4409/2015 3365/4408/2014
f 3403/4420/2001 3396/4421/2018 3421/4422/2016 3422/4423/1998
f 3426/4424/1995 3407/4425/1994 3409/4426/2020 3413/4427/2021
f 3410/4428/2011 3415/4429/2026 3424/4430/2013 3405/4431/2010
f 3400/4432/2027 3399/4433/2025 3417/4434/2024 3416/4435/2015
f 3406/4436/2003 3425/4437/2004 3423/4438/2005 3404/4439/2002
f 3416/4435/2015 3415/4429/2026 3410/4428/2011 3400/4432/2027
f 3404/4439/2002 3423/4438/2005 3419/4440/2007 3397/4441/2006
f 3418/4442/2028 3426/4424/1995 3413/4427/2021 3414/4443/2022
f 3418/4442/2028 3402/4444/1997 3407/4425/1994 3426/4424/1995
f 3409/4426/2020 3398/4445/2023 3414/4443/2022 3413/4427/2021
f 3398/4445/2023 3402/4444/1997 3418/4442/2028 3414/4443/2022
f 3399/4433/2025 3405/4431/2010 3424/4430/2013 3417/4434/2024
f 3416/4435/2015 3417/4434/2024 3424/4430/2013 3415/4429/2026
f 3403/4420/2001 3422/4423/1998 3411/4446/1999 3408/4447/2000
f 3421/4422/2016 3396/4421/2018 3395/4448/2019 3412/4449/2017
f 3412/4449/2017 3411/4446/1999 3422/4423/1998 3421/4422/2016
f 3408/4447/2000 3411/4446/1999 3412/4449/2017 3395/4448/2019
f 3406/4436/2003 3401/4450/2009 3420/4451/2008 3425/4437/2004
f 3419/4440/2007 3423/4438/2005 3425/4437/2004 3420/4451/2008
f 3401/4450/2009 3397/4441/2006 3419/4440/2007 3420/4451/2008
o Cylinder.070_Cylinder.080
v -1.826532 0.042911 1.091449
v -1.997594 0.042911 1.176980
v -1.826532 -0.017568 1.116501
v -1.826532 -0.042620 1.176980
v -1.826532 -0.017568 1.237460
v -1.826532 0.042911 1.262511
v -1.826532 0.103391 1.237460
v -1.826532 0.128442 1.176980
v -1.826532 0.103391 1.116501
v -1.997594 -0.017568 1.116501
v -1.997594 0.042911 1.091449
v -1.997594 -0.042620 1.176980
v -1.997594 -0.017568 1.237460
v -1.997594 0.042911 1.262511
v -1.997594 0.103391 1.237460
v -1.997594 0.128442 1.176980
v -1.997594 0.103391 1.116501
v -1.826532 0.042911 0.761169
v -1.997594 0.042911 0.846700
v -1.826532 -0.017568 0.786221
v -1.826532 -0.042620 0.846700
v -1.826532 -0.017568 0.907180
v -1.826532 0.042911 0.932231
v -1.826532 0.103391 0.907180
v -1.826532 0.128442 0.846700
v -1.826532 0.103391 0.786221
v -1.997594 -0.017568 0.786221
v -1.997594 0.042911 0.761169
v -1.997594 -0.042620 0.846700
v -1.997594 -0.017568 0.907180
v -1.997594 0.042911 0.932231
v -1.997594 0.103391 0.907180
v -1.997594 0.128442 0.846700
v -1.997594 0.103391 0.786221
v -1.826532 0.042911 0.430889
v -1.997594 0.042911 0.516420
v -1.826532 -0.017568 0.455940
v -1.826532 -0.042620 0.516420
v -1.826532 -0.017568 0.576899
v -1.826532 0.042911 0.601951
v -1.826532 0.103391 0.576899
v -1.826532 0.128442 0.516420
v -1.826532 0.103391 0.455940
v -1.997594 -0.017568 0.455940
v -1.997594 0.042911 0.430889
v -1.997594 -0.042620 0.516420
v -1.997594 -0.017568 0.576899
v -1.997594 0.042911 0.601951
v -1.997594 0.103391 0.576899
v -1.997594 0.128442 0.516420
v -1.997594 0.103391 0.455940
v -1.826532 0.042911 0.100609
v -1.997594 0.042911 0.186140
v -1.826532 -0.017568 0.125660
v -1.826532 -0.042620 0.186140
v -1.826532 -0.017568 0.246619
v -1.826532 0.042911 0.271671
v -1.826532 0.103391 0.246619
v -1.826532 0.128442 0.186140
v -1.826532 0.103391 0.125660
v -1.997594 -0.017568 0.125660
v -1.997594 0.042911 0.100609
v -1.997594 -0.042620 0.186140
v -1.997594 -0.017568 0.246619
v -1.997594 0.042911 0.271671
v -1.997594 0.103391 0.246619
v -1.997594 0.128442 0.186140
v -1.997594 0.103391 0.125660
v 1.826532 0.042911 1.091449
v 1.997594 0.042911 1.176980
v 1.826532 -0.017568 1.116500
v 1.826532 -0.042620 1.176980
v 1.826532 -0.017568 1.237460
v 1.826532 0.042911 1.262511
v 1.826532 0.103391 1.237460
v 1.826532 0.128442 1.176980
v 1.826532 0.103391 1.116500
v 1.997594 -0.017568 1.116500
v 1.997594 0.042911 1.091449
v 1.997594 -0.042620 1.176980
v 1.997594 -0.017568 1.237460
v 1.997594 0.042911 1.262511
v 1.997594 0.103391 1.237460
v 1.997594 0.128442 1.176980
v 1.997594 0.103391 1.116500
v 1.826532 0.042911 0.761169
v 1.997594 0.042911 0.846700
v 1.826532 -0.017568 0.786220
v 1.826532 -0.042620 0.846700
v 1.826532 -0.017568 0.907179
v 1.826532 0.042911 0.932231
v 1.826532 0.103391 0.907179
v 1.826532 0.128442 0.846700
v 1.826532 0.103391 0.786220
v 1.997594 -0.017568 0.786220
v 1.997594 0.042911 0.761169
v 1.997594 -0.042620 0.846700
v 1.997594 -0.017568 0.907179
v 1.997594 0.042911 0.932231
v 1.997594 0.103391 0.907179
v 1.997594 0.128442 0.846700
v 1.997594 0.103391 0.786220
v 1.826532 0.042911 0.430889
v 1.997594 0.042911 0.516420
v 1.826532 -0.017568 0.455940
v 1.826532 -0.042620 0.516420
v 1.826532 -0.017568 0.576899
v 1.826532 0.042911 0.601951
v 1.826532 0.103391 0.576899
v 1.826532 0.128442 0.516420
v 1.826532 0.103391 0.455940
v 1.997594 -0.017568 0.455940
v 1.997594 0.042911 0.430889
v 1.997594 -0.042620 0.516420
v 1.997594 -0.017568 0.576899
v 1.997594 0.042911 0.601951
v 1.997594 0.103391 0.576899
v 1.997594 0.128442 0.516420
v 1.997594 0.103391 0.455940
v 1.826532 0.042911 0.100609
v 1.997594 0.042911 0.186140
v 1.826532 -0.017568 0.125660
v 1.826532 -0.042620 0.186140
v 1.826532 -0.017568 0.246619
v 1.826532 0.042911 0.271671
v 1.826532 0.103391 0.246619
v 1.826532 0.128442 0.186140
v 1.826532 0.103391 0.125660
v 1.997594 -0.017568 0.125660
v 1.997594 0.042911 0.100609
v 1.997594 -0.042620 0.186140
v 1.997594 -0.017568 0.246619
v 1.997594 0.042911 0.271671
v 1.997594 0.103391 0.246619
v 1.997594 0.128442 0.186140
v 1.997594 0.103391 0.125660
vt 1.000000 0.500000
vt 0.875000 0.500000
vt 0.875000 1.000000
vt 1.000000 1.000000
vt 0.750000 0.500000
vt 0.750000 1.000000
vt 0.625000 0.500000
vt 0.625000 1.000000
vt 0.500000 0.500000
vt 0.500000 1.000000
vt 0.375000 0.500000
vt 0.375000 1.000000
vt 0.250000 0.500000
vt 0.250000 1.000000
vt 0.125000 0.500000
vt 0.125000 1.000000
vt 0.351441 0.351441
vt 0.250000 0.490000
vt 0.419706 0.419706
vt 0.393459 0.250000
vt 0.490000 0.250000
vt 0.351441 0.148559
vt 0.419706 0.080294
vt 0.250000 0.106541
vt 0.250000 0.010000
vt 0.148559 0.148559
vt 0.080294 0.080294
vt 0.106541 0.250000
vt 0.010000 0.250000
vt 0.148559 0.351441
vt 0.080294 0.419706
vt 0.250000 0.393459
vt 0.000000 0.500000
vt 0.000000 1.000000
vt 1.000000 0.500000
vt 0.875000 0.500000
vt 0.875000 1.000000
vt 1.000000 1.000000
vt 0.750000 0.500000
vt 0.750000 1.000000
vt 0.625000 0.500000
vt 0.625000 1.000000
vt 0.500000 0.500000
vt 0.500000 1.000000
vt 0.375000 0.500000
vt 0.375000 1.000000
vt 0.250000 0.500000
vt 0.250000 1.000000
vt 0.125000 0.500000
vt 0.125000 1.000000
vt 0.351441 0.351441
vt 0.250000 0.490000
vt 0.419706 0.419706
vt 0.393459 0.250000
vt 0.490000 0.250000
vt 0.351441 0.148559
vt 0.419706 0.080294
vt 0.250000 0.106541
vt 0.250000 0.010000
vt 0.148559 0.148559
vt 0.080294 0.080294
vt 0.106541 0.250000
vt 0.010000 0.250000
vt 0.148559 0.351441
vt 0.080294 0.419706
vt 0.250000 0.393459
vt 0.000000 0.500000
vt 0.000000 1.000000
vt 1.000000 0.500000
vt 0.875000 0.500000
vt 0.875000 1.000000
vt 1.000000 1.000000
vt 0.750000 0.500000
vt 0.750000 1.000000
vt 0.625000 0.500000
vt 0.625000 1.000000
vt 0.500000 0.500000
vt 0.500000 1.000000
vt 0.375000 0.500000
vt 0.375000 1.000000
vt 0.250000 0.500000
vt 0.250000 1.000000
vt 0.125000 0.500000
vt 0.125000 1.000000
vt 0.351441 0.351441
vt 0.250000 0.490000
vt 0.419706 0.419706
vt 0.393459 0.250000
vt 0.490000 0.250000
vt 0.351441 0.148559
vt 0.419706 0.080294
vt 0.250000 0.106541
vt 0.250000 0.010000
vt 0.148559 0.148559
vt 0.080294 0.080294
vt 0.106541 0.250000
vt 0.010000 0.250000
vt 0.148559 0.351441
vt 0.080294 0.419706
vt 0.250000 0.393459
vt 0.000000 0.500000
vt 0.000000 1.000000
vt 1.000000 0.500000
vt 0.875000 0.500000
vt 0.875000 1.000000
vt 1.000000 1.000000
vt 0.750000 0.500000
vt 0.750000 1.000000
vt 0.625000 0.500000
vt 0.625000 1.000000
vt 0.500000 0.500000
vt 0.500000 1.000000
vt 0.375000 0.500000
vt 0.375000 1.000000
vt 0.250000 0.500000
vt 0.250000 1.000000
vt 0.125000 0.500000
vt 0.125000 1.000000
vt 0.351441 0.351441
vt 0.250000 0.490000
vt 0.419706 0.419706
vt 0.393459 0.250000
vt 0.490000 0.250000
vt 0.351441 0.148559
vt 0.419706 0.080294
vt 0.250000 0.106541
vt 0.250000 0.010000
vt 0.148559 0.148559
vt 0.080294 0.080294
vt 0.106541 0.250000
vt 0.010000 0.250000
vt 0.148559 0.351441
vt 0.080294 0.419706
vt 0.250000 0.393459
vt 0.000000 0.500000
vt 0.000000 1.000000
vt 1.000000 0.500000
vt 1.000000 1.000000
vt 0.875000 1.000000
vt 0.875000 0.500000
vt 0.750000 1.000000
vt 0.750000 0.500000
vt 0.625000 1.000000
vt 0.625000 0.500000
vt 0.500000 1.000000
vt 0.500000 0.500000
vt 0.375000 1.000000
vt 0.375000 0.500000
vt 0.250000 1.000000
vt 0.250000 0.500000
vt 0.125000 1.000000
vt 0.125000 0.500000
vt 0.351441 0.351441
vt 0.419706 0.419706
vt 0.250000 0.490000
vt 0.393459 0.250000
vt 0.490000 0.250000
vt 0.351441 0.148559
vt 0.419706 0.080294
vt 0.250000 0.106541
vt 0.250000 0.010000
vt 0.148559 0.148559
vt 0.080294 0.080294
vt 0.106541 0.250000
vt 0.010000 0.250000
vt 0.148559 0.351441
vt 0.080294 0.419706
vt 0.250000 0.393459
vt 0.000000 1.000000
vt 0.000000 0.500000
vt 1.000000 0.500000
vt 1.000000 1.000000
vt 0.875000 1.000000
vt 0.875000 0.500000
vt 0.750000 1.000000
vt 0.750000 0.500000
vt 0.625000 1.000000
vt 0.625000 0.500000
vt 0.500000 1.000000
vt 0.500000 0.500000
vt 0.375000 1.000000
vt 0.375000 0.500000
vt 0.250000 1.000000
vt 0.250000 0.500000
vt 0.125000 1.000000
vt 0.125000 0.500000
vt 0.351441 0.351441
vt 0.419706 0.419706
vt 0.250000 0.490000
vt 0.393459 0.250000
vt 0.490000 0.250000
vt 0.351441 0.148559
vt 0.419706 0.080294
vt 0.250000 0.106541
vt 0.250000 0.010000
vt 0.148559 0.148559
vt 0.080294 0.080294
vt 0.106541 0.250000
vt 0.010000 0.250000
vt 0.148559 0.351441
vt 0.080294 0.419706
vt 0.250000 0.393459
vt 0.000000 1.000000
vt 0.000000 0.500000
vt 1.000000 0.500000
vt 1.000000 1.000000
vt 0.875000 1.000000
vt 0.875000 0.500000
vt 0.750000 1.000000
vt 0.750000 0.500000
vt 0.625000 1.000000
vt 0.625000 0.500000
vt 0.500000 1.000000
vt 0.500000 0.500000
vt 0.375000 1.000000
vt 0.375000 0.500000
vt 0.250000 1.000000
vt 0.250000 0.500000
vt 0.125000 1.000000
vt 0.125000 0.500000
vt 0.351441 0.351441
vt 0.419706 0.419706
vt 0.250000 0.490000
vt 0.393459 0.250000
vt 0.490000 0.250000
vt 0.351441 0.148559
vt 0.419706 0.080294
vt 0.250000 0.106541
vt 0.250000 0.010000
vt 0.148559 0.148559
vt 0.080294 0.080294
vt 0.106541 0.250000
vt 0.010000 0.250000
vt 0.148559 0.351441
vt 0.080294 0.419706
vt 0.250000 0.393459
vt 0.000000 1.000000
vt 0.000000 0.500000
vt 1.000000 0.500000
vt 1.000000 1.000000
vt 0.875000 1.000000
vt 0.875000 0.500000
vt 0.750000 1.000000
vt 0.750000 0.500000
vt 0.625000 1.000000
vt 0.625000 0.500000
vt 0.500000 1.000000
vt 0.500000 0.500000
vt 0.375000 1.000000
vt 0.375000 0.500000
vt 0.250000 1.000000
vt 0.250000 0.500000
vt 0.125000 1.000000
vt 0.125000 0.500000
vt 0.351441 0.351441
vt 0.419706 0.419706
vt 0.250000 0.490000
vt 0.393459 0.250000
vt 0.490000 0.250000
vt 0.351441 0.148559
vt 0.419706 0.080294
vt 0.250000 0.106541
vt 0.250000 0.010000
vt 0.148559 0.148559
vt 0.080294 0.080294
vt 0.106541 0.250000
vt 0.010000 0.250000
vt 0.148559 0.351441
vt 0.080294 0.419706
vt 0.250000 0.393459
vt 0.000000 1.000000
vt 0.000000 0.500000
vn 0.0000 0.0000 -1.0000
vn 0.0000 -0.7071 -0.7071
vn -0.6302 -0.5490 -0.5490
vn -0.6302 0.0000 -0.7764
vn 0.0000 -1.0000 0.0000
vn -0.6302 -0.7764 0.0000
vn 0.0000 -0.7071 0.7071
vn -0.6302 -0.5490 0.5490
vn 0.0000 0.0000 1.0000
vn -0.6302 0.0000 0.7764
vn 0.0000 0.7071 0.7071
vn -0.6302 0.5490 0.5490
vn 0.0000 1.0000 0.0000
vn -0.6302 0.7764 0.0000
vn 0.0000 0.7071 -0.7071
vn -0.6302 0.5490 -0.5490
vn -1.0000 0.0000 0.0000
vn 0.6302 0.0000 -0.7764
vn 0.6302 -0.5490 -0.5490
vn 0.6302 -0.7764 0.0000
vn 0.6302 -0.5490 0.5490
vn 0.6302 0.0000 0.7764
vn 0.6302 0.5490 0.5490
vn 0.6302 0.7764 0.0000
vn 0.6302 0.5490 -0.5490
vn 1.0000 0.0000 0.0000
usemtl Gold
s 1
f 3427/4452/2029 3429/4453/2030 3436/4454/2031 3437/4455/2032
f 3429/4453/2030 3430/4456/2033 3438/4457/2034 3436/4454/2031
f 3430/4456/2033 3431/4458/2035 3439/4459/2036 3438/4457/2034
f 3431/4458/2035 3432/4460/2037 3440/4461/2038 3439/4459/2036
f 3432/4460/2037 3433/4462/2039 3441/4463/2040 3440/4461/2038
f 3433/4462/2039 3434/4464/2041 3442/4465/2042 3441/4463/2040
f 3434/4464/2041 3435/4466/2043 3443/4467/2044 3442/4465/2042
f 3428/4468/2045 3437/4469/2032 3436/4470/2031
f 3428/4471/2045 3436/4470/2031 3438/4472/2034
f 3428/4473/2045 3438/4472/2034 3439/4474/2036
f 3428/4475/2045 3439/4474/2036 3440/4476/2038
f 3428/4477/2045 3440/4476/2038 3441/4478/2040
f 3428/4479/2045 3441/4478/2040 3442/4480/2042
f 3428/4481/2045 3442/4480/2042 3443/4482/2044
f 3428/4483/2045 3443/4482/2044 3437/4469/2032
f 3435/4466/2043 3427/4484/2029 3437/4485/2032 3443/4467/2044
f 3444/4486/2029 3446/4487/2030 3453/4488/2031 3454/4489/2032
f 3446/4487/2030 3447/4490/2033 3455/4491/2034 3453/4488/2031
f 3447/4490/2033 3448/4492/2035 3456/4493/2036 3455/4491/2034
f 3448/4492/2035 3449/4494/2037 3457/4495/2038 3456/4493/2036
f 3449/4494/2037 3450/4496/2039 3458/4497/2040 3457/4495/2038
f 3450/4496/2039 3451/4498/2041 3459/4499/2042 3458/4497/2040
f 3451/4498/2041 3452/4500/2043 3460/4501/2044 3459/4499/2042
f 3445/4502/2045 3454/4503/2032 3453/4504/2031
f 3445/4505/2045 3453/4504/2031 3455/4506/2034
f 3445/4507/2045 3455/4506/2034 3456/4508/2036
f 3445/4509/2045 3456/4508/2036 3457/4510/2038
f 3445/4511/2045 3457/4510/2038 3458/4512/2040
f 3445/4513/2045 3458/4512/2040 3459/4514/2042
f 3445/4515/2045 3459/4514/2042 3460/4516/2044
f 3445/4517/2045 3460/4516/2044 3454/4503/2032
f 3452/4500/2043 3444/4518/2029 3454/4519/2032 3460/4501/2044
f 3461/4520/2029 3463/4521/2030 3470/4522/2031 3471/4523/2032
f 3463/4521/2030 3464/4524/2033 3472/4525/2034 3470/4522/2031
f 3464/4524/2033 3465/4526/2035 3473/4527/2036 3472/4525/2034
f 3465/4526/2035 3466/4528/2037 3474/4529/2038 3473/4527/2036
f 3466/4528/2037 3467/4530/2039 3475/4531/2040 3474/4529/2038
f 3467/4530/2039 3468/4532/2041 3476/4533/2042 3475/4531/2040
f 3468/4532/2041 3469/4534/2043 3477/4535/2044 3476/4533/2042
f 3462/4536/2045 3471/4537/2032 3470/4538/2031
f 3462/4539/2045 3470/4538/2031 3472/4540/2034
f 3462/4541/2045 3472/4540/2034 3473/4542/2036
f 3462/4543/2045 3473/4542/2036 3474/4544/2038
f 3462/4545/2045 3474/4544/2038 3475/4546/2040
f 3462/4547/2045 3475/4546/2040 3476/4548/2042
f 3462/4549/2045 3476/4548/2042 3477/4550/2044
f 3462/4551/2045 3477/4550/2044 3471/4537/2032
f 3469/4534/2043 3461/4552/2029 3471/4553/2032 3477/4535/2044
f 3478/4554/2029 3480/4555/2030 3487/4556/2031 3488/4557/2032
f 3480/4555/2030 3481/4558/2033 3489/4559/2034 3487/4556/2031
f 3481/4558/2033 3482/4560/2035 3490/4561/2036 3489/4559/2034
f 3482/4560/2035 3483/4562/2037 3491/4563/2038 3490/4561/2036
f 3483/4562/2037 3484/4564/2039 3492/4565/2040 3491/4563/2038
f 3484/4564/2039 3485/4566/2041 3493/4567/2042 3492/4565/2040
f 3485/4566/2041 3486/4568/2043 3494/4569/2044 3493/4567/2042
f 3479/4570/2045 3488/4571/2032 3487/4572/2031
f 3479/4573/2045 3487/4572/2031 3489/4574/2034
f 3479/4575/2045 3489/4574/2034 3490/4576/2036
f 3479/4577/2045 3490/4576/2036 3491/4578/2038
f 3479/4579/2045 3491/4578/2038 3492/4580/2040
f 3479/4581/2045 3492/4580/2040 3493/4582/2042
f 3479/4583/2045 3493/4582/2042 3494/4584/2044
f 3479/4585/2045 3494/4584/2044 3488/4571/2032
f 3486/4568/2043 3478/4586/2029 3488/4587/2032 3494/4569/2044
f 3495/4588/2029 3505/4589/2046 3504/4590/2047 3497/4591/2030
f 3497/4591/2030 3504/4590/2047 3506/4592/2048 3498/4593/2033
f 3498/4593/2033 3506/4592/2048 3507/4594/2049 3499/4595/2035
f 3499/4595/2035 3507/4594/2049 3508/4596/2050 3500/4597/2037
f 3500/4597/2037 3508/4596/2050 3509/4598/2051 3501/4599/2039
f 3501/4599/2039 3509/4598/2051 3510/4600/2052 3502/4601/2041
f 3502/4601/2041 3510/4600/2052 3511/4602/2053 3503/4603/2043
f 3496/4604/2054 3504/4605/2047 3505/4606/2046
f 3496/4607/2054 3506/4608/2048 3504/4605/2047
f 3496/4609/2054 3507/4610/2049 3506/4608/2048
f 3496/4611/2054 3508/4612/2050 3507/4610/2049
f 3496/4613/2054 3509/4614/2051 3508/4612/2050
f 3496/4615/2054 3510/4616/2052 3509/4614/2051
f 3496/4617/2054 3511/4618/2053 3510/4616/2052
f 3496/4619/2054 3505/4606/2046 3511/4618/2053
f 3503/4603/2043 3511/4602/2053 3505/4620/2046 3495/4621/2029
f 3512/4622/2029 3522/4623/2046 3521/4624/2047 3514/4625/2030
f 3514/4625/2030 3521/4624/2047 3523/4626/2048 3515/4627/2033
f 3515/4627/2033 3523/4626/2048 3524/4628/2049 3516/4629/2035
f 3516/4629/2035 3524/4628/2049 3525/4630/2050 3517/4631/2037
f 3517/4631/2037 3525/4630/2050 3526/4632/2051 3518/4633/2039
f 3518/4633/2039 3526/4632/2051 3527/4634/2052 3519/4635/2041
f 3519/4635/2041 3527/4634/2052 3528/4636/2053 3520/4637/2043
f 3513/4638/2054 3521/4639/2047 3522/4640/2046
f 3513/4641/2054 3523/4642/2048 3521/4639/2047
f 3513/4643/2054 3524/4644/2049 3523/4642/2048
f 3513/4645/2054 3525/4646/2050 3524/4644/2049
f 3513/4647/2054 3526/4648/2051 3525/4646/2050
f 3513/4649/2054 3527/4650/2052 3526/4648/2051
f 3513/4651/2054 3528/4652/2053 3527/4650/2052
f 3513/4653/2054 3522/4640/2046 3528/4652/2053
f 3520/4637/2043 3528/4636/2053 3522/4654/2046 3512/4655/2029
f 3529/4656/2029 3539/4657/2046 3538/4658/2047 3531/4659/2030
f 3531/4659/2030 3538/4658/2047 3540/4660/2048 3532/4661/2033
f 3532/4661/2033 3540/4660/2048 3541/4662/2049 3533/4663/2035
f 3533/4663/2035 3541/4662/2049 3542/4664/2050 3534/4665/2037
f 3534/4665/2037 3542/4664/2050 3543/4666/2051 3535/4667/2039
f 3535/4667/2039 3543/4666/2051 3544/4668/2052 3536/4669/2041
f 3536/4669/2041 3544/4668/2052 3545/4670/2053 3537/4671/2043
f 3530/4672/2054 3538/4673/2047 3539/4674/2046
f 3530/4675/2054 3540/4676/2048 3538/4673/2047
f 3530/4677/2054 3541/4678/2049 3540/4676/2048
f 3530/4679/2054 3542/4680/2050 3541/4678/2049
f 3530/4681/2054 3543/4682/2051 3542/4680/2050
f 3530/4683/2054 3544/4684/2052 3543/4682/2051
f 3530/4685/2054 3545/4686/2053 3544/4684/2052
f 3530/4687/2054 3539/4674/2046 3545/4686/2053
f 3537/4671/2043 3545/4670/2053 3539/4688/2046 3529/4689/2029
f 3546/4690/2029 3556/4691/2046 3555/4692/2047 3548/4693/2030
f 3548/4693/2030 3555/4692/2047 3557/4694/2048 3549/4695/2033
f 3549/4695/2033 3557/4694/2048 3558/4696/2049 3550/4697/2035
f 3550/4697/2035 3558/4696/2049 3559/4698/2050 3551/4699/2037
f 3551/4699/2037 3559/4698/2050 3560/4700/2051 3552/4701/2039
f 3552/4701/2039 3560/4700/2051 3561/4702/2052 3553/4703/2041
f 3553/4703/2041 3561/4702/2052 3562/4704/2053 3554/4705/2043
f 3547/4706/2054 3555/4707/2047 3556/4708/2046
f 3547/4709/2054 3557/4710/2048 3555/4707/2047
f 3547/4711/2054 3558/4712/2049 3557/4710/2048
f 3547/4713/2054 3559/4714/2050 3558/4712/2049
f 3547/4715/2054 3560/4716/2051 3559/4714/2050
f 3547/4717/2054 3561/4718/2052 3560/4716/2051
f 3547/4719/2054 3562/4720/2053 3561/4718/2052
f 3547/4721/2054 3556/4708/2046 3562/4720/2053
f 3554/4705/2043 3562/4704/2053 3556/4722/2046 3546/4723/2029
o Loops.005_Cylinder.081
v -1.271348 0.054321 -1.191874
v -1.896004 0.221697 -1.191874
v -1.940852 0.054321 -1.191874
v -1.773476 0.344225 -1.191874
v -1.606100 0.389073 -1.191874
v -1.438724 0.344225 -1.191874
v -1.316196 0.221697 -1.191874
v -1.316196 -0.113055 -1.191874
v -1.438724 -0.235583 -1.191874
v -1.606100 -0.280431 -1.191874
v -1.773476 -0.235583 -1.191874
v -1.896004 -0.113055 -1.191874
v -1.896004 -0.113055 -1.029674
v -1.773476 -0.235583 -1.029674
v -1.606100 -0.280431 -1.029674
v -1.438724 -0.235583 -1.029674
v -1.316196 -0.113055 -0.919588
v -1.316196 0.221697 -0.880240
v -1.438724 0.344225 -1.029674
v -1.606100 0.389073 -1.029674
v -1.773476 0.344225 -1.029674
v -1.940852 0.054321 -0.432571
v -1.896004 0.221697 -1.029674
v -1.271348 0.054321 -1.029674
v -1.283533 0.099796 -1.191874
v -1.283533 0.099796 -1.029674
v -1.399549 0.305050 -1.191874
v -1.399549 0.305050 -1.029674
v -1.286897 -0.003710 -1.191874
v -1.286897 -0.003710 -1.029674
v -1.407624 -0.204482 -1.191874
v -1.407624 -0.204482 -1.029674
v -1.906862 -0.119291 -1.191902
v -1.953374 0.054321 -1.191793
v -1.779735 -0.246428 -1.191942
v -1.606100 -0.292953 -1.191874
v -1.432346 -0.246360 -1.191874
v -1.398709 -0.213277 -1.191867
v -1.305350 -0.119312 -1.191874
v -1.390656 0.313865 -1.191877
v -1.432367 0.355014 -1.191874
v -1.606100 0.401595 -1.191874
v -1.779734 0.355070 -1.191941
v -1.271457 0.103110 -1.191869
v -1.258826 0.054346 -1.191874
v -1.906862 0.227933 -1.191902
v -1.274814 -0.006994 -1.191880
v -1.906951 -0.119133 -1.029694
v -1.779735 -0.246428 -1.029742
v -1.606100 -0.292953 -1.029674
v -1.432346 -0.246360 -1.029674
v -1.305365 -0.119338 -0.919588
v -1.305353 0.227960 -1.191874
v -1.305342 0.227941 -0.880240
v -1.432367 0.355014 -1.029674
v -1.606100 0.401595 -1.029674
v -1.779734 0.355070 -1.029742
v -1.953374 0.054321 -0.432490
v -1.906951 0.227775 -1.029694
v -1.258826 0.054346 -1.029674
v -1.274812 -0.006985 -1.029681
v -1.390665 0.313874 -1.029678
v -1.398716 -0.213283 -1.029668
v -1.271454 0.103098 -1.029670
v -1.922434 0.123060 -1.191874
v -1.922434 0.123060 -0.918032
v -1.934272 0.125621 -1.191838
v -1.934309 0.125556 -0.917992
v -1.924505 -0.006686 -1.191874
v -1.924505 -0.006686 -0.909281
v -1.936421 -0.008959 -1.191833
v -1.936453 -0.008902 -0.909237
v 1.271348 0.054321 -1.191874
v 1.896004 0.221697 -1.191874
v 1.940852 0.054321 -1.191874
v 1.773476 0.344225 -1.191873
v 1.606100 0.389073 -1.191873
v 1.438724 0.344225 -1.191873
v 1.316196 0.221697 -1.191874
v 1.316196 -0.113055 -1.191874
v 1.438724 -0.235583 -1.191873
v 1.606100 -0.280431 -1.191873
v 1.773476 -0.235583 -1.191873
v 1.896004 -0.113055 -1.191874
v 1.896004 -0.113055 -1.029674
v 1.773476 -0.235583 -1.029674
v 1.606100 -0.280431 -1.029674
v 1.438724 -0.235583 -1.029674
v 1.316196 -0.113055 -0.919588
v 1.316196 0.221697 -0.880240
v 1.438724 0.344225 -1.029674
v 1.606100 0.389073 -1.029674
v 1.773476 0.344225 -1.029674
v 1.940852 0.054321 -0.432571
v 1.896004 0.221697 -1.029674
v 1.271348 0.054321 -1.029674
v 1.283533 0.099796 -1.191874
v 1.283533 0.099796 -1.029674
v 1.399549 0.305050 -1.191873
v 1.399549 0.305050 -1.029674
v 1.286897 -0.003710 -1.191874
v 1.286897 -0.003710 -1.029674
v 1.407623 -0.204482 -1.191873
v 1.407623 -0.204482 -1.029674
v 1.906862 -0.119291 -1.191902
v 1.953374 0.054321 -1.191793
v 1.779734 -0.246428 -1.191941
v 1.606100 -0.292953 -1.191873
v 1.432346 -0.246360 -1.191873
v 1.398709 -0.213277 -1.191867
v 1.305350 -0.119312 -1.191874
v 1.390656 0.313865 -1.191877
v 1.432367 0.355014 -1.191873
v 1.606100 0.401595 -1.191873
v 1.779734 0.355070 -1.191941
v 1.271458 0.103110 -1.191869
v 1.258826 0.054346 -1.191874
v 1.906862 0.227933 -1.191902
v 1.274814 -0.006994 -1.191880
v 1.906951 -0.119133 -1.029694
v 1.779734 -0.246428 -1.029742
v 1.606100 -0.292953 -1.029674
v 1.432346 -0.246360 -1.029674
v 1.305365 -0.119338 -0.919588
v 1.305353 0.227960 -1.191874
v 1.305342 0.227941 -0.880240
v 1.432367 0.355014 -1.029674
v 1.606100 0.401595 -1.029674
v 1.779734 0.355070 -1.029742
v 1.953374 0.054321 -0.432490
v 1.906951 0.227775 -1.029694
v 1.258826 0.054346 -1.029674
v 1.274811 -0.006985 -1.029681
v 1.390665 0.313874 -1.029678
v 1.398716 -0.213283 -1.029668
v 1.271454 0.103098 -1.029670
v 1.922433 0.123060 -1.191874
v 1.922433 0.123060 -0.918032
v 1.934272 0.125621 -1.191838
v 1.934309 0.125556 -0.917992
v 1.924505 -0.006686 -1.191874
v 1.924505 -0.006686 -0.909281
v 1.936421 -0.008959 -1.191833
v 1.936453 -0.008902 -0.909237
vt 0.750000 0.947951
vt 0.750000 0.976163
vt 0.666667 0.976163
vt 0.666667 0.947951
vt 0.750000 0.947951
vt 0.666667 0.947951
vt 0.666667 0.976163
vt 0.750000 0.976163
vt 0.969315 0.976163
vt 0.950125 0.976163
vt 0.950125 0.976163
vt 0.969315 0.976163
vt 0.912059 0.947951
vt 0.909417 0.947951
vt 0.909417 0.947951
vt 0.912059 0.947951
vt 0.477359 0.976163
vt 0.416667 0.976163
vt 0.416667 0.947951
vt 0.477359 0.947951
vt 0.250000 0.947951
vt 0.333333 0.947951
vt 0.333333 0.947951
vt 0.250000 0.947951
vt 0.500000 0.976163
vt 0.500000 0.947951
vt 0.528893 0.947951
vt 0.528893 0.976163
vt 0.583333 0.947951
vt 0.583333 0.976163
vt 0.645515 0.976163
vt 0.645515 0.947951
vt 0.833333 0.947951
vt 0.916667 0.947951
vt 0.916667 0.947951
vt 0.833333 0.947951
vt 0.666667 0.976163
vt 0.645515 0.976163
vt 0.359977 0.976163
vt 0.333333 0.976163
vt 0.333333 0.976163
vt 0.359977 0.976163
vt 0.083333 0.947952
vt 0.166667 0.947951
vt 0.166667 0.947951
vt 0.083333 0.947952
vt 0.645515 0.947951
vt 0.666667 0.947951
vt 0.250000 0.976163
vt 0.570158 0.947951
vt 0.570158 0.947951
vt 0.166667 0.976163
vt 0.477359 0.947951
vt 0.500000 0.947951
vt 0.500000 0.976163
vt 0.477359 0.976163
vt 0.605457 0.976163
vt 0.166667 0.976163
vt 0.083333 0.976164
vt 0.083333 0.976164
vt 0.416667 0.976163
vt 0.583333 0.947951
vt 0.528893 0.947951
vt 0.250000 0.976163
vt 0.359977 0.947951
vt 0.916667 0.976163
vt 0.916667 0.976163
vt 0.359977 0.947951
vt 0.833333 0.976163
vt 0.833333 0.976163
vt 0.583333 0.976163
vt 0.528893 0.976163
vt 0.750000 0.947951
vt 0.750000 0.976163
vt 0.605457 0.976163
vt 0.416667 0.947951
vt 0.969315 0.976163
vt 0.969315 0.976163
vt 0.950125 0.976163
vt 0.950125 0.976163
vt 0.912059 0.947951
vt 0.912059 0.947951
vt 0.909417 0.947951
vt 0.909417 0.947951
vt 0.477359 0.976163
vt 0.477359 0.947951
vt 0.416667 0.947951
vt 0.416667 0.976163
vt 0.250000 0.947951
vt 0.250000 0.947951
vt 0.333333 0.947951
vt 0.333333 0.947951
vt 0.500000 0.976163
vt 0.528893 0.976163
vt 0.528893 0.947951
vt 0.500000 0.947951
vt 0.583333 0.976163
vt 0.583333 0.947951
vt 0.645515 0.976163
vt 0.645515 0.947951
vt 0.833333 0.947951
vt 0.833333 0.947951
vt 0.916667 0.947951
vt 0.916667 0.947951
vt 0.666667 0.976163
vt 0.645515 0.976163
vt 0.359977 0.976163
vt 0.359977 0.976163
vt 0.333333 0.976163
vt 0.333333 0.976163
vt 0.083333 0.947952
vt 0.083333 0.947952
vt 0.166667 0.947951
vt 0.166667 0.947951
vt 0.645515 0.947951
vt 0.666667 0.947951
vt 0.250000 0.976163
vt 0.570158 0.947951
vt 0.570158 0.947951
vt 0.166667 0.976163
vt 0.477359 0.947951
vt 0.500000 0.947951
vt 0.500000 0.976163
vt 0.477359 0.976163
vt 0.605457 0.976163
vt 0.166667 0.976163
vt 0.083333 0.976164
vt 0.083333 0.976164
vt 0.416667 0.976163
vt 0.583333 0.947951
vt 0.528893 0.947951
vt 0.250000 0.976163
vt 0.359977 0.947951
vt 0.916667 0.976163
vt 0.916667 0.976163
vt 0.359977 0.947951
vt 0.833333 0.976163
vt 0.833333 0.976163
vt 0.583333 0.976163
vt 0.528893 0.976163
vt 0.750000 0.947951
vt 0.750000 0.976163
vt 0.605457 0.976163
vt 0.416667 0.947951
vn -0.0002 -0.7575 0.6528
vn 0.0003 -0.7568 -0.6536
vn 0.3756 -0.6566 -0.6540
vn 0.3755 -0.6566 0.6540
vn 0.0002 -0.7575 0.6528
vn -0.3755 -0.6566 0.6540
vn -0.3756 -0.6566 -0.6540
vn -0.0003 -0.7568 -0.6536
vn -0.0048 0.0000 -1.0000
vn -0.0026 -0.0004 -1.0000
vn -0.6840 -0.1829 -0.7061
vn -0.7586 0.0000 -0.6515
vn 0.1816 -0.8819 0.4350
vn 0.5678 -0.0027 0.8231
vn 0.0354 -0.0108 0.9993
vn -0.6348 -0.7302 0.2525
vn 0.6848 0.1816 -0.7057
vn 0.6553 0.3782 -0.6539
vn 0.4395 0.2673 0.8575
vn 0.8592 -0.0154 0.5114
vn -0.0004 0.0013 1.0000
vn 0.0001 0.0000 1.0000
vn 0.3761 0.6565 0.6538
vn -0.0002 0.7575 0.6528
vn 0.7559 -0.0005 -0.6546
vn 0.7559 -0.0006 0.6546
vn 0.8414 0.0000 0.5404
vn 0.6843 -0.1822 -0.7060
vn 0.5000 -0.2630 0.8251
vn 0.6551 -0.3785 -0.6539
vn 0.4997 -0.5022 -0.7057
vn 0.4230 -0.7137 0.5582
vn -0.0017 -0.0027 1.0000
vn 0.1308 -0.3654 0.9216
vn -0.6579 -0.5786 0.4820
vn -0.3792 -0.6565 0.6521
vn 0.0001 -0.0001 -1.0000
vn 0.0002 -0.0002 -1.0000
vn -0.0001 -0.0001 -1.0000
vn -0.0001 -0.0000 -1.0000
vn 0.3761 0.6565 -0.6539
vn 0.4999 0.5016 -0.7060
vn 0.1351 0.3641 0.9215
vn -0.0017 0.0027 1.0000
vn -0.3792 0.6565 0.6521
vn -0.6569 0.5790 0.4829
vn -0.2087 -0.2727 0.9392
vn -0.0001 0.0001 1.0000
vn 0.0003 0.7568 -0.6536
vn 0.1909 0.8777 0.4394
vn -0.6282 0.7331 0.2604
vn -0.3780 0.6549 -0.6543
vn 0.1609 -0.3870 0.9079
vn 0.0000 -0.0001 1.0000
vn -0.0000 0.0001 -1.0000
vn 0.0002 0.0000 -1.0000
vn -0.6840 0.1829 -0.7062
vn 0.0018 -0.0028 -1.0000
vn 0.0012 -0.0016 -1.0000
vn -0.6555 0.3779 -0.6538
vn 0.0000 -0.0000 -1.0000
vn -0.0850 0.0836 0.9929
vn 0.1444 0.3455 0.9272
vn 0.0004 -0.0013 -1.0000
vn 0.4162 0.7581 0.5020
vn 0.0011 0.0015 -1.0000
vn -0.6555 -0.3779 -0.6538
vn -0.2635 0.3454 0.9007
vn 0.0018 0.0028 -1.0000
vn -0.3780 -0.6549 -0.6543
vn -0.0000 -0.0001 -1.0000
vn -0.0002 0.0001 -1.0000
vn -0.0004 -0.0013 1.0000
vn 0.0004 0.0013 -1.0000
vn -0.0024 0.0003 -1.0000
vn -0.1413 -0.0648 0.9878
vn 0.0048 0.0000 -1.0000
vn 0.7586 0.0000 -0.6515
vn 0.6840 -0.1829 -0.7061
vn 0.0026 -0.0004 -1.0000
vn -0.1816 -0.8819 0.4350
vn 0.6348 -0.7302 0.2525
vn -0.0354 -0.0108 0.9993
vn -0.5678 -0.0027 0.8231
vn -0.6848 0.1816 -0.7057
vn -0.8592 -0.0154 0.5114
vn -0.4395 0.2673 0.8575
vn -0.6553 0.3782 -0.6539
vn 0.0005 0.0013 1.0000
vn 0.0002 0.7575 0.6528
vn -0.3761 0.6565 0.6538
vn -0.0001 0.0000 1.0000
vn -0.7559 -0.0005 -0.6546
vn -0.6843 -0.1822 -0.7060
vn -0.8414 0.0000 0.5404
vn -0.7559 -0.0006 0.6546
vn -0.6551 -0.3785 -0.6539
vn -0.5000 -0.2630 0.8251
vn -0.4997 -0.5022 -0.7057
vn -0.4230 -0.7137 0.5582
vn 0.0017 -0.0027 1.0000
vn 0.3792 -0.6565 0.6521
vn 0.6579 -0.5786 0.4820
vn -0.1308 -0.3654 0.9216
vn -0.0002 -0.0002 -1.0000
vn -0.4999 0.5016 -0.7060
vn -0.3761 0.6565 -0.6539
vn 0.0001 -0.0000 -1.0000
vn -0.1351 0.3641 0.9215
vn 0.6569 0.5790 0.4829
vn 0.3792 0.6565 0.6521
vn 0.0017 0.0027 1.0000
vn 0.2087 -0.2727 0.9392
vn 0.0001 0.0001 1.0000
vn -0.0003 0.7568 -0.6536
vn -0.1909 0.8777 0.4394
vn 0.6282 0.7331 0.2605
vn 0.3780 0.6549 -0.6543
vn -0.1609 -0.3870 0.9079
vn -0.0002 0.0000 -1.0000
vn 0.6840 0.1829 -0.7062
vn -0.0018 -0.0028 -1.0000
vn 0.6555 0.3779 -0.6538
vn -0.0012 -0.0016 -1.0000
vn 0.0850 0.0836 0.9929
vn -0.1444 0.3455 0.9272
vn -0.0004 -0.0013 -1.0000
vn -0.4162 0.7581 0.5020
vn 0.6555 -0.3779 -0.6538
vn -0.0011 0.0015 -1.0000
vn 0.2635 0.3454 0.9007
vn 0.3780 -0.6549 -0.6543
vn -0.0018 0.0028 -1.0000
vn 0.0002 0.0001 -1.0000
vn 0.0005 -0.0013 1.0000
vn -0.0004 0.0013 -1.0000
vn 0.0024 0.0003 -1.0000
vn 0.1413 -0.0648 0.9878
usemtl Gold
s 1
f 3612/4724/2055 3598/4725/2056 3599/4726/2057 3613/4727/2058
f 3684/4728/2059 3685/4729/2060 3671/4730/2061 3670/4731/2062
f 3565/4732/2063 3631/4733/2064 3633/4734/2065 3596/4735/2066
f 3632/4736/2067 3584/4737/2068 3620/4738/2069 3634/4739/2070
f 3606/4740/2071 3615/4741/2072 3616/4742/2073 3626/4743/2074
f 3582/4744/2075 3581/4745/2076 3617/4746/2077 3618/4747/2078
f 3607/4748/2079 3622/4749/2080 3623/4750/2081 3609/4751/2082
f 3609/4751/2082 3623/4750/2081 3614/4752/2083 3601/4753/2084
f 3600/4754/2085 3601/4753/2084 3614/4752/2083 3625/4755/2086
f 3576/4756/2087 3575/4757/2088 3610/4758/2089 3611/4759/2090
f 3571/4760/2091 3593/4761/2092 3600/4754/2085 3599/4726/2057
f 3589/4762/2093 3568/4763/2094 3603/4764/2095 3602/4765/2096
f 3585/4766/2097 3583/4767/2098 3619/4768/2099 3621/4769/2100
f 3594/4770/2101 3578/4771/2102 3613/4727/2058 3625/4755/2086
f 3603/4764/2095 3604/4772/2103 3618/4747/2078 3617/4746/2077
f 3628/4773/2104 3585/4766/2097 3621/4769/2100 3630/4774/2105
f 3605/4775/2106 3619/4768/2099 3618/4747/2078 3604/4772/2103
f 3588/4776/2107 3586/4777/2108 3622/4749/2080 3626/4743/2074
f 3563/4778/2109 3587/4779/2110 3606/4740/2071 3607/4748/2079
f 3583/4767/2098 3582/4744/2075 3618/4747/2078 3619/4768/2099
f 3596/4735/2066 3620/4738/2069 3630/4774/2105 3629/4780/2111
f 3566/4781/2112 3564/4782/2113 3608/4783/2114 3605/4775/2106
f 3587/4779/2110 3569/4784/2115 3615/4741/2072 3606/4740/2071
f 3579/4785/2116 3594/4770/2101 3625/4755/2086 3614/4752/2083
f 3592/4786/2117 3579/4785/2116 3614/4752/2083 3623/4750/2081
f 3567/4787/2118 3566/4781/2112 3605/4775/2106 3604/4772/2103
f 3602/4765/2096 3624/4788/2119 3616/4742/2073 3615/4741/2072
f 3568/4763/2094 3567/4787/2118 3604/4772/2103 3603/4764/2095
f 3569/4784/2115 3589/4762/2093 3602/4765/2096 3615/4741/2072
f 3631/4733/2064 3574/4789/2120 3595/4790/2121 3633/4734/2065
f 3581/4745/2076 3590/4791/2122 3624/4788/2119 3617/4746/2077
f 3574/4789/2120 3573/4792/2123 3597/4793/2124 3595/4790/2121
f 3593/4761/2092 3570/4794/2125 3601/4753/2084 3600/4754/2085
f 3591/4795/2126 3563/4778/2109 3607/4748/2079 3609/4751/2082
f 3584/4737/2068 3628/4773/2104 3630/4774/2105 3620/4738/2069
f 3586/4777/2108 3592/4786/2117 3623/4750/2081 3622/4749/2080
f 3578/4771/2102 3577/4796/2127 3612/4724/2055 3613/4727/2058
f 3573/4792/2123 3572/4797/2128 3598/4725/2056 3597/4793/2124
f 3577/4796/2127 3576/4756/2087 3611/4759/2090 3612/4724/2055
f 3572/4797/2128 3571/4760/2091 3599/4726/2057 3598/4725/2056
f 3613/4727/2058 3599/4726/2057 3600/4754/2085 3625/4755/2086
f 3570/4794/2125 3591/4795/2126 3609/4751/2082 3601/4753/2084
f 3595/4790/2121 3610/4758/2089 3634/4739/2070 3633/4734/2065
f 3564/4782/2113 3627/4798/2129 3629/4780/2111 3608/4783/2114
f 3627/4798/2129 3565/4732/2063 3596/4735/2066 3629/4780/2111
f 3619/4768/2099 3605/4775/2106 3608/4783/2114 3621/4769/2100
f 3620/4738/2069 3596/4735/2066 3633/4734/2065 3634/4739/2070
f 3575/4757/2088 3632/4736/2067 3634/4739/2070 3610/4758/2089
f 3580/4799/2130 3588/4776/2107 3626/4743/2074 3616/4742/2073
f 3597/4793/2124 3611/4759/2090 3610/4758/2089 3595/4790/2121
f 3622/4749/2080 3607/4748/2079 3606/4740/2071 3626/4743/2074
f 3608/4783/2114 3629/4780/2111 3630/4774/2105 3621/4769/2100
f 3603/4764/2095 3617/4746/2077 3624/4788/2119 3602/4765/2096
f 3590/4791/2122 3580/4799/2130 3616/4742/2073 3624/4788/2119
f 3637/4800/2131 3668/4801/2132 3705/4802/2133 3703/4803/2134
f 3704/4804/2135 3706/4805/2136 3692/4806/2137 3656/4807/2138
f 3678/4808/2139 3698/4809/2140 3688/4810/2141 3687/4811/2142
f 3654/4812/2143 3690/4813/2144 3689/4814/2145 3653/4815/2146
f 3679/4816/2147 3681/4817/2148 3695/4818/2149 3694/4819/2150
f 3681/4817/2148 3673/4820/2151 3686/4821/2152 3695/4818/2149
f 3672/4822/2153 3697/4823/2154 3686/4821/2152 3673/4820/2151
f 3648/4824/2155 3683/4825/2156 3682/4826/2157 3647/4827/2158
f 3643/4828/2093 3671/4730/2061 3672/4822/2153 3665/4829/2159
f 3661/4830/2091 3674/4831/2160 3675/4832/2161 3640/4833/2162
f 3657/4834/2163 3693/4835/2164 3691/4836/2165 3655/4837/2166
f 3666/4838/2167 3697/4823/2154 3685/4729/2060 3650/4839/2168
f 3675/4832/2161 3689/4814/2145 3690/4813/2144 3676/4840/2169
f 3700/4841/2170 3702/4842/2171 3693/4835/2164 3657/4834/2163
f 3677/4843/2172 3676/4840/2169 3690/4813/2144 3691/4836/2165
f 3660/4844/2173 3698/4809/2140 3694/4819/2150 3658/4845/2108
f 3635/4846/2109 3679/4816/2147 3678/4808/2139 3659/4847/2174
f 3655/4837/2166 3691/4836/2165 3690/4813/2144 3654/4812/2143
f 3668/4801/2132 3701/4848/2175 3702/4842/2171 3692/4806/2137
f 3638/4849/2176 3677/4843/2172 3680/4850/2177 3636/4851/2178
f 3659/4847/2174 3678/4808/2139 3687/4811/2142 3641/4852/2115
f 3651/4853/2179 3686/4821/2152 3697/4823/2154 3666/4838/2167
f 3664/4854/2180 3695/4818/2149 3686/4821/2152 3651/4853/2179
f 3639/4855/2181 3676/4840/2169 3677/4843/2172 3638/4849/2176
f 3674/4831/2160 3687/4811/2142 3688/4810/2141 3696/4856/2182
f 3640/4833/2162 3675/4832/2161 3676/4840/2169 3639/4855/2181
f 3641/4852/2115 3687/4811/2142 3674/4831/2160 3661/4830/2091
f 3703/4803/2134 3705/4802/2133 3667/4857/2183 3646/4858/2184
f 3653/4815/2146 3689/4814/2145 3696/4856/2182 3662/4859/2185
f 3646/4858/2184 3667/4857/2183 3669/4860/2186 3645/4861/2187
f 3665/4829/2159 3672/4822/2153 3673/4820/2151 3642/4862/2125
f 3663/4863/2188 3681/4817/2148 3679/4816/2147 3635/4846/2109
f 3656/4807/2138 3692/4806/2137 3702/4842/2171 3700/4841/2170
f 3658/4845/2108 3694/4819/2150 3695/4818/2149 3664/4854/2180
f 3650/4839/2168 3685/4729/2060 3684/4728/2059 3649/4864/2189
f 3645/4861/2187 3669/4860/2186 3670/4731/2062 3644/4865/2190
f 3649/4864/2189 3684/4728/2059 3683/4825/2156 3648/4824/2155
f 3644/4865/2190 3670/4731/2062 3671/4730/2061 3643/4828/2093
f 3685/4729/2060 3697/4823/2154 3672/4822/2153 3671/4730/2061
f 3642/4862/2125 3673/4820/2151 3681/4817/2148 3663/4863/2188
f 3667/4857/2183 3705/4802/2133 3706/4805/2136 3682/4826/2157
f 3636/4851/2178 3680/4850/2177 3701/4848/2175 3699/4866/2191
f 3699/4866/2191 3701/4848/2175 3668/4801/2132 3637/4800/2131
f 3691/4836/2165 3693/4835/2164 3680/4850/2177 3677/4843/2172
f 3692/4806/2137 3706/4805/2136 3705/4802/2133 3668/4801/2132
f 3647/4827/2158 3682/4826/2157 3706/4805/2136 3704/4804/2135
f 3652/4867/2192 3688/4810/2141 3698/4809/2140 3660/4844/2173
f 3669/4860/2186 3667/4857/2183 3682/4826/2157 3683/4825/2156
f 3694/4819/2150 3698/4809/2140 3678/4808/2139 3679/4816/2147
f 3680/4850/2177 3693/4835/2164 3702/4842/2171 3701/4848/2175
f 3675/4832/2161 3674/4831/2160 3696/4856/2182 3689/4814/2145
f 3662/4859/2185 3696/4856/2182 3688/4810/2141 3652/4867/2192
usemtl Blue.001
f 3611/4759/2090 3597/4793/2124 3598/4725/2056 3612/4724/2055
f 3683/4825/2156 3684/4728/2059 3670/4731/2062 3669/4860/2186
o Cylinder.080_Cylinder.095
v -1.402330 0.042911 1.091449
v -1.231268 0.042911 1.176980
v -1.402330 0.103391 1.116501
v -1.402330 0.128442 1.176980
v -1.402330 0.103391 1.237460
v -1.402330 0.042911 1.262511
v -1.402330 -0.017568 1.237460
v -1.402330 -0.042620 1.176980
v -1.402330 -0.017568 1.116501
v -1.231268 0.103391 1.116501
v -1.231268 0.042911 1.091449
v -1.231268 0.128442 1.176980
v -1.231268 0.103391 1.237460
v -1.231268 0.042911 1.262511
v -1.231268 -0.017568 1.237460
v -1.231268 -0.042620 1.176980
v -1.231268 -0.017568 1.116501
v -1.402330 0.042911 0.761169
v -1.231268 0.042911 0.846700
v -1.402330 0.103391 0.786221
v -1.402330 0.128442 0.846700
v -1.402330 0.103391 0.907180
v -1.402330 0.042911 0.932231
v -1.402330 -0.017568 0.907180
v -1.402330 -0.042620 0.846700
v -1.402330 -0.017568 0.786221
v -1.231268 0.103391 0.786221
v -1.231268 0.042911 0.761169
v -1.231268 0.128442 0.846700
v -1.231268 0.103391 0.907180
v -1.231268 0.042911 0.932231
v -1.231268 -0.017568 0.907180
v -1.231268 -0.042620 0.846700
v -1.231268 -0.017568 0.786221
v 1.402330 0.042911 1.091449
v 1.231267 0.042911 1.176980
v 1.402330 0.103391 1.116500
v 1.402330 0.128442 1.176980
v 1.402330 0.103391 1.237460
v 1.402330 0.042911 1.262511
v 1.402330 -0.017568 1.237460
v 1.402330 -0.042620 1.176980
v 1.402330 -0.017568 1.116500
v 1.231268 0.103391 1.116500
v 1.231268 0.042911 1.091449
v 1.231268 0.128442 1.176980
v 1.231268 0.103391 1.237460
v 1.231268 0.042911 1.262511
v 1.231268 -0.017568 1.237460
v 1.231268 -0.042620 1.176980
v 1.231268 -0.017568 1.116500
v 1.402330 0.042911 0.761169
v 1.231267 0.042911 0.846700
v 1.402330 0.103391 0.786220
v 1.402330 0.128442 0.846700
v 1.402330 0.103391 0.907179
v 1.402330 0.042911 0.932231
v 1.402330 -0.017568 0.907179
v 1.402330 -0.042620 0.846700
v 1.402330 -0.017568 0.786220
v 1.231268 0.103391 0.786220
v 1.231268 0.042911 0.761169
v 1.231268 0.128442 0.846700
v 1.231268 0.103391 0.907179
v 1.231268 0.042911 0.932231
v 1.231268 -0.017568 0.907179
v 1.231268 -0.042620 0.846700
v 1.231268 -0.017568 0.786220
vt 1.000000 0.500000
vt 0.875000 0.500000
vt 0.875000 1.000000
vt 1.000000 1.000000
vt 0.750000 0.500000
vt 0.750000 1.000000
vt 0.625000 0.500000
vt 0.625000 1.000000
vt 0.500000 0.500000
vt 0.500000 1.000000
vt 0.375000 0.500000
vt 0.375000 1.000000
vt 0.250000 0.500000
vt 0.250000 1.000000
vt 0.125000 0.500000
vt 0.125000 1.000000
vt 0.351441 0.351441
vt 0.250000 0.490000
vt 0.419706 0.419706
vt 0.393459 0.250000
vt 0.490000 0.250000
vt 0.351441 0.148559
vt 0.419706 0.080294
vt 0.250000 0.106541
vt 0.250000 0.010000
vt 0.148559 0.148559
vt 0.080294 0.080294
vt 0.106541 0.250000
vt 0.010000 0.250000
vt 0.148559 0.351441
vt 0.080294 0.419706
vt 0.250000 0.393459
vt 0.000000 0.500000
vt 0.000000 1.000000
vt 1.000000 0.500000
vt 0.875000 0.500000
vt 0.875000 1.000000
vt 1.000000 1.000000
vt 0.750000 0.500000
vt 0.750000 1.000000
vt 0.625000 0.500000
vt 0.625000 1.000000
vt 0.500000 0.500000
vt 0.500000 1.000000
vt 0.375000 0.500000
vt 0.375000 1.000000
vt 0.250000 0.500000
vt 0.250000 1.000000
vt 0.125000 0.500000
vt 0.125000 1.000000
vt 0.351441 0.351441
vt 0.250000 0.490000
vt 0.419706 0.419706
vt 0.393459 0.250000
vt 0.490000 0.250000
vt 0.351441 0.148559
vt 0.419706 0.080294
vt 0.250000 0.106541
vt 0.250000 0.010000
vt 0.148559 0.148559
vt 0.080294 0.080294
vt 0.106541 0.250000
vt 0.010000 0.250000
vt 0.148559 0.351441
vt 0.080294 0.419706
vt 0.250000 0.393459
vt 0.000000 0.500000
vt 0.000000 1.000000
vt 1.000000 0.500000
vt 1.000000 1.000000
vt 0.875000 1.000000
vt 0.875000 0.500000
vt 0.750000 1.000000
vt 0.750000 0.500000
vt 0.625000 1.000000
vt 0.625000 0.500000
vt 0.500000 1.000000
vt 0.500000 0.500000
vt 0.375000 1.000000
vt 0.375000 0.500000
vt 0.250000 1.000000
vt 0.250000 0.500000
vt 0.125000 1.000000
vt 0.125000 0.500000
vt 0.351441 0.351441
vt 0.419706 0.419706
vt 0.250000 0.490000
vt 0.393459 0.250000
vt 0.490000 0.250000
vt 0.351441 0.148559
vt 0.419706 0.080294
vt 0.250000 0.106541
vt 0.250000 0.010000
vt 0.148559 0.148559
vt 0.080294 0.080294
vt 0.106541 0.250000
vt 0.010000 0.250000
vt 0.148559 0.351441
vt 0.080294 0.419706
vt 0.250000 0.393459
vt 0.000000 1.000000
vt 0.000000 0.500000
vt 1.000000 0.500000
vt 1.000000 1.000000
vt 0.875000 1.000000
vt 0.875000 0.500000
vt 0.750000 1.000000
vt 0.750000 0.500000
vt 0.625000 1.000000
vt 0.625000 0.500000
vt 0.500000 1.000000
vt 0.500000 0.500000
vt 0.375000 1.000000
vt 0.375000 0.500000
vt 0.250000 1.000000
vt 0.250000 0.500000
vt 0.125000 1.000000
vt 0.125000 0.500000
vt 0.351441 0.351441
vt 0.419706 0.419706
vt 0.250000 0.490000
vt 0.393459 0.250000
vt 0.490000 0.250000
vt 0.351441 0.148559
vt 0.419706 0.080294
vt 0.250000 0.106541
vt 0.250000 0.010000
vt 0.148559 0.148559
vt 0.080294 0.080294
vt 0.106541 0.250000
vt 0.010000 0.250000
vt 0.148559 0.351441
vt 0.080294 0.419706
vt 0.250000 0.393459
vt 0.000000 1.000000
vt 0.000000 0.500000
vn 0.0000 0.0000 -1.0000
vn 0.0000 0.7071 -0.7071
vn 0.6302 0.5490 -0.5490
vn 0.6302 0.0000 -0.7764
vn 0.0000 1.0000 0.0000
vn 0.6302 0.7764 0.0000
vn 0.0000 0.7071 0.7071
vn 0.6302 0.5490 0.5490
vn 0.0000 0.0000 1.0000
vn 0.6302 0.0000 0.7764
vn 0.0000 -0.7071 0.7071
vn 0.6302 -0.5490 0.5490
vn 0.0000 -1.0000 0.0000
vn 0.6302 -0.7764 0.0000
vn 0.0000 -0.7071 -0.7071
vn 0.6302 -0.5490 -0.5490
vn 1.0000 0.0000 0.0000
vn -0.6302 0.0000 -0.7764
vn -0.6302 0.5490 -0.5490
vn -0.6302 0.7764 0.0000
vn -0.6302 0.5490 0.5490
vn -0.6302 0.0000 0.7764
vn -0.6302 -0.5490 0.5490
vn -0.6302 -0.7764 0.0000
vn -0.6302 -0.5490 -0.5490
vn -1.0000 0.0000 0.0000
usemtl Gold
s 1
f 3707/4868/2193 3709/4869/2194 3716/4870/2195 3717/4871/2196
f 3709/4869/2194 3710/4872/2197 3718/4873/2198 3716/4870/2195
f 3710/4872/2197 3711/4874/2199 3719/4875/2200 3718/4873/2198
f 3711/4874/2199 3712/4876/2201 3720/4877/2202 3719/4875/2200
f 3712/4876/2201 3713/4878/2203 3721/4879/2204 3720/4877/2202
f 3713/4878/2203 3714/4880/2205 3722/4881/2206 3721/4879/2204
f 3714/4880/2205 3715/4882/2207 3723/4883/2208 3722/4881/2206
f 3708/4884/2209 3717/4885/2196 3716/4886/2195
f 3708/4887/2209 3716/4886/2195 3718/4888/2198
f 3708/4889/2209 3718/4888/2198 3719/4890/2200
f 3708/4891/2209 3719/4890/2200 3720/4892/2202
f 3708/4893/2209 3720/4892/2202 3721/4894/2204
f 3708/4895/2209 3721/4894/2204 3722/4896/2206
f 3708/4897/2209 3722/4896/2206 3723/4898/2208
f 3708/4899/2209 3723/4898/2208 3717/4885/2196
f 3715/4882/2207 3707/4900/2193 3717/4901/2196 3723/4883/2208
f 3724/4902/2193 3726/4903/2194 3733/4904/2195 3734/4905/2196
f 3726/4903/2194 3727/4906/2197 3735/4907/2198 3733/4904/2195
f 3727/4906/2197 3728/4908/2199 3736/4909/2200 3735/4907/2198
f 3728/4908/2199 3729/4910/2201 3737/4911/2202 3736/4909/2200
f 3729/4910/2201 3730/4912/2203 3738/4913/2204 3737/4911/2202
f 3730/4912/2203 3731/4914/2205 3739/4915/2206 3738/4913/2204
f 3731/4914/2205 3732/4916/2207 3740/4917/2208 3739/4915/2206
f 3725/4918/2209 3734/4919/2196 3733/4920/2195
f 3725/4921/2209 3733/4920/2195 3735/4922/2198
f 3725/4923/2209 3735/4922/2198 3736/4924/2200
f 3725/4925/2209 3736/4924/2200 3737/4926/2202
f 3725/4927/2209 3737/4926/2202 3738/4928/2204
f 3725/4929/2209 3738/4928/2204 3739/4930/2206
f 3725/4931/2209 3739/4930/2206 3740/4932/2208
f 3725/4933/2209 3740/4932/2208 3734/4919/2196
f 3732/4916/2207 3724/4934/2193 3734/4935/2196 3740/4917/2208
f 3741/4936/2193 3751/4937/2210 3750/4938/2211 3743/4939/2194
f 3743/4939/2194 3750/4938/2211 3752/4940/2212 3744/4941/2197
f 3744/4941/2197 3752/4940/2212 3753/4942/2213 3745/4943/2199
f 3745/4943/2199 3753/4942/2213 3754/4944/2214 3746/4945/2201
f 3746/4945/2201 3754/4944/2214 3755/4946/2215 3747/4947/2203
f 3747/4947/2203 3755/4946/2215 3756/4948/2216 3748/4949/2205
f 3748/4949/2205 3756/4948/2216 3757/4950/2217 3749/4951/2207
f 3742/4952/2218 3750/4953/2211 3751/4954/2210
f 3742/4955/2218 3752/4956/2212 3750/4953/2211
f 3742/4957/2218 3753/4958/2213 3752/4956/2212
f 3742/4959/2218 3754/4960/2214 3753/4958/2213
f 3742/4961/2218 3755/4962/2215 3754/4960/2214
f 3742/4963/2218 3756/4964/2216 3755/4962/2215
f 3742/4965/2218 3757/4966/2217 3756/4964/2216
f 3742/4967/2218 3751/4954/2210 3757/4966/2217
f 3749/4951/2207 3757/4950/2217 3751/4968/2210 3741/4969/2193
f 3758/4970/2193 3768/4971/2210 3767/4972/2211 3760/4973/2194
f 3760/4973/2194 3767/4972/2211 3769/4974/2212 3761/4975/2197
f 3761/4975/2197 3769/4974/2212 3770/4976/2213 3762/4977/2199
f 3762/4977/2199 3770/4976/2213 3771/4978/2214 3763/4979/2201
f 3763/4979/2201 3771/4978/2214 3772/4980/2215 3764/4981/2203
f 3764/4981/2203 3772/4980/2215 3773/4982/2216 3765/4983/2205
f 3765/4983/2205 3773/4982/2216 3774/4984/2217 3766/4985/2207
f 3759/4986/2218 3767/4987/2211 3768/4988/2210
f 3759/4989/2218 3769/4990/2212 3767/4987/2211
f 3759/4991/2218 3770/4992/2213 3769/4990/2212
f 3759/4993/2218 3771/4994/2214 3770/4992/2213
f 3759/4995/2218 3772/4996/2215 3771/4994/2214
f 3759/4997/2218 3773/4998/2216 3772/4996/2215
f 3759/4999/2218 3774/5000/2217 3773/4998/2216
f 3759/5001/2218 3768/4988/2210 3774/5000/2217
f 3766/4985/2207 3774/4984/2217 3768/5002/2210 3758/5003/2193
o Cube.040
v 0.041600 -0.971499 -2.050365
v -0.041600 -1.004655 -2.058128
v 0.041600 -0.728846 -2.110351
v -0.041600 -0.734152 -2.124998
v 0.041600 -0.462254 -2.377712
v -0.041600 -0.471928 -2.387980
v 0.041600 -0.551060 -1.821622
v -0.041600 -0.552627 -1.804398
v 0.041600 -0.269953 -2.832575
v -0.041600 -0.311991 -1.715389
v -0.041600 -0.281609 -2.838153
v 0.041600 -0.313179 -1.731424
v 0.041600 -0.120619 -3.618249
v -0.041600 -0.075059 -1.672879
v -0.041600 -0.110174 -3.743614
v 0.041600 -0.087690 -1.690966
v -0.041600 -0.482836 -2.399558
v -0.041600 -0.740136 -2.141515
v -0.041600 -1.042043 -2.066881
v -0.041600 -0.294753 -2.844443
v -0.041600 -0.554394 -1.784976
v -0.041600 -0.310651 -1.697309
v -0.041600 -0.098397 -3.884978
v -0.041600 -0.060817 -1.652483
v 0.041600 -0.060817 -1.652483
v 0.041600 -0.098397 -3.884978
v 0.000000 -0.757907 -2.190564
v 0.000000 -1.083902 -2.076680
v -0.000000 -0.559272 -1.731347
v -0.000000 -0.515476 -2.434202
v -0.000000 -0.334577 -2.863501
v -0.000000 -0.306669 -1.643564
v -0.000000 -0.093925 -3.938663
v -0.000000 -0.032599 -1.612073
v 0.036849 -0.057595 -1.647868
v 0.036849 -0.097887 -3.891109
v 0.036849 -0.310196 -1.691171
v 0.036849 -0.299301 -2.846619
v 0.036849 -0.486563 -2.403514
v 0.036849 -0.554951 -1.778851
v 0.036849 -1.046824 -2.068000
v 0.036849 -0.742166 -2.147116
v -0.035144 -0.742894 -2.149127
v -0.035144 -1.048540 -2.068402
v -0.035144 -0.555151 -1.776653
v -0.035144 -0.487901 -2.404935
v -0.035144 -0.300934 -2.847401
v -0.035144 -0.310033 -1.688968
v -0.035144 -0.097703 -3.893310
v -0.035144 -0.056438 -1.646212
v 0.036849 -1.035164 -2.058685
v 0.000000 -1.070580 -2.065275
v -0.041600 -1.033242 -2.059919
v -0.035144 -1.035601 -2.058028
v 0.036849 -1.035208 -2.071016
v 0.000000 -1.068224 -2.082158
v -0.035144 -1.031134 -2.072999
v -0.041600 -1.031850 -2.069401
vt 0.605600 0.412298
vt 0.605600 0.500000
vt 0.625000 0.500000
vt 0.625000 0.412298
vt 0.605600 0.735763
vt 0.625000 0.741559
vt 0.277070 0.521097
vt 0.287412 0.737182
vt 0.368356 0.720978
vt 0.359098 0.548124
vt 0.634056 0.527409
vt 0.628465 0.734449
vt 0.712642 0.743207
vt 0.718153 0.511313
vt 0.201309 0.518377
vt 0.207583 0.741781
vt 0.605600 0.750000
vt 0.605600 0.752300
vt 0.625000 0.751583
vt 0.625000 0.750000
vt 0.605600 0.331963
vt 0.625000 0.331963
vt 0.605600 0.284467
vt 0.625000 0.284467
vt 0.165334 0.515676
vt 0.164530 0.745168
vt 0.792709 0.745653
vt 0.796039 0.509839
vt 0.712702 0.750000
vt 0.793037 0.750000
vt 0.837851 0.747470
vt 0.837423 0.508300
vt 0.605600 0.918037
vt 0.605600 0.965533
vt 0.625000 0.965533
vt 0.625000 0.918037
vt 0.712702 0.500000
vt 0.793037 0.500000
vt 0.626583 0.750000
vt 0.840533 0.500000
vt 0.840533 0.750000
vt 0.389275 0.752079
vt 0.389275 0.750000
vt 0.389275 0.412298
vt 0.389275 0.331963
vt 0.159467 0.750000
vt 0.389275 0.965533
vt 0.389275 0.918037
vt 0.375000 0.284467
vt 0.389275 0.284467
vt 0.389275 0.740469
vt 0.159467 0.500000
vt 0.389275 0.837702
vt 0.500000 0.837702
vt 0.500000 0.752227
vt 0.500000 0.965533
vt 0.500000 0.918037
vt 0.500000 0.331963
vt 0.500000 0.284467
vt 0.500000 0.412298
vt 0.500000 0.750000
vt 0.389275 0.500000
vt 0.500000 0.737976
vt 0.500000 0.500000
vt 0.625000 0.837702
vt 0.605600 0.837702
vn -0.7447 -0.5554 -0.3699
vn -0.7217 -0.3404 -0.6027
vn -0.9488 -0.1445 -0.2808
vn -0.9484 -0.2598 -0.1817
vn -0.5968 -0.2172 -0.7724
vn -0.8793 -0.1185 -0.4613
vn 0.9982 -0.0487 -0.0344
vn 0.9974 -0.0317 0.0643
vn 0.9988 -0.0472 0.0068
vn 0.9980 -0.0294 -0.0551
vn -1.0000 0.0000 0.0000
vn 0.9973 -0.0709 -0.0210
vn 0.9978 -0.0199 0.0632
vn -0.7273 -0.6754 -0.1217
vn -0.5362 -0.4792 0.6948
vn -0.8676 -0.2805 0.4105
vn -0.8411 -0.5314 -0.1003
vn -0.6240 -0.7495 -0.2210
vn -0.9158 -0.3848 -0.1150
vn -0.5095 -0.8428 -0.1732
vn -0.5604 -0.8134 -0.1558
vn 0.9963 -0.0844 -0.0150
vn 0.9987 -0.0117 0.0482
vn -0.9121 -0.1815 0.3674
vn -0.9302 -0.0974 0.3538
vn -0.7517 -0.1605 0.6397
vn -0.7277 -0.1026 0.6782
vn -0.8925 -0.0773 0.4443
vn 0.8391 -0.3092 0.4475
vn 0.8304 -0.5496 -0.0909
vn 0.9210 -0.3215 -0.2197
vn 0.8778 -0.4586 -0.1382
vn 0.9943 -0.0250 0.1033
vn 0.8483 -0.0786 0.5237
vn 0.9071 -0.1067 0.4071
vn 0.9854 -0.1673 -0.0298
vn 0.6497 -0.7444 -0.1540
vn 0.8684 -0.1427 -0.4748
vn 0.8806 -0.2141 0.4226
vn 0.0003 -0.4243 0.9055
vn 0.0009 -0.6112 0.7914
vn -0.0002 -0.1400 0.9901
vn -0.0001 -0.2185 0.9758
vn -0.0001 -0.9593 -0.2822
vn -0.0002 -0.9789 -0.2045
vn 0.0000 -0.8428 -0.5382
vn 0.0006 -0.9775 -0.2108
vn 0.9226 -0.1892 -0.3362
vn 0.0036 -0.2940 -0.9558
vn -0.0006 -0.5242 -0.8516
vn -0.6988 -0.3138 0.6428
usemtl DarkPorple
s 1
f 3820/5004/2219 3817/5005/2220 3792/5006/2221 3791/5007/2222
f 3817/5005/2220 3831/5008/2223 3832/5009/2224 3792/5006/2221
f 3779/5010/2225 3781/5011/2226 3775/5012/2227 3777/5013/2228
f 3778/5014/2229 3776/5015/2229 3782/5016/2229 3780/5017/2229
f 3783/5018/2230 3786/5019/2231 3781/5011/2226 3779/5010/2225
f 3818/5020/2232 3828/5021/2233 3827/5022/2234 3793/5023/2235
f 3821/5024/2236 3820/5004/2219 3791/5007/2222 3794/5025/2237
f 3823/5026/2238 3821/5024/2236 3794/5025/2237 3797/5027/2239
f 3787/5028/2240 3790/5029/2241 3786/5019/2231 3783/5018/2230
f 3780/5017/2229 3782/5016/2229 3784/5030/2229 3785/5031/2229
f 3782/5016/2229 3795/5032/2242 3796/5033/2243 3784/5030/2229
f 3785/5031/2229 3784/5030/2229 3788/5034/2229 3789/5035/2229
f 3822/5036/2244 3824/5037/2245 3798/5038/2246 3796/5039/2243
f 3780/5017/2229 3791/5040/2222 3792/5006/2221 3778/5014/2229
f 3778/5014/2229 3792/5006/2221 3832/5009/2224 3776/5015/2229
f 3785/5031/2229 3794/5041/2237 3791/5040/2222 3780/5017/2229
f 3776/5015/2229 3793/5023/2235 3827/5042/2234
f 3789/5035/2229 3797/5043/2239 3794/5041/2237 3785/5031/2229
f 3784/5030/2229 3796/5033/2243 3798/5044/2246 3788/5034/2229
f 3788/5034/2229 3798/5044/2246 3797/5043/2239 3789/5035/2229
f 3775/5012/2227 3825/5045/2247 3815/5046/2248
f 3783/5018/2230 3779/5010/2225 3813/5047/2249 3812/5048/2250
f 3786/5019/2231 3790/5029/2241 3799/5049/2251 3809/5050/2252 3811/5051/2253
f 3800/5052/2254 3787/5028/2240 3783/5018/2230 3812/5048/2250 3810/5053/2255
f 3775/5012/2227 3815/5046/2248 3829/5054/2256
f 3787/5028/2240 3800/5055/2254 3799/5049/2251 3790/5029/2241
f 3825/5045/2247 3814/5056/2257 3803/5057/2258 3826/5058/2259
f 3811/5051/2253 3809/5050/2252 3808/5059/2260 3806/5060/2261
f 3810/5053/2255 3812/5048/2250 3805/5061/2262 3807/5062/2263
f 3812/5048/2250 3813/5047/2249 3804/5063/2264 3805/5061/2262
f 3815/5046/2248 3825/5045/2247 3826/5058/2259 3802/5064/2265
f 3816/5065/2266 3829/5054/2256 3830/5066/2267 3801/5067/2268
f 3779/5010/2225 3777/5013/2228 3816/5065/2266 3813/5047/2249
f 3795/5068/2242 3827/5022/2234 3828/5021/2233 3819/5069/2269
f 3811/5051/2253 3814/5056/2257 3781/5011/2226 3786/5019/2231
f 3782/5016/2229 3776/5015/2229 3827/5042/2234 3795/5032/2242
f 3814/5056/2257 3825/5045/2247 3775/5012/2227 3781/5011/2226
f 3831/5008/2223 3818/5020/2232 3793/5023/2235 3832/5009/2224
f 3832/5009/2224 3793/5023/2235 3776/5015/2229
f 3813/5047/2249 3816/5065/2266 3801/5067/2268 3804/5063/2264
f 3829/5054/2256 3815/5046/2248 3802/5064/2265 3830/5066/2267
f 3796/5039/2243 3795/5068/2242 3819/5069/2269 3822/5036/2244
f 3777/5013/2228 3775/5012/2227 3829/5054/2256 3816/5065/2266
usemtl Gold.002
f 3806/5060/2261 3808/5059/2260 3824/5037/2245 3822/5036/2244
f 3806/5060/2261 3822/5036/2244 3819/5069/2269 3803/5057/2258
f 3807/5062/2263 3805/5061/2262 3821/5024/2236 3823/5026/2238
f 3805/5061/2262 3804/5063/2264 3820/5004/2219 3821/5024/2236
f 3802/5064/2265 3826/5058/2259 3828/5021/2233 3818/5020/2232
f 3801/5067/2268 3830/5066/2267 3831/5008/2223 3817/5005/2220
f 3804/5063/2264 3801/5067/2268 3817/5005/2220 3820/5004/2219
f 3803/5057/2258 3819/5069/2269 3828/5021/2233 3826/5058/2259
f 3806/5060/2261 3803/5057/2258 3814/5056/2257 3811/5051/2253
f 3830/5066/2267 3802/5064/2265 3818/5020/2232 3831/5008/2223
o Cube.042
v -1.621015 -0.311688 1.455315
v -1.621015 0.422102 1.455315
v -1.621015 -0.290470 1.070387
v -1.621015 0.400884 1.070387
v -1.621015 -0.290470 1.433849
v -1.621015 0.400884 1.433849
v -1.621015 -0.311688 1.483058
v -1.621015 0.422102 1.483058
v -1.682308 -0.272950 1.433849
v -1.682308 -0.294168 1.455315
v -1.682308 0.405395 1.455315
v -1.682308 0.384177 1.070387
v -1.682308 -0.272950 1.070387
v -1.682308 0.384177 1.433849
v -1.682308 -0.294168 1.483058
v -1.682308 0.405395 1.483058
v -1.671424 0.387240 1.433849
v -1.671424 0.408458 1.455315
v -1.671424 0.387240 1.070387
v -1.671424 0.408458 1.483058
v -1.579194 -0.311688 1.455315
v -1.579194 0.422102 1.455315
v -1.579194 -0.290470 1.070387
v -1.579194 0.400884 1.070387
v -1.600104 -0.300504 1.117859
v -1.600104 0.409147 1.117859
v -1.600104 -0.322340 1.455315
v -1.600104 0.430982 1.455315
v -1.579194 -0.290470 1.433849
v -1.579194 0.400884 1.433849
v -1.600104 0.409147 1.433849
v -1.600104 -0.300504 1.433849
v -1.579194 -0.311688 1.483058
v -1.579194 0.422102 1.483058
v -1.600104 -0.322340 1.483058
v -1.600104 0.430982 1.483058
v -1.517901 -0.272950 1.433849
v -1.517901 -0.294168 1.455315
v -1.517901 0.405395 1.455315
v -1.517901 0.384177 1.070387
v -1.517901 -0.272950 1.070387
v -1.517901 0.384177 1.433849
v -1.517901 -0.294168 1.483058
v -1.517901 0.405395 1.483058
v -1.528785 0.387240 1.433849
v -1.528785 0.408458 1.455315
v -1.528785 0.387240 1.070387
v -1.528785 0.408458 1.483058
v 1.621015 -0.311688 1.455315
v 1.621015 0.422102 1.455315
v 1.621015 -0.290470 1.070387
v 1.621015 0.400884 1.070387
v 1.621015 -0.290470 1.433850
v 1.621015 0.400884 1.433850
v 1.621015 -0.311688 1.483058
v 1.621015 0.422102 1.483058
v 1.682308 -0.272950 1.433850
v 1.682308 -0.294168 1.455315
v 1.682308 0.405395 1.455315
v 1.682308 0.384177 1.070387
v 1.682308 -0.272950 1.070387
v 1.682308 0.384177 1.433850
v 1.682308 -0.294168 1.483058
v 1.682308 0.405395 1.483058
v 1.671424 0.387240 1.433850
v 1.671424 0.408458 1.455315
v 1.671424 0.387240 1.070387
v 1.671424 0.408458 1.483058
v 1.579194 -0.311688 1.455315
v 1.579194 0.422102 1.455315
v 1.579194 -0.290470 1.070387
v 1.579194 0.400884 1.070387
v 1.600105 -0.300504 1.117859
v 1.600105 0.409147 1.117859
v 1.600105 -0.322340 1.455315
v 1.600105 0.430982 1.455315
v 1.579194 -0.290470 1.433850
v 1.579194 0.400884 1.433850
v 1.600105 0.409147 1.433850
v 1.600105 -0.300504 1.433850
v 1.579194 -0.311688 1.483058
v 1.579194 0.422102 1.483058
v 1.600105 -0.322340 1.483058
v 1.600105 0.430982 1.483058
v 1.517901 -0.272950 1.433850
v 1.517901 -0.294168 1.455315
v 1.517901 0.405395 1.455315
v 1.517901 0.384177 1.070387
v 1.517901 -0.272950 1.070387
v 1.517901 0.384177 1.433850
v 1.517901 -0.294168 1.483058
v 1.517901 0.405395 1.483058
v 1.528785 0.387240 1.433850
v 1.528785 0.408458 1.455315
v 1.528785 0.387240 1.070387
v 1.528785 0.408458 1.483058
vt 0.125000 0.697326
vt 0.250000 0.697326
vt 0.250000 0.750000
vt 0.125000 0.750000
vt 0.375000 0.052674
vt 0.625000 0.052674
vt 0.625000 0.250000
vt 0.375000 0.250000
vt 0.750000 0.697326
vt 0.875000 0.697326
vt 0.875000 0.750000
vt 0.750000 0.750000
vt 0.125000 0.500000
vt 0.250000 0.500000
vt 0.875000 0.750000
vt 0.750000 0.750000
vt 0.750000 0.500000
vt 0.875000 0.500000
vt 0.875000 0.697326
vt 0.875000 0.500000
vt 0.875000 0.500000
vt 0.875000 0.697326
vt 0.375000 0.000000
vt 0.625000 0.000000
vt 0.875000 0.750000
vt 0.875000 0.750000
vt 0.125000 0.697326
vt 0.125000 0.500000
vt 0.875000 0.750000
vt 0.875000 0.750000
vt 0.250000 0.750000
vt 0.125000 0.750000
vt 0.375000 0.000000
vt 0.625000 0.000000
vt 0.125000 0.697326
vt 0.125000 0.750000
vt 0.375000 0.052674
vt 0.375000 0.250000
vt 0.625000 0.250000
vt 0.625000 0.052674
vt 0.875000 0.750000
vt 0.875000 0.697326
vt 0.125000 0.500000
vt 0.875000 0.750000
vt 0.875000 0.500000
vt 0.875000 0.697326
vt 0.875000 0.697326
vt 0.875000 0.500000
vt 0.875000 0.500000
vt 0.375000 0.000000
vt 0.625000 0.000000
vt 0.875000 0.750000
vt 0.875000 0.750000
vt 0.125000 0.697326
vt 0.125000 0.500000
vt 0.875000 0.750000
vt 0.875000 0.750000
vt 0.125000 0.750000
vt 0.625000 0.000000
vt 0.375000 0.000000
vt 0.125000 0.697326
vt 0.125000 0.750000
vt 0.250000 0.750000
vt 0.250000 0.697326
vt 0.375000 0.052674
vt 0.375000 0.250000
vt 0.625000 0.250000
vt 0.625000 0.052674
vt 0.750000 0.697326
vt 0.750000 0.750000
vt 0.875000 0.750000
vt 0.875000 0.697326
vt 0.125000 0.500000
vt 0.250000 0.500000
vt 0.750000 0.750000
vt 0.875000 0.750000
vt 0.750000 0.500000
vt 0.875000 0.500000
vt 0.875000 0.697326
vt 0.875000 0.697326
vt 0.875000 0.500000
vt 0.875000 0.500000
vt 0.375000 0.000000
vt 0.625000 0.000000
vt 0.875000 0.750000
vt 0.875000 0.750000
vt 0.125000 0.697326
vt 0.125000 0.500000
vt 0.875000 0.750000
vt 0.875000 0.750000
vt 0.125000 0.750000
vt 0.250000 0.750000
vt 0.625000 0.000000
vt 0.375000 0.000000
vt 0.125000 0.697326
vt 0.125000 0.750000
vt 0.375000 0.052674
vt 0.625000 0.052674
vt 0.625000 0.250000
vt 0.375000 0.250000
vt 0.875000 0.697326
vt 0.875000 0.750000
vt 0.125000 0.500000
vt 0.875000 0.750000
vt 0.875000 0.500000
vt 0.875000 0.697326
vt 0.875000 0.500000
vt 0.875000 0.500000
vt 0.875000 0.697326
vt 0.375000 0.000000
vt 0.625000 0.000000
vt 0.875000 0.750000
vt 0.875000 0.750000
vt 0.125000 0.697326
vt 0.125000 0.500000
vt 0.875000 0.750000
vt 0.875000 0.750000
vt 0.125000 0.750000
vt 0.375000 0.000000
vt 0.625000 0.000000
vt 0.125000 0.750000
vt 0.125000 0.750000
vt 0.125000 0.750000
vt 0.125000 0.750000
vt 0.125000 0.750000
vt 0.125000 0.750000
vt 0.125000 0.750000
vt 0.125000 0.750000
vn -0.3283 -0.8733 -0.3599
vn 0.0000 -0.9045 -0.4264
vn 0.0000 -0.9371 -0.3491
vn -0.3434 -0.8623 -0.3722
vn -0.8681 -0.4633 -0.1779
vn -0.8673 0.4647 -0.1786
vn -0.7971 0.6038 0.0000
vn -0.7984 -0.6021 0.0000
vn 0.0000 0.9080 -0.4190
vn -0.2923 0.8839 -0.3650
vn -0.3042 0.8760 -0.3742
vn 0.0000 0.9355 -0.3534
vn -0.3110 -0.9504 0.0000
vn 0.0000 -1.0000 0.0000
vn -0.3268 0.9451 0.0000
vn 0.0000 1.0000 0.0000
vn -0.2849 0.9585 0.0000
vn -0.2472 0.8947 -0.3719
vn -0.2661 0.9639 0.0000
vn -0.7238 -0.6307 -0.2798
vn -0.7225 0.6320 -0.2801
vn -0.2468 0.8951 -0.3711
vn -0.3660 -0.9306 0.0000
vn 0.3283 -0.8733 -0.3599
vn 0.3434 -0.8623 -0.3722
vn 0.8681 -0.4633 -0.1779
vn 0.7984 -0.6021 0.0000
vn 0.7971 0.6038 0.0000
vn 0.8673 0.4647 -0.1786
vn 0.3042 0.8760 -0.3742
vn 0.2923 0.8839 -0.3650
vn 0.3110 -0.9504 0.0000
vn 0.3268 0.9451 0.0000
vn 0.2849 0.9585 0.0000
vn 0.2472 0.8947 -0.3719
vn 0.2661 0.9639 0.0000
vn 0.7238 -0.6307 -0.2798
vn 0.7225 0.6321 -0.2801
vn 0.2468 0.8951 -0.3711
vn 0.3660 -0.9306 0.0000
vn 0.7225 0.6320 -0.2801
vn -0.7225 0.6321 -0.2801
usemtl Gold
s 1
f 3837/5070/2270 3864/5071/2271 3859/5072/2272 3833/5073/2273
f 3841/5074/2274 3846/5075/2275 3844/5076/2276 3845/5077/2277
f 3863/5078/2278 3838/5079/2279 3834/5080/2280 3860/5081/2281
f 3835/5082/2282 3857/5083/2283 3864/5071/2271 3837/5070/2270
f 3834/5080/2280 3840/5084/2284 3868/5085/2285 3860/5081/2281
f 3858/5086/2285 3836/5087/2286 3838/5079/2279 3863/5078/2278
f 3849/5088/2287 3851/5089/2288 3844/5090/2276 3846/5091/2275
f 3842/5092/2289 3843/5093/2290 3846/5075/2275 3841/5074/2274
f 3850/5094/2291 3849/5088/2287 3846/5091/2275 3843/5095/2290
f 3841/5096/2274 3845/5097/2277 3835/5082/2282 3837/5070/2270
f 3852/5098/2288 3850/5094/2291 3843/5095/2290 3848/5099/2276
f 3833/5073/2273 3859/5072/2272 3867/5100/2283 3839/5101/2292
f 3843/5093/2290 3842/5092/2289 3847/5102/2277 3848/5103/2276
f 3861/5104/2293 3853/5105/2294 3859/5072/2272 3864/5071/2271
f 3869/5106/2295 3873/5107/2296 3872/5108/2297 3874/5109/2298
f 3863/5078/2278 3860/5081/2281 3854/5110/2299 3862/5111/2300
f 3855/5112/2301 3861/5104/2293 3864/5071/2271 3857/5083/2283
f 3854/5110/2299 3860/5081/2281 3868/5085/2285 3866/5113/2302
f 3858/5086/2285 3863/5078/2278 3862/5111/2300 3856/5114/2303
f 3877/5115/2304 3874/5116/2298 3872/5117/2297 3879/5118/2305
f 3870/5119/2306 3869/5106/2295 3874/5109/2298 3871/5120/2307
f 3878/5121/2308 3871/5122/2307 3874/5116/2298 3877/5115/2304
f 3869/5123/2295 3861/5104/2293 3855/5112/2301 3873/5124/2296
f 3880/5125/2305 3876/5126/2297 3871/5122/2307 3878/5121/2308
f 3853/5105/2294 3865/5127/2309 3867/5100/2283 3859/5072/2272
f 3871/5120/2307 3876/5128/2297 3875/5129/2296 3870/5119/2306
f 3885/5130/2293 3881/5131/2294 3907/5132/2272 3912/5133/2271
f 3889/5134/2295 3893/5135/2296 3892/5136/2297 3894/5137/2298
f 3911/5138/2278 3908/5139/2281 3882/5140/2299 3886/5141/2300
f 3883/5142/2301 3885/5130/2293 3912/5133/2271 3905/5143/2283
f 3882/5140/2299 3908/5139/2281 3916/5144/2285 3888/5145/2302
f 3906/5146/2285 3911/5138/2278 3886/5141/2300 3884/5147/2303
f 3897/5148/2304 3894/5149/2298 3892/5150/2297 3899/5151/2305
f 3890/5152/2306 3889/5134/2295 3894/5137/2298 3891/5153/2310
f 3898/5154/2308 3891/5155/2310 3894/5149/2298 3897/5148/2304
f 3889/5156/2295 3885/5130/2293 3883/5142/2301 3893/5157/2296
f 3900/5158/2305 3896/5159/2297 3891/5155/2310 3898/5154/2308
f 3881/5131/2294 3887/5160/2309 3915/5161/2283 3907/5132/2272
f 3891/5153/2310 3896/5162/2297 3895/5163/2296 3890/5152/2306
f 3909/5164/2270 3912/5133/2271 3907/5132/2272 3901/5165/2273
f 3917/5166/2274 3922/5167/2275 3920/5168/2276 3921/5169/2277
f 3911/5138/2278 3910/5170/2279 3902/5171/2280 3908/5139/2281
f 3903/5172/2282 3905/5143/2283 3912/5133/2271 3909/5164/2270
f 3902/5171/2280 3914/5173/2284 3916/5144/2285 3908/5139/2281
f 3906/5146/2285 3904/5174/2286 3910/5170/2279 3911/5138/2278
f 3925/5175/2287 3927/5176/2288 3920/5177/2276 3922/5178/2275
f 3918/5179/2289 3919/5180/2311 3922/5167/2275 3917/5166/2274
f 3926/5181/2291 3925/5175/2287 3922/5178/2275 3919/5182/2311
f 3917/5183/2274 3921/5184/2277 3903/5172/2282 3909/5164/2270
f 3928/5185/2288 3926/5181/2291 3919/5182/2311 3924/5186/2276
f 3901/5165/2273 3907/5132/2272 3915/5161/2283 3913/5187/2292
f 3919/5180/2311 3918/5179/2289 3923/5188/2277 3924/5189/2276
usemtl DarkPorple
f 3840/5084/2284 3834/5080/2280 3850/5094/2291 3852/5098/2288
f 3833/5073/2273 3839/5101/2292 3847/5190/2277 3842/5191/2289
f 3836/5087/2286 3851/5089/2288 3849/5088/2287 3838/5079/2279
f 3834/5080/2280 3838/5079/2279 3849/5088/2287 3850/5094/2291
f 3837/5070/2270 3833/5073/2273 3842/5191/2289 3841/5096/2274
f 3866/5113/2302 3880/5125/2305 3878/5121/2308 3854/5110/2299
f 3853/5105/2294 3870/5192/2306 3875/5193/2296 3865/5127/2309
f 3856/5114/2303 3862/5111/2300 3877/5115/2304 3879/5118/2305
f 3854/5110/2299 3878/5121/2308 3877/5115/2304 3862/5111/2300
f 3861/5104/2293 3869/5123/2295 3870/5192/2306 3853/5105/2294
f 3888/5145/2302 3900/5158/2305 3898/5154/2308 3882/5140/2299
f 3881/5131/2294 3890/5194/2306 3895/5195/2296 3887/5160/2309
f 3884/5147/2303 3886/5141/2300 3897/5148/2304 3899/5151/2305
f 3882/5140/2299 3898/5154/2308 3897/5148/2304 3886/5141/2300
f 3885/5130/2293 3889/5156/2295 3890/5194/2306 3881/5131/2294
f 3914/5173/2284 3902/5171/2280 3926/5181/2291 3928/5185/2288
f 3901/5165/2273 3913/5187/2292 3923/5196/2277 3918/5197/2289
f 3904/5174/2286 3927/5176/2288 3925/5175/2287 3910/5170/2279
f 3902/5171/2280 3910/5170/2279 3925/5175/2287 3926/5181/2291
f 3909/5164/2270 3901/5165/2273 3918/5197/2289 3917/5183/2274
