# Blender v2.82 (sub 7) OBJ File: 'AlienStarfighter.blend'
# www.blender.org
mtllib AlienStarfighterLowPoly2.mtl
o Cube.033_Cube.047
v 1.506645 -0.211656 -2.121389
v 1.506645 -0.152482 -2.121389
v 1.506645 -0.211656 -4.262480
v 1.506645 -0.152482 -4.262480
v 1.693374 -0.211656 -2.121389
v 1.693374 -0.152482 -2.121389
v 1.693374 -0.211656 -4.262480
v 1.693374 -0.152482 -4.262480
v 1.631131 -0.198537 -4.363564
v 1.568888 -0.198537 -4.363564
v 1.568888 -0.152482 -4.363564
v 1.631131 -0.152482 -4.363564
v 1.568888 -0.211656 -2.040933
v 1.631131 -0.211656 -2.040933
v 1.631131 -0.152482 -2.040933
v 1.568888 -0.152482 -2.040933
v -1.506644 -0.211656 -2.121389
v -1.506644 -0.152482 -2.121389
v -1.506644 -0.211656 -4.262480
v -1.506644 -0.152482 -4.262480
v -1.693374 -0.211656 -2.121389
v -1.693374 -0.152482 -2.121389
v -1.693374 -0.211656 -4.262480
v -1.693374 -0.152482 -4.262480
v -1.631130 -0.198537 -4.363564
v -1.568888 -0.198537 -4.363564
v -1.568888 -0.152482 -4.363564
v -1.631130 -0.152482 -4.363564
v -1.568888 -0.211656 -2.040933
v -1.631130 -0.211656 -2.040933
v -1.631130 -0.152482 -2.040933
v -1.568888 -0.152482 -2.040933
v 1.506645 0.320298 -2.121390
v 1.506645 0.261124 -2.121390
v 1.506645 0.320298 -4.262480
v 1.506645 0.261124 -4.262480
v 1.693374 0.320298 -2.121390
v 1.693374 0.261124 -2.121390
v 1.693374 0.320298 -4.262480
v 1.693374 0.261124 -4.262480
v 1.631131 0.307179 -4.363564
v 1.568888 0.307179 -4.363564
v 1.568888 0.261124 -4.363564
v 1.631131 0.261124 -4.363564
v 1.568888 0.320298 -2.040933
v 1.631131 0.320298 -2.040933
v 1.631131 0.261124 -2.040933
v 1.568888 0.261124 -2.040933
v -1.506644 0.320298 -2.121390
v -1.506644 0.261124 -2.121390
v -1.506644 0.320298 -4.262480
v -1.506644 0.261124 -4.262480
v -1.693373 0.320298 -2.121390
v -1.693373 0.261124 -2.121390
v -1.693373 0.320298 -4.262480
v -1.693373 0.261124 -4.262480
v -1.631130 0.307179 -4.363564
v -1.568887 0.307179 -4.363564
v -1.568887 0.261124 -4.363564
v -1.631130 0.261124 -4.363564
v -1.568887 0.320298 -2.040933
v -1.631130 0.320298 -2.040933
v -1.631130 0.261124 -2.040933
v -1.568887 0.261124 -2.040933
v 0.178498 0.500263 -1.014900
v 0.328173 0.341234 -1.964880
v 0.264750 0.127047 -4.174796
v 0.262333 -0.051166 -4.161235
v 0.316104 0.500263 -0.659197
v 0.569600 0.358119 -1.169738
v 0.638247 0.152716 -1.453067
v 0.638247 -0.075265 -1.453067
v 0.381295 0.500263 -0.157649
v 0.687069 0.358119 -0.265980
v 0.856762 0.152716 -0.326099
v 0.856762 -0.075265 -0.326099
v 0.359135 0.500263 0.199207
v 0.647140 0.358119 0.386859
v 0.806970 0.152716 0.490999
v 0.806970 -0.075265 0.490999
v 0.254702 0.500263 0.459140
v 0.458958 0.358119 0.855243
v 0.555724 0.142670 1.156452
v 0.555724 -0.065219 1.156452
v 0.091920 0.500263 0.605919
v 0.165634 0.358119 1.119730
v 0.206542 0.142670 1.471306
v 0.206542 -0.075265 1.471306
v 0.572311 0.152716 1.141496
v 0.572311 -0.075265 1.141496
v 0.206542 -0.065219 1.471306
v 0.206542 0.152716 1.471306
v 0.206542 0.142670 1.646401
v 0.206542 -0.065219 1.646401
v 0.479259 0.098132 1.555096
v 0.479259 -0.020681 1.555096
v 0.555724 0.142670 1.529496
v 0.555724 -0.065219 1.529496
v 0.206542 -0.020681 1.646401
v 0.206542 0.098132 1.646401
v 0.206542 0.098132 1.517712
v 0.206542 -0.020681 1.517712
v 0.479259 0.098132 1.426407
v 0.479259 -0.020681 1.426407
v 0.546010 0.152716 -2.321605
v 0.541899 -0.075265 -2.360317
v 0.345203 0.297198 -2.366988
v 0.345246 -0.219636 -2.368001
v 0.401081 0.152716 -3.686313
v 0.401081 -0.075265 -3.686313
v 0.401081 -0.059433 -3.686313
v 0.638247 -0.059433 -1.453067
v 0.856762 -0.059433 -0.326099
v 0.806970 -0.059433 0.490999
v 0.572311 -0.059433 1.141496
v 0.555724 -0.050782 1.156452
v 0.542185 -0.059433 -2.357629
v 0.262501 -0.038791 -4.162176
v 0.401081 0.135744 -3.686313
v 0.638247 0.135744 -1.453067
v 0.856762 0.135744 -0.326099
v 0.806970 0.135744 0.490999
v 0.572311 0.135744 1.141496
v 0.555724 0.127194 1.156452
v 0.545704 0.135744 -2.324487
v 0.264571 0.113780 -4.173786
v 0.462348 0.112841 -3.686313
v 0.735722 0.112841 -1.453067
v 0.987596 0.112841 -0.326099
v 0.930203 0.112841 0.490999
v 0.659719 0.112841 1.141496
v 0.555724 0.106309 1.156452
v 0.628574 0.112841 -2.328376
v 0.304717 0.095876 -4.172424
v 0.462348 -0.036396 -3.686313
v 0.735722 -0.036396 -1.453067
v 0.987596 -0.036396 -0.326099
v 0.930203 -0.036396 0.490999
v 0.659719 -0.036396 1.141496
v 0.555724 -0.029776 1.156452
v 0.625472 -0.036396 -2.353717
v 0.302892 -0.020783 -4.163547
v 0.378693 -0.344963 -0.786491
v 0.214956 -0.347817 -1.218999
v 0.452178 -0.342154 -0.203166
v 0.439772 -0.345726 0.042626
v 0.349051 -0.348356 0.276600
v 0.132521 -0.352559 0.483883
v -0.006466 0.500263 -1.138620
v 0.569600 -0.280668 -1.169738
v 0.321642 -0.280668 -1.810692
v 0.687069 -0.280668 -0.265980
v 0.647140 -0.280668 0.386859
v 0.458958 -0.280668 0.855243
v 0.165634 -0.280668 1.119730
v 0.555724 0.142670 1.259222
v 0.206542 0.142670 1.519543
v 0.206542 -0.065219 1.519543
v 0.555724 -0.065219 1.259222
v -0.000000 0.358119 -2.042007
v -0.000000 0.152716 -4.295068
v -0.000000 -0.075265 -4.295068
v -0.000000 0.550993 -0.022563
v -0.178498 0.500263 -1.014900
v -0.328173 0.341234 -1.964880
v -0.264751 0.127047 -4.174796
v -0.262333 -0.051166 -4.161235
v -0.000000 -0.382350 -0.334759
v -0.316104 0.500263 -0.659197
v -0.569600 0.358119 -1.169738
v -0.638248 0.152716 -1.453067
v -0.638248 -0.075265 -1.453067
v -0.381295 0.500263 -0.157649
v -0.687070 0.358119 -0.265980
v -0.856762 0.152716 -0.326099
v -0.856762 -0.075265 -0.326099
v -0.359135 0.500263 0.199207
v -0.647140 0.358119 0.386859
v -0.806970 0.152716 0.490999
v -0.806970 -0.075265 0.490999
v -0.254702 0.500263 0.459140
v -0.458958 0.358119 0.855243
v -0.555724 0.142670 1.156452
v -0.555724 -0.065219 1.156452
v -0.091920 0.500263 0.605919
v -0.165634 0.358119 1.119730
v -0.000000 0.500263 -1.143270
v -0.206542 0.142670 1.471306
v -0.206542 -0.075265 1.471306
v -0.572311 0.152716 1.141496
v -0.572311 -0.075265 1.141496
v -0.206542 -0.065219 1.471306
v -0.206542 0.152716 1.471306
v -0.206542 0.142670 1.646401
v -0.206542 -0.065219 1.646401
v -0.479260 0.098132 1.555096
v -0.479260 -0.020681 1.555096
v -0.555724 0.142670 1.529496
v -0.555724 -0.065219 1.529496
v -0.206542 -0.020681 1.646401
v -0.206542 0.098132 1.646401
v -0.206542 0.098132 1.517712
v -0.206542 -0.020681 1.517712
v -0.479260 0.098132 1.426407
v -0.479260 -0.020681 1.426407
v -0.546011 0.152716 -2.321605
v -0.541899 -0.075265 -2.360317
v -0.000000 0.324219 -2.413855
v -0.345203 0.297198 -2.366988
v -0.000000 -0.252523 -2.350729
v -0.345246 -0.219636 -2.368001
v -0.000000 0.222032 -3.534739
v -0.000000 -0.106701 -4.038345
v -0.401082 0.152716 -3.686313
v -0.401082 -0.075265 -3.686313
v -0.000000 0.178299 -4.085834
v -0.000000 -0.149748 -3.478067
v -0.000000 -0.024745 -4.337625
v -0.401082 -0.059433 -3.686313
v -0.638248 -0.059433 -1.453067
v -0.856762 -0.059433 -0.326099
v -0.806970 -0.059433 0.490999
v -0.572311 -0.059433 1.141496
v -0.555724 -0.050782 1.156452
v -0.542185 -0.059433 -2.357629
v -0.262501 -0.038791 -4.162176
v -0.000000 0.084263 -4.335840
v -0.401082 0.135744 -3.686313
v -0.638248 0.135744 -1.453067
v -0.856762 0.135744 -0.326099
v -0.806970 0.135744 0.490999
v -0.572311 0.135744 1.141496
v -0.555724 0.127194 1.156452
v -0.545705 0.135744 -2.324487
v -0.264571 0.113780 -4.173786
v -0.000000 0.066725 -4.337625
v -0.462348 0.112841 -3.686313
v -0.735722 0.112841 -1.453067
v -0.987596 0.112841 -0.326099
v -0.930203 0.112841 0.490999
v -0.659719 0.112841 1.141496
v -0.555724 0.106309 1.156452
v -0.628575 0.112841 -2.328376
v -0.304717 0.095876 -4.172424
v -0.000000 -0.012513 -4.337625
v -0.462348 -0.036396 -3.686313
v -0.735722 -0.036396 -1.453067
v -0.987596 -0.036396 -0.326099
v -0.930203 -0.036396 0.490999
v -0.659719 -0.036396 1.141496
v -0.555724 -0.029776 1.156452
v -0.625473 -0.036396 -2.353717
v -0.302893 -0.020783 -4.163547
v -0.378693 -0.344963 -0.786491
v -0.214956 -0.347817 -1.218999
v -0.452178 -0.342154 -0.203166
v -0.439772 -0.345726 0.042626
v -0.349051 -0.348356 0.276600
v -0.132522 -0.352559 0.483883
v -0.000000 -0.348895 -1.376399
v 0.006465 0.500263 -1.138620
v -0.569600 -0.280668 -1.169738
v -0.321642 -0.280668 -1.810692
v -0.687070 -0.280668 -0.265980
v -0.647140 -0.280668 0.386859
v -0.458958 -0.280668 0.855243
v -0.165634 -0.280668 1.119730
v -0.000000 -0.280668 -2.042007
v -0.000000 0.358119 1.119730
v -0.000000 0.500263 0.605919
v -0.000000 -0.280668 1.119730
v -0.000000 -0.075265 1.471306
v -0.000000 0.152716 1.471306
v -0.000000 -0.065219 1.471306
v -0.000000 0.142670 1.471306
v -0.000000 -0.065219 1.646401
v -0.000000 0.142670 1.646401
v -0.000000 -0.020681 1.646401
v -0.000000 0.098132 1.646401
v -0.000000 -0.020681 1.517712
v -0.000000 0.098132 1.517712
v -0.000000 -0.352559 0.483883
v -0.555724 0.142670 1.259222
v -0.206542 0.142670 1.519543
v -0.000000 0.142670 1.519543
v -0.206542 -0.065219 1.519543
v -0.555724 -0.065219 1.259222
v -0.000000 -0.065219 1.519543
v -1.621030 -0.355953 -4.197731
v -1.621030 -0.656294 -3.033458
v -1.621030 -0.766227 -1.443030
v -1.621030 -0.656294 0.147398
v -1.621030 -0.263292 1.313781
v -1.621030 0.054206 1.614851
v -1.621030 0.306403 1.438168
v -1.621030 0.763668 0.155171
v -1.621030 0.874869 -1.443028
v -1.621030 0.764936 -3.033456
v -1.621030 0.464595 -4.197730
v -1.621030 0.288086 -4.394298
v -1.621030 -0.179665 -4.394512
v -1.621030 0.297543 -1.485315
v -1.621030 -0.183033 -1.491744
v -1.621030 0.054450 -1.457196
v -1.720741 -0.203215 -4.303945
v -1.720741 -0.341180 -4.098540
v -1.720741 -0.630706 -2.976189
v -1.720741 -0.736680 -1.443030
v -1.720741 -0.630706 0.090130
v -1.720741 -0.249505 1.212480
v -1.720741 0.054321 1.500316
v -1.720741 0.294861 1.332732
v -1.720741 0.739348 0.090131
v -1.720741 0.845322 -1.443028
v -1.720741 0.739348 -2.976188
v -1.720741 0.449822 -4.098539
v -1.720741 0.326014 -1.408289
v -1.720741 0.054256 -1.342661
v -1.720741 0.311728 -4.303944
v -1.720741 -0.211555 -1.414887
v -1.676280 -0.341180 -4.098540
v -1.676280 -0.630706 -2.976189
v -1.676280 -0.736680 -1.443030
v -1.676280 -0.630706 0.090130
v -1.676280 -0.249505 1.212480
v -1.676280 0.054321 1.500316
v -1.676280 0.294861 1.332732
v -1.676280 0.739348 0.090131
v -1.676280 0.845322 -1.443028
v -1.676280 0.739348 -2.976188
v -1.676280 0.449822 -4.098539
v -1.676280 0.311728 -4.303944
v -1.676280 -0.203215 -4.303945
v -1.676280 0.326014 -1.408289
v -1.676280 -0.211555 -1.414887
v -1.676280 0.054256 -1.342661
v -1.720741 -0.221894 -4.289042
v -1.621030 -0.231850 -4.399676
v -1.676280 -0.221894 -4.289042
v -1.720741 0.323475 -4.294573
v -1.621030 0.327414 -4.401574
v -1.676280 0.323475 -4.294573
v -1.720741 -0.209528 -2.117073
v -1.621030 -0.182214 -2.197263
v -1.676280 -0.209528 -2.117073
v -1.720741 0.322429 -2.134893
v -1.621030 0.295170 -2.215263
v -1.676280 0.322429 -2.134893
v -1.720741 -0.192966 -1.409836
v -1.621030 -0.166425 -1.489328
v -1.676280 -0.192966 -1.409836
v -1.720741 0.310005 -1.404423
v -1.621030 0.283223 -1.483658
v -1.676280 0.310005 -1.404423
v -1.579150 -0.355953 -4.197731
v -1.579150 -0.656294 -3.033458
v -1.579150 -0.766227 -1.443030
v -1.579150 -0.656294 0.147398
v -1.579150 -0.263292 1.313781
v -1.579151 0.054206 1.614851
v -1.579151 0.306403 1.438168
v -1.579151 0.763668 0.155171
v -1.579151 0.874869 -1.443028
v -1.579151 0.764936 -3.033456
v -1.579151 0.464595 -4.197730
v -1.579151 0.288086 -4.394298
v -1.579150 -0.179665 -4.394512
v -1.579151 0.297543 -1.485315
v -1.579150 -0.183033 -1.491744
v -1.579151 0.054450 -1.457196
v -1.479440 -0.203215 -4.303945
v -1.479440 -0.341180 -4.098540
v -1.479440 -0.630706 -2.976189
v -1.479440 -0.736680 -1.443030
v -1.479440 -0.630706 0.090130
v -1.479440 -0.249505 1.212480
v -1.479440 0.054321 1.500316
v -1.479440 0.294861 1.332732
v -1.479440 0.739348 0.090131
v -1.479440 0.845322 -1.443028
v -1.479440 0.739348 -2.976188
v -1.479440 0.449822 -4.098539
v -1.479440 0.326014 -1.408289
v -1.479440 0.054256 -1.342661
v -1.479440 0.311728 -4.303944
v -1.479440 -0.211555 -1.414887
v -1.523900 -0.341180 -4.098540
v -1.523900 -0.630706 -2.976189
v -1.523900 -0.736680 -1.443030
v -1.523900 -0.630706 0.090130
v -1.523900 -0.249505 1.212480
v -1.523900 0.054321 1.500316
v -1.523900 0.294861 1.332732
v -1.523900 0.739348 0.090131
v -1.523900 0.845322 -1.443028
v -1.523900 0.739348 -2.976188
v -1.523900 0.449822 -4.098539
v -1.523900 0.311728 -4.303944
v -1.523900 -0.203215 -4.303945
v -1.523900 0.326014 -1.408289
v -1.523900 -0.211555 -1.414887
v -1.523900 0.054256 -1.342661
v -1.479440 -0.221894 -4.289042
v -1.579150 -0.231850 -4.399676
v -1.523900 -0.221894 -4.289042
v -1.479440 0.323475 -4.294573
v -1.579151 0.327414 -4.401574
v -1.523900 0.323475 -4.294573
v -1.479440 -0.209528 -2.117073
v -1.579150 -0.182214 -2.197263
v -1.523900 -0.209528 -2.117073
v -1.479440 0.322429 -2.134893
v -1.579151 0.295170 -2.215263
v -1.523900 0.322429 -2.134893
v -1.479440 -0.192966 -1.409836
v -1.579150 -0.166425 -1.489328
v -1.523900 -0.192966 -1.409836
v -1.479440 0.310005 -1.404423
v -1.579151 0.283223 -1.483658
v -1.523900 0.310005 -1.404423
v 1.621030 -0.355953 -4.197731
v 1.621029 -0.656294 -3.033457
v 1.621029 -0.766227 -1.443030
v 1.621029 -0.656294 0.147398
v 1.621030 -0.263292 1.313782
v 1.621030 0.054206 1.614851
v 1.621030 0.306403 1.438169
v 1.621030 0.763668 0.155171
v 1.621030 0.874869 -1.443028
v 1.621030 0.764936 -3.033456
v 1.621030 0.464595 -4.197730
v 1.621030 0.288086 -4.394298
v 1.621030 -0.179665 -4.394512
v 1.621030 0.297543 -1.485315
v 1.621030 -0.183033 -1.491744
v 1.621030 0.054450 -1.457196
v 1.720740 -0.203215 -4.303945
v 1.720740 -0.341180 -4.098540
v 1.720740 -0.630706 -2.976189
v 1.720740 -0.736680 -1.443030
v 1.720740 -0.630706 0.090130
v 1.720740 -0.249505 1.212481
v 1.720740 0.054321 1.500316
v 1.720740 0.294861 1.332732
v 1.720740 0.739348 0.090131
v 1.720740 0.845322 -1.443028
v 1.720740 0.739349 -2.976188
v 1.720740 0.449822 -4.098539
v 1.720740 0.326014 -1.408289
v 1.720740 0.054256 -1.342661
v 1.720740 0.311728 -4.303944
v 1.720740 -0.211555 -1.414887
v 1.676280 -0.341180 -4.098540
v 1.676280 -0.630706 -2.976189
v 1.676280 -0.736680 -1.443030
v 1.676280 -0.630706 0.090130
v 1.676280 -0.249505 1.212481
v 1.676280 0.054321 1.500316
v 1.676280 0.294861 1.332732
v 1.676280 0.739348 0.090131
v 1.676280 0.845322 -1.443028
v 1.676280 0.739349 -2.976188
v 1.676280 0.449822 -4.098539
v 1.676280 0.311728 -4.303944
v 1.676280 -0.203215 -4.303945
v 1.676280 0.326014 -1.408289
v 1.676280 -0.211555 -1.414887
v 1.676280 0.054256 -1.342661
v 1.720740 -0.221894 -4.289042
v 1.621030 -0.231850 -4.399676
v 1.676280 -0.221894 -4.289042
v 1.720740 0.323475 -4.294573
v 1.621030 0.327414 -4.401574
v 1.676280 0.323475 -4.294573
v 1.720740 -0.209528 -2.117073
v 1.621030 -0.182214 -2.197262
v 1.676280 -0.209528 -2.117073
v 1.720740 0.322429 -2.134893
v 1.621030 0.295170 -2.215263
v 1.676280 0.322429 -2.134893
v 1.720740 -0.192966 -1.409836
v 1.621030 -0.166425 -1.489328
v 1.676280 -0.192966 -1.409836
v 1.720740 0.310005 -1.404423
v 1.621030 0.283223 -1.483658
v 1.676280 0.310005 -1.404423
v 1.579150 -0.355953 -4.197731
v 1.579150 -0.656294 -3.033457
v 1.579150 -0.766227 -1.443030
v 1.579150 -0.656294 0.147398
v 1.579150 -0.263292 1.313782
v 1.579150 0.054206 1.614851
v 1.579150 0.306403 1.438169
v 1.579150 0.763668 0.155171
v 1.579150 0.874869 -1.443028
v 1.579150 0.764936 -3.033456
v 1.579150 0.464595 -4.197730
v 1.579150 0.288086 -4.394298
v 1.579150 -0.179665 -4.394512
v 1.579150 0.297543 -1.485315
v 1.579150 -0.183033 -1.491744
v 1.579150 0.054450 -1.457196
v 1.479439 -0.203215 -4.303945
v 1.479439 -0.341180 -4.098540
v 1.479439 -0.630706 -2.976189
v 1.479439 -0.736680 -1.443030
v 1.479439 -0.630706 0.090130
v 1.479439 -0.249505 1.212481
v 1.479439 0.054321 1.500316
v 1.479439 0.294861 1.332732
v 1.479439 0.739348 0.090131
v 1.479440 0.845322 -1.443028
v 1.479439 0.739348 -2.976188
v 1.479439 0.449822 -4.098539
v 1.479439 0.326014 -1.408289
v 1.479439 0.054256 -1.342661
v 1.479439 0.311728 -4.303944
v 1.479439 -0.211555 -1.414887
v 1.523900 -0.341180 -4.098540
v 1.523900 -0.630706 -2.976189
v 1.523900 -0.736680 -1.443030
v 1.523900 -0.630706 0.090130
v 1.523900 -0.249505 1.212481
v 1.523900 0.054321 1.500316
v 1.523900 0.294861 1.332732
v 1.523900 0.739348 0.090131
v 1.523900 0.845322 -1.443028
v 1.523900 0.739348 -2.976188
v 1.523900 0.449822 -4.098539
v 1.523900 0.311728 -4.303944
v 1.523900 -0.203215 -4.303945
v 1.523900 0.326014 -1.408289
v 1.523900 -0.211555 -1.414887
v 1.523900 0.054256 -1.342661
v 1.479439 -0.221894 -4.289042
v 1.579150 -0.231850 -4.399676
v 1.523900 -0.221894 -4.289042
v 1.479439 0.323475 -4.294573
v 1.579150 0.327414 -4.401574
v 1.523900 0.323475 -4.294573
v 1.479439 -0.209528 -2.117073
v 1.579150 -0.182214 -2.197262
v 1.523900 -0.209528 -2.117073
v 1.479439 0.322429 -2.134893
v 1.579150 0.295170 -2.215263
v 1.523900 0.322429 -2.134893
v 1.479439 -0.192966 -1.409836
v 1.579150 -0.166425 -1.489328
v 1.523900 -0.192966 -1.409836
v 1.479439 0.310005 -1.404423
v 1.579150 0.283223 -1.483658
v 1.523900 0.310005 -1.404423
v -0.040669 0.688084 -0.226947
v -0.137136 0.577633 0.318984
v -0.112682 0.726771 -0.675776
v -0.233456 0.626292 -0.433859
v -0.291113 0.458682 -0.287255
v -0.158881 0.710247 -0.825423
v -0.286291 0.596517 -0.703514
v -0.356997 0.421554 -0.623509
v -0.168684 0.687562 -1.030870
v -0.303955 0.555016 -1.079363
v -0.379025 0.369611 -1.093924
v -0.139845 0.655679 -1.319618
v -0.251988 0.497565 -1.599669
v -0.314223 0.297970 -1.742735
v -0.078970 0.633067 -1.524401
v -0.142295 0.456819 -1.968675
v -0.177438 0.247162 -2.202878
v -0.171006 0.390964 0.503195
v -0.039064 0.232862 -2.699408
v -0.101744 0.518115 0.595774
v -0.126873 0.354658 0.779985
v -0.040822 0.374454 1.097115
v -0.050905 0.210997 1.281326
v -0.000000 0.442115 -2.101846
v -0.000000 0.228826 -2.735964
v -0.000000 0.740997 -0.958051
v 0.040669 0.688084 -0.226947
v 0.137136 0.577633 0.318984
v 0.112681 0.726771 -0.675776
v 0.233456 0.626292 -0.433859
v 0.291113 0.458682 -0.287255
v 0.158881 0.710247 -0.825423
v 0.286290 0.596517 -0.703514
v 0.356997 0.421554 -0.623509
v 0.168684 0.687562 -1.030870
v 0.303955 0.555016 -1.079363
v 0.379024 0.369611 -1.093924
v 0.139845 0.655679 -1.319618
v 0.251988 0.497565 -1.599669
v 0.314223 0.297970 -1.742735
v 0.078970 0.633067 -1.524401
v 0.142295 0.456819 -1.968675
v 0.177437 0.247162 -2.202878
v -0.000000 0.624907 -1.598306
v 0.171006 0.390964 0.503195
v 0.039064 0.232862 -2.699408
v 0.101744 0.518115 0.595774
v 0.126873 0.354658 0.779985
v 0.040822 0.374454 1.097115
v 0.050904 0.210997 1.281326
v -0.000000 0.577633 0.318984
v -0.000000 0.688084 -0.226947
v -0.000000 0.518115 0.595774
v -0.000000 0.374454 1.097115
v -0.000000 0.210997 1.281326
v -1.863715 0.054321 -1.333076
v -1.828396 -0.077491 -1.333076
v -1.731903 -0.173985 -1.333076
v -1.600090 -0.209304 -1.333076
v -1.468278 -0.173985 -1.333076
v -1.371785 -0.077491 -1.333076
v -1.336466 0.054321 -1.333076
v -1.371785 0.186133 -1.333076
v -1.468278 0.282627 -1.333076
v -1.600090 0.317946 -1.333076
v -1.731902 0.282627 -1.333076
v -1.828396 0.186134 -1.333076
v -1.978397 0.054321 1.481092
v -1.927713 -0.134832 1.481092
v -1.789243 -0.273302 1.481092
v -1.600090 -0.323985 1.481092
v -1.410937 -0.273302 1.481092
v -1.272467 -0.134832 1.481092
v -1.221784 0.054321 1.481092
v -1.272467 0.243474 1.481092
v -1.410937 0.381944 1.481092
v -1.600090 0.432627 1.481092
v -1.789243 0.381944 1.481092
v -1.927713 0.243474 1.481092
v -1.978397 0.054321 1.549707
v -1.927713 -0.134832 1.549707
v -1.789243 -0.273302 1.549707
v -1.600090 -0.323985 1.549707
v -1.410937 -0.273302 1.549707
v -1.272467 -0.134832 1.549707
v -1.221784 0.054321 1.549707
v -1.272467 0.243474 1.549707
v -1.410937 0.381944 1.549707
v -1.600090 0.432627 1.549707
v -1.789243 0.381944 1.549707
v -1.927713 0.243474 1.549707
v -1.889994 -0.113055 -1.333076
v -1.934843 0.054321 -1.333076
v -1.767466 -0.235583 -1.333076
v -1.600090 -0.280431 -1.333076
v -1.432714 -0.235583 -1.333076
v -1.310187 -0.113055 -1.333076
v -1.265338 0.054321 -1.333076
v -1.310187 0.221697 -1.333076
v -1.432714 0.344225 -1.333076
v -1.600090 0.389073 -1.333076
v -1.767466 0.344225 -1.333076
v -1.889994 0.221697 -1.333076
v -1.889994 -0.113055 1.443474
v -1.767466 -0.235583 1.443474
v -1.600090 -0.280431 1.443474
v -1.432714 -0.235583 1.443474
v -1.310186 -0.113055 1.443474
v -1.265338 0.054321 1.443474
v -1.310186 0.221697 1.443474
v -1.432714 0.344225 1.443474
v -1.600090 0.389073 1.443474
v -1.767466 0.344225 1.443474
v -1.889994 0.221697 1.443474
v -1.934842 0.054321 1.443474
v -1.881804 0.054321 2.067240
v -1.844061 -0.086536 2.067240
v -1.740947 -0.189650 2.067240
v -1.600090 -0.227392 2.067240
v -1.459234 -0.189650 2.067240
v -1.356119 -0.086536 2.067240
v -1.318377 0.054321 2.067240
v -1.356119 0.195178 2.067240
v -1.459234 0.298292 2.067240
v -1.600090 0.336034 2.067240
v -1.740947 0.298292 2.067240
v -1.844061 0.195178 2.067240
v -1.832480 0.054321 2.067863
v -1.801346 -0.061874 2.067863
v -1.716285 -0.146934 2.067863
v -1.600090 -0.178069 2.067863
v -1.483895 -0.146934 2.067863
v -1.398835 -0.061874 2.067863
v -1.367700 0.054321 2.067863
v -1.398835 0.170516 2.067863
v -1.483895 0.255576 2.067863
v -1.600090 0.286711 2.067863
v -1.716285 0.255577 2.067863
v -1.801345 0.170516 2.067863
v -1.647686 0.026842 -1.564841
v -1.655049 0.054321 -1.564841
v -1.627570 0.006725 -1.564841
v -1.600090 -0.000638 -1.564841
v -1.572611 0.006725 -1.564841
v -1.552495 0.026842 -1.564841
v -1.545132 0.054321 -1.564841
v -1.552495 0.081800 -1.564841
v -1.572611 0.101917 -1.564841
v -1.600090 0.109280 -1.564841
v -1.627570 0.101917 -1.564841
v -1.647686 0.081800 -1.564841
v -1.697506 -0.001922 -1.564841
v -1.712577 0.054321 -1.564841
v -1.656333 -0.043095 -1.564841
v -1.600090 -0.058165 -1.564841
v -1.543847 -0.043095 -1.564841
v -1.502674 -0.001922 -1.564841
v -1.487604 0.054321 -1.564841
v -1.502674 0.110564 -1.564841
v -1.543847 0.151737 -1.564841
v -1.600090 0.166807 -1.564841
v -1.656333 0.151737 -1.564841
v -1.697506 0.110564 -1.564841
v -1.600090 0.054321 -2.025289
v -1.647686 0.026842 -1.803912
v -1.655049 0.054321 -1.803912
v -1.627570 0.006726 -1.803912
v -1.600090 -0.000638 -1.803912
v -1.572611 0.006726 -1.803912
v -1.552495 0.026842 -1.803912
v -1.545132 0.054321 -1.803912
v -1.552495 0.081801 -1.803912
v -1.572611 0.101917 -1.803912
v -1.600090 0.109280 -1.803912
v -1.627570 0.101917 -1.803912
v -1.647686 0.081801 -1.803912
v -1.623354 0.040890 -1.803912
v -1.626953 0.054321 -1.803912
v -1.613522 0.031057 -1.803912
v -1.600090 0.027458 -1.803912
v -1.586659 0.031057 -1.803912
v -1.576826 0.040890 -1.803912
v -1.573227 0.054321 -1.803912
v -1.576826 0.067753 -1.803912
v -1.586659 0.077585 -1.803912
v -1.600090 0.081184 -1.803912
v -1.613522 0.077585 -1.803912
v -1.623354 0.067753 -1.803912
v -1.618287 0.064827 -1.912327
v -1.610597 0.072518 -1.912327
v -1.600090 0.075333 -1.912327
v -1.589584 0.072518 -1.912327
v -1.581893 0.064827 -1.912327
v -1.579078 0.054321 -1.912327
v -1.581893 0.043815 -1.912327
v -1.589584 0.036124 -1.912327
v -1.600090 0.033309 -1.912327
v -1.610597 0.036124 -1.912327
v -1.618287 0.043815 -1.912327
v -1.621103 0.054321 -1.912327
v -1.619292 0.065407 -1.887211
v -1.611176 0.073523 -1.887211
v -1.600090 0.076494 -1.887211
v -1.589004 0.073523 -1.887211
v -1.580889 0.065407 -1.887211
v -1.577918 0.054321 -1.887211
v -1.580889 0.043235 -1.887211
v -1.589004 0.035120 -1.887211
v -1.600090 0.032149 -1.887211
v -1.611176 0.035120 -1.887211
v -1.619292 0.043235 -1.887211
v -1.622262 0.054321 -1.887211
v -1.651157 0.054321 -1.899769
v -1.644315 0.079855 -1.899769
v -1.625624 0.098546 -1.899769
v -1.600091 0.105388 -1.899769
v -1.574557 0.098546 -1.899769
v -1.555866 0.079855 -1.899769
v -1.549024 0.054321 -1.899769
v -1.555866 0.028788 -1.899769
v -1.574557 0.010096 -1.899769
v -1.600091 0.003255 -1.899769
v -1.625624 0.010096 -1.899769
v -1.644315 0.028788 -1.899769
v -1.619391 0.054321 -1.949371
v -1.616806 0.063972 -1.949371
v -1.609741 0.071036 -1.949371
v -1.600090 0.073622 -1.949371
v -1.590440 0.071036 -1.949371
v -1.583375 0.063972 -1.949371
v -1.580789 0.054321 -1.949371
v -1.583375 0.044671 -1.949371
v -1.590440 0.037606 -1.949371
v -1.600090 0.035020 -1.949371
v -1.609741 0.037606 -1.949371
v -1.616806 0.044671 -1.949371
v -1.634330 0.034553 -1.959940
v -1.639627 0.054321 -1.959940
v -1.619859 0.020082 -1.959940
v -1.600090 0.014785 -1.959940
v -1.580322 0.020082 -1.959940
v -1.565851 0.034553 -1.959940
v -1.560554 0.054321 -1.959940
v -1.565851 0.074089 -1.959940
v -1.580322 0.088561 -1.959940
v -1.600090 0.093858 -1.959940
v -1.619859 0.088561 -1.959940
v -1.634330 0.074090 -1.959940
v -1.788159 0.054321 1.647956
v -1.762963 -0.039713 1.647956
v -1.694124 -0.108551 1.647956
v -1.600090 -0.133748 1.647956
v -1.506056 -0.108551 1.647956
v -1.437218 -0.039713 1.647956
v -1.412022 0.054321 1.647956
v -1.437218 0.148355 1.647956
v -1.506056 0.217193 1.647956
v -1.600090 0.242390 1.647956
v -1.694124 0.217193 1.647956
v -1.762963 0.148356 1.647956
v -1.919775 -0.130249 1.562385
v -1.784660 -0.265364 1.562385
v -1.600090 -0.314820 1.562385
v -1.415520 -0.265364 1.562385
v -1.280405 -0.130249 1.562385
v -1.230950 0.054321 1.562385
v -1.280405 0.238891 1.562385
v -1.415520 0.374006 1.562385
v -1.600090 0.423462 1.562385
v -1.784660 0.374006 1.562385
v -1.919775 0.238891 1.562385
v -1.969231 0.054321 1.562385
v 1.863715 0.054321 -1.333076
v 1.828396 -0.077491 -1.333076
v 1.731903 -0.173985 -1.333076
v 1.600090 -0.209304 -1.333076
v 1.468278 -0.173985 -1.333076
v 1.371784 -0.077491 -1.333076
v 1.336465 0.054321 -1.333076
v 1.371784 0.186133 -1.333076
v 1.468278 0.282627 -1.333076
v 1.600090 0.317946 -1.333076
v 1.731903 0.282627 -1.333076
v 1.828396 0.186134 -1.333076
v 1.978396 0.054321 1.481092
v 1.927713 -0.134832 1.481092
v 1.789243 -0.273302 1.481092
v 1.600090 -0.323985 1.481092
v 1.410936 -0.273302 1.481092
v 1.272467 -0.134832 1.481092
v 1.221784 0.054321 1.481092
v 1.272467 0.243474 1.481092
v 1.410936 0.381944 1.481092
v 1.600090 0.432627 1.481092
v 1.789243 0.381944 1.481092
v 1.927713 0.243474 1.481092
v 1.978396 0.054321 1.549707
v 1.927713 -0.134832 1.549707
v 1.789243 -0.273302 1.549707
v 1.600090 -0.323985 1.549707
v 1.410936 -0.273302 1.549707
v 1.272467 -0.134832 1.549707
v 1.221784 0.054321 1.549707
v 1.272467 0.243474 1.549707
v 1.410936 0.381944 1.549707
v 1.600090 0.432627 1.549707
v 1.789243 0.381944 1.549707
v 1.927713 0.243474 1.549707
v 1.889994 -0.113055 -1.333076
v 1.934842 0.054321 -1.333076
v 1.767466 -0.235583 -1.333076
v 1.600090 -0.280431 -1.333076
v 1.432714 -0.235583 -1.333076
v 1.310186 -0.113055 -1.333076
v 1.265338 0.054321 -1.333076
v 1.310186 0.221697 -1.333076
v 1.432714 0.344225 -1.333076
v 1.600090 0.389073 -1.333076
v 1.767466 0.344225 -1.333076
v 1.889994 0.221697 -1.333076
v 1.889994 -0.113055 1.443474
v 1.767466 -0.235583 1.443474
v 1.600090 -0.280431 1.443474
v 1.432714 -0.235583 1.443474
v 1.310186 -0.113055 1.443474
v 1.265338 0.054321 1.443474
v 1.310186 0.221697 1.443474
v 1.432714 0.344225 1.443474
v 1.600090 0.389073 1.443474
v 1.767466 0.344225 1.443474
v 1.889994 0.221697 1.443474
v 1.934842 0.054321 1.443474
v 1.881803 0.054321 2.067240
v 1.844061 -0.086536 2.067240
v 1.740947 -0.189650 2.067240
v 1.600090 -0.227392 2.067240
v 1.459233 -0.189650 2.067240
v 1.356119 -0.086536 2.067240
v 1.318377 0.054321 2.067240
v 1.356119 0.195178 2.067240
v 1.459233 0.298292 2.067240
v 1.600090 0.336034 2.067240
v 1.740947 0.298292 2.067240
v 1.844061 0.195178 2.067240
v 1.832480 0.054321 2.067863
v 1.801345 -0.061874 2.067863
v 1.716285 -0.146934 2.067863
v 1.600090 -0.178069 2.067863
v 1.483895 -0.146934 2.067863
v 1.398834 -0.061874 2.067863
v 1.367701 0.054321 2.067863
v 1.398835 0.170516 2.067863
v 1.483895 0.255576 2.067863
v 1.600090 0.286711 2.067863
v 1.716285 0.255577 2.067863
v 1.801345 0.170516 2.067863
v 1.647686 0.026842 -1.564841
v 1.655049 0.054321 -1.564841
v 1.627570 0.006725 -1.564841
v 1.600090 -0.000638 -1.564841
v 1.572611 0.006725 -1.564841
v 1.552495 0.026842 -1.564841
v 1.545131 0.054321 -1.564841
v 1.552495 0.081800 -1.564841
v 1.572611 0.101917 -1.564841
v 1.600090 0.109280 -1.564841
v 1.627570 0.101917 -1.564841
v 1.647686 0.081800 -1.564841
v 1.697506 -0.001922 -1.564841
v 1.712576 0.054321 -1.564841
v 1.656333 -0.043095 -1.564841
v 1.600090 -0.058165 -1.564841
v 1.543847 -0.043095 -1.564841
v 1.502674 -0.001922 -1.564841
v 1.487604 0.054321 -1.564841
v 1.502674 0.110564 -1.564841
v 1.543847 0.151737 -1.564841
v 1.600090 0.166807 -1.564841
v 1.656333 0.151737 -1.564841
v 1.697506 0.110564 -1.564841
v 1.600090 0.054321 -2.025289
v 1.647686 0.026842 -1.803912
v 1.655049 0.054321 -1.803912
v 1.627570 0.006726 -1.803912
v 1.600090 -0.000638 -1.803912
v 1.572611 0.006726 -1.803912
v 1.552495 0.026842 -1.803912
v 1.545131 0.054321 -1.803912
v 1.552495 0.081801 -1.803912
v 1.572611 0.101917 -1.803912
v 1.600090 0.109280 -1.803912
v 1.627570 0.101917 -1.803912
v 1.647686 0.081801 -1.803912
v 1.623354 0.040890 -1.803912
v 1.626953 0.054321 -1.803912
v 1.613522 0.031057 -1.803912
v 1.600090 0.027458 -1.803912
v 1.586659 0.031057 -1.803912
v 1.576826 0.040890 -1.803912
v 1.573227 0.054321 -1.803912
v 1.576826 0.067753 -1.803912
v 1.586659 0.077585 -1.803912
v 1.600090 0.081184 -1.803912
v 1.613522 0.077585 -1.803912
v 1.623354 0.067753 -1.803912
v 1.618287 0.064827 -1.912327
v 1.610596 0.072518 -1.912327
v 1.600090 0.075333 -1.912327
v 1.589584 0.072518 -1.912327
v 1.581893 0.064827 -1.912327
v 1.579078 0.054321 -1.912327
v 1.581893 0.043815 -1.912327
v 1.589584 0.036124 -1.912327
v 1.600090 0.033309 -1.912327
v 1.610596 0.036124 -1.912327
v 1.618287 0.043815 -1.912327
v 1.621102 0.054321 -1.912327
v 1.619292 0.065407 -1.887211
v 1.611176 0.073523 -1.887211
v 1.600090 0.076494 -1.887211
v 1.589004 0.073523 -1.887211
v 1.580889 0.065407 -1.887211
v 1.577918 0.054321 -1.887211
v 1.580889 0.043235 -1.887211
v 1.589004 0.035120 -1.887211
v 1.600090 0.032149 -1.887211
v 1.611176 0.035120 -1.887211
v 1.619292 0.043235 -1.887211
v 1.622263 0.054321 -1.887211
v 1.651157 0.054321 -1.899769
v 1.644315 0.079855 -1.899769
v 1.625624 0.098546 -1.899769
v 1.600090 0.105388 -1.899769
v 1.574557 0.098546 -1.899769
v 1.555866 0.079855 -1.899769
v 1.549024 0.054321 -1.899769
v 1.555866 0.028788 -1.899769
v 1.574557 0.010096 -1.899769
v 1.600090 0.003255 -1.899769
v 1.625624 0.010096 -1.899769
v 1.644315 0.028788 -1.899769
v 1.619391 0.054321 -1.949371
v 1.616805 0.063972 -1.949371
v 1.609741 0.071036 -1.949371
v 1.600090 0.073622 -1.949371
v 1.590440 0.071036 -1.949371
v 1.583375 0.063972 -1.949371
v 1.580789 0.054321 -1.949371
v 1.583375 0.044671 -1.949371
v 1.590440 0.037606 -1.949371
v 1.600090 0.035020 -1.949371
v 1.609740 0.037606 -1.949371
v 1.616805 0.044671 -1.949371
v 1.634330 0.034553 -1.959940
v 1.639627 0.054321 -1.959940
v 1.619858 0.020082 -1.959940
v 1.600090 0.014785 -1.959940
v 1.580322 0.020082 -1.959940
v 1.565851 0.034553 -1.959940
v 1.560554 0.054321 -1.959940
v 1.565851 0.074089 -1.959940
v 1.580322 0.088561 -1.959940
v 1.600090 0.093858 -1.959940
v 1.619858 0.088561 -1.959940
v 1.634330 0.074090 -1.959940
v 1.788158 0.054321 1.647956
v 1.762962 -0.039713 1.647956
v 1.694124 -0.108551 1.647956
v 1.600090 -0.133748 1.647956
v 1.506055 -0.108551 1.647956
v 1.437218 -0.039713 1.647956
v 1.412021 0.054321 1.647956
v 1.437218 0.148355 1.647956
v 1.506055 0.217193 1.647956
v 1.600090 0.242390 1.647956
v 1.694124 0.217193 1.647956
v 1.762962 0.148356 1.647956
v 1.919775 -0.130249 1.562385
v 1.784660 -0.265364 1.562385
v 1.600090 -0.314820 1.562385
v 1.415519 -0.265364 1.562385
v 1.280405 -0.130249 1.562385
v 1.230950 0.054321 1.562385
v 1.280405 0.238891 1.562385
v 1.415519 0.374006 1.562385
v 1.600090 0.423462 1.562385
v 1.784660 0.374006 1.562385
v 1.919775 0.238891 1.562385
v 1.969230 0.054321 1.562385
v 0.178493 -0.275801 -1.826440
v 0.119938 -0.333251 0.793585
v 0.154579 -0.365047 -1.826440
v 0.103870 -0.410839 0.849664
v 0.089246 -0.430380 -1.826440
v 0.059969 -0.467637 0.890717
v 0.191466 -0.333251 -0.120917
v 0.191466 -0.333251 -0.406043
v 0.191466 -0.333251 -0.879508
v 0.191466 -0.333251 -1.352974
v 0.165814 -0.428984 -0.120917
v 0.165814 -0.428984 -0.406043
v 0.165814 -0.428984 -0.879508
v 0.165814 -0.428984 -1.352974
v 0.065283 -0.499065 -0.120917
v 0.095733 -0.499065 -0.406043
v 0.095733 -0.499065 -0.879508
v 0.095733 -0.499065 -1.352974
v 0.100194 -0.031822 1.288380
v 0.086770 -0.048818 1.366526
v 0.050097 -0.061260 1.423733
v 0.110066 -0.194212 1.062141
v 0.095320 -0.251500 1.128746
v 0.049476 -0.349833 1.177504
v 0.040524 -0.902654 1.055545
v 0.027635 -0.923383 0.257925
v 0.037189 -0.714435 1.166450
v 0.094338 -0.016080 -3.518053
v 0.054465 -0.073624 -3.548989
v -0.178493 -0.275801 -1.826440
v -0.119938 -0.333251 0.793585
v -0.154579 -0.365047 -1.826440
v -0.103870 -0.410839 0.849664
v -0.089246 -0.430380 -1.826440
v -0.059969 -0.467637 0.890717
v -0.000000 -0.491887 -1.826440
v -0.191466 -0.333251 -0.120917
v -0.191466 -0.333251 -0.406043
v -0.191466 -0.333251 -0.879508
v -0.191466 -0.333251 -1.352974
v -0.165815 -0.428984 -0.120917
v -0.165815 -0.428984 -0.406043
v -0.165815 -0.428984 -0.879508
v -0.165815 -0.428984 -1.352974
v -0.065283 -0.499065 -0.120917
v -0.095733 -0.499065 -0.406043
v -0.095733 -0.499065 -0.879508
v -0.095733 -0.499065 -1.352974
v -0.000000 -0.562311 -0.239880
v -0.000000 -0.562311 -0.406043
v -0.000000 -0.562311 -0.879508
v -0.000000 -0.562311 -1.352974
v -0.100194 -0.031822 1.288380
v -0.086771 -0.048818 1.366526
v -0.050097 -0.061260 1.423733
v -0.000000 -0.071736 1.472198
v -0.110066 -0.194212 1.062141
v -0.095320 -0.251500 1.128746
v -0.000000 -0.346381 1.195351
v -0.049476 -0.349833 1.177504
v -0.000000 -0.961038 1.070571
v -0.040525 -0.902654 1.055545
v -0.027635 -0.923383 0.257925
v -0.000000 -0.997327 0.173177
v -0.000000 -0.767379 1.184296
v -0.037189 -0.714435 1.166450
v -0.094338 -0.016080 -3.518053
v -0.054465 -0.073624 -3.548989
v -0.000000 -0.130853 -3.570574
v 0.197505 -0.306345 -1.314710
v 0.197505 -0.306345 -1.269061
v 0.171044 -0.437411 -1.314710
v 0.171044 -0.437411 -1.269061
v 0.106301 -0.503550 -1.314711
v 0.106301 -0.503550 -1.269061
v -0.000000 -0.575096 -1.314711
v -0.000000 -0.575096 -1.269061
v -0.106302 -0.503550 -1.314711
v -0.106302 -0.503550 -1.269061
v -0.171045 -0.437412 -1.314710
v -0.171045 -0.437412 -1.269061
v -0.197505 -0.306345 -1.314710
v -0.197505 -0.306345 -1.269061
v 0.197505 -0.306345 -0.799786
v 0.197505 -0.306345 -0.754137
v 0.171044 -0.437411 -0.799786
v 0.171044 -0.437411 -0.754137
v 0.106301 -0.503550 -0.799786
v 0.106301 -0.503550 -0.754137
v -0.000000 -0.575096 -0.799786
v -0.000000 -0.575096 -0.754137
v -0.106302 -0.503550 -0.799786
v -0.106302 -0.503550 -0.754137
v -0.171045 -0.437412 -0.799786
v -0.171045 -0.437412 -0.754137
v -0.197505 -0.306345 -0.799786
v -0.197505 -0.306345 -0.754137
v 0.197505 -0.306345 -0.284861
v 0.197505 -0.306345 -0.239212
v 0.171044 -0.437412 -0.284861
v 0.171044 -0.437412 -0.239212
v 0.106301 -0.503550 -0.284861
v 0.106301 -0.503550 -0.239212
v -0.000000 -0.575096 -0.284861
v -0.000000 -0.575096 -0.239212
v -0.106302 -0.503550 -0.284861
v -0.106302 -0.503550 -0.239212
v -0.171045 -0.437412 -0.284861
v -0.171045 -0.437412 -0.239212
v -0.197505 -0.306345 -0.284861
v -0.197505 -0.306345 -0.239212
v -0.897186 0.697310 0.333287
v -0.928768 0.981941 1.084389
v -0.954584 1.208650 1.178509
v -0.856835 0.329227 -0.308928
v -0.941436 1.085868 1.899342
v -0.865546 0.408686 1.084168
v -0.832978 0.111607 -1.239736
v -0.824555 0.036811 0.751327
v -1.041979 1.201171 1.178509
v -1.016163 0.974461 1.084389
v -1.028831 1.078388 1.899342
v -0.984581 0.689830 0.333287
v -0.952941 0.401207 1.084168
v -0.944230 0.321748 -0.308928
v -0.911950 0.029331 0.751327
v -0.920374 0.104127 -1.239736
v -0.976220 1.010259 1.045095
v -1.003056 1.245682 1.151953
v -0.987361 1.101146 1.948580
v -0.945709 0.734773 0.307625
v -0.905558 0.368400 -0.330574
v -0.906821 0.384267 1.132512
v -0.876098 0.102926 -1.293309
v -0.863670 -0.006061 0.780967
v 0.897185 0.697310 0.333287
v 0.928767 0.981941 1.084389
v 0.954583 1.208650 1.178509
v 0.856835 0.329227 -0.308928
v 0.941436 1.085868 1.899342
v 0.865545 0.408686 1.084168
v 0.832978 0.111607 -1.239736
v 0.824554 0.036811 0.751327
v 1.041979 1.201171 1.178509
v 1.016163 0.974461 1.084389
v 1.028831 1.078388 1.899342
v 0.984581 0.689830 0.333287
v 0.952941 0.401207 1.084168
v 0.944230 0.321748 -0.308928
v 0.911950 0.029331 0.751327
v 0.920374 0.104127 -1.239736
v 0.976220 1.010259 1.045095
v 1.003056 1.245682 1.151952
v 0.987360 1.101146 1.948580
v 0.945708 0.734773 0.307625
v 0.905558 0.368400 -0.330574
v 0.906821 0.384267 1.132512
v 0.876097 0.102926 -1.293308
v 0.863669 -0.006061 0.780967
v 1.378667 -0.057664 -0.698683
v 1.441451 0.039949 -0.788339
v 1.378533 -0.129122 -0.305525
v 1.378533 -0.155277 0.000000
v 1.378533 -0.129122 0.305526
v 1.378533 -0.057664 0.529186
v 1.378533 0.039949 0.611051
v 1.378533 0.137562 0.529186
v 1.378533 0.209020 0.305526
v 1.378533 0.235175 0.000000
v 1.378533 0.209020 -0.305525
v 1.378667 0.137562 -0.698683
v 1.022418 0.039949 -1.206921
v 0.958085 -0.057664 -1.119398
v 0.957618 -0.129122 -0.305525
v 0.957618 -0.155277 0.000000
v 0.957618 -0.129122 0.540166
v 0.957618 -0.057664 0.763826
v 0.957618 0.039949 0.845691
v 0.957618 0.137562 0.763826
v 0.957618 0.209020 0.540166
v 0.957618 0.235175 0.000000
v 0.957618 0.209020 -0.305525
v 0.958085 0.137562 -1.119397
v 0.522880 -0.057664 -2.588683
v 0.490463 -0.129122 -0.305525
v 0.490463 -0.155277 0.000000
v 0.490463 -0.129122 0.707780
v 0.490463 -0.057664 0.931441
v 0.490463 0.039949 1.013306
v 0.490463 0.137562 0.931441
v 0.490463 0.209020 0.707780
v 0.490463 0.235175 0.000000
v 0.490463 0.209020 -0.305525
v 0.522880 0.137562 -2.588683
v 0.555856 0.039949 -2.686138
v -1.378668 -0.057664 -0.698683
v -1.441451 0.039949 -0.788339
v -1.378533 -0.129122 -0.305525
v -1.378533 -0.155277 0.000000
v -1.378533 -0.129122 0.305526
v -1.378533 -0.057664 0.529186
v -1.378533 0.039949 0.611051
v -1.378533 0.137562 0.529186
v -1.378533 0.209020 0.305526
v -1.378533 0.235175 0.000000
v -1.378533 0.209020 -0.305525
v -1.378668 0.137562 -0.698683
v -1.022418 0.039949 -1.206921
v -0.958086 -0.057664 -1.119397
v -0.957618 -0.129122 -0.305525
v -0.957618 -0.155277 0.000000
v -0.957618 -0.129122 0.540166
v -0.957618 -0.057664 0.763826
v -0.957618 0.039949 0.845691
v -0.957618 0.137562 0.763826
v -0.957618 0.209020 0.540166
v -0.957618 0.235175 0.000000
v -0.957618 0.209020 -0.305525
v -0.958086 0.137562 -1.119397
v -0.522880 -0.057664 -2.588683
v -0.490463 -0.129122 -0.305525
v -0.490463 -0.155277 0.000000
v -0.490463 -0.129122 0.707780
v -0.490463 -0.057664 0.931441
v -0.490463 0.039949 1.013306
v -0.490463 0.137562 0.931441
v -0.490463 0.209020 0.707780
v -0.490463 0.235175 0.000000
v -0.490463 0.209020 -0.305525
v -0.522880 0.137562 -2.588683
v -0.555856 0.039949 -2.686137
v -1.072322 1.187414 0.811367
v -1.078729 1.194110 2.853100
v -1.103017 1.136860 0.811367
v -1.111913 1.139455 2.853100
v -1.104322 1.077731 0.811367
v -1.113324 1.075531 2.853100
v -1.075888 1.025872 0.811367
v -1.082584 1.019465 2.853100
v -1.025334 0.995177 0.811367
v -1.027929 0.986281 2.853100
v -0.966205 0.993872 0.811367
v -0.964005 0.984870 2.853100
v -0.914346 1.022306 0.811367
v -0.907939 1.015610 2.853100
v -0.883651 1.072860 0.811367
v -0.874755 1.070265 2.853100
v -0.882346 1.131989 0.811367
v -0.873344 1.134189 2.853100
v -0.910780 1.183848 0.811367
v -0.904084 1.190255 2.853100
v -0.961334 1.214543 0.811367
v -0.958739 1.223439 2.853100
v -1.020463 1.215848 0.811367
v -1.022663 1.224850 2.853100
v -1.101769 1.218190 0.811367
v -1.143906 1.148789 0.811367
v -1.145698 1.067618 0.811367
v -1.106664 0.996425 0.811367
v -1.037264 0.954288 0.811367
v -0.956092 0.952496 0.811367
v -0.884899 0.991530 0.811367
v -0.842762 1.060931 0.811367
v -0.840970 1.142102 0.811367
v -0.880004 1.213295 0.811367
v -0.949405 1.255432 0.811367
v -1.030576 1.257224 0.811367
v -1.143906 1.148789 2.853100
v -1.101769 1.218190 2.853100
v -1.145698 1.067618 2.853100
v -1.106664 0.996425 2.853100
v -1.037263 0.954288 2.853100
v -0.956092 0.952496 2.853100
v -0.884899 0.991530 2.853100
v -0.842762 1.060931 2.853100
v -0.840970 1.142102 2.853100
v -0.880004 1.213295 2.853100
v -0.949404 1.255432 2.853100
v -1.030576 1.257224 2.853100
v -0.993334 1.104860 3.471953
v -1.068336 1.183248 0.744567
v -1.097482 1.135245 0.744567
v -1.098721 1.079100 0.744567
v -1.071722 1.029858 0.744567
v -1.023719 1.000713 0.744567
v -0.967575 0.999473 0.744567
v -0.918332 1.026472 0.744567
v -0.889187 1.074475 0.744567
v -0.887947 1.130620 0.744567
v -0.914946 1.179862 0.744567
v -0.962949 1.209008 0.744567
v -1.019094 1.210247 0.744567
v -1.072322 1.187414 0.762589
v -1.103017 1.136860 0.762589
v -1.104322 1.077731 0.762589
v -1.075888 1.025872 0.762589
v -1.025334 0.995177 0.762589
v -0.966205 0.993872 0.762589
v -0.914346 1.022306 0.762589
v -0.883651 1.072860 0.762589
v -0.882346 1.131989 0.762589
v -0.910780 1.183848 0.762589
v -0.961334 1.214543 0.762589
v -1.020463 1.215848 0.762589
v -1.055384 1.169712 0.730069
v -1.079497 1.129998 0.730069
v -1.080523 1.083549 0.730069
v -1.058186 1.042810 0.730069
v -1.018472 1.018697 0.730069
v -0.972023 1.017672 0.730069
v -0.931283 1.040008 0.730069
v -0.907171 1.079722 0.730069
v -0.906145 1.126171 0.730069
v -0.928482 1.166911 0.730069
v -0.968196 1.191023 0.730069
v -1.014645 1.192049 0.730069
v -1.035211 1.148627 0.712019
v -1.051484 1.121825 0.712019
v -1.052176 1.090477 0.712019
v -1.037102 1.062983 0.712019
v -1.010299 1.046710 0.712019
v -0.978951 1.046018 0.712019
v -0.951457 1.061093 0.712019
v -0.935184 1.087895 0.712019
v -0.934492 1.119243 0.712019
v -0.949567 1.146737 0.712019
v -0.976369 1.163010 0.712019
v -1.007717 1.163702 0.712019
v -1.018845 1.098625 3.465617
v -0.974359 1.123016 3.465617
v -0.975179 1.085885 3.465617
v -1.011489 1.123835 3.465617
v -1.012309 1.086705 3.465617
v -0.985979 1.130071 3.465617
v -0.968124 1.097505 3.465617
v -1.000689 1.079650 3.465617
v -0.999570 1.130371 3.465617
v -1.018545 1.112215 3.465617
v -0.967824 1.111096 3.465617
v -0.987098 1.079350 3.465617
v -1.027716 1.140794 0.622892
v -1.041077 1.118789 0.622892
v -1.041645 1.093052 0.622892
v -1.029268 1.070478 0.622892
v -1.007263 1.057118 0.622892
v -0.981526 1.056549 0.622892
v -0.958952 1.068926 0.622892
v -0.945592 1.090931 0.622892
v -0.945023 1.116669 0.622892
v -0.957400 1.139242 0.622892
v -0.979405 1.152603 0.622892
v -1.005142 1.153171 0.622892
v -0.993334 1.104860 0.622892
v -1.031485 1.068357 3.298477
v -1.062378 1.038798 3.029215
v -0.978546 1.155548 3.298477
v -0.966571 1.196593 3.029215
v -0.942646 1.090072 3.298477
v -0.901601 1.078097 3.029215
v -1.008122 1.054172 3.298477
v -1.020097 1.013127 3.029215
v -1.005871 1.156152 3.298477
v -1.016023 1.197685 3.029215
v -1.044022 1.119648 3.298477
v -1.085067 1.131623 3.029215
v -0.942043 1.117397 3.298477
v -0.900509 1.127549 3.029215
v -0.980797 1.053569 3.298477
v -0.970645 1.012035 3.029215
v -1.086159 1.082171 3.029215
v -1.044626 1.092323 3.298477
v -0.924290 1.170922 3.029215
v -0.955183 1.141363 3.298477
v -0.927273 1.035816 3.029215
v -0.956831 1.066709 3.298477
v -1.059396 1.173904 3.029215
v -1.029837 1.143011 3.298477
v 1.072322 1.187414 0.811367
v 1.078729 1.194110 2.853099
v 1.103017 1.136860 0.811367
v 1.111913 1.139456 2.853099
v 1.104322 1.077732 0.811367
v 1.113324 1.075531 2.853099
v 1.075888 1.025872 0.811367
v 1.082584 1.019465 2.853099
v 1.025334 0.995177 0.811367
v 1.027930 0.986281 2.853099
v 0.966205 0.993872 0.811367
v 0.964005 0.984870 2.853099
v 0.914346 1.022306 0.811367
v 0.907939 1.015610 2.853099
v 0.883651 1.072860 0.811367
v 0.874755 1.070265 2.853099
v 0.882346 1.131989 0.811367
v 0.873344 1.134189 2.853099
v 0.910780 1.183848 0.811367
v 0.904084 1.190255 2.853099
v 0.961334 1.214543 0.811367
v 0.958739 1.223439 2.853099
v 1.020463 1.215848 0.811367
v 1.022663 1.224850 2.853099
v 1.101769 1.218190 0.811367
v 1.143907 1.148790 0.811367
v 1.145698 1.067618 0.811367
v 1.106664 0.996426 0.811367
v 1.037264 0.954288 0.811367
v 0.956092 0.952496 0.811367
v 0.884899 0.991530 0.811367
v 0.842762 1.060931 0.811367
v 0.840970 1.142102 0.811367
v 0.880004 1.213295 0.811367
v 0.949405 1.255433 0.811367
v 1.030576 1.257225 0.811367
v 1.143906 1.148790 2.853099
v 1.101769 1.218190 2.853099
v 1.145698 1.067618 2.853099
v 1.106664 0.996426 2.853099
v 1.037263 0.954288 2.853099
v 0.956092 0.952496 2.853099
v 0.884899 0.991530 2.853099
v 0.842762 1.060931 2.853099
v 0.840970 1.142102 2.853099
v 0.880004 1.213295 2.853099
v 0.949405 1.255432 2.853099
v 1.030576 1.257224 2.853099
v 0.993334 1.104860 3.471953
v 1.068336 1.183248 0.744567
v 1.097481 1.135245 0.744567
v 1.098721 1.079101 0.744567
v 1.071722 1.029858 0.744567
v 1.023719 1.000713 0.744567
v 0.967574 0.999473 0.744567
v 0.918332 1.026472 0.744567
v 0.889187 1.074475 0.744567
v 0.887947 1.130620 0.744567
v 0.914946 1.179862 0.744567
v 0.962949 1.209008 0.744567
v 1.019094 1.210247 0.744567
v 1.072322 1.187414 0.762590
v 1.103017 1.136860 0.762590
v 1.104322 1.077732 0.762590
v 1.075888 1.025872 0.762590
v 1.025334 0.995177 0.762590
v 0.966205 0.993872 0.762590
v 0.914346 1.022306 0.762590
v 0.883651 1.072860 0.762590
v 0.882346 1.131989 0.762590
v 0.910780 1.183848 0.762590
v 0.961334 1.214543 0.762590
v 1.020463 1.215848 0.762590
v 1.055385 1.169712 0.730070
v 1.079497 1.129998 0.730070
v 1.080523 1.083549 0.730070
v 1.058186 1.042810 0.730070
v 1.018472 1.018697 0.730070
v 0.972023 1.017672 0.730070
v 0.931284 1.040008 0.730070
v 0.907171 1.079722 0.730070
v 0.906145 1.126172 0.730070
v 0.928482 1.166911 0.730070
v 0.968196 1.191024 0.730070
v 1.014646 1.192049 0.730070
v 1.035211 1.148628 0.712019
v 1.051484 1.121826 0.712019
v 1.052176 1.090478 0.712019
v 1.037102 1.062983 0.712019
v 1.010299 1.046710 0.712019
v 0.978951 1.046018 0.712019
v 0.951457 1.061093 0.712019
v 0.935184 1.087895 0.712019
v 0.934492 1.119243 0.712019
v 0.949567 1.146737 0.712019
v 0.976369 1.163010 0.712019
v 1.007717 1.163702 0.712019
v 1.018845 1.098625 3.465616
v 0.974359 1.123016 3.465616
v 0.975179 1.085885 3.465616
v 1.011489 1.123835 3.465616
v 1.012309 1.086705 3.465616
v 0.985979 1.130071 3.465616
v 0.968123 1.097505 3.465616
v 1.000689 1.079650 3.465616
v 0.999569 1.130371 3.465616
v 1.018545 1.112216 3.465616
v 0.967823 1.111096 3.465616
v 0.987099 1.079350 3.465616
v 1.027716 1.140794 0.622892
v 1.041077 1.118789 0.622892
v 1.041645 1.093052 0.622892
v 1.029268 1.070478 0.622892
v 1.007263 1.057118 0.622892
v 0.981526 1.056550 0.622892
v 0.958952 1.068926 0.622892
v 0.945592 1.090931 0.622892
v 0.945023 1.116669 0.622892
v 0.957400 1.139242 0.622892
v 0.979405 1.152603 0.622892
v 1.005142 1.153171 0.622892
v 0.993334 1.104860 0.622892
v 1.033103 1.066809 3.284375
v 1.062164 1.039003 3.031081
v 0.977919 1.157698 3.284375
v 0.966654 1.196309 3.031081
v 0.940496 1.089445 3.284375
v 0.901885 1.078180 3.031081
v 1.008749 1.052022 3.284375
v 1.020014 1.013412 3.031081
v 1.006403 1.158327 3.284375
v 1.015953 1.197397 3.031081
v 1.046172 1.120276 3.284375
v 1.084783 1.131540 3.031081
v 0.939867 1.117929 3.284375
v 0.900797 1.127479 3.031081
v 0.980265 1.051393 3.284375
v 0.970715 1.012323 3.031081
v 1.085871 1.082242 3.031081
v 1.046801 1.091791 3.284375
v 0.924504 1.170717 3.031081
v 0.953565 1.142912 3.284375
v 0.927477 1.036030 3.031081
v 0.955283 1.065091 3.284375
v 1.059191 1.173690 3.031081
v 1.031385 1.144629 3.284375
v -2.270380 0.569739 0.581660
v -2.608109 0.785972 0.899060
v -3.004514 1.039772 0.990979
v -2.023646 0.411766 0.034571
v -2.363950 0.629648 1.464972
v -2.049869 0.428556 1.337800
v -1.766377 0.247048 -1.244881
v -1.721778 0.218494 1.392785
v -3.075456 0.928969 0.990979
v -2.679051 0.675169 0.899060
v -2.434892 0.518845 1.464972
v -2.341322 0.458936 0.581660
v -2.120811 0.317753 1.337800
v -2.094588 0.300964 0.034571
v -1.792720 0.107691 1.392785
v -1.837319 0.136246 -1.244881
v -2.666943 0.745528 0.838762
v -3.094958 1.019567 0.978951
v -2.405797 0.578329 1.530911
v -2.348731 0.541792 0.539081
v -2.111422 0.389853 0.011159
v -2.080082 0.369788 1.403878
v -1.796004 0.187906 -1.310890
v -1.720172 0.139354 1.442455
v 2.270378 0.569739 0.581660
v 2.608108 0.785972 0.899060
v 3.004513 1.039772 0.990979
v 2.023644 0.411767 0.034571
v 2.363949 0.629648 1.464971
v 2.049868 0.428556 1.337800
v 1.766375 0.247049 -1.244881
v 1.721777 0.218494 1.392784
v 3.075455 0.928969 0.990979
v 2.679050 0.675169 0.899060
v 2.434891 0.518845 1.464971
v 2.341321 0.458937 0.581660
v 2.120810 0.317753 1.337800
v 2.094587 0.300964 0.034571
v 1.792719 0.107691 1.392784
v 1.837317 0.136246 -1.244881
v 2.666942 0.745529 0.838762
v 3.094955 1.019567 0.978951
v 2.405796 0.578329 1.530911
v 2.348730 0.541792 0.539081
v 2.111421 0.389854 0.011159
v 2.080081 0.369788 1.403878
v 1.796003 0.187906 -1.310890
v 1.720171 0.139354 1.442455
v -2.310483 -0.357423 0.581660
v -2.648997 -0.572426 0.899060
v -3.046322 -0.824782 0.990979
v -2.063176 -0.200349 0.034572
v -2.404270 -0.416991 1.464972
v -2.089461 -0.217043 1.337800
v -1.805310 -0.036568 -1.244881
v -1.760607 -0.008176 1.392785
v -2.975784 -0.935843 0.990979
v -2.578458 -0.683486 0.899060
v -2.333732 -0.528051 1.464972
v -2.239945 -0.468483 0.581660
v -2.018922 -0.328103 1.337800
v -1.992638 -0.311409 0.034572
v -1.690069 -0.119236 1.392785
v -1.734771 -0.147628 -1.244881
v -2.637144 -0.642829 0.838762
v -3.066153 -0.915309 0.978952
v -2.375392 -0.476580 1.530911
v -2.318193 -0.440251 0.539081
v -2.080333 -0.289177 0.011160
v -2.048921 -0.269225 1.403879
v -1.764183 -0.088378 -1.310890
v -1.688175 -0.040102 1.442456
v 2.310483 -0.357423 0.581660
v 2.648996 -0.572426 0.899060
v 3.046322 -0.824782 0.990979
v 2.063176 -0.200349 0.034572
v 2.404270 -0.416991 1.464972
v 2.089460 -0.217043 1.337800
v 1.805309 -0.036568 -1.244881
v 1.760607 -0.008176 1.392785
v 2.975783 -0.935843 0.990979
v 2.578458 -0.683486 0.899060
v 2.333731 -0.528051 1.464972
v 2.239944 -0.468483 0.581660
v 2.018921 -0.328103 1.337800
v 1.992637 -0.311409 0.034572
v 1.690068 -0.119236 1.392785
v 1.734770 -0.147628 -1.244881
v 2.637144 -0.642829 0.838762
v 3.066152 -0.915309 0.978952
v 2.375392 -0.476580 1.530911
v 2.318192 -0.440251 0.539081
v 2.080333 -0.289177 0.011160
v 2.048920 -0.269225 1.403879
v 1.764183 -0.088378 -1.310890
v 1.688175 -0.040102 1.442456
v -1.606100 0.144003 -1.609135
v -1.553387 0.126875 -1.609135
v -1.520808 0.082034 -1.609135
v -1.520808 0.026608 -1.609135
v -1.553387 -0.018233 -1.609135
v -1.606100 -0.035361 -1.609135
v -1.658813 -0.018233 -1.609135
v -1.691392 0.026608 -1.609135
v -1.691392 0.082034 -1.609135
v -1.658813 0.126875 -1.609135
v -1.606100 0.144003 -1.643939
v -1.553387 0.126875 -1.643939
v -1.520808 0.082034 -1.643939
v -1.520808 0.026608 -1.643939
v -1.553387 -0.018233 -1.643939
v -1.606100 -0.035361 -1.643939
v -1.658813 -0.018233 -1.643939
v -1.691392 0.026608 -1.643939
v -1.691392 0.082034 -1.643939
v -1.658813 0.126875 -1.643939
v 1.606100 0.144003 -1.609134
v 1.553387 0.126875 -1.609134
v 1.520808 0.082034 -1.609134
v 1.520808 0.026608 -1.609134
v 1.553387 -0.018233 -1.609134
v 1.606100 -0.035361 -1.609134
v 1.658814 -0.018233 -1.609134
v 1.691393 0.026608 -1.609134
v 1.691393 0.082034 -1.609134
v 1.658814 0.126875 -1.609134
v 1.606100 0.144003 -1.643939
v 1.553387 0.126875 -1.643939
v 1.520808 0.082034 -1.643939
v 1.520808 0.026608 -1.643939
v 1.553387 -0.018233 -1.643939
v 1.606100 -0.035361 -1.643939
v 1.658814 -0.018233 -1.643939
v 1.691393 0.026608 -1.643939
v 1.691393 0.082034 -1.643939
v 1.658814 0.126875 -1.643939
v -1.606100 0.144003 -1.715638
v -1.553387 0.126875 -1.715638
v -1.520808 0.082034 -1.715638
v -1.520808 0.026608 -1.715638
v -1.553387 -0.018233 -1.715638
v -1.606100 -0.035361 -1.715638
v -1.658813 -0.018233 -1.715638
v -1.691392 0.026608 -1.715638
v -1.691392 0.082034 -1.715638
v -1.658813 0.126875 -1.715638
v -1.606100 0.144003 -1.750443
v -1.553387 0.126875 -1.750443
v -1.520808 0.082034 -1.750443
v -1.520808 0.026608 -1.750443
v -1.553387 -0.018233 -1.750443
v -1.606100 -0.035361 -1.750443
v -1.658813 -0.018233 -1.750443
v -1.691392 0.026608 -1.750443
v -1.691392 0.082034 -1.750443
v -1.658813 0.126875 -1.750443
v 1.606100 0.144003 -1.715638
v 1.553387 0.126875 -1.715638
v 1.520808 0.082034 -1.715638
v 1.520808 0.026608 -1.715638
v 1.553387 -0.018233 -1.715638
v 1.606100 -0.035361 -1.715638
v 1.658814 -0.018233 -1.715638
v 1.691393 0.026608 -1.715638
v 1.691393 0.082034 -1.715638
v 1.658814 0.126875 -1.715638
v 1.606100 0.144003 -1.750443
v 1.553387 0.126875 -1.750443
v 1.520808 0.082034 -1.750443
v 1.520808 0.026608 -1.750443
v 1.553387 -0.018233 -1.750443
v 1.606100 -0.035361 -1.750443
v 1.658814 -0.018233 -1.750443
v 1.691393 0.026608 -1.750443
v 1.691393 0.082034 -1.750443
v 1.658814 0.126875 -1.750443
v 1.637229 0.168888 -2.176461
v 1.697462 0.125130 -2.176461
v 1.502551 0.125123 -2.176461
v 1.562780 0.168885 -2.176461
v 1.630074 0.187609 -2.171054
v 1.713386 0.136701 -2.176461
v 1.486625 0.136693 -2.176461
v 1.569934 0.187607 -2.171054
v 1.637229 0.168888 -2.105778
v 1.697462 0.125130 -2.105778
v 1.502551 0.125123 -2.105778
v 1.562780 0.168885 -2.105778
v 1.630074 0.187609 -2.111186
v 1.713386 0.136701 -2.105778
v 1.486625 0.136693 -2.105778
v 1.569934 0.187607 -2.111186
v 1.556696 0.187606 -2.176461
v 1.643312 0.187609 -2.176461
v 1.556696 0.187606 -2.105778
v 1.643312 0.187609 -2.105778
v 1.550718 0.276829 -2.177228
v 1.649281 0.276832 -2.177228
v 1.550718 0.276829 -2.105011
v 1.649281 0.276832 -2.105011
v 1.569932 0.244367 -2.111186
v 1.569932 0.244367 -2.171054
v 1.630072 0.244370 -2.111186
v 1.630072 0.244370 -2.171054
v 1.550721 0.248909 -2.105011
v 1.649284 0.248912 -2.105011
v 1.550721 0.248909 -2.177228
v 1.649284 0.248912 -2.177228
v 1.585568 0.187607 -2.176461
v 1.614440 0.187608 -2.176461
v 1.587596 0.168886 -2.176461
v 1.612413 0.168887 -2.176461
v 1.585568 0.187607 -2.105778
v 1.614440 0.187608 -2.105778
v 1.587596 0.168886 -2.105778
v 1.612413 0.168887 -2.105778
v 1.589981 0.187607 -2.171054
v 1.610027 0.187608 -2.171054
v 1.589981 0.187607 -2.111186
v 1.610027 0.187608 -2.111186
v 1.583572 0.276830 -2.205207
v 1.616427 0.276831 -2.205207
v 1.583572 0.276830 -2.078814
v 1.616427 0.276831 -2.078814
v 1.589979 0.244368 -2.171054
v 1.610025 0.244369 -2.171054
v 1.610025 0.244369 -2.111186
v 1.589979 0.244368 -2.111186
v 1.583575 0.248910 -2.205207
v 1.616430 0.248911 -2.205207
v 1.616430 0.248911 -2.078814
v 1.583575 0.248910 -2.078814
v 1.637229 -0.060246 -2.176461
v 1.697462 -0.016488 -2.176461
v 1.720471 0.054321 -2.176461
v 1.479547 0.054321 -2.176461
v 1.502551 -0.016481 -2.176461
v 1.562780 -0.060243 -2.176461
v 1.630074 -0.078967 -2.171054
v 1.713386 -0.028059 -2.176461
v 1.740155 0.054321 -2.176461
v 1.459863 0.054321 -2.176461
v 1.486625 -0.028050 -2.176461
v 1.569934 -0.078965 -2.171054
v 1.637229 -0.060246 -2.105778
v 1.697462 -0.016488 -2.105778
v 1.720471 0.054321 -2.105778
v 1.479547 0.054321 -2.105778
v 1.502551 -0.016481 -2.105778
v 1.562780 -0.060243 -2.105778
v 1.630074 -0.078967 -2.111186
v 1.713386 -0.028059 -2.105778
v 1.740155 0.054321 -2.105778
v 1.459863 0.054321 -2.105778
v 1.486625 -0.028050 -2.105778
v 1.569934 -0.078965 -2.111186
v 1.556696 -0.078964 -2.176461
v 1.643312 -0.078967 -2.176461
v 1.556696 -0.078964 -2.105778
v 1.643312 -0.078967 -2.105778
v 1.550718 -0.168187 -2.177228
v 1.649281 -0.168190 -2.177228
v 1.550718 -0.168187 -2.105011
v 1.649281 -0.168190 -2.105011
v 1.569932 -0.135725 -2.111186
v 1.569932 -0.135725 -2.171054
v 1.630072 -0.135728 -2.111186
v 1.630072 -0.135728 -2.171054
v 1.550721 -0.140267 -2.105011
v 1.649284 -0.140270 -2.105011
v 1.550721 -0.140267 -2.177228
v 1.649284 -0.140270 -2.177228
v 1.585568 -0.078965 -2.176461
v 1.614440 -0.078966 -2.176461
v 1.587596 -0.060244 -2.176461
v 1.612413 -0.060245 -2.176461
v 1.585568 -0.078965 -2.105778
v 1.614440 -0.078966 -2.105778
v 1.587596 -0.060244 -2.105778
v 1.612413 -0.060245 -2.105778
v 1.589981 -0.078965 -2.171054
v 1.610027 -0.078966 -2.171054
v 1.589981 -0.078965 -2.111186
v 1.610027 -0.078966 -2.111186
v 1.583572 -0.168188 -2.205207
v 1.616427 -0.168189 -2.205207
v 1.583572 -0.168188 -2.078814
v 1.616427 -0.168189 -2.078814
v 1.589979 -0.135726 -2.171054
v 1.610025 -0.135727 -2.171054
v 1.610025 -0.135727 -2.111186
v 1.589979 -0.135726 -2.111186
v 1.583575 -0.140268 -2.205207
v 1.616430 -0.140269 -2.205207
v 1.616430 -0.140269 -2.078814
v 1.583575 -0.140268 -2.078814
v -1.637230 0.168888 -2.176461
v -1.697462 0.125130 -2.176461
v -1.502552 0.125123 -2.176461
v -1.562781 0.168885 -2.176461
v -1.630074 0.187609 -2.171054
v -1.713387 0.136701 -2.176461
v -1.486625 0.136693 -2.176461
v -1.569934 0.187607 -2.171054
v -1.637230 0.168888 -2.105778
v -1.697462 0.125130 -2.105778
v -1.502552 0.125123 -2.105778
v -1.562781 0.168885 -2.105778
v -1.630074 0.187609 -2.111186
v -1.713387 0.136701 -2.105778
v -1.486625 0.136693 -2.105778
v -1.569934 0.187607 -2.111186
v -1.556697 0.187606 -2.176461
v -1.643312 0.187609 -2.176461
v -1.556697 0.187606 -2.105778
v -1.643312 0.187609 -2.105778
v -1.550718 0.276829 -2.177228
v -1.649281 0.276832 -2.177228
v -1.550718 0.276829 -2.105011
v -1.649281 0.276832 -2.105011
v -1.569933 0.244367 -2.111186
v -1.569933 0.244367 -2.171054
v -1.630072 0.244370 -2.111186
v -1.630072 0.244370 -2.171054
v -1.550721 0.248909 -2.105011
v -1.649285 0.248912 -2.105011
v -1.550721 0.248909 -2.177228
v -1.649285 0.248912 -2.177228
v -1.585568 0.187607 -2.176461
v -1.614441 0.187608 -2.176461
v -1.587597 0.168886 -2.176461
v -1.612413 0.168887 -2.176461
v -1.585568 0.187607 -2.105778
v -1.614441 0.187608 -2.105778
v -1.587597 0.168886 -2.105778
v -1.612413 0.168887 -2.105778
v -1.589981 0.187607 -2.171054
v -1.610028 0.187608 -2.171054
v -1.589981 0.187607 -2.111186
v -1.610028 0.187608 -2.111186
v -1.583572 0.276830 -2.205207
v -1.616427 0.276831 -2.205207
v -1.583572 0.276830 -2.078814
v -1.616427 0.276831 -2.078814
v -1.589979 0.244368 -2.171054
v -1.610026 0.244369 -2.171054
v -1.610026 0.244369 -2.111186
v -1.589979 0.244368 -2.111186
v -1.583575 0.248910 -2.205207
v -1.616430 0.248911 -2.205207
v -1.616430 0.248911 -2.078814
v -1.583575 0.248910 -2.078814
v -1.637230 -0.060246 -2.176461
v -1.697462 -0.016488 -2.176461
v -1.720471 0.054321 -2.176461
v -1.479548 0.054321 -2.176461
v -1.502552 -0.016481 -2.176461
v -1.562781 -0.060243 -2.176461
v -1.630074 -0.078967 -2.171054
v -1.713387 -0.028059 -2.176461
v -1.740156 0.054321 -2.176461
v -1.459863 0.054321 -2.176461
v -1.486625 -0.028050 -2.176461
v -1.569934 -0.078965 -2.171054
v -1.637230 -0.060246 -2.105778
v -1.697462 -0.016488 -2.105778
v -1.720471 0.054321 -2.105778
v -1.479548 0.054321 -2.105778
v -1.502552 -0.016481 -2.105778
v -1.562781 -0.060243 -2.105778
v -1.630074 -0.078967 -2.111186
v -1.713387 -0.028059 -2.105778
v -1.740156 0.054321 -2.105778
v -1.459863 0.054321 -2.105778
v -1.486625 -0.028050 -2.105778
v -1.569934 -0.078965 -2.111186
v -1.556697 -0.078964 -2.176461
v -1.643312 -0.078967 -2.176461
v -1.556697 -0.078964 -2.105778
v -1.643312 -0.078967 -2.105778
v -1.550718 -0.168187 -2.177228
v -1.649281 -0.168190 -2.177228
v -1.550718 -0.168187 -2.105011
v -1.649281 -0.168190 -2.105011
v -1.569933 -0.135725 -2.111186
v -1.569933 -0.135725 -2.171054
v -1.630072 -0.135728 -2.111186
v -1.630072 -0.135728 -2.171054
v -1.550721 -0.140267 -2.105011
v -1.649285 -0.140269 -2.105011
v -1.550721 -0.140267 -2.177228
v -1.649285 -0.140269 -2.177228
v -1.585568 -0.078965 -2.176461
v -1.614441 -0.078966 -2.176461
v -1.587597 -0.060244 -2.176461
v -1.612413 -0.060245 -2.176461
v -1.585568 -0.078965 -2.105778
v -1.614441 -0.078966 -2.105778
v -1.587597 -0.060244 -2.105778
v -1.612413 -0.060245 -2.105778
v -1.589981 -0.078965 -2.171054
v -1.610028 -0.078966 -2.171054
v -1.589981 -0.078965 -2.111186
v -1.610028 -0.078966 -2.111186
v -1.583572 -0.168188 -2.205207
v -1.616427 -0.168189 -2.205207
v -1.583572 -0.168188 -2.078814
v -1.616427 -0.168189 -2.078814
v -1.589979 -0.135726 -2.171054
v -1.610026 -0.135727 -2.171054
v -1.610026 -0.135727 -2.111186
v -1.589979 -0.135726 -2.111186
v -1.583575 -0.140268 -2.205207
v -1.616430 -0.140269 -2.205207
v -1.616430 -0.140269 -2.078814
v -1.583575 -0.140268 -2.078814
v 1.637229 0.168888 -4.259905
v 1.697462 0.125130 -4.259905
v 1.502551 0.125123 -4.259905
v 1.562780 0.168885 -4.259905
v 1.630074 0.187609 -4.254498
v 1.713386 0.136701 -4.259905
v 1.486625 0.136693 -4.259905
v 1.569934 0.187607 -4.254498
v 1.637229 0.168888 -4.189222
v 1.697462 0.125130 -4.189222
v 1.502551 0.125123 -4.189222
v 1.562780 0.168885 -4.189222
v 1.630074 0.187609 -4.194629
v 1.713386 0.136701 -4.189222
v 1.486625 0.136693 -4.189222
v 1.569934 0.187607 -4.194629
v 1.556696 0.187606 -4.259905
v 1.643312 0.187609 -4.259905
v 1.556696 0.187606 -4.189222
v 1.643312 0.187609 -4.189222
v 1.550718 0.276829 -4.260672
v 1.649281 0.276832 -4.260672
v 1.550718 0.276829 -4.188455
v 1.649281 0.276832 -4.188455
v 1.569932 0.244367 -4.194629
v 1.569932 0.244367 -4.254498
v 1.630072 0.244370 -4.194629
v 1.630072 0.244370 -4.254498
v 1.550721 0.248909 -4.188455
v 1.649284 0.248912 -4.188455
v 1.550721 0.248909 -4.260672
v 1.649284 0.248912 -4.260672
v 1.585568 0.187607 -4.259905
v 1.614440 0.187608 -4.259905
v 1.587596 0.168886 -4.259905
v 1.612413 0.168887 -4.259905
v 1.585568 0.187607 -4.189222
v 1.614440 0.187608 -4.189222
v 1.587596 0.168886 -4.189222
v 1.612413 0.168887 -4.189222
v 1.589981 0.187607 -4.254498
v 1.610027 0.187608 -4.254498
v 1.589981 0.187607 -4.194629
v 1.610027 0.187608 -4.194629
v 1.583572 0.276830 -4.288651
v 1.616427 0.276831 -4.288651
v 1.583572 0.276830 -4.162257
v 1.616427 0.276831 -4.162257
v 1.589979 0.244368 -4.254498
v 1.610025 0.244369 -4.254498
v 1.610025 0.244369 -4.194629
v 1.589979 0.244368 -4.194629
v 1.583575 0.248910 -4.288651
v 1.616430 0.248911 -4.288651
v 1.616430 0.248911 -4.162257
v 1.583575 0.248910 -4.162257
v 1.637229 -0.060246 -4.259905
v 1.697462 -0.016488 -4.259905
v 1.720471 0.054321 -4.259905
v 1.479547 0.054321 -4.259905
v 1.502551 -0.016481 -4.259905
v 1.562780 -0.060243 -4.259905
v 1.630074 -0.078967 -4.254498
v 1.713386 -0.028059 -4.259905
v 1.740155 0.054321 -4.259905
v 1.459863 0.054321 -4.259905
v 1.486625 -0.028050 -4.259905
v 1.569934 -0.078965 -4.254498
v 1.637229 -0.060246 -4.189222
v 1.697462 -0.016488 -4.189222
v 1.720471 0.054321 -4.189222
v 1.479547 0.054321 -4.189222
v 1.502551 -0.016481 -4.189222
v 1.562780 -0.060243 -4.189222
v 1.630074 -0.078967 -4.194629
v 1.713386 -0.028059 -4.189222
v 1.740155 0.054321 -4.189222
v 1.459863 0.054321 -4.189222
v 1.486625 -0.028050 -4.189222
v 1.569934 -0.078965 -4.194629
v 1.556696 -0.078964 -4.259905
v 1.643312 -0.078967 -4.259905
v 1.556696 -0.078964 -4.189222
v 1.643312 -0.078967 -4.189222
v 1.550718 -0.168187 -4.260672
v 1.649281 -0.168190 -4.260672
v 1.550718 -0.168187 -4.188455
v 1.649281 -0.168190 -4.188455
v 1.569932 -0.135725 -4.194629
v 1.569932 -0.135725 -4.254498
v 1.630072 -0.135728 -4.194629
v 1.630072 -0.135728 -4.254498
v 1.550721 -0.140267 -4.188455
v 1.649284 -0.140270 -4.188455
v 1.550721 -0.140267 -4.260672
v 1.649284 -0.140270 -4.260672
v 1.585568 -0.078965 -4.259905
v 1.614440 -0.078966 -4.259905
v 1.587596 -0.060244 -4.259905
v 1.612413 -0.060245 -4.259905
v 1.585568 -0.078965 -4.189222
v 1.614440 -0.078966 -4.189222
v 1.587596 -0.060244 -4.189222
v 1.612413 -0.060245 -4.189222
v 1.589981 -0.078965 -4.254498
v 1.610027 -0.078966 -4.254498
v 1.589981 -0.078965 -4.194629
v 1.610027 -0.078966 -4.194629
v 1.583572 -0.168188 -4.288651
v 1.616427 -0.168189 -4.288651
v 1.583572 -0.168188 -4.162257
v 1.616427 -0.168189 -4.162257
v 1.589979 -0.135726 -4.254498
v 1.610025 -0.135727 -4.254498
v 1.610025 -0.135727 -4.194629
v 1.589979 -0.135726 -4.194629
v 1.583575 -0.140268 -4.288651
v 1.616430 -0.140269 -4.288651
v 1.616430 -0.140269 -4.162257
v 1.583575 -0.140268 -4.162257
v 1.720471 0.054321 -4.195966
v 1.502551 0.125123 -4.195966
v 1.479547 0.054321 -4.195966
v 1.697462 0.125130 -4.195966
v 1.587596 0.168886 -4.195966
v 1.612413 0.168887 -4.195966
v 1.637229 0.168888 -4.195966
v 1.562780 0.168885 -4.195966
v 1.502551 -0.016481 -4.195966
v 1.697462 -0.016488 -4.195966
v 1.587596 -0.060244 -4.195966
v 1.612413 -0.060245 -4.195966
v 1.637229 -0.060246 -4.195966
v 1.562780 -0.060243 -4.195966
v 1.697462 0.125130 -4.246927
v 1.637229 0.168888 -4.246927
v 1.587596 -0.060244 -4.246927
v 1.562780 -0.060243 -4.246927
v 1.697462 -0.016488 -4.246927
v 1.720471 0.054321 -4.246927
v 1.562780 0.168885 -4.246927
v 1.502551 0.125123 -4.246927
v 1.502551 -0.016481 -4.246927
v 1.637229 -0.060246 -4.246927
v 1.479547 0.054321 -4.246927
v 1.587596 0.168886 -4.246927
v 1.612413 0.168887 -4.246927
v 1.612413 -0.060245 -4.246927
v -1.637230 0.168888 -4.259905
v -1.697462 0.125130 -4.259905
v -1.502552 0.125123 -4.259905
v -1.562781 0.168885 -4.259905
v -1.630074 0.187609 -4.254498
v -1.713387 0.136701 -4.259905
v -1.486625 0.136693 -4.259905
v -1.569934 0.187607 -4.254498
v -1.637230 0.168888 -4.189222
v -1.697462 0.125130 -4.189222
v -1.502552 0.125123 -4.189222
v -1.562781 0.168885 -4.189222
v -1.630074 0.187609 -4.194630
v -1.713387 0.136701 -4.189222
v -1.486625 0.136693 -4.189222
v -1.569934 0.187607 -4.194630
v -1.556697 0.187606 -4.259905
v -1.643312 0.187609 -4.259905
v -1.556697 0.187606 -4.189222
v -1.643312 0.187609 -4.189222
v -1.550718 0.276829 -4.260672
v -1.649281 0.276832 -4.260672
v -1.550718 0.276829 -4.188455
v -1.649281 0.276832 -4.188455
v -1.569933 0.244367 -4.194630
v -1.569933 0.244367 -4.254498
v -1.630072 0.244370 -4.194630
v -1.630072 0.244370 -4.254498
v -1.550721 0.248909 -4.188455
v -1.649285 0.248912 -4.188455
v -1.550721 0.248909 -4.260672
v -1.649285 0.248912 -4.260672
v -1.585568 0.187607 -4.259905
v -1.614441 0.187608 -4.259905
v -1.587597 0.168886 -4.259905
v -1.612413 0.168887 -4.259905
v -1.585568 0.187607 -4.189222
v -1.614441 0.187608 -4.189222
v -1.587597 0.168886 -4.189222
v -1.612413 0.168887 -4.189222
v -1.589981 0.187607 -4.254498
v -1.610028 0.187608 -4.254498
v -1.589981 0.187607 -4.194630
v -1.610028 0.187608 -4.194630
v -1.583572 0.276830 -4.288651
v -1.616427 0.276831 -4.288651
v -1.583572 0.276830 -4.162257
v -1.616427 0.276831 -4.162257
v -1.589979 0.244368 -4.254498
v -1.610026 0.244369 -4.254498
v -1.610026 0.244369 -4.194630
v -1.589979 0.244368 -4.194630
v -1.583575 0.248910 -4.288651
v -1.616430 0.248911 -4.288651
v -1.616430 0.248911 -4.162257
v -1.583575 0.248910 -4.162257
v -1.637230 -0.060246 -4.259905
v -1.697462 -0.016488 -4.259905
v -1.720471 0.054321 -4.259905
v -1.479548 0.054321 -4.259905
v -1.502552 -0.016481 -4.259905
v -1.562781 -0.060243 -4.259905
v -1.630074 -0.078967 -4.254498
v -1.713387 -0.028059 -4.259905
v -1.740156 0.054321 -4.259905
v -1.459863 0.054321 -4.259905
v -1.486625 -0.028050 -4.259905
v -1.569934 -0.078965 -4.254498
v -1.637230 -0.060246 -4.189222
v -1.697462 -0.016488 -4.189222
v -1.720471 0.054321 -4.189222
v -1.479548 0.054321 -4.189222
v -1.502552 -0.016481 -4.189222
v -1.562781 -0.060243 -4.189222
v -1.630074 -0.078967 -4.194630
v -1.713387 -0.028059 -4.189222
v -1.740156 0.054321 -4.189222
v -1.459863 0.054321 -4.189222
v -1.486625 -0.028050 -4.189222
v -1.569934 -0.078965 -4.194630
v -1.556697 -0.078964 -4.259905
v -1.643312 -0.078967 -4.259905
v -1.556697 -0.078964 -4.189222
v -1.643312 -0.078967 -4.189222
v -1.550718 -0.168187 -4.260672
v -1.649281 -0.168190 -4.260672
v -1.550718 -0.168187 -4.188455
v -1.649281 -0.168190 -4.188455
v -1.569933 -0.135725 -4.194630
v -1.569933 -0.135725 -4.254498
v -1.630072 -0.135728 -4.194630
v -1.630072 -0.135728 -4.254498
v -1.550721 -0.140267 -4.188455
v -1.649285 -0.140269 -4.188455
v -1.550721 -0.140267 -4.260672
v -1.649285 -0.140269 -4.260672
v -1.585568 -0.078965 -4.259905
v -1.614441 -0.078966 -4.259905
v -1.587597 -0.060244 -4.259905
v -1.612413 -0.060245 -4.259905
v -1.585568 -0.078965 -4.189222
v -1.614441 -0.078966 -4.189222
v -1.587597 -0.060244 -4.189222
v -1.612413 -0.060245 -4.189222
v -1.589981 -0.078965 -4.254498
v -1.610028 -0.078966 -4.254498
v -1.589981 -0.078965 -4.194630
v -1.610028 -0.078966 -4.194630
v -1.583572 -0.168188 -4.288651
v -1.616427 -0.168189 -4.288651
v -1.583572 -0.168188 -4.162257
v -1.616427 -0.168189 -4.162257
v -1.589979 -0.135726 -4.254498
v -1.610026 -0.135727 -4.254498
v -1.610026 -0.135727 -4.194630
v -1.589979 -0.135726 -4.194630
v -1.583575 -0.140268 -4.288651
v -1.616430 -0.140269 -4.288651
v -1.616430 -0.140269 -4.162257
v -1.583575 -0.140268 -4.162257
v -1.720471 0.054321 -4.195966
v -1.502552 0.125123 -4.195966
v -1.479548 0.054321 -4.195966
v -1.697462 0.125130 -4.195966
v -1.587597 0.168886 -4.195966
v -1.612413 0.168887 -4.195966
v -1.637230 0.168888 -4.195966
v -1.562781 0.168885 -4.195966
v -1.502552 -0.016481 -4.195966
v -1.697462 -0.016488 -4.195966
v -1.587597 -0.060244 -4.195966
v -1.612413 -0.060245 -4.195966
v -1.637230 -0.060246 -4.195966
v -1.562781 -0.060243 -4.195966
v -1.697462 0.125130 -4.246927
v -1.637230 0.168888 -4.246927
v -1.587597 -0.060244 -4.246927
v -1.562781 -0.060243 -4.246927
v -1.697462 -0.016488 -4.246927
v -1.720471 0.054321 -4.246927
v -1.562781 0.168885 -4.246927
v -1.502552 0.125123 -4.246927
v -1.502552 -0.016481 -4.246927
v -1.637230 -0.060246 -4.246927
v -1.479548 0.054321 -4.246927
v -1.587597 0.168886 -4.246927
v -1.612413 0.168887 -4.246927
v -1.612413 -0.060245 -4.246927
v 1.576863 -0.169012 -2.546727
v 1.583656 -0.095673 -2.599838
v 1.576863 -0.169012 -2.613256
v 1.583656 -0.095673 -2.645386
v 1.619942 -0.169012 -2.546727
v 1.613149 -0.095673 -2.599838
v 1.619942 -0.169012 -2.613256
v 1.613149 -0.095673 -2.645386
v 1.591333 -0.069653 -2.674595
v 1.591333 -0.069653 -2.700021
v 1.605472 -0.069653 -2.700021
v 1.605472 -0.069653 -2.674595
v 1.576863 -0.169012 -2.879375
v 1.583656 -0.095673 -2.932485
v 1.576863 -0.169012 -2.945903
v 1.583656 -0.095673 -2.978033
v 1.619942 -0.169012 -2.879375
v 1.613149 -0.095673 -2.932485
v 1.619942 -0.169012 -2.945903
v 1.613149 -0.095673 -2.978033
v 1.591333 -0.069653 -3.007242
v 1.591333 -0.069653 -3.032668
v 1.605472 -0.069653 -3.032668
v 1.605472 -0.069653 -3.007242
v 1.576863 -0.169012 -3.212022
v 1.583656 -0.095673 -3.265132
v 1.576863 -0.169012 -3.278550
v 1.583656 -0.095673 -3.310680
v 1.619942 -0.169012 -3.212022
v 1.613149 -0.095673 -3.265132
v 1.619942 -0.169012 -3.278550
v 1.613149 -0.095673 -3.310680
v 1.591333 -0.069653 -3.339890
v 1.591333 -0.069653 -3.365315
v 1.605472 -0.069653 -3.365315
v 1.605472 -0.069653 -3.339890
v 1.576863 -0.169012 -3.544669
v 1.583656 -0.095673 -3.597780
v 1.576863 -0.169012 -3.611197
v 1.583656 -0.095673 -3.643327
v 1.619942 -0.169012 -3.544669
v 1.613149 -0.095673 -3.597780
v 1.619942 -0.169012 -3.611197
v 1.613149 -0.095673 -3.643327
v 1.591333 -0.069653 -3.672536
v 1.591333 -0.069653 -3.697962
v 1.605472 -0.069653 -3.697962
v 1.605472 -0.069653 -3.672536
v 1.576863 -0.169012 -3.877316
v 1.583656 -0.095673 -3.930427
v 1.576863 -0.169012 -3.943844
v 1.583656 -0.095673 -3.975974
v 1.619942 -0.169012 -3.877316
v 1.613149 -0.095673 -3.930427
v 1.619942 -0.169012 -3.943844
v 1.613149 -0.095673 -3.975974
v 1.591333 -0.069653 -4.005184
v 1.591333 -0.069653 -4.030610
v 1.605472 -0.069653 -4.030610
v 1.605472 -0.069653 -4.005184
v -1.576863 -0.169012 -2.546727
v -1.583656 -0.095673 -2.599838
v -1.576863 -0.169012 -2.613256
v -1.583656 -0.095673 -2.645386
v -1.619942 -0.169012 -2.546727
v -1.613149 -0.095673 -2.599838
v -1.619942 -0.169012 -2.613256
v -1.613149 -0.095673 -2.645386
v -1.591333 -0.069653 -2.674595
v -1.591333 -0.069653 -2.700021
v -1.605473 -0.069653 -2.700021
v -1.605473 -0.069653 -2.674595
v -1.576863 -0.169012 -2.879374
v -1.583656 -0.095673 -2.932485
v -1.576863 -0.169012 -2.945903
v -1.583656 -0.095673 -2.978033
v -1.619942 -0.169012 -2.879374
v -1.613149 -0.095673 -2.932485
v -1.619942 -0.169012 -2.945903
v -1.613149 -0.095673 -2.978033
v -1.591333 -0.069653 -3.007242
v -1.591333 -0.069653 -3.032668
v -1.605473 -0.069653 -3.032668
v -1.605473 -0.069653 -3.007242
v -1.576863 -0.169012 -3.212021
v -1.583656 -0.095673 -3.265132
v -1.576863 -0.169012 -3.278550
v -1.583656 -0.095673 -3.310680
v -1.619942 -0.169012 -3.212021
v -1.613149 -0.095673 -3.265132
v -1.619942 -0.169012 -3.278550
v -1.613149 -0.095673 -3.310680
v -1.591333 -0.069653 -3.339889
v -1.591333 -0.069653 -3.365315
v -1.605473 -0.069653 -3.365315
v -1.605473 -0.069653 -3.339889
v -1.576863 -0.169012 -3.544669
v -1.583656 -0.095673 -3.597779
v -1.576863 -0.169012 -3.611197
v -1.583656 -0.095673 -3.643327
v -1.619942 -0.169012 -3.544669
v -1.613149 -0.095673 -3.597779
v -1.619942 -0.169012 -3.611197
v -1.613149 -0.095673 -3.643327
v -1.591333 -0.069653 -3.672536
v -1.591333 -0.069653 -3.697962
v -1.605473 -0.069653 -3.697962
v -1.605473 -0.069653 -3.672536
v -1.576863 -0.169012 -3.877316
v -1.583656 -0.095673 -3.930426
v -1.576863 -0.169012 -3.943844
v -1.583656 -0.095673 -3.975974
v -1.619942 -0.169012 -3.877316
v -1.613149 -0.095673 -3.930426
v -1.619942 -0.169012 -3.943844
v -1.613149 -0.095673 -3.975974
v -1.591333 -0.069653 -4.005183
v -1.591333 -0.069653 -4.030609
v -1.605473 -0.069653 -4.030609
v -1.605473 -0.069653 -4.005183
v 1.576863 0.277654 -2.546727
v 1.583656 0.204316 -2.599838
v 1.576863 0.277654 -2.613256
v 1.583656 0.204316 -2.645386
v 1.619942 0.277654 -2.546727
v 1.613149 0.204316 -2.599838
v 1.619942 0.277654 -2.613256
v 1.613149 0.204316 -2.645386
v 1.591333 0.178296 -2.674595
v 1.591333 0.178296 -2.700021
v 1.605472 0.178296 -2.700021
v 1.605472 0.178296 -2.674595
v 1.576863 0.277654 -2.879374
v 1.583656 0.204316 -2.932485
v 1.576863 0.277654 -2.945903
v 1.583656 0.204316 -2.978033
v 1.619942 0.277654 -2.879374
v 1.613149 0.204316 -2.932485
v 1.619942 0.277654 -2.945903
v 1.613149 0.204316 -2.978033
v 1.591333 0.178296 -3.007242
v 1.591333 0.178296 -3.032668
v 1.605472 0.178296 -3.032668
v 1.605472 0.178296 -3.007242
v 1.576863 0.277654 -3.212021
v 1.583656 0.204316 -3.265132
v 1.576863 0.277654 -3.278550
v 1.583656 0.204316 -3.310680
v 1.619942 0.277654 -3.212021
v 1.613149 0.204316 -3.265132
v 1.619942 0.277654 -3.278550
v 1.613149 0.204316 -3.310680
v 1.591333 0.178296 -3.339889
v 1.591333 0.178296 -3.365315
v 1.605472 0.178296 -3.365315
v 1.605472 0.178296 -3.339889
v 1.576863 0.277654 -3.544668
v 1.583656 0.204316 -3.597779
v 1.576863 0.277654 -3.611197
v 1.583656 0.204316 -3.643327
v 1.619942 0.277654 -3.544668
v 1.613149 0.204316 -3.597779
v 1.619942 0.277654 -3.611197
v 1.613149 0.204316 -3.643327
v 1.591333 0.178296 -3.672536
v 1.591333 0.178296 -3.697962
v 1.605472 0.178296 -3.697962
v 1.605472 0.178296 -3.672536
v 1.576863 0.277654 -3.877316
v 1.583656 0.204316 -3.930426
v 1.576863 0.277654 -3.943844
v 1.583656 0.204316 -3.975974
v 1.619942 0.277654 -3.877316
v 1.613149 0.204316 -3.930426
v 1.619942 0.277654 -3.943844
v 1.613149 0.204316 -3.975974
v 1.591333 0.178296 -4.005183
v 1.591333 0.178296 -4.030609
v 1.605472 0.178296 -4.030609
v 1.605472 0.178296 -4.005183
v -1.576863 0.277654 -2.546727
v -1.583656 0.204315 -2.599838
v -1.576863 0.277654 -2.613256
v -1.583656 0.204315 -2.645386
v -1.619942 0.277654 -2.546727
v -1.613149 0.204315 -2.599838
v -1.619942 0.277654 -2.613256
v -1.613149 0.204315 -2.645386
v -1.591332 0.178295 -2.674595
v -1.591332 0.178295 -2.700021
v -1.605472 0.178295 -2.700021
v -1.605472 0.178295 -2.674595
v -1.576863 0.277654 -2.879374
v -1.583656 0.204315 -2.932485
v -1.576863 0.277654 -2.945902
v -1.583656 0.204315 -2.978033
v -1.619942 0.277654 -2.879374
v -1.613149 0.204315 -2.932485
v -1.619942 0.277654 -2.945902
v -1.613149 0.204315 -2.978033
v -1.591332 0.178295 -3.007242
v -1.591332 0.178295 -3.032668
v -1.605472 0.178295 -3.032668
v -1.605472 0.178295 -3.007242
v -1.576863 0.277654 -3.212021
v -1.583656 0.204315 -3.265132
v -1.576863 0.277654 -3.278549
v -1.583656 0.204315 -3.310679
v -1.619942 0.277654 -3.212021
v -1.613149 0.204315 -3.265132
v -1.619942 0.277654 -3.278549
v -1.613149 0.204315 -3.310679
v -1.591332 0.178295 -3.339889
v -1.591332 0.178295 -3.365314
v -1.605472 0.178295 -3.365314
v -1.605472 0.178295 -3.339889
v -1.576863 0.277654 -3.544668
v -1.583656 0.204315 -3.597779
v -1.576863 0.277654 -3.611197
v -1.583656 0.204315 -3.643327
v -1.619942 0.277654 -3.544668
v -1.613149 0.204315 -3.597779
v -1.619942 0.277654 -3.611197
v -1.613149 0.204315 -3.643327
v -1.591332 0.178295 -3.672536
v -1.591332 0.178295 -3.697962
v -1.605472 0.178295 -3.697962
v -1.605472 0.178295 -3.672536
v -1.576863 0.277654 -3.877315
v -1.583656 0.204315 -3.930426
v -1.576863 0.277654 -3.943844
v -1.583656 0.204315 -3.975973
v -1.619942 0.277654 -3.877315
v -1.613149 0.204315 -3.930426
v -1.619942 0.277654 -3.943844
v -1.613149 0.204315 -3.975973
v -1.591332 0.178295 -4.005183
v -1.591332 0.178295 -4.030609
v -1.605472 0.178295 -4.030609
v -1.605472 0.178295 -4.005183
v 1.762093 0.026808 -2.107593
v 1.780323 0.052666 -2.107593
v 1.731868 0.036156 -2.107593
v 1.731418 0.067790 -2.107593
v 1.761365 0.077994 -2.107593
v 1.780323 0.052666 -4.254374
v 1.762093 0.026808 -4.254374
v 1.731868 0.036156 -4.254374
v 1.731418 0.067790 -4.254374
v 1.761365 0.077994 -4.254374
v 1.437925 0.026808 -2.107593
v 1.419695 0.052666 -2.107593
v 1.468150 0.036156 -2.107593
v 1.468600 0.067790 -2.107593
v 1.438653 0.077994 -2.107593
v 1.419695 0.052666 -4.254374
v 1.437925 0.026808 -4.254374
v 1.468150 0.036156 -4.254374
v 1.468600 0.067790 -4.254374
v 1.438653 0.077994 -4.254374
v -1.762093 0.026808 -2.107593
v -1.780323 0.052666 -2.107593
v -1.731868 0.036156 -2.107593
v -1.731418 0.067790 -2.107593
v -1.761364 0.077994 -2.107593
v -1.780323 0.052666 -4.254374
v -1.762093 0.026808 -4.254374
v -1.731868 0.036156 -4.254374
v -1.731418 0.067790 -4.254374
v -1.761365 0.077994 -4.254374
v -1.437925 0.026808 -2.107593
v -1.419695 0.052666 -2.107593
v -1.468150 0.036156 -2.107593
v -1.468600 0.067790 -2.107593
v -1.438653 0.077994 -2.107593
v -1.419695 0.052666 -4.254374
v -1.437925 0.026808 -4.254374
v -1.468150 0.036156 -4.254374
v -1.468600 0.067790 -4.254374
v -1.438653 0.077994 -4.254374
v 1.637229 0.168888 -2.329994
v 1.697462 0.125130 -2.329994
v 1.502551 0.125123 -2.329994
v 1.562780 0.168885 -2.329994
v 1.630074 0.187609 -2.324586
v 1.713386 0.136701 -2.329994
v 1.486625 0.136693 -2.329994
v 1.569934 0.187607 -2.324586
v 1.637229 0.168888 -2.259310
v 1.697462 0.125130 -2.259310
v 1.502551 0.125123 -2.259310
v 1.562780 0.168885 -2.259310
v 1.630074 0.187609 -2.264718
v 1.713386 0.136701 -2.259310
v 1.486625 0.136693 -2.259310
v 1.569934 0.187607 -2.264718
v 1.556696 0.187606 -2.329994
v 1.643312 0.187609 -2.329994
v 1.556696 0.187606 -2.259310
v 1.643312 0.187609 -2.259310
v 1.550718 0.276829 -2.330761
v 1.649281 0.276832 -2.330761
v 1.550718 0.276829 -2.258543
v 1.649281 0.276832 -2.258543
v 1.569932 0.244367 -2.264718
v 1.569932 0.244367 -2.324586
v 1.630072 0.244370 -2.264718
v 1.630072 0.244370 -2.324586
v 1.550721 0.248909 -2.258543
v 1.649284 0.248912 -2.258543
v 1.550721 0.248909 -2.330761
v 1.649284 0.248912 -2.330761
v 1.585568 0.187607 -2.329994
v 1.614440 0.187608 -2.329994
v 1.587596 0.168886 -2.329994
v 1.612413 0.168887 -2.329994
v 1.585568 0.187607 -2.259310
v 1.614440 0.187608 -2.259310
v 1.587596 0.168886 -2.259310
v 1.612413 0.168887 -2.259310
v 1.589981 0.187607 -2.324586
v 1.610027 0.187608 -2.324586
v 1.589981 0.187607 -2.264718
v 1.610027 0.187608 -2.264718
v 1.583572 0.276830 -2.358740
v 1.616427 0.276831 -2.358740
v 1.583572 0.276830 -2.232346
v 1.616427 0.276831 -2.232346
v 1.589979 0.244368 -2.324586
v 1.610025 0.244369 -2.324586
v 1.610025 0.244369 -2.264718
v 1.589979 0.244368 -2.264718
v 1.583575 0.248910 -2.358740
v 1.616430 0.248911 -2.358740
v 1.616430 0.248911 -2.232346
v 1.583575 0.248910 -2.232346
v 1.637229 -0.060246 -2.329994
v 1.697462 -0.016488 -2.329994
v 1.720471 0.054321 -2.329994
v 1.479547 0.054321 -2.329994
v 1.502551 -0.016481 -2.329994
v 1.562780 -0.060243 -2.329994
v 1.630074 -0.078967 -2.324586
v 1.713386 -0.028059 -2.329994
v 1.740155 0.054321 -2.329994
v 1.459863 0.054321 -2.329994
v 1.486625 -0.028050 -2.329994
v 1.569934 -0.078965 -2.324586
v 1.637229 -0.060246 -2.259310
v 1.697462 -0.016488 -2.259310
v 1.720471 0.054321 -2.259310
v 1.479547 0.054321 -2.259310
v 1.502551 -0.016481 -2.259310
v 1.562780 -0.060243 -2.259310
v 1.630074 -0.078967 -2.264718
v 1.713386 -0.028059 -2.259310
v 1.740155 0.054321 -2.259310
v 1.459863 0.054321 -2.259310
v 1.486625 -0.028050 -2.259310
v 1.569934 -0.078965 -2.264718
v 1.556696 -0.078964 -2.329994
v 1.643312 -0.078967 -2.329994
v 1.556696 -0.078964 -2.259310
v 1.643312 -0.078967 -2.259310
v 1.550718 -0.168187 -2.330761
v 1.649281 -0.168190 -2.330761
v 1.550718 -0.168187 -2.258543
v 1.649281 -0.168190 -2.258543
v 1.569932 -0.135725 -2.264718
v 1.569932 -0.135725 -2.324586
v 1.630072 -0.135728 -2.264718
v 1.630072 -0.135728 -2.324586
v 1.550721 -0.140267 -2.258543
v 1.649284 -0.140270 -2.258543
v 1.550721 -0.140267 -2.330761
v 1.649284 -0.140270 -2.330761
v 1.585568 -0.078965 -2.329994
v 1.614440 -0.078966 -2.329994
v 1.587596 -0.060244 -2.329994
v 1.612413 -0.060245 -2.329994
v 1.585568 -0.078965 -2.259310
v 1.614440 -0.078966 -2.259310
v 1.587596 -0.060244 -2.259310
v 1.612413 -0.060245 -2.259310
v 1.589981 -0.078965 -2.324586
v 1.610027 -0.078966 -2.324586
v 1.589981 -0.078965 -2.264718
v 1.610027 -0.078966 -2.264718
v 1.583572 -0.168188 -2.358740
v 1.616427 -0.168189 -2.358740
v 1.583572 -0.168188 -2.232346
v 1.616427 -0.168189 -2.232346
v 1.589979 -0.135726 -2.324586
v 1.610025 -0.135727 -2.324586
v 1.610025 -0.135727 -2.264718
v 1.589979 -0.135726 -2.264718
v 1.583575 -0.140268 -2.358740
v 1.616430 -0.140269 -2.358740
v 1.616430 -0.140269 -2.232346
v 1.583575 -0.140268 -2.232346
v -1.637230 0.168888 -2.329994
v -1.697462 0.125130 -2.329994
v -1.502552 0.125123 -2.329994
v -1.562781 0.168885 -2.329994
v -1.630074 0.187609 -2.324586
v -1.713387 0.136701 -2.329994
v -1.486625 0.136693 -2.329994
v -1.569934 0.187607 -2.324586
v -1.637230 0.168888 -2.259310
v -1.697462 0.125130 -2.259310
v -1.502552 0.125123 -2.259310
v -1.562781 0.168885 -2.259310
v -1.630074 0.187609 -2.264718
v -1.713387 0.136701 -2.259310
v -1.486625 0.136693 -2.259310
v -1.569934 0.187607 -2.264718
v -1.556697 0.187606 -2.329994
v -1.643312 0.187609 -2.329994
v -1.556697 0.187606 -2.259310
v -1.643312 0.187609 -2.259310
v -1.550718 0.276829 -2.330761
v -1.649281 0.276832 -2.330761
v -1.550718 0.276829 -2.258543
v -1.649281 0.276832 -2.258543
v -1.569933 0.244367 -2.264718
v -1.569933 0.244367 -2.324586
v -1.630072 0.244370 -2.264718
v -1.630072 0.244370 -2.324586
v -1.550721 0.248909 -2.258543
v -1.649285 0.248912 -2.258543
v -1.550721 0.248909 -2.330761
v -1.649285 0.248912 -2.330761
v -1.585568 0.187607 -2.329994
v -1.614441 0.187608 -2.329994
v -1.587597 0.168886 -2.329994
v -1.612413 0.168887 -2.329994
v -1.585568 0.187607 -2.259310
v -1.614441 0.187608 -2.259310
v -1.587597 0.168886 -2.259310
v -1.612413 0.168887 -2.259310
v -1.589981 0.187607 -2.324586
v -1.610028 0.187608 -2.324586
v -1.589981 0.187607 -2.264718
v -1.610028 0.187608 -2.264718
v -1.583572 0.276830 -2.358740
v -1.616427 0.276831 -2.358740
v -1.583572 0.276830 -2.232346
v -1.616427 0.276831 -2.232346
v -1.589979 0.244368 -2.324586
v -1.610026 0.244369 -2.324586
v -1.610026 0.244369 -2.264718
v -1.589979 0.244368 -2.264718
v -1.583575 0.248910 -2.358740
v -1.616430 0.248911 -2.358740
v -1.616430 0.248911 -2.232346
v -1.583575 0.248910 -2.232346
v -1.637230 -0.060246 -2.329994
v -1.697462 -0.016488 -2.329994
v -1.720471 0.054321 -2.329994
v -1.479548 0.054321 -2.329994
v -1.502552 -0.016481 -2.329994
v -1.562781 -0.060243 -2.329994
v -1.630074 -0.078967 -2.324586
v -1.713387 -0.028059 -2.329994
v -1.740156 0.054321 -2.329994
v -1.459863 0.054321 -2.329994
v -1.486625 -0.028050 -2.329994
v -1.569934 -0.078965 -2.324586
v -1.637230 -0.060246 -2.259310
v -1.697462 -0.016488 -2.259310
v -1.720471 0.054321 -2.259310
v -1.479548 0.054321 -2.259310
v -1.502552 -0.016481 -2.259310
v -1.562781 -0.060243 -2.259310
v -1.630074 -0.078967 -2.264718
v -1.713387 -0.028059 -2.259310
v -1.740156 0.054321 -2.259310
v -1.459863 0.054321 -2.259310
v -1.486625 -0.028050 -2.259310
v -1.569934 -0.078965 -2.264718
v -1.556697 -0.078964 -2.329994
v -1.643312 -0.078967 -2.329994
v -1.556697 -0.078964 -2.259310
v -1.643312 -0.078967 -2.259310
v -1.550718 -0.168187 -2.330761
v -1.649281 -0.168190 -2.330761
v -1.550718 -0.168187 -2.258543
v -1.649281 -0.168190 -2.258543
v -1.569933 -0.135725 -2.264718
v -1.569933 -0.135725 -2.324586
v -1.630072 -0.135728 -2.264718
v -1.630072 -0.135728 -2.324586
v -1.550721 -0.140267 -2.258543
v -1.649285 -0.140269 -2.258543
v -1.550721 -0.140267 -2.330761
v -1.649285 -0.140269 -2.330761
v -1.585568 -0.078965 -2.329994
v -1.614441 -0.078966 -2.329994
v -1.587597 -0.060244 -2.329994
v -1.612413 -0.060245 -2.329994
v -1.585568 -0.078965 -2.259310
v -1.614441 -0.078966 -2.259310
v -1.587597 -0.060244 -2.259310
v -1.612413 -0.060245 -2.259310
v -1.589981 -0.078965 -2.324586
v -1.610028 -0.078966 -2.324586
v -1.589981 -0.078965 -2.264718
v -1.610028 -0.078966 -2.264718
v -1.583572 -0.168188 -2.358740
v -1.616427 -0.168189 -2.358740
v -1.583572 -0.168188 -2.232346
v -1.616427 -0.168189 -2.232346
v -1.589979 -0.135726 -2.324586
v -1.610026 -0.135727 -2.324586
v -1.610026 -0.135727 -2.264718
v -1.589979 -0.135726 -2.264718
v -1.583575 -0.140268 -2.358740
v -1.616430 -0.140269 -2.358740
v -1.616430 -0.140269 -2.232346
v -1.583575 -0.140268 -2.232346
v 1.637229 0.168888 -2.483275
v 1.697462 0.125130 -2.483275
v 1.502551 0.125123 -2.483275
v 1.562780 0.168885 -2.483275
v 1.630074 0.187609 -2.477867
v 1.713386 0.136701 -2.483275
v 1.486625 0.136693 -2.483275
v 1.569934 0.187607 -2.477867
v 1.637229 0.168888 -2.412592
v 1.697462 0.125130 -2.412592
v 1.502551 0.125123 -2.412592
v 1.562780 0.168885 -2.412592
v 1.630074 0.187609 -2.418000
v 1.713386 0.136701 -2.412592
v 1.486625 0.136693 -2.412592
v 1.569934 0.187607 -2.418000
v 1.556696 0.187606 -2.483275
v 1.643312 0.187609 -2.483275
v 1.556696 0.187606 -2.412592
v 1.643312 0.187609 -2.412592
v 1.550718 0.276829 -2.484042
v 1.649281 0.276832 -2.484042
v 1.550718 0.276829 -2.411825
v 1.649281 0.276832 -2.411825
v 1.569932 0.244367 -2.418000
v 1.569932 0.244367 -2.477867
v 1.630072 0.244370 -2.418000
v 1.630072 0.244370 -2.477867
v 1.550721 0.248909 -2.411825
v 1.649284 0.248912 -2.411825
v 1.550721 0.248909 -2.484042
v 1.649284 0.248912 -2.484042
v 1.585568 0.187607 -2.483275
v 1.614440 0.187608 -2.483275
v 1.587596 0.168886 -2.483275
v 1.612413 0.168887 -2.483275
v 1.585568 0.187607 -2.412592
v 1.614440 0.187608 -2.412592
v 1.587596 0.168886 -2.412592
v 1.612413 0.168887 -2.412592
v 1.589981 0.187607 -2.477867
v 1.610027 0.187608 -2.477867
v 1.589981 0.187607 -2.418000
v 1.610027 0.187608 -2.418000
v 1.583572 0.276830 -2.512021
v 1.616427 0.276831 -2.512021
v 1.583572 0.276830 -2.385627
v 1.616427 0.276831 -2.385627
v 1.589979 0.244368 -2.477867
v 1.610025 0.244369 -2.477867
v 1.610025 0.244369 -2.418000
v 1.589979 0.244368 -2.418000
v 1.583575 0.248910 -2.512021
v 1.616430 0.248911 -2.512021
v 1.616430 0.248911 -2.385627
v 1.583575 0.248910 -2.385627
v 1.637229 -0.060246 -2.483275
v 1.697462 -0.016488 -2.483275
v 1.720471 0.054321 -2.483275
v 1.479547 0.054321 -2.483275
v 1.502551 -0.016481 -2.483275
v 1.562780 -0.060243 -2.483275
v 1.630074 -0.078967 -2.477867
v 1.713386 -0.028059 -2.483275
v 1.740155 0.054321 -2.483275
v 1.459863 0.054321 -2.483275
v 1.486625 -0.028050 -2.483275
v 1.569934 -0.078965 -2.477867
v 1.637229 -0.060246 -2.412592
v 1.697462 -0.016488 -2.412592
v 1.720471 0.054321 -2.412592
v 1.479547 0.054321 -2.412592
v 1.502551 -0.016481 -2.412592
v 1.562780 -0.060243 -2.412592
v 1.630074 -0.078967 -2.418000
v 1.713386 -0.028059 -2.412592
v 1.740155 0.054321 -2.412592
v 1.459863 0.054321 -2.412592
v 1.486625 -0.028050 -2.412592
v 1.569934 -0.078965 -2.418000
v 1.556696 -0.078964 -2.483275
v 1.643312 -0.078967 -2.483275
v 1.556696 -0.078964 -2.412592
v 1.643312 -0.078967 -2.412592
v 1.550718 -0.168187 -2.484042
v 1.649281 -0.168190 -2.484042
v 1.550718 -0.168187 -2.411825
v 1.649281 -0.168190 -2.411825
v 1.569932 -0.135725 -2.418000
v 1.569932 -0.135725 -2.477867
v 1.630072 -0.135728 -2.418000
v 1.630072 -0.135728 -2.477867
v 1.550721 -0.140267 -2.411825
v 1.649284 -0.140270 -2.411825
v 1.550721 -0.140267 -2.484042
v 1.649284 -0.140270 -2.484042
v 1.585568 -0.078965 -2.483275
v 1.614440 -0.078966 -2.483275
v 1.587596 -0.060244 -2.483275
v 1.612413 -0.060245 -2.483275
v 1.585568 -0.078965 -2.412592
v 1.614440 -0.078966 -2.412592
v 1.587596 -0.060244 -2.412592
v 1.612413 -0.060245 -2.412592
v 1.589981 -0.078965 -2.477867
v 1.610027 -0.078966 -2.477867
v 1.589981 -0.078965 -2.418000
v 1.610027 -0.078966 -2.418000
v 1.583572 -0.168188 -2.512021
v 1.616427 -0.168189 -2.512021
v 1.583572 -0.168188 -2.385627
v 1.616427 -0.168189 -2.385627
v 1.589979 -0.135726 -2.477867
v 1.610025 -0.135727 -2.477867
v 1.610025 -0.135727 -2.418000
v 1.589979 -0.135726 -2.418000
v 1.583575 -0.140268 -2.512021
v 1.616430 -0.140269 -2.512021
v 1.616430 -0.140269 -2.385627
v 1.583575 -0.140268 -2.385627
v 1.569934 0.193516 -2.477867
v 1.630073 0.193519 -2.477867
v 1.569934 0.193516 -2.418000
v 1.630073 0.193519 -2.418000
v 1.589980 0.193517 -2.418000
v 1.610027 0.193518 -2.418000
v 1.610027 0.193518 -2.477867
v 1.589980 0.193517 -2.477867
v 1.569933 0.236183 -2.418000
v 1.630072 0.236186 -2.418000
v 1.589979 0.236184 -2.418000
v 1.610026 0.236185 -2.418000
v 1.610026 0.236185 -2.477867
v 1.589979 0.236184 -2.477867
v 1.569933 0.236183 -2.477867
v 1.630072 0.236186 -2.477867
v -1.637230 0.168888 -2.483275
v -1.697462 0.125130 -2.483275
v -1.502552 0.125123 -2.483275
v -1.562781 0.168885 -2.483275
v -1.630074 0.187609 -2.477867
v -1.713387 0.136701 -2.483275
v -1.486625 0.136693 -2.483275
v -1.569934 0.187607 -2.477867
v -1.637230 0.168888 -2.412592
v -1.697462 0.125130 -2.412592
v -1.502552 0.125123 -2.412592
v -1.562781 0.168885 -2.412592
v -1.630074 0.187609 -2.418000
v -1.713387 0.136701 -2.412592
v -1.486625 0.136693 -2.412592
v -1.569934 0.187607 -2.418000
v -1.556697 0.187606 -2.483275
v -1.643312 0.187609 -2.483275
v -1.556697 0.187606 -2.412592
v -1.643312 0.187609 -2.412592
v -1.550718 0.276829 -2.484042
v -1.649281 0.276832 -2.484042
v -1.550718 0.276829 -2.411825
v -1.649281 0.276832 -2.411825
v -1.569933 0.244367 -2.418000
v -1.569933 0.244367 -2.477867
v -1.630072 0.244370 -2.418000
v -1.630072 0.244370 -2.477867
v -1.550721 0.248909 -2.411825
v -1.649285 0.248912 -2.411825
v -1.550721 0.248909 -2.484042
v -1.649285 0.248912 -2.484042
v -1.585568 0.187607 -2.483275
v -1.614441 0.187608 -2.483275
v -1.587597 0.168886 -2.483275
v -1.612413 0.168887 -2.483275
v -1.585568 0.187607 -2.412592
v -1.614441 0.187608 -2.412592
v -1.587597 0.168886 -2.412592
v -1.612413 0.168887 -2.412592
v -1.589981 0.187607 -2.477867
v -1.610028 0.187608 -2.477867
v -1.589981 0.187607 -2.418000
v -1.610028 0.187608 -2.418000
v -1.583572 0.276830 -2.512021
v -1.616427 0.276831 -2.512021
v -1.583572 0.276830 -2.385627
v -1.616427 0.276831 -2.385627
v -1.589979 0.244368 -2.477867
v -1.610026 0.244369 -2.477867
v -1.610026 0.244369 -2.418000
v -1.589979 0.244368 -2.418000
v -1.583575 0.248910 -2.512021
v -1.616430 0.248911 -2.512021
v -1.616430 0.248911 -2.385627
v -1.583575 0.248910 -2.385627
v -1.637230 -0.060246 -2.483275
v -1.697462 -0.016488 -2.483275
v -1.720471 0.054321 -2.483275
v -1.479548 0.054321 -2.483275
v -1.502552 -0.016481 -2.483275
v -1.562781 -0.060243 -2.483275
v -1.630074 -0.078967 -2.477867
v -1.713387 -0.028059 -2.483275
v -1.740156 0.054321 -2.483275
v -1.459863 0.054321 -2.483275
v -1.486625 -0.028050 -2.483275
v -1.569934 -0.078965 -2.477867
v -1.637230 -0.060246 -2.412592
v -1.697462 -0.016488 -2.412592
v -1.720471 0.054321 -2.412592
v -1.479548 0.054321 -2.412592
v -1.502552 -0.016481 -2.412592
v -1.562781 -0.060243 -2.412592
v -1.630074 -0.078967 -2.418000
v -1.713387 -0.028059 -2.412592
v -1.740156 0.054321 -2.412592
v -1.459863 0.054321 -2.412592
v -1.486625 -0.028050 -2.412592
v -1.569934 -0.078965 -2.418000
v -1.556697 -0.078964 -2.483275
v -1.643312 -0.078967 -2.483275
v -1.556697 -0.078964 -2.412592
v -1.643312 -0.078967 -2.412592
v -1.550718 -0.168187 -2.484042
v -1.649281 -0.168190 -2.484042
v -1.550718 -0.168187 -2.411825
v -1.649281 -0.168190 -2.411825
v -1.569933 -0.135725 -2.418000
v -1.569933 -0.135725 -2.477867
v -1.630072 -0.135728 -2.418000
v -1.630072 -0.135728 -2.477867
v -1.550721 -0.140267 -2.411825
v -1.649285 -0.140269 -2.411825
v -1.550721 -0.140267 -2.484042
v -1.649285 -0.140269 -2.484042
v -1.585568 -0.078965 -2.483275
v -1.614441 -0.078966 -2.483275
v -1.587597 -0.060244 -2.483275
v -1.612413 -0.060245 -2.483275
v -1.585568 -0.078965 -2.412592
v -1.614441 -0.078966 -2.412592
v -1.587597 -0.060244 -2.412592
v -1.612413 -0.060245 -2.412592
v -1.589981 -0.078965 -2.477867
v -1.610028 -0.078966 -2.477867
v -1.589981 -0.078965 -2.418000
v -1.610028 -0.078966 -2.418000
v -1.583572 -0.168188 -2.512021
v -1.616427 -0.168189 -2.512021
v -1.583572 -0.168188 -2.385627
v -1.616427 -0.168189 -2.385627
v -1.589979 -0.135726 -2.477867
v -1.610026 -0.135727 -2.477867
v -1.610026 -0.135727 -2.418000
v -1.589979 -0.135726 -2.418000
v -1.583575 -0.140268 -2.512021
v -1.616430 -0.140269 -2.512021
v -1.616430 -0.140269 -2.385627
v -1.583575 -0.140268 -2.385627
v -1.569934 0.193516 -2.477867
v -1.630074 0.193519 -2.477867
v -1.569934 0.193516 -2.418000
v -1.630074 0.193519 -2.418000
v -1.589981 0.193517 -2.418000
v -1.610027 0.193518 -2.418000
v -1.610027 0.193518 -2.477867
v -1.589981 0.193517 -2.477867
v -1.569933 0.236183 -2.418000
v -1.630072 0.236186 -2.418000
v -1.589980 0.236184 -2.418000
v -1.610026 0.236185 -2.418000
v -1.610026 0.236185 -2.477867
v -1.589980 0.236184 -2.477867
v -1.569933 0.236183 -2.477867
v -1.630072 0.236186 -2.477867
v 1.091832 0.306003 0.444237
v 1.073445 0.182946 -0.827160
v 1.084290 0.255527 -0.661303
v 1.115857 0.322134 0.489045
v 1.095664 0.186994 -0.888277
v 1.108974 0.276069 -0.692682
v 1.050757 0.031110 0.641098
v 1.066626 0.137311 -0.854506
v 1.043215 -0.019366 -0.661303
v 1.087768 0.134152 -0.915623
v 1.071899 0.027950 0.685906
v 1.095473 0.330367 -0.000309
v 1.119872 0.349009 0.001127
v 1.050757 0.031110 0.101343
v 1.093414 0.316590 -0.374076
v 1.050757 0.031110 -0.329905
v 1.117974 0.336306 -0.391196
v 1.150089 0.297298 0.444237
v 1.131702 0.174242 -0.827160
v 1.142547 0.246822 -0.661303
v 1.131830 0.319747 0.489045
v 1.111637 0.184608 -0.888277
v 1.124946 0.273682 -0.692682
v 1.109014 0.022405 0.641098
v 1.124883 0.128606 -0.854506
v 1.101472 -0.028071 -0.661303
v 1.103741 0.131765 -0.915623
v 1.087872 0.025564 0.685906
v 1.153730 0.321662 -0.000309
v 1.135845 0.346622 0.001127
v 1.109014 0.022405 0.101343
v 1.151671 0.307885 -0.374076
v 1.109014 0.022405 -0.329905
v 1.133947 0.333919 -0.391196
v -1.091832 0.306003 0.444237
v -1.073445 0.182946 -0.827160
v -1.084290 0.255527 -0.661303
v -1.115856 0.322134 0.489045
v -1.095664 0.186994 -0.888277
v -1.108974 0.276069 -0.692682
v -1.050757 0.031110 0.641098
v -1.066626 0.137311 -0.854506
v -1.043215 -0.019366 -0.661303
v -1.087768 0.134152 -0.915623
v -1.071899 0.027951 0.685906
v -1.095473 0.330367 -0.000309
v -1.119872 0.349009 0.001127
v -1.050757 0.031110 0.101343
v -1.093414 0.316590 -0.374076
v -1.050757 0.031110 -0.329905
v -1.117974 0.336306 -0.391196
v -1.150089 0.297298 0.444237
v -1.131702 0.174242 -0.827160
v -1.142547 0.246823 -0.661303
v -1.131830 0.319747 0.489045
v -1.111637 0.184608 -0.888277
v -1.124947 0.273682 -0.692682
v -1.109014 0.022405 0.641098
v -1.124883 0.128606 -0.854506
v -1.101472 -0.028071 -0.661303
v -1.103741 0.131765 -0.915623
v -1.087872 0.025564 0.685906
v -1.153730 0.321662 -0.000309
v -1.135845 0.346622 0.001127
v -1.109014 0.022405 0.101343
v -1.151671 0.307885 -0.374076
v -1.109014 0.022405 -0.329905
v -1.133947 0.333919 -0.391196
v 1.081608 -0.132490 -0.894881
v 1.081614 -0.244676 -0.692682
v 1.081629 -0.475486 0.446507
v 1.060224 0.026755 0.641098
v 1.060224 0.026755 -0.931769
v 1.060227 -0.024280 -0.661303
v 1.081600 0.026757 -0.992886
v 1.081600 0.026757 0.685906
v 1.081617 -0.327245 -0.219421
v 1.060224 0.026755 0.101343
v 1.060224 0.026755 -0.329905
v 1.081616 -0.265785 -0.437720
v 1.081629 -0.486563 0.066057
v 1.060224 0.026755 0.207119
v 1.060250 -0.445212 0.079137
v 1.060250 -0.441815 0.411090
v 1.060230 -0.125204 -0.833764
v 1.060236 -0.220713 -0.661303
v 1.060237 -0.231952 -0.420601
v 1.060238 -0.287574 -0.204186
v 1.097761 -0.132489 -0.894881
v 1.097767 -0.244675 -0.692682
v 1.097779 -0.475485 0.446507
v 1.119128 0.026759 0.641098
v 1.119128 0.026759 -0.931769
v 1.119130 -0.024277 -0.661303
v 1.097751 0.026758 -0.992886
v 1.097751 0.026758 0.685906
v 1.097774 -0.327244 -0.219421
v 1.119128 0.026759 0.101343
v 1.119128 0.026759 -0.329905
v 1.097768 -0.265784 -0.437720
v 1.097779 -0.486562 0.066057
v 1.119128 0.026759 0.207119
v 1.119154 -0.445208 0.079137
v 1.119154 -0.441811 0.411090
v 1.119138 -0.125201 -0.833764
v 1.119143 -0.220710 -0.661303
v 1.119143 -0.231949 -0.420601
v 1.119148 -0.287571 -0.204186
v -1.081608 -0.132490 -0.894881
v -1.081614 -0.244676 -0.692682
v -1.081629 -0.475486 0.446507
v -1.060224 0.026755 0.641098
v -1.060224 0.026755 -0.931769
v -1.060227 -0.024280 -0.661303
v -1.081601 0.026757 -0.992886
v -1.081601 0.026757 0.685906
v -1.081617 -0.327245 -0.219421
v -1.060224 0.026755 0.101343
v -1.060224 0.026755 -0.329905
v -1.081617 -0.265785 -0.437720
v -1.081630 -0.486563 0.066057
v -1.060224 0.026755 0.207119
v -1.060251 -0.445212 0.079137
v -1.060250 -0.441815 0.411090
v -1.060231 -0.125204 -0.833764
v -1.060236 -0.220713 -0.661303
v -1.060238 -0.231952 -0.420601
v -1.060239 -0.287574 -0.204186
v -1.097762 -0.132489 -0.894881
v -1.097768 -0.244675 -0.692682
v -1.097779 -0.475485 0.446507
v -1.119128 0.026759 0.641098
v -1.119128 0.026759 -0.931769
v -1.119131 -0.024277 -0.661303
v -1.097751 0.026758 -0.992886
v -1.097751 0.026758 0.685906
v -1.097774 -0.327244 -0.219421
v -1.119128 0.026759 0.101343
v -1.119128 0.026759 -0.329905
v -1.097768 -0.265784 -0.437720
v -1.097780 -0.486562 0.066057
v -1.119128 0.026759 0.207119
v -1.119154 -0.445208 0.079137
v -1.119154 -0.441811 0.411090
v -1.119138 -0.125201 -0.833764
v -1.119143 -0.220710 -0.661303
v -1.119143 -0.231949 -0.420601
v -1.119149 -0.287571 -0.204186
v -1.826532 0.042911 1.091450
v -1.997594 0.042911 1.176980
v -1.826532 -0.017568 1.116501
v -1.826532 -0.042620 1.176980
v -1.826532 -0.017568 1.237460
v -1.826532 0.042911 1.262511
v -1.826532 0.103391 1.237460
v -1.826532 0.128442 1.176980
v -1.826532 0.103391 1.116501
v -1.997594 -0.017568 1.116501
v -1.997594 0.042911 1.091450
v -1.997594 -0.042620 1.176980
v -1.997594 -0.017568 1.237460
v -1.997594 0.042911 1.262511
v -1.997594 0.103391 1.237460
v -1.997594 0.128442 1.176980
v -1.997594 0.103391 1.116501
v -1.826532 0.042911 0.761169
v -1.997594 0.042911 0.846700
v -1.826532 -0.017568 0.786221
v -1.826532 -0.042620 0.846700
v -1.826532 -0.017568 0.907180
v -1.826532 0.042911 0.932231
v -1.826532 0.103391 0.907180
v -1.826532 0.128442 0.846700
v -1.826532 0.103391 0.786221
v -1.997594 -0.017568 0.786221
v -1.997594 0.042911 0.761169
v -1.997594 -0.042620 0.846700
v -1.997594 -0.017568 0.907180
v -1.997594 0.042911 0.932231
v -1.997594 0.103391 0.907180
v -1.997594 0.128442 0.846700
v -1.997594 0.103391 0.786221
v -1.826532 0.042911 0.430889
v -1.997594 0.042911 0.516420
v -1.826532 -0.017568 0.455941
v -1.826532 -0.042620 0.516420
v -1.826532 -0.017568 0.576900
v -1.826532 0.042911 0.601951
v -1.826532 0.103391 0.576900
v -1.826532 0.128442 0.516420
v -1.826532 0.103391 0.455941
v -1.997594 -0.017568 0.455941
v -1.997594 0.042911 0.430889
v -1.997594 -0.042620 0.516420
v -1.997594 -0.017568 0.576900
v -1.997594 0.042911 0.601951
v -1.997594 0.103391 0.576900
v -1.997594 0.128442 0.516420
v -1.997594 0.103391 0.455941
v -1.826532 0.042911 0.100609
v -1.997594 0.042911 0.186140
v -1.826532 -0.017568 0.125661
v -1.826532 -0.042620 0.186140
v -1.826532 -0.017568 0.246620
v -1.826532 0.042911 0.271671
v -1.826532 0.103391 0.246620
v -1.826532 0.128442 0.186140
v -1.826532 0.103391 0.125661
v -1.997594 -0.017568 0.125661
v -1.997594 0.042911 0.100609
v -1.997594 -0.042620 0.186140
v -1.997594 -0.017568 0.246620
v -1.997594 0.042911 0.271671
v -1.997594 0.103391 0.246620
v -1.997594 0.128442 0.186140
v -1.997594 0.103391 0.125661
v 1.826532 0.042911 1.091450
v 1.997594 0.042911 1.176980
v 1.826532 -0.017568 1.116501
v 1.826532 -0.042620 1.176980
v 1.826532 -0.017568 1.237460
v 1.826532 0.042911 1.262511
v 1.826532 0.103391 1.237460
v 1.826532 0.128442 1.176980
v 1.826532 0.103391 1.116501
v 1.997594 -0.017568 1.116501
v 1.997594 0.042911 1.091450
v 1.997594 -0.042620 1.176980
v 1.997594 -0.017568 1.237460
v 1.997594 0.042911 1.262511
v 1.997594 0.103391 1.237460
v 1.997594 0.128442 1.176980
v 1.997594 0.103391 1.116501
v 1.826532 0.042911 0.761169
v 1.997594 0.042911 0.846700
v 1.826532 -0.017568 0.786221
v 1.826532 -0.042620 0.846700
v 1.826532 -0.017568 0.907180
v 1.826532 0.042911 0.932231
v 1.826532 0.103391 0.907180
v 1.826532 0.128442 0.846700
v 1.826532 0.103391 0.786221
v 1.997594 -0.017568 0.786221
v 1.997594 0.042911 0.761169
v 1.997594 -0.042620 0.846700
v 1.997594 -0.017568 0.907180
v 1.997594 0.042911 0.932231
v 1.997594 0.103391 0.907180
v 1.997594 0.128442 0.846700
v 1.997594 0.103391 0.786221
v 1.826532 0.042911 0.430889
v 1.997594 0.042911 0.516420
v 1.826532 -0.017568 0.455941
v 1.826532 -0.042620 0.516420
v 1.826532 -0.017568 0.576900
v 1.826532 0.042911 0.601951
v 1.826532 0.103391 0.576900
v 1.826532 0.128442 0.516420
v 1.826532 0.103391 0.455941
v 1.997594 -0.017568 0.455941
v 1.997594 0.042911 0.430889
v 1.997594 -0.042620 0.516420
v 1.997594 -0.017568 0.576900
v 1.997594 0.042911 0.601951
v 1.997594 0.103391 0.576900
v 1.997594 0.128442 0.516420
v 1.997594 0.103391 0.455941
v 1.826532 0.042911 0.100609
v 1.997594 0.042911 0.186140
v 1.826532 -0.017568 0.125661
v 1.826532 -0.042620 0.186140
v 1.826532 -0.017568 0.246620
v 1.826532 0.042911 0.271671
v 1.826532 0.103391 0.246620
v 1.826532 0.128442 0.186140
v 1.826532 0.103391 0.125661
v 1.997594 -0.017568 0.125661
v 1.997594 0.042911 0.100609
v 1.997594 -0.042620 0.186140
v 1.997594 -0.017568 0.246620
v 1.997594 0.042911 0.271671
v 1.997594 0.103391 0.246620
v 1.997594 0.128442 0.186140
v 1.997594 0.103391 0.125661
v -1.271348 0.054321 -1.191873
v -1.896004 0.221697 -1.191873
v -1.940852 0.054321 -1.191873
v -1.773476 0.344225 -1.191873
v -1.606100 0.389073 -1.191873
v -1.438724 0.344225 -1.191873
v -1.316196 0.221697 -1.191873
v -1.316196 -0.113055 -1.191873
v -1.438724 -0.235583 -1.191873
v -1.606100 -0.280431 -1.191873
v -1.773476 -0.235583 -1.191873
v -1.896004 -0.113055 -1.191873
v -1.896004 -0.113055 -1.029674
v -1.773476 -0.235583 -1.029674
v -1.606100 -0.280431 -1.029674
v -1.438724 -0.235583 -1.029674
v -1.316196 -0.113055 -0.919588
v -1.316196 0.221697 -0.880240
v -1.438724 0.344225 -1.029674
v -1.606100 0.389073 -1.029674
v -1.773476 0.344225 -1.029674
v -1.940852 0.054321 -0.432571
v -1.896004 0.221697 -1.029674
v -1.271348 0.054321 -1.029674
v -1.283533 0.099796 -1.191873
v -1.283533 0.099796 -1.029674
v -1.399549 0.305050 -1.191873
v -1.399549 0.305050 -1.029674
v -1.286897 -0.003710 -1.191873
v -1.286897 -0.003710 -1.029674
v -1.407624 -0.204482 -1.191873
v -1.407624 -0.204482 -1.029674
v -1.906862 -0.119291 -1.191902
v -1.953374 0.054321 -1.191793
v -1.779735 -0.246428 -1.191941
v -1.606100 -0.292953 -1.191873
v -1.432346 -0.246360 -1.191873
v -1.398709 -0.213277 -1.191867
v -1.305350 -0.119312 -1.191873
v -1.390656 0.313865 -1.191877
v -1.432367 0.355014 -1.191873
v -1.606100 0.401595 -1.191873
v -1.779734 0.355070 -1.191941
v -1.271457 0.103110 -1.191869
v -1.258826 0.054346 -1.191873
v -1.906862 0.227933 -1.191902
v -1.274814 -0.006994 -1.191880
v -1.906951 -0.119133 -1.029694
v -1.779735 -0.246428 -1.029742
v -1.606100 -0.292953 -1.029674
v -1.432346 -0.246360 -1.029674
v -1.305365 -0.119338 -0.919588
v -1.305353 0.227960 -1.191873
v -1.305342 0.227941 -0.880240
v -1.432367 0.355014 -1.029674
v -1.606100 0.401595 -1.029674
v -1.779734 0.355070 -1.029742
v -1.953374 0.054321 -0.432490
v -1.906951 0.227775 -1.029694
v -1.258826 0.054346 -1.029674
v -1.274812 -0.006985 -1.029681
v -1.390665 0.313874 -1.029678
v -1.398716 -0.213283 -1.029668
v -1.271454 0.103098 -1.029670
v -1.922434 0.123060 -1.191873
v -1.922434 0.123060 -0.918032
v -1.934272 0.125621 -1.191838
v -1.934309 0.125556 -0.917992
v -1.924505 -0.006686 -1.191873
v -1.924505 -0.006686 -0.909281
v -1.936421 -0.008959 -1.191833
v -1.936453 -0.008902 -0.909237
v 1.271348 0.054321 -1.191873
v 1.896004 0.221697 -1.191873
v 1.940852 0.054321 -1.191873
v 1.773476 0.344225 -1.191873
v 1.606100 0.389073 -1.191873
v 1.438724 0.344225 -1.191873
v 1.316196 0.221697 -1.191873
v 1.316196 -0.113055 -1.191873
v 1.438724 -0.235583 -1.191873
v 1.606100 -0.280431 -1.191873
v 1.773476 -0.235583 -1.191873
v 1.896004 -0.113055 -1.191873
v 1.896004 -0.113055 -1.029674
v 1.773476 -0.235583 -1.029674
v 1.606100 -0.280431 -1.029674
v 1.438724 -0.235583 -1.029674
v 1.316196 -0.113055 -0.919588
v 1.316196 0.221697 -0.880240
v 1.438724 0.344225 -1.029674
v 1.606100 0.389073 -1.029674
v 1.773476 0.344225 -1.029674
v 1.940852 0.054321 -0.432571
v 1.896003 0.221697 -1.029674
v 1.271348 0.054321 -1.029674
v 1.283533 0.099796 -1.191873
v 1.283533 0.099796 -1.029674
v 1.399549 0.305050 -1.191873
v 1.399549 0.305050 -1.029674
v 1.286897 -0.003710 -1.191873
v 1.286897 -0.003710 -1.029674
v 1.407624 -0.204482 -1.191873
v 1.407624 -0.204482 -1.029674
v 1.906862 -0.119291 -1.191902
v 1.953374 0.054321 -1.191793
v 1.779734 -0.246428 -1.191941
v 1.606100 -0.292953 -1.191873
v 1.432346 -0.246360 -1.191873
v 1.398709 -0.213277 -1.191867
v 1.305350 -0.119312 -1.191873
v 1.390656 0.313865 -1.191877
v 1.432367 0.355014 -1.191873
v 1.606100 0.401595 -1.191873
v 1.779734 0.355070 -1.191941
v 1.271457 0.103110 -1.191869
v 1.258826 0.054346 -1.191873
v 1.906862 0.227933 -1.191902
v 1.274814 -0.006994 -1.191880
v 1.906951 -0.119133 -1.029694
v 1.779734 -0.246428 -1.029742
v 1.606100 -0.292953 -1.029674
v 1.432346 -0.246360 -1.029674
v 1.305365 -0.119338 -0.919588
v 1.305353 0.227960 -1.191873
v 1.305342 0.227941 -0.880240
v 1.432367 0.355014 -1.029674
v 1.606100 0.401595 -1.029674
v 1.779734 0.355070 -1.029742
v 1.953374 0.054321 -0.432490
v 1.906951 0.227775 -1.029694
v 1.258826 0.054346 -1.029674
v 1.274811 -0.006985 -1.029681
v 1.390665 0.313874 -1.029678
v 1.398716 -0.213283 -1.029667
v 1.271454 0.103098 -1.029670
v 1.922433 0.123060 -1.191873
v 1.922433 0.123060 -0.918032
v 1.934272 0.125621 -1.191838
v 1.934309 0.125556 -0.917992
v 1.924505 -0.006686 -1.191873
v 1.924505 -0.006686 -0.909281
v 1.936421 -0.008959 -1.191833
v 1.936453 -0.008902 -0.909237
v -1.402330 0.042911 1.091450
v -1.231268 0.042911 1.176980
v -1.402330 0.103391 1.116501
v -1.402330 0.128442 1.176980
v -1.402330 0.103391 1.237460
v -1.402330 0.042911 1.262511
v -1.402330 -0.017568 1.237460
v -1.402330 -0.042620 1.176980
v -1.402330 -0.017568 1.116501
v -1.231268 0.103391 1.116501
v -1.231268 0.042911 1.091450
v -1.231268 0.128442 1.176980
v -1.231268 0.103391 1.237460
v -1.231268 0.042911 1.262511
v -1.231268 -0.017568 1.237460
v -1.231268 -0.042620 1.176980
v -1.231268 -0.017568 1.116501
v -1.402330 0.042911 0.761169
v -1.231268 0.042911 0.846700
v -1.402330 0.103391 0.786221
v -1.402330 0.128442 0.846700
v -1.402330 0.103391 0.907180
v -1.402330 0.042911 0.932231
v -1.402330 -0.017568 0.907180
v -1.402330 -0.042620 0.846700
v -1.402330 -0.017568 0.786221
v -1.231268 0.103391 0.786221
v -1.231268 0.042911 0.761169
v -1.231268 0.128442 0.846700
v -1.231268 0.103391 0.907180
v -1.231268 0.042911 0.932231
v -1.231268 -0.017568 0.907180
v -1.231268 -0.042620 0.846700
v -1.231268 -0.017568 0.786221
v 1.402330 0.042911 1.091450
v 1.231267 0.042911 1.176980
v 1.402330 0.103391 1.116501
v 1.402330 0.128442 1.176980
v 1.402330 0.103391 1.237460
v 1.402330 0.042911 1.262511
v 1.402330 -0.017568 1.237460
v 1.402330 -0.042620 1.176980
v 1.402330 -0.017568 1.116501
v 1.231268 0.103391 1.116501
v 1.231268 0.042911 1.091450
v 1.231268 0.128442 1.176980
v 1.231268 0.103391 1.237460
v 1.231268 0.042911 1.262511
v 1.231268 -0.017568 1.237460
v 1.231268 -0.042620 1.176980
v 1.231268 -0.017568 1.116501
v 1.402330 0.042911 0.761169
v 1.231267 0.042911 0.846700
v 1.402330 0.103391 0.786221
v 1.402330 0.128442 0.846700
v 1.402330 0.103391 0.907180
v 1.402330 0.042911 0.932231
v 1.402330 -0.017568 0.907180
v 1.402330 -0.042620 0.846700
v 1.402330 -0.017568 0.786221
v 1.231268 0.103391 0.786221
v 1.231268 0.042911 0.761169
v 1.231268 0.128442 0.846700
v 1.231268 0.103391 0.907180
v 1.231268 0.042911 0.932231
v 1.231268 -0.017568 0.907180
v 1.231268 -0.042620 0.846700
v 1.231268 -0.017568 0.786221
v -0.041600 -0.482836 -2.399558
v -0.041600 -0.740136 -2.141515
v -0.041600 -1.042043 -2.066880
v -0.041600 -0.294753 -2.844443
v -0.041600 -0.554394 -1.784975
v -0.041600 -0.310651 -1.697309
v -0.041600 -0.098397 -3.884978
v -0.041600 -0.060817 -1.652483
v 0.041600 -0.482836 -2.399558
v 0.041600 -0.740136 -2.141515
v 0.041600 -1.042043 -2.066880
v 0.041600 -0.294753 -2.844443
v 0.041600 -0.554394 -1.784975
v 0.041600 -0.310651 -1.697309
v 0.041600 -0.098397 -3.884978
v 0.041600 -0.060817 -1.652483
v -0.000000 -0.757907 -2.190564
v -0.000000 -1.083902 -2.076680
v -0.000000 -0.559272 -1.731347
v -0.000000 -0.515476 -2.434202
v -0.000000 -0.334577 -2.863501
v -0.000000 -0.306669 -1.643564
v -0.000000 -0.093925 -3.938663
v -0.000000 -0.032599 -1.612073
v -1.621015 -0.311688 1.455315
v -1.621015 0.422102 1.455315
v -1.621015 -0.290470 1.070387
v -1.621015 0.400884 1.070387
v -1.621015 -0.290470 1.433849
v -1.621015 0.400884 1.433849
v -1.621015 -0.311688 1.483058
v -1.621015 0.422102 1.483058
v -1.682308 -0.272950 1.433849
v -1.682308 -0.294168 1.455315
v -1.682308 0.405395 1.455315
v -1.682308 0.384177 1.070387
v -1.682308 -0.272950 1.070387
v -1.682308 0.384177 1.433849
v -1.682308 -0.294168 1.483058
v -1.682308 0.405395 1.483058
v -1.579194 -0.311688 1.455315
v -1.579194 0.422102 1.455315
v -1.579194 -0.290470 1.070387
v -1.579194 0.400884 1.070387
v -1.600105 -0.300504 1.117859
v -1.600105 0.409147 1.117859
v -1.600105 -0.322340 1.455315
v -1.600105 0.430982 1.455315
v -1.579194 -0.290470 1.433849
v -1.579194 0.400884 1.433849
v -1.600105 0.409147 1.433849
v -1.600105 -0.300504 1.433849
v -1.579194 -0.311688 1.483058
v -1.579194 0.422102 1.483058
v -1.600105 -0.322340 1.483058
v -1.600105 0.430982 1.483058
v -1.517900 -0.272950 1.433849
v -1.517900 -0.294168 1.455315
v -1.517900 0.405395 1.455315
v -1.517900 0.384177 1.070387
v -1.517900 -0.272950 1.070387
v -1.517900 0.384177 1.433849
v -1.517900 -0.294168 1.483058
v -1.517900 0.405395 1.483058
v 1.621015 -0.311688 1.455315
v 1.621015 0.422102 1.455315
v 1.621015 -0.290470 1.070387
v 1.621015 0.400884 1.070387
v 1.621015 -0.290470 1.433850
v 1.621015 0.400884 1.433850
v 1.621015 -0.311688 1.483058
v 1.621015 0.422102 1.483058
v 1.682308 -0.272950 1.433850
v 1.682308 -0.294168 1.455315
v 1.682308 0.405395 1.455315
v 1.682308 0.384177 1.070387
v 1.682308 -0.272950 1.070387
v 1.682308 0.384177 1.433850
v 1.682308 -0.294168 1.483058
v 1.682308 0.405395 1.483058
v 1.579194 -0.311688 1.455315
v 1.579194 0.422102 1.455315
v 1.579194 -0.290470 1.070387
v 1.579194 0.400884 1.070387
v 1.600105 -0.300504 1.117859
v 1.600105 0.409147 1.117859
v 1.600105 -0.322340 1.455315
v 1.600105 0.430982 1.455315
v 1.579194 -0.290470 1.433850
v 1.579194 0.400884 1.433850
v 1.600105 0.409147 1.433850
v 1.600105 -0.300504 1.433850
v 1.579194 -0.311688 1.483058
v 1.579194 0.422102 1.483058
v 1.600105 -0.322340 1.483058
v 1.600105 0.430982 1.483058
v 1.517901 -0.272950 1.433850
v 1.517901 -0.294168 1.455315
v 1.517901 0.405395 1.455315
v 1.517901 0.384177 1.070387
v 1.517901 -0.272950 1.070387
v 1.517901 0.384177 1.433850
v 1.517901 -0.294168 1.483058
v 1.517901 0.405395 1.483058
v -1.498294 0.140597 -1.526827
v -1.513814 0.156117 -1.526827
v -1.474475 0.009301 -1.526827
v -1.701886 0.140598 -1.526827
v -1.731386 0.030501 -1.526827
v -1.725706 0.009301 -1.526827
v -1.468794 0.030501 -1.526827
v -1.686367 0.156117 -1.526827
v -1.463602 0.243086 -1.371423
v -1.387506 -0.040910 -1.371423
v -1.831810 0.030501 -1.371423
v -1.368371 0.030501 -1.371423
v -1.736578 0.243086 -1.371423
v -1.411325 0.190809 -1.371423
v -1.788856 0.190809 -1.371423
v -1.812675 -0.040910 -1.371423
v -1.411325 0.199572 -1.395826
v -1.498294 0.149360 -1.551229
v -1.788856 0.199572 -1.395826
v -1.701886 0.149360 -1.551229
v -1.812675 -0.032148 -1.395826
v -1.725706 0.018064 -1.551229
v -1.731386 0.039264 -1.551229
v -1.686367 0.164880 -1.551229
v -1.474475 0.018064 -1.551229
v -1.468794 0.039264 -1.551229
v -1.513814 0.164880 -1.551229
v -1.463602 0.251849 -1.395826
v -1.387506 -0.032148 -1.395826
v -1.831810 0.039264 -1.395826
v -1.368371 0.039264 -1.395826
v -1.736578 0.251849 -1.395826
vt 0.375000 0.000000
vt 0.625000 0.000000
vt 0.625000 0.250000
vt 0.375000 0.250000
vt 0.625000 0.500000
vt 0.375000 0.500000
vt 0.625000 0.750000
vt 0.375000 0.750000
vt 0.625000 1.000000
vt 0.375000 1.000000
vt 0.625000 0.000000
vt 0.625000 0.250000
vt 0.625000 0.500000
vt 0.875000 0.500000
vt 0.875000 0.750000
vt 0.625000 0.750000
vt 0.625000 1.000000
vt 0.375000 0.000000
vt 0.625000 0.000000
vt 0.625000 0.250000
vt 0.375000 0.250000
vt 0.625000 0.500000
vt 0.375000 0.500000
vt 0.625000 0.750000
vt 0.375000 0.750000
vt 0.625000 1.000000
vt 0.375000 1.000000
vt 0.625000 0.000000
vt 0.625000 0.250000
vt 0.625000 0.500000
vt 0.875000 0.500000
vt 0.875000 0.750000
vt 0.625000 0.750000
vt 0.625000 1.000000
vt 0.375000 0.000000
vt 0.625000 0.000000
vt 0.625000 0.250000
vt 0.375000 0.250000
vt 0.625000 0.500000
vt 0.375000 0.500000
vt 0.625000 0.750000
vt 0.375000 0.750000
vt 0.625000 1.000000
vt 0.375000 1.000000
vt 0.625000 0.000000
vt 0.625000 0.250000
vt 0.625000 0.500000
vt 0.875000 0.500000
vt 0.875000 0.750000
vt 0.625000 0.750000
vt 0.625000 1.000000
vt 0.375000 0.000000
vt 0.625000 0.000000
vt 0.625000 0.250000
vt 0.375000 0.250000
vt 0.625000 0.500000
vt 0.375000 0.500000
vt 0.625000 0.750000
vt 0.375000 0.750000
vt 0.625000 1.000000
vt 0.375000 1.000000
vt 0.625000 0.000000
vt 0.625000 0.250000
vt 0.625000 0.500000
vt 0.875000 0.500000
vt 0.875000 0.750000
vt 0.625000 0.750000
vt 0.625000 1.000000
vt 0.375000 0.000000
vt 0.625000 0.000000
vt 0.625000 0.250000
vt 0.375000 0.250000
vt 0.625000 0.500000
vt 0.375000 0.500000
vt 0.625000 0.750000
vt 0.375000 0.750000
vt 0.625000 1.000000
vt 0.375000 1.000000
vt 0.625000 0.000000
vt 0.625000 0.250000
vt 0.625000 0.500000
vt 0.875000 0.500000
vt 0.875000 0.750000
vt 0.625000 0.750000
vt 0.625000 1.000000
vt 0.375000 0.000000
vt 0.375000 0.250000
vt 0.625000 0.250000
vt 0.625000 0.000000
vt 0.375000 0.500000
vt 0.625000 0.500000
vt 0.375000 0.750000
vt 0.625000 0.750000
vt 0.375000 1.000000
vt 0.625000 1.000000
vt 0.625000 0.250000
vt 0.625000 0.000000
vt 0.625000 0.500000
vt 0.625000 0.750000
vt 0.875000 0.750000
vt 0.875000 0.500000
vt 0.625000 1.000000
vt 0.375000 0.000000
vt 0.375000 0.250000
vt 0.625000 0.250000
vt 0.625000 0.000000
vt 0.375000 0.500000
vt 0.625000 0.500000
vt 0.375000 0.750000
vt 0.625000 0.750000
vt 0.375000 1.000000
vt 0.625000 1.000000
vt 0.625000 0.250000
vt 0.625000 0.000000
vt 0.625000 0.500000
vt 0.625000 0.750000
vt 0.875000 0.750000
vt 0.875000 0.500000
vt 0.625000 1.000000
vt 0.375000 0.000000
vt 0.375000 0.250000
vt 0.625000 0.250000
vt 0.625000 0.000000
vt 0.375000 0.500000
vt 0.625000 0.500000
vt 0.375000 0.750000
vt 0.625000 0.750000
vt 0.375000 1.000000
vt 0.625000 1.000000
vt 0.625000 0.250000
vt 0.625000 0.000000
vt 0.625000 0.500000
vt 0.625000 0.750000
vt 0.875000 0.750000
vt 0.875000 0.500000
vt 0.625000 1.000000
vt 0.375000 0.000000
vt 0.375000 0.250000
vt 0.625000 0.250000
vt 0.625000 0.000000
vt 0.375000 0.500000
vt 0.625000 0.500000
vt 0.375000 0.750000
vt 0.625000 0.750000
vt 0.375000 1.000000
vt 0.625000 1.000000
vt 0.625000 0.250000
vt 0.625000 0.000000
vt 0.625000 0.500000
vt 0.625000 0.750000
vt 0.875000 0.750000
vt 0.875000 0.500000
vt 0.625000 1.000000
vt 0.375000 0.000000
vt 0.375000 0.250000
vt 0.625000 0.250000
vt 0.625000 0.000000
vt 0.375000 0.500000
vt 0.625000 0.500000
vt 0.375000 0.750000
vt 0.625000 0.750000
vt 0.375000 1.000000
vt 0.625000 1.000000
vt 0.625000 0.250000
vt 0.625000 0.000000
vt 0.625000 0.500000
vt 0.625000 0.750000
vt 0.875000 0.750000
vt 0.875000 0.500000
vt 0.625000 1.000000
vt 0.375000 0.000000
vt 0.375000 0.250000
vt 0.625000 0.250000
vt 0.625000 0.000000
vt 0.375000 0.500000
vt 0.625000 0.500000
vt 0.375000 0.750000
vt 0.625000 0.750000
vt 0.375000 1.000000
vt 0.625000 1.000000
vt 0.625000 0.250000
vt 0.625000 0.000000
vt 0.625000 0.500000
vt 0.625000 0.750000
vt 0.875000 0.750000
vt 0.875000 0.500000
vt 0.625000 1.000000
vt 0.375000 0.000000
vt 0.375000 0.250000
vt 0.625000 0.250000
vt 0.625000 0.000000
vt 0.375000 0.500000
vt 0.625000 0.500000
vt 0.375000 0.750000
vt 0.625000 0.750000
vt 0.375000 1.000000
vt 0.625000 1.000000
vt 0.625000 0.250000
vt 0.625000 0.000000
vt 0.625000 0.500000
vt 0.625000 0.750000
vt 0.875000 0.750000
vt 0.875000 0.500000
vt 0.625000 1.000000
vt 0.375000 0.000000
vt 0.375000 0.250000
vt 0.625000 0.250000
vt 0.625000 0.000000
vt 0.375000 0.500000
vt 0.625000 0.500000
vt 0.375000 0.750000
vt 0.625000 0.750000
vt 0.375000 1.000000
vt 0.625000 1.000000
vt 0.625000 0.250000
vt 0.625000 0.000000
vt 0.625000 0.500000
vt 0.625000 0.750000
vt 0.875000 0.750000
vt 0.875000 0.500000
vt 0.625000 1.000000
vt 0.375000 0.000000
vt 0.375000 0.250000
vt 0.625000 0.250000
vt 0.625000 0.000000
vt 0.375000 0.500000
vt 0.625000 0.500000
vt 0.375000 0.750000
vt 0.625000 0.750000
vt 0.375000 1.000000
vt 0.625000 1.000000
vt 0.625000 0.250000
vt 0.625000 0.000000
vt 0.625000 0.500000
vt 0.625000 0.750000
vt 0.875000 0.750000
vt 0.875000 0.500000
vt 0.625000 1.000000
vt 0.375000 0.000000
vt 0.375000 0.250000
vt 0.625000 0.250000
vt 0.625000 0.000000
vt 0.375000 0.500000
vt 0.625000 0.500000
vt 0.375000 0.750000
vt 0.625000 0.750000
vt 0.375000 1.000000
vt 0.625000 1.000000
vt 0.625000 0.250000
vt 0.625000 0.000000
vt 0.625000 0.500000
vt 0.625000 0.750000
vt 0.875000 0.750000
vt 0.875000 0.500000
vt 0.625000 1.000000
vt 0.375000 0.000000
vt 0.625000 0.000000
vt 0.625000 0.250000
vt 0.375000 0.250000
vt 0.625000 0.500000
vt 0.375000 0.500000
vt 0.625000 0.750000
vt 0.375000 0.750000
vt 0.625000 1.000000
vt 0.375000 1.000000
vt 0.625000 0.000000
vt 0.625000 0.250000
vt 0.625000 0.500000
vt 0.875000 0.500000
vt 0.875000 0.750000
vt 0.625000 0.750000
vt 0.625000 1.000000
vt 0.375000 0.000000
vt 0.625000 0.000000
vt 0.625000 0.250000
vt 0.375000 0.250000
vt 0.625000 0.500000
vt 0.375000 0.500000
vt 0.625000 0.750000
vt 0.375000 0.750000
vt 0.625000 1.000000
vt 0.375000 1.000000
vt 0.625000 0.000000
vt 0.625000 0.250000
vt 0.625000 0.500000
vt 0.875000 0.500000
vt 0.875000 0.750000
vt 0.625000 0.750000
vt 0.625000 1.000000
vt 0.375000 0.000000
vt 0.625000 0.000000
vt 0.625000 0.250000
vt 0.375000 0.250000
vt 0.625000 0.500000
vt 0.375000 0.500000
vt 0.625000 0.750000
vt 0.375000 0.750000
vt 0.625000 1.000000
vt 0.375000 1.000000
vt 0.625000 0.000000
vt 0.625000 0.250000
vt 0.625000 0.500000
vt 0.875000 0.500000
vt 0.875000 0.750000
vt 0.625000 0.750000
vt 0.625000 1.000000
vt 0.375000 0.000000
vt 0.625000 0.000000
vt 0.625000 0.250000
vt 0.375000 0.250000
vt 0.625000 0.500000
vt 0.375000 0.500000
vt 0.625000 0.750000
vt 0.375000 0.750000
vt 0.625000 1.000000
vt 0.375000 1.000000
vt 0.625000 0.000000
vt 0.625000 0.250000
vt 0.625000 0.500000
vt 0.875000 0.500000
vt 0.875000 0.750000
vt 0.625000 0.750000
vt 0.625000 1.000000
vt 0.375000 0.000000
vt 0.625000 0.000000
vt 0.625000 0.250000
vt 0.375000 0.250000
vt 0.625000 0.500000
vt 0.375000 0.500000
vt 0.625000 0.750000
vt 0.375000 0.750000
vt 0.625000 1.000000
vt 0.375000 1.000000
vt 0.625000 0.000000
vt 0.625000 0.250000
vt 0.625000 0.500000
vt 0.875000 0.500000
vt 0.875000 0.750000
vt 0.625000 0.750000
vt 0.625000 1.000000
vt 0.531973 0.250000
vt 0.625000 0.250000
vt 0.625000 0.333333
vt 0.531973 0.333333
vt 0.531973 0.750000
vt 0.625000 0.750000
vt 0.625000 0.833333
vt 0.531973 0.833333
vt 0.531973 0.416667
vt 0.625000 0.416667
vt 0.625000 0.500000
vt 0.531973 0.500000
vt 0.531973 0.916667
vt 0.625000 0.916667
vt 0.625000 1.000000
vt 0.531973 1.000000
vt 0.708333 0.750000
vt 0.708333 0.500000
vt 0.531973 0.000000
vt 0.625000 0.000000
vt 0.875000 0.500000
vt 0.875000 0.750000
vt 0.791667 0.750000
vt 0.791667 0.500000
vt 0.531973 0.250000
vt 0.531973 0.333333
vt 0.625000 0.333333
vt 0.625000 0.250000
vt 0.531973 0.750000
vt 0.531973 0.833333
vt 0.625000 0.833333
vt 0.625000 0.750000
vt 0.531973 0.416667
vt 0.531973 0.500000
vt 0.625000 0.500000
vt 0.625000 0.416667
vt 0.531973 0.916667
vt 0.531973 1.000000
vt 0.625000 1.000000
vt 0.625000 0.916667
vt 0.708333 0.750000
vt 0.708333 0.500000
vt 0.625000 0.000000
vt 0.531973 0.000000
vt 0.875000 0.500000
vt 0.791667 0.500000
vt 0.791667 0.750000
vt 0.875000 0.750000
vt 0.531973 0.250000
vt 0.531973 0.333333
vt 0.625000 0.333333
vt 0.625000 0.250000
vt 0.531973 0.750000
vt 0.531973 0.833333
vt 0.625000 0.833333
vt 0.625000 0.750000
vt 0.531973 0.416667
vt 0.531973 0.500000
vt 0.625000 0.500000
vt 0.625000 0.416667
vt 0.531973 0.916667
vt 0.531973 1.000000
vt 0.625000 1.000000
vt 0.625000 0.916667
vt 0.708333 0.750000
vt 0.708333 0.500000
vt 0.625000 0.000000
vt 0.531973 0.000000
vt 0.875000 0.500000
vt 0.791667 0.500000
vt 0.791667 0.750000
vt 0.875000 0.750000
vt 0.531973 0.250000
vt 0.625000 0.250000
vt 0.625000 0.333333
vt 0.531973 0.333333
vt 0.531973 0.750000
vt 0.625000 0.750000
vt 0.625000 0.833333
vt 0.531973 0.833333
vt 0.531973 0.416667
vt 0.625000 0.416667
vt 0.625000 0.500000
vt 0.531973 0.500000
vt 0.531973 0.916667
vt 0.625000 0.916667
vt 0.625000 1.000000
vt 0.531973 1.000000
vt 0.708333 0.750000
vt 0.708333 0.500000
vt 0.531973 0.000000
vt 0.625000 0.000000
vt 0.875000 0.500000
vt 0.875000 0.750000
vt 0.791667 0.750000
vt 0.791667 0.500000
vt 0.692308 0.571429
vt 0.641531 0.553576
vt 0.641566 0.545518
vt 0.692307 0.560709
vt 0.692308 0.857143
vt 0.653846 1.000000
vt 0.615385 0.857143
vt 0.691901 0.585653
vt 0.576923 1.000000
vt 0.538462 0.857143
vt 0.615385 0.560794
vt 0.615385 0.571429
vt 0.568378 0.571429
vt 0.568477 0.560794
vt 0.615385 0.702542
vt 0.538462 0.714286
vt 0.538462 0.285714
vt 0.538462 0.428571
vt 0.461539 0.428571
vt 0.461539 0.285714
vt 0.307692 0.571429
vt 0.307692 0.714286
vt 0.230769 0.714286
vt 0.230769 0.571429
vt 0.500000 1.000000
vt 0.461539 0.857143
vt 0.538462 0.560794
vt 0.538462 0.571429
vt 0.461539 0.571429
vt 0.461539 0.560794
vt 0.461539 0.714286
vt 0.423077 1.000000
vt 0.384615 0.857143
vt 0.384615 0.571429
vt 0.384615 0.560794
vt 0.384615 0.714286
vt 0.384615 0.428571
vt 0.384615 0.285714
vt 0.307692 0.560794
vt 0.307692 0.857143
vt 0.307692 0.428571
vt 0.307692 0.285714
vt 0.346154 1.000000
vt 0.230769 0.857143
vt 0.230769 0.428571
vt 0.230769 0.285714
vt 0.269231 1.000000
vt 0.192308 1.000000
vt 0.192308 0.857143
vt 0.304204 0.443913
vt 0.304204 0.434867
vt 0.307692 0.438492
vt 0.230769 0.434867
vt 0.230769 0.565133
vt 0.304204 0.565133
vt 0.192308 0.565133
vt 0.192308 0.571429
vt 0.192308 0.537225
vt 0.192308 0.537225
vt 0.230769 0.537225
vt 0.230769 0.537225
vt 0.230769 0.565133
vt 0.230769 0.565133
vt 0.304204 0.565133
vt 0.304204 0.565133
vt 0.192308 0.565133
vt 0.192308 0.565133
vt 0.192308 0.462775
vt 0.230769 0.462775
vt 0.230769 0.462775
vt 0.192308 0.462775
vt 0.288123 0.462775
vt 0.288123 0.462775
vt 0.288123 0.537225
vt 0.288123 0.537225
vt 0.192308 0.434867
vt 0.230769 0.434867
vt 0.192308 0.714286
vt 0.692308 0.714286
vt 0.569711 0.428571
vt 0.615385 0.285714
vt 0.615385 0.328162
vt 0.615385 0.671915
vt 0.692308 0.690708
vt 0.641995 0.445332
vt 0.691806 0.411112
vt 0.692308 0.428571
vt 0.692308 0.619638
vt 0.692308 0.305289
vt 0.692308 0.285714
vt 0.641963 0.452849
vt 0.615385 0.438492
vt 0.615385 0.428571
vt 0.569619 0.438492
vt 0.538462 0.438492
vt 0.304204 0.434867
vt 0.304204 0.434867
vt 0.384615 0.438492
vt 0.461538 0.438492
vt 0.692308 0.438492
vt 0.304204 0.555436
vt 0.692308 0.546442
vt 0.641613 0.534643
vt 0.641916 0.463786
vt 0.692308 0.452927
vt 0.615385 0.452927
vt 0.615385 0.546442
vt 0.568611 0.546442
vt 0.569484 0.452927
vt 0.538462 0.452927
vt 0.538462 0.546442
vt 0.461539 0.546442
vt 0.461538 0.452927
vt 0.384615 0.546442
vt 0.384615 0.452927
vt 0.307692 0.546442
vt 0.307692 0.452927
vt 0.304204 0.542349
vt 0.304204 0.457076
vt 0.515179 0.285714
vt 0.522758 0.285714
vt 0.449366 0.285714
vt 0.454915 0.285714
vt 0.418663 0.285714
vt 0.440197 0.285714
vt 0.376507 0.285714
vt 0.419654 0.285714
vt 0.310690 0.285714
vt 0.621883 0.285714
vt 0.664671 0.285714
vt 0.613209 0.285714
vt 0.230769 0.434867
vt 0.192308 0.434867
vt 0.571252 0.285714
vt 0.280795 0.285714
vt 0.192308 0.285714
vt 0.692308 0.376769
vt 0.192308 0.434867
vt 0.192308 0.428571
vt 0.392871 0.285714
vt 0.641566 0.545518
vt 0.641531 0.553576
vt 0.615385 0.857143
vt 0.538462 0.857143
vt 0.615385 0.560794
vt 0.568477 0.560794
vt 0.568378 0.571429
vt 0.615385 0.571429
vt 0.615385 0.702542
vt 0.538462 0.714286
vt 0.538462 0.285714
vt 0.461539 0.285714
vt 0.461539 0.428571
vt 0.538462 0.428571
vt 0.307692 0.571429
vt 0.230769 0.571429
vt 0.230769 0.714286
vt 0.307692 0.714286
vt 0.461539 0.857143
vt 0.538462 0.560794
vt 0.461539 0.560794
vt 0.461539 0.571429
vt 0.538462 0.571429
vt 0.461539 0.714286
vt 0.384615 0.857143
vt 0.384615 0.560794
vt 0.384615 0.571429
vt 0.384615 0.714286
vt 0.384615 0.285714
vt 0.384615 0.428571
vt 0.307692 0.560794
vt 0.307692 0.857143
vt 0.307692 0.285714
vt 0.307692 0.428571
vt 0.230769 0.857143
vt 0.230769 0.285714
vt 0.230769 0.428571
vt 0.304204 0.443913
vt 0.307692 0.438492
vt 0.304204 0.434867
vt 0.230769 0.434867
vt 0.230769 0.565133
vt 0.304204 0.565133
vt 0.230769 0.537225
vt 0.230769 0.537225
vt 0.230769 0.565133
vt 0.304204 0.565133
vt 0.304204 0.565133
vt 0.230769 0.565133
vt 0.230769 0.462775
vt 0.230769 0.462775
vt 0.288123 0.462775
vt 0.288123 0.462775
vt 0.288123 0.537225
vt 0.288123 0.537225
vt 0.230769 0.434867
vt 0.569711 0.428571
vt 0.615385 0.328162
vt 0.615385 0.285714
vt 0.615385 0.671915
vt 0.641995 0.445332
vt 0.615385 0.428571
vt 0.615385 0.438492
vt 0.641963 0.452849
vt 0.538462 0.438492
vt 0.569619 0.438492
vt 0.304204 0.434867
vt 0.304204 0.434867
vt 0.384615 0.438492
vt 0.461538 0.438492
vt 0.304204 0.555436
vt 0.641916 0.463786
vt 0.641613 0.534643
vt 0.615385 0.452927
vt 0.569484 0.452927
vt 0.568611 0.546442
vt 0.615385 0.546442
vt 0.538462 0.452927
vt 0.461538 0.452927
vt 0.461539 0.546442
vt 0.538462 0.546442
vt 0.384615 0.452927
vt 0.384615 0.546442
vt 0.307692 0.452927
vt 0.307692 0.546442
vt 0.304204 0.542349
vt 0.304204 0.457076
vt 0.449366 0.285714
vt 0.522758 0.285714
vt 0.418663 0.285714
vt 0.376507 0.285714
vt 0.310690 0.285714
vt 0.613209 0.285714
vt 0.230769 0.434867
vt 0.041667 0.684253
vt 0.041667 0.592126
vt 0.043561 0.592126
vt 0.043568 0.684253
vt 0.041667 0.500000
vt 0.039992 0.592126
vt 0.039992 0.500000
vt 0.039431 0.500000
vt 0.039431 0.592126
vt 0.037108 0.592126
vt 0.037108 0.500000
vt 0.039992 0.684253
vt 0.039431 0.684253
vt 0.916667 0.592126
vt 0.916667 0.684253
vt 0.833333 0.684253
vt 0.833333 0.592126
vt 0.750000 0.684253
vt 0.750000 0.592126
vt 0.666667 0.684253
vt 0.666667 0.592126
vt 0.583333 0.684253
vt 0.583333 0.592126
vt 0.500000 0.684253
vt 0.500000 0.592126
vt 0.416667 0.684253
vt 0.416667 0.592126
vt 0.333333 0.684253
vt 0.333333 0.592126
vt 0.250000 0.684253
vt 0.250000 0.592126
vt 0.166667 0.684253
vt 0.166667 0.592126
vt 0.083333 0.684253
vt 0.083333 0.592126
vt 0.039431 0.684253
vt 0.037108 0.684253
vt 0.037108 0.684253
vt 0.043568 0.500000
vt 0.083333 0.500000
vt 0.814353 0.472757
vt 0.870000 0.457846
vt 0.957846 0.370000
vt 0.990000 0.250000
vt 0.957846 0.130000
vt 0.870000 0.042154
vt 0.750000 0.010000
vt 0.630000 0.042154
vt 0.542154 0.130000
vt 0.510000 0.250000
vt 0.542154 0.370000
vt 0.630000 0.457846
vt 0.687262 0.473184
vt 0.690000 0.473923
vt 0.692412 0.474569
vt 0.693220 0.474786
vt 0.696565 0.475682
vt 0.750000 0.490000
vt 0.801017 0.476330
vt 0.804853 0.475302
vt 0.806104 0.474967
vt 0.810000 0.473923
vt 0.961039 0.684253
vt 0.961039 0.592126
vt 0.961908 0.592126
vt 0.961908 0.684253
vt 0.000000 0.684253
vt 0.000000 0.592126
vt 0.958333 0.684253
vt 0.958333 0.592126
vt 0.958333 0.684253
vt 0.955310 0.684253
vt 0.955310 0.684253
vt 0.041667 0.684253
vt 0.039992 0.684253
vt 0.958333 0.500000
vt 0.961039 0.500000
vt 0.000000 0.500000
vt 0.166667 0.500000
vt 0.250000 0.500000
vt 0.333333 0.500000
vt 0.416667 0.500000
vt 0.500000 0.500000
vt 0.583333 0.500000
vt 0.666667 0.500000
vt 0.750000 0.500000
vt 0.833333 0.500000
vt 0.916667 0.500000
vt 0.961039 0.684253
vt 0.955311 0.592126
vt 0.961908 0.684253
vt 0.833333 0.684253
vt 0.750000 0.684253
vt 0.666667 0.684253
vt 0.583333 0.684253
vt 0.500000 0.684253
vt 0.416667 0.684253
vt 0.333333 0.684253
vt 0.250000 0.684253
vt 0.166667 0.684253
vt 0.083333 0.684253
vt 0.000000 0.684253
vt 0.043568 0.684253
vt 0.964572 0.592126
vt 0.964572 0.500000
vt 1.000000 0.500000
vt 1.000000 0.592126
vt 0.964572 0.684253
vt 1.000000 0.684253
vt 0.955311 0.500000
vt 0.961908 0.500000
vt 1.000000 0.684253
vt 0.964572 0.684253
vt 0.916667 0.684253
vt 0.043561 0.592126
vt 0.041667 0.592126
vt 0.041667 0.500000
vt 0.039992 0.500000
vt 0.039992 0.592126
vt 0.039431 0.500000
vt 0.037108 0.500000
vt 0.037108 0.592126
vt 0.039431 0.592126
vt 0.916667 0.592126
vt 0.833333 0.592126
vt 0.750000 0.592126
vt 0.666667 0.592126
vt 0.583333 0.592126
vt 0.500000 0.592126
vt 0.416667 0.592126
vt 0.333333 0.592126
vt 0.250000 0.592126
vt 0.166667 0.592126
vt 0.083333 0.592126
vt 0.083333 0.500000
vt 0.043568 0.500000
vt 0.814353 0.472757
vt 0.810000 0.473923
vt 0.806104 0.474967
vt 0.804853 0.475302
vt 0.801017 0.476330
vt 0.750000 0.490000
vt 0.696565 0.475682
vt 0.693220 0.474786
vt 0.692412 0.474569
vt 0.690000 0.473923
vt 0.687262 0.473184
vt 0.630000 0.457846
vt 0.542154 0.370000
vt 0.510000 0.250000
vt 0.542154 0.130000
vt 0.630000 0.042154
vt 0.750000 0.010000
vt 0.870000 0.042154
vt 0.957846 0.130000
vt 0.990000 0.250000
vt 0.957846 0.370000
vt 0.870000 0.457846
vt 0.961908 0.592126
vt 0.961039 0.592126
vt 0.000000 0.592126
vt 0.958333 0.592126
vt 0.961039 0.500000
vt 0.958333 0.500000
vt 0.000000 0.500000
vt 0.166667 0.500000
vt 0.250000 0.500000
vt 0.333333 0.500000
vt 0.416667 0.500000
vt 0.500000 0.500000
vt 0.583333 0.500000
vt 0.666667 0.500000
vt 0.750000 0.500000
vt 0.833333 0.500000
vt 0.916667 0.500000
vt 0.955311 0.592126
vt 0.964572 0.592126
vt 1.000000 0.592126
vt 1.000000 0.500000
vt 0.964572 0.500000
vt 0.955311 0.500000
vt 0.961908 0.500000
vt 0.041667 0.684253
vt 0.043568 0.684253
vt 0.043561 0.592126
vt 0.041667 0.592126
vt 0.041667 0.500000
vt 0.039992 0.500000
vt 0.039992 0.592126
vt 0.039431 0.500000
vt 0.037108 0.500000
vt 0.037108 0.592126
vt 0.039431 0.592126
vt 0.039431 0.684253
vt 0.039992 0.684253
vt 0.916667 0.592126
vt 0.833333 0.592126
vt 0.833333 0.684253
vt 0.916667 0.684253
vt 0.750000 0.592126
vt 0.750000 0.684253
vt 0.666667 0.592126
vt 0.666667 0.684253
vt 0.583333 0.592126
vt 0.583333 0.684253
vt 0.500000 0.592126
vt 0.500000 0.684253
vt 0.416667 0.592126
vt 0.416667 0.684253
vt 0.333333 0.592126
vt 0.333333 0.684253
vt 0.250000 0.592126
vt 0.250000 0.684253
vt 0.166667 0.592126
vt 0.166667 0.684253
vt 0.083333 0.592126
vt 0.083333 0.684253
vt 0.039431 0.684253
vt 0.037108 0.684253
vt 0.037108 0.684253
vt 0.083333 0.500000
vt 0.043568 0.500000
vt 0.814353 0.472757
vt 0.810000 0.473923
vt 0.806104 0.474967
vt 0.804853 0.475302
vt 0.801017 0.476330
vt 0.750000 0.490000
vt 0.696565 0.475682
vt 0.693220 0.474786
vt 0.692412 0.474569
vt 0.690000 0.473923
vt 0.687262 0.473184
vt 0.630000 0.457846
vt 0.542154 0.370000
vt 0.510000 0.250000
vt 0.542154 0.130000
vt 0.630000 0.042154
vt 0.750000 0.010000
vt 0.870000 0.042154
vt 0.957846 0.130000
vt 0.990000 0.250000
vt 0.957846 0.370000
vt 0.870000 0.457846
vt 0.961039 0.684253
vt 0.961908 0.684253
vt 0.961908 0.592126
vt 0.961039 0.592126
vt 0.000000 0.592126
vt 0.000000 0.684253
vt 0.958333 0.592126
vt 0.958333 0.684253
vt 0.955310 0.684253
vt 0.955310 0.684253
vt 0.958333 0.684253
vt 0.041667 0.684253
vt 0.039992 0.684253
vt 0.961039 0.500000
vt 0.958333 0.500000
vt 0.000000 0.500000
vt 0.166667 0.500000
vt 0.250000 0.500000
vt 0.333333 0.500000
vt 0.416667 0.500000
vt 0.500000 0.500000
vt 0.583333 0.500000
vt 0.666667 0.500000
vt 0.750000 0.500000
vt 0.833333 0.500000
vt 0.916667 0.500000
vt 0.961039 0.684253
vt 0.955311 0.592126
vt 0.961908 0.684253
vt 0.833333 0.684253
vt 0.750000 0.684253
vt 0.666667 0.684253
vt 0.583333 0.684253
vt 0.500000 0.684253
vt 0.416667 0.684253
vt 0.333333 0.684253
vt 0.250000 0.684253
vt 0.166667 0.684253
vt 0.083333 0.684253
vt 0.000000 0.684253
vt 0.043568 0.684253
vt 0.964572 0.592126
vt 1.000000 0.592126
vt 1.000000 0.500000
vt 0.964572 0.500000
vt 0.964572 0.684253
vt 1.000000 0.684253
vt 0.955311 0.500000
vt 0.961908 0.500000
vt 0.964572 0.684253
vt 1.000000 0.684253
vt 0.916667 0.684253
vt 0.041667 0.592126
vt 0.043561 0.592126
vt 0.041667 0.500000
vt 0.039992 0.592126
vt 0.039992 0.500000
vt 0.039431 0.500000
vt 0.039431 0.592126
vt 0.037108 0.592126
vt 0.037108 0.500000
vt 0.916667 0.592126
vt 0.833333 0.592126
vt 0.750000 0.592126
vt 0.666667 0.592126
vt 0.583333 0.592126
vt 0.500000 0.592126
vt 0.416667 0.592126
vt 0.333333 0.592126
vt 0.250000 0.592126
vt 0.166667 0.592126
vt 0.083333 0.592126
vt 0.043568 0.500000
vt 0.083333 0.500000
vt 0.814353 0.472757
vt 0.870000 0.457846
vt 0.957846 0.370000
vt 0.990000 0.250000
vt 0.957846 0.130000
vt 0.870000 0.042154
vt 0.750000 0.010000
vt 0.630000 0.042154
vt 0.542154 0.130000
vt 0.510000 0.250000
vt 0.542154 0.370000
vt 0.630000 0.457846
vt 0.687262 0.473184
vt 0.690000 0.473923
vt 0.692412 0.474569
vt 0.693220 0.474786
vt 0.696565 0.475682
vt 0.750000 0.490000
vt 0.801017 0.476330
vt 0.804853 0.475302
vt 0.806104 0.474967
vt 0.810000 0.473923
vt 0.961039 0.592126
vt 0.961908 0.592126
vt 0.000000 0.592126
vt 0.958333 0.592126
vt 0.958333 0.500000
vt 0.961039 0.500000
vt 0.000000 0.500000
vt 0.166667 0.500000
vt 0.250000 0.500000
vt 0.333333 0.500000
vt 0.416667 0.500000
vt 0.500000 0.500000
vt 0.583333 0.500000
vt 0.666667 0.500000
vt 0.750000 0.500000
vt 0.833333 0.500000
vt 0.916667 0.500000
vt 0.955311 0.592126
vt 0.964572 0.592126
vt 0.964572 0.500000
vt 1.000000 0.500000
vt 1.000000 0.592126
vt 0.955311 0.500000
vt 0.961908 0.500000
vt 0.192308 0.857143
vt 0.115385 1.000000
vt 0.076923 0.857143
vt 0.153846 0.857143
vt 0.076923 0.571429
vt 0.076923 0.714286
vt 0.000000 0.714286
vt 0.000000 0.571429
vt 0.038462 1.000000
vt 0.000000 0.857143
vt 0.153846 0.714286
vt 1.000000 0.857143
vt 0.961538 1.000000
vt 0.923077 0.857143
vt 1.000000 0.571429
vt 1.000000 0.714286
vt 0.923077 0.714286
vt 0.923077 0.571429
vt 0.846154 0.857143
vt 0.846154 0.714286
vt 0.884615 1.000000
vt 0.846154 0.571429
vt 0.769231 0.714286
vt 0.769231 0.571429
vt 0.807692 1.000000
vt 0.769231 0.857143
vt 0.730769 1.000000
vt 0.692308 0.857143
vt 0.692308 0.714286
vt 0.192308 0.714286
vt 0.192308 0.714286
vt 0.153846 0.714286
vt 0.153846 0.714286
vt 0.192308 0.714286
vt 0.153846 0.571429
vt 0.153846 0.571429
vt 0.153846 0.571429
vt 0.709241 0.571429
vt 0.692308 0.571429
vt 0.192308 0.571429
vt 0.153846 0.857143
vt 0.076923 0.857143
vt 0.076923 0.571429
vt 0.000000 0.571429
vt 0.000000 0.714286
vt 0.076923 0.714286
vt 0.000000 0.857143
vt 0.153846 0.714286
vt 1.000000 0.857143
vt 0.923077 0.857143
vt 1.000000 0.571429
vt 0.923077 0.571429
vt 0.923077 0.714286
vt 1.000000 0.714286
vt 0.846154 0.857143
vt 0.846154 0.714286
vt 0.846154 0.571429
vt 0.769231 0.571429
vt 0.769231 0.714286
vt 0.769231 0.857143
vt 0.153846 0.714286
vt 0.153846 0.714286
vt 0.153846 0.571429
vt 0.153846 0.571429
vt 0.153846 0.571429
vt 0.709241 0.571429
vt 0.869534 0.042961
vt 0.870000 0.042154
vt 0.750000 0.010000
vt 0.750000 0.010931
vt 0.250000 0.439005
vt 0.155497 0.413683
vt 0.155497 0.413683
vt 0.250000 0.439005
vt 0.630466 0.457039
vt 0.630000 0.457846
vt 0.750000 0.490000
vt 0.750000 0.489069
vt 0.166667 0.500000
vt 0.166667 0.511081
vt 0.083333 0.511081
vt 0.083333 0.500000
vt 0.916667 0.517752
vt 0.916667 1.000000
vt 0.833333 1.000000
vt 0.833333 0.517752
vt 0.750000 1.000000
vt 0.750000 0.517752
vt 0.666667 1.000000
vt 0.666667 0.517752
vt 0.583333 1.000000
vt 0.583333 0.517752
vt 0.916667 0.511081
vt 0.833333 0.511081
vt 0.416667 0.517752
vt 0.416667 1.000000
vt 0.333333 1.000000
vt 0.333333 0.517752
vt 0.250000 1.000000
vt 0.250000 0.517752
vt 1.000000 0.517752
vt 1.000000 1.000000
vt 0.083333 0.517752
vt 0.083333 1.000000
vt 0.000000 1.000000
vt 0.000000 0.517752
vt 0.500000 0.517752
vt 0.500000 1.000000
vt 0.750000 0.511081
vt 0.666667 0.511081
vt 0.583333 0.511081
vt 0.416667 0.511081
vt 0.333333 0.511081
vt 0.250000 0.511081
vt 0.166667 0.517752
vt 1.000000 0.511081
vt 0.500000 0.511081
vt 0.548026 0.250000
vt 0.510931 0.250000
vt 0.542961 0.369534
vt 0.575085 0.350987
vt 0.575085 0.149013
vt 0.542961 0.130466
vt 0.649013 0.075085
vt 0.630466 0.042961
vt 0.924915 0.149013
vt 0.957039 0.130466
vt 0.850987 0.075085
vt 0.951974 0.250000
vt 0.989069 0.250000
vt 0.924915 0.350987
vt 0.957039 0.369534
vt 0.850987 0.424914
vt 0.869534 0.457039
vt 0.750000 0.451974
vt 0.000000 0.511081
vt 0.649013 0.424915
vt 0.750000 0.048026
vt 0.871586 0.320198
vt 0.820198 0.371586
vt 0.890396 0.250000
vt 0.871586 0.179802
vt 0.820198 0.128413
vt 0.628413 0.179802
vt 0.679802 0.128413
vt 0.609604 0.250000
vt 0.628413 0.320198
vt 0.679802 0.371586
vt 0.750000 0.390396
vt 0.750000 0.109604
vt 0.296172 0.329973
vt 0.250000 0.342345
vt 0.250000 0.342345
vt 0.296172 0.329973
vt 0.344503 0.086317
vt 0.413683 0.155497
vt 0.413683 0.155497
vt 0.344503 0.086317
vt 0.413683 0.344503
vt 0.344503 0.413683
vt 0.344503 0.413683
vt 0.413683 0.344503
vt 0.060995 0.250000
vt 0.086317 0.155497
vt 0.086317 0.155497
vt 0.060995 0.250000
vt 0.633229 0.317418
vt 0.682582 0.366771
vt 0.439005 0.250000
vt 0.439005 0.250000
vt 0.086316 0.344503
vt 0.086316 0.344503
vt 0.155497 0.086317
vt 0.250000 0.060995
vt 0.250000 0.060995
vt 0.155497 0.086317
vt 0.130000 0.457846
vt 0.042154 0.370000
vt 0.203827 0.329973
vt 0.170027 0.296172
vt 0.157655 0.250000
vt 0.170027 0.203828
vt 0.170027 0.203828
vt 0.157655 0.250000
vt 0.342345 0.250000
vt 0.329973 0.296172
vt 0.329973 0.296172
vt 0.342345 0.250000
vt 0.170027 0.296172
vt 0.329973 0.203828
vt 0.329973 0.203828
vt 0.203827 0.329973
vt 0.203828 0.170027
vt 0.203828 0.170027
vt 0.296172 0.170027
vt 0.296172 0.170027
vt 0.250000 0.157655
vt 0.250000 0.157655
vt 0.010000 0.250000
vt 0.042154 0.130000
vt 0.130000 0.042154
vt 0.370000 0.042154
vt 0.457846 0.130000
vt 0.490000 0.250000
vt 0.457846 0.370000
vt 0.370000 0.457846
vt 0.250000 0.490000
vt 0.250000 0.010000
vt 0.289090 0.272568
vt 0.295137 0.250000
vt 0.289090 0.227432
vt 0.272568 0.210910
vt 0.227432 0.210910
vt 0.210910 0.227432
vt 0.204863 0.250000
vt 0.210910 0.272568
vt 0.227432 0.289090
vt 0.250000 0.295137
vt 0.272568 0.289090
vt 0.250000 0.204863
vt 0.231372 0.282264
vt 0.217736 0.268627
vt 0.615164 0.250000
vt 0.633229 0.182582
vt 0.682582 0.133229
vt 0.866771 0.182582
vt 0.817418 0.133229
vt 0.884836 0.250000
vt 0.866771 0.317418
vt 0.817418 0.366771
vt 0.750000 0.384836
vt 0.750000 0.115164
vt 0.250000 0.281404
vt 0.234298 0.277197
vt 0.250000 0.275008
vt 0.281404 0.250000
vt 0.277197 0.265702
vt 0.275008 0.250000
vt 0.277197 0.234298
vt 0.271658 0.237496
vt 0.265702 0.222803
vt 0.262504 0.228342
vt 0.222803 0.234298
vt 0.234298 0.222803
vt 0.228342 0.237496
vt 0.250000 0.218596
vt 0.250000 0.224992
vt 0.218596 0.250000
vt 0.224992 0.250000
vt 0.222803 0.265702
vt 0.228342 0.262504
vt 0.237496 0.271658
vt 0.265702 0.277197
vt 0.262504 0.271658
vt 0.237496 0.228342
vt 0.232347 0.280576
vt 0.219424 0.267653
vt 0.221914 0.266215
vt 0.233785 0.278086
vt 0.250000 0.285306
vt 0.267653 0.280576
vt 0.268140 0.281420
vt 0.250000 0.286280
vt 0.280576 0.267653
vt 0.281420 0.268140
vt 0.285306 0.250000
vt 0.286280 0.250000
vt 0.280576 0.232347
vt 0.281420 0.231860
vt 0.282264 0.268627
vt 0.268628 0.282264
vt 0.267653 0.219424
vt 0.268140 0.218580
vt 0.232347 0.219424
vt 0.219424 0.232347
vt 0.218580 0.231860
vt 0.231860 0.218580
vt 0.214694 0.250000
vt 0.213720 0.250000
vt 0.218580 0.268140
vt 0.212745 0.250000
vt 0.217736 0.231372
vt 0.231372 0.217736
vt 0.268628 0.217736
vt 0.282264 0.231372
vt 0.250000 0.214694
vt 0.250000 0.213720
vt 0.287255 0.250000
vt 0.250000 0.287255
vt 0.231860 0.281420
vt 0.250000 0.212745
vt 0.217570 0.250000
vt 0.221914 0.233785
vt 0.233785 0.221914
vt 0.278086 0.233785
vt 0.266215 0.221914
vt 0.278086 0.266215
vt 0.266215 0.278086
vt 0.282430 0.250000
vt 0.250000 0.282430
vt 0.250000 0.217570
vt 0.166667 1.000000
vt 0.870000 0.457846
vt 0.957846 0.370000
vt 0.990000 0.250000
vt 0.957846 0.130000
vt 0.630000 0.042154
vt 0.542154 0.130000
vt 0.510000 0.250000
vt 0.542154 0.370000
vt 0.250000 0.500000
vt 0.333333 0.500000
vt 0.416667 0.500000
vt 0.666667 0.500000
vt 0.583333 0.500000
vt 0.750000 0.500000
vt 0.833333 0.500000
vt 0.916667 0.500000
vt 1.000000 0.500000
vt 0.000000 0.500000
vt 0.500000 0.500000
vt 0.271658 0.262504
vt 0.869534 0.042961
vt 0.750000 0.010931
vt 0.750000 0.010000
vt 0.870000 0.042154
vt 0.250000 0.439005
vt 0.250000 0.439005
vt 0.155497 0.413683
vt 0.155497 0.413683
vt 0.630466 0.457039
vt 0.750000 0.489069
vt 0.750000 0.490000
vt 0.630000 0.457846
vt 0.166667 0.500000
vt 0.083333 0.500000
vt 0.083333 0.511081
vt 0.166667 0.511081
vt 0.916667 0.517752
vt 0.833333 0.517752
vt 0.833333 1.000000
vt 0.916667 1.000000
vt 0.750000 0.517752
vt 0.750000 1.000000
vt 0.666667 0.517752
vt 0.666667 1.000000
vt 0.583333 0.517752
vt 0.583333 1.000000
vt 0.916667 0.511081
vt 0.833333 0.511081
vt 0.416667 0.517752
vt 0.333333 0.517752
vt 0.333333 1.000000
vt 0.416667 1.000000
vt 0.250000 0.517752
vt 0.250000 1.000000
vt 1.000000 0.517752
vt 1.000000 1.000000
vt 0.083333 0.517752
vt 0.000000 0.517752
vt 0.000000 1.000000
vt 0.083333 1.000000
vt 0.500000 0.517752
vt 0.500000 1.000000
vt 0.750000 0.511081
vt 0.666667 0.511081
vt 0.583333 0.511081
vt 0.416667 0.511081
vt 0.333333 0.511081
vt 0.250000 0.511081
vt 0.166667 0.517752
vt 1.000000 0.511081
vt 0.500000 0.511081
vt 0.548026 0.250000
vt 0.575085 0.350987
vt 0.542961 0.369534
vt 0.510931 0.250000
vt 0.575085 0.149013
vt 0.542961 0.130466
vt 0.649013 0.075085
vt 0.630466 0.042961
vt 0.924915 0.149013
vt 0.850987 0.075085
vt 0.957039 0.130466
vt 0.951974 0.250000
vt 0.989069 0.250000
vt 0.924915 0.350987
vt 0.957039 0.369534
vt 0.850987 0.424914
vt 0.869534 0.457039
vt 0.750000 0.451974
vt 0.000000 0.511081
vt 0.649013 0.424915
vt 0.750000 0.048026
vt 0.820198 0.371586
vt 0.871586 0.320198
vt 0.890396 0.250000
vt 0.871586 0.179802
vt 0.820198 0.128413
vt 0.679802 0.128413
vt 0.628413 0.179802
vt 0.609604 0.250000
vt 0.628413 0.320198
vt 0.679802 0.371586
vt 0.750000 0.390396
vt 0.750000 0.109604
vt 0.296172 0.329973
vt 0.296172 0.329973
vt 0.250000 0.342345
vt 0.250000 0.342345
vt 0.344503 0.086317
vt 0.344503 0.086317
vt 0.413683 0.155497
vt 0.413683 0.155497
vt 0.413683 0.344503
vt 0.413683 0.344503
vt 0.344503 0.413683
vt 0.344503 0.413683
vt 0.060995 0.250000
vt 0.060995 0.250000
vt 0.086317 0.155497
vt 0.086317 0.155497
vt 0.633229 0.317418
vt 0.682582 0.366771
vt 0.439005 0.250000
vt 0.439005 0.250000
vt 0.086316 0.344503
vt 0.086316 0.344503
vt 0.155497 0.086317
vt 0.155497 0.086317
vt 0.250000 0.060995
vt 0.250000 0.060995
vt 0.130000 0.457846
vt 0.042154 0.370000
vt 0.203827 0.329973
vt 0.170027 0.296172
vt 0.157655 0.250000
vt 0.157655 0.250000
vt 0.170027 0.203828
vt 0.170027 0.203828
vt 0.342345 0.250000
vt 0.342345 0.250000
vt 0.329973 0.296172
vt 0.329973 0.296172
vt 0.170027 0.296172
vt 0.329973 0.203828
vt 0.329973 0.203828
vt 0.203827 0.329973
vt 0.203828 0.170027
vt 0.203828 0.170027
vt 0.296172 0.170027
vt 0.296172 0.170027
vt 0.250000 0.157655
vt 0.250000 0.157655
vt 0.010000 0.250000
vt 0.042154 0.130000
vt 0.130000 0.042154
vt 0.370000 0.042154
vt 0.457846 0.130000
vt 0.490000 0.250000
vt 0.457846 0.370000
vt 0.370000 0.457846
vt 0.250000 0.490000
vt 0.250000 0.010000
vt 0.289090 0.272568
vt 0.295137 0.250000
vt 0.289090 0.227432
vt 0.272568 0.210910
vt 0.227432 0.210910
vt 0.210910 0.227432
vt 0.204863 0.250000
vt 0.210910 0.272568
vt 0.227432 0.289090
vt 0.250000 0.295137
vt 0.272568 0.289090
vt 0.250000 0.204863
vt 0.231372 0.282264
vt 0.217736 0.268627
vt 0.615164 0.250000
vt 0.633229 0.182582
vt 0.682582 0.133229
vt 0.866771 0.182582
vt 0.817418 0.133229
vt 0.884836 0.250000
vt 0.866771 0.317418
vt 0.817418 0.366771
vt 0.750000 0.384836
vt 0.750000 0.115164
vt 0.250000 0.281404
vt 0.250000 0.275008
vt 0.234298 0.277197
vt 0.281404 0.250000
vt 0.275008 0.250000
vt 0.277197 0.265702
vt 0.277197 0.234298
vt 0.271658 0.237496
vt 0.265702 0.222803
vt 0.262504 0.228342
vt 0.222803 0.234298
vt 0.228342 0.237496
vt 0.234298 0.222803
vt 0.250000 0.218596
vt 0.250000 0.224992
vt 0.218596 0.250000
vt 0.224992 0.250000
vt 0.222803 0.265702
vt 0.228342 0.262504
vt 0.237496 0.271658
vt 0.265702 0.277197
vt 0.262504 0.271658
vt 0.237496 0.228342
vt 0.232347 0.280576
vt 0.233785 0.278086
vt 0.221914 0.266215
vt 0.219424 0.267653
vt 0.250000 0.285306
vt 0.250000 0.286280
vt 0.268140 0.281420
vt 0.267653 0.280576
vt 0.281420 0.268140
vt 0.280576 0.267653
vt 0.286280 0.250000
vt 0.285306 0.250000
vt 0.281420 0.231860
vt 0.280576 0.232347
vt 0.268628 0.282264
vt 0.282264 0.268627
vt 0.268140 0.218580
vt 0.267653 0.219424
vt 0.232347 0.219424
vt 0.231860 0.218580
vt 0.218580 0.231860
vt 0.219424 0.232347
vt 0.213720 0.250000
vt 0.214694 0.250000
vt 0.218580 0.268140
vt 0.212745 0.250000
vt 0.217736 0.231372
vt 0.231372 0.217736
vt 0.268628 0.217736
vt 0.282264 0.231372
vt 0.250000 0.213720
vt 0.250000 0.214694
vt 0.287255 0.250000
vt 0.250000 0.287255
vt 0.231860 0.281420
vt 0.250000 0.212745
vt 0.217570 0.250000
vt 0.221914 0.233785
vt 0.233785 0.221914
vt 0.266215 0.221914
vt 0.278086 0.233785
vt 0.266215 0.278086
vt 0.278086 0.266215
vt 0.282430 0.250000
vt 0.250000 0.282430
vt 0.250000 0.217570
vt 0.166667 1.000000
vt 0.870000 0.457846
vt 0.957846 0.370000
vt 0.990000 0.250000
vt 0.957846 0.130000
vt 0.542154 0.130000
vt 0.630000 0.042154
vt 0.510000 0.250000
vt 0.542154 0.370000
vt 0.250000 0.500000
vt 0.333333 0.500000
vt 0.416667 0.500000
vt 0.666667 0.500000
vt 0.583333 0.500000
vt 0.750000 0.500000
vt 0.833333 0.500000
vt 0.916667 0.500000
vt 1.000000 0.500000
vt 0.000000 0.500000
vt 0.500000 0.500000
vt 0.271658 0.262504
vt 0.750000 0.900000
vt 0.750000 1.000000
vt 0.666667 1.000000
vt 0.666667 0.900000
vt 0.500000 0.900000
vt 0.583333 0.900000
vt 0.583333 0.900000
vt 0.500000 0.900000
vt 0.583333 1.000000
vt 0.583333 1.000000
vt 0.666667 1.000000
vt 0.750000 1.000000
vt 0.750000 1.000000
vt 0.666667 1.000000
vt 0.500000 0.600000
vt 0.500000 0.500000
vt 0.583333 0.500000
vt 0.583333 0.600000
vt 0.583333 0.700000
vt 0.500000 0.700000
vt 0.583333 0.800000
vt 0.500000 0.800000
vt 0.666667 0.500000
vt 0.666667 0.600000
vt 0.666667 0.700000
vt 0.666667 0.800000
vt 0.750000 0.500000
vt 0.750000 0.600000
vt 0.750000 0.700000
vt 0.750000 0.800000
vt 0.583333 1.000000
vt 0.583333 1.000000
vt 0.500000 1.000000
vt 0.583333 1.000000
vt 0.500000 1.000000
vt 0.500000 1.000000
vt 0.500000 1.000000
vt 0.666667 0.500000
vt 0.583333 0.500000
vt 0.500000 0.500000
vt 0.750000 0.900000
vt 0.666667 0.900000
vt 0.666667 1.000000
vt 0.750000 1.000000
vt 0.583333 0.900000
vt 0.583333 0.900000
vt 0.583333 1.000000
vt 0.583333 1.000000
vt 0.666667 1.000000
vt 0.666667 1.000000
vt 0.750000 1.000000
vt 0.750000 1.000000
vt 0.583333 0.600000
vt 0.583333 0.500000
vt 0.583333 0.700000
vt 0.583333 0.800000
vt 0.666667 0.500000
vt 0.666667 0.600000
vt 0.666667 0.700000
vt 0.666667 0.800000
vt 0.750000 0.500000
vt 0.750000 0.600000
vt 0.750000 0.700000
vt 0.750000 0.800000
vt 0.583333 1.000000
vt 0.583333 1.000000
vt 0.583333 1.000000
vt 0.666667 0.500000
vt 0.583333 0.500000
vt 0.750000 0.500000
vt 0.750000 1.000000
vt 0.666667 1.000000
vt 0.666667 0.500000
vt 0.583333 1.000000
vt 0.583333 0.500000
vt 0.500000 1.000000
vt 0.500000 0.500000
vt 0.416667 1.000000
vt 0.416667 0.500000
vt 0.333333 1.000000
vt 0.333333 0.500000
vt 0.490000 0.250000
vt 0.010000 0.250000
vt 0.042154 0.130000
vt 0.130000 0.042154
vt 0.250000 0.010000
vt 0.370000 0.042154
vt 0.457846 0.130000
vt 0.510000 0.250000
vt 0.990000 0.250000
vt 0.957846 0.130000
vt 0.870000 0.042154
vt 0.750000 0.010000
vt 0.630000 0.042154
vt 0.542154 0.130000
vt 0.250000 1.000000
vt 0.250000 0.500000
vt 0.750000 0.500000
vt 0.750000 1.000000
vt 0.666667 1.000000
vt 0.666667 0.500000
vt 0.583333 1.000000
vt 0.583333 0.500000
vt 0.500000 1.000000
vt 0.500000 0.500000
vt 0.416667 1.000000
vt 0.416667 0.500000
vt 0.333333 1.000000
vt 0.333333 0.500000
vt 0.490000 0.250000
vt 0.010000 0.250000
vt 0.042154 0.130000
vt 0.130000 0.042154
vt 0.250000 0.010000
vt 0.370000 0.042154
vt 0.457846 0.130000
vt 0.510000 0.250000
vt 0.990000 0.250000
vt 0.957846 0.130000
vt 0.870000 0.042154
vt 0.750000 0.010000
vt 0.630000 0.042154
vt 0.542154 0.130000
vt 0.250000 1.000000
vt 0.250000 0.500000
vt 0.750000 0.500000
vt 0.750000 1.000000
vt 0.666667 1.000000
vt 0.666667 0.500000
vt 0.583333 1.000000
vt 0.583333 0.500000
vt 0.500000 1.000000
vt 0.500000 0.500000
vt 0.416667 1.000000
vt 0.416667 0.500000
vt 0.333333 1.000000
vt 0.333333 0.500000
vt 0.490000 0.250000
vt 0.010000 0.250000
vt 0.042154 0.130000
vt 0.130000 0.042154
vt 0.250000 0.010000
vt 0.370000 0.042154
vt 0.457846 0.130000
vt 0.510000 0.250000
vt 0.990000 0.250000
vt 0.957846 0.130000
vt 0.870000 0.042154
vt 0.750000 0.010000
vt 0.630000 0.042154
vt 0.542154 0.130000
vt 0.250000 1.000000
vt 0.250000 0.500000
vt 0.500000 0.412298
vt 0.625000 0.412298
vt 0.625000 0.500000
vt 0.500000 0.500000
vt 0.625000 0.750000
vt 0.500000 0.750000
vt 0.287298 0.750000
vt 0.211881 0.750000
vt 0.206963 0.500000
vt 0.287298 0.500000
vt 0.625000 0.837702
vt 0.500000 0.837702
vt 0.500000 0.331963
vt 0.625000 0.331963
vt 0.712702 0.500000
vt 0.712702 0.750000
vt 0.500000 0.284467
vt 0.625000 0.284467
vt 0.625000 0.913119
vt 0.500000 0.913119
vt 0.793037 0.500000
vt 0.788119 0.750000
vt 0.840533 0.500000
vt 0.840533 0.750000
vt 0.375000 0.500000
vt 0.375000 0.750000
vt 0.159467 0.750000
vt 0.159467 0.500000
vt 0.625000 0.965533
vt 0.500000 0.965533
vt 0.375000 0.837702
vt 0.375000 0.913119
vt 0.375000 0.284467
vt 0.375000 0.331963
vt 0.375000 0.412298
vt 0.375000 0.965533
vt 0.500000 0.412298
vt 0.500000 0.500000
vt 0.625000 0.500000
vt 0.625000 0.412298
vt 0.500000 0.750000
vt 0.625000 0.750000
vt 0.287298 0.750000
vt 0.287298 0.500000
vt 0.206963 0.500000
vt 0.211881 0.750000
vt 0.500000 0.837702
vt 0.625000 0.837702
vt 0.500000 0.331963
vt 0.625000 0.331963
vt 0.712702 0.750000
vt 0.712702 0.500000
vt 0.500000 0.284467
vt 0.625000 0.284467
vt 0.500000 0.913119
vt 0.625000 0.913119
vt 0.788119 0.750000
vt 0.793037 0.500000
vt 0.840533 0.750000
vt 0.840533 0.500000
vt 0.375000 0.500000
vt 0.375000 0.750000
vt 0.159467 0.500000
vt 0.159467 0.750000
vt 0.500000 0.965533
vt 0.625000 0.965533
vt 0.375000 0.837702
vt 0.375000 0.913119
vt 0.375000 0.284467
vt 0.375000 0.331963
vt 0.375000 0.412298
vt 0.375000 0.965533
vt 0.166667 0.904643
vt 0.166667 0.972615
vt 0.083333 0.972615
vt 0.083333 0.904643
vt 0.250000 0.904643
vt 0.250000 0.972615
vt 0.333333 0.904643
vt 0.333333 0.972615
vt 0.416667 0.904643
vt 0.416667 0.972615
vt 0.500000 0.904643
vt 0.500000 0.972615
vt 0.583333 0.904643
vt 0.583333 0.972615
vt 0.666667 0.904643
vt 0.666667 0.972615
vt 0.750000 0.904643
vt 0.750000 0.972615
vt 0.833333 0.904643
vt 0.833333 0.972615
vt 0.916667 0.904643
vt 0.916667 0.972615
vt 1.000000 0.904643
vt 1.000000 0.972615
vt 1.000000 0.829203
vt 0.916667 0.829203
vt 0.833333 0.829203
vt 0.750000 0.829203
vt 0.666667 0.829203
vt 0.583333 0.829203
vt 0.500000 0.829203
vt 0.416667 0.829203
vt 0.333333 0.829203
vt 0.250000 0.829203
vt 0.166667 0.829203
vt 0.083333 0.829203
vt 0.000000 0.972615
vt 0.000000 0.904643
vt 0.000000 0.829203
vt 0.166667 0.904643
vt 0.083333 0.904643
vt 0.083333 0.972615
vt 0.166667 0.972615
vt 0.250000 0.904643
vt 0.250000 0.972615
vt 0.333333 0.904643
vt 0.333333 0.972615
vt 0.416667 0.904643
vt 0.416667 0.972615
vt 0.500000 0.904643
vt 0.500000 0.972615
vt 0.583333 0.904643
vt 0.583333 0.972615
vt 0.666667 0.904643
vt 0.666667 0.972615
vt 0.750000 0.904643
vt 0.750000 0.972615
vt 0.833333 0.904643
vt 0.833333 0.972615
vt 0.916667 0.904643
vt 0.916667 0.972615
vt 1.000000 0.904643
vt 1.000000 0.972615
vt 1.000000 0.829203
vt 0.916667 0.829203
vt 0.833333 0.829203
vt 0.750000 0.829203
vt 0.666667 0.829203
vt 0.583333 0.829203
vt 0.500000 0.829203
vt 0.416667 0.829203
vt 0.333333 0.829203
vt 0.250000 0.829203
vt 0.166667 0.829203
vt 0.083333 0.829203
vt 0.000000 0.904643
vt 0.000000 0.972615
vt 0.000000 0.829203
vt 0.893763 0.333001
vt 0.916003 0.250000
vt 0.916003 0.250000
vt 0.893763 0.333001
vt 1.000000 0.500000
vt 1.000000 1.000000
vt 0.916667 1.000000
vt 0.916667 0.500000
vt 0.833333 1.000000
vt 0.833333 0.500000
vt 0.750000 1.000000
vt 0.750000 0.500000
vt 0.666667 1.000000
vt 0.666667 0.500000
vt 0.583333 1.000000
vt 0.583333 0.500000
vt 0.500000 1.000000
vt 0.500000 0.500000
vt 0.416667 1.000000
vt 0.416667 0.500000
vt 0.333333 1.000000
vt 0.333333 0.500000
vt 0.250000 1.000000
vt 0.250000 0.500000
vt 0.439005 0.250000
vt 0.413683 0.344503
vt 0.439005 0.250000
vt 0.166667 1.000000
vt 0.166667 0.500000
vt 0.083333 1.000000
vt 0.083333 0.500000
vt 0.924825 0.250000
vt 0.901403 0.162587
vt 0.901403 0.162587
vt 0.924825 0.250000
vt 0.750000 0.424825
vt 0.750000 0.490000
vt 0.870000 0.457846
vt 0.837413 0.401403
vt 0.957846 0.370000
vt 0.901403 0.337413
vt 0.990000 0.250000
vt 0.957846 0.130000
vt 0.870000 0.042154
vt 0.837413 0.098597
vt 0.750000 0.010000
vt 0.750000 0.075175
vt 0.630000 0.042154
vt 0.662587 0.098597
vt 0.542154 0.130000
vt 0.598597 0.162587
vt 0.510000 0.250000
vt 0.575175 0.250000
vt 0.542154 0.370000
vt 0.598597 0.337413
vt 0.630000 0.457846
vt 0.662587 0.401403
vt 0.370000 0.457846
vt 0.250000 0.490000
vt 0.250000 0.439005
vt 0.344503 0.413683
vt 0.086316 0.344503
vt 0.060995 0.250000
vt 0.086316 0.344503
vt 0.155497 0.086317
vt 0.250000 0.060995
vt 0.155497 0.086317
vt 0.413683 0.155497
vt 0.413683 0.155497
vt 0.155497 0.413683
vt 0.155497 0.413683
vt 0.344503 0.413683
vt 0.250000 0.439005
vt 0.344503 0.413683
vt 0.086317 0.155497
vt 0.086317 0.155497
vt 0.344503 0.086317
vt 0.344503 0.086317
vt 0.250000 0.439005
vt 0.413683 0.344503
vt 0.060995 0.250000
vt 0.250000 0.060995
vt 0.750000 0.083997
vt 0.666999 0.106238
vt 0.666999 0.106238
vt 0.750000 0.083997
vt 0.662587 0.401403
vt 0.598597 0.337413
vt 0.837413 0.401403
vt 0.750000 0.424825
vt 0.598597 0.162587
vt 0.662587 0.098597
vt 0.837413 0.098597
vt 0.901403 0.337413
vt 0.575175 0.250000
vt 0.750000 0.075175
vt 0.833001 0.393762
vt 0.750000 0.416002
vt 0.893763 0.333001
vt 0.916003 0.250000
vt 0.893762 0.166999
vt 0.833001 0.106238
vt 0.606238 0.166999
vt 0.583997 0.250000
vt 0.606237 0.333001
vt 0.666998 0.393762
vt 0.833001 0.106238
vt 0.750000 0.083997
vt 0.750000 0.083997
vt 0.833001 0.106238
vt 0.893762 0.166999
vt 0.666998 0.393762
vt 0.606237 0.333001
vt 0.833001 0.393762
vt 0.750000 0.416002
vt 0.606238 0.166999
vt 0.833001 0.106238
vt 0.583997 0.250000
vt 0.833001 0.393762
vt 0.750000 0.405458
vt 0.750000 0.416002
vt 0.606237 0.333001
vt 0.583997 0.250000
vt 0.666999 0.106238
vt 0.893762 0.166999
vt 0.666998 0.393762
vt 0.833001 0.393762
vt 0.750000 0.416002
vt 0.606238 0.166999
vt 0.916003 0.250000
vt 0.884631 0.327729
vt 0.893763 0.333001
vt 0.606237 0.333001
vt 0.583997 0.250000
vt 0.666999 0.106238
vt 0.893762 0.166999
vt 0.666998 0.393762
vt 0.606238 0.166999
vt 0.086317 0.155497
vt 0.086317 0.155497
vt 0.060995 0.250000
vt 0.060995 0.250000
vt 0.344503 0.413683
vt 0.413683 0.344503
vt 0.413683 0.344503
vt 0.155497 0.413683
vt 0.155497 0.413683
vt 0.250000 0.439005
vt 0.413683 0.155497
vt 0.413684 0.155497
vt 0.344503 0.086317
vt 0.344503 0.086317
vt 0.155497 0.086317
vt 0.155497 0.086317
vt 0.086316 0.344503
vt 0.086316 0.344503
vt 0.439005 0.250000
vt 0.439005 0.250000
vt 0.250000 0.060995
vt 0.250000 0.060995
vt 0.457846 0.370000
vt 0.490000 0.250000
vt 0.457846 0.130000
vt 0.370000 0.042154
vt 0.250000 0.010000
vt 0.130000 0.042154
vt 0.042154 0.130000
vt 0.010000 0.250000
vt 0.042154 0.370000
vt 0.130000 0.457846
vt 0.000000 1.000000
vt 0.000000 0.500000
vt 0.250000 0.060995
vt 0.344503 0.086317
vt 0.060995 0.250000
vt 0.086317 0.155497
vt 0.413683 0.344503
vt 0.344503 0.413683
vt 0.250000 0.439005
vt 0.155497 0.413683
vt 0.413683 0.155497
vt 0.155497 0.086317
vt 0.086316 0.344502
vt 0.439005 0.250000
vt 0.827729 0.384631
vt 0.905458 0.250000
vt 0.884631 0.172271
vt 0.827729 0.115369
vt 0.750000 0.094541
vt 0.672271 0.115369
vt 0.615369 0.172271
vt 0.594541 0.250000
vt 0.615369 0.327729
vt 0.672271 0.384631
vt 0.893763 0.333001
vt 0.893763 0.333001
vt 0.916003 0.250000
vt 0.916003 0.250000
vt 1.000000 0.500000
vt 0.916667 0.500000
vt 0.916667 1.000000
vt 1.000000 1.000000
vt 0.833333 0.500000
vt 0.833333 1.000000
vt 0.750000 0.500000
vt 0.750000 1.000000
vt 0.666667 0.500000
vt 0.666667 1.000000
vt 0.583333 0.500000
vt 0.583333 1.000000
vt 0.500000 0.500000
vt 0.500000 1.000000
vt 0.416667 0.500000
vt 0.416667 1.000000
vt 0.333333 0.500000
vt 0.333333 1.000000
vt 0.250000 0.500000
vt 0.250000 1.000000
vt 0.439005 0.250000
vt 0.439005 0.250000
vt 0.413683 0.344503
vt 0.166667 0.500000
vt 0.166667 1.000000
vt 0.083333 0.500000
vt 0.083333 1.000000
vt 0.924825 0.250000
vt 0.924825 0.250000
vt 0.901403 0.162587
vt 0.901403 0.162587
vt 0.750000 0.424825
vt 0.837413 0.401403
vt 0.870000 0.457846
vt 0.750000 0.490000
vt 0.957846 0.370000
vt 0.901403 0.337413
vt 0.990000 0.250000
vt 0.957846 0.130000
vt 0.870000 0.042154
vt 0.837413 0.098597
vt 0.750000 0.010000
vt 0.750000 0.075175
vt 0.630000 0.042154
vt 0.662587 0.098597
vt 0.542154 0.130000
vt 0.598597 0.162587
vt 0.510000 0.250000
vt 0.575175 0.250000
vt 0.542154 0.370000
vt 0.598597 0.337413
vt 0.630000 0.457846
vt 0.662587 0.401403
vt 0.370000 0.457846
vt 0.344503 0.413683
vt 0.250000 0.439005
vt 0.250000 0.490000
vt 0.086316 0.344503
vt 0.086316 0.344503
vt 0.060995 0.250000
vt 0.155497 0.086317
vt 0.155497 0.086317
vt 0.250000 0.060995
vt 0.413683 0.155497
vt 0.413683 0.155497
vt 0.155497 0.413683
vt 0.155497 0.413683
vt 0.344503 0.413683
vt 0.344503 0.413683
vt 0.250000 0.439005
vt 0.086317 0.155497
vt 0.086317 0.155497
vt 0.344503 0.086317
vt 0.344503 0.086317
vt 0.250000 0.439005
vt 0.413683 0.344503
vt 0.060995 0.250000
vt 0.250000 0.060995
vt 0.750000 0.083997
vt 0.750000 0.083997
vt 0.666999 0.106238
vt 0.666999 0.106238
vt 0.598597 0.337413
vt 0.662587 0.401403
vt 0.750000 0.424825
vt 0.837413 0.401403
vt 0.662587 0.098597
vt 0.598597 0.162587
vt 0.837413 0.098597
vt 0.901403 0.337413
vt 0.575175 0.250000
vt 0.750000 0.075175
vt 0.833001 0.393762
vt 0.750000 0.416002
vt 0.893763 0.333001
vt 0.916003 0.250000
vt 0.893762 0.166999
vt 0.833001 0.106238
vt 0.606238 0.166999
vt 0.583997 0.250000
vt 0.606237 0.333001
vt 0.666998 0.393762
vt 0.833001 0.106238
vt 0.833001 0.106238
vt 0.750000 0.083997
vt 0.750000 0.083997
vt 0.893762 0.166999
vt 0.606237 0.333001
vt 0.666998 0.393762
vt 0.750000 0.416002
vt 0.833001 0.393762
vt 0.606238 0.166999
vt 0.833001 0.106238
vt 0.583997 0.250000
vt 0.833001 0.393762
vt 0.750000 0.416002
vt 0.750000 0.405458
vt 0.583997 0.250000
vt 0.606237 0.333001
vt 0.666999 0.106238
vt 0.893762 0.166999
vt 0.666998 0.393762
vt 0.750000 0.416002
vt 0.833001 0.393762
vt 0.606238 0.166999
vt 0.916003 0.250000
vt 0.893763 0.333001
vt 0.884631 0.327729
vt 0.583997 0.250000
vt 0.606237 0.333001
vt 0.666999 0.106238
vt 0.893762 0.166999
vt 0.666998 0.393762
vt 0.606238 0.166999
vt 0.086317 0.155497
vt 0.060995 0.250000
vt 0.060995 0.250000
vt 0.086317 0.155497
vt 0.413683 0.344503
vt 0.413683 0.344503
vt 0.344503 0.413683
vt 0.155497 0.413683
vt 0.250000 0.439005
vt 0.155497 0.413683
vt 0.413683 0.155497
vt 0.344503 0.086317
vt 0.344503 0.086317
vt 0.413683 0.155497
vt 0.155497 0.086317
vt 0.155497 0.086317
vt 0.086316 0.344503
vt 0.086316 0.344503
vt 0.439005 0.250000
vt 0.439005 0.250000
vt 0.250000 0.060995
vt 0.250000 0.060995
vt 0.457846 0.370000
vt 0.490000 0.250000
vt 0.457846 0.130000
vt 0.370000 0.042154
vt 0.250000 0.010000
vt 0.130000 0.042154
vt 0.042154 0.130000
vt 0.010000 0.250000
vt 0.042154 0.370000
vt 0.130000 0.457846
vt 0.000000 0.500000
vt 0.000000 1.000000
vt 0.250000 0.060995
vt 0.344503 0.086317
vt 0.060995 0.250000
vt 0.086317 0.155497
vt 0.413683 0.344503
vt 0.344503 0.413683
vt 0.250000 0.439005
vt 0.155497 0.413683
vt 0.413683 0.155497
vt 0.155497 0.086317
vt 0.086316 0.344503
vt 0.439005 0.250000
vt 0.827729 0.384631
vt 0.905458 0.250000
vt 0.884631 0.172271
vt 0.827729 0.115369
vt 0.750000 0.094541
vt 0.672271 0.115369
vt 0.615369 0.172271
vt 0.594541 0.250000
vt 0.615369 0.327729
vt 0.672271 0.384631
vt 0.500000 0.500000
vt 0.625000 0.500000
vt 0.625000 0.750000
vt 0.500000 0.750000
vt 0.712702 0.500000
vt 0.712702 0.750000
vt 0.500000 0.837702
vt 0.625000 0.837702
vt 0.625000 0.918037
vt 0.500000 0.918037
vt 0.500000 0.331963
vt 0.625000 0.331963
vt 0.625000 0.412298
vt 0.500000 0.412298
vt 0.375000 0.918037
vt 0.500000 0.965533
vt 0.375000 0.965533
vt 0.375000 0.837702
vt 0.375000 0.750000
vt 0.287298 0.750000
vt 0.206963 0.750000
vt 0.206963 0.500000
vt 0.287298 0.500000
vt 0.793037 0.500000
vt 0.840533 0.500000
vt 0.840533 0.750000
vt 0.793037 0.750000
vt 0.159467 0.750000
vt 0.159467 0.500000
vt 0.375000 0.500000
vt 0.375000 0.284467
vt 0.500000 0.284467
vt 0.375000 0.331963
vt 0.375000 0.412298
vt 0.625000 0.284467
vt 0.625000 0.965533
vt 0.500000 0.500000
vt 0.500000 0.750000
vt 0.625000 0.750000
vt 0.625000 0.500000
vt 0.712702 0.750000
vt 0.712702 0.500000
vt 0.500000 0.837702
vt 0.500000 0.918037
vt 0.625000 0.918037
vt 0.625000 0.837702
vt 0.500000 0.331963
vt 0.500000 0.412298
vt 0.625000 0.412298
vt 0.625000 0.331963
vt 0.375000 0.918037
vt 0.375000 0.965533
vt 0.500000 0.965533
vt 0.375000 0.750000
vt 0.375000 0.837702
vt 0.287298 0.750000
vt 0.287298 0.500000
vt 0.206963 0.500000
vt 0.206963 0.750000
vt 0.793037 0.500000
vt 0.793037 0.750000
vt 0.840533 0.750000
vt 0.840533 0.500000
vt 0.159467 0.500000
vt 0.159467 0.750000
vt 0.375000 0.500000
vt 0.375000 0.284467
vt 0.375000 0.331963
vt 0.500000 0.284467
vt 0.375000 0.412298
vt 0.625000 0.284467
vt 0.625000 0.965533
vt 0.159467 0.750000
vt 0.159467 0.500000
vt 0.206963 0.500000
vt 0.206963 0.750000
vt 0.375000 0.750000
vt 0.287298 0.750000
vt 0.287298 0.500000
vt 0.375000 0.500000
vt 0.712702 0.750000
vt 0.712702 0.500000
vt 0.793037 0.500000
vt 0.793037 0.750000
vt 0.625000 0.918037
vt 0.500000 0.918037
vt 0.500000 0.837702
vt 0.625000 0.837702
vt 0.840533 0.500000
vt 0.840533 0.750000
vt 0.375000 0.837702
vt 0.500000 0.750000
vt 0.375000 0.918037
vt 0.500000 0.965533
vt 0.375000 0.965533
vt 0.500000 0.500000
vt 0.375000 0.284467
vt 0.500000 0.284467
vt 0.500000 0.331963
vt 0.375000 0.331963
vt 0.500000 0.412298
vt 0.375000 0.412298
vt 0.625000 0.331963
vt 0.625000 0.412298
vt 0.625000 0.500000
vt 0.625000 0.750000
vt 0.625000 0.965533
vt 0.625000 0.284467
vt 0.159467 0.750000
vt 0.206963 0.750000
vt 0.206963 0.500000
vt 0.159467 0.500000
vt 0.375000 0.750000
vt 0.375000 0.500000
vt 0.287298 0.500000
vt 0.287298 0.750000
vt 0.712702 0.750000
vt 0.793037 0.750000
vt 0.793037 0.500000
vt 0.712702 0.500000
vt 0.625000 0.918037
vt 0.625000 0.837702
vt 0.500000 0.837702
vt 0.500000 0.918037
vt 0.840533 0.750000
vt 0.840533 0.500000
vt 0.500000 0.750000
vt 0.375000 0.837702
vt 0.375000 0.918037
vt 0.375000 0.965533
vt 0.500000 0.965533
vt 0.500000 0.500000
vt 0.375000 0.284467
vt 0.375000 0.331963
vt 0.500000 0.331963
vt 0.500000 0.284467
vt 0.375000 0.412298
vt 0.500000 0.412298
vt 0.625000 0.412298
vt 0.625000 0.331963
vt 0.625000 0.500000
vt 0.625000 0.750000
vt 0.625000 0.965533
vt 0.625000 0.284467
vt 1.000000 0.500000
vt 1.000000 1.000000
vt 0.900000 1.000000
vt 0.900000 0.500000
vt 0.800000 1.000000
vt 0.800000 0.500000
vt 0.700000 1.000000
vt 0.700000 0.500000
vt 0.600000 1.000000
vt 0.600000 0.500000
vt 0.500000 1.000000
vt 0.500000 0.500000
vt 0.400000 1.000000
vt 0.400000 0.500000
vt 0.300000 1.000000
vt 0.300000 0.500000
vt 0.391068 0.444164
vt 0.250000 0.490000
vt 0.108932 0.444164
vt 0.021746 0.324164
vt 0.021746 0.175836
vt 0.108932 0.055836
vt 0.250000 0.010000
vt 0.391068 0.055836
vt 0.478254 0.175836
vt 0.478254 0.324164
vt 0.200000 1.000000
vt 0.200000 0.500000
vt 0.100000 1.000000
vt 0.100000 0.500000
vt -0.000000 1.000000
vt -0.000000 0.500000
vt 0.750000 0.490000
vt 0.891068 0.444164
vt 0.978254 0.324164
vt 0.978254 0.175836
vt 0.891068 0.055836
vt 0.750000 0.010000
vt 0.608932 0.055836
vt 0.521746 0.175836
vt 0.521746 0.324164
vt 0.608932 0.444164
vt 1.000000 0.500000
vt 0.900000 0.500000
vt 0.900000 1.000000
vt 1.000000 1.000000
vt 0.800000 0.500000
vt 0.800000 1.000000
vt 0.700000 0.500000
vt 0.700000 1.000000
vt 0.600000 0.500000
vt 0.600000 1.000000
vt 0.500000 0.500000
vt 0.500000 1.000000
vt 0.400000 0.500000
vt 0.400000 1.000000
vt 0.300000 0.500000
vt 0.300000 1.000000
vt 0.391068 0.444164
vt 0.478254 0.324164
vt 0.478254 0.175836
vt 0.391068 0.055836
vt 0.250000 0.010000
vt 0.108932 0.055836
vt 0.021746 0.175836
vt 0.021746 0.324164
vt 0.108932 0.444164
vt 0.250000 0.490000
vt 0.200000 0.500000
vt 0.200000 1.000000
vt 0.100000 0.500000
vt 0.100000 1.000000
vt -0.000000 0.500000
vt -0.000000 1.000000
vt 0.750000 0.490000
vt 0.608932 0.444164
vt 0.521746 0.324164
vt 0.521746 0.175836
vt 0.608932 0.055836
vt 0.750000 0.010000
vt 0.891068 0.055836
vt 0.978254 0.175836
vt 0.978254 0.324164
vt 0.891068 0.444164
vt 1.000000 0.500000
vt 1.000000 1.000000
vt 0.900000 1.000000
vt 0.900000 0.500000
vt 0.800000 1.000000
vt 0.800000 0.500000
vt 0.700000 1.000000
vt 0.700000 0.500000
vt 0.600000 1.000000
vt 0.600000 0.500000
vt 0.500000 1.000000
vt 0.500000 0.500000
vt 0.400000 1.000000
vt 0.400000 0.500000
vt 0.300000 1.000000
vt 0.300000 0.500000
vt 0.391068 0.444164
vt 0.250000 0.490000
vt 0.108932 0.444164
vt 0.021746 0.324164
vt 0.021746 0.175836
vt 0.108932 0.055836
vt 0.250000 0.010000
vt 0.391068 0.055836
vt 0.478254 0.175836
vt 0.478254 0.324164
vt 0.200000 1.000000
vt 0.200000 0.500000
vt 0.100000 1.000000
vt 0.100000 0.500000
vt -0.000000 1.000000
vt -0.000000 0.500000
vt 0.750000 0.490000
vt 0.891068 0.444164
vt 0.978254 0.324164
vt 0.978254 0.175836
vt 0.891068 0.055836
vt 0.750000 0.010000
vt 0.608932 0.055836
vt 0.521746 0.175836
vt 0.521746 0.324164
vt 0.608932 0.444164
vt 1.000000 0.500000
vt 0.900000 0.500000
vt 0.900000 1.000000
vt 1.000000 1.000000
vt 0.800000 0.500000
vt 0.800000 1.000000
vt 0.700000 0.500000
vt 0.700000 1.000000
vt 0.600000 0.500000
vt 0.600000 1.000000
vt 0.500000 0.500000
vt 0.500000 1.000000
vt 0.400000 0.500000
vt 0.400000 1.000000
vt 0.300000 0.500000
vt 0.300000 1.000000
vt 0.391068 0.444164
vt 0.478254 0.324164
vt 0.478254 0.175836
vt 0.391068 0.055836
vt 0.250000 0.010000
vt 0.108932 0.055836
vt 0.021746 0.175836
vt 0.021746 0.324164
vt 0.108932 0.444164
vt 0.250000 0.490000
vt 0.200000 0.500000
vt 0.200000 1.000000
vt 0.100000 0.500000
vt 0.100000 1.000000
vt -0.000000 0.500000
vt -0.000000 1.000000
vt 0.750000 0.490000
vt 0.608932 0.444164
vt 0.521746 0.324164
vt 0.521746 0.175836
vt 0.608932 0.055836
vt 0.750000 0.010000
vt 0.891068 0.055836
vt 0.978254 0.175836
vt 0.978254 0.324164
vt 0.891068 0.444164
vt 0.100000 0.500000
vt 0.100000 0.500000
vt 0.200000 0.500000
vt 0.200000 0.500000
vt 0.300000 0.500000
vt 0.300000 0.500000
vt 0.800000 0.500000
vt 0.800000 0.500000
vt 0.900000 0.500000
vt 0.900000 0.500000
vt 0.817678 0.343151
vt 0.750000 0.365141
vt 0.750000 0.490000
vt 0.891068 0.444164
vt 0.859505 0.285580
vt 0.978254 0.324164
vt 0.640495 0.285580
vt 0.640495 0.214420
vt 0.521746 0.175836
vt 0.521746 0.324164
vt 0.682322 0.343151
vt 0.608932 0.444164
vt 0.817678 0.343151
vt 0.891068 0.444164
vt 0.750000 0.490000
vt 0.750000 0.365141
vt 0.859505 0.285580
vt 0.978254 0.324164
vt 0.640495 0.285580
vt 0.521746 0.324164
vt 0.521746 0.175836
vt 0.640495 0.214420
vt 0.682322 0.343151
vt 0.608932 0.444164
vt 0.037365 0.500000
vt 0.012096 0.500000
vt -0.000000 0.500000
vt 0.033333 0.500000
vt 1.000000 0.500000
vt 1.000000 0.500000
vt 0.062635 0.500000
vt 0.087904 0.500000
vt 0.066667 0.500000
vt 0.087904 0.500000
vt 0.037365 0.500000
vt 0.012096 0.500000
vt 0.012096 0.500000
vt 0.037365 0.500000
vt 0.062635 0.500000
vt 0.087904 0.500000
vt 0.087904 0.500000
vt 0.062635 0.500000
vt 0.012096 0.500000
vt 0.037365 0.500000
vt 0.012096 0.500000
vt 0.087904 0.500000
vt 0.062635 0.500000
vt 0.062635 0.500000
vt 0.087904 0.500000
vt 0.062635 0.500000
vt 0.037365 0.500000
vt 0.037365 0.500000
vt 0.037365 0.500000
vt 0.012096 0.500000
vt 0.037365 0.500000
vt 0.087904 0.500000
vt 0.062635 0.500000
vt 0.062635 0.500000
vt 0.087904 0.500000
vt 0.012096 0.500000
vt 0.033333 0.500000
vt -0.000000 0.500000
vt 0.066667 0.500000
vt 0.704881 0.350481
vt 0.655954 0.459443
vt 0.702977 0.474721
vt 0.727441 0.357811
vt 0.704881 0.350481
vt 0.655954 0.459443
vt 0.727441 0.357811
vt 0.702977 0.474721
vt 0.200000 0.500000
vt 0.200000 0.500000
vt 0.100000 0.500000
vt 0.100000 0.500000
vt 0.900000 0.500000
vt 0.900000 0.500000
vt 0.817678 0.343151
vt 0.891068 0.444164
vt 0.750000 0.490000
vt 0.750000 0.365141
vt 0.640495 0.285580
vt 0.521746 0.324164
vt 0.682322 0.343151
vt 0.608932 0.444164
vt 0.817678 0.343151
vt 0.750000 0.365141
vt 0.750000 0.490000
vt 0.891068 0.444164
vt 0.640495 0.285580
vt 0.521746 0.324164
vt 0.682322 0.343151
vt 0.608932 0.444164
vt 0.037365 0.500000
vt 0.033333 0.500000
vt -0.000000 0.500000
vt 0.012096 0.500000
vt 1.000000 0.500000
vt 1.000000 0.500000
vt 0.062635 0.500000
vt 0.066667 0.500000
vt 0.087904 0.500000
vt 0.087904 0.500000
vt 0.037365 0.500000
vt 0.037365 0.500000
vt 0.012096 0.500000
vt 0.012096 0.500000
vt 0.062635 0.500000
vt 0.062635 0.500000
vt 0.087904 0.500000
vt 0.087904 0.500000
vt 0.012096 0.500000
vt 0.012096 0.500000
vt 0.012096 0.500000
vt 0.012096 0.500000
vt 0.012096 0.500000
vt 0.037365 0.500000
vt 0.037365 0.500000
vt 0.087904 0.500000
vt 0.087904 0.500000
vt 0.062635 0.500000
vt 0.062635 0.500000
vt 0.037365 0.500000
vt 0.062635 0.500000
vt 0.062635 0.500000
vt -0.000000 0.500000
vt 0.033333 0.500000
vt 0.037365 0.500000
vt 0.066667 0.500000
vt 0.704881 0.350481
vt 0.655954 0.459443
vt 0.727441 0.357811
vt 0.702977 0.474721
vt 0.704881 0.350481
vt 0.655954 0.459443
vt 0.702977 0.474721
vt 0.727441 0.357811
vt 0.012096 0.500000
vt 0.037365 0.500000
vt 0.062635 0.500000
vt 0.087904 0.500000
vt 0.087904 0.500000
vt 0.100000 0.500000
vt 0.200000 0.500000
vt 0.200000 0.500000
vt 0.100000 0.500000
vt 0.300000 0.500000
vt 0.300000 0.500000
vt 0.800000 0.500000
vt 0.900000 0.500000
vt 0.900000 0.500000
vt 0.800000 0.500000
vt 0.817678 0.343151
vt 0.891068 0.444164
vt 0.750000 0.490000
vt 0.750000 0.365141
vt 0.859505 0.285580
vt 0.978254 0.324164
vt 0.640495 0.285580
vt 0.521746 0.324164
vt 0.521746 0.175836
vt 0.640495 0.214420
vt 0.682322 0.343151
vt 0.608932 0.444164
vt 0.817678 0.343151
vt 0.750000 0.365141
vt 0.750000 0.490000
vt 0.891068 0.444164
vt 0.859505 0.285580
vt 0.978254 0.324164
vt 0.640495 0.285580
vt 0.640495 0.214420
vt 0.521746 0.175836
vt 0.521746 0.324164
vt 0.682322 0.343151
vt 0.608932 0.444164
vt 0.037365 0.500000
vt 0.033333 0.500000
vt -0.000000 0.500000
vt 0.012096 0.500000
vt 1.000000 0.500000
vt 1.000000 0.500000
vt 0.062635 0.500000
vt 0.066667 0.500000
vt 0.087904 0.500000
vt 0.087904 0.500000
vt 0.037365 0.500000
vt 0.037365 0.500000
vt 0.012096 0.500000
vt 0.012096 0.500000
vt 0.062635 0.500000
vt 0.062635 0.500000
vt 0.087904 0.500000
vt 0.087904 0.500000
vt 0.037365 0.500000
vt 0.012096 0.500000
vt 0.012096 0.500000
vt 0.062635 0.500000
vt 0.062635 0.500000
vt 0.087904 0.500000
vt 0.087904 0.500000
vt 0.062635 0.500000
vt 0.037365 0.500000
vt 0.037365 0.500000
vt 0.012096 0.500000
vt 0.037365 0.500000
vt 0.037365 0.500000
vt 0.087904 0.500000
vt 0.087904 0.500000
vt 0.062635 0.500000
vt 0.062635 0.500000
vt 0.012096 0.500000
vt -0.000000 0.500000
vt 0.033333 0.500000
vt 0.066667 0.500000
vt 0.704881 0.350481
vt 0.655954 0.459443
vt 0.727441 0.357811
vt 0.702977 0.474721
vt 0.704881 0.350481
vt 0.655954 0.459443
vt 0.702977 0.474721
vt 0.727441 0.357811
vt 0.200000 0.500000
vt 0.100000 0.500000
vt 0.100000 0.500000
vt 0.200000 0.500000
vt 0.900000 0.500000
vt 0.900000 0.500000
vt 0.817678 0.343151
vt 0.750000 0.365141
vt 0.750000 0.490000
vt 0.891068 0.444164
vt 0.640495 0.285580
vt 0.521746 0.324164
vt 0.682322 0.343151
vt 0.608932 0.444164
vt 0.817678 0.343151
vt 0.891068 0.444164
vt 0.750000 0.490000
vt 0.750000 0.365141
vt 0.640495 0.285580
vt 0.521746 0.324164
vt 0.682322 0.343151
vt 0.608932 0.444164
vt 0.037365 0.500000
vt 0.012096 0.500000
vt -0.000000 0.500000
vt 0.033333 0.500000
vt 1.000000 0.500000
vt 1.000000 0.500000
vt 0.062635 0.500000
vt 0.087904 0.500000
vt 0.066667 0.500000
vt 0.087904 0.500000
vt 0.037365 0.500000
vt 0.012096 0.500000
vt 0.012096 0.500000
vt 0.037365 0.500000
vt 0.062635 0.500000
vt 0.087904 0.500000
vt 0.087904 0.500000
vt 0.062635 0.500000
vt 0.012096 0.500000
vt 0.012096 0.500000
vt 0.012096 0.500000
vt 0.012096 0.500000
vt 0.037365 0.500000
vt 0.037365 0.500000
vt 0.012096 0.500000
vt 0.087904 0.500000
vt 0.062635 0.500000
vt 0.062635 0.500000
vt 0.087904 0.500000
vt 0.062635 0.500000
vt 0.062635 0.500000
vt 0.037365 0.500000
vt 0.037365 0.500000
vt 0.033333 0.500000
vt -0.000000 0.500000
vt 0.066667 0.500000
vt 0.704881 0.350481
vt 0.655954 0.459443
vt 0.702977 0.474721
vt 0.727441 0.357811
vt 0.704881 0.350481
vt 0.655954 0.459443
vt 0.727441 0.357811
vt 0.702977 0.474721
vt 0.012096 0.500000
vt 0.037365 0.500000
vt 0.062635 0.500000
vt 0.087904 0.500000
vt 0.087904 0.500000
vt 0.100000 0.500000
vt 0.100000 0.500000
vt 0.200000 0.500000
vt 0.200000 0.500000
vt 0.300000 0.500000
vt 0.300000 0.500000
vt 0.800000 0.500000
vt 0.800000 0.500000
vt 0.900000 0.500000
vt 0.900000 0.500000
vt 0.727441 0.357811
vt 0.704881 0.350481
vt 0.655954 0.459443
vt 0.702977 0.474721
vt 0.817678 0.343151
vt 0.750000 0.365141
vt 0.750000 0.490000
vt 0.891068 0.444164
vt 0.859505 0.285580
vt 0.978254 0.324164
vt 0.640495 0.285580
vt 0.640495 0.214420
vt 0.521746 0.175836
vt 0.521746 0.324164
vt 0.682322 0.343151
vt 0.608932 0.444164
vt 0.817678 0.343151
vt 0.891068 0.444164
vt 0.750000 0.490000
vt 0.750000 0.365141
vt 0.859505 0.285580
vt 0.978254 0.324164
vt 0.640495 0.285580
vt 0.521746 0.324164
vt 0.521746 0.175836
vt 0.640495 0.214420
vt 0.682322 0.343151
vt 0.608932 0.444164
vt 0.037365 0.500000
vt 0.012096 0.500000
vt -0.000000 0.500000
vt 0.033333 0.500000
vt 1.000000 0.500000
vt 1.000000 0.500000
vt 0.062635 0.500000
vt 0.087904 0.500000
vt 0.066667 0.500000
vt 0.087904 0.500000
vt 0.037365 0.500000
vt 0.012096 0.500000
vt 0.012096 0.500000
vt 0.037365 0.500000
vt 0.062635 0.500000
vt 0.087904 0.500000
vt 0.087904 0.500000
vt 0.062635 0.500000
vt 0.012096 0.500000
vt 0.012096 0.500000
vt 0.087904 0.500000
vt 0.062635 0.500000
vt 0.062635 0.500000
vt 0.037365 0.500000
vt 0.037365 0.500000
vt 0.012096 0.500000
vt 0.012096 0.500000
vt 0.087904 0.500000
vt 0.062635 0.500000
vt 0.037365 0.500000
vt 0.037365 0.500000
vt 0.037365 0.500000
vt 0.012096 0.500000
vt 0.037365 0.500000
vt 0.037365 0.500000
vt 0.087904 0.500000
vt 0.062635 0.500000
vt 0.062635 0.500000
vt 0.087904 0.500000
vt 0.012096 0.500000
vt 0.033333 0.500000
vt -0.000000 0.500000
vt 0.066667 0.500000
vt 0.704881 0.350481
vt 0.655954 0.459443
vt 0.702977 0.474721
vt 0.727441 0.357811
vt 0.704881 0.350481
vt 0.655954 0.459443
vt 0.727441 0.357811
vt 0.702977 0.474721
vt 0.200000 0.500000
vt 0.200000 0.500000
vt 0.100000 0.500000
vt 0.100000 0.500000
vt 0.900000 0.500000
vt 0.900000 0.500000
vt 0.817678 0.343151
vt 0.891068 0.444164
vt 0.750000 0.490000
vt 0.750000 0.365141
vt 0.640495 0.285580
vt 0.521746 0.324164
vt 0.682322 0.343151
vt 0.608932 0.444164
vt 0.817678 0.343151
vt 0.750000 0.365141
vt 0.750000 0.490000
vt 0.891068 0.444164
vt 0.640495 0.285580
vt 0.521746 0.324164
vt 0.682322 0.343151
vt 0.608932 0.444164
vt 0.037365 0.500000
vt 0.033333 0.500000
vt -0.000000 0.500000
vt 0.012096 0.500000
vt 1.000000 0.500000
vt 1.000000 0.500000
vt 0.062635 0.500000
vt 0.066667 0.500000
vt 0.087904 0.500000
vt 0.087904 0.500000
vt 0.037365 0.500000
vt 0.037365 0.500000
vt 0.012096 0.500000
vt 0.012096 0.500000
vt 0.062635 0.500000
vt 0.062635 0.500000
vt 0.087904 0.500000
vt 0.087904 0.500000
vt 0.062635 0.500000
vt 0.062635 0.500000
vt 0.087904 0.500000
vt 0.012096 0.500000
vt 0.087904 0.500000
vt 0.087904 0.500000
vt 0.062635 0.500000
vt 0.062635 0.500000
vt 0.012096 0.500000
vt 0.037365 0.500000
vt 0.037365 0.500000
vt 0.012096 0.500000
vt 0.037365 0.500000
vt 0.087904 0.500000
vt 0.062635 0.500000
vt -0.000000 0.500000
vt 0.033333 0.500000
vt 0.066667 0.500000
vt 0.704881 0.350481
vt 0.655954 0.459443
vt 0.702977 0.474721
vt 0.727441 0.357811
vt 0.682322 0.343151
vt 0.640495 0.285580
vt 0.012096 0.500000
vt 0.682322 0.343151
vt 0.640495 0.285580
vt 0.817678 0.343151
vt 0.750000 0.365141
vt 0.727441 0.357811
vt 0.704881 0.350481
vt 0.859505 0.285580
vt 0.640495 0.214420
vt 0.640495 0.285580
vt 0.682322 0.343151
vt 0.750000 0.365141
vt 0.817678 0.343151
vt 0.727441 0.357811
vt 0.704881 0.350481
vt 0.817678 0.343151
vt 0.750000 0.365141
vt 0.727441 0.357811
vt 0.704881 0.350481
vt 0.859505 0.285580
vt 0.640495 0.214420
vt 0.640495 0.285580
vt 0.682322 0.343151
vt 0.750000 0.365141
vt 0.817678 0.343151
vt 0.727441 0.357811
vt 0.704881 0.350481
vt 0.100000 0.500000
vt 0.200000 0.500000
vt 0.200000 0.500000
vt 0.100000 0.500000
vt 0.300000 0.500000
vt 0.300000 0.500000
vt 0.800000 0.500000
vt 0.900000 0.500000
vt 0.900000 0.500000
vt 0.800000 0.500000
vt 0.727441 0.357811
vt 0.702977 0.474721
vt 0.655954 0.459443
vt 0.704881 0.350481
vt 0.817678 0.343151
vt 0.891068 0.444164
vt 0.750000 0.490000
vt 0.750000 0.365141
vt 0.859505 0.285580
vt 0.978254 0.324164
vt 0.640495 0.285580
vt 0.521746 0.324164
vt 0.521746 0.175836
vt 0.640495 0.214420
vt 0.682322 0.343151
vt 0.608932 0.444164
vt 0.817678 0.343151
vt 0.750000 0.365141
vt 0.750000 0.490000
vt 0.891068 0.444164
vt 0.859505 0.285580
vt 0.978254 0.324164
vt 0.640495 0.285580
vt 0.640495 0.214420
vt 0.521746 0.175836
vt 0.521746 0.324164
vt 0.682322 0.343151
vt 0.608932 0.444164
vt 0.037365 0.500000
vt 0.033333 0.500000
vt -0.000000 0.500000
vt 0.012096 0.500000
vt 1.000000 0.500000
vt 1.000000 0.500000
vt 0.062635 0.500000
vt 0.066667 0.500000
vt 0.087904 0.500000
vt 0.087904 0.500000
vt 0.037365 0.500000
vt 0.037365 0.500000
vt 0.012096 0.500000
vt 0.012096 0.500000
vt 0.062635 0.500000
vt 0.062635 0.500000
vt 0.087904 0.500000
vt 0.087904 0.500000
vt 0.012096 0.500000
vt 0.012096 0.500000
vt 0.062635 0.500000
vt 0.062635 0.500000
vt 0.087904 0.500000
vt 0.037365 0.500000
vt 0.012096 0.500000
vt 0.012096 0.500000
vt 0.037365 0.500000
vt 0.087904 0.500000
vt 0.062635 0.500000
vt 0.037365 0.500000
vt 0.037365 0.500000
vt 0.012096 0.500000
vt 0.037365 0.500000
vt 0.037365 0.500000
vt 0.037365 0.500000
vt 0.087904 0.500000
vt 0.087904 0.500000
vt 0.062635 0.500000
vt 0.062635 0.500000
vt 0.012096 0.500000
vt -0.000000 0.500000
vt 0.033333 0.500000
vt 0.066667 0.500000
vt 0.704881 0.350481
vt 0.655954 0.459443
vt 0.727441 0.357811
vt 0.702977 0.474721
vt 0.704881 0.350481
vt 0.655954 0.459443
vt 0.702977 0.474721
vt 0.727441 0.357811
vt 0.200000 0.500000
vt 0.100000 0.500000
vt 0.100000 0.500000
vt 0.200000 0.500000
vt 0.900000 0.500000
vt 0.900000 0.500000
vt 0.817678 0.343151
vt 0.750000 0.365141
vt 0.750000 0.490000
vt 0.891068 0.444164
vt 0.640495 0.285580
vt 0.521746 0.324164
vt 0.682322 0.343151
vt 0.608932 0.444164
vt 0.817678 0.343151
vt 0.891068 0.444164
vt 0.750000 0.490000
vt 0.750000 0.365141
vt 0.640495 0.285580
vt 0.521746 0.324164
vt 0.682322 0.343151
vt 0.608932 0.444164
vt 0.037365 0.500000
vt 0.012096 0.500000
vt -0.000000 0.500000
vt 0.033333 0.500000
vt 1.000000 0.500000
vt 1.000000 0.500000
vt 0.062635 0.500000
vt 0.087904 0.500000
vt 0.066667 0.500000
vt 0.087904 0.500000
vt 0.037365 0.500000
vt 0.012096 0.500000
vt 0.012096 0.500000
vt 0.037365 0.500000
vt 0.062635 0.500000
vt 0.087904 0.500000
vt 0.087904 0.500000
vt 0.062635 0.500000
vt 0.062635 0.500000
vt 0.087904 0.500000
vt 0.062635 0.500000
vt 0.012096 0.500000
vt 0.087904 0.500000
vt 0.062635 0.500000
vt 0.062635 0.500000
vt 0.087904 0.500000
vt 0.037365 0.500000
vt 0.037365 0.500000
vt 0.012096 0.500000
vt 0.037365 0.500000
vt 0.012096 0.500000
vt 0.062635 0.500000
vt 0.087904 0.500000
vt 0.033333 0.500000
vt -0.000000 0.500000
vt 0.066667 0.500000
vt 0.704881 0.350481
vt 0.655954 0.459443
vt 0.727441 0.357811
vt 0.702977 0.474721
vt 0.682322 0.343151
vt 0.640495 0.285580
vt 0.012096 0.500000
vt 0.640495 0.285580
vt 0.682322 0.343151
vt 0.750000 0.365141
vt 0.817678 0.343151
vt 0.727441 0.357811
vt 0.704881 0.350481
vt 0.859505 0.285580
vt 0.640495 0.214420
vt 0.682322 0.343151
vt 0.640495 0.285580
vt 0.817678 0.343151
vt 0.750000 0.365141
vt 0.727441 0.357811
vt 0.704881 0.350481
vt 0.817678 0.343151
vt 0.750000 0.365141
vt 0.727441 0.357811
vt 0.704881 0.350481
vt 0.859505 0.285580
vt 0.640495 0.214420
vt 0.640495 0.285580
vt 0.682322 0.343151
vt 0.750000 0.365141
vt 0.817678 0.343151
vt 0.727441 0.357811
vt 0.704881 0.350481
vt 0.400000 0.500000
vt 0.400000 1.000000
vt 0.200000 1.000000
vt 0.200000 0.500000
vt 0.600000 0.500000
vt 0.600000 1.000000
vt 0.800000 0.500000
vt 0.800000 1.000000
vt 1.000000 0.500000
vt 1.000000 1.000000
vt 0.478254 0.324164
vt 0.250000 0.490000
vt 0.021746 0.324164
vt 0.108932 0.055836
vt 0.391068 0.055836
vt 0.000000 1.000000
vt 0.000000 0.500000
vt 0.750000 0.490000
vt 0.978254 0.324164
vt 0.891068 0.055836
vt 0.608932 0.055836
vt 0.521746 0.324164
vt 0.400000 0.500000
vt 0.200000 0.500000
vt 0.200000 1.000000
vt 0.400000 1.000000
vt 0.600000 0.500000
vt 0.600000 1.000000
vt 0.800000 0.500000
vt 0.800000 1.000000
vt 1.000000 0.500000
vt 1.000000 1.000000
vt 0.478254 0.324164
vt 0.391068 0.055836
vt 0.108932 0.055836
vt 0.021746 0.324164
vt 0.250000 0.490000
vt 0.000000 0.500000
vt 0.000000 1.000000
vt 0.750000 0.490000
vt 0.521746 0.324164
vt 0.608932 0.055836
vt 0.891068 0.055836
vt 0.978254 0.324164
vt 0.400000 0.500000
vt 0.200000 0.500000
vt 0.200000 1.000000
vt 0.400000 1.000000
vt 0.600000 0.500000
vt 0.600000 1.000000
vt 0.800000 0.500000
vt 0.800000 1.000000
vt 1.000000 0.500000
vt 1.000000 1.000000
vt 0.478254 0.324164
vt 0.391068 0.055836
vt 0.108932 0.055836
vt 0.021746 0.324164
vt 0.250000 0.490000
vt 0.000000 0.500000
vt 0.000000 1.000000
vt 0.750000 0.490000
vt 0.521746 0.324164
vt 0.608932 0.055836
vt 0.891068 0.055836
vt 0.978254 0.324164
vt 0.400000 0.500000
vt 0.400000 1.000000
vt 0.200000 1.000000
vt 0.200000 0.500000
vt 0.600000 0.500000
vt 0.600000 1.000000
vt 0.800000 0.500000
vt 0.800000 1.000000
vt 1.000000 0.500000
vt 1.000000 1.000000
vt 0.478254 0.324164
vt 0.250000 0.490000
vt 0.021746 0.324164
vt 0.108932 0.055836
vt 0.391068 0.055836
vt 0.000000 1.000000
vt 0.000000 0.500000
vt 0.750000 0.490000
vt 0.978254 0.324164
vt 0.891068 0.055836
vt 0.608932 0.055836
vt 0.521746 0.324164
vt 0.087904 0.500000
vt 0.087904 0.500000
vt 0.087904 0.500000
vt 0.087904 0.500000
vt 0.100000 0.500000
vt 0.100000 0.500000
vt 0.200000 0.500000
vt 0.200000 0.500000
vt 0.300000 0.500000
vt 0.300000 0.500000
vt 0.800000 0.500000
vt 0.800000 0.500000
vt 0.900000 0.500000
vt 0.900000 0.500000
vt 0.817678 0.343151
vt 0.750000 0.365141
vt 0.750000 0.490000
vt 0.891068 0.444164
vt 0.859505 0.285580
vt 0.978254 0.324164
vt 0.640495 0.285580
vt 0.640495 0.214420
vt 0.521746 0.175836
vt 0.521746 0.324164
vt 0.682322 0.343151
vt 0.608932 0.444164
vt 0.727441 0.357811
vt 0.702977 0.474721
vt 0.655954 0.459443
vt 0.704881 0.350481
vt 0.817678 0.343151
vt 0.891068 0.444164
vt 0.750000 0.490000
vt 0.750000 0.365141
vt 0.859505 0.285580
vt 0.978254 0.324164
vt 0.640495 0.285580
vt 0.521746 0.324164
vt 0.521746 0.175836
vt 0.640495 0.214420
vt 0.682322 0.343151
vt 0.608932 0.444164
vt 0.037365 0.500000
vt 0.012096 0.500000
vt -0.000000 0.500000
vt 0.033333 0.500000
vt 1.000000 0.500000
vt 1.000000 0.500000
vt 0.062635 0.500000
vt 0.066667 0.500000
vt 0.037365 0.500000
vt 0.012096 0.500000
vt 0.012096 0.500000
vt 0.037365 0.500000
vt 0.062635 0.500000
vt 0.087904 0.500000
vt 0.087904 0.500000
vt 0.062635 0.500000
vt 0.012096 0.500000
vt 0.037365 0.500000
vt 0.087904 0.500000
vt 0.062635 0.500000
vt 0.062635 0.500000
vt 0.012096 0.500000
vt 0.012096 0.500000
vt 0.037365 0.500000
vt 0.037365 0.500000
vt 0.062635 0.500000
vt 0.037365 0.500000
vt 0.012096 0.500000
vt 0.012096 0.500000
vt 0.037365 0.500000
vt 0.062635 0.500000
vt 0.062635 0.500000
vt 0.087904 0.500000
vt 0.033333 0.500000
vt -0.000000 0.500000
vt 0.066667 0.500000
vt 0.704881 0.350481
vt 0.655954 0.459443
vt 0.702977 0.474721
vt 0.727441 0.357811
vt 0.704881 0.350481
vt 0.655954 0.459443
vt 0.727441 0.357811
vt 0.702977 0.474721
vt 0.200000 0.500000
vt 0.200000 0.500000
vt 0.100000 0.500000
vt 0.100000 0.500000
vt 0.900000 0.500000
vt 0.900000 0.500000
vt 0.817678 0.343151
vt 0.891068 0.444164
vt 0.750000 0.490000
vt 0.750000 0.365141
vt 0.640495 0.285580
vt 0.521746 0.324164
vt 0.682322 0.343151
vt 0.608932 0.444164
vt 0.817678 0.343151
vt 0.750000 0.365141
vt 0.750000 0.490000
vt 0.891068 0.444164
vt 0.640495 0.285580
vt 0.521746 0.324164
vt 0.682322 0.343151
vt 0.608932 0.444164
vt 0.037365 0.500000
vt 0.033333 0.500000
vt -0.000000 0.500000
vt 0.012096 0.500000
vt 1.000000 0.500000
vt 1.000000 0.500000
vt 0.062635 0.500000
vt 0.066667 0.500000
vt 0.087904 0.500000
vt 0.087904 0.500000
vt 0.037365 0.500000
vt 0.037365 0.500000
vt 0.012096 0.500000
vt 0.012096 0.500000
vt 0.062635 0.500000
vt 0.062635 0.500000
vt 0.087904 0.500000
vt 0.087904 0.500000
vt 0.012096 0.500000
vt 0.012096 0.500000
vt 0.012096 0.500000
vt 0.012096 0.500000
vt 0.012096 0.500000
vt 0.037365 0.500000
vt 0.037365 0.500000
vt 0.087904 0.500000
vt 0.087904 0.500000
vt 0.062635 0.500000
vt 0.062635 0.500000
vt 0.037365 0.500000
vt 0.062635 0.500000
vt 0.062635 0.500000
vt -0.000000 0.500000
vt 0.033333 0.500000
vt 0.037365 0.500000
vt 0.066667 0.500000
vt 0.704881 0.350481
vt 0.655954 0.459443
vt 0.727441 0.357811
vt 0.702977 0.474721
vt 0.037365 0.500000
vt 0.062635 0.500000
vt 0.087904 0.500000
vt 0.087904 0.500000
vt 0.087904 0.500000
vt 0.087904 0.500000
vt 0.087904 0.500000
vt 0.087904 0.500000
vt 0.100000 0.500000
vt 0.200000 0.500000
vt 0.200000 0.500000
vt 0.100000 0.500000
vt 0.300000 0.500000
vt 0.300000 0.500000
vt 0.800000 0.500000
vt 0.900000 0.500000
vt 0.900000 0.500000
vt 0.800000 0.500000
vt 0.817678 0.343151
vt 0.891068 0.444164
vt 0.750000 0.490000
vt 0.750000 0.365141
vt 0.859505 0.285580
vt 0.978254 0.324164
vt 0.640495 0.285580
vt 0.521746 0.324164
vt 0.521746 0.175836
vt 0.640495 0.214420
vt 0.682322 0.343151
vt 0.608932 0.444164
vt 0.727441 0.357811
vt 0.704881 0.350481
vt 0.655954 0.459443
vt 0.702977 0.474721
vt 0.817678 0.343151
vt 0.750000 0.365141
vt 0.750000 0.490000
vt 0.891068 0.444164
vt 0.859505 0.285580
vt 0.978254 0.324164
vt 0.640495 0.285580
vt 0.640495 0.214420
vt 0.521746 0.175836
vt 0.521746 0.324164
vt 0.682322 0.343151
vt 0.608932 0.444164
vt 0.037365 0.500000
vt 0.033333 0.500000
vt -0.000000 0.500000
vt 0.012096 0.500000
vt 1.000000 0.500000
vt 1.000000 0.500000
vt 0.062635 0.500000
vt 0.066667 0.500000
vt 0.037365 0.500000
vt 0.037365 0.500000
vt 0.012096 0.500000
vt 0.012096 0.500000
vt 0.062635 0.500000
vt 0.062635 0.500000
vt 0.087904 0.500000
vt 0.087904 0.500000
vt 0.037365 0.500000
vt 0.012096 0.500000
vt 0.087904 0.500000
vt 0.062635 0.500000
vt 0.062635 0.500000
vt 0.012096 0.500000
vt 0.037365 0.500000
vt 0.037365 0.500000
vt 0.012096 0.500000
vt 0.062635 0.500000
vt 0.012096 0.500000
vt 0.037365 0.500000
vt 0.012096 0.500000
vt 0.037365 0.500000
vt 0.087904 0.500000
vt 0.062635 0.500000
vt 0.062635 0.500000
vt -0.000000 0.500000
vt 0.033333 0.500000
vt 0.066667 0.500000
vt 0.704881 0.350481
vt 0.655954 0.459443
vt 0.727441 0.357811
vt 0.702977 0.474721
vt 0.704881 0.350481
vt 0.655954 0.459443
vt 0.702977 0.474721
vt 0.727441 0.357811
vt 0.200000 0.500000
vt 0.100000 0.500000
vt 0.100000 0.500000
vt 0.200000 0.500000
vt 0.900000 0.500000
vt 0.900000 0.500000
vt 0.817678 0.343151
vt 0.750000 0.365141
vt 0.750000 0.490000
vt 0.891068 0.444164
vt 0.640495 0.285580
vt 0.521746 0.324164
vt 0.682322 0.343151
vt 0.608932 0.444164
vt 0.817678 0.343151
vt 0.891068 0.444164
vt 0.750000 0.490000
vt 0.750000 0.365141
vt 0.640495 0.285580
vt 0.521746 0.324164
vt 0.682322 0.343151
vt 0.608932 0.444164
vt 0.037365 0.500000
vt 0.012096 0.500000
vt -0.000000 0.500000
vt 0.033333 0.500000
vt 1.000000 0.500000
vt 1.000000 0.500000
vt 0.062635 0.500000
vt 0.087904 0.500000
vt 0.066667 0.500000
vt 0.087904 0.500000
vt 0.037365 0.500000
vt 0.012096 0.500000
vt 0.012096 0.500000
vt 0.037365 0.500000
vt 0.062635 0.500000
vt 0.087904 0.500000
vt 0.087904 0.500000
vt 0.062635 0.500000
vt 0.012096 0.500000
vt 0.012096 0.500000
vt 0.012096 0.500000
vt 0.012096 0.500000
vt 0.037365 0.500000
vt 0.037365 0.500000
vt 0.012096 0.500000
vt 0.087904 0.500000
vt 0.062635 0.500000
vt 0.062635 0.500000
vt 0.087904 0.500000
vt 0.062635 0.500000
vt 0.062635 0.500000
vt 0.037365 0.500000
vt 0.037365 0.500000
vt 0.033333 0.500000
vt -0.000000 0.500000
vt 0.066667 0.500000
vt 0.704881 0.350481
vt 0.655954 0.459443
vt 0.702977 0.474721
vt 0.727441 0.357811
vt 0.037365 0.500000
vt 0.062635 0.500000
vt 0.087904 0.500000
vt 0.087904 0.500000
vt 0.087904 0.500000
vt 0.087904 0.500000
vt 0.087904 0.500000
vt 0.087904 0.500000
vt 0.100000 0.500000
vt 0.100000 0.500000
vt 0.200000 0.500000
vt 0.200000 0.500000
vt 0.300000 0.500000
vt 0.300000 0.500000
vt 0.800000 0.500000
vt 0.800000 0.500000
vt 0.900000 0.500000
vt 0.900000 0.500000
vt 0.727441 0.357811
vt 0.704881 0.350481
vt 0.655954 0.459443
vt 0.702977 0.474721
vt 0.817678 0.343151
vt 0.750000 0.365141
vt 0.750000 0.490000
vt 0.891068 0.444164
vt 0.859505 0.285580
vt 0.978254 0.324164
vt 0.640495 0.285580
vt 0.640495 0.214420
vt 0.521746 0.175836
vt 0.521746 0.324164
vt 0.682322 0.343151
vt 0.608932 0.444164
vt 0.817678 0.343151
vt 0.891068 0.444164
vt 0.750000 0.490000
vt 0.750000 0.365141
vt 0.859505 0.285580
vt 0.978254 0.324164
vt 0.640495 0.285580
vt 0.521746 0.324164
vt 0.521746 0.175836
vt 0.640495 0.214420
vt 0.682322 0.343151
vt 0.608932 0.444164
vt 0.037365 0.500000
vt 0.012096 0.500000
vt -0.000000 0.500000
vt 0.033333 0.500000
vt 1.000000 0.500000
vt 1.000000 0.500000
vt 0.062635 0.500000
vt 0.066667 0.500000
vt 0.037365 0.500000
vt 0.012096 0.500000
vt 0.012096 0.500000
vt 0.037365 0.500000
vt 0.062635 0.500000
vt 0.087904 0.500000
vt 0.087904 0.500000
vt 0.062635 0.500000
vt 0.012096 0.500000
vt 0.037365 0.500000
vt 0.012096 0.500000
vt 0.062635 0.500000
vt 0.087904 0.500000
vt 0.087904 0.500000
vt 0.062635 0.500000
vt 0.037365 0.500000
vt 0.012096 0.500000
vt 0.012096 0.500000
vt 0.037365 0.500000
vt 0.087904 0.500000
vt 0.087904 0.500000
vt 0.087904 0.500000
vt 0.087904 0.500000
vt 0.087904 0.500000
vt 0.062635 0.500000
vt 0.062635 0.500000
vt 0.087904 0.500000
vt 0.012096 0.500000
vt 0.037365 0.500000
vt 0.037365 0.500000
vt 0.012096 0.500000
vt 0.037365 0.500000
vt 0.087904 0.500000
vt 0.062635 0.500000
vt 0.062635 0.500000
vt 0.087904 0.500000
vt 0.012096 0.500000
vt 0.037365 0.500000
vt 0.033333 0.500000
vt -0.000000 0.500000
vt 0.062635 0.500000
vt 0.066667 0.500000
vt 0.704881 0.350481
vt 0.655954 0.459443
vt 0.702977 0.474721
vt 0.727441 0.357811
vt 0.704881 0.350481
vt 0.655954 0.459443
vt 0.727441 0.357811
vt 0.702977 0.474721
vt 0.200000 0.500000
vt 0.200000 0.500000
vt 0.100000 0.500000
vt 0.100000 0.500000
vt 0.900000 0.500000
vt 0.900000 0.500000
vt 0.817678 0.343151
vt 0.891068 0.444164
vt 0.750000 0.490000
vt 0.750000 0.365141
vt 0.640495 0.285580
vt 0.521746 0.324164
vt 0.682322 0.343151
vt 0.608932 0.444164
vt 0.817678 0.343151
vt 0.750000 0.365141
vt 0.750000 0.490000
vt 0.891068 0.444164
vt 0.640495 0.285580
vt 0.521746 0.324164
vt 0.682322 0.343151
vt 0.608932 0.444164
vt 0.037365 0.500000
vt 0.033333 0.500000
vt -0.000000 0.500000
vt 0.012096 0.500000
vt 1.000000 0.500000
vt 1.000000 0.500000
vt 0.062635 0.500000
vt 0.066667 0.500000
vt 0.037365 0.500000
vt 0.037365 0.500000
vt 0.012096 0.500000
vt 0.012096 0.500000
vt 0.062635 0.500000
vt 0.062635 0.500000
vt 0.087904 0.500000
vt 0.087904 0.500000
vt 0.087904 0.500000
vt 0.062635 0.500000
vt 0.062635 0.500000
vt 0.037365 0.500000
vt 0.037365 0.500000
vt 0.012096 0.500000
vt 0.012096 0.500000
vt 0.062635 0.500000
vt 0.012096 0.500000
vt 0.037365 0.500000
vt 0.012096 0.500000
vt 0.012096 0.500000
vt 0.037365 0.500000
vt 0.037365 0.500000
vt 0.087904 0.500000
vt 0.062635 0.500000
vt 0.062635 0.500000
vt -0.000000 0.500000
vt 0.033333 0.500000
vt 0.066667 0.500000
vt 0.704881 0.350481
vt 0.655954 0.459443
vt 0.702977 0.474721
vt 0.727441 0.357811
vt 0.012096 0.500000
vt 0.012096 0.500000
vt 0.062635 0.500000
vt 0.037365 0.500000
vt 0.037365 0.500000
vt 0.062635 0.500000
vt 0.087904 0.500000
vt 0.087904 0.500000
vt 0.087904 0.500000
vt 0.087904 0.500000
vt 0.100000 0.500000
vt 0.200000 0.500000
vt 0.200000 0.500000
vt 0.100000 0.500000
vt 0.300000 0.500000
vt 0.300000 0.500000
vt 0.800000 0.500000
vt 0.900000 0.500000
vt 0.900000 0.500000
vt 0.800000 0.500000
vt 0.727441 0.357811
vt 0.702977 0.474721
vt 0.655954 0.459443
vt 0.704881 0.350481
vt 0.817678 0.343151
vt 0.891068 0.444164
vt 0.750000 0.490000
vt 0.750000 0.365141
vt 0.859505 0.285580
vt 0.978254 0.324164
vt 0.640495 0.285580
vt 0.521746 0.324164
vt 0.521746 0.175836
vt 0.640495 0.214420
vt 0.682322 0.343151
vt 0.608932 0.444164
vt 0.817678 0.343151
vt 0.750000 0.365141
vt 0.750000 0.490000
vt 0.891068 0.444164
vt 0.859505 0.285580
vt 0.978254 0.324164
vt 0.640495 0.285580
vt 0.640495 0.214420
vt 0.521746 0.175836
vt 0.521746 0.324164
vt 0.682322 0.343151
vt 0.608932 0.444164
vt 0.037365 0.500000
vt 0.033333 0.500000
vt -0.000000 0.500000
vt 0.012096 0.500000
vt 1.000000 0.500000
vt 1.000000 0.500000
vt 0.062635 0.500000
vt 0.066667 0.500000
vt 0.037365 0.500000
vt 0.037365 0.500000
vt 0.012096 0.500000
vt 0.012096 0.500000
vt 0.062635 0.500000
vt 0.062635 0.500000
vt 0.087904 0.500000
vt 0.087904 0.500000
vt 0.037365 0.500000
vt 0.012096 0.500000
vt 0.012096 0.500000
vt 0.062635 0.500000
vt 0.062635 0.500000
vt 0.087904 0.500000
vt 0.087904 0.500000
vt 0.037365 0.500000
vt 0.037365 0.500000
vt 0.012096 0.500000
vt 0.012096 0.500000
vt 0.087904 0.500000
vt 0.087904 0.500000
vt 0.087904 0.500000
vt 0.087904 0.500000
vt 0.087904 0.500000
vt 0.087904 0.500000
vt 0.062635 0.500000
vt 0.062635 0.500000
vt 0.012096 0.500000
vt 0.012096 0.500000
vt 0.037365 0.500000
vt 0.037365 0.500000
vt 0.037365 0.500000
vt 0.087904 0.500000
vt 0.087904 0.500000
vt 0.062635 0.500000
vt 0.062635 0.500000
vt 0.012096 0.500000
vt -0.000000 0.500000
vt 0.033333 0.500000
vt 0.037365 0.500000
vt 0.066667 0.500000
vt 0.062635 0.500000
vt 0.704881 0.350481
vt 0.655954 0.459443
vt 0.727441 0.357811
vt 0.702977 0.474721
vt 0.704881 0.350481
vt 0.655954 0.459443
vt 0.702977 0.474721
vt 0.727441 0.357811
vt 0.200000 0.500000
vt 0.100000 0.500000
vt 0.100000 0.500000
vt 0.200000 0.500000
vt 0.900000 0.500000
vt 0.900000 0.500000
vt 0.817678 0.343151
vt 0.750000 0.365141
vt 0.750000 0.490000
vt 0.891068 0.444164
vt 0.640495 0.285580
vt 0.521746 0.324164
vt 0.682322 0.343151
vt 0.608932 0.444164
vt 0.817678 0.343151
vt 0.891068 0.444164
vt 0.750000 0.490000
vt 0.750000 0.365141
vt 0.640495 0.285580
vt 0.521746 0.324164
vt 0.682322 0.343151
vt 0.608932 0.444164
vt 0.037365 0.500000
vt 0.012096 0.500000
vt -0.000000 0.500000
vt 0.033333 0.500000
vt 1.000000 0.500000
vt 1.000000 0.500000
vt 0.062635 0.500000
vt 0.066667 0.500000
vt 0.037365 0.500000
vt 0.012096 0.500000
vt 0.012096 0.500000
vt 0.037365 0.500000
vt 0.062635 0.500000
vt 0.087904 0.500000
vt 0.087904 0.500000
vt 0.062635 0.500000
vt 0.087904 0.500000
vt 0.062635 0.500000
vt 0.062635 0.500000
vt 0.037365 0.500000
vt 0.012096 0.500000
vt 0.012096 0.500000
vt 0.037365 0.500000
vt 0.062635 0.500000
vt 0.037365 0.500000
vt 0.012096 0.500000
vt 0.012096 0.500000
vt 0.037365 0.500000
vt 0.037365 0.500000
vt 0.012096 0.500000
vt 0.062635 0.500000
vt 0.062635 0.500000
vt 0.087904 0.500000
vt 0.033333 0.500000
vt -0.000000 0.500000
vt 0.066667 0.500000
vt 0.704881 0.350481
vt 0.655954 0.459443
vt 0.727441 0.357811
vt 0.702977 0.474721
vt 0.012096 0.500000
vt 0.012096 0.500000
vt 0.037365 0.500000
vt 0.062635 0.500000
vt 0.062635 0.500000
vt 0.037365 0.500000
vt 0.500000 0.208754
vt 0.625000 0.208754
vt 0.625000 0.250000
vt 0.500000 0.250000
vt 0.500000 0.169685
vt 0.625000 0.169685
vt 0.500000 0.915822
vt 0.500000 0.915822
vt 0.625000 0.915822
vt 0.625000 0.915822
vt 0.790822 0.631156
vt 0.875000 0.631156
vt 0.875000 0.750000
vt 0.790822 0.750000
vt 0.790822 0.750000
vt 0.790822 0.631156
vt 0.500000 0.118844
vt 0.625000 0.118844
vt 0.790822 0.580315
vt 0.790822 0.580315
vt 0.790822 0.541246
vt 0.790822 0.541246
vt 0.790822 0.500000
vt 0.790822 0.500000
vt 0.500000 0.000000
vt 0.625000 0.000000
vt 0.875000 0.500000
vt 0.875000 0.541246
vt 0.875000 0.580315
vt 0.625000 1.000000
vt 0.500000 1.000000
vt 0.625000 0.334178
vt 0.500000 0.334178
vt 0.500000 0.334178
vt 0.625000 0.334178
vt 0.500000 0.208754
vt 0.500000 0.250000
vt 0.625000 0.250000
vt 0.625000 0.208754
vt 0.500000 0.169685
vt 0.625000 0.169685
vt 0.875000 0.750000
vt 0.875000 0.631156
vt 0.500000 0.118844
vt 0.625000 0.118844
vt 0.625000 0.000000
vt 0.500000 0.000000
vt 0.875000 0.541246
vt 0.875000 0.500000
vt 0.875000 0.580315
vt 0.625000 1.000000
vt 0.500000 1.000000
vt 0.500000 0.208754
vt 0.500000 0.250000
vt 0.625000 0.250000
vt 0.625000 0.208754
vt 0.500000 0.169685
vt 0.625000 0.169685
vt 0.625000 0.915822
vt 0.625000 0.915822
vt 0.500000 0.915822
vt 0.500000 0.915822
vt 0.790822 0.631156
vt 0.790822 0.750000
vt 0.875000 0.750000
vt 0.875000 0.631156
vt 0.790822 0.631156
vt 0.790822 0.750000
vt 0.500000 0.118844
vt 0.625000 0.118844
vt 0.790822 0.580315
vt 0.790822 0.580315
vt 0.790822 0.500000
vt 0.790822 0.500000
vt 0.790822 0.541246
vt 0.790822 0.541246
vt 0.625000 0.000000
vt 0.500000 0.000000
vt 0.875000 0.541246
vt 0.875000 0.500000
vt 0.875000 0.580315
vt 0.625000 1.000000
vt 0.500000 1.000000
vt 0.500000 0.334178
vt 0.625000 0.334178
vt 0.500000 0.334178
vt 0.625000 0.334178
vt 0.500000 0.208754
vt 0.625000 0.208754
vt 0.625000 0.250000
vt 0.500000 0.250000
vt 0.500000 0.169685
vt 0.625000 0.169685
vt 0.875000 0.631156
vt 0.875000 0.750000
vt 0.500000 0.118844
vt 0.625000 0.118844
vt 0.500000 0.000000
vt 0.625000 0.000000
vt 0.875000 0.500000
vt 0.875000 0.541246
vt 0.875000 0.580315
vt 0.625000 1.000000
vt 0.500000 1.000000
vt 0.125000 0.603424
vt 0.209178 0.603424
vt 0.209178 0.654446
vt 0.125000 0.654446
vt 0.375000 0.250000
vt 0.375000 0.208754
vt 0.500000 0.208754
vt 0.500000 0.250000
vt 0.375000 0.146576
vt 0.375000 0.095554
vt 0.500000 0.095554
vt 0.500000 0.118844
vt 0.209178 0.541246
vt 0.209178 0.580315
vt 0.209178 0.580315
vt 0.209178 0.541246
vt 0.209178 0.603424
vt 0.209178 0.654446
vt 0.209178 0.750000
vt 0.209178 0.750000
vt 0.500000 0.000000
vt 0.375000 0.000000
vt 0.209178 0.500000
vt 0.209178 0.500000
vt 0.375000 0.334178
vt 0.375000 0.334178
vt 0.500000 0.334178
vt 0.500000 0.334178
vt 0.125000 0.541246
vt 0.125000 0.580315
vt 0.500000 0.169685
vt 0.375000 0.169685
vt 0.125000 0.750000
vt 0.375000 0.915822
vt 0.500000 0.915822
vt 0.500000 1.000000
vt 0.375000 1.000000
vt 0.125000 0.500000
vt 0.375000 0.915822
vt 0.500000 0.915822
vt 0.125000 0.603424
vt 0.125000 0.654446
vt 0.375000 0.250000
vt 0.500000 0.250000
vt 0.500000 0.208754
vt 0.375000 0.208754
vt 0.375000 0.146576
vt 0.500000 0.118844
vt 0.500000 0.095554
vt 0.375000 0.095554
vt 0.500000 0.000000
vt 0.375000 0.000000
vt 0.125000 0.541246
vt 0.125000 0.580315
vt 0.500000 0.169685
vt 0.375000 0.169685
vt 0.125000 0.750000
vt 0.375000 1.000000
vt 0.500000 1.000000
vt 0.125000 0.500000
vt 0.125000 0.603424
vt 0.125000 0.654446
vt 0.209178 0.654446
vt 0.209178 0.603424
vt 0.375000 0.250000
vt 0.500000 0.250000
vt 0.500000 0.208754
vt 0.375000 0.208754
vt 0.375000 0.146576
vt 0.500000 0.118844
vt 0.500000 0.095554
vt 0.375000 0.095554
vt 0.209178 0.541246
vt 0.209178 0.541246
vt 0.209178 0.580315
vt 0.209178 0.580315
vt 0.209178 0.603424
vt 0.209178 0.654446
vt 0.209178 0.750000
vt 0.209178 0.750000
vt 0.500000 0.000000
vt 0.375000 0.000000
vt 0.209178 0.500000
vt 0.209178 0.500000
vt 0.375000 0.334178
vt 0.500000 0.334178
vt 0.500000 0.334178
vt 0.375000 0.334178
vt 0.125000 0.541246
vt 0.125000 0.580315
vt 0.500000 0.169685
vt 0.375000 0.169685
vt 0.125000 0.750000
vt 0.375000 0.915822
vt 0.375000 1.000000
vt 0.500000 1.000000
vt 0.500000 0.915822
vt 0.125000 0.500000
vt 0.500000 0.915822
vt 0.375000 0.915822
vt 0.125000 0.603424
vt 0.125000 0.654446
vt 0.375000 0.250000
vt 0.375000 0.208754
vt 0.500000 0.208754
vt 0.500000 0.250000
vt 0.375000 0.146576
vt 0.375000 0.095554
vt 0.500000 0.095554
vt 0.500000 0.118844
vt 0.500000 0.000000
vt 0.375000 0.000000
vt 0.125000 0.541246
vt 0.125000 0.580315
vt 0.500000 0.169685
vt 0.375000 0.169685
vt 0.125000 0.750000
vt 0.500000 1.000000
vt 0.375000 1.000000
vt 0.125000 0.500000
vt 1.000000 0.500000
vt 1.000000 1.000000
vt 0.875000 1.000000
vt 0.875000 0.500000
vt 0.750000 1.000000
vt 0.750000 0.500000
vt 0.625000 1.000000
vt 0.625000 0.500000
vt 0.500000 1.000000
vt 0.500000 0.500000
vt 0.375000 1.000000
vt 0.375000 0.500000
vt 0.250000 1.000000
vt 0.250000 0.500000
vt 0.125000 1.000000
vt 0.125000 0.500000
vt 0.351441 0.351441
vt 0.419706 0.419706
vt 0.250000 0.490000
vt 0.393459 0.250000
vt 0.490000 0.250000
vt 0.351441 0.148559
vt 0.419706 0.080294
vt 0.250000 0.106541
vt 0.250000 0.010000
vt 0.148559 0.148559
vt 0.080294 0.080294
vt 0.106541 0.250000
vt 0.010000 0.250000
vt 0.148559 0.351441
vt 0.080294 0.419706
vt 0.250000 0.393459
vt 0.000000 1.000000
vt 0.000000 0.500000
vt 1.000000 0.500000
vt 1.000000 1.000000
vt 0.875000 1.000000
vt 0.875000 0.500000
vt 0.750000 1.000000
vt 0.750000 0.500000
vt 0.625000 1.000000
vt 0.625000 0.500000
vt 0.500000 1.000000
vt 0.500000 0.500000
vt 0.375000 1.000000
vt 0.375000 0.500000
vt 0.250000 1.000000
vt 0.250000 0.500000
vt 0.125000 1.000000
vt 0.125000 0.500000
vt 0.351441 0.351441
vt 0.419706 0.419706
vt 0.250000 0.490000
vt 0.393459 0.250000
vt 0.490000 0.250000
vt 0.351441 0.148559
vt 0.419706 0.080294
vt 0.250000 0.106541
vt 0.250000 0.010000
vt 0.148559 0.148559
vt 0.080294 0.080294
vt 0.106541 0.250000
vt 0.010000 0.250000
vt 0.148559 0.351441
vt 0.080294 0.419706
vt 0.250000 0.393459
vt 0.000000 1.000000
vt 0.000000 0.500000
vt 1.000000 0.500000
vt 1.000000 1.000000
vt 0.875000 1.000000
vt 0.875000 0.500000
vt 0.750000 1.000000
vt 0.750000 0.500000
vt 0.625000 1.000000
vt 0.625000 0.500000
vt 0.500000 1.000000
vt 0.500000 0.500000
vt 0.375000 1.000000
vt 0.375000 0.500000
vt 0.250000 1.000000
vt 0.250000 0.500000
vt 0.125000 1.000000
vt 0.125000 0.500000
vt 0.351441 0.351441
vt 0.419706 0.419706
vt 0.250000 0.490000
vt 0.393459 0.250000
vt 0.490000 0.250000
vt 0.351441 0.148559
vt 0.419706 0.080294
vt 0.250000 0.106541
vt 0.250000 0.010000
vt 0.148559 0.148559
vt 0.080294 0.080294
vt 0.106541 0.250000
vt 0.010000 0.250000
vt 0.148559 0.351441
vt 0.080294 0.419706
vt 0.250000 0.393459
vt 0.000000 1.000000
vt 0.000000 0.500000
vt 1.000000 0.500000
vt 1.000000 1.000000
vt 0.875000 1.000000
vt 0.875000 0.500000
vt 0.750000 1.000000
vt 0.750000 0.500000
vt 0.625000 1.000000
vt 0.625000 0.500000
vt 0.500000 1.000000
vt 0.500000 0.500000
vt 0.375000 1.000000
vt 0.375000 0.500000
vt 0.250000 1.000000
vt 0.250000 0.500000
vt 0.125000 1.000000
vt 0.125000 0.500000
vt 0.351441 0.351441
vt 0.419706 0.419706
vt 0.250000 0.490000
vt 0.393459 0.250000
vt 0.490000 0.250000
vt 0.351441 0.148559
vt 0.419706 0.080294
vt 0.250000 0.106541
vt 0.250000 0.010000
vt 0.148559 0.148559
vt 0.080294 0.080294
vt 0.106541 0.250000
vt 0.010000 0.250000
vt 0.148559 0.351441
vt 0.080294 0.419706
vt 0.250000 0.393459
vt 0.000000 1.000000
vt 0.000000 0.500000
vt 1.000000 0.500000
vt 0.875000 0.500000
vt 0.875000 1.000000
vt 1.000000 1.000000
vt 0.750000 0.500000
vt 0.750000 1.000000
vt 0.625000 0.500000
vt 0.625000 1.000000
vt 0.500000 0.500000
vt 0.500000 1.000000
vt 0.375000 0.500000
vt 0.375000 1.000000
vt 0.250000 0.500000
vt 0.250000 1.000000
vt 0.125000 0.500000
vt 0.125000 1.000000
vt 0.351441 0.351441
vt 0.250000 0.490000
vt 0.419706 0.419706
vt 0.393459 0.250000
vt 0.490000 0.250000
vt 0.351441 0.148559
vt 0.419706 0.080294
vt 0.250000 0.106541
vt 0.250000 0.010000
vt 0.148559 0.148559
vt 0.080294 0.080294
vt 0.106541 0.250000
vt 0.010000 0.250000
vt 0.148559 0.351441
vt 0.080294 0.419706
vt 0.250000 0.393459
vt 0.000000 0.500000
vt 0.000000 1.000000
vt 1.000000 0.500000
vt 0.875000 0.500000
vt 0.875000 1.000000
vt 1.000000 1.000000
vt 0.750000 0.500000
vt 0.750000 1.000000
vt 0.625000 0.500000
vt 0.625000 1.000000
vt 0.500000 0.500000
vt 0.500000 1.000000
vt 0.375000 0.500000
vt 0.375000 1.000000
vt 0.250000 0.500000
vt 0.250000 1.000000
vt 0.125000 0.500000
vt 0.125000 1.000000
vt 0.351441 0.351441
vt 0.250000 0.490000
vt 0.419706 0.419706
vt 0.393459 0.250000
vt 0.490000 0.250000
vt 0.351441 0.148559
vt 0.419706 0.080294
vt 0.250000 0.106541
vt 0.250000 0.010000
vt 0.148559 0.148559
vt 0.080294 0.080294
vt 0.106541 0.250000
vt 0.010000 0.250000
vt 0.148559 0.351441
vt 0.080294 0.419706
vt 0.250000 0.393459
vt 0.000000 0.500000
vt 0.000000 1.000000
vt 1.000000 0.500000
vt 0.875000 0.500000
vt 0.875000 1.000000
vt 1.000000 1.000000
vt 0.750000 0.500000
vt 0.750000 1.000000
vt 0.625000 0.500000
vt 0.625000 1.000000
vt 0.500000 0.500000
vt 0.500000 1.000000
vt 0.375000 0.500000
vt 0.375000 1.000000
vt 0.250000 0.500000
vt 0.250000 1.000000
vt 0.125000 0.500000
vt 0.125000 1.000000
vt 0.351441 0.351441
vt 0.250000 0.490000
vt 0.419706 0.419706
vt 0.393459 0.250000
vt 0.490000 0.250000
vt 0.351441 0.148559
vt 0.419706 0.080294
vt 0.250000 0.106541
vt 0.250000 0.010000
vt 0.148559 0.148559
vt 0.080294 0.080294
vt 0.106541 0.250000
vt 0.010000 0.250000
vt 0.148559 0.351441
vt 0.080294 0.419706
vt 0.250000 0.393459
vt 0.000000 0.500000
vt 0.000000 1.000000
vt 1.000000 0.500000
vt 0.875000 0.500000
vt 0.875000 1.000000
vt 1.000000 1.000000
vt 0.750000 0.500000
vt 0.750000 1.000000
vt 0.625000 0.500000
vt 0.625000 1.000000
vt 0.500000 0.500000
vt 0.500000 1.000000
vt 0.375000 0.500000
vt 0.375000 1.000000
vt 0.250000 0.500000
vt 0.250000 1.000000
vt 0.125000 0.500000
vt 0.125000 1.000000
vt 0.351441 0.351441
vt 0.250000 0.490000
vt 0.419706 0.419706
vt 0.393459 0.250000
vt 0.490000 0.250000
vt 0.351441 0.148559
vt 0.419706 0.080294
vt 0.250000 0.106541
vt 0.250000 0.010000
vt 0.148559 0.148559
vt 0.080294 0.080294
vt 0.106541 0.250000
vt 0.010000 0.250000
vt 0.148559 0.351441
vt 0.080294 0.419706
vt 0.250000 0.393459
vt 0.000000 0.500000
vt 0.000000 1.000000
vt 0.969315 0.976163
vt 0.950125 0.976163
vt 0.950125 0.976163
vt 0.969315 0.976163
vt 0.912059 0.947951
vt 0.909417 0.947951
vt 0.909417 0.947951
vt 0.912059 0.947951
vt 0.477359 0.976163
vt 0.416667 0.976163
vt 0.416667 0.947951
vt 0.477359 0.947951
vt 0.250000 0.947951
vt 0.333333 0.947951
vt 0.333333 0.947951
vt 0.250000 0.947951
vt 0.500000 0.976163
vt 0.500000 0.947951
vt 0.528893 0.947951
vt 0.528893 0.976163
vt 0.583333 0.947951
vt 0.583333 0.976163
vt 0.645515 0.976163
vt 0.645515 0.947951
vt 0.833333 0.947951
vt 0.916667 0.947951
vt 0.916667 0.947951
vt 0.833333 0.947951
vt 0.666667 0.976163
vt 0.645515 0.976163
vt 0.666667 0.976163
vt 0.359977 0.976163
vt 0.333333 0.976163
vt 0.333333 0.976163
vt 0.359977 0.976163
vt 0.083333 0.947952
vt 0.166667 0.947951
vt 0.166667 0.947951
vt 0.083333 0.947952
vt 0.645515 0.947951
vt 0.666667 0.947951
vt 0.666667 0.947951
vt 0.250000 0.976163
vt 0.570158 0.947951
vt 0.570158 0.947951
vt 0.166667 0.976163
vt 0.477359 0.947951
vt 0.500000 0.947951
vt 0.500000 0.976163
vt 0.477359 0.976163
vt 0.605457 0.976163
vt 0.166667 0.976163
vt 0.083333 0.976164
vt 0.083333 0.976164
vt 0.416667 0.976163
vt 0.583333 0.947951
vt 0.528893 0.947951
vt 0.250000 0.976163
vt 0.359977 0.947951
vt 0.916667 0.976163
vt 0.916667 0.976163
vt 0.359977 0.947951
vt 0.833333 0.976163
vt 0.833333 0.976163
vt 0.583333 0.976163
vt 0.528893 0.976163
vt 0.750000 0.976163
vt 0.750000 0.947951
vt 0.750000 0.947951
vt 0.750000 0.976163
vt 0.605457 0.976163
vt 0.416667 0.947951
vt 0.969315 0.976163
vt 0.969315 0.976163
vt 0.950125 0.976163
vt 0.950125 0.976163
vt 0.912059 0.947951
vt 0.912059 0.947951
vt 0.909417 0.947951
vt 0.909417 0.947951
vt 0.477359 0.976163
vt 0.477359 0.947951
vt 0.416667 0.947951
vt 0.416667 0.976163
vt 0.250000 0.947951
vt 0.250000 0.947951
vt 0.333333 0.947951
vt 0.333333 0.947951
vt 0.500000 0.976163
vt 0.528893 0.976163
vt 0.528893 0.947951
vt 0.500000 0.947951
vt 0.583333 0.976163
vt 0.583333 0.947951
vt 0.645515 0.976163
vt 0.645515 0.947951
vt 0.833333 0.947951
vt 0.833333 0.947951
vt 0.916667 0.947951
vt 0.916667 0.947951
vt 0.666667 0.976163
vt 0.666667 0.976163
vt 0.645515 0.976163
vt 0.359977 0.976163
vt 0.359977 0.976163
vt 0.333333 0.976163
vt 0.333333 0.976163
vt 0.083333 0.947952
vt 0.083333 0.947952
vt 0.166667 0.947951
vt 0.166667 0.947951
vt 0.645515 0.947951
vt 0.666667 0.947951
vt 0.666667 0.947951
vt 0.250000 0.976163
vt 0.570158 0.947951
vt 0.570158 0.947951
vt 0.166667 0.976163
vt 0.477359 0.947951
vt 0.500000 0.947951
vt 0.500000 0.976163
vt 0.477359 0.976163
vt 0.605457 0.976163
vt 0.166667 0.976163
vt 0.083333 0.976164
vt 0.083333 0.976164
vt 0.416667 0.976163
vt 0.583333 0.947951
vt 0.528893 0.947951
vt 0.250000 0.976163
vt 0.359977 0.947951
vt 0.916667 0.976163
vt 0.916667 0.976163
vt 0.359977 0.947951
vt 0.833333 0.976163
vt 0.833333 0.976163
vt 0.583333 0.976163
vt 0.528893 0.976163
vt 0.750000 0.947951
vt 0.750000 0.976163
vt 0.750000 0.947951
vt 0.750000 0.976163
vt 0.605457 0.976163
vt 0.416667 0.947951
vt 1.000000 0.500000
vt 1.000000 1.000000
vt 0.875000 1.000000
vt 0.875000 0.500000
vt 0.750000 1.000000
vt 0.750000 0.500000
vt 0.625000 1.000000
vt 0.625000 0.500000
vt 0.500000 1.000000
vt 0.500000 0.500000
vt 0.375000 1.000000
vt 0.375000 0.500000
vt 0.250000 1.000000
vt 0.250000 0.500000
vt 0.125000 1.000000
vt 0.125000 0.500000
vt 0.351441 0.351441
vt 0.419706 0.419706
vt 0.250000 0.490000
vt 0.393459 0.250000
vt 0.490000 0.250000
vt 0.351441 0.148559
vt 0.419706 0.080294
vt 0.250000 0.106541
vt 0.250000 0.010000
vt 0.148559 0.148559
vt 0.080294 0.080294
vt 0.106541 0.250000
vt 0.010000 0.250000
vt 0.148559 0.351441
vt 0.080294 0.419706
vt 0.250000 0.393459
vt 0.000000 1.000000
vt 0.000000 0.500000
vt 1.000000 0.500000
vt 1.000000 1.000000
vt 0.875000 1.000000
vt 0.875000 0.500000
vt 0.750000 1.000000
vt 0.750000 0.500000
vt 0.625000 1.000000
vt 0.625000 0.500000
vt 0.500000 1.000000
vt 0.500000 0.500000
vt 0.375000 1.000000
vt 0.375000 0.500000
vt 0.250000 1.000000
vt 0.250000 0.500000
vt 0.125000 1.000000
vt 0.125000 0.500000
vt 0.351441 0.351441
vt 0.419706 0.419706
vt 0.250000 0.490000
vt 0.393459 0.250000
vt 0.490000 0.250000
vt 0.351441 0.148559
vt 0.419706 0.080294
vt 0.250000 0.106541
vt 0.250000 0.010000
vt 0.148559 0.148559
vt 0.080294 0.080294
vt 0.106541 0.250000
vt 0.010000 0.250000
vt 0.148559 0.351441
vt 0.080294 0.419706
vt 0.250000 0.393459
vt 0.000000 1.000000
vt 0.000000 0.500000
vt 1.000000 0.500000
vt 0.875000 0.500000
vt 0.875000 1.000000
vt 1.000000 1.000000
vt 0.750000 0.500000
vt 0.750000 1.000000
vt 0.625000 0.500000
vt 0.625000 1.000000
vt 0.500000 0.500000
vt 0.500000 1.000000
vt 0.375000 0.500000
vt 0.375000 1.000000
vt 0.250000 0.500000
vt 0.250000 1.000000
vt 0.125000 0.500000
vt 0.125000 1.000000
vt 0.351441 0.351441
vt 0.250000 0.490000
vt 0.419706 0.419706
vt 0.393459 0.250000
vt 0.490000 0.250000
vt 0.351441 0.148559
vt 0.419706 0.080294
vt 0.250000 0.106541
vt 0.250000 0.010000
vt 0.148559 0.148559
vt 0.080294 0.080294
vt 0.106541 0.250000
vt 0.010000 0.250000
vt 0.148559 0.351441
vt 0.080294 0.419706
vt 0.250000 0.393459
vt 0.000000 0.500000
vt 0.000000 1.000000
vt 1.000000 0.500000
vt 0.875000 0.500000
vt 0.875000 1.000000
vt 1.000000 1.000000
vt 0.750000 0.500000
vt 0.750000 1.000000
vt 0.625000 0.500000
vt 0.625000 1.000000
vt 0.500000 0.500000
vt 0.500000 1.000000
vt 0.375000 0.500000
vt 0.375000 1.000000
vt 0.250000 0.500000
vt 0.250000 1.000000
vt 0.125000 0.500000
vt 0.125000 1.000000
vt 0.351441 0.351441
vt 0.250000 0.490000
vt 0.419706 0.419706
vt 0.393459 0.250000
vt 0.490000 0.250000
vt 0.351441 0.148559
vt 0.419706 0.080294
vt 0.250000 0.106541
vt 0.250000 0.010000
vt 0.148559 0.148559
vt 0.080294 0.080294
vt 0.106541 0.250000
vt 0.010000 0.250000
vt 0.148559 0.351441
vt 0.080294 0.419706
vt 0.250000 0.393459
vt 0.000000 0.500000
vt 0.000000 1.000000
vt 0.625000 0.750000
vt 0.500000 0.750000
vt 0.500000 0.500000
vt 0.625000 0.500000
vt 0.500000 0.331963
vt 0.625000 0.331963
vt 0.625000 0.412298
vt 0.500000 0.412298
vt 0.712702 0.500000
vt 0.712702 0.750000
vt 0.500000 0.284467
vt 0.625000 0.284467
vt 0.793037 0.500000
vt 0.840533 0.500000
vt 0.840533 0.750000
vt 0.793037 0.750000
vt 0.500000 0.918037
vt 0.625000 0.918037
vt 0.625000 0.965533
vt 0.500000 0.965533
vt 0.500000 0.837702
vt 0.625000 0.837702
vt 0.625000 0.750000
vt 0.625000 0.500000
vt 0.625000 0.412298
vt 0.625000 0.331963
vt 0.712702 0.750000
vt 0.712702 0.500000
vt 0.625000 0.284467
vt 0.793037 0.500000
vt 0.793037 0.750000
vt 0.840533 0.750000
vt 0.840533 0.500000
vt 0.625000 0.965533
vt 0.625000 0.918037
vt 0.625000 0.837702
vt 0.125000 0.697326
vt 0.250000 0.697326
vt 0.250000 0.750000
vt 0.125000 0.750000
vt 0.375000 0.052674
vt 0.625000 0.052674
vt 0.625000 0.250000
vt 0.375000 0.250000
vt 0.750000 0.697326
vt 0.875000 0.697326
vt 0.875000 0.750000
vt 0.750000 0.750000
vt 0.875000 0.500000
vt 0.875000 0.500000
vt 0.875000 0.697326
vt 0.125000 0.500000
vt 0.250000 0.500000
vt 0.875000 0.750000
vt 0.750000 0.750000
vt 0.750000 0.500000
vt 0.125000 0.750000
vt 0.125000 0.750000
vt 0.125000 0.750000
vt 0.375000 0.000000
vt 0.625000 0.000000
vt 0.875000 0.750000
vt 0.875000 0.750000
vt 0.125000 0.697326
vt 0.125000 0.500000
vt 0.250000 0.750000
vt 0.375000 0.000000
vt 0.625000 0.000000
vt 0.125000 0.697326
vt 0.125000 0.750000
vt 0.375000 0.052674
vt 0.375000 0.250000
vt 0.625000 0.250000
vt 0.625000 0.052674
vt 0.875000 0.750000
vt 0.875000 0.697326
vt 0.875000 0.500000
vt 0.875000 0.697326
vt 0.875000 0.500000
vt 0.125000 0.500000
vt 0.875000 0.750000
vt 0.125000 0.750000
vt 0.125000 0.750000
vt 0.125000 0.750000
vt 0.375000 0.000000
vt 0.625000 0.000000
vt 0.875000 0.750000
vt 0.875000 0.750000
vt 0.125000 0.697326
vt 0.125000 0.500000
vt 0.625000 0.000000
vt 0.375000 0.000000
vt 0.125000 0.697326
vt 0.125000 0.750000
vt 0.250000 0.750000
vt 0.250000 0.697326
vt 0.375000 0.052674
vt 0.375000 0.250000
vt 0.625000 0.250000
vt 0.625000 0.052674
vt 0.750000 0.697326
vt 0.750000 0.750000
vt 0.875000 0.750000
vt 0.875000 0.697326
vt 0.875000 0.500000
vt 0.875000 0.697326
vt 0.875000 0.500000
vt 0.125000 0.500000
vt 0.250000 0.500000
vt 0.750000 0.750000
vt 0.875000 0.750000
vt 0.750000 0.500000
vt 0.125000 0.750000
vt 0.125000 0.750000
vt 0.125000 0.750000
vt 0.375000 0.000000
vt 0.625000 0.000000
vt 0.875000 0.750000
vt 0.875000 0.750000
vt 0.125000 0.697326
vt 0.125000 0.500000
vt 0.250000 0.750000
vt 0.625000 0.000000
vt 0.375000 0.000000
vt 0.125000 0.697326
vt 0.125000 0.750000
vt 0.375000 0.052674
vt 0.625000 0.052674
vt 0.625000 0.250000
vt 0.375000 0.250000
vt 0.875000 0.697326
vt 0.875000 0.750000
vt 0.875000 0.500000
vt 0.875000 0.500000
vt 0.875000 0.697326
vt 0.125000 0.500000
vt 0.875000 0.750000
vt 0.125000 0.750000
vt 0.125000 0.750000
vt 0.125000 0.750000
vt 0.375000 0.000000
vt 0.625000 0.000000
vt 0.875000 0.750000
vt 0.875000 0.750000
vt 0.125000 0.697326
vt 0.125000 0.500000
vt 0.375000 0.000000
vt 0.625000 0.000000
vt 0.100560 0.141254
vt 0.100560 0.141254
vt 0.109630 0.132184
vt 0.109630 0.132184
vt 0.100560 0.358746
vt 0.141254 0.399440
vt 0.141254 0.399440
vt 0.100560 0.358746
vt 0.325046 0.418897
vt 0.269457 0.433792
vt 0.269457 0.433792
vt 0.325046 0.418897
vt 0.312656 0.422217
vt 0.312656 0.422217
vt 0.281847 0.430472
vt 0.281847 0.430472
vt 0.269457 0.066208
vt 0.325046 0.081103
vt 0.325046 0.081103
vt 0.269457 0.066208
vt 0.312656 0.077783
vt 0.312656 0.077783
vt 0.109630 0.367816
vt 0.132184 0.390370
vt 0.109630 0.367816
vt 0.132184 0.390370
vt 0.141254 0.100560
vt 0.141254 0.100560
vt 0.132184 0.109630
vt 0.132184 0.109630
vt 0.281847 0.069528
vt 0.281847 0.069528
vn -0.9957 0.0922 0.0000
vn 0.0000 -0.4013 -0.9160
vn 0.9957 0.0922 0.0000
vn 0.0000 0.5865 0.8099
vn -0.9591 0.2830 0.0000
vn 0.0000 1.0000 0.0000
vn 0.0000 0.9444 0.3287
vn 0.0000 -0.9028 -0.4300
vn 0.9591 0.2830 0.0000
vn -0.9957 -0.0922 0.0000
vn 0.0000 0.4013 -0.9160
vn 0.9957 -0.0922 0.0000
vn 0.0000 -0.5865 0.8099
vn -0.9591 -0.2830 0.0000
vn 0.0000 -1.0000 0.0000
vn 0.0000 -0.9444 0.3287
vn 0.0000 0.9028 -0.4300
vn 0.9591 -0.2830 0.0000
vn -0.9649 0.0000 -0.2626
vn -0.7307 0.6506 -0.2069
vn -0.3857 0.6120 -0.6904
vn -0.5041 0.0000 -0.8636
vn 0.9463 0.0000 0.3233
vn 0.7262 0.6410 0.2481
vn 0.3456 0.6201 0.7043
vn 0.4405 0.0000 0.8977
vn 0.5041 0.0000 -0.8636
vn 0.3857 0.6120 -0.6904
vn 0.7307 0.6506 -0.2069
vn 0.9649 0.0000 -0.2626
vn -0.4405 0.0000 0.8977
vn -0.3456 0.6201 0.7043
vn -0.7262 0.6410 0.2481
vn -0.9463 0.0000 0.3233
vn -0.3857 -0.6120 -0.6904
vn -0.7307 -0.6506 -0.2069
vn 0.3456 -0.6201 0.7043
vn 0.7262 -0.6410 0.2481
vn 0.7307 -0.6506 -0.2069
vn 0.3857 -0.6120 -0.6904
vn -0.7262 -0.6410 0.2481
vn -0.3456 -0.6201 0.7043
vn 0.0000 0.7651 -0.6439
vn 0.5902 0.6619 -0.4620
vn 0.6065 0.4833 -0.6313
vn 0.0000 0.4806 -0.8769
vn 0.0000 0.9927 -0.1206
vn 0.0000 0.9999 0.0118
vn 0.1604 0.9827 -0.0920
vn 0.0000 0.9950 -0.0999
vn 0.2512 0.9666 -0.0514
vn 0.8000 0.5742 -0.1738
vn 0.7573 0.6275 -0.1811
vn 0.8882 0.4497 -0.0943
vn 0.7944 0.6013 -0.0858
vn 0.3563 0.9274 -0.1140
vn 0.5949 0.7919 -0.1375
vn 0.5345 -0.8382 -0.1084
vn 0.9081 -0.3879 -0.1574
vn 0.9486 -0.3100 -0.0630
vn 0.5687 -0.8222 -0.0240
vn 0.7436 0.4123 0.5263
vn 0.4476 0.8503 0.2767
vn 0.1691 0.9052 0.3898
vn 0.3103 0.4516 0.8365
vn 0.2861 0.9582 -0.0066
vn 0.7806 0.6139 -0.1172
vn 0.9238 0.3377 -0.1805
vn 0.9486 0.3100 -0.0630
vn 0.7465 0.6634 -0.0511
vn 0.6311 0.7752 -0.0273
vn 0.2781 0.9589 0.0555
vn 0.9157 0.3485 0.1999
vn 0.7337 0.6606 0.1585
vn 0.5910 0.7972 0.1229
vn 0.9157 -0.3485 0.1999
vn 0.5217 -0.8463 0.1072
vn 0.6034 0.3510 0.7161
vn 0.2101 0.9691 0.1294
vn 0.7436 -0.4123 0.5263
vn 0.3946 -0.8887 0.2333
vn 0.0824 0.9796 0.1833
vn 0.3103 -0.4516 0.8365
vn 0.1517 -0.9294 0.3364
vn 0.0000 0.9847 0.1743
vn 0.8416 -0.1368 0.5224
vn 0.7956 -0.1409 0.5891
vn 0.6038 -0.3498 0.7163
vn 0.2164 -0.7974 0.5632
vn 0.2164 0.7974 0.5632
vn 0.7956 0.1409 0.5891
vn 0.0000 0.7071 0.7071
vn 0.0000 0.4978 0.8673
vn 0.0000 -0.7071 0.7071
vn 0.1072 -0.7451 0.6582
vn 0.1190 -0.6726 0.7303
vn 0.1190 0.6726 0.7303
vn 0.6515 0.5962 0.4689
vn 0.7071 0.7071 0.0000
vn 0.1072 0.7451 0.6582
vn -0.0154 0.3901 0.9206
vn -0.4831 0.5622 0.6712
vn -0.4831 -0.5622 0.6712
vn -0.0154 -0.3901 0.9206
vn 0.0000 0.9213 0.3888
vn 0.0000 0.9925 -0.1220
vn 0.8909 -0.4424 -0.1024
vn 0.3474 -0.9304 -0.1169
vn 0.3579 -0.9300 -0.0837
vn 0.3576 0.9301 -0.0833
vn 0.0000 0.9951 -0.0981
vn 0.5919 -0.6892 -0.4179
vn 0.0000 -0.9951 -0.0981
vn 0.0000 -0.8094 -0.5871
vn 0.0000 0.9956 -0.0934
vn 0.0000 -0.9951 -0.0991
vn 0.0000 -0.9949 -0.1004
vn 0.5899 -0.5706 -0.5712
vn 0.7941 -0.5814 -0.1771
vn 0.7538 -0.6309 -0.1833
vn 0.7956 -0.5997 -0.0859
vn 0.7811 -0.6132 -0.1173
vn 0.6515 -0.5962 0.4689
vn 0.7071 -0.7071 0.0000
vn 0.7342 -0.6602 0.1586
vn 0.7468 -0.6630 -0.0512
vn 0.0000 -0.6099 -0.7925
vn 0.8419 0.1373 0.5218
vn 0.0000 0.2267 -0.9739
vn 0.6977 0.4277 -0.5747
vn 0.6953 -0.4594 -0.5527
vn 0.0000 -0.3645 -0.9312
vn 0.8049 -0.5636 -0.1855
vn 0.8090 0.5576 -0.1860
vn 0.7925 0.6022 -0.0956
vn 0.7927 -0.6020 -0.0956
vn 0.7632 -0.6329 -0.1300
vn 0.7627 0.6335 -0.1299
vn 0.7902 0.6100 -0.0588
vn 0.7905 -0.6096 -0.0589
vn 0.7765 0.6036 0.1810
vn 0.7768 -0.6031 0.1810
vn 0.5470 0.5176 0.6578
vn 0.5473 -0.5171 0.6580
vn 0.7677 0.1150 0.6304
vn 0.7676 -0.1142 0.6306
vn 0.0000 -1.0000 -0.0024
vn 0.1651 -0.9858 -0.0300
vn 0.1819 -0.9833 -0.0076
vn 0.1719 -0.9849 0.0190
vn 0.1198 -0.9911 0.0571
vn 0.0443 -0.9959 0.0786
vn 0.0000 -0.9968 -0.0802
vn 0.1102 -0.9921 -0.0600
vn 0.0000 -0.9972 0.0744
vn 0.0000 -0.9490 0.3152
vn 0.0000 -0.9956 -0.0935
vn 0.0000 -0.4978 0.8673
vn -0.6065 0.4833 -0.6313
vn -0.5902 0.6619 -0.4620
vn -0.1604 0.9827 -0.0920
vn -0.2512 0.9666 -0.0514
vn -0.8000 0.5742 -0.1738
vn -0.7944 0.6013 -0.0858
vn -0.8882 0.4497 -0.0943
vn -0.7573 0.6275 -0.1811
vn -0.3563 0.9274 -0.1140
vn -0.5949 0.7919 -0.1375
vn -0.5345 -0.8382 -0.1084
vn -0.5687 -0.8222 -0.0240
vn -0.9486 -0.3100 -0.0630
vn -0.9081 -0.3879 -0.1574
vn -0.7436 0.4123 0.5263
vn -0.3103 0.4516 0.8365
vn -0.1691 0.9052 0.3898
vn -0.4476 0.8503 0.2767
vn -0.2861 0.9581 -0.0066
vn -0.7806 0.6139 -0.1172
vn -0.7465 0.6634 -0.0511
vn -0.9486 0.3100 -0.0630
vn -0.9238 0.3377 -0.1805
vn -0.6311 0.7752 -0.0273
vn -0.2781 0.9589 0.0555
vn -0.7337 0.6606 0.1585
vn -0.9157 0.3485 0.1999
vn -0.5910 0.7972 0.1229
vn -0.5217 -0.8463 0.1072
vn -0.9157 -0.3485 0.1999
vn -0.6034 0.3510 0.7161
vn -0.2101 0.9691 0.1294
vn -0.3946 -0.8887 0.2333
vn -0.7436 -0.4123 0.5263
vn -0.0824 0.9796 0.1833
vn -0.1517 -0.9294 0.3364
vn -0.3103 -0.4516 0.8365
vn -0.8416 -0.1368 0.5224
vn -0.6038 -0.3498 0.7163
vn -0.7956 -0.1409 0.5891
vn -0.2164 -0.7974 0.5632
vn -0.2164 0.7974 0.5632
vn -0.7956 0.1409 0.5891
vn -0.1190 -0.6726 0.7303
vn -0.1072 -0.7451 0.6582
vn -0.7071 0.7071 0.0000
vn -0.6515 0.5962 0.4689
vn -0.1190 0.6726 0.7303
vn -0.1072 0.7451 0.6582
vn 0.4831 0.5622 0.6712
vn 0.0154 0.3901 0.9206
vn 0.4831 -0.5622 0.6712
vn 0.0154 -0.3901 0.9206
vn -0.8909 -0.4424 -0.1024
vn -0.3579 -0.9300 -0.0837
vn -0.3474 -0.9304 -0.1169
vn -0.3576 0.9301 -0.0833
vn -0.5919 -0.6892 -0.4179
vn -0.7538 -0.6309 -0.1833
vn -0.7941 -0.5814 -0.1771
vn -0.5899 -0.5706 -0.5712
vn -0.7811 -0.6132 -0.1173
vn -0.7956 -0.5997 -0.0859
vn -0.7071 -0.7071 0.0000
vn -0.6515 -0.5962 0.4689
vn -0.7342 -0.6602 0.1586
vn -0.7468 -0.6630 -0.0512
vn -0.8419 0.1373 0.5218
vn -0.6953 -0.4594 -0.5527
vn -0.6977 0.4277 -0.5747
vn -0.8049 -0.5636 -0.1855
vn -0.7927 -0.6020 -0.0956
vn -0.7925 0.6022 -0.0956
vn -0.8090 0.5576 -0.1860
vn -0.7632 -0.6329 -0.1300
vn -0.7905 -0.6096 -0.0589
vn -0.7902 0.6100 -0.0588
vn -0.7627 0.6335 -0.1299
vn -0.7768 -0.6031 0.1810
vn -0.7765 0.6036 0.1810
vn -0.5473 -0.5171 0.6580
vn -0.5470 0.5176 0.6578
vn -0.7677 0.1150 0.6304
vn -0.7676 -0.1142 0.6306
vn -0.1819 -0.9833 -0.0076
vn -0.1651 -0.9858 -0.0300
vn -0.1719 -0.9849 0.0190
vn -0.1198 -0.9911 0.0571
vn -0.0443 -0.9959 0.0786
vn -0.1102 -0.9921 -0.0600
vn -0.4289 -0.6501 -0.6272
vn -0.6396 -0.5946 -0.4872
vn -0.4759 0.6381 -0.6052
vn -0.4366 0.3581 -0.8253
vn -0.5498 -0.3642 -0.7517
vn -0.2255 -0.9742 0.0044
vn -0.7071 -0.7071 0.0035
vn -0.5905 -0.6353 -0.4976
vn -0.3934 -0.6955 -0.6013
vn -0.4858 -0.1885 -0.8535
vn -0.7071 -0.1660 -0.6873
vn -0.2152 -0.9765 0.0035
vn -0.4681 -0.7545 -0.4599
vn -0.3465 -0.8763 -0.3347
vn -0.3865 -0.8378 -0.3854
vn -0.2827 -0.9441 -0.1695
vn -0.2650 -0.9546 -0.1358
vn -0.2406 -0.9706 0.0000
vn -0.2456 -0.9694 0.0000
vn -0.3005 -0.9310 0.2072
vn -0.2767 -0.9470 0.1632
vn -0.4201 -0.7479 0.5139
vn -0.4008 -0.7997 0.4470
vn -0.4523 -0.0620 0.8897
vn -0.6565 -0.0747 0.7506
vn -0.4341 0.6963 0.5715
vn -0.4291 0.7573 0.4922
vn -0.3070 0.9263 0.2182
vn -0.2760 0.9466 0.1668
vn -0.2394 0.9709 0.0002
vn -0.2444 0.9697 0.0001
vn -0.2827 0.9441 -0.1695
vn -0.2650 0.9546 -0.1358
vn -0.3817 0.8315 -0.4035
vn -0.3465 0.8740 -0.3405
vn 0.4681 -0.7545 -0.4599
vn 0.4885 -0.1195 -0.8643
vn -0.4885 -0.1195 -0.8643
vn -0.6724 0.5491 -0.4963
vn -0.6729 0.6776 -0.2965
vn -0.6711 -0.5532 -0.4935
vn -0.6742 -0.6785 -0.2916
vn -0.6870 -0.7172 -0.1163
vn -0.6919 -0.7220 0.0000
vn -0.6792 -0.7195 0.1445
vn -0.6568 -0.6348 0.4068
vn -0.5888 -0.0605 0.8060
vn -0.6446 0.6073 0.4645
vn -0.6775 0.7198 0.1506
vn -0.6919 0.7220 0.0000
vn -0.6870 0.7172 -0.1163
vn -0.6552 0.0107 -0.7554
vn -0.7071 0.1854 -0.6824
vn -0.5924 0.6407 -0.4884
vn -0.7071 0.7071 0.0020
vn -0.5499 0.3634 -0.7520
vn -0.2165 0.9763 0.0015
vn -0.2269 0.9739 0.0024
vn -0.3936 0.7031 -0.5922
vn -0.4631 0.7615 -0.4535
vn -0.5264 0.0128 -0.8501
vn -0.4746 0.0121 -0.8801
vn -0.4321 0.6241 -0.6510
vn -0.6497 0.5793 -0.4922
vn 0.4321 0.6241 -0.6510
vn 0.4369 -0.4090 -0.8011
vn -0.4369 -0.4090 -0.8011
vn 0.4289 -0.6501 -0.6272
vn 0.2152 -0.9765 0.0035
vn 0.2165 0.9763 0.0015
vn -0.4804 -0.6460 -0.5932
vn 0.4631 0.7615 -0.4535
vn 0.2827 -0.9441 -0.1695
vn 0.2406 -0.9706 0.0000
vn 0.3005 -0.9310 0.2072
vn 0.4201 -0.7479 0.5139
vn 0.4523 -0.0620 0.8897
vn 0.4341 0.6963 0.5715
vn 0.3070 0.9263 0.2182
vn 0.2394 0.9709 0.0002
vn 0.2827 0.9441 -0.1695
vn 0.3817 0.8315 -0.4035
vn 0.5264 0.0128 -0.8501
vn 0.4366 0.3581 -0.8253
vn -0.4865 0.2127 -0.8474
vn -0.4886 0.1447 -0.8604
vn 0.4886 0.1447 -0.8604
vn 0.3865 -0.8378 -0.3854
vn 0.4759 0.6381 -0.6052
vn 0.6396 -0.5946 -0.4872
vn 0.5498 -0.3642 -0.7517
vn 0.7071 -0.7071 0.0035
vn 0.2255 -0.9742 0.0044
vn 0.5905 -0.6353 -0.4976
vn 0.7071 -0.1660 -0.6873
vn 0.4858 -0.1885 -0.8535
vn 0.3934 -0.6955 -0.6012
vn 0.3465 -0.8763 -0.3347
vn 0.2650 -0.9546 -0.1358
vn 0.2456 -0.9694 0.0000
vn 0.2767 -0.9470 0.1632
vn 0.4008 -0.7997 0.4470
vn 0.6565 -0.0747 0.7506
vn 0.4291 0.7573 0.4922
vn 0.2760 0.9466 0.1668
vn 0.2444 0.9697 0.0001
vn 0.2650 0.9546 -0.1358
vn 0.3465 0.8740 -0.3405
vn 0.6729 0.6776 -0.2965
vn 0.6724 0.5491 -0.4963
vn 0.6711 -0.5532 -0.4935
vn 0.5499 0.3634 -0.7520
vn 0.7071 0.7071 0.0020
vn 0.5924 0.6407 -0.4884
vn 0.7071 0.1854 -0.6824
vn 0.6552 0.0107 -0.7554
vn 0.6870 0.7172 -0.1163
vn 0.6919 0.7220 0.0000
vn 0.6775 0.7198 0.1506
vn 0.6446 0.6073 0.4645
vn 0.5888 -0.0605 0.8060
vn 0.6568 -0.6348 0.4068
vn 0.6792 -0.7195 0.1445
vn 0.6919 -0.7220 0.0000
vn 0.6870 -0.7172 -0.1163
vn 0.6742 -0.6785 -0.2916
vn 0.3936 0.7031 -0.5922
vn 0.2269 0.9739 0.0024
vn 0.4746 0.0121 -0.8801
vn 0.6497 0.5793 -0.4922
vn 0.4804 -0.6460 -0.5932
vn 0.4865 0.2127 -0.8474
vn 0.3865 -0.8379 -0.3854
vn -0.3865 -0.8379 -0.3854
vn -0.3934 -0.6955 -0.6012
vn -0.7070 0.1854 -0.6824
vn 0.0000 0.9906 0.1368
vn 0.0000 0.9964 -0.0843
vn -0.2846 0.9566 0.0631
vn -0.1803 0.9743 0.1348
vn -0.8967 0.4198 0.1404
vn -0.7058 0.6970 0.1262
vn -0.8026 0.5951 0.0392
vn -0.9119 0.4033 0.0763
vn -0.4760 0.8788 -0.0323
vn -0.5614 0.7977 0.2201
vn -0.4903 0.8651 -0.1050
vn -0.8223 0.5627 -0.0845
vn -0.9224 0.3793 -0.0731
vn -0.4381 0.8830 -0.1685
vn -0.7565 0.6184 -0.2127
vn -0.8583 0.4476 -0.2510
vn -0.5672 0.7553 -0.3282
vn -0.8583 0.4395 -0.2647
vn -0.3012 0.9237 -0.2365
vn 0.0000 0.9543 -0.2986
vn 0.0000 0.9458 -0.3248
vn 0.0000 0.9789 0.2043
vn 0.0000 0.9700 0.2430
vn -0.5407 0.7990 0.2631
vn -0.4890 0.7588 0.4302
vn 0.0000 0.8764 0.4815
vn -0.9170 0.3520 0.1875
vn -0.9100 0.3524 0.2185
vn -0.2459 0.7366 0.6301
vn -0.2787 0.9065 -0.3172
vn 0.0000 0.9478 -0.3188
vn 0.0000 0.7480 0.6637
vn 0.1803 0.9743 0.1348
vn 0.2846 0.9566 0.0631
vn 0.8967 0.4198 0.1404
vn 0.9119 0.4033 0.0763
vn 0.8026 0.5951 0.0392
vn 0.7058 0.6970 0.1262
vn 0.4760 0.8788 -0.0323
vn 0.5614 0.7977 0.2201
vn 0.4903 0.8651 -0.1050
vn 0.9224 0.3793 -0.0731
vn 0.8223 0.5627 -0.0845
vn 0.4381 0.8830 -0.1685
vn 0.7565 0.6184 -0.2127
vn 0.8583 0.4476 -0.2510
vn 0.8583 0.4395 -0.2647
vn 0.5672 0.7553 -0.3282
vn 0.3012 0.9237 -0.2365
vn 0.4890 0.7588 0.4302
vn 0.5407 0.7990 0.2631
vn 0.9100 0.3524 0.2185
vn 0.9170 0.3520 0.1875
vn 0.2459 0.7366 0.6301
vn 0.2787 0.9065 -0.3172
vn 0.7929 -0.4577 0.4022
vn 0.8278 -0.4779 0.2940
vn 0.9558 0.0000 0.2940
vn 0.9155 0.0000 0.4022
vn -0.4105 0.0000 -0.9118
vn -0.3555 0.2052 -0.9118
vn -0.4616 0.2665 -0.8461
vn -0.5330 0.0000 -0.8461
vn -0.7929 0.4577 0.4022
vn -0.8277 0.4779 0.2940
vn -0.9558 0.0000 0.2940
vn -0.9155 0.0000 0.4022
vn -0.4779 0.8278 0.2940
vn -0.4599 0.7966 -0.3922
vn -0.7966 0.4599 -0.3922
vn -0.7757 -0.4479 -0.4445
vn -0.6557 -0.3786 -0.6532
vn -0.3786 -0.6557 -0.6532
vn -0.4479 -0.7757 -0.4445
vn 0.0000 -0.7571 -0.6532
vn 0.0000 -0.8957 -0.4445
vn 0.3786 -0.6557 -0.6532
vn 0.4479 -0.7757 -0.4445
vn 0.6557 -0.3786 -0.6532
vn 0.7757 -0.4479 -0.4445
vn -0.7966 -0.4599 -0.3922
vn -0.4599 -0.7966 -0.3922
vn 0.7757 0.4479 -0.4445
vn 0.6557 0.3786 -0.6532
vn 0.3786 0.6557 -0.6532
vn 0.4479 0.7757 -0.4445
vn 0.0000 0.7571 -0.6532
vn 0.0000 0.8957 -0.4445
vn -0.8957 0.0000 -0.4445
vn -0.7571 0.0000 -0.6532
vn -0.7757 0.4479 -0.4445
vn -0.6557 0.3786 -0.6532
vn 0.8957 0.0000 -0.4445
vn 0.7571 0.0000 -0.6532
vn 0.0000 -0.9199 -0.3922
vn 0.4599 -0.7966 -0.3922
vn 0.7966 -0.4599 -0.3922
vn 0.7966 0.4599 -0.3922
vn 0.4599 0.7966 -0.3922
vn 0.0000 0.9199 -0.3922
vn -0.4479 0.7757 -0.4445
vn -0.9199 0.0000 -0.3922
vn 0.9199 0.0000 -0.3922
vn 0.0000 0.7025 0.7117
vn 0.0000 0.9155 0.4022
vn -0.4577 0.7929 0.4022
vn -0.3512 0.6084 0.7117
vn 0.3512 0.6084 0.7117
vn 0.4577 0.7929 0.4022
vn 0.6084 0.3512 0.7117
vn 0.7929 0.4577 0.4022
vn 0.3512 -0.6084 0.7117
vn 0.4577 -0.7929 0.4022
vn 0.6084 -0.3512 0.7117
vn 0.0000 -0.7025 0.7117
vn 0.0000 -0.9155 0.4022
vn -0.3512 -0.6084 0.7117
vn -0.4577 -0.7929 0.4022
vn -0.6084 -0.3512 0.7117
vn -0.7929 -0.4577 0.4022
vn -0.7025 0.0000 0.7117
vn -0.6084 0.3512 0.7117
vn 0.7025 0.0000 0.7117
vn 0.2959 0.5125 0.8061
vn 0.5125 0.2959 0.8061
vn 0.0000 0.5918 0.8061
vn -0.2959 0.5125 0.8061
vn -0.5125 0.2959 0.8061
vn -0.2959 -0.5125 0.8061
vn -0.5125 -0.2959 0.8061
vn 0.0000 -0.5918 0.8061
vn 0.2959 -0.5125 0.8061
vn 0.5125 -0.2959 0.8061
vn 0.5918 0.0000 0.8061
vn -0.5918 0.0000 0.8061
vn -0.5523 -0.3189 -0.7703
vn -0.6377 0.0000 -0.7703
vn 0.3555 -0.2052 -0.9118
vn 0.2052 -0.3555 -0.9118
vn 0.2665 -0.4616 -0.8461
vn 0.4616 -0.2665 -0.8461
vn -0.2052 -0.3555 -0.9118
vn -0.3555 -0.2052 -0.9118
vn -0.4616 -0.2665 -0.8461
vn -0.2665 -0.4616 -0.8461
vn 0.0000 0.4105 -0.9118
vn 0.2052 0.3555 -0.9118
vn 0.2665 0.4616 -0.8461
vn 0.0000 0.5330 -0.8461
vn 0.3610 -0.6254 0.6918
vn 0.6254 -0.3610 0.6918
vn 0.0000 -0.4105 -0.9118
vn 0.0000 -0.5330 -0.8461
vn -0.2052 0.3555 -0.9118
vn -0.2665 0.4616 -0.8461
vn 0.3555 0.2052 -0.9118
vn 0.4105 0.0000 -0.9118
vn 0.5330 0.0000 -0.8461
vn 0.4616 0.2665 -0.8461
vn -0.3786 0.6557 -0.6532
vn -0.5523 0.3189 -0.7703
vn -0.3189 0.5523 -0.7703
vn 0.0000 0.6377 -0.7703
vn 0.3189 0.5523 -0.7703
vn 0.0000 -0.6377 -0.7703
vn -0.3189 -0.5523 -0.7703
vn 0.3189 -0.5523 -0.7703
vn 0.5523 0.3189 -0.7703
vn 0.5523 -0.3189 -0.7703
vn 0.6377 0.0000 -0.7703
vn -0.3082 -0.5339 -0.7873
vn 0.0000 -0.6164 -0.7873
vn 0.3082 -0.5339 -0.7873
vn 0.5339 -0.3082 -0.7873
vn 0.5339 0.3082 -0.7873
vn 0.3082 0.5339 -0.7873
vn 0.0000 0.6164 -0.7873
vn -0.3082 0.5339 -0.7873
vn -0.5339 0.3082 -0.7874
vn -0.6165 0.0000 -0.7873
vn -0.5339 -0.3082 -0.7874
vn 0.6164 0.0000 -0.7873
vn -0.7106 0.4103 0.5716
vn -0.4103 0.7106 0.5716
vn 0.0000 -0.7221 0.6918
vn -0.3610 -0.6254 0.6918
vn -0.6254 -0.3610 0.6918
vn -0.3610 0.6254 0.6918
vn -0.6254 0.3610 0.6918
vn 0.0000 0.7221 0.6918
vn 0.3610 0.6254 0.6918
vn 0.6254 0.3610 0.6918
vn 0.7221 0.0000 0.6918
vn -0.7221 0.0000 0.6918
vn -0.9701 0.0000 0.2426
vn -0.8401 0.4851 0.2426
vn 0.0000 0.0000 -1.0000
vn 0.0000 -0.9701 0.2426
vn -0.4851 -0.8401 0.2426
vn 0.4851 -0.8401 0.2426
vn 0.8401 -0.4851 0.2426
vn 0.4851 0.8401 0.2426
vn 0.8401 0.4851 0.2426
vn 0.9701 0.0000 0.2426
vn 0.0000 0.9701 0.2426
vn -0.4851 0.8401 0.2426
vn -0.8401 -0.4851 0.2426
vn -0.6803 0.3927 -0.6188
vn -0.3927 0.6803 -0.6188
vn -0.4205 0.7284 0.5409
vn -0.7284 0.4205 0.5409
vn -0.7855 0.0000 -0.6188
vn -0.6803 -0.3927 -0.6188
vn -0.8660 -0.5000 -0.0062
vn -1.0000 0.0000 -0.0062
vn -0.3927 -0.6803 -0.6188
vn -0.5000 -0.8660 -0.0062
vn 0.0000 -0.7855 -0.6188
vn 0.0000 -1.0000 -0.0062
vn 0.3927 -0.6803 -0.6188
vn 0.5000 -0.8660 -0.0062
vn -0.4103 -0.7106 0.5716
vn -0.7106 -0.4103 0.5716
vn 0.6803 -0.3927 -0.6188
vn 0.8660 -0.5000 -0.0062
vn 0.6803 0.3927 -0.6188
vn 0.3927 0.6803 -0.6188
vn 0.5000 0.8660 -0.0062
vn 0.8660 0.5000 -0.0062
vn 0.0000 0.7855 -0.6188
vn 0.0000 1.0000 -0.0062
vn -0.5000 0.8660 -0.0062
vn 0.0000 0.8206 0.5716
vn 0.4103 0.7106 0.5716
vn 0.7106 0.4103 0.5716
vn 0.7106 -0.4103 0.5716
vn 0.4103 -0.7106 0.5716
vn 0.7855 0.0000 -0.6188
vn 1.0000 0.0000 -0.0062
vn 0.0000 -0.8206 0.5716
vn -0.8206 0.0000 0.5716
vn -0.8660 0.5000 -0.0062
vn 0.8206 0.0000 0.5716
vn 0.0000 0.8411 0.5409
vn 0.4205 0.7284 0.5409
vn 0.7284 0.4205 0.5409
vn 0.4205 -0.7284 0.5409
vn 0.7284 -0.4205 0.5409
vn -0.4205 -0.7284 0.5409
vn -0.7284 -0.4205 0.5409
vn 0.0000 -0.8411 0.5409
vn -0.8411 0.0000 0.5409
vn 0.8411 0.0000 0.5409
vn -0.8277 -0.4779 0.2940
vn -0.4779 -0.8277 0.2940
vn 0.0000 -0.9558 0.2940
vn 0.4779 -0.8278 0.2940
vn 0.8278 0.4779 0.2940
vn 0.4779 0.8277 0.2940
vn 0.0000 0.9558 0.2940
vn -0.8278 -0.4779 0.2940
vn 0.3082 -0.5339 -0.7874
vn -0.5339 -0.3082 -0.7873
vn -0.5339 0.3082 -0.7873
vn 0.3082 0.5339 -0.7874
vn 0.5339 -0.3082 -0.7874
vn -0.6164 0.0000 -0.7873
vn 0.8277 -0.4779 0.2940
vn -0.4779 0.8277 0.2940
vn -0.8278 0.4779 0.2940
vn 0.9712 -0.2356 0.0353
vn 0.9800 -0.1800 0.0841
vn 0.8949 -0.4325 0.1102
vn 0.8528 -0.5207 0.0384
vn 0.0000 -0.9954 -0.0956
vn 0.8205 -0.5695 -0.0481
vn 0.9593 -0.2759 -0.0604
vn 0.0000 -0.8898 -0.4563
vn 0.9574 -0.2754 0.0867
vn 0.9270 -0.2909 0.2366
vn 0.9452 -0.2487 0.2114
vn 0.9854 -0.1251 0.1152
vn 0.9843 -0.1173 0.1314
vn 0.9216 -0.2653 0.2832
vn 0.0000 -0.9973 -0.0730
vn 0.0000 -0.9842 -0.1772
vn 0.6705 -0.7290 -0.1375
vn 0.6312 -0.7733 -0.0594
vn 0.6323 -0.7747 0.0000
vn 0.6251 -0.7803 0.0185
vn 0.0000 -0.9997 0.0247
vn 0.8734 -0.4754 -0.1049
vn 0.8610 -0.5067 -0.0444
vn 0.8660 -0.5000 0.0000
vn 0.8536 -0.5208 0.0088
vn 0.9633 -0.2581 -0.0738
vn 0.9655 -0.2587 -0.0298
vn 0.9659 -0.2588 0.0000
vn 0.7973 -0.3054 0.5205
vn 0.6524 -0.5170 0.5541
vn 0.0000 -0.8624 0.5062
vn 0.8175 -0.0931 0.5683
vn 0.0000 -0.3706 0.9288
vn 0.0000 -0.4122 0.9111
vn 0.0000 -0.6808 0.7324
vn 0.7766 -0.6122 -0.1484
vn 0.7008 -0.6958 -0.1570
vn 0.0000 -0.9775 -0.2108
vn -0.9712 -0.2356 0.0353
vn -0.8528 -0.5207 0.0384
vn -0.8949 -0.4325 0.1102
vn -0.9800 -0.1800 0.0841
vn -0.9593 -0.2759 -0.0604
vn -0.8205 -0.5695 -0.0481
vn -0.9270 -0.2909 0.2366
vn -0.9574 -0.2754 0.0867
vn -0.9452 -0.2487 0.2114
vn -0.9216 -0.2653 0.2832
vn -0.9843 -0.1173 0.1314
vn -0.9854 -0.1251 0.1152
vn -0.6312 -0.7733 -0.0594
vn -0.6705 -0.7290 -0.1375
vn -0.6323 -0.7747 0.0000
vn -0.6251 -0.7803 0.0185
vn -0.8734 -0.4754 -0.1049
vn -0.8610 -0.5067 -0.0444
vn -0.8660 -0.5000 0.0000
vn -0.8536 -0.5208 0.0088
vn -0.9633 -0.2581 -0.0738
vn -0.9655 -0.2587 -0.0298
vn -0.9659 -0.2588 0.0000
vn -0.7973 -0.3054 0.5205
vn -0.6524 -0.5170 0.5541
vn -0.8175 -0.0931 0.5683
vn -0.7766 -0.6123 -0.1484
vn -0.7008 -0.6958 -0.1570
vn 0.7383 -0.1491 -0.6577
vn 0.7383 -0.1491 0.6577
vn 0.6727 -0.3562 0.6484
vn 0.6727 -0.3562 -0.6484
vn 0.4661 -0.5600 0.6849
vn 0.4661 -0.5600 -0.6849
vn 0.0000 -0.7997 0.6004
vn 0.0000 -0.7997 -0.6004
vn -0.4661 -0.5600 0.6849
vn -0.4661 -0.5600 -0.6849
vn -0.6727 -0.3562 0.6484
vn -0.6727 -0.3562 -0.6484
vn -0.7383 -0.1491 0.6577
vn -0.7383 -0.1491 -0.6577
vn 0.0920 -0.8975 0.4313
vn -0.8830 -0.4414 0.1598
vn -0.8990 -0.3557 0.2556
vn 0.0733 -0.7323 0.6770
vn -0.8262 -0.5284 0.1951
vn 0.0918 -0.8828 0.4606
vn 0.9192 -0.0043 -0.3938
vn 0.8928 0.3654 -0.2633
vn 0.9568 -0.2538 0.1417
vn 0.9558 -0.2448 0.1629
vn -0.8981 -0.1833 -0.3997
vn 0.0403 -0.3835 -0.9226
vn 0.0899 -0.9288 0.3594
vn -0.8827 -0.4489 0.1385
vn 0.0863 -0.9648 0.2485
vn -0.5323 -0.8237 0.1952
vn -0.9491 0.1654 -0.2681
vn -0.0698 0.7226 -0.6877
vn -0.9680 0.0998 -0.2300
vn 0.9525 -0.1531 0.2633
vn 0.9175 -0.3462 0.1956
vn 0.9238 0.3071 -0.2287
vn 0.6777 -0.7077 0.1996
vn -0.0763 0.6615 -0.7461
vn -0.0920 -0.8975 0.4313
vn -0.0733 -0.7323 0.6770
vn 0.8990 -0.3557 0.2556
vn 0.8830 -0.4414 0.1598
vn -0.0918 -0.8828 0.4606
vn 0.8262 -0.5284 0.1951
vn -0.9192 -0.0043 -0.3938
vn -0.9558 -0.2448 0.1629
vn -0.9568 -0.2538 0.1417
vn -0.8928 0.3654 -0.2633
vn -0.0403 -0.3835 -0.9226
vn 0.8981 -0.1833 -0.3997
vn -0.0899 -0.9288 0.3594
vn 0.8827 -0.4489 0.1385
vn -0.0863 -0.9648 0.2485
vn 0.5323 -0.8237 0.1952
vn 0.0698 0.7226 -0.6877
vn 0.9491 0.1654 -0.2681
vn 0.9680 0.0998 -0.2300
vn -0.9525 -0.1531 0.2633
vn -0.9175 -0.3462 0.1956
vn -0.6777 -0.7077 0.1996
vn -0.9238 0.3071 -0.2287
vn 0.0763 0.6615 -0.7461
vn 0.0331 0.9959 -0.0833
vn 0.0293 0.9944 -0.1014
vn 0.2273 0.9369 -0.2654
vn 0.3175 0.9238 -0.2139
vn 0.0062 0.9998 -0.0168
vn 0.0086 0.9999 -0.0118
vn 0.0823 0.9796 0.1834
vn 0.0694 0.9870 0.1450
vn 0.2500 0.8018 0.5427
vn 0.2633 0.8411 0.4724
vn 0.4014 0.0000 0.9159
vn 0.4869 0.0000 0.8734
vn 0.2500 -0.8018 0.5427
vn 0.2633 -0.8411 0.4724
vn 0.0823 -0.9796 0.1834
vn 0.0694 -0.9870 0.1450
vn 0.0062 -0.9998 -0.0168
vn 0.0086 -0.9999 -0.0118
vn 0.0331 -0.9959 -0.0833
vn 0.0293 -0.9944 -0.1014
vn 0.3175 -0.9238 -0.2139
vn 0.2273 -0.9369 -0.2654
vn 0.8869 0.0000 -0.4618
vn 0.7070 0.0000 -0.7072
vn 0.9563 0.0000 -0.2925
vn 0.7056 -0.6740 -0.2186
vn 0.0367 -0.9972 -0.0654
vn 0.0038 -0.9998 -0.0217
vn 0.0696 -0.9769 0.2022
vn 0.2092 -0.7850 0.5831
vn 0.3377 0.0000 0.9412
vn 0.2092 0.7850 0.5831
vn 0.0696 0.9769 0.2022
vn 0.0038 0.9998 -0.0217
vn 0.0367 0.9972 -0.0654
vn 0.7056 0.6740 -0.2186
vn -0.0331 0.9959 -0.0833
vn -0.3175 0.9238 -0.2139
vn -0.2273 0.9369 -0.2654
vn -0.0293 0.9944 -0.1014
vn -0.0062 0.9998 -0.0168
vn -0.0086 0.9999 -0.0118
vn -0.0823 0.9796 0.1834
vn -0.0694 0.9870 0.1450
vn -0.2500 0.8018 0.5427
vn -0.2633 0.8411 0.4724
vn -0.4014 0.0000 0.9159
vn -0.4869 0.0000 0.8734
vn -0.2500 -0.8018 0.5427
vn -0.2633 -0.8411 0.4724
vn -0.0823 -0.9796 0.1834
vn -0.0694 -0.9870 0.1450
vn -0.0062 -0.9998 -0.0168
vn -0.0086 -0.9999 -0.0118
vn -0.0331 -0.9959 -0.0833
vn -0.0293 -0.9944 -0.1014
vn -0.3175 -0.9238 -0.2139
vn -0.2273 -0.9369 -0.2654
vn -0.8869 0.0000 -0.4618
vn -0.7070 0.0000 -0.7072
vn -0.9563 0.0000 -0.2925
vn -0.7056 -0.6740 -0.2186
vn -0.0367 -0.9972 -0.0654
vn -0.0038 -0.9998 -0.0217
vn -0.0696 -0.9769 0.2022
vn -0.2092 -0.7850 0.5831
vn -0.3377 0.0000 0.9412
vn -0.2092 0.7850 0.5831
vn -0.0696 0.9769 0.2022
vn -0.0038 0.9998 -0.0217
vn -0.0367 0.9972 -0.0654
vn -0.7056 0.6740 -0.2186
vn 0.5592 0.1367 0.8177
vn 0.4159 0.3979 0.8177
vn 0.5917 0.5661 0.5739
vn 0.7955 0.1944 0.5739
vn 0.5234 -0.5471 0.6532
vn 0.5234 -0.5471 -0.6532
vn 0.7268 -0.2120 -0.6532
vn 0.7269 -0.2120 0.6532
vn 0.7355 0.1798 -0.6532
vn 0.7355 0.1798 0.6532
vn 0.5471 0.5234 -0.6532
vn 0.5471 0.5234 0.6532
vn 0.2120 0.7269 -0.6532
vn 0.2120 0.7269 0.6532
vn -0.1798 0.7355 -0.6532
vn -0.1798 0.7355 0.6532
vn -0.5234 0.5471 -0.6532
vn -0.5234 0.5471 0.6532
vn -0.7268 0.2120 -0.6532
vn -0.7268 0.2120 0.6532
vn -0.7355 -0.1798 -0.6532
vn -0.7355 -0.1798 0.6532
vn -0.5471 -0.5234 -0.6532
vn -0.5471 -0.5234 0.6532
vn 0.5576 0.5335 -0.6359
vn 0.7497 0.1832 -0.6359
vn -0.2120 -0.7269 -0.6532
vn -0.2120 -0.7269 0.6532
vn 0.1798 -0.7355 -0.6532
vn 0.1798 -0.7355 0.6532
vn 0.4608 0.4409 0.7703
vn 0.1786 0.6122 0.7703
vn 0.2769 0.9490 0.1505
vn 0.7143 0.6834 0.1505
vn 0.4409 -0.4608 0.7703
vn 0.6122 -0.1786 0.7703
vn 0.6195 0.1514 0.7703
vn -0.1514 0.6195 0.7703
vn -0.4409 0.4608 0.7703
vn -0.6122 0.1786 0.7703
vn -0.6195 -0.1514 0.7703
vn -0.4608 -0.4409 0.7703
vn -0.1786 -0.6122 0.7703
vn 0.1514 -0.6195 0.7703
vn 0.3993 -0.4173 -0.8163
vn 0.5545 -0.1618 -0.8163
vn -0.2161 -0.7409 -0.6359
vn -0.5576 -0.5335 -0.6359
vn -0.7409 0.2161 -0.6359
vn -0.5335 0.5576 -0.6359
vn 0.2161 0.7409 -0.6359
vn 0.1832 -0.7497 -0.6359
vn 0.7409 -0.2161 -0.6359
vn 0.5335 -0.5576 -0.6359
vn -0.7497 -0.1832 -0.6359
vn -0.1832 0.7497 -0.6359
vn -0.5766 0.6026 0.5517
vn -0.8007 0.2336 0.5517
vn -0.5526 0.1612 0.8177
vn -0.3979 0.4159 0.8177
vn 0.2347 -0.9603 0.1505
vn -0.2769 -0.9490 0.1505
vn 0.9490 -0.2769 0.1505
vn 0.6834 -0.7143 0.1505
vn -0.9603 -0.2347 0.1505
vn -0.9490 0.2769 0.1505
vn -0.2347 0.9603 0.1505
vn 0.9603 0.2347 0.1505
vn -0.7143 -0.6834 0.1505
vn -0.6834 0.7143 0.1505
vn 0.8007 -0.2336 0.5517
vn 0.5766 -0.6026 0.5517
vn 0.8102 0.1980 0.5517
vn 0.6026 0.5766 0.5517
vn 0.2336 0.8007 0.5517
vn -0.1980 0.8102 0.5517
vn -0.8102 -0.1980 0.5517
vn -0.6026 -0.5766 0.5517
vn -0.2336 -0.8007 0.5517
vn 0.1980 -0.8102 0.5517
vn -0.1944 0.7955 0.5739
vn -0.5661 0.5917 0.5739
vn -0.4954 0.5177 0.6975
vn -0.1701 0.6961 0.6975
vn 0.1612 0.5526 0.8177
vn 0.1367 -0.5592 0.8177
vn -0.1612 -0.5526 0.8177
vn 0.5526 -0.1612 0.8177
vn 0.3979 -0.4159 0.8177
vn -0.5592 -0.1367 0.8177
vn -0.1367 0.5592 0.8177
vn -0.4159 -0.3979 0.8177
vn 0.6879 -0.2007 0.6975
vn 0.0000 0.0000 1.0000
vn 0.4954 -0.5177 0.6975
vn -0.2293 -0.7862 0.5739
vn -0.5917 -0.5661 0.5739
vn -0.7862 0.2293 0.5739
vn 0.2293 0.7862 0.5739
vn 0.1944 -0.7955 0.5739
vn 0.7862 -0.2293 0.5739
vn 0.5661 -0.5917 0.5739
vn -0.7955 -0.1944 0.5739
vn 0.5177 0.4954 0.6975
vn 0.6961 0.1701 0.6975
vn -0.2007 -0.6879 0.6975
vn -0.5177 -0.4954 0.6975
vn -0.6879 0.2007 0.6975
vn 0.2007 0.6879 0.6975
vn 0.1701 -0.6961 0.6975
vn -0.6961 -0.1701 0.6975
vn -0.5611 -0.1372 -0.8163
vn -0.9594 -0.2345 -0.1568
vn -0.7136 -0.6828 -0.1568
vn -0.4173 -0.3993 -0.8163
vn 0.9481 -0.2766 -0.1568
vn 0.9594 0.2345 -0.1568
vn 0.5611 0.1372 -0.8163
vn 0.1372 -0.5611 -0.8163
vn 0.2345 -0.9594 -0.1568
vn 0.6828 -0.7136 -0.1568
vn 0.1618 0.5545 -0.8163
vn 0.2766 0.9481 -0.1568
vn -0.2345 0.9594 -0.1568
vn -0.1372 0.5611 -0.8163
vn -0.5545 0.1618 -0.8163
vn -0.9481 0.2766 -0.1568
vn -0.1618 -0.5545 -0.8163
vn -0.2766 -0.9481 -0.1568
vn 0.4173 0.3993 -0.8163
vn 0.7136 0.6828 -0.1568
vn -0.3993 0.4173 -0.8163
vn -0.6828 0.7136 -0.1568
vn -0.5592 0.1367 0.8177
vn -0.7955 0.1944 0.5739
vn -0.5917 0.5661 0.5739
vn -0.4159 0.3979 0.8177
vn -0.5234 -0.5471 0.6532
vn -0.7269 -0.2120 0.6532
vn -0.7269 -0.2120 -0.6532
vn -0.5234 -0.5471 -0.6532
vn -0.7355 0.1798 0.6532
vn -0.7355 0.1798 -0.6532
vn -0.5471 0.5234 0.6532
vn -0.5471 0.5234 -0.6532
vn -0.2120 0.7269 0.6532
vn -0.2120 0.7269 -0.6532
vn 0.1798 0.7355 0.6532
vn 0.1798 0.7355 -0.6532
vn 0.5234 0.5471 0.6532
vn 0.5234 0.5471 -0.6532
vn 0.7269 0.2120 0.6532
vn 0.7269 0.2120 -0.6532
vn 0.7355 -0.1798 0.6532
vn 0.7355 -0.1798 -0.6532
vn 0.5471 -0.5234 0.6532
vn 0.5471 -0.5234 -0.6532
vn -0.5576 0.5336 -0.6359
vn -0.7497 0.1832 -0.6359
vn 0.2120 -0.7269 0.6532
vn 0.2120 -0.7269 -0.6532
vn -0.1798 -0.7355 0.6532
vn -0.1798 -0.7355 -0.6532
vn -0.4608 0.4409 0.7703
vn -0.7143 0.6834 0.1505
vn -0.2769 0.9490 0.1505
vn -0.1786 0.6122 0.7703
vn -0.4409 -0.4608 0.7703
vn -0.6122 -0.1786 0.7703
vn -0.6195 0.1514 0.7703
vn 0.1514 0.6195 0.7703
vn 0.4409 0.4608 0.7703
vn 0.6122 0.1786 0.7703
vn 0.6195 -0.1514 0.7703
vn 0.4608 -0.4409 0.7703
vn 0.1786 -0.6122 0.7703
vn -0.1514 -0.6195 0.7703
vn -0.5545 -0.1618 -0.8163
vn -0.3993 -0.4173 -0.8163
vn 0.2161 -0.7409 -0.6359
vn 0.5576 -0.5335 -0.6359
vn 0.7409 0.2161 -0.6359
vn 0.5335 0.5576 -0.6359
vn -0.2161 0.7409 -0.6359
vn -0.1832 -0.7497 -0.6359
vn -0.7409 -0.2161 -0.6359
vn -0.5335 -0.5576 -0.6359
vn 0.7497 -0.1832 -0.6359
vn 0.1832 0.7497 -0.6359
vn 0.5766 0.6026 0.5517
vn 0.3979 0.4159 0.8177
vn 0.5526 0.1612 0.8177
vn 0.8007 0.2336 0.5517
vn 0.2769 -0.9490 0.1505
vn -0.2347 -0.9603 0.1505
vn -0.6834 -0.7143 0.1505
vn -0.9490 -0.2769 0.1505
vn 0.9490 0.2769 0.1505
vn 0.9603 -0.2347 0.1505
vn 0.2347 0.9603 0.1505
vn -0.9603 0.2347 0.1505
vn 0.7143 -0.6834 0.1505
vn 0.6834 0.7143 0.1505
vn -0.8007 -0.2336 0.5517
vn -0.5766 -0.6026 0.5517
vn -0.8102 0.1980 0.5517
vn -0.6026 0.5766 0.5517
vn -0.2336 0.8007 0.5517
vn 0.1980 0.8102 0.5517
vn 0.8102 -0.1980 0.5517
vn 0.6026 -0.5766 0.5517
vn 0.2336 -0.8007 0.5517
vn -0.1980 -0.8102 0.5517
vn 0.1944 0.7955 0.5739
vn 0.1701 0.6961 0.6975
vn 0.4954 0.5177 0.6975
vn 0.5661 0.5917 0.5739
vn -0.1612 0.5526 0.8177
vn 0.1612 -0.5526 0.8177
vn -0.1367 -0.5591 0.8177
vn -0.3979 -0.4159 0.8177
vn -0.5526 -0.1612 0.8177
vn 0.5591 -0.1367 0.8177
vn 0.1367 0.5591 0.8177
vn 0.4159 -0.3979 0.8177
vn -0.6879 -0.2007 0.6975
vn -0.4954 -0.5177 0.6975
vn 0.5917 -0.5661 0.5739
vn 0.2293 -0.7862 0.5739
vn 0.7862 0.2293 0.5739
vn -0.2293 0.7862 0.5739
vn -0.1944 -0.7955 0.5739
vn -0.5661 -0.5917 0.5739
vn -0.7862 -0.2293 0.5739
vn 0.7955 -0.1944 0.5739
vn -0.5177 0.4954 0.6975
vn -0.6961 0.1701 0.6975
vn 0.5177 -0.4954 0.6975
vn 0.2007 -0.6879 0.6975
vn 0.6879 0.2007 0.6975
vn -0.2007 0.6879 0.6975
vn -0.1701 -0.6961 0.6975
vn 0.6961 -0.1701 0.6975
vn 0.5611 -0.1372 -0.8163
vn 0.4173 -0.3993 -0.8163
vn 0.7136 -0.6828 -0.1568
vn 0.9594 -0.2345 -0.1568
vn -0.5611 0.1372 -0.8163
vn -0.9594 0.2345 -0.1568
vn -0.9481 -0.2766 -0.1568
vn -0.1372 -0.5611 -0.8163
vn -0.6828 -0.7136 -0.1568
vn -0.2345 -0.9594 -0.1568
vn -0.1618 0.5545 -0.8163
vn 0.1372 0.5611 -0.8163
vn 0.2345 0.9594 -0.1568
vn -0.2766 0.9481 -0.1568
vn 0.5545 0.1618 -0.8163
vn 0.9481 0.2766 -0.1568
vn 0.1618 -0.5545 -0.8163
vn 0.2766 -0.9481 -0.1568
vn -0.4173 0.3993 -0.8163
vn -0.7136 0.6828 -0.1568
vn 0.3993 0.4173 -0.8163
vn 0.6828 0.7136 -0.1568
vn 0.3582 -0.2293 0.9050
vn -0.3361 -0.8588 0.3865
vn -0.1469 -0.9874 0.0589
vn 0.8308 -0.5319 0.1634
vn -0.2904 -0.9322 0.2158
vn -0.3981 -0.7719 -0.4956
vn 0.1307 -0.0837 -0.9879
vn -0.5338 -0.7702 -0.3490
vn -0.0838 0.0537 -0.9950
vn 0.7874 -0.5041 0.3548
vn -0.1710 -0.9746 0.1442
vn 0.6461 -0.4137 0.6414
vn 0.4761 0.8072 -0.3490
vn 0.0958 -0.0613 -0.9935
vn 0.5126 0.6931 -0.5067
vn 0.5345 0.6846 -0.4956
vn 0.8353 0.5466 0.0589
vn 0.8136 0.5632 0.1442
vn 0.7251 0.6539 0.2158
vn 0.3568 -0.9110 0.2069
vn -0.4149 -0.7557 -0.5067
vn 0.9767 0.0572 0.2069
vn 0.6393 0.6647 0.3865
vn 0.8148 -0.5217 0.2529
vn -0.3582 -0.2293 0.9050
vn -0.8308 -0.5319 0.1634
vn 0.1469 -0.9874 0.0589
vn 0.3361 -0.8588 0.3865
vn 0.3981 -0.7719 -0.4956
vn 0.2904 -0.9322 0.2158
vn -0.1307 -0.0837 -0.9879
vn 0.0838 0.0537 -0.9950
vn 0.5338 -0.7702 -0.3490
vn -0.7874 -0.5041 0.3548
vn -0.6461 -0.4137 0.6414
vn 0.1710 -0.9746 0.1442
vn -0.4761 0.8072 -0.3490
vn -0.5126 0.6931 -0.5067
vn -0.0958 -0.0613 -0.9935
vn -0.8353 0.5466 0.0589
vn -0.5345 0.6846 -0.4956
vn -0.7251 0.6539 0.2158
vn -0.8136 0.5632 0.1442
vn 0.4149 -0.7557 -0.5067
vn -0.3568 -0.9110 0.2069
vn -0.9767 0.0572 0.2069
vn -0.6393 0.6647 0.3865
vn -0.8148 -0.5217 0.2529
vn -0.4122 0.7572 -0.5067
vn 0.3601 0.9097 0.2069
vn -0.1674 0.9752 0.1442
vn -0.5310 0.7721 -0.3490
vn -0.1433 0.9879 0.0589
vn -0.3952 0.7734 -0.4956
vn -0.2870 0.9333 0.2158
vn -0.3330 0.8600 0.3865
vn 0.5320 -0.6865 -0.4956
vn 0.7227 -0.6565 0.2158
vn 0.8116 -0.5661 0.1442
vn 0.4731 -0.8089 -0.3490
vn -0.0840 -0.0533 -0.9950
vn 0.1310 0.0832 -0.9879
vn 0.9764 -0.0608 0.2069
vn 0.5101 -0.6950 -0.5067
vn 0.8328 0.5289 0.1634
vn 0.0960 0.0610 -0.9935
vn 0.3591 0.2280 0.9050
vn 0.8167 0.5187 0.2529
vn 0.7892 0.5012 0.3548
vn 0.6476 0.4113 0.6414
vn 0.6369 -0.6670 0.3865
vn 0.8333 -0.5496 0.0589
vn 0.4122 0.7572 -0.5067
vn 0.5310 0.7721 -0.3490
vn 0.1674 0.9752 0.1442
vn -0.3601 0.9097 0.2069
vn 0.1433 0.9879 0.0589
vn 0.3330 0.8600 0.3865
vn 0.2870 0.9333 0.2158
vn 0.3952 0.7734 -0.4956
vn -0.5320 -0.6865 -0.4956
vn -0.4731 -0.8089 -0.3490
vn -0.8116 -0.5661 0.1442
vn -0.7227 -0.6565 0.2158
vn -0.1310 0.0832 -0.9879
vn 0.0840 -0.0533 -0.9950
vn -0.5101 -0.6950 -0.5067
vn -0.9764 -0.0608 0.2069
vn -0.8328 0.5289 0.1634
vn -0.0960 0.0610 -0.9935
vn -0.3591 0.2280 0.9050
vn -0.7892 0.5012 0.3548
vn -0.8167 0.5187 0.2529
vn -0.6476 0.4113 0.6414
vn -0.6369 -0.6670 0.3865
vn -0.8333 -0.5496 0.0589
vn 0.0000 0.7653 -0.6437
vn 0.0000 0.7653 0.6437
vn 0.4498 0.6191 0.6437
vn 0.4498 0.6191 -0.6437
vn 0.7278 0.2365 0.6437
vn 0.7278 0.2365 -0.6437
vn 0.7278 -0.2365 0.6437
vn 0.7278 -0.2365 -0.6437
vn 0.4498 -0.6191 0.6437
vn 0.4498 -0.6191 -0.6437
vn 0.0000 -0.7653 0.6437
vn 0.0000 -0.7653 -0.6437
vn -0.4498 -0.6191 0.6437
vn -0.4498 -0.6191 -0.6437
vn -0.7278 -0.2365 0.6437
vn -0.7278 -0.2365 -0.6437
vn -0.4498 0.6191 0.6437
vn -0.7278 0.2365 0.6437
vn -0.7278 0.2365 -0.6437
vn -0.4498 0.6191 -0.6437
vn -0.2365 0.7278 0.6437
vn -0.2365 0.7278 -0.6437
vn -0.6191 0.4498 -0.6437
vn -0.6191 0.4498 0.6437
vn -0.7653 0.0000 -0.6437
vn -0.7653 0.0000 0.6437
vn 0.7653 0.0000 0.6437
vn 0.7653 0.0000 -0.6437
vn 0.6191 0.4498 -0.6437
vn 0.6191 0.4498 0.6437
vn -0.5025 -0.3651 -0.7837
vn -0.1919 -0.5907 -0.7837
vn 0.2364 0.7278 -0.6437
vn -0.6211 0.0000 -0.7837
vn 0.5025 -0.3651 -0.7837
vn 0.6211 0.0000 -0.7837
vn 0.1920 -0.5907 -0.7837
vn -0.5025 -0.3651 0.7837
vn 0.2364 0.7278 0.6437
vn -0.1919 -0.5907 0.7837
vn -0.6211 0.0000 0.7837
vn 0.5025 -0.3651 0.7837
vn 0.6211 0.0000 0.7837
vn 0.1920 -0.5907 0.7837
vn 0.0000 0.7071 -0.7071
vn 0.3015 0.9045 -0.3015
vn -0.3015 0.9045 0.3015
vn -0.3015 0.9045 -0.3015
vn 0.2587 -0.5880 0.7664
vn 0.7450 -0.5636 0.3568
vn 0.7060 0.6213 0.3400
vn 0.2538 0.6398 0.7254
vn -0.2709 -0.5882 -0.7620
vn -0.7488 -0.5663 -0.3444
vn -0.7096 0.6237 -0.3277
vn -0.2663 0.6370 -0.7234
vn 0.7095 0.6238 -0.3277
vn 0.2662 0.6370 -0.7234
vn 0.7488 -0.5662 -0.3444
vn -0.4115 -0.8320 -0.3720
vn -0.0255 -0.6522 -0.7576
vn -0.4104 -0.8308 0.3759
vn -0.0248 -0.6494 0.7600
vn 0.0249 -0.6494 0.7600
vn 0.0255 -0.6522 -0.7576
vn 0.4115 -0.8320 -0.3720
vn 0.2709 -0.5882 -0.7620
vn -0.7450 -0.5636 0.3568
vn -0.2586 -0.5880 0.7664
vn -0.2538 0.6398 0.7254
vn -0.7060 0.6212 0.3400
vn 0.3015 0.9045 0.3015
vn 0.0000 -0.7071 -0.7071
vn -0.6191 -0.4498 0.6437
vn -0.6191 -0.4498 -0.6437
vn -0.2365 -0.7278 -0.6437
vn -0.2365 -0.7278 0.6437
vn 0.6191 -0.4498 0.6437
vn 0.6191 -0.4498 -0.6437
vn -0.5025 0.3651 -0.7837
vn 0.2364 -0.7278 -0.6437
vn -0.1919 0.5907 -0.7837
vn 0.5025 0.3651 -0.7837
vn 0.1920 0.5907 -0.7837
vn -0.5025 0.3651 0.7837
vn -0.1919 0.5907 0.7837
vn 0.2364 -0.7278 0.6437
vn 0.5025 0.3651 0.7837
vn 0.1920 0.5907 0.7837
vn 0.3015 -0.9045 -0.3015
vn -0.3015 -0.9045 0.3015
vn -0.3015 -0.9045 -0.3015
vn 0.2587 0.5880 0.7664
vn 0.3302 0.0000 0.9439
vn 0.9009 -0.0001 0.4339
vn 0.7450 0.5636 0.3568
vn -0.2709 0.5882 -0.7620
vn -0.3454 0.0000 -0.9384
vn -0.9078 0.0001 -0.4193
vn -0.7488 0.5663 -0.3444
vn 0.3015 -0.9045 0.3015
vn 0.4105 0.8307 0.3759
vn 0.4115 0.8320 -0.3720
vn 0.7488 0.5662 -0.3444
vn 0.9078 -0.0001 -0.4193
vn 0.3454 -0.0000 -0.9384
vn 0.2709 0.5882 -0.7620
vn -0.7450 0.5636 0.3568
vn -0.9009 0.0001 0.4339
vn -0.3302 0.0000 0.9439
vn -0.2586 0.5880 0.7664
vn 0.0255 0.6522 -0.7576
vn -0.0255 0.6522 -0.7576
vn 0.4105 -0.8307 0.3759
vn 0.0249 0.6494 0.7600
vn -0.0248 0.6494 0.7600
vn -0.4104 0.8308 0.3759
vn -0.4115 0.8320 -0.3720
vn 0.2365 0.7278 0.6437
vn 0.2365 0.7278 -0.6437
vn -0.2364 0.7278 -0.6437
vn 0.1919 -0.5907 -0.7837
vn -0.1920 -0.5907 -0.7837
vn 0.1919 -0.5907 0.7837
vn -0.2364 0.7278 0.6437
vn -0.2587 -0.5880 0.7664
vn -0.7060 0.6213 0.3400
vn -0.7450 -0.5635 0.3568
vn 0.2663 0.6370 -0.7234
vn 0.7096 0.6237 -0.3277
vn 0.7488 -0.5663 -0.3444
vn -0.2662 0.6370 -0.7234
vn -0.7095 0.6238 -0.3277
vn -0.7488 -0.5662 -0.3444
vn 0.4104 -0.8308 0.3759
vn 0.0248 -0.6494 0.7600
vn -0.0249 -0.6494 0.7600
vn 0.7060 0.6212 0.3400
vn 0.2539 0.6398 0.7254
vn 0.2586 -0.5880 0.7664
vn 0.2365 -0.7278 0.6437
vn 0.2365 -0.7278 -0.6437
vn 0.1919 0.5907 -0.7837
vn -0.2364 -0.7278 -0.6437
vn -0.1920 0.5907 -0.7837
vn -0.2364 -0.7278 0.6437
vn 0.1919 0.5907 0.7837
vn -0.1920 0.5907 0.7837
vn -0.2587 0.5880 0.7664
vn -0.7450 0.5635 0.3568
vn -0.9009 -0.0001 0.4339
vn 0.7488 0.5663 -0.3444
vn 0.9078 0.0001 -0.4193
vn -0.4105 0.8308 0.3759
vn -0.7488 0.5662 -0.3444
vn -0.9078 -0.0001 -0.4193
vn 0.2586 0.5880 0.7664
vn 0.9009 0.0001 0.4339
vn -0.4105 -0.8308 0.3759
vn -0.0249 0.6494 0.7600
vn 0.0248 0.6494 0.7600
vn 0.4105 0.8308 0.3759
vn 0.3090 0.9510 0.0000
vn 0.8090 0.5878 0.0000
vn -0.8090 0.5878 0.0000
vn -0.3090 0.9510 0.0000
vn -1.0000 0.0000 0.0000
vn 1.0000 0.0000 0.0000
vn 0.8090 -0.5878 0.0000
vn 0.3090 -0.9510 0.0000
vn -0.3090 -0.9510 0.0000
vn -0.8090 -0.5878 0.0000
vn -0.1920 -0.5907 0.7837
vn 0.4104 0.8308 0.3759
vn 0.3303 0.0000 0.9439
vn -0.6565 0.4628 -0.5957
vn -0.6565 0.4628 0.5957
vn 0.2373 0.7673 0.5957
vn 0.2373 0.7673 -0.5957
vn -0.6430 -0.4813 -0.5957
vn -0.6430 -0.4813 0.5957
vn 0.2590 -0.7603 -0.5957
vn 0.2590 -0.7603 0.5957
vn 0.8031 0.0114 -0.5957
vn 0.8031 0.0114 0.5957
vn 0.6565 0.4628 -0.5957
vn -0.2373 0.7673 -0.5957
vn -0.2373 0.7673 0.5957
vn 0.6565 0.4628 0.5957
vn 0.6430 -0.4813 -0.5957
vn 0.6430 -0.4813 0.5957
vn -0.2590 -0.7603 -0.5957
vn -0.2590 -0.7603 0.5957
vn -0.8031 0.0114 -0.5957
vn -0.8031 0.0114 0.5957
vn 0.4105 -0.8308 0.3759
vn -0.7071 0.0000 0.7071
vn -0.7071 0.0000 -0.7071
vn 0.7071 0.0000 0.7071
vn 0.7071 0.0000 -0.7071
vn -0.9890 0.1478 0.0000
vn -0.8896 0.4481 -0.0878
vn -0.9118 0.3800 -0.1557
vn -0.9547 0.2401 -0.1755
vn -0.8668 0.4975 -0.0345
vn -0.3380 0.5604 0.7561
vn 0.4871 0.4371 0.7561
vn 0.5610 0.6800 0.4722
vn -0.3377 0.8142 0.4722
vn -0.2496 0.9683 0.0107
vn -0.8584 0.5130 0.0036
vn -0.8590 0.5007 0.1065
vn 0.5217 0.8530 0.0107
vn 0.5477 0.8290 -0.1128
vn -0.2814 0.9529 -0.1128
vn -0.3254 0.9013 -0.2858
vn 0.5747 0.7668 -0.2858
vn 0.5895 0.5275 -0.6117
vn -0.4096 0.6768 -0.6117
vn -0.9114 0.3173 0.2618
vn -0.4040 0.4719 -0.7836
vn 0.5243 0.3332 -0.7836
vn 0.9890 -0.1478 0.0000
vn 0.9832 -0.0494 -0.1755
vn 0.9830 0.0968 -0.1557
vn 0.9817 0.1685 -0.0878
vn 0.9743 0.2224 -0.0345
vn 0.9679 0.2277 0.1065
vn 0.9708 0.2396 0.0036
vn 0.9644 0.0370 0.2618
vn 0.9890 0.1478 0.0000
vn 0.9547 0.2401 -0.1755
vn 0.9118 0.3800 -0.1557
vn 0.8896 0.4481 -0.0878
vn 0.8668 0.4975 -0.0345
vn 0.3377 0.8142 0.4722
vn -0.5610 0.6800 0.4722
vn -0.4871 0.4371 0.7561
vn 0.3380 0.5604 0.7561
vn 0.2496 0.9683 0.0107
vn 0.8590 0.5007 0.1065
vn 0.8584 0.5130 0.0036
vn -0.5217 0.8530 0.0107
vn 0.2814 0.9529 -0.1128
vn -0.5477 0.8290 -0.1128
vn 0.4096 0.6768 -0.6117
vn -0.5895 0.5275 -0.6117
vn -0.5747 0.7668 -0.2858
vn 0.3254 0.9013 -0.2858
vn 0.9114 0.3173 0.2618
vn 0.4040 0.4719 -0.7836
vn -0.5243 0.3332 -0.7836
vn -0.9890 -0.1478 0.0000
vn -0.9818 0.1685 -0.0878
vn -0.9830 0.0968 -0.1557
vn -0.9832 -0.0494 -0.1755
vn -0.9743 0.2224 -0.0345
vn -0.9708 0.2396 0.0036
vn -0.9679 0.2277 0.1065
vn -0.9644 0.0370 0.2618
vn -0.9759 -0.2027 -0.0813
vn -0.5376 -0.7801 -0.3200
vn -0.4842 -0.8496 -0.2089
vn -0.9620 -0.2661 -0.0607
vn -0.9629 -0.2178 -0.1593
vn -0.9470 -0.3146 -0.0650
vn -0.9625 -0.1445 -0.2294
vn 0.4639 -0.8421 -0.2748
vn 0.4969 -0.8561 -0.1422
vn -0.4968 -0.8561 -0.1422
vn -0.4639 -0.8422 -0.2748
vn 0.5377 -0.7800 -0.3200
vn 0.4843 -0.8496 -0.2089
vn 0.4754 -0.7280 0.4940
vn -0.4753 -0.7280 0.4940
vn -0.9572 -0.1260 0.2606
vn -0.9597 -0.2503 0.1278
vn 0.5117 -0.6081 -0.6068
vn -0.5117 -0.6082 -0.6068
vn -0.4465 -0.4705 -0.7610
vn 0.4465 -0.4705 -0.7610
vn -0.9682 -0.2465 -0.0431
vn -0.4497 -0.3854 0.8057
vn 0.4498 -0.3854 0.8057
vn 0.9759 -0.2026 -0.0813
vn 0.9620 -0.2660 -0.0607
vn 0.9629 -0.2177 -0.1593
vn 0.9625 -0.1444 -0.2294
vn 1.0000 0.0001 0.0000
vn 0.9470 -0.3145 -0.0650
vn 0.9572 -0.1259 0.2606
vn 0.9597 -0.2502 0.1278
vn 0.9682 -0.2464 -0.0431
vn 0.9759 -0.2027 -0.0813
vn 0.9620 -0.2661 -0.0607
vn 0.4842 -0.8496 -0.2089
vn 0.5376 -0.7801 -0.3200
vn 0.9629 -0.2178 -0.1593
vn 0.9625 -0.1445 -0.2294
vn 0.9470 -0.3146 -0.0650
vn -0.4639 -0.8421 -0.2748
vn 0.4639 -0.8422 -0.2748
vn 0.4968 -0.8561 -0.1422
vn -0.4969 -0.8561 -0.1422
vn -0.5377 -0.7800 -0.3200
vn -0.4843 -0.8496 -0.2089
vn 0.4753 -0.7280 0.4940
vn -0.4754 -0.7280 0.4940
vn 0.9572 -0.1260 0.2606
vn 0.9597 -0.2503 0.1278
vn -0.5117 -0.6081 -0.6068
vn 0.5117 -0.6082 -0.6068
vn 0.9682 -0.2465 -0.0431
vn 0.4497 -0.3854 0.8057
vn -0.4498 -0.3854 0.8057
vn -0.9759 -0.2026 -0.0813
vn -0.9620 -0.2660 -0.0607
vn -0.9629 -0.2177 -0.1593
vn -0.9470 -0.3145 -0.0650
vn -1.0000 0.0001 0.0000
vn -0.9625 -0.1444 -0.2294
vn -0.9572 -0.1259 0.2606
vn -0.9597 -0.2502 0.1278
vn -0.9682 -0.2464 -0.0431
vn 0.6302 0.0000 0.7764
vn 0.6302 0.5490 0.5490
vn 0.6302 0.7764 0.0000
vn 0.6302 0.5490 -0.5490
vn 0.6302 0.0000 -0.7764
vn 0.6302 -0.5490 -0.5490
vn 0.6302 -0.7764 0.0000
vn 0.6302 -0.5490 0.5490
vn -0.6302 0.5490 0.5490
vn -0.6302 0.0000 0.7764
vn -0.6302 0.7764 0.0000
vn -0.6302 0.5490 -0.5490
vn -0.6302 0.0000 -0.7764
vn -0.6302 -0.5490 -0.5490
vn -0.6302 -0.7764 0.0000
vn -0.6302 -0.5490 0.5490
vn -0.0048 0.0000 -1.0000
vn -0.0026 -0.0004 -1.0000
vn -0.6840 -0.1829 -0.7061
vn -0.7586 0.0000 -0.6515
vn 0.1816 -0.8819 0.4350
vn 0.5678 -0.0027 0.8231
vn 0.0354 -0.0108 0.9993
vn -0.6348 -0.7302 0.2525
vn 0.6848 0.1816 -0.7057
vn 0.6553 0.3782 -0.6539
vn 0.4395 0.2673 0.8575
vn 0.8592 -0.0154 0.5114
vn -0.0005 0.0013 1.0000
vn 0.0001 0.0000 1.0000
vn 0.3761 0.6565 0.6538
vn -0.0002 0.7575 0.6528
vn 0.7559 -0.0005 -0.6546
vn 0.7559 -0.0006 0.6546
vn 0.8414 0.0000 0.5404
vn 0.6843 -0.1822 -0.7060
vn 0.5000 -0.2630 0.8251
vn 0.6551 -0.3785 -0.6539
vn 0.4997 -0.5022 -0.7057
vn 0.4230 -0.7137 0.5582
vn -0.0017 -0.0027 1.0000
vn 0.1308 -0.3654 0.9216
vn -0.6579 -0.5786 0.4820
vn -0.3792 -0.6565 0.6521
vn 0.0001 -0.0001 -1.0000
vn 0.0002 -0.0002 -1.0000
vn 0.3756 -0.6566 -0.6540
vn -0.0001 -0.0001 -1.0000
vn -0.0001 -0.0000 -1.0000
vn 0.3761 0.6565 -0.6539
vn 0.4999 0.5016 -0.7060
vn 0.1351 0.3641 0.9215
vn -0.0017 0.0027 1.0000
vn -0.3792 0.6565 0.6521
vn -0.6569 0.5790 0.4829
vn -0.2087 -0.2727 0.9392
vn -0.0001 0.0001 1.0000
vn 0.3755 -0.6566 0.6540
vn 0.0003 0.7568 -0.6536
vn 0.1909 0.8777 0.4394
vn -0.6282 0.7331 0.2605
vn -0.3780 0.6549 -0.6543
vn 0.1609 -0.3870 0.9079
vn 0.0000 -0.0001 1.0000
vn -0.0000 0.0001 -1.0000
vn 0.0002 0.0000 -1.0000
vn -0.6840 0.1829 -0.7062
vn 0.0018 -0.0028 -1.0000
vn 0.0012 -0.0016 -1.0000
vn -0.6555 0.3779 -0.6538
vn -0.0850 0.0836 0.9929
vn 0.1444 0.3455 0.9272
vn 0.0005 -0.0013 -1.0000
vn 0.4162 0.7581 0.5020
vn 0.0011 0.0015 -1.0000
vn -0.6555 -0.3779 -0.6538
vn -0.2635 0.3454 0.9007
vn 0.0018 0.0028 -1.0000
vn -0.3780 -0.6549 -0.6543
vn -0.0000 -0.0001 -1.0000
vn -0.0002 0.0001 -1.0000
vn 0.0003 -0.7568 -0.6536
vn -0.0002 -0.7575 0.6528
vn -0.0005 -0.0013 1.0000
vn 0.0004 0.0013 -1.0000
vn -0.0024 0.0003 -1.0000
vn -0.1413 -0.0648 0.9878
vn 0.0048 0.0000 -1.0000
vn 0.7586 0.0000 -0.6515
vn 0.6840 -0.1829 -0.7061
vn 0.0026 -0.0004 -1.0000
vn -0.1816 -0.8819 0.4350
vn 0.6348 -0.7302 0.2525
vn -0.0354 -0.0108 0.9993
vn -0.5678 -0.0027 0.8231
vn -0.6848 0.1816 -0.7057
vn -0.8592 -0.0154 0.5114
vn -0.4395 0.2673 0.8575
vn -0.6553 0.3782 -0.6539
vn 0.0004 0.0013 1.0000
vn 0.0002 0.7575 0.6528
vn -0.3761 0.6565 0.6538
vn -0.0001 0.0000 1.0000
vn -0.7559 -0.0005 -0.6546
vn -0.6843 -0.1822 -0.7060
vn -0.8414 0.0000 0.5404
vn -0.7559 -0.0006 0.6546
vn -0.6551 -0.3785 -0.6539
vn -0.5000 -0.2630 0.8251
vn -0.4997 -0.5022 -0.7057
vn -0.4230 -0.7137 0.5582
vn 0.0017 -0.0027 1.0000
vn 0.3792 -0.6565 0.6521
vn 0.6579 -0.5786 0.4820
vn -0.1308 -0.3654 0.9216
vn -0.3756 -0.6566 -0.6540
vn -0.0002 -0.0002 -1.0000
vn -0.4999 0.5016 -0.7060
vn -0.3761 0.6565 -0.6539
vn 0.0001 -0.0000 -1.0000
vn -0.1351 0.3641 0.9215
vn 0.6569 0.5790 0.4829
vn 0.3792 0.6565 0.6521
vn 0.0017 0.0027 1.0000
vn 0.2087 -0.2727 0.9392
vn -0.3755 -0.6566 0.6540
vn 0.0001 0.0001 1.0000
vn -0.0003 0.7568 -0.6536
vn -0.1909 0.8777 0.4394
vn 0.6282 0.7331 0.2605
vn 0.3780 0.6549 -0.6543
vn -0.1609 -0.3870 0.9079
vn -0.0002 0.0000 -1.0000
vn 0.6840 0.1829 -0.7062
vn -0.0018 -0.0028 -1.0000
vn 0.6555 0.3779 -0.6538
vn -0.0012 -0.0016 -1.0000
vn 0.0850 0.0836 0.9929
vn -0.1444 0.3455 0.9272
vn -0.0005 -0.0013 -1.0000
vn -0.4162 0.7581 0.5019
vn 0.6555 -0.3779 -0.6538
vn -0.0011 0.0015 -1.0000
vn 0.2635 0.3454 0.9007
vn 0.3780 -0.6549 -0.6543
vn -0.0018 0.0028 -1.0000
vn 0.0002 0.0001 -1.0000
vn 0.0002 -0.7575 0.6528
vn -0.0003 -0.7568 -0.6536
vn 0.0005 -0.0013 1.0000
vn -0.0004 0.0013 -1.0000
vn 0.0024 0.0003 -1.0000
vn 0.1413 -0.0648 0.9878
vn 0.9275 0.3735 0.0094
vn 0.0000 0.9859 0.1674
vn 0.0000 0.5205 0.8538
vn 0.9236 0.1837 0.3364
vn 0.0000 0.9597 0.2810
vn 0.9163 0.3828 0.1175
vn 0.9484 0.2600 0.1816
vn 0.0000 0.8427 0.5383
vn 0.9076 0.1928 -0.3730
vn 0.0000 0.9793 0.2023
vn 0.5670 0.8066 0.1666
vn 0.8946 0.0644 -0.4422
vn 0.9310 0.0918 -0.3532
vn 0.0000 0.2213 -0.9752
vn 0.0000 0.1441 -0.9895
vn 0.0000 0.4248 -0.9053
vn -0.9275 0.3735 0.0094
vn -0.9236 0.1837 0.3364
vn -0.9484 0.2600 0.1816
vn -0.9163 0.3828 0.1175
vn -0.9076 0.1928 -0.3730
vn -0.5670 0.8066 0.1666
vn -0.9310 0.0918 -0.3532
vn -0.8946 0.0644 -0.4422
vn -0.3283 -0.8733 -0.3599
vn 0.0000 -0.9045 -0.4264
vn 0.0000 -0.9371 -0.3491
vn -0.3434 -0.8623 -0.3722
vn -0.8681 -0.4633 -0.1779
vn -0.8656 0.4673 -0.1799
vn -0.7946 0.6070 0.0000
vn -0.7984 -0.6021 0.0000
vn 0.0000 0.9080 -0.4190
vn -0.2931 0.8836 -0.3650
vn -0.3050 0.8758 -0.3741
vn 0.0000 0.9355 -0.3534
vn -0.2862 0.9581 0.0000
vn -0.3110 -0.9504 0.0000
vn -0.3277 0.9448 0.0000
vn -0.3660 -0.9306 0.0000
vn -0.7238 -0.6307 -0.2798
vn -0.7198 0.6348 -0.2807
vn 0.3283 -0.8733 -0.3599
vn 0.3434 -0.8623 -0.3722
vn 0.8681 -0.4633 -0.1779
vn 0.7984 -0.6021 0.0000
vn 0.7946 0.6070 0.0000
vn 0.8656 0.4673 -0.1799
vn 0.3050 0.8758 -0.3741
vn 0.2931 0.8836 -0.3650
vn 0.2862 0.9581 0.0000
vn 0.3110 -0.9504 0.0000
vn 0.3277 0.9448 0.0000
vn 0.7238 -0.6307 -0.2798
vn 0.3660 -0.9306 0.0000
vn 0.7198 0.6348 -0.2807
vn 0.7199 0.6348 -0.2807
vn 0.2444 0.9126 0.3277
vn -0.1350 0.9887 -0.0642
vn -0.5121 0.2919 -0.8078
vn -0.9877 -0.1470 -0.0528
vn 0.1350 0.9887 -0.0642
vn -0.9647 0.1621 -0.2075
vn -0.9594 0.2654 0.0953
vn -0.2444 0.9126 0.3277
vn -0.8274 -0.5286 -0.1898
vn -0.9991 0.0388 0.0139
vn -0.6432 0.7627 -0.0681
vn -0.6428 -0.6699 -0.3715
vn 0.4078 -0.8593 -0.3086
vn 0.3832 -0.3328 -0.8616
vn 0.1206 0.6338 -0.7640
vn 0.7386 0.6344 0.2278
vn 0.9991 0.0388 0.0139
vn 0.8274 -0.5286 -0.1898
vn 0.6428 -0.6699 -0.3715
vn 0.6432 0.7627 -0.0681
vn -0.4078 -0.8593 -0.3085
vn -0.3832 -0.3328 -0.8616
vn 0.5120 0.2919 -0.8078
vn -0.2231 -0.4096 -0.8845
vn 0.9877 -0.1470 -0.0528
vn -0.3230 -0.8907 -0.3198
vn 0.9594 0.2654 0.0953
vn 0.9647 0.1621 -0.2075
vn 0.2231 -0.4096 -0.8845
vn 0.3230 -0.8907 -0.3198
vn -0.1206 0.6338 -0.7640
vn -0.7386 0.6345 0.2278
usemtl Porple.002
s off
f 2277/1/1 2278/2/1 2280/3/1 2279/4/1
f 2279/4/2 2280/3/2 2284/5/2 2283/6/2
f 2283/6/3 2284/5/3 2282/7/3 2281/8/3
f 2281/8/4 2282/7/4 2278/9/4 2277/10/4
f 2280/3/5 2278/2/5 2285/11/5 2286/12/5
f 2287/13/6 2286/14/6 2285/15/6 2288/16/6
f 2278/9/7 2282/7/7 2288/16/7 2285/17/7
f 2284/5/8 2280/3/8 2286/12/8 2287/13/8
f 2282/7/9 2284/5/9 2287/13/9 2288/16/9
f 2289/18/1 2290/19/1 2292/20/1 2291/21/1
f 2291/21/2 2292/20/2 2296/22/2 2295/23/2
f 2295/23/3 2296/22/3 2294/24/3 2293/25/3
f 2293/25/4 2294/24/4 2290/26/4 2289/27/4
f 2292/20/5 2290/19/5 2297/28/5 2298/29/5
f 2299/30/6 2298/31/6 2297/32/6 2300/33/6
f 2290/26/7 2294/24/7 2300/33/7 2297/34/7
f 2296/22/8 2292/20/8 2298/29/8 2299/30/8
f 2294/24/9 2296/22/9 2299/30/9 2300/33/9
f 2301/35/1 2302/36/1 2304/37/1 2303/38/1
f 2303/38/2 2304/37/2 2308/39/2 2307/40/2
f 2307/40/3 2308/39/3 2306/41/3 2305/42/3
f 2305/42/4 2306/41/4 2302/43/4 2301/44/4
f 2304/37/5 2302/36/5 2309/45/5 2310/46/5
f 2311/47/6 2310/48/6 2309/49/6 2312/50/6
f 2302/43/7 2306/41/7 2312/50/7 2309/51/7
f 2308/39/8 2304/37/8 2310/46/8 2311/47/8
f 2306/41/9 2308/39/9 2311/47/9 2312/50/9
f 2313/52/1 2314/53/1 2316/54/1 2315/55/1
f 2315/55/2 2316/54/2 2320/56/2 2319/57/2
f 2319/57/3 2320/56/3 2318/58/3 2317/59/3
f 2317/59/4 2318/58/4 2314/60/4 2313/61/4
f 2316/54/5 2314/53/5 2321/62/5 2322/63/5
f 2323/64/6 2322/65/6 2321/66/6 2324/67/6
f 2314/60/7 2318/58/7 2324/67/7 2321/68/7
f 2320/56/8 2316/54/8 2322/63/8 2323/64/8
f 2318/58/9 2320/56/9 2323/64/9 2324/67/9
f 2325/69/1 2326/70/1 2328/71/1 2327/72/1
f 2327/72/2 2328/71/2 2332/73/2 2331/74/2
f 2331/74/3 2332/73/3 2330/75/3 2329/76/3
f 2329/76/4 2330/75/4 2326/77/4 2325/78/4
f 2328/71/5 2326/70/5 2333/79/5 2334/80/5
f 2335/81/6 2334/82/6 2333/83/6 2336/84/6
f 2326/77/7 2330/75/7 2336/84/7 2333/85/7
f 2332/73/8 2328/71/8 2334/80/8 2335/81/8
f 2330/75/9 2332/73/9 2335/81/9 2336/84/9
f 2337/86/3 2339/87/3 2340/88/3 2338/89/3
f 2339/87/2 2343/90/2 2344/91/2 2340/88/2
f 2343/90/1 2341/92/1 2342/93/1 2344/91/1
f 2341/92/4 2337/94/4 2338/95/4 2342/93/4
f 2340/88/9 2346/96/9 2345/97/9 2338/89/9
f 2347/98/6 2348/99/6 2345/100/6 2346/101/6
f 2338/95/7 2345/102/7 2348/99/7 2342/93/7
f 2344/91/8 2347/98/8 2346/96/8 2340/88/8
f 2342/93/5 2348/99/5 2347/98/5 2344/91/5
f 2349/103/3 2351/104/3 2352/105/3 2350/106/3
f 2351/104/2 2355/107/2 2356/108/2 2352/105/2
f 2355/107/1 2353/109/1 2354/110/1 2356/108/1
f 2353/109/4 2349/111/4 2350/112/4 2354/110/4
f 2352/105/9 2358/113/9 2357/114/9 2350/106/9
f 2359/115/6 2360/116/6 2357/117/6 2358/118/6
f 2350/112/7 2357/119/7 2360/116/7 2354/110/7
f 2356/108/8 2359/115/8 2358/113/8 2352/105/8
f 2354/110/5 2360/116/5 2359/115/5 2356/108/5
f 2361/120/3 2363/121/3 2364/122/3 2362/123/3
f 2363/121/2 2367/124/2 2368/125/2 2364/122/2
f 2367/124/1 2365/126/1 2366/127/1 2368/125/1
f 2365/126/4 2361/128/4 2362/129/4 2366/127/4
f 2364/122/9 2370/130/9 2369/131/9 2362/123/9
f 2371/132/6 2372/133/6 2369/134/6 2370/135/6
f 2362/129/7 2369/136/7 2372/133/7 2366/127/7
f 2368/125/8 2371/132/8 2370/130/8 2364/122/8
f 2366/127/5 2372/133/5 2371/132/5 2368/125/5
f 2373/137/3 2375/138/3 2376/139/3 2374/140/3
f 2375/138/2 2379/141/2 2380/142/2 2376/139/2
f 2379/141/1 2377/143/1 2378/144/1 2380/142/1
f 2377/143/4 2373/145/4 2374/146/4 2378/144/4
f 2376/139/9 2382/147/9 2381/148/9 2374/140/9
f 2383/149/6 2384/150/6 2381/151/6 2382/152/6
f 2374/146/7 2381/153/7 2384/150/7 2378/144/7
f 2380/142/8 2383/149/8 2382/147/8 2376/139/8
f 2378/144/5 2384/150/5 2383/149/5 2380/142/5
f 2385/154/3 2387/155/3 2388/156/3 2386/157/3
f 2387/155/2 2391/158/2 2392/159/2 2388/156/2
f 2391/158/1 2389/160/1 2390/161/1 2392/159/1
f 2389/160/4 2385/162/4 2386/163/4 2390/161/4
f 2388/156/9 2394/164/9 2393/165/9 2386/157/9
f 2395/166/6 2396/167/6 2393/168/6 2394/169/6
f 2386/163/7 2393/170/7 2396/167/7 2390/161/7
f 2392/159/8 2395/166/8 2394/164/8 2388/156/8
f 2390/161/5 2396/167/5 2395/166/5 2392/159/5
f 2397/171/10 2399/172/10 2400/173/10 2398/174/10
f 2399/172/11 2403/175/11 2404/176/11 2400/173/11
f 2403/175/12 2401/177/12 2402/178/12 2404/176/12
f 2401/177/13 2397/179/13 2398/180/13 2402/178/13
f 2400/173/14 2406/181/14 2405/182/14 2398/174/14
f 2407/183/15 2408/184/15 2405/185/15 2406/186/15
f 2398/180/16 2405/187/16 2408/184/16 2402/178/16
f 2404/176/17 2407/183/17 2406/181/17 2400/173/17
f 2402/178/18 2408/184/18 2407/183/18 2404/176/18
f 2409/188/10 2411/189/10 2412/190/10 2410/191/10
f 2411/189/11 2415/192/11 2416/193/11 2412/190/11
f 2415/192/12 2413/194/12 2414/195/12 2416/193/12
f 2413/194/13 2409/196/13 2410/197/13 2414/195/13
f 2412/190/14 2418/198/14 2417/199/14 2410/191/14
f 2419/200/15 2420/201/15 2417/202/15 2418/203/15
f 2410/197/16 2417/204/16 2420/201/16 2414/195/16
f 2416/193/17 2419/200/17 2418/198/17 2412/190/17
f 2414/195/18 2420/201/18 2419/200/18 2416/193/18
f 2421/205/10 2423/206/10 2424/207/10 2422/208/10
f 2423/206/11 2427/209/11 2428/210/11 2424/207/11
f 2427/209/12 2425/211/12 2426/212/12 2428/210/12
f 2425/211/13 2421/213/13 2422/214/13 2426/212/13
f 2424/207/14 2430/215/14 2429/216/14 2422/208/14
f 2431/217/15 2432/218/15 2429/219/15 2430/220/15
f 2422/214/16 2429/221/16 2432/218/16 2426/212/16
f 2428/210/17 2431/217/17 2430/215/17 2424/207/17
f 2426/212/18 2432/218/18 2431/217/18 2428/210/18
f 2433/222/10 2435/223/10 2436/224/10 2434/225/10
f 2435/223/11 2439/226/11 2440/227/11 2436/224/11
f 2439/226/12 2437/228/12 2438/229/12 2440/227/12
f 2437/228/13 2433/230/13 2434/231/13 2438/229/13
f 2436/224/14 2442/232/14 2441/233/14 2434/225/14
f 2443/234/15 2444/235/15 2441/236/15 2442/237/15
f 2434/231/16 2441/238/16 2444/235/16 2438/229/16
f 2440/227/17 2443/234/17 2442/232/17 2436/224/17
f 2438/229/18 2444/235/18 2443/234/18 2440/227/18
f 2445/239/10 2447/240/10 2448/241/10 2446/242/10
f 2447/240/11 2451/243/11 2452/244/11 2448/241/11
f 2451/243/12 2449/245/12 2450/246/12 2452/244/12
f 2449/245/13 2445/247/13 2446/248/13 2450/246/13
f 2448/241/14 2454/249/14 2453/250/14 2446/242/14
f 2455/251/15 2456/252/15 2453/253/15 2454/254/15
f 2446/248/16 2453/255/16 2456/252/16 2450/246/16
f 2452/244/17 2455/251/17 2454/249/17 2448/241/17
f 2450/246/18 2456/252/18 2455/251/18 2452/244/18
f 2457/256/12 2458/257/12 2460/258/12 2459/259/12
f 2459/259/11 2460/258/11 2464/260/11 2463/261/11
f 2463/261/10 2464/260/10 2462/262/10 2461/263/10
f 2461/263/13 2462/262/13 2458/264/13 2457/265/13
f 2460/258/18 2458/257/18 2465/266/18 2466/267/18
f 2467/268/15 2466/269/15 2465/270/15 2468/271/15
f 2458/264/16 2462/262/16 2468/271/16 2465/272/16
f 2464/260/17 2460/258/17 2466/267/17 2467/268/17
f 2462/262/14 2464/260/14 2467/268/14 2468/271/14
f 2469/273/12 2470/274/12 2472/275/12 2471/276/12
f 2471/276/11 2472/275/11 2476/277/11 2475/278/11
f 2475/278/10 2476/277/10 2474/279/10 2473/280/10
f 2473/280/13 2474/279/13 2470/281/13 2469/282/13
f 2472/275/18 2470/274/18 2477/283/18 2478/284/18
f 2479/285/15 2478/286/15 2477/287/15 2480/288/15
f 2470/281/16 2474/279/16 2480/288/16 2477/289/16
f 2476/277/17 2472/275/17 2478/284/17 2479/285/17
f 2474/279/14 2476/277/14 2479/285/14 2480/288/14
f 2481/290/12 2482/291/12 2484/292/12 2483/293/12
f 2483/293/11 2484/292/11 2488/294/11 2487/295/11
f 2487/295/10 2488/294/10 2486/296/10 2485/297/10
f 2485/297/13 2486/296/13 2482/298/13 2481/299/13
f 2484/292/18 2482/291/18 2489/300/18 2490/301/18
f 2491/302/15 2490/303/15 2489/304/15 2492/305/15
f 2482/298/16 2486/296/16 2492/305/16 2489/306/16
f 2488/294/17 2484/292/17 2490/301/17 2491/302/17
f 2486/296/14 2488/294/14 2491/302/14 2492/305/14
f 2493/307/12 2494/308/12 2496/309/12 2495/310/12
f 2495/310/11 2496/309/11 2500/311/11 2499/312/11
f 2499/312/10 2500/311/10 2498/313/10 2497/314/10
f 2497/314/13 2498/313/13 2494/315/13 2493/316/13
f 2496/309/18 2494/308/18 2501/317/18 2502/318/18
f 2503/319/15 2502/320/15 2501/321/15 2504/322/15
f 2494/315/16 2498/313/16 2504/322/16 2501/323/16
f 2500/311/17 2496/309/17 2502/318/17 2503/319/17
f 2498/313/14 2500/311/14 2503/319/14 2504/322/14
f 2505/324/12 2506/325/12 2508/326/12 2507/327/12
f 2507/327/11 2508/326/11 2512/328/11 2511/329/11
f 2511/329/10 2512/328/10 2510/330/10 2509/331/10
f 2509/331/13 2510/330/13 2506/332/13 2505/333/13
f 2508/326/18 2506/325/18 2513/334/18 2514/335/18
f 2515/336/15 2514/337/15 2513/338/15 2516/339/15
f 2506/332/16 2510/330/16 2516/339/16 2513/340/16
f 2512/328/17 2508/326/17 2514/335/17 2515/336/17
f 2510/330/14 2512/328/14 2515/336/14 2516/339/14
s 1
f 3/341/19 4/342/20 11/343/21 10/344/22
f 5/345/23 6/346/24 15/347/25 14/348/26
f 9/349/27 12/350/28 8/351/29 7/352/30
f 6/346/24 5/345/23 7/352/30 8/351/29
f 13/353/31 16/354/32 2/355/33 1/356/34
f 14/348/26 15/347/25 16/354/32 13/353/31
f 15/357/25 6/346/24 8/351/29 12/358/28
f 12/350/28 9/349/27 10/344/22 11/343/21
f 3/341/19 1/359/34 2/360/33 4/342/20
f 4/361/20 2/362/33 16/363/32 11/364/21
f 11/364/21 16/363/32 15/357/25 12/358/28
f 19/365/30 26/366/27 27/367/28 20/368/29
f 21/369/34 30/370/31 31/371/32 22/372/33
f 25/373/22 23/374/19 24/375/20 28/376/21
f 22/372/33 24/375/20 23/374/19 21/369/34
f 29/377/26 17/378/23 18/379/24 32/380/25
f 30/370/31 29/377/26 32/380/25 31/371/32
f 31/381/32 28/382/21 24/375/20 22/372/33
f 28/376/21 27/367/28 26/366/27 25/373/22
f 19/365/30 20/368/29 18/383/24 17/384/23
f 20/385/29 27/386/28 32/387/25 18/388/24
f 27/386/28 28/382/21 31/381/32 32/387/25
f 35/389/19 42/390/22 43/391/35 36/392/36
f 37/393/23 46/394/26 47/395/37 38/396/38
f 41/397/27 39/398/30 40/399/39 44/400/40
f 38/396/38 40/399/39 39/398/30 37/393/23
f 45/401/31 33/402/34 34/403/41 48/404/42
f 46/394/26 45/401/31 48/404/42 47/395/37
f 47/405/37 44/406/40 40/399/39 38/396/38
f 44/400/40 43/391/35 42/390/22 41/397/27
f 35/389/19 36/392/36 34/407/41 33/408/34
f 36/409/36 43/410/35 48/411/42 34/412/41
f 43/410/35 44/406/40 47/405/37 48/411/42
f 51/413/30 52/414/39 59/415/40 58/416/27
f 53/417/34 54/418/41 63/419/42 62/420/31
f 57/421/22 60/422/35 56/423/36 55/424/19
f 54/418/41 53/417/34 55/424/19 56/423/36
f 61/425/26 64/426/37 50/427/38 49/428/23
f 62/420/31 63/419/42 64/426/37 61/425/26
f 63/429/42 54/418/41 56/423/36 60/430/35
f 60/422/35 57/421/22 58/416/27 59/415/40
f 51/413/30 49/431/23 50/432/38 52/414/39
f 52/433/39 50/434/38 64/435/37 59/436/40
f 59/436/40 64/435/37 63/429/42 60/430/35
f 161/437/43 67/438/44 126/439/45 227/440/46
f 187/441/47 163/442/48 65/443/49
f 216/444/50 67/438/44 161/437/43
f 65/443/49 163/445/48 69/446/51
f 119/447/52 109/448/53 105/449/54 125/450/55
f 66/451/56 65/443/49 69/446/51 70/452/57
f 150/453/58 72/454/59 76/455/60 152/456/61
f 89/457/62 82/458/63 86/459/64 92/460/65
f 69/446/51 163/461/48 73/462/66
f 120/463/67 71/464/68 75/465/69 121/466/70
f 70/452/57 69/446/51 73/462/66 74/467/71
f 73/462/66 163/468/48 77/469/72
f 121/466/70 75/465/69 79/470/73 122/471/74
f 74/467/71 73/462/66 77/469/72 78/472/75
f 152/456/61 76/455/60 80/473/76 153/474/77
f 122/471/74 79/470/73 89/457/62 123/475/78
f 78/472/75 77/469/72 81/476/79 82/458/63
f 153/474/77 80/473/76 90/477/80 154/478/81
f 77/469/72 163/479/48 81/476/79
f 82/458/63 81/476/79 85/480/82 86/459/64
f 154/478/81 90/477/80 88/481/83 155/482/84
f 81/476/79 163/483/48 85/480/82
f 85/480/82 163/484/48 270/485/85
f 116/486/86 84/487/87 90/477/80 115/488/88
f 84/487/87 91/489/89 88/481/83 90/477/80
f 87/490/90 83/491/91 89/457/62 92/460/65
f 275/492/92 87/490/90 92/460/65 273/493/93
f 279/494/94 281/495/94 101/496/95 100/497/96
f 157/498/6 93/499/97 97/500/98 156/501/99
f 285/502/6 277/503/92 93/499/97 157/498/6
f 278/504/92 99/505/97 102/506/100 280/507/92
f 99/505/97 96/508/101 104/509/102 102/506/100
f 103/510/103 104/509/102 96/508/101 95/511/104
f 99/505/97 278/504/92 276/512/94 94/513/96
f 125/450/55 105/449/54 71/464/68 120/463/67
f 273/493/93 92/460/65 86/459/64 269/514/105
f 160/515/106 187/441/47 65/443/49 66/451/56
f 106/516/107 151/517/108 108/518/109
f 151/517/108 106/516/107 72/454/59 150/453/58
f 66/451/56 107/519/110 208/520/111 160/515/106
f 68/521/112 213/522/113 162/523/114
f 126/439/45 67/438/44 109/448/53 119/447/52
f 208/520/111 107/519/110 109/448/53 212/524/115
f 210/525/116 108/518/109 151/517/108 268/526/117
f 68/521/112 118/527/118 111/528/119 110/529/120
f 106/516/107 117/530/121 112/531/122 72/454/59
f 97/500/98 98/532/123 159/533/124 156/501/99
f 104/509/102 103/510/103 101/496/95 102/506/100
f 100/497/96 93/499/97 277/503/92 279/494/94
f 80/473/76 114/534/125 115/488/88 90/477/80
f 76/455/60 113/535/126 114/534/125 80/473/76
f 72/454/59 112/531/122 113/535/126 76/455/60
f 110/529/120 111/528/119 117/530/121 106/516/107
f 162/523/114 218/536/127 118/527/118 68/521/112
f 83/491/91 124/537/128 123/475/78 89/457/62
f 236/538/129 134/539/130 142/540/131 245/541/132
f 135/542/133 127/543/134 133/544/135 141/545/136
f 136/546/137 128/547/138 129/548/139 137/549/140
f 137/549/140 129/548/139 130/550/141 138/551/142
f 138/551/142 130/550/141 131/552/143 139/553/144
f 141/545/136 133/544/135 128/547/138 136/546/137
f 236/538/129 227/440/46 126/439/45 134/539/130
f 124/537/128 132/554/145 131/552/143 123/475/78
f 142/540/131 134/539/130 127/543/134 135/542/133
f 132/554/145 140/555/146 139/553/144 131/552/143
f 127/543/134 119/447/52 125/450/55 133/544/135
f 128/547/138 120/463/67 121/466/70 129/548/139
f 129/548/139 121/466/70 122/471/74 130/550/141
f 130/550/141 122/471/74 123/475/78 131/552/143
f 102/506/100 101/496/95 281/495/94 280/507/92
f 133/544/135 125/450/55 120/463/67 128/547/138
f 134/539/130 126/439/45 119/447/52 127/543/134
f 168/556/147 143/557/148 145/558/149
f 168/559/147 145/558/149 146/560/150
f 168/561/147 146/560/150 147/562/151
f 168/563/147 147/562/151 148/564/152
f 168/565/147 260/566/153 144/567/154
f 117/530/121 141/545/136 136/546/137 112/531/122
f 158/568/15 94/513/96 276/512/94 288/569/15
f 114/534/125 138/551/142 139/553/144 115/488/88
f 113/535/126 137/549/140 138/551/142 114/534/125
f 112/531/122 136/546/137 137/549/140 113/535/126
f 111/528/119 135/542/133 141/545/136 117/530/121
f 218/536/127 245/541/132 142/540/131 118/527/118
f 140/555/146 116/486/86 115/488/88 139/553/144
f 96/508/101 98/532/123 97/500/98 95/511/104
f 109/448/53 107/519/110 105/449/54
f 79/470/73 78/472/75 82/458/63 89/457/62
f 75/465/69 74/467/71 78/472/75 79/470/73
f 71/464/68 70/452/57 74/467/71 75/465/69
f 168/570/147 144/567/154 143/557/148
f 282/571/155 148/564/152 155/482/84 271/572/156
f 143/557/148 144/567/154 151/517/108 150/453/58
f 213/522/113 68/521/112 110/529/120 217/573/157
f 146/560/150 153/474/77 154/478/81 147/562/151
f 145/558/149 152/456/61 153/474/77 146/560/150
f 143/557/148 150/453/58 152/456/61 145/558/149
f 118/527/118 142/540/131 135/542/133 111/528/119
f 95/511/104 97/500/98 93/499/97 100/497/96
f 159/533/124 98/532/123 94/513/96 158/568/15
f 91/489/89 274/574/94 272/575/158 88/481/83
f 155/482/84 88/481/83 272/575/158 271/572/156
f 86/459/64 85/480/82 270/485/85 269/514/105
f 282/571/155 168/576/147 148/564/152
f 107/519/110 66/451/56 71/464/68 105/449/54
f 144/567/154 260/566/153 268/526/117 151/517/108
f 110/529/120 106/516/107 108/518/109
f 210/525/116 217/573/157 110/529/120 108/518/109
f 67/438/44 216/444/50 212/524/115 109/448/53
f 99/505/97 94/513/96 98/532/123 96/508/101
f 147/562/151 154/478/81 155/482/84 148/564/152
f 71/464/68 66/451/56 70/452/57
f 275/492/92 285/502/6 157/498/6 87/490/90
f 87/490/90 157/498/6 156/501/99 83/491/91
f 84/487/87 159/533/124 158/568/15 91/489/89
f 91/489/89 158/568/15 288/569/15 274/574/94
f 156/501/99 159/533/124 140/555/146 132/554/145
f 124/537/128 83/491/91 156/501/99
f 132/554/145 124/537/128 156/501/99
f 116/486/86 159/533/124 84/487/87
f 140/555/146 159/533/124 116/486/86
f 95/511/104 100/497/96 101/496/95 103/510/103
f 161/437/43 227/440/46 235/577/159 166/578/160
f 187/441/47 164/579/161 163/442/48
f 216/444/50 161/437/43 166/578/160
f 164/579/161 169/580/162 163/445/48
f 228/581/163 234/582/164 206/583/165 214/584/166
f 165/585/167 170/586/168 169/580/162 164/579/161
f 262/587/169 264/588/170 176/589/171 172/590/172
f 190/591/173 193/592/174 186/593/175 182/594/176
f 169/580/162 173/595/177 163/461/48
f 229/596/178 230/597/179 175/598/180 171/599/181
f 170/586/168 174/600/182 173/595/177 169/580/162
f 173/595/177 177/601/183 163/468/48
f 230/597/179 231/602/184 179/603/185 175/598/180
f 174/600/182 178/604/186 177/601/183 173/595/177
f 264/588/170 265/605/187 180/606/188 176/589/171
f 231/602/184 232/607/189 190/591/173 179/603/185
f 178/604/186 182/594/176 181/608/190 177/601/183
f 265/605/187 266/609/191 191/610/192 180/606/188
f 177/601/183 181/608/190 163/479/48
f 182/594/176 186/593/175 185/611/193 181/608/190
f 266/609/191 267/612/194 189/613/195 191/610/192
f 181/608/190 185/611/193 163/483/48
f 185/611/193 270/485/85 163/484/48
f 224/614/196 223/615/197 191/610/192 184/616/198
f 184/616/198 191/610/192 189/613/195 192/617/199
f 188/618/200 193/592/174 190/591/173 183/619/201
f 275/492/92 273/493/93 193/592/174 188/618/200
f 279/494/94 201/620/202 202/621/203 281/495/94
f 284/622/6 283/623/204 198/624/205 194/625/206
f 285/502/6 284/622/6 194/625/206 277/503/92
f 278/504/92 280/507/92 203/626/207 200/627/206
f 200/627/206 203/626/207 205/628/208 197/629/209
f 204/630/210 196/631/211 197/629/209 205/628/208
f 200/627/206 195/632/202 276/512/94 278/504/92
f 234/582/164 229/596/178 171/599/181 206/583/165
f 273/493/93 269/514/105 186/593/175 193/592/174
f 160/515/106 165/585/167 164/579/161 187/441/47
f 207/633/212 211/634/213 263/635/214
f 263/635/214 262/587/169 172/590/172 207/633/212
f 165/585/167 160/515/106 208/520/111 209/636/215
f 167/637/216 162/523/114 213/522/113
f 235/577/159 228/581/163 214/584/166 166/578/160
f 208/520/111 212/524/115 214/584/166 209/636/215
f 210/525/116 268/526/117 263/635/214 211/634/213
f 167/637/216 215/638/217 219/639/218 226/640/219
f 207/633/212 172/590/172 220/641/220 225/642/221
f 198/624/205 283/623/204 287/643/222 199/644/223
f 205/628/208 203/626/207 202/621/203 204/630/210
f 201/620/202 279/494/94 277/503/92 194/625/206
f 180/606/188 191/610/192 223/615/197 222/645/224
f 176/589/171 180/606/188 222/645/224 221/646/225
f 172/590/172 176/589/171 221/646/225 220/641/220
f 215/638/217 207/633/212 225/642/221 219/639/218
f 162/523/114 167/637/216 226/640/219 218/536/127
f 183/619/201 190/591/173 232/607/189 233/647/226
f 236/538/129 245/541/132 253/648/227 244/649/228
f 246/650/229 252/651/230 243/652/231 237/653/232
f 247/654/233 248/655/234 239/656/235 238/657/236
f 248/655/234 249/658/237 240/659/238 239/656/235
f 249/658/237 250/660/239 241/661/240 240/659/238
f 252/651/230 247/654/233 238/657/236 243/652/231
f 236/538/129 244/649/228 235/577/159 227/440/46
f 233/647/226 232/607/189 241/661/240 242/662/241
f 253/648/227 246/650/229 237/653/232 244/649/228
f 242/662/241 241/661/240 250/660/239 251/663/242
f 237/653/232 243/652/231 234/582/164 228/581/163
f 238/657/236 239/656/235 230/597/179 229/596/178
f 239/656/235 240/659/238 231/602/184 230/597/179
f 240/659/238 241/661/240 232/607/189 231/602/184
f 203/626/207 280/507/92 281/495/94 202/621/203
f 243/652/231 238/657/236 229/596/178 234/582/164
f 244/649/228 237/653/232 228/581/163 235/577/159
f 168/556/147 256/664/243 254/665/244
f 168/559/147 257/666/245 256/664/243
f 168/561/147 258/667/246 257/666/245
f 168/563/147 259/668/247 258/667/246
f 168/565/147 255/669/248 260/566/153
f 225/642/221 220/641/220 247/654/233 252/651/230
f 286/670/15 288/569/15 276/512/94 195/632/202
f 222/645/224 223/615/197 250/660/239 249/658/237
f 221/646/225 222/645/224 249/658/237 248/655/234
f 220/641/220 221/646/225 248/655/234 247/654/233
f 219/639/218 225/642/221 252/651/230 246/650/229
f 218/536/127 226/640/219 253/648/227 245/541/132
f 251/663/242 250/660/239 223/615/197 224/614/196
f 197/629/209 196/631/211 198/624/205 199/644/223
f 214/584/166 206/583/165 209/636/215
f 179/603/185 190/591/173 182/594/176 178/604/186
f 175/598/180 179/603/185 178/604/186 174/600/182
f 171/599/181 175/598/180 174/600/182 170/586/168
f 168/570/147 254/665/244 255/669/248
f 282/571/155 271/572/156 267/612/194 259/668/247
f 254/665/244 262/587/169 263/635/214 255/669/248
f 213/522/113 217/573/157 215/638/217 167/637/216
f 257/666/245 258/667/246 266/609/191 265/605/187
f 256/664/243 257/666/245 265/605/187 264/588/170
f 254/665/244 256/664/243 264/588/170 262/587/169
f 226/640/219 219/639/218 246/650/229 253/648/227
f 196/631/211 201/620/202 194/625/206 198/624/205
f 287/643/222 286/670/15 195/632/202 199/644/223
f 192/617/199 189/613/195 272/575/158 274/574/94
f 267/612/194 271/572/156 272/575/158 189/613/195
f 186/593/175 269/514/105 270/485/85 185/611/193
f 282/571/155 259/668/247 168/576/147
f 209/636/215 206/583/165 171/599/181 165/585/167
f 255/669/248 263/635/214 268/526/117 260/566/153
f 215/638/217 211/634/213 207/633/212
f 210/525/116 211/634/213 215/638/217 217/573/157
f 166/578/160 214/584/166 212/524/115 216/444/50
f 200/627/206 197/629/209 199/644/223 195/632/202
f 258/667/246 259/668/247 267/612/194 266/609/191
f 171/599/181 170/586/168 165/585/167
f 275/492/92 188/618/200 284/622/6 285/502/6
f 188/618/200 183/619/201 283/623/204 284/622/6
f 184/616/198 192/617/199 286/670/15 287/643/222
f 192/617/199 274/574/94 288/569/15 286/670/15
f 283/623/204 242/662/241 251/663/242 287/643/222
f 233/647/226 283/623/204 183/619/201
f 242/662/241 283/623/204 233/647/226
f 224/614/196 184/616/198 287/643/222
f 251/663/242 224/614/196 287/643/222
f 196/631/211 204/630/210 202/621/203 201/620/202
f 300/671/249 332/672/250 342/673/251 341/674/252
f 319/675/253 332/672/250 348/676/254 346/677/255
f 317/678/256 334/679/257 354/680/258 352/681/259
f 348/676/254 347/682/260 302/683/261 334/679/257
f 321/684/262 289/685/263 290/686/264 322/687/265
f 322/687/265 290/686/264 291/688/266 323/689/267
f 323/689/267 291/688/266 292/690/268 324/691/269
f 324/691/269 292/690/268 293/692/270 325/693/271
f 325/693/271 293/692/270 294/694/272 326/695/273
f 326/695/273 294/694/272 295/696/274 327/697/275
f 327/697/275 295/696/274 296/698/276 328/699/277
f 328/699/277 296/698/276 297/700/278 329/701/279
f 329/701/279 297/700/278 298/702/280 330/703/281
f 330/703/281 298/702/280 299/704/282 331/705/283
f 368/706/284 419/707/285 353/708/286 302/683/261
f 331/705/283 342/673/251 340/709/287 316/710/288
f 337/711/289 306/712/290 307/713/291 308/714/292 309/715/293 310/716/294 311/717/295 312/718/296 313/719/297 314/720/298 315/721/299 316/722/288 340/723/287 319/724/253 346/725/255 317/726/256 352/727/259 318/728/300 349/729/301 320/730/302 343/731/303 305/732/304
f 334/679/257 302/683/261 353/708/286 354/680/258
f 332/672/250 300/671/249 347/682/260 348/676/254
f 344/733/305 345/734/306 335/735/307 303/736/308
f 354/680/258 353/708/286 304/737/309 336/738/310
f 344/733/305 301/739/311 333/740/312 345/734/306
f 301/739/311 367/741/313 404/742/314 338/743/315
f 366/744/316 413/745/317 347/682/260 300/671/249
f 345/734/306 333/740/312 305/746/304 343/747/303
f 352/681/259 354/680/258 336/738/310 318/748/300
f 315/749/299 330/703/281 331/705/283 316/710/288
f 314/750/298 329/701/279 330/703/281 315/749/299
f 313/751/297 328/699/277 329/701/279 314/750/298
f 312/752/296 327/697/275 328/699/277 313/751/297
f 311/753/295 326/695/273 327/697/275 312/752/296
f 310/754/294 325/693/271 326/695/273 311/753/295
f 309/755/293 324/691/269 325/693/271 310/754/294
f 308/756/292 323/689/267 324/691/269 309/755/293
f 307/757/291 322/687/265 323/689/267 308/756/292
f 306/758/290 321/684/262 322/687/265 307/757/291
f 346/677/255 348/676/254 334/679/257 317/678/256
f 299/704/282 341/674/252 342/673/251 331/705/283
f 344/733/305 410/759/318 367/741/313 301/739/311
f 338/743/315 289/685/263 321/684/262 339/760/319
f 303/736/308 369/761/320 410/759/318 344/733/305
f 356/762/321 357/763/322 291/688/266 290/686/264
f 357/763/322 358/764/323 292/690/268 291/688/266
f 358/764/323 359/765/324 293/692/270 292/690/268
f 359/765/324 360/766/325 294/694/272 293/692/270
f 360/766/325 361/767/326 295/696/274 294/694/272
f 361/767/326 362/768/327 296/698/276 295/696/274
f 362/768/327 363/769/328 297/700/278 296/698/276
f 363/769/328 364/770/329 298/702/280 297/700/278
f 364/770/329 365/771/330 299/704/282 298/702/280
f 419/707/285 370/772/331 304/737/309 353/708/286
f 413/745/317 368/706/284 302/683/261 347/682/260
f 407/773/332 366/744/316 300/671/249 341/674/252
f 365/771/330 407/773/332 341/674/252 299/704/282
f 351/774/333 349/775/301 318/776/300 336/777/310
f 301/739/311 338/743/315 339/760/319 333/740/312
f 350/778/334 351/774/333 336/777/310 304/779/309
f 321/684/262 306/758/290 337/780/289 339/760/319
f 350/778/334 303/736/308 335/735/307 351/774/333
f 351/774/333 335/735/307 320/781/302 349/775/301
f 304/779/309 370/782/331 416/783/335 350/778/334
f 345/734/306 343/747/303 320/781/302 335/735/307
f 350/778/334 416/783/335 369/761/320 303/736/308
f 355/784/336 356/762/321 290/686/264 289/685/263
f 332/672/250 319/675/253 340/709/287 342/673/251
f 333/740/312 339/760/319 337/780/289 305/746/304
f 366/744/316 407/773/332 408/785/337 398/786/338
f 385/787/339 412/788/340 414/789/341 398/786/338
f 383/790/342 418/791/343 420/792/344 400/793/345
f 414/789/341 400/793/345 368/706/284 413/745/317
f 387/794/346 388/795/347 356/762/321 355/784/336
f 388/795/347 389/796/348 357/763/322 356/762/321
f 389/796/348 390/797/349 358/764/323 357/763/322
f 390/797/349 391/798/350 359/765/324 358/764/323
f 391/798/350 392/799/351 360/766/325 359/765/324
f 392/799/351 393/800/352 361/767/326 360/766/325
f 393/800/352 394/801/353 362/768/327 361/767/326
f 394/801/353 395/802/354 363/769/328 362/768/327
f 395/802/354 396/803/355 364/770/329 363/769/328
f 396/803/355 397/804/356 365/771/330 364/770/329
f 397/804/356 382/805/357 406/806/358 408/785/337
f 403/807/359 371/808/360 409/809/361 386/810/362 415/811/363 384/812/364 418/813/343 383/814/342 412/815/340 385/816/339 406/817/358 382/818/357 381/819/365 380/820/366 379/821/367 378/822/368 377/823/369 376/824/370 375/825/371 374/826/372 373/827/373 372/828/374
f 400/793/345 420/792/344 419/707/285 368/706/284
f 398/786/338 414/789/341 413/745/317 366/744/316
f 410/759/318 369/761/320 401/829/375 411/830/376
f 420/792/344 402/831/377 370/772/331 419/707/285
f 410/759/318 411/830/376 399/832/378 367/741/313
f 411/830/376 409/833/361 371/834/360 399/832/378
f 418/791/343 384/835/364 402/831/377 420/792/344
f 381/836/365 382/805/357 397/804/356 396/803/355
f 380/837/366 381/836/365 396/803/355 395/802/354
f 379/838/367 380/837/366 395/802/354 394/801/353
f 378/839/368 379/838/367 394/801/353 393/800/352
f 377/840/369 378/839/368 393/800/352 392/799/351
f 376/841/370 377/840/369 392/799/351 391/798/350
f 375/842/371 376/841/370 391/798/350 390/797/349
f 374/843/372 375/842/371 390/797/349 389/796/348
f 373/844/373 374/843/372 389/796/348 388/795/347
f 372/845/374 373/844/373 388/795/347 387/794/346
f 412/788/340 383/790/342 400/793/345 414/789/341
f 365/771/330 397/804/356 408/785/337 407/773/332
f 404/742/314 405/846/379 387/794/346 355/784/336
f 417/847/380 402/848/377 384/849/364 415/850/363
f 367/741/313 399/832/378 405/846/379 404/742/314
f 416/783/335 370/782/331 402/848/377 417/847/380
f 387/794/346 405/846/379 403/851/359 372/845/374
f 416/783/335 417/847/380 401/829/375 369/761/320
f 417/847/380 415/850/363 386/852/362 401/829/375
f 411/830/376 401/829/375 386/852/362 409/833/361
f 398/786/338 408/785/337 406/806/358 385/787/339
f 399/832/378 371/834/360 403/851/359 405/846/379
f 432/853/316 473/854/332 474/855/337 464/856/338
f 451/857/339 478/858/340 480/859/341 464/856/338
f 449/860/342 484/861/343 486/862/344 466/863/345
f 480/859/341 466/863/345 434/864/284 479/865/317
f 453/866/346 454/867/347 422/868/321 421/869/381
f 454/867/347 455/870/348 423/871/322 422/868/321
f 455/870/348 456/872/349 424/873/323 423/871/322
f 456/872/349 457/874/350 425/875/324 424/873/323
f 457/874/350 458/876/351 426/877/325 425/875/324
f 458/876/351 459/878/352 427/879/326 426/877/325
f 459/878/352 460/880/353 428/881/327 427/879/326
f 460/880/353 461/882/354 429/883/328 428/881/327
f 461/882/354 462/884/355 430/885/329 429/883/328
f 462/884/355 463/886/356 431/887/330 430/885/329
f 500/888/261 434/864/284 485/889/285 551/890/286
f 463/886/356 448/891/357 472/892/358 474/855/337
f 469/893/359 437/894/360 475/895/361 452/896/362 481/897/363 450/898/364 484/899/343 449/900/342 478/901/340 451/902/339 472/903/358 448/904/357 447/905/365 446/906/366 445/907/367 444/908/368 443/909/369 442/910/370 441/911/371 440/912/372 439/913/373 438/914/374
f 466/863/345 486/862/344 485/889/285 434/864/284
f 464/856/338 480/859/341 479/865/317 432/853/316
f 476/915/318 435/916/320 467/917/375 477/918/376
f 486/862/344 468/919/377 436/920/331 485/889/285
f 476/915/318 477/918/376 465/921/378 433/922/313
f 470/923/314 536/924/315 499/925/311 433/922/313
f 498/926/249 432/853/316 479/865/317 545/927/260
f 477/918/376 475/928/361 437/929/360 465/921/378
f 484/861/343 450/930/364 468/919/377 486/862/344
f 447/931/365 448/891/357 463/886/356 462/884/355
f 446/932/366 447/931/365 462/884/355 461/882/354
f 445/933/367 446/932/366 461/882/354 460/880/353
f 444/934/368 445/933/367 460/880/353 459/878/352
f 443/935/369 444/934/368 459/878/352 458/876/351
f 442/936/370 443/935/369 458/876/351 457/874/350
f 441/937/371 442/936/370 457/874/350 456/872/349
f 440/938/372 441/937/371 456/872/349 455/870/348
f 439/939/373 440/938/372 455/870/348 454/867/347
f 438/940/374 439/939/373 454/867/347 453/866/346
f 478/858/340 449/860/342 466/863/345 480/859/341
f 431/887/330 463/886/356 474/855/337 473/854/332
f 433/922/313 499/925/311 542/941/305 476/915/318
f 470/923/314 471/942/379 453/866/346 421/869/381
f 476/915/318 542/941/305 501/943/308 435/916/320
f 488/944/264 422/868/321 423/871/322 489/945/266
f 489/945/266 423/871/322 424/873/323 490/946/268
f 490/946/268 424/873/323 425/875/324 491/947/270
f 491/947/270 425/875/324 426/877/325 492/948/272
f 492/948/272 426/877/325 427/879/326 493/949/274
f 493/949/274 427/879/326 428/881/327 494/950/276
f 494/950/276 428/881/327 429/883/328 495/951/278
f 495/951/278 429/883/328 430/885/329 496/952/280
f 496/952/280 430/885/329 431/887/330 497/953/282
f 551/890/286 485/889/285 436/920/331 502/954/309
f 545/927/260 479/865/317 434/864/284 500/888/261
f 539/955/252 473/854/332 432/853/316 498/926/249
f 497/953/282 431/887/330 473/854/332 539/955/252
f 483/956/380 468/957/377 450/958/364 481/959/363
f 433/922/313 465/921/378 471/942/379 470/923/314
f 482/960/335 436/961/331 468/957/377 483/956/380
f 453/866/346 471/942/379 469/962/359 438/940/374
f 482/960/335 483/956/380 467/917/375 435/916/320
f 483/956/380 481/959/363 452/963/362 467/917/375
f 482/960/335 548/964/334 502/965/309 436/961/331
f 477/918/376 467/917/375 452/963/362 475/928/361
f 435/916/320 501/943/308 548/964/334 482/960/335
f 487/966/382 421/869/381 422/868/321 488/944/264
f 338/743/315 404/742/314 355/784/336 289/685/263
f 464/856/338 474/855/337 472/892/358 451/857/339
f 465/921/378 437/929/360 469/962/359 471/942/379
f 498/926/249 530/967/250 540/968/251 539/955/252
f 517/969/253 530/967/250 546/970/254 544/971/255
f 515/972/256 532/973/383 552/974/258 550/975/259
f 546/970/254 545/927/260 500/888/261 532/973/383
f 519/976/262 487/966/382 488/944/264 520/977/265
f 520/977/265 488/944/264 489/945/266 521/978/267
f 521/978/267 489/945/266 490/946/268 522/979/269
f 522/979/269 490/946/268 491/947/270 523/980/271
f 523/980/271 491/947/270 492/948/272 524/981/273
f 524/981/273 492/948/272 493/949/274 525/982/275
f 525/982/275 493/949/274 494/950/276 526/983/277
f 526/983/277 494/950/276 495/951/278 527/984/279
f 527/984/279 495/951/278 496/952/280 528/985/281
f 528/985/281 496/952/280 497/953/282 529/986/283
f 529/986/283 540/968/251 538/987/287 514/988/288
f 535/989/289 504/990/290 505/991/291 506/992/292 507/993/293 508/994/294 509/995/295 510/996/296 511/997/297 512/998/298 513/999/299 514/1000/288 538/1001/287 517/1002/253 544/1003/255 515/1004/256 550/1005/259 516/1006/300 547/1007/384 518/1008/302 541/1009/303 503/1010/304
f 532/973/383 500/888/261 551/890/286 552/974/258
f 530/967/250 498/926/249 545/927/260 546/970/254
f 542/941/305 543/1011/306 533/1012/307 501/943/308
f 552/974/258 551/890/286 502/954/309 534/1013/310
f 542/941/305 499/925/311 531/1014/312 543/1011/306
f 543/1011/306 531/1014/312 503/1015/304 541/1016/303
f 550/975/259 552/974/258 534/1013/310 516/1017/300
f 513/1018/299 528/985/281 529/986/283 514/988/288
f 512/1019/298 527/984/279 528/985/281 513/1018/299
f 511/1020/297 526/983/277 527/984/279 512/1019/298
f 510/1021/296 525/982/275 526/983/277 511/1020/297
f 509/1022/295 524/981/273 525/982/275 510/1021/296
f 508/1023/294 523/980/271 524/981/273 509/1022/295
f 507/1024/293 522/979/269 523/980/271 508/1023/294
f 506/1025/292 521/978/267 522/979/269 507/1024/293
f 505/1026/291 520/977/265 521/978/267 506/1025/292
f 504/1027/290 519/976/262 520/977/265 505/1026/291
f 544/971/255 546/970/254 532/973/383 515/972/256
f 497/953/282 539/955/252 540/968/251 529/986/283
f 536/924/315 487/966/382 519/976/262 537/1028/319
f 549/1029/333 547/1030/384 516/1031/300 534/1032/310
f 499/925/311 536/924/315 537/1028/319 531/1014/312
f 548/964/334 549/1029/333 534/1032/310 502/965/309
f 519/976/262 504/1027/290 535/1033/289 537/1028/319
f 548/964/334 501/943/308 533/1012/307 549/1029/333
f 549/1029/333 533/1012/307 518/1034/302 547/1030/384
f 543/1011/306 541/1016/303 518/1034/302 533/1012/307
f 530/967/250 517/969/253 538/987/287 540/968/251
f 531/1014/312 537/1028/319 535/1033/289 503/1015/304
f 421/869/381 487/966/382 536/924/315 470/923/314
f 604/1035/385 578/1036/386 555/1037/387 553/1038/388
f 557/1039/389 556/1040/390 559/1041/391 560/1042/392
f 555/1037/387 578/1043/386 558/1044/393
f 554/1045/394 553/1038/388 555/1037/387 556/1040/390
f 558/1046/393 578/1047/386 561/1048/395
f 556/1040/390 555/1037/387 558/1044/393 559/1041/391
f 560/1049/392 559/1050/391 562/1051/396 563/1052/397
f 561/1048/395 562/1051/396 559/1050/391 558/1046/393
f 564/1053/398 565/1054/399 562/1051/396 561/1048/395
f 561/1048/395 578/1055/386 564/1053/398
f 566/1056/400 565/1054/399 568/1057/401 569/1058/402
f 564/1053/398 578/1059/386 567/1060/403
f 578/1061/386 596/1062/404 567/1060/403
f 568/1057/401 567/1060/403 596/1062/404 576/1063/405
f 603/1064/406 604/1035/385 553/1038/388 554/1045/394
f 605/1065/407 572/1066/408 574/1067/409 606/1068/410
f 554/1045/394 570/1069/411 573/1070/412 572/1066/408
f 603/1064/406 554/1045/394 572/1066/408 605/1065/407
f 572/1066/408 573/1070/412 575/1071/413 574/1067/409
f 557/1039/389 554/1045/394 556/1040/390
f 570/1069/411 554/1045/394 557/1039/389
f 569/1058/402 568/1057/401 571/1072/414
f 571/1072/414 568/1057/401 576/1063/405 577/1073/415
f 565/1054/399 564/1053/398 567/1060/403 568/1057/401
f 563/1052/397 562/1051/396 565/1054/399 566/1056/400
f 607/1074/416 606/1068/410 574/1067/409 575/1071/413
f 604/1035/385 579/1075/417 581/1076/418 578/1036/386
f 583/1077/419 586/1078/420 585/1079/421 582/1080/422
f 581/1076/418 584/1081/423 578/1043/386
f 580/1082/424 582/1080/422 581/1076/418 579/1075/417
f 584/1083/423 587/1084/425 578/1047/386
f 582/1080/422 585/1079/421 584/1081/423 581/1076/418
f 586/1085/420 589/1086/426 588/1087/427 585/1088/421
f 587/1084/425 584/1083/423 585/1088/421 588/1087/427
f 590/1089/428 587/1084/425 588/1087/427 591/1090/429
f 587/1084/425 590/1089/428 578/1055/386
f 592/1091/430 595/1092/431 594/1093/432 591/1090/429
f 590/1089/428 593/1094/433 578/1059/386
f 578/1061/386 593/1094/433 596/1062/404
f 594/1093/432 576/1063/405 596/1062/404 593/1094/433
f 603/1064/406 580/1082/424 579/1075/417 604/1035/385
f 605/1065/407 606/1068/410 601/1095/434 599/1096/435
f 580/1082/424 599/1096/435 600/1097/436 597/1098/437
f 603/1064/406 605/1065/407 599/1096/435 580/1082/424
f 599/1096/435 601/1095/434 602/1099/438 600/1097/436
f 583/1077/419 582/1080/422 580/1082/424
f 597/1098/437 583/1077/419 580/1082/424
f 595/1092/431 598/1100/439 594/1093/432
f 598/1100/439 577/1073/415 576/1063/405 594/1093/432
f 591/1090/429 594/1093/432 593/1094/433 590/1089/428
f 589/1086/426 592/1091/430 591/1090/429 588/1087/427
f 607/1074/416 602/1099/438 601/1095/434 606/1068/410
f 817/1101/440 637/1102/441 638/1103/442 818/1104/443
f 608/1105/444 619/1106/445 715/1107/446 705/1108/447
f 823/1109/448 643/1110/449 632/1111/450 824/1112/451
f 642/1113/452 630/1114/453 631/1115/454 643/1116/449
f 656/1117/455 644/1118/456 646/1119/457 657/1120/458
f 657/1120/458 646/1119/457 647/1121/459 658/1122/460
f 658/1122/460 647/1121/459 648/1123/461 659/1124/462
f 659/1124/462 648/1123/461 649/1125/463 660/1126/464
f 621/1127/465 656/1117/455 657/1120/458 622/1128/466
f 662/1129/467 651/1130/468 652/1131/469 663/1132/470
f 663/1132/470 652/1131/469 653/1133/471 664/1134/472
f 667/1135/473 645/1136/474 644/1118/456 656/1117/455
f 666/1137/475 655/1138/476 645/1139/474 667/1140/473
f 661/1141/477 650/1142/478 651/1130/468 662/1129/467
f 660/1126/464 649/1125/463 650/1142/478 661/1141/477
f 622/1128/466 657/1120/458 658/1122/460 623/1143/479
f 623/1143/479 658/1122/460 659/1124/462 624/1144/480
f 624/1144/480 659/1124/462 660/1126/464 625/1145/481
f 627/1146/482 662/1129/467 663/1132/470 628/1147/483
f 628/1147/483 663/1132/470 664/1134/472 629/1148/484
f 629/1148/484 664/1134/472 665/1149/485 630/1114/453
f 630/1114/453 665/1149/485 666/1137/475 631/1115/454
f 620/1150/486 667/1135/473 656/1117/455 621/1127/465
f 626/1151/487 661/1141/477 662/1129/467 627/1146/482
f 677/1152/488 821/1153/489 822/1154/490 678/1155/491
f 676/1156/492 820/1157/493 821/1153/489 677/1152/488
f 675/1158/494 819/1159/495 820/1157/493 676/1156/492
f 672/1160/496 816/1161/497 817/1101/440 673/1162/498
f 625/1145/481 660/1126/464 661/1141/477 626/1151/487
f 671/1163/499 815/1164/500 816/1161/497 672/1160/496
f 670/1165/501 814/1166/502 815/1164/500 671/1163/499
f 669/1167/503 813/1168/504 814/1166/502 670/1165/501
f 824/1112/451 813/1168/504 669/1167/503 668/1169/505
f 631/1115/454 666/1137/475 667/1140/473 620/1170/486
f 679/1171/506 823/1109/448 824/1112/451 668/1169/505
f 673/1162/498 817/1101/440 818/1104/443 674/1172/507
f 674/1172/507 818/1104/443 819/1159/495 675/1158/494
f 669/1167/503 670/1165/501 682/1173/508 681/1174/509
f 670/1165/501 671/1163/499 683/1175/510 682/1173/508
f 671/1163/499 672/1160/496 684/1176/511 683/1175/510
f 672/1160/496 673/1162/498 685/1177/512 684/1176/511
f 675/1158/494 676/1156/492 688/1178/513 687/1179/514
f 676/1156/492 677/1152/488 689/1180/515 688/1178/513
f 677/1152/488 678/1155/491 690/1181/516 689/1180/515
f 678/1155/491 679/1171/506 691/1182/517 690/1181/516
f 668/1169/505 669/1167/503 681/1174/509 680/1183/518
f 679/1171/506 668/1169/505 680/1183/518 691/1182/517
f 673/1162/498 674/1172/507 686/1184/519 685/1177/512
f 674/1172/507 675/1158/494 687/1179/514 686/1184/519
f 692/1185/520 693/1186/521 718/1187/474 717/1188/456
f 613/1189/522 612/1190/523 708/1191/524 709/1192/525
f 610/1193/526 609/1194/527 704/1195/528 706/1196/529
f 617/1197/530 616/1198/531 712/1199/532 713/1200/533
f 811/1201/534 690/1181/516 691/1182/517 812/1202/535
f 611/1203/536 610/1193/526 706/1196/529 707/1204/537
f 618/1205/538 617/1197/530 713/1200/533 714/1206/539
f 612/1190/523 611/1203/536 707/1204/537 708/1191/524
f 618/1205/538 714/1206/539 715/1107/446 619/1106/445
f 615/1207/540 614/1208/541 710/1209/542 711/1210/543
f 655/1211/476 654/1212/544 618/1205/538 619/1106/445
f 614/1208/541 613/1189/522 709/1192/525 710/1209/542
f 703/1213/545 715/1107/446 714/1206/539 702/1214/546
f 701/1215/547 700/1216/548 725/1217/469 726/1218/471
f 695/1219/549 694/1220/550 719/1221/457 720/1222/459
f 702/1214/546 701/1215/547 726/1218/471 727/1223/544
f 696/1224/551 695/1219/549 720/1222/459 721/1225/461
f 703/1213/545 702/1214/546 727/1223/544 728/1226/476
f 700/1216/548 699/1227/552 724/1228/468 725/1217/469
f 697/1229/553 696/1224/551 721/1225/461 722/1230/463
f 699/1227/552 698/1231/554 723/1232/478 724/1228/468
f 702/1214/546 714/1206/539 713/1200/533 701/1215/547
f 701/1215/547 713/1200/533 712/1199/532 700/1216/548
f 700/1216/548 712/1199/532 711/1210/543 699/1227/552
f 697/1229/553 709/1192/525 708/1191/524 696/1224/551
f 698/1231/554 697/1229/553 722/1230/463 723/1232/478
f 696/1224/551 708/1191/524 707/1204/537 695/1219/549
f 695/1219/549 707/1204/537 706/1196/529 694/1220/550
f 694/1220/550 706/1196/529 704/1195/528 692/1185/520
f 692/1185/520 704/1195/528 705/1108/447 693/1186/521
f 693/1186/521 703/1213/545 728/1226/476 718/1187/474
f 699/1227/552 711/1210/543 710/1209/542 698/1231/554
f 698/1231/554 710/1209/542 709/1192/525 697/1229/553
f 693/1186/521 705/1108/447 715/1107/446 703/1213/545
f 609/1194/527 608/1105/444 705/1108/447 704/1195/528
f 654/1212/544 653/1233/471 617/1197/530 618/1205/538
f 653/1233/471 652/1234/469 616/1198/531 617/1197/530
f 652/1234/469 651/1235/468 615/1207/540 616/1198/531
f 649/1236/463 648/1237/461 612/1190/523 613/1189/522
f 648/1237/461 647/1238/459 611/1203/536 612/1190/523
f 647/1238/459 646/1239/457 610/1193/526 611/1203/536
f 646/1239/457 644/1240/456 609/1194/527 610/1193/526
f 644/1240/456 645/1241/474 608/1105/444 609/1194/527
f 651/1235/468 650/1242/478 614/1208/541 615/1207/540
f 650/1242/478 649/1236/463 613/1189/522 614/1208/541
f 608/1105/444 645/1241/474 655/1211/476 619/1106/445
f 731/1243/555 732/1244/556 720/1222/459 719/1221/457
f 732/1244/556 733/1245/557 721/1225/461 720/1222/459
f 733/1245/557 734/1246/558 722/1230/463 721/1225/461
f 736/1247/559 737/1248/560 725/1217/469 724/1228/468
f 737/1248/560 738/1249/561 726/1218/471 725/1217/469
f 738/1249/561 739/1250/562 727/1223/544 726/1218/471
f 739/1250/562 740/1251/563 728/1226/476 727/1223/544
f 730/1252/564 729/1253/565 717/1188/456 718/1187/474
f 735/1254/566 736/1247/559 724/1228/468 723/1232/478
f 730/1252/564 718/1187/474 728/1226/476 740/1251/563
f 734/1246/558 735/1254/566 723/1232/478 722/1230/463
f 753/1255/567 740/1251/563 739/1250/562 754/1256/568
f 694/1220/550 692/1185/520 717/1188/456 719/1221/457
f 810/1257/569 689/1180/515 690/1181/516 811/1201/534
f 809/1258/570 688/1178/513 689/1180/515 810/1257/569
f 808/1259/571 687/1179/514 688/1178/513 809/1258/570
f 805/1260/572 684/1176/511 685/1177/512 806/1261/573
f 804/1262/574 683/1175/510 684/1176/511 805/1260/572
f 803/1263/575 682/1173/508 683/1175/510 804/1262/574
f 802/1264/576 681/1174/509 682/1173/508 803/1263/575
f 801/1265/577 680/1183/518 681/1174/509 802/1264/576
f 807/1266/578 686/1184/519 687/1179/514 808/1259/571
f 806/1261/573 685/1177/512 686/1184/519 807/1266/578
f 812/1202/535 691/1182/517 680/1183/518 801/1265/577
f 729/1253/565 731/1243/555 719/1221/457 717/1188/456
f 790/1267/579 800/1268/580 716/1269/581
f 792/1270/582 791/1271/583 716/1272/581
f 793/1273/584 792/1270/582 716/1274/581
f 794/1275/585 793/1273/584 716/1276/581
f 797/1277/586 796/1278/587 716/1279/581
f 795/1280/588 794/1275/585 716/1281/581
f 798/1282/589 797/1277/586 716/1283/581
f 799/1284/590 798/1282/589 716/1285/581
f 800/1268/580 799/1284/590 716/1286/581
f 789/1287/591 790/1267/579 716/1288/581
f 796/1278/587 795/1280/588 716/1289/581
f 741/1290/592 742/1291/593 779/1292/594 778/1293/595
f 752/1294/596 751/1295/597 776/1296/598 765/1297/599
f 751/1295/597 750/1298/600 775/1299/601 776/1296/598
f 750/1298/600 749/1300/602 774/1301/603 775/1299/601
f 749/1300/602 748/1302/604 773/1303/605 774/1301/603
f 775/1299/601 762/1304/606 763/1305/607 776/1296/598
f 748/1302/604 747/1306/608 772/1307/609 773/1303/605
f 745/1308/610 744/1309/611 769/1310/612 770/1311/613
f 744/1309/611 743/1312/614 768/1313/615 769/1310/612
f 743/1312/614 742/1291/593 767/1314/616 768/1313/615
f 754/1256/568 739/1250/562 738/1249/561 755/1315/617
f 755/1315/617 738/1249/561 737/1248/560 756/1316/618
f 756/1316/618 737/1248/560 736/1247/559 757/1317/619
f 759/1318/620 734/1246/558 733/1245/557 760/1319/621
f 747/1306/608 746/1320/622 771/1321/623 772/1307/609
f 760/1319/621 733/1245/557 732/1244/556 761/1322/624
f 761/1322/624 732/1244/556 731/1243/555 762/1304/606
f 762/1304/606 731/1243/555 729/1253/565 763/1305/607
f 763/1305/607 729/1253/565 730/1252/564 764/1323/625
f 741/1290/592 752/1294/596 765/1297/599 766/1324/626
f 746/1320/622 745/1308/610 770/1311/613 771/1321/623
f 757/1317/619 736/1247/559 735/1254/566 758/1325/627
f 730/1252/564 740/1251/563 753/1255/567 764/1323/625
f 758/1325/627 735/1254/566 734/1246/558 759/1318/620
f 774/1301/603 761/1322/624 762/1304/606 775/1299/601
f 773/1303/605 760/1319/621 761/1322/624 774/1301/603
f 772/1307/609 759/1318/620 760/1319/621 773/1303/605
f 769/1310/612 756/1316/618 757/1317/619 770/1311/613
f 768/1313/615 755/1315/617 756/1316/618 769/1310/612
f 767/1314/616 754/1256/568 755/1315/617 768/1313/615
f 766/1324/626 753/1255/567 754/1256/568 767/1314/616
f 776/1296/598 763/1305/607 764/1323/625 765/1297/599
f 771/1321/623 758/1325/627 759/1318/620 772/1307/609
f 742/1291/593 741/1290/592 766/1324/626 767/1314/616
f 765/1297/599 764/1323/625 753/1255/567 766/1324/626
f 770/1311/613 757/1317/619 758/1325/627 771/1321/623
f 742/1291/593 743/1312/614 780/1326/628 779/1292/594
f 743/1312/614 744/1309/611 781/1327/629 780/1326/628
f 744/1309/611 745/1308/610 782/1328/630 781/1327/629
f 747/1306/608 748/1302/604 785/1329/631 784/1330/632
f 791/1271/583 787/1331/633 788/1332/634 789/1287/591
f 748/1302/604 749/1300/602 786/1333/635 785/1329/631
f 749/1300/602 750/1298/600 787/1331/633 786/1333/635
f 750/1298/600 751/1295/597 788/1332/634 787/1331/633
f 751/1295/597 752/1294/596 777/1334/636 788/1332/634
f 777/1334/636 752/1294/596 741/1290/592 778/1293/595
f 746/1320/622 747/1306/608 784/1330/632 783/1335/637
f 745/1308/610 746/1320/622 783/1335/637 782/1328/630
f 792/1270/582 786/1333/635 787/1331/633 791/1271/583
f 793/1273/584 785/1329/631 786/1333/635 792/1270/582
f 794/1275/585 784/1330/632 785/1329/631 793/1273/584
f 797/1277/586 781/1327/629 782/1328/630 796/1278/587
f 798/1282/589 780/1326/628 781/1327/629 797/1277/586
f 799/1284/590 779/1292/594 780/1326/628 798/1282/589
f 800/1268/580 778/1293/595 779/1292/594 799/1284/590
f 789/1287/591 788/1332/634 777/1334/636 790/1267/579
f 796/1278/587 782/1328/630 783/1335/637 795/1280/588
f 790/1267/579 777/1334/636 778/1293/595 800/1268/580
f 795/1280/588 783/1335/637 784/1330/632 794/1275/585
f 801/1265/577 802/1264/576 803/1263/575 804/1262/574 805/1260/572 806/1261/573 807/1266/578 808/1259/571 809/1258/570 810/1257/569 811/1201/534 812/1202/535
f 616/1198/531 615/1207/540 711/1210/543 712/1199/532
f 664/1134/472 653/1133/471 654/1336/544 665/1149/485
f 813/1168/504 824/1112/451 632/1111/450 633/1337/638
f 813/1168/504 633/1337/638 634/1338/639 814/1166/502
f 814/1166/502 634/1338/639 635/1339/640 815/1164/500
f 815/1164/500 635/1339/640 636/1340/641 816/1161/497
f 816/1161/497 636/1340/641 637/1102/441 817/1101/440
f 819/1159/495 639/1341/642 640/1342/643 820/1157/493
f 820/1157/493 640/1342/643 641/1343/644 821/1153/489
f 821/1153/489 641/1343/644 642/1344/452 822/1154/490
f 818/1104/443 638/1103/442 639/1341/642 819/1159/495
f 678/1155/491 822/1154/490 823/1109/448 679/1171/506
f 641/1345/644 629/1148/484 630/1114/453 642/1113/452
f 640/1346/643 628/1147/483 629/1148/484 641/1345/644
f 639/1347/642 627/1146/482 628/1147/483 640/1346/643
f 636/1348/641 624/1144/480 625/1145/481 637/1349/441
f 635/1350/640 623/1143/479 624/1144/480 636/1348/641
f 634/1351/639 622/1128/466 623/1143/479 635/1350/640
f 633/1352/638 621/1127/465 622/1128/466 634/1351/639
f 620/1150/486 621/1127/465 633/1352/638 632/1353/450
f 643/1116/449 631/1115/454 620/1170/486 632/1354/450
f 638/1355/442 626/1151/487 627/1146/482 639/1347/642
f 637/1349/441 625/1145/481 626/1151/487 638/1355/442
f 822/1154/490 642/1344/452 643/1110/449 823/1109/448
f 791/1271/583 789/1287/591 716/1356/581
f 665/1149/485 654/1336/544 655/1138/476 666/1137/475
f 1034/1357/504 1035/1358/451 855/1359/450 854/1360/645
f 825/1361/541 922/1362/542 932/1363/543 836/1364/540
f 1040/1365/495 1041/1366/443 849/1367/442 860/1368/642
f 859/1369/643 860/1370/642 848/1371/482 847/1372/483
f 873/1373/464 874/1374/462 863/1375/461 861/1376/463
f 874/1374/462 875/1377/460 864/1378/459 863/1375/461
f 875/1377/460 876/1379/458 865/1380/457 864/1378/459
f 876/1379/458 877/1381/455 866/1382/456 865/1380/457
f 838/1383/481 839/1384/480 874/1374/462 873/1373/464
f 879/1385/475 880/1386/485 869/1387/544 868/1388/476
f 880/1386/485 881/1389/472 870/1390/471 869/1387/544
f 884/1391/477 873/1373/464 861/1376/463 862/1392/478
f 883/1393/467 884/1394/477 862/1395/478 872/1396/468
f 878/1397/473 879/1385/475 868/1388/476 867/1398/474
f 877/1381/455 878/1397/473 867/1398/474 866/1382/456
f 839/1384/480 840/1399/479 875/1377/460 874/1374/462
f 840/1399/479 841/1400/466 876/1379/458 875/1377/460
f 841/1400/466 842/1401/465 877/1381/455 876/1379/458
f 844/1402/454 845/1403/453 880/1386/485 879/1385/475
f 845/1403/453 846/1404/484 881/1389/472 880/1386/485
f 846/1404/484 847/1372/483 882/1405/470 881/1389/472
f 847/1372/483 848/1371/482 883/1393/467 882/1405/470
f 837/1406/487 838/1383/481 873/1373/464 884/1391/477
f 843/1407/486 844/1402/454 879/1385/475 878/1397/473
f 894/1408/488 895/1409/492 1039/1410/493 1038/1411/489
f 893/1412/491 894/1408/488 1038/1411/489 1037/1413/490
f 892/1414/506 893/1412/491 1037/1413/490 1036/1415/448
f 889/1416/501 890/1417/503 1034/1357/504 1033/1418/502
f 842/1401/465 843/1407/486 878/1397/473 877/1381/455
f 888/1419/499 889/1416/501 1033/1418/502 1032/1420/500
f 887/1421/496 888/1419/499 1032/1420/500 1031/1422/497
f 886/1423/498 887/1421/496 1031/1422/497 1030/1424/440
f 1041/1366/443 885/1425/507 886/1423/498 1030/1424/440
f 848/1371/482 837/1426/487 884/1394/477 883/1393/467
f 896/1427/494 885/1425/507 1041/1366/443 1040/1365/495
f 890/1417/503 891/1428/505 1035/1358/451 1034/1357/504
f 891/1428/505 892/1414/506 1036/1415/448 1035/1358/451
f 886/1423/498 898/1429/512 899/1430/511 887/1421/496
f 887/1421/496 899/1430/511 900/1431/510 888/1419/499
f 888/1419/499 900/1431/510 901/1432/508 889/1416/501
f 889/1416/501 901/1432/508 902/1433/509 890/1417/503
f 892/1414/506 904/1434/517 905/1435/516 893/1412/491
f 893/1412/491 905/1435/516 906/1436/515 894/1408/488
f 894/1408/488 906/1436/515 907/1437/513 895/1409/492
f 895/1409/492 907/1437/513 908/1438/514 896/1427/494
f 885/1425/507 897/1439/519 898/1429/512 886/1423/498
f 896/1427/494 908/1438/514 897/1439/519 885/1425/507
f 890/1417/503 902/1433/509 903/1440/518 891/1428/505
f 891/1428/505 903/1440/518 904/1434/517 892/1414/506
f 909/1441/553 934/1442/463 935/1443/478 910/1444/554
f 830/1445/527 926/1446/528 925/1447/529 829/1448/526
f 827/1449/523 923/1450/524 921/1451/525 826/1452/522
f 834/1453/530 930/1454/533 929/1455/539 833/1456/538
f 1028/1457/570 1029/1458/571 908/1438/514 907/1437/513
f 828/1459/536 924/1460/537 923/1450/524 827/1449/523
f 835/1461/531 931/1462/532 930/1454/533 834/1453/530
f 829/1448/526 925/1447/529 924/1460/537 828/1459/536
f 835/1461/531 836/1364/540 932/1363/543 931/1462/532
f 832/1463/445 928/1464/446 927/1465/447 831/1466/444
f 872/1467/468 836/1364/540 835/1461/531 871/1468/469
f 831/1466/444 927/1465/447 926/1446/528 830/1445/527
f 920/1469/552 919/1470/548 931/1462/532 932/1363/543
f 918/1471/547 943/1472/471 942/1473/544 917/1474/546
f 912/1475/549 937/1476/459 936/1477/461 911/1478/551
f 919/1470/548 944/1479/469 943/1472/471 918/1471/547
f 913/1480/550 938/1481/457 937/1476/459 912/1475/549
f 920/1469/552 945/1482/468 944/1479/469 919/1470/548
f 917/1474/546 942/1473/544 941/1483/476 916/1484/545
f 914/1485/520 939/1486/456 938/1481/457 913/1480/550
f 916/1484/545 941/1483/476 940/1487/474 915/1488/521
f 919/1470/548 918/1471/547 930/1454/533 931/1462/532
f 918/1471/547 917/1474/546 929/1455/539 930/1454/533
f 917/1474/546 916/1484/545 928/1464/446 929/1455/539
f 914/1485/520 913/1480/550 925/1447/529 926/1446/528
f 915/1488/521 940/1487/474 939/1486/456 914/1485/520
f 913/1480/550 912/1475/549 924/1460/537 925/1447/529
f 912/1475/549 911/1478/551 923/1450/524 924/1460/537
f 911/1478/551 909/1441/553 921/1451/525 923/1450/524
f 909/1441/553 910/1444/554 922/1362/542 921/1451/525
f 910/1444/554 935/1443/478 945/1482/468 920/1469/552
f 916/1484/545 915/1488/521 927/1465/447 928/1464/446
f 915/1488/521 914/1485/520 926/1446/528 927/1465/447
f 910/1444/554 920/1469/552 932/1363/543 922/1362/542
f 826/1452/522 921/1451/525 922/1362/542 825/1361/541
f 871/1468/469 835/1461/531 834/1453/530 870/1489/471
f 870/1489/471 834/1453/530 833/1456/538 869/1490/544
f 869/1490/544 833/1456/538 832/1463/445 868/1491/476
f 866/1492/456 830/1445/527 829/1448/526 865/1493/457
f 865/1493/457 829/1448/526 828/1459/536 864/1494/459
f 864/1494/459 828/1459/536 827/1449/523 863/1495/461
f 863/1495/461 827/1449/523 826/1452/522 861/1496/463
f 861/1496/463 826/1452/522 825/1361/541 862/1497/478
f 868/1491/476 832/1463/445 831/1466/444 867/1498/474
f 867/1498/474 831/1466/444 830/1445/527 866/1492/456
f 825/1361/541 836/1364/540 872/1467/468 862/1497/478
f 948/1499/646 936/1477/461 937/1476/459 949/1500/556
f 949/1500/556 937/1476/459 938/1481/457 950/1501/555
f 950/1501/555 938/1481/457 939/1486/456 951/1502/647
f 953/1503/648 941/1483/476 942/1473/544 954/1504/562
f 954/1504/562 942/1473/544 943/1472/471 955/1505/561
f 955/1505/561 943/1472/471 944/1479/469 956/1506/649
f 956/1506/649 944/1479/469 945/1482/468 957/1507/559
f 947/1508/566 935/1443/478 934/1442/463 946/1509/650
f 952/1510/651 940/1487/474 941/1483/476 953/1503/648
f 947/1508/566 957/1507/559 945/1482/468 935/1443/478
f 951/1502/647 939/1486/456 940/1487/474 952/1510/651
f 970/1511/619 971/1512/618 956/1506/649 957/1507/559
f 911/1478/551 936/1477/461 934/1442/463 909/1441/553
f 1027/1513/569 1028/1457/570 907/1437/513 906/1436/515
f 1026/1514/534 1027/1513/569 906/1436/515 905/1435/516
f 1025/1515/535 1026/1514/534 905/1435/516 904/1434/517
f 1022/1516/575 1023/1517/576 902/1433/509 901/1432/508
f 1021/1518/574 1022/1516/575 901/1432/508 900/1431/510
f 1020/1519/572 1021/1518/574 900/1431/510 899/1430/511
f 1019/1520/573 1020/1519/572 899/1430/511 898/1429/512
f 1018/1521/578 1019/1520/573 898/1429/512 897/1439/519
f 1024/1522/577 1025/1515/535 904/1434/517 903/1440/518
f 1023/1517/576 1024/1522/577 903/1440/518 902/1433/509
f 1029/1458/571 1018/1521/578 897/1439/519 908/1438/514
f 946/1509/650 934/1442/463 936/1477/461 948/1499/646
f 1007/1523/588 933/1524/581 1017/1525/587
f 1009/1526/582 933/1527/581 1008/1528/584
f 1010/1529/583 933/1530/581 1009/1526/582
f 1011/1531/591 933/1532/581 1010/1529/583
f 1014/1533/590 933/1534/581 1013/1535/580
f 1012/1536/579 933/1537/581 1011/1531/591
f 1015/1538/589 933/1539/581 1014/1533/590
f 1016/1540/586 933/1541/581 1015/1538/589
f 1017/1525/587 933/1542/581 1016/1540/586
f 1006/1543/585 933/1544/581 1007/1523/588
f 1013/1535/580 933/1545/581 1012/1536/579
f 958/1546/610 995/1547/630 996/1548/629 959/1549/611
f 969/1550/622 982/1551/623 993/1552/609 968/1553/608
f 968/1553/608 993/1552/609 992/1554/605 967/1555/604
f 967/1555/604 992/1554/605 991/1556/603 966/1557/602
f 966/1557/602 991/1556/603 990/1558/601 965/1559/600
f 992/1554/605 993/1552/609 980/1560/620 979/1561/621
f 965/1559/600 990/1558/601 989/1562/598 964/1563/597
f 962/1564/592 987/1565/626 986/1566/616 961/1567/593
f 961/1567/593 986/1566/616 985/1568/615 960/1569/614
f 960/1569/614 985/1568/615 984/1570/612 959/1549/611
f 971/1512/618 972/1571/617 955/1505/561 956/1506/649
f 972/1571/617 973/1572/568 954/1504/562 955/1505/561
f 973/1572/568 974/1573/567 953/1503/648 954/1504/562
f 976/1574/607 977/1575/606 950/1501/555 951/1502/647
f 964/1563/597 989/1562/598 988/1576/599 963/1577/596
f 977/1575/606 978/1578/624 949/1500/556 950/1501/555
f 978/1578/624 979/1561/621 948/1499/646 949/1500/556
f 979/1561/621 980/1560/620 946/1509/650 948/1499/646
f 980/1560/620 981/1579/627 947/1508/566 946/1509/650
f 958/1546/610 983/1580/613 982/1551/623 969/1550/622
f 963/1577/596 988/1576/599 987/1565/626 962/1564/592
f 974/1573/567 975/1581/625 952/1510/651 953/1503/648
f 947/1508/566 981/1579/627 970/1511/619 957/1507/559
f 975/1581/625 976/1574/607 951/1502/647 952/1510/651
f 991/1556/603 992/1554/605 979/1561/621 978/1578/624
f 990/1558/601 991/1556/603 978/1578/624 977/1575/606
f 989/1562/598 990/1558/601 977/1575/606 976/1574/607
f 986/1566/616 987/1565/626 974/1573/567 973/1572/568
f 985/1568/615 986/1566/616 973/1572/568 972/1571/617
f 984/1570/612 985/1568/615 972/1571/617 971/1512/618
f 983/1580/613 984/1570/612 971/1512/618 970/1511/619
f 993/1552/609 982/1551/623 981/1579/627 980/1560/620
f 988/1576/599 989/1562/598 976/1574/607 975/1581/625
f 959/1549/611 984/1570/612 983/1580/613 958/1546/610
f 982/1551/623 983/1580/613 970/1511/619 981/1579/627
f 987/1565/626 988/1576/599 975/1581/625 974/1573/567
f 959/1549/611 996/1548/629 997/1582/628 960/1569/614
f 960/1569/614 997/1582/628 998/1583/594 961/1567/593
f 961/1567/593 998/1583/594 999/1584/595 962/1564/592
f 964/1563/597 1001/1585/634 1002/1586/633 965/1559/600
f 1008/1528/584 1006/1543/585 1005/1587/632 1004/1588/631
f 965/1559/600 1002/1586/633 1003/1589/635 966/1557/602
f 966/1557/602 1003/1589/635 1004/1588/631 967/1555/604
f 967/1555/604 1004/1588/631 1005/1587/632 968/1553/608
f 968/1553/608 1005/1587/632 994/1590/637 969/1550/622
f 994/1590/637 995/1547/630 958/1546/610 969/1550/622
f 963/1577/596 1000/1591/636 1001/1585/634 964/1563/597
f 962/1564/592 999/1584/595 1000/1591/636 963/1577/596
f 1009/1526/582 1008/1528/584 1004/1588/631 1003/1589/635
f 1010/1529/583 1009/1526/582 1003/1589/635 1002/1586/633
f 1011/1531/591 1010/1529/583 1002/1586/633 1001/1585/634
f 1014/1533/590 1013/1535/580 999/1584/595 998/1583/594
f 1015/1538/589 1014/1533/590 998/1583/594 997/1582/628
f 1016/1540/586 1015/1538/589 997/1582/628 996/1548/629
f 1017/1525/587 1016/1540/586 996/1548/629 995/1547/630
f 1006/1543/585 1007/1523/588 994/1590/637 1005/1587/632
f 1013/1535/580 1012/1536/579 1000/1591/636 999/1584/595
f 1007/1523/588 1017/1525/587 995/1547/630 994/1590/637
f 1012/1536/579 1011/1531/591 1001/1585/634 1000/1591/636
f 1018/1521/578 1029/1458/571 1028/1457/570 1027/1513/569 1026/1514/534 1025/1515/535 1024/1522/577 1023/1517/576 1022/1516/575 1021/1518/574 1020/1519/572 1019/1520/573
f 833/1456/538 929/1455/539 928/1464/446 832/1463/445
f 881/1389/472 882/1405/470 871/1592/469 870/1390/471
f 1030/1424/440 850/1593/652 849/1367/442 1041/1366/443
f 1030/1424/440 1031/1422/497 851/1594/641 850/1593/652
f 1031/1422/497 1032/1420/500 852/1595/640 851/1594/641
f 1032/1420/500 1033/1418/502 853/1596/639 852/1595/640
f 1033/1418/502 1034/1357/504 854/1360/645 853/1596/639
f 1036/1415/448 1037/1413/490 857/1597/653 856/1598/654
f 1037/1413/490 1038/1411/489 858/1599/644 857/1597/653
f 1038/1411/489 1039/1410/493 859/1600/643 858/1599/644
f 1035/1358/451 1036/1415/448 856/1598/654 855/1359/450
f 895/1409/492 896/1427/494 1040/1365/495 1039/1410/493
f 858/1601/644 859/1369/643 847/1372/483 846/1404/484
f 857/1602/653 858/1601/644 846/1404/484 845/1403/453
f 856/1603/654 857/1602/653 845/1403/453 844/1402/454
f 853/1604/639 854/1605/645 842/1401/465 841/1400/466
f 852/1606/640 853/1604/639 841/1400/466 840/1399/479
f 851/1607/641 852/1606/640 840/1399/479 839/1384/480
f 850/1608/652 851/1607/641 839/1384/480 838/1383/481
f 837/1406/487 849/1609/442 850/1608/652 838/1383/481
f 860/1370/642 849/1610/442 837/1426/487 848/1371/482
f 855/1611/450 856/1603/654 844/1402/454 843/1407/486
f 854/1605/645 855/1611/450 843/1407/486 842/1401/465
f 1039/1410/493 1040/1365/495 860/1368/642 859/1600/643
f 1008/1528/584 933/1612/581 1006/1543/585
f 882/1405/470 883/1393/467 872/1396/468 871/1592/469
f 1048/1613/655 1043/1614/656 1045/1615/657 1052/1616/658
f 1090/1617/659 1056/1618/660 1067/1619/661 1105/1620/662
f 1056/1618/660 1047/1621/663 1066/1622/664 1067/1619/661
f 1064/1623/665 1063/1624/666 1060/1625/667 1061/1626/668
f 1093/1627/669 1077/1628/670 1046/1629/671 1059/1630/672
f 1059/1630/672 1058/1631/673 1092/1632/15 1093/1627/669
f 1058/1631/673 1057/1633/674 1091/1634/675 1092/1632/15
f 1052/1616/658 1045/1615/657 1047/1621/663 1056/1618/660
f 1044/1635/676 1055/1636/677 1059/1630/672 1046/1629/671
f 1055/1636/677 1054/1637/678 1058/1631/673 1059/1630/672
f 1054/1637/678 1053/1638/679 1057/1633/674 1058/1631/673
f 1042/1639/680 1051/1640/681 1055/1636/677 1044/1635/676
f 1051/1640/681 1050/1641/682 1054/1637/678 1055/1636/677
f 1050/1641/682 1049/1642/682 1053/1638/679 1054/1637/678
f 1049/1642/682 1048/1613/655 1052/1616/658 1053/1638/679
f 1053/1638/679 1052/1616/658 1056/1618/660 1057/1633/674
f 1065/1643/683 1064/1623/665 1061/1626/668 1062/1644/684
f 1102/1645/685 1066/1622/664 1068/1646/686 1106/1647/687
f 1045/1615/657 1043/1614/656 1063/1624/666 1064/1623/665
f 1100/1648/688 1065/1643/683 1062/1644/684 1097/1649/689
f 1057/1633/674 1056/1618/660 1090/1617/659 1091/1634/675
f 1065/1643/683 1100/1648/688 1106/1647/687 1068/1646/686
f 1047/1621/663 1045/1615/657 1064/1623/665 1065/1643/683
f 1044/1635/676 1069/1650/690 1042/1639/680
f 1067/1619/661 1066/1622/664 1102/1645/685 1105/1620/662
f 1044/1635/676 1046/1629/671 1070/1651/691 1069/1650/690
f 1047/1621/663 1065/1643/683 1068/1646/686 1066/1622/664
f 1046/1629/671 1077/1628/670 1110/1652/692 1070/1651/691
f 1078/1653/693 1082/1654/694 1074/1655/695 1072/1656/696
f 1090/1617/659 1105/1620/662 1104/1657/697 1086/1658/698
f 1086/1658/698 1104/1657/697 1103/1659/699 1076/1660/700
f 1099/1661/701 1095/1662/702 1094/1663/703 1098/1664/704
f 1093/1627/669 1089/1665/705 1075/1666/706 1077/1628/670
f 1089/1665/705 1093/1627/669 1092/1632/15 1088/1667/707
f 1088/1667/707 1092/1632/15 1091/1634/675 1087/1668/708
f 1082/1654/694 1086/1658/698 1076/1660/700 1074/1655/695
f 1073/1669/709 1075/1666/706 1089/1665/705 1085/1670/710
f 1085/1670/710 1089/1665/705 1088/1667/707 1084/1671/711
f 1084/1671/711 1088/1667/707 1087/1668/708 1083/1672/712
f 1071/1673/713 1073/1669/709 1085/1670/710 1081/1674/714
f 1081/1674/714 1085/1670/710 1084/1671/711 1080/1675/715
f 1080/1675/715 1084/1671/711 1083/1672/712 1079/1676/715
f 1079/1676/715 1083/1672/712 1082/1654/694 1078/1653/693
f 1083/1672/712 1087/1668/708 1086/1658/698 1082/1654/694
f 1101/1677/716 1096/1678/717 1095/1662/702 1099/1661/701
f 1102/1645/685 1106/1647/687 1107/1679/718 1103/1659/699
f 1074/1655/695 1099/1661/701 1098/1664/704 1072/1656/696
f 1100/1648/688 1097/1649/689 1096/1678/717 1101/1677/716
f 1087/1668/708 1091/1634/675 1090/1617/659 1086/1658/698
f 1101/1677/716 1107/1679/718 1106/1647/687 1100/1648/688
f 1076/1660/700 1101/1677/716 1099/1661/701 1074/1655/695
f 1073/1669/709 1071/1673/713 1108/1680/719
f 1104/1657/697 1105/1620/662 1102/1645/685 1103/1659/699
f 1073/1669/709 1108/1680/719 1109/1681/720 1075/1666/706
f 1076/1660/700 1103/1659/699 1107/1679/718 1101/1677/716
f 1075/1666/706 1109/1681/720 1110/1652/692 1077/1628/670
f 1111/1682/721 1112/1683/722 1114/1684/723 1113/1685/724
f 1113/1685/724 1114/1684/723 1116/1686/725 1115/1687/726
f 1115/1687/726 1116/1686/725 1118/1688/727 1117/1689/728
f 1117/1689/728 1118/1688/727 1120/1690/729 1119/1691/730
f 1119/1691/730 1120/1690/729 1122/1692/731 1121/1693/732
f 1112/1694/722 1124/1695/733 1122/1696/731 1120/1697/729 1118/1698/727 1116/1699/725 1114/1700/723
f 1123/1701/734 1111/1702/721 1113/1703/724 1115/1704/726 1117/1705/728 1119/1706/730 1121/1707/732
f 1121/1693/732 1122/1692/731 1124/1708/733 1123/1709/734
f 1125/1710/721 1126/1711/722 1128/1712/723 1127/1713/724
f 1127/1713/724 1128/1712/723 1130/1714/725 1129/1715/726
f 1129/1715/726 1130/1714/725 1132/1716/727 1131/1717/728
f 1131/1717/728 1132/1716/727 1134/1718/729 1133/1719/730
f 1133/1719/730 1134/1718/729 1136/1720/731 1135/1721/732
f 1126/1722/722 1138/1723/733 1136/1724/731 1134/1725/729 1132/1726/727 1130/1727/725 1128/1728/723
f 1137/1729/734 1125/1730/721 1127/1731/724 1129/1732/726 1131/1733/728 1133/1734/730 1135/1735/732
f 1135/1721/732 1136/1720/731 1138/1736/733 1137/1737/734
f 1139/1738/721 1140/1739/722 1142/1740/723 1141/1741/724
f 1141/1741/724 1142/1740/723 1144/1742/725 1143/1743/726
f 1143/1743/726 1144/1742/725 1146/1744/727 1145/1745/728
f 1145/1745/728 1146/1744/727 1148/1746/729 1147/1747/730
f 1147/1747/730 1148/1746/729 1150/1748/731 1149/1749/732
f 1140/1750/722 1152/1751/733 1150/1752/731 1148/1753/729 1146/1754/727 1144/1755/725 1142/1756/723
f 1151/1757/734 1139/1758/721 1141/1759/724 1143/1760/726 1145/1761/728 1147/1762/730 1149/1763/732
f 1149/1749/732 1150/1748/731 1152/1764/733 1151/1765/734
f 1172/1766/735 1153/1767/736 1154/1768/737 1169/1769/738
f 1169/1769/738 1154/1768/737 1155/1770/739 1170/1771/740
f 1163/1772/741 1165/1773/742 1166/1774/743 1164/1775/744
f 1170/1771/740 1155/1770/739 1157/1776/745 1171/1777/746
f 1173/1778/747 1156/1779/748 1153/1767/736 1172/1766/735
f 1154/1768/737 1153/1780/736 1157/1781/745 1155/1770/739
f 1175/1782/749 1159/1783/750 1156/1779/748 1173/1778/747
f 1171/1777/746 1157/1776/745 1158/1784/751 1174/1785/752
f 1157/1781/745 1153/1780/736 1156/1786/748 1158/1787/751
f 1156/1786/748 1159/1788/750 1160/1789/753 1158/1787/751
f 1162/1790/754 1161/1791/755 1163/1772/741 1164/1775/744
f 1165/1773/742 1167/1792/756 1168/1793/757 1166/1774/743
f 1174/1785/752 1158/1784/751 1160/1794/753 1176/1795/758
f 1163/1796/741 1171/1777/746 1174/1785/752 1165/1797/742
f 1168/1798/757 1175/1782/749 1173/1778/747 1166/1799/743
f 1166/1799/743 1173/1778/747 1172/1766/735 1164/1800/744
f 1161/1791/755 1170/1771/740 1171/1777/746 1163/1796/741
f 1162/1790/754 1169/1769/738 1170/1771/740 1161/1791/755
f 1164/1800/744 1172/1766/735 1169/1769/738 1162/1790/754
f 1165/1797/742 1174/1785/752 1176/1795/758 1167/1801/756
f 1196/1802/759 1193/1803/760 1178/1804/761 1177/1805/762
f 1193/1803/760 1194/1806/763 1179/1807/764 1178/1804/761
f 1187/1808/765 1188/1809/766 1190/1810/767 1189/1811/768
f 1194/1806/763 1195/1812/769 1181/1813/770 1179/1807/764
f 1197/1814/771 1196/1802/759 1177/1805/762 1180/1815/772
f 1178/1804/761 1179/1807/764 1181/1816/770 1177/1817/762
f 1199/1818/773 1197/1814/771 1180/1815/772 1183/1819/774
f 1195/1812/769 1198/1820/775 1182/1821/776 1181/1813/770
f 1181/1816/770 1182/1822/776 1180/1823/772 1177/1817/762
f 1180/1823/772 1182/1822/776 1184/1824/777 1183/1825/774
f 1186/1826/778 1188/1809/766 1187/1808/765 1185/1827/779
f 1189/1811/768 1190/1810/767 1192/1828/780 1191/1829/781
f 1198/1820/775 1200/1830/782 1184/1831/777 1182/1821/776
f 1187/1832/765 1189/1833/768 1198/1820/775 1195/1812/769
f 1192/1834/780 1190/1835/767 1197/1814/771 1199/1818/773
f 1190/1835/767 1188/1836/766 1196/1802/759 1197/1814/771
f 1185/1827/779 1187/1832/765 1195/1812/769 1194/1806/763
f 1186/1826/778 1185/1827/779 1194/1806/763 1193/1803/760
f 1188/1836/766 1186/1826/778 1193/1803/760 1196/1802/759
f 1189/1833/768 1191/1837/781 1200/1830/782 1198/1820/775
f 1223/1838/783 1211/1839/784 1212/1840/785 1224/1841/786
f 1222/1842/787 1210/1843/788 1211/1839/784 1223/1838/783
f 1221/1844/789 1209/1845/790 1210/1843/788 1222/1842/787
f 1220/1846/791 1208/1847/792 1209/1845/790 1221/1844/789
f 1219/1848/793 1207/1849/794 1208/1847/792 1220/1846/791
f 1218/1850/795 1206/1851/796 1207/1849/794 1219/1848/793
f 1217/1852/797 1205/1853/798 1206/1851/796 1218/1850/795
f 1216/1854/799 1204/1855/800 1205/1853/798 1217/1852/797
f 1215/1856/801 1203/1857/802 1204/1855/800 1216/1854/799
f 1214/1858/803 1201/1859/804 1203/1857/802 1215/1856/801
f 1213/1860/805 1202/1861/806 1201/1859/804 1214/1858/803
f 1236/1862/807 1213/1860/805 1214/1858/803 1225/1863/808
f 1225/1863/808 1214/1858/803 1215/1856/801 1226/1864/809
f 1226/1864/809 1215/1856/801 1216/1854/799 1227/1865/810
f 1227/1865/810 1216/1854/799 1217/1852/797 1228/1866/811
f 1228/1866/811 1217/1852/797 1218/1850/795 1229/1867/812
f 1229/1867/812 1218/1850/795 1219/1848/793 1230/1868/813
f 1230/1868/813 1219/1848/793 1220/1846/791 1231/1869/814
f 1231/1869/814 1220/1846/791 1221/1844/789 1232/1870/815
f 1232/1870/815 1221/1844/789 1222/1842/787 1233/1871/816
f 1233/1871/816 1222/1842/787 1223/1838/783 1234/1872/817
f 1234/1872/817 1223/1838/783 1224/1841/786 1235/1873/818
f 1212/1840/785 1202/1874/806 1213/1875/805 1224/1841/786
f 1224/1841/786 1213/1875/805 1236/1876/807 1235/1873/818
f 1259/1877/819 1260/1878/820 1248/1879/821 1247/1880/822
f 1258/1881/823 1259/1877/819 1247/1880/822 1246/1882/824
f 1257/1883/825 1258/1881/823 1246/1882/824 1245/1884/826
f 1256/1885/827 1257/1883/825 1245/1884/826 1244/1886/828
f 1255/1887/829 1256/1885/827 1244/1886/828 1243/1888/830
f 1254/1889/831 1255/1887/829 1243/1888/830 1242/1890/832
f 1253/1891/833 1254/1889/831 1242/1890/832 1241/1892/834
f 1252/1893/835 1253/1891/833 1241/1892/834 1240/1894/836
f 1251/1895/837 1252/1893/835 1240/1894/836 1239/1896/838
f 1250/1897/839 1251/1895/837 1239/1896/838 1237/1898/840
f 1249/1899/841 1250/1897/839 1237/1898/840 1238/1900/842
f 1272/1901/843 1261/1902/844 1250/1897/839 1249/1899/841
f 1261/1902/844 1262/1903/845 1251/1895/837 1250/1897/839
f 1262/1903/845 1263/1904/846 1252/1893/835 1251/1895/837
f 1263/1904/846 1264/1905/847 1253/1891/833 1252/1893/835
f 1264/1905/847 1265/1906/848 1254/1889/831 1253/1891/833
f 1265/1906/848 1266/1907/849 1255/1887/829 1254/1889/831
f 1266/1907/849 1267/1908/850 1256/1885/827 1255/1887/829
f 1267/1908/850 1268/1909/851 1257/1883/825 1256/1885/827
f 1268/1909/851 1269/1910/852 1258/1881/823 1257/1883/825
f 1269/1910/852 1270/1911/853 1259/1877/819 1258/1881/823
f 1270/1911/853 1271/1912/854 1260/1878/820 1259/1877/819
f 1248/1879/821 1260/1878/820 1249/1913/841 1238/1914/842
f 1260/1878/820 1271/1912/854 1272/1915/843 1249/1913/841
f 1348/1916/855 1349/1917/856 1361/1918/857 1360/1919/858
f 1297/1920/859 1310/1921/860 1309/1922/861 1298/1923/862
f 1298/1923/862 1309/1922/861 1311/1924/863 1299/1925/864
f 1299/1925/864 1311/1924/863 1312/1926/865 1300/1927/866
f 1300/1927/866 1312/1926/865 1313/1928/867 1301/1929/868
f 1301/1929/868 1313/1928/867 1314/1930/869 1302/1931/870
f 1302/1931/870 1314/1930/869 1315/1932/871 1303/1933/872
f 1303/1933/872 1315/1932/871 1316/1934/873 1304/1935/874
f 1304/1935/874 1316/1934/873 1317/1936/875 1305/1937/876
f 1305/1937/876 1317/1936/875 1318/1938/877 1306/1939/878
f 1374/1940/879 1370/1941/880 1321/1942/581
f 1306/1939/878 1318/1938/877 1319/1943/881 1307/1944/882
f 1307/1944/882 1319/1943/881 1320/1945/883 1308/1946/884
f 1279/1947/885 1281/1948/886 1338/1949/887 1337/1950/888
f 1273/1951/889 1297/1952/859 1298/1953/862 1275/1954/890
f 1299/1955/864 1277/1956/891 1275/1954/890 1298/1953/862
f 1300/1957/866 1279/1947/885 1277/1956/891 1299/1955/864
f 1301/1958/868 1281/1948/886 1279/1947/885 1300/1957/866
f 1302/1959/870 1283/1960/892 1281/1948/886 1301/1958/868
f 1303/1961/872 1285/1962/893 1283/1960/892 1302/1959/870
f 1304/1963/874 1287/1964/894 1285/1962/893 1303/1961/872
f 1305/1965/876 1289/1966/895 1287/1964/894 1304/1963/874
f 1306/1967/878 1291/1968/896 1289/1966/895 1305/1965/876
f 1307/1969/882 1293/1970/897 1291/1968/896 1306/1967/878
f 1308/1971/884 1295/1972/898 1293/1970/897 1307/1969/882
f 1309/1973/861 1310/1974/860 1274/1975/899 1276/1976/900
f 1375/1977/901 1371/1978/902 1321/1979/581
f 1376/1980/903 1372/1981/904 1321/1982/581
f 1377/1983/905 1374/1940/879 1321/1984/581
f 1378/1985/906 1375/1977/901 1321/1986/581
f 1379/1987/907 1373/1988/908 1321/1989/581
f 1380/1990/909 1376/1980/903 1321/1991/581
f 1381/1992/910 1377/1983/905 1321/1993/581
f 1373/1988/908 1378/1985/906 1321/1994/581
f 1370/1941/880 1379/1987/907 1321/1995/581
f 1371/1978/902 1380/1990/909 1321/1996/581
f 1372/1981/904 1381/1992/910 1321/1997/581
f 1297/1952/859 1273/1951/889 1295/1972/898 1308/1971/884
f 1328/1998/911 1329/1999/912 1353/2000/913 1352/2001/914
f 1293/1970/897 1295/1972/898 1345/2002/915 1344/2003/916
f 1273/1951/889 1275/1954/890 1335/2004/917 1334/2005/918
f 1287/1964/894 1289/1966/895 1342/2006/919 1341/2007/920
f 1281/1948/886 1283/1960/892 1339/2008/921 1338/1949/887
f 1295/1972/898 1273/1951/889 1334/2005/918 1345/2002/915
f 1275/1954/890 1277/1956/891 1336/2009/922 1335/2004/917
f 1289/1966/895 1291/1968/896 1343/2010/923 1342/2006/919
f 1283/1960/892 1285/1962/893 1340/2011/924 1339/2008/921
f 1277/1956/891 1279/1947/885 1337/1950/888 1336/2009/922
f 1291/1968/896 1293/1970/897 1344/2003/916 1343/2010/923
f 1285/1962/893 1287/1964/894 1341/2007/920 1340/2011/924
f 1323/2012/925 1322/2013/926 1334/2005/918 1335/2004/917
f 1324/2014/927 1323/2012/925 1335/2004/917 1336/2009/922
f 1325/2015/928 1324/2014/927 1336/2009/922 1337/1950/888
f 1326/2016/929 1325/2015/928 1337/1950/888 1338/1949/887
f 1327/2017/930 1326/2016/929 1338/1949/887 1339/2008/921
f 1328/1998/911 1327/2017/930 1339/2008/921 1340/2011/924
f 1329/1999/912 1328/1998/911 1340/2011/924 1341/2007/920
f 1330/2018/931 1329/1999/912 1341/2007/920 1342/2006/919
f 1331/2019/932 1330/2018/931 1342/2006/919 1343/2010/923
f 1332/2020/933 1331/2019/932 1343/2010/923 1344/2003/916
f 1333/2021/934 1332/2020/933 1344/2003/916 1345/2002/915
f 1322/2013/926 1333/2021/934 1345/2002/915 1334/2005/918
f 1363/2022/935 1364/2023/936 1388/2024/937 1387/2025/938
f 1325/2015/928 1326/2016/929 1350/2026/939 1349/1917/856
f 1332/2020/933 1333/2021/934 1357/2027/940 1356/2028/941
f 1322/2013/926 1323/2012/925 1347/2029/942 1346/2030/943
f 1329/1999/912 1330/2018/931 1354/2031/944 1353/2000/913
f 1326/2016/929 1327/2017/930 1351/2032/945 1350/2026/939
f 1333/2021/934 1322/2013/926 1346/2030/943 1357/2027/940
f 1323/2012/925 1324/2014/927 1348/1916/855 1347/2029/942
f 1330/2018/931 1331/2019/932 1355/2033/946 1354/2031/944
f 1327/2017/930 1328/1998/911 1352/2001/914 1351/2032/945
f 1324/2014/927 1325/2015/928 1349/1917/856 1348/1916/855
f 1331/2019/932 1332/2020/933 1356/2028/941 1355/2033/946
f 1383/2034/947 1394/2035/948 1382/2036/949
f 1355/2033/946 1356/2028/941 1368/2037/950 1367/2038/951
f 1352/2001/914 1353/2000/913 1365/2039/952 1364/2023/936
f 1349/1917/856 1350/2026/939 1362/2040/953 1361/1918/857
f 1356/2028/941 1357/2027/940 1369/2041/954 1368/2037/950
f 1346/2030/943 1347/2029/942 1359/2042/955 1358/2043/956
f 1353/2000/913 1354/2031/944 1366/2044/957 1365/2039/952
f 1350/2026/939 1351/2032/945 1363/2022/935 1362/2040/953
f 1357/2027/940 1346/2030/943 1358/2043/956 1369/2041/954
f 1347/2029/942 1348/1916/855 1360/1919/858 1359/2042/955
f 1354/2031/944 1355/2033/946 1367/2038/951 1366/2044/957
f 1351/2032/945 1352/2001/914 1364/2023/936 1363/2022/935
f 1385/2045/958 1394/2046/948 1384/2047/959
f 1360/1919/858 1361/1918/857 1385/2045/958 1384/2047/959
f 1367/2038/951 1368/2037/950 1392/2048/960 1391/2049/961
f 1364/2023/936 1365/2039/952 1389/2050/962 1388/2024/937
f 1361/1918/857 1362/2040/953 1386/2051/963 1385/2045/958
f 1368/2037/950 1369/2041/954 1393/2052/964 1392/2048/960
f 1358/2043/956 1359/2042/955 1383/2034/947 1382/2036/949
f 1365/2039/952 1366/2044/957 1390/2053/965 1389/2050/962
f 1362/2040/953 1363/2022/935 1387/2025/938 1386/2051/963
f 1369/2041/954 1358/2043/956 1382/2036/949 1393/2052/964
f 1359/2042/955 1360/1919/858 1384/2047/959 1383/2034/947
f 1366/2044/957 1367/2038/951 1391/2049/961 1390/2053/965
f 1290/2054/966 1408/2055/967 1413/2056/968 1292/2057/969
f 1276/1976/900 1406/2058/970 1411/2059/971 1278/2060/972
f 1296/2061/973 1404/2062/974 1417/2063/975 1274/1975/899
f 1282/2064/976 1402/2065/977 1410/2066/978 1284/2067/979
f 1288/2068/980 1400/2069/981 1408/2055/967 1290/2054/966
f 1274/1975/899 1417/2063/975 1406/2058/970 1276/1976/900
f 1294/2070/982 1398/2071/983 1404/2062/974 1296/2061/973
f 1280/2072/984 1396/2073/985 1402/2065/977 1282/2064/976
f 1286/2074/986 1415/2075/987 1400/2069/981 1288/2068/980
f 1292/2057/969 1413/2056/968 1398/2071/983 1294/2070/982
f 1278/2060/972 1411/2059/971 1396/2073/985 1280/2072/984
f 1311/2076/863 1309/1973/861 1276/1976/900 1278/2060/972
f 1312/2077/865 1311/2076/863 1278/2060/972 1280/2072/984
f 1313/2078/867 1312/2077/865 1280/2072/984 1282/2064/976
f 1314/2079/869 1313/2078/867 1282/2064/976 1284/2067/979
f 1315/2080/871 1314/2079/869 1284/2067/979 1286/2074/986
f 1316/2081/873 1315/2080/871 1286/2074/986 1288/2068/980
f 1317/2082/875 1316/2081/873 1288/2068/980 1290/2054/966
f 1318/2083/877 1317/2082/875 1290/2054/966 1292/2057/969
f 1319/2084/881 1318/2083/877 1292/2057/969 1294/2070/982
f 1320/2085/883 1319/2084/881 1294/2070/982 1296/2061/973
f 1274/1975/899 1310/1974/860 1320/2085/883 1296/2061/973
f 1308/1946/884 1320/1945/883 1310/2086/860 1297/2087/859
f 1416/2088/987 1409/2089/978 1381/1992/910 1372/1981/904
f 1414/2090/968 1407/2091/967 1380/1990/909 1371/1978/902
f 1412/2092/971 1405/2093/970 1379/1987/907 1370/1941/880
f 1418/2094/975 1403/2095/974 1378/1985/906 1373/1988/908
f 1409/2089/978 1401/2096/977 1377/1983/905 1381/1992/910
f 1407/2091/967 1399/2097/981 1376/1980/903 1380/1990/909
f 1405/2093/970 1418/2094/975 1373/1988/908 1379/1987/907
f 1403/2095/974 1397/2098/983 1375/1977/901 1378/1985/906
f 1401/2096/977 1395/2099/985 1374/1940/879 1377/1983/905
f 1399/2097/981 1416/2088/987 1372/1981/904 1376/1980/903
f 1397/2098/983 1414/2090/968 1371/1978/902 1375/1977/901
f 1383/2034/947 1384/2047/959 1394/2100/948
f 1386/2051/963 1394/2101/948 1385/2045/958
f 1387/2025/938 1394/2102/948 1386/2051/963
f 1388/2024/937 1394/2103/948 1387/2025/938
f 1389/2050/962 1394/2104/948 1388/2024/937
f 1390/2053/965 1394/2105/948 1389/2050/962
f 1391/2049/961 1394/2106/948 1390/2053/965
f 1392/2048/960 1394/2107/948 1391/2049/961
f 1393/2052/964 1394/2108/948 1392/2048/960
f 1382/2036/949 1394/2109/948 1393/2052/964
f 1415/2075/987 1416/2088/987 1399/2097/981 1400/2069/981
f 1395/2099/985 1401/2096/977 1402/2065/977 1396/2073/985
f 1397/2098/983 1403/2095/974 1404/2062/974 1398/2071/983
f 1417/2063/975 1418/2094/975 1405/2093/970 1406/2058/970
f 1399/2097/981 1407/2091/967 1408/2055/967 1400/2069/981
f 1401/2096/977 1409/2089/978 1410/2066/978 1402/2065/977
f 1403/2095/974 1418/2094/975 1417/2063/975 1404/2062/974
f 1405/2093/970 1412/2092/971 1411/2059/971 1406/2058/970
f 1407/2091/967 1414/2090/968 1413/2056/968 1408/2055/967
f 1409/2089/978 1416/2088/987 1415/2075/987 1410/2066/978
f 1413/2056/968 1414/2090/968 1397/2098/983 1398/2071/983
f 1395/2099/985 1412/2092/971 1370/1941/880 1374/1940/879
f 1284/2067/979 1410/2066/978 1415/2075/987 1286/2074/986
f 1494/2110/988 1506/2111/989 1507/2112/990 1495/2113/991
f 1443/2114/992 1444/2115/993 1455/2116/994 1456/2117/995
f 1444/2115/993 1445/2118/996 1457/2119/997 1455/2116/994
f 1445/2118/996 1446/2120/998 1458/2121/999 1457/2119/997
f 1446/2120/998 1447/2122/1000 1459/2123/1001 1458/2121/999
f 1447/2122/1000 1448/2124/1002 1460/2125/1003 1459/2123/1001
f 1448/2124/1002 1449/2126/1004 1461/2127/1005 1460/2125/1003
f 1449/2126/1004 1450/2128/1006 1462/2129/1007 1461/2127/1005
f 1450/2128/1006 1451/2130/1008 1463/2131/1009 1462/2129/1007
f 1451/2130/1008 1452/2132/1010 1464/2133/1011 1463/2131/1009
f 1520/2134/1012 1467/2135/581 1516/2136/1013
f 1452/2132/1010 1453/2137/1014 1465/2138/1015 1464/2133/1011
f 1453/2137/1014 1454/2139/1016 1466/2140/1017 1465/2138/1015
f 1425/2141/1018 1483/2142/1019 1484/2143/1020 1427/2144/1021
f 1419/2145/1022 1421/2146/1023 1444/2147/993 1443/2148/992
f 1445/2149/996 1444/2147/993 1421/2146/1023 1423/2150/1024
f 1446/2151/998 1445/2149/996 1423/2150/1024 1425/2141/1018
f 1447/2152/1000 1446/2151/998 1425/2141/1018 1427/2144/1021
f 1448/2153/1002 1447/2152/1000 1427/2144/1021 1429/2154/1025
f 1449/2155/1004 1448/2153/1002 1429/2154/1025 1431/2156/1026
f 1450/2157/1006 1449/2155/1004 1431/2156/1026 1433/2158/1027
f 1451/2159/1008 1450/2157/1006 1433/2158/1027 1435/2160/1028
f 1452/2161/1010 1451/2159/1008 1435/2160/1028 1437/2162/1029
f 1453/2163/1014 1452/2161/1010 1437/2162/1029 1439/2164/1030
f 1454/2165/1016 1453/2163/1014 1439/2164/1030 1441/2166/1031
f 1455/2167/994 1422/2168/1032 1420/2169/1033 1456/2170/995
f 1521/2171/1034 1467/2172/581 1517/2173/1035
f 1522/2174/1036 1467/2175/581 1518/2176/1037
f 1523/2177/1038 1467/2178/581 1520/2134/1012
f 1524/2179/1039 1467/2180/581 1521/2171/1034
f 1525/2181/1040 1467/2182/581 1519/2183/1041
f 1526/2184/1042 1467/2185/581 1522/2174/1036
f 1527/2186/1043 1467/2187/581 1523/2177/1038
f 1519/2183/1041 1467/2188/581 1524/2179/1039
f 1516/2136/1013 1467/2189/581 1525/2181/1040
f 1517/2173/1035 1467/2190/581 1526/2184/1042
f 1518/2176/1037 1467/2191/581 1527/2186/1043
f 1443/2148/992 1454/2165/1016 1441/2166/1031 1419/2145/1022
f 1474/2192/1044 1498/2193/1045 1499/2194/1046 1475/2195/1047
f 1439/2164/1030 1490/2196/1048 1491/2197/1049 1441/2166/1031
f 1419/2145/1022 1480/2198/1050 1481/2199/1051 1421/2146/1023
f 1433/2158/1027 1487/2200/1052 1488/2201/1053 1435/2160/1028
f 1427/2144/1021 1484/2143/1020 1485/2202/1054 1429/2154/1025
f 1441/2166/1031 1491/2197/1049 1480/2198/1050 1419/2145/1022
f 1421/2146/1023 1481/2199/1051 1482/2203/1055 1423/2150/1024
f 1435/2160/1028 1488/2201/1053 1489/2204/1056 1437/2162/1029
f 1429/2154/1025 1485/2202/1054 1486/2205/1057 1431/2156/1026
f 1423/2150/1024 1482/2203/1055 1483/2142/1019 1425/2141/1018
f 1437/2162/1029 1489/2204/1056 1490/2196/1048 1439/2164/1030
f 1431/2156/1026 1486/2205/1057 1487/2200/1052 1433/2158/1027
f 1469/2206/1058 1481/2199/1051 1480/2198/1050 1468/2207/1059
f 1470/2208/1060 1482/2203/1055 1481/2199/1051 1469/2206/1058
f 1471/2209/1061 1483/2142/1019 1482/2203/1055 1470/2208/1060
f 1472/2210/1062 1484/2143/1020 1483/2142/1019 1471/2209/1061
f 1473/2211/1063 1485/2202/1054 1484/2143/1020 1472/2210/1062
f 1474/2192/1044 1486/2205/1057 1485/2202/1054 1473/2211/1063
f 1475/2195/1047 1487/2200/1052 1486/2205/1057 1474/2192/1044
f 1476/2212/1064 1488/2201/1053 1487/2200/1052 1475/2195/1047
f 1477/2213/1065 1489/2204/1056 1488/2201/1053 1476/2212/1064
f 1478/2214/1066 1490/2196/1048 1489/2204/1056 1477/2213/1065
f 1479/2215/1067 1491/2197/1049 1490/2196/1048 1478/2214/1066
f 1468/2207/1059 1480/2198/1050 1491/2197/1049 1479/2215/1067
f 1509/2216/1068 1533/2217/1069 1534/2218/1070 1510/2219/1071
f 1471/2209/1061 1495/2113/991 1496/2220/1072 1472/2210/1062
f 1478/2214/1066 1502/2221/1073 1503/2222/1074 1479/2215/1067
f 1468/2207/1059 1492/2223/1075 1493/2224/1076 1469/2206/1058
f 1475/2195/1047 1499/2194/1046 1500/2225/1077 1476/2212/1064
f 1472/2210/1062 1496/2220/1072 1497/2226/1078 1473/2211/1063
f 1479/2215/1067 1503/2222/1074 1492/2223/1075 1468/2207/1059
f 1469/2206/1058 1493/2224/1076 1494/2110/988 1470/2208/1060
f 1476/2212/1064 1500/2225/1077 1501/2227/1079 1477/2213/1065
f 1473/2211/1063 1497/2226/1078 1498/2193/1045 1474/2192/1044
f 1470/2208/1060 1494/2110/988 1495/2113/991 1471/2209/1061
f 1477/2213/1065 1501/2227/1079 1502/2221/1073 1478/2214/1066
f 1529/2228/1080 1528/2229/1081 1540/2230/948
f 1501/2227/1079 1513/2231/1082 1514/2232/1083 1502/2221/1073
f 1498/2193/1045 1510/2219/1071 1511/2233/1084 1499/2194/1046
f 1495/2113/991 1507/2112/990 1508/2234/1085 1496/2220/1072
f 1502/2221/1073 1514/2232/1083 1515/2235/1086 1503/2222/1074
f 1492/2223/1075 1504/2236/1087 1505/2237/1088 1493/2224/1076
f 1499/2194/1046 1511/2233/1084 1512/2238/1089 1500/2225/1077
f 1496/2220/1072 1508/2234/1085 1509/2216/1068 1497/2226/1078
f 1503/2222/1074 1515/2235/1086 1504/2236/1087 1492/2223/1075
f 1493/2224/1076 1505/2237/1088 1506/2111/989 1494/2110/988
f 1500/2225/1077 1512/2238/1089 1513/2231/1082 1501/2227/1079
f 1497/2226/1078 1509/2216/1068 1510/2219/1071 1498/2193/1045
f 1531/2239/1090 1530/2240/1091 1540/2241/948
f 1506/2111/989 1530/2240/1091 1531/2239/1090 1507/2112/990
f 1513/2231/1082 1537/2242/1092 1538/2243/1093 1514/2232/1083
f 1510/2219/1071 1534/2218/1070 1535/2244/1094 1511/2233/1084
f 1507/2112/990 1531/2239/1090 1532/2245/1095 1508/2234/1085
f 1514/2232/1083 1538/2243/1093 1539/2246/1096 1515/2235/1086
f 1504/2236/1087 1528/2229/1081 1529/2228/1080 1505/2237/1088
f 1511/2233/1084 1535/2244/1094 1536/2247/1097 1512/2238/1089
f 1508/2234/1085 1532/2245/1095 1533/2217/1069 1509/2216/1068
f 1515/2235/1086 1539/2246/1096 1528/2229/1081 1504/2236/1087
f 1505/2237/1088 1529/2228/1080 1530/2240/1091 1506/2111/989
f 1512/2238/1089 1536/2247/1097 1537/2242/1092 1513/2231/1082
f 1436/2248/1098 1438/2249/1099 1559/2250/1100 1554/2251/1101
f 1422/2168/1032 1424/2252/1102 1557/2253/1103 1552/2254/1104
f 1442/2255/1105 1420/2169/1033 1563/2256/1106 1550/2257/1107
f 1428/2258/1108 1430/2259/1109 1556/2260/1110 1548/2261/1111
f 1434/2262/1112 1436/2248/1098 1554/2251/1101 1546/2263/1113
f 1420/2169/1033 1422/2168/1032 1552/2254/1104 1563/2256/1106
f 1440/2264/1114 1442/2255/1105 1550/2257/1107 1544/2265/1115
f 1426/2266/1116 1428/2258/1108 1548/2261/1111 1542/2267/1117
f 1432/2268/1118 1434/2262/1112 1546/2263/1113 1561/2269/1119
f 1438/2249/1099 1440/2264/1114 1544/2265/1115 1559/2250/1100
f 1424/2252/1102 1426/2266/1116 1542/2267/1117 1557/2253/1103
f 1457/2270/997 1424/2252/1102 1422/2168/1032 1455/2167/994
f 1458/2271/999 1426/2266/1116 1424/2252/1102 1457/2270/997
f 1459/2272/1001 1428/2258/1108 1426/2266/1116 1458/2271/999
f 1460/2273/1003 1430/2259/1109 1428/2258/1108 1459/2272/1001
f 1461/2274/1005 1432/2268/1118 1430/2259/1109 1460/2273/1003
f 1462/2275/1007 1434/2262/1112 1432/2268/1118 1461/2274/1005
f 1463/2276/1009 1436/2248/1098 1434/2262/1112 1462/2275/1007
f 1464/2277/1011 1438/2249/1099 1436/2248/1098 1463/2276/1009
f 1465/2278/1015 1440/2264/1114 1438/2249/1099 1464/2277/1011
f 1466/2279/1017 1442/2255/1105 1440/2264/1114 1465/2278/1015
f 1420/2169/1033 1442/2255/1105 1466/2279/1017 1456/2170/995
f 1454/2139/1016 1443/2280/992 1456/2281/995 1466/2140/1017
f 1562/2282/1119 1518/2176/1037 1527/2186/1043 1555/2283/1110
f 1560/2284/1100 1517/2173/1035 1526/2184/1042 1553/2285/1101
f 1558/2286/1103 1516/2136/1013 1525/2181/1040 1551/2287/1104
f 1564/2288/1106 1519/2183/1041 1524/2179/1039 1549/2289/1107
f 1555/2283/1110 1527/2186/1043 1523/2177/1038 1547/2290/1111
f 1553/2285/1101 1526/2184/1042 1522/2174/1036 1545/2291/1113
f 1551/2287/1104 1525/2181/1040 1519/2183/1041 1564/2288/1106
f 1549/2289/1107 1524/2179/1039 1521/2171/1034 1543/2292/1115
f 1547/2290/1111 1523/2177/1038 1520/2134/1012 1541/2293/1117
f 1545/2291/1113 1522/2174/1036 1518/2176/1037 1562/2282/1119
f 1543/2292/1115 1521/2171/1034 1517/2173/1035 1560/2284/1100
f 1529/2228/1080 1540/2294/948 1530/2240/1091
f 1532/2245/1095 1531/2239/1090 1540/2295/948
f 1533/2217/1069 1532/2245/1095 1540/2296/948
f 1534/2218/1070 1533/2217/1069 1540/2297/948
f 1535/2244/1094 1534/2218/1070 1540/2298/948
f 1536/2247/1097 1535/2244/1094 1540/2299/948
f 1537/2242/1092 1536/2247/1097 1540/2300/948
f 1538/2243/1093 1537/2242/1092 1540/2301/948
f 1539/2246/1096 1538/2243/1093 1540/2302/948
f 1528/2229/1081 1539/2246/1096 1540/2303/948
f 1545/2291/1113 1562/2282/1119 1561/2269/1119 1546/2263/1113
f 1547/2290/1111 1541/2293/1117 1542/2267/1117 1548/2261/1111
f 1549/2289/1107 1543/2292/1115 1544/2265/1115 1550/2257/1107
f 1551/2287/1104 1564/2288/1106 1563/2256/1106 1552/2254/1104
f 1553/2285/1101 1545/2291/1113 1546/2263/1113 1554/2251/1101
f 1555/2283/1110 1547/2290/1111 1548/2261/1111 1556/2260/1110
f 1563/2256/1106 1564/2288/1106 1549/2289/1107 1550/2257/1107
f 1557/2253/1103 1558/2286/1103 1551/2287/1104 1552/2254/1104
f 1559/2250/1100 1560/2284/1100 1553/2285/1101 1554/2251/1101
f 1561/2269/1119 1562/2282/1119 1555/2283/1110 1556/2260/1110
f 1541/2293/1117 1558/2286/1103 1557/2253/1103 1542/2267/1117
f 1541/2293/1117 1520/2134/1012 1516/2136/1013 1558/2286/1103
f 1430/2259/1109 1432/2268/1118 1561/2269/1119 1556/2260/1110
f 1411/2059/971 1412/2092/971 1395/2099/985 1396/2073/985
f 1543/2292/1115 1560/2284/1100 1559/2250/1100 1544/2265/1115
f 1581/2304/1120 1566/2305/1121 1567/2306/1122 1582/2307/1123
f 1567/2306/1122 1566/2305/1121 1565/2308/1124 1569/2309/1125
f 1583/2310/1126 1569/2311/1125 1570/2312/1127 1586/2313/1128
f 1585/2314/1129 1568/2315/1130 1565/2316/1124 1584/2317/1131
f 1577/2318/1132 1586/2313/1128 1588/2319/1133 1579/2320/1134
f 1582/2307/1123 1583/2310/1126 1575/2321/1135 1573/2322/1136
f 1575/2323/1135 1577/2324/1132 1578/2325/1137 1576/2326/1138
f 1568/2327/1130 1571/2328/1139 1572/2329/1140 1570/2330/1127
f 1569/2309/1125 1565/2308/1124 1568/2327/1130 1570/2330/1127
f 1577/2324/1132 1579/2331/1134 1580/2332/1141 1578/2325/1137
f 1582/2307/1123 1573/2322/1136 1574/2333/1142 1581/2304/1120
f 1580/2334/1141 1587/2335/1143 1585/2314/1129 1578/2336/1137
f 1578/2336/1137 1585/2314/1129 1584/2317/1131 1576/2337/1138
f 1575/2321/1135 1583/2310/1126 1586/2313/1128 1577/2318/1132
f 1584/2317/1131 1565/2316/1124 1566/2305/1121 1581/2304/1120
f 1587/2335/1143 1571/2338/1139 1568/2315/1130 1585/2314/1129
f 1576/2337/1138 1584/2317/1131 1581/2304/1120 1574/2333/1142
f 1575/2323/1135 1576/2326/1138 1574/2333/1142 1573/2322/1136
f 1583/2310/1126 1582/2307/1123 1567/2306/1122 1569/2311/1125
f 1586/2313/1128 1570/2312/1127 1572/2339/1140 1588/2319/1133
f 1605/2340/1144 1606/2341/1145 1591/2342/1146 1590/2343/1147
f 1591/2342/1146 1593/2344/1148 1589/2345/1149 1590/2343/1147
f 1607/2346/1150 1610/2347/1151 1594/2348/1152 1593/2349/1148
f 1609/2350/1153 1608/2351/1154 1589/2352/1149 1592/2353/1155
f 1601/2354/1156 1603/2355/1157 1612/2356/1158 1610/2347/1151
f 1606/2341/1145 1597/2357/1159 1599/2358/1160 1607/2346/1150
f 1599/2359/1160 1600/2360/1161 1602/2361/1162 1601/2362/1156
f 1592/2363/1155 1594/2364/1152 1596/2365/1163 1595/2366/1164
f 1593/2344/1148 1594/2364/1152 1592/2363/1155 1589/2345/1149
f 1601/2362/1156 1602/2361/1162 1604/2367/1165 1603/2368/1157
f 1606/2341/1145 1605/2340/1144 1598/2369/1166 1597/2357/1159
f 1604/2370/1165 1602/2371/1162 1609/2350/1153 1611/2372/1167
f 1602/2371/1162 1600/2373/1161 1608/2351/1154 1609/2350/1153
f 1599/2358/1160 1601/2354/1156 1610/2347/1151 1607/2346/1150
f 1608/2351/1154 1605/2340/1144 1590/2343/1147 1589/2352/1149
f 1611/2372/1167 1609/2350/1153 1592/2353/1155 1595/2374/1164
f 1600/2373/1161 1598/2369/1166 1605/2340/1144 1608/2351/1154
f 1599/2359/1160 1597/2357/1159 1598/2369/1166 1600/2360/1161
f 1607/2346/1150 1593/2349/1148 1591/2342/1146 1606/2341/1145
f 1610/2347/1151 1612/2356/1158 1596/2375/1163 1594/2348/1152
f 1627/2376/1168 1628/2377/1169 1626/2378/1170 1625/2379/1171
f 1621/2380/1172 1623/2381/1173 1624/2382/1174 1622/2383/1175
f 1617/2384/1176 1613/2385/1177 1616/2386/1178 1618/2387/1179
f 1618/2388/1179 1634/2389/1180 1631/2390/1181 1617/2391/1176
f 1616/2386/1178 1619/2392/1182 1620/2393/1183 1618/2387/1179
f 1631/2390/1181 1623/2394/1173 1621/2380/1172 1630/2395/1184
f 1625/2379/1171 1626/2378/1170 1624/2382/1174 1623/2381/1173
f 1625/2396/1171 1634/2389/1180 1636/2397/1185 1627/2398/1168
f 1622/2383/1175 1629/2399/1186 1630/2395/1184 1621/2380/1172
f 1628/2400/1169 1635/2401/1187 1633/2402/1188 1626/2403/1170
f 1626/2403/1170 1633/2402/1188 1632/2404/1189 1624/2405/1174
f 1624/2405/1174 1632/2404/1189 1629/2399/1186 1622/2383/1175
f 1633/2402/1188 1616/2406/1178 1613/2407/1177 1632/2404/1189
f 1614/2408/1190 1613/2385/1177 1617/2384/1176 1615/2409/1191
f 1634/2389/1180 1618/2388/1179 1620/2410/1183 1636/2397/1185
f 1632/2404/1189 1613/2407/1177 1614/2408/1190 1629/2399/1186
f 1629/2399/1186 1614/2408/1190 1615/2409/1191 1630/2395/1184
f 1635/2401/1187 1619/2411/1182 1616/2406/1178 1633/2402/1188
f 1617/2391/1176 1631/2390/1181 1630/2395/1184 1615/2409/1191
f 1634/2389/1180 1625/2396/1171 1623/2394/1173 1631/2390/1181
f 1651/2412/1192 1649/2413/1193 1650/2414/1194 1652/2415/1195
f 1645/2416/1196 1646/2417/1197 1648/2418/1198 1647/2419/1199
f 1641/2420/1200 1642/2421/1201 1640/2422/1202 1637/2423/1203
f 1642/2424/1201 1641/2425/1200 1655/2426/1204 1658/2427/1205
f 1640/2422/1202 1642/2421/1201 1644/2428/1206 1643/2429/1207
f 1655/2426/1204 1654/2430/1208 1645/2416/1196 1647/2431/1199
f 1649/2413/1193 1647/2419/1199 1648/2418/1198 1650/2414/1194
f 1649/2432/1193 1651/2433/1192 1660/2434/1209 1658/2427/1205
f 1646/2417/1197 1645/2416/1196 1654/2430/1208 1653/2435/1210
f 1652/2436/1195 1650/2437/1194 1657/2438/1211 1659/2439/1212
f 1650/2437/1194 1648/2440/1198 1656/2441/1213 1657/2438/1211
f 1648/2440/1198 1646/2417/1197 1653/2435/1210 1656/2441/1213
f 1657/2438/1211 1656/2441/1213 1637/2442/1203 1640/2443/1202
f 1638/2444/1214 1639/2445/1215 1641/2420/1200 1637/2423/1203
f 1658/2427/1205 1660/2434/1209 1644/2446/1206 1642/2424/1201
f 1656/2441/1213 1653/2435/1210 1638/2444/1214 1637/2442/1203
f 1653/2435/1210 1654/2430/1208 1639/2445/1215 1638/2444/1214
f 1659/2439/1212 1657/2438/1211 1640/2443/1202 1643/2447/1207
f 1641/2425/1200 1639/2445/1215 1654/2430/1208 1655/2426/1204
f 1658/2427/1205 1655/2426/1204 1647/2431/1199 1649/2432/1193
f 1671/2448/1216 1661/2449/1217 1662/2450/1218 1672/2451/1219
f 1672/2451/1219 1662/2450/1218 1663/2452/1220 1673/2453/1221
f 1673/2453/1221 1663/2452/1220 1664/2454/1222 1674/2455/1223
f 1674/2455/1223 1664/2454/1222 1665/2456/1224 1675/2457/1225
f 1675/2457/1225 1665/2456/1224 1666/2458/1226 1676/2459/1227
f 1676/2459/1227 1666/2458/1226 1667/2460/1228 1677/2461/1229
f 1677/2461/1229 1667/2460/1228 1668/2462/1230 1678/2463/1231
f 1662/2464/1218 1661/2465/1217 1670/2466/1232 1669/2467/1233 1668/2468/1230 1667/2469/1228 1666/2470/1226 1665/2471/1224 1664/2472/1222 1663/2473/1220
f 1678/2463/1231 1668/2462/1230 1669/2474/1233 1679/2475/1234
f 1679/2475/1234 1669/2474/1233 1670/2476/1232 1680/2477/1235
f 1680/2477/1235 1670/2476/1232 1661/2478/1217 1671/2479/1216
f 1671/2480/1216 1672/2481/1219 1673/2482/1221 1674/2483/1223 1675/2484/1225 1676/2485/1227 1677/2486/1229 1678/2487/1231 1679/2488/1234 1680/2489/1235
f 1691/2490/1216 1692/2491/1235 1682/2492/1232 1681/2493/1217
f 1692/2491/1235 1693/2494/1234 1683/2495/1233 1682/2492/1232
f 1693/2494/1234 1694/2496/1231 1684/2497/1230 1683/2495/1233
f 1694/2496/1231 1695/2498/1229 1685/2499/1228 1684/2497/1230
f 1695/2498/1229 1696/2500/1227 1686/2501/1226 1685/2499/1228
f 1696/2500/1227 1697/2502/1225 1687/2503/1224 1686/2501/1226
f 1697/2502/1225 1698/2504/1223 1688/2505/1222 1687/2503/1224
f 1682/2506/1232 1683/2507/1233 1684/2508/1230 1685/2509/1228 1686/2510/1226 1687/2511/1224 1688/2512/1222 1689/2513/1220 1690/2514/1218 1681/2515/1217
f 1698/2504/1223 1699/2516/1221 1689/2517/1220 1688/2505/1222
f 1699/2516/1221 1700/2518/1219 1690/2519/1218 1689/2517/1220
f 1700/2518/1219 1691/2520/1216 1681/2521/1217 1690/2519/1218
f 1691/2522/1216 1700/2523/1219 1699/2524/1221 1698/2525/1223 1697/2526/1225 1696/2527/1227 1695/2528/1229 1694/2529/1231 1693/2530/1234 1692/2531/1235
f 1711/2532/1216 1701/2533/1217 1702/2534/1218 1712/2535/1219
f 1712/2535/1219 1702/2534/1218 1703/2536/1220 1713/2537/1221
f 1713/2537/1221 1703/2536/1220 1704/2538/1222 1714/2539/1223
f 1714/2539/1223 1704/2538/1222 1705/2540/1224 1715/2541/1225
f 1715/2541/1225 1705/2540/1224 1706/2542/1226 1716/2543/1227
f 1716/2543/1227 1706/2542/1226 1707/2544/1228 1717/2545/1229
f 1717/2545/1229 1707/2544/1228 1708/2546/1230 1718/2547/1231
f 1702/2548/1218 1701/2549/1217 1710/2550/1232 1709/2551/1233 1708/2552/1230 1707/2553/1228 1706/2554/1226 1705/2555/1224 1704/2556/1222 1703/2557/1220
f 1718/2547/1231 1708/2546/1230 1709/2558/1233 1719/2559/1234
f 1719/2559/1234 1709/2558/1233 1710/2560/1232 1720/2561/1235
f 1720/2561/1235 1710/2560/1232 1701/2562/1217 1711/2563/1216
f 1711/2564/1216 1712/2565/1219 1713/2566/1221 1714/2567/1223 1715/2568/1225 1716/2569/1227 1717/2570/1229 1718/2571/1231 1719/2572/1234 1720/2573/1235
f 1731/2574/1216 1732/2575/1235 1722/2576/1232 1721/2577/1217
f 1732/2575/1235 1733/2578/1234 1723/2579/1233 1722/2576/1232
f 1733/2578/1234 1734/2580/1231 1724/2581/1230 1723/2579/1233
f 1734/2580/1231 1735/2582/1229 1725/2583/1228 1724/2581/1230
f 1735/2582/1229 1736/2584/1227 1726/2585/1226 1725/2583/1228
f 1736/2584/1227 1737/2586/1225 1727/2587/1224 1726/2585/1226
f 1737/2586/1225 1738/2588/1223 1728/2589/1222 1727/2587/1224
f 1722/2590/1232 1723/2591/1233 1724/2592/1230 1725/2593/1228 1726/2594/1226 1727/2595/1224 1728/2596/1222 1729/2597/1220 1730/2598/1218 1721/2599/1217
f 1738/2588/1223 1739/2600/1221 1729/2601/1220 1728/2589/1222
f 1739/2600/1221 1740/2602/1219 1730/2603/1218 1729/2601/1220
f 1740/2602/1219 1731/2604/1216 1721/2605/1217 1730/2603/1218
f 1731/2606/1216 1740/2607/1219 1739/2608/1221 1738/2609/1223 1737/2610/1225 1736/2611/1227 1735/2612/1229 1734/2613/1231 1733/2614/1234 1732/2615/1235
f 1759/2616/1236 1757/2617/1237 1747/2618/1238 1755/2619/1239
f 1755/2619/1239 1747/2618/1238 1806/2620/1240 1818/2621/1241
f 1817/2622/1242 1805/2623/1243 1746/2624/1244 1754/2625/1245
f 1742/2626/1246 1741/2627/1247 1758/2628/1248 1746/2629/1244
f 1799/2630/1249 1742/2626/1246 1746/2629/1244 1805/2631/1243
f 1743/2632/1250 1800/2633/1251 1806/2634/1240 1747/2635/1238
f 1744/2636/1252 1743/2632/1250 1747/2635/1238 1757/2637/1237
f 1750/2638/1253 1754/2639/1245 1760/2640/1254 1749/2641/1255
f 1811/2642/1256 1817/2643/1242 1754/2639/1245 1750/2638/1253
f 1751/2644/1257 1755/2645/1239 1818/2646/1241 1812/2647/1258
f 1752/2648/1259 1759/2649/1236 1755/2645/1239 1751/2644/1257
f 1782/2650/1260 1745/2651/1261 1758/2652/1248 1774/2653/1260
f 1754/2625/1245 1746/2624/1244 1758/2654/1248 1760/2655/1254
f 1783/2656/92 1756/2657/1262 1759/2616/1236 1777/2658/92
f 1756/2657/1262 1748/2659/1263 1757/2617/1237 1759/2616/1236
f 1795/2660/1264 1770/2661/1265 1764/2662/1266 1788/2663/1267
f 1793/2664/1268 1771/2665/1269 1761/2666/1270 1785/2667/1271
f 1764/2662/1266 1762/2668/1272 1786/2669/1273 1788/2663/1267
f 1770/2661/1265 1772/2670/1274 1762/2668/1272 1764/2662/1266
f 1748/2659/1263 1766/2671/1275 1789/2672/1276 1781/2673/1260
f 1756/2657/1262 1765/2674/1277 1766/2671/1275 1748/2659/1263
f 1783/2656/92 1792/2675/1278 1765/2674/1277 1756/2657/1262
f 1784/2676/92 1791/2677/1279 1792/2675/1278 1783/2656/92
f 1782/2650/1260 1790/2678/1280 1768/2679/1281 1745/2651/1261
f 1772/2670/1274 1794/2680/1282 1786/2669/1273 1762/2668/1272
f 1794/2680/1282 1793/2664/1268 1785/2667/1271 1786/2669/1273
f 1769/2681/1283 1796/2682/1284 1787/2683/1285 1763/2684/1286
f 1796/2682/1284 1795/2660/1264 1788/2663/1267 1787/2683/1285
f 1781/2673/1260 1789/2672/1276 1790/2678/1280 1782/2650/1260
f 1787/2683/1285 1785/2667/1271 1761/2666/1270 1763/2684/1286
f 1753/2685/1287 1784/2676/92 1778/2686/92 1760/2687/1254
f 1784/2676/92 1783/2656/92 1777/2658/92 1778/2686/92
f 1748/2659/1263 1781/2673/1260 1773/2688/1260 1757/2617/1237
f 1781/2673/1260 1782/2650/1260 1774/2653/1260 1773/2688/1260
f 1779/2689/94 1777/2690/92 1759/2649/1236 1752/2648/1259
f 1749/2641/1255 1760/2640/1254 1778/2691/92 1780/2692/94
f 1775/2693/1288 1744/2636/1252 1757/2637/1237 1773/2694/1260
f 1741/2627/1247 1776/2695/1288 1774/2696/1260 1758/2628/1248
f 1788/2663/1267 1786/2669/1273 1785/2667/1271 1787/2683/1285
f 1819/2697/1289 1807/2698/1290 1821/2699/1291 1823/2700/1292
f 1818/2621/1241 1806/2620/1240 1807/2698/1290 1819/2697/1289
f 1816/2701/1293 1804/2702/1294 1805/2623/1243 1817/2622/1242
f 1776/2695/1288 1775/2693/1288 1773/2694/1260 1774/2696/1260
f 1798/2703/1295 1804/2704/1294 1822/2705/1296 1797/2706/1297
f 1799/2630/1249 1805/2631/1243 1804/2704/1294 1798/2703/1295
f 1801/2707/1298 1807/2708/1290 1806/2634/1240 1800/2633/1251
f 1802/2709/1299 1821/2710/1291 1807/2708/1290 1801/2707/1298
f 1780/2692/94 1778/2691/92 1777/2690/92 1779/2689/94
f 1810/2711/1300 1809/2712/1301 1824/2713/1302 1816/2714/1293
f 1811/2642/1256 1810/2711/1300 1816/2714/1293 1817/2643/1242
f 1813/2715/1303 1812/2647/1258 1818/2646/1241 1819/2716/1289
f 1814/2717/1304 1813/2715/1303 1819/2716/1289 1823/2718/1292
f 1846/2719/1288 1838/2720/1288 1822/2721/1296 1803/2722/1305
f 1824/2723/1302 1822/2724/1296 1804/2702/1294 1816/2701/1293
f 1847/2725/94 1841/2726/94 1823/2700/1292 1820/2727/1306
f 1823/2700/1292 1821/2699/1291 1808/2728/1307 1820/2727/1306
f 1859/2729/1308 1852/2730/1309 1828/2731/1310 1834/2732/1311
f 1857/2733/1312 1849/2734/1313 1825/2735/1314 1835/2736/1315
f 1815/2737/1316 1831/2738/1317 1832/2739/1318 1803/2722/1305
f 1771/2665/1269 1769/2681/1283 1763/2684/1286 1761/2666/1270
f 1836/2740/1319 1826/2741/1320 1850/2742/1321 1858/2743/1322
f 1858/2743/1322 1850/2742/1321 1849/2734/1313 1857/2733/1312
f 1833/2744/1323 1827/2745/1324 1851/2746/1325 1860/2747/1326
f 1860/2747/1326 1851/2746/1325 1852/2730/1309 1859/2729/1308
f 1846/2719/1288 1854/2748/1327 1853/2749/1328 1845/2750/1288
f 1815/2737/1316 1824/2751/1302 1842/2752/94 1848/2753/94
f 1848/2753/94 1842/2752/94 1841/2726/94 1847/2725/94
f 1808/2728/1307 1821/2699/1291 1837/2754/1288 1845/2750/1288
f 1845/2750/1288 1837/2754/1288 1838/2720/1288 1846/2719/1288
f 1843/2755/92 1814/2717/1304 1823/2718/1292 1841/2756/94
f 1809/2712/1301 1844/2757/92 1842/2758/94 1824/2713/1302
f 1839/2759/1260 1837/2760/1288 1821/2710/1291 1802/2709/1299
f 1797/2706/1297 1822/2705/1296 1838/2761/1288 1840/2762/1260
f 1745/2651/1261 1753/2685/1287 1760/2687/1254 1758/2652/1248
f 1753/2685/1287 1767/2763/1329 1791/2677/1279 1784/2676/92
f 1827/2745/1324 1833/2744/1323 1835/2736/1315 1825/2735/1314
f 1822/2721/1296 1824/2751/1302 1815/2737/1316 1803/2722/1305
f 1848/2753/94 1855/2764/1330 1831/2738/1317 1815/2737/1316
f 1745/2651/1261 1768/2679/1281 1767/2763/1329 1753/2685/1287
f 1769/2681/1283 1771/2665/1269 1766/2671/1275 1765/2674/1277
f 1766/2671/1275 1771/2665/1269 1793/2664/1268 1789/2672/1276
f 1770/2661/1265 1795/2660/1264 1791/2677/1279 1767/2763/1329
f 1796/2682/1284 1769/2681/1283 1765/2674/1277 1792/2675/1278
f 1795/2660/1264 1796/2682/1284 1792/2675/1278 1791/2677/1279
f 1794/2680/1282 1772/2670/1274 1768/2679/1281 1790/2678/1280
f 1793/2664/1268 1794/2680/1282 1790/2678/1280 1789/2672/1276
f 1770/2661/1265 1767/2763/1329 1768/2679/1281 1772/2670/1274
f 1780/2692/94 1779/2689/94 1775/2693/1288 1776/2695/1288
f 1814/2717/1304 1802/2709/1299 1801/2707/1298 1813/2715/1303
f 1810/2711/1300 1798/2703/1295 1797/2706/1297 1809/2712/1301
f 1809/2712/1301 1797/2706/1297 1840/2762/1260 1844/2757/92
f 1843/2755/92 1839/2759/1260 1802/2709/1299 1814/2717/1304
f 1843/2755/92 1844/2757/92 1840/2762/1260 1839/2759/1260
f 1751/2644/1257 1743/2632/1250 1744/2636/1252 1752/2648/1259
f 1741/2627/1247 1749/2641/1255 1780/2692/94 1776/2695/1288
f 1779/2689/94 1752/2648/1259 1744/2636/1252 1775/2693/1288
f 1743/2632/1250 1751/2644/1257 1812/2647/1258 1800/2633/1251
f 1750/2638/1253 1742/2626/1246 1799/2630/1249 1811/2642/1256
f 1749/2641/1255 1741/2627/1247 1742/2626/1246 1750/2638/1253
f 1812/2647/1258 1813/2715/1303 1801/2707/1298 1800/2633/1251
f 1811/2642/1256 1799/2630/1249 1798/2703/1295 1810/2711/1300
f 1803/2722/1305 1832/2739/1318 1854/2748/1327 1846/2719/1288
f 1847/2725/94 1856/2765/1331 1855/2764/1330 1848/2753/94
f 1820/2727/1306 1829/2766/1332 1856/2765/1331 1847/2725/94
f 1829/2766/1332 1820/2727/1306 1808/2728/1307 1830/2767/1333
f 1845/2750/1288 1853/2749/1328 1830/2767/1333 1808/2728/1307
f 1828/2731/1310 1826/2741/1320 1836/2740/1319 1834/2732/1311
f 1833/2744/1323 1829/2766/1332 1830/2767/1333 1835/2736/1315
f 1831/2738/1317 1834/2732/1311 1836/2740/1319 1832/2739/1318
f 1854/2748/1327 1858/2743/1322 1857/2733/1312 1853/2749/1328
f 1832/2739/1318 1836/2740/1319 1858/2743/1322 1854/2748/1327
f 1856/2765/1331 1860/2747/1326 1859/2729/1308 1855/2764/1330
f 1829/2766/1332 1833/2744/1323 1860/2747/1326 1856/2765/1331
f 1855/2764/1330 1859/2729/1308 1834/2732/1311 1831/2738/1317
f 1853/2749/1328 1857/2733/1312 1835/2736/1315 1830/2767/1333
f 1840/2762/1260 1838/2761/1288 1837/2760/1288 1839/2759/1260
f 1844/2757/92 1843/2755/92 1841/2756/94 1842/2758/94
f 1879/2768/1334 1875/2769/1245 1867/2770/1244 1877/2771/1335
f 1875/2769/1245 1938/2772/1242 1926/2773/1243 1867/2770/1244
f 1937/2774/1241 1874/2775/1239 1866/2776/1238 1925/2777/1240
f 1862/2778/1250 1866/2779/1238 1878/2780/1336 1861/2781/1337
f 1919/2782/1251 1925/2783/1240 1866/2779/1238 1862/2778/1250
f 1863/2784/1246 1867/2785/1244 1926/2786/1243 1920/2787/1249
f 1864/2788/1338 1877/2789/1335 1867/2785/1244 1863/2784/1246
f 1870/2790/1257 1869/2791/1339 1880/2792/1340 1874/2793/1239
f 1931/2794/1258 1870/2790/1257 1874/2793/1239 1937/2795/1241
f 1871/2796/1253 1932/2797/1256 1938/2798/1242 1875/2799/1245
f 1872/2800/1255 1871/2796/1253 1875/2799/1245 1879/2801/1334
f 1902/2802/1260 1894/2803/1260 1878/2804/1336 1865/2805/1263
f 1874/2775/1239 1880/2806/1340 1878/2807/1336 1866/2776/1238
f 1903/2808/92 1897/2809/92 1879/2768/1334 1876/2810/1287
f 1876/2810/1287 1879/2768/1334 1877/2771/1335 1868/2811/1261
f 1915/2812/1341 1908/2813/1285 1884/2814/1342 1890/2815/1343
f 1913/2816/1282 1905/2817/1344 1881/2818/1345 1891/2819/1346
f 1884/2814/1342 1908/2813/1285 1906/2820/1347 1882/2821/1348
f 1890/2815/1343 1884/2814/1342 1882/2821/1348 1892/2822/1349
f 1868/2811/1261 1901/2823/1260 1909/2824/1280 1886/2825/1281
f 1876/2810/1287 1868/2811/1261 1886/2825/1281 1885/2826/1350
f 1903/2808/92 1876/2810/1287 1885/2826/1350 1912/2827/1351
f 1904/2828/92 1903/2808/92 1912/2827/1351 1911/2829/1352
f 1902/2802/1260 1865/2805/1263 1888/2830/1275 1910/2831/1276
f 1892/2822/1349 1882/2821/1348 1906/2820/1347 1914/2832/1268
f 1914/2832/1268 1906/2820/1347 1905/2817/1344 1913/2816/1282
f 1889/2833/1265 1883/2834/1353 1907/2835/1354 1916/2836/1355
f 1916/2836/1355 1907/2835/1354 1908/2813/1285 1915/2812/1341
f 1901/2823/1260 1902/2802/1260 1910/2831/1276 1909/2824/1280
f 1907/2835/1354 1883/2834/1353 1881/2818/1345 1905/2817/1344
f 1873/2837/1262 1880/2838/1340 1898/2839/92 1904/2828/92
f 1904/2828/92 1898/2839/92 1897/2809/92 1903/2808/92
f 1868/2811/1261 1877/2771/1335 1893/2840/1260 1901/2823/1260
f 1901/2823/1260 1893/2840/1260 1894/2803/1260 1902/2802/1260
f 1899/2841/94 1872/2800/1255 1879/2801/1334 1897/2842/92
f 1869/2791/1339 1900/2843/94 1898/2844/92 1880/2792/1340
f 1895/2845/1288 1893/2846/1260 1877/2789/1335 1864/2788/1338
f 1861/2781/1337 1878/2780/1336 1894/2847/1260 1896/2848/1288
f 1908/2813/1285 1907/2835/1354 1905/2817/1344 1906/2820/1347
f 1939/2849/1293 1943/2850/1356 1941/2851/1357 1927/2852/1294
f 1938/2772/1242 1939/2849/1293 1927/2852/1294 1926/2773/1243
f 1936/2853/1289 1937/2774/1241 1925/2777/1240 1924/2854/1290
f 1896/2848/1288 1894/2847/1260 1893/2846/1260 1895/2845/1288
f 1918/2855/1298 1917/2856/1358 1942/2857/1359 1924/2858/1290
f 1919/2782/1251 1918/2855/1298 1924/2858/1290 1925/2783/1240
f 1921/2859/1295 1920/2787/1249 1926/2786/1243 1927/2860/1294
f 1922/2861/1360 1921/2859/1295 1927/2860/1294 1941/2862/1357
f 1900/2843/94 1899/2841/94 1897/2842/92 1898/2844/92
f 1930/2863/1303 1936/2864/1289 1944/2865/1361 1929/2866/1362
f 1931/2794/1258 1937/2795/1241 1936/2864/1289 1930/2863/1303
f 1933/2867/1300 1939/2868/1293 1938/2798/1242 1932/2797/1256
f 1934/2869/1363 1943/2870/1356 1939/2868/1293 1933/2867/1300
f 1966/2871/1288 1923/2872/1307 1942/2873/1359 1958/2874/1288
f 1944/2875/1361 1936/2853/1289 1924/2854/1290 1942/2876/1359
f 1967/2877/94 1940/2878/1316 1943/2850/1356 1961/2879/94
f 1943/2850/1356 1940/2878/1316 1928/2880/1305 1941/2851/1357
f 1979/2881/1364 1954/2882/1365 1948/2883/1366 1972/2884/1325
f 1977/2885/1322 1955/2886/1367 1945/2887/1368 1969/2888/1321
f 1935/2889/1306 1923/2872/1307 1952/2890/1333 1951/2891/1369
f 1891/2819/1346 1881/2818/1345 1883/2834/1353 1889/2833/1265
f 1956/2892/1370 1978/2893/1312 1970/2894/1313 1946/2895/1371
f 1978/2893/1312 1977/2885/1322 1969/2888/1321 1970/2894/1313
f 1953/2896/1311 1980/2897/1372 1971/2898/1309 1947/2899/1373
f 1980/2897/1372 1979/2881/1364 1972/2884/1325 1971/2898/1309
f 1966/2871/1288 1965/2900/1288 1973/2901/1327 1974/2902/1328
f 1935/2889/1306 1968/2903/94 1962/2904/94 1944/2905/1361
f 1968/2903/94 1967/2877/94 1961/2879/94 1962/2904/94
f 1928/2880/1305 1965/2900/1288 1957/2906/1288 1941/2851/1357
f 1965/2900/1288 1966/2871/1288 1958/2874/1288 1957/2906/1288
f 1963/2907/92 1961/2908/94 1943/2870/1356 1934/2869/1363
f 1929/2866/1362 1944/2865/1361 1962/2909/94 1964/2910/92
f 1959/2911/1260 1922/2861/1360 1941/2862/1357 1957/2912/1288
f 1917/2856/1358 1960/2913/1260 1958/2914/1288 1942/2857/1359
f 1865/2805/1263 1878/2804/1336 1880/2838/1340 1873/2837/1262
f 1873/2837/1262 1904/2828/92 1911/2829/1352 1887/2915/1374
f 1947/2899/1373 1945/2887/1368 1955/2886/1367 1953/2896/1311
f 1942/2873/1359 1923/2872/1307 1935/2889/1306 1944/2905/1361
f 1968/2903/94 1935/2889/1306 1951/2891/1369 1975/2916/1375
f 1865/2805/1263 1873/2837/1262 1887/2915/1374 1888/2830/1275
f 1889/2833/1265 1885/2826/1350 1886/2825/1281 1891/2819/1346
f 1886/2825/1281 1909/2824/1280 1913/2816/1282 1891/2819/1346
f 1890/2815/1343 1887/2915/1374 1911/2829/1352 1915/2812/1341
f 1916/2836/1355 1912/2827/1351 1885/2826/1350 1889/2833/1265
f 1915/2812/1341 1911/2829/1352 1912/2827/1351 1916/2836/1355
f 1914/2832/1268 1910/2831/1276 1888/2830/1275 1892/2822/1349
f 1913/2816/1282 1909/2824/1280 1910/2831/1276 1914/2832/1268
f 1890/2815/1343 1892/2822/1349 1888/2830/1275 1887/2915/1374
f 1900/2843/94 1896/2848/1288 1895/2845/1288 1899/2841/94
f 1934/2869/1363 1933/2867/1300 1921/2859/1295 1922/2861/1360
f 1930/2863/1303 1929/2866/1362 1917/2856/1358 1918/2855/1298
f 1929/2866/1362 1964/2910/92 1960/2913/1260 1917/2856/1358
f 1963/2907/92 1934/2869/1363 1922/2861/1360 1959/2911/1260
f 1963/2907/92 1959/2911/1260 1960/2913/1260 1964/2910/92
f 1871/2796/1253 1872/2800/1255 1864/2788/1338 1863/2784/1246
f 1861/2781/1337 1896/2848/1288 1900/2843/94 1869/2791/1339
f 1899/2841/94 1895/2845/1288 1864/2788/1338 1872/2800/1255
f 1863/2784/1246 1920/2787/1249 1932/2797/1256 1871/2796/1253
f 1870/2790/1257 1931/2794/1258 1919/2782/1251 1862/2778/1250
f 1869/2791/1339 1870/2790/1257 1862/2778/1250 1861/2781/1337
f 1932/2797/1256 1920/2787/1249 1921/2859/1295 1933/2867/1300
f 1931/2794/1258 1930/2863/1303 1918/2855/1298 1919/2782/1251
f 1923/2872/1307 1966/2871/1288 1974/2902/1328 1952/2890/1333
f 1967/2877/94 1968/2903/94 1975/2916/1375 1976/2917/1376
f 1940/2878/1316 1967/2877/94 1976/2917/1376 1949/2918/1377
f 1949/2918/1377 1950/2919/1318 1928/2880/1305 1940/2878/1316
f 1965/2900/1288 1928/2880/1305 1950/2919/1318 1973/2901/1327
f 1948/2883/1366 1954/2882/1365 1956/2892/1370 1946/2895/1371
f 1953/2896/1311 1955/2886/1367 1950/2919/1318 1949/2918/1377
f 1951/2891/1369 1952/2890/1333 1956/2892/1370 1954/2882/1365
f 1974/2902/1328 1973/2901/1327 1977/2885/1322 1978/2893/1312
f 1952/2890/1333 1974/2902/1328 1978/2893/1312 1956/2892/1370
f 1976/2917/1376 1975/2916/1375 1979/2881/1364 1980/2897/1372
f 1949/2918/1377 1976/2917/1376 1980/2897/1372 1953/2896/1311
f 1975/2916/1375 1951/2891/1369 1954/2882/1365 1979/2881/1364
f 1973/2901/1327 1950/2919/1318 1955/2886/1367 1977/2885/1322
f 1960/2913/1260 1959/2911/1260 1957/2912/1288 1958/2914/1288
f 1964/2910/92 1962/2909/94 1961/2908/94 1963/2907/92
f 1999/2920/1236 1997/2921/1237 1987/2922/1238 1995/2923/1239
f 1995/2923/1239 1987/2922/1238 2046/2924/1240 2058/2925/1241
f 2057/2926/1242 2045/2927/1243 1986/2928/1244 1994/2929/1245
f 2084/2930/92 2083/2931/92 2081/2932/94 2082/2933/94
f 1982/2934/1246 1981/2935/1247 1998/2936/1248 1986/2937/1244
f 2039/2938/1249 1982/2934/1246 1986/2937/1244 2045/2939/1243
f 1983/2940/1250 2040/2941/1251 2046/2942/1240 1987/2943/1238
f 1984/2944/1337 1983/2940/1250 1987/2943/1238 1997/2945/1237
f 1990/2946/1253 1994/2947/1245 2000/2948/1254 1989/2949/1255
f 2051/2950/1256 2057/2951/1242 1994/2947/1245 1990/2946/1253
f 1991/2952/1257 1995/2953/1239 2058/2954/1241 2052/2955/1258
f 1992/2956/1339 1999/2957/1236 1995/2953/1239 1991/2952/1257
f 2022/2958/1260 1985/2959/1261 1998/2960/1248 2014/2961/1260
f 1994/2929/1245 1986/2928/1244 1998/2962/1248 2000/2963/1254
f 2023/2964/92 1996/2965/1262 1999/2920/1236 2017/2966/92
f 1996/2965/1262 1988/2967/1263 1997/2921/1237 1999/2920/1236
f 2035/2968/1264 2010/2969/1265 2004/2970/1373 2028/2971/1309
f 2033/2972/1268 2011/2973/1269 2001/2974/1371 2025/2975/1313
f 2010/2969/1265 2012/2976/1274 2002/2977/1368 2004/2970/1373
f 1988/2967/1263 2006/2978/1275 2029/2979/1276 2021/2980/1260
f 2088/2981/94 2095/2982/1330 2071/2983/1317 2055/2984/1316
f 1996/2965/1262 2005/2985/1374 2006/2978/1275 1988/2967/1263
f 2023/2964/92 2032/2986/1278 2005/2985/1374 1996/2965/1262
f 2024/2987/92 2031/2988/1279 2032/2986/1278 2023/2964/92
f 2022/2958/1260 2030/2989/1280 2008/2990/1281 1985/2959/1261
f 2012/2976/1274 2034/2991/1282 2026/2992/1321 2002/2977/1368
f 2034/2991/1282 2033/2972/1268 2025/2975/1313 2026/2992/1321
f 2009/2993/1283 2036/2994/1284 2027/2995/1325 2003/2996/1366
f 2036/2994/1284 2035/2968/1264 2028/2971/1309 2027/2995/1325
f 2021/2980/1260 2029/2979/1276 2030/2989/1280 2022/2958/1260
f 1993/2997/1287 2024/2987/92 2018/2998/92 2000/2999/1254
f 2024/2987/92 2023/2964/92 2017/2966/92 2018/2998/92
f 1988/2967/1263 2021/2980/1260 2013/3000/1260 1997/2921/1237
f 2021/2980/1260 2022/2958/1260 2014/2961/1260 2013/3000/1260
f 2019/3001/94 2017/3002/92 1999/2957/1236 1992/2956/1339
f 1989/2949/1255 2000/2948/1254 2018/3003/92 2020/3004/94
f 2015/3005/1288 1984/2944/1337 1997/2945/1237 2013/3006/1260
f 1981/2935/1247 2016/3007/1288 2014/3008/1260 1998/2936/1248
f 2059/3009/1289 2047/3010/1290 2061/3011/1291 2063/3012/1292
f 2058/2925/1241 2046/2924/1240 2047/3010/1290 2059/3009/1289
f 2056/3013/1293 2044/3014/1294 2045/2927/1243 2057/2926/1242
f 2016/3007/1288 2015/3005/1288 2013/3006/1260 2014/3008/1260
f 2038/3015/1295 2044/3016/1294 2062/3017/1296 2037/3018/1297
f 2039/2938/1249 2045/2939/1243 2044/3016/1294 2038/3015/1295
f 2041/3019/1298 2047/3020/1290 2046/2942/1240 2040/2941/1251
f 2042/3021/1299 2061/3022/1291 2047/3020/1290 2041/3019/1298
f 2020/3004/94 2018/3003/92 2017/3002/92 2019/3001/94
f 2050/3023/1300 2049/3024/1301 2064/3025/1302 2056/3026/1293
f 2051/2950/1256 2050/3023/1300 2056/3026/1293 2057/2951/1242
f 2053/3027/1303 2052/2955/1258 2058/2954/1241 2059/3028/1289
f 2054/3029/1362 2053/3027/1303 2059/3028/1289 2063/3030/1292
f 2086/3031/1288 2078/3032/1288 2062/3033/1296 2043/3034/1305
f 2064/3035/1302 2062/3036/1296 2044/3014/1294 2056/3013/1293
f 2087/3037/94 2081/3038/94 2063/3012/1292 2060/3039/1306
f 2063/3012/1292 2061/3011/1291 2048/3040/1307 2060/3039/1306
f 2099/3041/1308 2092/3042/1309 2068/3043/1310 2074/3044/1311
f 2097/3045/1312 2089/3046/1313 2065/3047/1314 2075/3048/1315
f 2085/3049/1288 2093/3050/1328 2070/3051/1333 2048/3040/1307
f 2072/3052/1318 2043/3034/1305 2055/2984/1316 2071/2983/1317
f 2093/3050/1328 2097/3045/1312 2075/3048/1315 2070/3051/1333
f 2095/2982/1330 2099/3041/1308 2074/3044/1311 2071/2983/1317
f 2069/3053/1369 2073/3054/1323 2100/3055/1326 2096/3056/1331
f 2096/3056/1331 2100/3055/1326 2099/3041/1308 2095/2982/1330
f 2072/3052/1318 2076/3057/1319 2098/3058/1322 2094/3059/1327
f 2094/3059/1327 2098/3058/1322 2097/3045/1312 2093/3050/1328
f 2069/3053/1369 2060/3039/1306 2048/3040/1307 2070/3051/1333
f 2060/3039/1306 2069/3053/1369 2096/3056/1331 2087/3037/94
f 2087/3037/94 2096/3056/1331 2095/2982/1330 2088/2981/94
f 2043/3034/1305 2072/3052/1318 2094/3059/1327 2086/3031/1288
f 2076/3057/1319 2066/3060/1320 2090/3061/1321 2098/3058/1322
f 2098/3058/1322 2090/3061/1321 2089/3046/1313 2097/3045/1312
f 2073/3054/1323 2067/3062/1324 2091/3063/1325 2100/3055/1326
f 2100/3055/1326 2091/3063/1325 2092/3042/1309 2099/3041/1308
f 2074/3044/1311 2076/3057/1319 2072/3052/1318 2071/2983/1317
f 2055/2984/1316 2064/3064/1302 2082/3065/94 2088/2981/94
f 2088/2981/94 2082/3065/94 2081/3038/94 2087/3037/94
f 2048/3040/1307 2061/3011/1291 2077/3066/1288 2085/3049/1288
f 2085/3049/1288 2077/3066/1288 2078/3032/1288 2086/3031/1288
f 2083/2931/92 2054/3029/1362 2063/3030/1292 2081/2932/94
f 2049/3024/1301 2084/2930/92 2082/2933/94 2064/3025/1302
f 2079/3067/1260 2077/3068/1288 2061/3022/1291 2042/3021/1299
f 2037/3018/1297 2062/3017/1296 2078/3069/1288 2080/3070/1260
f 2118/3071/1378 2042/3021/1299 2041/3019/1298 2123/3072/1379
f 1985/2959/1261 1993/2997/1287 2000/2999/1254 1998/2960/1248
f 1993/2997/1287 2007/3073/1329 2031/2988/1279 2024/2987/92
f 2067/3062/1324 2073/3054/1323 2075/3048/1315 2065/3047/1314
f 2062/3033/1296 2064/3064/1302 2055/2984/1316 2043/3034/1305
f 2086/3031/1288 2094/3059/1327 2093/3050/1328 2085/3049/1288
f 1985/2959/1261 2008/2990/1281 2007/3073/1329 1993/2997/1287
f 2009/2993/1283 2011/2973/1269 2006/2978/1275 2005/2985/1374
f 2006/2978/1275 2011/2973/1269 2033/2972/1268 2029/2979/1276
f 2010/2969/1265 2035/2968/1264 2031/2988/1279 2007/3073/1329
f 2036/2994/1284 2009/2993/1283 2005/2985/1374 2032/2986/1278
f 2035/2968/1264 2036/2994/1284 2032/2986/1278 2031/2988/1279
f 2034/2991/1282 2012/2976/1274 2008/2990/1281 2030/2989/1280
f 2033/2972/1268 2034/2991/1282 2030/2989/1280 2029/2979/1276
f 2010/2969/1265 2007/3073/1329 2008/2990/1281 2012/2976/1274
f 2053/3027/1303 2054/3029/1362 2114/3074/1378 2109/3075/1379
f 2049/3024/1301 2050/3023/1300 2110/3076/1380 2113/3077/1381
f 2084/2930/92 2049/3024/1301 2113/3077/1381 2112/3078/6
f 2054/3029/1362 2083/2931/92 2111/3079/6 2114/3074/1378
f 2050/3023/1300 2051/2950/1256 2101/3080/1382 2110/3076/1380
f 2052/2955/1258 2053/3027/1303 2109/3075/1379 2103/3081/1383
f 2083/2931/92 2084/2930/92 2112/3078/6 2111/3079/6
f 1991/2952/1257 2102/3082/1384 2108/3083/1385 1992/2956/1339
f 1989/2949/1255 2107/3084/1386 2104/3085/1387 1990/2946/1253
f 2020/3004/94 2106/3086/15 2107/3084/1386 1989/2949/1255
f 1992/2956/1339 2108/3083/1385 2105/3087/15 2019/3001/94
f 1990/2946/1253 2104/3085/1387 2101/3080/1382 2051/2950/1256
f 2052/2955/1258 2103/3081/1383 2102/3082/1384 1991/2952/1257
f 2019/3001/94 2105/3087/15 2106/3086/15 2020/3004/94
f 2119/3088/1380 2038/3015/1295 2037/3018/1297 2124/3089/1381
f 2124/3089/1381 2037/3018/1297 2080/3070/1260 2128/3090/6
f 2117/3091/6 2079/3067/1260 2042/3021/1299 2118/3071/1378
f 2120/3092/1382 2039/2938/1249 2038/3015/1295 2119/3088/1380
f 2125/3093/1383 2103/3081/1383 2109/3075/1379 2123/3072/1379
f 2128/3090/6 2117/3091/6 2111/3079/6 2112/3078/6
f 2122/3094/1384 1983/2940/1250 1984/2944/1337 2121/3095/1385
f 2116/3096/1386 1981/2935/1247 1982/2934/1246 2115/3097/1387
f 2127/3098/15 2116/3096/1386 2107/3084/1386 2106/3086/15
f 2121/3095/1385 1984/2944/1337 2015/3005/1288 2126/3099/15
f 2115/3097/1387 1982/2934/1246 2039/2938/1249 2120/3092/1382
f 2125/3093/1383 2122/3094/1384 2102/3082/1384 2103/3081/1383
f 2127/3098/15 2106/3086/15 2105/3087/15 2126/3099/15
f 2016/3007/1288 2127/3098/15 2126/3099/15 2015/3005/1288
f 2040/2941/1251 1983/2940/1250 2122/3094/1384 2125/3093/1383
f 2104/3085/1387 2115/3097/1387 2120/3092/1382 2101/3080/1382
f 2108/3083/1385 2121/3095/1385 2126/3099/15 2105/3087/15
f 2016/3007/1288 1981/2935/1247 2116/3096/1386 2127/3098/15
f 2107/3084/1386 2116/3096/1386 2115/3097/1387 2104/3085/1387
f 2102/3082/1384 2122/3094/1384 2121/3095/1385 2108/3083/1385
f 2080/3070/1260 2079/3067/1260 2117/3091/6 2128/3090/6
f 2040/2941/1251 2125/3093/1383 2123/3072/1379 2041/3019/1298
f 2101/3080/1382 2120/3092/1382 2119/3088/1380 2110/3076/1380
f 2111/3079/6 2117/3091/6 2118/3071/1378 2114/3074/1378
f 2113/3077/1381 2124/3089/1381 2128/3090/6 2112/3078/6
f 2110/3076/1380 2119/3088/1380 2124/3089/1381 2113/3077/1381
f 2114/3074/1378 2118/3071/1378 2123/3072/1379 2109/3075/1379
f 2011/2973/1269 2009/2993/1283 2003/2996/1366 2001/2974/1371
f 2080/3070/1260 2078/3069/1288 2077/3068/1288 2079/3067/1260
f 2068/3043/1310 2066/3060/1320 2076/3057/1319 2074/3044/1311
f 2075/3048/1315 2073/3054/1323 2069/3053/1369 2070/3051/1333
f 2147/3100/1334 2143/3101/1245 2135/3102/1244 2145/3103/1335
f 2143/3101/1245 2206/3104/1242 2194/3105/1243 2135/3102/1244
f 2205/3106/1241 2142/3107/1239 2134/3108/1238 2193/3109/1240
f 2232/3110/92 2230/3111/94 2229/3112/94 2231/3113/92
f 2130/3114/1250 2134/3115/1238 2146/3116/1336 2129/3117/1337
f 2187/3118/1251 2193/3119/1240 2134/3115/1238 2130/3114/1250
f 2131/3120/1246 2135/3121/1244 2194/3122/1243 2188/3123/1249
f 2132/3124/1247 2145/3125/1335 2135/3121/1244 2131/3120/1246
f 2138/3126/1257 2137/3127/1339 2148/3128/1340 2142/3129/1239
f 2199/3130/1258 2138/3126/1257 2142/3129/1239 2205/3131/1241
f 2139/3132/1253 2200/3133/1256 2206/3134/1242 2143/3135/1245
f 2140/3136/1388 2139/3132/1253 2143/3135/1245 2147/3137/1334
f 2170/3138/1260 2162/3139/1260 2146/3140/1336 2133/3141/1263
f 2142/3107/1239 2148/3142/1340 2146/3143/1336 2134/3108/1238
f 2171/3144/92 2165/3145/92 2147/3100/1334 2144/3146/1287
f 2144/3146/1287 2147/3100/1334 2145/3103/1335 2136/3147/1261
f 2183/3148/1341 2176/3149/1325 2152/3150/1324 2158/3151/1343
f 2181/3152/1282 2173/3153/1321 2149/3154/1320 2159/3155/1346
f 2158/3151/1343 2152/3150/1324 2150/3156/1314 2160/3157/1349
f 2136/3147/1261 2169/3158/1260 2177/3159/1280 2154/3160/1281
f 2236/3161/94 2203/3162/1306 2219/3163/1369 2243/3164/1375
f 2144/3146/1287 2136/3147/1261 2154/3160/1281 2153/3165/1350
f 2171/3144/92 2144/3146/1287 2153/3165/1350 2180/3166/1351
f 2172/3167/92 2171/3144/92 2180/3166/1351 2179/3168/1352
f 2170/3138/1260 2133/3141/1263 2156/3169/1275 2178/3170/1276
f 2160/3157/1349 2150/3156/1314 2174/3171/1313 2182/3172/1268
f 2182/3172/1268 2174/3171/1313 2173/3153/1321 2181/3152/1282
f 2157/3173/1265 2151/3174/1310 2175/3175/1309 2184/3176/1355
f 2184/3176/1355 2175/3175/1309 2176/3149/1325 2183/3148/1341
f 2169/3158/1260 2170/3138/1260 2178/3170/1276 2177/3159/1280
f 2141/3177/1262 2148/3178/1340 2166/3179/92 2172/3167/92
f 2172/3167/92 2166/3179/92 2165/3145/92 2171/3144/92
f 2136/3147/1261 2145/3103/1335 2161/3180/1260 2169/3158/1260
f 2169/3158/1260 2161/3180/1260 2162/3139/1260 2170/3138/1260
f 2167/3181/94 2140/3136/1388 2147/3137/1334 2165/3182/92
f 2137/3127/1339 2168/3183/94 2166/3184/92 2148/3128/1340
f 2163/3185/1288 2161/3186/1260 2145/3125/1335 2132/3124/1247
f 2129/3117/1337 2146/3116/1336 2162/3187/1260 2164/3188/1288
f 2207/3189/1293 2211/3190/1356 2209/3191/1357 2195/3192/1294
f 2206/3104/1242 2207/3189/1293 2195/3192/1294 2194/3105/1243
f 2204/3193/1289 2205/3106/1241 2193/3109/1240 2192/3194/1290
f 2164/3188/1288 2162/3187/1260 2161/3186/1260 2163/3185/1288
f 2186/3195/1298 2185/3196/1358 2210/3197/1359 2192/3198/1290
f 2187/3118/1251 2186/3195/1298 2192/3198/1290 2193/3119/1240
f 2189/3199/1295 2188/3123/1249 2194/3122/1243 2195/3200/1294
f 2190/3201/1360 2189/3199/1295 2195/3200/1294 2209/3202/1357
f 2168/3183/94 2167/3181/94 2165/3182/92 2166/3184/92
f 2198/3203/1303 2204/3204/1289 2212/3205/1361 2197/3206/1362
f 2199/3130/1258 2205/3131/1241 2204/3204/1289 2198/3203/1303
f 2201/3207/1300 2207/3208/1293 2206/3134/1242 2200/3133/1256
f 2202/3209/1363 2211/3210/1356 2207/3208/1293 2201/3207/1300
f 2234/3211/1288 2191/3212/1307 2210/3213/1359 2226/3214/1288
f 2212/3215/1361 2204/3193/1289 2192/3194/1290 2210/3216/1359
f 2235/3217/94 2208/3218/1316 2211/3190/1356 2229/3219/94
f 2211/3190/1356 2208/3218/1316 2196/3220/1305 2209/3191/1357
f 2247/3221/1364 2222/3222/1365 2216/3223/1366 2240/3224/1325
f 2245/3225/1322 2223/3226/1367 2213/3227/1368 2237/3228/1321
f 2233/3229/1288 2196/3220/1305 2218/3230/1318 2241/3231/1327
f 2220/3232/1333 2219/3163/1369 2203/3162/1306 2191/3212/1307
f 2241/3231/1327 2218/3230/1318 2223/3226/1367 2245/3225/1322
f 2243/3164/1375 2219/3163/1369 2222/3222/1365 2247/3221/1364
f 2217/3233/1389 2244/3234/1376 2248/3235/1372 2221/3236/1311
f 2244/3234/1376 2243/3164/1375 2247/3221/1364 2248/3235/1372
f 2220/3232/1333 2242/3237/1328 2246/3238/1312 2224/3239/1370
f 2242/3237/1328 2241/3231/1327 2245/3225/1322 2246/3238/1312
f 2217/3233/1389 2218/3230/1318 2196/3220/1305 2208/3218/1316
f 2208/3218/1316 2235/3217/94 2244/3234/1376 2217/3233/1389
f 2235/3217/94 2236/3161/94 2243/3164/1375 2244/3234/1376
f 2191/3212/1307 2234/3211/1288 2242/3237/1328 2220/3232/1333
f 2224/3239/1370 2246/3238/1312 2238/3240/1313 2214/3241/1371
f 2246/3238/1312 2245/3225/1322 2237/3228/1321 2238/3240/1313
f 2221/3236/1311 2248/3235/1372 2239/3242/1390 2215/3243/1373
f 2248/3235/1372 2247/3221/1364 2240/3224/1325 2239/3242/1390
f 2222/3222/1365 2219/3163/1369 2220/3232/1333 2224/3239/1370
f 2203/3162/1306 2236/3161/94 2230/3244/94 2212/3245/1361
f 2236/3161/94 2235/3217/94 2229/3219/94 2230/3244/94
f 2196/3220/1305 2233/3229/1288 2225/3246/1288 2209/3191/1357
f 2233/3229/1288 2234/3211/1288 2226/3214/1288 2225/3246/1288
f 2231/3113/92 2229/3112/94 2211/3210/1356 2202/3209/1363
f 2197/3206/1362 2212/3205/1361 2230/3111/94 2232/3110/92
f 2227/3247/1260 2190/3201/1360 2209/3202/1357 2225/3248/1288
f 2185/3196/1358 2228/3249/1260 2226/3250/1288 2210/3197/1359
f 2266/3251/1381 2271/3252/1380 2189/3199/1295 2190/3201/1360
f 2133/3141/1263 2146/3140/1336 2148/3178/1340 2141/3177/1262
f 2141/3177/1262 2172/3167/92 2179/3168/1352 2155/3253/1374
f 2215/3243/1373 2213/3227/1368 2223/3226/1367 2221/3236/1311
f 2210/3213/1359 2191/3212/1307 2203/3162/1306 2212/3245/1361
f 2234/3211/1288 2233/3229/1288 2241/3231/1327 2242/3237/1328
f 2133/3141/1263 2141/3177/1262 2155/3253/1374 2156/3169/1275
f 2157/3173/1265 2153/3165/1350 2154/3160/1281 2159/3155/1346
f 2154/3160/1281 2177/3159/1280 2181/3152/1282 2159/3155/1346
f 2158/3151/1343 2155/3253/1374 2179/3168/1352 2183/3148/1341
f 2184/3176/1355 2180/3166/1351 2153/3165/1350 2157/3173/1265
f 2183/3148/1341 2179/3168/1352 2180/3166/1351 2184/3176/1355
f 2182/3172/1268 2178/3170/1276 2156/3169/1275 2160/3157/1349
f 2181/3152/1282 2177/3159/1280 2178/3170/1276 2182/3172/1268
f 2158/3151/1343 2160/3157/1349 2156/3169/1275 2155/3253/1374
f 2201/3207/1300 2257/3254/1380 2262/3255/1381 2202/3209/1363
f 2197/3206/1362 2261/3256/1378 2258/3257/1379 2198/3203/1303
f 2232/3110/92 2260/3258/6 2261/3256/1378 2197/3206/1362
f 2202/3209/1363 2262/3255/1381 2259/3259/6 2231/3113/92
f 2198/3203/1303 2258/3257/1379 2249/3260/1383 2199/3130/1258
f 2200/3133/1256 2251/3261/1382 2257/3254/1380 2201/3207/1300
f 2231/3113/92 2259/3259/6 2260/3258/6 2232/3110/92
f 2139/3132/1253 2140/3136/1388 2256/3262/1386 2250/3263/1387
f 2137/3127/1339 2138/3126/1257 2252/3264/1384 2255/3265/1385
f 2168/3183/94 2137/3127/1339 2255/3265/1385 2254/3266/15
f 2140/3136/1388 2167/3181/94 2253/3267/15 2256/3262/1386
f 2138/3126/1257 2199/3130/1258 2249/3260/1383 2252/3264/1384
f 2200/3133/1256 2139/3132/1253 2250/3263/1387 2251/3261/1382
f 2167/3181/94 2168/3183/94 2254/3266/15 2253/3267/15
f 2267/3268/1379 2272/3269/1378 2185/3196/1358 2186/3195/1298
f 2272/3269/1378 2276/3270/6 2228/3249/1260 2185/3196/1358
f 2265/3271/6 2266/3251/1381 2190/3201/1360 2227/3247/1260
f 2268/3272/1383 2267/3268/1379 2186/3195/1298 2187/3118/1251
f 2273/3273/1382 2271/3252/1380 2257/3254/1380 2251/3261/1382
f 2276/3270/6 2260/3258/6 2259/3259/6 2265/3271/6
f 2270/3274/1387 2269/3275/1386 2132/3124/1247 2131/3120/1246
f 2264/3276/1385 2263/3277/1384 2130/3114/1250 2129/3117/1337
f 2275/3278/15 2254/3266/15 2255/3265/1385 2264/3276/1385
f 2269/3275/1386 2274/3279/15 2163/3185/1288 2132/3124/1247
f 2263/3277/1384 2268/3272/1383 2187/3118/1251 2130/3114/1250
f 2273/3273/1382 2251/3261/1382 2250/3263/1387 2270/3274/1387
f 2275/3278/15 2274/3279/15 2253/3267/15 2254/3266/15
f 2164/3188/1288 2163/3185/1288 2274/3279/15 2275/3278/15
f 2188/3123/1249 2273/3273/1382 2270/3274/1387 2131/3120/1246
f 2252/3264/1384 2249/3260/1383 2268/3272/1383 2263/3277/1384
f 2256/3262/1386 2253/3267/15 2274/3279/15 2269/3275/1386
f 2164/3188/1288 2275/3278/15 2264/3276/1385 2129/3117/1337
f 2255/3265/1385 2252/3264/1384 2263/3277/1384 2264/3276/1385
f 2250/3263/1387 2256/3262/1386 2269/3275/1386 2270/3274/1387
f 2228/3249/1260 2276/3270/6 2265/3271/6 2227/3247/1260
f 2188/3123/1249 2189/3199/1295 2271/3252/1380 2273/3273/1382
f 2249/3260/1383 2258/3257/1379 2267/3268/1379 2268/3272/1383
f 2259/3259/6 2262/3255/1381 2266/3251/1381 2265/3271/6
f 2261/3256/1378 2260/3258/6 2276/3270/6 2272/3269/1378
f 2258/3257/1379 2261/3256/1378 2272/3269/1378 2267/3268/1379
f 2262/3255/1381 2257/3254/1380 2271/3252/1380 2266/3251/1381
f 2159/3155/1346 2149/3154/1320 2151/3174/1310 2157/3173/1265
f 2228/3249/1260 2227/3247/1260 2225/3248/1288 2226/3250/1288
f 2216/3223/1366 2222/3222/1365 2224/3239/1370 2214/3241/1371
f 2223/3226/1367 2218/3230/1318 2217/3233/1389 2221/3236/1311
f 2525/3280/1391 2520/3281/1392 2521/3282/1393 2526/3283/1394
f 2524/3284/1395 2519/3285/1396 2520/3281/1392 2525/3280/1391
f 2523/3286/1397 2517/3287/1398 2519/3285/1396 2524/3284/1395
f 2522/3288/1399 2518/3289/1400 2517/3287/1398 2523/3286/1397
f 2517/3290/1398 2518/3291/1400 2521/3292/1393 2520/3293/1392 2519/3294/1396
f 2526/3283/1394 2521/3282/1393 2518/3295/1400 2522/3296/1399
f 2522/3297/1399 2523/3298/1397 2524/3299/1395 2525/3300/1391 2526/3301/1394
f 2535/3302/1401 2536/3303/1402 2531/3304/1403 2530/3305/1404
f 2534/3306/1405 2535/3302/1401 2530/3305/1404 2529/3307/1406
f 2533/3308/1407 2534/3306/1405 2529/3307/1406 2527/3309/1408
f 2532/3310/1409 2533/3308/1407 2527/3309/1408 2528/3311/1410
f 2527/3312/1408 2529/3313/1406 2530/3314/1404 2531/3315/1403 2528/3316/1410
f 2536/3303/1402 2532/3317/1409 2528/3318/1410 2531/3304/1403
f 2532/3319/1409 2536/3320/1402 2535/3321/1401 2534/3322/1405 2533/3323/1407
f 2545/3324/1401 2546/3325/1402 2541/3326/1403 2540/3327/1404
f 2544/3328/1405 2545/3324/1401 2540/3327/1404 2539/3329/1406
f 2543/3330/1407 2544/3328/1405 2539/3329/1406 2537/3331/1408
f 2542/3332/1409 2543/3330/1407 2537/3331/1408 2538/3333/1410
f 2537/3334/1408 2539/3335/1406 2540/3336/1404 2541/3337/1403 2538/3338/1410
f 2546/3325/1402 2542/3339/1409 2538/3340/1410 2541/3326/1403
f 2542/3341/1409 2546/3342/1402 2545/3343/1401 2544/3344/1405 2543/3345/1407
f 2555/3346/1391 2550/3347/1392 2551/3348/1393 2556/3349/1394
f 2554/3350/1395 2549/3351/1396 2550/3347/1392 2555/3346/1391
f 2553/3352/1397 2547/3353/1398 2549/3351/1396 2554/3350/1395
f 2552/3354/1399 2548/3355/1400 2547/3353/1398 2553/3352/1397
f 2547/3356/1398 2548/3357/1400 2551/3358/1393 2550/3359/1392 2549/3360/1396
f 2556/3349/1394 2551/3348/1393 2548/3361/1400 2552/3362/1399
f 2552/3363/1399 2553/3364/1397 2554/3365/1395 2555/3366/1391 2556/3367/1394
f 2572/3368/1262 2581/3369/1374 2582/3370/1275 2564/3371/1263
f 2575/3372/1236 2573/3373/1237 2563/3374/1238 2571/3375/1239
f 2571/3375/1239 2563/3374/1238 2622/3376/1240 2634/3377/1241
f 2633/3378/1242 2621/3379/1243 2562/3380/1244 2570/3381/1245
f 2558/3382/1246 2557/3383/1247 2574/3384/1248 2562/3385/1244
f 2615/3386/1249 2558/3382/1246 2562/3385/1244 2621/3387/1243
f 2559/3388/1250 2616/3389/1251 2622/3390/1240 2563/3391/1238
f 2560/3392/1252 2559/3388/1250 2563/3391/1238 2573/3393/1237
f 2656/3394/1260 2654/3395/1288 2653/3396/1288 2655/3397/1260
f 2566/3398/1253 2570/3399/1245 2576/3400/1254 2565/3401/1255
f 2627/3402/1256 2633/3403/1242 2570/3399/1245 2566/3398/1253
f 2567/3404/1257 2571/3405/1239 2634/3406/1241 2628/3407/1258
f 2568/3408/1259 2575/3409/1236 2571/3405/1239 2567/3404/1257
f 2598/3410/1260 2561/3411/1261 2574/3412/1248 2590/3413/1260
f 2570/3381/1245 2562/3380/1244 2574/3414/1248 2576/3415/1254
f 2599/3416/92 2572/3368/1262 2575/3372/1236 2593/3417/92
f 2572/3368/1262 2564/3371/1263 2573/3373/1237 2575/3372/1236
f 2611/3418/1264 2586/3419/1265 2580/3420/1266 2604/3421/1267
f 2609/3422/1268 2587/3423/1269 2577/3424/1270 2601/3425/1271
f 2580/3420/1266 2578/3426/1272 2602/3427/1273 2604/3421/1267
f 2585/3428/1283 2587/3423/1269 2582/3370/1275 2581/3369/1374
f 2564/3371/1263 2582/3370/1275 2605/3429/1276 2597/3430/1260
f 2569/3431/1287 2583/3432/1329 2607/3433/1279 2600/3434/92
f 2599/3416/92 2608/3435/1278 2581/3369/1374 2572/3368/1262
f 2600/3434/92 2607/3433/1279 2608/3435/1278 2599/3416/92
f 2598/3410/1260 2606/3436/1280 2584/3437/1281 2561/3411/1261
f 2588/3438/1274 2610/3439/1282 2602/3427/1273 2578/3426/1272
f 2610/3439/1282 2609/3422/1268 2601/3425/1271 2602/3427/1273
f 2585/3428/1283 2612/3440/1284 2603/3441/1285 2579/3442/1286
f 2612/3440/1284 2611/3418/1264 2604/3421/1267 2603/3441/1285
f 2586/3419/1265 2588/3438/1274 2578/3426/1272 2580/3420/1266
f 2603/3441/1285 2601/3425/1271 2577/3424/1270 2579/3442/1286
f 2569/3431/1287 2600/3434/92 2594/3443/92 2576/3444/1254
f 2600/3434/92 2599/3416/92 2593/3417/92 2594/3443/92
f 2564/3371/1263 2597/3430/1260 2589/3445/1260 2573/3373/1237
f 2597/3430/1260 2598/3410/1260 2590/3413/1260 2589/3445/1260
f 2595/3446/94 2593/3447/92 2575/3409/1236 2568/3408/1259
f 2565/3401/1255 2576/3400/1254 2594/3448/92 2596/3449/94
f 2591/3450/1288 2560/3392/1252 2573/3393/1237 2589/3451/1260
f 2557/3383/1247 2592/3452/1288 2590/3453/1260 2574/3384/1248
f 2604/3421/1267 2602/3427/1273 2601/3425/1271 2603/3441/1285
f 2635/3454/1289 2623/3455/1290 2637/3456/1291 2639/3457/1292
f 2634/3377/1241 2622/3376/1240 2623/3455/1290 2635/3454/1289
f 2632/3458/1293 2620/3459/1294 2621/3379/1243 2633/3378/1242
f 2592/3452/1288 2591/3450/1288 2589/3451/1260 2590/3453/1260
f 2614/3460/1295 2620/3461/1294 2638/3462/1296 2613/3463/1297
f 2615/3386/1249 2621/3387/1243 2620/3461/1294 2614/3460/1295
f 2617/3464/1298 2623/3465/1290 2622/3390/1240 2616/3389/1251
f 2618/3466/1299 2637/3467/1291 2623/3465/1290 2617/3464/1298
f 2596/3449/94 2594/3448/92 2593/3447/92 2595/3446/94
f 2626/3468/1300 2625/3469/1301 2640/3470/1302 2632/3471/1293
f 2627/3402/1256 2626/3468/1300 2632/3471/1293 2633/3403/1242
f 2629/3472/1303 2628/3407/1258 2634/3406/1241 2635/3473/1289
f 2630/3474/1304 2629/3472/1303 2635/3473/1289 2639/3475/1292
f 2662/3476/1288 2654/3477/1288 2638/3478/1296 2619/3479/1305
f 2640/3480/1302 2638/3481/1296 2620/3459/1294 2632/3458/1293
f 2663/3482/94 2657/3483/94 2639/3457/1292 2636/3484/1306
f 2639/3457/1292 2637/3456/1291 2624/3485/1307 2636/3484/1306
f 2675/3486/1308 2668/3487/1309 2644/3488/1310 2650/3489/1311
f 2673/3490/1312 2665/3491/1313 2641/3492/1314 2651/3493/1315
f 2631/3494/1316 2647/3495/1317 2648/3496/1318 2619/3479/1305
f 2587/3423/1269 2585/3428/1283 2579/3442/1286 2577/3424/1270
f 2652/3497/1319 2642/3498/1320 2666/3499/1321 2674/3500/1322
f 2674/3500/1322 2666/3499/1321 2665/3491/1313 2673/3490/1312
f 2649/3501/1323 2643/3502/1324 2667/3503/1325 2676/3504/1326
f 2676/3504/1326 2667/3503/1325 2668/3487/1309 2675/3486/1308
f 2662/3476/1288 2670/3505/1327 2669/3506/1328 2661/3507/1288
f 2631/3494/1316 2640/3508/1302 2658/3509/94 2664/3510/94
f 2664/3510/94 2658/3509/94 2657/3483/94 2663/3482/94
f 2624/3485/1307 2637/3456/1291 2653/3511/1288 2661/3507/1288
f 2661/3507/1288 2653/3511/1288 2654/3477/1288 2662/3476/1288
f 2659/3512/92 2630/3474/1304 2639/3475/1292 2657/3513/94
f 2625/3469/1301 2660/3514/92 2658/3515/94 2640/3470/1302
f 2655/3397/1260 2653/3396/1288 2637/3467/1291 2618/3466/1299
f 2613/3463/1297 2638/3462/1296 2654/3395/1288 2656/3394/1260
f 2630/3474/1304 2618/3466/1299 2617/3464/1298 2629/3472/1303
f 2597/3430/1260 2605/3429/1276 2606/3436/1280 2598/3410/1260
f 2561/3411/1261 2569/3431/1287 2576/3444/1254 2574/3412/1248
f 2643/3502/1324 2649/3501/1323 2651/3493/1315 2641/3492/1314
f 2638/3478/1296 2640/3508/1302 2631/3494/1316 2619/3479/1305
f 2664/3510/94 2671/3516/1330 2647/3495/1317 2631/3494/1316
f 2583/3432/1329 2569/3431/1287 2561/3411/1261 2584/3437/1281
f 2582/3370/1275 2587/3423/1269 2609/3422/1268 2605/3429/1276
f 2586/3419/1265 2611/3418/1264 2607/3433/1279 2583/3432/1329
f 2612/3440/1284 2585/3428/1283 2581/3369/1374 2608/3435/1278
f 2611/3418/1264 2612/3440/1284 2608/3435/1278 2607/3433/1279
f 2610/3439/1282 2588/3438/1274 2584/3437/1281 2606/3436/1280
f 2609/3422/1268 2610/3439/1282 2606/3436/1280 2605/3429/1276
f 2586/3419/1265 2583/3432/1329 2584/3437/1281 2588/3438/1274
f 2626/3468/1300 2614/3460/1295 2613/3463/1297 2625/3469/1301
f 2625/3469/1301 2613/3463/1297 2656/3394/1260 2660/3514/92
f 2659/3512/92 2655/3397/1260 2618/3466/1299 2630/3474/1304
f 2627/3402/1256 2615/3386/1249 2614/3460/1295 2626/3468/1300
f 2616/3389/1251 2628/3407/1258 2629/3472/1303 2617/3464/1298
f 2656/3394/1260 2655/3397/1260 2659/3512/92 2660/3514/92
f 2567/3404/1257 2559/3388/1250 2560/3392/1252 2568/3408/1259
f 2565/3401/1255 2557/3383/1247 2558/3382/1246 2566/3398/1253
f 2592/3452/1288 2557/3383/1247 2565/3401/1255 2596/3449/94
f 2568/3408/1259 2560/3392/1252 2591/3450/1288 2595/3446/94
f 2566/3398/1253 2558/3382/1246 2615/3386/1249 2627/3402/1256
f 2616/3389/1251 2559/3388/1250 2567/3404/1257 2628/3407/1258
f 2592/3452/1288 2596/3449/94 2595/3446/94 2591/3450/1288
f 2619/3479/1305 2648/3496/1318 2670/3505/1327 2662/3476/1288
f 2663/3482/94 2672/3517/1331 2671/3516/1330 2664/3510/94
f 2636/3484/1306 2645/3518/1369 2672/3517/1331 2663/3482/94
f 2645/3518/1369 2636/3484/1306 2624/3485/1307 2646/3519/1333
f 2661/3507/1288 2669/3506/1328 2646/3519/1333 2624/3485/1307
f 2644/3488/1310 2642/3498/1320 2652/3497/1319 2650/3489/1311
f 2649/3501/1323 2645/3518/1369 2646/3519/1333 2651/3493/1315
f 2647/3495/1317 2650/3489/1311 2652/3497/1319 2648/3496/1318
f 2670/3505/1327 2674/3500/1322 2673/3490/1312 2669/3506/1328
f 2648/3496/1318 2652/3497/1319 2674/3500/1322 2670/3505/1327
f 2672/3517/1331 2676/3504/1326 2675/3486/1308 2671/3516/1330
f 2645/3518/1369 2649/3501/1323 2676/3504/1326 2672/3517/1331
f 2671/3516/1330 2675/3486/1308 2650/3489/1311 2647/3495/1317
f 2669/3506/1328 2673/3490/1312 2651/3493/1315 2646/3519/1333
f 2660/3514/92 2659/3512/92 2657/3513/94 2658/3515/94
f 2692/3520/1287 2684/3521/1261 2702/3522/1281 2701/3523/1411
f 2695/3524/1334 2691/3525/1245 2683/3526/1244 2693/3527/1335
f 2691/3525/1245 2754/3528/1242 2742/3529/1243 2683/3526/1244
f 2753/3530/1241 2690/3531/1239 2682/3532/1238 2741/3533/1240
f 2678/3534/1250 2682/3535/1238 2694/3536/1336 2677/3537/1337
f 2735/3538/1251 2741/3539/1240 2682/3535/1238 2678/3534/1250
f 2679/3540/1246 2683/3541/1244 2742/3542/1243 2736/3543/1249
f 2680/3544/1247 2693/3545/1335 2683/3541/1244 2679/3540/1246
f 2776/3546/1260 2775/3547/1260 2773/3548/1288 2774/3549/1288
f 2686/3550/1257 2685/3551/1339 2696/3552/1340 2690/3553/1239
f 2747/3554/1258 2686/3550/1257 2690/3553/1239 2753/3555/1241
f 2687/3556/1253 2748/3557/1256 2754/3558/1242 2691/3559/1245
f 2688/3560/1388 2687/3556/1253 2691/3559/1245 2695/3561/1334
f 2718/3562/1260 2710/3563/1260 2694/3564/1336 2681/3565/1263
f 2690/3531/1239 2696/3566/1340 2694/3567/1336 2682/3532/1238
f 2719/3568/92 2713/3569/92 2695/3524/1334 2692/3520/1287
f 2692/3520/1287 2695/3524/1334 2693/3527/1335 2684/3521/1261
f 2731/3570/1341 2724/3571/1285 2700/3572/1342 2706/3573/1343
f 2729/3574/1282 2721/3575/1344 2697/3576/1345 2707/3577/1346
f 2700/3572/1342 2724/3571/1285 2722/3578/1347 2698/3579/1348
f 2705/3580/1265 2701/3523/1411 2702/3522/1281 2707/3577/1346
f 2684/3521/1261 2717/3581/1260 2725/3582/1280 2702/3522/1281
f 2689/3583/1262 2720/3584/92 2727/3585/1352 2703/3586/1374
f 2719/3568/92 2692/3520/1287 2701/3523/1411 2728/3587/1351
f 2720/3584/92 2719/3568/92 2728/3587/1351 2727/3585/1352
f 2718/3562/1260 2681/3565/1263 2704/3588/1275 2726/3589/1276
f 2708/3590/1349 2698/3579/1348 2722/3578/1347 2730/3591/1268
f 2730/3591/1268 2722/3578/1347 2721/3575/1344 2729/3574/1282
f 2705/3580/1265 2699/3592/1353 2723/3593/1267 2732/3594/1355
f 2732/3594/1355 2723/3593/1267 2724/3571/1285 2731/3570/1341
f 2706/3573/1343 2700/3572/1342 2698/3579/1348 2708/3590/1349
f 2723/3593/1267 2699/3592/1353 2697/3576/1345 2721/3575/1344
f 2689/3583/1262 2696/3595/1340 2714/3596/92 2720/3584/92
f 2720/3584/92 2714/3596/92 2713/3569/92 2719/3568/92
f 2684/3521/1261 2693/3527/1335 2709/3597/1260 2717/3581/1260
f 2717/3581/1260 2709/3597/1260 2710/3563/1260 2718/3562/1260
f 2715/3598/94 2688/3560/1388 2695/3561/1334 2713/3599/92
f 2685/3551/1339 2716/3600/94 2714/3601/92 2696/3552/1340
f 2711/3602/1288 2709/3603/1260 2693/3545/1335 2680/3544/1247
f 2677/3537/1337 2694/3536/1336 2710/3604/1260 2712/3605/1288
f 2724/3571/1285 2723/3593/1267 2721/3575/1344 2722/3578/1347
f 2755/3606/1293 2759/3607/1356 2757/3608/1357 2743/3609/1294
f 2754/3528/1242 2755/3606/1293 2743/3609/1294 2742/3529/1243
f 2752/3610/1289 2753/3530/1241 2741/3533/1240 2740/3611/1290
f 2712/3605/1288 2710/3604/1260 2709/3603/1260 2711/3602/1288
f 2734/3612/1298 2733/3613/1358 2758/3614/1359 2740/3615/1290
f 2735/3538/1251 2734/3612/1298 2740/3615/1290 2741/3539/1240
f 2737/3616/1295 2736/3543/1249 2742/3542/1243 2743/3617/1294
f 2738/3618/1360 2737/3616/1295 2743/3617/1294 2757/3619/1357
f 2716/3600/94 2715/3598/94 2713/3599/92 2714/3601/92
f 2746/3620/1303 2752/3621/1289 2760/3622/1361 2745/3623/1362
f 2747/3554/1258 2753/3555/1241 2752/3621/1289 2746/3620/1303
f 2749/3624/1300 2755/3625/1293 2754/3558/1242 2748/3557/1256
f 2750/3626/1301 2759/3627/1356 2755/3625/1293 2749/3624/1300
f 2782/3628/1288 2739/3629/1307 2758/3630/1359 2774/3631/1288
f 2760/3632/1361 2752/3610/1289 2740/3611/1290 2758/3633/1359
f 2783/3634/94 2756/3635/1316 2759/3607/1356 2777/3636/94
f 2759/3607/1356 2756/3635/1316 2744/3637/1305 2757/3608/1357
f 2795/3638/1364 2770/3639/1365 2764/3640/1366 2788/3641/1325
f 2793/3642/1322 2771/3643/1367 2761/3644/1368 2785/3645/1321
f 2751/3646/1306 2739/3629/1307 2768/3647/1333 2767/3648/1369
f 2707/3577/1346 2697/3576/1345 2699/3592/1353 2705/3580/1265
f 2772/3649/1370 2794/3650/1312 2786/3651/1313 2762/3652/1371
f 2794/3650/1312 2793/3642/1322 2785/3645/1321 2786/3651/1313
f 2769/3653/1311 2796/3654/1372 2787/3655/1390 2763/3656/1373
f 2796/3654/1372 2795/3638/1364 2788/3641/1325 2787/3655/1390
f 2782/3628/1288 2781/3657/1288 2789/3658/1327 2790/3659/1328
f 2751/3646/1306 2784/3660/94 2778/3661/94 2760/3662/1361
f 2784/3660/94 2783/3634/94 2777/3636/94 2778/3661/94
f 2744/3637/1305 2781/3657/1288 2773/3663/1288 2757/3608/1357
f 2781/3657/1288 2782/3628/1288 2774/3631/1288 2773/3663/1288
f 2779/3664/92 2777/3665/94 2759/3627/1356 2750/3626/1301
f 2745/3623/1362 2760/3622/1361 2778/3666/94 2780/3667/92
f 2775/3547/1260 2738/3618/1360 2757/3619/1357 2773/3548/1288
f 2733/3613/1358 2776/3546/1260 2774/3549/1288 2758/3614/1359
f 2750/3626/1301 2749/3624/1300 2737/3616/1295 2738/3618/1360
f 2717/3581/1260 2718/3562/1260 2726/3589/1276 2725/3582/1280
f 2681/3565/1263 2694/3564/1336 2696/3595/1340 2689/3583/1262
f 2763/3656/1373 2761/3644/1368 2771/3643/1367 2769/3653/1311
f 2758/3630/1359 2739/3629/1307 2751/3646/1306 2760/3662/1361
f 2784/3660/94 2751/3646/1306 2767/3648/1369 2791/3668/1375
f 2703/3586/1374 2704/3588/1275 2681/3565/1263 2689/3583/1262
f 2702/3522/1281 2725/3582/1280 2729/3574/1282 2707/3577/1346
f 2706/3573/1343 2703/3586/1374 2727/3585/1352 2731/3570/1341
f 2732/3594/1355 2728/3587/1351 2701/3523/1411 2705/3580/1265
f 2731/3570/1341 2727/3585/1352 2728/3587/1351 2732/3594/1355
f 2730/3591/1268 2726/3589/1276 2704/3588/1275 2708/3590/1349
f 2729/3574/1282 2725/3582/1280 2726/3589/1276 2730/3591/1268
f 2706/3573/1343 2708/3590/1349 2704/3588/1275 2703/3586/1374
f 2746/3620/1303 2745/3623/1362 2733/3613/1358 2734/3612/1298
f 2745/3623/1362 2780/3667/92 2776/3546/1260 2733/3613/1358
f 2779/3664/92 2750/3626/1301 2738/3618/1360 2775/3547/1260
f 2747/3554/1258 2746/3620/1303 2734/3612/1298 2735/3538/1251
f 2736/3543/1249 2737/3616/1295 2749/3624/1300 2748/3557/1256
f 2776/3546/1260 2780/3667/92 2779/3664/92 2775/3547/1260
f 2687/3556/1253 2688/3560/1388 2680/3544/1247 2679/3540/1246
f 2685/3551/1339 2686/3550/1257 2678/3534/1250 2677/3537/1337
f 2712/3605/1288 2716/3600/94 2685/3551/1339 2677/3537/1337
f 2688/3560/1388 2715/3598/94 2711/3602/1288 2680/3544/1247
f 2686/3550/1257 2747/3554/1258 2735/3538/1251 2678/3534/1250
f 2736/3543/1249 2748/3557/1256 2687/3556/1253 2679/3540/1246
f 2712/3605/1288 2711/3602/1288 2715/3598/94 2716/3600/94
f 2739/3629/1307 2782/3628/1288 2790/3659/1328 2768/3647/1333
f 2783/3634/94 2784/3660/94 2791/3668/1375 2792/3669/1376
f 2756/3635/1316 2783/3634/94 2792/3669/1376 2765/3670/1389
f 2765/3670/1389 2766/3671/1318 2744/3637/1305 2756/3635/1316
f 2781/3657/1288 2744/3637/1305 2766/3671/1318 2789/3658/1327
f 2764/3640/1366 2770/3639/1365 2772/3649/1370 2762/3652/1371
f 2769/3653/1311 2771/3643/1367 2766/3671/1318 2765/3670/1389
f 2767/3648/1369 2768/3647/1333 2772/3649/1370 2770/3639/1365
f 2790/3659/1328 2789/3658/1327 2793/3642/1322 2794/3650/1312
f 2768/3647/1333 2790/3659/1328 2794/3650/1312 2772/3649/1370
f 2792/3669/1376 2791/3668/1375 2795/3638/1364 2796/3654/1372
f 2765/3670/1389 2792/3669/1376 2796/3654/1372 2769/3653/1311
f 2791/3668/1375 2767/3648/1369 2770/3639/1365 2795/3638/1364
f 2789/3658/1327 2766/3671/1318 2771/3643/1367 2793/3642/1322
f 2780/3667/92 2778/3666/94 2777/3665/94 2779/3664/92
f 2812/3672/1262 2919/3673/1412 2917/3674/1413 2804/3675/1263
f 2815/3676/1236 2813/3677/1237 2803/3678/1238 2811/3679/1239
f 2811/3679/1239 2803/3678/1238 2862/3680/1240 2874/3681/1241
f 2873/3682/1242 2861/3683/1243 2802/3684/1244 2810/3685/1245
f 2900/3686/92 2899/3687/92 2897/3688/94 2898/3689/94
f 2798/3690/1246 2797/3691/1247 2814/3692/1248 2802/3693/1244
f 2855/3694/1249 2798/3690/1246 2802/3693/1244 2861/3695/1243
f 2799/3696/1250 2856/3697/1251 2862/3698/1240 2803/3699/1238
f 2800/3700/1337 2799/3696/1250 2803/3699/1238 2813/3701/1237
f 2806/3702/1253 2810/3703/1245 2816/3704/1254 2805/3705/1255
f 2867/3706/1256 2873/3707/1242 2810/3703/1245 2806/3702/1253
f 2807/3708/1257 2811/3709/1239 2874/3710/1241 2868/3711/1258
f 2808/3712/1259 2815/3713/1236 2811/3709/1239 2807/3708/1257
f 2838/3714/1260 2801/3715/1261 2814/3716/1248 2830/3717/1260
f 2810/3685/1245 2802/3684/1244 2814/3718/1248 2816/3719/1254
f 2839/3720/92 2812/3672/1262 2815/3676/1236 2833/3721/92
f 2812/3672/1262 2804/3675/1263 2813/3677/1237 2815/3676/1236
f 2851/3722/1264 2826/3723/1265 2820/3724/1266 2844/3725/1267
f 2849/3726/1268 2827/3727/1269 2817/3728/1270 2841/3729/1271
f 2820/3724/1266 2818/3730/1272 2842/3731/1273 2844/3725/1267
f 2826/3723/1265 2828/3732/1274 2818/3730/1272 2820/3724/1266
f 2930/3733/581 2931/3734/1413 2822/3735/1275 2845/3736/1276
f 2928/3737/948 2926/3738/1414 2823/3739/1329 2847/3740/1279
f 2885/3741/1332 2876/3742/1306 2864/3743/1307 2886/3744/1333
f 2925/3745/1412 2927/3746/948 2848/3747/1278 2821/3748/1374
f 2927/3746/948 2928/3737/948 2847/3740/1279 2848/3747/1278
f 2932/3749/1415 2929/3750/581 2846/3751/1280 2824/3752/1281
f 2929/3750/581 2930/3733/581 2845/3736/1276 2846/3751/1280
f 2828/3732/1274 2850/3753/1282 2842/3731/1273 2818/3730/1272
f 2850/3753/1282 2849/3726/1268 2841/3729/1271 2842/3731/1273
f 2825/3754/1283 2852/3755/1284 2843/3756/1285 2819/3757/1286
f 2852/3755/1284 2851/3722/1264 2844/3725/1267 2843/3756/1285
f 2823/3739/1329 2926/3738/1414 2932/3749/1415 2824/3752/1281
f 2843/3756/1285 2841/3729/1271 2817/3728/1270 2819/3757/1286
f 2809/3758/1287 2840/3759/92 2834/3760/92 2816/3761/1254
f 2840/3759/92 2839/3720/92 2833/3721/92 2834/3760/92
f 2804/3675/1263 2837/3762/1260 2829/3763/1260 2813/3677/1237
f 2837/3762/1260 2838/3714/1260 2830/3717/1260 2829/3763/1260
f 2835/3764/94 2833/3765/92 2815/3713/1236 2808/3712/1259
f 2805/3705/1255 2816/3704/1254 2834/3766/92 2836/3767/94
f 2831/3768/1288 2800/3700/1337 2813/3701/1237 2829/3769/1260
f 2797/3691/1247 2832/3770/1288 2830/3771/1260 2814/3692/1248
f 2844/3725/1267 2842/3731/1273 2841/3729/1271 2843/3756/1285
f 2875/3772/1289 2863/3773/1290 2877/3774/1291 2879/3775/1292
f 2874/3681/1241 2862/3680/1240 2863/3773/1290 2875/3772/1289
f 2872/3776/1293 2860/3777/1294 2861/3683/1243 2873/3682/1242
f 2832/3770/1288 2831/3768/1288 2829/3769/1260 2830/3771/1260
f 2854/3778/1295 2860/3779/1294 2878/3780/1296 2853/3781/1297
f 2855/3694/1249 2861/3695/1243 2860/3779/1294 2854/3778/1295
f 2857/3782/1298 2863/3783/1290 2862/3698/1240 2856/3697/1251
f 2858/3784/1358 2877/3785/1291 2863/3783/1290 2857/3782/1298
f 2836/3767/94 2834/3766/92 2833/3765/92 2835/3764/94
f 2866/3786/1300 2865/3787/1301 2880/3788/1302 2872/3789/1293
f 2867/3706/1256 2866/3786/1300 2872/3789/1293 2873/3707/1242
f 2869/3790/1303 2868/3711/1258 2874/3710/1241 2875/3791/1289
f 2870/3792/1304 2869/3790/1303 2875/3791/1289 2879/3793/1292
f 2902/3794/1288 2894/3795/1288 2878/3796/1296 2859/3797/1305
f 2880/3798/1302 2878/3799/1296 2860/3777/1294 2872/3776/1293
f 2903/3800/94 2897/3801/94 2879/3775/1292 2876/3742/1306
f 2879/3775/1292 2877/3774/1291 2864/3743/1307 2876/3742/1306
f 2915/3802/1308 2908/3803/1309 2884/3804/1310 2890/3805/1311
f 2913/3806/1312 2905/3807/1313 2881/3808/1314 2891/3809/1315
f 2889/3810/1323 2885/3741/1332 2886/3744/1333 2891/3809/1315
f 2901/3811/1288 2909/3812/1328 2886/3744/1333 2864/3743/1307
f 2904/3813/94 2911/3814/1330 2887/3815/1317 2871/3816/1316
f 2827/3727/1269 2825/3754/1283 2819/3757/1286 2817/3728/1270
f 2876/3742/1306 2885/3741/1332 2912/3817/1331 2903/3800/94
f 2903/3800/94 2912/3817/1331 2911/3814/1330 2904/3813/94
f 2859/3797/1305 2888/3818/1318 2910/3819/1327 2902/3794/1288
f 2892/3820/1319 2882/3821/1320 2906/3822/1321 2914/3823/1322
f 2914/3823/1322 2906/3822/1321 2905/3807/1313 2913/3806/1312
f 2889/3810/1323 2883/3824/1324 2907/3825/1325 2916/3826/1326
f 2916/3826/1326 2907/3825/1325 2908/3803/1309 2915/3802/1308
f 2884/3804/1310 2882/3821/1320 2892/3820/1319 2890/3805/1311
f 2871/3816/1316 2880/3827/1302 2898/3828/94 2904/3813/94
f 2904/3813/94 2898/3828/94 2897/3801/94 2903/3800/94
f 2864/3743/1307 2877/3774/1291 2893/3829/1288 2901/3811/1288
f 2901/3811/1288 2893/3829/1288 2894/3795/1288 2902/3794/1288
f 2899/3687/92 2870/3792/1304 2879/3793/1292 2897/3688/94
f 2865/3787/1301 2900/3686/92 2898/3689/94 2880/3788/1302
f 2895/3830/1260 2893/3831/1288 2877/3785/1291 2858/3784/1358
f 2853/3781/1297 2878/3780/1296 2894/3832/1288 2896/3833/1260
f 2870/3792/1304 2858/3784/1358 2857/3782/1298 2869/3790/1303
f 2902/3794/1288 2910/3819/1327 2909/3812/1328 2901/3811/1288
f 2801/3715/1261 2809/3758/1287 2816/3761/1254 2814/3716/1248
f 2931/3734/1413 2925/3745/1412 2821/3748/1374 2822/3735/1275
f 2883/3824/1324 2889/3810/1323 2891/3809/1315 2881/3808/1314
f 2878/3796/1296 2880/3827/1302 2871/3816/1316 2859/3797/1305
f 2871/3816/1316 2887/3815/1317 2888/3818/1318 2859/3797/1305
f 2809/3758/1287 2801/3715/1261 2918/3834/1415 2920/3835/1414
f 2838/3714/1260 2837/3762/1260 2924/3836/581 2923/3837/581
f 2801/3715/1261 2838/3714/1260 2923/3837/581 2918/3834/1415
f 2839/3720/92 2840/3759/92 2922/3838/948 2921/3839/948
f 2812/3672/1262 2839/3720/92 2921/3839/948 2919/3673/1412
f 2840/3759/92 2809/3758/1287 2920/3835/1414 2922/3838/948
f 2837/3762/1260 2804/3675/1263 2917/3674/1413 2924/3836/581
f 2917/3674/1413 2919/3673/1412 2925/3745/1412 2931/3734/1413
f 2920/3835/1414 2918/3834/1415 2932/3749/1415 2926/3738/1414
f 2923/3837/581 2924/3836/581 2930/3733/581 2929/3750/581
f 2918/3834/1415 2923/3837/581 2929/3750/581 2932/3749/1415
f 2921/3839/948 2922/3838/948 2928/3737/948 2927/3746/948
f 2919/3673/1412 2921/3839/948 2927/3746/948 2925/3745/1412
f 2922/3838/948 2920/3835/1414 2926/3738/1414 2928/3737/948
f 2924/3836/581 2917/3674/1413 2931/3734/1413 2930/3733/581
f 2825/3754/1283 2827/3727/1269 2822/3735/1275 2821/3748/1374
f 2822/3735/1275 2827/3727/1269 2849/3726/1268 2845/3736/1276
f 2826/3723/1265 2851/3722/1264 2847/3740/1279 2823/3739/1329
f 2852/3755/1284 2825/3754/1283 2821/3748/1374 2848/3747/1278
f 2851/3722/1264 2852/3755/1284 2848/3747/1278 2847/3740/1279
f 2850/3753/1282 2828/3732/1274 2824/3752/1281 2846/3751/1280
f 2849/3726/1268 2850/3753/1282 2846/3751/1280 2845/3736/1276
f 2826/3723/1265 2823/3739/1329 2824/3752/1281 2828/3732/1274
f 2866/3786/1300 2854/3778/1295 2853/3781/1297 2865/3787/1301
f 2865/3787/1301 2853/3781/1297 2896/3833/1260 2900/3686/92
f 2899/3687/92 2895/3830/1260 2858/3784/1358 2870/3792/1304
f 2867/3706/1256 2855/3694/1249 2854/3778/1295 2866/3786/1300
f 2856/3697/1251 2868/3711/1258 2869/3790/1303 2857/3782/1298
f 2896/3833/1260 2895/3830/1260 2899/3687/92 2900/3686/92
f 2807/3708/1257 2799/3696/1250 2800/3700/1337 2808/3712/1259
f 2805/3705/1255 2797/3691/1247 2798/3690/1246 2806/3702/1253
f 2832/3770/1288 2797/3691/1247 2805/3705/1255 2836/3767/94
f 2808/3712/1259 2800/3700/1337 2831/3768/1288 2835/3764/94
f 2806/3702/1253 2798/3690/1246 2855/3694/1249 2867/3706/1256
f 2856/3697/1251 2799/3696/1250 2807/3708/1257 2868/3711/1258
f 2832/3770/1288 2836/3767/94 2835/3764/94 2831/3768/1288
f 2896/3833/1260 2894/3832/1288 2893/3831/1288 2895/3830/1260
f 2887/3815/1317 2890/3805/1311 2892/3820/1319 2888/3818/1318
f 2910/3819/1327 2914/3823/1322 2913/3806/1312 2909/3812/1328
f 2888/3818/1318 2892/3820/1319 2914/3823/1322 2910/3819/1327
f 2912/3817/1331 2916/3826/1326 2915/3802/1308 2911/3814/1330
f 2885/3741/1332 2889/3810/1323 2916/3826/1326 2912/3817/1331
f 2911/3814/1330 2915/3802/1308 2890/3805/1311 2887/3815/1317
f 2909/3812/1328 2913/3806/1312 2891/3809/1315 2886/3744/1333
f 2948/3840/1287 2940/3841/1261 3053/3842/1415 3055/3843/1414
f 2951/3844/1334 2947/3845/1245 2939/3846/1244 2949/3847/1335
f 2947/3845/1245 3010/3848/1242 2998/3849/1243 2939/3846/1244
f 3009/3850/1241 2946/3851/1239 2938/3852/1238 2997/3853/1240
f 3036/3854/92 3034/3855/94 3033/3856/94 3035/3857/92
f 2934/3858/1250 2938/3859/1238 2950/3860/1336 2933/3861/1337
f 2991/3862/1251 2997/3863/1240 2938/3859/1238 2934/3858/1250
f 2935/3864/1246 2939/3865/1244 2998/3866/1243 2992/3867/1249
f 2936/3868/1247 2949/3869/1335 2939/3865/1244 2935/3864/1246
f 2942/3870/1257 2941/3871/1339 2952/3872/1340 2946/3873/1239
f 3003/3874/1258 2942/3870/1257 2946/3873/1239 3009/3875/1241
f 2943/3876/1253 3004/3877/1256 3010/3878/1242 2947/3879/1245
f 2944/3880/1388 2943/3876/1253 2947/3879/1245 2951/3881/1334
f 2974/3882/1260 2966/3883/1260 2950/3884/1336 2937/3885/1263
f 2946/3851/1239 2952/3886/1340 2950/3887/1336 2938/3852/1238
f 2975/3888/92 2969/3889/92 2951/3844/1334 2948/3840/1287
f 2948/3840/1287 2951/3844/1334 2949/3847/1335 2940/3841/1261
f 2987/3890/1341 2980/3891/1285 2956/3892/1342 2962/3893/1343
f 2985/3894/1282 2977/3895/1344 2953/3896/1345 2963/3897/1346
f 2956/3892/1342 2980/3891/1285 2978/3898/1347 2954/3899/1348
f 2962/3893/1343 2956/3892/1342 2954/3899/1348 2964/3900/1349
f 3066/3901/581 2981/3902/1280 2958/3903/1281 3067/3904/1415
f 3064/3905/948 2983/3906/1352 2959/3907/1374 3062/3908/1412
f 3021/3909/1377 3022/3910/1318 3000/3911/1305 3012/3912/1316
f 3061/3913/1414 2957/3914/1329 2984/3915/1351 3063/3916/948
f 3063/3916/948 2984/3915/1351 2983/3906/1352 3064/3905/948
f 3068/3917/1413 2960/3918/1275 2982/3919/1276 3065/3920/581
f 3065/3920/581 2982/3919/1276 2981/3902/1280 3066/3901/581
f 2964/3900/1349 2954/3899/1348 2978/3898/1347 2986/3921/1268
f 2986/3921/1268 2978/3898/1347 2977/3895/1344 2985/3894/1282
f 2961/3922/1265 2955/3923/1353 2979/3924/1267 2988/3925/1355
f 2988/3925/1355 2979/3924/1267 2980/3891/1285 2987/3890/1341
f 2959/3907/1374 2960/3918/1275 3068/3917/1413 3062/3908/1412
f 2979/3924/1267 2955/3923/1353 2953/3896/1345 2977/3895/1344
f 2945/3926/1262 2952/3927/1340 2970/3928/92 2976/3929/92
f 2976/3929/92 2970/3928/92 2969/3889/92 2975/3888/92
f 2940/3841/1261 2949/3847/1335 2965/3930/1260 2973/3931/1260
f 2973/3931/1260 2965/3930/1260 2966/3883/1260 2974/3882/1260
f 2971/3932/94 2944/3880/1388 2951/3881/1334 2969/3933/92
f 2941/3871/1339 2972/3934/94 2970/3935/92 2952/3872/1340
f 2967/3936/1288 2965/3937/1260 2949/3869/1335 2936/3868/1247
f 2933/3861/1337 2950/3860/1336 2966/3938/1260 2968/3939/1288
f 2980/3891/1285 2979/3924/1267 2977/3895/1344 2978/3898/1347
f 3011/3940/1293 3015/3941/1356 3013/3942/1357 2999/3943/1294
f 3010/3848/1242 3011/3940/1293 2999/3943/1294 2998/3849/1243
f 3008/3944/1289 3009/3850/1241 2997/3853/1240 2996/3945/1290
f 2968/3939/1288 2966/3938/1260 2965/3937/1260 2967/3936/1288
f 2990/3946/1298 2989/3947/1358 3014/3948/1359 2996/3949/1290
f 2991/3862/1251 2990/3946/1298 2996/3949/1290 2997/3863/1240
f 2993/3950/1295 2992/3867/1249 2998/3866/1243 2999/3951/1294
f 2994/3952/1360 2993/3950/1295 2999/3951/1294 3013/3953/1357
f 2972/3934/94 2971/3932/94 2969/3933/92 2970/3935/92
f 3002/3954/1303 3008/3955/1289 3016/3956/1361 3001/3957/1362
f 3003/3874/1258 3009/3875/1241 3008/3955/1289 3002/3954/1303
f 3005/3958/1300 3011/3959/1293 3010/3878/1242 3004/3877/1256
f 3006/3960/1363 3015/3961/1356 3011/3959/1293 3005/3958/1300
f 3038/3962/1288 2995/3963/1307 3014/3964/1359 3030/3965/1288
f 3016/3966/1361 3008/3944/1289 2996/3945/1290 3014/3967/1359
f 3039/3968/94 3012/3912/1316 3015/3941/1356 3033/3969/94
f 3015/3941/1356 3012/3912/1316 3000/3911/1305 3013/3942/1357
f 3051/3970/1364 3026/3971/1365 3020/3972/1366 3044/3973/1325
f 3049/3974/1322 3027/3975/1367 3017/3976/1368 3041/3977/1321
f 3025/3978/1311 3027/3975/1367 3022/3910/1318 3021/3909/1377
f 3037/3979/1288 3000/3911/1305 3022/3910/1318 3045/3980/1327
f 3040/3981/94 3007/3982/1306 3023/3983/1369 3047/3984/1375
f 2963/3897/1346 2953/3896/1345 2955/3923/1353 2961/3922/1265
f 3012/3912/1316 3039/3968/94 3048/3985/1376 3021/3909/1377
f 3039/3968/94 3040/3981/94 3047/3984/1375 3048/3985/1376
f 2995/3963/1307 3038/3962/1288 3046/3986/1328 3024/3987/1333
f 3028/3988/1370 3050/3989/1312 3042/3990/1313 3018/3991/1371
f 3050/3989/1312 3049/3974/1322 3041/3977/1321 3042/3990/1313
f 3025/3978/1311 3052/3992/1372 3043/3993/1309 3019/3994/1373
f 3052/3992/1372 3051/3970/1364 3044/3973/1325 3043/3993/1309
f 3020/3972/1366 3026/3971/1365 3028/3988/1370 3018/3991/1371
f 3007/3982/1306 3040/3981/94 3034/3995/94 3016/3996/1361
f 3040/3981/94 3039/3968/94 3033/3969/94 3034/3995/94
f 3000/3911/1305 3037/3979/1288 3029/3997/1288 3013/3942/1357
f 3037/3979/1288 3038/3962/1288 3030/3965/1288 3029/3997/1288
f 3035/3857/92 3033/3856/94 3015/3961/1356 3006/3960/1363
f 3001/3957/1362 3016/3956/1361 3034/3855/94 3036/3854/92
f 3031/3998/1260 2994/3952/1360 3013/3953/1357 3029/3999/1288
f 2989/3947/1358 3032/4000/1260 3030/4001/1288 3014/3948/1359
f 3006/3960/1363 3005/3958/1300 2993/3950/1295 2994/3952/1360
f 3038/3962/1288 3037/3979/1288 3045/3980/1327 3046/3986/1328
f 2937/3885/1263 2950/3884/1336 2952/3927/1340 2945/3926/1262
f 3067/3904/1415 2958/3903/1281 2957/3914/1329 3061/3913/1414
f 3019/3994/1373 3017/3976/1368 3027/3975/1367 3025/3978/1311
f 3014/3964/1359 2995/3963/1307 3007/3982/1306 3016/3996/1361
f 3007/3982/1306 2995/3963/1307 3024/3987/1333 3023/3983/1369
f 2945/3926/1262 3056/4002/1412 3054/4003/1413 2937/3885/1263
f 2974/3882/1260 3059/4004/581 3060/4005/581 2973/3931/1260
f 2937/3885/1263 3054/4003/1413 3059/4004/581 2974/3882/1260
f 2975/3888/92 3057/4006/948 3058/4007/948 2976/3929/92
f 2948/3840/1287 3055/3843/1414 3057/4006/948 2975/3888/92
f 2976/3929/92 3058/4007/948 3056/4002/1412 2945/3926/1262
f 2973/3931/1260 3060/4005/581 3053/3842/1415 2940/3841/1261
f 3053/3842/1415 3067/3904/1415 3061/3913/1414 3055/3843/1414
f 3056/4002/1412 3062/3908/1412 3068/3917/1413 3054/4003/1413
f 3059/4004/581 3065/3920/581 3066/3901/581 3060/4005/581
f 3054/4003/1413 3068/3917/1413 3065/3920/581 3059/4004/581
f 3057/4006/948 3063/3916/948 3064/3905/948 3058/4007/948
f 3055/3843/1414 3061/3913/1414 3063/3916/948 3057/4006/948
f 3058/4007/948 3064/3905/948 3062/3908/1412 3056/4002/1412
f 3060/4005/581 3066/3901/581 3067/3904/1415 3053/3842/1415
f 2961/3922/1265 2957/3914/1329 2958/3903/1281 2963/3897/1346
f 2958/3903/1281 2981/3902/1280 2985/3894/1282 2963/3897/1346
f 2962/3893/1343 2959/3907/1374 2983/3906/1352 2987/3890/1341
f 2988/3925/1355 2984/3915/1351 2957/3914/1329 2961/3922/1265
f 2987/3890/1341 2983/3906/1352 2984/3915/1351 2988/3925/1355
f 2986/3921/1268 2982/3919/1276 2960/3918/1275 2964/3900/1349
f 2985/3894/1282 2981/3902/1280 2982/3919/1276 2986/3921/1268
f 2962/3893/1343 2964/3900/1349 2960/3918/1275 2959/3907/1374
f 3002/3954/1303 3001/3957/1362 2989/3947/1358 2990/3946/1298
f 3001/3957/1362 3036/3854/92 3032/4000/1260 2989/3947/1358
f 3035/3857/92 3006/3960/1363 2994/3952/1360 3031/3998/1260
f 3003/3874/1258 3002/3954/1303 2990/3946/1298 2991/3862/1251
f 2992/3867/1249 2993/3950/1295 3005/3958/1300 3004/3877/1256
f 3032/4000/1260 3036/3854/92 3035/3857/92 3031/3998/1260
f 2943/3876/1253 2944/3880/1388 2936/3868/1247 2935/3864/1246
f 2941/3871/1339 2942/3870/1257 2934/3858/1250 2933/3861/1337
f 2968/3939/1288 2972/3934/94 2941/3871/1339 2933/3861/1337
f 2944/3880/1388 2971/3932/94 2967/3936/1288 2936/3868/1247
f 2942/3870/1257 3003/3874/1258 2991/3862/1251 2934/3858/1250
f 2992/3867/1249 3004/3877/1256 2943/3876/1253 2935/3864/1246
f 2968/3939/1288 2967/3936/1288 2971/3932/94 2972/3934/94
f 3032/4000/1260 3031/3998/1260 3029/3999/1288 3030/4001/1288
f 3023/3983/1369 3024/3987/1333 3028/3988/1370 3026/3971/1365
f 3046/3986/1328 3045/3980/1327 3049/3974/1322 3050/3989/1312
f 3024/3987/1333 3046/3986/1328 3050/3989/1312 3028/3988/1370
f 3048/3985/1376 3047/3984/1375 3051/3970/1364 3052/3992/1372
f 3021/3909/1377 3048/3985/1376 3052/3992/1372 3025/3978/1311
f 3047/3984/1375 3023/3983/1369 3026/3971/1365 3051/3970/1364
f 3045/3980/1327 3022/3910/1318 3027/3975/1367 3049/3974/1322
f 3077/4008/1416 3071/4009/1417 3070/4010/1418 3076/4011/1419
f 3084/4012/1416 3083/4013/1420 3071/4009/1417 3077/4008/1416
f 3079/4014/1421 3096/4015/1422 3089/4016/1423 3072/4017/1424
f 3081/4018/1425 3080/4019/1426 3069/4020/1427 3072/4021/1424
f 3072/4021/1424 3089/4022/1423 3098/4023/1428 3081/4018/1425
f 3082/4024/1416 3080/4025/1426 3083/4013/1420 3084/4012/1416
f 3081/4018/1425 3098/4023/1428 3102/4026/1429 3085/4027/1430
f 3074/4028/1431 3091/4029/1432 3090/4030/1433 3073/4031/1434
f 3080/4025/1426 3082/4024/1416 3075/4032/1435 3069/4033/1427
f 3073/4031/1434 3070/4034/1418 3071/4035/1417 3074/4028/1431
f 3085/4027/1430 3083/4036/1420 3080/4019/1426 3081/4018/1425
f 3074/4028/1431 3071/4035/1417 3083/4036/1420 3085/4027/1430
f 3069/4037/1427 3075/4038/1435 3079/4014/1421 3072/4017/1424
f 3076/4011/1419 3070/4010/1418 3073/4039/1434 3078/4040/1436
f 3095/4041/1437 3078/4040/1436 3073/4039/1434 3090/4042/1433
f 3094/4043/1438 3093/4044/1439 3087/4045/1440 3088/4046/1441
f 3101/4047/1438 3094/4043/1438 3088/4046/1441 3100/4048/1442
f 3098/4023/1428 3089/4022/1423 3086/4049/1443 3097/4050/1444
f 3099/4051/1438 3101/4047/1438 3100/4048/1442 3097/4052/1444
f 3097/4052/1444 3086/4053/1443 3092/4054/1445 3099/4051/1438
f 3090/4030/1433 3091/4029/1432 3088/4055/1441 3087/4056/1440
f 3102/4026/1429 3098/4023/1428 3097/4050/1444 3100/4057/1442
f 3091/4029/1432 3102/4026/1429 3100/4057/1442 3088/4055/1441
f 3086/4058/1443 3089/4016/1423 3096/4015/1422 3092/4059/1445
f 3093/4044/1439 3095/4041/1437 3090/4042/1433 3087/4045/1440
f 3085/4027/1430 3102/4026/1429 3091/4029/1432 3074/4028/1431
f 3111/4060/1446 3110/4061/1447 3104/4062/1448 3105/4063/1449
f 3118/4064/1446 3111/4060/1446 3105/4063/1449 3117/4065/1450
f 3106/4066/1451 3123/4067/1452 3130/4068/1453 3113/4069/1454
f 3115/4070/1455 3106/4071/1451 3103/4072/1456 3114/4073/1457
f 3115/4070/1455 3132/4074/1458 3123/4075/1452 3106/4071/1451
f 3116/4076/1446 3118/4064/1446 3117/4065/1450 3114/4077/1457
f 3119/4078/1459 3136/4079/1460 3132/4074/1458 3115/4070/1455
f 3107/4080/1461 3124/4081/1462 3125/4082/1463 3108/4083/1464
f 3114/4077/1457 3103/4084/1456 3109/4085/1465 3116/4076/1446
f 3107/4080/1461 3108/4083/1464 3105/4086/1449 3104/4087/1448
f 3119/4078/1459 3115/4070/1455 3114/4073/1457 3117/4088/1450
f 3108/4083/1464 3119/4078/1459 3117/4088/1450 3105/4086/1449
f 3103/4089/1456 3106/4066/1451 3113/4069/1454 3109/4090/1465
f 3110/4061/1447 3112/4091/1466 3107/4092/1461 3104/4062/1448
f 3129/4093/1467 3124/4094/1462 3107/4092/1461 3112/4091/1466
f 3128/4095/1468 3122/4096/1469 3121/4097/1470 3127/4098/1471
f 3135/4099/1468 3134/4100/1472 3122/4096/1469 3128/4095/1468
f 3132/4074/1458 3131/4101/1473 3120/4102/1474 3123/4075/1452
f 3133/4103/1468 3131/4104/1473 3134/4100/1472 3135/4099/1468
f 3131/4104/1473 3133/4103/1468 3126/4105/1475 3120/4106/1474
f 3124/4081/1462 3121/4107/1470 3122/4108/1469 3125/4082/1463
f 3136/4079/1460 3134/4109/1472 3131/4101/1473 3132/4074/1458
f 3125/4082/1463 3122/4108/1469 3134/4109/1472 3136/4079/1460
f 3120/4110/1474 3126/4111/1475 3130/4068/1453 3123/4067/1452
f 3127/4098/1471 3121/4097/1470 3124/4094/1462 3129/4093/1467
f 3108/4083/1464 3125/4082/1463 3136/4079/1460 3119/4078/1459
f 3156/4112/1476 3145/4113/1477 3149/4114/1478 3151/4115/1479
f 3153/4116/1480 3154/4117/1481 3142/4118/1382 3141/4119/1482
f 3156/4120/1476 3151/4121/1479 3150/4122/1382 3146/4123/1382
f 3158/4124/1483 3168/4125/1484 3148/4126/1485 3138/4127/1486
f 3168/4125/1484 3165/4128/1487 3145/4113/1477 3148/4126/1485
f 3169/4129/1488 3159/4130/1489 3139/4131/1490 3149/4114/1478
f 3140/4132/1491 3150/4122/1382 3151/4121/1479 3152/4133/1492
f 3157/4134/1493 3158/4124/1483 3138/4127/1486 3137/4135/1494
f 3157/4136/1493 3137/4137/1494 3143/4138/1495 3163/4139/1496
f 3154/4140/1481 3138/4127/1486 3148/4126/1485 3155/4141/1497
f 3155/4141/1497 3148/4126/1485 3145/4113/1477 3156/4112/1476
f 3147/4142/1382 3142/4118/1382 3154/4117/1481 3155/4143/1497
f 3151/4115/1479 3149/4114/1478 3139/4131/1490 3152/4144/1492
f 3155/4143/1497 3156/4120/1476 3146/4123/1382 3147/4142/1382
f 3137/4137/1494 3153/4116/1480 3141/4119/1482 3143/4138/1495
f 3139/4145/1490 3144/4146/1498 3140/4147/1491 3152/4148/1492
f 3153/4149/1480 3137/4135/1494 3138/4127/1486 3154/4140/1481
f 3139/4145/1490 3159/4150/1489 3164/4151/1499 3144/4146/1498
f 3176/4152/1500 3171/4153/1501 3169/4129/1488 3165/4128/1487
f 3173/4154/1502 3161/4155/1503 3162/4156/1504 3174/4157/1505
f 3176/4158/1500 3166/4159/1383 3170/4160/1383 3171/4161/1501
f 3160/4162/1506 3172/4163/1507 3171/4161/1501 3170/4160/1383
f 3174/4164/1505 3175/4165/1508 3168/4125/1484 3158/4124/1483
f 3175/4165/1508 3176/4152/1500 3165/4128/1487 3168/4125/1484
f 3167/4166/1504 3175/4167/1508 3174/4157/1505 3162/4156/1504
f 3171/4153/1501 3172/4168/1507 3159/4130/1489 3169/4129/1488
f 3175/4167/1508 3167/4166/1504 3166/4159/1383 3176/4158/1500
f 3157/4136/1493 3163/4139/1496 3161/4155/1503 3173/4154/1502
f 3159/4150/1489 3172/4169/1507 3160/4170/1506 3164/4151/1499
f 3173/4171/1502 3174/4164/1505 3158/4124/1483 3157/4134/1493
f 3196/4172/1509 3191/4173/1510 3189/4174/1511 3185/4175/1512
f 3193/4176/1513 3181/4177/1514 3182/4178/1383 3194/4179/1515
f 3196/4180/1509 3186/4181/1383 3190/4182/1383 3191/4183/1510
f 3198/4184/1516 3178/4185/1517 3188/4186/1518 3208/4187/1519
f 3208/4187/1519 3188/4186/1518 3185/4175/1512 3205/4188/1520
f 3209/4189/1521 3189/4174/1511 3179/4190/1522 3199/4191/1523
f 3180/4192/1524 3192/4193/1525 3191/4183/1510 3190/4182/1383
f 3197/4194/1526 3177/4195/1527 3178/4185/1517 3198/4184/1516
f 3197/4196/1526 3203/4197/1495 3183/4198/1496 3177/4199/1527
f 3194/4200/1515 3195/4201/1528 3188/4186/1518 3178/4185/1517
f 3195/4201/1528 3196/4172/1509 3185/4175/1512 3188/4186/1518
f 3187/4202/1383 3195/4203/1528 3194/4179/1515 3182/4178/1383
f 3191/4173/1510 3192/4204/1525 3179/4190/1522 3189/4174/1511
f 3195/4203/1528 3187/4202/1383 3186/4181/1383 3196/4180/1509
f 3177/4199/1527 3183/4198/1496 3181/4177/1514 3193/4176/1513
f 3179/4205/1522 3192/4206/1525 3180/4207/1524 3184/4208/1529
f 3193/4209/1513 3194/4200/1515 3178/4185/1517 3177/4195/1527
f 3184/4208/1529 3204/4210/1530 3199/4211/1523 3179/4205/1522
f 3216/4212/1531 3205/4188/1520 3209/4189/1521 3211/4213/1532
f 3213/4214/1533 3214/4215/1534 3202/4216/1535 3201/4217/1536
f 3216/4218/1531 3211/4219/1532 3210/4220/1382 3206/4221/1382
f 3200/4222/1537 3210/4220/1382 3211/4219/1532 3212/4223/1538
f 3214/4224/1534 3198/4184/1516 3208/4187/1519 3215/4225/1539
f 3215/4225/1539 3208/4187/1519 3205/4188/1520 3216/4212/1531
f 3207/4226/1535 3202/4216/1535 3214/4215/1534 3215/4227/1539
f 3211/4213/1532 3209/4189/1521 3199/4191/1523 3212/4228/1538
f 3215/4227/1539 3216/4218/1531 3206/4221/1382 3207/4226/1535
f 3197/4196/1526 3213/4214/1533 3201/4217/1536 3203/4197/1495
f 3199/4211/1523 3204/4210/1530 3200/4229/1537 3212/4230/1538
f 3213/4231/1533 3197/4194/1526 3198/4184/1516 3214/4224/1534
f 3165/4128/1487 3169/4129/1488 3149/4114/1478 3145/4113/1477
f 3205/4188/1520 3185/4175/1512 3189/4174/1511 3209/4189/1521
f 3217/4232/948 3227/4233/1540 3226/4234/1541 3219/4235/92
f 3219/4235/92 3226/4234/1541 3228/4236/1542 3220/4237/6
f 3220/4237/6 3228/4236/1542 3229/4238/1543 3221/4239/1260
f 3221/4239/1260 3229/4238/1543 3230/4240/1544 3222/4241/581
f 3222/4241/581 3230/4240/1544 3231/4242/1545 3223/4243/1288
f 3223/4243/1288 3231/4242/1545 3232/4244/1546 3224/4245/15
f 3224/4245/15 3232/4244/1546 3233/4246/1547 3225/4247/94
f 3218/4248/1383 3226/4249/1541 3227/4250/1540
f 3218/4251/1383 3228/4252/1542 3226/4249/1541
f 3218/4253/1383 3229/4254/1543 3228/4252/1542
f 3218/4255/1383 3230/4256/1544 3229/4254/1543
f 3218/4257/1383 3231/4258/1545 3230/4256/1544
f 3218/4259/1383 3232/4260/1546 3231/4258/1545
f 3218/4261/1383 3233/4262/1547 3232/4260/1546
f 3218/4263/1383 3227/4250/1540 3233/4262/1547
f 3225/4247/94 3233/4246/1547 3227/4264/1540 3217/4265/948
f 3234/4266/948 3244/4267/1540 3243/4268/1541 3236/4269/92
f 3236/4269/92 3243/4268/1541 3245/4270/1542 3237/4271/6
f 3237/4271/6 3245/4270/1542 3246/4272/1543 3238/4273/1260
f 3238/4273/1260 3246/4272/1543 3247/4274/1544 3239/4275/581
f 3239/4275/581 3247/4274/1544 3248/4276/1545 3240/4277/1288
f 3240/4277/1288 3248/4276/1545 3249/4278/1546 3241/4279/15
f 3241/4279/15 3249/4278/1546 3250/4280/1547 3242/4281/94
f 3235/4282/1383 3243/4283/1541 3244/4284/1540
f 3235/4285/1383 3245/4286/1542 3243/4283/1541
f 3235/4287/1383 3246/4288/1543 3245/4286/1542
f 3235/4289/1383 3247/4290/1544 3246/4288/1543
f 3235/4291/1383 3248/4292/1545 3247/4290/1544
f 3235/4293/1383 3249/4294/1546 3248/4292/1545
f 3235/4295/1383 3250/4296/1547 3249/4294/1546
f 3235/4297/1383 3244/4284/1540 3250/4296/1547
f 3242/4281/94 3250/4280/1547 3244/4298/1540 3234/4299/948
f 3251/4300/948 3261/4301/1540 3260/4302/1541 3253/4303/92
f 3253/4303/92 3260/4302/1541 3262/4304/1542 3254/4305/6
f 3254/4305/6 3262/4304/1542 3263/4306/1543 3255/4307/1260
f 3255/4307/1260 3263/4306/1543 3264/4308/1544 3256/4309/581
f 3256/4309/581 3264/4308/1544 3265/4310/1545 3257/4311/1288
f 3257/4311/1288 3265/4310/1545 3266/4312/1546 3258/4313/15
f 3258/4313/15 3266/4312/1546 3267/4314/1547 3259/4315/94
f 3252/4316/1383 3260/4317/1541 3261/4318/1540
f 3252/4319/1383 3262/4320/1542 3260/4317/1541
f 3252/4321/1383 3263/4322/1543 3262/4320/1542
f 3252/4323/1383 3264/4324/1544 3263/4322/1543
f 3252/4325/1383 3265/4326/1545 3264/4324/1544
f 3252/4327/1383 3266/4328/1546 3265/4326/1545
f 3252/4329/1383 3267/4330/1547 3266/4328/1546
f 3252/4331/1383 3261/4318/1540 3267/4330/1547
f 3259/4315/94 3267/4314/1547 3261/4332/1540 3251/4333/948
f 3268/4334/948 3278/4335/1540 3277/4336/1541 3270/4337/92
f 3270/4337/92 3277/4336/1541 3279/4338/1542 3271/4339/6
f 3271/4339/6 3279/4338/1542 3280/4340/1543 3272/4341/1260
f 3272/4341/1260 3280/4340/1543 3281/4342/1544 3273/4343/581
f 3273/4343/581 3281/4342/1544 3282/4344/1545 3274/4345/1288
f 3274/4345/1288 3282/4344/1545 3283/4346/1546 3275/4347/15
f 3275/4347/15 3283/4346/1546 3284/4348/1547 3276/4349/94
f 3269/4350/1383 3277/4351/1541 3278/4352/1540
f 3269/4353/1383 3279/4354/1542 3277/4351/1541
f 3269/4355/1383 3280/4356/1543 3279/4354/1542
f 3269/4357/1383 3281/4358/1544 3280/4356/1543
f 3269/4359/1383 3282/4360/1545 3281/4358/1544
f 3269/4361/1383 3283/4362/1546 3282/4360/1545
f 3269/4363/1383 3284/4364/1547 3283/4362/1546
f 3269/4365/1383 3278/4352/1540 3284/4364/1547
f 3276/4349/94 3284/4348/1547 3278/4366/1540 3268/4367/948
f 3285/4368/948 3287/4369/92 3294/4370/1548 3295/4371/1549
f 3287/4369/92 3288/4372/6 3296/4373/1550 3294/4370/1548
f 3288/4372/6 3289/4374/1260 3297/4375/1551 3296/4373/1550
f 3289/4374/1260 3290/4376/581 3298/4377/1552 3297/4375/1551
f 3290/4376/581 3291/4378/1288 3299/4379/1553 3298/4377/1552
f 3291/4378/1288 3292/4380/15 3300/4381/1554 3299/4379/1553
f 3292/4380/15 3293/4382/94 3301/4383/1555 3300/4381/1554
f 3286/4384/1382 3295/4385/1549 3294/4386/1548
f 3286/4387/1382 3294/4386/1548 3296/4388/1550
f 3286/4389/1382 3296/4388/1550 3297/4390/1551
f 3286/4391/1382 3297/4390/1551 3298/4392/1552
f 3286/4393/1382 3298/4392/1552 3299/4394/1553
f 3286/4395/1382 3299/4394/1553 3300/4396/1554
f 3286/4397/1382 3300/4396/1554 3301/4398/1555
f 3286/4399/1382 3301/4398/1555 3295/4385/1549
f 3293/4382/94 3285/4400/948 3295/4401/1549 3301/4383/1555
f 3302/4402/948 3304/4403/92 3311/4404/1548 3312/4405/1549
f 3304/4403/92 3305/4406/6 3313/4407/1550 3311/4404/1548
f 3305/4406/6 3306/4408/1260 3314/4409/1551 3313/4407/1550
f 3306/4408/1260 3307/4410/581 3315/4411/1552 3314/4409/1551
f 3307/4410/581 3308/4412/1288 3316/4413/1553 3315/4411/1552
f 3308/4412/1288 3309/4414/15 3317/4415/1554 3316/4413/1553
f 3309/4414/15 3310/4416/94 3318/4417/1555 3317/4415/1554
f 3303/4418/1382 3312/4419/1549 3311/4420/1548
f 3303/4421/1382 3311/4420/1548 3313/4422/1550
f 3303/4423/1382 3313/4422/1550 3314/4424/1551
f 3303/4425/1382 3314/4424/1551 3315/4426/1552
f 3303/4427/1382 3315/4426/1552 3316/4428/1553
f 3303/4429/1382 3316/4428/1553 3317/4430/1554
f 3303/4431/1382 3317/4430/1554 3318/4432/1555
f 3303/4433/1382 3318/4432/1555 3312/4419/1549
f 3310/4416/94 3302/4434/948 3312/4435/1549 3318/4417/1555
f 3319/4436/948 3321/4437/92 3328/4438/1548 3329/4439/1549
f 3321/4437/92 3322/4440/6 3330/4441/1550 3328/4438/1548
f 3322/4440/6 3323/4442/1260 3331/4443/1551 3330/4441/1550
f 3323/4442/1260 3324/4444/581 3332/4445/1552 3331/4443/1551
f 3324/4444/581 3325/4446/1288 3333/4447/1553 3332/4445/1552
f 3325/4446/1288 3326/4448/15 3334/4449/1554 3333/4447/1553
f 3326/4448/15 3327/4450/94 3335/4451/1555 3334/4449/1554
f 3320/4452/1382 3329/4453/1549 3328/4454/1548
f 3320/4455/1382 3328/4454/1548 3330/4456/1550
f 3320/4457/1382 3330/4456/1550 3331/4458/1551
f 3320/4459/1382 3331/4458/1551 3332/4460/1552
f 3320/4461/1382 3332/4460/1552 3333/4462/1553
f 3320/4463/1382 3333/4462/1553 3334/4464/1554
f 3320/4465/1382 3334/4464/1554 3335/4466/1555
f 3320/4467/1382 3335/4466/1555 3329/4453/1549
f 3327/4450/94 3319/4468/948 3329/4469/1549 3335/4451/1555
f 3336/4470/948 3338/4471/92 3345/4472/1548 3346/4473/1549
f 3338/4471/92 3339/4474/6 3347/4475/1550 3345/4472/1548
f 3339/4474/6 3340/4476/1260 3348/4477/1551 3347/4475/1550
f 3340/4476/1260 3341/4478/581 3349/4479/1552 3348/4477/1551
f 3341/4478/581 3342/4480/1288 3350/4481/1553 3349/4479/1552
f 3342/4480/1288 3343/4482/15 3351/4483/1554 3350/4481/1553
f 3343/4482/15 3344/4484/94 3352/4485/1555 3351/4483/1554
f 3337/4486/1382 3346/4487/1549 3345/4488/1548
f 3337/4489/1382 3345/4488/1548 3347/4490/1550
f 3337/4491/1382 3347/4490/1550 3348/4492/1551
f 3337/4493/1382 3348/4492/1551 3349/4494/1552
f 3337/4495/1382 3349/4494/1552 3350/4496/1553
f 3337/4497/1382 3350/4496/1553 3351/4498/1554
f 3337/4499/1382 3351/4498/1554 3352/4500/1555
f 3337/4501/1382 3352/4500/1555 3346/4487/1549
f 3344/4484/94 3336/4502/948 3346/4503/1549 3352/4485/1555
f 3355/4504/1556 3421/4505/1557 3423/4506/1558 3386/4507/1559
f 3422/4508/1560 3374/4509/1561 3410/4510/1562 3424/4511/1563
f 3396/4512/1564 3405/4513/1565 3406/4514/1566 3416/4515/1567
f 3372/4516/1568 3371/4517/1569 3407/4518/1570 3408/4519/1571
f 3397/4520/1572 3412/4521/1573 3413/4522/1574 3399/4523/1575
f 3399/4523/1575 3413/4522/1574 3404/4524/1576 3391/4525/1577
f 3390/4526/1578 3391/4525/1577 3404/4524/1576 3415/4527/1579
f 3366/4528/1580 3365/4529/1581 3400/4530/1582 3401/4531/1583
f 3361/4532/1584 3383/4533/1585 3390/4526/1578 3389/4534/1586
f 3379/4535/1587 3358/4536/1588 3393/4537/1589 3392/4538/1590
f 3375/4539/1591 3373/4540/1592 3409/4541/1593 3411/4542/1594
f 3384/4543/1595 3368/4544/1596 3403/4545/1597 3415/4527/1579
f 3393/4537/1589 3394/4546/1598 3408/4519/1571 3407/4518/1570
f 3418/4547/1599 3375/4539/1591 3411/4542/1594 3420/4548/1600
f 3395/4549/1601 3409/4541/1593 3408/4519/1571 3394/4546/1598
f 3378/4550/1602 3376/4551/1603 3412/4521/1573 3416/4515/1567
f 3353/4552/1604 3377/4553/1605 3396/4512/1564 3397/4520/1572
f 3373/4540/1592 3372/4516/1568 3408/4519/1571 3409/4541/1593
f 3386/4507/1559 3410/4510/1562 3420/4548/1600 3419/4554/1606
f 3356/4555/1607 3354/4556/1608 3398/4557/1609 3395/4549/1601
f 3377/4553/1605 3359/4558/581 3405/4513/1565 3396/4512/1564
f 3369/4559/1610 3384/4543/1595 3415/4527/1579 3404/4524/1576
f 3382/4560/1611 3369/4559/1610 3404/4524/1576 3413/4522/1574
f 3357/4561/1612 3356/4555/1607 3395/4549/1601 3394/4546/1598
f 3392/4538/1590 3414/4562/1613 3406/4514/1566 3405/4513/1565
f 3358/4536/1588 3357/4561/1612 3394/4546/1598 3393/4537/1589
f 3359/4558/581 3379/4535/1587 3392/4538/1590 3405/4513/1565
f 3421/4505/1557 3364/4563/1614 3385/4564/1615 3423/4506/1558
f 3371/4517/1569 3380/4565/1616 3414/4562/1613 3407/4518/1570
f 3364/4563/1614 3363/4566/1617 3387/4567/1618 3385/4564/1615
f 3383/4533/1585 3360/4568/1619 3391/4525/1577 3390/4526/1578
f 3381/4569/1620 3353/4552/1604 3397/4520/1572 3399/4523/1575
f 3374/4509/1561 3418/4547/1599 3420/4548/1600 3410/4510/1562
f 3401/4531/1583 3387/4567/1618 3388/4570/1621 3402/4571/1622
f 3376/4551/1603 3382/4560/1611 3413/4522/1574 3412/4521/1573
f 3368/4544/1596 3367/4572/1623 3402/4571/1622 3403/4545/1597
f 3363/4566/1617 3362/4573/1624 3388/4570/1621 3387/4567/1618
f 3367/4572/1623 3366/4528/1580 3401/4531/1583 3402/4571/1622
f 3362/4573/1624 3361/4532/1584 3389/4534/1586 3388/4570/1621
f 3403/4545/1597 3389/4534/1586 3390/4526/1578 3415/4527/1579
f 3360/4568/1619 3381/4569/1620 3399/4523/1575 3391/4525/1577
f 3385/4564/1615 3400/4530/1582 3424/4511/1563 3423/4506/1558
f 3354/4556/1608 3417/4574/1625 3419/4554/1606 3398/4557/1609
f 3417/4574/1625 3355/4504/1556 3386/4507/1559 3419/4554/1606
f 3409/4541/1593 3395/4549/1601 3398/4557/1609 3411/4542/1594
f 3410/4510/1562 3386/4507/1559 3423/4506/1558 3424/4511/1563
f 3365/4529/1581 3422/4508/1560 3424/4511/1563 3400/4530/1582
f 3370/4575/1626 3378/4550/1602 3416/4515/1567 3406/4514/1566
f 3402/4571/1622 3388/4570/1621 3389/4534/1586 3403/4545/1597
f 3387/4567/1618 3401/4531/1583 3400/4530/1582 3385/4564/1615
f 3412/4521/1573 3397/4520/1572 3396/4512/1564 3416/4515/1567
f 3398/4557/1609 3419/4554/1606 3420/4548/1600 3411/4542/1594
f 3393/4537/1589 3407/4518/1570 3414/4562/1613 3392/4538/1590
f 3380/4565/1616 3370/4575/1626 3406/4514/1566 3414/4562/1613
f 3427/4576/1627 3458/4577/1628 3495/4578/1629 3493/4579/1630
f 3494/4580/1631 3496/4581/1632 3482/4582/1633 3446/4583/1634
f 3468/4584/1635 3488/4585/1636 3478/4586/1637 3477/4587/1638
f 3444/4588/1639 3480/4589/1640 3479/4590/1641 3443/4591/1642
f 3469/4592/1643 3471/4593/1644 3485/4594/1645 3484/4595/1646
f 3471/4593/1644 3463/4596/1647 3476/4597/1648 3485/4594/1645
f 3462/4598/1649 3487/4599/1650 3476/4597/1648 3463/4596/1647
f 3438/4600/1651 3473/4601/1652 3472/4602/1653 3437/4603/1654
f 3433/4604/1587 3461/4605/1655 3462/4598/1649 3455/4606/1656
f 3451/4607/1584 3464/4608/1657 3465/4609/1658 3430/4610/1659
f 3447/4611/1660 3483/4612/1661 3481/4613/1662 3445/4614/1663
f 3456/4615/1664 3487/4599/1650 3475/4616/1665 3440/4617/1666
f 3465/4609/1658 3479/4590/1641 3480/4589/1640 3466/4618/1667
f 3490/4619/1668 3492/4620/1669 3483/4612/1661 3447/4611/1660
f 3467/4621/1670 3466/4618/1667 3480/4589/1640 3481/4613/1662
f 3450/4622/1671 3488/4585/1636 3484/4595/1646 3448/4623/1603
f 3425/4624/1604 3469/4592/1643 3468/4584/1635 3449/4625/1672
f 3445/4614/1663 3481/4613/1662 3480/4589/1640 3444/4588/1639
f 3458/4577/1628 3491/4626/1673 3492/4620/1669 3482/4582/1633
f 3428/4627/1674 3467/4621/1670 3470/4628/1675 3426/4629/1676
f 3449/4625/1672 3468/4584/1635 3477/4587/1638 3431/4630/581
f 3441/4631/1677 3476/4597/1648 3487/4599/1650 3456/4615/1664
f 3454/4632/1678 3485/4594/1645 3476/4597/1648 3441/4631/1677
f 3429/4633/1679 3466/4618/1667 3467/4621/1670 3428/4627/1674
f 3464/4608/1657 3477/4587/1638 3478/4586/1637 3486/4634/1680
f 3430/4610/1659 3465/4609/1658 3466/4618/1667 3429/4633/1679
f 3431/4630/581 3477/4587/1638 3464/4608/1657 3451/4607/1584
f 3493/4579/1630 3495/4578/1629 3457/4635/1681 3436/4636/1682
f 3443/4591/1642 3479/4590/1641 3486/4634/1680 3452/4637/1683
f 3436/4636/1682 3457/4635/1681 3459/4638/1684 3435/4639/1685
f 3455/4606/1656 3462/4598/1649 3463/4596/1647 3432/4640/1619
f 3453/4641/1686 3471/4593/1644 3469/4592/1643 3425/4624/1604
f 3446/4583/1634 3482/4582/1633 3492/4620/1669 3490/4619/1668
f 3473/4601/1652 3474/4642/1687 3460/4643/1688 3459/4638/1684
f 3448/4623/1603 3484/4595/1646 3485/4594/1645 3454/4632/1678
f 3440/4617/1666 3475/4616/1665 3474/4642/1687 3439/4644/1689
f 3435/4639/1685 3459/4638/1684 3460/4643/1688 3434/4645/1690
f 3439/4644/1689 3474/4642/1687 3473/4601/1652 3438/4600/1651
f 3434/4645/1690 3460/4643/1688 3461/4605/1655 3433/4604/1587
f 3475/4616/1665 3487/4599/1650 3462/4598/1649 3461/4605/1655
f 3432/4640/1619 3463/4596/1647 3471/4593/1644 3453/4641/1686
f 3457/4635/1681 3495/4578/1629 3496/4581/1632 3472/4602/1653
f 3426/4629/1676 3470/4628/1675 3491/4626/1673 3489/4646/1691
f 3489/4646/1691 3491/4626/1673 3458/4577/1628 3427/4576/1627
f 3481/4613/1662 3483/4612/1661 3470/4628/1675 3467/4621/1670
f 3482/4582/1633 3496/4581/1632 3495/4578/1629 3458/4577/1628
f 3437/4603/1654 3472/4602/1653 3496/4581/1632 3494/4580/1631
f 3442/4647/1692 3478/4586/1637 3488/4585/1636 3450/4622/1671
f 3474/4642/1687 3475/4616/1665 3461/4605/1655 3460/4643/1688
f 3459/4638/1684 3457/4635/1681 3472/4602/1653 3473/4601/1652
f 3484/4595/1646 3488/4585/1636 3468/4584/1635 3469/4592/1643
f 3470/4628/1675 3483/4612/1661 3492/4620/1669 3491/4626/1673
f 3465/4609/1658 3464/4608/1657 3486/4634/1680 3479/4590/1641
f 3452/4637/1683 3486/4634/1680 3478/4586/1637 3442/4647/1692
f 3497/4648/948 3507/4649/1549 3506/4650/1555 3499/4651/94
f 3499/4651/94 3506/4650/1555 3508/4652/1554 3500/4653/15
f 3500/4653/15 3508/4652/1554 3509/4654/1553 3501/4655/1288
f 3501/4655/1288 3509/4654/1553 3510/4656/1552 3502/4657/581
f 3502/4657/581 3510/4656/1552 3511/4658/1551 3503/4659/1260
f 3503/4659/1260 3511/4658/1551 3512/4660/1550 3504/4661/6
f 3504/4661/6 3512/4660/1550 3513/4662/1548 3505/4663/92
f 3498/4664/1382 3506/4665/1555 3507/4666/1549
f 3498/4667/1382 3508/4668/1554 3506/4665/1555
f 3498/4669/1382 3509/4670/1553 3508/4668/1554
f 3498/4671/1382 3510/4672/1552 3509/4670/1553
f 3498/4673/1382 3511/4674/1551 3510/4672/1552
f 3498/4675/1382 3512/4676/1550 3511/4674/1551
f 3498/4677/1382 3513/4678/1548 3512/4676/1550
f 3498/4679/1382 3507/4666/1549 3513/4678/1548
f 3505/4663/92 3513/4662/1548 3507/4680/1549 3497/4681/948
f 3514/4682/948 3524/4683/1549 3523/4684/1555 3516/4685/94
f 3516/4685/94 3523/4684/1555 3525/4686/1554 3517/4687/15
f 3517/4687/15 3525/4686/1554 3526/4688/1553 3518/4689/1288
f 3518/4689/1288 3526/4688/1553 3527/4690/1552 3519/4691/581
f 3519/4691/581 3527/4690/1552 3528/4692/1551 3520/4693/1260
f 3520/4693/1260 3528/4692/1551 3529/4694/1550 3521/4695/6
f 3521/4695/6 3529/4694/1550 3530/4696/1548 3522/4697/92
f 3515/4698/1382 3523/4699/1555 3524/4700/1549
f 3515/4701/1382 3525/4702/1554 3523/4699/1555
f 3515/4703/1382 3526/4704/1553 3525/4702/1554
f 3515/4705/1382 3527/4706/1552 3526/4704/1553
f 3515/4707/1382 3528/4708/1551 3527/4706/1552
f 3515/4709/1382 3529/4710/1550 3528/4708/1551
f 3515/4711/1382 3530/4712/1548 3529/4710/1550
f 3515/4713/1382 3524/4700/1549 3530/4712/1548
f 3522/4697/92 3530/4696/1548 3524/4714/1549 3514/4715/948
f 3531/4716/948 3533/4717/94 3540/4718/1547 3541/4719/1540
f 3533/4717/94 3534/4720/15 3542/4721/1546 3540/4718/1547
f 3534/4720/15 3535/4722/1288 3543/4723/1545 3542/4721/1546
f 3535/4722/1288 3536/4724/581 3544/4725/1544 3543/4723/1545
f 3536/4724/581 3537/4726/1260 3545/4727/1543 3544/4725/1544
f 3537/4726/1260 3538/4728/6 3546/4729/1542 3545/4727/1543
f 3538/4728/6 3539/4730/92 3547/4731/1541 3546/4729/1542
f 3532/4732/1383 3541/4733/1540 3540/4734/1547
f 3532/4735/1383 3540/4734/1547 3542/4736/1546
f 3532/4737/1383 3542/4736/1546 3543/4738/1545
f 3532/4739/1383 3543/4738/1545 3544/4740/1544
f 3532/4741/1383 3544/4740/1544 3545/4742/1543
f 3532/4743/1383 3545/4742/1543 3546/4744/1542
f 3532/4745/1383 3546/4744/1542 3547/4746/1541
f 3532/4747/1383 3547/4746/1541 3541/4733/1540
f 3539/4730/92 3531/4748/948 3541/4749/1540 3547/4731/1541
f 3548/4750/948 3550/4751/94 3557/4752/1547 3558/4753/1540
f 3550/4751/94 3551/4754/15 3559/4755/1546 3557/4752/1547
f 3551/4754/15 3552/4756/1288 3560/4757/1545 3559/4755/1546
f 3552/4756/1288 3553/4758/581 3561/4759/1544 3560/4757/1545
f 3553/4758/581 3554/4760/1260 3562/4761/1543 3561/4759/1544
f 3554/4760/1260 3555/4762/6 3563/4763/1542 3562/4761/1543
f 3555/4762/6 3556/4764/92 3564/4765/1541 3563/4763/1542
f 3549/4766/1383 3558/4767/1540 3557/4768/1547
f 3549/4769/1383 3557/4768/1547 3559/4770/1546
f 3549/4771/1383 3559/4770/1546 3560/4772/1545
f 3549/4773/1383 3560/4772/1545 3561/4774/1544
f 3549/4775/1383 3561/4774/1544 3562/4776/1543
f 3549/4777/1383 3562/4776/1543 3563/4778/1542
f 3549/4779/1383 3563/4778/1542 3564/4780/1541
f 3549/4781/1383 3564/4780/1541 3558/4767/1540
f 3556/4764/92 3548/4782/948 3558/4783/1540 3564/4765/1541
f 3567/4784/1693 3582/4785/1694 3581/4786/1695 3566/4787/1696
f 3585/4788/1697 3568/4789/1698 3565/4790/1699 3584/4791/1700
f 3567/4784/1693 3566/4787/1696 3565/4792/1699 3569/4793/1701
f 3587/4794/1702 3571/4795/1703 3568/4789/1698 3585/4788/1697
f 3568/4796/1698 3571/4797/1703 3572/4798/1704 3570/4799/1705
f 3586/4800/1706 3570/4801/1705 3572/4802/1704 3588/4803/1707
f 3570/4801/1705 3586/4800/1706 3583/4804/1708 3569/4805/1701
f 3569/4793/1701 3565/4792/1699 3568/4796/1698 3570/4799/1705
f 3584/4791/1700 3565/4790/1699 3566/4787/1696 3581/4786/1695
f 3583/4804/1708 3582/4785/1694 3567/4784/1693 3569/4805/1701
f 3575/4806/1709 3574/4807/1710 3581/4786/1695 3582/4785/1694
f 3585/4788/1697 3584/4791/1700 3573/4808/1711 3576/4809/1712
f 3575/4806/1709 3577/4810/1713 3573/4811/1711 3574/4807/1710
f 3587/4794/1702 3585/4788/1697 3576/4809/1712 3579/4812/1714
f 3576/4813/1712 3578/4814/1715 3580/4815/1716 3579/4816/1714
f 3586/4800/1706 3588/4803/1707 3580/4817/1716 3578/4818/1715
f 3578/4818/1715 3577/4819/1713 3583/4804/1708 3586/4800/1706
f 3577/4810/1713 3578/4814/1715 3576/4813/1712 3573/4811/1711
f 3584/4791/1700 3581/4786/1695 3574/4807/1710 3573/4808/1711
f 3583/4804/1708 3577/4819/1713 3575/4806/1709 3582/4785/1694
f 3593/4820/1717 3616/4821/1718 3611/4822/1719 3589/4823/1720
f 3597/4824/1721 3602/4825/1722 3600/4826/1723 3601/4827/1724
f 3615/4828/1725 3594/4829/1726 3590/4830/1727 3612/4831/1728
f 3592/4832/1729 3600/4833/1723 3602/4834/1722 3594/4829/1726
f 3591/4835/1730 3609/4836/15 3616/4821/1718 3593/4820/1717
f 3590/4830/1727 3596/4837/1731 3620/4838/6 3612/4831/1728
f 3610/4839/6 3592/4832/1729 3594/4829/1726 3615/4828/1725
f 3589/4823/1720 3595/4840/1732 3603/4841/1724 3598/4842/1733
f 3598/4843/1733 3599/4844/1734 3602/4825/1722 3597/4824/1721
f 3599/4845/1734 3604/4846/1723 3596/4837/1731 3590/4830/1727
f 3597/4847/1721 3601/4848/1724 3591/4835/1730 3593/4820/1717
f 3589/4823/1720 3611/4822/1719 3619/4849/15 3595/4840/1732
f 3599/4844/1734 3598/4843/1733 3603/4850/1724 3604/4851/1723
f 3593/4820/1717 3589/4823/1720 3598/4842/1733 3597/4847/1721
f 3590/4830/1727 3594/4829/1726 3602/4834/1722 3599/4845/1734
f 3613/4852/1735 3605/4853/1736 3611/4822/1719 3616/4821/1718
f 3621/4854/1737 3625/4855/1738 3624/4856/1739 3626/4857/1740
f 3615/4828/1725 3612/4831/1728 3606/4858/1741 3614/4859/1742
f 3608/4860/1743 3614/4859/1742 3626/4861/1740 3624/4862/1739
f 3607/4863/1744 3613/4852/1735 3616/4821/1718 3609/4836/15
f 3606/4858/1741 3612/4831/1728 3620/4838/6 3618/4864/1745
f 3610/4839/6 3615/4828/1725 3614/4859/1742 3608/4860/1743
f 3605/4853/1736 3622/4865/1746 3627/4866/1738 3617/4867/1747
f 3622/4868/1746 3621/4854/1737 3626/4857/1740 3623/4869/1748
f 3623/4870/1748 3606/4858/1741 3618/4864/1745 3628/4871/1739
f 3621/4872/1737 3613/4852/1735 3607/4863/1744 3625/4873/1738
f 3605/4853/1736 3617/4867/1747 3619/4849/15 3611/4822/1719
f 3623/4869/1748 3628/4874/1739 3627/4875/1738 3622/4868/1746
f 3613/4852/1735 3621/4872/1737 3622/4865/1746 3605/4853/1736
f 3606/4858/1741 3623/4870/1748 3626/4861/1740 3614/4859/1742
f 3633/4876/1735 3629/4877/1736 3651/4878/1719 3656/4879/1718
f 3637/4880/1737 3641/4881/1738 3640/4882/1739 3642/4883/1740
f 3655/4884/1725 3652/4885/1728 3630/4886/1741 3634/4887/1742
f 3632/4888/1743 3634/4887/1742 3642/4889/1740 3640/4890/1739
f 3631/4891/1744 3633/4876/1735 3656/4879/1718 3649/4892/15
f 3630/4886/1741 3652/4885/1728 3660/4893/6 3636/4894/1745
f 3650/4895/6 3655/4884/1725 3634/4887/1742 3632/4888/1743
f 3629/4877/1736 3638/4896/1746 3643/4897/1738 3635/4898/1747
f 3638/4899/1746 3637/4880/1737 3642/4883/1740 3639/4900/1749
f 3639/4901/1749 3630/4886/1741 3636/4894/1745 3644/4902/1739
f 3637/4903/1737 3633/4876/1735 3631/4891/1744 3641/4904/1738
f 3629/4877/1736 3635/4898/1747 3659/4905/15 3651/4878/1719
f 3639/4900/1749 3644/4906/1739 3643/4907/1738 3638/4899/1746
f 3633/4876/1735 3637/4903/1737 3638/4896/1746 3629/4877/1736
f 3630/4886/1741 3639/4901/1749 3642/4889/1740 3634/4887/1742
f 3653/4908/1717 3656/4879/1718 3651/4878/1719 3645/4909/1720
f 3661/4910/1721 3666/4911/1722 3664/4912/1723 3665/4913/1724
f 3655/4884/1725 3654/4914/1726 3646/4915/1727 3652/4885/1728
f 3648/4916/1729 3664/4917/1723 3666/4918/1722 3654/4914/1726
f 3647/4919/1730 3649/4892/15 3656/4879/1718 3653/4908/1717
f 3646/4915/1727 3658/4920/1731 3660/4893/6 3652/4885/1728
f 3650/4895/6 3648/4916/1729 3654/4914/1726 3655/4884/1725
f 3645/4909/1720 3657/4921/1732 3667/4922/1724 3662/4923/1733
f 3662/4924/1733 3663/4925/1734 3666/4911/1722 3661/4910/1721
f 3663/4926/1734 3668/4927/1723 3658/4920/1731 3646/4915/1727
f 3661/4928/1721 3665/4929/1724 3647/4919/1730 3653/4908/1717
f 3645/4909/1720 3651/4878/1719 3659/4905/15 3657/4921/1732
f 3663/4925/1734 3662/4924/1733 3667/4930/1724 3668/4931/1723
f 3653/4908/1717 3645/4909/1720 3662/4923/1733 3661/4928/1721
f 3646/4915/1727 3654/4914/1726 3666/4918/1722 3663/4926/1734
f 3677/4932/1750 3696/4933/1751 3695/4934/1752 3670/4935/1753
f 3700/4936/1754 3687/4937/1755 3683/4938/1756 3681/4939/1757
f 3684/4940/1758 3679/4941/1759 3698/4942/1760 3689/4943/1761
f 3674/4944/1762 3690/4945/1763 3691/4946/1764 3673/4947/1765
f 3680/4948/1766 3678/4949/1767 3697/4950/1768 3699/4951/1769
f 3690/4945/1763 3674/4944/1762 3684/4940/1758 3689/4943/1761
f 3678/4949/1767 3671/4952/1770 3693/4953/1771 3697/4950/1768
f 3692/4954/1772 3688/4955/1773 3687/4937/1755 3700/4936/1754
f 3692/4954/1772 3700/4936/1754 3681/4939/1757 3676/4956/1774
f 3683/4938/1756 3687/4937/1755 3688/4955/1773 3672/4957/1775
f 3672/4957/1775 3688/4955/1773 3692/4954/1772 3676/4956/1774
f 3673/4947/1765 3691/4946/1764 3698/4942/1760 3679/4941/1759
f 3690/4945/1763 3689/4943/1761 3698/4942/1760 3691/4946/1764
f 3677/4932/1750 3682/4958/1776 3685/4959/1777 3696/4933/1751
f 3695/4934/1752 3686/4960/1778 3669/4961/1779 3670/4935/1753
f 3686/4960/1778 3695/4934/1752 3696/4933/1751 3685/4959/1777
f 3682/4958/1776 3669/4961/1779 3686/4960/1778 3685/4959/1777
f 3680/4948/1766 3699/4951/1769 3694/4962/1780 3675/4963/1781
f 3693/4953/1771 3694/4962/1780 3699/4951/1769 3697/4950/1768
f 3675/4963/1781 3694/4962/1780 3693/4953/1771 3671/4952/1770
l 187 149
l 187 261
