{"cameraMode":{"drawMode":31,"name":"Sprite Mask","section":"Miscellaneous"},"sceneLighting":true,"audioPlay":false,"sceneViewState":{"showFog":false,"showMaterialUpdate":false,"showSkybox":false,"showFlares":false,"showImageEffects":false,"showParticleSystems":false},"in2DMode":false,"pivot":{"x":4.06841516494751,"y":-0.31714674830436709,"z":1.3606340885162354},"rotation":{"x":0.022285249084234239,"y":0.5784754753112793,"z":-0.015785841271281244,"w":0.8153828382492065},"size":2.463808536529541,"orthographic":false}