{"cameraMode":{"drawMode":31,"name":"Sprite Mask","section":"Miscellaneous"},"sceneLighting":false,"audioPlay":false,"sceneViewState":{"showFog":false,"showMaterialUpdate":false,"showSkybox":false,"showFlares":false,"showImageEffects":false,"showParticleSystems":false},"in2DMode":false,"pivot":{"x":856.3713989257813,"y":24.191801071166993,"z":564.1874389648438},"rotation":{"x":0.06312137842178345,"y":0.8443881869316101,"z":-0.10208102315664292,"w":0.5221243500709534},"size":1.2852767705917359,"orthographic":false}