{"cameraMode":{"drawMode":31,"name":"Sprite Mask","section":"Miscellaneous"},"sceneLighting":false,"audioPlay":false,"sceneViewState":{"showFog":false,"showMaterialUpdate":false,"showSkybox":false,"showFlares":false,"showImageEffects":false,"showParticleSystems":false},"in2DMode":false,"pivot":{"x":-5418.91455078125,"y":34.217674255371097,"z":-6376.431640625},"rotation":{"x":0.0630156397819519,"y":0.8785732984542847,"z":-0.1209527850151062,"w":0.45773035287857058},"size":17.40074348449707,"orthographic":false}