{"cameraMode":{"drawMode":31,"name":"Sprite Mask","section":"Miscellaneous"},"sceneLighting":false,"audioPlay":false,"sceneViewState":{"showFog":false,"showMaterialUpdate":false,"showSkybox":false,"showFlares":false,"showImageEffects":false,"showParticleSystems":false},"in2DMode":false,"pivot":{"x":-4803.267578125,"y":82.2990951538086,"z":-1179.001953125},"rotation":{"x":0.06428863108158112,"y":-0.9239333271980286,"z":0.17970424890518189,"w":0.3321092128753662},"size":2.79844069480896,"orthographic":false}