{"cameraMode":{"drawMode":31,"name":"Sprite Mask","section":"Miscellaneous"},"sceneLighting":true,"audioPlay":false,"sceneViewState":{"showFog":false,"showMaterialUpdate":false,"showSkybox":false,"showFlares":false,"showImageEffects":false,"showParticleSystems":false},"in2DMode":false,"pivot":{"x":4.774848937988281,"y":-2.7142937183380129,"z":0.8309769630432129},"rotation":{"x":-0.19226229190826417,"y":-0.6211054921150208,"z":0.16107065975666047,"w":-0.7426403164863586},"size":3.515629768371582,"orthographic":false}