{"cameraMode":{"drawMode":31,"name":"Sprite Mask","section":"Miscellaneous"},"sceneLighting":false,"audioPlay":false,"sceneViewState":{"showFog":false,"showMaterialUpdate":false,"showSkybox":false,"showFlares":false,"showImageEffects":false,"showParticleSystems":false},"in2DMode":false,"pivot":{"x":-168.38864135742188,"y":66.22611999511719,"z":-199.89222717285157},"rotation":{"x":-0.014696593396365643,"y":-0.974007248878479,"z":0.21711431443691255,"w":-0.06678897887468338},"size":39.528587341308597,"orthographic":false}