{"cameraMode":{"drawMode":31,"name":"Sprite Mask","section":"Miscellaneous"},"sceneLighting":true,"audioPlay":false,"sceneViewState":{"showFog":false,"showMaterialUpdate":false,"showSkybox":false,"showFlares":false,"showImageEffects":false,"showParticleSystems":false},"in2DMode":false,"pivot":{"x":-4.2287774085998539,"y":-6.422584533691406,"z":-0.36688676476478579},"rotation":{"x":-0.1885482221841812,"y":0.8110864758491516,"z":-0.37720033526420596,"w":-0.4054018259048462},"size":5.799617290496826,"orthographic":false}