{"cameraMode":{"drawMode":31,"name":"Sprite Mask","section":"Miscellaneous"},"sceneLighting":true,"audioPlay":false,"sceneViewState":{"showFog":false,"showMaterialUpdate":false,"showSkybox":false,"showFlares":false,"showImageEffects":false,"showParticleSystems":false},"in2DMode":false,"pivot":{"x":5.2107014656066898,"y":-1.697805643081665,"z":-1.532729148864746},"rotation":{"x":-0.10982662439346314,"y":-0.7607631087303162,"z":0.1338462084531784,"w":-0.6256664395332336},"size":3.515629768371582,"orthographic":false}