{"cameraMode":{"drawMode":31,"name":"Sprite Mask","section":"Miscellaneous"},"sceneLighting":true,"audioPlay":false,"sceneViewState":{"showFog":false,"showMaterialUpdate":false,"showSkybox":false,"showFlares":false,"showImageEffects":false,"showParticleSystems":false},"in2DMode":false,"pivot":{"x":-1.163814902305603,"y":22.2353572845459,"z":5.009010314941406},"rotation":{"x":-0.633521318435669,"y":-0.033216819167137149,"z":-0.027941612526774408,"w":0.7728284597396851},"size":12.615558624267579,"orthographic":false}