{"cameraMode":{"drawMode":31,"name":"Sprite Mask","section":"Miscellaneous"},"sceneLighting":true,"audioPlay":false,"sceneViewState":{"showFog":false,"showMaterialUpdate":false,"showSkybox":true,"showFlares":false,"showImageEffects":false,"showParticleSystems":false},"in2DMode":false,"pivot":{"x":6481.77294921875,"y":451.5339660644531,"z":6997.828125},"rotation":{"x":-0.01655934564769268,"y":-0.9797112941741943,"z":0.17828936874866486,"w":-0.09171132743358612},"size":377.25799560546877,"orthographic":false}