{"cameraMode":{"drawMode":31,"name":"Sprite Mask","section":"Miscellaneous"},"sceneLighting":false,"audioPlay":false,"sceneViewState":{"showFog":false,"showMaterialUpdate":false,"showSkybox":false,"showFlares":false,"showImageEffects":false,"showParticleSystems":false},"in2DMode":false,"pivot":{"x":-5855.77490234375,"y":-2.908770799636841,"z":-6875.646484375},"rotation":{"x":0.1702934354543686,"y":-0.664745032787323,"z":0.1595071703195572,"w":0.7096980214118958},"size":14.160004615783692,"orthographic":false}