{"cameraMode":{"drawMode":31,"name":"Sprite Mask","section":"Miscellaneous"},"sceneLighting":true,"audioPlay":false,"sceneViewState":{"showFog":false,"showMaterialUpdate":false,"showSkybox":false,"showFlares":false,"showImageEffects":false,"showParticleSystems":false},"in2DMode":false,"pivot":{"x":5.89119815826416,"y":-1.0412776470184327,"z":0.14873385429382325},"rotation":{"x":-0.06849099695682526,"y":-0.6869125366210938,"z":0.0653747096657753,"w":-0.7207890152931213},"size":3.61683988571167,"orthographic":false}