{"cameraMode":{"drawMode":31,"name":"Sprite Mask","section":"Miscellaneous"},"sceneLighting":false,"audioPlay":false,"sceneViewState":{"showFog":false,"showMaterialUpdate":false,"showSkybox":false,"showFlares":false,"showImageEffects":false,"showParticleSystems":false},"in2DMode":false,"pivot":{"x":-4995.95458984375,"y":84.37117004394531,"z":-1374.634033203125},"rotation":{"x":0.15320970118045808,"y":0.3687184751033783,"z":-0.06168052926659584,"w":0.9148951172828674},"size":5.798441410064697,"orthographic":false}