{"cameraMode":{"drawMode":31,"name":"Sprite Mask","section":"Miscellaneous"},"sceneLighting":true,"audioPlay":false,"sceneViewState":{"showFog":false,"showMaterialUpdate":false,"showSkybox":true,"showFlares":false,"showImageEffects":false,"showParticleSystems":false},"in2DMode":false,"pivot":{"x":6541.15380859375,"y":-506.1730651855469,"z":7571.33935546875},"rotation":{"x":-0.24792294204235078,"y":0.22872497141361237,"z":-0.060468122363090518,"w":-0.9396307468414307},"size":911.2383422851563,"orthographic":false}