{"cameraMode":{"drawMode":31,"name":"Sprite Mask","section":"Miscellaneous"},"sceneLighting":false,"audioPlay":false,"sceneViewState":{"showFog":false,"showMaterialUpdate":false,"showSkybox":false,"showFlares":false,"showImageEffects":false,"showParticleSystems":false},"in2DMode":false,"pivot":{"x":238.6777801513672,"y":225.1521759033203,"z":0.9588814973831177},"rotation":{"x":-0.11487781256437302,"y":-0.8750000596046448,"z":0.3094885051250458,"w":-0.3566550016403198},"size":3.183318614959717,"orthographic":false}