{"cameraMode":{"drawMode":31,"name":"Sprite Mask","section":"Miscellaneous"},"sceneLighting":true,"audioPlay":false,"sceneViewState":{"showFog":false,"showMaterialUpdate":false,"showSkybox":false,"showFlares":false,"showImageEffects":false,"showParticleSystems":false},"in2DMode":false,"pivot":{"x":-1.0389765501022339,"y":17.792753219604493,"z":-15.334718704223633},"rotation":{"x":0.013584027998149395,"y":0.9110560417175293,"z":0.41146016120910647,"w":-0.031501803547143939},"size":12.615558624267579,"orthographic":false}