{"cameraMode":{"drawMode":31,"name":"Sprite Mask","section":"Miscellaneous"},"sceneLighting":true,"audioPlay":false,"sceneViewState":{"showFog":false,"showMaterialUpdate":false,"showSkybox":false,"showFlares":false,"showImageEffects":false,"showParticleSystems":false},"in2DMode":false,"pivot":{"x":1.1976954936981202,"y":-0.9129320383071899,"z":0.12358070909976959},"rotation":{"x":0.19924217462539674,"y":0.715686023235321,"z":-0.22634537518024445,"w":0.6299877166748047},"size":1.1689951419830323,"orthographic":false}