{"cameraMode":{"drawMode":31,"name":"Sprite Mask","section":"Miscellaneous"},"sceneLighting":true,"audioPlay":false,"sceneViewState":{"showFog":false,"showMaterialUpdate":false,"showSkybox":false,"showFlares":false,"showImageEffects":false,"showParticleSystems":false},"in2DMode":false,"pivot":{"x":860.4422607421875,"y":14.100000381469727,"z":552.3684692382813},"rotation":{"x":-0.09664659202098847,"y":-0.8277093172073364,"z":0.15071989595890046,"w":-0.5320126414299011},"size":1.7320507764816285,"orthographic":false}