{"cameraMode":{"drawMode":31,"name":"Sprite Mask","section":"Miscellaneous"},"sceneLighting":false,"audioPlay":false,"sceneViewState":{"showFog":false,"showMaterialUpdate":false,"showSkybox":false,"showFlares":false,"showImageEffects":false,"showParticleSystems":false},"in2DMode":false,"pivot":{"x":-5204.12841796875,"y":208.55441284179688,"z":-1718.1986083984375},"rotation":{"x":-0.21381139755249024,"y":-0.3174464702606201,"z":0.07343034446239472,"w":-0.9211286902427673},"size":2.798386335372925,"orthographic":false}