{"cameraMode":{"drawMode":31,"name":"Sprite Mask","section":"Miscellaneous"},"sceneLighting":false,"audioPlay":false,"sceneViewState":{"showFog":false,"showMaterialUpdate":false,"showSkybox":false,"showFlares":false,"showImageEffects":false,"showParticleSystems":false},"in2DMode":false,"pivot":{"x":3.9738945960998537,"y":-0.3729792833328247,"z":0.3261476159095764},"rotation":{"x":0.03380460664629936,"y":0.6906982660293579,"z":-0.03235426917672157,"w":0.7216366529464722},"size":2.6074466705322267,"orthographic":false}