{"cameraMode":{"drawMode":31,"name":"Sprite Mask","section":"Miscellaneous"},"sceneLighting":false,"audioPlay":false,"sceneViewState":{"showFog":false,"showMaterialUpdate":false,"showSkybox":false,"showFlares":false,"showImageEffects":false,"showParticleSystems":false},"in2DMode":false,"pivot":{"x":1636.1806640625,"y":14.658975601196289,"z":1036.248291015625},"rotation":{"x":0.19889980554580689,"y":0.6789284944534302,"z":-0.1991383284330368,"w":0.6781178712844849},"size":5.073225498199463,"orthographic":false}