{"cameraMode":{"drawMode":31,"name":"Sprite Mask","section":"Miscellaneous"},"sceneLighting":false,"audioPlay":false,"sceneViewState":{"showFog":false,"showMaterialUpdate":false,"showSkybox":false,"showFlares":false,"showImageEffects":false,"showParticleSystems":false},"in2DMode":false,"pivot":{"x":0.2669888138771057,"y":0.19219443202018739,"z":0.9466475248336792},"rotation":{"x":-0.03028860315680504,"y":0.966185986995697,"z":-0.13418656587600709,"w":-0.2180878221988678},"size":0.2822047173976898,"orthographic":false}