{"cameraMode":{"drawMode":31,"name":"Sprite Mask","section":"Miscellaneous"},"sceneLighting":false,"audioPlay":false,"sceneViewState":{"showFog":false,"showMaterialUpdate":false,"showSkybox":false,"showFlares":false,"showImageEffects":false,"showParticleSystems":false},"in2DMode":false,"pivot":{"x":855.8472290039063,"y":26.422780990600587,"z":466.919677734375},"rotation":{"x":-0.00961398147046566,"y":-0.9902209639549255,"z":0.1106916069984436,"w":-0.08730405569076538},"size":10.590904235839844,"orthographic":false}