{"cameraMode":{"drawMode":31,"name":"Sprite Mask","section":"Miscellaneous"},"sceneLighting":true,"audioPlay":false,"sceneViewState":{"showFog":false,"showMaterialUpdate":false,"showSkybox":false,"showFlares":false,"showImageEffects":false,"showParticleSystems":false},"in2DMode":false,"pivot":{"x":4.464081764221191,"y":-9.875849723815918,"z":-13.617691993713379},"rotation":{"x":0.03573909029364586,"y":0.9542300701141357,"z":-0.2690403163433075,"w":0.12676244974136353},"size":11.552444458007813,"orthographic":false}