{"cameraMode":{"drawMode":31,"name":"Sprite Mask","section":"Miscellaneous"},"sceneLighting":true,"audioPlay":false,"sceneViewState":{"showFog":false,"showMaterialUpdate":false,"showSkybox":false,"showFlares":false,"showImageEffects":false,"showParticleSystems":false},"in2DMode":false,"pivot":{"x":2.319653034210205,"y":1.5184516906738282,"z":-1.057983636856079},"rotation":{"x":-0.09780988097190857,"y":0.698041558265686,"z":-0.09716630727052689,"w":-0.7026674151420593},"size":4.647364139556885,"orthographic":false}