{"cameraMode":{"drawMode":31,"name":"Sprite Mask","section":"Miscellaneous"},"sceneLighting":false,"audioPlay":false,"sceneViewState":{"showFog":false,"showMaterialUpdate":false,"showSkybox":false,"showFlares":false,"showImageEffects":false,"showParticleSystems":false},"in2DMode":false,"pivot":{"x":237.44996643066407,"y":224.3474884033203,"z":1.224948763847351},"rotation":{"x":-0.002334650605916977,"y":0.9651148915290833,"z":-0.2624305188655853,"w":-0.0057660541497170929},"size":3.9173409938812258,"orthographic":false}