{"cameraMode":{"drawMode":31,"name":"Sprite Mask","section":"Miscellaneous"},"sceneLighting":false,"audioPlay":false,"sceneViewState":{"showFog":false,"showMaterialUpdate":false,"showSkybox":false,"showFlares":false,"showImageEffects":false,"showParticleSystems":false},"in2DMode":false,"pivot":{"x":1.9622496366500855,"y":3.9799063205718996,"z":-0.4089367687702179},"rotation":{"x":-0.005095619708299637,"y":0.7053900957107544,"z":0.005072918254882097,"w":0.7087874412536621},"size":1.3228163719177247,"orthographic":false}