{"cameraMode":{"drawMode":31,"name":"Sprite Mask","section":"Miscellaneous"},"sceneLighting":true,"audioPlay":false,"sceneViewState":{"showFog":false,"showMaterialUpdate":false,"showSkybox":false,"showFlares":false,"showImageEffects":false,"showParticleSystems":false},"in2DMode":false,"pivot":{"x":-0.11463218927383423,"y":-2.9830052852630617,"z":-3.5120842456817629},"rotation":{"x":-0.012416069395840168,"y":-0.9343184232711792,"z":0.354891836643219,"w":-0.033502109348773959},"size":3.515629768371582,"orthographic":false}