{"cameraMode":{"drawMode":31,"name":"Sprite Mask","section":"Miscellaneous"},"sceneLighting":true,"audioPlay":false,"sceneViewState":{"showFog":false,"showMaterialUpdate":false,"showSkybox":false,"showFlares":false,"showImageEffects":false,"showParticleSystems":false},"in2DMode":false,"pivot":{"x":-11.763237953186036,"y":-2.337643623352051,"z":-4.176319122314453},"rotation":{"x":0.05701524391770363,"y":-0.8354716300964356,"z":0.08830958604812622,"w":0.539399266242981},"size":7.817327499389648,"orthographic":false}