{"cameraMode":{"drawMode":31,"name":"Sprite Mask","section":"Miscellaneous"},"sceneLighting":false,"audioPlay":false,"sceneViewState":{"showFog":false,"showMaterialUpdate":false,"showSkybox":false,"showFlares":false,"showImageEffects":false,"showParticleSystems":false},"in2DMode":false,"pivot":{"x":23.647533416748048,"y":-12.692684173583985,"z":-21.34714126586914},"rotation":{"x":0.06517679244279862,"y":0.9073718786239624,"z":-0.1701156497001648,"w":0.3805694282054901},"size":19.830093383789064,"orthographic":false}