{"cameraMode":{"drawMode":31,"name":"Sprite Mask","section":"Miscellaneous"},"sceneLighting":false,"audioPlay":false,"sceneViewState":{"showFog":false,"showMaterialUpdate":false,"showSkybox":false,"showFlares":false,"showImageEffects":false,"showParticleSystems":false},"in2DMode":false,"pivot":{"x":-4986.97607421875,"y":159.1123504638672,"z":-1276.7452392578125},"rotation":{"x":-0.20931798219680787,"y":-0.600297749042511,"z":0.16671700775623322,"w":-0.753684937953949},"size":3.2224743366241457,"orthographic":false}