{"cameraMode":{"drawMode":31,"name":"Sprite Mask","section":"Miscellaneous"},"sceneLighting":true,"audioPlay":false,"sceneViewState":{"showFog":false,"showMaterialUpdate":false,"showSkybox":false,"showFlares":false,"showImageEffects":false,"showParticleSystems":false},"in2DMode":false,"pivot":{"x":3.559070110321045,"y":-1.6780015230178834,"z":-0.21853293478488923},"rotation":{"x":0.15373222529888154,"y":0.6719930171966553,"z":-0.14557482302188874,"w":0.7098104953765869},"size":2.463808536529541,"orthographic":false}