{"cameraMode":{"drawMode":31,"name":"Sprite Mask","section":"Miscellaneous"},"sceneLighting":true,"audioPlay":false,"sceneViewState":{"showFog":false,"showMaterialUpdate":false,"showSkybox":false,"showFlares":false,"showImageEffects":false,"showParticleSystems":false},"in2DMode":false,"pivot":{"x":4.36567497253418,"y":-3.229489803314209,"z":-0.8577950596809387},"rotation":{"x":-0.20823848247528077,"y":-0.7044975757598877,"z":0.22980011999607087,"w":-0.6383849382400513},"size":3.3638083934783937,"orthographic":false}