{"cameraMode":{"drawMode":31,"name":"Sprite Mask","section":"Miscellaneous"},"sceneLighting":false,"audioPlay":false,"sceneViewState":{"showFog":false,"showMaterialUpdate":false,"showSkybox":false,"showFlares":false,"showImageEffects":false,"showParticleSystems":false},"in2DMode":false,"pivot":{"x":-132.18655395507813,"y":74.65721893310547,"z":-185.75613403320313},"rotation":{"x":0.018253013491630555,"y":-0.9817313551902771,"z":0.11832535266876221,"w":0.14862258732318879},"size":39.526126861572269,"orthographic":false}