{"cameraMode":{"drawMode":31,"name":"Sprite Mask","section":"Miscellaneous"},"sceneLighting":true,"audioPlay":false,"sceneViewState":{"showFog":false,"showMaterialUpdate":false,"showSkybox":false,"showFlares":false,"showImageEffects":false,"showParticleSystems":false},"in2DMode":false,"pivot":{"x":5.8560590744018559,"y":-4.898104190826416,"z":-7.480053424835205},"rotation":{"x":-0.07961518317461014,"y":-0.917995274066925,"z":0.23814783990383149,"w":-0.3071238398551941},"size":10.123367309570313,"orthographic":false}