{"cameraMode":{"drawMode":31,"name":"Sprite Mask","section":"Miscellaneous"},"sceneLighting":true,"audioPlay":false,"sceneViewState":{"showFog":false,"showMaterialUpdate":false,"showSkybox":true,"showFlares":false,"showImageEffects":false,"showParticleSystems":false},"in2DMode":false,"pivot":{"x":538.8598022460938,"y":317.0021667480469,"z":822.7667846679688},"rotation":{"x":-0.07021045684814453,"y":0.22200758755207063,"z":-0.015704819932579995,"w":-0.9724929332733154},"size":351.1556091308594,"orthographic":false}