{"cameraMode":{"drawMode":31,"name":"Sprite Mask","section":"Miscellaneous"},"sceneLighting":false,"audioPlay":false,"sceneViewState":{"showFog":false,"showMaterialUpdate":false,"showSkybox":false,"showFlares":false,"showImageEffects":false,"showParticleSystems":false},"in2DMode":false,"pivot":{"x":-1.9532822370529175,"y":0.035363923758268359,"z":0.6299462914466858},"rotation":{"x":0.07613148540258408,"y":-0.00255573564209044,"z":0.00010520279465708882,"w":-0.9973137378692627},"size":0.587205171585083,"orthographic":false}