{"cameraMode":{"drawMode":31,"name":"Sprite Mask","section":"Miscellaneous"},"sceneLighting":false,"audioPlay":false,"sceneViewState":{"showFog":false,"showMaterialUpdate":false,"showSkybox":false,"showFlares":false,"showImageEffects":false,"showParticleSystems":false},"in2DMode":false,"pivot":{"x":-118.18601989746094,"y":80.59494018554688,"z":-210.13629150390626},"rotation":{"x":0.012375865131616593,"y":-0.9875770211219788,"z":0.09506028890609741,"w":0.12535631656646729},"size":39.526126861572269,"orthographic":false}