{"cameraMode":{"drawMode":31,"name":"Sprite Mask","section":"Miscellaneous"},"sceneLighting":false,"audioPlay":false,"sceneViewState":{"showFog":false,"showMaterialUpdate":false,"showSkybox":false,"showFlares":false,"showImageEffects":false,"showParticleSystems":false},"in2DMode":false,"pivot":{"x":-3.7174594402313234,"y":2.916229009628296,"z":1.1569130420684815},"rotation":{"x":-0.1522597074508667,"y":-0.8389257192611694,"z":0.29723116755485537,"w":-0.42974865436553957},"size":2.62229061126709,"orthographic":false}