{"cameraMode":{"drawMode":31,"name":"Sprite Mask","section":"Miscellaneous"},"sceneLighting":false,"audioPlay":false,"sceneViewState":{"showFog":false,"showMaterialUpdate":false,"showSkybox":false,"showFlares":false,"showImageEffects":false,"showParticleSystems":false},"in2DMode":false,"pivot":{"x":860.5783081054688,"y":31.25224494934082,"z":549.3895874023438},"rotation":{"x":-0.011835540644824505,"y":-0.9719542860984802,"z":0.23046717047691346,"w":-0.05054560676217079},"size":7.860431671142578,"orthographic":false}