{"cameraMode":{"drawMode":31,"name":"Sprite Mask","section":"Miscellaneous"},"sceneLighting":false,"audioPlay":false,"sceneViewState":{"showFog":false,"showMaterialUpdate":false,"showSkybox":false,"showFlares":false,"showImageEffects":false,"showParticleSystems":false},"in2DMode":false,"pivot":{"x":239.84259033203126,"y":229.2120361328125,"z":-6.271576881408691},"rotation":{"x":-0.23854410648345948,"y":0.06602821499109268,"z":-0.01803143322467804,"w":-0.9689818024635315},"size":0.18523474037647248,"orthographic":false}