{"cameraMode":{"drawMode":31,"name":"Sprite Mask","section":"Miscellaneous"},"sceneLighting":false,"audioPlay":false,"sceneViewState":{"showFog":false,"showMaterialUpdate":false,"showSkybox":false,"showFlares":false,"showImageEffects":false,"showParticleSystems":false},"in2DMode":false,"pivot":{"x":3836.291259765625,"y":14.78713607788086,"z":1272.039794921875},"rotation":{"x":0.022583425045013429,"y":-0.9768524169921875,"z":0.1326819509267807,"w":0.16626857221126557},"size":5.746444225311279,"orthographic":false}