{"cameraMode":{"drawMode":31,"name":"Sprite Mask","section":"Miscellaneous"},"sceneLighting":true,"audioPlay":false,"sceneViewState":{"showFog":false,"showMaterialUpdate":false,"showSkybox":false,"showFlares":false,"showImageEffects":false,"showParticleSystems":false},"in2DMode":false,"pivot":{"x":5.483918190002441,"y":-2.4326276779174806,"z":-0.15174278616905213},"rotation":{"x":-0.13759510219097138,"y":-0.6916478276252747,"z":0.1369071751832962,"w":-0.6959141492843628},"size":3.61683988571167,"orthographic":false}