{"cameraMode":{"drawMode":31,"name":"Sprite Mask","section":"Miscellaneous"},"sceneLighting":false,"audioPlay":false,"sceneViewState":{"showFog":false,"showMaterialUpdate":false,"showSkybox":false,"showFlares":false,"showImageEffects":false,"showParticleSystems":false},"in2DMode":false,"pivot":{"x":-5056.4130859375,"y":134.4803924560547,"z":-1206.8643798828125},"rotation":{"x":0.10706456005573273,"y":0.830521285533905,"z":-0.17129434645175935,"w":0.5190903544425964},"size":3.2224743366241457,"orthographic":false}