{"cameraMode":{"drawMode":31,"name":"Sprite Mask","section":"Miscellaneous"},"sceneLighting":false,"audioPlay":false,"sceneViewState":{"showFog":false,"showMaterialUpdate":false,"showSkybox":false,"showFlares":false,"showImageEffects":false,"showParticleSystems":false},"in2DMode":false,"pivot":{"x":-0.25969356298446658,"y":0.6196153163909912,"z":-2.80322003364563},"rotation":{"x":0.023479986935853959,"y":-0.9702998399734497,"z":0.10520161688327789,"w":0.21656309068202973},"size":5.140202045440674,"orthographic":false}