{"cameraMode":{"drawMode":31,"name":"Sprite Mask","section":"Miscellaneous"},"sceneLighting":true,"audioPlay":false,"sceneViewState":{"showFog":false,"showMaterialUpdate":false,"showSkybox":true,"showFlares":false,"showImageEffects":false,"showParticleSystems":false},"in2DMode":false,"pivot":{"x":-5813.8876953125,"y":40.36754608154297,"z":-6996.78369140625},"rotation":{"x":0.09577859193086624,"y":-0.8416599035263062,"z":-0.1582202911376953,"w":-0.5075690150260925},"size":39.52613067626953,"orthographic":false}