{"cameraMode":{"drawMode":31,"name":"Sprite Mask","section":"Miscellaneous"},"sceneLighting":false,"audioPlay":false,"sceneViewState":{"showFog":false,"showMaterialUpdate":false,"showSkybox":false,"showFlares":false,"showImageEffects":false,"showParticleSystems":false},"in2DMode":false,"pivot":{"x":4.700038909912109,"y":-0.0858907550573349,"z":0.5649949312210083},"rotation":{"x":0.07613148540258408,"y":-0.00255573564209044,"z":0.00010520279465708882,"w":-0.9973137378692627},"size":0.39114826917648318,"orthographic":false}