{"cameraMode":{"drawMode":31,"name":"Sprite Mask","section":"Miscellaneous"},"sceneLighting":true,"audioPlay":false,"sceneViewState":{"showFog":false,"showMaterialUpdate":false,"showSkybox":false,"showFlares":false,"showImageEffects":false,"showParticleSystems":false},"in2DMode":false,"pivot":{"x":3.37528920173645,"y":-0.9488787055015564,"z":0.6533874869346619},"rotation":{"x":0.08592373132705689,"y":0.718076229095459,"z":-0.09009653329849243,"w":0.6848989725112915},"size":3.515629768371582,"orthographic":false}