{"cameraMode":{"drawMode":31,"name":"Sprite Mask","section":"Miscellaneous"},"sceneLighting":false,"audioPlay":false,"sceneViewState":{"showFog":false,"showMaterialUpdate":false,"showSkybox":false,"showFlares":false,"showImageEffects":false,"showParticleSystems":false},"in2DMode":false,"pivot":{"x":229.4668731689453,"y":225.26292419433595,"z":1.7598918676376343},"rotation":{"x":-0.05493646860122681,"y":0.72446209192276,"z":-0.054499126970767978,"w":-0.6853712797164917},"size":6.3452043533325199,"orthographic":false}