{"cameraMode":{"drawMode":31,"name":"Sprite Mask","section":"Miscellaneous"},"sceneLighting":false,"audioPlay":false,"sceneViewState":{"showFog":false,"showMaterialUpdate":false,"showSkybox":false,"showFlares":false,"showImageEffects":false,"showParticleSystems":false},"in2DMode":false,"pivot":{"x":-4784.11181640625,"y":-59.06947326660156,"z":-1241.4664306640625},"rotation":{"x":-0.16685019433498383,"y":-0.735988974571228,"z":0.1961129903793335,"w":-0.6262480020523071},"size":130.14418029785157,"orthographic":false}