{"cameraMode":{"drawMode":31,"name":"Sprite Mask","section":"Miscellaneous"},"sceneLighting":false,"audioPlay":false,"sceneViewState":{"showFog":false,"showMaterialUpdate":false,"showSkybox":false,"showFlares":false,"showImageEffects":false,"showParticleSystems":false},"in2DMode":false,"pivot":{"x":-4844.17138671875,"y":28.22039794921875,"z":-1301.9317626953125},"rotation":{"x":-0.08368418365716934,"y":-0.8593038320541382,"z":0.14918503165245057,"w":-0.48201891779899599},"size":91.51545715332031,"orthographic":false}