{"cameraMode":{"drawMode":31,"name":"Sprite Mask","section":"Miscellaneous"},"sceneLighting":false,"audioPlay":false,"sceneViewState":{"showFog":false,"showMaterialUpdate":false,"showSkybox":false,"showFlares":false,"showImageEffects":false,"showParticleSystems":false},"in2DMode":false,"pivot":{"x":-5837.10205078125,"y":11.473794937133789,"z":-6872.8125},"rotation":{"x":-0.3892321288585663,"y":0.48068955540657046,"z":-0.25155654549598696,"w":-0.7445918321609497},"size":24.633861541748048,"orthographic":false}