{"cameraMode":{"drawMode":31,"name":"Sprite Mask","section":"Miscellaneous"},"sceneLighting":false,"audioPlay":false,"sceneViewState":{"showFog":false,"showMaterialUpdate":false,"showSkybox":false,"showFlares":false,"showImageEffects":false,"showParticleSystems":false},"in2DMode":false,"pivot":{"x":-0.27617496252059939,"y":5.397994518280029,"z":12.562525749206543},"rotation":{"x":0.24106918275356294,"y":0.03259197995066643,"z":0.008156105875968933,"w":-0.9699634909629822},"size":10.878174781799317,"orthographic":false}