# Blender v2.82 (sub 7) OBJ File: 'AlienStarfighter.blend'
# www.blender.org
mtllib AlienStarfighter3.mtl
o Cylinder
v -1.548112 -0.000000 -0.281713
v 1.548112 0.000000 -0.263625
v -1.548112 -0.140857 -0.243971
v 1.548112 -0.131812 -0.228306
v -1.548112 -0.243971 -0.140857
v 1.548112 -0.228306 -0.131812
v -1.548112 -0.281713 0.000000
v 1.548112 -0.263625 0.000000
v -1.548112 -0.243971 0.140857
v 1.548112 -0.228306 0.131812
v -1.548112 -0.140857 0.243971
v 1.548112 -0.131812 0.228306
v -1.548112 -0.000000 0.281713
v 1.548112 0.000000 0.263625
v -1.548112 0.140856 0.243971
v 1.548112 0.131812 0.228306
v -1.548112 0.243971 0.140857
v 1.548112 0.228306 0.131812
v -1.548112 0.281713 0.000000
v 1.548112 0.263625 0.000000
v -1.548112 0.243971 -0.140857
v 1.548112 0.228306 -0.131812
v -1.548112 0.140857 -0.243971
v 1.548112 0.131813 -0.228306
v -1.479496 -0.000000 -0.334752
v -1.479496 -0.167376 -0.289904
v -1.479496 -0.289904 -0.167376
v -1.479496 -0.334752 0.000000
v -1.479496 -0.289904 0.167376
v -1.479496 -0.167376 0.289904
v -1.479496 -0.000000 0.334752
v -1.479496 0.167376 0.289904
v -1.479496 0.289904 0.167376
v -1.479496 0.334752 0.000000
v -1.479496 0.289904 -0.167376
v -1.479496 0.167376 -0.289904
v 1.490003 0.000000 -0.334752
v 1.490003 -0.167376 -0.289904
v 1.490003 -0.289904 -0.167376
v 1.490003 -0.334752 0.000000
v 1.490003 -0.289904 0.167376
v 1.490003 -0.167376 0.289904
v 1.490003 0.000000 0.334752
v 1.490003 0.167376 0.289904
v 1.490003 0.289904 0.167376
v 1.490003 0.334752 0.000000
v 1.490003 0.289904 -0.167376
v 1.490003 0.167376 -0.289904
v -1.548112 -0.000000 -0.334752
v -1.548112 -0.167376 -0.289904
v -1.548112 -0.289904 -0.167376
v -1.548112 -0.334752 0.000000
v -1.548112 -0.289904 0.167376
v -1.548112 -0.167376 0.289904
v -1.548112 -0.000000 0.334752
v -1.548112 0.167376 0.289904
v -1.548112 0.289904 0.167376
v -1.548112 0.334752 0.000000
v -1.548112 0.289904 -0.167376
v -1.548112 0.167376 -0.289904
v 1.548112 -0.167376 -0.289904
v 1.548112 0.000000 -0.334752
v 1.548112 -0.289904 -0.167376
v 1.548112 -0.334752 0.000000
v 1.548112 -0.289904 0.167376
v 1.548112 -0.167376 0.289904
v 1.548112 0.000000 0.334752
v 1.548112 0.167376 0.289904
v 1.548112 0.289904 0.167376
v 1.548112 0.334752 0.000000
v 1.548112 0.289904 -0.167376
v 1.548112 0.167376 -0.289904
vt 1.000000 0.990616
vt 1.000000 1.000000
vt 0.916667 1.000000
vt 0.916667 0.990616
vt 0.833333 1.000000
vt 0.833333 0.990616
vt 0.750000 1.000000
vt 0.750000 0.990616
vt 0.666667 1.000000
vt 0.666667 0.990616
vt 0.583333 1.000000
vt 0.583333 0.990616
vt 0.500000 1.000000
vt 0.500000 0.990616
vt 0.416667 1.000000
vt 0.416667 0.990616
vt 0.333333 1.000000
vt 0.333333 0.990616
vt 0.250000 1.000000
vt 0.250000 0.990616
vt 0.166667 1.000000
vt 0.166667 0.990616
vt 0.344503 0.413683
vt 0.250000 0.439005
vt 0.155497 0.413683
vt 0.086316 0.344503
vt 0.060995 0.250000
vt 0.086317 0.155497
vt 0.155497 0.086317
vt 0.250000 0.060995
vt 0.344503 0.086317
vt 0.413683 0.155497
vt 0.439005 0.250000
vt 0.413683 0.344503
vt 0.083333 1.000000
vt 0.083333 0.990616
vt 0.000000 1.000000
vt 0.000000 0.990616
vt 0.750000 0.451974
vt 0.850987 0.424914
vt 0.924915 0.350987
vt 0.951974 0.250000
vt 0.924915 0.149013
vt 0.850987 0.075085
vt 0.750000 0.048026
vt 0.649013 0.075085
vt 0.575085 0.149013
vt 0.548026 0.250000
vt 0.575085 0.350987
vt 0.649013 0.424915
vt 0.083333 0.500000
vt 0.083333 0.511081
vt 0.000000 0.511081
vt 0.000000 0.500000
vt 0.166667 0.500000
vt 0.166667 0.511081
vt 0.250000 0.500000
vt 0.250000 0.511081
vt 0.333333 0.500000
vt 0.333333 0.511081
vt 0.416667 0.500000
vt 0.416667 0.511081
vt 0.500000 0.500000
vt 0.500000 0.511081
vt 0.583333 0.500000
vt 0.583333 0.511081
vt 0.666667 0.500000
vt 0.666667 0.511081
vt 0.750000 0.500000
vt 0.750000 0.511081
vt 0.833333 0.500000
vt 0.833333 0.511081
vt 0.916667 0.500000
vt 0.916667 0.511081
vt 1.000000 0.500000
vt 1.000000 0.511081
vt 0.750000 0.490000
vt 0.870000 0.457846
vt 0.957846 0.370000
vt 0.990000 0.250000
vt 0.957846 0.130000
vt 0.870000 0.042154
vt 0.750000 0.010000
vt 0.630000 0.042154
vt 0.542154 0.130000
vt 0.510000 0.250000
vt 0.542154 0.370000
vt 0.630000 0.457846
vt 0.370000 0.457846
vt 0.250000 0.490000
vt 0.457846 0.370000
vt 0.490000 0.250000
vt 0.457846 0.130000
vt 0.370000 0.042154
vt 0.250000 0.010000
vt 0.130000 0.042154
vt 0.042154 0.130000
vt 0.010000 0.250000
vt 0.042154 0.370000
vt 0.130000 0.457846
vn 0.0000 0.0000 -1.0000
vn 0.6532 0.0000 -0.7571
vn 0.6532 -0.3786 -0.6557
vn 0.0000 -0.5000 -0.8660
vn 0.6532 -0.6557 -0.3786
vn 0.0000 -0.8660 -0.5000
vn 0.6532 -0.7571 0.0000
vn 0.0000 -1.0000 0.0000
vn 0.6532 -0.6557 0.3786
vn 0.0000 -0.8660 0.5000
vn 0.6532 -0.3786 0.6557
vn 0.0000 -0.5000 0.8660
vn 0.6532 0.0000 0.7571
vn 0.0000 0.0000 1.0000
vn 0.6532 0.3786 0.6557
vn 0.0000 0.5000 0.8660
vn 0.6532 0.6557 0.3786
vn 0.0000 0.8660 0.5000
vn 0.6532 0.7571 0.0000
vn 0.0000 1.0000 0.0000
vn 0.6532 0.6557 -0.3786
vn 0.0000 0.8660 -0.5000
vn 1.0000 0.0000 0.0000
vn 0.6532 0.3786 -0.6557
vn 0.0000 0.5000 -0.8660
vn -1.0000 0.0000 0.0000
vn -0.6532 0.3786 -0.6557
vn -0.6532 0.0000 -0.7571
vn -0.6532 0.6557 -0.3786
vn -0.6532 0.7571 0.0000
vn -0.6532 0.6557 0.3786
vn -0.6532 0.3786 0.6557
vn -0.6532 0.0000 0.7571
vn -0.6532 -0.3786 0.6557
vn -0.6532 -0.6557 0.3786
vn -0.6532 -0.7571 0.0000
vn -0.6532 -0.6557 -0.3786
vn -0.6532 -0.3786 -0.6557
usemtl None
s 1
f 37/1/1 62/2/2 61/3/3 38/4/4
f 38/4/4 61/3/3 63/5/5 39/6/6
f 39/6/6 63/5/5 64/7/7 40/8/8
f 40/8/8 64/7/7 65/9/9 41/10/10
f 41/10/10 65/9/9 66/11/11 42/12/12
f 42/12/12 66/11/11 67/13/13 43/14/14
f 43/14/14 67/13/13 68/15/15 44/16/16
f 44/16/16 68/15/15 69/17/17 45/18/18
f 45/18/18 69/17/17 70/19/19 46/20/20
f 46/20/20 70/19/19 71/21/21 47/22/22
f 4/23/23 2/24/23 24/25/23 22/26/23 20/27/23 18/28/23 16/29/23 14/30/23 12/31/23 10/32/23 8/33/23 6/34/23
f 47/22/22 71/21/21 72/35/24 48/36/25
f 48/36/25 72/35/24 62/37/2 37/38/1
f 1/39/26 3/40/26 5/41/26 7/42/26 9/43/26 11/44/26 13/45/26 15/46/26 17/47/26 19/48/26 21/49/26 23/50/26
f 60/51/27 36/52/25 25/53/1 49/54/28
f 59/55/29 35/56/22 36/52/25 60/51/27
f 58/57/30 34/58/20 35/56/22 59/55/29
f 57/59/31 33/60/18 34/58/20 58/57/30
f 56/61/32 32/62/16 33/60/18 57/59/31
f 55/63/33 31/64/14 32/62/16 56/61/32
f 54/65/34 30/66/12 31/64/14 55/63/33
f 53/67/35 29/68/10 30/66/12 54/65/34
f 52/69/36 28/70/8 29/68/10 53/67/35
f 51/71/37 27/72/6 28/70/8 52/69/36
f 50/73/38 26/74/4 27/72/6 51/71/37
f 49/75/28 25/76/1 26/74/4 50/73/38
f 36/52/25 48/36/25 37/38/1 25/53/1
f 35/56/22 47/22/22 48/36/25 36/52/25
f 34/58/20 46/20/20 47/22/22 35/56/22
f 33/60/18 45/18/18 46/20/20 34/58/20
f 32/62/16 44/16/16 45/18/18 33/60/18
f 31/64/14 43/14/14 44/16/16 32/62/16
f 30/66/12 42/12/12 43/14/14 31/64/14
f 29/68/10 41/10/10 42/12/12 30/66/12
f 28/70/8 40/8/8 41/10/10 29/68/10
f 27/72/6 39/6/6 40/8/8 28/70/8
f 26/74/4 38/4/4 39/6/6 27/72/6
f 25/76/1 37/1/1 38/4/4 26/74/4
f 3/40/26 1/39/26 49/77/28 50/78/38
f 5/41/26 3/40/26 50/78/38 51/79/37
f 7/42/26 5/41/26 51/79/37 52/80/36
f 9/43/26 7/42/26 52/80/36 53/81/35
f 11/44/26 9/43/26 53/81/35 54/82/34
f 13/45/26 11/44/26 54/82/34 55/83/33
f 15/46/26 13/45/26 55/83/33 56/84/32
f 17/47/26 15/46/26 56/84/32 57/85/31
f 19/48/26 17/47/26 57/85/31 58/86/30
f 21/49/26 19/48/26 58/86/30 59/87/29
f 23/50/26 21/49/26 59/87/29 60/88/27
f 1/39/26 23/50/26 60/88/27 49/77/28
f 2/24/23 4/23/23 61/89/3 62/90/2
f 4/23/23 6/34/23 63/91/5 61/89/3
f 6/34/23 8/33/23 64/92/7 63/91/5
f 8/33/23 10/32/23 65/93/9 64/92/7
f 10/32/23 12/31/23 66/94/11 65/93/9
f 12/31/23 14/30/23 67/95/13 66/94/11
f 14/30/23 16/29/23 68/96/15 67/95/13
f 16/29/23 18/28/23 69/97/17 68/96/15
f 18/28/23 20/27/23 70/98/19 69/97/17
f 20/27/23 22/26/23 71/99/21 70/98/19
f 22/26/23 24/25/23 72/100/24 71/99/21
f 24/25/23 2/24/23 62/90/2 72/100/24
o Sphere_Sphere.002
v 0.000000 0.418577 -2.042007
v 0.000000 0.149388 -4.295068
v 0.000000 -0.149389 -4.295068
v -0.000000 0.671346 -0.022563
v 0.186401 0.604862 -1.014900
v 0.335882 0.418577 -1.810692
v 0.276472 0.115748 -4.174796
v 0.273947 -0.117807 -4.161235
v 0.322262 -0.418577 -1.738180
v 0.330099 0.604862 -0.659197
v 0.594818 0.418577 -1.169738
v 0.666505 0.149388 -1.453067
v 0.666505 -0.149389 -1.453067
v 0.570697 -0.418577 -1.123218
v 0.398176 0.604862 -0.157649
v 0.717488 0.418577 -0.265980
v 0.894693 0.149388 -0.326099
v 0.894693 -0.149389 -0.326099
v 0.688092 -0.418577 -0.258324
v 0.375035 0.604862 0.199207
v 0.675790 0.418577 0.386859
v 0.842697 0.149388 0.490999
v 0.842697 -0.149389 0.490999
v 0.649567 -0.418577 0.344851
v 0.265979 0.604862 0.459140
v 0.479277 0.418577 0.855243
v 0.580328 0.136223 1.156452
v 0.580328 -0.136223 1.156452
v 0.465271 -0.418577 0.784114
v 0.095990 0.604862 0.605919
v 0.172967 0.418577 1.119730
v 0.168670 -0.418577 1.040217
v -0.095990 0.604862 0.605919
v -0.172967 0.418577 1.119730
v -0.168670 -0.418577 1.040217
v -0.265979 0.604862 0.459140
v -0.479277 0.418577 0.855243
v -0.580328 0.136223 1.156452
v -0.580328 -0.136223 1.156452
v -0.465271 -0.418577 0.784114
v -0.375035 0.604862 0.199207
v -0.675790 0.418577 0.386859
v -0.842697 0.149388 0.490998
v -0.842697 -0.149389 0.490998
v -0.649567 -0.418577 0.344851
v -0.398176 0.604862 -0.157649
v -0.717488 0.418577 -0.265980
v -0.894693 0.149388 -0.326100
v -0.894693 -0.149389 -0.326100
v -0.688092 -0.418577 -0.258324
v -0.330099 0.604862 -0.659197
v -0.594818 0.418577 -1.169738
v -0.666504 0.149388 -1.453067
v -0.666504 -0.149389 -1.453067
v -0.570697 -0.418577 -1.123218
v -0.186401 0.604862 -1.014900
v -0.335882 0.418577 -1.810692
v -0.276472 0.115748 -4.174796
v -0.273947 -0.117807 -4.161235
v -0.322262 -0.418577 -1.738180
v -0.000000 0.604862 -1.143270
v -0.000000 -0.418577 -1.960115
v 0.215687 0.136223 1.471306
v 0.215687 -0.149389 1.471306
v -0.215687 0.136223 1.471306
v -0.215687 -0.149389 1.471306
v 0.597649 0.149388 1.141496
v 0.597649 -0.149389 1.141496
v 0.215687 -0.136223 1.471306
v 0.215687 0.149388 1.471306
v -0.215687 -0.136223 1.471306
v -0.215687 0.149388 1.471306
v -0.597649 0.149388 1.141496
v -0.597649 -0.149389 1.141496
v 0.215687 0.136223 1.646400
v 0.215687 -0.136223 1.646400
v -0.215687 0.136223 1.646400
v -0.215687 -0.136223 1.646400
v 0.500478 0.077854 1.555096
v 0.500478 -0.077854 1.555096
v -0.500478 0.077854 1.555096
v -0.500478 -0.077854 1.555096
v 0.580328 -0.136223 1.166425
v 0.580328 0.136223 1.166425
v -0.580328 0.136223 1.166425
v -0.215687 0.136223 1.481279
v -0.580328 -0.136223 1.166425
v 0.215687 -0.136223 1.481279
v -0.215687 -0.136223 1.481279
v 0.215687 0.136223 1.481279
v 0.580328 0.136223 1.522354
v -0.580328 0.136223 1.522354
v -0.580328 -0.136223 1.522354
v 0.215687 -0.136223 1.639258
v 0.580328 -0.136223 1.522354
v -0.215687 0.136223 1.639258
v -0.215687 -0.136223 1.639258
v 0.215687 0.136223 1.639258
v 0.580328 0.136223 1.529496
v 0.580328 -0.136223 1.529496
v 0.215687 -0.077854 1.646400
v 0.215687 0.077854 1.646400
v -0.215687 -0.077854 1.646400
v -0.215687 0.077854 1.646400
v -0.580328 0.136223 1.529496
v -0.580328 -0.136223 1.529496
v 0.215687 0.077854 1.517711
v 0.215687 -0.077854 1.517711
v -0.215687 0.077854 1.517711
v -0.215687 -0.077854 1.517711
v 0.500478 0.077854 1.426407
v 0.500478 -0.077854 1.426407
v -0.500478 0.077854 1.426407
v -0.500478 -0.077854 1.426407
v 0.215687 -0.077854 1.519324
v 0.500478 -0.077854 1.428020
v -0.215687 -0.077854 1.519324
v -0.500478 -0.077854 1.428020
v -0.215687 0.077854 1.519324
v 0.215687 0.077854 1.519324
v 0.500478 0.077854 1.428020
v -0.500478 0.077854 1.428020
v 0.215687 -0.077854 1.638602
v -0.500478 -0.077854 1.547298
v 0.215687 0.077854 1.638602
v 0.500478 0.077854 1.547298
v 0.500478 -0.077854 1.547298
v -0.215687 -0.077854 1.638602
v -0.215687 0.077854 1.638602
v -0.500478 0.077854 1.547298
v 0.508862 0.083983 1.552408
v 0.508862 -0.083983 1.552408
v 0.215687 -0.083983 1.646400
v 0.215687 0.083983 1.646400
v -0.215687 -0.083983 1.646400
v -0.215687 0.083983 1.646400
v -0.508862 -0.083983 1.552408
v -0.508862 0.083983 1.552408
v 0.571196 -0.129548 1.532424
v 0.215687 -0.129548 1.646400
v -0.215687 -0.129548 1.646400
v -0.571196 0.129548 1.532424
v 0.571196 0.129548 1.532424
v 0.215687 0.129548 1.646400
v -0.215687 0.129548 1.646400
v -0.571196 -0.129548 1.532424
v 0.570184 0.149388 -2.321605
v 0.565891 -0.149389 -2.360317
v 0.000000 0.374150 -2.413855
v -0.360982 0.337129 -2.378196
v 0.360487 0.338738 -2.366989
v -0.574818 0.149388 -2.279820
v -0.359585 -0.341664 -2.346597
v -0.568411 -0.149389 -2.337591
v -0.000000 -0.381692 -2.350729
v 0.360531 -0.338592 -2.368001
v 0.000000 0.240230 -3.534739
v -0.000000 -0.190586 -4.038345
v 0.418838 0.149388 -3.686313
v 0.418838 -0.149389 -3.686313
v -0.418838 0.149388 -3.686313
v -0.418838 -0.149389 -3.686313
v 0.000000 0.182916 -4.085835
v -0.000000 -0.247001 -3.478067
v 0.000000 -0.083180 -4.295068
v 0.418838 -0.128640 -3.686313
v 0.666505 -0.128640 -1.453067
v 0.894693 -0.128640 -0.326099
v 0.842697 -0.128640 0.490999
v 0.597649 -0.128640 1.141496
v -0.597649 -0.128640 1.141496
v -0.842697 -0.128640 0.490998
v -0.894693 -0.128640 -0.326100
v -0.666504 -0.128640 -1.453067
v -0.418838 -0.128640 -3.686313
v 0.580328 -0.117303 1.156452
v -0.580328 -0.117303 1.156452
v 0.580328 -0.117303 1.529496
v -0.580328 -0.117303 1.529496
v 0.580328 -0.117303 1.166425
v -0.580328 -0.117303 1.166425
v 0.580328 -0.117303 1.522354
v -0.580328 -0.117303 1.522354
v 0.500478 -0.067041 1.555096
v -0.500478 -0.067041 1.555096
v 0.215687 -0.067041 1.517711
v -0.215687 -0.067041 1.517711
v 0.500478 -0.067041 1.426407
v -0.500478 -0.067041 1.426407
v -0.500478 -0.067041 1.428020
v 0.500478 -0.067041 1.428020
v 0.500478 -0.067041 1.547298
v -0.500478 -0.067041 1.547298
v -0.508862 -0.072318 1.552408
v 0.508862 -0.072318 1.552408
v -0.571196 -0.111555 1.532424
v 0.571196 -0.111555 1.532424
v 0.566189 -0.128640 -2.357629
v -0.568856 -0.128640 -2.333579
v 0.274123 -0.101588 -4.162176
v -0.274122 -0.101588 -4.162176
v -0.580328 0.115941 1.166425
v -0.580328 0.115941 1.522354
v -0.500478 0.066262 1.428020
v -0.500478 0.066262 1.547298
v 0.508862 0.071479 1.552408
v 0.571196 0.110259 1.532424
v -0.574341 0.127146 -2.284121
v 0.000000 0.127146 -4.295068
v 0.418838 0.127146 -3.686313
v 0.666505 0.127146 -1.453067
v 0.894693 0.127146 -0.326099
v 0.842697 0.127146 0.490999
v 0.597649 0.127146 1.141496
v -0.597649 0.127146 1.141496
v -0.842697 0.127146 0.490998
v -0.894693 0.127146 -0.326100
v -0.666504 0.127146 -1.453067
v -0.418838 0.127146 -3.686313
v 0.580328 0.115941 1.156452
v -0.580328 0.115941 1.156452
v 0.580328 0.115941 1.529496
v -0.580328 0.115941 1.529496
v 0.580328 0.115941 1.166425
v 0.580328 0.115941 1.522354
v 0.500478 0.066262 1.555096
v -0.500478 0.066262 1.555096
v 0.215687 0.066262 1.517711
v -0.215687 0.066262 1.517711
v 0.500478 0.066262 1.426407
v -0.500478 0.066262 1.426407
v 0.500478 0.066262 1.428020
v 0.500478 0.066262 1.547298
v -0.508862 0.071479 1.552408
v -0.571196 0.110259 1.532424
v 0.569864 0.127146 -2.324487
v 0.276284 0.098361 -4.173786
v -0.276284 0.098361 -4.173786
v 0.000036 0.036694 -4.295068
v 0.482818 0.097130 -3.686313
v 0.768294 0.097130 -1.453067
v 1.031320 0.097130 -0.326099
v 0.971386 0.097130 0.490999
v 0.688927 0.097130 1.141496
v -0.688854 0.097130 1.141496
v -0.971313 0.097130 0.490999
v -1.031247 0.097130 -0.326100
v -0.768222 0.097130 -1.453067
v -0.482745 0.097130 -3.686313
v 0.580328 0.088570 1.156452
v -0.580328 0.088570 1.156452
v 0.580328 0.088570 1.529496
v -0.580328 0.088570 1.529496
v 0.580328 0.088570 1.166425
v 0.580328 0.088570 1.522354
v 0.500478 0.050620 1.555096
v -0.500478 0.050620 1.555096
v 0.215687 0.050620 1.517711
v -0.215687 0.050620 1.517711
v 0.500478 0.050620 1.426407
v -0.500478 0.050620 1.426407
v 0.500478 0.050620 1.428020
v 0.500478 0.050620 1.547298
v -0.508862 0.054604 1.552408
v -0.571196 0.084230 1.532424
v 0.656403 0.097130 -2.328376
v 0.318208 0.074898 -4.172424
v -0.318135 0.074898 -4.172424
v -0.580328 0.088570 1.166425
v -0.580328 0.088570 1.522354
v -0.500478 0.050620 1.428020
v -0.500478 0.050620 1.547298
v 0.508862 0.054604 1.552408
v 0.571196 0.084230 1.532424
v -0.661246 0.097130 -2.289924
v 0.000036 -0.067151 -4.295068
v 0.482818 -0.098450 -3.686313
v 0.768294 -0.098450 -1.453067
v 1.031320 -0.098450 -0.326099
v 0.971386 -0.098450 0.490999
v 0.688927 -0.098450 1.141496
v -0.688854 -0.098450 1.141496
v -0.971313 -0.098450 0.490999
v -1.031247 -0.098450 -0.326100
v -0.768222 -0.098450 -1.453067
v -0.482745 -0.098450 -3.686313
v 0.580328 -0.089773 1.156452
v -0.580328 -0.089773 1.156452
v 0.580328 -0.089773 1.529496
v -0.580328 -0.089773 1.529496
v 0.580328 -0.089773 1.166425
v 0.580328 -0.089773 1.522354
v 0.500478 -0.051307 1.555096
v -0.500478 -0.051307 1.555096
v 0.215687 -0.051307 1.517711
v -0.215687 -0.051307 1.517711
v 0.500478 -0.051307 1.426407
v -0.500478 -0.051307 1.426407
v 0.500478 -0.051307 1.428020
v 0.500478 -0.051307 1.547298
v -0.508862 -0.055346 1.552408
v -0.571196 -0.085374 1.532424
v 0.653164 -0.098450 -2.353717
v 0.316303 -0.077988 -4.163547
v -0.316230 -0.077988 -4.163547
v -0.580328 -0.089773 1.166425
v -0.580328 -0.089773 1.522354
v -0.500478 -0.051307 1.428020
v -0.500478 -0.051307 1.547298
v 0.508862 -0.055346 1.552408
v 0.571196 -0.085374 1.532424
v -0.656412 -0.098450 -2.327742
v -0.580328 0.077542 1.166425
v -0.580328 0.077542 1.522354
v -0.500478 0.044317 1.428020
v -0.500478 0.044317 1.547298
v 0.508862 0.047805 1.552408
v 0.571196 0.073742 1.532424
v -0.660947 0.085036 -2.292263
v 0.000036 0.030272 -4.295068
v 0.482818 0.085036 -3.686313
v 0.768294 0.085036 -1.453067
v 1.031320 0.085036 -0.326099
v 0.971386 0.085036 0.490999
v 0.688927 0.085036 1.141496
v -0.688854 0.085036 1.141496
v -0.971313 0.085036 0.490999
v -1.031247 0.085036 -0.326100
v -0.768222 0.085036 -1.453067
v -0.482745 0.085036 -3.686313
v 0.580328 0.077542 1.156452
v -0.580328 0.077542 1.156452
v 0.580328 0.077542 1.529496
v -0.580328 0.077542 1.529496
v 0.580328 0.077542 1.166425
v 0.580328 0.077542 1.522354
v 0.500478 0.044317 1.555096
v -0.500478 0.044317 1.555096
v 0.215687 0.044317 1.517711
v -0.215687 0.044317 1.517711
v 0.500478 0.044317 1.426407
v -0.500478 0.044317 1.426407
v 0.500478 0.044317 1.428020
v 0.500478 0.044317 1.547298
v -0.508862 0.047805 1.552408
v -0.571196 0.073742 1.532424
v 0.656203 0.085036 -2.329943
v 0.318090 0.065444 -4.171875
v -0.318017 0.065444 -4.171875
v 0.000036 -0.058335 -4.295068
v 0.482818 -0.081847 -3.686313
v 0.768294 -0.081847 -1.453067
v 1.031320 -0.081847 -0.326099
v 0.971386 -0.081847 0.490999
v 0.688927 -0.081847 1.141496
v -0.688854 -0.081847 1.141496
v -0.971313 -0.081847 0.490999
v -1.031247 -0.081847 -0.326100
v -0.768222 -0.081847 -1.453067
v -0.482745 -0.081847 -3.686313
v 0.580328 -0.074634 1.156452
v -0.580328 -0.074634 1.156452
v 0.580328 -0.074634 1.529496
v -0.580328 -0.074634 1.529496
v 0.580328 -0.074634 1.166425
v 0.580328 -0.074634 1.522354
v 0.500478 -0.042655 1.555096
v -0.500478 -0.042655 1.555096
v 0.215687 -0.042655 1.517711
v -0.215687 -0.042655 1.517711
v 0.500478 -0.042655 1.426407
v -0.500478 -0.042655 1.426407
v 0.500478 -0.042655 1.428020
v 0.500478 -0.042655 1.547298
v -0.508862 -0.046012 1.552408
v -0.571196 -0.070977 1.532424
v 0.653439 -0.081847 -2.351566
v 0.316464 -0.065010 -4.164300
v -0.316391 -0.065010 -4.164300
v -0.580328 -0.074634 1.166425
v -0.580328 -0.074634 1.522354
v -0.500478 -0.042655 1.428020
v -0.500478 -0.042655 1.547298
v 0.508862 -0.046012 1.552408
v 0.571196 -0.070977 1.532424
v -0.656822 -0.081847 -2.324531
v -0.580328 0.092281 1.166425
v -0.580328 0.092281 1.522354
v -0.500478 0.052740 1.428020
v -0.500478 0.052740 1.547298
v 0.508862 0.056892 1.552408
v 0.571196 0.087759 1.532424
v -0.649463 0.101200 -2.289138
v 0.000031 0.038855 -4.295068
v 0.474144 0.101200 -3.686313
v 0.754494 0.101200 -1.453067
v 1.012796 0.101200 -0.326099
v 0.953938 0.101200 0.490999
v 0.676551 0.101200 1.141496
v -0.676489 0.101200 1.141496
v -0.953875 0.101200 0.490999
v -1.012733 0.101200 -0.326100
v -0.754431 0.101200 -1.453067
v -0.474080 0.101200 -3.686313
v 0.580328 0.092281 1.156452
v -0.580328 0.092281 1.156452
v 0.580328 0.092281 1.529496
v -0.580328 0.092281 1.529496
v 0.580328 0.092281 1.166425
v 0.580328 0.092281 1.522354
v 0.500478 0.052740 1.555096
v -0.500478 0.052740 1.555096
v 0.215687 0.052740 1.517711
v -0.215687 0.052740 1.517711
v 0.500478 0.052740 1.426407
v -0.500478 0.052740 1.426407
v 0.500478 0.052740 1.428020
v 0.500478 0.052740 1.547298
v -0.508862 0.056892 1.552408
v -0.571196 0.087759 1.532424
v 0.644670 0.101200 -2.327849
v 0.312524 0.078079 -4.172608
v -0.312461 0.078079 -4.172608
v -0.580328 0.114457 1.166425
v -0.580328 0.114457 1.522354
v -0.500478 0.065414 1.428020
v -0.500478 0.065414 1.547298
v 0.508862 0.070564 1.552408
v 0.571196 0.108849 1.532424
v -0.579051 0.125519 -2.284435
v 0.000002 0.125519 -4.295068
v 0.422306 0.125519 -3.686313
v 0.672022 0.125519 -1.453067
v 0.902099 0.125519 -0.326099
v 0.849672 0.125519 0.490999
v 0.602596 0.125519 1.141496
v -0.602592 0.125519 1.141496
v -0.849668 0.125519 0.490998
v -0.902095 0.125519 -0.326100
v -0.672018 0.125519 -1.453067
v -0.422302 0.125519 -3.686313
v 0.580328 0.114457 1.156452
v -0.580328 0.114457 1.156452
v 0.580328 0.114457 1.529496
v -0.580328 0.114457 1.529496
v 0.580328 0.114457 1.166425
v 0.580328 0.114457 1.522354
v 0.500478 0.065414 1.555096
v -0.500478 0.065414 1.555096
v 0.215687 0.065414 1.517711
v -0.215687 0.065414 1.517711
v 0.500478 0.065414 1.426407
v -0.500478 0.065414 1.426407
v 0.500478 0.065414 1.428020
v 0.500478 0.065414 1.547298
v -0.508862 0.070564 1.552408
v -0.571196 0.108849 1.532424
v 0.574555 0.125519 -2.324698
v 0.278556 0.097090 -4.173713
v -0.278552 0.097090 -4.173713
v 0.594818 -0.418577 -1.169738
v 0.335882 -0.418577 -1.810692
v 0.717488 -0.418577 -0.265980
v 0.675790 -0.418577 0.386859
v 0.479277 -0.418577 0.855243
v 0.172967 -0.418577 1.119730
v -0.172967 -0.418577 1.119730
v -0.479277 -0.418577 0.855243
v -0.675790 -0.418577 0.386859
v -0.717488 -0.418577 -0.265980
v -0.594818 -0.418577 -1.169738
v -0.335882 -0.418577 -1.810692
v -0.000000 -0.418577 -2.042007
v 0.000032 -0.069097 -4.295068
v 0.475049 -0.102116 -3.686313
v 0.755934 -0.102116 -1.453067
v 1.014730 -0.102116 -0.326099
v 0.955759 -0.102116 0.490999
v 0.677843 -0.102116 1.141496
v -0.677779 -0.102116 1.141496
v -0.955695 -0.102116 0.490999
v -1.014666 -0.102116 -0.326100
v -0.755870 -0.102116 -1.453067
v -0.474985 -0.102116 -3.686313
v 0.580328 -0.093116 1.156452
v -0.580328 -0.093116 1.156452
v 0.580328 -0.093116 1.529496
v -0.580328 -0.093116 1.529496
v 0.580328 -0.093116 1.166425
v 0.580328 -0.093116 1.522354
v 0.500478 -0.053218 1.555096
v -0.500478 -0.053218 1.555096
v 0.215687 -0.053218 1.517711
v -0.215687 -0.053218 1.517711
v 0.500478 -0.053218 1.426407
v -0.500478 -0.053218 1.426407
v 0.500478 -0.053218 1.428020
v 0.500478 -0.053218 1.547298
v -0.508862 -0.057407 1.552408
v -0.571196 -0.088553 1.532424
v 0.642603 -0.102116 -2.354192
v 0.311181 -0.080854 -4.163381
v -0.311117 -0.080854 -4.163381
v -0.580328 -0.093116 1.166425
v -0.580328 -0.093116 1.522354
v -0.500478 -0.053218 1.428020
v -0.500478 -0.053218 1.547298
v 0.508862 -0.057407 1.552408
v 0.571196 -0.088553 1.532424
v -0.645780 -0.102116 -2.328450
v 0.000003 -0.081818 -4.295068
v 0.424278 -0.126073 -3.686313
v 0.675159 -0.126073 -1.453067
v 0.906310 -0.126073 -0.326099
v 0.853638 -0.126073 0.490999
v 0.605410 -0.126073 1.141496
v -0.605404 -0.126073 1.141496
v -0.853632 -0.126073 0.490998
v -0.906303 -0.126073 -0.326100
v -0.675153 -0.126073 -1.453067
v -0.424272 -0.126073 -3.686313
v 0.580328 -0.114962 1.156452
v -0.580328 -0.114962 1.156452
v 0.580328 -0.114962 1.529496
v -0.580328 -0.114962 1.529496
v 0.580328 -0.114962 1.166425
v 0.580328 -0.114962 1.522354
v 0.500478 -0.065703 1.555096
v -0.500478 -0.065703 1.555096
v 0.215687 -0.065703 1.517711
v -0.215687 -0.065703 1.517711
v 0.500478 -0.065703 1.426407
v -0.500478 -0.065703 1.426407
v 0.500478 -0.065703 1.428020
v 0.500478 -0.065703 1.547298
v -0.508862 -0.070875 1.552408
v -0.571196 -0.109329 1.532424
v 0.573584 -0.126073 -2.357296
v 0.277709 -0.099581 -4.162292
v -0.277702 -0.099581 -4.162292
v -0.580328 -0.114962 1.166425
v -0.580328 -0.114962 1.522354
v -0.500478 -0.065703 1.428020
v -0.500478 -0.065703 1.547298
v 0.508862 -0.070875 1.552408
v 0.571196 -0.109329 1.532424
v -0.576300 -0.126073 -2.333083
vt 0.692308 0.285714
vt 0.692308 0.305289
vt 0.615385 0.328162
vt 0.615385 0.285714
vt 0.692308 0.571429
vt 0.691901 0.585653
vt 0.641531 0.553576
vt 0.692308 0.857143
vt 0.653846 1.000000
vt 0.615385 0.857143
vt 0.692308 0.560794
vt 0.641566 0.545518
vt 0.692308 0.714286
vt 0.615385 0.714286
vt 0.569711 0.428571
vt 0.538462 0.428571
vt 0.538462 0.285714
vt 0.615385 0.571429
vt 0.615385 0.671915
vt 0.568378 0.571429
vt 0.576923 1.000000
vt 0.538462 0.857143
vt 0.615385 0.560794
vt 0.568477 0.560794
vt 0.538462 0.714286
vt 0.461539 0.428571
vt 0.461539 0.285714
vt 0.538462 0.571429
vt 0.461539 0.714286
vt 0.461539 0.571429
vt 0.500000 1.000000
vt 0.461539 0.857143
vt 0.538462 0.560794
vt 0.461539 0.560794
vt 0.384615 0.714286
vt 0.384615 0.571429
vt 0.423077 1.000000
vt 0.384615 0.857143
vt 0.384615 0.560794
vt 0.384615 0.428571
vt 0.384615 0.285714
vt 0.307692 0.571429
vt 0.307692 0.560794
vt 0.307692 0.857143
vt 0.307692 0.714286
vt 0.307692 0.428571
vt 0.307692 0.285714
vt 0.346154 1.000000
vt 0.080411 0.443913
vt 0.080411 0.434867
vt 0.080411 0.434867
vt 0.080411 0.443913
vt 0.230769 0.857143
vt 0.230769 0.714286
vt 0.230769 0.428571
vt 0.230769 0.285714
vt 0.230769 0.571429
vt 0.269231 1.000000
vt 0.153846 0.857143
vt 0.153846 0.714286
vt 0.153846 0.428571
vt 0.153846 0.285714
vt 0.192308 1.000000
vt 0.076923 0.428571
vt 0.076923 0.285714
vt 0.153846 0.571429
vt 0.076923 0.714286
vt 0.076923 0.571429
vt 0.115385 1.000000
vt 0.076923 0.857143
vt 0.153846 0.565133
vt 0.080411 0.565133
vt 0.080411 0.565133
vt 0.153846 0.565133
vt 0.000000 0.428571
vt 0.000000 0.285714
vt 0.000000 0.714286
vt 0.000000 0.571429
vt 0.038462 1.000000
vt 0.000000 0.857143
vt 0.076923 0.560794
vt 0.000000 0.560794
vt 1.000000 0.857143
vt 0.961538 1.000000
vt 0.923077 0.857143
vt 1.000000 0.560794
vt 1.000000 0.571429
vt 0.923077 0.571429
vt 0.923077 0.560794
vt 1.000000 0.714286
vt 0.923077 0.714286
vt 1.000000 0.285714
vt 1.000000 0.428571
vt 0.923077 0.428571
vt 0.923077 0.285714
vt 0.846154 0.571429
vt 0.846154 0.560794
vt 0.846154 0.857143
vt 0.846154 0.714286
vt 0.846154 0.428571
vt 0.846154 0.285714
vt 0.884615 1.000000
vt 0.817677 0.571429
vt 0.817529 0.560794
vt 0.769231 0.857143
vt 0.769231 0.714286
vt 0.815687 0.428571
vt 0.769231 0.285714
vt 0.807692 1.000000
vt 0.769231 0.326532
vt 0.743084 0.553576
vt 0.730769 1.000000
vt 0.611948 0.285714
vt 0.536893 0.285714
vt 0.460474 0.285714
vt 0.389374 0.285714
vt 0.317967 0.285714
vt 0.245053 0.285714
vt 0.174369 0.285714
vt 0.155504 0.285714
vt 0.929268 0.285714
vt 0.906790 0.285714
vt 0.834354 0.285714
vt 0.761000 0.285714
vt 0.686712 0.285714
vt 0.743049 0.545518
vt 0.304204 0.555436
vt 0.304204 0.565133
vt 0.304204 0.565133
vt 0.304204 0.555436
vt 0.304204 0.443913
vt 0.304204 0.434867
vt 0.307692 0.438492
vt 0.230769 0.434867
vt 0.230769 0.565133
vt 0.304204 0.565133
vt 0.153846 0.434867
vt 0.153846 0.565133
vt 0.080411 0.555436
vt 0.080411 0.565133
vt 0.080411 0.434867
vt 0.230769 0.537225
vt 0.153846 0.537225
vt 0.153846 0.537225
vt 0.230769 0.537225
vt 0.096492 0.462775
vt 0.153846 0.462775
vt 0.153846 0.462775
vt 0.096492 0.462775
vt 0.230769 0.462775
vt 0.288123 0.462775
vt 0.288123 0.462775
vt 0.230769 0.462775
vt 0.153846 0.434867
vt 0.230769 0.434867
vt 0.230769 0.434867
vt 0.153846 0.434867
vt 0.304204 0.434866
vt 0.304204 0.434867
vt 0.230769 0.565133
vt 0.230769 0.565133
vt 0.230769 0.565133
vt 0.304204 0.565133
vt 0.153846 0.565133
vt 0.153846 0.434867
vt 0.080411 0.434867
vt 0.304204 0.434867
vt 0.230769 0.434867
vt 0.304204 0.555436
vt 0.304204 0.555436
vt 0.080411 0.565133
vt 0.080411 0.443913
vt 0.080411 0.443913
vt 0.302365 0.446661
vt 0.302365 0.438058
vt 0.304204 0.443913
vt 0.230769 0.438058
vt 0.153846 0.438058
vt 0.153846 0.561942
vt 0.230769 0.561942
vt 0.082250 0.552719
vt 0.082250 0.561942
vt 0.080411 0.555436
vt 0.082250 0.438058
vt 0.288123 0.531895
vt 0.288123 0.537225
vt 0.230769 0.531683
vt 0.153846 0.531683
vt 0.096492 0.537225
vt 0.096492 0.531596
vt 0.288123 0.537225
vt 0.288123 0.531895
vt 0.096492 0.537225
vt 0.096492 0.467579
vt 0.096492 0.467579
vt 0.153846 0.462775
vt 0.230769 0.462775
vt 0.096492 0.467945
vt 0.096492 0.462775
vt 0.153846 0.537225
vt 0.096492 0.537225
vt 0.288123 0.531690
vt 0.288123 0.537225
vt 0.230769 0.537225
vt 0.288123 0.462775
vt 0.230769 0.537225
vt 0.153846 0.537225
vt 0.096492 0.462775
vt 0.153846 0.462775
vt 0.230769 0.462775
vt 0.288123 0.462775
vt 0.288123 0.537225
vt 0.288123 0.531687
vt 0.096492 0.537225
vt 0.096492 0.467936
vt 0.153846 0.540155
vt 0.094804 0.540155
vt 0.094804 0.459845
vt 0.153846 0.459845
vt 0.096492 0.531678
vt 0.094804 0.534177
vt 0.230769 0.540155
vt 0.230769 0.459845
vt 0.289812 0.540155
vt 0.289812 0.459845
vt 0.288123 0.467936
vt 0.289812 0.465422
vt 0.302365 0.561942
vt 0.692308 0.690708
vt 0.769231 0.671062
vt 0.769231 0.571429
vt 0.615385 0.428571
vt 0.769231 0.428571
vt 0.692308 0.376769
vt 0.769231 0.560794
vt 0.692308 0.619638
vt 0.641995 0.445332
vt 0.691806 0.411112
vt 0.692308 0.428571
vt 0.742620 0.445332
vt 0.742652 0.452849
vt 0.769231 0.438492
vt 0.742656 0.453779
vt 0.769231 0.439719
vt 0.641963 0.452849
vt 0.615385 0.438492
vt 0.815825 0.438492
vt 0.569619 0.438492
vt 0.538462 0.438492
vt 0.289812 0.466112
vt 0.302365 0.447726
vt 0.094804 0.465422
vt 0.082250 0.446661
vt 0.288123 0.468576
vt 0.096492 0.468576
vt 0.096492 0.468585
vt 0.288123 0.467945
vt 0.288123 0.467579
vt 0.096492 0.468215
vt 0.096492 0.468215
vt 0.288123 0.467579
vt 0.230769 0.467945
vt 0.153846 0.467945
vt 0.304204 0.445032
vt 0.080411 0.445032
vt 0.080411 0.445032
vt 0.304204 0.443913
vt 0.304204 0.443913
vt 0.080411 0.445032
vt 0.076923 0.438492
vt 0.304204 0.445032
vt 0.307692 0.439719
vt 0.692308 0.438492
vt 0.846154 0.438492
vt 0.923077 0.438492
vt 1.000000 0.438492
vt 0.000000 0.438492
vt 0.080411 0.445032
vt 0.384615 0.438492
vt 0.461538 0.438492
vt 0.080411 0.555436
vt 0.080411 0.555436
vt 0.096492 0.531596
vt 0.096492 0.531681
vt 0.289812 0.534177
vt 0.302365 0.552719
vt 0.641569 0.544928
vt 0.615385 0.560016
vt 0.817518 0.560016
vt 0.769231 0.560016
vt 0.568485 0.560016
vt 0.538462 0.560016
vt 0.094804 0.533739
vt 0.082250 0.552045
vt 0.096492 0.531272
vt 0.288123 0.531281
vt 0.288123 0.531284
vt 0.288123 0.531481
vt 0.288123 0.531481
vt 0.230769 0.531277
vt 0.153846 0.531277
vt 0.096492 0.531184
vt 0.080411 0.554726
vt 0.304204 0.554726
vt 0.304204 0.554726
vt 0.304204 0.554726
vt 0.080411 0.554726
vt 0.076923 0.560016
vt 0.304204 0.554726
vt 0.743047 0.544928
vt 0.692308 0.560016
vt 0.846154 0.560016
vt 0.923077 0.560016
vt 1.000000 0.560016
vt 0.000000 0.560016
vt 0.384615 0.560016
vt 0.307692 0.560016
vt 0.461539 0.560016
vt 0.692308 0.540659
vt 0.692308 0.546442
vt 0.641613 0.534643
vt 0.641631 0.530261
vt 0.615385 0.540659
vt 0.615385 0.546442
vt 0.568611 0.546442
vt 0.568665 0.540659
vt 0.538462 0.540659
vt 0.538462 0.546442
vt 0.461539 0.546442
vt 0.461539 0.540659
vt 0.384615 0.546442
vt 0.384616 0.540659
vt 0.307692 0.546442
vt 0.307692 0.540659
vt 0.076923 0.540659
vt 0.076923 0.546442
vt 0.000000 0.546442
vt 0.000000 0.540659
vt 1.000000 0.540659
vt 1.000000 0.546442
vt 0.923077 0.546442
vt 0.923077 0.540659
vt 0.846154 0.546442
vt 0.846154 0.540659
vt 0.817329 0.546442
vt 0.817248 0.540659
vt 0.742984 0.530262
vt 0.743003 0.534643
vt 0.304204 0.537076
vt 0.304204 0.542349
vt 0.304204 0.542349
vt 0.304204 0.537069
vt 0.080411 0.537076
vt 0.080411 0.542349
vt 0.304204 0.537076
vt 0.304204 0.542349
vt 0.304204 0.542349
vt 0.304204 0.537076
vt 0.082250 0.535259
vt 0.082250 0.540274
vt 0.080411 0.542349
vt 0.080411 0.537069
vt 0.288123 0.521325
vt 0.288123 0.524255
vt 0.230769 0.524203
vt 0.230769 0.521189
vt 0.153846 0.521189
vt 0.153846 0.524203
vt 0.096492 0.523992
vt 0.096492 0.521075
vt 0.288123 0.521325
vt 0.288123 0.524255
vt 0.288123 0.521197
vt 0.288123 0.524210
vt 0.288123 0.521192
vt 0.288123 0.524206
vt 0.096492 0.521185
vt 0.096492 0.524197
vt 0.094804 0.526109
vt 0.094804 0.522858
vt 0.769231 0.546442
vt 0.769231 0.540659
vt 0.080411 0.544123
vt 0.080411 0.542349
vt 0.080411 0.544123
vt 0.304204 0.544123
vt 0.307692 0.548388
vt 0.080411 0.544123
vt 0.080411 0.542349
vt 0.080411 0.544123
vt 0.302365 0.541961
vt 0.302365 0.540274
vt 0.304204 0.544123
vt 0.096492 0.525023
vt 0.096492 0.523992
vt 0.096492 0.525023
vt 0.096492 0.525216
vt 0.096492 0.524202
vt 0.096492 0.525212
vt 0.288123 0.525220
vt 0.289812 0.526109
vt 0.289812 0.527202
vt 0.743009 0.536118
vt 0.769231 0.548388
vt 0.641922 0.462458
vt 0.641916 0.463786
vt 0.615385 0.452927
vt 0.615385 0.451174
vt 0.816002 0.451174
vt 0.816026 0.452927
vt 0.769231 0.452927
vt 0.769231 0.451174
vt 0.569500 0.451174
vt 0.569484 0.452927
vt 0.538462 0.452927
vt 0.538462 0.451174
vt 0.094804 0.472552
vt 0.094804 0.473537
vt 0.082250 0.459179
vt 0.082250 0.457659
vt 0.096492 0.474547
vt 0.096492 0.475461
vt 0.288123 0.474548
vt 0.288123 0.475462
vt 0.288123 0.475470
vt 0.288123 0.474556
vt 0.288123 0.475085
vt 0.288123 0.474174
vt 0.288123 0.475085
vt 0.288123 0.474174
vt 0.230769 0.474555
vt 0.230769 0.475468
vt 0.153846 0.475468
vt 0.153846 0.474554
vt 0.096492 0.475050
vt 0.096492 0.474143
vt 0.080411 0.457072
vt 0.080411 0.455475
vt 0.304204 0.455477
vt 0.304204 0.457076
vt 0.304204 0.457076
vt 0.304204 0.455477
vt 0.304204 0.455477
vt 0.304204 0.457076
vt 0.080411 0.455477
vt 0.080411 0.457076
vt 0.076923 0.452927
vt 0.076923 0.451174
vt 0.304204 0.457072
vt 0.304204 0.455475
vt 0.742694 0.462458
vt 0.742699 0.463786
vt 0.692308 0.452927
vt 0.692308 0.451174
vt 0.846154 0.451174
vt 0.846154 0.452927
vt 0.923077 0.451174
vt 0.923077 0.452927
vt 1.000000 0.451174
vt 1.000000 0.452927
vt 0.000000 0.452927
vt 0.000000 0.451174
vt 0.384615 0.451174
vt 0.384615 0.452927
vt 0.307692 0.452927
vt 0.307692 0.451174
vt 0.461538 0.451174
vt 0.461538 0.452927
vt 0.080411 0.464317
vt 0.080411 0.457076
vt 0.080411 0.464313
vt 0.304204 0.464315
vt 0.307692 0.460866
vt 0.080411 0.464315
vt 0.080411 0.457076
vt 0.080411 0.464315
vt 0.302365 0.466063
vt 0.302365 0.459179
vt 0.304204 0.464313
vt 0.096492 0.479186
vt 0.096492 0.475050
vt 0.096492 0.479155
vt 0.096492 0.479609
vt 0.096492 0.475471
vt 0.096492 0.479599
vt 0.288123 0.479602
vt 0.289812 0.473537
vt 0.289812 0.478000
vt 0.742725 0.469801
vt 0.769231 0.460866
vt 0.289812 0.522858
vt 0.302365 0.535259
vt 0.096492 0.521192
vt 0.096492 0.521076
vt 0.080411 0.537076
vt 0.080411 0.537076
vt 0.641890 0.469801
vt 0.615385 0.460866
vt 0.816137 0.460866
vt 0.569410 0.460866
vt 0.538462 0.460866
vt 0.094804 0.478000
vt 0.082250 0.466063
vt 0.288123 0.479609
vt 0.288123 0.479241
vt 0.288123 0.479241
vt 0.230769 0.479605
vt 0.153846 0.479605
vt 0.304204 0.464315
vt 0.304204 0.464317
vt 0.076923 0.460866
vt 0.692308 0.460866
vt 0.846154 0.460866
vt 0.923077 0.460866
vt 1.000000 0.460866
vt 0.000000 0.460866
vt 0.384615 0.460866
vt 0.461538 0.460866
vt 0.289812 0.533739
vt 0.302365 0.552045
vt 0.096492 0.531275
vt 0.096492 0.531184
vt 0.080411 0.554726
vt 0.080411 0.554726
vt 0.692308 0.548388
vt 0.641606 0.536118
vt 0.615385 0.548388
vt 0.568593 0.548388
vt 0.538462 0.548388
vt 0.461539 0.548388
vt 0.384615 0.548388
vt 0.076923 0.548388
vt 0.000000 0.548388
vt 1.000000 0.548388
vt 0.923077 0.548388
vt 0.846154 0.548388
vt 0.817356 0.548388
vt 0.304204 0.544123
vt 0.304204 0.544123
vt 0.082250 0.541961
vt 0.288123 0.525291
vt 0.230769 0.525217
vt 0.153846 0.525217
vt 0.288123 0.525291
vt 0.288123 0.525224
vt 0.094804 0.527202
vt 0.692308 0.439719
vt 0.641959 0.453779
vt 0.615385 0.439719
vt 0.569607 0.439719
vt 0.538462 0.439719
vt 0.461538 0.439719
vt 0.384615 0.439719
vt 0.076923 0.439719
vt 0.000000 0.439719
vt 1.000000 0.439719
vt 0.923077 0.439719
vt 0.846154 0.439719
vt 0.815842 0.439719
vt 0.304204 0.445032
vt 0.304204 0.445032
vt 0.082250 0.447726
vt 0.288123 0.468217
vt 0.230769 0.468585
vt 0.153846 0.468585
vt 0.288123 0.468217
vt 0.288123 0.468585
vt 0.094804 0.466112
vt 0.080411 0.455477
vt 0.080411 0.455477
vt 0.302365 0.457659
vt 0.096492 0.474143
vt 0.096492 0.474557
vt 0.289812 0.472552
vn 0.0701 -0.9934 -0.0903
vn 0.1201 -0.9844 -0.1286
vn 0.4199 -0.9013 -0.1069
vn 0.3534 -0.9307 -0.0946
vn 0.3907 0.5438 -0.7427
vn 0.1845 0.9744 -0.1283
vn 0.6417 0.5239 -0.5602
vn 0.1085 0.9815 -0.1576
vn 0.1369 0.9905 0.0109
vn 0.1987 0.9725 -0.1214
vn 0.4082 0.1284 -0.9038
vn 0.6258 0.3150 -0.7135
vn 0.1133 0.9819 -0.1518
vn 0.4255 0.8882 -0.1732
vn 0.9138 -0.3906 -0.1112
vn 0.9282 -0.3315 -0.1687
vn 0.4954 -0.8637 -0.0931
vn 0.7661 0.6111 -0.1989
vn 0.4193 0.9015 -0.1067
vn 0.9140 0.3899 -0.1121
vn 0.3052 0.9499 -0.0669
vn 0.8218 0.5382 -0.1870
vn 0.8136 0.5744 -0.0903
vn 0.3931 0.9105 -0.1284
vn 0.9628 -0.2621 -0.0653
vn 0.5115 -0.8590 -0.0224
vn 0.9284 0.3307 -0.1697
vn 0.8245 0.5440 -0.1556
vn 0.8525 0.5214 -0.0374
vn 0.9628 0.2621 -0.0653
vn 0.3473 0.9377 -0.0089
vn 0.7964 0.5921 -0.1231
vn 0.7619 0.6455 -0.0540
vn 0.4973 0.8672 -0.0250
vn 0.8028 0.5742 0.1608
vn 0.9311 0.2977 0.2109
vn 0.3374 0.9387 0.0714
vn 0.7490 0.6411 0.1673
vn 0.4662 0.8761 0.1228
vn 0.9311 -0.2977 0.2109
vn 0.4885 -0.8670 0.0979
vn 0.7518 0.3607 0.5520
vn 0.6443 0.3824 0.6622
vn 0.2551 0.9525 0.1661
vn 0.5075 0.7939 0.3349
vn 0.7518 -0.3607 0.5520
vn 0.3897 -0.8906 0.2345
vn -1.0000 0.0000 0.0000
vn -0.7071 -0.7071 -0.0000
vn -0.6490 -0.5954 0.4735
vn -0.8079 0.0000 0.5894
vn 0.1998 0.9521 0.2314
vn 0.3831 0.8102 0.4437
vn 0.3090 -0.4054 0.8604
vn 0.1570 -0.9199 0.3594
vn 0.3090 0.4054 0.8604
vn 0.0000 0.8716 0.4902
vn 0.0000 0.9718 0.2357
vn -0.3090 -0.4054 0.8604
vn -0.1570 -0.9199 0.3594
vn 0.0000 0.9945 0.1052
vn -0.7518 -0.3607 0.5520
vn -0.3897 -0.8906 0.2345
vn -0.3090 0.4054 0.8604
vn -0.3831 0.8102 0.4437
vn -0.5075 0.7939 0.3349
vn -0.7518 0.3607 0.5520
vn -0.1998 0.9521 0.2314
vn -0.1369 0.9905 0.0109
vn -0.2551 0.9525 0.1661
vn 0.0000 1.0000 -0.0000
vn -0.7071 0.7071 -0.0000
vn -0.6490 0.5954 0.4735
vn -0.1141 0.6739 0.7299
vn -0.9311 -0.2977 0.2109
vn -0.4885 -0.8670 0.0979
vn -0.8028 0.5742 0.1608
vn -0.9311 0.2977 0.2109
vn -0.3374 0.9387 0.0714
vn -0.6444 0.3824 0.6622
vn -0.7490 0.6410 0.1673
vn -0.4662 0.8761 0.1228
vn -0.3473 0.9377 -0.0089
vn -0.9628 0.2621 -0.0653
vn -0.7619 0.6454 -0.0540
vn -0.4973 0.8672 -0.0250
vn -0.9628 -0.2621 -0.0653
vn -0.5115 -0.8590 -0.0224
vn -0.8525 0.5214 -0.0374
vn -0.9285 0.3297 -0.1707
vn -0.7963 0.5922 -0.1231
vn -0.3052 0.9499 -0.0669
vn -0.3931 0.9105 -0.1284
vn -0.9283 -0.3310 -0.1693
vn -0.4955 -0.8636 -0.0933
vn -0.8248 0.5433 -0.1564
vn -0.9143 0.3889 -0.1132
vn -0.8132 0.5750 -0.0903
vn -0.1987 0.9725 -0.1214
vn -0.4258 0.8880 -0.1736
vn -0.9139 -0.3902 -0.1117
vn -0.3535 -0.9306 -0.0948
vn -0.4194 -0.9015 -0.1069
vn -0.1206 -0.9844 -0.1284
vn -0.0699 -0.9935 -0.0902
vn -0.6417 0.5239 -0.5602
vn -0.1845 0.9744 -0.1283
vn -0.3907 0.5438 -0.7427
vn -0.1085 0.9815 -0.1576
vn -0.0000 -1.0000 0.0000
vn -0.6259 0.3145 -0.7137
vn -0.4082 0.1280 -0.9039
vn -0.1134 0.9819 -0.1519
vn 1.0000 0.0000 0.0000
vn 0.7071 0.7071 0.0000
vn 0.6490 0.5954 0.4735
vn 0.8079 0.0000 0.5894
vn 0.8589 -0.1911 0.4752
vn 0.7851 -0.1449 0.6021
vn 0.6426 -0.3770 0.6670
vn 0.2117 -0.7946 0.5690
vn 0.2117 0.7946 0.5690
vn 0.7851 0.1449 0.6021
vn -0.2117 -0.7946 0.5690
vn -0.2117 0.7946 0.5690
vn -0.8607 0.1959 0.4698
vn -0.7851 0.1449 0.6021
vn -0.7851 -0.1449 0.6021
vn -0.1033 -0.7436 0.6606
vn 0.1033 -0.7436 0.6606
vn -0.1033 0.7436 0.6606
vn 0.4872 0.5628 0.6678
vn -0.4872 0.5628 0.6678
vn 0.1033 0.7436 0.6606
vn 0.1141 -0.6739 0.7299
vn -0.1141 -0.6739 0.7299
vn 0.7071 -0.7071 0.0000
vn 0.6490 -0.5954 0.4735
vn 0.1141 0.6739 0.7299
vn 0.8607 0.1960 0.4698
vn -0.8589 -0.1910 0.4752
vn 0.3053 0.0000 0.9523
vn 0.1545 -0.0000 0.9880
vn -0.1545 -0.0000 0.9880
vn -0.3053 0.0000 0.9523
vn -0.5894 0.0000 0.8079
vn -0.4872 -0.5628 0.6678
vn 0.4872 -0.5628 0.6678
vn 0.5894 0.0000 0.8079
vn 0.0272 0.3864 0.9219
vn -0.0271 0.3865 0.9219
vn -0.0271 -0.3865 0.9219
vn 0.0271 -0.3865 0.9219
vn -0.1232 0.9841 -0.1280
vn -0.4196 0.9014 -0.1067
vn 0.1234 0.9841 -0.1279
vn -0.7662 0.6111 -0.1989
vn 0.7640 -0.6131 -0.2010
vn -0.7639 -0.6132 -0.2011
vn -0.1570 -0.9802 -0.1207
vn 0.1572 -0.9802 -0.1206
vn -0.8217 0.5383 -0.1870
vn 0.1581 0.9800 -0.1205
vn -0.1582 0.9800 -0.1205
vn 0.6519 -0.5372 -0.5352
vn 0.1879 -0.9741 -0.1260
vn 0.4162 -0.5462 -0.7269
vn -0.1879 -0.9741 -0.1260
vn -0.6519 -0.5372 -0.5352
vn -0.4162 -0.5462 -0.7269
vn -0.6082 -0.3786 -0.6977
vn -0.8169 -0.5442 -0.1910
vn -0.4385 -0.7037 -0.5590
vn -0.4084 -0.9055 -0.1151
vn 0.6080 -0.3791 -0.6975
vn 0.8169 -0.5443 -0.1910
vn -0.8148 -0.5726 -0.0905
vn 0.8149 -0.5725 -0.0905
vn 0.7970 -0.5913 -0.1232
vn -0.7877 -0.2345 0.5696
vn -0.6427 -0.3769 0.6670
vn 0.7877 -0.2346 0.5697
vn 0.2803 -0.7595 0.5870
vn -0.4122 -0.2298 -0.8816
vn -0.7969 -0.5914 -0.1232
vn -0.7624 -0.6449 -0.0541
vn -0.7495 -0.6404 0.1675
vn 0.7495 -0.6405 0.1675
vn 0.7623 -0.6449 -0.0541
vn 0.4121 -0.2301 -0.8816
vn 0.4841 0.5972 -0.6395
vn 0.4085 0.9056 -0.1137
vn -0.3353 0.9413 -0.0386
vn -0.4082 0.9058 -0.1138
vn 0.3362 0.9410 -0.0387
vn 0.2735 0.9609 -0.0430
vn 0.7892 0.2399 0.5653
vn -0.7893 0.2398 0.5653
vn -0.2827 0.7645 0.5794
vn -0.4844 0.5967 -0.6397
vn -0.3955 0.2108 -0.8939
vn -0.2732 0.9610 -0.0430
vn -0.2325 0.9724 -0.0184
vn -0.2417 0.9686 0.0589
vn 0.2416 0.9686 0.0589
vn 0.2826 0.7645 0.5794
vn 0.2324 0.9724 -0.0184
vn 0.3955 0.2116 -0.8937
vn 0.3685 -0.0349 -0.9290
vn 0.3451 0.1236 -0.9304
vn 0.6739 0.3892 -0.6280
vn 0.7239 -0.0266 -0.6894
vn 0.9741 -0.0067 -0.2259
vn 0.8264 0.5267 -0.1993
vn 0.8112 0.5755 -0.1035
vn 0.9919 -0.0000 -0.1268
vn 0.9842 -0.0000 -0.1773
vn 0.7786 0.6117 -0.1400
vn 0.8036 0.5919 -0.0629
vn 0.9970 0.0000 -0.0780
vn 0.7883 0.5843 0.1927
vn 0.9710 0.0000 0.2391
vn 0.5491 0.4874 0.6789
vn 0.6044 0.0000 0.7967
vn -0.6044 0.0000 0.7967
vn -0.5492 0.4873 0.6789
vn -0.7883 0.5843 0.1927
vn -0.9710 0.0000 0.2391
vn -0.8036 0.5918 -0.0629
vn -0.9970 0.0000 -0.0780
vn -0.7785 0.6118 -0.1400
vn -0.9842 0.0000 -0.1773
vn -0.8111 0.5758 -0.1034
vn -0.9919 0.0000 -0.1268
vn -0.7239 -0.0266 -0.6894
vn -0.6740 0.3889 -0.6281
vn -0.3452 0.1229 -0.9304
vn -0.3685 -0.0349 -0.9290
vn -0.7538 0.0000 0.6571
vn -0.7537 0.0629 0.6542
vn 0.7538 0.0000 0.6571
vn 0.7537 0.0630 0.6542
vn -0.8263 0.5269 -0.1993
vn -0.9741 -0.0067 -0.2259
vn 0.7602 0.1613 0.6294
vn 0.2412 0.7149 0.6563
vn -0.7602 0.1613 0.6293
vn -0.4405 0.6465 -0.6229
vn -0.4080 0.9054 -0.1172
vn 0.4321 -0.6991 -0.5696
vn 0.6762 -0.4103 -0.6119
vn 0.8228 -0.5314 -0.2017
vn 0.4084 -0.9051 -0.1182
vn -0.3383 -0.9401 -0.0416
vn -0.8112 -0.5755 -0.1035
vn -0.8228 -0.5314 -0.2017
vn -0.4083 -0.9052 -0.1182
vn 0.3388 -0.9399 -0.0417
vn 0.8115 -0.5751 -0.1035
vn 0.7792 -0.6109 -0.1402
vn 0.2753 -0.9602 -0.0462
vn 0.7593 -0.1580 0.6312
vn 0.7535 -0.0622 0.6545
vn -0.7594 -0.1580 0.6312
vn -0.7535 -0.0622 0.6545
vn -0.5494 -0.4866 0.6792
vn -0.2417 -0.7133 0.6579
vn -0.4326 -0.6985 -0.5700
vn -0.6763 -0.4100 -0.6120
vn -0.3694 -0.2143 -0.9042
vn -0.3501 -0.4009 -0.8466
vn -0.2752 -0.9603 -0.0462
vn -0.7792 -0.6109 -0.1402
vn -0.2338 -0.9721 -0.0198
vn -0.8039 -0.5914 -0.0630
vn -0.2430 -0.9680 0.0633
vn -0.7887 -0.5838 0.1929
vn 0.2428 -0.9680 0.0633
vn 0.7886 -0.5838 0.1928
vn 0.5494 -0.4867 0.6792
vn 0.2415 -0.7133 0.6579
vn 0.2337 -0.9721 -0.0198
vn 0.8039 -0.5914 -0.0629
vn 0.3499 -0.4019 -0.8462
vn 0.3693 -0.2151 -0.9041
vn -0.7258 -0.0265 -0.6874
vn -0.9736 -0.0068 -0.2282
vn 0.7258 -0.0265 -0.6874
vn 0.9736 -0.0068 -0.2282
vn -0.3773 -0.0348 -0.9255
vn 0.3773 -0.0348 -0.9255
vn 0.3444 0.2150 -0.9139
vn 0.4401 0.6471 -0.6226
vn 0.4083 0.9053 -0.1171
vn 0.3361 0.9409 -0.0412
vn 0.2734 0.9608 -0.0458
vn 0.2324 0.9724 -0.0197
vn 0.2415 0.9684 0.0628
vn -0.2414 0.7149 0.6563
vn -0.2416 0.9683 0.0628
vn -0.2325 0.9724 -0.0197
vn -0.2731 0.9609 -0.0458
vn -0.3352 0.9412 -0.0411
vn -0.3445 0.2145 -0.9140
vn 0.3633 -0.4159 -0.8337
vn 0.4380 -0.7043 -0.5587
vn 0.4085 -0.9055 -0.1151
vn 0.3388 -0.9401 -0.0391
vn 0.2753 -0.9604 -0.0434
vn 0.2337 -0.9721 -0.0186
vn 0.2429 -0.9682 0.0594
vn -0.2805 -0.7595 0.5870
vn -0.2430 -0.9682 0.0594
vn -0.2338 -0.9721 -0.0186
vn -0.2752 -0.9604 -0.0434
vn -0.3383 -0.9402 -0.0390
vn -0.3636 -0.4148 -0.8341
usemtl None
s 1
f 545/101/39 227/102/40 228/103/41 534/104/42
f 74/105/43 235/106/44 79/107/45
f 133/108/46 76/109/47 77/110/48
f 281/111/49 74/105/43 79/107/45 309/112/50
f 73/113/51 133/108/46 77/110/48 78/114/52
f 534/104/42 220/115/53 85/116/54 533/117/55
f 231/118/56 223/119/57 219/120/58
f 77/110/48 76/121/47 82/122/59
f 282/123/60 231/118/56 219/120/58 308/124/61
f 78/114/52 77/110/48 82/122/59 83/125/62
f 533/117/55 85/116/54 90/126/63 535/127/64
f 84/128/65 83/125/66 88/129/67 89/130/68
f 82/122/59 76/131/47 87/132/69
f 283/133/70 84/128/65 89/130/68 284/134/71
f 83/125/62 82/122/59 87/132/69 88/129/72
f 89/130/68 88/129/67 93/135/73 94/136/74
f 87/132/69 76/137/47 92/138/75
f 284/134/71 89/130/68 94/136/74 285/139/76
f 88/129/72 87/132/69 92/138/75 93/135/77
f 535/127/64 90/126/63 95/140/78 536/141/79
f 285/139/76 94/136/74 139/142/80 286/143/81
f 93/135/77 92/138/75 97/144/82 98/145/83
f 536/141/79 95/140/78 140/146/84 537/147/85
f 94/136/74 93/135/73 98/145/83 139/142/80
f 92/138/75 76/148/47 97/144/82
f 255/149/86 165/150/87 178/151/88 251/152/89
f 98/145/83 97/144/82 102/153/90 103/154/91
f 537/147/85 140/146/84 136/155/92 538/156/93
f 139/142/80 98/145/83 103/154/91 142/157/94
f 97/144/82 76/158/47 102/153/90
f 103/154/95 102/153/96 105/159/96 106/160/95
f 538/156/93 136/155/92 138/161/97 539/162/98
f 102/153/96 76/163/99 105/159/96
f 539/162/98 138/161/97 146/164/100 540/165/101
f 144/166/102 106/160/103 109/167/104 145/168/105
f 105/159/106 76/169/107 108/170/108
f 168/171/109 164/172/110 177/173/111 149/174/112
f 106/160/103 105/159/106 108/170/108 109/167/104
f 540/165/101 146/164/100 116/175/113 541/176/114
f 145/168/105 109/167/104 114/177/115 115/178/116
f 108/170/108 76/179/107 113/180/117
f 287/181/118 145/168/105 115/178/116 288/182/119
f 109/167/104 108/170/108 113/180/117 114/177/120
f 113/183/117 76/184/107 118/185/121
f 288/186/119 115/187/116 120/188/122 289/189/123
f 114/190/120 113/183/117 118/185/121 119/191/124
f 541/192/114 116/193/113 121/194/125 542/195/126
f 115/187/116 114/190/115 119/191/127 120/188/122
f 289/189/123 120/188/122 125/196/128 290/197/129
f 119/191/124 118/185/121 123/198/130 124/199/131
f 542/195/126 121/194/125 126/200/132 543/201/133
f 120/188/122 119/191/127 124/199/134 125/196/128
f 118/185/121 76/202/107 123/198/130
f 290/197/129 125/196/128 224/203/135 280/204/136
f 124/199/131 123/198/130 128/205/137 129/206/138
f 543/201/133 126/200/132 226/207/139 544/208/140
f 125/196/128 124/199/134 129/206/138 224/203/135
f 123/198/130 76/209/107 128/205/137
f 544/208/140 225/210/141 227/102/142 545/101/143
f 130/211/144 235/106/145 74/105/146
f 128/205/137 76/212/107 133/108/147
f 81/213/148 86/214/148 91/215/148 96/216/148 101/217/148 104/218/148 107/219/148 112/220/148 117/221/148 122/222/148 127/223/148 132/224/148 134/225/148
f 310/226/149 130/211/144 74/105/146 281/111/150
f 129/206/138 128/205/137 133/108/147 73/113/151
f 297/227/152 163/228/153 171/229/154 294/230/155
f 248/231/156 100/232/157 140/146/84 242/233/158
f 100/232/157 141/234/159 136/155/92 140/146/84
f 135/235/160 99/236/161 139/142/80 142/157/94
f 141/234/159 143/237/162 138/161/97 136/155/92
f 137/238/163 135/235/160 142/157/94 144/166/102
f 293/239/164 110/240/165 145/168/105 287/181/118
f 143/237/162 111/241/166 146/164/100 138/161/97
f 110/240/165 137/238/163 144/166/102 145/168/105
f 192/242/148 191/243/148 181/244/167 179/245/168
f 190/246/153 189/247/109 182/248/169 186/249/170
f 187/250/109 188/251/110 184/252/171 180/253/172
f 169/254/148 166/255/148 148/256/173 150/257/174
f 166/255/148 167/258/175 172/259/176 148/256/173
f 165/150/87 169/254/148 150/257/174 178/151/88
f 170/260/109 168/171/109 149/174/112 147/261/177
f 163/228/153 170/260/109 147/261/177 171/229/154
f 99/236/161 135/235/160 162/262/109 156/263/153
f 135/235/160 137/238/163 158/264/109 162/262/109
f 111/241/166 143/237/162 161/265/148 159/266/87
f 141/234/159 100/232/157 155/267/175 160/268/148
f 143/237/162 141/234/159 160/268/148 161/265/148
f 292/269/178 99/236/161 156/263/153 296/270/152
f 137/238/163 110/240/165 157/271/110 158/264/109
f 249/272/179 111/241/166 159/266/87 253/273/86
f 156/263/153 162/262/109 170/260/109 163/228/153
f 162/262/109 158/264/109 168/171/109 170/260/109
f 159/266/87 161/265/148 169/254/148 165/150/87
f 160/268/148 155/267/175 167/258/175 166/255/148
f 161/265/148 160/268/148 166/255/148 169/254/148
f 296/270/152 156/263/153 163/228/153 297/227/152
f 158/264/109 157/271/110 164/172/110 168/171/109
f 253/273/86 159/266/87 165/150/87 255/149/86
f 269/274/180 211/275/180 172/259/176 250/276/155
f 211/275/180 212/277/181 148/256/173 172/259/176
f 103/154/95 106/160/95 144/166/102 142/157/94
f 212/277/181 213/278/182 150/257/174 148/256/173
f 217/279/182 216/280/181 147/261/177 149/174/112
f 307/281/183 214/282/183 177/173/111 295/283/89
f 213/278/182 218/284/183 178/151/88 150/257/174
f 214/282/183 217/279/182 149/174/112 177/173/111
f 302/285/184 183/286/185 179/245/168 300/287/181
f 301/288/182 181/244/167 185/289/186 303/290/187
f 300/287/181 179/245/168 181/244/167 301/288/182
f 193/291/87 192/242/148 179/245/168 183/286/185
f 304/292/86 193/291/87 183/286/185 302/285/184
f 191/243/148 194/293/175 185/289/186 181/244/167
f 262/294/152 190/246/153 186/249/170 261/295/187
f 189/247/109 187/250/109 180/253/172 182/248/169
f 200/296/109 195/297/109 187/250/109 189/247/109
f 265/298/152 196/299/153 190/246/153 262/294/152
f 201/300/148 202/301/175 194/293/175 191/243/148
f 305/302/86 198/303/87 193/291/87 304/292/86
f 198/303/87 197/304/148 192/242/148 193/291/87
f 195/297/109 199/305/110 188/251/110 187/250/109
f 196/299/153 200/296/109 189/247/109 190/246/153
f 197/304/148 201/300/148 191/243/148 192/242/148
f 174/306/173 176/307/174 201/300/148 197/304/148
f 154/308/188 175/309/112 200/296/109 196/299/153
f 173/310/177 152/311/189 199/305/110 195/297/109
f 151/312/190 174/306/173 197/304/148 198/303/87
f 298/313/184 151/312/190 198/303/87 305/302/86
f 176/307/174 153/314/191 202/301/175 201/300/148
f 257/315/187 154/308/188 196/299/153 265/298/152
f 175/309/112 173/310/177 195/297/109 200/296/109
f 153/314/191 176/307/174 208/316/182 210/317/183
f 175/309/112 154/308/188 209/318/183 207/319/182
f 299/320/187 153/314/191 210/317/183 306/321/183
f 176/307/174 174/306/173 206/322/181 208/316/182
f 173/310/177 175/309/112 207/319/182 205/323/181
f 174/306/173 151/312/190 203/324/180 206/322/181
f 152/311/189 173/310/177 205/323/181 204/325/180
f 256/326/184 152/311/189 204/325/180 267/327/180
f 210/317/183 208/316/182 217/279/182 214/282/183
f 207/319/182 209/318/183 218/284/183 213/278/182
f 306/321/183 210/317/183 214/282/183 307/281/183
f 208/316/182 206/322/181 216/280/181 217/279/182
f 205/323/181 207/319/182 213/278/182 212/277/181
f 206/322/181 203/324/180 215/328/180 216/280/181
f 204/325/180 205/323/181 212/277/181 211/275/180
f 267/327/180 204/325/180 211/275/180 269/274/180
f 308/124/61 219/120/58 84/128/65 283/133/70
f 219/120/58 78/114/52 83/125/66 84/128/65
f 221/329/192 222/330/193 129/206/138 73/113/151
f 223/119/57 221/329/194 73/113/51 78/114/52
f 219/120/58 223/119/57 78/114/52
f 224/203/135 222/330/193 233/331/195
f 222/330/193 224/203/135 129/206/138
f 220/115/53 534/104/42 228/103/41
f 228/103/41 232/332/196 220/115/53
f 227/102/142 225/210/141 234/333/197 236/334/198
f 225/210/141 226/207/139 234/333/197
f 228/103/41 227/102/40 236/334/199 232/332/196
f 280/204/136 224/203/135 233/331/195 291/335/200
f 544/208/140 226/207/139 225/210/141
f 231/118/56 229/336/201 221/329/194 223/119/57
f 229/336/202 233/331/195 222/330/193 221/329/192
f 80/337/203 230/338/204 75/339/205
f 230/338/206 131/340/207 75/339/208
f 309/112/50 79/107/45 231/118/56 282/123/60
f 273/341/209 131/340/207 234/333/197 247/342/210
f 79/107/45 235/106/44 229/336/201 231/118/56
f 235/106/145 130/211/144 233/331/195 229/336/202
f 230/338/204 80/337/203 232/332/196 236/334/199
f 131/340/207 230/338/206 236/334/198 234/333/197
f 612/343/211 273/341/209 247/342/210 593/344/212
f 80/337/203 272/345/213 238/346/214 232/332/196
f 226/207/139 271/347/215 247/342/210 234/333/197
f 220/115/53 270/348/216 239/349/217 85/116/54
f 617/350/180 267/327/180 269/274/180 618/351/180
f 209/318/183 266/352/183 268/353/183 218/284/183
f 600/354/184 256/326/184 267/327/180 617/350/180
f 154/308/188 257/315/187 266/352/183 209/318/183
f 601/355/187 257/315/187 265/298/152 616/356/152
f 152/311/189 256/326/184 264/357/86 199/305/110
f 199/305/110 264/357/86 263/358/86 188/251/110
f 616/356/152 265/298/152 262/294/152 615/359/152
f 615/359/152 262/294/152 261/295/187 605/360/187
f 188/251/110 263/358/86 260/361/184 184/252/171
f 180/253/172 258/362/181 259/363/182 182/248/169
f 182/248/169 259/363/182 261/295/187 186/249/170
f 184/252/171 260/361/184 258/362/181 180/253/172
f 218/284/183 268/353/183 251/152/89 178/151/88
f 618/351/180 269/274/180 250/276/155 596/364/155
f 613/365/86 253/273/86 255/149/86 614/366/86
f 155/267/175 252/367/152 254/368/152 167/258/175
f 595/369/218 249/272/179 253/273/86 613/365/86
f 100/232/157 248/231/156 252/367/152 155/267/175
f 111/241/166 249/272/179 243/370/219 146/164/100
f 594/371/220 248/231/156 242/233/158 588/372/221
f 167/258/175 254/368/152 250/276/155 172/259/176
f 131/340/207 273/341/209 237/373/222 75/339/208
f 126/200/132 246/374/223 271/347/215 226/207/139
f 121/194/125 245/375/224 246/374/223 126/200/132
f 116/193/113 244/376/225 245/375/224 121/194/125
f 146/164/100 243/370/219 244/377/225 116/175/113
f 614/366/86 255/149/86 251/152/89 597/378/89
f 95/140/78 241/379/226 242/233/158 140/146/84
f 90/126/63 240/380/227 241/379/226 95/140/78
f 85/116/54 239/349/217 240/380/227 90/126/63
f 232/332/196 238/346/214 270/348/216 220/115/53
f 75/339/205 237/373/228 272/345/213 80/337/203
f 164/172/110 275/381/86 295/283/89 177/173/111
f 99/236/161 292/269/178 286/143/81 139/142/80
f 110/240/165 293/239/164 274/382/86 157/271/110
f 157/271/110 274/382/86 275/381/86 164/172/110
f 194/293/175 276/383/152 303/290/187 185/289/186
f 202/301/175 277/384/152 276/383/152 194/293/175
f 153/314/191 299/320/187 277/384/152 202/301/175
f 151/312/190 298/313/184 278/385/180 203/324/180
f 203/324/180 278/385/180 279/386/180 215/328/180
f 130/211/144 310/226/149 291/335/200 233/331/195
f 531/387/229 309/112/50 282/123/60 504/388/230
f 502/389/231 280/204/136 291/335/200 513/390/232
f 530/391/233 308/124/61 283/133/70 505/392/234
f 528/393/183 306/321/183 307/281/183 529/394/183
f 521/395/187 299/320/187 306/321/183 528/393/183
f 520/396/184 298/313/184 305/302/86 527/397/86
f 527/397/86 305/302/86 304/292/86 526/398/86
f 526/398/86 304/292/86 302/285/184 524/399/184
f 522/400/181 300/287/181 301/288/182 523/401/182
f 523/401/182 301/288/182 303/290/187 525/402/187
f 524/399/184 302/285/184 300/287/181 522/400/181
f 529/394/183 307/281/183 295/283/89 517/403/89
f 518/404/152 296/270/152 297/227/152 519/405/152
f 514/406/235 292/269/178 296/270/152 518/404/152
f 515/407/236 293/239/164 287/181/118 509/408/237
f 519/405/152 297/227/152 294/230/155 516/409/155
f 532/410/238 310/226/149 281/111/150 503/411/239
f 512/412/240 290/197/129 280/204/136 502/389/231
f 511/413/241 289/189/123 290/197/129 512/412/240
f 510/414/242 288/186/119 289/189/123 511/413/241
f 509/408/237 287/181/118 288/182/119 510/415/242
f 507/416/243 285/139/76 286/143/81 508/417/244
f 506/418/245 284/134/71 285/139/76 507/416/243
f 505/392/234 283/133/70 284/134/71 506/418/245
f 504/388/230 282/123/60 308/124/61 530/391/233
f 503/411/246 281/111/49 309/112/50 531/387/229
f 392/419/247 311/420/248 339/421/249 420/422/250
f 393/423/251 312/424/252 338/425/253 419/426/254
f 394/427/255 313/428/256 314/429/257 395/430/258
f 395/430/258 314/429/257 315/431/259 396/432/260
f 396/432/260 315/431/259 316/433/261 397/434/262
f 398/435/263 317/436/264 318/437/265 399/438/266
f 399/439/266 318/440/265 319/441/267 400/442/268
f 400/442/268 319/441/267 320/443/269 401/444/270
f 401/444/270 320/443/269 347/445/271 391/446/272
f 421/447/273 340/448/274 311/420/275 392/419/276
f 408/449/152 327/450/152 324/451/155 405/452/155
f 404/453/277 323/454/278 317/436/264 398/435/263
f 403/455/279 322/456/280 326/457/152 407/458/152
f 407/458/152 326/457/152 327/450/152 408/449/152
f 418/459/183 337/460/183 325/461/89 406/462/89
f 413/463/184 332/464/184 330/465/181 411/466/181
f 412/467/182 331/468/182 333/469/187 414/470/187
f 411/466/181 330/465/181 331/468/182 412/467/182
f 415/471/86 334/472/86 332/464/184 413/463/184
f 416/473/86 335/474/86 334/472/86 415/471/86
f 409/475/184 328/476/184 335/474/86 416/473/86
f 410/477/187 329/478/187 336/479/183 417/480/183
f 417/480/183 336/479/183 337/460/183 418/459/183
f 419/426/254 338/425/253 313/428/256 394/427/255
f 391/446/272 347/445/271 321/481/281 402/482/282
f 420/422/250 339/421/249 312/424/252 393/423/251
f 460/483/86 342/484/86 325/461/89 480/485/89
f 477/486/283 322/456/280 316/433/261 471/487/284
f 478/488/285 323/454/278 341/489/86 459/490/86
f 459/490/86 341/489/86 342/484/86 460/483/86
f 464/491/180 346/492/180 324/451/155 479/493/155
f 461/494/152 343/495/152 333/469/187 488/496/187
f 462/497/152 344/498/152 343/495/152 461/494/152
f 484/499/187 329/478/187 344/498/152 462/497/152
f 483/500/184 328/476/184 345/501/180 463/502/180
f 463/502/180 345/501/180 346/492/180 464/491/180
f 495/503/286 340/448/274 321/481/281 476/504/287
f 574/505/288 376/506/289 349/507/290 547/508/291
f 582/509/292 384/510/293 358/511/294 556/512/295
f 573/513/296 375/514/297 350/515/298 548/516/299
f 571/517/183 373/518/183 374/519/183 572/520/183
f 564/521/187 366/522/187 373/518/183 571/517/183
f 563/523/184 365/524/184 372/525/86 570/526/86
f 570/526/86 372/525/86 371/527/86 569/528/86
f 569/528/86 371/527/86 369/529/184 567/530/184
f 565/531/181 367/532/181 368/533/182 566/534/182
f 566/534/182 368/533/182 370/535/187 568/536/187
f 567/530/184 369/529/184 367/532/181 565/531/181
f 572/520/183 374/519/183 362/537/89 560/538/89
f 561/539/152 363/540/152 364/541/152 562/542/152
f 557/543/300 359/544/301 363/540/152 561/539/152
f 558/545/302 360/546/303 354/547/304 552/548/305
f 562/542/152 364/541/152 361/549/155 559/550/155
f 575/551/306 377/552/307 348/553/308 546/554/309
f 555/555/310 357/556/311 384/510/293 582/509/292
f 554/557/312 356/558/313 357/556/311 555/555/310
f 553/559/314 355/560/315 356/558/313 554/557/312
f 552/548/305 354/547/304 355/561/315 553/562/314
f 550/563/316 352/564/317 353/565/318 551/566/319
f 549/567/320 351/568/321 352/564/317 550/563/316
f 548/516/299 350/515/298 351/568/321 549/567/320
f 547/508/291 349/507/290 375/514/297 573/513/296
f 546/554/322 348/553/323 376/506/289 574/505/288
f 453/569/86 379/570/86 362/537/89 436/571/89
f 433/572/279 359/544/301 353/565/318 427/573/262
f 434/574/277 360/546/303 378/575/86 452/576/86
f 452/576/86 378/575/86 379/570/86 453/569/86
f 457/577/180 383/578/180 361/549/155 435/579/155
f 454/580/152 380/581/152 370/535/187 444/582/187
f 455/583/152 381/584/152 380/581/152 454/580/152
f 440/585/187 366/522/187 381/584/152 455/583/152
f 439/586/184 365/524/184 382/587/180 456/588/180
f 456/588/180 382/587/180 383/578/180 457/577/180
f 451/589/324 377/552/307 358/511/294 432/590/325
f 340/448/274 421/447/273 402/482/282 321/481/281
f 345/501/180 389/591/180 390/592/180 346/492/180
f 328/476/184 409/475/184 389/591/180 345/501/180
f 329/478/187 410/477/187 388/593/152 344/498/152
f 344/498/152 388/593/152 387/594/152 343/495/152
f 343/495/152 387/594/152 414/470/187 333/469/187
f 346/492/180 390/592/180 405/452/155 324/451/155
f 341/489/86 385/595/86 386/596/86 342/484/86
f 323/454/278 404/453/277 385/595/86 341/489/86
f 322/456/280 403/455/279 397/434/262 316/433/261
f 342/484/86 386/596/86 406/462/89 325/461/89
f 450/597/326 420/422/250 393/423/251 423/598/327
f 458/599/272 391/446/272 402/482/282 432/590/325
f 449/600/254 419/426/254 394/427/255 424/601/255
f 447/602/183 417/480/183 418/459/183 448/603/183
f 440/585/187 410/477/187 417/480/183 447/602/183
f 439/586/184 409/475/184 416/473/86 446/604/86
f 446/604/86 416/473/86 415/471/86 445/605/86
f 445/605/86 415/471/86 413/463/184 443/606/184
f 441/607/181 411/466/181 412/467/182 442/608/182
f 442/608/182 412/467/182 414/470/187 444/582/187
f 443/606/184 413/463/184 411/466/181 441/607/181
f 448/603/183 418/459/183 406/462/89 436/571/89
f 437/609/152 407/458/152 408/449/152 438/610/152
f 433/572/279 403/455/279 407/458/152 437/609/152
f 434/574/277 404/453/277 398/435/263 428/611/263
f 438/610/152 408/449/152 405/452/155 435/579/155
f 451/589/324 421/447/273 392/419/276 422/612/328
f 431/613/270 401/444/270 391/446/272 458/599/272
f 430/614/268 400/442/268 401/444/270 431/613/270
f 429/615/266 399/439/266 400/442/268 430/614/268
f 428/611/263 398/435/263 399/438/266 429/616/266
f 426/617/260 396/432/260 397/434/262 427/573/262
f 425/618/258 395/430/258 396/432/260 426/617/260
f 424/601/255 394/427/255 395/430/258 425/618/258
f 423/598/327 393/423/251 419/426/254 449/600/254
f 422/612/329 392/419/247 420/422/250 450/597/326
f 348/553/323 422/612/329 450/597/326 376/506/289
f 349/507/290 423/598/327 449/600/254 375/514/297
f 350/515/298 424/601/255 425/618/258 351/568/321
f 351/568/321 425/618/258 426/617/260 352/564/317
f 352/564/317 426/617/260 427/573/262 353/565/318
f 354/547/304 428/611/263 429/616/266 355/561/315
f 355/560/315 429/615/266 430/614/268 356/558/313
f 356/558/313 430/614/268 431/613/270 357/556/311
f 357/556/311 431/613/270 458/599/272 384/510/293
f 377/552/307 451/589/324 422/612/328 348/553/308
f 364/541/152 438/610/152 435/579/155 361/549/155
f 360/546/303 434/574/277 428/611/263 354/547/304
f 359/544/301 433/572/279 437/609/152 363/540/152
f 363/540/152 437/609/152 438/610/152 364/541/152
f 374/519/183 448/603/183 436/571/89 362/537/89
f 369/529/184 443/606/184 441/607/181 367/532/181
f 368/533/182 442/608/182 444/582/187 370/535/187
f 367/532/181 441/607/181 442/608/182 368/533/182
f 371/527/86 445/605/86 443/606/184 369/529/184
f 372/525/86 446/604/86 445/605/86 371/527/86
f 365/524/184 439/586/184 446/604/86 372/525/86
f 366/522/187 440/585/187 447/602/183 373/518/183
f 373/518/183 447/602/183 448/603/183 374/519/183
f 375/514/297 449/600/254 424/601/255 350/515/298
f 384/510/293 458/599/272 432/590/325 358/511/294
f 376/506/289 450/597/326 423/598/327 349/507/290
f 421/447/273 451/589/324 432/590/325 402/482/282
f 389/591/180 456/588/180 457/577/180 390/592/180
f 409/475/184 439/586/184 456/588/180 389/591/180
f 410/477/187 440/585/187 455/583/152 388/593/152
f 388/593/152 455/583/152 454/580/152 387/594/152
f 387/594/152 454/580/152 444/582/187 414/470/187
f 390/592/180 457/577/180 435/579/155 405/452/155
f 385/595/86 452/576/86 453/569/86 386/596/86
f 404/453/277 434/574/277 452/576/86 385/595/86
f 403/455/279 433/572/279 427/573/262 397/434/262
f 386/596/86 453/569/86 436/571/89 406/462/89
f 532/410/238 495/503/286 476/504/287 513/390/232
f 500/619/180 463/502/180 464/491/180 501/620/180
f 520/396/184 483/500/184 463/502/180 500/619/180
f 521/395/187 484/499/187 462/497/152 499/621/152
f 499/621/152 462/497/152 461/494/152 498/622/152
f 498/622/152 461/494/152 488/496/187 525/402/187
f 501/620/180 464/491/180 479/493/155 516/409/155
f 496/623/86 459/490/86 460/483/86 497/624/86
f 515/407/236 478/488/285 459/490/86 496/623/86
f 514/406/235 477/486/283 471/487/284 508/417/244
f 497/624/86 460/483/86 480/485/89 517/403/89
f 311/420/248 466/625/330 494/626/331 339/421/249
f 312/424/252 467/627/332 493/628/333 338/425/253
f 313/428/256 468/629/334 469/630/335 314/429/257
f 314/429/257 469/630/335 470/631/336 315/431/259
f 315/431/259 470/631/336 471/487/284 316/433/261
f 317/436/264 472/632/337 473/633/338 318/437/265
f 318/440/265 473/634/338 474/635/339 319/441/267
f 319/441/267 474/635/339 475/636/340 320/443/269
f 320/443/269 475/636/340 465/637/341 347/445/271
f 340/448/274 495/503/286 466/625/342 311/420/275
f 327/450/152 482/638/152 479/493/155 324/451/155
f 323/454/278 478/488/285 472/632/337 317/436/264
f 322/456/280 477/486/283 481/639/152 326/457/152
f 326/457/152 481/639/152 482/638/152 327/450/152
f 337/460/183 492/640/183 480/485/89 325/461/89
f 332/464/184 487/641/184 485/642/181 330/465/181
f 331/468/182 486/643/182 488/496/187 333/469/187
f 330/465/181 485/642/181 486/643/182 331/468/182
f 334/472/86 489/644/86 487/641/184 332/464/184
f 335/474/86 490/645/86 489/644/86 334/472/86
f 328/476/184 483/500/184 490/645/86 335/474/86
f 329/478/187 484/499/187 491/646/183 336/479/183
f 336/479/183 491/646/183 492/640/183 337/460/183
f 338/425/253 493/628/333 468/629/334 313/428/256
f 347/445/271 465/637/341 476/504/287 321/481/281
f 339/421/249 494/626/331 467/627/332 312/424/252
f 275/381/86 497/624/86 517/403/89 295/283/89
f 292/269/178 514/406/235 508/417/244 286/143/81
f 293/239/164 515/407/236 496/623/86 274/382/86
f 274/382/86 496/623/86 497/624/86 275/381/86
f 279/386/180 501/620/180 516/409/155 294/230/155
f 276/383/152 498/622/152 525/402/187 303/290/187
f 277/384/152 499/621/152 498/622/152 276/383/152
f 299/320/187 521/395/187 499/621/152 277/384/152
f 298/313/184 520/396/184 500/619/180 278/385/180
f 278/385/180 500/619/180 501/620/180 279/386/180
f 310/226/149 532/410/238 513/390/232 291/335/200
f 466/625/330 503/411/246 531/387/229 494/626/331
f 467/627/332 504/388/230 530/391/233 493/628/333
f 468/629/334 505/392/234 506/418/245 469/630/335
f 469/630/335 506/418/245 507/416/243 470/631/336
f 470/631/336 507/416/243 508/417/244 471/487/284
f 472/632/337 509/408/237 510/415/242 473/633/338
f 473/634/338 510/414/242 511/413/241 474/635/339
f 474/635/339 511/413/241 512/412/240 475/636/340
f 475/636/340 512/412/240 502/389/231 465/637/341
f 495/503/286 532/410/238 503/411/239 466/625/342
f 482/638/152 519/405/152 516/409/155 479/493/155
f 478/488/285 515/407/236 509/408/237 472/632/337
f 477/486/283 514/406/235 518/404/152 481/639/152
f 481/639/152 518/404/152 519/405/152 482/638/152
f 492/640/183 529/394/183 517/403/89 480/485/89
f 487/641/184 524/399/184 522/400/181 485/642/181
f 486/643/182 523/401/182 525/402/187 488/496/187
f 485/642/181 522/400/181 523/401/182 486/643/182
f 489/644/86 526/398/86 524/399/184 487/641/184
f 490/645/86 527/397/86 526/398/86 489/644/86
f 483/500/184 520/396/184 527/397/86 490/645/86
f 484/499/187 521/395/187 528/393/183 491/646/183
f 491/646/183 528/393/183 529/394/183 492/640/183
f 493/628/333 530/391/233 505/392/234 468/629/334
f 465/637/341 502/389/231 513/390/232 476/504/287
f 494/626/331 531/387/229 504/388/230 467/627/332
f 86/214/148 81/213/148 534/104/42 533/117/55
f 91/215/148 86/214/148 533/117/55 535/127/64
f 96/216/148 91/215/148 535/127/64 536/141/79
f 101/217/148 96/216/148 536/141/79 537/147/85
f 104/218/148 101/217/148 537/147/85 538/156/93
f 107/219/148 104/218/148 538/156/93 539/162/98
f 112/220/148 107/219/148 539/162/98 540/165/101
f 117/221/148 112/220/148 540/165/101 541/192/114
f 122/222/148 117/221/148 541/192/114 542/195/126
f 127/223/148 122/222/148 542/195/126 543/201/133
f 132/224/148 127/223/148 543/201/133 544/208/140
f 134/225/148 132/224/148 544/208/140 545/101/143
f 81/213/148 134/225/148 545/101/39 534/104/42
f 583/647/343 546/554/322 574/505/288 611/648/344
f 584/649/345 547/508/291 573/513/296 610/650/346
f 585/651/347 548/516/299 549/567/320 586/652/348
f 586/652/348 549/567/320 550/563/316 587/653/349
f 587/653/349 550/563/316 551/566/319 588/372/221
f 589/654/350 552/548/305 553/562/314 590/655/351
f 590/656/351 553/559/314 554/557/312 591/657/352
f 591/657/352 554/557/312 555/555/310 592/658/353
f 592/658/353 555/555/310 582/509/292 619/659/354
f 612/343/211 575/551/306 546/554/309 583/647/355
f 599/660/152 562/542/152 559/550/155 596/364/155
f 595/369/218 558/545/302 552/548/305 589/654/350
f 594/371/220 557/543/300 561/539/152 598/661/152
f 598/661/152 561/539/152 562/542/152 599/660/152
f 609/662/183 572/520/183 560/538/89 597/378/89
f 604/663/184 567/530/184 565/531/181 602/664/181
f 603/665/182 566/534/182 568/536/187 605/360/187
f 602/664/181 565/531/181 566/534/182 603/665/182
f 606/666/86 569/528/86 567/530/184 604/663/184
f 607/667/86 570/526/86 569/528/86 606/666/86
f 600/354/184 563/523/184 570/526/86 607/667/86
f 601/355/187 564/521/187 571/517/183 608/668/183
f 608/668/183 571/517/183 572/520/183 609/662/183
f 610/650/346 573/513/296 548/516/299 585/651/347
f 619/659/354 582/509/292 556/512/295 593/344/212
f 611/648/344 574/505/288 547/508/291 584/649/345
f 379/570/86 577/669/86 560/538/89 362/537/89
f 359/544/301 557/543/300 551/566/319 353/565/318
f 360/546/303 558/545/302 576/670/86 378/575/86
f 378/575/86 576/670/86 577/669/86 379/570/86
f 383/578/180 581/671/180 559/550/155 361/549/155
f 380/581/152 578/672/152 568/536/187 370/535/187
f 381/584/152 579/673/152 578/672/152 380/581/152
f 366/522/187 564/521/187 579/673/152 381/584/152
f 365/524/184 563/523/184 580/674/180 382/587/180
f 382/587/180 580/674/180 581/671/180 383/578/180
f 377/552/307 575/551/306 556/512/295 358/511/294
f 272/345/213 611/648/344 584/649/345 238/346/214
f 271/347/215 619/659/354 593/344/212 247/342/210
f 270/348/216 610/650/346 585/651/347 239/349/217
f 266/352/183 608/668/183 609/662/183 268/353/183
f 257/315/187 601/355/187 608/668/183 266/352/183
f 256/326/184 600/354/184 607/667/86 264/357/86
f 264/357/86 607/667/86 606/666/86 263/358/86
f 263/358/86 606/666/86 604/663/184 260/361/184
f 258/362/181 602/664/181 603/665/182 259/363/182
f 259/363/182 603/665/182 605/360/187 261/295/187
f 260/361/184 604/663/184 602/664/181 258/362/181
f 268/353/183 609/662/183 597/378/89 251/152/89
f 252/367/152 598/661/152 599/660/152 254/368/152
f 248/231/156 594/371/220 598/661/152 252/367/152
f 249/272/179 595/369/218 589/654/350 243/370/219
f 254/368/152 599/660/152 596/364/155 250/276/155
f 273/341/209 612/343/211 583/647/355 237/373/222
f 246/374/223 592/658/353 619/659/354 271/347/215
f 245/375/224 591/657/352 592/658/353 246/374/223
f 244/376/225 590/656/351 591/657/352 245/375/224
f 243/370/219 589/654/350 590/655/351 244/377/225
f 241/379/226 587/653/349 588/372/221 242/233/158
f 240/380/227 586/652/348 587/653/349 241/379/226
f 239/349/217 585/651/347 586/652/348 240/380/227
f 238/346/214 584/649/345 610/650/346 270/348/216
f 237/373/228 583/647/343 611/648/344 272/345/213
f 577/669/86 614/366/86 597/378/89 560/538/89
f 557/543/300 594/371/220 588/372/221 551/566/319
f 558/545/302 595/369/218 613/365/86 576/670/86
f 576/670/86 613/365/86 614/366/86 577/669/86
f 581/671/180 618/351/180 596/364/155 559/550/155
f 578/672/152 615/359/152 605/360/187 568/536/187
f 579/673/152 616/356/152 615/359/152 578/672/152
f 564/521/187 601/355/187 616/356/152 579/673/152
f 563/523/184 600/354/184 617/350/180 580/674/180
f 580/674/180 617/350/180 618/351/180 581/671/180
f 575/551/306 612/343/211 593/344/212 556/512/295
f 215/328/180 279/386/180 294/230/155 171/229/154 147/261/177 216/280/181
o Cylinder.002
v 1.753606 -0.395501 -4.098542
v 1.753606 0.000000 -1.342663
v 1.753606 -0.685027 -2.976191
v 1.753607 -0.791001 -1.443032
v 1.753606 -0.685027 0.090128
v 1.753606 -0.395501 1.212478
v 1.753606 -0.000000 1.500314
v 1.753606 0.240540 1.332730
v 1.753606 0.685027 0.090129
v 1.753606 0.791001 -1.443030
v 1.753606 0.685027 -2.976190
v 1.753606 0.395501 -4.098541
v 1.512306 -0.000000 -1.342663
v 1.512306 -0.395501 -4.098542
v 1.512306 -0.685027 -2.976191
v 1.512306 -0.791001 -1.443032
v 1.512306 -0.685027 0.090128
v 1.512306 -0.395501 1.212478
v 1.512306 -0.000000 1.500314
v 1.512306 0.240540 1.332730
v 1.512306 0.685027 0.090129
v 1.512305 0.791001 -1.443030
v 1.512306 0.685027 -2.976190
v 1.512306 0.395501 -4.098541
v 1.512306 0.197751 -4.303946
v 1.753606 0.197751 -4.303946
v 1.512306 -0.197750 -4.303946
v 1.753606 -0.197750 -4.303946
v 1.512306 0.208723 -1.408291
v 1.753606 0.208723 -1.408291
v 1.753606 -0.204156 -1.414889
v 1.512306 -0.204156 -1.414889
vt 0.958333 1.000000
vt 0.916667 1.000000
vt 0.916667 0.500000
vt 0.958333 0.500000
vt 0.833333 1.000000
vt 0.833333 0.500000
vt 0.750000 1.000000
vt 0.750000 0.500000
vt 0.666667 1.000000
vt 0.666667 0.500000
vt 0.583333 1.000000
vt 0.583333 0.500000
vt 0.500000 1.000000
vt 0.500000 0.500000
vt 0.416667 1.000000
vt 0.416667 0.500000
vt 0.333333 1.000000
vt 0.333333 0.500000
vt 0.250000 1.000000
vt 0.250000 0.500000
vt 0.166667 1.000000
vt 0.166667 0.500000
vt 0.083333 1.000000
vt 0.083333 0.500000
vt 0.039431 0.500000
vt 0.039431 1.000000
vt 0.000000 1.000000
vt 0.000000 0.500000
vt 0.370000 0.457846
vt 0.310000 0.473923
vt 0.304853 0.475302
vt 0.250000 0.490000
vt 0.193220 0.474786
vt 0.190000 0.473923
vt 0.130000 0.457846
vt 0.042154 0.370000
vt 0.010000 0.250000
vt 0.042154 0.130000
vt 0.130000 0.042154
vt 0.250000 0.010000
vt 0.370000 0.042154
vt 0.457846 0.130000
vt 0.490000 0.250000
vt 0.457846 0.370000
vt 0.750000 0.490000
vt 0.804853 0.475302
vt 0.810000 0.473923
vt 0.870000 0.457846
vt 0.957846 0.370000
vt 0.990000 0.250000
vt 0.957846 0.130000
vt 0.870000 0.042154
vt 0.750000 0.010000
vt 0.630000 0.042154
vt 0.542154 0.130000
vt 0.510000 0.250000
vt 0.542154 0.370000
vt 0.630000 0.457846
vt 0.690000 0.473923
vt 0.693220 0.474786
vt 0.041667 1.000000
vt 0.041667 0.500000
vt 0.961908 1.000000
vt 0.961908 0.500000
vt 1.000000 1.000000
vt 1.000000 0.500000
vn 0.0000 -0.7204 -0.6936
vn 0.0000 -0.9683 -0.2498
vn 0.0000 -0.9976 -0.0690
vn 0.0000 -0.9976 0.0690
vn 0.0000 -0.9683 0.2498
vn 0.0000 -0.5884 0.8085
vn 0.0000 0.5716 0.8205
vn -0.0000 0.9416 0.3368
vn 0.0000 0.9976 0.0690
vn 0.0000 0.9976 -0.0690
vn 0.0000 0.9683 -0.2498
vn 0.0000 -0.2999 -0.9540
vn 1.0000 0.0000 0.0000
vn -1.0000 -0.0000 -0.0000
vn -0.0000 0.7204 -0.6936
vn -0.0000 1.0000 0.0022
vn 0.0000 -1.0000 0.0038
vn 0.0000 0.3335 -0.9427
usemtl None
s off
f 647/675/356 620/676/356 633/677/356 646/678/356
f 633/677/357 620/676/357 622/679/357 634/680/357
f 634/680/358 622/679/358 623/681/358 635/682/358
f 635/682/359 623/681/359 624/683/359 636/684/359
f 636/684/360 624/683/360 625/685/360 637/686/360
f 637/686/361 625/685/361 626/687/361 638/688/361
f 638/688/362 626/687/362 627/689/362 639/690/362
f 639/690/363 627/689/363 628/691/363 640/692/363
f 640/692/364 628/691/364 629/693/364 641/694/364
f 641/694/365 629/693/365 630/695/365 642/696/365
f 642/696/366 630/695/366 631/697/366 643/698/366
f 648/699/367 649/700/367 621/701/367 632/702/367
f 620/703/368 647/704/368 650/705/368 621/706/368 649/707/368 645/708/368 631/709/368 630/710/368 629/711/368 628/712/368 627/713/368 626/714/368 625/715/368 624/716/368 623/717/368 622/718/368
f 632/719/369 651/720/369 646/721/369 633/722/369 634/723/369 635/724/369 636/725/369 637/726/369 638/727/369 639/728/369 640/729/369 641/730/369 642/731/369 643/732/369 644/733/369 648/734/369
f 643/698/370 631/697/370 645/735/370 644/736/370
f 650/737/371 647/675/371 646/678/371 651/738/371
f 644/736/372 645/735/372 649/700/372 648/699/372
f 621/739/373 650/737/373 651/738/373 632/740/373
o Cylinder.003_Cylinder.005
v -1.479440 -0.395501 -4.098542
v -1.479440 0.000000 -1.342663
v -1.479440 -0.685027 -2.976191
v -1.479440 -0.791001 -1.443032
v -1.479440 -0.685027 0.090128
v -1.479440 -0.395501 1.212478
v -1.479440 -0.000000 1.500314
v -1.479440 0.240540 1.332730
v -1.479440 0.685027 0.090129
v -1.479440 0.791001 -1.443030
v -1.479440 0.685027 -2.976190
v -1.479440 0.395501 -4.098541
v -1.720741 -0.000000 -1.342663
v -1.720741 -0.395501 -4.098542
v -1.720741 -0.685027 -2.976191
v -1.720741 -0.791001 -1.443032
v -1.720741 -0.685027 0.090128
v -1.720741 -0.395501 1.212478
v -1.720741 -0.000000 1.500314
v -1.720741 0.240540 1.332730
v -1.720741 0.685027 0.090129
v -1.720741 0.791001 -1.443030
v -1.720741 0.685027 -2.976190
v -1.720741 0.395501 -4.098541
v -1.720741 0.197751 -4.303946
v -1.479440 0.197751 -4.303946
v -1.720741 -0.197750 -4.303946
v -1.479440 -0.197750 -4.303946
v -1.720741 0.208723 -1.408291
v -1.479440 0.208723 -1.408291
v -1.479440 -0.204156 -1.414889
v -1.720741 -0.204156 -1.414889
vt 0.958333 1.000000
vt 0.916667 1.000000
vt 0.916667 0.500000
vt 0.958333 0.500000
vt 0.833333 1.000000
vt 0.833333 0.500000
vt 0.750000 1.000000
vt 0.750000 0.500000
vt 0.666667 1.000000
vt 0.666667 0.500000
vt 0.583333 1.000000
vt 0.583333 0.500000
vt 0.500000 1.000000
vt 0.500000 0.500000
vt 0.416667 1.000000
vt 0.416667 0.500000
vt 0.333333 1.000000
vt 0.333333 0.500000
vt 0.250000 1.000000
vt 0.250000 0.500000
vt 0.166667 1.000000
vt 0.166667 0.500000
vt 0.083333 1.000000
vt 0.083333 0.500000
vt 0.039431 0.500000
vt 0.039431 1.000000
vt 0.000000 1.000000
vt 0.000000 0.500000
vt 0.370000 0.457846
vt 0.310000 0.473923
vt 0.304853 0.475302
vt 0.250000 0.490000
vt 0.193220 0.474786
vt 0.190000 0.473923
vt 0.130000 0.457846
vt 0.042154 0.370000
vt 0.010000 0.250000
vt 0.042154 0.130000
vt 0.130000 0.042154
vt 0.250000 0.010000
vt 0.370000 0.042154
vt 0.457846 0.130000
vt 0.490000 0.250000
vt 0.457846 0.370000
vt 0.750000 0.490000
vt 0.804853 0.475302
vt 0.810000 0.473923
vt 0.870000 0.457846
vt 0.957846 0.370000
vt 0.990000 0.250000
vt 0.957846 0.130000
vt 0.870000 0.042154
vt 0.750000 0.010000
vt 0.630000 0.042154
vt 0.542154 0.130000
vt 0.510000 0.250000
vt 0.542154 0.370000
vt 0.630000 0.457846
vt 0.690000 0.473923
vt 0.693220 0.474786
vt 0.041667 1.000000
vt 0.041667 0.500000
vt 0.961908 1.000000
vt 0.961908 0.500000
vt 1.000000 1.000000
vt 1.000000 0.500000
vn 0.0000 -0.7204 -0.6936
vn 0.0000 -0.9683 -0.2498
vn 0.0000 -0.9976 -0.0690
vn 0.0000 -0.9976 0.0690
vn 0.0000 -0.9683 0.2498
vn 0.0000 -0.5884 0.8085
vn 0.0000 0.5716 0.8205
vn -0.0000 0.9416 0.3368
vn 0.0000 0.9976 0.0690
vn 0.0000 0.9976 -0.0690
vn 0.0000 0.9683 -0.2498
vn 0.0000 -0.2999 -0.9540
vn 1.0000 0.0000 0.0000
vn -1.0000 -0.0000 0.0000
vn -0.0000 0.7204 -0.6936
vn -0.0000 1.0000 0.0022
vn 0.0000 -1.0000 0.0038
vn 0.0000 0.3335 -0.9427
usemtl None
s off
f 679/741/374 652/742/374 665/743/374 678/744/374
f 665/743/375 652/742/375 654/745/375 666/746/375
f 666/746/376 654/745/376 655/747/376 667/748/376
f 667/748/377 655/747/377 656/749/377 668/750/377
f 668/750/378 656/749/378 657/751/378 669/752/378
f 669/752/379 657/751/379 658/753/379 670/754/379
f 670/754/380 658/753/380 659/755/380 671/756/380
f 671/756/381 659/755/381 660/757/381 672/758/381
f 672/758/382 660/757/382 661/759/382 673/760/382
f 673/760/383 661/759/383 662/761/383 674/762/383
f 674/762/384 662/761/384 663/763/384 675/764/384
f 680/765/385 681/766/385 653/767/385 664/768/385
f 652/769/386 679/770/386 682/771/386 653/772/386 681/773/386 677/774/386 663/775/386 662/776/386 661/777/386 660/778/386 659/779/386 658/780/386 657/781/386 656/782/386 655/783/386 654/784/386
f 664/785/387 683/786/387 678/787/387 665/788/387 666/789/387 667/790/387 668/791/387 669/792/387 670/793/387 671/794/387 672/795/387 673/796/387 674/797/387 675/798/387 676/799/387 680/800/387
f 675/764/388 663/763/388 677/801/388 676/802/388
f 682/803/389 679/741/389 678/744/389 683/804/389
f 676/802/390 677/801/390 681/766/390 680/765/390
f 653/805/391 682/803/391 683/804/391 664/806/391
o Cube.002_Cube.003
v -3.374890 -0.088638 0.990979
v -3.374890 0.088638 0.990979
v -2.904197 -0.088638 0.899060
v -2.904197 0.088638 0.899060
v -2.503176 -0.088638 0.581659
v -2.503176 0.088638 0.581659
v -2.614282 -0.088638 1.464971
v -2.614282 0.088638 1.464971
v -2.210204 -0.088638 0.034571
v -2.241342 0.088638 1.337800
v -2.210204 0.088638 0.034571
v -2.241342 -0.088638 1.337800
v -1.904722 -0.088638 -1.274131
v -1.851765 0.088638 1.392785
v -1.904722 0.088638 -1.274131
v -1.851765 -0.088638 1.392785
v 3.374890 -0.088638 0.990979
v 3.374890 0.088638 0.990979
v 2.904197 -0.088638 0.899060
v 2.904197 0.088638 0.899060
v 2.503177 -0.088638 0.581659
v 2.503177 0.088638 0.581659
v 2.614282 -0.088638 1.464971
v 2.614282 0.088638 1.464971
v 2.210204 -0.088638 0.034571
v 2.241342 0.088638 1.337800
v 2.210204 0.088638 0.034571
v 2.241342 -0.088638 1.337800
v 1.904722 -0.088638 -1.274131
v 1.851765 0.088638 1.392785
v 1.904722 0.088638 -1.274131
v 1.851765 -0.088638 1.392785
vt 0.375000 0.412298
vt 0.375000 0.500000
vt 0.625000 0.500000
vt 0.625000 0.412298
vt 0.375000 0.750000
vt 0.625000 0.750000
vt 0.287298 0.500000
vt 0.287298 0.750000
vt 0.159467 0.500000
vt 0.625000 0.284467
vt 0.840533 0.750000
vt 0.375000 0.965533
vt 0.712702 0.750000
vt 0.712702 0.500000
vt 0.206963 0.500000
vt 0.206963 0.750000
vt 0.375000 0.837702
vt 0.625000 0.837702
vt 0.375000 0.331963
vt 0.625000 0.331963
vt 0.375000 0.284467
vt 0.159467 0.750000
vt 0.793037 0.750000
vt 0.793037 0.500000
vt 0.375000 0.918037
vt 0.625000 0.918037
vt 0.840533 0.500000
vt 0.625000 0.965533
vt 0.375000 0.412298
vt 0.625000 0.412298
vt 0.625000 0.500000
vt 0.375000 0.500000
vt 0.625000 0.750000
vt 0.375000 0.750000
vt 0.287298 0.500000
vt 0.287298 0.750000
vt 0.159467 0.500000
vt 0.375000 0.965533
vt 0.840533 0.750000
vt 0.625000 0.284467
vt 0.712702 0.500000
vt 0.712702 0.750000
vt 0.206963 0.500000
vt 0.206963 0.750000
vt 0.625000 0.837702
vt 0.375000 0.837702
vt 0.375000 0.331963
vt 0.625000 0.331963
vt 0.375000 0.284467
vt 0.159467 0.750000
vt 0.793037 0.500000
vt 0.793037 0.750000
vt 0.625000 0.918037
vt 0.375000 0.918037
vt 0.840533 0.500000
vt 0.625000 0.965533
vn -0.6206 0.0000 -0.7841
vn -0.1917 0.0000 -0.9815
vn 0.0000 -1.0000 0.0000
vn 0.9998 0.0000 -0.0199
vn 0.0000 1.0000 0.0000
vn -0.5289 0.0000 0.8487
vn -0.8816 0.0000 -0.4721
vn -0.9738 0.0000 -0.2273
vn 0.3227 0.0000 0.9465
vn -0.1398 0.0000 0.9902
vn 0.6206 0.0000 -0.7841
vn 0.1917 0.0000 -0.9815
vn -0.9998 0.0000 -0.0199
vn 0.5289 0.0000 0.8487
vn 0.8816 0.0000 -0.4721
vn 0.9738 0.0000 -0.2273
vn -0.3227 0.0000 0.9465
vn 0.1398 0.0000 0.9902
usemtl None
s off
f 688/807/392 686/808/392 687/809/392 689/810/392
f 686/808/393 684/811/393 685/812/393 687/809/393
f 688/813/394 690/814/394 684/811/394 686/808/394
f 696/815/395 698/816/395 697/817/395 699/818/395
f 687/809/396 685/812/396 691/819/396 689/820/396
f 692/821/394 695/822/394 690/814/394 688/813/394
f 684/811/397 690/823/397 691/824/397 685/812/397
f 692/825/398 688/807/398 689/810/398 694/826/398
f 696/827/399 692/825/399 694/826/399 698/816/399
f 696/815/394 699/828/394 695/822/394 692/821/394
f 689/820/396 691/819/396 693/829/396 694/830/396
f 690/823/400 695/831/400 693/832/400 691/824/400
f 694/830/396 693/829/396 697/817/396 698/833/396
f 695/831/401 699/818/401 697/834/401 693/832/401
f 704/835/402 705/836/402 703/837/402 702/838/402
f 702/838/403 703/837/403 701/839/403 700/840/403
f 704/841/394 702/838/394 700/840/394 706/842/394
f 712/843/404 715/844/404 713/845/404 714/846/404
f 703/837/396 705/847/396 707/848/396 701/839/396
f 708/849/394 704/841/394 706/842/394 711/850/394
f 700/840/405 701/839/405 707/851/405 706/852/405
f 708/853/406 710/854/406 705/836/406 704/835/406
f 712/855/407 714/846/407 710/854/407 708/853/407
f 712/843/394 708/849/394 711/850/394 715/856/394
f 705/847/396 710/857/396 709/858/396 707/848/396
f 706/852/408 707/851/408 709/859/408 711/860/408
f 710/857/396 714/861/396 713/845/396 709/858/396
f 711/860/409 709/859/409 713/862/409 715/844/409
o Cube.003_Cube.004
v -1.130386 1.107494 1.127827
v -1.059546 1.159220 1.127827
v -0.990721 0.927057 1.033707
v -0.919881 0.978784 1.033707
v -0.816082 0.700091 0.282605
v -0.745243 0.751817 0.282605
v -1.055458 1.009340 1.848660
v -0.984618 1.061066 1.848660
v -0.590662 0.406325 -0.359610
v -0.568484 0.521468 1.380297
v -0.519822 0.458051 -0.359610
v -0.639324 0.469741 1.380297
v -0.457386 0.232643 -1.361138
v -0.340548 0.224791 1.213455
v -0.386547 0.284369 -1.361138
v -0.411388 0.173064 1.213455
v 1.130386 1.107494 1.127827
v 1.059546 1.159220 1.127827
v 0.990721 0.927057 1.033707
v 0.919881 0.978784 1.033707
v 0.816082 0.700091 0.282605
v 0.745243 0.751817 0.282605
v 1.055458 1.009340 1.848660
v 0.984618 1.061067 1.848660
v 0.590662 0.406325 -0.359610
v 0.568484 0.521468 1.380297
v 0.519822 0.458051 -0.359610
v 0.639324 0.469741 1.380297
v 0.457386 0.232643 -1.361138
v 0.340548 0.224791 1.213455
v 0.386547 0.284369 -1.361138
v 0.411388 0.173064 1.213455
vt 0.375000 0.412298
vt 0.375000 0.500000
vt 0.625000 0.500000
vt 0.625000 0.412298
vt 0.375000 0.750000
vt 0.625000 0.750000
vt 0.287298 0.500000
vt 0.287298 0.750000
vt 0.159467 0.500000
vt 0.625000 0.284467
vt 0.840533 0.750000
vt 0.375000 0.965533
vt 0.712702 0.750000
vt 0.712702 0.500000
vt 0.206963 0.500000
vt 0.211881 0.750000
vt 0.375000 0.837702
vt 0.625000 0.837702
vt 0.375000 0.331963
vt 0.625000 0.331963
vt 0.375000 0.284467
vt 0.159467 0.750000
vt 0.788119 0.750000
vt 0.793037 0.500000
vt 0.375000 0.913119
vt 0.625000 0.913119
vt 0.840533 0.500000
vt 0.625000 0.965533
vt 0.375000 0.412298
vt 0.625000 0.412298
vt 0.625000 0.500000
vt 0.375000 0.500000
vt 0.625000 0.750000
vt 0.375000 0.750000
vt 0.287298 0.500000
vt 0.287298 0.750000
vt 0.159467 0.500000
vt 0.375000 0.965533
vt 0.840533 0.750000
vt 0.625000 0.284467
vt 0.712702 0.500000
vt 0.712702 0.750000
vt 0.206963 0.500000
vt 0.211881 0.750000
vt 0.625000 0.837702
vt 0.375000 0.837702
vt 0.375000 0.331963
vt 0.625000 0.331963
vt 0.375000 0.284467
vt 0.159467 0.750000
vt 0.793037 0.500000
vt 0.788119 0.750000
vt 0.625000 0.913119
vt 0.375000 0.913119
vt 0.840533 0.500000
vt 0.625000 0.965533
vn -0.5510 0.7547 -0.3562
vn -0.2249 0.3081 -0.9244
vn -0.7933 -0.6088 -0.0015
vn 0.5895 -0.8073 -0.0292
vn 0.7933 0.6088 0.0015
vn -0.7926 -0.6097 -0.0003
vn -0.5812 0.7960 0.1688
vn -0.5109 0.6997 -0.4994
vn -0.5761 0.7890 -0.2135
vn -0.7931 -0.6092 0.0001
vn 0.7926 0.6097 0.0003
vn 0.3341 -0.4576 0.8240
vn 0.7931 0.6092 -0.0001
vn 0.2402 -0.3290 0.9133
vn 0.5510 0.7547 -0.3562
vn 0.2249 0.3081 -0.9244
vn 0.7933 -0.6088 -0.0015
vn -0.5895 -0.8073 -0.0292
vn -0.7933 0.6088 0.0015
vn 0.7926 -0.6097 -0.0003
vn 0.5812 0.7960 0.1688
vn 0.5109 0.6997 -0.4994
vn 0.5761 0.7890 -0.2135
vn 0.7931 -0.6092 0.0001
vn -0.7926 0.6097 0.0003
vn -0.3341 -0.4576 0.8240
vn -0.7931 0.6092 -0.0001
vn -0.2402 -0.3290 0.9133
usemtl None
s off
f 720/863/410 718/864/410 719/865/410 721/866/410
f 718/864/411 716/867/411 717/868/411 719/865/411
f 720/869/412 722/870/412 716/867/412 718/864/412
f 728/871/413 730/872/413 729/873/413 731/874/413
f 719/865/414 717/868/414 723/875/414 721/876/414
f 724/877/415 727/878/415 722/870/415 720/869/415
f 716/867/416 722/879/416 723/880/416 717/868/416
f 724/881/417 720/863/417 721/866/417 726/882/417
f 728/883/418 724/881/418 726/882/418 730/872/418
f 728/871/419 731/884/419 727/878/419 724/877/419
f 721/876/420 723/875/420 725/885/420 726/886/420
f 722/879/421 727/887/421 725/888/421 723/880/421
f 726/886/422 725/885/422 729/873/422 730/889/422
f 727/887/423 731/874/423 729/890/423 725/888/423
f 736/891/424 737/892/424 735/893/424 734/894/424
f 734/894/425 735/893/425 733/895/425 732/896/425
f 736/897/426 734/894/426 732/896/426 738/898/426
f 744/899/427 747/900/427 745/901/427 746/902/427
f 735/893/428 737/903/428 739/904/428 733/895/428
f 740/905/429 736/897/429 738/898/429 743/906/429
f 732/896/430 733/895/430 739/907/430 738/908/430
f 740/909/431 742/910/431 737/892/431 736/891/431
f 744/911/432 746/902/432 742/910/432 740/909/432
f 744/899/433 740/905/433 743/906/433 747/912/433
f 737/903/434 742/913/434 741/914/434 739/904/434
f 738/908/435 739/907/435 741/915/435 743/916/435
f 742/913/436 746/917/436 745/901/436 741/914/436
f 743/916/437 741/915/437 745/918/437 747/900/437
o Sphere.001_Sphere.003
v 0.000000 0.469553 -2.240406
v 0.000000 0.263736 -2.507781
v 0.000000 0.070423 -2.486436
v -0.000000 0.761234 -1.098015
v 0.087947 0.655253 -1.663499
v 0.158474 0.484230 -2.107483
v 0.197614 0.282039 -2.342030
v 0.197614 0.088725 -2.320684
v 0.158474 -0.057423 -2.047675
v 0.087947 -0.127459 -1.577074
v 0.155746 0.677823 -1.459099
v 0.280644 0.524899 -1.739167
v 0.349957 0.332752 -1.882747
v 0.349957 0.139438 -1.861401
v 0.280644 -0.016754 -1.679358
v 0.155746 -0.104889 -1.372673
v 0.187865 0.709646 -1.170891
v 0.338522 0.582243 -1.219833
v 0.422129 0.404259 -1.235148
v 0.422129 0.210945 -1.213803
v 0.338522 0.040590 -1.160025
v 0.187865 -0.073066 -1.084465
v 0.176947 0.732289 -0.965828
v 0.318848 0.623666 -0.844687
v 0.397597 0.456104 -0.765613
v 0.397597 0.262790 -0.744267
v 0.318848 0.082013 -0.784878
v 0.176947 -0.050423 -0.879402
v 0.125493 0.748782 -0.816461
v 0.226130 0.653386 -0.575536
v 0.281980 0.493164 -0.429987
v 0.281980 0.299850 -0.408642
v 0.226130 0.111732 -0.515728
v 0.125493 -0.033930 -0.730035
v 0.045289 0.758095 -0.732116
v 0.081609 0.670168 -0.423552
v 0.081609 0.128514 -0.363743
v 0.045289 -0.024617 -0.645690
v -0.045289 0.758095 -0.732116
v -0.081609 0.670168 -0.423552
v -0.081609 0.128514 -0.363743
v -0.045289 -0.024617 -0.645690
v -0.125493 0.748782 -0.816461
v -0.226130 0.653386 -0.575536
v -0.281980 0.493164 -0.429987
v -0.281980 0.299850 -0.408642
v -0.226130 0.111732 -0.515728
v -0.125493 -0.033930 -0.730034
v -0.176947 0.732289 -0.965828
v -0.318848 0.623666 -0.844687
v -0.397597 0.456104 -0.765613
v -0.397597 0.262790 -0.744268
v -0.318848 0.082013 -0.784878
v -0.176947 -0.050423 -0.879402
v -0.187865 0.709646 -1.170891
v -0.338522 0.582243 -1.219833
v -0.422129 0.404259 -1.235149
v -0.422129 0.210945 -1.213803
v -0.338522 0.040590 -1.160025
v -0.187865 -0.073066 -1.084465
v -0.155746 0.677823 -1.459099
v -0.280644 0.524899 -1.739167
v -0.349957 0.332752 -1.882747
v -0.349957 0.139438 -1.861401
v -0.280644 -0.016754 -1.679358
v -0.155746 -0.104889 -1.372673
v -0.087947 0.655253 -1.663499
v -0.158474 0.484230 -2.107483
v -0.197614 0.282039 -2.342030
v -0.197614 0.088725 -2.320684
v -0.158474 -0.057423 -2.047675
v -0.087947 -0.127459 -1.577073
v 0.000000 -0.107511 -1.002090
v -0.000000 0.647108 -1.737266
v -0.000000 -0.072100 -2.180597
v -0.000000 -0.135604 -1.650840
v 0.101764 0.514090 -0.240466
v 0.101764 0.320776 -0.219121
v -0.101764 0.514090 -0.240466
v -0.101764 0.320776 -0.219121
vt 0.653846 0.000000
vt 0.692308 0.142857
vt 0.615385 0.142857
vt 0.692308 0.285714
vt 0.692308 0.428571
vt 0.615385 0.428571
vt 0.615385 0.285714
vt 0.692308 0.571429
vt 0.692308 0.714286
vt 0.615385 0.714286
vt 0.615385 0.571429
vt 0.692308 0.857143
vt 0.653846 1.000000
vt 0.615385 0.857143
vt 0.576923 0.000000
vt 0.538462 0.142857
vt 0.538462 0.428571
vt 0.538462 0.285714
vt 0.538462 0.714286
vt 0.538462 0.571429
vt 0.576923 1.000000
vt 0.538462 0.857143
vt 0.500000 0.000000
vt 0.461539 0.142857
vt 0.461539 0.428571
vt 0.461539 0.285714
vt 0.461539 0.714286
vt 0.461539 0.571429
vt 0.500000 1.000000
vt 0.461539 0.857143
vt 0.384615 0.714286
vt 0.384615 0.571429
vt 0.423077 1.000000
vt 0.384615 0.857143
vt 0.384615 0.285714
vt 0.384616 0.142857
vt 0.384615 0.428571
vt 0.423077 0.000000
vt 0.307692 0.285714
vt 0.307692 0.142857
vt 0.307692 0.571429
vt 0.307692 0.428571
vt 0.307692 0.857143
vt 0.307692 0.714286
vt 0.346154 0.000000
vt 0.346154 1.000000
vt 0.230769 0.285714
vt 0.230769 0.142857
vt 0.230769 0.571429
vt 0.230769 0.428571
vt 0.230769 0.857143
vt 0.230769 0.714286
vt 0.269231 0.000000
vt 0.269231 1.000000
vt 0.153846 0.857143
vt 0.153846 0.714286
vt 0.192308 0.000000
vt 0.153846 0.142857
vt 0.153846 0.428571
vt 0.153846 0.285714
vt 0.153846 0.571429
vt 0.192308 1.000000
vt 0.115385 0.000000
vt 0.076923 0.142857
vt 0.076923 0.428571
vt 0.076923 0.285714
vt 0.076923 0.714286
vt 0.076923 0.571429
vt 0.115385 1.000000
vt 0.076923 0.857143
vt 0.000000 0.428571
vt 0.000000 0.285714
vt 0.000000 0.714286
vt 0.000000 0.571429
vt 0.038462 1.000000
vt 0.000000 0.857143
vt 0.000000 0.142857
vt 0.038462 0.000000
vt 1.000000 0.857143
vt 0.961538 1.000000
vt 0.923077 0.857143
vt 1.000000 0.142857
vt 1.000000 0.285714
vt 0.923077 0.285714
vt 0.923077 0.142857
vt 1.000000 0.428571
vt 1.000000 0.571429
vt 0.923077 0.571429
vt 0.923077 0.428571
vt 1.000000 0.714286
vt 0.923077 0.714286
vt 0.961538 0.000000
vt 0.846154 0.285714
vt 0.846154 0.142857
vt 0.846154 0.571429
vt 0.846154 0.428571
vt 0.846154 0.857143
vt 0.846154 0.714286
vt 0.884615 0.000000
vt 0.884615 1.000000
vt 0.769231 0.571429
vt 0.769231 0.428571
vt 0.769231 0.857143
vt 0.769231 0.714286
vt 0.807692 0.000000
vt 0.769231 0.142857
vt 0.769231 0.285714
vt 0.807692 1.000000
vt 0.730769 0.000000
vt 0.730769 1.000000
vn 0.0000 -0.9920 0.1262
vn 0.0000 -0.9973 -0.0733
vn 0.2656 -0.9637 -0.0260
vn 0.0000 -0.9430 -0.3327
vn 0.0000 -0.5169 -0.8560
vn 0.7468 -0.4387 -0.4996
vn 0.5147 -0.8327 -0.2041
vn 0.0000 0.3177 -0.9481
vn 0.0000 0.8477 -0.5304
vn 0.5147 0.7681 -0.3809
vn 0.7468 0.3192 -0.5834
vn 0.0000 0.9573 -0.2892
vn 0.0000 0.9956 -0.0933
vn 0.2656 0.9348 -0.2357
vn 0.3937 -0.9187 0.0305
vn 0.9374 -0.2912 -0.1907
vn 0.7154 -0.6948 -0.0732
vn 0.7154 0.6621 -0.2231
vn 0.9374 0.2426 -0.2497
vn 0.3937 0.9033 -0.1706
vn 0.4430 -0.8921 0.0891
vn 0.9747 -0.2233 -0.0078
vn 0.7848 -0.6181 0.0450
vn 0.7848 0.6130 -0.0909
vn 0.9747 0.2163 -0.0563
vn 0.4430 0.8900 -0.1076
vn 0.7611 0.6441 0.0757
vn 0.9540 0.2492 0.1664
vn 0.4308 0.9021 -0.0251
vn 0.7611 -0.6121 0.2144
vn 0.4308 -0.8858 0.1723
vn 0.9540 -0.2069 0.2168
vn 0.6129 -0.6616 0.4319
vn 0.3352 -0.9004 0.2774
vn 0.8119 0.3344 0.4786
vn 0.8119 -0.2219 0.5400
vn 0.3352 0.9392 0.0742
vn 0.6129 0.7399 0.2771
vn 0.2634 -0.7225 0.6392
vn 0.1383 -0.9201 0.3663
vn 0.3595 0.4291 0.8286
vn 0.3595 -0.2379 0.9023
vn 0.1383 0.9779 0.1567
vn 0.2634 0.8445 0.4662
vn -0.1383 0.9779 0.1567
vn -0.2634 0.8445 0.4662
vn -0.1383 -0.9201 0.3663
vn -0.3595 -0.2379 0.9023
vn -0.2634 -0.7225 0.6392
vn -0.3595 0.4291 0.8286
vn -0.3352 -0.9004 0.2774
vn -0.8119 -0.2219 0.5400
vn -0.6129 -0.6616 0.4319
vn -0.6129 0.7399 0.2771
vn -0.8119 0.3344 0.4786
vn -0.3352 0.9392 0.0742
vn -0.9540 -0.2069 0.2168
vn -0.7611 -0.6121 0.2144
vn -0.7611 0.6441 0.0757
vn -0.9540 0.2492 0.1664
vn -0.4308 0.9021 -0.0251
vn -0.4308 -0.8858 0.1723
vn -0.4430 0.8900 -0.1076
vn -0.7848 -0.6181 0.0450
vn -0.4430 -0.8921 0.0891
vn -0.9747 0.2163 -0.0563
vn -0.9747 -0.2233 -0.0078
vn -0.7848 0.6130 -0.0909
vn -0.7154 -0.6948 -0.0732
vn -0.3937 -0.9187 0.0305
vn -0.9374 0.2426 -0.2497
vn -0.9374 -0.2912 -0.1907
vn -0.3937 0.9033 -0.1706
vn -0.7154 0.6621 -0.2231
vn -0.7468 0.3192 -0.5834
vn -0.7468 -0.4387 -0.4996
vn -0.2656 0.9348 -0.2357
vn -0.5147 0.7681 -0.3809
vn -0.2656 -0.9637 -0.0260
vn -0.5147 -0.8327 -0.2041
usemtl None
s 1
f 820/919/438 823/920/439 757/921/440
f 822/922/441 750/923/442 755/924/443 756/925/444
f 749/926/445 748/927/446 753/928/447 754/929/448
f 821/930/449 751/931/450 752/932/451
f 823/920/439 822/922/441 756/925/444 757/921/440
f 750/923/442 749/926/445 754/929/448 755/924/443
f 748/927/446 821/930/449 752/932/451 753/928/447
f 820/933/438 757/921/440 763/934/452
f 756/925/444 755/924/443 761/935/453 762/936/454
f 754/929/448 753/928/447 759/937/455 760/938/456
f 752/932/451 751/939/450 758/940/457
f 757/921/440 756/925/444 762/936/454 763/934/452
f 755/924/443 754/929/448 760/938/456 761/935/453
f 753/928/447 752/932/451 758/940/457 759/937/455
f 820/941/438 763/934/452 769/942/458
f 762/936/454 761/935/453 767/943/459 768/944/460
f 760/938/456 759/937/455 765/945/461 766/946/462
f 758/940/457 751/947/450 764/948/463
f 763/934/452 762/936/454 768/944/460 769/942/458
f 761/935/453 760/938/456 766/946/462 767/943/459
f 759/937/455 758/940/457 764/948/463 765/945/461
f 766/946/462 765/945/461 771/949/464 772/950/465
f 764/948/463 751/951/450 770/952/466
f 769/942/458 768/944/460 774/953/467 775/954/468
f 767/943/459 766/946/462 772/950/465 773/955/469
f 765/945/461 764/948/463 770/952/466 771/949/464
f 820/956/438 769/942/458 775/954/468
f 768/944/460 767/943/459 773/955/469 774/953/467
f 775/954/468 774/953/467 780/957/470 781/958/471
f 773/955/469 772/950/465 778/959/472 779/960/473
f 771/949/464 770/952/466 776/961/474 777/962/475
f 820/963/438 775/954/468 781/958/471
f 774/953/467 773/955/469 779/960/473 780/957/470
f 772/950/465 771/949/464 777/962/475 778/959/472
f 770/952/466 751/964/450 776/961/474
f 781/958/471 780/957/470 784/965/476 785/966/477
f 779/960/473 778/959/472 824/967/478 825/968/479
f 777/962/475 776/961/474 782/969/480 783/970/481
f 820/971/438 781/958/471 785/966/477
f 780/957/470 779/960/473 825/968/479 784/965/476
f 778/959/472 777/962/475 783/970/481 824/967/478
f 776/961/474 751/972/450 782/969/480
f 783/970/481 782/969/480 786/973/482 787/974/483
f 820/975/438 785/966/477 789/976/484
f 784/965/476 825/968/479 827/977/485 788/978/486
f 824/967/478 783/970/481 787/974/483 826/979/487
f 782/969/480 751/980/450 786/973/482
f 785/966/477 784/965/476 788/978/486 789/976/484
f 820/981/438 789/976/484 795/982/488
f 788/978/486 827/977/485 793/983/489 794/984/490
f 826/979/487 787/974/483 791/985/491 792/986/492
f 786/973/482 751/987/450 790/988/493
f 789/976/484 788/978/486 794/984/490 795/982/488
f 827/977/485 826/979/487 792/986/492 793/983/489
f 787/974/483 786/973/482 790/988/493 791/985/491
f 794/984/490 793/983/489 799/989/494 800/990/495
f 792/986/492 791/985/491 797/991/496 798/992/497
f 790/988/493 751/993/450 796/994/498
f 795/982/488 794/984/490 800/990/495 801/995/499
f 793/983/489 792/986/492 798/992/497 799/989/494
f 791/985/491 790/988/493 796/994/498 797/991/496
f 820/996/438 795/982/488 801/995/499
f 796/997/498 751/998/450 802/999/500
f 801/1000/499 800/1001/495 806/1002/501 807/1003/502
f 799/1004/494 798/1005/497 804/1006/503 805/1007/504
f 797/1008/496 796/997/498 802/999/500 803/1009/505
f 820/1010/438 801/1000/499 807/1003/502
f 800/1001/495 799/1004/494 805/1007/504 806/1002/501
f 798/1005/497 797/1008/496 803/1009/505 804/1006/503
f 807/1003/502 806/1002/501 812/1011/506 813/1012/507
f 805/1007/504 804/1006/503 810/1013/508 811/1014/509
f 803/1009/505 802/999/500 808/1015/510 809/1016/511
f 820/1017/438 807/1003/502 813/1012/507
f 806/1002/501 805/1007/504 811/1014/509 812/1011/506
f 804/1006/503 803/1009/505 809/1016/511 810/1013/508
f 802/999/500 751/1018/450 808/1015/510
f 811/1014/509 810/1013/508 816/1019/512 817/1020/513
f 809/1016/511 808/1015/510 814/1021/514 815/1022/515
f 820/1023/438 813/1012/507 819/1024/516
f 812/1011/506 811/1014/509 817/1020/513 818/1025/517
f 810/1013/508 809/1016/511 815/1022/515 816/1019/512
f 808/1015/510 751/1026/450 814/1021/514
f 813/1012/507 812/1011/506 818/1025/517 819/1024/516
f 820/1027/438 819/1024/516 823/920/439
f 818/1025/517 817/1020/513 750/923/442 822/922/441
f 816/1019/512 815/1022/515 748/927/446 749/926/445
f 814/1021/514 751/1028/450 821/930/449
f 819/1024/516 818/1025/517 822/922/441 823/920/439
f 817/1020/513 816/1019/512 749/926/445 750/923/442
f 815/1022/515 814/1021/514 821/930/449 748/927/446
f 825/968/479 824/967/478 826/979/487 827/977/485
o Sphere.002_Sphere.004
v 0.000000 0.224610 -3.289314
v 0.000000 0.080162 -3.611107
v 0.000000 -0.080162 -3.611107
v -0.000000 0.360246 -1.986402
v 0.082811 0.324570 -2.626641
v 0.149221 0.224610 -3.140073
v 0.186075 0.080162 -3.425007
v 0.186075 -0.080162 -3.425007
v 0.149221 -0.224610 -3.140073
v 0.082811 -0.324570 -2.626642
v 0.146652 0.324570 -2.397148
v 0.264257 0.224610 -2.726541
v 0.329523 0.080162 -2.909339
v 0.329523 -0.080162 -2.909339
v 0.264257 -0.224610 -2.726541
v 0.146652 -0.324570 -2.397148
v 0.176896 0.324570 -2.073558
v 0.318755 0.224610 -2.143451
v 0.397481 0.080162 -2.182239
v 0.397481 -0.080162 -2.182239
v 0.318755 -0.224610 -2.143451
v 0.176896 -0.324570 -2.073558
v 0.166615 0.324570 -1.843320
v 0.300230 0.224610 -1.722250
v 0.374381 0.080162 -1.655061
v 0.374381 -0.080162 -1.655061
v 0.300230 -0.224610 -1.722250
v 0.166615 -0.324570 -1.843320
v 0.118165 0.324570 -1.675616
v 0.212926 0.224610 -1.420057
v 0.265515 0.080162 -1.278232
v 0.265515 -0.080162 -1.278232
v 0.212926 -0.224610 -1.420057
v 0.118165 -0.324570 -1.675616
v 0.042645 0.324570 -1.580916
v 0.076843 0.224610 -1.249414
v 0.076843 -0.224610 -1.249414
v 0.042645 -0.324570 -1.580916
v -0.042645 0.324570 -1.580916
v -0.076843 0.224610 -1.249414
v -0.076843 -0.224610 -1.249414
v -0.042645 -0.324570 -1.580916
v -0.118165 0.324570 -1.675616
v -0.212926 0.224610 -1.420057
v -0.265515 0.080162 -1.278232
v -0.265515 -0.080162 -1.278232
v -0.212926 -0.224610 -1.420057
v -0.118165 -0.324570 -1.675616
v -0.166615 0.324570 -1.843320
v -0.300230 0.224610 -1.722250
v -0.374381 0.080162 -1.655061
v -0.374381 -0.080162 -1.655061
v -0.300230 -0.224610 -1.722250
v -0.166615 -0.324570 -1.843320
v -0.176896 0.324570 -2.073558
v -0.318755 0.224610 -2.143451
v -0.397481 0.080162 -2.182239
v -0.397481 -0.080162 -2.182239
v -0.318755 -0.224610 -2.143451
v -0.176896 -0.324570 -2.073558
v -0.146652 0.324570 -2.397148
v -0.264257 0.224610 -2.726541
v -0.329523 0.080162 -2.909340
v -0.329523 -0.080162 -2.909340
v -0.264257 -0.224610 -2.726541
v -0.146652 -0.324570 -2.397148
v -0.082811 0.324570 -2.626641
v -0.149221 0.224610 -3.140073
v -0.186075 0.080162 -3.425007
v -0.186075 -0.080162 -3.425007
v -0.149221 -0.224610 -3.140073
v -0.082811 -0.324570 -2.626641
v 0.000000 -0.360246 -1.986402
v -0.000000 0.324570 -2.709464
v -0.000000 -0.224610 -3.289314
v -0.000000 -0.324570 -2.709464
v 0.095822 0.080162 -1.065444
v 0.095822 -0.080162 -1.065444
v -0.095822 0.080162 -1.065444
v -0.095822 -0.080162 -1.065444
vt 0.653846 0.000000
vt 0.692308 0.142857
vt 0.615385 0.142857
vt 0.692308 0.285714
vt 0.692308 0.428571
vt 0.615385 0.428571
vt 0.615385 0.285714
vt 0.692308 0.571429
vt 0.692308 0.714286
vt 0.615385 0.714286
vt 0.615385 0.571429
vt 0.692308 0.857143
vt 0.653846 1.000000
vt 0.615385 0.857143
vt 0.576923 0.000000
vt 0.538462 0.142857
vt 0.538462 0.428571
vt 0.538462 0.285714
vt 0.538462 0.714286
vt 0.538462 0.571429
vt 0.576923 1.000000
vt 0.538462 0.857143
vt 0.500000 0.000000
vt 0.461539 0.142857
vt 0.461539 0.428571
vt 0.461539 0.285714
vt 0.461539 0.714286
vt 0.461539 0.571429
vt 0.500000 1.000000
vt 0.461539 0.857143
vt 0.384615 0.714286
vt 0.384615 0.571429
vt 0.423077 1.000000
vt 0.384615 0.857143
vt 0.384615 0.285714
vt 0.384616 0.142857
vt 0.384615 0.428571
vt 0.423077 0.000000
vt 0.307692 0.285714
vt 0.307692 0.142857
vt 0.307692 0.571429
vt 0.307692 0.428571
vt 0.307692 0.857143
vt 0.307692 0.714286
vt 0.346154 0.000000
vt 0.346154 1.000000
vt 0.230769 0.285714
vt 0.230769 0.142857
vt 0.230769 0.571429
vt 0.230769 0.428571
vt 0.230769 0.857143
vt 0.230769 0.714286
vt 0.269231 0.000000
vt 0.269231 1.000000
vt 0.153846 0.857143
vt 0.153846 0.714286
vt 0.192308 0.000000
vt 0.153846 0.142857
vt 0.153846 0.428571
vt 0.153846 0.285714
vt 0.153846 0.571429
vt 0.192308 1.000000
vt 0.115385 0.000000
vt 0.076923 0.142857
vt 0.076923 0.428571
vt 0.076923 0.285714
vt 0.076923 0.714286
vt 0.076923 0.571429
vt 0.115385 1.000000
vt 0.076923 0.857143
vt 0.000000 0.428571
vt 0.000000 0.285714
vt 0.000000 0.714286
vt 0.000000 0.571429
vt 0.038462 1.000000
vt 0.000000 0.857143
vt 0.000000 0.142857
vt 0.038462 0.000000
vt 1.000000 0.857143
vt 0.961538 1.000000
vt 0.923077 0.857143
vt 1.000000 0.142857
vt 1.000000 0.285714
vt 0.923077 0.285714
vt 0.923077 0.142857
vt 1.000000 0.428571
vt 1.000000 0.571429
vt 0.923077 0.571429
vt 0.923077 0.428571
vt 1.000000 0.714286
vt 0.923077 0.714286
vt 0.961538 0.000000
vt 0.846154 0.285714
vt 0.846154 0.142857
vt 0.846154 0.571429
vt 0.846154 0.428571
vt 0.846154 0.857143
vt 0.846154 0.714286
vt 0.884615 0.000000
vt 0.884615 1.000000
vt 0.769231 0.571429
vt 0.769231 0.428571
vt 0.769231 0.857143
vt 0.769231 0.714286
vt 0.807692 0.000000
vt 0.769231 0.142857
vt 0.769231 0.285714
vt 0.807692 1.000000
vt 0.730769 0.000000
vt 0.730769 1.000000
vn 0.0000 -0.9999 0.0116
vn 0.0000 -0.9902 -0.1394
vn 0.2398 -0.9658 -0.0978
vn 0.0000 -0.9381 -0.3463
vn 0.0000 -0.4541 -0.8909
vn 0.7633 -0.4275 -0.4843
vn 0.4891 -0.8419 -0.2280
vn 0.0000 0.4541 -0.8909
vn 0.0000 0.9381 -0.3463
vn 0.4891 0.8419 -0.2280
vn 0.7633 0.4275 -0.4843
vn 0.0000 0.9902 -0.1394
vn 0.0000 0.9999 0.0116
vn 0.2398 0.9658 -0.0978
vn 0.3560 -0.9330 -0.0522
vn 0.9340 -0.3026 -0.1899
vn 0.6785 -0.7254 -0.1162
vn 0.6785 0.7254 -0.1162
vn 0.9340 0.3026 -0.1899
vn 0.3560 0.9330 -0.0522
vn 0.4002 -0.9164 -0.0063
vn 0.9684 -0.2476 -0.0280
vn 0.7467 -0.6649 -0.0181
vn 0.7467 0.6649 -0.0181
vn 0.9684 0.2476 -0.0280
vn 0.4002 0.9164 -0.0063
vn 0.7248 0.6791 0.1162
vn 0.9516 0.2585 0.1660
vn 0.3894 0.9194 0.0545
vn 0.7248 -0.6791 0.1162
vn 0.3894 -0.9194 0.0545
vn 0.9516 -0.2585 0.1660
vn 0.5889 -0.7564 0.2847
vn 0.3048 -0.9431 0.1322
vn 0.8302 0.3225 0.4546
vn 0.8302 -0.3225 0.4546
vn 0.3048 0.9431 0.1322
vn 0.5889 0.7564 0.2847
vn 0.2618 -0.8491 0.4588
vn 0.1286 -0.9709 0.2018
vn 0.3833 0.3890 0.8377
vn 0.3833 -0.3890 0.8377
vn 0.1286 0.9709 0.2018
vn 0.2618 0.8491 0.4588
vn -0.1286 0.9709 0.2018
vn -0.2618 0.8491 0.4588
vn -0.1286 -0.9709 0.2018
vn -0.3833 -0.3890 0.8377
vn -0.2618 -0.8491 0.4588
vn -0.3833 0.3890 0.8377
vn -0.3048 -0.9431 0.1322
vn -0.8302 -0.3225 0.4546
vn -0.5889 -0.7564 0.2847
vn -0.5889 0.7564 0.2847
vn -0.8302 0.3225 0.4546
vn -0.3048 0.9431 0.1322
vn -0.9516 -0.2585 0.1660
vn -0.7248 -0.6791 0.1162
vn -0.7248 0.6791 0.1162
vn -0.9516 0.2585 0.1660
vn -0.3894 0.9194 0.0545
vn -0.3894 -0.9194 0.0545
vn -0.4002 0.9164 -0.0063
vn -0.7467 -0.6649 -0.0181
vn -0.4002 -0.9164 -0.0063
vn -0.9684 0.2476 -0.0280
vn -0.9684 -0.2476 -0.0280
vn -0.7467 0.6649 -0.0181
vn -0.6785 -0.7254 -0.1162
vn -0.3560 -0.9330 -0.0522
vn -0.9340 0.3026 -0.1899
vn -0.9340 -0.3026 -0.1899
vn -0.3560 0.9330 -0.0522
vn -0.6785 0.7254 -0.1162
vn -0.7633 0.4275 -0.4843
vn -0.7633 -0.4275 -0.4843
vn -0.2398 0.9658 -0.0978
vn -0.4891 0.8419 -0.2280
vn -0.2398 -0.9658 -0.0978
vn -0.4891 -0.8419 -0.2280
usemtl None
s 1
f 900/1029/518 903/1030/519 837/1031/520
f 902/1032/521 830/1033/522 835/1034/523 836/1035/524
f 829/1036/525 828/1037/526 833/1038/527 834/1039/528
f 901/1040/529 831/1041/530 832/1042/531
f 903/1030/519 902/1032/521 836/1035/524 837/1031/520
f 830/1033/522 829/1036/525 834/1039/528 835/1034/523
f 828/1037/526 901/1040/529 832/1042/531 833/1038/527
f 900/1043/518 837/1031/520 843/1044/532
f 836/1035/524 835/1034/523 841/1045/533 842/1046/534
f 834/1039/528 833/1038/527 839/1047/535 840/1048/536
f 832/1042/531 831/1049/530 838/1050/537
f 837/1031/520 836/1035/524 842/1046/534 843/1044/532
f 835/1034/523 834/1039/528 840/1048/536 841/1045/533
f 833/1038/527 832/1042/531 838/1050/537 839/1047/535
f 900/1051/518 843/1044/532 849/1052/538
f 842/1046/534 841/1045/533 847/1053/539 848/1054/540
f 840/1048/536 839/1047/535 845/1055/541 846/1056/542
f 838/1050/537 831/1057/530 844/1058/543
f 843/1044/532 842/1046/534 848/1054/540 849/1052/538
f 841/1045/533 840/1048/536 846/1056/542 847/1053/539
f 839/1047/535 838/1050/537 844/1058/543 845/1055/541
f 846/1056/542 845/1055/541 851/1059/544 852/1060/545
f 844/1058/543 831/1061/530 850/1062/546
f 849/1052/538 848/1054/540 854/1063/547 855/1064/548
f 847/1053/539 846/1056/542 852/1060/545 853/1065/549
f 845/1055/541 844/1058/543 850/1062/546 851/1059/544
f 900/1066/518 849/1052/538 855/1064/548
f 848/1054/540 847/1053/539 853/1065/549 854/1063/547
f 855/1064/548 854/1063/547 860/1067/550 861/1068/551
f 853/1065/549 852/1060/545 858/1069/552 859/1070/553
f 851/1059/544 850/1062/546 856/1071/554 857/1072/555
f 900/1073/518 855/1064/548 861/1068/551
f 854/1063/547 853/1065/549 859/1070/553 860/1067/550
f 852/1060/545 851/1059/544 857/1072/555 858/1069/552
f 850/1062/546 831/1074/530 856/1071/554
f 861/1068/551 860/1067/550 864/1075/556 865/1076/557
f 859/1070/553 858/1069/552 904/1077/558 905/1078/559
f 857/1072/555 856/1071/554 862/1079/560 863/1080/561
f 900/1081/518 861/1068/551 865/1076/557
f 860/1067/550 859/1070/553 905/1078/559 864/1075/556
f 858/1069/552 857/1072/555 863/1080/561 904/1077/558
f 856/1071/554 831/1082/530 862/1079/560
f 863/1080/561 862/1079/560 866/1083/562 867/1084/563
f 900/1085/518 865/1076/557 869/1086/564
f 864/1075/556 905/1078/559 907/1087/565 868/1088/566
f 904/1077/558 863/1080/561 867/1084/563 906/1089/567
f 862/1079/560 831/1090/530 866/1083/562
f 865/1076/557 864/1075/556 868/1088/566 869/1086/564
f 900/1091/518 869/1086/564 875/1092/568
f 868/1088/566 907/1087/565 873/1093/569 874/1094/570
f 906/1089/567 867/1084/563 871/1095/571 872/1096/572
f 866/1083/562 831/1097/530 870/1098/573
f 869/1086/564 868/1088/566 874/1094/570 875/1092/568
f 907/1087/565 906/1089/567 872/1096/572 873/1093/569
f 867/1084/563 866/1083/562 870/1098/573 871/1095/571
f 874/1094/570 873/1093/569 879/1099/574 880/1100/575
f 872/1096/572 871/1095/571 877/1101/576 878/1102/577
f 870/1098/573 831/1103/530 876/1104/578
f 875/1092/568 874/1094/570 880/1100/575 881/1105/579
f 873/1093/569 872/1096/572 878/1102/577 879/1099/574
f 871/1095/571 870/1098/573 876/1104/578 877/1101/576
f 900/1106/518 875/1092/568 881/1105/579
f 876/1107/578 831/1108/530 882/1109/580
f 881/1110/579 880/1111/575 886/1112/581 887/1113/582
f 879/1114/574 878/1115/577 884/1116/583 885/1117/584
f 877/1118/576 876/1107/578 882/1109/580 883/1119/585
f 900/1120/518 881/1110/579 887/1113/582
f 880/1111/575 879/1114/574 885/1117/584 886/1112/581
f 878/1115/577 877/1118/576 883/1119/585 884/1116/583
f 887/1113/582 886/1112/581 892/1121/586 893/1122/587
f 885/1117/584 884/1116/583 890/1123/588 891/1124/589
f 883/1119/585 882/1109/580 888/1125/590 889/1126/591
f 900/1127/518 887/1113/582 893/1122/587
f 886/1112/581 885/1117/584 891/1124/589 892/1121/586
f 884/1116/583 883/1119/585 889/1126/591 890/1123/588
f 882/1109/580 831/1128/530 888/1125/590
f 891/1124/589 890/1123/588 896/1129/592 897/1130/593
f 889/1126/591 888/1125/590 894/1131/594 895/1132/595
f 900/1133/518 893/1122/587 899/1134/596
f 892/1121/586 891/1124/589 897/1130/593 898/1135/597
f 890/1123/588 889/1126/591 895/1132/595 896/1129/592
f 888/1125/590 831/1136/530 894/1131/594
f 893/1122/587 892/1121/586 898/1135/597 899/1134/596
f 900/1137/518 899/1134/596 903/1030/519
f 898/1135/597 897/1130/593 830/1033/522 902/1032/521
f 896/1129/592 895/1132/595 828/1037/526 829/1036/525
f 894/1131/594 831/1138/530 901/1040/529
f 899/1134/596 898/1135/597 902/1032/521 903/1030/519
f 897/1130/593 896/1129/592 829/1036/525 830/1033/522
f 895/1132/595 894/1131/594 901/1040/529 828/1037/526
f 905/1078/559 904/1077/558 906/1089/567 907/1087/565
o Cylinder.001_Cylinder.006
v -1.806745 0.014372 1.507600
v -1.882301 0.014372 -1.281055
v -1.781549 -0.079663 1.507600
v -1.846982 -0.117441 -1.281055
v -1.712711 -0.148501 1.507600
v -1.750489 -0.213934 -1.281055
v -1.618676 -0.173697 1.507600
v -1.618677 -0.249253 -1.281055
v -1.524642 -0.148501 1.507600
v -1.486864 -0.213934 -1.281055
v -1.455804 -0.079663 1.507600
v -1.390371 -0.117441 -1.281055
v -1.430608 0.014372 1.507600
v -1.355052 0.014372 -1.281055
v -1.455804 0.108406 1.507600
v -1.390371 0.146184 -1.281055
v -1.524642 0.177244 1.507600
v -1.486864 0.242677 -1.281055
v -1.618676 0.202440 1.507600
v -1.618677 0.277996 -1.281055
v -1.712711 0.177244 1.507600
v -1.750489 0.242677 -1.281055
v -1.781549 0.108406 1.507600
v -1.846982 0.146184 -1.281055
v -1.996983 0.014372 1.481092
v -1.946300 -0.174782 1.481092
v -1.807830 -0.313251 1.481092
v -1.618676 -0.363935 1.481092
v -1.429523 -0.313251 1.481092
v -1.291054 -0.174782 1.481092
v -1.240370 0.014372 1.481092
v -1.291053 0.203525 1.481092
v -1.429523 0.341995 1.481092
v -1.618676 0.392678 1.481092
v -1.807829 0.341995 1.481092
v -1.946299 0.203525 1.481092
v -1.953429 0.014372 -1.222946
v -1.908580 -0.153004 -1.222946
v -1.786053 -0.275532 -1.222946
v -1.618677 -0.320380 -1.222946
v -1.451301 -0.275532 -1.222946
v -1.328773 -0.153004 -1.222946
v -1.283925 0.014372 -1.222946
v -1.328773 0.181748 -1.222946
v -1.451301 0.304275 -1.222946
v -1.618676 0.349124 -1.222946
v -1.786052 0.304276 -1.222946
v -1.908580 0.181748 -1.222946
v -1.996983 0.014372 1.549707
v -1.946300 -0.174782 1.549707
v -1.807830 -0.313251 1.549707
v -1.618676 -0.363935 1.549707
v -1.429523 -0.313251 1.549707
v -1.291054 -0.174782 1.549707
v -1.240370 0.014372 1.549707
v -1.291053 0.203525 1.549707
v -1.429523 0.341995 1.549707
v -1.618676 0.392678 1.549707
v -1.807829 0.341995 1.549707
v -1.946299 0.203525 1.549707
v -1.908580 -0.153004 -1.281055
v -1.953429 0.014372 -1.281055
v -1.786053 -0.275532 -1.281055
v -1.618677 -0.320380 -1.281055
v -1.451301 -0.275532 -1.281055
v -1.328773 -0.153004 -1.281055
v -1.283925 0.014372 -1.281055
v -1.328773 0.181748 -1.281055
v -1.451301 0.304275 -1.281055
v -1.618676 0.349124 -1.281055
v -1.786052 0.304276 -1.281055
v -1.908580 0.181748 -1.281055
v -1.908580 -0.153004 1.443474
v -1.786052 -0.275532 1.443474
v -1.618676 -0.320380 1.443474
v -1.451300 -0.275532 1.443474
v -1.328773 -0.153004 1.443474
v -1.283924 0.014372 1.443474
v -1.328773 0.181748 1.443474
v -1.451300 0.304275 1.443474
v -1.618676 0.349124 1.443474
v -1.786052 0.304276 1.443474
v -1.908580 0.181748 1.443474
v -1.953429 0.014372 1.443474
v -1.953429 0.014372 1.432967
v -1.908580 -0.153004 1.432967
v -1.786052 -0.275532 1.432967
v -1.618676 -0.320380 1.432967
v -1.451300 -0.275532 1.432967
v -1.328773 -0.153004 1.432967
v -1.283924 0.014372 1.432967
v -1.328773 0.181748 1.432967
v -1.451300 0.304275 1.432967
v -1.618676 0.349124 1.432967
v -1.786052 0.304276 1.432967
v -1.908580 0.181748 1.432967
v -1.946300 -0.174782 1.489235
v -1.807830 -0.313251 1.489235
v -1.618676 -0.363935 1.489235
v -1.429523 -0.313251 1.489235
v -1.291054 -0.174782 1.489235
v -1.240370 0.014372 1.489235
v -1.291053 0.203525 1.489235
v -1.429523 0.341995 1.489235
v -1.618676 0.392678 1.489235
v -1.807829 0.341995 1.489235
v -1.946299 0.203525 1.489235
v -1.996983 0.014372 1.489235
v -1.914173 -0.156233 1.449051
v -1.789281 -0.281125 1.449051
v -1.618676 -0.326838 1.449051
v -1.448071 -0.281125 1.449051
v -1.323180 -0.156233 1.449051
v -1.277466 0.014372 1.449051
v -1.323180 0.184977 1.449051
v -1.448071 0.309868 1.449051
v -1.618676 0.355582 1.449051
v -1.789281 0.309868 1.449051
v -1.914173 0.184977 1.449051
v -1.959887 0.014372 1.449051
v -1.940869 -0.171646 1.475676
v -1.804695 -0.307821 1.475676
v -1.618676 -0.357664 1.475676
v -1.432658 -0.307821 1.475676
v -1.296484 -0.171646 1.475676
v -1.246640 0.014372 1.475676
v -1.296484 0.200390 1.475676
v -1.432658 0.336564 1.475676
v -1.618676 0.386408 1.475676
v -1.804694 0.336565 1.475676
v -1.940869 0.200390 1.475676
v -1.990713 0.014372 1.475676
v -1.864767 -0.127709 2.054127
v -1.902837 0.014372 2.054127
v -1.760757 -0.231719 2.054127
v -1.618676 -0.269789 2.054127
v -1.476596 -0.231718 2.054127
v -1.372586 -0.127709 2.054127
v -1.334516 0.014372 2.054127
v -1.372586 0.156452 2.054127
v -1.476596 0.260462 2.054127
v -1.618676 0.298532 2.054127
v -1.760757 0.260462 2.054127
v -1.864767 0.156452 2.054127
v -1.900390 0.014372 2.067239
v -1.862647 -0.126485 2.067239
v -1.759533 -0.229599 2.067239
v -1.618676 -0.267342 2.067239
v -1.477820 -0.229599 2.067239
v -1.374706 -0.126485 2.067239
v -1.336963 0.014372 2.067239
v -1.374706 0.155228 2.067239
v -1.477820 0.258343 2.067239
v -1.618676 0.296085 2.067239
v -1.759533 0.258343 2.067239
v -1.862647 0.155228 2.067239
v -1.886829 0.014372 2.067239
v -1.850904 -0.119705 2.067239
v -1.752753 -0.217855 2.067239
v -1.618676 -0.253781 2.067239
v -1.484600 -0.217855 2.067239
v -1.386449 -0.119705 2.067239
v -1.350524 0.014372 2.067239
v -1.386449 0.148448 2.067239
v -1.484600 0.246599 2.067239
v -1.618676 0.282524 2.067239
v -1.752753 0.246599 2.067239
v -1.850903 0.148448 2.067239
v -1.824476 0.014372 2.067239
v -1.796904 -0.088528 2.067239
v -1.721576 -0.163856 2.067239
v -1.618676 -0.191428 2.067239
v -1.515777 -0.163856 2.067239
v -1.440449 -0.088528 2.067239
v -1.412877 0.014372 2.067239
v -1.440449 0.117272 2.067239
v -1.515777 0.192599 2.067239
v -1.618676 0.220171 2.067239
v -1.721576 0.192599 2.067239
v -1.796904 0.117272 2.067239
v -1.814501 0.014372 2.067239
v -1.788265 -0.083541 2.067239
v -1.716589 -0.155217 2.067239
v -1.618676 -0.181453 2.067239
v -1.520764 -0.155217 2.067239
v -1.449088 -0.083541 2.067239
v -1.422852 0.014372 2.067239
v -1.449088 0.112284 2.067239
v -1.520764 0.183961 2.067239
v -1.618676 0.210196 2.067239
v -1.716589 0.183961 2.067239
v -1.788265 0.112284 2.067239
v -1.666272 -0.013108 -1.433746
v -1.673635 0.014372 -1.433746
v -1.646156 -0.033224 -1.433746
v -1.618677 -0.040587 -1.433746
v -1.591197 -0.033224 -1.433746
v -1.571081 -0.013108 -1.433746
v -1.563718 0.014372 -1.433746
v -1.571081 0.041851 -1.433746
v -1.591197 0.061967 -1.433746
v -1.618677 0.069331 -1.433746
v -1.646156 0.061967 -1.433746
v -1.666272 0.041851 -1.433746
v -1.716092 -0.041871 -1.433746
v -1.731163 0.014372 -1.433746
v -1.674920 -0.083044 -1.433746
v -1.618677 -0.098114 -1.433746
v -1.562433 -0.083044 -1.433746
v -1.521261 -0.041871 -1.433746
v -1.506190 0.014372 -1.433746
v -1.521261 0.070615 -1.433746
v -1.562433 0.111788 -1.433746
v -1.618677 0.126858 -1.433746
v -1.674920 0.111788 -1.433746
v -1.716092 0.070615 -1.433746
v -1.662664 -0.011024 -1.892516
v -1.669469 0.014372 -1.892516
v -1.644073 -0.029616 -1.892516
v -1.618677 -0.036420 -1.892516
v -1.593280 -0.029616 -1.892516
v -1.574689 -0.011024 -1.892516
v -1.567884 0.014372 -1.892516
v -1.574689 0.039768 -1.892516
v -1.593280 0.058360 -1.892516
v -1.618677 0.065164 -1.892516
v -1.644073 0.058360 -1.892516
v -1.662664 0.039768 -1.892516
v -1.677605 0.014372 -1.433746
v -1.669710 -0.015093 -1.433746
v -1.648141 -0.036662 -1.433746
v -1.618677 -0.044557 -1.433746
v -1.589212 -0.036662 -1.433746
v -1.567643 -0.015093 -1.433746
v -1.559748 0.014372 -1.433746
v -1.567643 0.043836 -1.433746
v -1.589212 0.065405 -1.433746
v -1.618677 0.073300 -1.433746
v -1.648141 0.065405 -1.433746
v -1.669710 0.043836 -1.433746
v -1.711701 -0.039336 -1.433746
v -1.672384 -0.078653 -1.433746
v -1.618677 -0.093044 -1.433746
v -1.564969 -0.078653 -1.433746
v -1.525652 -0.039336 -1.433746
v -1.511261 0.014372 -1.433746
v -1.525652 0.068080 -1.433746
v -1.564969 0.107396 -1.433746
v -1.618677 0.121787 -1.433746
v -1.672384 0.107396 -1.433746
v -1.711701 0.068080 -1.433746
v -1.726092 0.014372 -1.433746
v -1.519696 0.071518 -1.431920
v -1.561530 0.113352 -1.431920
v -1.561530 -0.084609 -1.431920
v -1.519696 -0.042775 -1.431920
v -1.717657 0.071518 -1.431920
v -1.732970 0.014372 -1.431920
v -1.717657 -0.042775 -1.431920
v -1.675823 -0.084609 -1.431920
v -1.618677 0.128665 -1.431920
v -1.504383 0.014372 -1.431920
v -1.618677 -0.099921 -1.431920
v -1.675823 0.113352 -1.431920
v -1.487933 0.240826 -1.283214
v -1.392222 -0.116372 -1.283214
v -1.880164 0.014372 -1.283214
v -1.749420 -0.212083 -1.283214
v -1.618677 0.275859 -1.283214
v -1.357189 0.014372 -1.283214
v -1.618677 -0.247116 -1.283214
v -1.749420 0.240827 -1.283214
v -1.392222 0.145115 -1.283214
v -1.487933 -0.212083 -1.283214
v -1.845131 0.145116 -1.283214
v -1.845131 -0.116372 -1.283214
v -1.885884 0.014372 -1.281055
v -1.850085 -0.119232 -1.281055
v -1.752280 -0.217037 -1.281055
v -1.618677 -0.252836 -1.281055
v -1.485073 -0.217037 -1.281055
v -1.387268 -0.119232 -1.281055
v -1.351469 0.014372 -1.281055
v -1.387268 0.147975 -1.281055
v -1.485073 0.245780 -1.281055
v -1.618677 0.281579 -1.281055
v -1.752280 0.245780 -1.281055
v -1.850085 0.147976 -1.281055
v -1.903668 -0.150168 -1.281055
v -1.783216 -0.270620 -1.281055
v -1.618677 -0.314708 -1.281055
v -1.454137 -0.270620 -1.281055
v -1.333685 -0.150168 -1.281055
v -1.289597 0.014372 -1.281055
v -1.333685 0.178912 -1.281055
v -1.454137 0.299363 -1.281055
v -1.618676 0.343451 -1.281055
v -1.783216 0.299363 -1.281055
v -1.903668 0.178912 -1.281055
v -1.947756 0.014372 -1.281055
v -1.666272 -0.013107 -1.892516
v -1.673635 0.014372 -1.892516
v -1.646156 -0.033224 -1.892516
v -1.618677 -0.040587 -1.892516
v -1.591197 -0.033224 -1.892516
v -1.571081 -0.013107 -1.892516
v -1.563718 0.014372 -1.892516
v -1.571081 0.041851 -1.892516
v -1.591197 0.061968 -1.892516
v -1.618677 0.069331 -1.892516
v -1.646156 0.061968 -1.892516
v -1.666272 0.041851 -1.892516
v -1.591197 0.061968 -1.886036
v -1.618677 0.069331 -1.886036
v -1.571081 -0.013107 -1.886036
v -1.563718 0.014372 -1.886036
v -1.646156 -0.033224 -1.886036
v -1.618677 -0.040587 -1.886036
v -1.646156 0.061968 -1.886036
v -1.571081 0.041851 -1.886036
v -1.591197 -0.033224 -1.886036
v -1.666272 0.041851 -1.886036
v -1.673635 0.014372 -1.886036
v -1.666272 -0.013107 -1.886036
v -1.618677 0.069331 -1.438759
v -1.563718 0.014372 -1.438759
v -1.618677 -0.040587 -1.438759
v -1.646156 0.061967 -1.438759
v -1.571081 0.041851 -1.438759
v -1.591197 -0.033224 -1.438759
v -1.666272 0.041851 -1.438759
v -1.666272 -0.013108 -1.438759
v -1.591197 0.061967 -1.438759
v -1.571081 -0.013108 -1.438759
v -1.646156 -0.033224 -1.438759
v -1.673635 0.014372 -1.438759
v -1.782037 -0.079945 1.538150
v -1.807309 0.014372 1.538150
v -1.712993 -0.148989 1.538150
v -1.618676 -0.174261 1.538150
v -1.524360 -0.148989 1.538150
v -1.455316 -0.079945 1.538150
v -1.430044 0.014372 1.538150
v -1.455316 0.108688 1.538150
v -1.524360 0.177732 1.538150
v -1.618676 0.203004 1.538150
v -1.712993 0.177732 1.538150
v -1.782037 0.108688 1.538150
v -1.814316 0.014372 2.057221
v -1.788105 -0.083448 2.057221
v -1.716496 -0.155057 2.057221
v -1.618676 -0.181268 2.057221
v -1.520857 -0.155057 2.057221
v -1.449248 -0.083448 2.057221
v -1.423037 0.014372 2.057221
v -1.449248 0.112191 2.057221
v -1.520857 0.183801 2.057221
v -1.618676 0.210011 2.057221
v -1.716496 0.183801 2.057221
v -1.788105 0.112192 2.057221
vt 1.000000 0.990616
vt 1.000000 1.000000
vt 0.916667 1.000000
vt 0.916667 0.990616
vt 0.833333 1.000000
vt 0.833333 0.990616
vt 0.750000 1.000000
vt 0.750000 0.990616
vt 0.666667 1.000000
vt 0.666667 0.990616
vt 0.583333 1.000000
vt 0.583333 0.990616
vt 0.500000 1.000000
vt 0.500000 0.990616
vt 0.416667 1.000000
vt 0.416667 0.990616
vt 0.333333 1.000000
vt 0.333333 0.990616
vt 0.250000 1.000000
vt 0.250000 0.990616
vt 0.166667 1.000000
vt 0.166667 0.990616
vt 0.086317 0.155497
vt 0.155497 0.086317
vt 0.155497 0.086317
vt 0.086317 0.155497
vt 0.083333 1.000000
vt 0.083333 0.990616
vt 0.000000 1.000000
vt 0.000000 0.990616
vt 0.750000 0.384836
vt 0.817418 0.366771
vt 0.866771 0.317418
vt 0.884836 0.250000
vt 0.866771 0.182582
vt 0.817418 0.133229
vt 0.750000 0.115164
vt 0.682582 0.133229
vt 0.633229 0.182582
vt 0.615164 0.250000
vt 0.633229 0.317418
vt 0.682582 0.366771
vt 0.083333 0.509765
vt 0.083333 0.511081
vt 0.000000 0.511081
vt 0.000000 0.509766
vt 0.166667 0.509765
vt 0.166667 0.511081
vt 0.250000 0.509766
vt 0.250000 0.511081
vt 0.333333 0.509766
vt 0.333333 0.511081
vt 0.416667 0.509766
vt 0.416667 0.511081
vt 0.500000 0.509766
vt 0.500000 0.511081
vt 0.583333 0.509766
vt 0.583333 0.511081
vt 0.666667 0.509766
vt 0.666667 0.511081
vt 0.750000 0.509766
vt 0.750000 0.511081
vt 0.833333 0.509765
vt 0.833333 0.511081
vt 0.916667 0.509766
vt 0.916667 0.511081
vt 1.000000 0.509766
vt 1.000000 0.511081
vt 0.083333 0.519615
vt 0.000000 0.519615
vt 0.166667 0.519615
vt 0.250000 0.519615
vt 0.333333 0.519615
vt 0.416667 0.519615
vt 0.500000 0.519615
vt 0.583333 0.519615
vt 0.666667 0.519615
vt 0.750000 0.519615
vt 0.833333 0.519615
vt 0.916667 0.519615
vt 1.000000 0.519615
vt 0.851469 0.425749
vt 0.750000 0.452937
vt 0.750000 0.490000
vt 0.870000 0.457846
vt 0.925749 0.351469
vt 0.957846 0.370000
vt 0.952937 0.250000
vt 0.990000 0.250000
vt 0.925749 0.148531
vt 0.957846 0.130000
vt 0.851469 0.074251
vt 0.870000 0.042154
vt 0.750000 0.047063
vt 0.750000 0.010000
vt 0.648531 0.074251
vt 0.630000 0.042154
vt 0.574251 0.148531
vt 0.542154 0.130000
vt 0.547063 0.250000
vt 0.510000 0.250000
vt 0.574251 0.351469
vt 0.542154 0.370000
vt 0.648531 0.425749
vt 0.630000 0.457846
vt 0.250000 0.485933
vt 0.367967 0.454324
vt 0.370000 0.457846
vt 0.250000 0.490000
vt 0.454324 0.367967
vt 0.457846 0.370000
vt 0.485933 0.250000
vt 0.490000 0.250000
vt 0.454324 0.132033
vt 0.457846 0.130000
vt 0.367967 0.045676
vt 0.370000 0.042154
vt 0.250000 0.014067
vt 0.250000 0.010000
vt 0.132033 0.045676
vt 0.130000 0.042154
vt 0.045676 0.132033
vt 0.042154 0.130000
vt 0.014067 0.250000
vt 0.010000 0.250000
vt 0.045676 0.367967
vt 0.042154 0.370000
vt 0.132033 0.454324
vt 0.130000 0.457846
vt 1.000000 0.516763
vt 1.000000 0.517752
vt 0.916667 0.517752
vt 0.916667 0.516763
vt 0.833333 0.517752
vt 0.833333 0.516762
vt 0.750000 0.517752
vt 0.750000 0.516763
vt 0.666667 0.517752
vt 0.666667 0.516762
vt 0.583333 0.517752
vt 0.583333 0.516762
vt 0.500000 0.517752
vt 0.500000 0.516763
vt 0.416667 0.517752
vt 0.416667 0.516763
vt 0.333333 0.517752
vt 0.333333 0.516763
vt 0.250000 0.517752
vt 0.250000 0.516762
vt 0.166667 0.517752
vt 0.166667 0.516762
vt 0.083333 0.517752
vt 0.083333 0.516762
vt 0.000000 0.517752
vt 0.000000 0.516763
vt 1.000000 0.500000
vt 0.916667 0.500000
vt 0.833333 0.500000
vt 0.750000 0.500000
vt 0.666667 0.500000
vt 0.583333 0.500000
vt 0.500000 0.500000
vt 0.416667 0.500000
vt 0.333333 0.500000
vt 0.250000 0.500000
vt 0.166667 0.500000
vt 0.083333 0.500000
vt 0.000000 0.500000
vt 0.083333 0.512041
vt 0.000000 0.512041
vt 0.166667 0.512041
vt 0.250000 0.512041
vt 0.333333 0.512041
vt 0.416667 0.512041
vt 0.500000 0.512041
vt 0.583333 0.512041
vt 0.666667 0.512041
vt 0.750000 0.512041
vt 0.833333 0.512041
vt 0.916667 0.512041
vt 1.000000 0.512041
vt 0.750000 0.451974
vt 0.649013 0.424915
vt 0.575085 0.350987
vt 0.548026 0.250000
vt 0.575085 0.149013
vt 0.649013 0.075085
vt 0.750000 0.048026
vt 0.850987 0.075085
vt 0.924915 0.149013
vt 0.951974 0.250000
vt 0.924915 0.350987
vt 0.850987 0.424914
vt 0.846126 0.416495
vt 0.750000 0.442252
vt 0.916495 0.346126
vt 0.942252 0.250000
vt 0.916495 0.153874
vt 0.846126 0.083505
vt 0.750000 0.057748
vt 0.653874 0.083505
vt 0.583505 0.153874
vt 0.557748 0.250000
vt 0.583505 0.346126
vt 0.653874 0.416495
vt 0.823774 0.377780
vt 0.750000 0.397548
vt 0.877780 0.323774
vt 0.897548 0.250000
vt 0.877780 0.176226
vt 0.823774 0.122220
vt 0.750000 0.102452
vt 0.676226 0.122220
vt 0.622220 0.176226
vt 0.602452 0.250000
vt 0.622220 0.323774
vt 0.676226 0.377780
vt 0.820198 0.371586
vt 0.750000 0.390396
vt 0.871586 0.320198
vt 0.890396 0.250000
vt 0.871586 0.179802
vt 0.820198 0.128413
vt 0.750000 0.109604
vt 0.679802 0.128413
vt 0.628413 0.179802
vt 0.609604 0.250000
vt 0.628413 0.320198
vt 0.679802 0.371586
vt 0.820132 0.371472
vt 0.750000 0.390263
vt 0.871472 0.320132
vt 0.890264 0.250000
vt 0.871472 0.179868
vt 0.820132 0.128528
vt 0.750000 0.109736
vt 0.679868 0.128528
vt 0.628528 0.179868
vt 0.609736 0.250000
vt 0.628528 0.320132
vt 0.679868 0.371472
vt 0.157655 0.250000
vt 0.170027 0.203828
vt 0.170027 0.203828
vt 0.157655 0.250000
vt 0.344503 0.086317
vt 0.413683 0.155497
vt 0.413683 0.155497
vt 0.344503 0.086317
vt 0.250000 0.439005
vt 0.155497 0.413683
vt 0.155497 0.413683
vt 0.250000 0.439005
vt 0.413683 0.344503
vt 0.344503 0.413683
vt 0.344503 0.413683
vt 0.413683 0.344503
vt 0.060995 0.250000
vt 0.060995 0.250000
vt 0.250000 0.060995
vt 0.250000 0.060995
vt 0.439005 0.250000
vt 0.439005 0.250000
vt 0.086316 0.344503
vt 0.086316 0.344503
vt 0.250000 0.430486
vt 0.340243 0.406305
vt 0.406305 0.340243
vt 0.430486 0.250000
vt 0.406305 0.159757
vt 0.340243 0.093695
vt 0.250000 0.069514
vt 0.159757 0.093695
vt 0.093695 0.159757
vt 0.069514 0.250000
vt 0.093695 0.340243
vt 0.159757 0.406305
vt 0.292672 0.323910
vt 0.250000 0.335344
vt 0.207328 0.323910
vt 0.176090 0.292672
vt 0.164656 0.250000
vt 0.176090 0.207328
vt 0.207328 0.176090
vt 0.250000 0.164656
vt 0.292672 0.176090
vt 0.323910 0.207328
vt 0.335344 0.250000
vt 0.323910 0.292672
vt 0.250000 0.157655
vt 0.296172 0.170027
vt 0.296172 0.170027
vt 0.250000 0.157655
vt 0.342345 0.250000
vt 0.329973 0.296172
vt 0.329973 0.296172
vt 0.342345 0.250000
vt 0.170027 0.296172
vt 0.170027 0.296172
vt 0.203828 0.170027
vt 0.203828 0.170027
vt 0.329973 0.203828
vt 0.329973 0.203828
vt 0.203828 0.329973
vt 0.203827 0.329973
vt 0.296172 0.329973
vt 0.250000 0.342345
vt 0.250000 0.342345
vt 0.296172 0.329973
vt 0.203827 0.329973
vt 0.250000 0.342345
vt 0.250000 0.349015
vt 0.200492 0.335750
vt 0.170027 0.296172
vt 0.164250 0.299508
vt 0.157655 0.250000
vt 0.150985 0.250000
vt 0.170027 0.203828
vt 0.164250 0.200492
vt 0.203828 0.170027
vt 0.200492 0.164250
vt 0.250000 0.157655
vt 0.250000 0.150985
vt 0.296172 0.170027
vt 0.299508 0.164250
vt 0.329973 0.203828
vt 0.335750 0.200492
vt 0.342345 0.250000
vt 0.349015 0.250000
vt 0.329973 0.296172
vt 0.335750 0.299508
vt 0.296172 0.329973
vt 0.299508 0.335750
vt 0.344503 0.413683
vt 0.250000 0.439005
vt 0.155497 0.413683
vt 0.086316 0.344503
vt 0.413683 0.155497
vt 0.439005 0.250000
vt 0.155497 0.086317
vt 0.250000 0.060995
vt 0.060995 0.250000
vt 0.413683 0.344503
vt 0.344503 0.086317
vt 0.086317 0.155497
vt 0.086317 0.155497
vt 0.155497 0.086317
vt 0.344503 0.086317
vt 0.413683 0.155497
vt 0.250000 0.439005
vt 0.155497 0.413683
vt 0.413683 0.344503
vt 0.344503 0.413683
vt 0.060995 0.250000
vt 0.250000 0.060995
vt 0.439005 0.250000
vt 0.086316 0.344503
vt 0.250000 0.441574
vt 0.154213 0.415908
vt 0.084092 0.345787
vt 0.058426 0.250000
vt 0.084092 0.154213
vt 0.154213 0.084092
vt 0.250000 0.058426
vt 0.345787 0.084092
vt 0.415908 0.154213
vt 0.441574 0.250000
vt 0.415908 0.345787
vt 0.345787 0.415908
vt 0.329973 0.296172
vt 0.296172 0.329973
vt 0.250000 0.342345
vt 0.203827 0.329973
vt 0.296172 0.170027
vt 0.329973 0.203828
vt 0.170027 0.203828
vt 0.203828 0.170027
vt 0.170027 0.296172
vt 0.342345 0.250000
vt 0.250000 0.157655
vt 0.157655 0.250000
vt 0.682380 0.367121
vt 0.750000 0.385240
vt 0.632879 0.317620
vt 0.614760 0.250000
vt 0.632879 0.182380
vt 0.682380 0.132879
vt 0.750000 0.114760
vt 0.817620 0.132879
vt 0.867121 0.182380
vt 0.885240 0.250000
vt 0.867121 0.317620
vt 0.817620 0.367121
vn -1.0000 0.0000 0.0000
vn -0.7571 0.0000 -0.6532
vn -0.6557 -0.3786 -0.6532
vn -0.8660 -0.5000 0.0000
vn -0.3786 -0.6557 -0.6532
vn -0.5000 -0.8660 0.0000
vn 0.0000 -0.7571 -0.6532
vn 0.0000 -1.0000 0.0000
vn 0.3786 -0.6557 -0.6532
vn 0.5000 -0.8660 0.0000
vn 0.6557 -0.3786 -0.6532
vn 0.8660 -0.5000 0.0000
vn 0.7572 0.0000 -0.6532
vn 1.0000 0.0000 0.0000
vn 0.6557 0.3786 -0.6532
vn 0.8660 0.5000 0.0000
vn 0.3786 0.6557 -0.6532
vn 0.5000 0.8660 0.0000
vn 0.0000 0.7571 -0.6532
vn 0.0000 1.0000 0.0000
vn -0.3786 0.6557 -0.6532
vn -0.5000 0.8660 0.0000
vn 0.3554 0.6155 -0.7035
vn 0.6155 0.3553 -0.7035
vn 0.3784 0.2185 -0.8995
vn 0.2185 0.3784 -0.8995
vn -0.6557 0.3786 -0.6532
vn -0.8660 0.5000 0.0000
vn 0.7512 0.0000 0.6601
vn 0.6505 0.3756 0.6601
vn 0.3756 0.6505 0.6601
vn 0.0000 0.7512 0.6601
vn -0.3756 0.6505 0.6601
vn -0.6505 0.3756 0.6601
vn -0.7512 0.0000 0.6601
vn -0.6505 -0.3756 0.6601
vn -0.3756 -0.6505 0.6601
vn 0.0000 -0.7512 0.6601
vn 0.3756 -0.6505 0.6601
vn 0.6505 -0.3756 0.6601
vn -0.7966 0.4599 -0.3922
vn -0.9199 0.0000 -0.3922
vn -0.4599 0.7966 -0.3922
vn 0.0000 0.9199 -0.3922
vn 0.4599 0.7966 -0.3922
vn 0.7966 0.4599 -0.3922
vn 0.9199 0.0000 -0.3922
vn 0.7966 -0.4599 -0.3922
vn 0.4599 -0.7966 -0.3922
vn 0.0000 -0.9199 -0.3922
vn -0.4599 -0.7966 -0.3922
vn -0.7966 -0.4599 -0.3922
vn -0.8513 -0.4915 0.1834
vn -0.9830 0.0000 0.1834
vn -0.9958 0.0000 0.0908
vn -0.8624 -0.4979 0.0908
vn -0.4915 -0.8513 0.1834
vn -0.4979 -0.8624 0.0908
vn 0.0000 -0.9830 0.1834
vn 0.0000 -0.9958 0.0908
vn 0.4915 -0.8513 0.1834
vn 0.4979 -0.8624 0.0908
vn 0.8513 -0.4915 0.1834
vn 0.8624 -0.4979 0.0908
vn 0.9830 0.0000 0.1834
vn 0.9958 0.0000 0.0908
vn 0.8513 0.4915 0.1834
vn 0.8624 0.4979 0.0908
vn 0.4915 0.8513 0.1834
vn 0.4979 0.8624 0.0908
vn 0.0000 0.9830 0.1834
vn 0.0000 0.9958 0.0908
vn -0.4915 0.8513 0.1834
vn -0.4979 0.8624 0.0908
vn -0.8513 0.4915 0.1834
vn -0.8624 0.4979 0.0908
vn 0.0000 0.0000 -1.0000
vn -0.6536 0.0000 -0.7568
vn -0.8957 0.0000 -0.4445
vn -0.7757 -0.4479 -0.4445
vn -0.5661 -0.3268 -0.7568
vn -0.4479 -0.7757 -0.4445
vn -0.3268 -0.5661 -0.7568
vn 0.0000 -0.8957 -0.4445
vn 0.0000 -0.6536 -0.7568
vn 0.4479 -0.7757 -0.4445
vn 0.3268 -0.5661 -0.7568
vn 0.7757 -0.4479 -0.4445
vn 0.5661 -0.3268 -0.7568
vn 0.8957 0.0000 -0.4445
vn 0.6536 0.0000 -0.7568
vn 0.7757 0.4479 -0.4445
vn 0.5661 0.3268 -0.7568
vn 0.4479 0.7757 -0.4445
vn 0.3268 0.5661 -0.7568
vn 0.0000 0.8957 -0.4445
vn 0.0000 0.6536 -0.7568
vn -0.4479 0.7757 -0.4445
vn -0.3268 0.5661 -0.7568
vn -0.7757 0.4479 -0.4445
vn -0.5661 0.3268 -0.7568
vn -0.6939 0.0000 0.7200
vn -0.6010 0.3470 0.7200
vn -0.3470 0.6010 0.7200
vn 0.0000 0.6939 0.7200
vn 0.3470 0.6010 0.7200
vn 0.6010 0.3470 0.7200
vn 0.6939 0.0000 0.7200
vn 0.6010 -0.3470 0.7200
vn 0.3470 -0.6010 0.7200
vn 0.0000 -0.6939 0.7200
vn -0.3470 -0.6010 0.7200
vn -0.6010 -0.3470 0.7200
vn 0.0000 0.0000 1.0000
vn 0.5463 0.3154 0.7759
vn 0.6308 0.0000 0.7759
vn 0.3154 0.5463 0.7759
vn 0.0000 0.6308 0.7759
vn -0.3154 0.5463 0.7759
vn -0.5463 0.3154 0.7759
vn -0.6308 0.0000 0.7759
vn -0.5463 -0.3154 0.7759
vn -0.3154 -0.5463 0.7759
vn 0.0000 -0.6308 0.7759
vn 0.3154 -0.5463 0.7759
vn 0.5463 -0.3154 0.7759
vn 0.8659 0.4999 0.0160
vn 0.9998 0.0000 0.0160
vn 0.4999 0.8659 0.0160
vn 0.0000 0.9998 0.0160
vn -0.4999 0.8659 0.0160
vn -0.8659 0.4999 0.0160
vn -0.9998 0.0000 0.0160
vn -0.8659 -0.4999 0.0160
vn -0.4999 -0.8659 0.0160
vn 0.0000 -0.9998 0.0160
vn 0.4999 -0.8659 0.0160
vn 0.8659 -0.4999 0.0160
vn 0.6155 -0.3553 -0.7035
vn 0.3553 -0.6155 -0.7035
vn 0.2184 -0.3784 -0.8995
vn 0.3783 -0.2184 -0.8995
vn -0.7107 0.0000 -0.7035
vn -0.6155 0.3553 -0.7035
vn -0.3784 0.2185 -0.8995
vn -0.4369 0.0000 -0.8995
vn -0.3553 -0.6155 -0.7035
vn -0.6155 -0.3553 -0.7035
vn -0.3784 -0.2185 -0.8995
vn -0.2184 -0.3784 -0.8995
vn 0.0000 0.7107 -0.7035
vn 0.0000 0.4369 -0.8995
vn 0.7107 0.0000 -0.7035
vn 0.4369 0.0000 -0.8995
vn 0.0000 -0.7107 -0.7035
vn 0.0000 -0.4369 -0.8995
vn -0.3553 0.6155 -0.7035
vn -0.2185 0.3784 -0.8995
vn -0.5523 0.3189 -0.7703
vn -0.6377 0.0000 -0.7703
vn -0.3189 0.5523 -0.7703
vn 0.0000 0.6377 -0.7703
vn 0.3189 0.5523 -0.7703
vn 0.5523 0.3189 -0.7703
vn 0.6377 0.0000 -0.7703
vn 0.5523 -0.3189 -0.7703
vn 0.3189 -0.5523 -0.7703
vn 0.0000 -0.6377 -0.7703
vn -0.3189 -0.5523 -0.7703
vn -0.5523 -0.3189 -0.7703
vn 0.1639 0.2839 -0.9447
vn 0.2839 0.1639 -0.9447
vn 0.2839 -0.1639 -0.9447
vn 0.1639 -0.2839 -0.9447
vn -0.3279 0.0000 -0.9447
vn -0.2839 0.1639 -0.9447
vn -0.1639 -0.2839 -0.9447
vn -0.2839 -0.1639 -0.9447
vn 0.0000 0.3279 -0.9447
vn 0.3279 0.0000 -0.9447
vn 0.0000 -0.3279 -0.9447
vn -0.1639 0.2839 -0.9447
usemtl None
s 1
f 944/1139/598 969/1140/599 968/1141/600 945/1142/601
f 945/1142/601 968/1141/600 970/1143/602 946/1144/603
f 946/1144/603 970/1143/602 971/1145/604 947/1146/605
f 947/1146/605 971/1145/604 972/1147/606 948/1148/607
f 948/1148/607 972/1147/606 973/1149/608 949/1150/609
f 949/1150/609 973/1149/608 974/1151/610 950/1152/611
f 950/1152/611 974/1151/610 975/1153/612 951/1154/613
f 951/1154/613 975/1153/612 976/1155/614 952/1156/615
f 952/1156/615 976/1155/614 977/1157/616 953/1158/617
f 953/1158/617 977/1157/616 978/1159/618 954/1160/619
f 1161/1161/620 1160/1162/621 1119/1163/622 1120/1164/623
f 954/1160/619 978/1159/618 979/1165/624 955/1166/625
f 955/1166/625 979/1165/624 969/1167/599 944/1168/598
f 908/1169/626 910/1170/627 912/1171/628 914/1172/629 916/1173/630 918/1174/631 920/1175/632 922/1176/633 924/1177/634 926/1178/635 928/1179/636 930/1180/637
f 1014/1181/625 943/1182/638 932/1183/639 1015/1184/598
f 1013/1185/619 942/1186/640 943/1182/638 1014/1181/625
f 1012/1187/617 941/1188/641 942/1186/640 1013/1185/619
f 1011/1189/615 940/1190/642 941/1188/641 1012/1187/617
f 1010/1191/613 939/1192/643 940/1190/642 1011/1189/615
f 1009/1193/611 938/1194/644 939/1192/643 1010/1191/613
f 1008/1195/609 937/1196/645 938/1194/644 1009/1193/611
f 1007/1197/607 936/1198/646 937/1196/645 1008/1195/609
f 1006/1199/605 935/1200/647 936/1198/646 1007/1197/607
f 1005/1201/603 934/1202/648 935/1200/647 1006/1199/605
f 1004/1203/601 933/1204/649 934/1202/648 1005/1201/603
f 1015/1205/598 932/1206/639 933/1204/649 1004/1203/601
f 1003/1207/625 955/1166/625 944/1168/598 992/1208/598
f 1002/1209/619 954/1160/619 955/1166/625 1003/1207/625
f 1001/1210/617 953/1158/617 954/1160/619 1002/1209/619
f 1000/1211/615 952/1156/615 953/1158/617 1001/1210/617
f 999/1212/613 951/1154/613 952/1156/615 1000/1211/615
f 998/1213/611 950/1152/611 951/1154/613 999/1212/613
f 997/1214/609 949/1150/609 950/1152/611 998/1213/611
f 996/1215/607 948/1148/607 949/1150/609 997/1214/609
f 995/1216/605 947/1146/605 948/1148/607 996/1215/607
f 994/1217/603 946/1144/603 947/1146/605 995/1216/605
f 993/1218/601 945/1142/601 946/1144/603 994/1217/603
f 992/1219/598 944/1139/598 945/1142/601 993/1218/601
f 1040/1220/650 1041/1221/651 956/1222/652 957/1223/653
f 1042/1224/654 1040/1220/650 957/1223/653 958/1225/655
f 1043/1226/656 1042/1224/654 958/1225/655 959/1227/657
f 1044/1228/658 1043/1226/656 959/1227/657 960/1229/659
f 1045/1230/660 1044/1228/658 960/1229/659 961/1231/661
f 1046/1232/662 1045/1230/660 961/1231/661 962/1233/663
f 1047/1234/664 1046/1232/662 962/1233/663 963/1235/665
f 1048/1236/666 1047/1234/664 963/1235/665 964/1237/667
f 1049/1238/668 1048/1236/666 964/1237/667 965/1239/669
f 1050/1240/670 1049/1238/668 965/1239/669 966/1241/671
f 1051/1242/672 1050/1240/670 966/1241/671 967/1243/673
f 1041/1221/651 1051/1242/672 967/1243/673 956/1222/652
f 1207/1244/674 1196/1245/674 968/1246/600 969/1247/599
f 1196/1245/674 1197/1248/674 970/1249/602 968/1246/600
f 1197/1248/674 1198/1250/674 971/1251/604 970/1249/602
f 1198/1250/674 1199/1252/674 972/1253/606 971/1251/604
f 1199/1252/674 1200/1254/674 973/1255/608 972/1253/606
f 1200/1254/674 1201/1256/674 974/1257/610 973/1255/608
f 1201/1256/674 1202/1258/674 975/1259/612 974/1257/610
f 1202/1258/674 1203/1260/674 976/1261/614 975/1259/612
f 1203/1260/674 1204/1262/674 977/1263/616 976/1261/614
f 1204/1262/674 1205/1264/674 978/1265/618 977/1263/616
f 1205/1264/674 1206/1266/674 979/1267/624 978/1265/618
f 1206/1266/674 1207/1244/674 969/1247/599 979/1267/624
f 1027/1268/675 991/1269/676 980/1270/677 1016/1271/678
f 1016/1271/678 980/1270/677 981/1272/679 1017/1273/680
f 1017/1273/680 981/1272/679 982/1274/681 1018/1275/682
f 1018/1275/682 982/1274/681 983/1276/683 1019/1277/684
f 1019/1277/684 983/1276/683 984/1278/685 1020/1279/686
f 1020/1279/686 984/1278/685 985/1280/687 1021/1281/688
f 1021/1281/688 985/1280/687 986/1282/689 1022/1283/690
f 1022/1283/690 986/1282/689 987/1284/691 1023/1285/692
f 1023/1285/692 987/1284/691 988/1286/693 1024/1287/694
f 1024/1287/694 988/1286/693 989/1288/695 1025/1289/696
f 1025/1289/696 989/1288/695 990/1290/697 1026/1291/698
f 1026/1291/698 990/1290/697 991/1292/676 1027/1293/675
f 991/1269/676 992/1219/598 993/1218/601 980/1270/677
f 980/1270/677 993/1218/601 994/1217/603 981/1272/679
f 981/1272/679 994/1217/603 995/1216/605 982/1274/681
f 982/1274/681 995/1216/605 996/1215/607 983/1276/683
f 983/1276/683 996/1215/607 997/1214/609 984/1278/685
f 984/1278/685 997/1214/609 998/1213/611 985/1280/687
f 985/1280/687 998/1213/611 999/1212/613 986/1282/689
f 986/1282/689 999/1212/613 1000/1211/615 987/1284/691
f 987/1284/691 1000/1211/615 1001/1210/617 988/1286/693
f 988/1286/693 1001/1210/617 1002/1209/619 989/1288/695
f 989/1288/695 1002/1209/619 1003/1207/625 990/1290/697
f 990/1290/697 1003/1207/625 992/1208/598 991/1292/676
f 956/1294/652 1015/1205/598 1004/1203/601 957/1295/653
f 957/1295/653 1004/1203/601 1005/1201/603 958/1296/655
f 958/1296/655 1005/1201/603 1006/1199/605 959/1297/657
f 959/1297/657 1006/1199/605 1007/1197/607 960/1298/659
f 960/1298/659 1007/1197/607 1008/1195/609 961/1299/661
f 961/1299/661 1008/1195/609 1009/1193/611 962/1300/663
f 962/1300/663 1009/1193/611 1010/1191/613 963/1301/665
f 963/1301/665 1010/1191/613 1011/1189/615 964/1302/667
f 964/1302/667 1011/1189/615 1012/1187/617 965/1303/669
f 965/1303/669 1012/1187/617 1013/1185/619 966/1304/671
f 966/1304/671 1013/1185/619 1014/1181/625 967/1305/673
f 967/1305/673 1014/1181/625 1015/1184/598 956/1306/652
f 1038/1307/698 1026/1291/698 1027/1293/675 1039/1308/675
f 1037/1309/696 1025/1289/696 1026/1291/698 1038/1307/698
f 1036/1310/694 1024/1287/694 1025/1289/696 1037/1309/696
f 1035/1311/692 1023/1285/692 1024/1287/694 1036/1310/694
f 1034/1312/690 1022/1283/690 1023/1285/692 1035/1311/692
f 1033/1313/688 1021/1281/688 1022/1283/690 1034/1312/690
f 1032/1314/686 1020/1279/686 1021/1281/688 1033/1313/688
f 1031/1315/684 1019/1277/684 1020/1279/686 1032/1314/686
f 1030/1316/682 1018/1275/682 1019/1277/684 1031/1315/684
f 1029/1317/680 1017/1273/680 1018/1275/682 1030/1316/682
f 1028/1318/678 1016/1271/678 1017/1273/680 1029/1317/680
f 1039/1319/675 1027/1268/675 1016/1271/678 1028/1318/678
f 932/1206/639 1039/1319/675 1028/1318/678 933/1204/649
f 933/1204/649 1028/1318/678 1029/1317/680 934/1202/648
f 934/1202/648 1029/1317/680 1030/1316/682 935/1200/647
f 935/1200/647 1030/1316/682 1031/1315/684 936/1198/646
f 936/1198/646 1031/1315/684 1032/1314/686 937/1196/645
f 937/1196/645 1032/1314/686 1033/1313/688 938/1194/644
f 938/1194/644 1033/1313/688 1034/1312/690 939/1192/643
f 939/1192/643 1034/1312/690 1035/1311/692 940/1190/642
f 940/1190/642 1035/1311/692 1036/1310/694 941/1188/641
f 941/1188/641 1036/1310/694 1037/1309/696 942/1186/640
f 942/1186/640 1037/1309/696 1038/1307/698 943/1182/638
f 943/1182/638 1038/1307/698 1039/1308/675 932/1183/639
f 1052/1320/699 1063/1321/700 1051/1242/672 1041/1221/651
f 1063/1321/700 1062/1322/701 1050/1240/670 1051/1242/672
f 1062/1322/701 1061/1323/702 1049/1238/668 1050/1240/670
f 1061/1323/702 1060/1324/703 1048/1236/666 1049/1238/668
f 1060/1324/703 1059/1325/704 1047/1234/664 1048/1236/666
f 1059/1325/704 1058/1326/705 1046/1232/662 1047/1234/664
f 1058/1326/705 1057/1327/706 1045/1230/660 1046/1232/662
f 1057/1327/706 1056/1328/707 1044/1228/658 1045/1230/660
f 1056/1328/707 1055/1329/708 1043/1226/656 1044/1228/658
f 1055/1329/708 1054/1330/709 1042/1224/654 1043/1226/656
f 1054/1330/709 1053/1331/710 1040/1220/650 1042/1224/654
f 1053/1331/710 1052/1320/699 1041/1221/651 1040/1220/650
f 1065/1332/711 1064/1333/711 1052/1320/699 1053/1331/710
f 1066/1334/711 1065/1332/711 1053/1331/710 1054/1330/709
f 1067/1335/711 1066/1334/711 1054/1330/709 1055/1329/708
f 1068/1336/711 1067/1335/711 1055/1329/708 1056/1328/707
f 1069/1337/711 1068/1336/711 1056/1328/707 1057/1327/706
f 1070/1338/711 1069/1337/711 1057/1327/706 1058/1326/705
f 1071/1339/711 1070/1338/711 1058/1326/705 1059/1325/704
f 1072/1340/711 1071/1339/711 1059/1325/704 1060/1324/703
f 1073/1341/711 1072/1340/711 1060/1324/703 1061/1323/702
f 1074/1342/711 1073/1341/711 1061/1323/702 1062/1322/701
f 1075/1343/711 1074/1342/711 1062/1322/701 1063/1321/700
f 1064/1333/711 1075/1343/711 1063/1321/700 1052/1320/699
f 1077/1344/711 1076/1345/711 1064/1333/711 1065/1332/711
f 1078/1346/711 1077/1344/711 1065/1332/711 1066/1334/711
f 1079/1347/711 1078/1346/711 1066/1334/711 1067/1335/711
f 1080/1348/711 1079/1347/711 1067/1335/711 1068/1336/711
f 1081/1349/711 1080/1348/711 1068/1336/711 1069/1337/711
f 1082/1350/711 1081/1349/711 1069/1337/711 1070/1338/711
f 1083/1351/711 1082/1350/711 1070/1338/711 1071/1339/711
f 1084/1352/711 1083/1351/711 1071/1339/711 1072/1340/711
f 1085/1353/711 1084/1352/711 1072/1340/711 1073/1341/711
f 1086/1354/711 1085/1353/711 1073/1341/711 1074/1342/711
f 1087/1355/711 1086/1354/711 1074/1342/711 1075/1343/711
f 1076/1345/711 1087/1355/711 1075/1343/711 1064/1333/711
f 1089/1356/712 1088/1357/713 1076/1345/711 1077/1344/711
f 1090/1358/714 1089/1356/712 1077/1344/711 1078/1346/711
f 1091/1359/715 1090/1358/714 1078/1346/711 1079/1347/711
f 1092/1360/716 1091/1359/715 1079/1347/711 1080/1348/711
f 1093/1361/717 1092/1360/716 1080/1348/711 1081/1349/711
f 1094/1362/718 1093/1361/717 1081/1349/711 1082/1350/711
f 1095/1363/719 1094/1362/718 1082/1350/711 1083/1351/711
f 1096/1364/720 1095/1363/719 1083/1351/711 1084/1352/711
f 1097/1365/721 1096/1364/720 1084/1352/711 1085/1353/711
f 1098/1366/722 1097/1365/721 1085/1353/711 1086/1354/711
f 1099/1367/723 1098/1366/722 1086/1354/711 1087/1355/711
f 1088/1357/713 1099/1367/723 1087/1355/711 1076/1345/711
f 1257/1368/724 1256/1369/725 1088/1357/713 1089/1356/712
f 1258/1370/726 1257/1368/724 1089/1356/712 1090/1358/714
f 1259/1371/727 1258/1370/726 1090/1358/714 1091/1359/715
f 1260/1372/728 1259/1371/727 1091/1359/715 1092/1360/716
f 1261/1373/729 1260/1372/728 1092/1360/716 1093/1361/717
f 1262/1374/730 1261/1373/729 1093/1361/717 1094/1362/718
f 1263/1375/731 1262/1374/730 1094/1362/718 1095/1363/719
f 1264/1376/732 1263/1375/731 1095/1363/719 1096/1364/720
f 1265/1377/733 1264/1376/732 1096/1364/720 1097/1365/721
f 1266/1378/734 1265/1377/733 1097/1365/721 1098/1366/722
f 1267/1379/735 1266/1378/734 1098/1366/722 1099/1367/723
f 1256/1369/725 1267/1379/735 1099/1367/723 1088/1357/713
f 1221/1380/617 1220/1381/615 1216/1382/614 1217/1383/616
f 1163/1384/736 1162/1385/737 1116/1386/738 1117/1387/739
f 1165/1388/740 1164/1389/741 1123/1390/742 1113/1391/743
f 1167/1392/744 1166/1393/745 1112/1394/746 1114/1395/747
f 1168/1396/748 1161/1161/620 1120/1164/623 1121/1397/749
f 1169/1398/750 1163/1384/736 1117/1387/739 1118/1399/751
f 1170/1400/752 1167/1392/744 1114/1395/747 1115/1401/753
f 1171/1402/754 1168/1396/748 1121/1397/749 1122/1403/755
f 1160/1162/621 1169/1398/750 1118/1399/751 1119/1163/622
f 1162/1385/737 1170/1400/752 1115/1401/753 1116/1386/738
f 1164/1389/741 1171/1402/754 1122/1403/755 1123/1390/742
f 1166/1393/745 1165/1388/740 1113/1391/743 1112/1394/746
f 1159/1404/674 1148/1405/674 1112/1394/746 1113/1391/743
f 1148/1405/674 1149/1406/674 1114/1395/747 1112/1394/746
f 1149/1406/674 1150/1407/674 1115/1401/753 1114/1395/747
f 1150/1407/674 1151/1408/674 1116/1386/738 1115/1401/753
f 1151/1408/674 1152/1409/674 1117/1387/739 1116/1386/738
f 1152/1409/674 1153/1410/674 1118/1399/751 1117/1387/739
f 1153/1410/674 1154/1411/674 1119/1163/622 1118/1399/751
f 1154/1411/674 1155/1412/674 1120/1164/623 1119/1163/622
f 1155/1412/674 1156/1413/674 1121/1397/749 1120/1164/623
f 1156/1413/674 1157/1414/674 1122/1403/755 1121/1397/749
f 1157/1414/674 1158/1415/674 1123/1390/742 1122/1403/755
f 1158/1415/674 1159/1404/674 1113/1391/743 1123/1390/742
f 1124/1416/674 1125/1417/674 1135/1418/674 1134/1419/674 1133/1420/674 1132/1421/674 1131/1422/674 1130/1423/674 1129/1424/674 1128/1425/674 1127/1426/674 1126/1427/674
f 1223/1428/611 1222/1429/609 1213/1430/608 1214/1431/610
f 1225/1432/605 1224/1433/603 1210/1434/602 1211/1435/604
f 1226/1436/619 1221/1380/617 1217/1383/616 1218/1437/618
f 1227/1438/613 1223/1428/611 1214/1431/610 1215/1439/612
f 1228/1440/607 1225/1432/605 1211/1435/604 1212/1441/606
f 1229/1442/625 1226/1436/619 1218/1437/618 1219/1443/624
f 1231/1444/601 1230/1445/598 1209/1446/599 1208/1447/600
f 1220/1381/615 1227/1438/613 1215/1439/612 1216/1382/614
f 1222/1429/609 1228/1440/607 1212/1441/606 1213/1430/608
f 1230/1445/598 1229/1442/625 1219/1443/624 1209/1446/599
f 1224/1433/603 1231/1444/601 1208/1447/600 1210/1434/602
f 1111/1448/756 1101/1449/757 1136/1450/674 1147/1451/674
f 1110/1452/758 1111/1448/756 1147/1451/674 1146/1453/674
f 1109/1454/759 1110/1452/758 1146/1453/674 1145/1455/674
f 1108/1456/760 1109/1454/759 1145/1455/674 1144/1457/674
f 1107/1458/761 1108/1456/760 1144/1457/674 1143/1459/674
f 1106/1460/762 1107/1458/761 1143/1459/674 1142/1461/674
f 1105/1462/763 1106/1460/762 1142/1461/674 1141/1463/674
f 1104/1464/764 1105/1462/763 1141/1463/674 1140/1465/674
f 1103/1466/765 1104/1464/764 1140/1465/674 1139/1467/674
f 1102/1468/766 1103/1466/765 1139/1467/674 1138/1469/674
f 1100/1470/767 1102/1468/766 1138/1469/674 1137/1471/674
f 1101/1449/757 1100/1470/767 1137/1471/674 1136/1450/674
f 1147/1451/674 1136/1450/674 1159/1404/674 1158/1415/674
f 1146/1453/674 1147/1451/674 1158/1415/674 1157/1414/674
f 1145/1455/674 1146/1453/674 1157/1414/674 1156/1413/674
f 1144/1457/674 1145/1455/674 1156/1413/674 1155/1412/674
f 1143/1459/674 1144/1457/674 1155/1412/674 1154/1411/674
f 1142/1461/674 1143/1459/674 1154/1411/674 1153/1410/674
f 1141/1463/674 1142/1461/674 1153/1410/674 1152/1409/674
f 1140/1465/674 1141/1463/674 1152/1409/674 1151/1408/674
f 1139/1467/674 1140/1465/674 1151/1408/674 1150/1407/674
f 1138/1469/674 1139/1467/674 1150/1407/674 1149/1406/674
f 1137/1471/674 1138/1469/674 1149/1406/674 1148/1405/674
f 1136/1450/674 1137/1471/674 1148/1405/674 1159/1404/674
f 1183/1472/745 1174/1473/740 1165/1388/740 1166/1393/745
f 1182/1474/741 1179/1475/754 1171/1402/754 1164/1389/741
f 1181/1476/737 1178/1477/752 1170/1400/752 1162/1385/737
f 1180/1478/621 1177/1479/750 1169/1398/750 1160/1162/621
f 1179/1475/754 1176/1480/748 1168/1396/748 1171/1402/754
f 1178/1477/752 1175/1481/744 1167/1392/744 1170/1400/752
f 1177/1479/750 1173/1482/736 1163/1384/736 1169/1398/750
f 1176/1480/748 1172/1483/620 1161/1161/620 1168/1396/748
f 1175/1481/744 1183/1472/745 1166/1393/745 1167/1392/744
f 1174/1473/740 1182/1474/741 1164/1389/741 1165/1388/740
f 1173/1482/736 1181/1476/737 1162/1385/737 1163/1384/736
f 1172/1483/620 1180/1478/621 1160/1162/621 1161/1161/620
f 925/1484/768 923/1485/769 1180/1478/621 1172/1483/620
f 919/1486/770 917/1487/771 1181/1476/737 1173/1482/736
f 909/1488/772 931/1489/773 1182/1474/741 1174/1473/740
f 913/1490/774 911/1491/775 1183/1472/745 1175/1481/744
f 927/1492/776 925/1484/768 1172/1483/620 1176/1480/748
f 921/1493/777 919/1486/770 1173/1482/736 1177/1479/750
f 915/1494/778 913/1490/774 1175/1481/744 1178/1477/752
f 929/1495/779 927/1492/776 1176/1480/748 1179/1475/754
f 923/1485/769 921/1493/777 1177/1479/750 1180/1478/621
f 917/1487/771 915/1494/778 1178/1477/752 1181/1476/737
f 931/1489/773 929/1495/779 1179/1475/754 1182/1474/741
f 911/1491/775 909/1488/772 1174/1473/740 1183/1472/745
f 931/1489/773 909/1488/772 1184/1496/674 1195/1497/674
f 929/1495/779 931/1489/773 1195/1497/674 1194/1498/674
f 927/1492/776 929/1495/779 1194/1498/674 1193/1499/674
f 925/1484/768 927/1492/776 1193/1499/674 1192/1500/674
f 923/1485/769 925/1484/768 1192/1500/674 1191/1501/674
f 921/1493/777 923/1485/769 1191/1501/674 1190/1502/674
f 919/1486/770 921/1493/777 1190/1502/674 1189/1503/674
f 917/1487/771 919/1486/770 1189/1503/674 1188/1504/674
f 915/1494/778 917/1487/771 1188/1504/674 1187/1505/674
f 913/1490/774 915/1494/778 1187/1505/674 1186/1506/674
f 911/1491/775 913/1490/774 1186/1506/674 1185/1507/674
f 909/1488/772 911/1491/775 1185/1507/674 1184/1496/674
f 1195/1497/674 1184/1496/674 1207/1244/674 1206/1266/674
f 1194/1498/674 1195/1497/674 1206/1266/674 1205/1264/674
f 1193/1499/674 1194/1498/674 1205/1264/674 1204/1262/674
f 1192/1500/674 1193/1499/674 1204/1262/674 1203/1260/674
f 1191/1501/674 1192/1500/674 1203/1260/674 1202/1258/674
f 1190/1502/674 1191/1501/674 1202/1258/674 1201/1256/674
f 1189/1503/674 1190/1502/674 1201/1256/674 1200/1254/674
f 1188/1504/674 1189/1503/674 1200/1254/674 1199/1252/674
f 1187/1505/674 1188/1504/674 1199/1252/674 1198/1250/674
f 1186/1506/674 1187/1505/674 1198/1250/674 1197/1248/674
f 1185/1507/674 1186/1506/674 1197/1248/674 1196/1245/674
f 1184/1496/674 1185/1507/674 1196/1245/674 1207/1244/674
f 1125/1417/674 1124/1416/674 1208/1447/600 1209/1446/599
f 1124/1416/674 1126/1427/674 1210/1434/602 1208/1447/600
f 1126/1427/674 1127/1426/674 1211/1435/604 1210/1434/602
f 1127/1426/674 1128/1425/674 1212/1441/606 1211/1435/604
f 1128/1425/674 1129/1424/674 1213/1430/608 1212/1441/606
f 1129/1424/674 1130/1423/674 1214/1431/610 1213/1430/608
f 1130/1423/674 1131/1422/674 1215/1439/612 1214/1431/610
f 1131/1422/674 1132/1421/674 1216/1382/614 1215/1439/612
f 1132/1421/674 1133/1420/674 1217/1383/616 1216/1382/614
f 1133/1420/674 1134/1419/674 1218/1437/618 1217/1383/616
f 1134/1419/674 1135/1418/674 1219/1443/624 1218/1437/618
f 1135/1418/674 1125/1417/674 1209/1446/599 1219/1443/624
f 1242/1508/603 1239/1509/601 1231/1444/601 1224/1433/603
f 1243/1510/598 1238/1511/625 1229/1442/625 1230/1445/598
f 1241/1512/609 1237/1513/607 1228/1440/607 1222/1429/609
f 1240/1514/615 1236/1515/613 1227/1438/613 1220/1381/615
f 1239/1509/601 1243/1510/598 1230/1445/598 1231/1444/601
f 1238/1511/625 1235/1516/619 1226/1436/619 1229/1442/625
f 1237/1513/607 1234/1517/605 1225/1432/605 1228/1440/607
f 1236/1515/613 1233/1518/611 1223/1428/611 1227/1438/613
f 1235/1516/619 1232/1519/617 1221/1380/617 1226/1436/619
f 1234/1517/605 1242/1508/603 1224/1433/603 1225/1432/605
f 1233/1518/611 1241/1512/609 1222/1429/609 1223/1428/611
f 1232/1519/617 1240/1514/615 1220/1381/615 1221/1380/617
f 1109/1454/759 1108/1456/760 1240/1514/615 1232/1519/617
f 1106/1460/762 1105/1462/763 1241/1512/609 1233/1518/611
f 1103/1466/765 1102/1468/766 1242/1508/603 1234/1517/605
f 1110/1452/758 1109/1454/759 1232/1519/617 1235/1516/619
f 1107/1458/761 1106/1460/762 1233/1518/611 1236/1515/613
f 1104/1464/764 1103/1466/765 1234/1517/605 1237/1513/607
f 1111/1448/756 1110/1452/758 1235/1516/619 1238/1511/625
f 1100/1470/767 1101/1449/757 1243/1510/598 1239/1509/601
f 1108/1456/760 1107/1458/761 1236/1515/613 1240/1514/615
f 1105/1462/763 1104/1464/764 1237/1513/607 1241/1512/609
f 1101/1449/757 1111/1448/756 1238/1511/625 1243/1510/598
f 1102/1468/766 1100/1470/767 1239/1509/601 1242/1508/603
f 908/1169/626 930/1180/637 1255/1520/735 1245/1521/725
f 930/1180/637 928/1179/636 1254/1522/734 1255/1520/735
f 928/1179/636 926/1178/635 1253/1523/733 1254/1522/734
f 926/1178/635 924/1177/634 1252/1524/732 1253/1523/733
f 924/1177/634 922/1176/633 1251/1525/731 1252/1524/732
f 922/1176/633 920/1175/632 1250/1526/730 1251/1525/731
f 920/1175/632 918/1174/631 1249/1527/729 1250/1526/730
f 918/1174/631 916/1173/630 1248/1528/728 1249/1527/729
f 916/1173/630 914/1172/629 1247/1529/727 1248/1528/728
f 914/1172/629 912/1171/628 1246/1530/726 1247/1529/727
f 912/1171/628 910/1170/627 1244/1531/724 1246/1530/726
f 910/1170/627 908/1169/626 1245/1521/725 1244/1531/724
f 1245/1521/725 1255/1520/735 1267/1379/735 1256/1369/725
f 1255/1520/735 1254/1522/734 1266/1378/734 1267/1379/735
f 1254/1522/734 1253/1523/733 1265/1377/733 1266/1378/734
f 1253/1523/733 1252/1524/732 1264/1376/732 1265/1377/733
f 1252/1524/732 1251/1525/731 1263/1375/731 1264/1376/732
f 1251/1525/731 1250/1526/730 1262/1374/730 1263/1375/731
f 1250/1526/730 1249/1527/729 1261/1373/729 1262/1374/730
f 1249/1527/729 1248/1528/728 1260/1372/728 1261/1373/729
f 1248/1528/728 1247/1529/727 1259/1371/727 1260/1372/728
f 1247/1529/727 1246/1530/726 1258/1370/726 1259/1371/727
f 1246/1530/726 1244/1531/724 1257/1368/724 1258/1370/726
f 1244/1531/724 1245/1521/725 1256/1369/725 1257/1368/724
o Cylinder.004_Cylinder.008
v 1.451016 0.014372 1.507600
v 1.375460 0.014372 -1.281055
v 1.476213 -0.079663 1.507600
v 1.410779 -0.117441 -1.281055
v 1.545051 -0.148501 1.507600
v 1.507272 -0.213934 -1.281055
v 1.639085 -0.173697 1.507600
v 1.639085 -0.249253 -1.281055
v 1.733119 -0.148501 1.507600
v 1.770897 -0.213934 -1.281055
v 1.801957 -0.079663 1.507600
v 1.867391 -0.117441 -1.281055
v 1.827154 0.014372 1.507600
v 1.902709 0.014372 -1.281055
v 1.801957 0.108406 1.507600
v 1.867391 0.146184 -1.281055
v 1.733119 0.177244 1.507600
v 1.770897 0.242677 -1.281055
v 1.639085 0.202440 1.507600
v 1.639085 0.277996 -1.281055
v 1.545051 0.177244 1.507600
v 1.507273 0.242677 -1.281055
v 1.476213 0.108406 1.507600
v 1.410779 0.146184 -1.281055
v 1.260779 0.014372 1.481092
v 1.311462 -0.174782 1.481092
v 1.449932 -0.313251 1.481092
v 1.639085 -0.363935 1.481092
v 1.828238 -0.313251 1.481092
v 1.966708 -0.174782 1.481092
v 2.017391 0.014372 1.481092
v 1.966708 0.203525 1.481092
v 1.828238 0.341995 1.481092
v 1.639085 0.392678 1.481092
v 1.449932 0.341995 1.481092
v 1.311462 0.203525 1.481092
v 1.304333 0.014372 -1.222946
v 1.349181 -0.153004 -1.222946
v 1.471709 -0.275532 -1.222946
v 1.639085 -0.320380 -1.222946
v 1.806461 -0.275532 -1.222946
v 1.928989 -0.153004 -1.222946
v 1.973837 0.014372 -1.222946
v 1.928989 0.181748 -1.222946
v 1.806461 0.304275 -1.222946
v 1.639085 0.349124 -1.222946
v 1.471709 0.304276 -1.222946
v 1.349181 0.181748 -1.222946
v 1.260779 0.014372 1.549707
v 1.311462 -0.174782 1.549707
v 1.449932 -0.313251 1.549707
v 1.639085 -0.363935 1.549707
v 1.828238 -0.313251 1.549707
v 1.966708 -0.174782 1.549707
v 2.017391 0.014372 1.549707
v 1.966708 0.203525 1.549707
v 1.828238 0.341995 1.549707
v 1.639085 0.392678 1.549707
v 1.449932 0.341995 1.549707
v 1.311462 0.203525 1.549707
v 1.349181 -0.153004 -1.281055
v 1.304333 0.014372 -1.281055
v 1.471709 -0.275532 -1.281055
v 1.639085 -0.320380 -1.281055
v 1.806461 -0.275532 -1.281055
v 1.928989 -0.153004 -1.281055
v 1.973837 0.014372 -1.281055
v 1.928989 0.181748 -1.281055
v 1.806461 0.304275 -1.281055
v 1.639085 0.349124 -1.281055
v 1.471709 0.304276 -1.281055
v 1.349181 0.181748 -1.281055
v 1.349181 -0.153004 1.443474
v 1.471709 -0.275532 1.443474
v 1.639085 -0.320380 1.443474
v 1.806461 -0.275532 1.443474
v 1.928989 -0.153004 1.443474
v 1.973837 0.014372 1.443474
v 1.928989 0.181748 1.443474
v 1.806461 0.304275 1.443474
v 1.639085 0.349124 1.443474
v 1.471709 0.304276 1.443474
v 1.349181 0.181748 1.443474
v 1.304333 0.014372 1.443474
v 1.304333 0.014372 1.432967
v 1.349181 -0.153004 1.432967
v 1.471709 -0.275532 1.432967
v 1.639085 -0.320380 1.432967
v 1.806461 -0.275532 1.432967
v 1.928989 -0.153004 1.432967
v 1.973837 0.014372 1.432967
v 1.928989 0.181748 1.432967
v 1.806461 0.304275 1.432967
v 1.639085 0.349124 1.432967
v 1.471709 0.304276 1.432967
v 1.349181 0.181748 1.432967
v 1.311462 -0.174782 1.489235
v 1.449932 -0.313251 1.489235
v 1.639085 -0.363935 1.489235
v 1.828238 -0.313251 1.489235
v 1.966708 -0.174782 1.489235
v 2.017391 0.014372 1.489235
v 1.966708 0.203525 1.489235
v 1.828238 0.341995 1.489235
v 1.639085 0.392678 1.489235
v 1.449932 0.341995 1.489235
v 1.311462 0.203525 1.489235
v 1.260779 0.014372 1.489235
v 1.343588 -0.156233 1.449051
v 1.468480 -0.281125 1.449051
v 1.639085 -0.326838 1.449051
v 1.809690 -0.281125 1.449051
v 1.934582 -0.156233 1.449051
v 1.980295 0.014372 1.449051
v 1.934582 0.184977 1.449051
v 1.809690 0.309868 1.449051
v 1.639085 0.355582 1.449051
v 1.468480 0.309868 1.449051
v 1.343589 0.184977 1.449051
v 1.297875 0.014372 1.449051
v 1.316892 -0.171646 1.475676
v 1.453067 -0.307821 1.475676
v 1.639085 -0.357664 1.475676
v 1.825103 -0.307821 1.475676
v 1.961278 -0.171646 1.475676
v 2.011121 0.014372 1.475676
v 1.961278 0.200390 1.475676
v 1.825103 0.336564 1.475676
v 1.639085 0.386408 1.475676
v 1.453067 0.336565 1.475676
v 1.316892 0.200390 1.475676
v 1.267049 0.014372 1.475676
v 1.392995 -0.127709 2.054127
v 1.354925 0.014372 2.054127
v 1.497005 -0.231719 2.054127
v 1.639085 -0.269789 2.054127
v 1.781165 -0.231718 2.054127
v 1.885175 -0.127709 2.054127
v 1.923245 0.014372 2.054127
v 1.885175 0.156452 2.054127
v 1.781165 0.260462 2.054127
v 1.639085 0.298532 2.054127
v 1.497005 0.260462 2.054127
v 1.392995 0.156452 2.054127
v 1.357372 0.014372 2.067239
v 1.395114 -0.126485 2.067239
v 1.498228 -0.229599 2.067239
v 1.639085 -0.267342 2.067239
v 1.779942 -0.229599 2.067239
v 1.883056 -0.126485 2.067239
v 1.920798 0.014372 2.067239
v 1.883056 0.155228 2.067239
v 1.779942 0.258343 2.067239
v 1.639085 0.296085 2.067239
v 1.498229 0.258343 2.067239
v 1.395114 0.155228 2.067239
v 1.370932 0.014372 2.067239
v 1.406858 -0.119705 2.067239
v 1.505009 -0.217855 2.067239
v 1.639085 -0.253781 2.067239
v 1.773161 -0.217855 2.067239
v 1.871312 -0.119705 2.067239
v 1.907238 0.014372 2.067239
v 1.871312 0.148448 2.067239
v 1.773161 0.246599 2.067239
v 1.639085 0.282524 2.067239
v 1.505009 0.246599 2.067239
v 1.406858 0.148448 2.067239
v 1.433285 0.014372 2.067239
v 1.460857 -0.088528 2.067239
v 1.536185 -0.163856 2.067239
v 1.639085 -0.191428 2.067239
v 1.741985 -0.163856 2.067239
v 1.817313 -0.088528 2.067239
v 1.844885 0.014372 2.067239
v 1.817313 0.117272 2.067239
v 1.741985 0.192599 2.067239
v 1.639085 0.220171 2.067239
v 1.536185 0.192599 2.067239
v 1.460857 0.117272 2.067239
v 1.443261 0.014372 2.067239
v 1.469496 -0.083541 2.067239
v 1.541173 -0.155217 2.067239
v 1.639085 -0.181453 2.067239
v 1.736997 -0.155217 2.067239
v 1.808674 -0.083541 2.067239
v 1.834909 0.014372 2.067239
v 1.808674 0.112284 2.067239
v 1.736997 0.183961 2.067239
v 1.639085 0.210196 2.067239
v 1.541173 0.183961 2.067239
v 1.469496 0.112284 2.067239
v 1.591489 -0.013108 -1.433746
v 1.584126 0.014372 -1.433746
v 1.611606 -0.033224 -1.433746
v 1.639085 -0.040587 -1.433746
v 1.666564 -0.033224 -1.433746
v 1.686681 -0.013108 -1.433746
v 1.694044 0.014372 -1.433746
v 1.686681 0.041851 -1.433746
v 1.666564 0.061967 -1.433746
v 1.639085 0.069331 -1.433746
v 1.611606 0.061967 -1.433746
v 1.591489 0.041851 -1.433746
v 1.541669 -0.041871 -1.433746
v 1.526599 0.014372 -1.433746
v 1.582842 -0.083044 -1.433746
v 1.639085 -0.098114 -1.433746
v 1.695328 -0.083044 -1.433746
v 1.736501 -0.041871 -1.433746
v 1.751571 0.014372 -1.433746
v 1.736501 0.070615 -1.433746
v 1.695328 0.111788 -1.433746
v 1.639085 0.126858 -1.433746
v 1.582842 0.111788 -1.433746
v 1.541669 0.070615 -1.433746
v 1.595097 -0.011024 -1.892516
v 1.588292 0.014372 -1.892516
v 1.613689 -0.029616 -1.892516
v 1.639085 -0.036420 -1.892516
v 1.664481 -0.029616 -1.892516
v 1.683072 -0.011024 -1.892516
v 1.689877 0.014372 -1.892516
v 1.683072 0.039768 -1.892516
v 1.664481 0.058360 -1.892516
v 1.639085 0.065164 -1.892516
v 1.613689 0.058360 -1.892516
v 1.595097 0.039768 -1.892516
v 1.580156 0.014372 -1.433746
v 1.588051 -0.015093 -1.433746
v 1.609621 -0.036662 -1.433746
v 1.639085 -0.044557 -1.433746
v 1.668549 -0.036662 -1.433746
v 1.690119 -0.015093 -1.433746
v 1.698014 0.014372 -1.433746
v 1.690119 0.043836 -1.433746
v 1.668549 0.065405 -1.433746
v 1.639085 0.073300 -1.433746
v 1.609621 0.065405 -1.433746
v 1.588051 0.043836 -1.433746
v 1.546060 -0.039336 -1.433746
v 1.585377 -0.078653 -1.433746
v 1.639085 -0.093044 -1.433746
v 1.692793 -0.078653 -1.433746
v 1.732110 -0.039336 -1.433746
v 1.746500 0.014372 -1.433746
v 1.732110 0.068080 -1.433746
v 1.692793 0.107396 -1.433746
v 1.639085 0.121787 -1.433746
v 1.585377 0.107396 -1.433746
v 1.546060 0.068080 -1.433746
v 1.531669 0.014372 -1.433746
v 1.738066 0.071518 -1.431920
v 1.696231 0.113352 -1.431920
v 1.696231 -0.084609 -1.431920
v 1.738066 -0.042775 -1.431920
v 1.540104 0.071518 -1.431920
v 1.524792 0.014372 -1.431920
v 1.540104 -0.042775 -1.431920
v 1.581938 -0.084609 -1.431920
v 1.639085 0.128665 -1.431920
v 1.753378 0.014372 -1.431920
v 1.639085 -0.099921 -1.431920
v 1.581938 0.113352 -1.431920
v 1.769829 0.240826 -1.283214
v 1.865540 -0.116372 -1.283214
v 1.377597 0.014372 -1.283214
v 1.508341 -0.212083 -1.283214
v 1.639085 0.275859 -1.283214
v 1.900572 0.014372 -1.283214
v 1.639085 -0.247116 -1.283214
v 1.508341 0.240827 -1.283214
v 1.865540 0.145115 -1.283214
v 1.769829 -0.212083 -1.283214
v 1.412630 0.145116 -1.283214
v 1.412630 -0.116372 -1.283214
v 1.371877 0.014372 -1.281055
v 1.407676 -0.119232 -1.281055
v 1.505481 -0.217037 -1.281055
v 1.639085 -0.252836 -1.281055
v 1.772689 -0.217037 -1.281055
v 1.870493 -0.119232 -1.281055
v 1.906293 0.014372 -1.281055
v 1.870494 0.147975 -1.281055
v 1.772689 0.245780 -1.281055
v 1.639085 0.281579 -1.281055
v 1.505481 0.245780 -1.281055
v 1.407676 0.147976 -1.281055
v 1.354093 -0.150168 -1.281055
v 1.474545 -0.270620 -1.281055
v 1.639085 -0.314708 -1.281055
v 1.803625 -0.270620 -1.281055
v 1.924076 -0.150168 -1.281055
v 1.968165 0.014372 -1.281055
v 1.924076 0.178912 -1.281055
v 1.803625 0.299363 -1.281055
v 1.639085 0.343451 -1.281055
v 1.474545 0.299363 -1.281055
v 1.354094 0.178912 -1.281055
v 1.310005 0.014372 -1.281055
v 1.591489 -0.013107 -1.892516
v 1.584126 0.014372 -1.892516
v 1.611605 -0.033224 -1.892516
v 1.639085 -0.040587 -1.892516
v 1.666564 -0.033224 -1.892516
v 1.686681 -0.013107 -1.892516
v 1.694044 0.014372 -1.892516
v 1.686681 0.041851 -1.892516
v 1.666564 0.061968 -1.892516
v 1.639085 0.069331 -1.892516
v 1.611605 0.061968 -1.892516
v 1.591489 0.041851 -1.892516
v 1.666564 0.061968 -1.886036
v 1.639085 0.069331 -1.886036
v 1.686681 -0.013107 -1.886036
v 1.694044 0.014372 -1.886036
v 1.611605 -0.033224 -1.886036
v 1.639085 -0.040587 -1.886036
v 1.611605 0.061968 -1.886036
v 1.686681 0.041851 -1.886036
v 1.666564 -0.033224 -1.886036
v 1.591489 0.041851 -1.886036
v 1.584126 0.014372 -1.886036
v 1.591489 -0.013107 -1.886036
v 1.639085 0.069331 -1.438759
v 1.694044 0.014372 -1.438759
v 1.639085 -0.040587 -1.438759
v 1.611606 0.061967 -1.438759
v 1.686681 0.041851 -1.438759
v 1.666564 -0.033224 -1.438759
v 1.591489 0.041851 -1.438759
v 1.591489 -0.013108 -1.438759
v 1.666564 0.061967 -1.438759
v 1.686681 -0.013108 -1.438759
v 1.611606 -0.033224 -1.438759
v 1.584126 0.014372 -1.438759
v 1.475813 -0.079894 1.532641
v 1.450554 0.014372 1.532641
v 1.544820 -0.148901 1.532641
v 1.639085 -0.174159 1.532641
v 1.733351 -0.148901 1.532641
v 1.802357 -0.079894 1.532641
v 1.827616 0.014372 1.532641
v 1.802358 0.108637 1.532641
v 1.733351 0.177644 1.532641
v 1.639085 0.202903 1.532641
v 1.544820 0.177644 1.532641
v 1.475813 0.108637 1.532641
v 1.443485 0.014372 2.055073
v 1.469691 -0.083428 2.055073
v 1.541285 -0.155023 2.055073
v 1.639085 -0.181228 2.055073
v 1.736885 -0.155023 2.055073
v 1.808480 -0.083428 2.055073
v 1.834685 0.014372 2.055073
v 1.808480 0.112172 2.055073
v 1.736885 0.183766 2.055073
v 1.639085 0.209972 2.055073
v 1.541285 0.183766 2.055073
v 1.469691 0.112172 2.055073
vt 1.000000 0.990616
vt 1.000000 1.000000
vt 0.916667 1.000000
vt 0.916667 0.990616
vt 0.833333 1.000000
vt 0.833333 0.990616
vt 0.750000 1.000000
vt 0.750000 0.990616
vt 0.666667 1.000000
vt 0.666667 0.990616
vt 0.583333 1.000000
vt 0.583333 0.990616
vt 0.500000 1.000000
vt 0.500000 0.990616
vt 0.416667 1.000000
vt 0.416667 0.990616
vt 0.333333 1.000000
vt 0.333333 0.990616
vt 0.250000 1.000000
vt 0.250000 0.990616
vt 0.166667 1.000000
vt 0.166667 0.990616
vt 0.086317 0.155497
vt 0.155497 0.086317
vt 0.155497 0.086317
vt 0.086317 0.155497
vt 0.083333 1.000000
vt 0.083333 0.990616
vt 0.000000 1.000000
vt 0.000000 0.990616
vt 0.750000 0.384836
vt 0.817418 0.366771
vt 0.866771 0.317418
vt 0.884836 0.250000
vt 0.866771 0.182582
vt 0.817418 0.133229
vt 0.750000 0.115164
vt 0.682582 0.133229
vt 0.633229 0.182582
vt 0.615164 0.250000
vt 0.633229 0.317418
vt 0.682582 0.366771
vt 0.083333 0.509765
vt 0.083333 0.511081
vt 0.000000 0.511081
vt 0.000000 0.509766
vt 0.166667 0.509765
vt 0.166667 0.511081
vt 0.250000 0.509766
vt 0.250000 0.511081
vt 0.333333 0.509766
vt 0.333333 0.511081
vt 0.416667 0.509766
vt 0.416667 0.511081
vt 0.500000 0.509766
vt 0.500000 0.511081
vt 0.583333 0.509766
vt 0.583333 0.511081
vt 0.666667 0.509766
vt 0.666667 0.511081
vt 0.750000 0.509766
vt 0.750000 0.511081
vt 0.833333 0.509765
vt 0.833333 0.511081
vt 0.916667 0.509766
vt 0.916667 0.511081
vt 1.000000 0.509766
vt 1.000000 0.511081
vt 0.083333 0.519615
vt 0.000000 0.519615
vt 0.166667 0.519615
vt 0.250000 0.519615
vt 0.333333 0.519615
vt 0.416667 0.519615
vt 0.500000 0.519615
vt 0.583333 0.519615
vt 0.666667 0.519615
vt 0.750000 0.519615
vt 0.833333 0.519615
vt 0.916667 0.519615
vt 1.000000 0.519615
vt 0.851469 0.425749
vt 0.750000 0.452937
vt 0.750000 0.490000
vt 0.870000 0.457846
vt 0.925749 0.351469
vt 0.957846 0.370000
vt 0.952937 0.250000
vt 0.990000 0.250000
vt 0.925749 0.148531
vt 0.957846 0.130000
vt 0.851469 0.074251
vt 0.870000 0.042154
vt 0.750000 0.047063
vt 0.750000 0.010000
vt 0.648531 0.074251
vt 0.630000 0.042154
vt 0.574251 0.148531
vt 0.542154 0.130000
vt 0.547063 0.250000
vt 0.510000 0.250000
vt 0.574251 0.351469
vt 0.542154 0.370000
vt 0.648531 0.425749
vt 0.630000 0.457846
vt 0.250000 0.485933
vt 0.367967 0.454324
vt 0.370000 0.457846
vt 0.250000 0.490000
vt 0.454324 0.367967
vt 0.457846 0.370000
vt 0.485933 0.250000
vt 0.490000 0.250000
vt 0.454324 0.132033
vt 0.457846 0.130000
vt 0.367967 0.045676
vt 0.370000 0.042154
vt 0.250000 0.014067
vt 0.250000 0.010000
vt 0.132033 0.045676
vt 0.130000 0.042154
vt 0.045676 0.132033
vt 0.042154 0.130000
vt 0.014067 0.250000
vt 0.010000 0.250000
vt 0.045676 0.367967
vt 0.042154 0.370000
vt 0.132033 0.454324
vt 0.130000 0.457846
vt 1.000000 0.516763
vt 1.000000 0.517752
vt 0.916667 0.517752
vt 0.916667 0.516763
vt 0.833333 0.517752
vt 0.833333 0.516762
vt 0.750000 0.517752
vt 0.750000 0.516763
vt 0.666667 0.517752
vt 0.666667 0.516762
vt 0.583333 0.517752
vt 0.583333 0.516762
vt 0.500000 0.517752
vt 0.500000 0.516763
vt 0.416667 0.517752
vt 0.416667 0.516763
vt 0.333333 0.517752
vt 0.333333 0.516763
vt 0.250000 0.517752
vt 0.250000 0.516762
vt 0.166667 0.517752
vt 0.166667 0.516762
vt 0.083333 0.517752
vt 0.083333 0.516762
vt 0.000000 0.517752
vt 0.000000 0.516763
vt 1.000000 0.500000
vt 0.916667 0.500000
vt 0.833333 0.500000
vt 0.750000 0.500000
vt 0.666667 0.500000
vt 0.583333 0.500000
vt 0.500000 0.500000
vt 0.416667 0.500000
vt 0.333333 0.500000
vt 0.250000 0.500000
vt 0.166667 0.500000
vt 0.083333 0.500000
vt 0.000000 0.500000
vt 0.083333 0.512041
vt 0.000000 0.512041
vt 0.166667 0.512041
vt 0.250000 0.512041
vt 0.333333 0.512041
vt 0.416667 0.512041
vt 0.500000 0.512041
vt 0.583333 0.512041
vt 0.666667 0.512041
vt 0.750000 0.512041
vt 0.833333 0.512041
vt 0.916667 0.512041
vt 1.000000 0.512041
vt 0.750000 0.451974
vt 0.649013 0.424915
vt 0.575085 0.350987
vt 0.548026 0.250000
vt 0.575085 0.149013
vt 0.649013 0.075085
vt 0.750000 0.048026
vt 0.850987 0.075085
vt 0.924915 0.149013
vt 0.951974 0.250000
vt 0.924915 0.350987
vt 0.850987 0.424914
vt 0.846126 0.416495
vt 0.750000 0.442252
vt 0.916495 0.346126
vt 0.942252 0.250000
vt 0.916495 0.153874
vt 0.846126 0.083505
vt 0.750000 0.057748
vt 0.653874 0.083505
vt 0.583505 0.153874
vt 0.557748 0.250000
vt 0.583505 0.346126
vt 0.653874 0.416495
vt 0.823774 0.377780
vt 0.750000 0.397548
vt 0.877780 0.323774
vt 0.897548 0.250000
vt 0.877780 0.176226
vt 0.823774 0.122220
vt 0.750000 0.102452
vt 0.676226 0.122220
vt 0.622220 0.176226
vt 0.602452 0.250000
vt 0.622220 0.323774
vt 0.676226 0.377780
vt 0.820198 0.371586
vt 0.750000 0.390396
vt 0.871586 0.320198
vt 0.890396 0.250000
vt 0.871586 0.179802
vt 0.820198 0.128413
vt 0.750000 0.109604
vt 0.679802 0.128413
vt 0.628413 0.179802
vt 0.609604 0.250000
vt 0.628413 0.320198
vt 0.679802 0.371586
vt 0.820117 0.371447
vt 0.750000 0.390235
vt 0.871447 0.320118
vt 0.890235 0.250000
vt 0.871447 0.179882
vt 0.820117 0.128553
vt 0.750000 0.109765
vt 0.679882 0.128553
vt 0.628553 0.179882
vt 0.609765 0.250000
vt 0.628553 0.320118
vt 0.679882 0.371447
vt 0.157655 0.250000
vt 0.170027 0.203828
vt 0.170027 0.203828
vt 0.157655 0.250000
vt 0.344503 0.086317
vt 0.413683 0.155497
vt 0.413683 0.155497
vt 0.344503 0.086317
vt 0.250000 0.439005
vt 0.155497 0.413683
vt 0.155497 0.413683
vt 0.250000 0.439005
vt 0.413683 0.344503
vt 0.344503 0.413683
vt 0.344503 0.413683
vt 0.413683 0.344503
vt 0.060995 0.250000
vt 0.060995 0.250000
vt 0.250000 0.060995
vt 0.250000 0.060995
vt 0.439005 0.250000
vt 0.439005 0.250000
vt 0.086316 0.344503
vt 0.086316 0.344503
vt 0.250000 0.430486
vt 0.340243 0.406305
vt 0.406305 0.340243
vt 0.430486 0.250000
vt 0.406305 0.159757
vt 0.340243 0.093695
vt 0.250000 0.069514
vt 0.159757 0.093695
vt 0.093695 0.159757
vt 0.069514 0.250000
vt 0.093695 0.340243
vt 0.159757 0.406305
vt 0.292672 0.323910
vt 0.250000 0.335344
vt 0.207328 0.323910
vt 0.176090 0.292672
vt 0.164656 0.250000
vt 0.176090 0.207328
vt 0.207328 0.176090
vt 0.250000 0.164656
vt 0.292672 0.176090
vt 0.323910 0.207328
vt 0.335344 0.250000
vt 0.323910 0.292672
vt 0.250000 0.157655
vt 0.296172 0.170027
vt 0.296172 0.170027
vt 0.250000 0.157655
vt 0.342345 0.250000
vt 0.329973 0.296172
vt 0.329973 0.296172
vt 0.342345 0.250000
vt 0.170027 0.296172
vt 0.170027 0.296172
vt 0.203828 0.170027
vt 0.203828 0.170027
vt 0.329973 0.203828
vt 0.329973 0.203828
vt 0.203828 0.329973
vt 0.203827 0.329973
vt 0.296172 0.329973
vt 0.250000 0.342345
vt 0.250000 0.342345
vt 0.296172 0.329973
vt 0.203827 0.329973
vt 0.250000 0.342345
vt 0.250000 0.349015
vt 0.200492 0.335750
vt 0.170027 0.296172
vt 0.164250 0.299508
vt 0.157655 0.250000
vt 0.150985 0.250000
vt 0.170027 0.203828
vt 0.164250 0.200492
vt 0.203828 0.170027
vt 0.200492 0.164250
vt 0.250000 0.157655
vt 0.250000 0.150985
vt 0.296172 0.170027
vt 0.299508 0.164250
vt 0.329973 0.203828
vt 0.335750 0.200492
vt 0.342345 0.250000
vt 0.349015 0.250000
vt 0.329973 0.296172
vt 0.335750 0.299508
vt 0.296172 0.329973
vt 0.299508 0.335750
vt 0.344503 0.413683
vt 0.250000 0.439005
vt 0.155497 0.413683
vt 0.086316 0.344503
vt 0.413683 0.155497
vt 0.439005 0.250000
vt 0.155497 0.086317
vt 0.250000 0.060995
vt 0.060995 0.250000
vt 0.413683 0.344503
vt 0.344503 0.086317
vt 0.086317 0.155497
vt 0.086317 0.155497
vt 0.155497 0.086317
vt 0.344503 0.086317
vt 0.413683 0.155497
vt 0.250000 0.439005
vt 0.155497 0.413683
vt 0.413683 0.344503
vt 0.344503 0.413683
vt 0.060995 0.250000
vt 0.250000 0.060995
vt 0.439005 0.250000
vt 0.086316 0.344503
vt 0.250000 0.441574
vt 0.154213 0.415908
vt 0.084092 0.345787
vt 0.058426 0.250000
vt 0.084092 0.154213
vt 0.154213 0.084092
vt 0.250000 0.058426
vt 0.345787 0.084092
vt 0.415908 0.154213
vt 0.441574 0.250000
vt 0.415908 0.345787
vt 0.345787 0.415908
vt 0.329973 0.296172
vt 0.296172 0.329973
vt 0.250000 0.342345
vt 0.203827 0.329973
vt 0.296172 0.170027
vt 0.329973 0.203828
vt 0.170027 0.203828
vt 0.203828 0.170027
vt 0.170027 0.296172
vt 0.342345 0.250000
vt 0.250000 0.157655
vt 0.157655 0.250000
vt 0.682416 0.367058
vt 0.750000 0.385167
vt 0.632942 0.317583
vt 0.614833 0.250000
vt 0.632942 0.182416
vt 0.682416 0.132942
vt 0.750000 0.114833
vt 0.817583 0.132942
vt 0.867058 0.182416
vt 0.885167 0.250000
vt 0.867058 0.317583
vt 0.817583 0.367058
vn -1.0000 0.0000 0.0000
vn -0.7571 0.0000 -0.6532
vn -0.6557 -0.3786 -0.6532
vn -0.8660 -0.5000 0.0000
vn -0.3786 -0.6557 -0.6532
vn -0.5000 -0.8660 0.0000
vn 0.0000 -0.7571 -0.6532
vn 0.0000 -1.0000 0.0000
vn 0.3786 -0.6557 -0.6532
vn 0.5000 -0.8660 0.0000
vn 0.6557 -0.3786 -0.6532
vn 0.8660 -0.5000 0.0000
vn 0.7572 0.0000 -0.6532
vn 1.0000 0.0000 0.0000
vn 0.6557 0.3786 -0.6532
vn 0.8660 0.5000 0.0000
vn 0.3786 0.6557 -0.6532
vn 0.5000 0.8660 0.0000
vn 0.0000 0.7571 -0.6532
vn 0.0000 1.0000 0.0000
vn -0.3786 0.6557 -0.6532
vn -0.5000 0.8660 0.0000
vn 0.3554 0.6155 -0.7035
vn 0.6155 0.3553 -0.7035
vn 0.3784 0.2185 -0.8995
vn 0.2185 0.3784 -0.8995
vn -0.6557 0.3786 -0.6532
vn -0.8660 0.5000 0.0000
vn 0.7512 0.0000 0.6601
vn 0.6505 0.3756 0.6601
vn 0.3756 0.6505 0.6601
vn 0.0000 0.7512 0.6601
vn -0.3756 0.6505 0.6601
vn -0.6505 0.3756 0.6601
vn -0.7512 0.0000 0.6601
vn -0.6505 -0.3756 0.6601
vn -0.3756 -0.6505 0.6601
vn 0.0000 -0.7512 0.6601
vn 0.3756 -0.6505 0.6601
vn 0.6505 -0.3756 0.6601
vn -0.7966 0.4599 -0.3922
vn -0.9199 0.0000 -0.3922
vn -0.4599 0.7966 -0.3922
vn 0.0000 0.9199 -0.3922
vn 0.4599 0.7966 -0.3922
vn 0.7966 0.4599 -0.3922
vn 0.9199 0.0000 -0.3922
vn 0.7966 -0.4599 -0.3922
vn 0.4599 -0.7966 -0.3922
vn 0.0000 -0.9199 -0.3922
vn -0.4599 -0.7966 -0.3922
vn -0.7966 -0.4599 -0.3922
vn -0.8513 -0.4915 0.1834
vn -0.9830 0.0000 0.1834
vn -0.9958 0.0000 0.0908
vn -0.8624 -0.4979 0.0908
vn -0.4915 -0.8513 0.1834
vn -0.4979 -0.8624 0.0908
vn 0.0000 -0.9830 0.1834
vn 0.0000 -0.9958 0.0908
vn 0.4915 -0.8513 0.1834
vn 0.4979 -0.8624 0.0908
vn 0.8513 -0.4915 0.1834
vn 0.8624 -0.4979 0.0908
vn 0.9830 0.0000 0.1834
vn 0.9958 0.0000 0.0908
vn 0.8513 0.4915 0.1834
vn 0.8624 0.4979 0.0908
vn 0.4915 0.8513 0.1834
vn 0.4979 0.8624 0.0908
vn 0.0000 0.9830 0.1834
vn 0.0000 0.9958 0.0908
vn -0.4915 0.8513 0.1834
vn -0.4979 0.8624 0.0908
vn -0.8513 0.4915 0.1834
vn -0.8624 0.4979 0.0908
vn 0.0000 0.0000 -1.0000
vn -0.6536 0.0000 -0.7568
vn -0.8957 0.0000 -0.4445
vn -0.7757 -0.4479 -0.4445
vn -0.5661 -0.3268 -0.7568
vn -0.4479 -0.7757 -0.4445
vn -0.3268 -0.5661 -0.7568
vn 0.0000 -0.8957 -0.4445
vn 0.0000 -0.6536 -0.7568
vn 0.4479 -0.7757 -0.4445
vn 0.3268 -0.5661 -0.7568
vn 0.7757 -0.4479 -0.4445
vn 0.5661 -0.3268 -0.7568
vn 0.8957 0.0000 -0.4445
vn 0.6536 0.0000 -0.7568
vn 0.7757 0.4479 -0.4445
vn 0.5661 0.3268 -0.7568
vn 0.4479 0.7757 -0.4445
vn 0.3268 0.5661 -0.7568
vn 0.0000 0.8957 -0.4445
vn 0.0000 0.6536 -0.7568
vn -0.4479 0.7757 -0.4445
vn -0.3268 0.5661 -0.7568
vn -0.7757 0.4479 -0.4445
vn -0.5661 0.3268 -0.7568
vn -0.6939 0.0000 0.7200
vn -0.6010 0.3470 0.7200
vn -0.3470 0.6010 0.7200
vn 0.0000 0.6939 0.7200
vn 0.3470 0.6010 0.7200
vn 0.6010 0.3470 0.7200
vn 0.6939 0.0000 0.7200
vn 0.6010 -0.3470 0.7200
vn 0.3470 -0.6010 0.7200
vn 0.0000 -0.6939 0.7200
vn -0.3470 -0.6010 0.7200
vn -0.6010 -0.3470 0.7200
vn 0.0000 0.0000 1.0000
vn 0.5463 0.3154 0.7759
vn 0.6308 0.0000 0.7759
vn 0.3154 0.5463 0.7759
vn 0.0000 0.6308 0.7759
vn -0.3154 0.5463 0.7759
vn -0.5463 0.3154 0.7759
vn -0.6308 0.0000 0.7759
vn -0.5463 -0.3154 0.7759
vn -0.3154 -0.5463 0.7759
vn 0.0000 -0.6308 0.7759
vn 0.3154 -0.5463 0.7759
vn 0.5463 -0.3154 0.7759
vn 0.8659 0.4999 0.0160
vn 0.9998 0.0000 0.0160
vn 0.4999 0.8659 0.0160
vn 0.0000 0.9998 0.0160
vn -0.4999 0.8659 0.0160
vn -0.8659 0.4999 0.0160
vn -0.9998 0.0000 0.0160
vn -0.8659 -0.4999 0.0160
vn -0.4999 -0.8659 0.0160
vn 0.0000 -0.9998 0.0160
vn 0.4999 -0.8659 0.0160
vn 0.8659 -0.4999 0.0160
vn 0.6155 -0.3553 -0.7035
vn 0.3554 -0.6155 -0.7035
vn 0.2184 -0.3784 -0.8995
vn 0.3783 -0.2184 -0.8995
vn -0.7107 0.0000 -0.7035
vn -0.6155 0.3553 -0.7035
vn -0.3784 0.2185 -0.8995
vn -0.4369 0.0000 -0.8995
vn -0.3553 -0.6155 -0.7035
vn -0.6155 -0.3553 -0.7035
vn -0.3784 -0.2185 -0.8995
vn -0.2184 -0.3784 -0.8995
vn 0.0000 0.7107 -0.7035
vn 0.0000 0.4369 -0.8995
vn 0.7107 0.0000 -0.7035
vn 0.4369 0.0000 -0.8995
vn 0.0000 -0.7107 -0.7035
vn 0.0000 -0.4369 -0.8995
vn -0.3553 0.6155 -0.7035
vn -0.2185 0.3784 -0.8995
vn -0.5523 0.3189 -0.7703
vn -0.6377 0.0000 -0.7703
vn -0.3189 0.5523 -0.7703
vn 0.0000 0.6377 -0.7703
vn 0.3189 0.5523 -0.7703
vn 0.5523 0.3189 -0.7703
vn 0.6377 0.0000 -0.7703
vn 0.5523 -0.3189 -0.7703
vn 0.3189 -0.5523 -0.7703
vn 0.0000 -0.6377 -0.7703
vn -0.3189 -0.5523 -0.7703
vn -0.5523 -0.3189 -0.7703
vn 0.3553 -0.6155 -0.7035
vn 0.1639 0.2839 -0.9447
vn 0.2839 0.1639 -0.9447
vn 0.2839 -0.1639 -0.9447
vn 0.1639 -0.2839 -0.9447
vn -0.3279 0.0000 -0.9447
vn -0.2839 0.1639 -0.9447
vn -0.1639 -0.2839 -0.9447
vn -0.2839 -0.1639 -0.9447
vn 0.0000 0.3279 -0.9447
vn 0.3279 0.0000 -0.9447
vn 0.0000 -0.3279 -0.9447
vn -0.1639 0.2839 -0.9447
usemtl None
s 1
f 1304/1532/780 1329/1533/781 1328/1534/782 1305/1535/783
f 1305/1535/783 1328/1534/782 1330/1536/784 1306/1537/785
f 1306/1537/785 1330/1536/784 1331/1538/786 1307/1539/787
f 1307/1539/787 1331/1538/786 1332/1540/788 1308/1541/789
f 1308/1541/789 1332/1540/788 1333/1542/790 1309/1543/791
f 1309/1543/791 1333/1542/790 1334/1544/792 1310/1545/793
f 1310/1545/793 1334/1544/792 1335/1546/794 1311/1547/795
f 1311/1547/795 1335/1546/794 1336/1548/796 1312/1549/797
f 1312/1549/797 1336/1548/796 1337/1550/798 1313/1551/799
f 1313/1551/799 1337/1550/798 1338/1552/800 1314/1553/801
f 1521/1554/802 1520/1555/803 1479/1556/804 1480/1557/805
f 1314/1553/801 1338/1552/800 1339/1558/806 1315/1559/807
f 1315/1559/807 1339/1558/806 1329/1560/781 1304/1561/780
f 1268/1562/808 1270/1563/809 1272/1564/810 1274/1565/811 1276/1566/812 1278/1567/813 1280/1568/814 1282/1569/815 1284/1570/816 1286/1571/817 1288/1572/818 1290/1573/819
f 1374/1574/807 1303/1575/820 1292/1576/821 1375/1577/780
f 1373/1578/801 1302/1579/822 1303/1575/820 1374/1574/807
f 1372/1580/799 1301/1581/823 1302/1579/822 1373/1578/801
f 1371/1582/797 1300/1583/824 1301/1581/823 1372/1580/799
f 1370/1584/795 1299/1585/825 1300/1583/824 1371/1582/797
f 1369/1586/793 1298/1587/826 1299/1585/825 1370/1584/795
f 1368/1588/791 1297/1589/827 1298/1587/826 1369/1586/793
f 1367/1590/789 1296/1591/828 1297/1589/827 1368/1588/791
f 1366/1592/787 1295/1593/829 1296/1591/828 1367/1590/789
f 1365/1594/785 1294/1595/830 1295/1593/829 1366/1592/787
f 1364/1596/783 1293/1597/831 1294/1595/830 1365/1594/785
f 1375/1598/780 1292/1599/821 1293/1597/831 1364/1596/783
f 1363/1600/807 1315/1559/807 1304/1561/780 1352/1601/780
f 1362/1602/801 1314/1553/801 1315/1559/807 1363/1600/807
f 1361/1603/799 1313/1551/799 1314/1553/801 1362/1602/801
f 1360/1604/797 1312/1549/797 1313/1551/799 1361/1603/799
f 1359/1605/795 1311/1547/795 1312/1549/797 1360/1604/797
f 1358/1606/793 1310/1545/793 1311/1547/795 1359/1605/795
f 1357/1607/791 1309/1543/791 1310/1545/793 1358/1606/793
f 1356/1608/789 1308/1541/789 1309/1543/791 1357/1607/791
f 1355/1609/787 1307/1539/787 1308/1541/789 1356/1608/789
f 1354/1610/785 1306/1537/785 1307/1539/787 1355/1609/787
f 1353/1611/783 1305/1535/783 1306/1537/785 1354/1610/785
f 1352/1612/780 1304/1532/780 1305/1535/783 1353/1611/783
f 1400/1613/832 1401/1614/833 1316/1615/834 1317/1616/835
f 1402/1617/836 1400/1613/832 1317/1616/835 1318/1618/837
f 1403/1619/838 1402/1617/836 1318/1618/837 1319/1620/839
f 1404/1621/840 1403/1619/838 1319/1620/839 1320/1622/841
f 1405/1623/842 1404/1621/840 1320/1622/841 1321/1624/843
f 1406/1625/844 1405/1623/842 1321/1624/843 1322/1626/845
f 1407/1627/846 1406/1625/844 1322/1626/845 1323/1628/847
f 1408/1629/848 1407/1627/846 1323/1628/847 1324/1630/849
f 1409/1631/850 1408/1629/848 1324/1630/849 1325/1632/851
f 1410/1633/852 1409/1631/850 1325/1632/851 1326/1634/853
f 1411/1635/854 1410/1633/852 1326/1634/853 1327/1636/855
f 1401/1614/833 1411/1635/854 1327/1636/855 1316/1615/834
f 1567/1637/856 1556/1638/856 1328/1639/782 1329/1640/781
f 1556/1638/856 1557/1641/856 1330/1642/784 1328/1639/782
f 1557/1641/856 1558/1643/856 1331/1644/786 1330/1642/784
f 1558/1643/856 1559/1645/856 1332/1646/788 1331/1644/786
f 1559/1645/856 1560/1647/856 1333/1648/790 1332/1646/788
f 1560/1647/856 1561/1649/856 1334/1650/792 1333/1648/790
f 1561/1649/856 1562/1651/856 1335/1652/794 1334/1650/792
f 1562/1651/856 1563/1653/856 1336/1654/796 1335/1652/794
f 1563/1653/856 1564/1655/856 1337/1656/798 1336/1654/796
f 1564/1655/856 1565/1657/856 1338/1658/800 1337/1656/798
f 1565/1657/856 1566/1659/856 1339/1660/806 1338/1658/800
f 1566/1659/856 1567/1637/856 1329/1640/781 1339/1660/806
f 1387/1661/857 1351/1662/858 1340/1663/859 1376/1664/860
f 1376/1664/860 1340/1663/859 1341/1665/861 1377/1666/862
f 1377/1666/862 1341/1665/861 1342/1667/863 1378/1668/864
f 1378/1668/864 1342/1667/863 1343/1669/865 1379/1670/866
f 1379/1670/866 1343/1669/865 1344/1671/867 1380/1672/868
f 1380/1672/868 1344/1671/867 1345/1673/869 1381/1674/870
f 1381/1674/870 1345/1673/869 1346/1675/871 1382/1676/872
f 1382/1676/872 1346/1675/871 1347/1677/873 1383/1678/874
f 1383/1678/874 1347/1677/873 1348/1679/875 1384/1680/876
f 1384/1680/876 1348/1679/875 1349/1681/877 1385/1682/878
f 1385/1682/878 1349/1681/877 1350/1683/879 1386/1684/880
f 1386/1684/880 1350/1683/879 1351/1685/858 1387/1686/857
f 1351/1662/858 1352/1612/780 1353/1611/783 1340/1663/859
f 1340/1663/859 1353/1611/783 1354/1610/785 1341/1665/861
f 1341/1665/861 1354/1610/785 1355/1609/787 1342/1667/863
f 1342/1667/863 1355/1609/787 1356/1608/789 1343/1669/865
f 1343/1669/865 1356/1608/789 1357/1607/791 1344/1671/867
f 1344/1671/867 1357/1607/791 1358/1606/793 1345/1673/869
f 1345/1673/869 1358/1606/793 1359/1605/795 1346/1675/871
f 1346/1675/871 1359/1605/795 1360/1604/797 1347/1677/873
f 1347/1677/873 1360/1604/797 1361/1603/799 1348/1679/875
f 1348/1679/875 1361/1603/799 1362/1602/801 1349/1681/877
f 1349/1681/877 1362/1602/801 1363/1600/807 1350/1683/879
f 1350/1683/879 1363/1600/807 1352/1601/780 1351/1685/858
f 1316/1687/834 1375/1598/780 1364/1596/783 1317/1688/835
f 1317/1688/835 1364/1596/783 1365/1594/785 1318/1689/837
f 1318/1689/837 1365/1594/785 1366/1592/787 1319/1690/839
f 1319/1690/839 1366/1592/787 1367/1590/789 1320/1691/841
f 1320/1691/841 1367/1590/789 1368/1588/791 1321/1692/843
f 1321/1692/843 1368/1588/791 1369/1586/793 1322/1693/845
f 1322/1693/845 1369/1586/793 1370/1584/795 1323/1694/847
f 1323/1694/847 1370/1584/795 1371/1582/797 1324/1695/849
f 1324/1695/849 1371/1582/797 1372/1580/799 1325/1696/851
f 1325/1696/851 1372/1580/799 1373/1578/801 1326/1697/853
f 1326/1697/853 1373/1578/801 1374/1574/807 1327/1698/855
f 1327/1698/855 1374/1574/807 1375/1577/780 1316/1699/834
f 1398/1700/880 1386/1684/880 1387/1686/857 1399/1701/857
f 1397/1702/878 1385/1682/878 1386/1684/880 1398/1700/880
f 1396/1703/876 1384/1680/876 1385/1682/878 1397/1702/878
f 1395/1704/874 1383/1678/874 1384/1680/876 1396/1703/876
f 1394/1705/872 1382/1676/872 1383/1678/874 1395/1704/874
f 1393/1706/870 1381/1674/870 1382/1676/872 1394/1705/872
f 1392/1707/868 1380/1672/868 1381/1674/870 1393/1706/870
f 1391/1708/866 1379/1670/866 1380/1672/868 1392/1707/868
f 1390/1709/864 1378/1668/864 1379/1670/866 1391/1708/866
f 1389/1710/862 1377/1666/862 1378/1668/864 1390/1709/864
f 1388/1711/860 1376/1664/860 1377/1666/862 1389/1710/862
f 1399/1712/857 1387/1661/857 1376/1664/860 1388/1711/860
f 1292/1599/821 1399/1712/857 1388/1711/860 1293/1597/831
f 1293/1597/831 1388/1711/860 1389/1710/862 1294/1595/830
f 1294/1595/830 1389/1710/862 1390/1709/864 1295/1593/829
f 1295/1593/829 1390/1709/864 1391/1708/866 1296/1591/828
f 1296/1591/828 1391/1708/866 1392/1707/868 1297/1589/827
f 1297/1589/827 1392/1707/868 1393/1706/870 1298/1587/826
f 1298/1587/826 1393/1706/870 1394/1705/872 1299/1585/825
f 1299/1585/825 1394/1705/872 1395/1704/874 1300/1583/824
f 1300/1583/824 1395/1704/874 1396/1703/876 1301/1581/823
f 1301/1581/823 1396/1703/876 1397/1702/878 1302/1579/822
f 1302/1579/822 1397/1702/878 1398/1700/880 1303/1575/820
f 1303/1575/820 1398/1700/880 1399/1701/857 1292/1576/821
f 1412/1713/881 1423/1714/882 1411/1635/854 1401/1614/833
f 1423/1714/882 1422/1715/883 1410/1633/852 1411/1635/854
f 1422/1715/883 1421/1716/884 1409/1631/850 1410/1633/852
f 1421/1716/884 1420/1717/885 1408/1629/848 1409/1631/850
f 1420/1717/885 1419/1718/886 1407/1627/846 1408/1629/848
f 1419/1718/886 1418/1719/887 1406/1625/844 1407/1627/846
f 1418/1719/887 1417/1720/888 1405/1623/842 1406/1625/844
f 1417/1720/888 1416/1721/889 1404/1621/840 1405/1623/842
f 1416/1721/889 1415/1722/890 1403/1619/838 1404/1621/840
f 1415/1722/890 1414/1723/891 1402/1617/836 1403/1619/838
f 1414/1723/891 1413/1724/892 1400/1613/832 1402/1617/836
f 1413/1724/892 1412/1713/881 1401/1614/833 1400/1613/832
f 1425/1725/893 1424/1726/893 1412/1713/881 1413/1724/892
f 1426/1727/893 1425/1725/893 1413/1724/892 1414/1723/891
f 1427/1728/893 1426/1727/893 1414/1723/891 1415/1722/890
f 1428/1729/893 1427/1728/893 1415/1722/890 1416/1721/889
f 1429/1730/893 1428/1729/893 1416/1721/889 1417/1720/888
f 1430/1731/893 1429/1730/893 1417/1720/888 1418/1719/887
f 1431/1732/893 1430/1731/893 1418/1719/887 1419/1718/886
f 1432/1733/893 1431/1732/893 1419/1718/886 1420/1717/885
f 1433/1734/893 1432/1733/893 1420/1717/885 1421/1716/884
f 1434/1735/893 1433/1734/893 1421/1716/884 1422/1715/883
f 1435/1736/893 1434/1735/893 1422/1715/883 1423/1714/882
f 1424/1726/893 1435/1736/893 1423/1714/882 1412/1713/881
f 1437/1737/893 1436/1738/893 1424/1726/893 1425/1725/893
f 1438/1739/893 1437/1737/893 1425/1725/893 1426/1727/893
f 1439/1740/893 1438/1739/893 1426/1727/893 1427/1728/893
f 1440/1741/893 1439/1740/893 1427/1728/893 1428/1729/893
f 1441/1742/893 1440/1741/893 1428/1729/893 1429/1730/893
f 1442/1743/893 1441/1742/893 1429/1730/893 1430/1731/893
f 1443/1744/893 1442/1743/893 1430/1731/893 1431/1732/893
f 1444/1745/893 1443/1744/893 1431/1732/893 1432/1733/893
f 1445/1746/893 1444/1745/893 1432/1733/893 1433/1734/893
f 1446/1747/893 1445/1746/893 1433/1734/893 1434/1735/893
f 1447/1748/893 1446/1747/893 1434/1735/893 1435/1736/893
f 1436/1738/893 1447/1748/893 1435/1736/893 1424/1726/893
f 1449/1749/894 1448/1750/895 1436/1738/893 1437/1737/893
f 1450/1751/896 1449/1749/894 1437/1737/893 1438/1739/893
f 1451/1752/897 1450/1751/896 1438/1739/893 1439/1740/893
f 1452/1753/898 1451/1752/897 1439/1740/893 1440/1741/893
f 1453/1754/899 1452/1753/898 1440/1741/893 1441/1742/893
f 1454/1755/900 1453/1754/899 1441/1742/893 1442/1743/893
f 1455/1756/901 1454/1755/900 1442/1743/893 1443/1744/893
f 1456/1757/902 1455/1756/901 1443/1744/893 1444/1745/893
f 1457/1758/903 1456/1757/902 1444/1745/893 1445/1746/893
f 1458/1759/904 1457/1758/903 1445/1746/893 1446/1747/893
f 1459/1760/905 1458/1759/904 1446/1747/893 1447/1748/893
f 1448/1750/895 1459/1760/905 1447/1748/893 1436/1738/893
f 1617/1761/906 1616/1762/907 1448/1750/895 1449/1749/894
f 1618/1763/908 1617/1761/906 1449/1749/894 1450/1751/896
f 1619/1764/909 1618/1763/908 1450/1751/896 1451/1752/897
f 1620/1765/910 1619/1764/909 1451/1752/897 1452/1753/898
f 1621/1766/911 1620/1765/910 1452/1753/898 1453/1754/899
f 1622/1767/912 1621/1766/911 1453/1754/899 1454/1755/900
f 1623/1768/913 1622/1767/912 1454/1755/900 1455/1756/901
f 1624/1769/914 1623/1768/913 1455/1756/901 1456/1757/902
f 1625/1770/915 1624/1769/914 1456/1757/902 1457/1758/903
f 1626/1771/916 1625/1770/915 1457/1758/903 1458/1759/904
f 1627/1772/917 1626/1771/916 1458/1759/904 1459/1760/905
f 1616/1762/907 1627/1772/917 1459/1760/905 1448/1750/895
f 1581/1773/799 1580/1774/797 1576/1775/796 1577/1776/798
f 1523/1777/918 1522/1778/919 1476/1779/920 1477/1780/921
f 1525/1781/922 1524/1782/923 1483/1783/924 1473/1784/925
f 1527/1785/926 1526/1786/927 1472/1787/928 1474/1788/929
f 1528/1789/930 1521/1554/802 1480/1557/805 1481/1790/931
f 1529/1791/932 1523/1777/918 1477/1780/921 1478/1792/933
f 1530/1793/934 1527/1785/926 1474/1788/929 1475/1794/935
f 1531/1795/936 1528/1789/930 1481/1790/931 1482/1796/937
f 1520/1555/803 1529/1791/932 1478/1792/933 1479/1556/804
f 1522/1778/919 1530/1793/934 1475/1794/935 1476/1779/920
f 1524/1782/923 1531/1795/936 1482/1796/937 1483/1783/924
f 1526/1786/927 1525/1781/922 1473/1784/925 1472/1787/928
f 1519/1797/856 1508/1798/856 1472/1787/928 1473/1784/925
f 1508/1798/856 1509/1799/856 1474/1788/929 1472/1787/928
f 1509/1799/856 1510/1800/856 1475/1794/935 1474/1788/929
f 1510/1800/856 1511/1801/856 1476/1779/920 1475/1794/935
f 1511/1801/856 1512/1802/856 1477/1780/921 1476/1779/920
f 1512/1802/856 1513/1803/856 1478/1792/933 1477/1780/921
f 1513/1803/856 1514/1804/856 1479/1556/804 1478/1792/933
f 1514/1804/856 1515/1805/856 1480/1557/805 1479/1556/804
f 1515/1805/856 1516/1806/856 1481/1790/931 1480/1557/805
f 1516/1806/856 1517/1807/856 1482/1796/937 1481/1790/931
f 1517/1807/856 1518/1808/856 1483/1783/924 1482/1796/937
f 1518/1808/856 1519/1797/856 1473/1784/925 1483/1783/924
f 1484/1809/856 1485/1810/856 1495/1811/856 1494/1812/856 1493/1813/856 1492/1814/856 1491/1815/856 1490/1816/856 1489/1817/856 1488/1818/856 1487/1819/856 1486/1820/856
f 1583/1821/793 1582/1822/791 1573/1823/790 1574/1824/792
f 1585/1825/787 1584/1826/785 1570/1827/784 1571/1828/786
f 1586/1829/801 1581/1773/799 1577/1776/798 1578/1830/800
f 1587/1831/795 1583/1821/793 1574/1824/792 1575/1832/794
f 1588/1833/789 1585/1825/787 1571/1828/786 1572/1834/788
f 1589/1835/807 1586/1829/801 1578/1830/800 1579/1836/806
f 1591/1837/783 1590/1838/780 1569/1839/781 1568/1840/782
f 1580/1774/797 1587/1831/795 1575/1832/794 1576/1775/796
f 1582/1822/791 1588/1833/789 1572/1834/788 1573/1823/790
f 1590/1838/780 1589/1835/807 1579/1836/806 1569/1839/781
f 1584/1826/785 1591/1837/783 1568/1840/782 1570/1827/784
f 1471/1841/938 1461/1842/939 1496/1843/856 1507/1844/856
f 1470/1845/940 1471/1841/938 1507/1844/856 1506/1846/856
f 1469/1847/941 1470/1845/940 1506/1846/856 1505/1848/856
f 1468/1849/942 1469/1847/941 1505/1848/856 1504/1850/856
f 1467/1851/943 1468/1849/942 1504/1850/856 1503/1852/856
f 1466/1853/944 1467/1851/943 1503/1852/856 1502/1854/856
f 1465/1855/945 1466/1853/944 1502/1854/856 1501/1856/856
f 1464/1857/946 1465/1855/945 1501/1856/856 1500/1858/856
f 1463/1859/947 1464/1857/946 1500/1858/856 1499/1860/856
f 1462/1861/948 1463/1859/947 1499/1860/856 1498/1862/856
f 1460/1863/949 1462/1861/948 1498/1862/856 1497/1864/856
f 1461/1842/939 1460/1863/949 1497/1864/856 1496/1843/856
f 1507/1844/856 1496/1843/856 1519/1797/856 1518/1808/856
f 1506/1846/856 1507/1844/856 1518/1808/856 1517/1807/856
f 1505/1848/856 1506/1846/856 1517/1807/856 1516/1806/856
f 1504/1850/856 1505/1848/856 1516/1806/856 1515/1805/856
f 1503/1852/856 1504/1850/856 1515/1805/856 1514/1804/856
f 1502/1854/856 1503/1852/856 1514/1804/856 1513/1803/856
f 1501/1856/856 1502/1854/856 1513/1803/856 1512/1802/856
f 1500/1858/856 1501/1856/856 1512/1802/856 1511/1801/856
f 1499/1860/856 1500/1858/856 1511/1801/856 1510/1800/856
f 1498/1862/856 1499/1860/856 1510/1800/856 1509/1799/856
f 1497/1864/856 1498/1862/856 1509/1799/856 1508/1798/856
f 1496/1843/856 1497/1864/856 1508/1798/856 1519/1797/856
f 1543/1865/927 1534/1866/922 1525/1781/922 1526/1786/927
f 1542/1867/923 1539/1868/936 1531/1795/936 1524/1782/923
f 1541/1869/950 1538/1870/934 1530/1793/934 1522/1778/919
f 1540/1871/803 1537/1872/932 1529/1791/932 1520/1555/803
f 1539/1868/936 1536/1873/930 1528/1789/930 1531/1795/936
f 1538/1870/934 1535/1874/926 1527/1785/926 1530/1793/934
f 1537/1872/932 1533/1875/918 1523/1777/918 1529/1791/932
f 1536/1873/930 1532/1876/802 1521/1554/802 1528/1789/930
f 1535/1874/926 1543/1865/927 1526/1786/927 1527/1785/926
f 1534/1866/922 1542/1867/923 1524/1782/923 1525/1781/922
f 1533/1875/918 1541/1869/950 1522/1778/919 1523/1777/918
f 1532/1876/802 1540/1871/803 1520/1555/803 1521/1554/802
f 1285/1877/951 1283/1878/952 1540/1871/803 1532/1876/802
f 1279/1879/953 1277/1880/954 1541/1869/950 1533/1875/918
f 1269/1881/955 1291/1882/956 1542/1867/923 1534/1866/922
f 1273/1883/957 1271/1884/958 1543/1865/927 1535/1874/926
f 1287/1885/959 1285/1877/951 1532/1876/802 1536/1873/930
f 1281/1886/960 1279/1879/953 1533/1875/918 1537/1872/932
f 1275/1887/961 1273/1883/957 1535/1874/926 1538/1870/934
f 1289/1888/962 1287/1885/959 1536/1873/930 1539/1868/936
f 1283/1878/952 1281/1886/960 1537/1872/932 1540/1871/803
f 1277/1880/954 1275/1887/961 1538/1870/934 1541/1869/950
f 1291/1882/956 1289/1888/962 1539/1868/936 1542/1867/923
f 1271/1884/958 1269/1881/955 1534/1866/922 1543/1865/927
f 1291/1882/956 1269/1881/955 1544/1889/856 1555/1890/856
f 1289/1888/962 1291/1882/956 1555/1890/856 1554/1891/856
f 1287/1885/959 1289/1888/962 1554/1891/856 1553/1892/856
f 1285/1877/951 1287/1885/959 1553/1892/856 1552/1893/856
f 1283/1878/952 1285/1877/951 1552/1893/856 1551/1894/856
f 1281/1886/960 1283/1878/952 1551/1894/856 1550/1895/856
f 1279/1879/953 1281/1886/960 1550/1895/856 1549/1896/856
f 1277/1880/954 1279/1879/953 1549/1896/856 1548/1897/856
f 1275/1887/961 1277/1880/954 1548/1897/856 1547/1898/856
f 1273/1883/957 1275/1887/961 1547/1898/856 1546/1899/856
f 1271/1884/958 1273/1883/957 1546/1899/856 1545/1900/856
f 1269/1881/955 1271/1884/958 1545/1900/856 1544/1889/856
f 1555/1890/856 1544/1889/856 1567/1637/856 1566/1659/856
f 1554/1891/856 1555/1890/856 1566/1659/856 1565/1657/856
f 1553/1892/856 1554/1891/856 1565/1657/856 1564/1655/856
f 1552/1893/856 1553/1892/856 1564/1655/856 1563/1653/856
f 1551/1894/856 1552/1893/856 1563/1653/856 1562/1651/856
f 1550/1895/856 1551/1894/856 1562/1651/856 1561/1649/856
f 1549/1896/856 1550/1895/856 1561/1649/856 1560/1647/856
f 1548/1897/856 1549/1896/856 1560/1647/856 1559/1645/856
f 1547/1898/856 1548/1897/856 1559/1645/856 1558/1643/856
f 1546/1899/856 1547/1898/856 1558/1643/856 1557/1641/856
f 1545/1900/856 1546/1899/856 1557/1641/856 1556/1638/856
f 1544/1889/856 1545/1900/856 1556/1638/856 1567/1637/856
f 1485/1810/856 1484/1809/856 1568/1840/782 1569/1839/781
f 1484/1809/856 1486/1820/856 1570/1827/784 1568/1840/782
f 1486/1820/856 1487/1819/856 1571/1828/786 1570/1827/784
f 1487/1819/856 1488/1818/856 1572/1834/788 1571/1828/786
f 1488/1818/856 1489/1817/856 1573/1823/790 1572/1834/788
f 1489/1817/856 1490/1816/856 1574/1824/792 1573/1823/790
f 1490/1816/856 1491/1815/856 1575/1832/794 1574/1824/792
f 1491/1815/856 1492/1814/856 1576/1775/796 1575/1832/794
f 1492/1814/856 1493/1813/856 1577/1776/798 1576/1775/796
f 1493/1813/856 1494/1812/856 1578/1830/800 1577/1776/798
f 1494/1812/856 1495/1811/856 1579/1836/806 1578/1830/800
f 1495/1811/856 1485/1810/856 1569/1839/781 1579/1836/806
f 1602/1901/785 1599/1902/783 1591/1837/783 1584/1826/785
f 1603/1903/780 1598/1904/807 1589/1835/807 1590/1838/780
f 1601/1905/791 1597/1906/789 1588/1833/789 1582/1822/791
f 1600/1907/797 1596/1908/795 1587/1831/795 1580/1774/797
f 1599/1902/783 1603/1903/780 1590/1838/780 1591/1837/783
f 1598/1904/807 1595/1909/801 1586/1829/801 1589/1835/807
f 1597/1906/789 1594/1910/787 1585/1825/787 1588/1833/789
f 1596/1908/795 1593/1911/793 1583/1821/793 1587/1831/795
f 1595/1909/801 1592/1912/799 1581/1773/799 1586/1829/801
f 1594/1910/787 1602/1901/785 1584/1826/785 1585/1825/787
f 1593/1911/793 1601/1905/791 1582/1822/791 1583/1821/793
f 1592/1912/799 1600/1907/797 1580/1774/797 1581/1773/799
f 1469/1847/941 1468/1849/942 1600/1907/797 1592/1912/799
f 1466/1853/944 1465/1855/945 1601/1905/791 1593/1911/793
f 1463/1859/947 1462/1861/948 1602/1901/785 1594/1910/787
f 1470/1845/940 1469/1847/941 1592/1912/799 1595/1909/801
f 1467/1851/943 1466/1853/944 1593/1911/793 1596/1908/795
f 1464/1857/946 1463/1859/947 1594/1910/787 1597/1906/789
f 1471/1841/938 1470/1845/940 1595/1909/801 1598/1904/807
f 1460/1863/949 1461/1842/939 1603/1903/780 1599/1902/783
f 1468/1849/942 1467/1851/943 1596/1908/795 1600/1907/797
f 1465/1855/945 1464/1857/946 1597/1906/789 1601/1905/791
f 1461/1842/939 1471/1841/938 1598/1904/807 1603/1903/780
f 1462/1861/948 1460/1863/949 1599/1902/783 1602/1901/785
f 1268/1562/808 1290/1573/819 1615/1913/917 1605/1914/907
f 1290/1573/819 1288/1572/818 1614/1915/916 1615/1913/917
f 1288/1572/818 1286/1571/817 1613/1916/915 1614/1915/916
f 1286/1571/817 1284/1570/816 1612/1917/914 1613/1916/915
f 1284/1570/816 1282/1569/815 1611/1918/913 1612/1917/914
f 1282/1569/815 1280/1568/814 1610/1919/912 1611/1918/913
f 1280/1568/814 1278/1567/813 1609/1920/911 1610/1919/912
f 1278/1567/813 1276/1566/812 1608/1921/910 1609/1920/911
f 1276/1566/812 1274/1565/811 1607/1922/909 1608/1921/910
f 1274/1565/811 1272/1564/810 1606/1923/908 1607/1922/909
f 1272/1564/810 1270/1563/809 1604/1924/906 1606/1923/908
f 1270/1563/809 1268/1562/808 1605/1914/907 1604/1924/906
f 1605/1914/907 1615/1913/917 1627/1772/917 1616/1762/907
f 1615/1913/917 1614/1915/916 1626/1771/916 1627/1772/917
f 1614/1915/916 1613/1916/915 1625/1770/915 1626/1771/916
f 1613/1916/915 1612/1917/914 1624/1769/914 1625/1770/915
f 1612/1917/914 1611/1918/913 1623/1768/913 1624/1769/914
f 1611/1918/913 1610/1919/912 1622/1767/912 1623/1768/913
f 1610/1919/912 1609/1920/911 1621/1766/911 1622/1767/912
f 1609/1920/911 1608/1921/910 1620/1765/910 1621/1766/911
f 1608/1921/910 1607/1922/909 1619/1764/909 1620/1765/910
f 1607/1922/909 1606/1923/908 1618/1763/908 1619/1764/909
f 1606/1923/908 1604/1924/906 1617/1761/906 1618/1763/908
f 1604/1924/906 1605/1914/907 1616/1762/907 1617/1761/906
o Cylinder.005_Cylinder.011
v -1.153422 1.063694 -0.043671
v -1.162622 1.064807 1.998062
v -1.145088 1.005141 -0.043671
v -1.153613 1.001505 1.998062
v -1.108595 0.958599 -0.043671
v -1.114159 0.951188 1.998062
v -1.053720 0.936540 -0.043671
v -1.054834 0.927339 1.998062
v -0.995167 0.944873 -0.043671
v -0.991531 0.936349 1.998062
v -0.948626 0.981366 -0.043671
v -0.941215 0.975802 1.998062
v -0.926566 1.036241 -0.043671
v -0.917366 1.035128 1.998062
v -0.934899 1.094794 -0.043671
v -0.926375 1.098430 1.998062
v -0.971392 1.141336 -0.043671
v -0.965828 1.148746 1.998062
v -1.026267 1.163395 -0.043671
v -1.025154 1.172595 1.998062
v -1.084820 1.155062 -0.043671
v -1.088456 1.163586 1.998062
v -1.131362 1.118569 -0.043671
v -1.138773 1.124133 1.998062
v -1.195707 1.068811 0.040525
v -1.184268 0.988430 0.040525
v -1.134170 0.924537 0.040525
v -1.058837 0.894254 0.040525
v -0.978456 0.905694 0.040525
v -0.914564 0.955791 0.040525
v -0.884280 1.031124 0.040525
v -0.895720 1.111505 0.040525
v -0.945818 1.175398 0.040525
v -1.021150 1.205681 0.040525
v -1.101531 1.194241 0.040525
v -1.165424 1.144143 0.040525
v -1.195707 1.068811 1.926759
v -1.184268 0.988430 1.926759
v -1.134170 0.924537 1.926759
v -1.058837 0.894254 1.926759
v -0.978456 0.905694 1.926759
v -0.914564 0.955791 1.926759
v -0.884280 1.031124 1.926759
v -0.895720 1.111505 1.926759
v -0.945818 1.175398 1.926759
v -1.021150 1.205681 1.926759
v -1.101531 1.194241 1.926759
v -1.165424 1.144143 1.926759
v -1.195707 1.068811 -0.043671
v -1.184268 0.988430 -0.043671
v -1.134170 0.924537 -0.043671
v -1.058837 0.894254 -0.043671
v -0.978456 0.905694 -0.043671
v -0.914564 0.955791 -0.043671
v -0.884280 1.031124 -0.043671
v -0.895720 1.111505 -0.043671
v -0.945818 1.175398 -0.043671
v -1.021150 1.205681 -0.043671
v -1.101531 1.194241 -0.043671
v -1.165424 1.144143 -0.043671
v -1.184268 0.988430 1.998062
v -1.195707 1.068811 1.998062
v -1.134170 0.924537 1.998062
v -1.058837 0.894254 1.998062
v -0.978456 0.905694 1.998062
v -0.914564 0.955791 1.998062
v -0.884280 1.031124 1.998062
v -0.895720 1.111505 1.998062
v -0.945818 1.175398 1.998062
v -1.021150 1.205681 1.998062
v -1.101531 1.194241 1.998062
v -1.165424 1.144143 1.998062
v -1.063224 1.040059 2.616915
v -1.065066 1.053002 2.616915
v -1.055158 1.029771 2.616915
v -1.043028 1.024895 2.616915
v -1.030085 1.026737 2.616915
v -1.019797 1.034803 2.616915
v -1.014921 1.046933 2.616915
v -1.016763 1.059876 2.616915
v -1.024830 1.070164 2.616915
v -1.036960 1.075040 2.616915
v -1.049902 1.073198 2.616915
v -1.060190 1.065131 2.616915
v -1.155874 1.063991 -0.043671
v -1.147361 1.004172 -0.043671
v -1.110078 0.956624 -0.043671
v -1.054017 0.934087 -0.043671
v -0.994198 0.942600 -0.043671
v -0.946650 0.979883 -0.043671
v -0.924113 1.035944 -0.043671
v -0.932627 1.095763 -0.043671
v -0.969909 1.143311 -0.043671
v -1.025970 1.165848 -0.043671
v -1.085789 1.157334 -0.043671
v -1.133337 1.120052 -0.043671
v -1.147697 1.063001 -0.110471
v -1.139785 1.007403 -0.110471
v -1.105133 0.963210 -0.110471
v -1.053028 0.942264 -0.110471
v -0.997429 0.950176 -0.110471
v -0.953237 0.984828 -0.110471
v -0.932290 1.036934 -0.110471
v -0.940203 1.092532 -0.110471
v -0.974854 1.136725 -0.110471
v -1.026960 1.157671 -0.110471
v -1.082558 1.149758 -0.110471
v -1.126751 1.115107 -0.110471
v -1.153422 1.063694 -0.092448
v -1.145088 1.005141 -0.092448
v -1.108595 0.958599 -0.092448
v -1.053720 0.936540 -0.092448
v -0.995167 0.944873 -0.092448
v -0.948626 0.981366 -0.092448
v -0.926566 1.036241 -0.092448
v -0.934899 1.094794 -0.092448
v -0.971392 1.141336 -0.092448
v -1.026267 1.163395 -0.092448
v -1.084820 1.155062 -0.092448
v -1.131362 1.118569 -0.092448
v -1.129099 1.060750 -0.124968
v -1.122553 1.014753 -0.124968
v -1.093885 0.978192 -0.124968
v -1.050777 0.960862 -0.124968
v -1.004779 0.967408 -0.124968
v -0.968218 0.996076 -0.124968
v -0.950888 1.039184 -0.124968
v -0.957435 1.085182 -0.124968
v -0.986103 1.121743 -0.124968
v -1.029211 1.139073 -0.124968
v -1.075208 1.132527 -0.124968
v -1.111770 1.103859 -0.124968
v -1.100129 1.057245 -0.143019
v -1.095711 1.026202 -0.143019
v -1.076364 1.001527 -0.143019
v -1.047271 0.989832 -0.143019
v -1.016228 0.994250 -0.143019
v -0.991553 1.013597 -0.143019
v -0.979858 1.042690 -0.143019
v -0.984276 1.073733 -0.143019
v -1.003624 1.098408 -0.143019
v -1.032716 1.110103 -0.143019
v -1.063759 1.105685 -0.143019
v -1.088434 1.086338 -0.143019
v -1.086230 1.055563 -0.232146
v -1.082834 1.031695 -0.232146
v -1.067958 1.012723 -0.232146
v -1.045589 1.003731 -0.232146
v -1.021721 1.007128 -0.232146
v -1.002749 1.022003 -0.232146
v -0.993757 1.044372 -0.232146
v -0.997154 1.068240 -0.232146
v -1.012030 1.087212 -0.232146
v -1.034398 1.096204 -0.232146
v -1.058266 1.092807 -0.232146
v -1.077238 1.077932 -0.232146
v -1.113849 0.951601 2.001315
v -1.054772 0.927852 2.001315
v -1.025216 1.172083 2.001315
v -1.088253 1.163111 2.001315
v -0.917879 1.035190 2.001315
v -0.926850 1.098227 2.001315
v -0.991734 0.936824 2.001315
v -1.138360 1.123823 2.001315
v -1.162109 1.064745 2.001315
v -1.153137 1.001708 2.001315
v -0.966138 1.148333 2.001315
v -0.941628 0.976112 2.001315
v -1.195707 1.068811 1.986997
v -1.184268 0.988430 1.986997
v -1.134170 0.924537 1.986997
v -1.058837 0.894254 1.986997
v -0.978456 0.905694 1.986997
v -0.914564 0.955791 1.986997
v -0.884280 1.031124 1.986997
v -0.895720 1.111505 1.986997
v -0.945818 1.175398 1.986997
v -1.021150 1.205681 1.986997
v -1.101531 1.194241 1.986997
v -1.165424 1.144143 1.986997
v -1.187562 1.067825 1.998062
v -1.176720 0.991649 1.998062
v -1.129243 0.931099 1.998062
v -1.057852 0.902399 1.998062
v -0.981675 0.913241 1.998062
v -0.921125 0.960718 1.998062
v -0.892426 1.032109 1.998062
v -0.903267 1.108286 1.998062
v -0.950744 1.168836 1.998062
v -1.022136 1.197536 1.998062
v -1.098312 1.186694 1.998062
v -1.158862 1.139217 1.998062
v -1.166504 1.065277 1.998062
v -1.157210 0.999971 1.998062
v -1.116507 0.948061 1.998062
v -1.055303 0.923457 1.998062
v -0.989997 0.932751 1.998062
v -0.938087 0.973454 1.998062
v -0.913483 1.034658 1.998062
v -0.922778 1.099964 1.998062
v -0.963480 1.151874 1.998062
v -1.024684 1.176478 1.998062
v -1.089990 1.167183 1.998062
v -1.141900 1.126481 1.998062
v -1.055762 1.028966 2.610579
v -1.036839 1.076039 2.610579
v -1.013922 1.046812 2.610579
v -1.066065 1.053122 2.610579
v -1.043149 1.023896 2.610579
v -1.050297 1.074124 2.610579
v -1.015838 1.060271 2.610579
v -1.029690 1.025811 2.610579
v -1.060995 1.065735 2.610579
v -1.064150 1.039664 2.610579
v -1.024226 1.070968 2.610579
v -1.018993 1.034199 2.610579
v -1.064736 1.107976 -0.141478
v -1.032417 1.112576 -0.141478
v -0.981985 1.074710 -0.141478
v -0.977385 1.042391 -0.141478
v -1.015251 0.991958 -0.141478
v -1.047570 0.987359 -0.141478
v -1.090426 1.087833 -0.141478
v -1.098003 1.025225 -0.141478
v -1.102602 1.057544 -0.141478
v -1.002128 1.100400 -0.141478
v -0.989561 1.012102 -0.141478
v -1.077860 0.999535 -0.141478
v -1.180164 0.990180 -0.043671
v -1.191278 1.068275 -0.043671
v -1.131491 0.928105 -0.043671
v -1.058301 0.898683 -0.043671
v -0.980206 0.909797 -0.043671
v -0.918131 0.958470 -0.043671
v -0.888709 1.031660 -0.043671
v -0.899824 1.109755 -0.043671
v -0.948496 1.171830 -0.043671
v -1.021686 1.201252 -0.043671
v -1.099781 1.190138 -0.043671
v -1.161856 1.141465 -0.043671
v -1.046010 1.000257 -0.229345
v -1.070059 1.009925 -0.229345
v -1.059639 1.096026 -0.229345
v -1.033978 1.099678 -0.229345
v -0.993935 1.069613 -0.229345
v -0.990283 1.043952 -0.229345
v -1.020348 1.003909 -0.229345
v -1.080037 1.080033 -0.229345
v -1.086052 1.030322 -0.229345
v -1.089705 1.055983 -0.229345
v -1.009928 1.090010 -0.229345
v -0.999951 1.019902 -0.229345
v -1.089366 1.055942 -0.232146
v -1.085739 1.030455 -0.232146
v -1.069854 1.010197 -0.232146
v -1.045969 1.000595 -0.232146
v -1.020482 1.004222 -0.232146
v -1.000223 1.020107 -0.232146
v -0.990621 1.043993 -0.232146
v -0.994248 1.069479 -0.232146
v -1.010133 1.089738 -0.232146
v -1.034019 1.099340 -0.232146
v -1.059506 1.095713 -0.232146
v -1.079764 1.079828 -0.232146
v 1.153422 1.063694 -0.043671
v 1.162621 1.064807 1.998062
v 1.145088 1.005141 -0.043671
v 1.153612 1.001505 1.998062
v 1.108595 0.958599 -0.043671
v 1.114159 0.951188 1.998062
v 1.053720 0.936540 -0.043671
v 1.054833 0.927339 1.998062
v 0.995167 0.944873 -0.043671
v 0.991531 0.936349 1.998062
v 0.948625 0.981366 -0.043671
v 0.941214 0.975802 1.998062
v 0.926566 1.036241 -0.043671
v 0.917366 1.035128 1.998062
v 0.934899 1.094794 -0.043671
v 0.926375 1.098430 1.998062
v 0.971392 1.141336 -0.043671
v 0.965828 1.148746 1.998062
v 1.026267 1.163395 -0.043671
v 1.025154 1.172595 1.998062
v 1.084820 1.155062 -0.043671
v 1.088456 1.163586 1.998062
v 1.131362 1.118569 -0.043671
v 1.138772 1.124133 1.998062
v 1.195707 1.068811 0.040525
v 1.184267 0.988430 0.040525
v 1.134169 0.924537 0.040525
v 1.058838 0.894254 0.040525
v 0.978456 0.905694 0.040525
v 0.914563 0.955791 0.040525
v 0.884280 1.031124 0.040525
v 0.895720 1.111505 0.040525
v 0.945817 1.175398 0.040525
v 1.021150 1.205681 0.040525
v 1.101531 1.194241 0.040525
v 1.165424 1.144143 0.040525
v 1.195707 1.068811 1.926759
v 1.184267 0.988430 1.926759
v 1.134169 0.924537 1.926759
v 1.058837 0.894254 1.926759
v 0.978456 0.905694 1.926759
v 0.914563 0.955791 1.926759
v 0.884280 1.031124 1.926759
v 0.895720 1.111505 1.926759
v 0.945818 1.175398 1.926759
v 1.021150 1.205681 1.926759
v 1.101531 1.194241 1.926759
v 1.165424 1.144143 1.926759
v 1.195707 1.068811 -0.043671
v 1.184267 0.988430 -0.043671
v 1.134169 0.924537 -0.043671
v 1.058838 0.894254 -0.043671
v 0.978456 0.905694 -0.043671
v 0.914563 0.955791 -0.043671
v 0.884280 1.031124 -0.043671
v 0.895720 1.111505 -0.043671
v 0.945818 1.175398 -0.043671
v 1.021150 1.205681 -0.043671
v 1.101531 1.194241 -0.043671
v 1.165424 1.144143 -0.043671
v 1.184267 0.988430 1.998062
v 1.195707 1.068811 1.998062
v 1.134169 0.924537 1.998062
v 1.058837 0.894254 1.998062
v 0.978456 0.905694 1.998062
v 0.914563 0.955791 1.998062
v 0.884280 1.031124 1.998062
v 0.895720 1.111505 1.998062
v 0.945818 1.175398 1.998062
v 1.021150 1.205681 1.998062
v 1.101531 1.194241 1.998062
v 1.165424 1.144143 1.998062
v 1.063224 1.040059 2.616915
v 1.065066 1.053002 2.616915
v 1.055158 1.029771 2.616915
v 1.043028 1.024895 2.616915
v 1.030085 1.026737 2.616915
v 1.019797 1.034803 2.616915
v 1.014921 1.046933 2.616915
v 1.016763 1.059876 2.616915
v 1.024830 1.070164 2.616915
v 1.036959 1.075040 2.616915
v 1.049902 1.073198 2.616915
v 1.060190 1.065131 2.616915
v 1.155874 1.063991 -0.043671
v 1.147361 1.004172 -0.043671
v 1.110078 0.956624 -0.043671
v 1.054017 0.934087 -0.043671
v 0.994198 0.942600 -0.043671
v 0.946650 0.979883 -0.043671
v 0.924113 1.035944 -0.043671
v 0.932626 1.095763 -0.043671
v 0.969909 1.143311 -0.043671
v 1.025970 1.165848 -0.043671
v 1.085789 1.157334 -0.043671
v 1.133337 1.120052 -0.043671
v 1.147697 1.063001 -0.110471
v 1.139785 1.007403 -0.110471
v 1.105133 0.963210 -0.110471
v 1.053028 0.942264 -0.110471
v 0.997429 0.950176 -0.110471
v 0.953236 0.984828 -0.110471
v 0.932290 1.036934 -0.110471
v 0.940203 1.092532 -0.110471
v 0.974854 1.136725 -0.110471
v 1.026960 1.157671 -0.110471
v 1.082558 1.149758 -0.110471
v 1.126751 1.115107 -0.110471
v 1.153422 1.063694 -0.092448
v 1.145088 1.005141 -0.092448
v 1.108595 0.958599 -0.092448
v 1.053720 0.936540 -0.092448
v 0.995167 0.944873 -0.092448
v 0.948625 0.981366 -0.092448
v 0.926566 1.036241 -0.092448
v 0.934899 1.094794 -0.092448
v 0.971392 1.141336 -0.092448
v 1.026267 1.163395 -0.092448
v 1.084820 1.155062 -0.092448
v 1.131362 1.118569 -0.092448
v 1.129099 1.060751 -0.124968
v 1.122553 1.014753 -0.124968
v 1.093885 0.978192 -0.124968
v 1.050777 0.960862 -0.124968
v 1.004780 0.967408 -0.124968
v 0.968218 0.996076 -0.124968
v 0.950888 1.039184 -0.124968
v 0.957435 1.085182 -0.124968
v 0.986102 1.121743 -0.124968
v 1.029210 1.139073 -0.124968
v 1.075208 1.132527 -0.124968
v 1.111770 1.103859 -0.124968
v 1.100129 1.057245 -0.143019
v 1.095711 1.026202 -0.143019
v 1.076364 1.001527 -0.143019
v 1.047271 0.989832 -0.143019
v 1.016228 0.994250 -0.143019
v 0.991553 1.013597 -0.143019
v 0.979858 1.042690 -0.143019
v 0.984276 1.073733 -0.143019
v 1.003624 1.098408 -0.143019
v 1.032716 1.110103 -0.143019
v 1.063759 1.105685 -0.143019
v 1.088434 1.086338 -0.143019
v 1.086230 1.055563 -0.232146
v 1.082833 1.031695 -0.232146
v 1.067958 1.012723 -0.232146
v 1.045589 1.003731 -0.232146
v 1.021721 1.007128 -0.232146
v 1.002749 1.022003 -0.232146
v 0.993757 1.044372 -0.232146
v 0.997154 1.068240 -0.232146
v 1.012030 1.087212 -0.232146
v 1.034398 1.096204 -0.232146
v 1.058266 1.092807 -0.232146
v 1.077238 1.077932 -0.232146
v 1.113849 0.951601 2.001315
v 1.054771 0.927852 2.001315
v 1.025216 1.172083 2.001315
v 1.088253 1.163111 2.001315
v 0.917878 1.035190 2.001315
v 0.926850 1.098227 2.001315
v 0.991734 0.936824 2.001315
v 1.138359 1.123823 2.001315
v 1.162109 1.064745 2.001315
v 1.153137 1.001708 2.001315
v 0.966138 1.148333 2.001315
v 0.941628 0.976112 2.001315
v 1.195707 1.068811 1.986997
v 1.184267 0.988430 1.986997
v 1.134169 0.924537 1.986997
v 1.058837 0.894254 1.986997
v 0.978456 0.905694 1.986997
v 0.914563 0.955791 1.986997
v 0.884280 1.031124 1.986997
v 0.895720 1.111505 1.986997
v 0.945818 1.175398 1.986997
v 1.021150 1.205681 1.986997
v 1.101531 1.194241 1.986997
v 1.165424 1.144143 1.986997
v 1.187562 1.067825 1.998062
v 1.176720 0.991649 1.998062
v 1.129243 0.931099 1.998062
v 1.057852 0.902399 1.998062
v 0.981675 0.913241 1.998062
v 0.921125 0.960718 1.998062
v 0.892425 1.032109 1.998062
v 0.903267 1.108286 1.998062
v 0.950744 1.168836 1.998062
v 1.022136 1.197536 1.998062
v 1.098312 1.186694 1.998062
v 1.158862 1.139217 1.998062
v 1.166504 1.065277 1.998062
v 1.157210 0.999971 1.998062
v 1.116507 0.948061 1.998062
v 1.055303 0.923457 1.998062
v 0.989997 0.932751 1.998062
v 0.938087 0.973454 1.998062
v 0.913483 1.034658 1.998062
v 0.922777 1.099964 1.998062
v 0.963480 1.151874 1.998062
v 1.024684 1.176478 1.998062
v 1.089990 1.167183 1.998062
v 1.141900 1.126481 1.998062
v 1.055761 1.028966 2.610579
v 1.036838 1.076039 2.610579
v 1.013922 1.046812 2.610579
v 1.066065 1.053122 2.610579
v 1.043149 1.023896 2.610579
v 1.050297 1.074124 2.610579
v 1.015838 1.060271 2.610579
v 1.029690 1.025811 2.610579
v 1.060995 1.065735 2.610579
v 1.064149 1.039664 2.610579
v 1.024225 1.070968 2.610579
v 1.018993 1.034199 2.610579
v 1.064736 1.107976 -0.141478
v 1.032417 1.112576 -0.141478
v 0.981985 1.074710 -0.141478
v 0.977385 1.042391 -0.141478
v 1.015251 0.991958 -0.141478
v 1.047570 0.987359 -0.141478
v 1.090426 1.087833 -0.141478
v 1.098003 1.025225 -0.141478
v 1.102602 1.057544 -0.141478
v 1.002128 1.100400 -0.141478
v 0.989561 1.012102 -0.141478
v 1.077860 0.999535 -0.141478
v 1.180164 0.990180 -0.043671
v 1.191278 1.068275 -0.043671
v 1.131491 0.928105 -0.043671
v 1.058301 0.898683 -0.043671
v 0.980206 0.909797 -0.043671
v 0.918131 0.958470 -0.043671
v 0.888709 1.031660 -0.043671
v 0.899823 1.109755 -0.043671
v 0.948496 1.171830 -0.043671
v 1.021686 1.201252 -0.043671
v 1.099781 1.190138 -0.043671
v 1.161856 1.141465 -0.043671
v 1.046009 1.000257 -0.229345
v 1.070059 1.009925 -0.229345
v 1.059639 1.096026 -0.229345
v 1.033978 1.099678 -0.229345
v 0.993935 1.069613 -0.229345
v 0.990283 1.043952 -0.229345
v 1.020348 1.003909 -0.229345
v 1.080037 1.080033 -0.229345
v 1.086052 1.030322 -0.229345
v 1.089704 1.055983 -0.229345
v 1.009928 1.090010 -0.229345
v 0.999951 1.019902 -0.229345
v 1.089366 1.055942 -0.232146
v 1.085739 1.030455 -0.232146
v 1.069854 1.010197 -0.232146
v 1.045968 1.000595 -0.232146
v 1.020482 1.004222 -0.232146
v 1.000223 1.020107 -0.232146
v 0.990621 1.043993 -0.232146
v 0.994248 1.069479 -0.232146
v 1.010133 1.089738 -0.232146
v 1.034019 1.099340 -0.232146
v 1.059506 1.095713 -0.232146
v 1.079764 1.079828 -0.232146
vt 1.000000 0.998544
vt 0.916667 0.998544
vt 0.916667 1.000000
vt 1.000000 1.000000
vt 0.833333 0.998544
vt 0.833333 1.000000
vt 0.750000 0.998544
vt 0.750000 1.000000
vt 0.666667 0.998544
vt 0.666667 1.000000
vt 0.583333 0.998544
vt 0.583333 1.000000
vt 0.500000 0.998544
vt 0.500000 1.000000
vt 0.416667 0.998544
vt 0.416667 1.000000
vt 0.333333 0.998544
vt 0.333333 1.000000
vt 0.250000 0.998544
vt 0.250000 1.000000
vt 0.166667 0.998544
vt 0.166667 1.000000
vt 0.439005 0.250000
vt 0.439005 0.250000
vt 0.413683 0.344503
vt 0.413683 0.344503
vt 0.083333 0.998544
vt 0.083333 1.000000
vt 0.000000 0.998544
vt 0.000000 1.000000
vt 0.924825 0.250000
vt 0.924825 0.250000
vt 0.901403 0.162587
vt 0.901403 0.162587
vt 0.083333 0.500000
vt 0.000000 0.500000
vt 0.000000 0.511081
vt 0.083333 0.511081
vt 0.166667 0.500000
vt 0.166667 0.511081
vt 0.250000 0.500000
vt 0.250000 0.511081
vt 0.333333 0.500000
vt 0.333333 0.511081
vt 0.416667 0.500000
vt 0.416667 0.511081
vt 0.500000 0.500000
vt 0.500000 0.511081
vt 0.583333 0.500000
vt 0.583333 0.511081
vt 0.666667 0.500000
vt 0.666667 0.511081
vt 0.750000 0.500000
vt 0.750000 0.511081
vt 0.833333 0.500000
vt 0.833333 0.511081
vt 0.916667 0.500000
vt 0.916667 0.511081
vt 1.000000 0.500000
vt 1.000000 0.511081
vt 0.000000 0.990616
vt 0.083333 0.990616
vt 0.166667 0.990616
vt 0.250000 0.990616
vt 0.333333 0.990616
vt 0.416667 0.990616
vt 0.500000 0.990616
vt 0.583333 0.990616
vt 0.666667 0.990616
vt 0.750000 0.990616
vt 0.833333 0.990616
vt 0.916667 0.990616
vt 1.000000 0.990616
vt 0.866587 0.451934
vt 0.870000 0.457846
vt 0.750000 0.490000
vt 0.750000 0.483173
vt 0.951934 0.366587
vt 0.957846 0.370000
vt 0.983173 0.250000
vt 0.990000 0.250000
vt 0.951934 0.133413
vt 0.957846 0.130000
vt 0.866587 0.048066
vt 0.870000 0.042154
vt 0.750000 0.016827
vt 0.750000 0.010000
vt 0.633413 0.048066
vt 0.630000 0.042154
vt 0.548066 0.133413
vt 0.542154 0.130000
vt 0.516827 0.250000
vt 0.510000 0.250000
vt 0.548066 0.366587
vt 0.542154 0.370000
vt 0.633413 0.451934
vt 0.630000 0.457846
vt 0.250000 0.477445
vt 0.250000 0.490000
vt 0.370000 0.457846
vt 0.363723 0.446973
vt 0.457846 0.370000
vt 0.446973 0.363723
vt 0.490000 0.250000
vt 0.477445 0.250000
vt 0.457846 0.130000
vt 0.446973 0.136277
vt 0.370000 0.042154
vt 0.363723 0.053027
vt 0.250000 0.010000
vt 0.250000 0.022555
vt 0.130000 0.042154
vt 0.136277 0.053027
vt 0.042154 0.130000
vt 0.053027 0.136277
vt 0.010000 0.250000
vt 0.022555 0.250000
vt 0.042154 0.370000
vt 0.053027 0.363723
vt 0.130000 0.457846
vt 0.136277 0.446973
vt 0.344503 0.413683
vt 0.413683 0.155497
vt 0.344503 0.086317
vt 0.250000 0.060995
vt 0.155497 0.086317
vt 0.086317 0.155497
vt 0.060995 0.250000
vt 0.086316 0.344503
vt 0.155497 0.413683
vt 0.250000 0.439005
vt 0.086316 0.344503
vt 0.060995 0.250000
vt 0.155497 0.086317
vt 0.250000 0.060995
vt 0.413683 0.155497
vt 0.155497 0.413683
vt 0.344503 0.413683
vt 0.250000 0.439005
vt 0.086317 0.155497
vt 0.344503 0.086317
vt 0.837413 0.401403
vt 0.839303 0.404677
vt 0.750000 0.428605
vt 0.750000 0.424825
vt 0.901403 0.337413
vt 0.904677 0.339303
vt 0.928605 0.250000
vt 0.904677 0.160697
vt 0.837413 0.098597
vt 0.839303 0.095323
vt 0.750000 0.075175
vt 0.750000 0.071395
vt 0.662587 0.098597
vt 0.660697 0.095323
vt 0.598597 0.162587
vt 0.595323 0.160697
vt 0.575175 0.250000
vt 0.571395 0.250000
vt 0.598597 0.337413
vt 0.595323 0.339303
vt 0.662587 0.401403
vt 0.660697 0.404677
vt 0.750000 0.083997
vt 0.750000 0.083997
vt 0.666999 0.106238
vt 0.666999 0.106238
vt 0.598597 0.337413
vt 0.662587 0.401403
vt 0.750000 0.424825
vt 0.837413 0.401403
vt 0.662587 0.098597
vt 0.598597 0.162587
vt 0.837413 0.098597
vt 0.901403 0.337413
vt 0.575175 0.250000
vt 0.750000 0.075175
vt 0.833001 0.393762
vt 0.750000 0.416002
vt 0.893763 0.333001
vt 0.916003 0.250000
vt 0.893762 0.166999
vt 0.833001 0.106238
vt 0.606238 0.166999
vt 0.583997 0.250000
vt 0.606237 0.333001
vt 0.666998 0.393762
vt 0.583997 0.250000
vt 0.583997 0.250000
vt 0.606237 0.333001
vt 0.606237 0.333001
vt 0.916003 0.250000
vt 0.893762 0.166999
vt 0.606237 0.333001
vt 0.666998 0.393762
vt 0.750000 0.416002
vt 0.833001 0.393762
vt 0.606238 0.166999
vt 0.833001 0.106238
vt 0.893763 0.333001
vt 0.583997 0.250000
vt 0.893762 0.333001
vt 0.893763 0.333001
vt 0.916003 0.250000
vt 0.916003 0.250000
vt 0.750000 0.083997
vt 0.750000 0.083997
vt 0.666999 0.106238
vt 0.666999 0.106238
vt 0.916002 0.250000
vt 0.916003 0.250000
vt 0.893762 0.166999
vt 0.893762 0.166999
vt 0.666998 0.393762
vt 0.666998 0.393762
vt 0.750000 0.416002
vt 0.750000 0.416002
vt 0.833001 0.393762
vt 0.833001 0.393762
vt 0.606238 0.166999
vt 0.606238 0.166999
vt 0.833001 0.106238
vt 0.833001 0.106238
vt 0.893763 0.333001
vt 0.893762 0.333001
vt 0.750000 0.405458
vt 0.672271 0.384631
vt 0.615369 0.327729
vt 0.594541 0.250000
vt 0.615369 0.172271
vt 0.672271 0.115369
vt 0.750000 0.094541
vt 0.827729 0.115369
vt 0.884631 0.172271
vt 0.905458 0.250000
vt 0.884631 0.327729
vt 0.827729 0.384631
vt 0.583997 0.250000
vt 0.583997 0.250000
vt 0.606237 0.333001
vt 0.606237 0.333001
vt 0.750000 0.083997
vt 0.750000 0.083997
vt 0.666999 0.106238
vt 0.666999 0.106238
vt 0.893762 0.166999
vt 0.893762 0.166999
vt 0.666998 0.393762
vt 0.666998 0.393762
vt 0.750000 0.416002
vt 0.750000 0.416002
vt 0.833001 0.393762
vt 0.833001 0.393762
vt 0.606238 0.166999
vt 0.606238 0.166999
vt 0.833001 0.106238
vt 0.833001 0.106238
vt 0.250000 0.060995
vt 0.250000 0.060995
vt 0.344503 0.086317
vt 0.344503 0.086317
vt 0.060995 0.250000
vt 0.060995 0.250000
vt 0.086317 0.155497
vt 0.086317 0.155497
vt 0.413683 0.344503
vt 0.413683 0.344503
vt 0.344503 0.413683
vt 0.344503 0.413683
vt 0.250000 0.439005
vt 0.250000 0.439005
vt 0.155497 0.413683
vt 0.155497 0.413683
vt 0.413683 0.155497
vt 0.413683 0.155497
vt 0.155497 0.086317
vt 0.155497 0.086317
vt 0.086316 0.344503
vt 0.086316 0.344503
vt 0.439005 0.250000
vt 0.439005 0.250000
vt 0.152505 0.418866
vt 0.250000 0.444989
vt 0.081134 0.347494
vt 0.055011 0.250000
vt 0.081134 0.152505
vt 0.152505 0.081134
vt 0.250000 0.055011
vt 0.347495 0.081134
vt 0.418866 0.152505
vt 0.444989 0.250000
vt 0.418866 0.347495
vt 0.347495 0.418866
vt 1.000000 0.998544
vt 1.000000 1.000000
vt 0.916667 1.000000
vt 0.916667 0.998544
vt 0.833333 1.000000
vt 0.833333 0.998544
vt 0.750000 1.000000
vt 0.750000 0.998544
vt 0.666667 1.000000
vt 0.666667 0.998544
vt 0.583333 1.000000
vt 0.583333 0.998544
vt 0.500000 1.000000
vt 0.500000 0.998544
vt 0.416667 1.000000
vt 0.416667 0.998544
vt 0.333333 1.000000
vt 0.333333 0.998544
vt 0.250000 1.000000
vt 0.250000 0.998544
vt 0.166667 1.000000
vt 0.166667 0.998544
vt 0.439005 0.250000
vt 0.413683 0.344503
vt 0.413683 0.344503
vt 0.439005 0.250000
vt 0.083333 1.000000
vt 0.083333 0.998544
vt 0.000000 1.000000
vt 0.000000 0.998544
vt 0.924825 0.250000
vt 0.901403 0.162587
vt 0.901403 0.162587
vt 0.924825 0.250000
vt 0.083333 0.500000
vt 0.083333 0.511081
vt 0.000000 0.511081
vt 0.000000 0.500000
vt 0.166667 0.500000
vt 0.166667 0.511081
vt 0.250000 0.500000
vt 0.250000 0.511081
vt 0.333333 0.500000
vt 0.333333 0.511081
vt 0.416667 0.500000
vt 0.416667 0.511081
vt 0.500000 0.500000
vt 0.500000 0.511081
vt 0.583333 0.500000
vt 0.583333 0.511081
vt 0.666667 0.500000
vt 0.666667 0.511081
vt 0.750000 0.500000
vt 0.750000 0.511081
vt 0.833333 0.500000
vt 0.833333 0.511081
vt 0.916667 0.500000
vt 0.916667 0.511081
vt 1.000000 0.500000
vt 1.000000 0.511081
vt 0.083333 0.990616
vt 0.000000 0.990616
vt 0.166667 0.990616
vt 0.250000 0.990616
vt 0.333333 0.990616
vt 0.416667 0.990616
vt 0.500000 0.990616
vt 0.583333 0.990616
vt 0.666667 0.990616
vt 0.750000 0.990616
vt 0.833333 0.990616
vt 0.916667 0.990616
vt 1.000000 0.990616
vt 0.866587 0.451934
vt 0.750000 0.483173
vt 0.750000 0.490000
vt 0.870000 0.457846
vt 0.951934 0.366587
vt 0.957846 0.370000
vt 0.983173 0.250000
vt 0.990000 0.250000
vt 0.951934 0.133413
vt 0.957846 0.130000
vt 0.866587 0.048066
vt 0.870000 0.042154
vt 0.750000 0.016827
vt 0.750000 0.010000
vt 0.633413 0.048066
vt 0.630000 0.042154
vt 0.548066 0.133413
vt 0.542154 0.130000
vt 0.516827 0.250000
vt 0.510000 0.250000
vt 0.548066 0.366587
vt 0.542154 0.370000
vt 0.633413 0.451934
vt 0.630000 0.457846
vt 0.250000 0.477445
vt 0.363723 0.446973
vt 0.370000 0.457846
vt 0.250000 0.490000
vt 0.446973 0.363723
vt 0.457846 0.370000
vt 0.477445 0.250000
vt 0.490000 0.250000
vt 0.446973 0.136277
vt 0.457846 0.130000
vt 0.363723 0.053027
vt 0.370000 0.042154
vt 0.250000 0.022555
vt 0.250000 0.010000
vt 0.136277 0.053027
vt 0.130000 0.042154
vt 0.053027 0.136277
vt 0.042154 0.130000
vt 0.022555 0.250000
vt 0.010000 0.250000
vt 0.053027 0.363723
vt 0.042154 0.370000
vt 0.136277 0.446973
vt 0.130000 0.457846
vt 0.344503 0.413683
vt 0.250000 0.439005
vt 0.155497 0.413683
vt 0.086316 0.344503
vt 0.060995 0.250000
vt 0.086317 0.155497
vt 0.155497 0.086317
vt 0.250000 0.060995
vt 0.344503 0.086317
vt 0.413683 0.155497
vt 0.086316 0.344503
vt 0.060995 0.250000
vt 0.155497 0.086317
vt 0.250000 0.060995
vt 0.413683 0.155497
vt 0.155497 0.413683
vt 0.344503 0.413683
vt 0.250000 0.439005
vt 0.086317 0.155497
vt 0.344503 0.086317
vt 0.837413 0.401403
vt 0.750000 0.424825
vt 0.750000 0.428605
vt 0.839303 0.404677
vt 0.901403 0.337413
vt 0.904677 0.339303
vt 0.928605 0.250000
vt 0.904677 0.160697
vt 0.837413 0.098597
vt 0.839303 0.095323
vt 0.750000 0.075175
vt 0.750000 0.071395
vt 0.662587 0.098597
vt 0.660697 0.095323
vt 0.598597 0.162587
vt 0.595323 0.160697
vt 0.575175 0.250000
vt 0.571395 0.250000
vt 0.598597 0.337413
vt 0.595323 0.339303
vt 0.662587 0.401403
vt 0.660697 0.404677
vt 0.750000 0.083997
vt 0.666999 0.106238
vt 0.666999 0.106238
vt 0.750000 0.083997
vt 0.662587 0.401403
vt 0.598597 0.337413
vt 0.837413 0.401403
vt 0.750000 0.424825
vt 0.598597 0.162587
vt 0.662587 0.098597
vt 0.837413 0.098597
vt 0.901403 0.337413
vt 0.575175 0.250000
vt 0.750000 0.075175
vt 0.833001 0.393762
vt 0.750000 0.416002
vt 0.893763 0.333001
vt 0.916003 0.250000
vt 0.893762 0.166999
vt 0.833001 0.106238
vt 0.606238 0.166999
vt 0.583997 0.250000
vt 0.606237 0.333001
vt 0.666998 0.393762
vt 0.583997 0.250000
vt 0.606237 0.333001
vt 0.606237 0.333001
vt 0.583997 0.250000
vt 0.893762 0.166999
vt 0.916003 0.250000
vt 0.666998 0.393762
vt 0.606237 0.333001
vt 0.833001 0.393762
vt 0.750000 0.416002
vt 0.606238 0.166999
vt 0.833001 0.106238
vt 0.893763 0.333001
vt 0.583997 0.250000
vt 0.893762 0.333001
vt 0.916003 0.250000
vt 0.916003 0.250000
vt 0.893763 0.333001
vt 0.750000 0.083997
vt 0.666999 0.106238
vt 0.666999 0.106238
vt 0.750000 0.083997
vt 0.916002 0.250000
vt 0.893762 0.166999
vt 0.893762 0.166999
vt 0.916003 0.250000
vt 0.666998 0.393762
vt 0.666998 0.393762
vt 0.750000 0.416002
vt 0.833001 0.393762
vt 0.833001 0.393762
vt 0.750000 0.416002
vt 0.606238 0.166999
vt 0.606238 0.166999
vt 0.833001 0.106238
vt 0.833001 0.106238
vt 0.893762 0.333001
vt 0.893763 0.333001
vt 0.750000 0.405458
vt 0.827729 0.384631
vt 0.884631 0.327729
vt 0.905458 0.250000
vt 0.884631 0.172271
vt 0.827729 0.115369
vt 0.750000 0.094541
vt 0.672271 0.115369
vt 0.615369 0.172271
vt 0.594541 0.250000
vt 0.615369 0.327729
vt 0.672271 0.384631
vt 0.583997 0.250000
vt 0.606237 0.333001
vt 0.606237 0.333001
vt 0.583997 0.250000
vt 0.750000 0.083997
vt 0.666999 0.106238
vt 0.666999 0.106238
vt 0.750000 0.083997
vt 0.893762 0.166999
vt 0.893762 0.166999
vt 0.666998 0.393762
vt 0.666998 0.393762
vt 0.750000 0.416002
vt 0.833001 0.393762
vt 0.833001 0.393762
vt 0.750000 0.416002
vt 0.606238 0.166999
vt 0.606238 0.166999
vt 0.833001 0.106238
vt 0.833001 0.106238
vt 0.250000 0.060995
vt 0.344503 0.086317
vt 0.344503 0.086317
vt 0.250000 0.060995
vt 0.060995 0.250000
vt 0.086317 0.155497
vt 0.086317 0.155497
vt 0.060995 0.250000
vt 0.413683 0.344503
vt 0.344503 0.413683
vt 0.344503 0.413683
vt 0.413683 0.344503
vt 0.250000 0.439005
vt 0.155497 0.413683
vt 0.155497 0.413683
vt 0.250000 0.439005
vt 0.413683 0.155497
vt 0.413683 0.155497
vt 0.155497 0.086317
vt 0.155497 0.086317
vt 0.086316 0.344503
vt 0.086316 0.344503
vt 0.439005 0.250000
vt 0.439005 0.250000
vt 0.152505 0.418866
vt 0.250000 0.444989
vt 0.081134 0.347494
vt 0.055011 0.250000
vt 0.081134 0.152505
vt 0.152505 0.081134
vt 0.250000 0.055011
vt 0.347495 0.081134
vt 0.418866 0.152505
vt 0.444989 0.250000
vt 0.418866 0.347495
vt 0.347495 0.418866
vn -0.9927 0.1201 0.0000
vn -0.9198 -0.3923 0.0000
vn -0.6964 -0.2970 0.6532
vn -0.7517 0.0909 0.6532
vn -0.6004 -0.7997 0.0000
vn -0.4546 -0.6055 0.6532
vn -0.1201 -0.9927 0.0000
vn -0.0909 -0.7517 0.6532
vn 0.3923 -0.9198 0.0000
vn 0.2970 -0.6964 0.6532
vn 0.7997 -0.6004 0.0000
vn 0.6055 -0.4546 0.6532
vn 0.9927 -0.1201 0.0000
vn 0.7517 -0.0909 0.6532
vn 0.9198 0.3923 0.0000
vn 0.6964 0.2970 0.6532
vn 0.6004 0.7997 0.0000
vn 0.4546 0.6055 0.6532
vn 0.1201 0.9927 0.0000
vn 0.0909 0.7517 0.6532
vn -0.3923 0.9198 0.0000
vn -0.2970 0.6964 0.6532
vn -0.1186 -0.9805 0.1568
vn -0.0845 -0.6986 0.7105
vn -0.4225 -0.5627 0.7105
vn -0.5930 -0.7898 0.1568
vn -0.7997 0.6004 0.0000
vn -0.6055 0.4546 0.6532
vn -0.0766 -0.6331 -0.7703
vn -0.1187 -0.9814 -0.1505
vn 0.3879 -0.9093 -0.1505
vn 0.2502 -0.5866 -0.7703
vn -0.6055 0.4546 -0.6532
vn -0.7517 0.0909 -0.6532
vn -0.2970 0.6964 -0.6532
vn 0.0909 0.7517 -0.6532
vn 0.4546 0.6055 -0.6532
vn 0.6964 0.2970 -0.6532
vn 0.7517 -0.0909 -0.6532
vn 0.6055 -0.4546 -0.6532
vn 0.2970 -0.6964 -0.6532
vn -0.0909 -0.7517 -0.6532
vn -0.4546 -0.6055 -0.6532
vn -0.6964 -0.2970 -0.6532
vn 0.0000 0.0000 -1.0000
vn 0.0000 0.0000 1.0000
vn -0.6473 -0.2761 0.7105
vn 0.2761 -0.6473 0.7105
vn 0.5627 -0.4225 0.7105
vn 0.6986 -0.0845 0.7105
vn 0.6473 0.2761 0.7105
vn 0.4225 0.5627 0.7105
vn 0.0845 0.6986 0.7105
vn -0.2761 0.6473 0.7105
vn -0.5627 0.4225 0.7105
vn -0.6986 0.0845 0.7105
vn -0.3875 0.9084 0.1568
vn 0.1186 0.9805 0.1568
vn 0.9084 0.3875 0.1568
vn 0.9805 -0.1186 0.1568
vn 0.3875 -0.9084 0.1568
vn -0.7898 0.5930 0.1568
vn -0.9084 -0.3875 0.1568
vn -0.9805 0.1186 0.1568
vn 0.5930 0.7898 0.1568
vn 0.7898 -0.5930 0.1568
vn -0.5866 -0.2502 -0.7703
vn -0.6331 0.0766 -0.7703
vn -0.3829 -0.5100 -0.7703
vn 0.5100 -0.3829 -0.7703
vn 0.6331 -0.0766 -0.7703
vn 0.5866 0.2502 -0.7703
vn 0.3829 0.5100 -0.7703
vn 0.0766 0.6331 -0.7703
vn -0.2502 0.5866 -0.7703
vn -0.5100 0.3829 -0.7703
vn 0.8280 -0.1002 -0.5517
vn 0.5714 -0.0691 -0.8177
vn 0.5295 0.2258 -0.8177
vn 0.7672 0.3272 -0.5517
vn -0.3879 0.9093 -0.1505
vn -0.7906 0.5936 -0.1505
vn -0.9814 0.1187 -0.1505
vn -0.9093 -0.3879 -0.1505
vn 0.9093 0.3879 -0.1505
vn 0.5936 0.7906 -0.1505
vn 0.7906 -0.5936 -0.1505
vn -0.5936 -0.7906 -0.1505
vn 0.1187 0.9814 -0.1505
vn 0.9814 -0.1187 -0.1505
vn -0.7672 -0.3272 -0.5517
vn -0.8280 0.1002 -0.5517
vn -0.5008 -0.6670 -0.5517
vn -0.1002 -0.8280 -0.5517
vn 0.3272 -0.7672 -0.5517
vn 0.6670 -0.5008 -0.5517
vn 0.5008 0.6670 -0.5517
vn 0.1002 0.8280 -0.5517
vn -0.3272 0.7672 -0.5517
vn -0.6670 0.5008 -0.5517
vn 0.0632 0.5223 -0.8504
vn 0.0984 0.8130 -0.5738
vn -0.3213 0.7533 -0.5738
vn -0.2064 0.4839 -0.8504
vn -0.0691 -0.5714 -0.8177
vn 0.2258 -0.5295 -0.8177
vn -0.2258 0.5295 -0.8177
vn -0.4603 0.3456 -0.8177
vn -0.5714 0.0691 -0.8177
vn -0.5295 -0.2258 -0.8177
vn 0.3456 0.4603 -0.8177
vn 0.4603 -0.3456 -0.8177
vn -0.3456 -0.4603 -0.8177
vn 0.0692 0.5714 -0.8177
vn -0.5960 -0.7938 -0.1207
vn -0.4302 -0.5730 -0.6975
vn -0.0861 -0.7114 -0.6975
vn -0.1192 -0.9855 -0.1207
vn 0.5222 -0.0632 -0.8504
vn 0.8130 -0.0984 -0.5738
vn 0.7533 0.3213 -0.5738
vn 0.4839 0.2064 -0.8504
vn -0.0632 -0.5222 -0.8504
vn -0.0984 -0.8130 -0.5738
vn 0.3213 -0.7533 -0.5738
vn 0.2064 -0.4839 -0.8504
vn -0.6549 0.4917 -0.5738
vn -0.4207 0.3158 -0.8504
vn -0.5223 0.0632 -0.8504
vn -0.8130 0.0984 -0.5738
vn -0.7533 -0.3213 -0.5738
vn -0.4839 -0.2064 -0.8504
vn 0.4917 0.6549 -0.5738
vn 0.3158 0.4207 -0.8504
vn 0.6549 -0.4917 -0.5738
vn 0.4207 -0.3159 -0.8504
vn -0.4917 -0.6549 -0.5738
vn -0.3159 -0.4207 -0.8504
vn 0.1192 0.9855 -0.1207
vn 0.0861 0.7114 -0.6975
vn -0.2811 0.6591 -0.6975
vn -0.3894 0.9131 -0.1207
vn 0.9855 -0.1192 -0.1207
vn 0.7114 -0.0861 -0.6975
vn 0.6591 0.2811 -0.6975
vn 0.9131 0.3894 -0.1208
vn 0.2811 -0.6591 -0.6975
vn 0.3894 -0.9131 -0.1207
vn -0.5730 0.4302 -0.6975
vn -0.7938 0.5960 -0.1207
vn -0.9855 0.1192 -0.1207
vn -0.7114 0.0861 -0.6975
vn -0.6591 -0.2811 -0.6975
vn -0.9131 -0.3894 -0.1207
vn 0.4302 0.5730 -0.6975
vn 0.5960 0.7938 -0.1208
vn 0.5730 -0.4302 -0.6975
vn 0.7938 -0.5960 -0.1207
vn 0.5734 -0.0694 0.8163
vn 0.4619 -0.3468 0.8163
vn 0.0694 0.5734 0.8163
vn 0.3468 0.4619 0.8163
vn -0.3468 -0.4619 0.8163
vn -0.5313 -0.2266 0.8163
vn -0.5734 0.0694 0.8163
vn -0.4619 0.3468 0.8163
vn 0.2266 -0.5313 0.8163
vn 0.5313 0.2266 0.8163
vn -0.2266 0.5313 0.8163
vn -0.0694 -0.5734 0.8163
vn 0.9927 0.1201 0.0000
vn 0.7517 0.0909 0.6532
vn 0.6964 -0.2970 0.6532
vn 0.9198 -0.3923 0.0000
vn 0.4546 -0.6055 0.6532
vn 0.6004 -0.7997 0.0000
vn 0.0909 -0.7517 0.6532
vn 0.1201 -0.9927 0.0000
vn -0.2970 -0.6964 0.6532
vn -0.3923 -0.9198 0.0000
vn -0.6055 -0.4546 0.6532
vn -0.7997 -0.6004 0.0000
vn -0.7517 -0.0909 0.6532
vn -0.9927 -0.1201 0.0000
vn -0.6964 0.2970 0.6532
vn -0.9198 0.3923 0.0000
vn -0.4546 0.6055 0.6532
vn -0.6004 0.7997 0.0000
vn -0.0909 0.7517 0.6532
vn -0.1201 0.9927 0.0000
vn 0.2970 0.6964 0.6532
vn 0.3923 0.9198 0.0000
vn 0.1186 -0.9805 0.1568
vn 0.5930 -0.7898 0.1568
vn 0.4225 -0.5627 0.7105
vn 0.0845 -0.6986 0.7105
vn 0.6055 0.4546 0.6532
vn 0.7997 0.6004 0.0000
vn 0.0766 -0.6331 -0.7703
vn -0.2502 -0.5866 -0.7703
vn -0.3879 -0.9093 -0.1505
vn 0.1187 -0.9814 -0.1505
vn 0.6055 0.4546 -0.6532
vn 0.7517 0.0909 -0.6532
vn 0.2970 0.6964 -0.6532
vn -0.0909 0.7517 -0.6532
vn -0.4546 0.6055 -0.6532
vn -0.6964 0.2970 -0.6532
vn -0.7517 -0.0909 -0.6532
vn -0.6055 -0.4546 -0.6532
vn -0.2970 -0.6964 -0.6532
vn 0.0909 -0.7517 -0.6532
vn 0.4546 -0.6055 -0.6532
vn 0.6964 -0.2970 -0.6532
vn 0.6473 -0.2761 0.7105
vn 0.6986 0.0845 0.7105
vn 0.5627 0.4225 0.7105
vn 0.2761 0.6473 0.7105
vn -0.0845 0.6986 0.7105
vn -0.4225 0.5627 0.7105
vn -0.6473 0.2761 0.7105
vn -0.6986 -0.0845 0.7105
vn -0.5627 -0.4225 0.7105
vn -0.2761 -0.6473 0.7105
vn 0.3875 0.9084 0.1568
vn -0.1186 0.9805 0.1568
vn -0.9084 0.3875 0.1568
vn -0.9805 -0.1186 0.1568
vn -0.3875 -0.9084 0.1568
vn 0.7898 0.5930 0.1568
vn 0.9084 -0.3875 0.1568
vn 0.9805 0.1186 0.1568
vn -0.5930 0.7898 0.1568
vn -0.7898 -0.5930 0.1568
vn 0.5866 -0.2502 -0.7703
vn 0.6331 0.0766 -0.7703
vn 0.3829 -0.5100 -0.7703
vn -0.5100 -0.3829 -0.7703
vn -0.6331 -0.0766 -0.7703
vn -0.5866 0.2502 -0.7703
vn -0.3829 0.5100 -0.7703
vn -0.0766 0.6331 -0.7703
vn 0.2502 0.5866 -0.7703
vn 0.5100 0.3829 -0.7703
vn -0.8280 -0.1002 -0.5517
vn -0.7672 0.3272 -0.5517
vn -0.5295 0.2258 -0.8177
vn -0.5714 -0.0691 -0.8177
vn 0.7906 0.5936 -0.1505
vn 0.3879 0.9093 -0.1505
vn 0.9093 -0.3879 -0.1505
vn 0.9814 0.1187 -0.1505
vn -0.5936 0.7906 -0.1505
vn -0.9093 0.3879 -0.1505
vn -0.7906 -0.5936 -0.1505
vn 0.5936 -0.7906 -0.1505
vn -0.1187 0.9814 -0.1505
vn -0.9814 -0.1187 -0.1505
vn 0.7672 -0.3272 -0.5517
vn 0.8280 0.1002 -0.5517
vn 0.5008 -0.6670 -0.5517
vn 0.1002 -0.8280 -0.5517
vn -0.3272 -0.7672 -0.5517
vn -0.6670 -0.5008 -0.5517
vn -0.5008 0.6670 -0.5517
vn -0.1002 0.8280 -0.5517
vn 0.3272 0.7672 -0.5517
vn 0.6670 0.5008 -0.5517
vn -0.0632 0.5223 -0.8504
vn 0.2064 0.4839 -0.8504
vn 0.3213 0.7533 -0.5738
vn -0.0984 0.8130 -0.5738
vn -0.2258 -0.5295 -0.8177
vn 0.0691 -0.5714 -0.8177
vn 0.4603 0.3456 -0.8177
vn 0.2258 0.5295 -0.8177
vn 0.5295 -0.2258 -0.8177
vn 0.5714 0.0691 -0.8177
vn -0.3456 0.4603 -0.8177
vn -0.4603 -0.3456 -0.8177
vn 0.3456 -0.4603 -0.8177
vn -0.0692 0.5714 -0.8177
vn 0.5960 -0.7938 -0.1207
vn 0.1192 -0.9855 -0.1208
vn 0.0861 -0.7114 -0.6975
vn 0.4302 -0.5730 -0.6975
vn -0.5222 -0.0632 -0.8504
vn -0.4839 0.2064 -0.8504
vn -0.7533 0.3213 -0.5738
vn -0.8130 -0.0984 -0.5738
vn 0.0632 -0.5222 -0.8504
vn -0.2064 -0.4839 -0.8504
vn -0.3213 -0.7533 -0.5738
vn 0.0984 -0.8130 -0.5738
vn 0.4207 0.3158 -0.8504
vn 0.6549 0.4917 -0.5738
vn 0.5222 0.0632 -0.8504
vn 0.4839 -0.2064 -0.8504
vn 0.7533 -0.3213 -0.5738
vn 0.8130 0.0984 -0.5738
vn -0.3158 0.4207 -0.8504
vn -0.4917 0.6549 -0.5738
vn -0.4207 -0.3159 -0.8504
vn -0.6549 -0.4917 -0.5738
vn 0.3159 -0.4207 -0.8504
vn 0.4917 -0.6549 -0.5738
vn -0.1192 0.9855 -0.1207
vn 0.3894 0.9131 -0.1207
vn 0.2811 0.6591 -0.6975
vn -0.0861 0.7114 -0.6975
vn -0.9855 -0.1192 -0.1207
vn -0.9131 0.3894 -0.1208
vn -0.6591 0.2811 -0.6975
vn -0.7114 -0.0861 -0.6975
vn -0.3894 -0.9131 -0.1207
vn -0.2811 -0.6591 -0.6975
vn 0.7938 0.5960 -0.1207
vn 0.5730 0.4302 -0.6975
vn 0.9855 0.1192 -0.1207
vn 0.9131 -0.3894 -0.1207
vn 0.6591 -0.2811 -0.6975
vn 0.7114 0.0861 -0.6975
vn -0.5960 0.7938 -0.1208
vn -0.4302 0.5730 -0.6975
vn -0.7938 -0.5960 -0.1207
vn -0.5730 -0.4302 -0.6975
vn -0.5734 -0.0694 0.8163
vn -0.4619 -0.3468 0.8163
vn -0.0694 0.5734 0.8163
vn -0.3468 0.4619 0.8163
vn 0.3468 -0.4619 0.8163
vn 0.5313 -0.2266 0.8163
vn 0.5734 0.0694 0.8163
vn 0.4619 0.3468 0.8163
vn -0.2266 -0.5313 0.8163
vn -0.5313 0.2266 0.8163
vn 0.2266 0.5313 0.8163
vn 0.0694 -0.5734 0.8163
usemtl None
s 1
f 1796/1925/963 1797/1926/964 1688/1927/965 1689/1928/966
f 1797/1926/964 1798/1929/967 1690/1930/968 1688/1927/965
f 1798/1929/967 1799/1931/969 1691/1932/970 1690/1930/968
f 1799/1931/969 1800/1933/971 1692/1934/972 1691/1932/970
f 1800/1933/971 1801/1935/973 1693/1936/974 1692/1934/972
f 1801/1935/973 1802/1937/975 1694/1938/976 1693/1936/974
f 1802/1937/975 1803/1939/977 1695/1940/978 1694/1938/976
f 1803/1939/977 1804/1941/979 1696/1942/980 1695/1940/978
f 1804/1941/979 1805/1943/981 1697/1944/982 1696/1942/980
f 1805/1943/981 1806/1945/983 1698/1946/984 1697/1944/982
f 1836/1947/985 1703/1948/986 1702/1949/987 1832/1950/988
f 1806/1945/983 1807/1951/989 1699/1952/990 1698/1946/984
f 1807/1951/989 1796/1953/963 1689/1954/966 1699/1952/990
f 1634/1955/991 1739/1956/992 1740/1957/993 1636/1958/994
f 1687/1959/995 1676/1960/996 1652/1961/963 1663/1962/989
f 1686/1963/997 1687/1959/995 1663/1962/989 1662/1964/983
f 1685/1965/998 1686/1963/997 1662/1964/983 1661/1966/981
f 1684/1967/999 1685/1965/998 1661/1966/981 1660/1968/979
f 1683/1969/1000 1684/1967/999 1660/1968/979 1659/1970/977
f 1682/1971/1001 1683/1969/1000 1659/1970/977 1658/1972/975
f 1681/1973/1002 1682/1971/1001 1658/1972/975 1657/1974/973
f 1680/1975/1003 1681/1973/1002 1657/1974/973 1656/1976/971
f 1679/1977/1004 1680/1975/1003 1656/1976/971 1655/1978/969
f 1678/1979/1005 1679/1977/1004 1655/1978/969 1654/1980/967
f 1677/1981/1006 1678/1979/1005 1654/1980/967 1653/1982/964
f 1676/1983/996 1677/1981/1006 1653/1982/964 1652/1984/963
f 1663/1962/989 1652/1961/963 1664/1985/963 1675/1986/989
f 1662/1964/983 1663/1962/989 1675/1986/989 1674/1987/983
f 1661/1966/981 1662/1964/983 1674/1987/983 1673/1988/981
f 1660/1968/979 1661/1966/981 1673/1988/981 1672/1989/979
f 1659/1970/977 1660/1968/979 1672/1989/979 1671/1990/977
f 1658/1972/975 1659/1970/977 1671/1990/977 1670/1991/975
f 1657/1974/973 1658/1972/975 1670/1991/975 1669/1992/973
f 1656/1976/971 1657/1974/973 1669/1992/973 1668/1993/971
f 1655/1978/969 1656/1976/971 1668/1993/971 1667/1994/969
f 1654/1980/967 1655/1978/969 1667/1994/969 1666/1995/967
f 1653/1982/964 1654/1980/967 1666/1995/967 1665/1996/964
f 1652/1984/963 1653/1982/964 1665/1996/964 1664/1997/963
f 1856/1998/1007 1677/1999/1006 1676/2000/996 1857/2001/1007
f 1858/2002/1007 1678/2003/1005 1677/1999/1006 1856/1998/1007
f 1859/2004/1007 1679/2005/1004 1678/2003/1005 1858/2002/1007
f 1860/2006/1007 1680/2007/1003 1679/2005/1004 1859/2004/1007
f 1861/2008/1007 1681/2009/1002 1680/2007/1003 1860/2006/1007
f 1862/2010/1007 1682/2011/1001 1681/2009/1002 1861/2008/1007
f 1863/2012/1007 1683/2013/1000 1682/2011/1001 1862/2010/1007
f 1864/2014/1007 1684/2015/999 1683/2013/1000 1863/2012/1007
f 1865/2016/1007 1685/2017/998 1684/2015/999 1864/2014/1007
f 1866/2018/1007 1686/2019/997 1685/2017/998 1865/2016/1007
f 1867/2020/1007 1687/2021/995 1686/2019/997 1866/2018/1007
f 1857/2001/1007 1676/2000/996 1687/2021/995 1867/2020/1007
f 1808/2022/1008 1689/2023/966 1688/2024/965 1809/2025/1008
f 1809/2025/1008 1688/2024/965 1690/2026/968 1810/2027/1008
f 1810/2027/1008 1690/2026/968 1691/2028/970 1811/2029/1008
f 1811/2029/1008 1691/2028/970 1692/2030/972 1812/2031/1008
f 1812/2031/1008 1692/2030/972 1693/2032/974 1813/2033/1008
f 1813/2033/1008 1693/2032/974 1694/2034/976 1814/2035/1008
f 1814/2035/1008 1694/2034/976 1695/2036/978 1815/2037/1008
f 1815/2037/1008 1695/2036/978 1696/2038/980 1816/2039/1008
f 1816/2039/1008 1696/2038/980 1697/2040/982 1817/2041/1008
f 1817/2041/1008 1697/2040/982 1698/2042/984 1818/2043/1008
f 1818/2043/1008 1698/2042/984 1699/2044/990 1819/2045/1008
f 1819/2045/1008 1699/2044/990 1689/2023/966 1808/2022/1008
f 1700/2046/1009 1702/1949/987 1703/1948/986 1704/2047/1010 1705/2048/1011 1706/2049/1012 1707/2050/1013 1708/2051/1014 1709/2052/1015 1710/2053/1016 1711/2054/1017 1701/2055/1018
f 1837/2056/1019 1710/2053/1016 1709/2052/1015 1833/2057/1020
f 1838/2058/1021 1707/2050/1013 1706/2049/1012 1834/2059/1022
f 1839/2060/1023 1704/2047/1010 1703/1948/986 1836/1947/985
f 1840/2061/1024 1711/2054/1017 1710/2053/1016 1837/2056/1019
f 1841/2062/1025 1700/2046/1009 1701/2055/1018 1835/2063/1026
f 1842/2064/1027 1708/2051/1014 1707/2050/1013 1838/2058/1021
f 1843/2065/1028 1705/2048/1011 1704/2047/1010 1839/2060/1023
f 1835/2063/1026 1701/2055/1018 1711/2054/1017 1840/2061/1024
f 1832/1950/988 1702/1949/987 1700/2046/1009 1841/2062/1025
f 1833/2057/1020 1709/2052/1015 1708/2051/1014 1842/2064/1027
f 1834/2059/1022 1706/2049/1012 1705/2048/1011 1843/2065/1028
f 1630/2066/1029 1713/2067/1007 1712/2068/1007 1628/2069/1030
f 1632/2070/1031 1714/2071/1007 1713/2067/1007 1630/2066/1029
f 1634/1955/991 1715/2072/1007 1714/2071/1007 1632/2070/1031
f 1636/1958/994 1716/2073/1007 1715/2072/1007 1634/1955/991
f 1638/2074/1032 1717/2075/1007 1716/2073/1007 1636/1958/994
f 1640/2076/1033 1718/2077/1007 1717/2075/1007 1638/2074/1032
f 1642/2078/1034 1719/2079/1007 1718/2077/1007 1640/2076/1033
f 1644/2080/1035 1720/2081/1007 1719/2079/1007 1642/2078/1034
f 1646/2082/1036 1721/2083/1007 1720/2081/1007 1644/2080/1035
f 1648/2084/1037 1722/2085/1007 1721/2083/1007 1646/2082/1036
f 1650/2086/1038 1723/2087/1007 1722/2085/1007 1648/2084/1037
f 1628/2069/1030 1712/2068/1007 1723/2087/1007 1650/2086/1038
f 1730/2088/1039 1754/2089/1040 1755/2090/1041 1731/2091/1042
f 1648/2084/1037 1746/2092/1043 1747/2093/1044 1650/2086/1038
f 1628/2069/1030 1736/2094/1045 1737/2095/1046 1630/2066/1029
f 1642/2078/1034 1743/2096/1047 1744/2097/1048 1644/2080/1035
f 1636/1958/994 1740/1957/993 1741/2098/1049 1638/2074/1032
f 1650/2086/1038 1747/2093/1044 1736/2094/1045 1628/2069/1030
f 1630/2066/1029 1737/2095/1046 1738/2099/1050 1632/2070/1031
f 1644/2080/1035 1744/2097/1048 1745/2100/1051 1646/2082/1036
f 1638/2074/1032 1741/2098/1049 1742/2101/1052 1640/2076/1033
f 1632/2070/1031 1738/2099/1050 1739/1956/992 1634/1955/991
f 1646/2082/1036 1745/2100/1051 1746/2092/1043 1648/2084/1037
f 1640/2076/1033 1742/2101/1052 1743/2096/1047 1642/2078/1034
f 1725/2102/1053 1737/2095/1046 1736/2094/1045 1724/2103/1054
f 1726/2104/1055 1738/2099/1050 1737/2095/1046 1725/2102/1053
f 1727/2105/1056 1739/1956/992 1738/2099/1050 1726/2104/1055
f 1728/2106/1057 1740/1957/993 1739/1956/992 1727/2105/1056
f 1729/2107/1058 1741/2098/1049 1740/1957/993 1728/2106/1057
f 1730/2088/1039 1742/2101/1052 1741/2098/1049 1729/2107/1058
f 1731/2091/1042 1743/2096/1047 1742/2101/1052 1730/2088/1039
f 1732/2108/1059 1744/2097/1048 1743/2096/1047 1731/2091/1042
f 1733/2109/1060 1745/2100/1051 1744/2097/1048 1732/2108/1059
f 1734/2110/1061 1746/2092/1043 1745/2100/1051 1733/2109/1060
f 1735/2111/1062 1747/2093/1044 1746/2092/1043 1734/2110/1061
f 1724/2103/1054 1736/2094/1045 1747/2093/1044 1735/2111/1062
f 1845/2112/1063 1769/2113/1064 1770/2114/1065 1844/2115/1066
f 1727/2105/1056 1751/2116/1067 1752/2117/1068 1728/2106/1057
f 1734/2110/1061 1758/2118/1069 1759/2119/1070 1735/2111/1062
f 1724/2103/1054 1748/2120/1071 1749/2121/1072 1725/2102/1053
f 1731/2091/1042 1755/2090/1041 1756/2122/1073 1732/2108/1059
f 1728/2106/1057 1752/2117/1068 1753/2123/1074 1729/2107/1058
f 1735/2111/1062 1759/2119/1070 1748/2120/1071 1724/2103/1054
f 1725/2102/1053 1749/2121/1072 1750/2124/1075 1726/2104/1055
f 1732/2108/1059 1756/2122/1073 1757/2125/1076 1733/2109/1060
f 1729/2107/1058 1753/2123/1074 1754/2089/1040 1730/2088/1039
f 1726/2104/1055 1750/2124/1075 1751/2116/1067 1727/2105/1056
f 1733/2109/1060 1757/2125/1076 1758/2118/1069 1734/2110/1061
f 1869/2126/1077 1882/2127/1078 1883/2128/1079 1868/2129/1080
f 1847/2130/1081 1766/2131/1082 1767/2132/1083 1846/2133/1084
f 1849/2134/1085 1763/2135/1086 1764/2136/1087 1848/2137/1088
f 1844/2115/1066 1770/2114/1065 1771/2138/1089 1850/2139/1090
f 1852/2140/1091 1760/2141/1092 1761/2142/1093 1851/2143/1094
f 1846/2133/1084 1767/2132/1083 1768/2144/1095 1853/2145/1096
f 1848/2137/1088 1764/2136/1087 1765/2146/1097 1854/2147/1098
f 1850/2139/1090 1771/2138/1089 1760/2141/1092 1852/2140/1091
f 1851/2143/1094 1761/2142/1093 1762/2148/1099 1855/2149/1100
f 1853/2145/1096 1768/2144/1095 1769/2113/1064 1845/2112/1063
f 1854/2147/1098 1765/2146/1097 1766/2131/1082 1847/2130/1081
f 1855/2149/1100 1762/2148/1099 1763/2135/1086 1849/2134/1085
f 1772/2150/1007 1783/2151/1007 1782/2152/1007 1781/2153/1007 1780/2154/1007 1779/2155/1007 1778/2156/1007 1777/2157/1007 1776/2158/1007 1775/2159/1007 1774/2160/1007 1773/2161/1007
f 1871/2162/1101 1889/2163/1102 1890/2164/1103 1870/2165/1104
f 1873/2166/1105 1886/2167/1106 1887/2168/1107 1872/2169/1108
f 1868/2129/1080 1883/2128/1079 1884/2170/1109 1874/2171/1110
f 1870/2165/1104 1890/2164/1103 1891/2172/1111 1875/2173/1112
f 1877/2174/1113 1880/2175/1114 1881/2176/1115 1876/2177/1116
f 1872/2169/1108 1887/2168/1107 1888/2178/1117 1878/2179/1118
f 1874/2171/1110 1884/2170/1109 1885/2180/1119 1879/2181/1120
f 1875/2173/1112 1891/2172/1111 1880/2175/1114 1877/2174/1113
f 1876/2177/1116 1881/2176/1115 1882/2127/1078 1869/2126/1077
f 1878/2179/1118 1888/2178/1117 1889/2163/1102 1871/2162/1101
f 1879/2181/1120 1885/2180/1119 1886/2167/1106 1873/2166/1105
f 1641/2182/1121 1788/2183/1022 1795/2184/1028 1639/2185/1122
f 1647/2186/1123 1786/2187/1020 1794/2188/1027 1645/2189/1124
f 1633/2190/1125 1784/2191/988 1793/2192/1025 1631/2193/1126
f 1629/2194/1127 1792/2195/1026 1791/2196/1024 1651/2197/1128
f 1639/2185/1122 1795/2184/1028 1790/2198/1023 1637/2199/1129
f 1645/2189/1124 1794/2188/1027 1789/2200/1021 1643/2201/1130
f 1631/2193/1126 1793/2192/1025 1792/2195/1026 1629/2194/1127
f 1651/2197/1128 1791/2196/1024 1787/2202/1019 1649/2203/1131
f 1637/2199/1129 1790/2198/1023 1785/2204/985 1635/2205/1132
f 1643/2201/1130 1789/2200/1021 1788/2183/1022 1641/2182/1121
f 1649/2203/1131 1787/2202/1019 1786/2187/1020 1647/2186/1123
f 1635/2205/1132 1785/2204/985 1784/2191/988 1633/2190/1125
f 1675/1986/989 1664/1985/963 1796/1953/963 1807/1951/989
f 1674/1987/983 1675/1986/989 1807/1951/989 1806/1945/983
f 1673/1988/981 1674/1987/983 1806/1945/983 1805/1943/981
f 1672/1989/979 1673/1988/981 1805/1943/981 1804/1941/979
f 1671/1990/977 1672/1989/979 1804/1941/979 1803/1939/977
f 1670/1991/975 1671/1990/977 1803/1939/977 1802/1937/975
f 1669/1992/973 1670/1991/975 1802/1937/975 1801/1935/973
f 1668/1993/971 1669/1992/973 1801/1935/973 1800/1933/971
f 1667/1994/969 1668/1993/971 1800/1933/971 1799/1931/969
f 1666/1995/967 1667/1994/969 1799/1931/969 1798/1929/967
f 1665/1996/964 1666/1995/967 1798/1929/967 1797/1926/964
f 1664/1997/963 1665/1996/964 1797/1926/964 1796/1925/963
f 1831/2206/1008 1819/2045/1008 1808/2022/1008 1820/2207/1008
f 1830/2208/1008 1818/2043/1008 1819/2045/1008 1831/2206/1008
f 1829/2209/1008 1817/2041/1008 1818/2043/1008 1830/2208/1008
f 1828/2210/1008 1816/2039/1008 1817/2041/1008 1829/2209/1008
f 1827/2211/1008 1815/2037/1008 1816/2039/1008 1828/2210/1008
f 1826/2212/1008 1814/2035/1008 1815/2037/1008 1827/2211/1008
f 1825/2213/1008 1813/2033/1008 1814/2035/1008 1826/2212/1008
f 1824/2214/1008 1812/2031/1008 1813/2033/1008 1825/2213/1008
f 1823/2215/1008 1811/2029/1008 1812/2031/1008 1824/2214/1008
f 1822/2216/1008 1810/2027/1008 1811/2029/1008 1823/2215/1008
f 1821/2217/1008 1809/2025/1008 1810/2027/1008 1822/2216/1008
f 1820/2207/1008 1808/2022/1008 1809/2025/1008 1821/2217/1008
f 1629/2194/1127 1820/2207/1008 1821/2217/1008 1631/2193/1126
f 1631/2193/1126 1821/2217/1008 1822/2216/1008 1633/2190/1125
f 1633/2190/1125 1822/2216/1008 1823/2215/1008 1635/2205/1132
f 1635/2205/1132 1823/2215/1008 1824/2214/1008 1637/2199/1129
f 1637/2199/1129 1824/2214/1008 1825/2213/1008 1639/2185/1122
f 1639/2185/1122 1825/2213/1008 1826/2212/1008 1641/2182/1121
f 1641/2182/1121 1826/2212/1008 1827/2211/1008 1643/2201/1130
f 1643/2201/1130 1827/2211/1008 1828/2210/1008 1645/2189/1124
f 1645/2189/1124 1828/2210/1008 1829/2209/1008 1647/2186/1123
f 1647/2186/1123 1829/2209/1008 1830/2208/1008 1649/2203/1131
f 1649/2203/1131 1830/2208/1008 1831/2206/1008 1651/2197/1128
f 1651/2197/1128 1831/2206/1008 1820/2207/1008 1629/2194/1127
f 1788/2183/1022 1834/2059/1022 1843/2065/1028 1795/2184/1028
f 1786/2187/1020 1833/2057/1020 1842/2064/1027 1794/2188/1027
f 1784/2191/988 1832/1950/988 1841/2062/1025 1793/2192/1025
f 1792/2195/1026 1835/2063/1026 1840/2061/1024 1791/2196/1024
f 1795/2184/1028 1843/2065/1028 1839/2060/1023 1790/2198/1023
f 1794/2188/1027 1842/2064/1027 1838/2058/1021 1789/2200/1021
f 1793/2192/1025 1841/2062/1025 1835/2063/1026 1792/2195/1026
f 1791/2196/1024 1840/2061/1024 1837/2056/1019 1787/2202/1019
f 1790/2198/1023 1839/2060/1023 1836/1947/985 1785/2204/985
f 1789/2200/1021 1838/2058/1021 1834/2059/1022 1788/2183/1022
f 1787/2202/1019 1837/2056/1019 1833/2057/1020 1786/2187/1020
f 1785/2204/985 1836/1947/985 1832/1950/988 1784/2191/988
f 1750/2124/1075 1855/2149/1100 1849/2134/1085 1751/2116/1067
f 1753/2123/1074 1854/2147/1098 1847/2130/1081 1754/2089/1040
f 1756/2122/1073 1853/2145/1096 1845/2112/1063 1757/2125/1076
f 1749/2121/1072 1851/2143/1094 1855/2149/1100 1750/2124/1075
f 1759/2119/1070 1850/2139/1090 1852/2140/1091 1748/2120/1071
f 1752/2117/1068 1848/2137/1088 1854/2147/1098 1753/2123/1074
f 1755/2090/1041 1846/2133/1084 1853/2145/1096 1756/2122/1073
f 1748/2120/1071 1852/2140/1091 1851/2143/1094 1749/2121/1072
f 1758/2118/1069 1844/2115/1066 1850/2139/1090 1759/2119/1070
f 1751/2116/1067 1849/2134/1085 1848/2137/1088 1752/2117/1068
f 1754/2089/1040 1847/2130/1081 1846/2133/1084 1755/2090/1041
f 1757/2125/1076 1845/2112/1063 1844/2115/1066 1758/2118/1069
f 1712/2068/1007 1857/2001/1007 1867/2020/1007 1723/2087/1007
f 1723/2087/1007 1867/2020/1007 1866/2018/1007 1722/2085/1007
f 1722/2085/1007 1866/2018/1007 1865/2016/1007 1721/2083/1007
f 1721/2083/1007 1865/2016/1007 1864/2014/1007 1720/2081/1007
f 1720/2081/1007 1864/2014/1007 1863/2012/1007 1719/2079/1007
f 1719/2079/1007 1863/2012/1007 1862/2010/1007 1718/2077/1007
f 1718/2077/1007 1862/2010/1007 1861/2008/1007 1717/2075/1007
f 1717/2075/1007 1861/2008/1007 1860/2006/1007 1716/2073/1007
f 1716/2073/1007 1860/2006/1007 1859/2004/1007 1715/2072/1007
f 1715/2072/1007 1859/2004/1007 1858/2002/1007 1714/2071/1007
f 1714/2071/1007 1858/2002/1007 1856/1998/1007 1713/2067/1007
f 1713/2067/1007 1856/1998/1007 1857/2001/1007 1712/2068/1007
f 1765/2146/1097 1879/2181/1120 1873/2166/1105 1766/2131/1082
f 1768/2144/1095 1878/2179/1118 1871/2162/1101 1769/2113/1064
f 1761/2142/1093 1876/2177/1116 1869/2126/1077 1762/2148/1099
f 1771/2138/1089 1875/2173/1112 1877/2174/1113 1760/2141/1092
f 1764/2136/1087 1874/2171/1110 1879/2181/1120 1765/2146/1097
f 1767/2132/1083 1872/2169/1108 1878/2179/1118 1768/2144/1095
f 1760/2141/1092 1877/2174/1113 1876/2177/1116 1761/2142/1093
f 1770/2114/1065 1870/2165/1104 1875/2173/1112 1771/2138/1089
f 1763/2135/1086 1868/2129/1080 1874/2171/1110 1764/2136/1087
f 1766/2131/1082 1873/2166/1105 1872/2169/1108 1767/2132/1083
f 1769/2113/1064 1871/2162/1101 1870/2165/1104 1770/2114/1065
f 1762/2148/1099 1869/2126/1077 1868/2129/1080 1763/2135/1086
f 1773/2161/1007 1881/2176/1115 1880/2175/1114 1772/2150/1007
f 1774/2160/1007 1882/2127/1078 1881/2176/1115 1773/2161/1007
f 1775/2159/1007 1883/2128/1079 1882/2127/1078 1774/2160/1007
f 1776/2158/1007 1884/2170/1109 1883/2128/1079 1775/2159/1007
f 1777/2157/1007 1885/2180/1119 1884/2170/1109 1776/2158/1007
f 1778/2156/1007 1886/2167/1106 1885/2180/1119 1777/2157/1007
f 1779/2155/1007 1887/2168/1107 1886/2167/1106 1778/2156/1007
f 1780/2154/1007 1888/2178/1117 1887/2168/1107 1779/2155/1007
f 1781/2153/1007 1889/2163/1102 1888/2178/1117 1780/2154/1007
f 1782/2152/1007 1890/2164/1103 1889/2163/1102 1781/2153/1007
f 1783/2151/1007 1891/2172/1111 1890/2164/1103 1782/2152/1007
f 1772/2150/1007 1880/2175/1114 1891/2172/1111 1783/2151/1007
f 2060/2218/1133 1953/2219/1134 1952/2220/1135 2061/2221/1136
f 2061/2221/1136 1952/2220/1135 1954/2222/1137 2062/2223/1138
f 2062/2223/1138 1954/2222/1137 1955/2224/1139 2063/2225/1140
f 2063/2225/1140 1955/2224/1139 1956/2226/1141 2064/2227/1142
f 2064/2227/1142 1956/2226/1141 1957/2228/1143 2065/2229/1144
f 2065/2229/1144 1957/2228/1143 1958/2230/1145 2066/2231/1146
f 2066/2231/1146 1958/2230/1145 1959/2232/1147 2067/2233/1148
f 2067/2233/1148 1959/2232/1147 1960/2234/1149 2068/2235/1150
f 2068/2235/1150 1960/2234/1149 1961/2236/1151 2069/2237/1152
f 2069/2237/1152 1961/2236/1151 1962/2238/1153 2070/2239/1154
f 2100/2240/1155 2096/2241/1156 1966/2242/1157 1967/2243/1158
f 2070/2239/1154 1962/2238/1153 1963/2244/1159 2071/2245/1160
f 2071/2245/1160 1963/2244/1159 1953/2246/1134 2060/2247/1133
f 1898/2248/1161 1900/2249/1162 2004/2250/1163 2003/2251/1164
f 1951/2252/1165 1927/2253/1160 1916/2254/1133 1940/2255/1166
f 1950/2256/1167 1926/2257/1154 1927/2253/1160 1951/2252/1165
f 1949/2258/1168 1925/2259/1152 1926/2257/1154 1950/2256/1167
f 1948/2260/1169 1924/2261/1150 1925/2259/1152 1949/2258/1168
f 1947/2262/1170 1923/2263/1148 1924/2261/1150 1948/2260/1169
f 1946/2264/1171 1922/2265/1146 1923/2263/1148 1947/2262/1170
f 1945/2266/1172 1921/2267/1144 1922/2265/1146 1946/2264/1171
f 1944/2268/1173 1920/2269/1142 1921/2267/1144 1945/2266/1172
f 1943/2270/1174 1919/2271/1140 1920/2269/1142 1944/2268/1173
f 1942/2272/1175 1918/2273/1138 1919/2271/1140 1943/2270/1174
f 1941/2274/1176 1917/2275/1136 1918/2273/1138 1942/2272/1175
f 1940/2276/1166 1916/2277/1133 1917/2275/1136 1941/2274/1176
f 1927/2253/1160 1939/2278/1160 1928/2279/1133 1916/2254/1133
f 1926/2257/1154 1938/2280/1154 1939/2278/1160 1927/2253/1160
f 1925/2259/1152 1937/2281/1152 1938/2280/1154 1926/2257/1154
f 1924/2261/1150 1936/2282/1150 1937/2281/1152 1925/2259/1152
f 1923/2263/1148 1935/2283/1148 1936/2282/1150 1924/2261/1150
f 1922/2265/1146 1934/2284/1146 1935/2283/1148 1923/2263/1148
f 1921/2267/1144 1933/2285/1144 1934/2284/1146 1922/2265/1146
f 1920/2269/1142 1932/2286/1142 1933/2285/1144 1921/2267/1144
f 1919/2271/1140 1931/2287/1140 1932/2286/1142 1920/2269/1142
f 1918/2273/1138 1930/2288/1138 1931/2287/1140 1919/2271/1140
f 1917/2275/1136 1929/2289/1136 1930/2288/1138 1918/2273/1138
f 1916/2277/1133 1928/2290/1133 1929/2289/1136 1917/2275/1136
f 2120/2291/1007 2121/2292/1007 1940/2293/1166 1941/2294/1176
f 2122/2295/1007 2120/2291/1007 1941/2294/1176 1942/2296/1175
f 2123/2297/1007 2122/2295/1007 1942/2296/1175 1943/2298/1174
f 2124/2299/1007 2123/2297/1007 1943/2298/1174 1944/2300/1173
f 2125/2301/1007 2124/2299/1007 1944/2300/1173 1945/2302/1172
f 2126/2303/1007 2125/2301/1007 1945/2302/1172 1946/2304/1171
f 2127/2305/1007 2126/2303/1007 1946/2304/1171 1947/2306/1170
f 2128/2307/1007 2127/2305/1007 1947/2306/1170 1948/2308/1169
f 2129/2309/1007 2128/2307/1007 1948/2308/1169 1949/2310/1168
f 2130/2311/1007 2129/2309/1007 1949/2310/1168 1950/2312/1167
f 2131/2313/1007 2130/2311/1007 1950/2312/1167 1951/2314/1165
f 2121/2292/1007 2131/2313/1007 1951/2314/1165 1940/2293/1166
f 2072/2315/1008 2073/2316/1008 1952/2317/1135 1953/2318/1134
f 2073/2316/1008 2074/2319/1008 1954/2320/1137 1952/2317/1135
f 2074/2319/1008 2075/2321/1008 1955/2322/1139 1954/2320/1137
f 2075/2321/1008 2076/2323/1008 1956/2324/1141 1955/2322/1139
f 2076/2323/1008 2077/2325/1008 1957/2326/1143 1956/2324/1141
f 2077/2325/1008 2078/2327/1008 1958/2328/1145 1957/2326/1143
f 2078/2327/1008 2079/2329/1008 1959/2330/1147 1958/2328/1145
f 2079/2329/1008 2080/2331/1008 1960/2332/1149 1959/2330/1147
f 2080/2331/1008 2081/2333/1008 1961/2334/1151 1960/2332/1149
f 2081/2333/1008 2082/2335/1008 1962/2336/1153 1961/2334/1151
f 2082/2335/1008 2083/2337/1008 1963/2338/1159 1962/2336/1153
f 2083/2337/1008 2072/2315/1008 1953/2318/1134 1963/2338/1159
f 1964/2339/1177 1965/2340/1178 1975/2341/1179 1974/2342/1180 1973/2343/1181 1972/2344/1182 1971/2345/1183 1970/2346/1184 1969/2347/1185 1968/2348/1186 1967/2243/1158 1966/2242/1157
f 2101/2349/1187 2097/2350/1188 1973/2343/1181 1974/2342/1180
f 2102/2351/1189 2098/2352/1190 1970/2346/1184 1971/2345/1183
f 2103/2353/1191 2100/2240/1155 1967/2243/1158 1968/2348/1186
f 2104/2354/1192 2101/2349/1187 1974/2342/1180 1975/2341/1179
f 2105/2355/1193 2099/2356/1194 1965/2340/1178 1964/2339/1177
f 2106/2357/1195 2102/2351/1189 1971/2345/1183 1972/2344/1182
f 2107/2358/1196 2103/2353/1191 1968/2348/1186 1969/2347/1185
f 2099/2356/1194 2104/2354/1192 1975/2341/1179 1965/2340/1178
f 2096/2241/1156 2105/2355/1193 1964/2339/1177 1966/2242/1157
f 2097/2350/1188 2106/2357/1195 1972/2344/1182 1973/2343/1181
f 2098/2352/1190 2107/2358/1196 1969/2347/1185 1970/2346/1184
f 1894/2359/1197 1892/2360/1198 1976/2361/1007 1977/2362/1007
f 1896/2363/1199 1894/2359/1197 1977/2362/1007 1978/2364/1007
f 1898/2248/1161 1896/2363/1199 1978/2364/1007 1979/2365/1007
f 1900/2249/1162 1898/2248/1161 1979/2365/1007 1980/2366/1007
f 1902/2367/1200 1900/2249/1162 1980/2366/1007 1981/2368/1007
f 1904/2369/1201 1902/2367/1200 1981/2368/1007 1982/2370/1007
f 1906/2371/1202 1904/2369/1201 1982/2370/1007 1983/2372/1007
f 1908/2373/1203 1906/2371/1202 1983/2372/1007 1984/2374/1007
f 1910/2375/1204 1908/2373/1203 1984/2374/1007 1985/2376/1007
f 1912/2377/1205 1910/2375/1204 1985/2376/1007 1986/2378/1007
f 1914/2379/1206 1912/2377/1205 1986/2378/1007 1987/2380/1007
f 1892/2360/1198 1914/2379/1206 1987/2380/1007 1976/2361/1007
f 1994/2381/1207 1995/2382/1208 2019/2383/1209 2018/2384/1210
f 1912/2377/1205 1914/2379/1206 2011/2385/1211 2010/2386/1212
f 1892/2360/1198 1894/2359/1197 2001/2387/1213 2000/2388/1214
f 1906/2371/1202 1908/2373/1203 2008/2389/1215 2007/2390/1216
f 1900/2249/1162 1902/2367/1200 2005/2391/1217 2004/2250/1163
f 1914/2379/1206 1892/2360/1198 2000/2388/1214 2011/2385/1211
f 1894/2359/1197 1896/2363/1199 2002/2392/1218 2001/2387/1213
f 1908/2373/1203 1910/2375/1204 2009/2393/1219 2008/2389/1215
f 1902/2367/1200 1904/2369/1201 2006/2394/1220 2005/2391/1217
f 1896/2363/1199 1898/2248/1161 2003/2251/1164 2002/2392/1218
f 1910/2375/1204 1912/2377/1205 2010/2386/1212 2009/2393/1219
f 1904/2369/1201 1906/2371/1202 2007/2390/1216 2006/2394/1220
f 1989/2395/1221 1988/2396/1222 2000/2388/1214 2001/2387/1213
f 1990/2397/1223 1989/2395/1221 2001/2387/1213 2002/2392/1218
f 1991/2398/1224 1990/2397/1223 2002/2392/1218 2003/2251/1164
f 1992/2399/1225 1991/2398/1224 2003/2251/1164 2004/2250/1163
f 1993/2400/1226 1992/2399/1225 2004/2250/1163 2005/2391/1217
f 1994/2381/1207 1993/2400/1226 2005/2391/1217 2006/2394/1220
f 1995/2382/1208 1994/2381/1207 2006/2394/1220 2007/2390/1216
f 1996/2401/1227 1995/2382/1208 2007/2390/1216 2008/2389/1215
f 1997/2402/1228 1996/2401/1227 2008/2389/1215 2009/2393/1219
f 1998/2403/1229 1997/2402/1228 2009/2393/1219 2010/2386/1212
f 1999/2404/1230 1998/2403/1229 2010/2386/1212 2011/2385/1211
f 1988/2396/1222 1999/2404/1230 2011/2385/1211 2000/2388/1214
f 2109/2405/1231 2108/2406/1232 2034/2407/1233 2033/2408/1234
f 1991/2398/1224 1992/2399/1225 2016/2409/1235 2015/2410/1236
f 1998/2403/1229 1999/2404/1230 2023/2411/1237 2022/2412/1238
f 1988/2396/1222 1989/2395/1221 2013/2413/1239 2012/2414/1240
f 1995/2382/1208 1996/2401/1227 2020/2415/1241 2019/2383/1209
f 1992/2399/1225 1993/2400/1226 2017/2416/1242 2016/2409/1235
f 1999/2404/1230 1988/2396/1222 2012/2414/1240 2023/2411/1237
f 1989/2395/1221 1990/2397/1223 2014/2417/1243 2013/2413/1239
f 1996/2401/1227 1997/2402/1228 2021/2418/1244 2020/2415/1241
f 1993/2400/1226 1994/2381/1207 2018/2384/1210 2017/2416/1242
f 1990/2397/1223 1991/2398/1224 2015/2410/1236 2014/2417/1243
f 1997/2402/1228 1998/2403/1229 2022/2412/1238 2021/2418/1244
f 2133/2419/1245 2132/2420/1246 2147/2421/1247 2146/2422/1248
f 2111/2423/1249 2110/2424/1250 2031/2425/1251 2030/2426/1252
f 2113/2427/1253 2112/2428/1254 2028/2429/1255 2027/2430/1256
f 2108/2406/1232 2114/2431/1257 2035/2432/1258 2034/2407/1233
f 2116/2433/1259 2115/2434/1260 2025/2435/1261 2024/2436/1262
f 2110/2424/1250 2117/2437/1263 2032/2438/1264 2031/2425/1251
f 2112/2428/1254 2118/2439/1265 2029/2440/1266 2028/2429/1255
f 2114/2431/1257 2116/2433/1259 2024/2436/1262 2035/2432/1258
f 2115/2434/1260 2119/2441/1267 2026/2442/1268 2025/2435/1261
f 2117/2437/1263 2109/2405/1231 2033/2408/1234 2032/2438/1264
f 2118/2439/1265 2111/2423/1249 2030/2426/1252 2029/2440/1266
f 2119/2441/1267 2113/2427/1253 2027/2430/1256 2026/2442/1268
f 2036/2443/1007 2037/2444/1007 2038/2445/1007 2039/2446/1007 2040/2447/1007 2041/2448/1007 2042/2449/1007 2043/2450/1007 2044/2451/1007 2045/2452/1007 2046/2453/1007 2047/2454/1007
f 2135/2455/1269 2134/2456/1270 2154/2457/1271 2153/2458/1272
f 2137/2459/1273 2136/2460/1274 2151/2461/1275 2150/2462/1276
f 2132/2420/1246 2138/2463/1277 2148/2464/1278 2147/2421/1247
f 2134/2456/1270 2139/2465/1279 2155/2466/1280 2154/2457/1271
f 2141/2467/1281 2140/2468/1282 2145/2469/1283 2144/2470/1284
f 2136/2460/1274 2142/2471/1285 2152/2472/1286 2151/2461/1275
f 2138/2463/1277 2143/2473/1287 2149/2474/1288 2148/2464/1278
f 2139/2465/1279 2141/2467/1281 2144/2470/1284 2155/2466/1280
f 2140/2468/1282 2133/2419/1245 2146/2422/1248 2145/2469/1283
f 2142/2471/1285 2135/2455/1269 2153/2458/1272 2152/2472/1286
f 2143/2473/1287 2137/2459/1273 2150/2462/1276 2149/2474/1288
f 1905/2475/1289 1903/2476/1290 2059/2477/1196 2052/2478/1190
f 1911/2479/1291 1909/2480/1292 2058/2481/1195 2050/2482/1188
f 1897/2483/1293 1895/2484/1294 2057/2485/1193 2048/2486/1156
f 1893/2487/1295 1915/2488/1296 2055/2489/1192 2056/2490/1194
f 1903/2476/1290 1901/2491/1297 2054/2492/1191 2059/2477/1196
f 1909/2480/1292 1907/2493/1298 2053/2494/1189 2058/2481/1195
f 1895/2484/1294 1893/2487/1295 2056/2490/1194 2057/2485/1193
f 1915/2488/1296 1913/2495/1299 2051/2496/1187 2055/2489/1192
f 1901/2491/1297 1899/2497/1300 2049/2498/1155 2054/2492/1191
f 1907/2493/1298 1905/2475/1289 2052/2478/1190 2053/2494/1189
f 1913/2495/1299 1911/2479/1291 2050/2482/1188 2051/2496/1187
f 1899/2497/1300 1897/2483/1293 2048/2486/1156 2049/2498/1155
f 1939/2278/1160 2071/2245/1160 2060/2247/1133 1928/2279/1133
f 1938/2280/1154 2070/2239/1154 2071/2245/1160 1939/2278/1160
f 1937/2281/1152 2069/2237/1152 2070/2239/1154 1938/2280/1154
f 1936/2282/1150 2068/2235/1150 2069/2237/1152 1937/2281/1152
f 1935/2283/1148 2067/2233/1148 2068/2235/1150 1936/2282/1150
f 1934/2284/1146 2066/2231/1146 2067/2233/1148 1935/2283/1148
f 1933/2285/1144 2065/2229/1144 2066/2231/1146 1934/2284/1146
f 1932/2286/1142 2064/2227/1142 2065/2229/1144 1933/2285/1144
f 1931/2287/1140 2063/2225/1140 2064/2227/1142 1932/2286/1142
f 1930/2288/1138 2062/2223/1138 2063/2225/1140 1931/2287/1140
f 1929/2289/1136 2061/2221/1136 2062/2223/1138 1930/2288/1138
f 1928/2290/1133 2060/2218/1133 2061/2221/1136 1929/2289/1136
f 2095/2499/1008 2084/2500/1008 2072/2315/1008 2083/2337/1008
f 2094/2501/1008 2095/2499/1008 2083/2337/1008 2082/2335/1008
f 2093/2502/1008 2094/2501/1008 2082/2335/1008 2081/2333/1008
f 2092/2503/1008 2093/2502/1008 2081/2333/1008 2080/2331/1008
f 2091/2504/1008 2092/2503/1008 2080/2331/1008 2079/2329/1008
f 2090/2505/1008 2091/2504/1008 2079/2329/1008 2078/2327/1008
f 2089/2506/1008 2090/2505/1008 2078/2327/1008 2077/2325/1008
f 2088/2507/1008 2089/2506/1008 2077/2325/1008 2076/2323/1008
f 2087/2508/1008 2088/2507/1008 2076/2323/1008 2075/2321/1008
f 2086/2509/1008 2087/2508/1008 2075/2321/1008 2074/2319/1008
f 2085/2510/1008 2086/2509/1008 2074/2319/1008 2073/2316/1008
f 2084/2500/1008 2085/2510/1008 2073/2316/1008 2072/2315/1008
f 1893/2487/1295 1895/2484/1294 2085/2510/1008 2084/2500/1008
f 1895/2484/1294 1897/2483/1293 2086/2509/1008 2085/2510/1008
f 1897/2483/1293 1899/2497/1300 2087/2508/1008 2086/2509/1008
f 1899/2497/1300 1901/2491/1297 2088/2507/1008 2087/2508/1008
f 1901/2491/1297 1903/2476/1290 2089/2506/1008 2088/2507/1008
f 1903/2476/1290 1905/2475/1289 2090/2505/1008 2089/2506/1008
f 1905/2475/1289 1907/2493/1298 2091/2504/1008 2090/2505/1008
f 1907/2493/1298 1909/2480/1292 2092/2503/1008 2091/2504/1008
f 1909/2480/1292 1911/2479/1291 2093/2502/1008 2092/2503/1008
f 1911/2479/1291 1913/2495/1299 2094/2501/1008 2093/2502/1008
f 1913/2495/1299 1915/2488/1296 2095/2499/1008 2094/2501/1008
f 1915/2488/1296 1893/2487/1295 2084/2500/1008 2095/2499/1008
f 2052/2478/1190 2059/2477/1196 2107/2358/1196 2098/2352/1190
f 2050/2482/1188 2058/2481/1195 2106/2357/1195 2097/2350/1188
f 2048/2486/1156 2057/2485/1193 2105/2355/1193 2096/2241/1156
f 2056/2490/1194 2055/2489/1192 2104/2354/1192 2099/2356/1194
f 2059/2477/1196 2054/2492/1191 2103/2353/1191 2107/2358/1196
f 2058/2481/1195 2053/2494/1189 2102/2351/1189 2106/2357/1195
f 2057/2485/1193 2056/2490/1194 2099/2356/1194 2105/2355/1193
f 2055/2489/1192 2051/2496/1187 2101/2349/1187 2104/2354/1192
f 2054/2492/1191 2049/2498/1155 2100/2240/1155 2103/2353/1191
f 2053/2494/1189 2052/2478/1190 2098/2352/1190 2102/2351/1189
f 2051/2496/1187 2050/2482/1188 2097/2350/1188 2101/2349/1187
f 2049/2498/1155 2048/2486/1156 2096/2241/1156 2100/2240/1155
f 2014/2417/1243 2015/2410/1236 2113/2427/1253 2119/2441/1267
f 2017/2416/1242 2018/2384/1210 2111/2423/1249 2118/2439/1265
f 2020/2415/1241 2021/2418/1244 2109/2405/1231 2117/2437/1263
f 2013/2413/1239 2014/2417/1243 2119/2441/1267 2115/2434/1260
f 2023/2411/1237 2012/2414/1240 2116/2433/1259 2114/2431/1257
f 2016/2409/1235 2017/2416/1242 2118/2439/1265 2112/2428/1254
f 2019/2383/1209 2020/2415/1241 2117/2437/1263 2110/2424/1250
f 2012/2414/1240 2013/2413/1239 2115/2434/1260 2116/2433/1259
f 2022/2412/1238 2023/2411/1237 2114/2431/1257 2108/2406/1232
f 2015/2410/1236 2016/2409/1235 2112/2428/1254 2113/2427/1253
f 2018/2384/1210 2019/2383/1209 2110/2424/1250 2111/2423/1249
f 2021/2418/1244 2022/2412/1238 2108/2406/1232 2109/2405/1231
f 1976/2361/1007 1987/2380/1007 2131/2313/1007 2121/2292/1007
f 1987/2380/1007 1986/2378/1007 2130/2311/1007 2131/2313/1007
f 1986/2378/1007 1985/2376/1007 2129/2309/1007 2130/2311/1007
f 1985/2376/1007 1984/2374/1007 2128/2307/1007 2129/2309/1007
f 1984/2374/1007 1983/2372/1007 2127/2305/1007 2128/2307/1007
f 1983/2372/1007 1982/2370/1007 2126/2303/1007 2127/2305/1007
f 1982/2370/1007 1981/2368/1007 2125/2301/1007 2126/2303/1007
f 1981/2368/1007 1980/2366/1007 2124/2299/1007 2125/2301/1007
f 1980/2366/1007 1979/2365/1007 2123/2297/1007 2124/2299/1007
f 1979/2365/1007 1978/2364/1007 2122/2295/1007 2123/2297/1007
f 1978/2364/1007 1977/2362/1007 2120/2291/1007 2122/2295/1007
f 1977/2362/1007 1976/2361/1007 2121/2292/1007 2120/2291/1007
f 2029/2440/1266 2030/2426/1252 2137/2459/1273 2143/2473/1287
f 2032/2438/1264 2033/2408/1234 2135/2455/1269 2142/2471/1285
f 2025/2435/1261 2026/2442/1268 2133/2419/1245 2140/2468/1282
f 2035/2432/1258 2024/2436/1262 2141/2467/1281 2139/2465/1279
f 2028/2429/1255 2029/2440/1266 2143/2473/1287 2138/2463/1277
f 2031/2425/1251 2032/2438/1264 2142/2471/1285 2136/2460/1274
f 2024/2436/1262 2025/2435/1261 2140/2468/1282 2141/2467/1281
f 2034/2407/1233 2035/2432/1258 2139/2465/1279 2134/2456/1270
f 2027/2430/1256 2028/2429/1255 2138/2463/1277 2132/2420/1246
f 2030/2426/1252 2031/2425/1251 2136/2460/1274 2137/2459/1273
f 2033/2408/1234 2034/2407/1233 2134/2456/1270 2135/2455/1269
f 2026/2442/1268 2027/2430/1256 2132/2420/1246 2133/2419/1245
f 2037/2444/1007 2036/2443/1007 2144/2470/1284 2145/2469/1283
f 2038/2445/1007 2037/2444/1007 2145/2469/1283 2146/2422/1248
f 2039/2446/1007 2038/2445/1007 2146/2422/1248 2147/2421/1247
f 2040/2447/1007 2039/2446/1007 2147/2421/1247 2148/2464/1278
f 2041/2448/1007 2040/2447/1007 2148/2464/1278 2149/2474/1288
f 2042/2449/1007 2041/2448/1007 2149/2474/1288 2150/2462/1276
f 2043/2450/1007 2042/2449/1007 2150/2462/1276 2151/2461/1275
f 2044/2451/1007 2043/2450/1007 2151/2461/1275 2152/2472/1286
f 2045/2452/1007 2044/2451/1007 2152/2472/1286 2153/2458/1272
f 2046/2453/1007 2045/2452/1007 2153/2458/1272 2154/2457/1271
f 2047/2454/1007 2046/2453/1007 2154/2457/1271 2155/2466/1280
f 2036/2443/1007 2047/2454/1007 2155/2466/1280 2144/2470/1284
o Cube.001
v 0.078154 -0.974817 1.127827
v -0.009494 -0.972269 1.127827
v 0.080322 -0.835370 1.033707
v -0.007326 -0.832821 1.033707
v 0.083867 -0.660362 0.282605
v -0.003781 -0.657814 0.282605
v 0.080155 -0.899362 1.848660
v -0.007492 -0.896814 1.848660
v 0.088939 -0.434084 -0.359610
v 0.000196 -0.480384 1.380297
v 0.001291 -0.431536 -0.359610
v 0.087844 -0.482932 1.380297
v 0.091938 -0.300303 -1.361138
v 0.005098 -0.251756 1.213455
v 0.004290 -0.297755 -1.361138
v 0.092746 -0.254304 1.213455
vt 0.375000 0.412298
vt 0.375000 0.500000
vt 0.625000 0.500000
vt 0.625000 0.412298
vt 0.375000 0.750000
vt 0.625000 0.750000
vt 0.287298 0.500000
vt 0.287298 0.750000
vt 0.159467 0.500000
vt 0.625000 0.284467
vt 0.840533 0.750000
vt 0.375000 0.965533
vt 0.712702 0.750000
vt 0.712702 0.500000
vt 0.206963 0.500000
vt 0.211881 0.750000
vt 0.375000 0.837702
vt 0.625000 0.837702
vt 0.375000 0.331963
vt 0.625000 0.331963
vt 0.375000 0.284467
vt 0.159467 0.750000
vt 0.788119 0.750000
vt 0.793037 0.500000
vt 0.375000 0.913119
vt 0.625000 0.913119
vt 0.840533 0.500000
vt 0.625000 0.965533
vn -0.0283 -0.9735 -0.2270
vn -0.0163 -0.5592 -0.8289
vn 0.9997 -0.0223 -0.0015
vn 0.0291 0.9994 -0.0179
vn -0.9997 0.0223 0.0015
vn 0.9998 -0.0204 -0.0003
vn -0.0289 -0.9941 0.1041
vn -0.0274 -0.9427 -0.3324
vn -0.0288 -0.9908 -0.1324
vn 0.9998 -0.0216 0.0001
vn -0.9998 0.0204 0.0003
vn 0.0217 0.7470 0.6645
vn -0.9998 0.0216 -0.0001
vn 0.0171 0.5892 0.8078
usemtl None
s off
f 2160/2511/1301 2158/2512/1301 2159/2513/1301 2161/2514/1301
f 2158/2512/1302 2156/2515/1302 2157/2516/1302 2159/2513/1302
f 2160/2517/1303 2162/2518/1303 2156/2515/1303 2158/2512/1303
f 2168/2519/1304 2170/2520/1304 2169/2521/1304 2171/2522/1304
f 2159/2513/1305 2157/2516/1305 2163/2523/1305 2161/2524/1305
f 2164/2525/1306 2167/2526/1306 2162/2518/1306 2160/2517/1306
f 2156/2515/1307 2162/2527/1307 2163/2528/1307 2157/2516/1307
f 2164/2529/1308 2160/2511/1308 2161/2514/1308 2166/2530/1308
f 2168/2531/1309 2164/2529/1309 2166/2530/1309 2170/2520/1309
f 2168/2519/1310 2171/2532/1310 2167/2526/1310 2164/2525/1310
f 2161/2524/1311 2163/2523/1311 2165/2533/1311 2166/2534/1311
f 2162/2527/1312 2167/2535/1312 2165/2536/1312 2163/2528/1312
f 2166/2534/1313 2165/2533/1313 2169/2521/1313 2170/2537/1313
f 2167/2535/1314 2171/2522/1314 2169/2538/1314 2165/2536/1314
o Cylinder.006_Cylinder.001
v 0.119606 -1.019327 -0.043671
v 0.126112 -1.025926 1.998062
v 0.149537 -0.968317 -0.043671
v 0.158472 -0.970779 1.998062
v 0.149954 -0.909176 -0.043671
v 0.158922 -0.906840 1.998062
v 0.120744 -0.857749 -0.043671
v 0.127343 -0.851243 1.998062
v 0.069734 -0.827818 -0.043671
v 0.072196 -0.818883 1.998062
v 0.010593 -0.827401 -0.043671
v 0.008257 -0.818433 1.998062
v -0.040834 -0.856611 -0.043671
v -0.047340 -0.850012 1.998062
v -0.070765 -0.907621 -0.043671
v -0.079700 -0.905159 1.998062
v -0.071182 -0.966762 -0.043671
v -0.080150 -0.969098 1.998062
v -0.041972 -1.018189 -0.043671
v -0.048571 -1.024695 1.998062
v 0.009038 -1.048120 -0.043671
v 0.006576 -1.057055 1.998062
v 0.068179 -1.048537 -0.043671
v 0.070515 -1.057505 1.998062
v 0.149511 -1.049657 0.040525
v 0.190601 -0.979631 0.040525
v 0.191173 -0.898442 0.040525
v 0.151074 -0.827844 0.040525
v 0.081048 -0.786754 0.040525
v -0.000141 -0.786182 0.040525
v -0.070739 -0.826281 0.040525
v -0.111829 -0.896307 0.040525
v -0.112401 -0.977496 0.040525
v -0.072302 -1.048094 0.040525
v -0.002276 -1.089185 0.040525
v 0.078913 -1.089756 0.040525
v 0.149511 -1.049657 1.926759
v 0.190601 -0.979631 1.926759
v 0.191173 -0.898442 1.926759
v 0.151074 -0.827844 1.926759
v 0.081048 -0.786754 1.926759
v -0.000141 -0.786182 1.926759
v -0.070739 -0.826281 1.926759
v -0.111829 -0.896307 1.926759
v -0.112401 -0.977496 1.926759
v -0.072302 -1.048094 1.926759
v -0.002276 -1.089185 1.926759
v 0.078913 -1.089756 1.926759
v 0.149512 -1.049657 -0.043671
v 0.190601 -0.979631 -0.043671
v 0.191173 -0.898442 -0.043671
v 0.151074 -0.827844 -0.043671
v 0.081048 -0.786754 -0.043671
v -0.000141 -0.786182 -0.043671
v -0.070739 -0.826281 -0.043671
v -0.111829 -0.896307 -0.043671
v -0.112401 -0.977496 -0.043671
v -0.072302 -1.048094 -0.043671
v -0.002276 -1.089185 -0.043671
v 0.078913 -1.089756 -0.043671
v 0.190601 -0.979631 1.998062
v 0.149511 -1.049657 1.998062
v 0.191173 -0.898442 1.998062
v 0.151074 -0.827844 1.998062
v 0.081048 -0.786754 1.998062
v -0.000141 -0.786182 1.998062
v -0.070739 -0.826281 1.998062
v -0.111829 -0.896307 1.998062
v -0.112401 -0.977496 1.998062
v -0.072302 -1.048094 1.998062
v -0.002276 -1.089185 1.998062
v 0.078913 -1.089756 1.998062
v 0.063734 -0.944677 2.616915
v 0.057118 -0.955953 2.616915
v 0.063827 -0.931604 2.616915
v 0.057370 -0.920237 2.616915
v 0.046094 -0.913621 2.616915
v 0.033021 -0.913529 2.616915
v 0.021654 -0.919985 2.616915
v 0.015038 -0.931261 2.616915
v 0.014946 -0.944334 2.616915
v 0.021402 -0.955701 2.616915
v 0.032678 -0.962317 2.616915
v 0.045751 -0.962409 2.616915
v 0.121340 -1.021086 -0.043671
v 0.151919 -0.968973 -0.043671
v 0.152345 -0.908553 -0.043671
v 0.122503 -0.856015 -0.043671
v 0.070390 -0.825436 -0.043671
v 0.009970 -0.825011 -0.043671
v -0.042568 -0.854852 -0.043671
v -0.073147 -0.906965 -0.043671
v -0.073572 -0.967385 -0.043671
v -0.043731 -1.019923 -0.043671
v 0.008382 -1.050502 -0.043671
v 0.068802 -1.050928 -0.043671
v 0.115557 -1.015221 -0.110471
v 0.143978 -0.966786 -0.110471
v 0.144374 -0.910629 -0.110471
v 0.116638 -0.861798 -0.110471
v 0.068203 -0.833377 -0.110471
v 0.012046 -0.832981 -0.110471
v -0.036785 -0.860717 -0.110471
v -0.065206 -0.909152 -0.110471
v -0.065602 -0.965309 -0.110471
v -0.037866 -1.014140 -0.110471
v 0.010569 -1.042561 -0.110471
v 0.066726 -1.042957 -0.110471
v 0.119606 -1.019327 -0.092448
v 0.149537 -0.968317 -0.092448
v 0.149954 -0.909176 -0.092448
v 0.120744 -0.857749 -0.092448
v 0.069734 -0.827818 -0.092448
v 0.010593 -0.827401 -0.092448
v -0.040834 -0.856611 -0.092448
v -0.070765 -0.907621 -0.092448
v -0.071182 -0.966762 -0.092448
v -0.041972 -1.018189 -0.092448
v 0.009038 -1.048120 -0.092448
v 0.068179 -1.048537 -0.092448
v 0.102404 -1.001881 -0.124968
v 0.125917 -0.961810 -0.124968
v 0.126245 -0.915350 -0.124968
v 0.103298 -0.874951 -0.124968
v 0.063227 -0.851438 -0.124968
v 0.016767 -0.851111 -0.124968
v -0.023632 -0.874057 -0.124968
v -0.047145 -0.914128 -0.124968
v -0.047473 -0.960588 -0.124968
v -0.024526 -1.000987 -0.124968
v 0.015545 -1.024500 -0.124968
v 0.062005 -1.024828 -0.124968
v 0.081916 -0.981102 -0.143019
v 0.097784 -0.954059 -0.143019
v 0.098005 -0.922704 -0.143019
v 0.082519 -0.895439 -0.143019
v 0.055476 -0.879571 -0.143019
v 0.024121 -0.879350 -0.143019
v -0.003144 -0.894836 -0.143019
v -0.019012 -0.921879 -0.143019
v -0.019233 -0.953234 -0.143019
v -0.003747 -0.980499 -0.143019
v 0.023296 -0.996367 -0.143019
v 0.054651 -0.996588 -0.143019
v 0.072086 -0.971133 -0.232146
v 0.084287 -0.950340 -0.232146
v 0.084457 -0.926232 -0.232146
v 0.072550 -0.905269 -0.232146
v 0.051757 -0.893068 -0.232146
v 0.027649 -0.892898 -0.232146
v 0.006686 -0.904805 -0.232146
v -0.005515 -0.925598 -0.232146
v -0.005685 -0.949706 -0.232146
v 0.006222 -0.970669 -0.232146
v 0.027015 -0.982870 -0.232146
v 0.051123 -0.983040 -0.232146
v 0.158422 -0.906970 2.001315
v 0.126975 -0.851605 2.001315
v -0.048203 -1.024333 2.001315
v 0.006713 -1.056557 2.001315
v -0.046978 -0.850380 2.001315
v -0.079202 -0.905297 2.001315
v 0.072059 -0.819381 2.001315
v 0.070385 -1.057005 2.001315
v 0.125750 -1.025558 2.001315
v 0.157974 -0.970641 2.001315
v -0.079650 -0.968968 2.001315
v 0.008387 -0.818933 2.001315
v 0.149511 -1.049657 1.986997
v 0.190601 -0.979631 1.986997
v 0.191173 -0.898442 1.986997
v 0.151074 -0.827844 1.986997
v 0.081048 -0.786754 1.986997
v -0.000141 -0.786182 1.986997
v -0.070739 -0.826281 1.986997
v -0.111829 -0.896307 1.986997
v -0.112401 -0.977496 1.986997
v -0.072302 -1.048094 1.986997
v -0.002276 -1.089185 1.986997
v 0.078913 -1.089756 1.986997
v 0.143751 -1.043815 1.998062
v 0.182691 -0.977452 1.998062
v 0.183233 -0.900509 1.998062
v 0.145232 -0.833604 1.998062
v 0.078869 -0.794664 1.998062
v 0.001926 -0.794122 1.998062
v -0.064979 -0.832124 1.998062
v -0.103919 -0.898486 1.998062
v -0.104461 -0.975429 1.998062
v -0.066459 -1.042334 1.998062
v -0.000097 -1.081274 1.998062
v 0.076846 -1.081816 1.998062
v 0.128858 -1.028710 1.998062
v 0.162242 -0.971817 1.998062
v 0.162706 -0.905855 1.998062
v 0.130128 -0.848497 1.998062
v 0.073234 -0.815113 1.998062
v 0.007272 -0.814649 1.998062
v -0.050086 -0.847228 1.998062
v -0.083470 -0.904121 1.998062
v -0.083934 -0.970083 1.998062
v -0.051356 -1.027441 1.998062
v 0.005538 -1.060825 1.998062
v 0.071500 -1.061289 1.998062
v 0.064800 -0.931351 2.610579
v 0.020686 -0.956408 2.610579
v 0.020948 -0.919269 2.610579
v 0.057825 -0.956669 2.610579
v 0.058086 -0.919531 2.610579
v 0.032411 -0.963287 2.610579
v 0.014068 -0.930994 2.610579
v 0.046362 -0.912651 2.610579
v 0.046004 -0.963383 2.610579
v 0.064704 -0.944945 2.610579
v 0.013972 -0.944587 2.610579
v 0.032768 -0.912555 2.610579
v 0.022635 -0.998769 -0.141478
v -0.005521 -0.982248 -0.141478
v -0.021414 -0.921218 -0.141478
v -0.004893 -0.893062 -0.141478
v 0.056137 -0.877169 -0.141478
v 0.084293 -0.893690 -0.141478
v 0.055279 -0.998999 -0.141478
v 0.100186 -0.954720 -0.141478
v 0.083665 -0.982876 -0.141478
v -0.021644 -0.953862 -0.141478
v 0.023493 -0.876939 -0.141478
v 0.100416 -0.922076 -0.141478
v 0.186300 -0.978446 -0.043671
v 0.146379 -1.046480 -0.043671
v 0.186856 -0.899566 -0.043671
v 0.147897 -0.830976 -0.043671
v 0.079863 -0.791055 -0.043671
v 0.000983 -0.790499 -0.043671
v -0.067607 -0.829458 -0.043671
v -0.107528 -0.897492 -0.043671
v -0.108084 -0.976372 -0.043671
v -0.069125 -1.044962 -0.043671
v -0.001091 -1.084883 -0.043671
v 0.077789 -1.085439 -0.043671
v 0.075042 -0.902812 -0.229345
v 0.087843 -0.925350 -0.229345
v 0.026086 -0.986244 -0.229345
v 0.003730 -0.973126 -0.229345
v -0.008889 -0.924669 -0.229345
v 0.004229 -0.902313 -0.229345
v 0.052686 -0.889694 -0.229345
v 0.052005 -0.986426 -0.229345
v 0.087661 -0.951269 -0.229345
v 0.074543 -0.973625 -0.229345
v -0.009071 -0.950588 -0.229345
v 0.026767 -0.889512 -0.229345
v 0.074304 -0.973382 -0.232146
v 0.087332 -0.951179 -0.232146
v 0.087514 -0.925436 -0.232146
v 0.074799 -0.903051 -0.232146
v 0.052596 -0.890023 -0.232146
v 0.026853 -0.889841 -0.232146
v 0.004468 -0.902556 -0.232146
v -0.008560 -0.924759 -0.232146
v -0.008742 -0.950502 -0.232146
v 0.003973 -0.972887 -0.232146
v 0.026176 -0.985915 -0.232146
v 0.051919 -0.986097 -0.232146
vt 1.000000 0.998544
vt 0.916667 0.998544
vt 0.916667 1.000000
vt 1.000000 1.000000
vt 0.833333 0.998544
vt 0.833333 1.000000
vt 0.750000 0.998544
vt 0.750000 1.000000
vt 0.666667 0.998544
vt 0.666667 1.000000
vt 0.583333 0.998544
vt 0.583333 1.000000
vt 0.500000 0.998544
vt 0.500000 1.000000
vt 0.416667 0.998544
vt 0.416667 1.000000
vt 0.333333 0.998544
vt 0.333333 1.000000
vt 0.250000 0.998544
vt 0.250000 1.000000
vt 0.166667 0.998544
vt 0.166667 1.000000
vt 0.439005 0.250000
vt 0.439005 0.250000
vt 0.413683 0.344503
vt 0.413683 0.344503
vt 0.083333 0.998544
vt 0.083333 1.000000
vt 0.000000 0.998544
vt 0.000000 1.000000
vt 0.924825 0.250000
vt 0.924825 0.250000
vt 0.901403 0.162587
vt 0.901403 0.162587
vt 0.083333 0.500000
vt 0.000000 0.500000
vt 0.000000 0.511081
vt 0.083333 0.511081
vt 0.166667 0.500000
vt 0.166667 0.511081
vt 0.250000 0.500000
vt 0.250000 0.511081
vt 0.333333 0.500000
vt 0.333333 0.511081
vt 0.416667 0.500000
vt 0.416667 0.511081
vt 0.500000 0.500000
vt 0.500000 0.511081
vt 0.583333 0.500000
vt 0.583333 0.511081
vt 0.666667 0.500000
vt 0.666667 0.511081
vt 0.750000 0.500000
vt 0.750000 0.511081
vt 0.833333 0.500000
vt 0.833333 0.511081
vt 0.916667 0.500000
vt 0.916667 0.511081
vt 1.000000 0.500000
vt 1.000000 0.511081
vt 0.000000 0.990616
vt 0.083333 0.990616
vt 0.166667 0.990616
vt 0.250000 0.990616
vt 0.333333 0.990616
vt 0.416667 0.990616
vt 0.500000 0.990616
vt 0.583333 0.990616
vt 0.666667 0.990616
vt 0.750000 0.990616
vt 0.833333 0.990616
vt 0.916667 0.990616
vt 1.000000 0.990616
vt 0.866587 0.451934
vt 0.870000 0.457846
vt 0.750000 0.490000
vt 0.750000 0.483173
vt 0.951934 0.366587
vt 0.957846 0.370000
vt 0.983173 0.250000
vt 0.990000 0.250000
vt 0.951934 0.133413
vt 0.957846 0.130000
vt 0.866587 0.048066
vt 0.870000 0.042154
vt 0.750000 0.016827
vt 0.750000 0.010000
vt 0.633413 0.048066
vt 0.630000 0.042154
vt 0.548066 0.133413
vt 0.542154 0.130000
vt 0.516827 0.250000
vt 0.510000 0.250000
vt 0.548066 0.366587
vt 0.542154 0.370000
vt 0.633413 0.451934
vt 0.630000 0.457846
vt 0.250000 0.477445
vt 0.250000 0.490000
vt 0.370000 0.457846
vt 0.363723 0.446973
vt 0.457846 0.370000
vt 0.446973 0.363723
vt 0.490000 0.250000
vt 0.477445 0.250000
vt 0.457846 0.130000
vt 0.446973 0.136277
vt 0.370000 0.042154
vt 0.363723 0.053027
vt 0.250000 0.010000
vt 0.250000 0.022555
vt 0.130000 0.042154
vt 0.136277 0.053027
vt 0.042154 0.130000
vt 0.053027 0.136277
vt 0.010000 0.250000
vt 0.022555 0.250000
vt 0.042154 0.370000
vt 0.053027 0.363723
vt 0.130000 0.457846
vt 0.136277 0.446973
vt 0.344503 0.413683
vt 0.413683 0.155497
vt 0.344503 0.086317
vt 0.250000 0.060995
vt 0.155497 0.086317
vt 0.086317 0.155497
vt 0.060995 0.250000
vt 0.086316 0.344503
vt 0.155497 0.413683
vt 0.250000 0.439005
vt 0.086316 0.344503
vt 0.060995 0.250000
vt 0.155497 0.086317
vt 0.250000 0.060995
vt 0.413683 0.155497
vt 0.155497 0.413683
vt 0.344503 0.413683
vt 0.250000 0.439005
vt 0.086317 0.155497
vt 0.344503 0.086317
vt 0.837413 0.401403
vt 0.839303 0.404677
vt 0.750000 0.428605
vt 0.750000 0.424825
vt 0.901403 0.337413
vt 0.904677 0.339303
vt 0.928605 0.250000
vt 0.904677 0.160697
vt 0.837413 0.098597
vt 0.839303 0.095323
vt 0.750000 0.075175
vt 0.750000 0.071395
vt 0.662587 0.098597
vt 0.660697 0.095323
vt 0.598597 0.162587
vt 0.595323 0.160697
vt 0.575175 0.250000
vt 0.571395 0.250000
vt 0.598597 0.337413
vt 0.595323 0.339303
vt 0.662587 0.401403
vt 0.660697 0.404677
vt 0.750000 0.083997
vt 0.750000 0.083997
vt 0.666999 0.106238
vt 0.666999 0.106238
vt 0.598597 0.337413
vt 0.662587 0.401403
vt 0.750000 0.424825
vt 0.837413 0.401403
vt 0.662587 0.098597
vt 0.598597 0.162587
vt 0.837413 0.098597
vt 0.901403 0.337413
vt 0.575175 0.250000
vt 0.750000 0.075175
vt 0.833001 0.393762
vt 0.750000 0.416002
vt 0.893763 0.333001
vt 0.916003 0.250000
vt 0.893762 0.166999
vt 0.833001 0.106238
vt 0.606238 0.166999
vt 0.583997 0.250000
vt 0.606237 0.333001
vt 0.666998 0.393762
vt 0.583997 0.250000
vt 0.583997 0.250000
vt 0.606237 0.333001
vt 0.606237 0.333001
vt 0.916003 0.250000
vt 0.893762 0.166999
vt 0.606237 0.333001
vt 0.666998 0.393762
vt 0.750000 0.416002
vt 0.833001 0.393762
vt 0.606238 0.166999
vt 0.833001 0.106238
vt 0.893763 0.333001
vt 0.583997 0.250000
vt 0.893762 0.333001
vt 0.893763 0.333001
vt 0.916003 0.250000
vt 0.916003 0.250000
vt 0.750000 0.083997
vt 0.750000 0.083997
vt 0.666999 0.106238
vt 0.666999 0.106238
vt 0.916002 0.250000
vt 0.916003 0.250000
vt 0.893762 0.166999
vt 0.893762 0.166999
vt 0.666998 0.393762
vt 0.666998 0.393762
vt 0.750000 0.416002
vt 0.750000 0.416002
vt 0.833001 0.393762
vt 0.833001 0.393762
vt 0.606238 0.166999
vt 0.606238 0.166999
vt 0.833001 0.106238
vt 0.833001 0.106238
vt 0.893763 0.333001
vt 0.893762 0.333001
vt 0.750000 0.405458
vt 0.672271 0.384631
vt 0.615369 0.327729
vt 0.594541 0.250000
vt 0.615369 0.172271
vt 0.672271 0.115369
vt 0.750000 0.094541
vt 0.827729 0.115369
vt 0.884631 0.172271
vt 0.905458 0.250000
vt 0.884631 0.327729
vt 0.827729 0.384631
vt 0.583997 0.250000
vt 0.583997 0.250000
vt 0.606237 0.333001
vt 0.606237 0.333001
vt 0.750000 0.083997
vt 0.750000 0.083997
vt 0.666999 0.106238
vt 0.666999 0.106238
vt 0.893762 0.166999
vt 0.893762 0.166999
vt 0.666998 0.393762
vt 0.666998 0.393762
vt 0.750000 0.416002
vt 0.750000 0.416002
vt 0.833001 0.393762
vt 0.833001 0.393762
vt 0.606238 0.166999
vt 0.606238 0.166999
vt 0.833001 0.106238
vt 0.833001 0.106238
vt 0.250000 0.060995
vt 0.250000 0.060995
vt 0.344503 0.086317
vt 0.344503 0.086317
vt 0.060995 0.250000
vt 0.060995 0.250000
vt 0.086317 0.155497
vt 0.086317 0.155497
vt 0.413683 0.344503
vt 0.413683 0.344503
vt 0.344503 0.413683
vt 0.344503 0.413683
vt 0.250000 0.439005
vt 0.250000 0.439005
vt 0.155497 0.413683
vt 0.155497 0.413683
vt 0.413683 0.155497
vt 0.413683 0.155497
vt 0.155497 0.086317
vt 0.155497 0.086317
vt 0.086316 0.344503
vt 0.086316 0.344503
vt 0.439005 0.250000
vt 0.439005 0.250000
vt 0.152505 0.418866
vt 0.250000 0.444989
vt 0.081134 0.347494
vt 0.055011 0.250000
vt 0.081134 0.152505
vt 0.152505 0.081134
vt 0.250000 0.055011
vt 0.347495 0.081134
vt 0.418866 0.152505
vt 0.444989 0.250000
vt 0.418866 0.347495
vt 0.347495 0.418866
vn 0.7021 -0.7121 0.0000
vn 0.9640 -0.2656 0.0000
vn 0.7299 -0.2011 0.6532
vn 0.5316 -0.5391 0.6532
vn 0.9677 0.2520 0.0000
vn 0.7327 0.1908 0.6532
vn 0.7121 0.7021 0.0000
vn 0.5391 0.5316 0.6532
vn 0.2656 0.9640 0.0000
vn 0.2011 0.7299 0.6532
vn -0.2520 0.9677 0.0000
vn -0.1908 0.7327 0.6532
vn -0.7021 0.7121 0.0000
vn -0.5316 0.5391 0.6532
vn -0.9640 0.2656 0.0000
vn -0.7299 0.2011 0.6532
vn -0.9677 -0.2520 0.0000
vn -0.7327 -0.1908 0.6532
vn -0.7121 -0.7021 0.0000
vn -0.5391 -0.5316 0.6532
vn -0.2656 -0.9640 0.0000
vn -0.2011 -0.7299 0.6532
vn 0.7032 0.6934 0.1568
vn 0.5011 0.4941 0.7105
vn 0.6810 0.1773 0.7105
vn 0.9557 0.2489 0.1568
vn 0.2520 -0.9677 0.0000
vn 0.1908 -0.7327 0.6532
vn 0.4541 0.4477 -0.7703
vn 0.7039 0.6941 -0.1505
vn 0.2626 0.9531 -0.1505
vn 0.1694 0.6148 -0.7703
vn 0.1908 -0.7327 -0.6532
vn 0.5316 -0.5391 -0.6532
vn -0.2011 -0.7299 -0.6532
vn -0.5391 -0.5316 -0.6532
vn -0.7327 -0.1908 -0.6532
vn -0.7299 0.2011 -0.6532
vn -0.5316 0.5391 -0.6532
vn -0.1908 0.7327 -0.6532
vn 0.2011 0.7299 -0.6532
vn 0.5391 0.5316 -0.6532
vn 0.7327 0.1908 -0.6532
vn 0.7299 -0.2011 -0.6532
vn 0.0000 0.0000 -1.0000
vn 0.0000 0.0000 1.0000
vn 0.6784 -0.1869 0.7105
vn 0.1869 0.6784 0.7105
vn -0.1773 0.6810 0.7105
vn -0.4941 0.5011 0.7105
vn -0.6784 0.1869 0.7105
vn -0.6810 -0.1773 0.7105
vn -0.5011 -0.4941 0.7105
vn -0.1869 -0.6784 0.7105
vn 0.1773 -0.6810 0.7105
vn 0.4941 -0.5011 0.7105
vn -0.2623 -0.9521 0.1568
vn -0.7032 -0.6934 0.1568
vn -0.9521 0.2623 0.1568
vn -0.6934 0.7032 0.1568
vn 0.2623 0.9521 0.1568
vn 0.2489 -0.9557 0.1568
vn 0.9521 -0.2623 0.1568
vn 0.6934 -0.7032 0.1568
vn -0.9557 -0.2489 0.1568
vn -0.2489 0.9557 0.1568
vn 0.6148 -0.1694 -0.7703
vn 0.4477 -0.4541 -0.7703
vn 0.6171 0.1607 -0.7703
vn -0.1607 0.6171 -0.7703
vn -0.4477 0.4541 -0.7703
vn -0.6148 0.1694 -0.7703
vn -0.6171 -0.1607 -0.7703
vn -0.4541 -0.4477 -0.7703
vn -0.1694 -0.6148 -0.7703
vn 0.1607 -0.6171 -0.7703
vn -0.5856 0.5939 -0.5517
vn -0.4041 0.4099 -0.8177
vn -0.5549 0.1529 -0.8177
vn -0.8041 0.2215 -0.5517
vn -0.2626 -0.9531 -0.1505
vn 0.2491 -0.9567 -0.1505
vn 0.6941 -0.7039 -0.1505
vn 0.9531 -0.2626 -0.1505
vn -0.9531 0.2626 -0.1505
vn -0.9567 -0.2491 -0.1505
vn -0.2491 0.9567 -0.1505
vn 0.9567 0.2491 -0.1505
vn -0.7039 -0.6941 -0.1505
vn -0.6941 0.7039 -0.1505
vn 0.8041 -0.2215 -0.5517
vn 0.5856 -0.5939 -0.5517
vn 0.8071 0.2102 -0.5517
vn 0.5939 0.5856 -0.5517
vn 0.2215 0.8041 -0.5517
vn -0.2102 0.8071 -0.5517
vn -0.8071 -0.2102 -0.5517
vn -0.5939 -0.5856 -0.5517
vn -0.2215 -0.8041 -0.5517
vn 0.2102 -0.8071 -0.5517
vn -0.3746 -0.3693 -0.8504
vn -0.5831 -0.5750 -0.5738
vn -0.2175 -0.7895 -0.5738
vn -0.1397 -0.5072 -0.8504
vn 0.4099 0.4041 -0.8177
vn 0.1529 0.5549 -0.8177
vn -0.1529 -0.5549 -0.8177
vn 0.1451 -0.5570 -0.8177
vn 0.4041 -0.4099 -0.8177
vn 0.5549 -0.1529 -0.8177
vn -0.5570 -0.1451 -0.8177
vn -0.1451 0.5570 -0.8177
vn 0.5570 0.1451 -0.8177
vn -0.4099 -0.4041 -0.8177
vn 0.9606 0.2502 -0.1207
vn 0.6934 0.1806 -0.6975
vn 0.5102 0.5031 -0.6975
vn 0.7068 0.6970 -0.1207
vn -0.3693 0.3746 -0.8504
vn -0.5750 0.5831 -0.5738
vn -0.7895 0.2175 -0.5738
vn -0.5072 0.1397 -0.8504
vn 0.3746 0.3693 -0.8504
vn 0.5831 0.5750 -0.5738
vn 0.2175 0.7895 -0.5738
vn 0.1397 0.5072 -0.8504
vn 0.2064 -0.7925 -0.5738
vn 0.1326 -0.5091 -0.8504
vn 0.3693 -0.3746 -0.8504
vn 0.5750 -0.5831 -0.5738
vn 0.7895 -0.2175 -0.5738
vn 0.5072 -0.1397 -0.8504
vn -0.7925 -0.2064 -0.5738
vn -0.5091 -0.1326 -0.8504
vn -0.2064 0.7925 -0.5738
vn -0.1326 0.5091 -0.8504
vn 0.7925 0.2064 -0.5738
vn 0.5091 0.1326 -0.8504
vn -0.7068 -0.6970 -0.1207
vn -0.5102 -0.5031 -0.6975
vn -0.1903 -0.6908 -0.6975
vn -0.2636 -0.9570 -0.1207
vn -0.6970 0.7068 -0.1207
vn -0.5031 0.5102 -0.6975
vn -0.6908 0.1903 -0.6975
vn -0.9570 0.2636 -0.1207
vn 0.1903 0.6908 -0.6975
vn 0.2636 0.9570 -0.1207
vn 0.1806 -0.6934 -0.6975
vn 0.2502 -0.9606 -0.1207
vn 0.6970 -0.7068 -0.1207
vn 0.5031 -0.5102 -0.6975
vn 0.6908 -0.1903 -0.6975
vn 0.9570 -0.2636 -0.1207
vn -0.6934 -0.1806 -0.6975
vn -0.9606 -0.2502 -0.1207
vn -0.1806 0.6934 -0.6975
vn -0.2502 0.9606 -0.1207
vn -0.4055 0.4113 0.8163
vn -0.1455 0.5590 0.8163
vn -0.4113 -0.4056 0.8163
vn -0.5590 -0.1455 0.8163
vn 0.5590 0.1455 0.8163
vn 0.5569 -0.1534 0.8163
vn 0.4055 -0.4113 0.8163
vn 0.1455 -0.5590 0.8163
vn 0.1534 0.5569 0.8163
vn -0.5569 0.1534 0.8163
vn -0.1534 -0.5569 0.8163
vn 0.4113 0.4056 0.8163
usemtl None
s 1
f 2340/2539/1315 2341/2540/1316 2232/2541/1317 2233/2542/1318
f 2341/2540/1316 2342/2543/1319 2234/2544/1320 2232/2541/1317
f 2342/2543/1319 2343/2545/1321 2235/2546/1322 2234/2544/1320
f 2343/2545/1321 2344/2547/1323 2236/2548/1324 2235/2546/1322
f 2344/2547/1323 2345/2549/1325 2237/2550/1326 2236/2548/1324
f 2345/2549/1325 2346/2551/1327 2238/2552/1328 2237/2550/1326
f 2346/2551/1327 2347/2553/1329 2239/2554/1330 2238/2552/1328
f 2347/2553/1329 2348/2555/1331 2240/2556/1332 2239/2554/1330
f 2348/2555/1331 2349/2557/1333 2241/2558/1334 2240/2556/1332
f 2349/2557/1333 2350/2559/1335 2242/2560/1336 2241/2558/1334
f 2380/2561/1337 2247/2562/1338 2246/2563/1339 2376/2564/1340
f 2350/2559/1335 2351/2565/1341 2243/2566/1342 2242/2560/1336
f 2351/2565/1341 2340/2567/1315 2233/2568/1318 2243/2566/1342
f 2178/2569/1343 2283/2570/1344 2284/2571/1345 2180/2572/1346
f 2231/2573/1347 2220/2574/1348 2196/2575/1315 2207/2576/1341
f 2230/2577/1349 2231/2573/1347 2207/2576/1341 2206/2578/1335
f 2229/2579/1350 2230/2577/1349 2206/2578/1335 2205/2580/1333
f 2228/2581/1351 2229/2579/1350 2205/2580/1333 2204/2582/1331
f 2227/2583/1352 2228/2581/1351 2204/2582/1331 2203/2584/1329
f 2226/2585/1353 2227/2583/1352 2203/2584/1329 2202/2586/1327
f 2225/2587/1354 2226/2585/1353 2202/2586/1327 2201/2588/1325
f 2224/2589/1355 2225/2587/1354 2201/2588/1325 2200/2590/1323
f 2223/2591/1356 2224/2589/1355 2200/2590/1323 2199/2592/1321
f 2222/2593/1357 2223/2591/1356 2199/2592/1321 2198/2594/1319
f 2221/2595/1358 2222/2593/1357 2198/2594/1319 2197/2596/1316
f 2220/2597/1348 2221/2595/1358 2197/2596/1316 2196/2598/1315
f 2207/2576/1341 2196/2575/1315 2208/2599/1315 2219/2600/1341
f 2206/2578/1335 2207/2576/1341 2219/2600/1341 2218/2601/1335
f 2205/2580/1333 2206/2578/1335 2218/2601/1335 2217/2602/1333
f 2204/2582/1331 2205/2580/1333 2217/2602/1333 2216/2603/1331
f 2203/2584/1329 2204/2582/1331 2216/2603/1331 2215/2604/1329
f 2202/2586/1327 2203/2584/1329 2215/2604/1329 2214/2605/1327
f 2201/2588/1325 2202/2586/1327 2214/2605/1327 2213/2606/1325
f 2200/2590/1323 2201/2588/1325 2213/2606/1325 2212/2607/1323
f 2199/2592/1321 2200/2590/1323 2212/2607/1323 2211/2608/1321
f 2198/2594/1319 2199/2592/1321 2211/2608/1321 2210/2609/1319
f 2197/2596/1316 2198/2594/1319 2210/2609/1319 2209/2610/1316
f 2196/2598/1315 2197/2596/1316 2209/2610/1316 2208/2611/1315
f 2400/2612/1359 2221/2613/1358 2220/2614/1348 2401/2615/1359
f 2402/2616/1359 2222/2617/1357 2221/2613/1358 2400/2612/1359
f 2403/2618/1359 2223/2619/1356 2222/2617/1357 2402/2616/1359
f 2404/2620/1359 2224/2621/1355 2223/2619/1356 2403/2618/1359
f 2405/2622/1359 2225/2623/1354 2224/2621/1355 2404/2620/1359
f 2406/2624/1359 2226/2625/1353 2225/2623/1354 2405/2622/1359
f 2407/2626/1359 2227/2627/1352 2226/2625/1353 2406/2624/1359
f 2408/2628/1359 2228/2629/1351 2227/2627/1352 2407/2626/1359
f 2409/2630/1359 2229/2631/1350 2228/2629/1351 2408/2628/1359
f 2410/2632/1359 2230/2633/1349 2229/2631/1350 2409/2630/1359
f 2411/2634/1359 2231/2635/1347 2230/2633/1349 2410/2632/1359
f 2401/2615/1359 2220/2614/1348 2231/2635/1347 2411/2634/1359
f 2352/2636/1360 2233/2637/1318 2232/2638/1317 2353/2639/1360
f 2353/2639/1360 2232/2638/1317 2234/2640/1320 2354/2641/1360
f 2354/2641/1360 2234/2640/1320 2235/2642/1322 2355/2643/1360
f 2355/2643/1360 2235/2642/1322 2236/2644/1324 2356/2645/1360
f 2356/2645/1360 2236/2644/1324 2237/2646/1326 2357/2647/1360
f 2357/2647/1360 2237/2646/1326 2238/2648/1328 2358/2649/1360
f 2358/2649/1360 2238/2648/1328 2239/2650/1330 2359/2651/1360
f 2359/2651/1360 2239/2650/1330 2240/2652/1332 2360/2653/1360
f 2360/2653/1360 2240/2652/1332 2241/2654/1334 2361/2655/1360
f 2361/2655/1360 2241/2654/1334 2242/2656/1336 2362/2657/1360
f 2362/2657/1360 2242/2656/1336 2243/2658/1342 2363/2659/1360
f 2363/2659/1360 2243/2658/1342 2233/2637/1318 2352/2636/1360
f 2244/2660/1361 2246/2563/1339 2247/2562/1338 2248/2661/1362 2249/2662/1363 2250/2663/1364 2251/2664/1365 2252/2665/1366 2253/2666/1367 2254/2667/1368 2255/2668/1369 2245/2669/1370
f 2381/2670/1371 2254/2667/1368 2253/2666/1367 2377/2671/1372
f 2382/2672/1373 2251/2664/1365 2250/2663/1364 2378/2673/1374
f 2383/2674/1375 2248/2661/1362 2247/2562/1338 2380/2561/1337
f 2384/2675/1376 2255/2668/1369 2254/2667/1368 2381/2670/1371
f 2385/2676/1377 2244/2660/1361 2245/2669/1370 2379/2677/1378
f 2386/2678/1379 2252/2665/1366 2251/2664/1365 2382/2672/1373
f 2387/2679/1380 2249/2662/1363 2248/2661/1362 2383/2674/1375
f 2379/2677/1378 2245/2669/1370 2255/2668/1369 2384/2675/1376
f 2376/2564/1340 2246/2563/1339 2244/2660/1361 2385/2676/1377
f 2377/2671/1372 2253/2666/1367 2252/2665/1366 2386/2678/1379
f 2378/2673/1374 2250/2663/1364 2249/2662/1363 2387/2679/1380
f 2174/2680/1381 2257/2681/1359 2256/2682/1359 2172/2683/1382
f 2176/2684/1383 2258/2685/1359 2257/2681/1359 2174/2680/1381
f 2178/2569/1343 2259/2686/1359 2258/2685/1359 2176/2684/1383
f 2180/2572/1346 2260/2687/1359 2259/2686/1359 2178/2569/1343
f 2182/2688/1384 2261/2689/1359 2260/2687/1359 2180/2572/1346
f 2184/2690/1385 2262/2691/1359 2261/2689/1359 2182/2688/1384
f 2186/2692/1386 2263/2693/1359 2262/2691/1359 2184/2690/1385
f 2188/2694/1387 2264/2695/1359 2263/2693/1359 2186/2692/1386
f 2190/2696/1388 2265/2697/1359 2264/2695/1359 2188/2694/1387
f 2192/2698/1389 2266/2699/1359 2265/2697/1359 2190/2696/1388
f 2194/2700/1390 2267/2701/1359 2266/2699/1359 2192/2698/1389
f 2172/2683/1382 2256/2682/1359 2267/2701/1359 2194/2700/1390
f 2274/2702/1391 2298/2703/1392 2299/2704/1393 2275/2705/1394
f 2192/2698/1389 2290/2706/1395 2291/2707/1396 2194/2700/1390
f 2172/2683/1382 2280/2708/1397 2281/2709/1398 2174/2680/1381
f 2186/2692/1386 2287/2710/1399 2288/2711/1400 2188/2694/1387
f 2180/2572/1346 2284/2571/1345 2285/2712/1401 2182/2688/1384
f 2194/2700/1390 2291/2707/1396 2280/2708/1397 2172/2683/1382
f 2174/2680/1381 2281/2709/1398 2282/2713/1402 2176/2684/1383
f 2188/2694/1387 2288/2711/1400 2289/2714/1403 2190/2696/1388
f 2182/2688/1384 2285/2712/1401 2286/2715/1404 2184/2690/1385
f 2176/2684/1383 2282/2713/1402 2283/2570/1344 2178/2569/1343
f 2190/2696/1388 2289/2714/1403 2290/2706/1395 2192/2698/1389
f 2184/2690/1385 2286/2715/1404 2287/2710/1399 2186/2692/1386
f 2269/2716/1405 2281/2709/1398 2280/2708/1397 2268/2717/1406
f 2270/2718/1407 2282/2713/1402 2281/2709/1398 2269/2716/1405
f 2271/2719/1408 2283/2570/1344 2282/2713/1402 2270/2718/1407
f 2272/2720/1409 2284/2571/1345 2283/2570/1344 2271/2719/1408
f 2273/2721/1410 2285/2712/1401 2284/2571/1345 2272/2720/1409
f 2274/2702/1391 2286/2715/1404 2285/2712/1401 2273/2721/1410
f 2275/2705/1394 2287/2710/1399 2286/2715/1404 2274/2702/1391
f 2276/2722/1411 2288/2711/1400 2287/2710/1399 2275/2705/1394
f 2277/2723/1412 2289/2714/1403 2288/2711/1400 2276/2722/1411
f 2278/2724/1413 2290/2706/1395 2289/2714/1403 2277/2723/1412
f 2279/2725/1414 2291/2707/1396 2290/2706/1395 2278/2724/1413
f 2268/2717/1406 2280/2708/1397 2291/2707/1396 2279/2725/1414
f 2389/2726/1415 2313/2727/1416 2314/2728/1417 2388/2729/1418
f 2271/2719/1408 2295/2730/1419 2296/2731/1420 2272/2720/1409
f 2278/2724/1413 2302/2732/1421 2303/2733/1422 2279/2725/1414
f 2268/2717/1406 2292/2734/1423 2293/2735/1424 2269/2716/1405
f 2275/2705/1394 2299/2704/1393 2300/2736/1425 2276/2722/1411
f 2272/2720/1409 2296/2731/1420 2297/2737/1426 2273/2721/1410
f 2279/2725/1414 2303/2733/1422 2292/2734/1423 2268/2717/1406
f 2269/2716/1405 2293/2735/1424 2294/2738/1427 2270/2718/1407
f 2276/2722/1411 2300/2736/1425 2301/2739/1428 2277/2723/1412
f 2273/2721/1410 2297/2737/1426 2298/2703/1392 2274/2702/1391
f 2270/2718/1407 2294/2738/1427 2295/2730/1419 2271/2719/1408
f 2277/2723/1412 2301/2739/1428 2302/2732/1421 2278/2724/1413
f 2413/2740/1429 2426/2741/1430 2427/2742/1431 2412/2743/1432
f 2391/2744/1433 2310/2745/1434 2311/2746/1435 2390/2747/1436
f 2393/2748/1437 2307/2749/1438 2308/2750/1439 2392/2751/1440
f 2388/2729/1418 2314/2728/1417 2315/2752/1441 2394/2753/1442
f 2396/2754/1443 2304/2755/1444 2305/2756/1445 2395/2757/1446
f 2390/2747/1436 2311/2746/1435 2312/2758/1447 2397/2759/1448
f 2392/2751/1440 2308/2750/1439 2309/2760/1449 2398/2761/1450
f 2394/2753/1442 2315/2752/1441 2304/2755/1444 2396/2754/1443
f 2395/2757/1446 2305/2756/1445 2306/2762/1451 2399/2763/1452
f 2397/2759/1448 2312/2758/1447 2313/2727/1416 2389/2726/1415
f 2398/2761/1450 2309/2760/1449 2310/2745/1434 2391/2744/1433
f 2399/2763/1452 2306/2762/1451 2307/2749/1438 2393/2748/1437
f 2316/2764/1359 2327/2765/1359 2326/2766/1359 2325/2767/1359 2324/2768/1359 2323/2769/1359 2322/2770/1359 2321/2771/1359 2320/2772/1359 2319/2773/1359 2318/2774/1359 2317/2775/1359
f 2415/2776/1453 2433/2777/1454 2434/2778/1455 2414/2779/1456
f 2417/2780/1457 2430/2781/1458 2431/2782/1459 2416/2783/1460
f 2412/2743/1432 2427/2742/1431 2428/2784/1461 2418/2785/1462
f 2414/2779/1456 2434/2778/1455 2435/2786/1463 2419/2787/1464
f 2421/2788/1465 2424/2789/1466 2425/2790/1467 2420/2791/1468
f 2416/2783/1460 2431/2782/1459 2432/2792/1469 2422/2793/1470
f 2418/2785/1462 2428/2784/1461 2429/2794/1471 2423/2795/1472
f 2419/2787/1464 2435/2786/1463 2424/2789/1466 2421/2788/1465
f 2420/2791/1468 2425/2790/1467 2426/2741/1430 2413/2740/1429
f 2422/2793/1470 2432/2792/1469 2433/2777/1454 2415/2776/1453
f 2423/2795/1472 2429/2794/1471 2430/2781/1458 2417/2780/1457
f 2185/2796/1473 2332/2797/1374 2339/2798/1380 2183/2799/1474
f 2191/2800/1475 2330/2801/1372 2338/2802/1379 2189/2803/1476
f 2177/2804/1477 2328/2805/1340 2337/2806/1377 2175/2807/1478
f 2173/2808/1479 2336/2809/1378 2335/2810/1376 2195/2811/1480
f 2183/2799/1474 2339/2798/1380 2334/2812/1375 2181/2813/1481
f 2189/2803/1476 2338/2802/1379 2333/2814/1373 2187/2815/1482
f 2175/2807/1478 2337/2806/1377 2336/2809/1378 2173/2808/1479
f 2195/2811/1480 2335/2810/1376 2331/2816/1371 2193/2817/1483
f 2181/2813/1481 2334/2812/1375 2329/2818/1337 2179/2819/1484
f 2187/2815/1482 2333/2814/1373 2332/2797/1374 2185/2796/1473
f 2193/2817/1483 2331/2816/1371 2330/2801/1372 2191/2800/1475
f 2179/2819/1484 2329/2818/1337 2328/2805/1340 2177/2804/1477
f 2219/2600/1341 2208/2599/1315 2340/2567/1315 2351/2565/1341
f 2218/2601/1335 2219/2600/1341 2351/2565/1341 2350/2559/1335
f 2217/2602/1333 2218/2601/1335 2350/2559/1335 2349/2557/1333
f 2216/2603/1331 2217/2602/1333 2349/2557/1333 2348/2555/1331
f 2215/2604/1329 2216/2603/1331 2348/2555/1331 2347/2553/1329
f 2214/2605/1327 2215/2604/1329 2347/2553/1329 2346/2551/1327
f 2213/2606/1325 2214/2605/1327 2346/2551/1327 2345/2549/1325
f 2212/2607/1323 2213/2606/1325 2345/2549/1325 2344/2547/1323
f 2211/2608/1321 2212/2607/1323 2344/2547/1323 2343/2545/1321
f 2210/2609/1319 2211/2608/1321 2343/2545/1321 2342/2543/1319
f 2209/2610/1316 2210/2609/1319 2342/2543/1319 2341/2540/1316
f 2208/2611/1315 2209/2610/1316 2341/2540/1316 2340/2539/1315
f 2375/2820/1360 2363/2659/1360 2352/2636/1360 2364/2821/1360
f 2374/2822/1360 2362/2657/1360 2363/2659/1360 2375/2820/1360
f 2373/2823/1360 2361/2655/1360 2362/2657/1360 2374/2822/1360
f 2372/2824/1360 2360/2653/1360 2361/2655/1360 2373/2823/1360
f 2371/2825/1360 2359/2651/1360 2360/2653/1360 2372/2824/1360
f 2370/2826/1360 2358/2649/1360 2359/2651/1360 2371/2825/1360
f 2369/2827/1360 2357/2647/1360 2358/2649/1360 2370/2826/1360
f 2368/2828/1360 2356/2645/1360 2357/2647/1360 2369/2827/1360
f 2367/2829/1360 2355/2643/1360 2356/2645/1360 2368/2828/1360
f 2366/2830/1360 2354/2641/1360 2355/2643/1360 2367/2829/1360
f 2365/2831/1360 2353/2639/1360 2354/2641/1360 2366/2830/1360
f 2364/2821/1360 2352/2636/1360 2353/2639/1360 2365/2831/1360
f 2173/2808/1479 2364/2821/1360 2365/2831/1360 2175/2807/1478
f 2175/2807/1478 2365/2831/1360 2366/2830/1360 2177/2804/1477
f 2177/2804/1477 2366/2830/1360 2367/2829/1360 2179/2819/1484
f 2179/2819/1484 2367/2829/1360 2368/2828/1360 2181/2813/1481
f 2181/2813/1481 2368/2828/1360 2369/2827/1360 2183/2799/1474
f 2183/2799/1474 2369/2827/1360 2370/2826/1360 2185/2796/1473
f 2185/2796/1473 2370/2826/1360 2371/2825/1360 2187/2815/1482
f 2187/2815/1482 2371/2825/1360 2372/2824/1360 2189/2803/1476
f 2189/2803/1476 2372/2824/1360 2373/2823/1360 2191/2800/1475
f 2191/2800/1475 2373/2823/1360 2374/2822/1360 2193/2817/1483
f 2193/2817/1483 2374/2822/1360 2375/2820/1360 2195/2811/1480
f 2195/2811/1480 2375/2820/1360 2364/2821/1360 2173/2808/1479
f 2332/2797/1374 2378/2673/1374 2387/2679/1380 2339/2798/1380
f 2330/2801/1372 2377/2671/1372 2386/2678/1379 2338/2802/1379
f 2328/2805/1340 2376/2564/1340 2385/2676/1377 2337/2806/1377
f 2336/2809/1378 2379/2677/1378 2384/2675/1376 2335/2810/1376
f 2339/2798/1380 2387/2679/1380 2383/2674/1375 2334/2812/1375
f 2338/2802/1379 2386/2678/1379 2382/2672/1373 2333/2814/1373
f 2337/2806/1377 2385/2676/1377 2379/2677/1378 2336/2809/1378
f 2335/2810/1376 2384/2675/1376 2381/2670/1371 2331/2816/1371
f 2334/2812/1375 2383/2674/1375 2380/2561/1337 2329/2818/1337
f 2333/2814/1373 2382/2672/1373 2378/2673/1374 2332/2797/1374
f 2331/2816/1371 2381/2670/1371 2377/2671/1372 2330/2801/1372
f 2329/2818/1337 2380/2561/1337 2376/2564/1340 2328/2805/1340
f 2294/2738/1427 2399/2763/1452 2393/2748/1437 2295/2730/1419
f 2297/2737/1426 2398/2761/1450 2391/2744/1433 2298/2703/1392
f 2300/2736/1425 2397/2759/1448 2389/2726/1415 2301/2739/1428
f 2293/2735/1424 2395/2757/1446 2399/2763/1452 2294/2738/1427
f 2303/2733/1422 2394/2753/1442 2396/2754/1443 2292/2734/1423
f 2296/2731/1420 2392/2751/1440 2398/2761/1450 2297/2737/1426
f 2299/2704/1393 2390/2747/1436 2397/2759/1448 2300/2736/1425
f 2292/2734/1423 2396/2754/1443 2395/2757/1446 2293/2735/1424
f 2302/2732/1421 2388/2729/1418 2394/2753/1442 2303/2733/1422
f 2295/2730/1419 2393/2748/1437 2392/2751/1440 2296/2731/1420
f 2298/2703/1392 2391/2744/1433 2390/2747/1436 2299/2704/1393
f 2301/2739/1428 2389/2726/1415 2388/2729/1418 2302/2732/1421
f 2256/2682/1359 2401/2615/1359 2411/2634/1359 2267/2701/1359
f 2267/2701/1359 2411/2634/1359 2410/2632/1359 2266/2699/1359
f 2266/2699/1359 2410/2632/1359 2409/2630/1359 2265/2697/1359
f 2265/2697/1359 2409/2630/1359 2408/2628/1359 2264/2695/1359
f 2264/2695/1359 2408/2628/1359 2407/2626/1359 2263/2693/1359
f 2263/2693/1359 2407/2626/1359 2406/2624/1359 2262/2691/1359
f 2262/2691/1359 2406/2624/1359 2405/2622/1359 2261/2689/1359
f 2261/2689/1359 2405/2622/1359 2404/2620/1359 2260/2687/1359
f 2260/2687/1359 2404/2620/1359 2403/2618/1359 2259/2686/1359
f 2259/2686/1359 2403/2618/1359 2402/2616/1359 2258/2685/1359
f 2258/2685/1359 2402/2616/1359 2400/2612/1359 2257/2681/1359
f 2257/2681/1359 2400/2612/1359 2401/2615/1359 2256/2682/1359
f 2309/2760/1449 2423/2795/1472 2417/2780/1457 2310/2745/1434
f 2312/2758/1447 2422/2793/1470 2415/2776/1453 2313/2727/1416
f 2305/2756/1445 2420/2791/1468 2413/2740/1429 2306/2762/1451
f 2315/2752/1441 2419/2787/1464 2421/2788/1465 2304/2755/1444
f 2308/2750/1439 2418/2785/1462 2423/2795/1472 2309/2760/1449
f 2311/2746/1435 2416/2783/1460 2422/2793/1470 2312/2758/1447
f 2304/2755/1444 2421/2788/1465 2420/2791/1468 2305/2756/1445
f 2314/2728/1417 2414/2779/1456 2419/2787/1464 2315/2752/1441
f 2307/2749/1438 2412/2743/1432 2418/2785/1462 2308/2750/1439
f 2310/2745/1434 2417/2780/1457 2416/2783/1460 2311/2746/1435
f 2313/2727/1416 2415/2776/1453 2414/2779/1456 2314/2728/1417
f 2306/2762/1451 2413/2740/1429 2412/2743/1432 2307/2749/1438
f 2317/2775/1359 2425/2790/1467 2424/2789/1466 2316/2764/1359
f 2318/2774/1359 2426/2741/1430 2425/2790/1467 2317/2775/1359
f 2319/2773/1359 2427/2742/1431 2426/2741/1430 2318/2774/1359
f 2320/2772/1359 2428/2784/1461 2427/2742/1431 2319/2773/1359
f 2321/2771/1359 2429/2794/1471 2428/2784/1461 2320/2772/1359
f 2322/2770/1359 2430/2781/1458 2429/2794/1471 2321/2771/1359
f 2323/2769/1359 2431/2782/1459 2430/2781/1458 2322/2770/1359
f 2324/2768/1359 2432/2792/1469 2431/2782/1459 2323/2769/1359
f 2325/2767/1359 2433/2777/1454 2432/2792/1469 2324/2768/1359
f 2326/2766/1359 2434/2778/1455 2433/2777/1454 2325/2767/1359
f 2327/2765/1359 2435/2786/1463 2434/2778/1455 2326/2766/1359
f 2316/2764/1359 2424/2789/1466 2435/2786/1463 2327/2765/1359
