# Blender v2.82 (sub 7) OBJ File: 'AlienStarfighter.blend'
# www.blender.org
mtllib AlienStarfighter18.mtl
o Cylinder.003_Cylinder.005
v -1.479440 -0.337751 -3.979029
v -1.479440 0.039658 -1.208871
v -1.479440 -0.614248 -2.907191
v -1.479440 -0.715452 -1.443032
v -1.479440 -0.614248 0.021127
v -1.479440 -0.247080 1.089074
v -1.479440 0.040085 1.364784
v -1.479440 0.266715 1.206892
v -1.479440 0.694931 0.009777
v -1.479440 0.795351 -1.443030
v -1.479440 0.694147 -2.907189
v -1.479440 0.417651 -3.979028
v -1.720741 0.039616 -1.183566
v -1.720741 -0.334385 -3.956425
v -1.720741 -0.608417 -2.894140
v -1.720741 -0.708719 -1.443032
v -1.720741 -0.608417 0.008077
v -1.720741 -0.243904 1.065734
v -1.720741 0.040111 1.339151
v -1.720741 0.264110 1.183091
v -1.720741 0.689248 -0.005420
v -1.720741 0.788618 -1.443030
v -1.720741 0.688316 -2.894139
v -1.720741 0.414284 -3.956424
v -1.720741 0.351624 -4.096550
v -1.479440 0.342993 -4.129537
v -1.720741 -0.271425 -4.096892
v -1.479440 -0.262862 -4.129825
v -1.720741 0.365608 -1.262291
v -1.479440 0.357024 -1.285513
v -1.479440 -0.271051 -1.293297
v -1.720741 -0.279585 -1.270299
v -1.577741 -0.370324 -4.197733
v -1.577741 -0.670666 -3.033459
v -1.577741 -0.780598 -1.443032
v -1.577741 -0.670666 0.147396
v -1.577741 -0.277664 1.313780
v -1.577741 0.039835 1.614849
v -1.577741 0.292031 1.438166
v -1.577741 0.749297 0.155169
v -1.577741 0.860497 -1.443030
v -1.577741 0.750565 -3.033458
v -1.577741 0.450224 -4.197732
v -1.577741 0.040079 -1.457198
v -1.577741 0.273714 -4.394300
v -1.577741 -0.194037 -4.394514
v -1.577741 0.283172 -1.485317
v -1.577741 -0.197404 -1.491746
v -1.631820 -0.370324 -4.197733
v -1.631820 -0.670666 -3.033459
v -1.631820 -0.780598 -1.443032
v -1.631820 -0.670666 0.147396
v -1.631820 -0.277664 1.313780
v -1.631820 0.039835 1.614849
v -1.631820 0.292031 1.438166
v -1.631820 0.749297 0.155169
v -1.631820 0.860497 -1.443030
v -1.631820 0.750565 -3.033458
v -1.631820 0.450224 -4.197732
v -1.631820 0.273714 -4.394300
v -1.631820 -0.194037 -4.394514
v -1.631820 0.283172 -1.485317
v -1.631820 -0.197404 -1.491746
v -1.631820 0.040079 -1.457198
v -1.720741 -0.217586 -4.303946
v -1.720741 -0.355551 -4.098542
v -1.720741 -0.645078 -2.976191
v -1.720741 -0.751052 -1.443032
v -1.720741 -0.645078 0.090128
v -1.720741 -0.263876 1.212478
v -1.720741 0.039949 1.500314
v -1.720741 0.280490 1.332730
v -1.720741 0.724977 0.090129
v -1.720741 0.830951 -1.443030
v -1.720741 0.724977 -2.976190
v -1.720741 0.435451 -4.098541
v -1.720741 0.311643 -1.408291
v -1.720741 0.039885 -1.342663
v -1.720741 0.297356 -4.303946
v -1.720741 -0.225927 -1.414889
v -1.479440 -0.225927 -1.414889
v -1.479440 0.039885 -1.342663
v -1.479440 -0.645078 -2.976191
v -1.479440 -0.355551 -4.098542
v -1.479440 -0.751052 -1.443032
v -1.479440 -0.645078 0.090128
v -1.479440 -0.263876 1.212478
v -1.479440 0.039949 1.500314
v -1.479440 0.280490 1.332730
v -1.479440 0.724977 0.090129
v -1.479440 0.830951 -1.443030
v -1.479440 0.724977 -2.976190
v -1.479440 0.435451 -4.098541
v -1.479440 0.297356 -4.303946
v -1.479440 0.311643 -1.408291
v -1.479440 -0.217586 -4.303946
v -1.528590 0.039885 -1.342663
v -1.528590 -0.355551 -4.098542
v -1.528590 -0.645078 -2.976191
v -1.528590 -0.751052 -1.443032
v -1.528590 -0.645078 0.090128
v -1.528590 -0.263876 1.212478
v -1.528590 0.039949 1.500314
v -1.528590 0.280490 1.332730
v -1.528590 0.724977 0.090129
v -1.528590 0.830951 -1.443030
v -1.528590 0.724977 -2.976190
v -1.528590 0.435451 -4.098541
v -1.528590 0.297356 -4.303946
v -1.528590 -0.217586 -4.303946
v -1.528590 0.311643 -1.408291
v -1.528590 -0.225927 -1.414889
v -1.676280 -0.355551 -4.098542
v -1.676280 -0.645078 -2.976191
v -1.676280 -0.751052 -1.443032
v -1.676280 -0.645078 0.090128
v -1.676280 -0.263876 1.212478
v -1.676280 0.039949 1.500314
v -1.676280 0.280490 1.332730
v -1.676280 0.724977 0.090129
v -1.676280 0.830951 -1.443030
v -1.676280 0.724977 -2.976190
v -1.676280 0.435451 -4.098541
v -1.676280 0.297356 -4.303946
v -1.676280 -0.217586 -4.303946
v -1.676280 0.311643 -1.408291
v -1.676280 -0.225927 -1.414889
v -1.676280 0.039885 -1.342663
v -1.479440 0.311666 -4.292530
v -1.720741 0.311666 -4.292530
v -1.577741 0.321623 -4.403163
v -1.631820 0.321623 -4.403163
v -1.720741 0.361386 -4.088761
v -1.479440 0.353478 -4.121171
v -1.528590 0.311666 -4.292530
v -1.676280 0.311666 -4.292530
v -1.720741 -0.236265 -4.289045
v -1.479440 -0.236265 -4.289045
v -1.577741 -0.246222 -4.399678
v -1.631820 -0.246222 -4.399678
v -1.720741 -0.284199 -4.086702
v -1.479440 -0.276575 -4.118885
v -1.528590 -0.236265 -4.289045
v -1.676280 -0.236265 -4.289045
v -1.707280 -0.355551 -4.098542
v -1.707280 -0.645078 -2.976191
v -1.707280 -0.751052 -1.443032
v -1.707280 -0.645078 0.090128
v -1.707280 -0.263876 1.212478
v -1.707280 0.039949 1.500314
v -1.707280 0.280490 1.332730
v -1.707280 0.724977 0.090129
v -1.707280 0.830951 -1.443030
v -1.707280 0.724977 -2.976190
v -1.707280 0.435451 -4.098541
v -1.707280 0.297356 -4.303946
v -1.707280 -0.217586 -4.303946
v -1.707280 0.311643 -1.408291
v -1.707280 -0.225927 -1.414889
v -1.707280 0.311666 -4.292530
v -1.707280 -0.236265 -4.289045
v -1.707280 0.039885 -1.342663
v -1.488376 0.039885 -1.342663
v -1.488376 -0.355551 -4.098542
v -1.488376 -0.645078 -2.976191
v -1.488376 -0.751052 -1.443032
v -1.488376 -0.645078 0.090128
v -1.488376 -0.263876 1.212478
v -1.488376 0.039949 1.500314
v -1.488376 0.280490 1.332730
v -1.488376 0.724977 0.090129
v -1.488376 0.830951 -1.443030
v -1.488376 0.724977 -2.976190
v -1.488376 0.435451 -4.098541
v -1.488376 0.297356 -4.303946
v -1.488376 -0.217586 -4.303946
v -1.488376 0.311643 -1.408291
v -1.488376 -0.225927 -1.414889
v -1.488376 0.311666 -4.292530
v -1.488376 -0.236265 -4.289045
v -1.533428 -0.357005 -4.108305
v -1.533428 -0.647596 -2.981828
v -1.533428 -0.753960 -1.443032
v -1.533428 -0.647596 0.095765
v -1.533428 -0.265233 1.222450
v -1.533428 0.039938 1.511588
v -1.533428 0.281626 1.343108
v -1.533428 0.727370 0.096531
v -1.533428 0.833859 -1.443030
v -1.533428 0.727496 -2.981827
v -1.533428 0.436905 -4.108305
v -1.533428 0.295029 -4.312840
v -1.533428 -0.215268 -4.312861
v -1.533428 0.308840 -1.415872
v -1.533428 -0.223119 -1.422454
v -1.533428 0.039904 -1.353937
v -1.533428 0.312646 -4.303420
v -1.533428 -0.237245 -4.299934
v -1.671671 0.039905 -1.354537
v -1.671671 -0.357083 -4.108825
v -1.671671 -0.647730 -2.982128
v -1.671671 -0.754115 -1.443032
v -1.671671 -0.647730 0.096065
v -1.671671 -0.265305 1.222980
v -1.671671 0.039937 1.512188
v -1.671671 0.281686 1.343661
v -1.671671 0.727498 0.096872
v -1.671671 0.834014 -1.443030
v -1.671671 0.727630 -2.982127
v -1.671671 0.436982 -4.108824
v -1.671671 0.294905 -4.313313
v -1.671671 -0.215145 -4.313335
v -1.671671 0.308691 -1.416276
v -1.671671 -0.222970 -1.422857
v -1.671671 0.312698 -4.303999
v -1.671671 -0.237298 -4.300514
v -1.679419 0.039885 -1.342663
v -1.679419 -0.355551 -4.098542
v -1.679419 -0.645078 -2.976191
v -1.679419 -0.751052 -1.443032
v -1.679419 -0.645078 0.090128
v -1.679419 -0.263876 1.212478
v -1.679419 0.039949 1.500314
v -1.679419 0.280490 1.332730
v -1.679419 0.724977 0.090129
v -1.679419 0.830951 -1.443030
v -1.679419 0.724977 -2.976190
v -1.679419 0.435451 -4.098541
v -1.679419 0.297356 -4.303946
v -1.679419 -0.217586 -4.303946
v -1.679419 0.311643 -1.408291
v -1.679419 -0.225927 -1.414889
v -1.679419 0.311666 -4.292530
v -1.679419 -0.236265 -4.289045
v -1.525377 -0.355551 -4.098542
v -1.525377 -0.645078 -2.976191
v -1.525377 -0.751052 -1.443032
v -1.525377 -0.645078 0.090128
v -1.525377 -0.263876 1.212478
v -1.525377 0.039949 1.500314
v -1.525378 0.280490 1.332730
v -1.525378 0.724977 0.090129
v -1.525378 0.830951 -1.443030
v -1.525378 0.724977 -2.976190
v -1.525378 0.435451 -4.098541
v -1.525377 0.297356 -4.303946
v -1.525377 -0.217586 -4.303946
v -1.525377 0.311643 -1.408291
v -1.525377 -0.225927 -1.414889
v -1.525377 0.311666 -4.292530
v -1.525377 -0.236265 -4.289045
v -1.525377 0.039885 -1.342663
v 1.479440 -0.337751 -3.979029
v 1.479440 0.039658 -1.208871
v 1.479440 -0.614248 -2.907191
v 1.479440 -0.715452 -1.443032
v 1.479440 -0.614248 0.021127
v 1.479440 -0.247080 1.089074
v 1.479440 0.040085 1.364784
v 1.479440 0.266715 1.206892
v 1.479440 0.694931 0.009777
v 1.479440 0.795351 -1.443030
v 1.479440 0.694147 -2.907189
v 1.479440 0.417651 -3.979028
v 1.720741 0.039616 -1.183566
v 1.720741 -0.334385 -3.956425
v 1.720741 -0.608417 -2.894140
v 1.720740 -0.708719 -1.443032
v 1.720741 -0.608417 0.008077
v 1.720741 -0.243904 1.065734
v 1.720741 0.040111 1.339151
v 1.720741 0.264110 1.183091
v 1.720741 0.689248 -0.005420
v 1.720741 0.788618 -1.443030
v 1.720741 0.688316 -2.894139
v 1.720741 0.414284 -3.956424
v 1.720741 0.351624 -4.096550
v 1.479440 0.342993 -4.129537
v 1.720741 -0.271425 -4.096892
v 1.479440 -0.262862 -4.129825
v 1.720741 0.365608 -1.262291
v 1.479440 0.357024 -1.285513
v 1.479440 -0.271050 -1.293297
v 1.720741 -0.279585 -1.270299
v 1.577741 -0.370324 -4.197733
v 1.577741 -0.670666 -3.033459
v 1.577741 -0.780598 -1.443032
v 1.577741 -0.670666 0.147396
v 1.577741 -0.277664 1.313780
v 1.577741 0.039835 1.614849
v 1.577741 0.292031 1.438166
v 1.577741 0.749297 0.155169
v 1.577741 0.860497 -1.443030
v 1.577741 0.750565 -3.033458
v 1.577741 0.450224 -4.197732
v 1.577741 0.040079 -1.457198
v 1.577741 0.273714 -4.394300
v 1.577741 -0.194037 -4.394514
v 1.577741 0.283172 -1.485317
v 1.577741 -0.197404 -1.491746
v 1.631820 -0.370324 -4.197733
v 1.631820 -0.670666 -3.033459
v 1.631820 -0.780598 -1.443032
v 1.631820 -0.670666 0.147396
v 1.631820 -0.277664 1.313780
v 1.631820 0.039835 1.614849
v 1.631820 0.292031 1.438166
v 1.631820 0.749297 0.155169
v 1.631820 0.860497 -1.443030
v 1.631820 0.750565 -3.033458
v 1.631820 0.450224 -4.197732
v 1.631820 0.273714 -4.394300
v 1.631820 -0.194037 -4.394514
v 1.631820 0.283172 -1.485317
v 1.631820 -0.197404 -1.491746
v 1.631820 0.040079 -1.457198
v 1.720741 -0.217586 -4.303946
v 1.720741 -0.355551 -4.098542
v 1.720741 -0.645078 -2.976191
v 1.720740 -0.751052 -1.443032
v 1.720741 -0.645078 0.090128
v 1.720741 -0.263876 1.212478
v 1.720741 0.039949 1.500314
v 1.720741 0.280490 1.332730
v 1.720741 0.724977 0.090129
v 1.720741 0.830951 -1.443030
v 1.720741 0.724977 -2.976190
v 1.720741 0.435451 -4.098541
v 1.720741 0.311643 -1.408291
v 1.720741 0.039885 -1.342663
v 1.720741 0.297356 -4.303946
v 1.720741 -0.225927 -1.414889
v 1.479440 -0.225927 -1.414889
v 1.479440 0.039885 -1.342663
v 1.479440 -0.645078 -2.976191
v 1.479440 -0.355551 -4.098542
v 1.479440 -0.751052 -1.443032
v 1.479440 -0.645078 0.090128
v 1.479440 -0.263876 1.212478
v 1.479440 0.039949 1.500314
v 1.479440 0.280490 1.332730
v 1.479440 0.724977 0.090129
v 1.479440 0.830951 -1.443030
v 1.479440 0.724977 -2.976190
v 1.479440 0.435451 -4.098541
v 1.479440 0.297356 -4.303946
v 1.479440 0.311643 -1.408291
v 1.479440 -0.217586 -4.303946
v 1.528590 0.039885 -1.342663
v 1.528590 -0.355551 -4.098542
v 1.528590 -0.645078 -2.976191
v 1.528590 -0.751052 -1.443032
v 1.528590 -0.645078 0.090128
v 1.528590 -0.263876 1.212478
v 1.528590 0.039949 1.500314
v 1.528590 0.280490 1.332730
v 1.528590 0.724977 0.090129
v 1.528590 0.830951 -1.443030
v 1.528590 0.724977 -2.976190
v 1.528590 0.435451 -4.098541
v 1.528590 0.297356 -4.303946
v 1.528590 -0.217586 -4.303946
v 1.528590 0.311643 -1.408291
v 1.528590 -0.225927 -1.414889
v 1.676280 -0.355551 -4.098542
v 1.676280 -0.645078 -2.976191
v 1.676280 -0.751052 -1.443032
v 1.676280 -0.645078 0.090128
v 1.676280 -0.263876 1.212478
v 1.676280 0.039949 1.500314
v 1.676280 0.280490 1.332730
v 1.676280 0.724977 0.090129
v 1.676280 0.830951 -1.443030
v 1.676280 0.724977 -2.976190
v 1.676280 0.435451 -4.098541
v 1.676280 0.297356 -4.303946
v 1.676280 -0.217586 -4.303946
v 1.676280 0.311643 -1.408291
v 1.676280 -0.225927 -1.414889
v 1.676280 0.039885 -1.342663
v 1.479440 0.311666 -4.292530
v 1.720741 0.311666 -4.292530
v 1.577741 0.321623 -4.403163
v 1.631820 0.321623 -4.403163
v 1.720741 0.361386 -4.088761
v 1.479440 0.353478 -4.121171
v 1.528590 0.311666 -4.292530
v 1.676280 0.311666 -4.292530
v 1.720741 -0.236265 -4.289045
v 1.479440 -0.236265 -4.289045
v 1.577741 -0.246222 -4.399678
v 1.631820 -0.246222 -4.399678
v 1.720741 -0.284199 -4.086702
v 1.479440 -0.276575 -4.118885
v 1.528590 -0.236265 -4.289045
v 1.676280 -0.236265 -4.289045
v 1.707280 -0.355551 -4.098542
v 1.707280 -0.645078 -2.976191
v 1.707280 -0.751052 -1.443032
v 1.707280 -0.645078 0.090128
v 1.707280 -0.263876 1.212478
v 1.707281 0.039949 1.500314
v 1.707281 0.280490 1.332730
v 1.707281 0.724977 0.090129
v 1.707281 0.830951 -1.443030
v 1.707281 0.724977 -2.976190
v 1.707281 0.435451 -4.098541
v 1.707281 0.297356 -4.303946
v 1.707280 -0.217586 -4.303946
v 1.707281 0.311643 -1.408291
v 1.707280 -0.225927 -1.414889
v 1.707281 0.311666 -4.292530
v 1.707280 -0.236265 -4.289045
v 1.707281 0.039885 -1.342663
v 1.488376 0.039885 -1.342663
v 1.488376 -0.355551 -4.098542
v 1.488376 -0.645078 -2.976191
v 1.488376 -0.751052 -1.443032
v 1.488376 -0.645078 0.090128
v 1.488376 -0.263876 1.212478
v 1.488376 0.039949 1.500314
v 1.488376 0.280490 1.332730
v 1.488376 0.724977 0.090129
v 1.488376 0.830951 -1.443030
v 1.488376 0.724977 -2.976190
v 1.488376 0.435451 -4.098541
v 1.488376 0.297356 -4.303946
v 1.488376 -0.217586 -4.303946
v 1.488376 0.311643 -1.408291
v 1.488376 -0.225927 -1.414889
v 1.488376 0.311666 -4.292530
v 1.488376 -0.236265 -4.289045
v 1.533428 -0.357005 -4.108305
v 1.533428 -0.647596 -2.981828
v 1.533428 -0.753960 -1.443032
v 1.533428 -0.647596 0.095765
v 1.533428 -0.265233 1.222450
v 1.533428 0.039938 1.511588
v 1.533428 0.281626 1.343108
v 1.533429 0.727370 0.096531
v 1.533429 0.833859 -1.443030
v 1.533429 0.727496 -2.981827
v 1.533428 0.436905 -4.108305
v 1.533428 0.295029 -4.312840
v 1.533428 -0.215268 -4.312861
v 1.533428 0.308840 -1.415872
v 1.533428 -0.223119 -1.422454
v 1.533428 0.039904 -1.353937
v 1.533428 0.312646 -4.303420
v 1.533428 -0.237245 -4.299934
v 1.671671 0.039905 -1.354537
v 1.671671 -0.357083 -4.108825
v 1.671671 -0.647730 -2.982128
v 1.671671 -0.754115 -1.443032
v 1.671671 -0.647730 0.096065
v 1.671671 -0.265305 1.222980
v 1.671671 0.039937 1.512188
v 1.671671 0.281686 1.343661
v 1.671671 0.727498 0.096872
v 1.671671 0.834014 -1.443030
v 1.671671 0.727630 -2.982127
v 1.671671 0.436982 -4.108824
v 1.671671 0.294905 -4.313313
v 1.671671 -0.215145 -4.313335
v 1.671671 0.308691 -1.416276
v 1.671671 -0.222970 -1.422857
v 1.671671 0.312698 -4.303999
v 1.671671 -0.237298 -4.300514
v 1.679419 0.039885 -1.342663
v 1.679419 -0.355551 -4.098542
v 1.679419 -0.645078 -2.976191
v 1.679419 -0.751052 -1.443032
v 1.679419 -0.645078 0.090128
v 1.679419 -0.263876 1.212478
v 1.679419 0.039949 1.500314
v 1.679419 0.280490 1.332730
v 1.679419 0.724977 0.090129
v 1.679419 0.830951 -1.443030
v 1.679419 0.724977 -2.976190
v 1.679419 0.435451 -4.098541
v 1.679419 0.297356 -4.303946
v 1.679419 -0.217586 -4.303946
v 1.679419 0.311643 -1.408291
v 1.679419 -0.225927 -1.414889
v 1.679419 0.311666 -4.292530
v 1.679419 -0.236265 -4.289045
v 1.525377 -0.355551 -4.098542
v 1.525377 -0.645078 -2.976191
v 1.525377 -0.751052 -1.443032
v 1.525377 -0.645078 0.090128
v 1.525377 -0.263876 1.212478
v 1.525377 0.039949 1.500314
v 1.525377 0.280490 1.332730
v 1.525377 0.724977 0.090129
v 1.525377 0.830951 -1.443030
v 1.525377 0.724977 -2.976190
v 1.525377 0.435451 -4.098541
v 1.525377 0.297356 -4.303946
v 1.525377 -0.217586 -4.303946
v 1.525377 0.311643 -1.408291
v 1.525377 -0.225927 -1.414889
v 1.525377 0.311666 -4.292530
v 1.525377 -0.236265 -4.289045
v 1.525377 0.039885 -1.342663
vt 0.041667 0.601677
vt 0.041667 0.684253
vt 0.039431 0.684253
vt 0.039431 0.601677
vt 0.916667 0.981483
vt 0.916667 1.000000
vt 0.833333 1.000000
vt 0.833333 0.981483
vt 0.750000 1.000000
vt 0.750000 0.981483
vt 0.666667 1.000000
vt 0.666667 0.981483
vt 0.583333 1.000000
vt 0.583333 0.981483
vt 0.500000 1.000000
vt 0.500000 0.981483
vt 0.416667 1.000000
vt 0.416667 0.981483
vt 0.333333 1.000000
vt 0.333333 0.981483
vt 0.250000 1.000000
vt 0.250000 0.981483
vt 0.166667 1.000000
vt 0.166667 0.981483
vt 0.083333 1.000000
vt 0.083333 0.981483
vt 0.364299 0.449914
vt 0.323366 0.464412
vt 0.320164 0.465546
vt 0.316430 0.391779
vt 0.249302 0.449847
vt 0.178907 0.389781
vt 0.179568 0.465520
vt 0.177118 0.464652
vt 0.135476 0.449913
vt 0.051517 0.366156
vt 0.020703 0.251694
vt 0.049813 0.138207
vt 0.140776 0.051947
vt 0.246583 0.024725
vt 0.364620 0.053128
vt 0.448249 0.137109
vt 0.478949 0.251666
vt 0.448217 0.366145
vt 0.749159 0.441964
vt 0.818591 0.379568
vt 0.822088 0.463860
vt 0.825072 0.462751
vt 0.863218 0.448578
vt 0.946394 0.365465
vt 0.976857 0.252012
vt 0.946432 0.138476
vt 0.863596 0.055233
vt 0.746031 0.027483
vt 0.642714 0.053858
vt 0.551288 0.139779
vt 0.522725 0.252046
vt 0.553289 0.365480
vt 0.636518 0.448579
vt 0.675310 0.462981
vt 0.677593 0.463828
vt 0.676352 0.377462
vt 0.039431 0.981483
vt 0.039431 1.000000
vt 0.000000 1.000000
vt 0.000000 0.981483
vt 0.955311 0.527891
vt 0.916667 0.527891
vt 0.916667 0.500000
vt 0.955311 0.500000
vt 0.043983 0.981483
vt 0.043983 1.000000
vt 0.041667 1.000000
vt 0.041667 0.981483
vt 0.961908 0.527891
vt 0.958333 0.527891
vt 0.958333 0.500000
vt 0.961908 0.500000
vt 1.000000 0.888130
vt 0.961908 0.888130
vt 0.961908 0.796310
vt 1.000000 0.796310
vt 0.958333 0.888130
vt 0.958333 0.796309
vt 1.000000 0.527891
vt 1.000000 0.500000
vt 0.916667 0.601677
vt 0.916667 0.684253
vt 0.833333 0.684253
vt 0.833333 0.601677
vt 0.750000 0.684253
vt 0.750000 0.601677
vt 0.666667 0.684253
vt 0.666667 0.601677
vt 0.583333 0.684253
vt 0.583333 0.601677
vt 0.500000 0.684253
vt 0.500000 0.601677
vt 0.416667 0.684253
vt 0.416667 0.601677
vt 0.333333 0.684253
vt 0.333333 0.601677
vt 0.250000 0.684253
vt 0.250000 0.601677
vt 0.166667 0.684253
vt 0.166667 0.601677
vt 0.083333 0.684253
vt 0.083333 0.601677
vt 0.000000 0.684253
vt 0.000000 0.601677
vt 0.043983 0.601677
vt 0.043983 0.684253
vt 0.810000 0.473923
vt 0.814353 0.472757
vt 0.870000 0.457846
vt 0.957846 0.370000
vt 0.990000 0.250000
vt 0.957846 0.130000
vt 0.870000 0.042154
vt 0.750000 0.010000
vt 0.630000 0.042154
vt 0.542154 0.130000
vt 0.510000 0.250000
vt 0.542154 0.370000
vt 0.630000 0.457846
vt 0.693220 0.474786
vt 0.750000 0.490000
vt 0.686665 0.473029
vt 0.804853 0.475302
vt 0.690000 0.473923
vt 0.304853 0.475302
vt 0.250000 0.490000
vt 0.457846 0.370000
vt 0.370000 0.457846
vt 0.490000 0.250000
vt 0.457846 0.130000
vt 0.370000 0.042154
vt 0.250000 0.010000
vt 0.130000 0.042154
vt 0.042154 0.130000
vt 0.010000 0.250000
vt 0.042154 0.370000
vt 0.130000 0.457846
vt 0.190000 0.473923
vt 0.186665 0.473029
vt 0.193220 0.474786
vt 0.314353 0.472757
vt 0.310000 0.473923
vt 0.955311 0.888130
vt 0.916667 0.888130
vt 0.916667 0.796310
vt 0.955310 0.796309
vt 0.041667 0.904812
vt 0.039431 0.904812
vt 0.955311 0.904812
vt 0.916667 0.904812
vt 0.916667 0.898155
vt 0.955311 0.898155
vt 0.961908 0.904812
vt 0.958333 0.904812
vt 0.958333 0.898155
vt 0.961908 0.898155
vt 0.041667 0.888130
vt 0.041667 0.898155
vt 0.039431 0.898155
vt 0.039431 0.888130
vt 0.043983 0.888130
vt 0.043983 0.898155
vt 0.000000 0.898155
vt 0.000000 0.888130
vt 0.166667 0.888130
vt 0.166667 0.898155
vt 0.083333 0.898155
vt 0.083333 0.888130
vt 0.250000 0.888130
vt 0.250000 0.898155
vt 0.333333 0.888130
vt 0.333333 0.898155
vt 0.416667 0.888130
vt 0.416667 0.898155
vt 0.500000 0.888130
vt 0.500000 0.898155
vt 0.583333 0.888130
vt 0.583333 0.898155
vt 0.666667 0.888130
vt 0.666667 0.898155
vt 0.750000 0.888130
vt 0.750000 0.898155
vt 0.833333 0.888130
vt 0.833333 0.898155
vt 0.961908 0.585623
vt 1.000000 0.585623
vt 0.043983 0.585623
vt 0.043983 0.592126
vt 0.041667 0.592126
vt 0.041667 0.585623
vt 0.039431 0.585623
vt 0.039431 0.592126
vt 0.000000 0.592126
vt 0.000000 0.585623
vt 0.166667 0.585623
vt 0.166667 0.592126
vt 0.083333 0.592126
vt 0.083333 0.585623
vt 0.250000 0.585623
vt 0.250000 0.592126
vt 0.333333 0.585623
vt 0.333333 0.592126
vt 0.416667 0.585623
vt 0.416667 0.592126
vt 0.500000 0.585623
vt 0.500000 0.592126
vt 0.583333 0.585623
vt 0.583333 0.592126
vt 0.666667 0.585623
vt 0.666667 0.592126
vt 0.750000 0.585623
vt 0.750000 0.592126
vt 0.833333 0.585623
vt 0.833333 0.592126
vt 1.000000 0.601677
vt 0.961908 0.601677
vt 0.961908 0.592126
vt 1.000000 0.592126
vt 0.958333 0.601677
vt 0.958333 0.592126
vt 0.955311 0.601677
vt 0.916667 0.592126
vt 0.955311 0.592126
vt 0.916667 0.585623
vt 0.083333 0.904812
vt 0.043983 0.904812
vt 1.000000 0.904812
vt 1.000000 0.898155
vt 0.000000 0.904812
vt 0.166667 0.904812
vt 0.250000 0.904812
vt 0.333333 0.904812
vt 0.416667 0.904812
vt 0.500000 0.904812
vt 0.583333 0.904812
vt 0.666667 0.904812
vt 0.750000 0.904812
vt 0.833333 0.904812
vt 0.958333 0.585623
vt 0.955311 0.585623
vt 0.043983 0.500000
vt 0.043983 0.527891
vt 0.041667 0.527891
vt 0.041667 0.500000
vt 0.039431 0.500000
vt 0.039431 0.527891
vt 0.000000 0.527891
vt 0.000000 0.500000
vt 0.166667 0.500000
vt 0.166667 0.527891
vt 0.083333 0.527891
vt 0.083333 0.500000
vt 0.250000 0.500000
vt 0.250000 0.527891
vt 0.333333 0.500000
vt 0.333333 0.527891
vt 0.416667 0.500000
vt 0.416667 0.527891
vt 0.500000 0.500000
vt 0.500000 0.527891
vt 0.583333 0.500000
vt 0.583333 0.527891
vt 0.666667 0.500000
vt 0.666667 0.527891
vt 0.750000 0.500000
vt 0.750000 0.527891
vt 0.833333 0.500000
vt 0.833333 0.527891
vt 0.955311 1.000000
vt 0.955311 0.981483
vt 0.961908 1.000000
vt 0.958333 1.000000
vt 0.958333 0.981483
vt 0.961908 0.981483
vt 1.000000 1.000000
vt 1.000000 0.981483
vt 0.083333 0.796309
vt 0.043983 0.796309
vt 0.833333 0.796310
vt 0.750000 0.796309
vt 0.666667 0.796310
vt 0.583333 0.796310
vt 0.500000 0.796310
vt 0.416667 0.796309
vt 0.333333 0.796310
vt 0.250000 0.796309
vt 0.166667 0.796309
vt 0.039431 0.796309
vt 0.000000 0.796310
vt 0.041667 0.796310
vt 0.958333 0.684253
vt 0.955310 0.684253
vt 0.961908 0.684253
vt 1.000000 0.684253
vt 0.041667 0.601677
vt 0.039431 0.601677
vt 0.039431 0.684253
vt 0.041667 0.684253
vt 0.916667 0.981483
vt 0.833333 0.981483
vt 0.833333 1.000000
vt 0.916667 1.000000
vt 0.750000 0.981483
vt 0.750000 1.000000
vt 0.666667 0.981483
vt 0.666667 1.000000
vt 0.583333 0.981483
vt 0.583333 1.000000
vt 0.500000 0.981483
vt 0.500000 1.000000
vt 0.416667 0.981483
vt 0.416667 1.000000
vt 0.333333 0.981483
vt 0.333333 1.000000
vt 0.250000 0.981483
vt 0.250000 1.000000
vt 0.166667 0.981483
vt 0.166667 1.000000
vt 0.083333 0.981483
vt 0.083333 1.000000
vt 0.364299 0.449914
vt 0.448217 0.366145
vt 0.478949 0.251666
vt 0.448249 0.137109
vt 0.364620 0.053128
vt 0.246583 0.024725
vt 0.140776 0.051947
vt 0.049813 0.138207
vt 0.020703 0.251694
vt 0.051517 0.366156
vt 0.135476 0.449913
vt 0.177118 0.464652
vt 0.179568 0.465520
vt 0.178907 0.389781
vt 0.249302 0.449847
vt 0.316430 0.391779
vt 0.320164 0.465546
vt 0.323366 0.464412
vt 0.749159 0.441964
vt 0.676352 0.377462
vt 0.677593 0.463828
vt 0.675310 0.462981
vt 0.636518 0.448579
vt 0.553289 0.365480
vt 0.522725 0.252046
vt 0.551288 0.139779
vt 0.642714 0.053858
vt 0.746031 0.027483
vt 0.863596 0.055233
vt 0.946432 0.138476
vt 0.976857 0.252012
vt 0.946394 0.365465
vt 0.863218 0.448578
vt 0.825072 0.462751
vt 0.822088 0.463860
vt 0.818591 0.379568
vt 0.039431 0.981483
vt 0.000000 0.981483
vt 0.000000 1.000000
vt 0.039431 1.000000
vt 0.955311 0.527891
vt 0.955311 0.500000
vt 0.916667 0.500000
vt 0.916667 0.527891
vt 0.043983 0.981483
vt 0.041667 0.981483
vt 0.041667 1.000000
vt 0.043983 1.000000
vt 0.961908 0.527891
vt 0.961908 0.500000
vt 0.958333 0.500000
vt 0.958333 0.527891
vt 1.000000 0.888130
vt 1.000000 0.796310
vt 0.961908 0.796310
vt 0.961908 0.888130
vt 0.958333 0.796309
vt 0.958333 0.888130
vt 1.000000 0.527891
vt 1.000000 0.500000
vt 0.916667 0.601677
vt 0.833333 0.601677
vt 0.833333 0.684253
vt 0.916667 0.684253
vt 0.750000 0.601677
vt 0.750000 0.684253
vt 0.666667 0.601677
vt 0.666667 0.684253
vt 0.583333 0.601677
vt 0.583333 0.684253
vt 0.500000 0.601677
vt 0.500000 0.684253
vt 0.416667 0.601677
vt 0.416667 0.684253
vt 0.333333 0.601677
vt 0.333333 0.684253
vt 0.250000 0.601677
vt 0.250000 0.684253
vt 0.166667 0.601677
vt 0.166667 0.684253
vt 0.083333 0.601677
vt 0.083333 0.684253
vt 0.000000 0.601677
vt 0.000000 0.684253
vt 0.043983 0.601677
vt 0.043983 0.684253
vt 0.814353 0.472757
vt 0.810000 0.473923
vt 0.957846 0.370000
vt 0.870000 0.457846
vt 0.990000 0.250000
vt 0.957846 0.130000
vt 0.870000 0.042154
vt 0.750000 0.010000
vt 0.630000 0.042154
vt 0.542154 0.130000
vt 0.510000 0.250000
vt 0.542154 0.370000
vt 0.630000 0.457846
vt 0.750000 0.490000
vt 0.693220 0.474786
vt 0.686665 0.473029
vt 0.804853 0.475302
vt 0.690000 0.473923
vt 0.250000 0.490000
vt 0.304853 0.475302
vt 0.370000 0.457846
vt 0.457846 0.370000
vt 0.490000 0.250000
vt 0.457846 0.130000
vt 0.370000 0.042154
vt 0.250000 0.010000
vt 0.130000 0.042154
vt 0.042154 0.130000
vt 0.010000 0.250000
vt 0.042154 0.370000
vt 0.130000 0.457846
vt 0.186665 0.473029
vt 0.190000 0.473923
vt 0.193220 0.474786
vt 0.314353 0.472757
vt 0.310000 0.473923
vt 0.955311 0.888130
vt 0.955310 0.796309
vt 0.916667 0.796310
vt 0.916667 0.888130
vt 0.041667 0.904812
vt 0.039431 0.904812
vt 0.955311 0.904812
vt 0.955311 0.898155
vt 0.916667 0.898155
vt 0.916667 0.904812
vt 0.961908 0.904812
vt 0.961908 0.898155
vt 0.958333 0.898155
vt 0.958333 0.904812
vt 0.041667 0.888130
vt 0.039431 0.888130
vt 0.039431 0.898155
vt 0.041667 0.898155
vt 0.043983 0.888130
vt 0.043983 0.898155
vt 0.000000 0.888130
vt 0.000000 0.898155
vt 0.166667 0.888130
vt 0.083333 0.888130
vt 0.083333 0.898155
vt 0.166667 0.898155
vt 0.250000 0.888130
vt 0.250000 0.898155
vt 0.333333 0.888130
vt 0.333333 0.898155
vt 0.416667 0.888130
vt 0.416667 0.898155
vt 0.500000 0.888130
vt 0.500000 0.898155
vt 0.583333 0.888130
vt 0.583333 0.898155
vt 0.666667 0.888130
vt 0.666667 0.898155
vt 0.750000 0.888130
vt 0.750000 0.898155
vt 0.833333 0.888130
vt 0.833333 0.898155
vt 0.961908 0.585623
vt 1.000000 0.585623
vt 0.043983 0.585623
vt 0.041667 0.585623
vt 0.041667 0.592126
vt 0.043983 0.592126
vt 0.039431 0.585623
vt 0.000000 0.585623
vt 0.000000 0.592126
vt 0.039431 0.592126
vt 0.166667 0.585623
vt 0.083333 0.585623
vt 0.083333 0.592126
vt 0.166667 0.592126
vt 0.250000 0.585623
vt 0.250000 0.592126
vt 0.333333 0.585623
vt 0.333333 0.592126
vt 0.416667 0.585623
vt 0.416667 0.592126
vt 0.500000 0.585623
vt 0.500000 0.592126
vt 0.583333 0.585623
vt 0.583333 0.592126
vt 0.666667 0.585623
vt 0.666667 0.592126
vt 0.750000 0.585623
vt 0.750000 0.592126
vt 0.833333 0.585623
vt 0.833333 0.592126
vt 1.000000 0.601677
vt 1.000000 0.592126
vt 0.961908 0.592126
vt 0.961908 0.601677
vt 0.958333 0.592126
vt 0.958333 0.601677
vt 0.955311 0.601677
vt 0.955311 0.592126
vt 0.916667 0.592126
vt 0.916667 0.585623
vt 0.083333 0.904812
vt 0.043983 0.904812
vt 1.000000 0.904812
vt 1.000000 0.898155
vt 0.000000 0.904812
vt 0.166667 0.904812
vt 0.250000 0.904812
vt 0.333333 0.904812
vt 0.416667 0.904812
vt 0.500000 0.904812
vt 0.583333 0.904812
vt 0.666667 0.904812
vt 0.750000 0.904812
vt 0.833333 0.904812
vt 0.958333 0.585623
vt 0.955311 0.585623
vt 0.043983 0.500000
vt 0.041667 0.500000
vt 0.041667 0.527891
vt 0.043983 0.527891
vt 0.039431 0.500000
vt 0.000000 0.500000
vt 0.000000 0.527891
vt 0.039431 0.527891
vt 0.166667 0.500000
vt 0.083333 0.500000
vt 0.083333 0.527891
vt 0.166667 0.527891
vt 0.250000 0.500000
vt 0.250000 0.527891
vt 0.333333 0.500000
vt 0.333333 0.527891
vt 0.416667 0.500000
vt 0.416667 0.527891
vt 0.500000 0.500000
vt 0.500000 0.527891
vt 0.583333 0.500000
vt 0.583333 0.527891
vt 0.666667 0.500000
vt 0.666667 0.527891
vt 0.750000 0.500000
vt 0.750000 0.527891
vt 0.833333 0.500000
vt 0.833333 0.527891
vt 0.955311 1.000000
vt 0.955311 0.981483
vt 0.961908 1.000000
vt 0.961908 0.981483
vt 0.958333 0.981483
vt 0.958333 1.000000
vt 1.000000 1.000000
vt 1.000000 0.981483
vt 0.083333 0.796309
vt 0.043983 0.796309
vt 0.833333 0.796310
vt 0.750000 0.796309
vt 0.666667 0.796310
vt 0.583333 0.796310
vt 0.500000 0.796310
vt 0.416667 0.796309
vt 0.333333 0.796310
vt 0.250000 0.796309
vt 0.166667 0.796309
vt 0.039431 0.796309
vt 0.000000 0.796310
vt 0.041667 0.796310
vt 0.958333 0.684253
vt 0.955310 0.684253
vt 0.961908 0.684253
vt 1.000000 0.684253
vn -0.8463 -0.4746 -0.2420
vn -0.4607 -0.6476 -0.6068
vn -0.5260 -0.7425 -0.4146
vn -0.8061 -0.5444 -0.2318
vn 0.0000 -0.9187 -0.3949
vn 0.6742 -0.6785 -0.2916
vn 0.6870 -0.7172 -0.1163
vn 0.0000 -0.9871 -0.1600
vn 0.6919 -0.7220 0.0000
vn 0.0000 -1.0000 0.0000
vn 0.6792 -0.7195 0.1445
vn 0.0000 -0.9804 0.1969
vn 0.6568 -0.6348 0.4068
vn 0.0000 -0.8419 0.5395
vn 0.5888 -0.0605 0.8060
vn 0.0000 -0.0749 0.9972
vn 0.6446 0.6073 0.4645
vn 0.0000 0.7943 0.6075
vn 0.6775 0.7198 0.1506
vn 0.0000 0.9788 0.2048
vn 0.6919 0.7220 0.0000
vn 0.0000 1.0000 0.0000
vn 0.6870 0.7172 -0.1163
vn 0.0000 0.9871 -0.1600
vn 0.6734 0.6779 -0.2948
vn 0.0000 0.9170 -0.3988
vn 1.0000 0.0000 0.0000
vn -1.0000 0.0000 0.0000
vn 0.0000 -0.7872 -0.6166
vn 0.8762 -0.3793 -0.2971
vn 0.7675 0.0091 -0.6409
vn 0.0000 0.0142 -0.9999
vn 0.0000 -0.7462 -0.6657
vn -0.6742 -0.6785 -0.2916
vn -0.6711 -0.5532 -0.4935
vn 0.0000 0.7434 -0.6688
vn 0.6720 0.5505 -0.4953
vn 0.5498 -0.3642 -0.7517
vn 0.0000 -0.4360 -0.8999
vn 0.0000 0.7953 -0.6062
vn 0.0000 0.4351 -0.9004
vn -0.5499 0.3634 -0.7520
vn -0.8724 0.3887 -0.2963
vn 0.8956 0.0066 -0.4449
vn 0.7812 0.5705 -0.2532
vn 0.4958 0.7586 -0.4227
vn 0.5463 0.0126 -0.8375
vn 0.8366 0.4759 -0.2714
vn 0.4484 0.6240 -0.6399
vn -0.7675 0.0091 -0.6409
vn -0.7548 -0.6085 -0.2448
vn -0.4329 -0.8194 -0.3758
vn -0.3315 -0.9285 -0.1675
vn -0.6094 -0.7832 -0.1231
vn -0.2856 -0.9583 0.0000
vn -0.5535 -0.8329 0.0000
vn -0.3496 -0.9143 0.2042
vn -0.6346 -0.7593 0.1441
vn -0.4610 -0.7324 0.5010
vn -0.8098 -0.5093 0.2911
vn -0.4779 -0.0615 0.8763
vn -0.9311 -0.0410 0.3624
vn -0.4716 0.6832 0.5575
vn -0.8324 0.4646 0.3020
vn -0.3562 0.9093 0.2148
vn -0.6391 0.7547 0.1481
vn -0.2843 0.9587 0.0002
vn -0.5511 0.8344 0.0002
vn -0.3315 0.9285 -0.1675
vn -0.6094 0.7832 -0.1231
vn -0.4342 0.8171 -0.3793
vn -0.7566 0.6059 -0.2459
vn -0.5638 0.0124 -0.8258
vn -0.9121 0.0060 -0.4099
vn -0.8768 0.3216 -0.3575
vn -0.4687 0.3598 -0.8067
vn -0.6870 -0.7172 -0.1163
vn -0.6919 -0.7220 0.0000
vn -0.6792 -0.7195 0.1445
vn -0.6568 -0.6348 0.4068
vn -0.5888 -0.0605 0.8060
vn -0.6446 0.6073 0.4645
vn -0.6775 0.7198 0.1506
vn -0.6919 0.7220 0.0000
vn -0.6870 0.7172 -0.1163
vn -0.6734 0.6779 -0.2948
vn -0.8762 -0.3793 -0.2971
vn -0.6720 0.5505 -0.4953
vn -0.5498 -0.3642 -0.7517
vn 0.8724 0.3887 -0.2963
vn 0.6711 -0.5532 -0.4935
vn 0.5499 0.3634 -0.7520
vn 0.8494 -0.3627 -0.3833
vn 0.7223 -0.6411 -0.2594
vn 0.4119 -0.8280 -0.3804
vn 0.4551 -0.4001 -0.7955
vn 0.3738 -0.8665 -0.3307
vn 0.4862 -0.6644 -0.5676
vn 0.7155 0.4882 -0.4996
vn 0.4234 0.7086 -0.5644
vn 0.8289 -0.4914 -0.2674
vn 0.7137 -0.4936 -0.4969
vn 0.4238 -0.7017 -0.5727
vn 0.7838 -0.5665 -0.2544
vn 0.8550 0.3467 -0.3857
vn 0.4883 0.6593 -0.5717
vn 0.4920 0.0119 -0.8705
vn 0.5712 0.8108 -0.1280
vn 0.2900 0.9476 -0.1339
vn 0.3751 0.8650 -0.3332
vn 0.7242 0.6384 -0.2606
vn 0.5129 0.8584 0.0002
vn 0.2691 0.9631 0.0000
vn 0.6018 0.7835 0.1549
vn 0.3011 0.9393 0.1642
vn 0.8071 0.4935 0.3241
vn 0.4574 0.7458 0.4843
vn 0.9177 -0.0439 0.3948
vn 0.6824 -0.0725 0.7274
vn 0.7820 -0.5400 0.3112
vn 0.4289 -0.7886 0.4406
vn 0.5970 -0.7880 0.1505
vn 0.3020 -0.9396 0.1608
vn 0.5152 -0.8571 0.0000
vn 0.2704 -0.9627 0.0000
vn 0.5712 -0.8108 -0.1280
vn 0.2900 -0.9476 -0.1339
vn 0.0000 0.7434 -0.6689
vn -0.5101 0.6496 -0.5637
vn -0.7359 -0.4871 -0.4703
vn -0.4379 -0.6973 -0.5674
vn -0.5068 0.0118 -0.8620
vn -0.3122 0.9407 -0.1323
vn -0.3985 0.8559 -0.3295
vn -0.2913 0.9566 0.0001
vn -0.3234 0.9323 0.1620
vn -0.4810 0.7353 0.4775
vn -0.7025 -0.0704 0.7082
vn 0.0000 -0.8419 0.5396
vn -0.4525 -0.7785 0.4349
vn -0.3244 -0.9325 0.1587
vn -0.2926 -0.9562 0.0000
vn -0.3122 -0.9407 -0.1323
vn -0.8039 0.5481 -0.2309
vn -0.4377 0.7041 -0.5591
vn -0.8533 0.4601 -0.2454
vn -0.7378 0.4816 -0.4729
vn -0.8718 -0.3369 -0.3556
vn -0.3972 -0.8574 -0.3270
vn -0.5081 -0.6546 -0.5597
vn 0.4133 0.8257 -0.3839
vn 0.4558 0.3633 -0.8126
vn 0.3087 -0.9361 -0.1686
vn 0.2644 -0.9644 0.0000
vn 0.3268 -0.9224 0.2058
vn 0.4427 -0.7395 0.5070
vn 0.4666 -0.0617 0.8823
vn 0.4549 0.6892 0.5639
vn 0.3334 0.9175 0.2165
vn 0.2631 0.9648 0.0002
vn 0.3087 0.9361 -0.1686
vn 0.5019 -0.7519 -0.4274
vn 0.4476 -0.6503 -0.6137
vn -0.4612 0.6218 -0.6330
vn -0.4686 -0.3963 -0.7895
vn -0.5199 0.7492 -0.4103
vn 0.8463 -0.4746 -0.2420
vn 0.8061 -0.5444 -0.2318
vn 0.5260 -0.7425 -0.4146
vn 0.4607 -0.6476 -0.6068
vn -0.8956 0.0066 -0.4449
vn -0.5463 0.0126 -0.8375
vn -0.4958 0.7586 -0.4227
vn -0.7812 0.5706 -0.2532
vn -0.4484 0.6240 -0.6399
vn -0.8366 0.4759 -0.2714
vn 0.7548 -0.6085 -0.2448
vn 0.6094 -0.7832 -0.1231
vn 0.3315 -0.9285 -0.1675
vn 0.4329 -0.8194 -0.3758
vn 0.5535 -0.8329 0.0000
vn 0.2856 -0.9583 0.0000
vn 0.6346 -0.7593 0.1441
vn 0.3496 -0.9143 0.2042
vn 0.8098 -0.5093 0.2911
vn 0.4610 -0.7324 0.5010
vn 0.9311 -0.0410 0.3624
vn 0.4779 -0.0615 0.8762
vn 0.8324 0.4646 0.3020
vn 0.4716 0.6832 0.5575
vn 0.6391 0.7547 0.1481
vn 0.3562 0.9093 0.2148
vn 0.5511 0.8344 0.0002
vn 0.2843 0.9587 0.0002
vn 0.6094 0.7832 -0.1231
vn 0.3315 0.9285 -0.1675
vn 0.7566 0.6059 -0.2459
vn 0.4342 0.8171 -0.3793
vn 0.9121 0.0060 -0.4099
vn 0.5638 0.0124 -0.8258
vn 0.8768 0.3216 -0.3575
vn 0.4687 0.3598 -0.8067
vn -0.8494 -0.3627 -0.3833
vn -0.4551 -0.4001 -0.7955
vn -0.4119 -0.8280 -0.3804
vn -0.7223 -0.6411 -0.2594
vn -0.4862 -0.6644 -0.5676
vn -0.3738 -0.8665 -0.3307
vn -0.4234 0.7086 -0.5644
vn -0.7155 0.4882 -0.4996
vn -0.8289 -0.4914 -0.2674
vn -0.7838 -0.5665 -0.2544
vn -0.4238 -0.7017 -0.5727
vn -0.7137 -0.4936 -0.4969
vn -0.8550 0.3467 -0.3857
vn -0.4883 0.6593 -0.5717
vn -0.4920 0.0119 -0.8705
vn -0.5712 0.8108 -0.1280
vn -0.7242 0.6384 -0.2606
vn -0.3751 0.8650 -0.3332
vn -0.2900 0.9476 -0.1339
vn -0.5129 0.8585 0.0002
vn -0.2691 0.9631 0.0000
vn -0.6018 0.7835 0.1549
vn -0.3011 0.9393 0.1642
vn -0.8071 0.4935 0.3241
vn -0.4574 0.7458 0.4843
vn -0.9177 -0.0440 0.3948
vn -0.6824 -0.0725 0.7274
vn -0.7820 -0.5400 0.3112
vn -0.4289 -0.7886 0.4406
vn -0.5970 -0.7880 0.1505
vn -0.3020 -0.9396 0.1608
vn -0.5152 -0.8571 0.0000
vn -0.2704 -0.9627 0.0000
vn -0.5712 -0.8108 -0.1280
vn -0.2900 -0.9476 -0.1339
vn 0.7359 -0.4870 -0.4703
vn 0.5101 0.6496 -0.5637
vn 0.5068 0.0118 -0.8620
vn 0.4379 -0.6973 -0.5674
vn 0.3985 0.8559 -0.3295
vn 0.3122 0.9407 -0.1323
vn 0.2912 0.9566 0.0001
vn 0.3234 0.9323 0.1620
vn 0.4810 0.7353 0.4775
vn 0.7025 -0.0704 0.7082
vn 0.4525 -0.7785 0.4349
vn 0.3244 -0.9325 0.1587
vn 0.2926 -0.9562 0.0000
vn 0.3122 -0.9407 -0.1323
vn 0.4377 0.7041 -0.5592
vn 0.8039 0.5481 -0.2309
vn 0.7378 0.4816 -0.4729
vn 0.8533 0.4601 -0.2454
vn 0.8718 -0.3369 -0.3556
vn 0.5081 -0.6546 -0.5597
vn 0.3972 -0.8574 -0.3270
vn -0.4133 0.8257 -0.3839
vn -0.4558 0.3633 -0.8126
vn -0.3087 -0.9361 -0.1686
vn -0.2644 -0.9644 0.0000
vn -0.3268 -0.9224 0.2058
vn -0.4427 -0.7395 0.5070
vn -0.4666 -0.0617 0.8823
vn -0.4549 0.6892 0.5639
vn -0.3334 0.9175 0.2165
vn -0.2631 0.9648 0.0002
vn -0.3087 0.9361 -0.1686
vn -0.5019 -0.7519 -0.4274
vn -0.4476 -0.6503 -0.6137
vn 0.4612 0.6218 -0.6330
vn 0.4686 -0.3963 -0.7895
vn 0.5199 0.7492 -0.4103
usemtl Porple
s 1
f 211/1/1 60/2/2 62/3/3 213/4/4
f 164/5/5 84/6/6 83/7/7 165/8/8
f 165/8/8 83/7/7 85/9/9 166/10/10
f 166/10/10 85/9/9 86/11/11 167/12/12
f 167/12/12 86/11/11 87/13/13 168/14/14
f 168/14/14 87/13/13 88/15/15 169/16/16
f 169/16/16 88/15/15 89/17/17 170/18/18
f 170/18/18 89/17/17 90/19/19 171/20/20
f 171/20/20 90/19/19 91/21/21 172/22/22
f 172/22/22 91/21/21 92/23/23 173/24/24
f 173/24/24 92/23/23 93/25/25 174/26/26
f 1/27/27 142/28/27 28/29/27 31/30/27 2/31/27 30/32/27 26/33/27 134/34/27 12/35/27 11/36/27 10/37/27 9/38/27 8/39/27 7/40/27 6/41/27 5/42/27 4/43/27 3/44/27
f 13/45/28 32/46/28 27/47/28 141/48/28 14/49/28 15/50/28 16/51/28 17/52/28 18/53/28 19/54/28 20/55/28 21/56/28 22/57/28 23/58/28 24/59/28 133/60/28 25/61/28 29/62/28
f 177/63/29 95/64/30 82/65/31 163/66/32
f 161/67/33 145/68/5 66/69/34 137/70/35
f 179/71/36 129/72/37 94/73/38 175/74/39
f 159/75/40 157/76/41 65/77/42 80/78/43
f 175/74/39 94/73/38 95/64/30 177/63/29
f 196/79/44 195/80/45 48/81/46 44/82/47
f 195/80/45 193/83/48 46/84/49 48/81/46
f 162/85/32 159/75/40 80/78/43 78/86/50
f 200/87/51 49/88/52 50/89/53 201/90/54
f 201/90/54 50/89/53 51/91/55 202/92/56
f 202/92/56 51/91/55 52/93/57 203/94/58
f 203/94/58 52/93/57 53/95/59 204/96/60
f 204/96/60 53/95/59 54/97/61 205/98/62
f 205/98/62 54/97/61 55/99/63 206/100/64
f 206/100/64 55/99/63 56/101/65 207/102/66
f 207/102/66 56/101/65 57/103/67 208/104/68
f 208/104/68 57/103/67 58/105/69 209/106/70
f 209/106/70 58/105/69 59/107/71 210/108/72
f 213/4/4 62/3/3 64/109/73 199/110/74
f 215/111/75 132/112/76 60/2/2 211/1/1
f 141/48/28 27/47/28 65/113/42 137/114/35
f 15/50/28 14/49/28 66/115/34 67/116/77
f 16/51/28 15/50/28 67/116/77 68/117/78
f 17/52/28 16/51/28 68/117/78 69/118/79
f 18/53/28 17/52/28 69/118/79 70/119/80
f 19/54/28 18/53/28 70/119/80 71/120/81
f 20/55/28 19/54/28 71/120/81 72/121/82
f 21/56/28 20/55/28 72/121/82 73/122/83
f 22/57/28 21/56/28 73/122/83 74/123/84
f 23/58/28 22/57/28 74/123/84 75/124/85
f 24/59/28 23/58/28 75/124/85 76/125/86
f 13/45/28 29/62/28 77/126/87 78/127/50
f 133/60/28 24/59/28 76/125/86 130/128/88
f 27/47/28 32/46/28 80/129/43 65/113/42
f 29/62/28 25/61/28 79/130/89 77/126/87
f 32/46/28 13/45/28 78/127/50 80/129/43
f 2/31/27 31/30/27 81/131/90 82/132/31
f 1/27/27 3/44/27 83/133/7 84/134/6
f 3/44/27 4/43/27 85/135/9 83/133/7
f 4/43/27 5/42/27 86/136/11 85/135/9
f 5/42/27 6/41/27 87/137/13 86/136/11
f 6/41/27 7/40/27 88/138/15 87/137/13
f 7/40/27 8/39/27 89/139/17 88/138/15
f 8/39/27 9/38/27 90/140/19 89/139/17
f 9/38/27 10/37/27 91/141/21 90/140/19
f 10/37/27 11/36/27 92/142/23 91/141/21
f 11/36/27 12/35/27 93/143/25 92/142/23
f 134/34/27 26/33/27 94/144/38 129/145/37
f 26/33/27 30/32/27 95/146/30 94/144/38
f 142/28/27 1/27/27 84/134/6 138/147/91
f 30/32/27 2/31/27 82/132/31 95/146/30
f 31/30/27 28/29/27 96/148/92 81/131/90
f 198/149/93 181/150/94 33/151/95 139/152/96
f 246/153/39 175/74/39 177/63/29 248/154/29
f 251/155/33 235/156/5 98/157/97 143/158/98
f 249/159/40 247/160/41 110/161/99 112/162/100
f 192/163/101 109/164/102 111/165/103 194/166/104
f 197/167/105 135/168/106 109/164/102 192/163/101
f 194/166/104 111/165/103 97/169/107 196/170/44
f 190/171/108 107/172/109 108/173/110 191/174/111
f 189/175/112 106/176/113 107/172/109 190/171/108
f 188/177/114 105/178/115 106/176/113 189/175/112
f 187/179/116 104/180/117 105/178/115 188/177/114
f 186/181/118 103/182/119 104/180/117 187/179/116
f 185/183/120 102/184/121 103/182/119 186/181/118
f 184/185/122 101/186/123 102/184/121 185/183/120
f 183/187/124 100/188/125 101/186/123 184/185/122
f 182/189/126 99/190/127 100/188/125 183/187/124
f 181/150/94 98/157/97 99/190/127 182/189/126
f 232/191/40 159/75/40 162/85/32 217/192/32
f 233/193/128 136/194/129 124/195/130 229/196/39
f 231/197/29 126/198/131 128/199/132 217/200/32
f 227/201/24 122/202/133 123/203/134 228/204/26
f 226/205/22 121/206/135 122/202/133 227/201/24
f 225/207/20 120/208/136 121/206/135 226/205/22
f 224/209/18 119/210/137 120/208/136 225/207/20
f 223/211/16 118/212/138 119/210/137 224/209/18
f 222/213/139 117/214/140 118/212/138 223/211/16
f 221/215/12 116/216/141 117/214/140 222/213/139
f 220/217/10 115/218/142 116/216/141 221/215/12
f 219/219/8 114/220/143 115/218/142 220/217/10
f 199/221/74 214/222/144 127/223/145 128/224/132
f 214/222/144 212/225/146 125/226/147 127/223/145
f 216/227/148 200/87/51 113/228/149 144/229/150
f 218/230/5 113/228/149 114/220/143 219/219/8
f 229/196/39 124/195/130 126/198/131 231/197/29
f 191/174/111 108/173/110 135/168/106 197/167/105
f 12/35/27 134/34/27 129/145/37 93/143/25
f 25/61/28 133/60/28 130/128/88 79/130/89
f 210/108/72 59/107/71 132/112/76 215/111/75
f 174/26/26 93/25/25 129/72/37 179/71/36
f 212/225/146 216/227/148 144/229/150 125/226/147
f 245/231/26 174/26/26 179/71/36 250/232/128
f 193/83/48 198/149/93 139/152/96 46/84/49
f 28/29/27 142/28/27 138/147/91 96/148/92
f 14/49/28 141/48/28 137/114/35 66/115/34
f 157/76/41 161/67/33 137/70/35 65/77/42
f 252/233/32 249/159/40 112/162/100 97/234/107
f 250/232/128 179/71/36 175/74/39 246/153/39
f 248/154/29 177/63/29 163/66/32 252/235/32
f 244/236/24 173/24/24 174/26/26 245/231/26
f 243/237/22 172/22/22 173/24/24 244/236/24
f 242/238/20 171/20/20 172/22/22 243/237/22
f 241/239/18 170/18/18 171/20/20 242/238/20
f 240/240/16 169/16/16 170/18/18 241/239/18
f 239/241/14 168/14/14 169/16/16 240/240/16
f 238/242/12 167/12/12 168/14/14 239/241/14
f 237/243/10 166/10/10 167/12/12 238/242/12
f 236/244/8 165/8/8 166/10/10 237/243/10
f 235/156/5 164/5/5 165/8/8 236/244/8
f 228/204/26 123/203/134 136/194/129 233/193/128
f 230/245/41 157/76/41 159/75/40 232/191/40
f 218/230/5 145/68/5 161/67/33 234/246/33
f 247/160/41 251/155/33 143/158/98 110/161/99
f 130/247/88 160/248/36 156/249/39 79/250/89
f 77/251/87 158/252/29 162/253/32 78/254/50
f 75/255/85 154/256/24 155/257/26 76/258/86
f 74/259/84 153/260/22 154/256/24 75/255/85
f 73/261/83 152/262/20 153/260/22 74/259/84
f 72/263/82 151/264/18 152/262/20 73/261/83
f 71/265/81 150/266/16 151/264/18 72/263/82
f 70/267/80 149/268/14 150/266/16 71/265/81
f 69/269/79 148/270/12 149/268/14 70/267/80
f 68/271/78 147/272/10 148/270/12 69/269/79
f 67/273/77 146/274/8 147/272/10 68/271/78
f 66/69/34 145/68/5 146/274/8 67/273/77
f 79/250/89 156/249/39 158/252/29 77/251/87
f 76/258/86 155/257/26 160/248/36 130/247/88
f 138/275/91 84/6/6 164/5/5 180/276/33
f 81/277/90 96/278/92 176/279/41 178/280/40
f 82/281/31 81/277/90 178/280/40 163/282/32
f 96/278/92 138/275/91 180/276/33 176/279/41
f 110/161/99 143/158/98 198/149/93 193/83/48
f 43/283/151 191/174/111 197/167/105 131/284/152
f 33/151/95 181/150/94 182/189/126 34/285/153
f 34/285/153 182/189/126 183/187/124 35/286/154
f 35/286/154 183/187/124 184/185/122 36/287/155
f 36/287/155 184/185/122 185/183/120 37/288/156
f 37/288/156 185/183/120 186/181/118 38/289/157
f 38/289/157 186/181/118 187/179/116 39/290/158
f 39/290/158 187/179/116 188/177/114 40/291/159
f 40/291/159 188/177/114 189/175/112 41/292/160
f 41/292/160 189/175/112 190/171/108 42/293/161
f 42/293/161 190/171/108 191/174/111 43/283/151
f 47/294/162 194/166/104 196/170/44 44/295/47
f 131/284/152 197/167/105 192/163/101 45/296/163
f 45/296/163 192/163/101 194/166/104 47/294/162
f 143/158/98 98/157/97 181/150/94 198/149/93
f 112/162/100 110/161/99 193/83/48 195/80/45
f 97/234/107 112/162/100 195/80/45 196/79/44
f 61/297/164 140/298/165 216/227/148 212/225/146
f 123/203/134 210/108/72 215/111/75 136/194/129
f 140/298/165 49/88/52 200/87/51 216/227/148
f 63/299/166 61/297/164 212/225/146 214/222/144
f 64/300/73 63/299/166 214/222/144 199/221/74
f 136/194/129 215/111/75 211/1/1 124/195/130
f 126/198/131 213/4/4 199/110/74 128/199/132
f 122/202/133 209/106/70 210/108/72 123/203/134
f 121/206/135 208/104/68 209/106/70 122/202/133
f 120/208/136 207/102/66 208/104/68 121/206/135
f 119/210/137 206/100/64 207/102/66 120/208/136
f 118/212/138 205/98/62 206/100/64 119/210/137
f 117/214/140 204/96/60 205/98/62 118/212/138
f 116/216/141 203/94/58 204/96/60 117/214/140
f 115/218/142 202/92/56 203/94/58 116/216/141
f 114/220/143 201/90/54 202/92/56 115/218/142
f 113/228/149 200/87/51 201/90/54 114/220/143
f 124/195/130 211/1/1 213/4/4 126/198/131
f 234/246/33 161/67/33 157/76/41 230/245/41
f 144/229/150 234/246/33 230/245/41 125/226/147
f 113/228/149 218/230/5 234/246/33 144/229/150
f 125/226/147 230/245/41 232/191/40 127/223/145
f 155/257/26 228/204/26 233/193/128 160/248/36
f 156/249/39 229/196/39 231/197/29 158/252/29
f 145/68/5 218/230/5 219/219/8 146/274/8
f 146/274/8 219/219/8 220/217/10 147/272/10
f 147/272/10 220/217/10 221/215/12 148/270/12
f 148/270/12 221/215/12 222/213/139 149/268/14
f 149/268/14 222/213/139 223/211/16 150/266/16
f 150/266/16 223/211/16 224/209/18 151/264/18
f 151/264/18 224/209/18 225/207/20 152/262/20
f 152/262/20 225/207/20 226/205/22 153/260/22
f 153/260/22 226/205/22 227/201/24 154/256/24
f 154/256/24 227/201/24 228/204/26 155/257/26
f 158/252/29 231/197/29 217/200/32 162/253/32
f 160/248/36 233/193/128 229/196/39 156/249/39
f 127/223/145 232/191/40 217/192/32 128/224/132
f 176/279/41 180/276/33 251/155/33 247/160/41
f 98/157/97 235/156/5 236/244/8 99/190/127
f 99/190/127 236/244/8 237/243/10 100/188/125
f 100/188/125 237/243/10 238/242/12 101/186/123
f 101/186/123 238/242/12 239/241/14 102/184/121
f 102/184/121 239/241/14 240/240/16 103/182/119
f 103/182/119 240/240/16 241/239/18 104/180/117
f 104/180/117 241/239/18 242/238/20 105/178/115
f 105/178/115 242/238/20 243/237/22 106/176/113
f 106/176/113 243/237/22 244/236/24 107/172/109
f 107/172/109 244/236/24 245/231/26 108/173/110
f 111/165/103 248/154/29 252/235/32 97/169/107
f 135/168/106 250/232/128 246/153/39 109/164/102
f 163/282/32 178/280/40 249/159/40 252/233/32
f 108/173/110 245/231/26 250/232/128 135/168/106
f 178/280/40 176/279/41 247/160/41 249/159/40
f 180/276/33 164/5/5 235/156/5 251/155/33
f 109/164/102 246/153/39 248/154/29 111/165/103
f 463/301/167 465/302/168 314/303/169 312/304/170
f 416/305/5 417/306/8 335/307/77 336/308/34
f 417/306/8 418/309/10 337/310/78 335/307/77
f 418/309/10 419/311/12 338/312/79 337/310/78
f 419/311/12 420/313/14 339/314/80 338/312/79
f 420/313/14 421/315/16 340/316/81 339/314/80
f 421/315/16 422/317/18 341/318/82 340/316/81
f 422/317/18 423/319/20 342/320/83 341/318/82
f 423/319/20 424/321/22 343/322/84 342/320/83
f 424/321/22 425/323/24 344/324/85 343/322/84
f 425/323/24 426/325/26 345/326/86 344/324/85
f 253/327/28 255/328/28 256/329/28 257/330/28 258/331/28 259/332/28 260/333/28 261/334/28 262/335/28 263/336/28 264/337/28 386/338/28 278/339/28 282/340/28 254/341/28 283/342/28 280/343/28 394/344/28
f 265/345/27 281/346/27 277/347/27 385/348/27 276/349/27 275/350/27 274/351/27 273/352/27 272/353/27 271/354/27 270/355/27 269/356/27 268/357/27 267/358/27 266/359/27 393/360/27 279/361/27 284/362/27
f 429/363/29 415/364/32 334/365/50 347/366/87
f 413/367/33 389/368/91 318/369/6 397/370/5
f 431/371/36 427/372/39 346/373/89 381/374/88
f 411/375/40 332/376/90 317/377/92 409/378/41
f 427/372/39 429/363/29 347/366/87 346/373/89
f 448/379/171 296/380/172 300/381/173 447/382/174
f 447/382/174 300/381/173 298/383/175 445/384/176
f 414/385/32 330/386/31 332/376/90 411/375/40
f 452/387/177 453/388/178 302/389/179 301/390/180
f 453/388/178 454/391/181 303/392/182 302/389/179
f 454/391/181 455/393/183 304/394/184 303/392/182
f 455/393/183 456/395/185 305/396/186 304/394/184
f 456/395/185 457/397/187 306/398/188 305/396/186
f 457/397/187 458/399/189 307/400/190 306/398/188
f 458/399/189 459/401/191 308/402/192 307/400/190
f 459/401/191 460/403/193 309/404/194 308/402/192
f 460/403/193 461/405/195 310/406/196 309/404/194
f 461/405/195 462/407/197 311/408/198 310/406/196
f 465/302/168 451/409/199 316/410/200 314/303/169
f 467/411/201 463/301/167 312/304/170 384/412/202
f 393/360/27 389/413/91 317/414/92 279/361/27
f 267/358/27 319/415/7 318/416/6 266/359/27
f 268/357/27 320/417/9 319/415/7 267/358/27
f 269/356/27 321/418/11 320/417/9 268/357/27
f 270/355/27 322/419/13 321/418/11 269/356/27
f 271/354/27 323/420/15 322/419/13 270/355/27
f 272/353/27 324/421/17 323/420/15 271/354/27
f 273/352/27 325/422/19 324/421/17 272/353/27
f 274/351/27 326/423/21 325/422/19 273/352/27
f 275/350/27 327/424/23 326/423/21 274/351/27
f 276/349/27 328/425/25 327/424/23 275/350/27
f 265/345/27 330/426/31 329/427/30 281/346/27
f 385/348/27 382/428/37 328/425/25 276/349/27
f 279/361/27 317/414/92 332/429/90 284/362/27
f 281/346/27 329/427/30 331/430/38 277/347/27
f 284/362/27 332/429/90 330/426/31 265/345/27
f 254/341/28 334/431/50 333/432/43 283/342/28
f 253/327/28 336/433/34 335/434/77 255/328/28
f 255/328/28 335/434/77 337/435/78 256/329/28
f 256/329/28 337/435/78 338/436/79 257/330/28
f 257/330/28 338/436/79 339/437/80 258/331/28
f 258/331/28 339/437/80 340/438/81 259/332/28
f 259/332/28 340/438/81 341/439/82 260/333/28
f 260/333/28 341/439/82 342/440/83 261/334/28
f 261/334/28 342/440/83 343/441/84 262/335/28
f 262/335/28 343/441/84 344/442/85 263/336/28
f 263/336/28 344/442/85 345/443/86 264/337/28
f 386/338/28 381/444/88 346/445/89 278/339/28
f 278/339/28 346/445/89 347/446/87 282/340/28
f 394/344/28 390/447/35 336/433/34 253/327/28
f 282/340/28 347/446/87 334/431/50 254/341/28
f 283/342/28 333/432/43 348/448/42 280/343/28
f 450/449/203 391/450/204 285/451/205 433/452/206
f 498/453/39 500/454/29 429/363/29 427/372/39
f 503/455/33 395/456/207 350/457/208 487/458/5
f 501/459/40 364/460/209 362/461/210 499/462/41
f 444/463/211 446/464/212 363/465/213 361/466/214
f 449/467/215 444/463/211 361/466/214 387/468/216
f 446/464/212 448/469/171 349/470/217 363/465/213
f 442/471/218 443/472/219 360/473/220 359/474/221
f 441/475/222 442/471/218 359/474/221 358/476/223
f 440/477/224 441/475/222 358/476/223 357/478/225
f 439/479/226 440/477/224 357/478/225 356/480/227
f 438/481/228 439/479/226 356/480/227 355/482/229
f 437/483/230 438/481/228 355/482/229 354/484/231
f 436/485/232 437/483/230 354/484/231 353/486/233
f 435/487/234 436/485/232 353/486/233 352/488/235
f 434/489/236 435/487/234 352/488/235 351/490/237
f 433/452/206 434/489/236 351/490/237 350/457/208
f 484/491/40 469/492/32 414/385/32 411/375/40
f 485/493/128 481/494/39 376/495/238 388/496/239
f 483/497/29 469/498/32 380/499/240 378/500/241
f 479/501/24 480/502/26 375/503/242 374/504/243
f 478/505/22 479/501/24 374/504/243 373/506/244
f 477/507/20 478/505/22 373/506/244 372/508/245
f 476/509/18 477/507/20 372/508/245 371/510/246
f 475/511/16 476/509/18 371/510/246 370/512/247
f 474/513/14 475/511/16 370/512/247 369/514/248
f 473/515/12 474/513/14 369/514/248 368/516/249
f 472/517/10 473/515/12 368/516/249 367/518/250
f 471/519/8 472/517/10 367/518/250 366/520/251
f 451/521/199 380/522/240 379/523/252 466/524/253
f 466/524/253 379/523/252 377/525/254 464/526/255
f 468/527/256 396/528/257 365/529/258 452/387/177
f 470/530/5 471/519/8 366/520/251 365/529/258
f 481/494/39 483/497/29 378/500/241 376/495/238
f 443/472/219 449/467/215 387/468/216 360/473/220
f 264/337/28 345/443/86 381/444/88 386/338/28
f 277/347/27 331/430/38 382/428/37 385/348/27
f 462/407/197 467/411/201 384/412/202 311/408/198
f 426/325/26 431/371/36 381/374/88 345/326/86
f 464/526/255 377/525/254 396/528/257 468/527/256
f 497/531/26 502/532/36 431/371/36 426/325/26
f 445/384/176 298/383/175 391/450/204 450/449/203
f 280/343/28 348/448/42 390/447/35 394/344/28
f 266/359/27 318/416/6 389/413/91 393/360/27
f 409/378/41 317/377/92 389/368/91 413/367/33
f 504/533/32 349/534/217 364/460/209 501/459/40
f 502/532/36 498/453/39 427/372/39 431/371/36
f 500/454/29 504/535/32 415/364/32 429/363/29
f 496/536/24 497/531/26 426/325/26 425/323/24
f 495/537/22 496/536/24 425/323/24 424/321/22
f 494/538/20 495/537/22 424/321/22 423/319/20
f 493/539/18 494/538/20 423/319/20 422/317/18
f 492/540/16 493/539/18 422/317/18 421/315/16
f 491/541/14 492/540/16 421/315/16 420/313/14
f 490/542/12 491/541/14 420/313/14 419/311/12
f 489/543/10 490/542/12 419/311/12 418/309/10
f 488/544/8 489/543/10 418/309/10 417/306/8
f 487/458/5 488/544/8 417/306/8 416/305/5
f 480/502/26 485/493/128 388/496/239 375/503/242
f 482/545/41 484/491/40 411/375/40 409/378/41
f 470/530/5 486/546/33 413/367/33 397/370/5
f 499/462/41 362/461/210 395/456/207 503/455/33
f 382/547/37 331/548/38 408/549/39 412/550/36
f 329/551/30 330/552/31 414/553/32 410/554/29
f 327/555/23 328/556/25 407/557/26 406/558/24
f 326/559/21 327/555/23 406/558/24 405/560/22
f 325/561/19 326/559/21 405/560/22 404/562/20
f 324/563/17 325/561/19 404/562/20 403/564/18
f 323/565/15 324/563/17 403/564/18 402/566/16
f 322/567/13 323/565/15 402/566/16 401/568/14
f 321/569/11 322/567/13 401/568/14 400/570/12
f 320/571/9 321/569/11 400/570/12 399/572/10
f 319/573/7 320/571/9 399/572/10 398/574/8
f 318/369/6 319/573/7 398/574/8 397/370/5
f 331/548/38 329/551/30 410/554/29 408/549/39
f 328/556/25 382/547/37 412/550/36 407/557/26
f 390/575/35 432/576/33 416/305/5 336/308/34
f 333/577/43 430/578/40 428/579/41 348/580/42
f 334/581/50 415/582/32 430/578/40 333/577/43
f 348/580/42 428/579/41 432/576/33 390/575/35
f 362/461/210 445/384/176 450/449/203 395/456/207
f 295/583/259 383/584/260 449/467/215 443/472/219
f 285/451/205 286/585/261 434/489/236 433/452/206
f 286/585/261 287/586/262 435/487/234 434/489/236
f 287/586/262 288/587/263 436/485/232 435/487/234
f 288/587/263 289/588/264 437/483/230 436/485/232
f 289/588/264 290/589/265 438/481/228 437/483/230
f 290/589/265 291/590/266 439/479/226 438/481/228
f 291/590/266 292/591/267 440/477/224 439/479/226
f 292/591/267 293/592/268 441/475/222 440/477/224
f 293/592/268 294/593/269 442/471/218 441/475/222
f 294/593/269 295/583/259 443/472/219 442/471/218
f 299/594/270 296/595/172 448/469/171 446/464/212
f 383/584/260 297/596/271 444/463/211 449/467/215
f 297/596/271 299/594/270 446/464/212 444/463/211
f 395/456/207 450/449/203 433/452/206 350/457/208
f 364/460/209 447/382/174 445/384/176 362/461/210
f 349/534/217 448/379/171 447/382/174 364/460/209
f 313/597/272 464/526/255 468/527/256 392/598/273
f 375/503/242 388/496/239 467/411/201 462/407/197
f 392/598/273 468/527/256 452/387/177 301/390/180
f 315/599/274 466/524/253 464/526/255 313/597/272
f 316/600/200 451/521/199 466/524/253 315/599/274
f 388/496/239 376/495/238 463/301/167 467/411/201
f 378/500/241 380/499/240 451/409/199 465/302/168
f 374/504/243 375/503/242 462/407/197 461/405/195
f 373/506/244 374/504/243 461/405/195 460/403/193
f 372/508/245 373/506/244 460/403/193 459/401/191
f 371/510/246 372/508/245 459/401/191 458/399/189
f 370/512/247 371/510/246 458/399/189 457/397/187
f 369/514/248 370/512/247 457/397/187 456/395/185
f 368/516/249 369/514/248 456/395/185 455/393/183
f 367/518/250 368/516/249 455/393/183 454/391/181
f 366/520/251 367/518/250 454/391/181 453/388/178
f 365/529/258 366/520/251 453/388/178 452/387/177
f 376/495/238 378/500/241 465/302/168 463/301/167
f 486/546/33 482/545/41 409/378/41 413/367/33
f 396/528/257 377/525/254 482/545/41 486/546/33
f 365/529/258 396/528/257 486/546/33 470/530/5
f 377/525/254 379/523/252 484/491/40 482/545/41
f 407/557/26 412/550/36 485/493/128 480/502/26
f 408/549/39 410/554/29 483/497/29 481/494/39
f 397/370/5 398/574/8 471/519/8 470/530/5
f 398/574/8 399/572/10 472/517/10 471/519/8
f 399/572/10 400/570/12 473/515/12 472/517/10
f 400/570/12 401/568/14 474/513/14 473/515/12
f 401/568/14 402/566/16 475/511/16 474/513/14
f 402/566/16 403/564/18 476/509/18 475/511/16
f 403/564/18 404/562/20 477/507/20 476/509/18
f 404/562/20 405/560/22 478/505/22 477/507/20
f 405/560/22 406/558/24 479/501/24 478/505/22
f 406/558/24 407/557/26 480/502/26 479/501/24
f 410/554/29 414/553/32 469/498/32 483/497/29
f 412/550/36 408/549/39 481/494/39 485/493/128
f 379/523/252 380/522/240 469/492/32 484/491/40
f 428/579/41 499/462/41 503/455/33 432/576/33
f 350/457/208 351/490/237 488/544/8 487/458/5
f 351/490/237 352/488/235 489/543/10 488/544/8
f 352/488/235 353/486/233 490/542/12 489/543/10
f 353/486/233 354/484/231 491/541/14 490/542/12
f 354/484/231 355/482/229 492/540/16 491/541/14
f 355/482/229 356/480/227 493/539/18 492/540/16
f 356/480/227 357/478/225 494/538/20 493/539/18
f 357/478/225 358/476/223 495/537/22 494/538/20
f 358/476/223 359/474/221 496/536/24 495/537/22
f 359/474/221 360/473/220 497/531/26 496/536/24
f 363/465/213 349/470/217 504/535/32 500/454/29
f 387/468/216 361/466/214 498/453/39 502/532/36
f 415/582/32 504/533/32 501/459/40 430/578/40
f 360/473/220 387/468/216 502/532/36 497/531/26
f 430/578/40 501/459/40 499/462/41 428/579/41
f 432/576/33 503/455/33 487/458/5 416/305/5
f 361/466/214 363/465/213 500/454/29 498/453/39
usemtl DarkPorple
f 60/2/2 45/296/163 47/294/162 62/3/3
f 132/112/76 131/284/152 45/296/163 60/2/2
f 62/3/3 47/294/162 44/295/47 64/109/73
f 58/105/69 42/293/161 43/283/151 59/107/71
f 57/103/67 41/292/160 42/293/161 58/105/69
f 56/101/65 40/291/159 41/292/160 57/103/67
f 55/99/63 39/290/158 40/291/159 56/101/65
f 54/97/61 38/289/157 39/290/158 55/99/63
f 53/95/59 37/288/156 38/289/157 54/97/61
f 52/93/57 36/287/155 37/288/156 53/95/59
f 51/91/55 35/286/154 36/287/155 52/93/57
f 50/89/53 34/285/153 35/286/154 51/91/55
f 49/88/52 33/151/95 34/285/153 50/89/53
f 44/82/47 48/81/46 63/299/166 64/300/73
f 48/81/46 46/84/49 61/297/164 63/299/166
f 139/152/96 33/151/95 49/88/52 140/298/165
f 59/107/71 43/283/151 131/284/152 132/112/76
f 46/84/49 139/152/96 140/298/165 61/297/164
f 312/304/170 314/303/169 299/594/270 297/596/271
f 384/412/202 312/304/170 297/596/271 383/584/260
f 314/303/169 316/410/200 296/595/172 299/594/270
f 310/406/196 311/408/198 295/583/259 294/593/269
f 309/404/194 310/406/196 294/593/269 293/592/268
f 308/402/192 309/404/194 293/592/268 292/591/267
f 307/400/190 308/402/192 292/591/267 291/590/266
f 306/398/188 307/400/190 291/590/266 290/589/265
f 305/396/186 306/398/188 290/589/265 289/588/264
f 304/394/184 305/396/186 289/588/264 288/587/263
f 303/392/182 304/394/184 288/587/263 287/586/262
f 302/389/179 303/392/182 287/586/262 286/585/261
f 301/390/180 302/389/179 286/585/261 285/451/205
f 296/380/172 316/600/200 315/599/274 300/381/173
f 300/381/173 315/599/274 313/597/272 298/383/175
f 391/450/204 392/598/273 301/390/180 285/451/205
f 311/408/198 384/412/202 383/584/260 295/583/259
f 298/383/175 313/597/272 392/598/273 391/450/204
o Sphere.001_Sphere.003
v -0.042429 0.688084 -0.226947
v -0.143070 0.554421 0.318983
v -0.117557 0.726771 -0.675776
v -0.243558 0.626292 -0.433859
v -0.303710 0.458682 -0.287256
v -0.165756 0.710247 -0.825423
v -0.298679 0.596517 -0.703514
v -0.372445 0.421554 -0.623510
v -0.175984 0.687562 -1.030870
v -0.317107 0.555016 -1.079363
v -0.395425 0.369611 -1.093924
v -0.145896 0.655679 -1.319618
v -0.262892 0.497565 -1.599669
v -0.327820 0.297970 -1.742735
v -0.082387 0.633067 -1.524401
v -0.148452 0.456819 -1.968675
v -0.185116 0.247162 -2.202878
v -0.178406 0.390964 0.503195
v -0.060162 0.618649 0.029850
v -0.171944 0.687804 -0.521876
v -0.235043 0.650965 -0.761878
v -0.249545 0.618472 -1.056147
v -0.206881 0.573261 -1.465596
v -0.116824 0.541197 -1.755981
v -0.007224 0.625622 -1.591830
v -0.012490 0.230062 -2.724764
v -0.010017 0.443107 -2.092865
v -0.010242 0.530640 -1.851595
v -0.018240 0.626713 -1.581947
v -0.040754 0.232862 -2.699408
v -0.032683 0.445352 -2.072531
v -0.025862 0.532187 -1.837582
v -0.392028 0.366011 -1.126529
v -0.314383 0.552129 -1.105510
v -0.174472 0.685960 -1.045381
v -0.247401 0.616200 -1.076723
v -0.106147 0.518115 0.595774
v -0.132363 0.354658 0.779985
v -0.042589 0.374454 1.097115
v -0.053107 0.210997 1.281326
v 0.000000 0.442115 -2.101846
v 0.000000 0.228826 -2.735964
v 0.000000 0.740997 -0.958051
v 0.042429 0.688084 -0.226947
v 0.143070 0.554421 0.318983
v 0.117557 0.726771 -0.675776
v 0.243558 0.626292 -0.433859
v 0.303710 0.458682 -0.287256
v 0.165756 0.710247 -0.825423
v 0.298679 0.596517 -0.703514
v 0.372445 0.421554 -0.623510
v 0.175984 0.687562 -1.030870
v 0.317107 0.555016 -1.079363
v 0.395425 0.369611 -1.093924
v 0.145896 0.655679 -1.319618
v 0.262892 0.497565 -1.599669
v 0.327820 0.297970 -1.742735
v 0.082387 0.633067 -1.524401
v 0.148452 0.456819 -1.968675
v 0.185116 0.247162 -2.202878
v 0.000000 0.624907 -1.598306
v 0.178406 0.390964 0.503195
v 0.060162 0.618649 0.029850
v 0.171944 0.687804 -0.521876
v 0.235043 0.650965 -0.761878
v 0.249545 0.618472 -1.056147
v 0.206881 0.573261 -1.465596
v 0.116824 0.541197 -1.755981
v 0.000000 0.529626 -1.860778
v 0.007224 0.625622 -1.591830
v 0.012490 0.230062 -2.724764
v 0.010017 0.443107 -2.092865
v 0.010242 0.530640 -1.851595
v 0.018240 0.626713 -1.581947
v 0.040754 0.232862 -2.699408
v 0.032683 0.445352 -2.072531
v 0.025862 0.532187 -1.837582
v 0.392028 0.366011 -1.126529
v 0.314383 0.552129 -1.105510
v 0.174472 0.685960 -1.045381
v 0.247401 0.616200 -1.076723
v 0.106147 0.518115 0.595774
v 0.132363 0.354658 0.779985
v 0.042589 0.374454 1.097115
v 0.053107 0.210997 1.281326
v 0.000000 0.554421 0.318983
v 0.000000 0.688084 -0.226947
v 0.000000 0.390964 0.503195
v 0.000000 0.618649 0.029850
v 0.000000 0.518115 0.595774
v 0.000000 0.354658 0.779985
v 0.000000 0.374454 1.097115
v 0.000000 0.210997 1.281326
vt 0.000000 0.000000
vt 0.000000 0.000000
vt 0.000000 0.000000
vt 0.000000 0.000000
vt 0.000000 0.000000
vt 0.000000 0.000000
vt 0.000000 0.000000
vt 0.000000 0.000000
vt 0.000000 0.000000
vt 0.192308 0.782678
vt 0.192308 0.857143
vt 0.153846 0.857143
vt 0.153846 0.782678
vt 0.115385 1.000000
vt 0.076923 0.857143
vt 0.076923 0.782678
vt 0.076923 0.571429
vt 0.076923 0.714286
vt 0.000000 0.714286
vt 0.000000 0.571429
vt 0.038462 1.000000
vt 0.000000 0.857143
vt 0.000000 0.782678
vt 1.000000 0.857143
vt 0.961538 1.000000
vt 0.923077 0.857143
vt 1.000000 0.782678
vt 0.923077 0.782678
vt 1.000000 0.571429
vt 1.000000 0.714286
vt 0.923077 0.714286
vt 0.923077 0.571429
vt 0.919211 0.782678
vt 0.919211 0.857143
vt 0.846154 0.857143
vt 0.846154 0.782678
vt 0.919211 0.571429
vt 0.919211 0.714286
vt 0.846154 0.714286
vt 0.846154 0.571429
vt 0.884615 1.000000
vt 0.769231 0.857143
vt 0.769231 0.782678
vt 0.769231 0.714286
vt 0.769231 0.571429
vt 0.807692 1.000000
vt 0.730769 1.000000
vt 0.699048 0.857143
vt 0.709334 0.857143
vt 0.153846 0.714286
vt 0.192308 0.714286
vt 0.709334 0.782678
vt 0.699048 0.782678
vt 0.192308 0.714286
vt 0.153846 0.714286
vt 0.153846 0.714286
vt 0.192308 0.714286
vt 0.153846 0.571429
vt 0.153846 0.571429
vt 0.192308 0.571429
vt 0.153846 0.571429
vt 0.709241 0.571429
vt 0.709241 0.714286
vt 0.192308 1.000000
vt 0.153846 0.782678
vt 0.153846 0.857143
vt 0.076923 0.857143
vt 0.076923 0.782678
vt 0.076923 0.571429
vt 0.000000 0.571429
vt 0.000000 0.714286
vt 0.076923 0.714286
vt 0.000000 0.857143
vt 0.000000 0.782678
vt 1.000000 0.857143
vt 0.923077 0.857143
vt 1.000000 0.782678
vt 0.923077 0.782678
vt 1.000000 0.571429
vt 0.923077 0.571429
vt 0.923077 0.714286
vt 1.000000 0.714286
vt 0.919211 0.782678
vt 0.846154 0.782678
vt 0.846154 0.857143
vt 0.919211 0.857143
vt 0.919211 0.571429
vt 0.846154 0.571429
vt 0.846154 0.714286
vt 0.919211 0.714286
vt 0.769231 0.782678
vt 0.769231 0.857143
vt 0.769231 0.571429
vt 0.769231 0.714286
vt 0.709334 0.857143
vt 0.699048 0.857143
vt 0.153846 0.714286
vt 0.709334 0.782678
vt 0.699048 0.782678
vt 0.153846 0.714286
vt 0.153846 0.714286
vt 0.153846 0.571429
vt 0.153846 0.571429
vt 0.153846 0.571429
vt 0.709241 0.571429
vt 0.709241 0.714286
vt 0.697496 0.571429
vt 0.697496 0.714286
vt 0.692308 0.714286
vt 0.692308 0.571429
vt 0.692308 0.857143
vt 0.692308 0.782678
vt 0.697496 0.571429
vt 0.697496 0.714286
vn -0.8435 -0.5361 0.0329
vn 0.0000 -0.9791 -0.2033
vn 0.0000 -0.4816 0.8764
vn -0.5124 -0.3924 0.7638
vn -0.9886 -0.0611 0.1377
vn 0.0000 -0.9915 -0.1300
vn 0.8435 -0.5361 0.0329
vn 0.5124 -0.3924 0.7638
vn 0.9886 -0.0611 0.1377
vn 0.0000 0.9710 0.2390
vn 0.0000 0.9859 0.1674
vn -0.1805 0.9686 0.1708
vn -0.1742 0.9633 0.2041
vn 0.0000 0.9965 -0.0837
vn -0.2631 0.9627 0.0629
vn -0.4866 0.8661 0.1145
vn -0.8827 0.4443 0.1532
vn -0.6893 0.7111 0.1386
vn -0.8004 0.5984 0.0357
vn -0.9052 0.4176 0.0787
vn -0.4578 0.8884 -0.0336
vn -0.6339 0.7734 -0.0007
vn -0.4769 0.8725 -0.1059
vn -0.6628 0.7422 -0.0992
vn -0.8121 0.5770 -0.0866
vn -0.9163 0.3931 -0.0756
vn -0.6490 0.7458 -0.1500
vn -0.4560 0.8782 -0.1445
vn -0.4254 0.8889 -0.1700
vn -0.5833 0.7871 -0.2007
vn -0.9084 0.3946 -0.1382
vn -0.7979 0.5843 -0.1476
vn -0.7450 0.6306 -0.2174
vn -0.8488 0.4613 -0.2583
vn -0.2907 0.9268 -0.2379
vn -0.3655 0.8826 -0.2958
vn -0.5555 0.7623 -0.3321
vn -0.8484 0.4534 -0.2731
vn -0.1362 0.9566 -0.2575
vn -0.5529 0.8080 0.2034
vn 0.0000 0.9848 0.1736
vn -0.2083 0.9193 -0.3337
vn 0.0000 0.9791 0.2033
vn -0.5272 0.8171 0.2330
vn -0.4820 0.7620 0.4323
vn 0.0000 0.8764 0.4815
vn -0.2712 0.9083 -0.3183
vn -0.1985 0.9252 -0.3234
vn 0.1742 0.9633 0.2041
vn 0.1805 0.9686 0.1708
vn 0.2631 0.9627 0.0629
vn 0.4866 0.8661 0.1145
vn 0.8827 0.4443 0.1532
vn 0.9052 0.4176 0.0787
vn 0.8004 0.5984 0.0357
vn 0.6893 0.7111 0.1386
vn 0.4578 0.8884 -0.0336
vn 0.6339 0.7734 -0.0007
vn 0.4769 0.8725 -0.1059
vn 0.6628 0.7422 -0.0992
vn 0.9163 0.3931 -0.0756
vn 0.8121 0.5770 -0.0866
vn 0.6490 0.7458 -0.1500
vn 0.5833 0.7871 -0.2007
vn 0.4254 0.8889 -0.1700
vn 0.4560 0.8782 -0.1445
vn 0.9084 0.3946 -0.1382
vn 0.8488 0.4613 -0.2583
vn 0.7450 0.6306 -0.2174
vn 0.7979 0.5843 -0.1476
vn 0.3655 0.8826 -0.2958
vn 0.2907 0.9268 -0.2379
vn 0.8484 0.4534 -0.2731
vn 0.5555 0.7623 -0.3321
vn 0.1362 0.9566 -0.2575
vn 0.5529 0.8080 0.2034
vn 0.2083 0.9193 -0.3337
vn 0.4820 0.7620 0.4323
vn 0.5272 0.8171 0.2330
vn 0.2712 0.9083 -0.3183
vn 0.1985 0.9252 -0.3234
vn -0.1886 0.9308 -0.3131
vn 0.0000 0.9457 -0.3249
vn 0.0000 0.9478 -0.3188
vn 0.0000 0.9547 -0.2976
vn 0.0000 0.9400 -0.3412
vn 0.1886 0.9308 -0.3131
usemtl Porple
s 1
f 542/601/275 595/602/276 597/603/277 544/604/278
f 522/605/279 592/606/280 595/602/276 542/601/275
f 587/607/281 589/608/282 597/603/277 595/602/276
f 566/609/283 587/607/281 595/602/276 592/606/280
usemtl DarkPorple
f 593/610/284 591/611/285 505/612/286 523/613/287
f 505/612/286 547/614/288 507/615/289
f 523/613/287 505/612/286 507/615/289 524/616/290
f 509/617/291 508/618/292 511/619/293 512/620/294
f 507/615/289 547/621/288 510/622/295
f 524/616/290 507/615/289 510/622/295 525/623/296
f 510/624/295 547/625/288 513/626/297
f 525/627/296 510/624/295 513/626/297 526/628/298
f 512/629/294 511/630/293 514/631/299 515/632/300
f 540/633/301 539/634/302 516/635/303 527/636/304
f 537/637/305 538/638/306 517/639/307 518/640/308
f 513/626/297 547/641/288 516/635/303 539/634/302
f 527/636/304 516/635/303 519/642/309 528/643/310
f 518/640/308 517/639/307 520/644/311 521/645/312
f 516/635/303 547/646/288 519/642/309
f 519/642/309 547/647/288 529/648/313 533/649/313
f 511/630/293 525/627/296 526/628/298 514/631/299
f 508/618/292 524/616/290 525/623/296 511/619/293
f 506/650/314 523/613/287 524/616/290 508/618/292
f 590/651/315 593/610/284 523/613/287 506/650/314
f 536/652/316 533/649/313 529/648/313 532/653/316
f 528/643/310 519/642/309 533/649/313 536/652/316
f 594/654/317 541/655/318 543/656/319 596/657/320
f 590/651/315 506/650/314 541/655/318 594/654/317
f 506/650/314 522/658/279 542/659/275 541/655/318
f 597/660/277 596/657/320 543/656/319 544/661/278
f 541/655/318 542/659/275 544/661/278 543/656/319
f 509/617/291 506/650/314 508/618/292
f 522/658/279 506/650/314 509/617/291
f 534/662/321 520/644/311 535/663/322
f 521/645/312 520/644/311 534/662/321
f 591/611/285 547/664/288 505/612/286
f 593/610/284 567/665/323 548/666/324 591/611/285
f 548/666/324 550/667/325 547/614/288
f 567/665/323 568/668/326 550/667/325 548/666/324
f 552/669/327 555/670/328 554/671/329 551/672/330
f 550/667/325 553/673/331 547/621/288
f 568/668/326 569/674/332 553/673/331 550/667/325
f 553/675/331 556/676/333 547/625/288
f 569/677/332 570/678/334 556/676/333 553/675/331
f 555/679/328 558/680/335 557/681/336 554/682/329
f 585/683/337 571/684/338 559/685/339 584/686/340
f 582/687/341 561/688/342 560/689/343 583/690/344
f 556/676/333 584/686/340 559/685/339 547/641/288
f 571/684/338 572/691/345 562/692/346 559/685/339
f 561/688/342 564/693/347 563/694/348 560/689/343
f 559/685/339 562/692/346 547/646/288
f 562/692/346 578/695/349 574/696/349 547/647/288
f 554/682/329 557/681/336 570/678/334 569/677/332
f 551/672/330 554/671/329 569/674/332 568/668/326
f 549/697/350 551/672/330 568/668/326 567/665/323
f 590/651/315 549/697/350 567/665/323 593/610/284
f 581/698/351 577/699/351 574/696/349 578/695/349
f 572/691/345 581/698/351 578/695/349 562/692/346
f 594/654/317 596/657/320 588/700/352 586/701/353
f 590/651/315 594/654/317 586/701/353 549/697/350
f 549/697/350 586/701/353 587/702/281 566/703/283
f 597/660/277 589/704/282 588/700/352 596/657/320
f 586/701/353 588/700/352 589/704/282 587/702/281
f 552/669/327 551/672/330 549/697/350
f 566/703/283 552/669/327 549/697/350
f 579/705/354 580/706/355 563/694/348
f 564/693/347 579/705/354 563/694/348
f 591/611/285 548/666/324 547/664/288
usemtl Gold
f 530/707/356 531/708/322 545/709/357 546/710/358
f 532/653/316 529/648/313 565/711/359 573/712/360
f 531/708/322 532/653/316 573/712/360 545/709/357
f 517/639/307 527/636/304 528/643/310 520/644/311
f 538/638/306 540/633/301 527/636/304 517/639/307
f 535/663/322 536/652/316 532/653/316 531/708/322
f 534/662/321 535/663/322 531/708/322 530/707/356
f 529/648/313 547/647/288 565/711/359
f 520/644/311 528/643/310 536/652/316 535/663/322
f 514/631/299 526/628/298 540/633/301 538/638/306
f 515/632/300 514/631/299 538/638/306 537/637/305
f 526/628/298 513/626/297 539/634/302 540/633/301
f 575/713/361 546/710/358 545/709/357 576/714/355
f 577/699/351 573/712/360 565/711/359 574/696/349
f 576/714/355 545/709/357 573/712/360 577/699/351
f 560/689/343 563/694/348 572/691/345 571/684/338
f 583/690/344 560/689/343 571/684/338 585/683/337
f 580/706/355 576/714/355 577/699/351 581/698/351
f 579/705/354 575/713/361 576/714/355 580/706/355
f 574/696/349 565/711/359 547/647/288
f 563/694/348 580/706/355 581/698/351 572/691/345
f 557/681/336 583/690/344 585/683/337 570/678/334
f 558/680/335 582/687/341 583/690/344 557/681/336
f 570/678/334 585/683/337 584/686/340 556/676/333
o Cylinder.001_Cylinder.006
v -1.794173 0.054321 1.647955
v -1.869729 0.054321 -1.333076
v -1.768976 -0.039713 1.647955
v -1.834410 -0.077491 -1.333076
v -1.700138 -0.108551 1.647955
v -1.737916 -0.173985 -1.333076
v -1.606104 -0.133748 1.647955
v -1.606104 -0.209304 -1.333076
v -1.512070 -0.108551 1.647955
v -1.474292 -0.173984 -1.333076
v -1.443232 -0.039713 1.647955
v -1.377799 -0.077491 -1.333076
v -1.418035 0.054321 1.647955
v -1.342479 0.054321 -1.333076
v -1.443232 0.148356 1.647955
v -1.377799 0.186133 -1.333076
v -1.512070 0.217193 1.647955
v -1.474292 0.282627 -1.333076
v -1.606104 0.242390 1.647955
v -1.606104 0.317946 -1.333076
v -1.700138 0.217194 1.647955
v -1.737916 0.282627 -1.333076
v -1.768976 0.148356 1.647955
v -1.834410 0.186134 -1.333076
v -1.984411 0.054321 1.481092
v -1.933727 -0.134832 1.481092
v -1.795257 -0.273302 1.481092
v -1.606104 -0.323985 1.481092
v -1.416951 -0.273302 1.481092
v -1.278481 -0.134832 1.481092
v -1.227798 0.054321 1.481092
v -1.278481 0.243474 1.481092
v -1.416951 0.381944 1.481092
v -1.606104 0.432628 1.481092
v -1.795257 0.381944 1.481092
v -1.933727 0.243475 1.481092
v -1.940856 0.054321 -1.274967
v -1.896008 -0.113055 -1.274967
v -1.773480 -0.235583 -1.274967
v -1.606104 -0.280431 -1.274967
v -1.438728 -0.235583 -1.274967
v -1.316200 -0.113055 -1.274967
v -1.271352 0.054321 -1.274967
v -1.316200 0.221697 -1.274967
v -1.438728 0.344225 -1.274967
v -1.606104 0.389073 -1.274967
v -1.773480 0.344225 -1.274967
v -1.896008 0.221697 -1.274967
v -1.984411 0.054321 1.549707
v -1.933727 -0.134832 1.549707
v -1.795257 -0.273302 1.549707
v -1.606104 -0.323985 1.549707
v -1.416951 -0.273302 1.549707
v -1.278481 -0.134832 1.549707
v -1.227798 0.054321 1.549707
v -1.278481 0.243474 1.549707
v -1.416951 0.381944 1.549707
v -1.606104 0.432628 1.549707
v -1.795257 0.381944 1.549707
v -1.933727 0.243475 1.549707
v -1.896008 -0.113055 -1.333076
v -1.940856 0.054321 -1.333076
v -1.773480 -0.235583 -1.333076
v -1.606104 -0.280431 -1.333076
v -1.438728 -0.235583 -1.333076
v -1.316200 -0.113055 -1.333076
v -1.271352 0.054321 -1.333076
v -1.316200 0.221697 -1.333076
v -1.438728 0.344225 -1.333076
v -1.606104 0.389073 -1.333076
v -1.773480 0.344225 -1.333076
v -1.896008 0.221697 -1.333076
v -1.896008 -0.113055 1.443474
v -1.773480 -0.235583 1.443474
v -1.606104 -0.280431 1.443474
v -1.438728 -0.235583 1.443474
v -1.316200 -0.113055 1.443474
v -1.271352 0.054321 1.443474
v -1.316200 0.221697 1.443474
v -1.438728 0.344225 1.443474
v -1.606104 0.389073 1.443474
v -1.773480 0.344225 1.443474
v -1.896008 0.221697 1.443474
v -1.940856 0.054321 1.443474
v -1.940856 0.054321 1.432967
v -1.896008 -0.113055 1.432967
v -1.773480 -0.235583 1.432967
v -1.606104 -0.280431 1.432967
v -1.438728 -0.235583 1.432967
v -1.316200 -0.113055 1.432967
v -1.271352 0.054321 1.432967
v -1.316200 0.221697 1.432967
v -1.438728 0.344225 1.432967
v -1.606104 0.389073 1.432967
v -1.773480 0.344225 1.432967
v -1.896008 0.221697 1.432967
v -1.933727 -0.134832 1.489235
v -1.795257 -0.273302 1.489235
v -1.606104 -0.323985 1.489235
v -1.416951 -0.273302 1.489235
v -1.278481 -0.134832 1.489235
v -1.227798 0.054321 1.489235
v -1.278481 0.243474 1.489235
v -1.416951 0.381944 1.489235
v -1.606104 0.432628 1.489235
v -1.795257 0.381944 1.489235
v -1.933727 0.243475 1.489235
v -1.984411 0.054321 1.489235
v -1.901601 -0.116284 1.449051
v -1.776709 -0.241175 1.449051
v -1.606104 -0.286889 1.449051
v -1.435499 -0.241175 1.449051
v -1.310607 -0.116284 1.449051
v -1.264894 0.054321 1.449051
v -1.310607 0.224926 1.449051
v -1.435499 0.349818 1.449051
v -1.606104 0.395531 1.449051
v -1.776709 0.349818 1.449051
v -1.901601 0.224926 1.449051
v -1.947314 0.054321 1.449051
v -1.928297 -0.131697 1.475676
v -1.792122 -0.267872 1.475676
v -1.606104 -0.317715 1.475676
v -1.420086 -0.267872 1.475676
v -1.283911 -0.131697 1.475676
v -1.234068 0.054321 1.475676
v -1.283911 0.240339 1.475676
v -1.420086 0.376514 1.475676
v -1.606104 0.426357 1.475676
v -1.792122 0.376514 1.475676
v -1.928297 0.240339 1.475676
v -1.978140 0.054321 1.475676
v -1.852194 -0.087759 2.054127
v -1.890265 0.054321 2.054127
v -1.748184 -0.191769 2.054127
v -1.606104 -0.229839 2.054127
v -1.464024 -0.191769 2.054127
v -1.360014 -0.087759 2.054127
v -1.321944 0.054321 2.054127
v -1.360014 0.196401 2.054127
v -1.464024 0.300411 2.054127
v -1.606104 0.338482 2.054127
v -1.748184 0.300411 2.054127
v -1.852194 0.196402 2.054127
v -1.887817 0.054321 2.067239
v -1.850075 -0.086535 2.067239
v -1.746961 -0.189650 2.067239
v -1.606104 -0.227392 2.067239
v -1.465247 -0.189650 2.067239
v -1.362133 -0.086535 2.067239
v -1.324391 0.054321 2.067239
v -1.362133 0.195178 2.067239
v -1.465247 0.298292 2.067239
v -1.606104 0.336034 2.067239
v -1.746961 0.298292 2.067239
v -1.850075 0.195178 2.067239
v -1.874257 0.054321 2.067239
v -1.838331 -0.079755 2.067239
v -1.740180 -0.177906 2.067239
v -1.606104 -0.213832 2.067239
v -1.472028 -0.177906 2.067239
v -1.373877 -0.079755 2.067239
v -1.337951 0.054321 2.067239
v -1.373877 0.188397 2.067239
v -1.472028 0.286548 2.067239
v -1.606104 0.322474 2.067239
v -1.740180 0.286548 2.067239
v -1.838331 0.188398 2.067239
v -1.850332 0.054321 2.067863
v -1.817611 -0.067793 2.067863
v -1.728218 -0.157186 2.067863
v -1.606104 -0.189906 2.067863
v -1.483990 -0.157186 2.067863
v -1.394597 -0.067793 2.067863
v -1.361876 0.054321 2.067863
v -1.394597 0.176435 2.067863
v -1.483990 0.265828 2.067863
v -1.606104 0.298549 2.067863
v -1.728218 0.265829 2.067863
v -1.817611 0.176435 2.067863
v -1.838494 0.054321 2.067863
v -1.807359 -0.061874 2.067863
v -1.722299 -0.146934 2.067863
v -1.606104 -0.178069 2.067863
v -1.489909 -0.146934 2.067863
v -1.404849 -0.061874 2.067863
v -1.373714 0.054321 2.067863
v -1.404849 0.170516 2.067863
v -1.489909 0.255577 2.067863
v -1.606104 0.286711 2.067863
v -1.722299 0.255577 2.067863
v -1.807359 0.170516 2.067863
v -1.653700 0.026842 -1.485767
v -1.661063 0.054321 -1.485767
v -1.633584 0.006725 -1.485767
v -1.606104 -0.000638 -1.485767
v -1.578625 0.006725 -1.485767
v -1.558508 0.026842 -1.485767
v -1.551145 0.054321 -1.485767
v -1.558508 0.081801 -1.485767
v -1.578625 0.101917 -1.485767
v -1.606104 0.109280 -1.485767
v -1.633584 0.101917 -1.485767
v -1.653700 0.081801 -1.485767
v -1.703520 -0.001922 -1.485767
v -1.718590 0.054321 -1.485767
v -1.662347 -0.043095 -1.485767
v -1.606104 -0.058165 -1.485767
v -1.549861 -0.043095 -1.485767
v -1.508688 -0.001922 -1.485767
v -1.493618 0.054321 -1.485767
v -1.508688 0.110564 -1.485767
v -1.549861 0.151737 -1.485767
v -1.606104 0.166807 -1.485767
v -1.662347 0.151737 -1.485767
v -1.703520 0.110564 -1.485767
v -1.650092 0.028925 -1.892516
v -1.656897 0.054321 -1.892516
v -1.631500 0.010334 -1.892516
v -1.606104 0.003529 -1.892516
v -1.580708 0.010334 -1.892516
v -1.562117 0.028925 -1.892516
v -1.555312 0.054321 -1.892516
v -1.562117 0.079718 -1.892516
v -1.580708 0.098309 -1.892516
v -1.606104 0.105114 -1.892516
v -1.631500 0.098309 -1.892516
v -1.650092 0.079718 -1.892516
v -1.665033 0.054321 -1.485767
v -1.657138 0.024857 -1.485767
v -1.635568 0.003287 -1.485767
v -1.606104 -0.004608 -1.485767
v -1.576640 0.003287 -1.485767
v -1.555070 0.024857 -1.485767
v -1.547176 0.054321 -1.485767
v -1.555070 0.083786 -1.485767
v -1.576640 0.105355 -1.485767
v -1.606104 0.113250 -1.485767
v -1.635568 0.105355 -1.485767
v -1.657138 0.083786 -1.485767
v -1.699129 0.000613 -1.485767
v -1.659812 -0.038704 -1.485767
v -1.606104 -0.053094 -1.485767
v -1.552396 -0.038704 -1.485767
v -1.513080 0.000613 -1.485767
v -1.498689 0.054321 -1.485767
v -1.513080 0.108029 -1.485767
v -1.552396 0.147346 -1.485767
v -1.606104 0.161737 -1.485767
v -1.659812 0.147346 -1.485767
v -1.699129 0.108029 -1.485767
v -1.713520 0.054321 -1.485767
v -1.507123 0.111468 -1.483941
v -1.548958 0.153302 -1.483941
v -1.548958 -0.044660 -1.483941
v -1.507123 -0.002825 -1.483941
v -1.705085 0.111468 -1.483941
v -1.720397 0.054321 -1.483941
v -1.705085 -0.002825 -1.483941
v -1.663251 -0.044660 -1.483941
v -1.606104 0.168614 -1.483941
v -1.491811 0.054321 -1.483941
v -1.606104 -0.059972 -1.483941
v -1.663251 0.153302 -1.483941
v -1.475360 0.280776 -1.335235
v -1.379649 -0.076423 -1.335235
v -1.867592 0.054321 -1.335235
v -1.736848 -0.172134 -1.335235
v -1.606104 0.315809 -1.335235
v -1.344617 0.054321 -1.335235
v -1.606104 -0.207166 -1.335235
v -1.736848 0.280776 -1.335235
v -1.379649 0.185065 -1.335235
v -1.475360 -0.172134 -1.335235
v -1.832559 0.185065 -1.335235
v -1.832559 -0.076423 -1.335235
v -1.873312 0.054321 -1.333076
v -1.837513 -0.079283 -1.333076
v -1.739708 -0.177087 -1.333076
v -1.606104 -0.212886 -1.333076
v -1.472500 -0.177087 -1.333076
v -1.374696 -0.079283 -1.333076
v -1.338897 0.054321 -1.333076
v -1.374696 0.187925 -1.333076
v -1.472500 0.285730 -1.333076
v -1.606104 0.321529 -1.333076
v -1.739708 0.285730 -1.333076
v -1.837513 0.187925 -1.333076
v -1.891096 -0.110219 -1.333076
v -1.770644 -0.230670 -1.333076
v -1.606104 -0.274759 -1.333076
v -1.441564 -0.230670 -1.333076
v -1.321113 -0.110219 -1.333076
v -1.277025 0.054321 -1.333076
v -1.321113 0.218861 -1.333076
v -1.441564 0.339313 -1.333076
v -1.606104 0.383401 -1.333076
v -1.770644 0.339313 -1.333076
v -1.891096 0.218861 -1.333076
v -1.935184 0.054321 -1.333076
v -1.653700 0.026842 -1.892516
v -1.661063 0.054321 -1.892516
v -1.633584 0.006726 -1.892516
v -1.606104 -0.000637 -1.892516
v -1.578625 0.006726 -1.892516
v -1.558509 0.026842 -1.892516
v -1.551145 0.054321 -1.892516
v -1.558509 0.081801 -1.892516
v -1.578625 0.101917 -1.892516
v -1.606104 0.109280 -1.892516
v -1.633584 0.101917 -1.892516
v -1.653700 0.081801 -1.892516
v -1.578625 0.101917 -1.886036
v -1.606104 0.109280 -1.886036
v -1.558509 0.026842 -1.886036
v -1.551145 0.054321 -1.886036
v -1.633584 0.006726 -1.886036
v -1.606104 -0.000637 -1.886036
v -1.633584 0.101917 -1.886036
v -1.558509 0.081801 -1.886036
v -1.578625 0.006726 -1.886036
v -1.653700 0.081801 -1.886036
v -1.661063 0.054321 -1.886036
v -1.653700 0.026842 -1.886036
v -1.606104 0.109280 -1.490781
v -1.551145 0.054321 -1.490781
v -1.606104 -0.000638 -1.490781
v -1.633584 0.101917 -1.490781
v -1.558508 0.081801 -1.490781
v -1.578625 0.006725 -1.490781
v -1.653700 0.081801 -1.490781
v -1.653700 0.026842 -1.490781
v -1.578625 0.101917 -1.490781
v -1.558508 0.026842 -1.490781
v -1.633584 0.006725 -1.490781
v -1.661063 0.054321 -1.490781
v -1.769464 -0.039995 1.678506
v -1.794737 0.054321 1.678506
v -1.700420 -0.109039 1.678506
v -1.606104 -0.134311 1.678506
v -1.511788 -0.109039 1.678506
v -1.442744 -0.039995 1.678506
v -1.417472 0.054321 1.678506
v -1.442744 0.148637 1.678506
v -1.511788 0.217682 1.678506
v -1.606104 0.242954 1.678506
v -1.700420 0.217682 1.678506
v -1.769464 0.148638 1.678506
v -1.838274 0.054321 2.055974
v -1.807169 -0.061764 2.055974
v -1.722189 -0.146744 2.055974
v -1.606104 -0.177849 2.055974
v -1.490019 -0.146744 2.055974
v -1.405038 -0.061764 2.055974
v -1.373934 0.054321 2.055974
v -1.405039 0.170406 2.055974
v -1.490019 0.255387 2.055974
v -1.606104 0.286492 2.055974
v -1.722189 0.255387 2.055974
v -1.807169 0.170407 2.055974
v 1.794173 0.054321 1.647955
v 1.869729 0.054321 -1.333076
v 1.768976 -0.039713 1.647955
v 1.834410 -0.077491 -1.333076
v 1.700138 -0.108551 1.647955
v 1.737916 -0.173985 -1.333076
v 1.606104 -0.133748 1.647955
v 1.606104 -0.209304 -1.333076
v 1.512069 -0.108551 1.647955
v 1.474292 -0.173984 -1.333076
v 1.443232 -0.039713 1.647955
v 1.377798 -0.077491 -1.333076
v 1.418035 0.054321 1.647955
v 1.342479 0.054321 -1.333076
v 1.443232 0.148356 1.647955
v 1.377798 0.186133 -1.333076
v 1.512069 0.217193 1.647955
v 1.474292 0.282627 -1.333076
v 1.606104 0.242390 1.647955
v 1.606104 0.317946 -1.333076
v 1.700138 0.217194 1.647955
v 1.737916 0.282627 -1.333076
v 1.768976 0.148356 1.647955
v 1.834410 0.186134 -1.333076
v 1.984411 0.054321 1.481091
v 1.933727 -0.134832 1.481091
v 1.795257 -0.273302 1.481091
v 1.606104 -0.323985 1.481091
v 1.416950 -0.273302 1.481091
v 1.278481 -0.134832 1.481091
v 1.227798 0.054321 1.481091
v 1.278481 0.243474 1.481091
v 1.416950 0.381944 1.481091
v 1.606104 0.432628 1.481091
v 1.795257 0.381944 1.481091
v 1.933727 0.243475 1.481091
v 1.940856 0.054321 -1.274967
v 1.896008 -0.113055 -1.274967
v 1.773480 -0.235583 -1.274967
v 1.606104 -0.280431 -1.274967
v 1.438728 -0.235583 -1.274967
v 1.316200 -0.113055 -1.274967
v 1.271352 0.054321 -1.274967
v 1.316200 0.221697 -1.274967
v 1.438728 0.344225 -1.274967
v 1.606104 0.389073 -1.274967
v 1.773480 0.344225 -1.274967
v 1.896008 0.221697 -1.274967
v 1.984410 0.054321 1.549707
v 1.933727 -0.134832 1.549707
v 1.795257 -0.273302 1.549707
v 1.606104 -0.323985 1.549707
v 1.416950 -0.273302 1.549707
v 1.278481 -0.134832 1.549707
v 1.227798 0.054321 1.549707
v 1.278481 0.243474 1.549707
v 1.416950 0.381944 1.549707
v 1.606104 0.432628 1.549707
v 1.795257 0.381944 1.549707
v 1.933727 0.243475 1.549707
v 1.896008 -0.113055 -1.333076
v 1.940856 0.054321 -1.333076
v 1.773480 -0.235583 -1.333076
v 1.606104 -0.280431 -1.333076
v 1.438728 -0.235583 -1.333076
v 1.316200 -0.113055 -1.333076
v 1.271352 0.054321 -1.333076
v 1.316200 0.221697 -1.333076
v 1.438728 0.344225 -1.333076
v 1.606104 0.389073 -1.333076
v 1.773480 0.344225 -1.333076
v 1.896008 0.221697 -1.333076
v 1.896008 -0.113055 1.443474
v 1.773480 -0.235583 1.443474
v 1.606104 -0.280431 1.443474
v 1.438728 -0.235583 1.443474
v 1.316200 -0.113055 1.443474
v 1.271352 0.054321 1.443474
v 1.316200 0.221697 1.443474
v 1.438728 0.344225 1.443474
v 1.606104 0.389073 1.443474
v 1.773480 0.344225 1.443474
v 1.896008 0.221697 1.443474
v 1.940856 0.054321 1.443474
v 1.940856 0.054321 1.432967
v 1.896008 -0.113055 1.432967
v 1.773480 -0.235583 1.432967
v 1.606104 -0.280431 1.432967
v 1.438728 -0.235583 1.432967
v 1.316200 -0.113055 1.432967
v 1.271352 0.054321 1.432967
v 1.316200 0.221697 1.432967
v 1.438728 0.344225 1.432967
v 1.606104 0.389073 1.432967
v 1.773480 0.344225 1.432967
v 1.896008 0.221697 1.432967
v 1.933727 -0.134832 1.489235
v 1.795257 -0.273302 1.489235
v 1.606104 -0.323985 1.489235
v 1.416950 -0.273302 1.489235
v 1.278481 -0.134832 1.489235
v 1.227798 0.054321 1.489235
v 1.278481 0.243474 1.489235
v 1.416950 0.381944 1.489235
v 1.606104 0.432628 1.489235
v 1.795257 0.381944 1.489235
v 1.933727 0.243475 1.489235
v 1.984411 0.054321 1.489235
v 1.901601 -0.116284 1.449051
v 1.776709 -0.241175 1.449051
v 1.606104 -0.286889 1.449051
v 1.435499 -0.241175 1.449051
v 1.310607 -0.116284 1.449051
v 1.264894 0.054321 1.449051
v 1.310607 0.224926 1.449051
v 1.435499 0.349818 1.449051
v 1.606104 0.395531 1.449051
v 1.776709 0.349818 1.449051
v 1.901601 0.224926 1.449051
v 1.947314 0.054321 1.449051
v 1.928297 -0.131697 1.475676
v 1.792122 -0.267872 1.475676
v 1.606104 -0.317715 1.475676
v 1.420086 -0.267872 1.475676
v 1.283911 -0.131697 1.475676
v 1.234068 0.054321 1.475676
v 1.283911 0.240339 1.475676
v 1.420086 0.376514 1.475676
v 1.606104 0.426357 1.475676
v 1.792122 0.376514 1.475676
v 1.928297 0.240339 1.475676
v 1.978140 0.054321 1.475676
v 1.852194 -0.087759 2.054127
v 1.890265 0.054321 2.054127
v 1.748184 -0.191769 2.054127
v 1.606104 -0.229839 2.054127
v 1.464024 -0.191769 2.054127
v 1.360013 -0.087759 2.054127
v 1.321943 0.054321 2.054127
v 1.360013 0.196401 2.054127
v 1.464024 0.300411 2.054127
v 1.606104 0.338482 2.054127
v 1.748184 0.300411 2.054127
v 1.852194 0.196402 2.054127
v 1.887817 0.054321 2.067239
v 1.850075 -0.086535 2.067239
v 1.746960 -0.189650 2.067239
v 1.606104 -0.227392 2.067239
v 1.465247 -0.189650 2.067239
v 1.362133 -0.086535 2.067239
v 1.324391 0.054321 2.067239
v 1.362133 0.195178 2.067239
v 1.465247 0.298292 2.067239
v 1.606104 0.336034 2.067239
v 1.746960 0.298292 2.067239
v 1.850075 0.195178 2.067239
v 1.874257 0.054321 2.067239
v 1.838331 -0.079755 2.067239
v 1.740180 -0.177906 2.067239
v 1.606104 -0.213832 2.067239
v 1.472028 -0.177906 2.067239
v 1.373877 -0.079755 2.067239
v 1.337951 0.054321 2.067239
v 1.373877 0.188397 2.067239
v 1.472028 0.286548 2.067239
v 1.606104 0.322474 2.067239
v 1.740180 0.286548 2.067239
v 1.838331 0.188398 2.067239
v 1.850332 0.054321 2.067863
v 1.817611 -0.067793 2.067863
v 1.728218 -0.157186 2.067863
v 1.606104 -0.189906 2.067863
v 1.483990 -0.157186 2.067863
v 1.394596 -0.067793 2.067863
v 1.361876 0.054321 2.067863
v 1.394596 0.176435 2.067863
v 1.483990 0.265828 2.067863
v 1.606104 0.298549 2.067863
v 1.728218 0.265829 2.067863
v 1.817611 0.176435 2.067863
v 1.838494 0.054321 2.067863
v 1.807359 -0.061874 2.067863
v 1.722299 -0.146934 2.067863
v 1.606104 -0.178069 2.067863
v 1.489909 -0.146934 2.067863
v 1.404848 -0.061874 2.067863
v 1.373714 0.054321 2.067863
v 1.404849 0.170516 2.067863
v 1.489909 0.255577 2.067863
v 1.606104 0.286711 2.067863
v 1.722299 0.255577 2.067863
v 1.807359 0.170516 2.067863
v 1.653700 0.026842 -1.485767
v 1.661063 0.054321 -1.485767
v 1.633584 0.006725 -1.485767
v 1.606104 -0.000638 -1.485767
v 1.578625 0.006725 -1.485767
v 1.558509 0.026842 -1.485767
v 1.551145 0.054321 -1.485767
v 1.558509 0.081801 -1.485767
v 1.578625 0.101917 -1.485767
v 1.606104 0.109280 -1.485767
v 1.633584 0.101917 -1.485767
v 1.653700 0.081801 -1.485767
v 1.703520 -0.001922 -1.485767
v 1.718590 0.054321 -1.485767
v 1.662347 -0.043095 -1.485767
v 1.606104 -0.058165 -1.485767
v 1.549861 -0.043095 -1.485767
v 1.508688 -0.001922 -1.485767
v 1.493618 0.054321 -1.485767
v 1.508688 0.110564 -1.485767
v 1.549861 0.151737 -1.485767
v 1.606104 0.166807 -1.485767
v 1.662347 0.151737 -1.485767
v 1.703520 0.110564 -1.485767
v 1.650092 0.028925 -1.892516
v 1.656897 0.054321 -1.892516
v 1.631500 0.010334 -1.892516
v 1.606104 0.003529 -1.892516
v 1.580708 0.010334 -1.892516
v 1.562117 0.028925 -1.892516
v 1.555312 0.054321 -1.892516
v 1.562117 0.079718 -1.892516
v 1.580708 0.098309 -1.892516
v 1.606104 0.105114 -1.892516
v 1.631500 0.098309 -1.892516
v 1.650092 0.079718 -1.892516
v 1.665033 0.054321 -1.485767
v 1.657138 0.024857 -1.485767
v 1.635568 0.003287 -1.485767
v 1.606104 -0.004608 -1.485767
v 1.576640 0.003287 -1.485767
v 1.555070 0.024857 -1.485767
v 1.547175 0.054321 -1.485767
v 1.555070 0.083786 -1.485767
v 1.576640 0.105355 -1.485767
v 1.606104 0.113250 -1.485767
v 1.635568 0.105355 -1.485767
v 1.657138 0.083786 -1.485767
v 1.699129 0.000613 -1.485767
v 1.659812 -0.038704 -1.485767
v 1.606104 -0.053094 -1.485767
v 1.552396 -0.038704 -1.485767
v 1.513079 0.000613 -1.485767
v 1.498688 0.054321 -1.485767
v 1.513079 0.108029 -1.485767
v 1.552396 0.147346 -1.485767
v 1.606104 0.161737 -1.485767
v 1.659812 0.147346 -1.485767
v 1.699129 0.108029 -1.485767
v 1.713520 0.054321 -1.485767
v 1.507123 0.111468 -1.483941
v 1.548958 0.153302 -1.483941
v 1.548958 -0.044660 -1.483941
v 1.507123 -0.002825 -1.483941
v 1.705085 0.111468 -1.483941
v 1.720397 0.054321 -1.483941
v 1.705085 -0.002825 -1.483941
v 1.663251 -0.044660 -1.483941
v 1.606104 0.168614 -1.483941
v 1.491811 0.054321 -1.483941
v 1.606104 -0.059972 -1.483941
v 1.663251 0.153302 -1.483941
v 1.475360 0.280776 -1.335235
v 1.379649 -0.076423 -1.335235
v 1.867592 0.054321 -1.335235
v 1.736848 -0.172134 -1.335235
v 1.606104 0.315809 -1.335235
v 1.344617 0.054321 -1.335235
v 1.606104 -0.207166 -1.335235
v 1.736848 0.280776 -1.335235
v 1.379649 0.185065 -1.335235
v 1.475360 -0.172134 -1.335235
v 1.832559 0.185065 -1.335235
v 1.832559 -0.076423 -1.335235
v 1.873312 0.054321 -1.333076
v 1.837513 -0.079283 -1.333076
v 1.739708 -0.177087 -1.333076
v 1.606104 -0.212886 -1.333076
v 1.472500 -0.177087 -1.333076
v 1.374696 -0.079283 -1.333076
v 1.338897 0.054321 -1.333076
v 1.374696 0.187925 -1.333076
v 1.472500 0.285730 -1.333076
v 1.606104 0.321529 -1.333076
v 1.739708 0.285730 -1.333076
v 1.837513 0.187925 -1.333076
v 1.891095 -0.110219 -1.333076
v 1.770644 -0.230670 -1.333076
v 1.606104 -0.274759 -1.333076
v 1.441564 -0.230670 -1.333076
v 1.321113 -0.110219 -1.333076
v 1.277025 0.054321 -1.333076
v 1.321113 0.218861 -1.333076
v 1.441564 0.339313 -1.333076
v 1.606104 0.383401 -1.333076
v 1.770644 0.339313 -1.333076
v 1.891095 0.218861 -1.333076
v 1.935184 0.054321 -1.333076
v 1.653700 0.026842 -1.892516
v 1.661063 0.054321 -1.892516
v 1.633584 0.006726 -1.892516
v 1.606104 -0.000637 -1.892516
v 1.578625 0.006726 -1.892516
v 1.558509 0.026842 -1.892516
v 1.551146 0.054321 -1.892516
v 1.558509 0.081801 -1.892516
v 1.578625 0.101917 -1.892516
v 1.606104 0.109280 -1.892516
v 1.633584 0.101917 -1.892516
v 1.653700 0.081801 -1.892516
v 1.578625 0.101917 -1.886036
v 1.606104 0.109280 -1.886036
v 1.558509 0.026842 -1.886036
v 1.551146 0.054321 -1.886036
v 1.633584 0.006726 -1.886036
v 1.606104 -0.000637 -1.886036
v 1.633584 0.101917 -1.886036
v 1.558509 0.081801 -1.886036
v 1.578625 0.006726 -1.886036
v 1.653700 0.081801 -1.886036
v 1.661063 0.054321 -1.886036
v 1.653700 0.026842 -1.886036
v 1.606104 0.109280 -1.490780
v 1.551145 0.054321 -1.490780
v 1.606104 -0.000638 -1.490780
v 1.633584 0.101917 -1.490780
v 1.558509 0.081801 -1.490780
v 1.578625 0.006725 -1.490780
v 1.653700 0.081801 -1.490780
v 1.653700 0.026842 -1.490780
v 1.578625 0.101917 -1.490780
v 1.558509 0.026842 -1.490780
v 1.633584 0.006725 -1.490780
v 1.661063 0.054321 -1.490780
v 1.769464 -0.039995 1.678506
v 1.794736 0.054321 1.678506
v 1.700420 -0.109039 1.678506
v 1.606104 -0.134311 1.678506
v 1.511788 -0.109039 1.678506
v 1.442744 -0.039995 1.678506
v 1.417471 0.054321 1.678506
v 1.442744 0.148637 1.678506
v 1.511788 0.217682 1.678506
v 1.606104 0.242954 1.678506
v 1.700420 0.217682 1.678506
v 1.769464 0.148638 1.678506
v 1.838274 0.054321 2.055974
v 1.807169 -0.061764 2.055974
v 1.722189 -0.146744 2.055974
v 1.606104 -0.177849 2.055974
v 1.490019 -0.146744 2.055974
v 1.405038 -0.061764 2.055974
v 1.373934 0.054321 2.055974
v 1.405038 0.170406 2.055974
v 1.490019 0.255387 2.055974
v 1.606104 0.286492 2.055974
v 1.722189 0.255387 2.055974
v 1.807169 0.170407 2.055974
vt 1.000000 0.990616
vt 1.000000 1.000000
vt 0.916667 1.000000
vt 0.916667 0.990616
vt 0.833333 1.000000
vt 0.833333 0.990616
vt 0.750000 1.000000
vt 0.750000 0.990616
vt 0.666667 1.000000
vt 0.666667 0.990616
vt 0.583333 1.000000
vt 0.583333 0.990616
vt 0.500000 1.000000
vt 0.500000 0.990616
vt 0.416667 1.000000
vt 0.416667 0.990616
vt 0.333333 1.000000
vt 0.333333 0.990616
vt 0.250000 1.000000
vt 0.250000 0.990616
vt 0.166667 1.000000
vt 0.166667 0.990616
vt 0.086317 0.155497
vt 0.155497 0.086317
vt 0.155497 0.086317
vt 0.086317 0.155497
vt 0.083333 1.000000
vt 0.083333 0.990616
vt 0.000000 1.000000
vt 0.000000 0.990616
vt 1.000000 0.519615
vt 0.916667 0.519615
vt 0.250000 0.485933
vt 0.367967 0.454324
vt 0.370000 0.457846
vt 0.250000 0.490000
vt 0.454324 0.367967
vt 0.457846 0.370000
vt 0.485933 0.250000
vt 0.490000 0.250000
vt 0.454324 0.132033
vt 0.457846 0.130000
vt 0.367967 0.045676
vt 0.370000 0.042154
vt 0.250000 0.014067
vt 0.250000 0.010000
vt 0.132033 0.045676
vt 0.130000 0.042154
vt 0.045676 0.132033
vt 0.042154 0.130000
vt 0.014067 0.250000
vt 0.010000 0.250000
vt 0.045676 0.367967
vt 0.042154 0.370000
vt 0.132033 0.454324
vt 0.130000 0.457846
vt 1.000000 0.516763
vt 1.000000 0.517752
vt 0.916667 0.517752
vt 0.916667 0.516763
vt 0.833333 0.517752
vt 0.833333 0.516762
vt 0.750000 0.517752
vt 0.750000 0.516763
vt 0.666667 0.517752
vt 0.666667 0.516762
vt 0.583333 0.517752
vt 0.583333 0.516762
vt 0.500000 0.517752
vt 0.500000 0.516763
vt 0.416667 0.517752
vt 0.416667 0.516763
vt 0.333333 0.517752
vt 0.333333 0.516763
vt 0.250000 0.517752
vt 0.250000 0.516762
vt 0.166667 0.517752
vt 0.166667 0.516762
vt 0.083333 0.517752
vt 0.083333 0.516762
vt 0.000000 0.517752
vt 0.000000 0.516763
vt 0.833333 0.519615
vt 0.750000 0.519615
vt 0.666667 0.519615
vt 0.583333 0.519615
vt 0.500000 0.519615
vt 0.416667 0.519615
vt 0.333333 0.519615
vt 0.250000 0.519615
vt 0.166667 0.519615
vt 0.083333 0.519615
vt 0.000000 0.519615
vt 0.344503 0.086317
vt 0.413683 0.155497
vt 0.413683 0.155497
vt 0.344503 0.086317
vt 0.250000 0.439005
vt 0.155497 0.413683
vt 0.155497 0.413683
vt 0.250000 0.439005
vt 0.413683 0.344503
vt 0.344503 0.413683
vt 0.344503 0.413683
vt 0.413683 0.344503
vt 0.060995 0.250000
vt 0.060995 0.250000
vt 0.250000 0.060995
vt 0.250000 0.060995
vt 0.439005 0.250000
vt 0.439005 0.250000
vt 0.086316 0.344503
vt 0.086316 0.344503
vt 0.250000 0.430486
vt 0.340243 0.406305
vt 0.406305 0.340243
vt 0.430486 0.250000
vt 0.406305 0.159757
vt 0.340243 0.093695
vt 0.250000 0.069514
vt 0.159757 0.093695
vt 0.093695 0.159757
vt 0.069514 0.250000
vt 0.093695 0.340243
vt 0.159757 0.406305
vt 0.203827 0.329973
vt 0.250000 0.342345
vt 0.250000 0.349015
vt 0.200492 0.335750
vt 0.170027 0.296172
vt 0.164250 0.299508
vt 0.157655 0.250000
vt 0.150985 0.250000
vt 0.170027 0.203828
vt 0.164250 0.200492
vt 0.203828 0.170027
vt 0.200492 0.164250
vt 0.250000 0.157655
vt 0.250000 0.150985
vt 0.296172 0.170027
vt 0.299508 0.164250
vt 0.329973 0.203828
vt 0.335750 0.200492
vt 0.342345 0.250000
vt 0.349015 0.250000
vt 0.329973 0.296172
vt 0.335750 0.299508
vt 0.296172 0.329973
vt 0.299508 0.335750
vt 0.344503 0.413683
vt 0.250000 0.439005
vt 0.155497 0.413683
vt 0.086316 0.344503
vt 0.413683 0.155497
vt 0.439005 0.250000
vt 0.155497 0.086317
vt 0.250000 0.060995
vt 0.060995 0.250000
vt 0.413683 0.344503
vt 0.344503 0.086317
vt 0.086317 0.155497
vt 0.086317 0.155497
vt 0.155497 0.086317
vt 0.344503 0.086317
vt 0.413683 0.155497
vt 0.250000 0.439005
vt 0.155497 0.413683
vt 0.413683 0.344503
vt 0.344503 0.413683
vt 0.060995 0.250000
vt 0.250000 0.060995
vt 0.439005 0.250000
vt 0.086316 0.344503
vt 0.250000 0.441574
vt 0.154213 0.415908
vt 0.084092 0.345787
vt 0.058426 0.250000
vt 0.084092 0.154213
vt 0.154213 0.084092
vt 0.250000 0.058426
vt 0.345787 0.084092
vt 0.415908 0.154213
vt 0.441574 0.250000
vt 0.415908 0.345787
vt 0.345787 0.415908
vt 1.000000 0.990616
vt 0.916667 0.990616
vt 0.916667 1.000000
vt 1.000000 1.000000
vt 0.833333 0.990616
vt 0.833333 1.000000
vt 0.750000 0.990616
vt 0.750000 1.000000
vt 0.666667 0.990616
vt 0.666667 1.000000
vt 0.583333 0.990616
vt 0.583333 1.000000
vt 0.500000 0.990616
vt 0.500000 1.000000
vt 0.416667 0.990616
vt 0.416667 1.000000
vt 0.333333 0.990616
vt 0.333333 1.000000
vt 0.250000 0.990616
vt 0.250000 1.000000
vt 0.166667 0.990616
vt 0.166667 1.000000
vt 0.086317 0.155497
vt 0.086317 0.155497
vt 0.155497 0.086317
vt 0.155497 0.086317
vt 0.083333 0.990616
vt 0.083333 1.000000
vt 0.000000 0.990616
vt 0.000000 1.000000
vt 1.000000 0.519615
vt 0.916667 0.519615
vt 0.250000 0.485933
vt 0.250000 0.490000
vt 0.370000 0.457846
vt 0.367967 0.454324
vt 0.457846 0.370000
vt 0.454324 0.367967
vt 0.490000 0.250000
vt 0.485933 0.250000
vt 0.457846 0.130000
vt 0.454324 0.132033
vt 0.370000 0.042154
vt 0.367967 0.045676
vt 0.250000 0.010000
vt 0.250000 0.014067
vt 0.130000 0.042154
vt 0.132033 0.045676
vt 0.042154 0.130000
vt 0.045676 0.132033
vt 0.010000 0.250000
vt 0.014067 0.250000
vt 0.042154 0.370000
vt 0.045676 0.367967
vt 0.130000 0.457846
vt 0.132033 0.454324
vt 1.000000 0.516763
vt 0.916667 0.516763
vt 0.916667 0.517752
vt 1.000000 0.517752
vt 0.833333 0.516762
vt 0.833333 0.517752
vt 0.750000 0.516763
vt 0.750000 0.517752
vt 0.666667 0.516762
vt 0.666667 0.517752
vt 0.583333 0.516762
vt 0.583333 0.517752
vt 0.500000 0.516763
vt 0.500000 0.517752
vt 0.416667 0.516763
vt 0.416667 0.517752
vt 0.333333 0.516763
vt 0.333333 0.517752
vt 0.250000 0.516762
vt 0.250000 0.517752
vt 0.166667 0.516762
vt 0.166667 0.517752
vt 0.083333 0.516762
vt 0.083333 0.517752
vt 0.000000 0.516763
vt 0.000000 0.517752
vt 0.833333 0.519615
vt 0.750000 0.519615
vt 0.666667 0.519615
vt 0.583333 0.519615
vt 0.500000 0.519615
vt 0.416667 0.519615
vt 0.333333 0.519615
vt 0.250000 0.519615
vt 0.166667 0.519615
vt 0.083333 0.519615
vt 0.000000 0.519615
vt 0.344503 0.086317
vt 0.344503 0.086317
vt 0.413683 0.155497
vt 0.413683 0.155497
vt 0.250000 0.439005
vt 0.250000 0.439005
vt 0.155497 0.413683
vt 0.155497 0.413683
vt 0.413683 0.344503
vt 0.413683 0.344503
vt 0.344503 0.413683
vt 0.344503 0.413683
vt 0.060995 0.250000
vt 0.060995 0.250000
vt 0.250000 0.060995
vt 0.250000 0.060995
vt 0.439005 0.250000
vt 0.439005 0.250000
vt 0.086316 0.344503
vt 0.086316 0.344503
vt 0.250000 0.430486
vt 0.340243 0.406305
vt 0.406305 0.340243
vt 0.430486 0.250000
vt 0.406305 0.159757
vt 0.340243 0.093695
vt 0.250000 0.069514
vt 0.159757 0.093695
vt 0.093695 0.159757
vt 0.069514 0.250000
vt 0.093695 0.340243
vt 0.159757 0.406305
vt 0.203827 0.329973
vt 0.200492 0.335750
vt 0.250000 0.349015
vt 0.250000 0.342345
vt 0.170027 0.296172
vt 0.164250 0.299508
vt 0.157655 0.250000
vt 0.150985 0.250000
vt 0.170027 0.203828
vt 0.164250 0.200492
vt 0.203828 0.170027
vt 0.200492 0.164250
vt 0.250000 0.157655
vt 0.250000 0.150985
vt 0.296172 0.170027
vt 0.299508 0.164250
vt 0.329973 0.203828
vt 0.335750 0.200492
vt 0.342345 0.250000
vt 0.349015 0.250000
vt 0.329973 0.296172
vt 0.335750 0.299508
vt 0.296172 0.329973
vt 0.299508 0.335750
vt 0.344503 0.413683
vt 0.250000 0.439005
vt 0.155497 0.413683
vt 0.086316 0.344503
vt 0.413683 0.155497
vt 0.439005 0.250000
vt 0.155497 0.086317
vt 0.250000 0.060995
vt 0.060995 0.250000
vt 0.413683 0.344503
vt 0.344503 0.086317
vt 0.086317 0.155497
vt 0.086317 0.155497
vt 0.155497 0.086317
vt 0.344503 0.086317
vt 0.413683 0.155497
vt 0.250000 0.439005
vt 0.155497 0.413683
vt 0.413683 0.344503
vt 0.344503 0.413683
vt 0.060995 0.250000
vt 0.250000 0.060995
vt 0.439005 0.250000
vt 0.086316 0.344503
vt 0.154213 0.415908
vt 0.250000 0.441574
vt 0.084092 0.345787
vt 0.058426 0.250000
vt 0.084092 0.154213
vt 0.154213 0.084092
vt 0.250000 0.058426
vt 0.345787 0.084092
vt 0.415908 0.154213
vt 0.441574 0.250000
vt 0.415908 0.345787
vt 0.345787 0.415908
vt 0.851469 0.425749
vt 0.750000 0.452937
vt 0.750000 0.490000
vt 0.870000 0.457846
vt 0.925749 0.351469
vt 0.957846 0.370000
vt 0.952937 0.250000
vt 0.990000 0.250000
vt 0.925749 0.148531
vt 0.957846 0.130000
vt 0.851469 0.074251
vt 0.870000 0.042154
vt 0.750000 0.047063
vt 0.750000 0.010000
vt 0.648531 0.074251
vt 0.630000 0.042154
vt 0.574251 0.148531
vt 0.542154 0.130000
vt 0.547063 0.250000
vt 0.510000 0.250000
vt 0.574251 0.351469
vt 0.542154 0.370000
vt 0.648531 0.425749
vt 0.630000 0.457846
vt 0.083333 0.512041
vt 0.000000 0.512041
vt 0.166667 0.512041
vt 0.250000 0.512041
vt 0.333333 0.512041
vt 0.416667 0.512041
vt 0.500000 0.512041
vt 0.583333 0.512041
vt 0.666667 0.512041
vt 0.750000 0.512041
vt 0.833333 0.512041
vt 0.916667 0.512041
vt 1.000000 0.512041
vt 0.750000 0.451974
vt 0.649013 0.424915
vt 0.575085 0.350987
vt 0.548026 0.250000
vt 0.575085 0.149013
vt 0.649013 0.075085
vt 0.750000 0.048026
vt 0.850987 0.075085
vt 0.924915 0.149013
vt 0.951974 0.250000
vt 0.924915 0.350987
vt 0.850987 0.424914
vt 0.846126 0.416495
vt 0.750000 0.442252
vt 0.916495 0.346126
vt 0.942252 0.250000
vt 0.916495 0.153874
vt 0.846126 0.083505
vt 0.750000 0.057748
vt 0.653874 0.083505
vt 0.583505 0.153874
vt 0.557748 0.250000
vt 0.583505 0.346126
vt 0.653874 0.416495
vt 0.823774 0.377780
vt 0.750000 0.397548
vt 0.877780 0.323774
vt 0.897548 0.250000
vt 0.877780 0.176226
vt 0.823774 0.122220
vt 0.750000 0.102452
vt 0.676226 0.122220
vt 0.622220 0.176226
vt 0.602452 0.250000
vt 0.622220 0.323774
vt 0.676226 0.377780
vt 0.820198 0.371586
vt 0.750000 0.390396
vt 0.871586 0.320198
vt 0.890396 0.250000
vt 0.871586 0.179802
vt 0.820198 0.128413
vt 0.750000 0.109604
vt 0.679802 0.128413
vt 0.628413 0.179802
vt 0.609604 0.250000
vt 0.628413 0.320198
vt 0.679802 0.371586
vt 0.820132 0.371472
vt 0.750000 0.390263
vt 0.871472 0.320132
vt 0.890264 0.250000
vt 0.871472 0.179868
vt 0.820132 0.128528
vt 0.750000 0.109736
vt 0.679868 0.128528
vt 0.628528 0.179868
vt 0.609736 0.250000
vt 0.628528 0.320132
vt 0.679868 0.371472
vt 0.750000 0.384836
vt 0.682582 0.366771
vt 0.682380 0.367121
vt 0.750000 0.385240
vt 0.633229 0.317418
vt 0.632879 0.317620
vt 0.615164 0.250000
vt 0.614760 0.250000
vt 0.633229 0.182582
vt 0.632879 0.182380
vt 0.682582 0.133229
vt 0.682380 0.132879
vt 0.750000 0.115164
vt 0.750000 0.114760
vt 0.817418 0.133229
vt 0.817620 0.132879
vt 0.866771 0.182582
vt 0.867121 0.182380
vt 0.884836 0.250000
vt 0.885240 0.250000
vt 0.866771 0.317418
vt 0.867121 0.317620
vt 0.817418 0.366771
vt 0.817620 0.367121
vt 0.851469 0.425749
vt 0.870000 0.457846
vt 0.750000 0.490000
vt 0.750000 0.452937
vt 0.925749 0.351469
vt 0.957846 0.370000
vt 0.952937 0.250000
vt 0.990000 0.250000
vt 0.925749 0.148531
vt 0.957846 0.130000
vt 0.851469 0.074251
vt 0.870000 0.042154
vt 0.750000 0.047063
vt 0.750000 0.010000
vt 0.648531 0.074251
vt 0.630000 0.042154
vt 0.574251 0.148531
vt 0.542154 0.130000
vt 0.547063 0.250000
vt 0.510000 0.250000
vt 0.574251 0.351469
vt 0.542154 0.370000
vt 0.648531 0.425749
vt 0.630000 0.457846
vt 0.083333 0.512041
vt 0.000000 0.512041
vt 0.166667 0.512041
vt 0.250000 0.512041
vt 0.333333 0.512041
vt 0.416667 0.512041
vt 0.500000 0.512041
vt 0.583333 0.512041
vt 0.666667 0.512041
vt 0.750000 0.512041
vt 0.833333 0.512041
vt 0.916667 0.512041
vt 1.000000 0.512041
vt 0.750000 0.451974
vt 0.649013 0.424915
vt 0.575085 0.350987
vt 0.548026 0.250000
vt 0.575085 0.149013
vt 0.649013 0.075085
vt 0.750000 0.048026
vt 0.850987 0.075085
vt 0.924915 0.149013
vt 0.951974 0.250000
vt 0.924915 0.350987
vt 0.850987 0.424914
vt 0.846126 0.416495
vt 0.750000 0.442252
vt 0.916495 0.346126
vt 0.942252 0.250000
vt 0.916495 0.153874
vt 0.846126 0.083505
vt 0.750000 0.057748
vt 0.653874 0.083505
vt 0.583505 0.153874
vt 0.557748 0.250000
vt 0.583505 0.346126
vt 0.653874 0.416495
vt 0.823774 0.377780
vt 0.750000 0.397548
vt 0.877780 0.323774
vt 0.897548 0.250000
vt 0.877780 0.176226
vt 0.823774 0.122220
vt 0.750000 0.102452
vt 0.676226 0.122220
vt 0.622220 0.176226
vt 0.602452 0.250000
vt 0.622220 0.323774
vt 0.676226 0.377780
vt 0.820198 0.371586
vt 0.750000 0.390396
vt 0.871586 0.320198
vt 0.890396 0.250000
vt 0.871586 0.179802
vt 0.820198 0.128413
vt 0.750000 0.109604
vt 0.679802 0.128413
vt 0.628413 0.179802
vt 0.609604 0.250000
vt 0.628413 0.320198
vt 0.679802 0.371586
vt 0.820132 0.371472
vt 0.750000 0.390263
vt 0.871472 0.320132
vt 0.890264 0.250000
vt 0.871472 0.179868
vt 0.820132 0.128528
vt 0.750000 0.109736
vt 0.679868 0.128528
vt 0.628528 0.179868
vt 0.609736 0.250000
vt 0.628528 0.320132
vt 0.679868 0.371472
vt 0.750000 0.384836
vt 0.750000 0.385240
vt 0.682380 0.367121
vt 0.682582 0.366771
vt 0.632879 0.317620
vt 0.633229 0.317418
vt 0.614760 0.250000
vt 0.615164 0.250000
vt 0.632879 0.182380
vt 0.633229 0.182582
vt 0.682380 0.132879
vt 0.682582 0.133229
vt 0.750000 0.114760
vt 0.750000 0.115164
vt 0.817620 0.132879
vt 0.817418 0.133229
vt 0.867121 0.182380
vt 0.866771 0.182582
vt 0.885240 0.250000
vt 0.884836 0.250000
vt 0.867121 0.317620
vt 0.866771 0.317418
vt 0.817620 0.367121
vt 0.817418 0.366771
vt 0.157655 0.250000
vt 0.170027 0.203828
vt 0.170027 0.203828
vt 0.157655 0.250000
vt 0.292672 0.323910
vt 0.250000 0.335344
vt 0.207328 0.323910
vt 0.176090 0.292672
vt 0.164656 0.250000
vt 0.176090 0.207328
vt 0.207328 0.176090
vt 0.250000 0.164656
vt 0.292672 0.176090
vt 0.323910 0.207328
vt 0.335344 0.250000
vt 0.323910 0.292672
vt 0.250000 0.157655
vt 0.296172 0.170027
vt 0.296172 0.170027
vt 0.250000 0.157655
vt 0.342345 0.250000
vt 0.329973 0.296172
vt 0.329973 0.296172
vt 0.342345 0.250000
vt 0.170027 0.296172
vt 0.170027 0.296172
vt 0.203828 0.170027
vt 0.203828 0.170027
vt 0.329973 0.203828
vt 0.329973 0.203828
vt 0.203828 0.329973
vt 0.203827 0.329973
vt 0.296172 0.329973
vt 0.250000 0.342345
vt 0.250000 0.342345
vt 0.296172 0.329973
vt 0.329973 0.296172
vt 0.296172 0.329973
vt 0.250000 0.342345
vt 0.203827 0.329973
vt 0.296172 0.170027
vt 0.329973 0.203828
vt 0.170027 0.203828
vt 0.203828 0.170027
vt 0.170027 0.296172
vt 0.342345 0.250000
vt 0.250000 0.157655
vt 0.157655 0.250000
vt 0.157655 0.250000
vt 0.157655 0.250000
vt 0.170027 0.203828
vt 0.170027 0.203828
vt 0.292672 0.323910
vt 0.323910 0.292672
vt 0.335344 0.250000
vt 0.323910 0.207328
vt 0.292672 0.176090
vt 0.250000 0.164656
vt 0.207328 0.176090
vt 0.176090 0.207328
vt 0.164656 0.250000
vt 0.176090 0.292672
vt 0.207328 0.323910
vt 0.250000 0.335344
vt 0.250000 0.157655
vt 0.250000 0.157655
vt 0.296172 0.170027
vt 0.296172 0.170027
vt 0.342345 0.250000
vt 0.342345 0.250000
vt 0.329973 0.296172
vt 0.329973 0.296172
vt 0.170027 0.296172
vt 0.170027 0.296172
vt 0.203828 0.170027
vt 0.203828 0.170027
vt 0.329973 0.203828
vt 0.329973 0.203828
vt 0.203828 0.329973
vt 0.203827 0.329973
vt 0.296172 0.329973
vt 0.296172 0.329973
vt 0.250000 0.342345
vt 0.250000 0.342345
vt 0.329973 0.296172
vt 0.296172 0.329973
vt 0.250000 0.342345
vt 0.203827 0.329973
vt 0.296172 0.170027
vt 0.329973 0.203828
vt 0.170027 0.203828
vt 0.203828 0.170027
vt 0.170027 0.296172
vt 0.342345 0.250000
vt 0.250000 0.157655
vt 0.157655 0.250000
vt 0.083333 0.509765
vt 0.083333 0.511081
vt 0.000000 0.511081
vt 0.000000 0.509766
vt 0.166667 0.509765
vt 0.166667 0.511081
vt 0.250000 0.509766
vt 0.250000 0.511081
vt 0.333333 0.509766
vt 0.333333 0.511081
vt 0.416667 0.509766
vt 0.416667 0.511081
vt 0.500000 0.509766
vt 0.500000 0.511081
vt 0.583333 0.509766
vt 0.583333 0.511081
vt 0.666667 0.509766
vt 0.666667 0.511081
vt 0.750000 0.509766
vt 0.750000 0.511081
vt 0.833333 0.509765
vt 0.833333 0.511081
vt 0.916667 0.509766
vt 0.916667 0.511081
vt 1.000000 0.509766
vt 1.000000 0.511081
vt 1.000000 0.500000
vt 0.916667 0.500000
vt 0.833333 0.500000
vt 0.750000 0.500000
vt 0.666667 0.500000
vt 0.583333 0.500000
vt 0.500000 0.500000
vt 0.416667 0.500000
vt 0.333333 0.500000
vt 0.250000 0.500000
vt 0.166667 0.500000
vt 0.083333 0.500000
vt 0.000000 0.500000
vt 0.083333 0.509765
vt 0.000000 0.509766
vt 0.000000 0.511081
vt 0.083333 0.511081
vt 0.166667 0.509765
vt 0.166667 0.511081
vt 0.250000 0.509766
vt 0.250000 0.511081
vt 0.333333 0.509766
vt 0.333333 0.511081
vt 0.416667 0.509766
vt 0.416667 0.511081
vt 0.500000 0.509766
vt 0.500000 0.511081
vt 0.583333 0.509766
vt 0.583333 0.511081
vt 0.666667 0.509766
vt 0.666667 0.511081
vt 0.750000 0.509766
vt 0.750000 0.511081
vt 0.833333 0.509765
vt 0.833333 0.511081
vt 0.916667 0.509766
vt 0.916667 0.511081
vt 1.000000 0.509766
vt 1.000000 0.511081
vt 1.000000 0.500000
vt 0.916667 0.500000
vt 0.833333 0.500000
vt 0.750000 0.500000
vt 0.666667 0.500000
vt 0.583333 0.500000
vt 0.500000 0.500000
vt 0.416667 0.500000
vt 0.333333 0.500000
vt 0.250000 0.500000
vt 0.166667 0.500000
vt 0.083333 0.500000
vt 0.000000 0.500000
vn -1.0000 0.0000 0.0000
vn -0.7571 0.0000 -0.6532
vn -0.6557 -0.3786 -0.6532
vn -0.8660 -0.5000 0.0000
vn -0.3786 -0.6557 -0.6532
vn -0.5000 -0.8660 0.0000
vn 0.0000 -0.7571 -0.6532
vn 0.0000 -1.0000 0.0000
vn 0.3786 -0.6557 -0.6532
vn 0.5000 -0.8660 0.0000
vn 0.6557 -0.3786 -0.6532
vn 0.8660 -0.5000 0.0000
vn 0.7571 0.0000 -0.6532
vn 1.0000 0.0000 0.0000
vn 0.6557 0.3786 -0.6532
vn 0.8660 0.5000 0.0000
vn 0.3786 0.6557 -0.6532
vn 0.5000 0.8660 0.0000
vn 0.0000 0.7571 -0.6532
vn 0.0000 1.0000 0.0000
vn -0.3786 0.6557 -0.6532
vn -0.5000 0.8660 0.0000
vn 0.3553 0.6155 -0.7035
vn 0.6155 0.3553 -0.7035
vn 0.3783 0.2184 -0.8995
vn 0.2184 0.3783 -0.8995
vn -0.6557 0.3786 -0.6532
vn -0.8660 0.5000 0.0000
vn 0.0000 0.0000 -1.0000
vn -0.6536 0.0000 -0.7568
vn -0.8957 0.0000 -0.4445
vn -0.7757 -0.4479 -0.4445
vn -0.5661 -0.3268 -0.7568
vn -0.4479 -0.7757 -0.4445
vn -0.3268 -0.5661 -0.7568
vn 0.0000 -0.8957 -0.4445
vn 0.0000 -0.6536 -0.7568
vn 0.4479 -0.7757 -0.4445
vn 0.3268 -0.5661 -0.7568
vn 0.7757 -0.4479 -0.4445
vn 0.5661 -0.3268 -0.7568
vn 0.8957 0.0000 -0.4445
vn 0.6536 0.0000 -0.7568
vn 0.7757 0.4479 -0.4445
vn 0.5661 0.3268 -0.7568
vn 0.4479 0.7757 -0.4445
vn 0.3268 0.5661 -0.7568
vn 0.0000 0.8957 -0.4445
vn 0.0000 0.6536 -0.7568
vn -0.4479 0.7757 -0.4445
vn -0.3268 0.5661 -0.7568
vn -0.7757 0.4479 -0.4445
vn -0.5661 0.3268 -0.7568
vn 0.6155 -0.3553 -0.7035
vn 0.3553 -0.6155 -0.7035
vn 0.2184 -0.3783 -0.8995
vn 0.3783 -0.2184 -0.8995
vn -0.7107 0.0000 -0.7035
vn -0.6155 0.3553 -0.7035
vn -0.3783 0.2184 -0.8995
vn -0.4369 0.0000 -0.8995
vn -0.3553 -0.6155 -0.7035
vn -0.6155 -0.3553 -0.7035
vn -0.3783 -0.2184 -0.8995
vn -0.2184 -0.3783 -0.8995
vn 0.0000 0.7107 -0.7035
vn 0.0000 0.4369 -0.8995
vn 0.7107 0.0000 -0.7035
vn 0.4369 0.0000 -0.8995
vn 0.0000 -0.7107 -0.7035
vn 0.0000 -0.4369 -0.8995
vn -0.3553 0.6155 -0.7035
vn -0.2184 0.3783 -0.8995
vn -0.5523 0.3189 -0.7703
vn -0.6377 0.0000 -0.7703
vn -0.3189 0.5523 -0.7703
vn 0.0000 0.6377 -0.7703
vn 0.3189 0.5523 -0.7703
vn 0.5523 0.3189 -0.7703
vn 0.6377 0.0000 -0.7703
vn 0.5523 -0.3189 -0.7703
vn 0.3189 -0.5523 -0.7703
vn 0.0000 -0.6377 -0.7703
vn -0.3188 -0.5523 -0.7703
vn -0.5523 -0.3189 -0.7703
vn -0.6155 0.3554 -0.7035
vn 0.1639 0.2839 -0.9447
vn 0.2839 0.1639 -0.9447
vn 0.2839 -0.1639 -0.9447
vn 0.1639 -0.2839 -0.9447
vn -0.3279 0.0000 -0.9447
vn -0.2839 0.1639 -0.9447
vn -0.1639 -0.2839 -0.9447
vn -0.2839 -0.1639 -0.9447
vn 0.0000 0.3279 -0.9447
vn 0.3279 0.0000 -0.9447
vn 0.0000 -0.3279 -0.9447
vn -0.1639 0.2839 -0.9447
vn -0.3554 0.6155 -0.7035
vn -0.2185 0.3784 -0.8995
vn -0.3784 0.2185 -0.8995
vn -0.3784 -0.2185 -0.8995
vn -0.2185 -0.3784 -0.8995
vn 0.3783 0.2185 -0.8995
vn 0.6155 0.3554 -0.7035
vn 0.3554 -0.6155 -0.7035
vn 0.2185 -0.3784 -0.8995
vn 0.3784 -0.2185 -0.8995
vn 0.2185 0.3784 -0.8995
vn 0.3188 0.5523 -0.7703
vn -0.5523 0.3189 -0.7702
vn -0.3189 -0.5523 -0.7703
vn -0.8513 -0.4915 0.1834
vn -0.9830 0.0000 0.1834
vn -0.9958 0.0000 0.0908
vn -0.8624 -0.4979 0.0908
vn -0.4915 -0.8513 0.1834
vn -0.4979 -0.8624 0.0908
vn 0.0000 -0.9830 0.1834
vn 0.0000 -0.9958 0.0908
vn 0.4915 -0.8513 0.1834
vn 0.4979 -0.8624 0.0908
vn 0.8513 -0.4915 0.1834
vn 0.8624 -0.4979 0.0908
vn 0.9830 0.0000 0.1834
vn 0.9958 0.0000 0.0908
vn 0.8513 0.4915 0.1834
vn 0.8624 0.4979 0.0908
vn 0.4915 0.8513 0.1834
vn 0.4979 0.8624 0.0908
vn 0.0000 0.9830 0.1834
vn 0.0000 0.9958 0.0908
vn -0.4915 0.8513 0.1834
vn -0.4979 0.8624 0.0908
vn -0.8513 0.4915 0.1834
vn -0.8624 0.4979 0.0908
vn -0.6939 0.0000 0.7200
vn -0.6010 0.3470 0.7200
vn -0.3470 0.6010 0.7200
vn 0.0000 0.6939 0.7200
vn 0.3470 0.6010 0.7200
vn 0.6010 0.3470 0.7200
vn 0.6939 0.0000 0.7200
vn 0.6010 -0.3470 0.7200
vn 0.3470 -0.6010 0.7200
vn 0.0000 -0.6939 0.7200
vn -0.3470 -0.6010 0.7200
vn -0.6010 -0.3470 0.7200
vn -0.0094 -0.0054 0.9999
vn -0.0108 0.0000 0.9999
vn -0.0054 -0.0094 0.9999
vn 0.0000 -0.0108 0.9999
vn 0.0054 -0.0094 0.9999
vn 0.0094 -0.0054 0.9999
vn 0.0108 0.0000 0.9999
vn 0.0094 0.0054 0.9999
vn 0.0054 0.0094 0.9999
vn 0.0000 0.0108 0.9999
vn -0.0054 0.0094 0.9999
vn -0.0094 0.0054 0.9999
vn -0.0132 -0.0076 0.9999
vn -0.0152 0.0000 0.9999
vn -0.0076 -0.0132 0.9999
vn 0.0000 -0.0152 0.9999
vn 0.0076 -0.0132 0.9999
vn 0.0132 -0.0076 0.9999
vn 0.0152 0.0000 0.9999
vn 0.0132 0.0076 0.9999
vn 0.0076 0.0132 0.9999
vn 0.0000 0.0152 0.9999
vn -0.0076 0.0132 0.9999
vn -0.0132 0.0076 0.9999
vn 0.5463 0.3154 0.7759
vn 0.6308 0.0000 0.7759
vn 0.3154 0.5463 0.7759
vn 0.0000 0.6308 0.7759
vn -0.3154 0.5463 0.7759
vn -0.5463 0.3154 0.7759
vn -0.6308 0.0000 0.7759
vn -0.5463 -0.3154 0.7759
vn -0.3154 -0.5463 0.7759
vn 0.0000 -0.6308 0.7759
vn 0.3154 -0.5463 0.7759
vn 0.5463 -0.3154 0.7759
vn 0.8641 0.4989 0.0660
vn 0.9978 0.0000 0.0660
vn 0.4989 0.8641 0.0660
vn 0.0000 0.9978 0.0660
vn -0.4989 0.8641 0.0660
vn -0.8641 0.4989 0.0660
vn -0.9978 0.0000 0.0660
vn -0.8641 -0.4989 0.0660
vn -0.4989 -0.8641 0.0660
vn 0.0000 -0.9978 0.0660
vn 0.4989 -0.8641 0.0660
vn 0.8641 -0.4989 0.0660
vn 0.7512 0.0000 0.6601
vn 0.6505 -0.3756 0.6601
vn 0.8641 -0.4989 0.0671
vn 0.9977 0.0000 0.0671
vn 0.3756 -0.6505 0.6601
vn 0.4989 -0.8641 0.0671
vn 0.0000 -0.7512 0.6601
vn 0.0000 -0.9977 0.0671
vn -0.3756 -0.6505 0.6601
vn -0.4989 -0.8641 0.0671
vn -0.6505 -0.3756 0.6601
vn -0.8641 -0.4989 0.0671
vn -0.7512 0.0000 0.6601
vn -0.9977 0.0000 0.0671
vn -0.6505 0.3756 0.6601
vn -0.8641 0.4989 0.0671
vn -0.3756 0.6505 0.6601
vn -0.4989 0.8641 0.0671
vn 0.0000 0.7512 0.6601
vn 0.0000 0.9977 0.0671
vn 0.3756 0.6505 0.6601
vn 0.4989 0.8641 0.0671
vn 0.6505 0.3756 0.6601
vn 0.8641 0.4989 0.0671
vn -0.8513 -0.4915 0.1835
vn -0.9830 0.0000 0.1835
vn -0.8641 0.4989 0.0661
vn -0.4989 0.8641 0.0661
vn -0.4989 -0.8641 0.0661
vn -0.8641 -0.4989 0.0661
vn -0.7966 0.4599 -0.3922
vn -0.9199 0.0000 -0.3922
vn -0.4599 0.7966 -0.3922
vn 0.0000 0.9199 -0.3922
vn 0.4599 0.7966 -0.3922
vn 0.7966 0.4599 -0.3922
vn 0.9199 0.0000 -0.3922
vn 0.7966 -0.4599 -0.3922
vn 0.4599 -0.7966 -0.3922
vn 0.0000 -0.9199 -0.3922
vn -0.4599 -0.7966 -0.3922
vn -0.7966 -0.4599 -0.3922
usemtl DarkPorple
s 1
f 634/715/362 659/716/363 658/717/364 635/718/365
f 635/718/365 658/717/364 660/719/366 636/720/367
f 636/720/367 660/719/366 661/721/368 637/722/369
f 637/722/369 661/721/368 662/723/370 638/724/371
f 638/724/371 662/723/370 663/725/372 639/726/373
f 639/726/373 663/725/372 664/727/374 640/728/375
f 640/728/375 664/727/374 665/729/376 641/730/377
f 641/730/377 665/729/376 666/731/378 642/732/379
f 642/732/379 666/731/378 667/733/380 643/734/381
f 643/734/381 667/733/380 668/735/382 644/736/383
f 851/737/384 850/738/385 809/739/386 810/740/387
f 644/736/383 668/735/382 669/741/388 645/742/389
f 645/742/389 669/741/388 659/743/363 634/744/362
f 682/745/362 634/715/362 635/718/365 683/746/365
f 897/747/390 886/748/390 658/749/364 659/750/363
f 886/748/390 887/751/390 660/752/366 658/749/364
f 887/751/390 888/753/390 661/754/368 660/752/366
f 888/753/390 889/755/390 662/756/370 661/754/368
f 889/755/390 890/757/390 663/758/372 662/756/370
f 890/757/390 891/759/390 664/760/374 663/758/372
f 891/759/390 892/761/390 665/762/376 664/760/374
f 892/761/390 893/763/390 666/764/378 665/762/376
f 893/763/390 894/765/390 667/766/380 666/764/378
f 894/765/390 895/767/390 668/768/382 667/766/380
f 895/767/390 896/769/390 669/770/388 668/768/382
f 896/769/390 897/747/390 659/750/363 669/770/388
f 717/771/391 681/772/392 670/773/393 706/774/394
f 706/774/394 670/773/393 671/775/395 707/776/396
f 707/776/396 671/775/395 672/777/397 708/778/398
f 708/778/398 672/777/397 673/779/399 709/780/400
f 709/780/400 673/779/399 674/781/401 710/782/402
f 710/782/402 674/781/401 675/783/403 711/784/404
f 711/784/404 675/783/403 676/785/405 712/786/406
f 712/786/406 676/785/405 677/787/407 713/788/408
f 713/788/408 677/787/407 678/789/409 714/790/410
f 714/790/410 678/789/409 679/791/411 715/792/412
f 715/792/412 679/791/411 680/793/413 716/794/414
f 716/794/414 680/793/413 681/795/392 717/796/391
f 681/772/392 682/745/362 683/746/365 670/773/393
f 670/773/393 683/746/365 684/797/367 671/775/395
f 671/775/395 684/797/367 685/798/369 672/777/397
f 672/777/397 685/798/369 686/799/371 673/779/399
f 673/779/399 686/799/371 687/800/373 674/781/401
f 674/781/401 687/800/373 688/801/375 675/783/403
f 675/783/403 688/801/375 689/802/377 676/785/405
f 676/785/405 689/802/377 690/803/379 677/787/407
f 677/787/407 690/803/379 691/804/381 678/789/409
f 678/789/409 691/804/381 692/805/383 679/791/411
f 679/791/411 692/805/383 693/806/389 680/793/413
f 680/793/413 693/806/389 682/807/362 681/795/392
f 853/808/415 852/809/416 806/810/417 807/811/418
f 855/812/419 854/813/420 813/814/421 803/815/422
f 857/816/423 856/817/424 802/818/425 804/819/426
f 858/820/427 851/737/384 810/740/387 811/821/428
f 859/822/429 853/808/415 807/811/418 808/823/430
f 860/824/431 857/816/423 804/819/426 805/825/432
f 861/826/433 858/820/427 811/821/428 812/827/434
f 850/738/385 859/822/429 808/823/430 809/739/386
f 852/809/416 860/824/431 805/825/432 806/810/417
f 854/813/420 861/826/433 812/827/434 813/814/421
f 856/817/424 855/812/419 803/815/422 802/818/425
f 849/828/390 838/829/390 802/818/425 803/815/422
f 838/829/390 839/830/390 804/819/426 802/818/425
f 839/830/390 840/831/390 805/825/432 804/819/426
f 840/831/390 841/832/390 806/810/417 805/825/432
f 841/832/390 842/833/390 807/811/418 806/810/417
f 842/833/390 843/834/390 808/823/430 807/811/418
f 843/834/390 844/835/390 809/739/386 808/823/430
f 844/835/390 845/836/390 810/740/387 809/739/386
f 845/836/390 846/837/390 811/821/428 810/740/387
f 846/837/390 847/838/390 812/827/434 811/821/428
f 847/838/390 848/839/390 813/814/421 812/827/434
f 848/839/390 849/828/390 803/815/422 813/814/421
f 801/840/435 791/841/436 826/842/390 837/843/390
f 800/844/437 801/840/435 837/843/390 836/845/390
f 799/846/438 800/844/437 836/845/390 835/847/390
f 798/848/439 799/846/438 835/847/390 834/849/390
f 797/850/440 798/848/439 834/849/390 833/851/390
f 796/852/441 797/850/440 833/851/390 832/853/390
f 795/854/442 796/852/441 832/853/390 831/855/390
f 794/856/443 795/854/442 831/855/390 830/857/390
f 793/858/444 794/856/443 830/857/390 829/859/390
f 792/860/445 793/858/444 829/859/390 828/861/390
f 790/862/446 792/860/445 828/861/390 827/863/390
f 791/841/436 790/862/446 827/863/390 826/842/390
f 837/843/390 826/842/390 849/828/390 848/839/390
f 836/845/390 837/843/390 848/839/390 847/838/390
f 835/847/390 836/845/390 847/838/390 846/837/390
f 834/849/390 835/847/390 846/837/390 845/836/390
f 833/851/390 834/849/390 845/836/390 844/835/390
f 832/853/390 833/851/390 844/835/390 843/834/390
f 831/855/390 832/853/390 843/834/390 842/833/390
f 830/857/390 831/855/390 842/833/390 841/832/390
f 829/859/390 830/857/390 841/832/390 840/831/390
f 828/861/390 829/859/390 840/831/390 839/830/390
f 827/863/390 828/861/390 839/830/390 838/829/390
f 826/842/390 827/863/390 838/829/390 849/828/390
f 873/864/424 864/865/419 855/812/419 856/817/424
f 872/866/447 869/867/433 861/826/433 854/813/420
f 871/868/416 868/869/431 860/824/431 852/809/416
f 870/870/385 867/871/429 859/822/429 850/738/385
f 869/867/433 866/872/427 858/820/427 861/826/433
f 868/869/431 865/873/423 857/816/423 860/824/431
f 867/871/429 863/874/415 853/808/415 859/822/429
f 866/872/427 862/875/384 851/737/384 858/820/427
f 865/873/423 873/864/424 856/817/424 857/816/423
f 864/865/419 872/866/447 854/813/420 855/812/419
f 863/874/415 871/868/416 852/809/416 853/808/415
f 862/875/384 870/870/385 850/738/385 851/737/384
f 615/876/448 613/877/449 870/870/385 862/875/384
f 609/878/450 607/879/451 871/868/416 863/874/415
f 599/880/452 621/881/453 872/866/447 864/865/419
f 603/882/454 601/883/455 873/864/424 865/873/423
f 617/884/456 615/876/448 862/875/384 866/872/427
f 611/885/457 609/878/450 863/874/415 867/871/429
f 605/886/458 603/882/454 865/873/423 868/869/431
f 619/887/459 617/884/456 866/872/427 869/867/433
f 613/877/449 611/885/457 867/871/429 870/870/385
f 607/879/451 605/886/458 868/869/431 871/868/416
f 621/881/453 619/887/459 869/867/433 872/866/447
f 601/883/455 599/880/452 864/865/419 873/864/424
f 621/881/453 599/880/452 874/888/390 885/889/390
f 619/887/459 621/881/453 885/889/390 884/890/390
f 617/884/456 619/887/459 884/890/390 883/891/390
f 615/876/448 617/884/456 883/891/390 882/892/390
f 613/877/449 615/876/448 882/892/390 881/893/390
f 611/885/457 613/877/449 881/893/390 880/894/390
f 609/878/450 611/885/457 880/894/390 879/895/390
f 607/879/451 609/878/450 879/895/390 878/896/390
f 605/886/458 607/879/451 878/896/390 877/897/390
f 603/882/454 605/886/458 877/897/390 876/898/390
f 601/883/455 603/882/454 876/898/390 875/899/390
f 599/880/452 601/883/455 875/899/390 874/888/390
f 885/889/390 874/888/390 897/747/390 896/769/390
f 884/890/390 885/889/390 896/769/390 895/767/390
f 883/891/390 884/890/390 895/767/390 894/765/390
f 882/892/390 883/891/390 894/765/390 893/763/390
f 881/893/390 882/892/390 893/763/390 892/761/390
f 880/894/390 881/893/390 892/761/390 891/759/390
f 879/895/390 880/894/390 891/759/390 890/757/390
f 878/896/390 879/895/390 890/757/390 889/755/390
f 877/897/390 878/896/390 889/755/390 888/753/390
f 876/898/390 877/897/390 888/753/390 887/751/390
f 875/899/390 876/898/390 887/751/390 886/748/390
f 874/888/390 875/899/390 886/748/390 897/747/390
f 683/746/365 635/718/365 636/720/367 684/797/367
f 684/797/367 636/720/367 637/722/369 685/798/369
f 685/798/369 637/722/369 638/724/371 686/799/371
f 686/799/371 638/724/371 639/726/373 687/800/373
f 687/800/373 639/726/373 640/728/375 688/801/375
f 688/801/375 640/728/375 641/730/377 689/802/377
f 689/802/377 641/730/377 642/732/379 690/803/379
f 690/803/379 642/732/379 643/734/381 691/804/381
f 691/804/381 643/734/381 644/736/383 692/805/383
f 692/805/383 644/736/383 645/742/389 693/806/389
f 693/806/389 645/742/389 634/744/362 682/807/362
f 994/900/375 995/901/373 1018/902/372 1019/903/374
f 995/901/373 996/904/371 1020/905/370 1018/902/372
f 996/904/371 997/906/369 1021/907/368 1020/905/370
f 997/906/369 998/908/367 1022/909/366 1021/907/368
f 998/908/367 999/910/365 1023/911/364 1022/909/366
f 999/910/365 1000/912/362 1024/913/363 1023/911/364
f 1000/912/362 1001/914/389 1025/915/388 1024/913/363
f 1001/914/389 1002/916/383 1026/917/382 1025/915/388
f 1002/916/383 1003/918/381 1027/919/380 1026/917/382
f 1003/918/381 1004/920/379 1028/921/378 1027/919/380
f 1211/922/460 1170/923/461 1169/924/462 1210/925/420
f 1004/920/379 1005/926/377 1029/927/376 1028/921/378
f 1005/926/377 994/928/375 1019/929/374 1029/927/376
f 1042/930/375 1043/931/373 995/901/373 994/900/375
f 1257/932/390 1019/933/374 1018/934/372 1246/935/390
f 1246/935/390 1018/934/372 1020/936/370 1247/937/390
f 1247/937/390 1020/936/370 1021/938/368 1248/939/390
f 1248/939/390 1021/938/368 1022/940/366 1249/941/390
f 1249/941/390 1022/940/366 1023/942/364 1250/943/390
f 1250/943/390 1023/942/364 1024/944/363 1251/945/390
f 1251/945/390 1024/944/363 1025/946/388 1252/947/390
f 1252/947/390 1025/946/388 1026/948/382 1253/949/390
f 1253/949/390 1026/948/382 1027/950/380 1254/951/390
f 1254/951/390 1027/950/380 1028/952/378 1255/953/390
f 1255/953/390 1028/952/378 1029/954/376 1256/955/390
f 1256/955/390 1029/954/376 1019/933/374 1257/932/390
f 1077/956/404 1066/957/402 1030/958/401 1041/959/403
f 1066/957/402 1067/960/400 1031/961/399 1030/958/401
f 1067/960/400 1068/962/398 1032/963/397 1031/961/399
f 1068/962/398 1069/964/396 1033/965/395 1032/963/397
f 1069/964/396 1070/966/394 1034/967/393 1033/965/395
f 1070/966/394 1071/968/391 1035/969/392 1034/967/393
f 1071/968/391 1072/970/414 1036/971/413 1035/969/392
f 1072/970/414 1073/972/412 1037/973/411 1036/971/413
f 1073/972/412 1074/974/410 1038/975/409 1037/973/411
f 1074/974/410 1075/976/408 1039/977/407 1038/975/409
f 1075/976/408 1076/978/406 1040/979/405 1039/977/407
f 1076/978/406 1077/980/404 1041/981/403 1040/979/405
f 1041/959/403 1030/958/401 1043/931/373 1042/930/375
f 1030/958/401 1031/961/399 1044/982/371 1043/931/373
f 1031/961/399 1032/963/397 1045/983/369 1044/982/371
f 1032/963/397 1033/965/395 1046/984/367 1045/983/369
f 1033/965/395 1034/967/393 1047/985/365 1046/984/367
f 1034/967/393 1035/969/392 1048/986/362 1047/985/365
f 1035/969/392 1036/971/413 1049/987/389 1048/986/362
f 1036/971/413 1037/973/411 1050/988/383 1049/987/389
f 1037/973/411 1038/975/409 1051/989/381 1050/988/383
f 1038/975/409 1039/977/407 1052/990/379 1051/989/381
f 1039/977/407 1040/979/405 1053/991/377 1052/990/379
f 1040/979/405 1041/981/403 1042/992/375 1053/991/377
f 1213/993/424 1167/994/463 1166/995/464 1212/996/423
f 1215/997/429 1163/998/430 1173/999/465 1214/1000/466
f 1217/1001/467 1164/1002/468 1162/1003/469 1216/1004/415
f 1218/1005/427 1171/1006/428 1170/923/461 1211/922/460
f 1219/1007/419 1168/1008/422 1167/994/463 1213/993/424
f 1220/1009/431 1165/1010/432 1164/1002/468 1217/1001/467
f 1221/1011/384 1172/1012/470 1171/1006/428 1218/1005/427
f 1210/925/420 1169/924/462 1168/1008/422 1219/1007/419
f 1212/996/423 1166/995/464 1165/1010/432 1220/1009/431
f 1214/1000/466 1173/999/465 1172/1012/470 1221/1011/384
f 1216/1004/415 1162/1003/469 1163/998/430 1215/997/429
f 1209/1013/390 1163/998/430 1162/1003/469 1198/1014/390
f 1198/1014/390 1162/1003/469 1164/1002/468 1199/1015/390
f 1199/1015/390 1164/1002/468 1165/1010/432 1200/1016/390
f 1200/1016/390 1165/1010/432 1166/995/464 1201/1017/390
f 1201/1017/390 1166/995/464 1167/994/463 1202/1018/390
f 1202/1018/390 1167/994/463 1168/1008/422 1203/1019/390
f 1203/1019/390 1168/1008/422 1169/924/462 1204/1020/390
f 1204/1020/390 1169/924/462 1170/923/461 1205/1021/390
f 1205/1021/390 1170/923/461 1171/1006/428 1206/1022/390
f 1206/1022/390 1171/1006/428 1172/1012/470 1207/1023/390
f 1207/1023/390 1172/1012/470 1173/999/465 1208/1024/390
f 1208/1024/390 1173/999/465 1163/998/430 1209/1013/390
f 1161/1025/440 1197/1026/390 1186/1027/390 1151/1028/441
f 1160/1029/471 1196/1030/390 1197/1026/390 1161/1025/440
f 1159/1031/438 1195/1032/390 1196/1030/390 1160/1029/471
f 1158/1033/437 1194/1034/390 1195/1032/390 1159/1031/438
f 1157/1035/472 1193/1036/390 1194/1034/390 1158/1033/437
f 1156/1037/436 1192/1038/390 1193/1036/390 1157/1035/472
f 1155/1039/446 1191/1040/390 1192/1038/390 1156/1037/436
f 1154/1041/473 1190/1042/390 1191/1040/390 1155/1039/446
f 1153/1043/444 1189/1044/390 1190/1042/390 1154/1041/473
f 1152/1045/443 1188/1046/390 1189/1044/390 1153/1043/444
f 1150/1047/442 1187/1048/390 1188/1046/390 1152/1045/443
f 1151/1028/441 1186/1027/390 1187/1048/390 1150/1047/442
f 1197/1026/390 1208/1024/390 1209/1013/390 1186/1027/390
f 1196/1030/390 1207/1023/390 1208/1024/390 1197/1026/390
f 1195/1032/390 1206/1022/390 1207/1023/390 1196/1030/390
f 1194/1034/390 1205/1021/390 1206/1022/390 1195/1032/390
f 1193/1036/390 1204/1020/390 1205/1021/390 1194/1034/390
f 1192/1038/390 1203/1019/390 1204/1020/390 1193/1036/390
f 1191/1040/390 1202/1018/390 1203/1019/390 1192/1038/390
f 1190/1042/390 1201/1017/390 1202/1018/390 1191/1040/390
f 1189/1044/390 1200/1016/390 1201/1017/390 1190/1042/390
f 1188/1046/390 1199/1015/390 1200/1016/390 1189/1044/390
f 1187/1048/390 1198/1014/390 1199/1015/390 1188/1046/390
f 1186/1027/390 1209/1013/390 1198/1014/390 1187/1048/390
f 1233/1049/415 1216/1004/415 1215/997/429 1224/1050/429
f 1232/1051/466 1214/1000/466 1221/1011/384 1229/1052/384
f 1231/1053/423 1212/996/423 1220/1009/431 1228/1054/431
f 1230/1055/420 1210/925/420 1219/1007/419 1227/1056/419
f 1229/1052/384 1221/1011/384 1218/1005/427 1226/1057/427
f 1228/1054/431 1220/1009/431 1217/1001/467 1225/1058/416
f 1227/1056/419 1219/1007/419 1213/993/424 1223/1059/424
f 1226/1057/427 1218/1005/427 1211/922/460 1222/1060/433
f 1225/1058/416 1217/1001/467 1216/1004/415 1233/1049/415
f 1224/1050/429 1215/997/429 1214/1000/466 1232/1051/466
f 1223/1059/424 1213/993/424 1212/996/423 1231/1053/423
f 1222/1060/433 1211/922/460 1210/925/420 1230/1055/420
f 975/1061/459 1222/1060/433 1230/1055/420 973/1062/453
f 969/1063/455 1223/1059/424 1231/1053/423 967/1064/454
f 959/1065/457 1224/1050/429 1232/1051/466 981/1066/449
f 963/1067/451 1225/1058/416 1233/1049/415 961/1068/450
f 977/1069/456 1226/1057/427 1222/1060/433 975/1061/459
f 971/1070/452 1227/1056/419 1223/1059/424 969/1063/455
f 965/1071/458 1228/1054/431 1225/1058/416 963/1067/451
f 979/1072/448 1229/1052/384 1226/1057/427 977/1069/456
f 973/1062/453 1230/1055/420 1227/1056/419 971/1070/452
f 967/1064/454 1231/1053/423 1228/1054/431 965/1071/458
f 981/1066/449 1232/1051/466 1229/1052/384 979/1072/448
f 961/1068/450 1233/1049/415 1224/1050/429 959/1065/457
f 981/1066/449 1245/1073/390 1234/1074/390 959/1065/457
f 979/1072/448 1244/1075/390 1245/1073/390 981/1066/449
f 977/1069/456 1243/1076/390 1244/1075/390 979/1072/448
f 975/1061/459 1242/1077/390 1243/1076/390 977/1069/456
f 973/1062/453 1241/1078/390 1242/1077/390 975/1061/459
f 971/1070/452 1240/1079/390 1241/1078/390 973/1062/453
f 969/1063/455 1239/1080/390 1240/1079/390 971/1070/452
f 967/1064/454 1238/1081/390 1239/1080/390 969/1063/455
f 965/1071/458 1237/1082/390 1238/1081/390 967/1064/454
f 963/1067/451 1236/1083/390 1237/1082/390 965/1071/458
f 961/1068/450 1235/1084/390 1236/1083/390 963/1067/451
f 959/1065/457 1234/1074/390 1235/1084/390 961/1068/450
f 1245/1073/390 1256/955/390 1257/932/390 1234/1074/390
f 1244/1075/390 1255/953/390 1256/955/390 1245/1073/390
f 1243/1076/390 1254/951/390 1255/953/390 1244/1075/390
f 1242/1077/390 1253/949/390 1254/951/390 1243/1076/390
f 1241/1078/390 1252/947/390 1253/949/390 1242/1077/390
f 1240/1079/390 1251/945/390 1252/947/390 1241/1078/390
f 1239/1080/390 1250/943/390 1251/945/390 1240/1079/390
f 1238/1081/390 1249/941/390 1250/943/390 1239/1080/390
f 1237/1082/390 1248/939/390 1249/941/390 1238/1081/390
f 1236/1083/390 1247/937/390 1248/939/390 1237/1082/390
f 1235/1084/390 1246/935/390 1247/937/390 1236/1083/390
f 1234/1074/390 1257/932/390 1246/935/390 1235/1084/390
f 1043/931/373 1044/982/371 996/904/371 995/901/373
f 1044/982/371 1045/983/369 997/906/369 996/904/371
f 1045/983/369 1046/984/367 998/908/367 997/906/369
f 1046/984/367 1047/985/365 999/910/365 998/908/367
f 1047/985/365 1048/986/362 1000/912/362 999/910/365
f 1048/986/362 1049/987/389 1001/914/389 1000/912/362
f 1049/987/389 1050/988/383 1002/916/383 1001/914/389
f 1050/988/383 1051/989/381 1003/918/381 1002/916/383
f 1051/989/381 1052/990/379 1004/920/379 1003/918/381
f 1052/990/379 1053/991/377 1005/926/377 1004/920/379
f 1053/991/377 1042/992/375 994/928/375 1005/926/377
f 730/1085/474 731/1086/475 646/1087/476 647/1088/477
f 732/1089/478 730/1085/474 647/1088/477 648/1090/479
f 733/1091/480 732/1089/478 648/1090/479 649/1092/481
f 734/1093/482 733/1091/480 649/1092/481 650/1094/483
f 735/1095/484 734/1093/482 650/1094/483 651/1096/485
f 736/1097/486 735/1095/484 651/1096/485 652/1098/487
f 737/1099/488 736/1097/486 652/1098/487 653/1100/489
f 738/1101/490 737/1099/488 653/1100/489 654/1102/491
f 739/1103/492 738/1101/490 654/1102/491 655/1104/493
f 740/1105/494 739/1103/492 655/1104/493 656/1106/495
f 741/1107/496 740/1105/494 656/1106/495 657/1108/497
f 731/1086/475 741/1107/496 657/1108/497 646/1087/476
f 728/1109/414 716/794/414 717/796/391 729/1110/391
f 727/1111/412 715/792/412 716/794/414 728/1109/414
f 726/1112/410 714/790/410 715/792/412 727/1111/412
f 725/1113/408 713/788/408 714/790/410 726/1112/410
f 724/1114/406 712/786/406 713/788/408 725/1113/408
f 723/1115/404 711/784/404 712/786/406 724/1114/406
f 722/1116/402 710/782/402 711/784/404 723/1115/404
f 721/1117/400 709/780/400 710/782/402 722/1116/402
f 720/1118/398 708/778/398 709/780/400 721/1117/400
f 719/1119/396 707/776/396 708/778/398 720/1118/398
f 718/1120/394 706/774/394 707/776/396 719/1119/396
f 729/1121/391 717/771/391 706/774/394 718/1120/394
f 742/1122/498 753/1123/499 741/1107/496 731/1086/475
f 753/1123/499 752/1124/500 740/1105/494 741/1107/496
f 752/1124/500 751/1125/501 739/1103/492 740/1105/494
f 751/1125/501 750/1126/502 738/1101/490 739/1103/492
f 750/1126/502 749/1127/503 737/1099/488 738/1101/490
f 749/1127/503 748/1128/504 736/1097/486 737/1099/488
f 748/1128/504 747/1129/505 735/1095/484 736/1097/486
f 747/1129/505 746/1130/506 734/1093/482 735/1095/484
f 746/1130/506 745/1131/507 733/1091/480 734/1093/482
f 745/1131/507 744/1132/508 732/1089/478 733/1091/480
f 744/1132/508 743/1133/509 730/1085/474 732/1089/478
f 743/1133/509 742/1122/498 731/1086/475 730/1085/474
f 755/1134/510 754/1135/511 742/1122/498 743/1133/509
f 756/1136/512 755/1134/510 743/1133/509 744/1132/508
f 757/1137/513 756/1136/512 744/1132/508 745/1131/507
f 758/1138/514 757/1137/513 745/1131/507 746/1130/506
f 759/1139/515 758/1138/514 746/1130/506 747/1129/505
f 760/1140/516 759/1139/515 747/1129/505 748/1128/504
f 761/1141/517 760/1140/516 748/1128/504 749/1127/503
f 762/1142/518 761/1141/517 749/1127/503 750/1126/502
f 763/1143/519 762/1142/518 750/1126/502 751/1125/501
f 764/1144/520 763/1143/519 751/1125/501 752/1124/500
f 765/1145/521 764/1144/520 752/1124/500 753/1123/499
f 754/1135/511 765/1145/521 753/1123/499 742/1122/498
f 767/1146/522 766/1147/523 754/1135/511 755/1134/510
f 768/1148/524 767/1146/522 755/1134/510 756/1136/512
f 769/1149/525 768/1148/524 756/1136/512 757/1137/513
f 770/1150/526 769/1149/525 757/1137/513 758/1138/514
f 771/1151/527 770/1150/526 758/1138/514 759/1139/515
f 772/1152/528 771/1151/527 759/1139/515 760/1140/516
f 773/1153/529 772/1152/528 760/1140/516 761/1141/517
f 774/1154/530 773/1153/529 761/1141/517 762/1142/518
f 775/1155/531 774/1154/530 762/1142/518 763/1143/519
f 776/1156/532 775/1155/531 763/1143/519 764/1144/520
f 777/1157/533 776/1156/532 764/1144/520 765/1145/521
f 766/1147/523 777/1157/533 765/1145/521 754/1135/511
f 779/1158/534 778/1159/535 766/1147/523 767/1146/522
f 780/1160/536 779/1158/534 767/1146/522 768/1148/524
f 781/1161/537 780/1160/536 768/1148/524 769/1149/525
f 782/1162/538 781/1161/537 769/1149/525 770/1150/526
f 783/1163/539 782/1162/538 770/1150/526 771/1151/527
f 784/1164/540 783/1163/539 771/1151/527 772/1152/528
f 785/1165/541 784/1164/540 772/1152/528 773/1153/529
f 786/1166/542 785/1165/541 773/1153/529 774/1154/530
f 787/1167/543 786/1166/542 774/1154/530 775/1155/531
f 788/1168/544 787/1167/543 775/1155/531 776/1156/532
f 789/1169/545 788/1168/544 776/1156/532 777/1157/533
f 778/1159/535 789/1169/545 777/1157/533 766/1147/523
f 947/1170/546 946/1171/547 778/1159/535 779/1158/534
f 948/1172/548 947/1170/546 779/1158/534 780/1160/536
f 949/1173/549 948/1172/548 780/1160/536 781/1161/537
f 950/1174/550 949/1173/549 781/1161/537 782/1162/538
f 951/1175/551 950/1174/550 782/1162/538 783/1163/539
f 952/1176/552 951/1175/551 783/1163/539 784/1164/540
f 953/1177/553 952/1176/552 784/1164/540 785/1165/541
f 954/1178/554 953/1177/553 785/1165/541 786/1166/542
f 955/1179/555 954/1178/554 786/1166/542 787/1167/543
f 956/1180/556 955/1179/555 787/1167/543 788/1168/544
f 957/1181/557 956/1180/556 788/1168/544 789/1169/545
f 946/1171/547 957/1181/557 789/1169/545 778/1159/535
f 598/1182/558 620/1183/559 945/1184/560 935/1185/561
f 620/1183/559 618/1186/562 944/1187/563 945/1184/560
f 618/1186/562 616/1188/564 943/1189/565 944/1187/563
f 616/1188/564 614/1190/566 942/1191/567 943/1189/565
f 614/1190/566 612/1192/568 941/1193/569 942/1191/567
f 612/1192/568 610/1194/570 940/1195/571 941/1193/569
f 610/1194/570 608/1196/572 939/1197/573 940/1195/571
f 608/1196/572 606/1198/574 938/1199/575 939/1197/573
f 606/1198/574 604/1200/576 937/1201/577 938/1199/575
f 604/1200/576 602/1202/578 936/1203/579 937/1201/577
f 602/1202/578 600/1204/580 934/1205/581 936/1203/579
f 600/1204/580 598/1182/558 935/1185/561 934/1205/581
f 935/1185/561 945/1184/560 957/1181/557 946/1171/547
f 945/1184/560 944/1187/563 956/1180/556 957/1181/557
f 944/1187/563 943/1189/565 955/1179/555 956/1180/556
f 943/1189/565 942/1191/567 954/1178/554 955/1179/555
f 942/1191/567 941/1193/569 953/1177/553 954/1178/554
f 941/1193/569 940/1195/571 952/1176/552 953/1177/553
f 940/1195/571 939/1197/573 951/1175/551 952/1176/552
f 939/1197/573 938/1199/575 950/1174/550 951/1175/551
f 938/1199/575 937/1201/577 949/1173/549 950/1174/550
f 937/1201/577 936/1203/579 948/1172/548 949/1173/549
f 936/1203/579 934/1205/581 947/1170/546 948/1172/548
f 934/1205/581 935/1185/561 946/1171/547 947/1170/546
f 1090/1206/484 1007/1207/485 1006/1208/487 1091/1209/486
f 1092/1210/482 1008/1211/483 1007/1207/485 1090/1206/484
f 1093/1212/480 1009/1213/481 1008/1211/483 1092/1210/482
f 1094/1214/478 1010/1215/479 1009/1213/481 1093/1212/480
f 1095/1216/582 1011/1217/477 1010/1215/479 1094/1214/478
f 1096/1218/583 1012/1219/476 1011/1217/477 1095/1216/582
f 1097/1220/496 1013/1221/497 1012/1219/476 1096/1218/583
f 1098/1222/494 1014/1223/495 1013/1221/497 1097/1220/496
f 1099/1224/492 1015/1225/493 1014/1223/495 1098/1222/494
f 1100/1226/490 1016/1227/491 1015/1225/493 1099/1224/492
f 1101/1228/488 1017/1229/489 1016/1227/491 1100/1226/490
f 1091/1209/486 1006/1208/487 1017/1229/489 1101/1228/488
f 1088/1230/406 1089/1231/404 1077/980/404 1076/978/406
f 1087/1232/408 1088/1230/406 1076/978/406 1075/976/408
f 1086/1233/410 1087/1232/408 1075/976/408 1074/974/410
f 1085/1234/412 1086/1233/410 1074/974/410 1073/972/412
f 1084/1235/414 1085/1234/412 1073/972/412 1072/970/414
f 1083/1236/391 1084/1235/414 1072/970/414 1071/968/391
f 1082/1237/394 1083/1236/391 1071/968/391 1070/966/394
f 1081/1238/396 1082/1237/394 1070/966/394 1069/964/396
f 1080/1239/398 1081/1238/396 1069/964/396 1068/962/398
f 1079/1240/400 1080/1239/398 1068/962/398 1067/960/400
f 1078/1241/402 1079/1240/400 1067/960/400 1066/957/402
f 1089/1242/404 1078/1241/402 1066/957/402 1077/956/404
f 1102/1243/504 1091/1209/486 1101/1228/488 1113/1244/503
f 1113/1244/503 1101/1228/488 1100/1226/490 1112/1245/502
f 1112/1245/502 1100/1226/490 1099/1224/492 1111/1246/501
f 1111/1246/501 1099/1224/492 1098/1222/494 1110/1247/500
f 1110/1247/500 1098/1222/494 1097/1220/496 1109/1248/499
f 1109/1248/499 1097/1220/496 1096/1218/583 1108/1249/498
f 1108/1249/498 1096/1218/583 1095/1216/582 1107/1250/509
f 1107/1250/509 1095/1216/582 1094/1214/478 1106/1251/508
f 1106/1251/508 1094/1214/478 1093/1212/480 1105/1252/507
f 1105/1252/507 1093/1212/480 1092/1210/482 1104/1253/506
f 1104/1253/506 1092/1210/482 1090/1206/484 1103/1254/505
f 1103/1254/505 1090/1206/484 1091/1209/486 1102/1243/504
f 1115/1255/515 1103/1254/505 1102/1243/504 1114/1256/516
f 1116/1257/514 1104/1253/506 1103/1254/505 1115/1255/515
f 1117/1258/513 1105/1252/507 1104/1253/506 1116/1257/514
f 1118/1259/512 1106/1251/508 1105/1252/507 1117/1258/513
f 1119/1260/510 1107/1250/509 1106/1251/508 1118/1259/512
f 1120/1261/511 1108/1249/498 1107/1250/509 1119/1260/510
f 1121/1262/521 1109/1248/499 1108/1249/498 1120/1261/511
f 1122/1263/520 1110/1247/500 1109/1248/499 1121/1262/521
f 1123/1264/519 1111/1246/501 1110/1247/500 1122/1263/520
f 1124/1265/518 1112/1245/502 1111/1246/501 1123/1264/519
f 1125/1266/517 1113/1244/503 1112/1245/502 1124/1265/518
f 1114/1256/516 1102/1243/504 1113/1244/503 1125/1266/517
f 1127/1267/527 1115/1255/515 1114/1256/516 1126/1268/528
f 1128/1269/526 1116/1257/514 1115/1255/515 1127/1267/527
f 1129/1270/525 1117/1258/513 1116/1257/514 1128/1269/526
f 1130/1271/524 1118/1259/512 1117/1258/513 1129/1270/525
f 1131/1272/522 1119/1260/510 1118/1259/512 1130/1271/524
f 1132/1273/523 1120/1261/511 1119/1260/510 1131/1272/522
f 1133/1274/533 1121/1262/521 1120/1261/511 1132/1273/523
f 1134/1275/532 1122/1263/520 1121/1262/521 1133/1274/533
f 1135/1276/531 1123/1264/519 1122/1263/520 1134/1275/532
f 1136/1277/530 1124/1265/518 1123/1264/519 1135/1276/531
f 1137/1278/529 1125/1266/517 1124/1265/518 1136/1277/530
f 1126/1268/528 1114/1256/516 1125/1266/517 1137/1278/529
f 1139/1279/539 1127/1267/527 1126/1268/528 1138/1280/540
f 1140/1281/538 1128/1269/526 1127/1267/527 1139/1279/539
f 1141/1282/537 1129/1270/525 1128/1269/526 1140/1281/538
f 1142/1283/536 1130/1271/524 1129/1270/525 1141/1282/537
f 1143/1284/534 1131/1272/522 1130/1271/524 1142/1283/536
f 1144/1285/535 1132/1273/523 1131/1272/522 1143/1284/534
f 1145/1286/545 1133/1274/533 1132/1273/523 1144/1285/535
f 1146/1287/544 1134/1275/532 1133/1274/533 1145/1286/545
f 1147/1288/543 1135/1276/531 1134/1275/532 1146/1287/544
f 1148/1289/542 1136/1277/530 1135/1276/531 1147/1288/543
f 1149/1290/541 1137/1278/529 1136/1277/530 1148/1289/542
f 1138/1280/540 1126/1268/528 1137/1278/529 1149/1290/541
f 1307/1291/584 1139/1279/539 1138/1280/540 1306/1292/552
f 1308/1293/585 1140/1281/538 1139/1279/539 1307/1291/584
f 1309/1294/549 1141/1282/537 1140/1281/538 1308/1293/585
f 1310/1295/548 1142/1283/536 1141/1282/537 1309/1294/549
f 1311/1296/546 1143/1284/534 1142/1283/536 1310/1295/548
f 1312/1297/547 1144/1285/535 1143/1284/534 1311/1296/546
f 1313/1298/557 1145/1286/545 1144/1285/535 1312/1297/547
f 1314/1299/556 1146/1287/544 1145/1286/545 1313/1298/557
f 1315/1300/555 1147/1288/543 1146/1287/544 1314/1299/556
f 1316/1301/586 1148/1289/542 1147/1288/543 1315/1300/555
f 1317/1302/587 1149/1290/541 1148/1289/542 1316/1301/586
f 1306/1292/552 1138/1280/540 1149/1290/541 1317/1302/587
f 958/1303/570 1295/1304/571 1305/1305/569 980/1306/568
f 980/1306/568 1305/1305/569 1304/1307/567 978/1308/566
f 978/1308/566 1304/1307/567 1303/1309/565 976/1310/564
f 976/1310/564 1303/1309/565 1302/1311/563 974/1312/562
f 974/1312/562 1302/1311/563 1301/1313/560 972/1314/559
f 972/1314/559 1301/1313/560 1300/1315/561 970/1316/558
f 970/1316/558 1300/1315/561 1299/1317/581 968/1318/580
f 968/1318/580 1299/1317/581 1298/1319/579 966/1320/578
f 966/1320/578 1298/1319/579 1297/1321/577 964/1322/576
f 964/1322/576 1297/1321/577 1296/1323/575 962/1324/574
f 962/1324/574 1296/1323/575 1294/1325/573 960/1326/572
f 960/1326/572 1294/1325/573 1295/1304/571 958/1303/570
f 1295/1304/571 1306/1292/552 1317/1302/587 1305/1305/569
f 1305/1305/569 1317/1302/587 1316/1301/586 1304/1307/567
f 1304/1307/567 1316/1301/586 1315/1300/555 1303/1309/565
f 1303/1309/565 1315/1300/555 1314/1299/556 1302/1311/563
f 1302/1311/563 1314/1299/556 1313/1298/557 1301/1313/560
f 1301/1313/560 1313/1298/557 1312/1297/547 1300/1315/561
f 1300/1315/561 1312/1297/547 1311/1296/546 1299/1317/581
f 1299/1317/581 1311/1296/546 1310/1295/548 1298/1319/579
f 1298/1319/579 1310/1295/548 1309/1294/549 1297/1321/577
f 1297/1321/577 1309/1294/549 1308/1293/585 1296/1323/575
f 1296/1323/575 1308/1293/585 1307/1291/584 1294/1325/573
f 1294/1325/573 1307/1291/584 1306/1292/552 1295/1304/571
usemtl Gold
f 911/1327/381 910/1328/379 906/1329/378 907/1330/380
f 814/1331/390 815/1332/390 825/1333/390 824/1334/390 823/1335/390 822/1336/390 821/1337/390 820/1338/390 819/1339/390 818/1340/390 817/1341/390 816/1342/390
f 913/1343/375 912/1344/373 903/1345/372 904/1346/374
f 915/1347/369 914/1348/367 900/1349/366 901/1350/368
f 916/1351/383 911/1327/381 907/1330/380 908/1352/382
f 917/1353/377 913/1343/375 904/1346/374 905/1354/376
f 918/1355/371 915/1347/369 901/1350/368 902/1356/370
f 919/1357/389 916/1351/383 908/1352/382 909/1358/388
f 921/1359/365 920/1360/362 899/1361/363 898/1362/364
f 910/1328/379 917/1353/377 905/1354/376 906/1329/378
f 912/1344/373 918/1355/371 902/1356/370 903/1345/372
f 920/1360/362 919/1357/389 909/1358/388 899/1361/363
f 914/1348/367 921/1359/365 898/1362/364 900/1349/366
f 815/1332/390 814/1331/390 898/1362/364 899/1361/363
f 814/1331/390 816/1342/390 900/1349/366 898/1362/364
f 816/1342/390 817/1341/390 901/1350/368 900/1349/366
f 817/1341/390 818/1340/390 902/1356/370 901/1350/368
f 818/1340/390 819/1339/390 903/1345/372 902/1356/370
f 819/1339/390 820/1338/390 904/1346/374 903/1345/372
f 820/1338/390 821/1337/390 905/1354/376 904/1346/374
f 821/1337/390 822/1336/390 906/1329/378 905/1354/376
f 822/1336/390 823/1335/390 907/1330/380 906/1329/378
f 823/1335/390 824/1334/390 908/1352/382 907/1330/380
f 824/1334/390 825/1333/390 909/1358/388 908/1352/382
f 825/1333/390 815/1332/390 899/1361/363 909/1358/388
f 932/1363/367 929/1364/365 921/1359/365 914/1348/367
f 933/1365/362 928/1366/389 919/1357/389 920/1360/362
f 931/1367/373 927/1368/371 918/1355/371 912/1344/373
f 930/1369/379 926/1370/377 917/1353/377 910/1328/379
f 929/1364/365 933/1365/362 920/1360/362 921/1359/365
f 928/1366/389 925/1371/383 916/1351/383 919/1357/389
f 927/1368/371 924/1372/369 915/1347/369 918/1355/371
f 926/1370/377 923/1373/375 913/1343/375 917/1353/377
f 925/1371/383 922/1374/381 911/1327/381 916/1351/383
f 924/1372/369 932/1363/367 914/1348/367 915/1347/369
f 923/1373/375 931/1367/373 912/1344/373 913/1343/375
f 922/1374/381 930/1369/379 910/1328/379 911/1327/381
f 799/846/438 798/848/439 930/1369/379 922/1374/381
f 796/852/441 795/854/442 931/1367/373 923/1373/375
f 793/858/444 792/860/445 932/1363/367 924/1372/369
f 800/844/437 799/846/438 922/1374/381 925/1371/383
f 797/850/440 796/852/441 923/1373/375 926/1370/377
f 794/856/443 793/858/444 924/1372/369 927/1368/371
f 801/840/435 800/844/437 925/1371/383 928/1366/389
f 790/862/446 791/841/436 933/1365/362 929/1364/365
f 798/848/439 797/850/440 926/1370/377 930/1369/379
f 795/854/442 794/856/443 927/1368/371 931/1367/373
f 791/841/436 801/840/435 928/1366/389 933/1365/362
f 792/860/445 790/862/446 929/1364/365 932/1363/367
f 1271/1375/381 1267/1376/380 1266/1377/382 1270/1378/383
f 1174/1379/390 1176/1380/390 1177/1381/390 1178/1382/390 1179/1383/390 1180/1384/390 1181/1385/390 1182/1386/390 1183/1387/390 1184/1388/390 1185/1389/390 1175/1390/390
f 1273/1391/362 1264/1392/363 1263/1393/364 1272/1394/365
f 1275/1395/369 1261/1396/368 1260/1397/370 1274/1398/371
f 1276/1399/379 1268/1400/378 1267/1376/380 1271/1375/381
f 1277/1401/389 1265/1402/388 1264/1392/363 1273/1391/362
f 1278/1403/367 1262/1404/366 1261/1396/368 1275/1395/369
f 1279/1405/377 1269/1406/376 1268/1400/378 1276/1399/379
f 1281/1407/373 1258/1408/372 1259/1409/374 1280/1410/375
f 1270/1378/383 1266/1377/382 1265/1402/388 1277/1401/389
f 1272/1394/365 1263/1393/364 1262/1404/366 1278/1403/367
f 1280/1410/375 1259/1409/374 1269/1406/376 1279/1405/377
f 1274/1398/371 1260/1397/370 1258/1408/372 1281/1407/373
f 1175/1390/390 1259/1409/374 1258/1408/372 1174/1379/390
f 1174/1379/390 1258/1408/372 1260/1397/370 1176/1380/390
f 1176/1380/390 1260/1397/370 1261/1396/368 1177/1381/390
f 1177/1381/390 1261/1396/368 1262/1404/366 1178/1382/390
f 1178/1382/390 1262/1404/366 1263/1393/364 1179/1383/390
f 1179/1383/390 1263/1393/364 1264/1392/363 1180/1384/390
f 1180/1384/390 1264/1392/363 1265/1402/388 1181/1385/390
f 1181/1385/390 1265/1402/388 1266/1377/382 1182/1386/390
f 1182/1386/390 1266/1377/382 1267/1376/380 1183/1387/390
f 1183/1387/390 1267/1376/380 1268/1400/378 1184/1388/390
f 1184/1388/390 1268/1400/378 1269/1406/376 1185/1389/390
f 1185/1389/390 1269/1406/376 1259/1409/374 1175/1390/390
f 1292/1411/371 1274/1398/371 1281/1407/373 1289/1412/373
f 1293/1413/375 1280/1410/375 1279/1405/377 1288/1414/377
f 1291/1415/365 1272/1394/365 1278/1403/367 1287/1416/367
f 1290/1417/383 1270/1378/383 1277/1401/389 1286/1418/389
f 1289/1412/373 1281/1407/373 1280/1410/375 1293/1413/375
f 1288/1414/377 1279/1405/377 1276/1399/379 1285/1419/379
f 1287/1416/367 1278/1403/367 1275/1395/369 1284/1420/369
f 1286/1418/389 1277/1401/389 1273/1391/362 1283/1421/362
f 1285/1419/379 1276/1399/379 1271/1375/381 1282/1422/381
f 1284/1420/369 1275/1395/369 1274/1398/371 1292/1411/371
f 1283/1421/362 1273/1391/362 1272/1394/365 1291/1415/365
f 1282/1422/381 1271/1375/381 1270/1378/383 1290/1417/383
f 1159/1031/438 1282/1422/381 1290/1417/383 1158/1033/437
f 1156/1037/436 1283/1421/362 1291/1415/365 1155/1039/446
f 1153/1043/444 1284/1420/369 1292/1411/371 1152/1045/443
f 1160/1029/471 1285/1419/379 1282/1422/381 1159/1031/438
f 1157/1035/472 1286/1418/389 1283/1421/362 1156/1037/436
f 1154/1041/473 1287/1416/367 1284/1420/369 1153/1043/444
f 1161/1025/440 1288/1414/377 1285/1419/379 1160/1029/471
f 1150/1047/442 1289/1412/373 1293/1413/375 1151/1028/441
f 1158/1033/437 1290/1417/383 1286/1418/389 1157/1035/472
f 1155/1039/446 1291/1415/365 1287/1416/367 1154/1041/473
f 1151/1028/441 1293/1413/375 1288/1414/377 1161/1025/440
f 1152/1045/443 1292/1411/371 1289/1412/373 1150/1047/442
f 704/1423/389 633/1424/588 622/1425/589 705/1426/362
f 703/1427/383 632/1428/590 633/1424/588 704/1423/389
f 702/1429/381 631/1430/591 632/1428/590 703/1427/383
f 701/1431/379 630/1432/592 631/1430/591 702/1429/381
f 700/1433/377 629/1434/593 630/1432/592 701/1431/379
f 699/1435/375 628/1436/594 629/1434/593 700/1433/377
f 698/1437/373 627/1438/595 628/1436/594 699/1435/375
f 697/1439/371 626/1440/596 627/1438/595 698/1437/373
f 696/1441/369 625/1442/597 626/1440/596 697/1439/371
f 695/1443/367 624/1444/598 625/1442/597 696/1441/369
f 694/1445/365 623/1446/599 624/1444/598 695/1443/367
f 705/1447/362 622/1448/589 623/1446/599 694/1445/365
f 646/1449/476 705/1447/362 694/1445/365 647/1450/477
f 647/1450/477 694/1445/365 695/1443/367 648/1451/479
f 648/1451/479 695/1443/367 696/1441/369 649/1452/481
f 649/1452/481 696/1441/369 697/1439/371 650/1453/483
f 650/1453/483 697/1439/371 698/1437/373 651/1454/485
f 651/1454/485 698/1437/373 699/1435/375 652/1455/487
f 652/1455/487 699/1435/375 700/1433/377 653/1456/489
f 653/1456/489 700/1433/377 701/1431/379 654/1457/491
f 654/1457/491 701/1431/379 702/1429/381 655/1458/493
f 655/1458/493 702/1429/381 703/1427/383 656/1459/495
f 656/1459/495 703/1427/383 704/1423/389 657/1460/497
f 657/1460/497 704/1423/389 705/1426/362 646/1461/476
f 622/1448/589 729/1121/391 718/1120/394 623/1446/599
f 623/1446/599 718/1120/394 719/1119/396 624/1444/598
f 624/1444/598 719/1119/396 720/1118/398 625/1442/597
f 625/1442/597 720/1118/398 721/1117/400 626/1440/596
f 626/1440/596 721/1117/400 722/1116/402 627/1438/595
f 627/1438/595 722/1116/402 723/1115/404 628/1436/594
f 628/1436/594 723/1115/404 724/1114/406 629/1434/593
f 629/1434/593 724/1114/406 725/1113/408 630/1432/592
f 630/1432/592 725/1113/408 726/1112/410 631/1430/591
f 631/1430/591 726/1112/410 727/1111/412 632/1428/590
f 632/1428/590 727/1111/412 728/1109/414 633/1424/588
f 633/1424/588 728/1109/414 729/1110/391 622/1425/589
f 1064/1462/377 1065/1463/375 982/1464/594 993/1465/593
f 1063/1466/379 1064/1462/377 993/1465/593 992/1467/592
f 1062/1468/381 1063/1466/379 992/1467/592 991/1469/591
f 1061/1470/383 1062/1468/381 991/1469/591 990/1471/590
f 1060/1472/389 1061/1470/383 990/1471/590 989/1473/588
f 1059/1474/362 1060/1472/389 989/1473/588 988/1475/589
f 1058/1476/365 1059/1474/362 988/1475/589 987/1477/599
f 1057/1478/367 1058/1476/365 987/1477/599 986/1479/598
f 1056/1480/369 1057/1478/367 986/1479/598 985/1481/597
f 1055/1482/371 1056/1480/369 985/1481/597 984/1483/596
f 1054/1484/373 1055/1482/371 984/1483/596 983/1485/595
f 1065/1486/375 1054/1484/373 983/1485/595 982/1487/594
f 1006/1488/487 1007/1489/485 1054/1484/373 1065/1486/375
f 1007/1489/485 1008/1490/483 1055/1482/371 1054/1484/373
f 1008/1490/483 1009/1491/481 1056/1480/369 1055/1482/371
f 1009/1491/481 1010/1492/479 1057/1478/367 1056/1480/369
f 1010/1492/479 1011/1493/477 1058/1476/365 1057/1478/367
f 1011/1493/477 1012/1494/476 1059/1474/362 1058/1476/365
f 1012/1494/476 1013/1495/497 1060/1472/389 1059/1474/362
f 1013/1495/497 1014/1496/495 1061/1470/383 1060/1472/389
f 1014/1496/495 1015/1497/493 1062/1468/381 1061/1470/383
f 1015/1497/493 1016/1498/491 1063/1466/379 1062/1468/381
f 1016/1498/491 1017/1499/489 1064/1462/377 1063/1466/379
f 1017/1499/489 1006/1500/487 1065/1463/375 1064/1462/377
f 982/1487/594 983/1485/595 1078/1241/402 1089/1242/404
f 983/1485/595 984/1483/596 1079/1240/400 1078/1241/402
f 984/1483/596 985/1481/597 1080/1239/398 1079/1240/400
f 985/1481/597 986/1479/598 1081/1238/396 1080/1239/398
f 986/1479/598 987/1477/599 1082/1237/394 1081/1238/396
f 987/1477/599 988/1475/589 1083/1236/391 1082/1237/394
f 988/1475/589 989/1473/588 1084/1235/414 1083/1236/391
f 989/1473/588 990/1471/590 1085/1234/412 1084/1235/414
f 990/1471/590 991/1469/591 1086/1233/410 1085/1234/412
f 991/1469/591 992/1467/592 1087/1232/408 1086/1233/410
f 992/1467/592 993/1465/593 1088/1230/406 1087/1232/408
f 993/1465/593 982/1464/594 1089/1231/404 1088/1230/406
usemtl BlackVoid
f 598/1182/558 600/1204/580 602/1202/578 604/1200/576 606/1198/574 608/1196/572 610/1194/570 612/1192/568 614/1190/566 616/1188/564 618/1186/562 620/1183/559
f 958/1303/570 980/1306/568 978/1308/566 976/1310/564 974/1312/562 972/1314/559 970/1316/558 968/1318/580 966/1320/578 964/1322/576 962/1324/574 960/1326/572
o Cylinder.006_Cylinder.007
v 0.178493 -0.275801 -1.826440
v 0.119938 -0.333251 0.793584
v 0.154579 -0.365047 -1.826440
v 0.103870 -0.410839 0.849663
v 0.089246 -0.430380 -1.826440
v 0.059969 -0.467637 0.890716
v 0.000000 -0.491887 -1.826440
v -0.089246 -0.430380 -1.826440
v -0.059969 -0.467637 0.890716
v -0.154579 -0.365047 -1.826440
v -0.103870 -0.410839 0.849663
v -0.178493 -0.275801 -1.826440
v -0.119938 -0.333251 0.793584
v 0.191466 -0.333251 -0.120918
v 0.191466 -0.333251 -0.406043
v 0.191466 -0.333251 -0.879509
v 0.191466 -0.333251 -1.352974
v 0.165814 -0.428984 -0.120918
v 0.165814 -0.428984 -0.406043
v 0.165814 -0.428984 -0.879509
v 0.165814 -0.428984 -1.352974
v 0.065283 -0.499065 -0.120918
v 0.095733 -0.499065 -0.406043
v 0.095733 -0.499065 -0.879509
v 0.095733 -0.499065 -1.352974
v 0.000000 -0.562311 -0.239880
v 0.000000 -0.562311 -0.406043
v 0.000000 -0.562311 -0.879509
v 0.000000 -0.562311 -1.352974
v -0.065283 -0.499065 -0.120918
v -0.095733 -0.499065 -0.406043
v -0.095733 -0.499065 -0.879509
v -0.095733 -0.499065 -1.352974
v -0.165814 -0.428984 -0.120918
v -0.165814 -0.428984 -0.406043
v -0.165814 -0.428984 -0.879509
v -0.165814 -0.428984 -1.352974
v -0.191466 -0.333251 -0.120918
v -0.191466 -0.333251 -0.406043
v -0.191466 -0.333251 -0.879509
v -0.191466 -0.333251 -1.352974
v 0.100194 -0.031822 1.088906
v 0.086770 -0.048818 1.167053
v 0.050097 -0.061260 1.224260
v 0.000000 -0.103408 1.245199
v -0.050097 -0.061260 1.224260
v -0.086770 -0.048818 1.167053
v -0.100194 -0.031822 1.088906
v 0.110066 -0.238745 0.990639
v 0.095320 -0.296033 1.057244
v -0.110066 -0.238746 0.990639
v -0.095320 -0.296033 1.057244
v -0.049476 -0.394366 1.106002
v 0.000000 -0.390914 1.123849
v 0.049476 -0.394366 1.106002
v 0.000000 -0.961038 1.070571
v 0.040524 -0.902654 1.055545
v -0.040524 -0.902654 1.055545
v 0.027635 -0.934082 0.173176
v 0.000000 -0.997327 0.173176
v -0.027635 -0.934082 0.173176
v -0.037189 -0.714435 1.166449
v 0.000000 -0.767379 1.184296
v 0.037189 -0.714435 1.166449
v 0.094338 -0.016080 -3.518053
v 0.054465 -0.073624 -3.548989
v -0.000002 -0.130853 -3.570574
v -0.054469 -0.073624 -3.548989
v -0.094342 -0.016080 -3.518053
v 0.062749 -0.517878 -0.108238
v 0.058660 -0.486450 0.890716
v 0.000000 -0.405785 1.123849
v -0.048396 -0.409236 1.106002
v 0.000000 -0.581123 -0.219192
v -0.062749 -0.517878 -0.108238
v 0.048396 -0.409236 1.106002
v -0.058660 -0.486450 0.890716
v 0.041051 -0.895088 1.055545
v -0.037672 -0.708454 1.166449
v -0.041051 -0.895088 1.055545
v 0.028654 -0.926516 0.168077
v 0.000000 -0.761398 1.184296
v 0.000000 -0.989761 0.164856
v -0.028654 -0.926516 0.168077
v 0.037672 -0.708454 1.166449
v 0.011684 -0.488757 -1.826440
v 0.012533 -0.558952 -1.352974
v 0.012533 -0.558952 -0.879509
v 0.012533 -0.558952 -0.406043
v 0.008547 -0.558952 -0.224306
v 0.006559 -0.102811 1.242458
v 0.007205 -0.388905 1.121512
v 0.005305 -0.958316 1.068604
v 0.003618 -0.993969 0.173176
v 0.004869 -0.765369 1.181960
v 0.007129 -0.128095 -3.569092
v 0.007048 -0.403775 1.121512
v 0.008215 -0.577765 -0.204666
v 0.004932 -0.759389 1.181960
v 0.003751 -0.986403 0.165277
v -0.011334 -0.488850 -1.826440
v -0.012158 -0.559053 -1.352974
v -0.012158 -0.559053 -0.879509
v -0.012158 -0.559053 -0.406043
v -0.008291 -0.559053 -0.224772
v -0.006362 -0.102829 1.242540
v -0.006989 -0.388965 1.121582
v -0.005146 -0.958397 1.068663
v -0.003510 -0.994070 0.173176
v -0.004723 -0.765429 1.182029
v -0.006919 -0.128178 -3.569136
v -0.006836 -0.403835 1.121582
v -0.007969 -0.577865 -0.205101
v -0.004784 -0.759449 1.182029
v -0.003639 -0.986503 0.165265
vt 0.750000 0.900000
vt 0.750000 1.000000
vt 0.666667 1.000000
vt 0.666667 0.900000
vt 0.583333 1.000000
vt 0.583333 0.900000
vt 0.489417 0.900000
vt 0.500000 0.900000
vt 0.500000 0.900000
vt 0.489417 0.900000
vt 0.510910 0.900000
vt 0.583333 0.900000
vt 0.583333 0.900000
vt 0.510910 0.900000
vt 0.416667 0.900000
vt 0.416667 1.000000
vt 0.333333 1.000000
vt 0.333333 0.900000
vt 0.250000 1.000000
vt 0.250000 0.900000
vt 0.666667 1.000000
vt 0.750000 1.000000
vt 0.750000 1.000000
vt 0.666667 1.000000
vt 0.333333 0.500000
vt 0.333333 0.600000
vt 0.250000 0.600000
vt 0.250000 0.500000
vt 0.333333 0.700000
vt 0.250000 0.700000
vt 0.333333 0.800000
vt 0.250000 0.800000
vt 0.416667 0.500000
vt 0.416667 0.600000
vt 0.416667 0.700000
vt 0.416667 0.800000
vt 0.489417 0.500000
vt 0.489417 0.600000
vt 0.489417 0.700000
vt 0.489417 0.800000
vt 0.489417 0.900000
vt 0.510910 0.500000
vt 0.510910 0.600000
vt 0.500000 0.600000
vt 0.500000 0.500000
vt 0.510910 0.700000
vt 0.500000 0.700000
vt 0.510910 0.800000
vt 0.500000 0.800000
vt 0.510910 0.900000
vt 0.500000 0.900000
vt 0.666667 0.500000
vt 0.666667 0.600000
vt 0.583333 0.600000
vt 0.583333 0.500000
vt 0.666667 0.700000
vt 0.583333 0.700000
vt 0.666667 0.800000
vt 0.583333 0.800000
vt 0.750000 0.500000
vt 0.750000 0.600000
vt 0.750000 0.700000
vt 0.750000 0.800000
vt 0.250000 1.000000
vt 0.333333 1.000000
vt 0.333333 1.000000
vt 0.250000 1.000000
vt 0.416667 1.000000
vt 0.416667 1.000000
vt 0.489417 1.000000
vt 0.500000 1.000000
vt 0.500000 1.000000
vt 0.489417 1.000000
vt 0.510910 1.000000
vt 0.583333 1.000000
vt 0.583333 1.000000
vt 0.510910 1.000000
vt 0.583333 1.000000
vt 0.583333 1.000000
vt 0.489417 1.000000
vt 0.416667 1.000000
vt 0.416667 1.000000
vt 0.489417 1.000000
vt 0.510910 1.000000
vt 0.500000 1.000000
vt 0.489417 1.000000
vt 0.416667 1.000000
vt 0.416667 0.900000
vt 0.583333 1.000000
vt 0.510910 1.000000
vt 0.500000 1.000000
vt 0.510910 1.000000
vt 0.500000 1.000000
vt 0.583333 1.000000
vt 0.416667 1.000000
vt 0.416667 0.900000
vt 0.333333 0.500000
vt 0.416667 0.500000
vt 0.489417 0.500000
vt 0.500000 0.500000
vt 0.510910 0.500000
vt 0.583333 0.500000
vt 0.666667 0.500000
vt 0.416667 0.900000
vt 0.416667 1.000000
vt 0.416667 1.000000
vt 0.583333 1.000000
vt 0.583333 1.000000
vt 0.500000 1.000000
vt 0.510910 1.000000
vt 0.489417 1.000000
vt 0.583333 0.900000
vt 0.510910 0.900000
vt 0.500000 0.900000
vt 0.489417 0.900000
vn 0.9712 -0.2356 0.0353
vn 0.9802 -0.1785 0.0861
vn 0.8954 -0.4314 0.1101
vn 0.8528 -0.5207 0.0384
vn 0.9498 -0.2974 0.0970
vn 0.8107 -0.5830 -0.0534
vn -0.8072 -0.4183 -0.4165
vn -0.0000 -0.7189 -0.6951
vn 0.0000 -0.9606 -0.2777
vn -0.7426 -0.6252 -0.2401
vn 0.8076 -0.4179 -0.4162
vn 0.9638 -0.2020 -0.1739
vn 0.9436 -0.3014 -0.1371
vn 0.7429 -0.6249 -0.2401
vn -0.8106 -0.5831 -0.0536
vn -0.9498 -0.2974 0.0970
vn -0.8954 -0.4314 0.1101
vn -0.8528 -0.5207 0.0384
vn -0.9802 -0.1785 0.0861
vn -0.9712 -0.2356 0.0353
vn 0.9381 -0.1963 0.2853
vn 0.9866 -0.0840 0.1396
vn 0.9844 -0.0387 0.1717
vn 0.9283 -0.1190 0.3523
vn -0.8734 -0.4754 -0.1049
vn -0.8610 -0.5067 -0.0444
vn -0.9655 -0.2587 -0.0298
vn -0.9633 -0.2581 -0.0738
vn -0.8660 -0.5000 0.0000
vn -0.9659 -0.2588 0.0000
vn -0.8536 -0.5208 0.0088
vn -0.6858 -0.7150 -0.1355
vn -0.6466 -0.7606 -0.0586
vn -0.6472 -0.7623 0.0000
vn -0.6396 -0.7684 0.0199
vn -0.4634 -0.8722 -0.1567
vn -0.4261 -0.9022 -0.0670
vn -0.4279 -0.9038 0.0000
vn -0.4518 -0.8920 0.0127
vn -0.7676 -0.6163 -0.1760
vn 0.4640 -0.8719 -0.1567
vn 0.4267 -0.9019 -0.0670
vn 0.0000 -0.9973 -0.0729
vn 0.0000 -0.9847 -0.1741
vn 0.4285 -0.9035 0.0000
vn 0.0000 -1.0000 0.0000
vn 0.4524 -0.8917 0.0128
vn 0.0000 -1.0000 0.0018
vn 0.7680 -0.6157 -0.1759
vn 0.0000 -0.9917 -0.1284
vn 0.8734 -0.4754 -0.1049
vn 0.8610 -0.5067 -0.0444
vn 0.6471 -0.7601 -0.0586
vn 0.6863 -0.7146 -0.1354
vn 0.8660 -0.5000 0.0000
vn 0.6478 -0.7618 0.0000
vn 0.8536 -0.5208 0.0088
vn 0.6401 -0.7680 0.0199
vn 0.9633 -0.2581 -0.0738
vn 0.9655 -0.2587 -0.0298
vn 0.9659 -0.2588 0.0000
vn -0.9866 -0.0840 0.1396
vn -0.9381 -0.1963 0.2853
vn -0.9283 -0.1190 0.3523
vn -0.9844 -0.0387 0.1717
vn -0.7708 -0.2181 0.5985
vn -0.7211 -0.2451 0.6480
vn -0.3880 -0.1965 0.9004
vn 0.0000 -0.1735 0.9848
vn 0.0000 -0.3887 0.9213
vn -0.4259 -0.3376 0.8394
vn 0.3882 -0.1966 0.9004
vn 0.7709 -0.2180 0.5985
vn 0.7214 -0.2450 0.6477
vn 0.4261 -0.3376 0.8393
vn 0.9950 -0.0720 0.0696
vn 0.9257 -0.2980 0.2329
vn -0.3937 0.0567 0.9174
vn -0.7774 0.0665 0.6255
vn -0.8043 -0.1007 0.5856
vn -0.5899 -0.2299 0.7740
vn 0.7208 -0.5976 0.3512
vn 0.0000 -0.8428 0.5382
vn -0.7205 -0.5978 0.3515
vn -0.9255 -0.2985 0.2331
vn -0.9433 -0.3021 -0.1374
vn 0.8044 -0.1006 0.5855
vn 0.5903 -0.2299 0.7738
vn 0.0000 -0.2975 0.9547
vn 0.3938 0.0566 0.9174
vn 0.0000 0.0631 0.9980
vn 0.7774 0.0665 0.6255
vn -0.9950 -0.0720 0.0696
vn -0.9637 -0.2022 -0.1742
vn -0.7766 -0.6123 -0.1484
vn -0.7177 -0.6790 -0.1541
vn -0.4882 -0.8538 -0.1805
vn 0.0000 -0.9792 -0.2031
vn 0.4888 -0.8535 -0.1805
vn 0.7183 -0.6784 -0.1541
vn 0.7766 -0.6122 -0.1484
vn -0.9645 -0.2083 -0.1621
vn -0.9975 -0.0639 0.0298
vn -0.8082 0.0150 0.5887
vn 0.8082 0.0150 0.5887
vn 0.9975 -0.0639 0.0298
vn 0.0000 0.0980 0.9952
vn 0.3174 0.0678 0.9459
vn -0.3173 0.0679 0.9459
vn 0.9646 -0.2081 -0.1618
vn 0.8535 -0.3670 -0.3700
vn 0.0000 -0.7173 -0.6967
vn -0.8533 -0.3671 -0.3701
usemtl DarkPorple
s 1
f 1331/1501/600 1319/1502/601 1321/1503/602 1335/1504/603
f 1335/1504/603 1321/1503/602 1323/1505/604 1339/1506/605
f 1432/1507/606 1400/1508/607 1377/1509/608 1426/1510/609
f 1417/1511/610 1398/1512/611 1376/1513/612 1411/1514/613
f 1347/1515/614 1326/1516/615 1328/1517/616 1351/1518/617
f 1351/1518/617 1328/1517/616 1330/1519/618 1355/1520/619
f 1367/1521/620 1366/1522/621 1359/1523/622 1360/1524/623
f 1327/1525/624 1354/1526/625 1358/1527/626 1329/1528/627
f 1354/1526/625 1353/1529/628 1357/1530/629 1358/1527/626
f 1353/1529/628 1352/1531/630 1356/1532/629 1357/1530/629
f 1352/1531/630 1351/1518/617 1355/1520/619 1356/1532/629
f 1325/1533/631 1350/1534/632 1354/1526/625 1327/1525/624
f 1350/1534/632 1349/1535/633 1353/1529/628 1354/1526/625
f 1349/1535/633 1348/1536/634 1352/1531/630 1353/1529/628
f 1348/1536/634 1347/1515/614 1351/1518/617 1352/1531/630
f 1418/1537/635 1419/1538/636 1350/1534/632 1325/1533/631
f 1419/1538/636 1420/1539/637 1349/1535/633 1350/1534/632
f 1420/1539/637 1421/1540/638 1348/1536/634 1349/1535/633
f 1421/1540/638 1422/1541/639 1347/1515/614 1348/1536/634
f 1403/1542/640 1404/1543/641 1346/1544/642 1324/1545/643
f 1404/1543/641 1405/1546/644 1345/1547/645 1346/1544/642
f 1405/1546/644 1406/1548/646 1344/1549/647 1345/1547/645
f 1406/1548/646 1407/1550/648 1343/1551/649 1344/1549/647
f 1320/1552/650 1338/1553/651 1342/1554/652 1322/1555/653
f 1338/1553/651 1337/1556/654 1341/1557/655 1342/1554/652
f 1337/1556/654 1336/1558/656 1340/1559/657 1341/1557/655
f 1336/1558/656 1335/1504/603 1339/1506/605 1340/1559/657
f 1318/1560/658 1334/1561/659 1338/1553/651 1320/1552/650
f 1334/1561/659 1333/1562/660 1337/1556/654 1338/1553/651
f 1333/1562/660 1332/1563/660 1336/1558/656 1337/1556/654
f 1332/1563/660 1331/1501/600 1335/1504/603 1336/1558/656
f 1368/1564/661 1369/1565/662 1364/1566/663 1365/1567/664
f 1369/1565/662 1370/1568/665 1363/1569/666 1364/1566/663
f 1424/1570/667 1371/1571/668 1362/1572/669 1423/1573/670
f 1409/1574/671 1372/1575/672 1361/1576/673 1408/1577/674
f 1372/1575/672 1367/1521/620 1360/1524/623 1361/1576/673
f 1323/1505/604 1321/1503/602 1367/1521/620 1372/1575/672
f 1398/1512/611 1395/1578/675 1374/1579/676 1376/1513/612
f 1431/1580/677 1396/1581/678 1379/1582/679 1427/1583/680
f 1328/1517/616 1326/1516/615 1370/1568/665 1369/1565/662
f 1330/1519/618 1328/1517/616 1369/1565/662 1368/1564/661
f 1321/1503/602 1319/1502/601 1366/1522/621 1367/1521/620
f 1411/1514/613 1410/1584/681 1373/1585/682 1377/1509/608
f 1426/1510/609 1425/1586/683 1375/1587/684 1378/1588/685
f 1410/1584/681 1374/1579/676 1381/1589/686 1412/1590/687
f 1425/1586/683 1373/1585/682 1380/1591/688 1427/1583/680
f 1416/1592/689 1399/1593/690 1380/1591/688 1412/1590/687
f 1395/1578/675 1402/1594/691 1381/1589/686 1374/1579/676
f 1396/1581/678 1397/1595/692 1375/1587/684 1379/1582/679
f 1397/1595/692 1401/1596/693 1378/1588/685 1375/1587/684
f 1327/1525/624 1329/1528/627 1386/1597/694
f 1325/1533/631 1327/1525/624 1386/1597/694 1385/1598/695
f 1418/1537/635 1325/1533/631 1385/1598/695 1428/1599/696
f 1403/1542/640 1324/1545/643 1384/1600/697 1413/1601/698
f 1320/1552/650 1322/1555/653 1383/1602/699 1382/1603/700
f 1320/1552/650 1382/1603/700 1318/1560/658
f 1326/1516/615 1347/1515/614 1392/1604/701 1394/1605/702
f 1370/1568/665 1326/1516/615 1394/1605/702 1390/1606/703
f 1323/1505/604 1372/1575/672 1393/1607/704 1388/1608/705
f 1409/1574/671 1371/1571/668 1389/1609/706 1414/1610/707
f 1424/1570/667 1370/1568/665 1390/1606/703 1429/1611/708
f 1339/1506/605 1323/1505/604 1388/1608/705 1387/1612/709
f 1407/1550/648 1339/1506/605 1387/1612/709 1415/1613/710
f 1422/1541/639 1343/1551/649 1391/1614/711 1430/1615/712
f 1394/1605/702 1392/1604/701 1401/1596/693 1397/1595/692
f 1390/1606/703 1394/1605/702 1397/1595/692 1396/1581/678
f 1388/1608/705 1393/1607/704 1402/1594/691 1395/1578/675
f 1414/1610/707 1389/1609/706 1399/1593/690 1416/1592/689
f 1429/1611/708 1390/1606/703 1396/1581/678 1431/1580/677
f 1387/1612/709 1388/1608/705 1395/1578/675 1398/1512/611
f 1415/1613/710 1387/1612/709 1398/1512/611 1417/1511/610
f 1430/1615/712 1391/1614/711 1400/1508/607 1432/1507/606
f 1391/1614/711 1415/1613/710 1417/1511/610 1400/1508/607
f 1393/1607/704 1414/1610/707 1416/1592/689 1402/1594/691
f 1343/1551/649 1407/1550/648 1415/1613/710 1391/1614/711
f 1372/1575/672 1409/1574/671 1414/1610/707 1393/1607/704
f 1322/1555/653 1403/1542/640 1413/1601/698 1383/1602/699
f 1402/1594/691 1416/1592/689 1412/1590/687 1381/1589/686
f 1373/1585/682 1410/1584/681 1412/1590/687 1380/1591/688
f 1376/1513/612 1374/1579/676 1410/1584/681 1411/1514/613
f 1371/1571/668 1409/1574/671 1408/1577/674 1362/1572/669
f 1340/1559/657 1339/1506/605 1407/1550/648 1406/1548/646
f 1341/1557/655 1340/1559/657 1406/1548/646 1405/1546/644
f 1342/1554/652 1341/1557/655 1405/1546/644 1404/1543/641
f 1322/1555/653 1342/1554/652 1404/1543/641 1403/1542/640
f 1400/1508/607 1417/1511/610 1411/1514/613 1377/1509/608
f 1392/1604/701 1430/1615/712 1432/1507/606 1401/1596/693
f 1389/1609/706 1429/1611/708 1431/1580/677 1399/1593/690
f 1347/1515/614 1422/1541/639 1430/1615/712 1392/1604/701
f 1371/1571/668 1424/1570/667 1429/1611/708 1389/1609/706
f 1324/1545/643 1418/1537/635 1428/1599/696 1384/1600/697
f 1375/1587/684 1425/1586/683 1427/1583/680 1379/1582/679
f 1377/1509/608 1373/1585/682 1425/1586/683 1426/1510/609
f 1399/1593/690 1431/1580/677 1427/1583/680 1380/1591/688
f 1370/1568/665 1424/1570/667 1423/1573/670 1363/1569/666
f 1344/1549/647 1343/1551/649 1422/1541/639 1421/1540/638
f 1345/1547/645 1344/1549/647 1421/1540/638 1420/1539/637
f 1346/1544/642 1345/1547/645 1420/1539/637 1419/1538/636
f 1324/1545/643 1346/1544/642 1419/1538/636 1418/1537/635
f 1401/1596/693 1432/1507/606 1426/1510/609 1378/1588/685
o Cylinder.007_Cylinder.009
v -0.000000 -0.044211 -0.799036
v -0.000000 -0.044211 -0.753387
v 0.106302 -0.079330 -0.799036
v 0.106302 -0.079330 -0.753387
v 0.184120 -0.175278 -0.799036
v 0.184120 -0.175278 -0.753387
v 0.197505 -0.306345 -0.799036
v 0.197505 -0.306345 -0.753387
v 0.171044 -0.437411 -0.799036
v 0.171044 -0.437411 -0.753387
v 0.106302 -0.503550 -0.799036
v 0.106302 -0.503550 -0.753387
v 0.000000 -0.575096 -0.799036
v 0.000000 -0.575096 -0.753387
v -0.106302 -0.503550 -0.799036
v -0.106302 -0.503550 -0.753387
v -0.171044 -0.437412 -0.799036
v -0.171044 -0.437412 -0.753387
v -0.197505 -0.306345 -0.799036
v -0.197505 -0.306345 -0.753387
v -0.184120 -0.175278 -0.799036
v -0.184120 -0.175278 -0.753387
v -0.106302 -0.079330 -0.799036
v -0.106302 -0.079330 -0.753387
v -0.000000 -0.044211 -0.793271
v 0.106302 -0.079330 -0.793271
v 0.184120 -0.175278 -0.793271
v 0.197505 -0.306345 -0.793271
v 0.171044 -0.437411 -0.793271
v 0.106302 -0.503550 -0.793271
v 0.000000 -0.575096 -0.793271
v -0.106302 -0.503550 -0.793271
v -0.171044 -0.437412 -0.793271
v -0.197505 -0.306345 -0.793271
v -0.184120 -0.175278 -0.793271
v -0.106302 -0.079330 -0.793271
v -0.000000 -0.044211 -0.761333
v 0.106302 -0.079330 -0.761333
v 0.184120 -0.175278 -0.761333
v 0.197505 -0.306345 -0.761333
v 0.171044 -0.437411 -0.761333
v 0.106302 -0.503550 -0.761333
v 0.000000 -0.575096 -0.761333
v -0.106302 -0.503550 -0.761333
v -0.171044 -0.437412 -0.761333
v -0.197505 -0.306345 -0.761333
v -0.184120 -0.175278 -0.761333
v -0.106302 -0.079330 -0.761333
vt 1.000000 0.912969
vt 1.000000 1.000000
vt 0.916667 1.000000
vt 0.916667 0.912969
vt 0.833333 1.000000
vt 0.833333 0.912969
vt 0.750000 1.000000
vt 0.750000 0.912969
vt 0.666667 1.000000
vt 0.666667 0.912969
vt 0.583333 1.000000
vt 0.583333 0.912969
vt 0.500000 1.000000
vt 0.500000 0.912969
vt 0.416667 1.000000
vt 0.416667 0.912969
vt 0.333333 1.000000
vt 0.333333 0.912969
vt 0.250000 1.000000
vt 0.250000 0.912969
vt 0.166667 1.000000
vt 0.166667 0.912969
vt 0.370000 0.457846
vt 0.250000 0.490000
vt 0.130000 0.457846
vt 0.042154 0.370000
vt 0.010000 0.250000
vt 0.042154 0.130000
vt 0.130000 0.042154
vt 0.250000 0.010000
vt 0.370000 0.042154
vt 0.457846 0.130000
vt 0.490000 0.250000
vt 0.457846 0.370000
vt 0.083333 1.000000
vt 0.083333 0.912969
vt 0.000000 1.000000
vt 0.000000 0.912969
vt 0.750000 0.490000
vt 0.870000 0.457846
vt 0.957846 0.370000
vt 0.990000 0.250000
vt 0.957846 0.130000
vt 0.870000 0.042154
vt 0.750000 0.010000
vt 0.630000 0.042154
vt 0.542154 0.130000
vt 0.510000 0.250000
vt 0.542154 0.370000
vt 0.630000 0.457846
vt 0.083333 0.500000
vt 0.083333 0.563144
vt 0.000000 0.563144
vt 0.000000 0.500000
vt 0.166667 0.500000
vt 0.166667 0.563144
vt 0.250000 0.500000
vt 0.250000 0.563144
vt 0.333333 0.500000
vt 0.333333 0.563144
vt 0.416667 0.500000
vt 0.416667 0.563144
vt 0.500000 0.500000
vt 0.500000 0.563144
vt 0.583333 0.500000
vt 0.583333 0.563144
vt 0.666667 0.500000
vt 0.666667 0.563144
vt 0.750000 0.500000
vt 0.750000 0.563144
vt 0.833333 0.500000
vt 0.833333 0.563144
vt 0.916667 0.500000
vt 0.916667 0.563144
vt 1.000000 0.500000
vt 1.000000 0.563144
vn 0.0000 1.0000 0.0000
vn 0.0000 0.7660 0.6428
vn 0.4322 0.6261 0.6489
vn 0.5681 0.8229 0.0000
vn 0.7039 0.2907 0.6481
vn 0.9243 0.3817 0.0000
vn 0.7371 -0.0359 0.6749
vn 0.9988 -0.0487 0.0000
vn 0.6727 -0.3562 0.6484
vn 0.8837 -0.4679 0.0000
vn 0.4661 -0.5600 0.6849
vn 0.6398 -0.7685 0.0000
vn 0.0000 -0.7997 0.6004
vn 0.0000 -1.0000 0.0000
vn -0.4661 -0.5600 0.6849
vn -0.6398 -0.7685 0.0000
vn -0.6727 -0.3562 0.6484
vn -0.8837 -0.4679 0.0000
vn -0.7371 -0.0359 0.6749
vn -0.9988 -0.0487 0.0000
vn -0.7039 0.2907 0.6481
vn -0.9243 0.3817 0.0000
vn -0.4322 0.6261 0.6489
vn -0.5681 0.8229 0.0000
vn 0.0000 0.7660 -0.6428
vn 0.4322 0.6261 -0.6489
vn 0.7039 0.2907 -0.6481
vn 0.7371 -0.0359 -0.6749
vn 0.6727 -0.3562 -0.6484
vn 0.4661 -0.5600 -0.6849
vn 0.0000 -0.7997 -0.6004
vn -0.4661 -0.5600 -0.6849
vn -0.6727 -0.3562 -0.6484
vn -0.7371 -0.0359 -0.6749
vn -0.7039 0.2907 -0.6481
vn -0.4322 0.6261 -0.6489
usemtl Gold
s 1
f 1469/1616/713 1434/1617/714 1436/1618/715 1470/1619/716
f 1470/1619/716 1436/1618/715 1438/1620/717 1471/1621/718
f 1471/1621/718 1438/1620/717 1440/1622/719 1472/1623/720
f 1472/1623/720 1440/1622/719 1442/1624/721 1473/1625/722
f 1473/1625/722 1442/1624/721 1444/1626/723 1474/1627/724
f 1474/1627/724 1444/1626/723 1446/1628/725 1475/1629/726
f 1475/1629/726 1446/1628/725 1448/1630/727 1476/1631/728
f 1476/1631/728 1448/1630/727 1450/1632/729 1477/1633/730
f 1477/1633/730 1450/1632/729 1452/1634/731 1478/1635/732
f 1478/1635/732 1452/1634/731 1454/1636/733 1479/1637/734
f 1436/1638/715 1434/1639/714 1456/1640/735 1454/1641/733 1452/1642/731 1450/1643/729 1448/1644/727 1446/1645/725 1444/1646/723 1442/1647/721 1440/1648/719 1438/1649/717
f 1479/1637/734 1454/1636/733 1456/1650/735 1480/1651/736
f 1480/1651/736 1456/1650/735 1434/1652/714 1469/1653/713
f 1433/1654/737 1435/1655/738 1437/1656/739 1439/1657/740 1441/1658/741 1443/1659/742 1445/1660/743 1447/1661/744 1449/1662/745 1451/1663/746 1453/1664/747 1455/1665/748
f 1455/1666/748 1468/1667/736 1457/1668/713 1433/1669/737
f 1453/1670/747 1467/1671/734 1468/1667/736 1455/1666/748
f 1451/1672/746 1466/1673/732 1467/1671/734 1453/1670/747
f 1449/1674/745 1465/1675/730 1466/1673/732 1451/1672/746
f 1447/1676/744 1464/1677/728 1465/1675/730 1449/1674/745
f 1445/1678/743 1463/1679/726 1464/1677/728 1447/1676/744
f 1443/1680/742 1462/1681/724 1463/1679/726 1445/1678/743
f 1441/1682/741 1461/1683/722 1462/1681/724 1443/1680/742
f 1439/1684/740 1460/1685/720 1461/1683/722 1441/1682/741
f 1437/1686/739 1459/1687/718 1460/1685/720 1439/1684/740
f 1435/1688/738 1458/1689/716 1459/1687/718 1437/1686/739
f 1433/1690/737 1457/1691/713 1458/1689/716 1435/1688/738
f 1468/1667/736 1480/1651/736 1469/1653/713 1457/1668/713
f 1467/1671/734 1479/1637/734 1480/1651/736 1468/1667/736
f 1466/1673/732 1478/1635/732 1479/1637/734 1467/1671/734
f 1465/1675/730 1477/1633/730 1478/1635/732 1466/1673/732
f 1464/1677/728 1476/1631/728 1477/1633/730 1465/1675/730
f 1463/1679/726 1475/1629/726 1476/1631/728 1464/1677/728
f 1462/1681/724 1474/1627/724 1475/1629/726 1463/1679/726
f 1461/1683/722 1473/1625/722 1474/1627/724 1462/1681/724
f 1460/1685/720 1472/1623/720 1473/1625/722 1461/1683/722
f 1459/1687/718 1471/1621/718 1472/1623/720 1460/1685/720
f 1458/1689/716 1470/1619/716 1471/1621/718 1459/1687/718
f 1457/1691/713 1469/1616/713 1470/1619/716 1458/1689/716
o Cylinder.008_Cylinder.010
v -0.000000 -0.044211 -1.314711
v -0.000000 -0.044211 -1.269061
v 0.106302 -0.079330 -1.314711
v 0.106302 -0.079330 -1.269061
v 0.184120 -0.175278 -1.314711
v 0.184120 -0.175278 -1.269061
v 0.197505 -0.306345 -1.314711
v 0.197505 -0.306345 -1.269061
v 0.171044 -0.437411 -1.314711
v 0.171044 -0.437411 -1.269061
v 0.106302 -0.503550 -1.314711
v 0.106302 -0.503550 -1.269061
v 0.000000 -0.575096 -1.314711
v 0.000000 -0.575096 -1.269061
v -0.106302 -0.503550 -1.314711
v -0.106302 -0.503550 -1.269061
v -0.171044 -0.437412 -1.314711
v -0.171044 -0.437412 -1.269061
v -0.197505 -0.306345 -1.314711
v -0.197505 -0.306345 -1.269061
v -0.184120 -0.175278 -1.314711
v -0.184120 -0.175278 -1.269061
v -0.106302 -0.079330 -1.314711
v -0.106302 -0.079330 -1.269061
v -0.000000 -0.044211 -1.308946
v 0.106302 -0.079330 -1.308946
v 0.184120 -0.175278 -1.308946
v 0.197505 -0.306345 -1.308946
v 0.171044 -0.437411 -1.308946
v 0.106302 -0.503550 -1.308946
v 0.000000 -0.575096 -1.308946
v -0.106302 -0.503550 -1.308946
v -0.171044 -0.437412 -1.308946
v -0.197505 -0.306345 -1.308946
v -0.184120 -0.175278 -1.308946
v -0.106302 -0.079330 -1.308946
v -0.000000 -0.044211 -1.277007
v 0.106302 -0.079330 -1.277007
v 0.184120 -0.175278 -1.277007
v 0.197505 -0.306345 -1.277007
v 0.171044 -0.437411 -1.277007
v 0.106302 -0.503550 -1.277007
v 0.000000 -0.575096 -1.277007
v -0.106302 -0.503550 -1.277007
v -0.171044 -0.437412 -1.277007
v -0.197505 -0.306345 -1.277007
v -0.184120 -0.175278 -1.277007
v -0.106302 -0.079330 -1.277007
vt 1.000000 0.912969
vt 1.000000 1.000000
vt 0.916667 1.000000
vt 0.916667 0.912969
vt 0.833333 1.000000
vt 0.833333 0.912969
vt 0.750000 1.000000
vt 0.750000 0.912969
vt 0.666667 1.000000
vt 0.666667 0.912969
vt 0.583333 1.000000
vt 0.583333 0.912969
vt 0.500000 1.000000
vt 0.500000 0.912969
vt 0.416667 1.000000
vt 0.416667 0.912969
vt 0.333333 1.000000
vt 0.333333 0.912969
vt 0.250000 1.000000
vt 0.250000 0.912969
vt 0.166667 1.000000
vt 0.166667 0.912969
vt 0.370000 0.457846
vt 0.250000 0.490000
vt 0.130000 0.457846
vt 0.042154 0.370000
vt 0.010000 0.250000
vt 0.042154 0.130000
vt 0.130000 0.042154
vt 0.250000 0.010000
vt 0.370000 0.042154
vt 0.457846 0.130000
vt 0.490000 0.250000
vt 0.457846 0.370000
vt 0.083333 1.000000
vt 0.083333 0.912969
vt 0.000000 1.000000
vt 0.000000 0.912969
vt 0.750000 0.490000
vt 0.870000 0.457846
vt 0.957846 0.370000
vt 0.990000 0.250000
vt 0.957846 0.130000
vt 0.870000 0.042154
vt 0.750000 0.010000
vt 0.630000 0.042154
vt 0.542154 0.130000
vt 0.510000 0.250000
vt 0.542154 0.370000
vt 0.630000 0.457846
vt 0.083333 0.500000
vt 0.083333 0.563144
vt 0.000000 0.563144
vt 0.000000 0.500000
vt 0.166667 0.500000
vt 0.166667 0.563144
vt 0.250000 0.500000
vt 0.250000 0.563144
vt 0.333333 0.500000
vt 0.333333 0.563144
vt 0.416667 0.500000
vt 0.416667 0.563144
vt 0.500000 0.500000
vt 0.500000 0.563144
vt 0.583333 0.500000
vt 0.583333 0.563144
vt 0.666667 0.500000
vt 0.666667 0.563144
vt 0.750000 0.500000
vt 0.750000 0.563144
vt 0.833333 0.500000
vt 0.833333 0.563144
vt 0.916667 0.500000
vt 0.916667 0.563144
vt 1.000000 0.500000
vt 1.000000 0.563144
vn 0.0000 1.0000 0.0000
vn 0.0000 0.7660 0.6428
vn 0.4322 0.6261 0.6489
vn 0.5681 0.8229 0.0000
vn 0.7039 0.2907 0.6481
vn 0.9243 0.3817 0.0000
vn 0.7371 -0.0359 0.6749
vn 0.9988 -0.0487 0.0000
vn 0.6727 -0.3562 0.6484
vn 0.8837 -0.4679 0.0000
vn 0.4661 -0.5600 0.6849
vn 0.6398 -0.7685 0.0000
vn 0.0000 -0.7997 0.6004
vn 0.0000 -1.0000 0.0000
vn -0.4661 -0.5600 0.6849
vn -0.6398 -0.7685 0.0000
vn -0.6727 -0.3562 0.6484
vn -0.8837 -0.4679 0.0000
vn -0.7371 -0.0359 0.6749
vn -0.9988 -0.0487 0.0000
vn -0.7039 0.2907 0.6481
vn -0.9243 0.3817 0.0000
vn -0.4322 0.6261 0.6489
vn -0.5681 0.8229 0.0000
vn 0.0000 0.7660 -0.6428
vn 0.4322 0.6261 -0.6489
vn 0.7039 0.2907 -0.6481
vn 0.7371 -0.0359 -0.6749
vn 0.6727 -0.3562 -0.6485
vn 0.4661 -0.5600 -0.6849
vn 0.0000 -0.7997 -0.6004
vn -0.4661 -0.5600 -0.6849
vn -0.6727 -0.3562 -0.6484
vn -0.7371 -0.0359 -0.6749
vn -0.7039 0.2907 -0.6481
vn -0.4322 0.6261 -0.6489
usemtl Gold
s 1
f 1517/1692/749 1482/1693/750 1484/1694/751 1518/1695/752
f 1518/1695/752 1484/1694/751 1486/1696/753 1519/1697/754
f 1519/1697/754 1486/1696/753 1488/1698/755 1520/1699/756
f 1520/1699/756 1488/1698/755 1490/1700/757 1521/1701/758
f 1521/1701/758 1490/1700/757 1492/1702/759 1522/1703/760
f 1522/1703/760 1492/1702/759 1494/1704/761 1523/1705/762
f 1523/1705/762 1494/1704/761 1496/1706/763 1524/1707/764
f 1524/1707/764 1496/1706/763 1498/1708/765 1525/1709/766
f 1525/1709/766 1498/1708/765 1500/1710/767 1526/1711/768
f 1526/1711/768 1500/1710/767 1502/1712/769 1527/1713/770
f 1484/1714/751 1482/1715/750 1504/1716/771 1502/1717/769 1500/1718/767 1498/1719/765 1496/1720/763 1494/1721/761 1492/1722/759 1490/1723/757 1488/1724/755 1486/1725/753
f 1527/1713/770 1502/1712/769 1504/1726/771 1528/1727/772
f 1528/1727/772 1504/1726/771 1482/1728/750 1517/1729/749
f 1481/1730/773 1483/1731/774 1485/1732/775 1487/1733/776 1489/1734/777 1491/1735/778 1493/1736/779 1495/1737/780 1497/1738/781 1499/1739/782 1501/1740/783 1503/1741/784
f 1503/1742/784 1516/1743/772 1505/1744/749 1481/1745/773
f 1501/1746/783 1515/1747/770 1516/1743/772 1503/1742/784
f 1499/1748/782 1514/1749/768 1515/1747/770 1501/1746/783
f 1497/1750/781 1513/1751/766 1514/1749/768 1499/1748/782
f 1495/1752/780 1512/1753/764 1513/1751/766 1497/1750/781
f 1493/1754/779 1511/1755/762 1512/1753/764 1495/1752/780
f 1491/1756/778 1510/1757/760 1511/1755/762 1493/1754/779
f 1489/1758/777 1509/1759/758 1510/1757/760 1491/1756/778
f 1487/1760/776 1508/1761/756 1509/1759/758 1489/1758/777
f 1485/1762/775 1507/1763/754 1508/1761/756 1487/1760/776
f 1483/1764/774 1506/1765/752 1507/1763/754 1485/1762/775
f 1481/1766/773 1505/1767/749 1506/1765/752 1483/1764/774
f 1516/1743/772 1528/1727/772 1517/1729/749 1505/1744/749
f 1515/1747/770 1527/1713/770 1528/1727/772 1516/1743/772
f 1514/1749/768 1526/1711/768 1527/1713/770 1515/1747/770
f 1513/1751/766 1525/1709/766 1526/1711/768 1514/1749/768
f 1512/1753/764 1524/1707/764 1525/1709/766 1513/1751/766
f 1511/1755/762 1523/1705/762 1524/1707/764 1512/1753/764
f 1510/1757/760 1522/1703/760 1523/1705/762 1511/1755/762
f 1509/1759/758 1521/1701/758 1522/1703/760 1510/1757/760
f 1508/1761/756 1520/1699/756 1521/1701/758 1509/1759/758
f 1507/1763/754 1519/1697/754 1520/1699/756 1508/1761/756
f 1506/1765/752 1518/1695/752 1519/1697/754 1507/1763/754
f 1505/1767/749 1517/1692/749 1518/1695/752 1506/1765/752
o Cylinder.009_Cylinder.012
v -0.000000 -0.044211 -0.296186
v -0.000000 -0.044211 -0.250537
v 0.106302 -0.079330 -0.296186
v 0.106302 -0.079330 -0.250537
v 0.184120 -0.175278 -0.296186
v 0.184120 -0.175278 -0.250537
v 0.197505 -0.306345 -0.296186
v 0.197505 -0.306345 -0.250537
v 0.171044 -0.437411 -0.296186
v 0.171044 -0.437411 -0.250537
v 0.106302 -0.503550 -0.296186
v 0.106302 -0.503550 -0.250537
v 0.000000 -0.575096 -0.296186
v 0.000000 -0.575096 -0.250537
v -0.106302 -0.503550 -0.296186
v -0.106302 -0.503550 -0.250537
v -0.171044 -0.437412 -0.296186
v -0.171044 -0.437412 -0.250537
v -0.197505 -0.306345 -0.296186
v -0.197505 -0.306345 -0.250537
v -0.184120 -0.175278 -0.296186
v -0.184120 -0.175278 -0.250537
v -0.106302 -0.079330 -0.296186
v -0.106302 -0.079330 -0.250537
v -0.000000 -0.044211 -0.290421
v 0.106302 -0.079330 -0.290421
v 0.184120 -0.175278 -0.290421
v 0.197505 -0.306345 -0.290421
v 0.171044 -0.437411 -0.290421
v 0.106302 -0.503550 -0.290421
v 0.000000 -0.575096 -0.290421
v -0.106302 -0.503550 -0.290421
v -0.171044 -0.437412 -0.290421
v -0.197505 -0.306345 -0.290421
v -0.184120 -0.175278 -0.290421
v -0.106302 -0.079330 -0.290421
v -0.000000 -0.044211 -0.258483
v 0.106302 -0.079330 -0.258483
v 0.184120 -0.175278 -0.258483
v 0.197505 -0.306345 -0.258483
v 0.171044 -0.437411 -0.258483
v 0.106302 -0.503550 -0.258483
v 0.000000 -0.575096 -0.258483
v -0.106302 -0.503550 -0.258483
v -0.171044 -0.437412 -0.258483
v -0.197505 -0.306345 -0.258483
v -0.184120 -0.175278 -0.258483
v -0.106302 -0.079330 -0.258483
vt 1.000000 0.912969
vt 1.000000 1.000000
vt 0.916667 1.000000
vt 0.916667 0.912969
vt 0.833333 1.000000
vt 0.833333 0.912969
vt 0.750000 1.000000
vt 0.750000 0.912969
vt 0.666667 1.000000
vt 0.666667 0.912969
vt 0.583333 1.000000
vt 0.583333 0.912969
vt 0.500000 1.000000
vt 0.500000 0.912969
vt 0.416667 1.000000
vt 0.416667 0.912969
vt 0.333333 1.000000
vt 0.333333 0.912969
vt 0.250000 1.000000
vt 0.250000 0.912969
vt 0.166667 1.000000
vt 0.166667 0.912969
vt 0.370000 0.457846
vt 0.250000 0.490000
vt 0.130000 0.457846
vt 0.042154 0.370000
vt 0.010000 0.250000
vt 0.042154 0.130000
vt 0.130000 0.042154
vt 0.250000 0.010000
vt 0.370000 0.042154
vt 0.457846 0.130000
vt 0.490000 0.250000
vt 0.457846 0.370000
vt 0.083333 1.000000
vt 0.083333 0.912969
vt 0.000000 1.000000
vt 0.000000 0.912969
vt 0.750000 0.490000
vt 0.870000 0.457846
vt 0.957846 0.370000
vt 0.990000 0.250000
vt 0.957846 0.130000
vt 0.870000 0.042154
vt 0.750000 0.010000
vt 0.630000 0.042154
vt 0.542154 0.130000
vt 0.510000 0.250000
vt 0.542154 0.370000
vt 0.630000 0.457846
vt 0.083333 0.500000
vt 0.083333 0.563144
vt 0.000000 0.563144
vt 0.000000 0.500000
vt 0.166667 0.500000
vt 0.166667 0.563144
vt 0.250000 0.500000
vt 0.250000 0.563144
vt 0.333333 0.500000
vt 0.333333 0.563144
vt 0.416667 0.500000
vt 0.416667 0.563144
vt 0.500000 0.500000
vt 0.500000 0.563144
vt 0.583333 0.500000
vt 0.583333 0.563144
vt 0.666667 0.500000
vt 0.666667 0.563144
vt 0.750000 0.500000
vt 0.750000 0.563144
vt 0.833333 0.500000
vt 0.833333 0.563144
vt 0.916667 0.500000
vt 0.916667 0.563144
vt 1.000000 0.500000
vt 1.000000 0.563144
vn 0.0000 1.0000 0.0000
vn 0.0000 0.7660 0.6428
vn 0.4322 0.6261 0.6489
vn 0.5681 0.8229 0.0000
vn 0.7039 0.2907 0.6481
vn 0.9243 0.3817 0.0000
vn 0.7371 -0.0359 0.6749
vn 0.9988 -0.0487 0.0000
vn 0.6727 -0.3562 0.6485
vn 0.8837 -0.4679 0.0000
vn 0.4661 -0.5600 0.6849
vn 0.6398 -0.7685 0.0000
vn 0.0000 -0.7997 0.6004
vn 0.0000 -1.0000 0.0000
vn -0.4661 -0.5600 0.6849
vn -0.6398 -0.7685 0.0000
vn -0.6727 -0.3562 0.6484
vn -0.8837 -0.4679 0.0000
vn -0.7371 -0.0359 0.6749
vn -0.9988 -0.0487 0.0000
vn -0.7039 0.2907 0.6481
vn -0.9243 0.3817 0.0000
vn -0.4322 0.6261 0.6489
vn -0.5681 0.8229 0.0000
vn 0.0000 0.7660 -0.6428
vn 0.4322 0.6261 -0.6489
vn 0.7039 0.2907 -0.6481
vn 0.7371 -0.0359 -0.6749
vn 0.6727 -0.3562 -0.6485
vn 0.4661 -0.5600 -0.6849
vn 0.0000 -0.7997 -0.6004
vn -0.4661 -0.5600 -0.6849
vn -0.6727 -0.3562 -0.6484
vn -0.7371 -0.0359 -0.6749
vn -0.7039 0.2907 -0.6481
vn -0.4322 0.6261 -0.6489
usemtl Gold
s 1
f 1565/1768/785 1530/1769/786 1532/1770/787 1566/1771/788
f 1566/1771/788 1532/1770/787 1534/1772/789 1567/1773/790
f 1567/1773/790 1534/1772/789 1536/1774/791 1568/1775/792
f 1568/1775/792 1536/1774/791 1538/1776/793 1569/1777/794
f 1569/1777/794 1538/1776/793 1540/1778/795 1570/1779/796
f 1570/1779/796 1540/1778/795 1542/1780/797 1571/1781/798
f 1571/1781/798 1542/1780/797 1544/1782/799 1572/1783/800
f 1572/1783/800 1544/1782/799 1546/1784/801 1573/1785/802
f 1573/1785/802 1546/1784/801 1548/1786/803 1574/1787/804
f 1574/1787/804 1548/1786/803 1550/1788/805 1575/1789/806
f 1532/1790/787 1530/1791/786 1552/1792/807 1550/1793/805 1548/1794/803 1546/1795/801 1544/1796/799 1542/1797/797 1540/1798/795 1538/1799/793 1536/1800/791 1534/1801/789
f 1575/1789/806 1550/1788/805 1552/1802/807 1576/1803/808
f 1576/1803/808 1552/1802/807 1530/1804/786 1565/1805/785
f 1529/1806/809 1531/1807/810 1533/1808/811 1535/1809/812 1537/1810/813 1539/1811/814 1541/1812/815 1543/1813/816 1545/1814/817 1547/1815/818 1549/1816/819 1551/1817/820
f 1551/1818/820 1564/1819/808 1553/1820/785 1529/1821/809
f 1549/1822/819 1563/1823/806 1564/1819/808 1551/1818/820
f 1547/1824/818 1562/1825/804 1563/1823/806 1549/1822/819
f 1545/1826/817 1561/1827/802 1562/1825/804 1547/1824/818
f 1543/1828/816 1560/1829/800 1561/1827/802 1545/1826/817
f 1541/1830/815 1559/1831/798 1560/1829/800 1543/1828/816
f 1539/1832/814 1558/1833/796 1559/1831/798 1541/1830/815
f 1537/1834/813 1557/1835/794 1558/1833/796 1539/1832/814
f 1535/1836/812 1556/1837/792 1557/1835/794 1537/1834/813
f 1533/1838/811 1555/1839/790 1556/1837/792 1535/1836/812
f 1531/1840/810 1554/1841/788 1555/1839/790 1533/1838/811
f 1529/1842/809 1553/1843/785 1554/1841/788 1531/1840/810
f 1564/1819/808 1576/1803/808 1565/1805/785 1553/1820/785
f 1563/1823/806 1575/1789/806 1576/1803/808 1564/1819/808
f 1562/1825/804 1574/1787/804 1575/1789/806 1563/1823/806
f 1561/1827/802 1573/1785/802 1574/1787/804 1562/1825/804
f 1560/1829/800 1572/1783/800 1573/1785/802 1561/1827/802
f 1559/1831/798 1571/1781/798 1572/1783/800 1560/1829/800
f 1558/1833/796 1570/1779/796 1571/1781/798 1559/1831/798
f 1557/1835/794 1569/1777/794 1570/1779/796 1558/1833/796
f 1556/1837/792 1568/1775/792 1569/1777/794 1557/1835/794
f 1555/1839/790 1567/1773/790 1568/1775/792 1556/1837/792
f 1554/1841/788 1566/1771/788 1567/1773/790 1555/1839/790
f 1553/1843/785 1565/1768/785 1566/1771/788 1554/1841/788
o Cube.001
v -1.039341 1.176888 1.194336
v -0.951783 1.182874 1.195309
v -1.014465 0.958699 1.103767
v -0.926965 0.965209 1.104959
v -0.982530 0.671136 0.344979
v -0.895008 0.677466 0.345698
v -1.027188 1.063418 1.860491
v -0.939691 1.069977 1.858101
v -0.942058 0.302061 -0.298957
v -0.866643 0.418640 1.060824
v -0.854529 0.308329 -0.298344
v -0.953975 0.410584 1.062176
v -0.922141 0.120261 -1.064947
v -0.827090 0.059832 0.733846
v -0.834854 0.128732 -1.054197
v -0.914339 0.051018 0.734859
v -0.897186 0.697310 0.333287
v -0.928768 0.981941 1.084389
v -0.954584 1.208650 1.178509
v -0.856835 0.329227 -0.308928
v -0.941436 1.085868 1.899342
v -0.865545 0.408686 1.084168
v -0.832978 0.111607 -1.239736
v -0.824555 0.036811 0.751327
v -1.041979 1.201171 1.178509
v -1.016163 0.974461 1.084389
v -1.028831 1.078388 1.899342
v -0.984581 0.689830 0.333287
v -0.952941 0.401207 1.084168
v -0.944230 0.321748 -0.308928
v -0.911950 0.029331 0.751327
v -0.920374 0.104127 -1.239736
v -0.976220 1.010259 1.045095
v -1.003056 1.245682 1.151952
v -0.987361 1.101146 1.948579
v -0.945709 0.734773 0.307625
v -0.905558 0.368399 -0.330574
v -0.906821 0.384267 1.132512
v -0.876097 0.102926 -1.293309
v -0.863670 -0.006061 0.780966
v -0.970700 1.006965 1.049666
v -0.997418 1.241375 1.155041
v -0.982018 1.099369 1.942852
v -0.940064 0.730415 0.310610
v -0.899890 0.363843 -0.328056
v -0.902020 0.387108 1.126888
v -0.871081 0.103936 -1.287077
v -0.859119 -0.001074 0.777519
v -0.981571 1.005463 1.050359
v -1.008271 1.239719 1.155510
v -0.992917 1.098097 1.941983
v -0.950916 0.728752 0.311063
v -0.910739 0.362149 -0.327674
v -0.913000 0.386537 1.126035
v -0.882029 0.103087 -1.286132
v -0.870138 -0.001319 0.776996
v -0.940074 0.988688 1.075026
v -0.966133 1.217474 1.172181
v -0.952378 1.089509 1.911074
v -0.908747 0.706236 0.327173
v -0.868444 0.338561 -0.314086
v -0.875380 0.402868 1.095687
v -0.843252 0.109538 -1.252501
v -0.833874 0.026596 0.758389
v -1.004987 0.984477 1.073395
v -1.031089 1.213625 1.171078
v -1.017228 1.084756 1.913118
v -0.973705 0.702405 0.326107
v -0.933410 0.334801 -0.314985
v -0.940037 0.396467 1.097695
v -0.907986 0.103791 -1.254725
v -0.898441 0.019429 0.759620
v 1.039340 1.176888 1.194336
v 0.951783 1.182874 1.195309
v 1.014465 0.958698 1.103767
v 0.926965 0.965209 1.104959
v 0.982530 0.671136 0.344979
v 0.895008 0.677466 0.345698
v 1.027188 1.063418 1.860490
v 0.939691 1.069977 1.858101
v 0.942058 0.302061 -0.298957
v 0.866643 0.418640 1.060824
v 0.854529 0.308329 -0.298344
v 0.953975 0.410584 1.062176
v 0.922141 0.120261 -1.064947
v 0.827090 0.059832 0.733846
v 0.834854 0.128732 -1.054197
v 0.914339 0.051018 0.734859
v 0.897186 0.697310 0.333287
v 0.928768 0.981941 1.084389
v 0.954584 1.208650 1.178509
v 0.856835 0.329227 -0.308928
v 0.941436 1.085868 1.899342
v 0.865545 0.408686 1.084168
v 0.832978 0.111607 -1.239736
v 0.824555 0.036811 0.751327
v 1.041979 1.201171 1.178509
v 1.016163 0.974461 1.084389
v 1.028831 1.078388 1.899342
v 0.984581 0.689830 0.333287
v 0.952941 0.401207 1.084168
v 0.944230 0.321748 -0.308928
v 0.911950 0.029331 0.751327
v 0.920374 0.104127 -1.239736
v 0.976220 1.010259 1.045095
v 1.003056 1.245682 1.151952
v 0.987361 1.101146 1.948579
v 0.945709 0.734773 0.307625
v 0.905558 0.368399 -0.330574
v 0.906821 0.384267 1.132512
v 0.876097 0.102926 -1.293309
v 0.863669 -0.006061 0.780966
v 0.970700 1.006965 1.049666
v 0.997417 1.241374 1.155041
v 0.982018 1.099369 1.942852
v 0.940064 0.730415 0.310610
v 0.899890 0.363843 -0.328056
v 0.902020 0.387108 1.126888
v 0.871081 0.103936 -1.287077
v 0.859119 -0.001074 0.777519
v 0.981571 1.005463 1.050359
v 1.008271 1.239719 1.155510
v 0.992917 1.098097 1.941983
v 0.950916 0.728752 0.311063
v 0.910739 0.362149 -0.327674
v 0.913000 0.386537 1.126035
v 0.882029 0.103087 -1.286132
v 0.870138 -0.001319 0.776996
v 0.940074 0.988688 1.075026
v 0.966133 1.217474 1.172181
v 0.952378 1.089509 1.911074
v 0.908747 0.706236 0.327173
v 0.868444 0.338561 -0.314086
v 0.875380 0.402868 1.095687
v 0.843252 0.109538 -1.252501
v 0.833875 0.026596 0.758389
v 1.004987 0.984477 1.073395
v 1.031089 1.213625 1.171078
v 1.017228 1.084756 1.913118
v 0.973705 0.702405 0.326107
v 0.933410 0.334800 -0.314985
v 0.940037 0.396467 1.097694
v 0.907986 0.103791 -1.254725
v 0.898441 0.019429 0.759620
vt 0.595216 0.412298
vt 0.595216 0.500000
vt 0.625000 0.500000
vt 0.625000 0.412298
vt 0.595216 0.750000
vt 0.625000 0.750000
vt 0.282151 0.507952
vt 0.286556 0.744544
vt 0.369487 0.734551
vt 0.346418 0.555538
vt 0.569539 0.310145
vt 0.625000 0.284467
vt 0.840533 0.750000
vt 0.785072 0.775678
vt 0.655022 0.558105
vt 0.630868 0.733643
vt 0.713490 0.744208
vt 0.718163 0.508436
vt 0.203049 0.509801
vt 0.213341 0.745884
vt 0.595216 0.837702
vt 0.625000 0.837702
vt 0.595216 0.331963
vt 0.625000 0.331963
vt 0.595216 0.284467
vt 0.163542 0.508663
vt 0.162502 0.746936
vt 0.786569 0.745630
vt 0.797190 0.510397
vt 0.595216 0.913119
vt 0.625000 0.913119
vt 0.837311 0.746745
vt 0.836207 0.509196
vt 0.595216 0.965533
vt 0.625000 0.965533
vt 0.712702 0.500000
vt 0.793037 0.500000
vt 0.712702 0.750000
vt 0.788119 0.750000
vt 0.840533 0.500000
vt 0.375000 0.750000
vt 0.375000 0.500000
vt 0.287298 0.750000
vt 0.287298 0.500000
vt 0.211881 0.750000
vt 0.206963 0.500000
vt 0.159467 0.750000
vt 0.159467 0.500000
vt 0.483254 0.913118
vt 0.483254 0.965533
vt 0.500000 0.965533
vt 0.500000 0.913119
vt 0.483254 0.837702
vt 0.500000 0.837702
vt 0.483254 0.284467
vt 0.483254 0.331963
vt 0.500000 0.331963
vt 0.500000 0.284467
vt 0.483254 0.412298
vt 0.500000 0.412298
vt 0.483254 0.750000
vt 0.500000 0.750000
vt 0.361050 0.406671
vt 0.392234 0.392234
vt 0.607766 0.857766
vt 0.576582 0.872204
vt 0.483254 0.500000
vt 0.500000 0.500000
vt 0.514541 0.965533
vt 0.514541 0.913119
vt 0.514541 0.837702
vt 0.514541 0.331963
vt 0.514541 0.284467
vt 0.514541 0.412298
vt 0.514541 0.750000
vt 0.419311 0.379697
vt 0.634844 0.845230
vt 0.514541 0.500000
vt 0.409974 0.412298
vt 0.409974 0.500000
vt 0.409974 0.750000
vt 0.224594 0.469848
vt 0.440127 0.935380
vt 0.409974 0.837702
vt 0.409974 0.331963
vt 0.409974 0.284467
vt 0.409974 0.913118
vt 0.409974 0.965533
vt 0.375000 0.913119
vt 0.375000 0.965533
vt 0.375000 0.837702
vt 0.375000 0.284467
vt 0.375000 0.331963
vt 0.375000 0.412298
vt 0.595216 0.412298
vt 0.625000 0.412298
vt 0.625000 0.500000
vt 0.595216 0.500000
vt 0.625000 0.750000
vt 0.595216 0.750000
vt 0.282151 0.507952
vt 0.346418 0.555538
vt 0.369487 0.734551
vt 0.286556 0.744544
vt 0.569539 0.310145
vt 0.785072 0.775678
vt 0.840533 0.750000
vt 0.625000 0.284467
vt 0.655022 0.558105
vt 0.718163 0.508436
vt 0.713490 0.744208
vt 0.630868 0.733643
vt 0.203049 0.509801
vt 0.213341 0.745884
vt 0.625000 0.837702
vt 0.595216 0.837702
vt 0.595216 0.331963
vt 0.625000 0.331963
vt 0.595216 0.284467
vt 0.163542 0.508663
vt 0.162502 0.746936
vt 0.797190 0.510397
vt 0.786569 0.745630
vt 0.625000 0.913119
vt 0.595216 0.913119
vt 0.836207 0.509196
vt 0.837311 0.746745
vt 0.625000 0.965533
vt 0.595216 0.965533
vt 0.712702 0.500000
vt 0.793037 0.500000
vt 0.712702 0.750000
vt 0.788119 0.750000
vt 0.840533 0.500000
vt 0.375000 0.500000
vt 0.375000 0.750000
vt 0.287298 0.750000
vt 0.287298 0.500000
vt 0.211881 0.750000
vt 0.206963 0.500000
vt 0.159467 0.750000
vt 0.159467 0.500000
vt 0.483254 0.913118
vt 0.500000 0.913119
vt 0.500000 0.965533
vt 0.483254 0.965533
vt 0.483254 0.837702
vt 0.500000 0.837702
vt 0.483254 0.284467
vt 0.500000 0.284467
vt 0.500000 0.331963
vt 0.483254 0.331963
vt 0.500000 0.412298
vt 0.483254 0.412298
vt 0.483254 0.750000
vt 0.500000 0.750000
vt 0.361050 0.406671
vt 0.576582 0.872204
vt 0.607766 0.857766
vt 0.392234 0.392234
vt 0.483254 0.500000
vt 0.500000 0.500000
vt 0.514541 0.913119
vt 0.514541 0.965533
vt 0.514541 0.837702
vt 0.514541 0.284467
vt 0.514541 0.331963
vt 0.514541 0.412298
vt 0.514541 0.750000
vt 0.634844 0.845230
vt 0.419311 0.379697
vt 0.514541 0.500000
vt 0.409974 0.412298
vt 0.409974 0.500000
vt 0.409974 0.750000
vt 0.224594 0.469848
vt 0.440127 0.935380
vt 0.409974 0.837702
vt 0.409974 0.331963
vt 0.409974 0.284467
vt 0.409974 0.913118
vt 0.409974 0.965533
vt 0.375000 0.913119
vt 0.375000 0.965533
vt 0.375000 0.837702
vt 0.375000 0.284467
vt 0.375000 0.331963
vt 0.375000 0.412298
vn 0.6675 0.6865 -0.2882
vn 0.6937 0.5545 -0.4597
vn 0.9371 0.2925 -0.1902
vn 0.8832 0.4408 -0.1602
vn 0.6726 0.6832 -0.2842
vn 0.8265 0.5267 -0.1985
vn -0.9940 -0.1094 -0.0003
vn -0.9939 -0.1100 -0.0001
vn -0.9940 -0.1095 -0.0021
vn 0.9703 0.0235 -0.2406
vn 0.9778 0.0342 -0.2064
vn 0.9021 -0.4047 0.1497
vn 0.7174 -0.6507 0.2489
vn 0.9940 0.1095 0.0021
vn 0.9939 0.1100 0.0001
vn 0.9940 0.1094 0.0003
vn -0.9940 -0.1094 0.0001
vn -0.9939 -0.1101 -0.0001
vn 0.8437 0.2223 0.4885
vn 0.9001 0.1794 0.3970
vn 0.5741 0.7724 -0.2715
vn 0.8821 0.4509 -0.1359
vn -0.9940 -0.1095 0.0000
vn 0.9939 0.1101 0.0001
vn 0.9940 0.1094 -0.0001
vn 0.7223 -0.4595 0.5168
vn 0.9491 -0.1666 0.2673
vn 0.9940 0.1095 -0.0000
vn -0.9175 0.3440 -0.1995
vn -0.9768 0.0817 -0.1978
vn -0.9202 0.0005 0.3915
vn -0.9557 0.2451 -0.1630
vn -0.8921 -0.3674 0.2629
vn -0.9566 0.2561 -0.1391
vn -0.8016 -0.5791 0.1486
vn -0.9667 -0.1470 -0.2095
vn -0.6203 -0.5955 0.5105
vn -0.5784 -0.7790 0.2422
vn 0.0917 -0.9187 0.3842
vn 0.0695 -0.7176 0.6930
vn -0.8718 0.0564 0.4866
vn -0.0406 0.3886 0.9205
vn -0.9529 -0.1623 -0.2560
vn -0.7158 0.6387 -0.2822
vn -0.0896 0.9251 -0.3689
vn 0.0234 -0.2479 -0.9685
vn -0.7924 0.5355 -0.2920
vn -0.0920 0.8979 -0.4305
vn -0.7964 0.5349 -0.2821
vn -0.0923 0.8874 -0.4516
vn -0.7923 0.3995 -0.4612
vn -0.0739 0.7379 -0.6708
vn 0.7183 -0.6508 0.2459
vn 0.7240 -0.4547 0.5186
vn 0.8412 0.2268 0.4908
vn 0.5773 0.7679 -0.2774
vn 0.9671 0.0178 -0.2538
vn 0.6674 0.6868 -0.2877
vn 0.6723 0.6858 -0.2786
vn 0.6934 0.5583 -0.4555
vn -0.7925 0.5351 -0.2925
vn -0.7918 0.3957 -0.4652
vn -0.7961 0.5324 -0.2875
vn -0.9571 -0.1572 -0.2434
vn -0.5776 -0.7786 0.2451
vn -0.8733 0.0520 0.4843
vn -0.7136 0.6438 -0.2763
vn -0.6179 -0.5994 0.5088
vn -0.6675 0.6865 -0.2882
vn -0.8832 0.4408 -0.1602
vn -0.9371 0.2925 -0.1902
vn -0.6937 0.5545 -0.4597
vn -0.8265 0.5267 -0.1985
vn -0.6726 0.6832 -0.2842
vn 0.9940 -0.1094 -0.0003
vn 0.9940 -0.1095 -0.0021
vn 0.9939 -0.1100 -0.0001
vn -0.9703 0.0235 -0.2406
vn -0.7174 -0.6507 0.2489
vn -0.9021 -0.4047 0.1497
vn -0.9778 0.0342 -0.2064
vn -0.9940 0.1095 0.0021
vn -0.9940 0.1094 0.0003
vn -0.9939 0.1100 0.0001
vn 0.9940 -0.1094 0.0001
vn 0.9939 -0.1101 -0.0001
vn -0.9001 0.1794 0.3971
vn -0.8437 0.2223 0.4885
vn -0.5741 0.7724 -0.2715
vn -0.8821 0.4509 -0.1359
vn 0.9940 -0.1095 0.0000
vn -0.9940 0.1094 -0.0001
vn -0.9939 0.1101 0.0001
vn -0.9491 -0.1667 0.2673
vn -0.7223 -0.4595 0.5168
vn -0.9940 0.1095 -0.0000
vn 0.9768 0.0817 -0.1978
vn 0.9175 0.3440 -0.1995
vn 0.9202 0.0005 0.3915
vn 0.9557 0.2451 -0.1630
vn 0.8921 -0.3674 0.2629
vn 0.9566 0.2561 -0.1391
vn 0.8016 -0.5791 0.1486
vn 0.9667 -0.1470 -0.2095
vn 0.6203 -0.5955 0.5105
vn -0.0695 -0.7176 0.6930
vn -0.0917 -0.9187 0.3842
vn 0.5784 -0.7790 0.2422
vn 0.8718 0.0564 0.4866
vn 0.0406 0.3886 0.9205
vn 0.9529 -0.1623 -0.2560
vn -0.0233 -0.2479 -0.9685
vn 0.0896 0.9251 -0.3689
vn 0.7159 0.6387 -0.2822
vn 0.0920 0.8979 -0.4305
vn 0.7924 0.5355 -0.2920
vn 0.7964 0.5349 -0.2821
vn 0.0923 0.8874 -0.4516
vn 0.7923 0.3995 -0.4612
vn 0.0739 0.7379 -0.6708
vn -0.7240 -0.4547 0.5186
vn -0.7183 -0.6508 0.2459
vn -0.8412 0.2268 0.4908
vn -0.9671 0.0178 -0.2538
vn -0.5773 0.7679 -0.2774
vn -0.6674 0.6868 -0.2877
vn -0.6723 0.6858 -0.2786
vn -0.6934 0.5583 -0.4555
vn 0.7925 0.5351 -0.2925
vn 0.7918 0.3957 -0.4652
vn 0.7961 0.5324 -0.2875
vn 0.9571 -0.1572 -0.2434
vn 0.5776 -0.7786 0.2451
vn 0.8733 0.0520 0.4843
vn 0.7136 0.6438 -0.2763
vn 0.6179 -0.5994 0.5088
usemtl Porple.001
s 1
f 1636/1844/821 1633/1845/822 1594/1846/823 1593/1847/824
f 1633/1845/822 1634/1848/825 1595/1849/826 1594/1846/823
f 1581/1850/827 1583/1851/828 1577/1852/829 1579/1853/829
f 1639/1854/830 1599/1855/831 1600/1856/832 1640/1857/833
f 1580/1858/834 1578/1859/834 1584/1860/835 1582/1861/836
f 1585/1862/837 1588/1863/838 1583/1851/828 1581/1850/827
f 1634/1848/825 1635/1864/839 1597/1865/840 1595/1849/826
f 1637/1866/841 1636/1844/821 1593/1847/824 1596/1867/842
f 1639/1868/830 1637/1866/841 1596/1867/842 1599/1855/831
f 1589/1869/837 1592/1870/843 1588/1863/838 1585/1862/837
f 1582/1861/836 1584/1860/835 1586/1871/844 1587/1872/845
f 1635/1864/839 1638/1873/846 1598/1874/847 1597/1865/840
f 1587/1872/845 1586/1871/844 1590/1875/848 1591/1876/845
f 1638/1873/846 1640/1877/833 1600/1878/832 1598/1874/847
f 1582/1861/836 1593/1879/824 1594/1846/823 1580/1858/834
f 1580/1858/834 1594/1846/823 1595/1849/826 1578/1859/834
f 1587/1872/845 1596/1880/842 1593/1879/824 1582/1861/836
f 1578/1859/834 1595/1849/826 1597/1881/840 1584/1860/835
f 1584/1860/835 1597/1881/840 1598/1882/847 1586/1871/844
f 1591/1876/845 1599/1883/831 1596/1880/842 1587/1872/845
f 1586/1871/844 1598/1882/847 1600/1856/832 1590/1875/848
f 1590/1875/848 1600/1856/832 1599/1883/831 1591/1876/845
f 1577/1852/829 1601/1884/849 1602/1885/850 1579/1853/829
f 1583/1851/828 1603/1886/851 1601/1884/849 1577/1852/829
f 1579/1853/829 1602/1885/850 1604/1887/852 1581/1850/827
f 1588/1863/838 1605/1888/853 1603/1886/851 1583/1851/828
f 1581/1850/827 1604/1887/852 1606/1889/854 1585/1862/837
f 1592/1870/843 1607/1890/855 1605/1888/853 1588/1863/838
f 1585/1862/837 1606/1889/854 1608/1891/856 1589/1869/837
f 1589/1869/837 1608/1891/856 1607/1890/855 1592/1870/843
f 1630/1892/857 1632/1893/858 1616/1894/859 1614/1895/860
f 1627/1896/861 1630/1892/857 1614/1895/860 1611/1897/862
f 1631/1898/863 1629/1899/864 1613/1900/865 1615/1901/866
f 1629/1899/864 1628/1902/867 1612/1903/868 1613/1900/865
f 1626/1904/869 1627/1896/861 1611/1897/862 1610/1905/870
f 1631/1906/863 1615/1907/866 1616/1908/859 1632/1909/858
f 1625/1910/871 1626/1904/869 1610/1905/870 1609/1911/872
f 1628/1902/867 1625/1910/871 1609/1911/872 1612/1903/868
f 1614/1895/860 1616/1894/859 1624/1912/873 1622/1913/874
f 1611/1897/862 1614/1895/860 1622/1913/874 1619/1914/875
f 1615/1901/866 1613/1900/865 1621/1915/876 1623/1916/877
f 1613/1900/865 1612/1903/868 1620/1917/878 1621/1915/876
f 1610/1905/870 1611/1897/862 1619/1914/875 1618/1918/879
f 1615/1907/866 1623/1919/877 1624/1920/873 1616/1908/859
f 1609/1911/872 1610/1905/870 1618/1918/879 1617/1921/880
f 1612/1903/868 1609/1911/872 1617/1921/880 1620/1917/878
f 1644/1922/881 1641/1923/882 1625/1910/871 1628/1902/867
f 1641/1923/882 1642/1924/883 1626/1904/869 1625/1910/871
f 1647/1925/884 1631/1906/863 1632/1909/858 1648/1926/885
f 1642/1924/883 1643/1927/886 1627/1896/861 1626/1904/869
f 1645/1928/887 1644/1922/881 1628/1902/867 1629/1899/864
f 1647/1929/884 1645/1928/887 1629/1899/864 1631/1898/863
f 1643/1927/886 1646/1930/888 1630/1892/857 1627/1896/861
f 1646/1930/888 1648/1931/885 1632/1893/858 1630/1892/857
f 1605/1932/853 1607/1933/855 1648/1931/885 1646/1930/888
f 1603/1934/851 1605/1932/853 1646/1930/888 1643/1927/886
f 1608/1935/856 1606/1936/854 1645/1928/887 1647/1929/884
f 1606/1936/854 1604/1937/852 1644/1922/881 1645/1928/887
f 1601/1884/849 1603/1934/851 1643/1927/886 1642/1924/883
f 1608/1891/856 1647/1925/884 1648/1926/885 1607/1933/855
f 1602/1885/850 1601/1884/849 1642/1924/883 1641/1923/882
f 1604/1937/852 1602/1885/850 1641/1923/882 1644/1922/881
f 1708/1938/889 1665/1939/890 1666/1940/891 1705/1941/892
f 1705/1941/892 1666/1940/891 1667/1942/893 1706/1943/894
f 1653/1944/895 1651/1945/896 1649/1946/896 1655/1947/897
f 1711/1948/898 1712/1949/899 1672/1950/900 1671/1951/901
f 1652/1952/902 1654/1953/903 1656/1954/904 1650/1955/902
f 1657/1956/905 1653/1944/895 1655/1947/897 1660/1957/906
f 1706/1943/894 1667/1942/893 1669/1958/907 1707/1959/908
f 1709/1960/909 1668/1961/910 1665/1939/890 1708/1938/889
f 1711/1962/898 1671/1951/901 1668/1961/910 1709/1960/909
f 1661/1963/905 1657/1956/905 1660/1957/906 1664/1964/911
f 1654/1953/903 1659/1965/912 1658/1966/913 1656/1954/904
f 1707/1959/908 1669/1958/907 1670/1967/914 1710/1968/915
f 1659/1965/912 1663/1969/912 1662/1970/916 1658/1966/913
f 1710/1968/915 1670/1967/914 1672/1971/900 1712/1972/899
f 1654/1953/903 1652/1952/902 1666/1940/891 1665/1973/890
f 1652/1952/902 1650/1955/902 1667/1942/893 1666/1940/891
f 1659/1965/912 1654/1953/903 1665/1973/890 1668/1974/910
f 1650/1955/902 1656/1954/904 1669/1975/907 1667/1942/893
f 1656/1954/904 1658/1966/913 1670/1976/914 1669/1975/907
f 1663/1969/912 1659/1965/912 1668/1974/910 1671/1977/901
f 1658/1966/913 1662/1970/916 1672/1950/900 1670/1976/914
f 1662/1970/916 1663/1969/912 1671/1977/901 1672/1950/900
f 1649/1946/896 1651/1945/896 1674/1978/917 1673/1979/918
f 1655/1947/897 1649/1946/896 1673/1979/918 1675/1980/919
f 1651/1945/896 1653/1944/895 1676/1981/920 1674/1978/917
f 1660/1957/906 1655/1947/897 1675/1980/919 1677/1982/921
f 1653/1944/895 1657/1956/905 1678/1983/922 1676/1981/920
f 1664/1964/911 1660/1957/906 1677/1982/921 1679/1984/923
f 1657/1956/905 1661/1963/905 1680/1985/924 1678/1983/922
f 1661/1963/905 1664/1964/911 1679/1984/923 1680/1985/924
f 1702/1986/925 1686/1987/926 1688/1988/927 1704/1989/928
f 1699/1990/929 1683/1991/930 1686/1987/926 1702/1986/925
f 1703/1992/931 1687/1993/932 1685/1994/933 1701/1995/934
f 1701/1995/934 1685/1994/933 1684/1996/935 1700/1997/936
f 1698/1998/937 1682/1999/938 1683/1991/930 1699/1990/929
f 1703/2000/931 1704/2001/928 1688/2002/927 1687/2003/932
f 1697/2004/939 1681/2005/940 1682/1999/938 1698/1998/937
f 1700/1997/936 1684/1996/935 1681/2005/940 1697/2004/939
f 1686/1987/926 1694/2006/941 1696/2007/942 1688/1988/927
f 1683/1991/930 1691/2008/943 1694/2006/941 1686/1987/926
f 1687/1993/932 1695/2009/944 1693/2010/945 1685/1994/933
f 1685/1994/933 1693/2010/945 1692/2011/946 1684/1996/935
f 1682/1999/938 1690/2012/947 1691/2008/943 1683/1991/930
f 1687/2003/932 1688/2002/927 1696/2013/942 1695/2014/944
f 1681/2005/940 1689/2015/948 1690/2012/947 1682/1999/938
f 1684/1996/935 1692/2011/946 1689/2015/948 1681/2005/940
f 1716/2016/949 1700/1997/936 1697/2004/939 1713/2017/950
f 1713/2017/950 1697/2004/939 1698/1998/937 1714/2018/951
f 1719/2019/952 1720/2020/953 1704/2001/928 1703/2000/931
f 1714/2018/951 1698/1998/937 1699/1990/929 1715/2021/954
f 1717/2022/955 1701/1995/934 1700/1997/936 1716/2016/949
f 1719/2023/952 1703/1992/931 1701/1995/934 1717/2022/955
f 1715/2021/954 1699/1990/929 1702/1986/925 1718/2024/956
f 1718/2024/956 1702/1986/925 1704/1989/928 1720/2025/953
f 1677/2026/921 1718/2024/956 1720/2025/953 1679/2027/923
f 1675/2028/919 1715/2021/954 1718/2024/956 1677/2026/921
f 1680/2029/924 1719/2023/952 1717/2022/955 1678/2030/922
f 1678/2030/922 1717/2022/955 1716/2016/949 1676/2031/920
f 1673/1979/918 1714/2018/951 1715/2021/954 1675/2028/919
f 1680/1985/924 1679/2027/923 1720/2020/953 1719/2019/952
f 1674/1978/917 1713/2017/950 1714/2018/951 1673/1979/918
f 1676/2031/920 1716/2016/949 1713/2017/950 1674/1978/917
usemtl Gold.001
f 1622/1913/874 1624/1912/873 1640/1877/833 1638/1873/846
f 1619/1914/875 1622/1913/874 1638/1873/846 1635/1864/839
f 1623/1916/877 1621/1915/876 1637/1866/841 1639/1868/830
f 1621/1915/876 1620/1917/878 1636/1844/821 1637/1866/841
f 1618/1918/879 1619/1914/875 1635/1864/839 1634/1848/825
f 1623/1919/877 1639/1854/830 1640/1857/833 1624/1920/873
f 1617/1921/880 1618/1918/879 1634/1848/825 1633/1845/822
f 1620/1917/878 1617/1921/880 1633/1845/822 1636/1844/821
f 1694/2006/941 1710/1968/915 1712/1972/899 1696/2007/942
f 1691/2008/943 1707/1959/908 1710/1968/915 1694/2006/941
f 1695/2009/944 1711/1962/898 1709/1960/909 1693/2010/945
f 1693/2010/945 1709/1960/909 1708/1938/889 1692/2011/946
f 1690/2012/947 1706/1943/894 1707/1959/908 1691/2008/943
f 1695/2014/944 1696/2013/942 1712/1949/899 1711/1948/898
f 1689/2015/948 1705/1941/892 1706/1943/894 1690/2012/947
f 1692/2011/946 1708/1938/889 1705/1941/892 1689/2015/948
o Cylinder.010_Cylinder.003
v 1.378667 -0.057664 -0.698683
v 1.441451 0.039950 -0.788340
v 1.378533 -0.129121 -0.305526
v 1.378533 -0.155277 0.000000
v 1.378533 -0.129121 0.305526
v 1.378533 -0.057664 0.529186
v 1.378533 0.039950 0.611051
v 1.378533 0.137563 0.529186
v 1.378533 0.209020 0.305526
v 1.378533 0.235176 0.000000
v 1.378533 0.209021 -0.305525
v 1.378667 0.137563 -0.698683
v 1.022418 0.039950 -1.206921
v 0.958085 -0.057664 -1.119398
v 0.957618 -0.129121 -0.305526
v 0.957618 -0.155277 0.000000
v 0.957618 -0.129121 0.540166
v 0.957618 -0.057664 0.763826
v 0.957618 0.039950 0.845691
v 0.957618 0.137563 0.763826
v 0.957618 0.209020 0.540166
v 0.957618 0.235176 0.000000
v 0.957618 0.209020 -0.305525
v 0.958085 0.137563 -1.119398
v 0.522880 -0.057664 -2.588684
v 0.490463 -0.129121 -0.305526
v 0.490463 -0.155277 0.000000
v 0.490463 -0.129121 0.707780
v 0.490463 -0.057664 0.931440
v 0.490463 0.039949 1.013306
v 0.490463 0.137563 0.931440
v 0.490463 0.209020 0.707780
v 0.490463 0.235176 0.000000
v 0.490463 0.209020 -0.305525
v 0.522880 0.137563 -2.588684
v 0.555856 0.039950 -2.686138
v -1.378667 -0.057664 -0.698683
v -1.441451 0.039950 -0.788339
v -1.378533 -0.129121 -0.305526
v -1.378533 -0.155277 0.000000
v -1.378533 -0.129121 0.305526
v -1.378533 -0.057664 0.529186
v -1.378533 0.039950 0.611051
v -1.378533 0.137563 0.529186
v -1.378533 0.209020 0.305526
v -1.378533 0.235176 0.000000
v -1.378533 0.209021 -0.305525
v -1.378667 0.137563 -0.698683
v -1.022418 0.039950 -1.206921
v -0.958085 -0.057664 -1.119398
v -0.957618 -0.129121 -0.305526
v -0.957618 -0.155277 0.000000
v -0.957618 -0.129121 0.540166
v -0.957618 -0.057664 0.763826
v -0.957618 0.039950 0.845691
v -0.957618 0.137563 0.763826
v -0.957618 0.209020 0.540166
v -0.957618 0.235176 0.000000
v -0.957618 0.209020 -0.305525
v -0.958085 0.137563 -1.119398
v -0.522880 -0.057664 -2.588683
v -0.490463 -0.129121 -0.305526
v -0.490463 -0.155277 0.000000
v -0.490463 -0.129121 0.707780
v -0.490463 -0.057664 0.931440
v -0.490463 0.039949 1.013306
v -0.490463 0.137563 0.931440
v -0.490463 0.209020 0.707780
v -0.490463 0.235176 0.000000
v -0.490463 0.209020 -0.305525
v -0.522880 0.137563 -2.588683
v -0.555856 0.039950 -2.686138
vt 0.083333 0.904643
vt 0.083333 0.972615
vt 0.000000 0.972615
vt 0.000000 0.904643
vt 0.166667 0.904643
vt 0.166667 0.972615
vt 0.250000 0.904643
vt 0.250000 0.972615
vt 0.333333 0.904643
vt 0.333333 0.972615
vt 0.416667 0.904643
vt 0.416667 0.972615
vt 0.500000 0.904643
vt 0.500000 0.972615
vt 0.583333 0.904643
vt 0.583333 0.972615
vt 0.666667 0.904643
vt 0.666667 0.972615
vt 0.750000 0.904643
vt 0.750000 0.972615
vt 0.833333 0.904643
vt 0.833333 0.972615
vt 0.916667 0.904643
vt 0.916667 0.972615
vt 1.000000 0.904643
vt 1.000000 0.972615
vt 1.000000 0.829203
vt 0.916667 0.829203
vt 0.833333 0.829203
vt 0.750000 0.829203
vt 0.666667 0.829203
vt 0.583333 0.829203
vt 0.500000 0.829203
vt 0.416667 0.829203
vt 0.333333 0.829203
vt 0.250000 0.829203
vt 0.166667 0.829203
vt 0.083333 0.829203
vt 0.000000 0.829203
vt 0.083333 0.904643
vt 0.000000 0.904643
vt 0.000000 0.972615
vt 0.083333 0.972615
vt 0.166667 0.904643
vt 0.166667 0.972615
vt 0.250000 0.904643
vt 0.250000 0.972615
vt 0.333333 0.904643
vt 0.333333 0.972615
vt 0.416667 0.904643
vt 0.416667 0.972615
vt 0.500000 0.904643
vt 0.500000 0.972615
vt 0.583333 0.904643
vt 0.583333 0.972615
vt 0.666667 0.904643
vt 0.666667 0.972615
vt 0.750000 0.904643
vt 0.750000 0.972615
vt 0.833333 0.904643
vt 0.833333 0.972615
vt 0.916667 0.904643
vt 0.916667 0.972615
vt 1.000000 0.904643
vt 1.000000 0.972615
vt 1.000000 0.829203
vt 0.916667 0.829203
vt 0.833333 0.829203
vt 0.750000 0.829203
vt 0.666667 0.829203
vt 0.583333 0.829203
vt 0.500000 0.829203
vt 0.416667 0.829203
vt 0.333333 0.829203
vt 0.250000 0.829203
vt 0.166667 0.829203
vt 0.083333 0.829203
vt 0.000000 0.829203
vn 0.3175 0.9238 -0.2139
vn 0.2273 0.9369 -0.2654
vn 0.7070 0.0000 -0.7072
vn 0.8869 0.0000 -0.4618
vn 0.0331 0.9959 -0.0833
vn 0.0293 0.9944 -0.1014
vn 0.0062 0.9998 -0.0168
vn 0.0086 0.9999 -0.0118
vn 0.0823 0.9796 0.1834
vn 0.0694 0.9870 0.1450
vn 0.2500 0.8018 0.5427
vn 0.2633 0.8411 0.4724
vn 0.4014 0.0000 0.9159
vn 0.4869 0.0000 0.8734
vn 0.2500 -0.8018 0.5427
vn 0.2633 -0.8411 0.4724
vn 0.0823 -0.9796 0.1834
vn 0.0694 -0.9870 0.1450
vn 0.0062 -0.9998 -0.0168
vn 0.0086 -0.9999 -0.0118
vn 0.0331 -0.9959 -0.0833
vn 0.0293 -0.9944 -0.1014
vn 0.3175 -0.9238 -0.2139
vn 0.2273 -0.9369 -0.2654
vn 0.9563 0.0000 -0.2925
vn 0.7056 -0.6740 -0.2186
vn 0.0367 -0.9972 -0.0654
vn 0.0038 -0.9998 -0.0217
vn 0.0696 -0.9769 0.2022
vn 0.2092 -0.7850 0.5831
vn 0.3377 0.0000 0.9412
vn 0.2092 0.7850 0.5831
vn 0.0696 0.9769 0.2022
vn 0.0038 0.9998 -0.0217
vn 0.0367 0.9972 -0.0654
vn 0.7056 0.6740 -0.2186
vn -0.3175 0.9238 -0.2139
vn -0.8869 0.0000 -0.4618
vn -0.7070 0.0000 -0.7072
vn -0.2273 0.9369 -0.2654
vn -0.0331 0.9959 -0.0833
vn -0.0293 0.9944 -0.1014
vn -0.0062 0.9998 -0.0168
vn -0.0086 0.9999 -0.0118
vn -0.0823 0.9796 0.1834
vn -0.0694 0.9870 0.1450
vn -0.2500 0.8018 0.5427
vn -0.2633 0.8411 0.4724
vn -0.4014 0.0000 0.9159
vn -0.4869 0.0000 0.8734
vn -0.2500 -0.8018 0.5427
vn -0.2633 -0.8411 0.4724
vn -0.0823 -0.9796 0.1834
vn -0.0694 -0.9870 0.1450
vn -0.0062 -0.9998 -0.0168
vn -0.0086 -0.9999 -0.0118
vn -0.0331 -0.9959 -0.0833
vn -0.0293 -0.9944 -0.1014
vn -0.3175 -0.9238 -0.2139
vn -0.2273 -0.9369 -0.2654
vn -0.9563 0.0000 -0.2925
vn -0.7056 -0.6740 -0.2186
vn -0.0367 -0.9972 -0.0654
vn -0.0038 -0.9998 -0.0217
vn -0.0696 -0.9769 0.2022
vn -0.2092 -0.7850 0.5831
vn -0.3377 0.0000 0.9412
vn -0.2092 0.7850 0.5831
vn -0.0696 0.9769 0.2022
vn -0.0038 0.9998 -0.0217
vn -0.0367 0.9972 -0.0654
vn -0.7056 0.6740 -0.2186
usemtl DarkPorple.003
s 1
f 1744/2032/957 1732/2033/958 1722/2034/959 1733/2035/960
f 1743/2036/961 1731/2037/962 1732/2033/958 1744/2032/957
f 1742/2038/963 1730/2039/964 1731/2037/962 1743/2036/961
f 1741/2040/965 1729/2041/966 1730/2039/964 1742/2038/963
f 1740/2042/967 1728/2043/968 1729/2041/966 1741/2040/965
f 1739/2044/969 1727/2045/970 1728/2043/968 1740/2042/967
f 1738/2046/971 1726/2047/972 1727/2045/970 1739/2044/969
f 1737/2048/973 1725/2049/974 1726/2047/972 1738/2046/971
f 1736/2050/975 1724/2051/976 1725/2049/974 1737/2048/973
f 1735/2052/977 1723/2053/978 1724/2051/976 1736/2050/975
f 1734/2054/979 1721/2055/980 1723/2053/978 1735/2052/977
f 1733/2056/960 1722/2057/959 1721/2055/980 1734/2054/979
f 1756/2058/981 1733/2056/960 1734/2054/979 1745/2059/982
f 1745/2059/982 1734/2054/979 1735/2052/977 1746/2060/983
f 1746/2060/983 1735/2052/977 1736/2050/975 1747/2061/984
f 1747/2061/984 1736/2050/975 1737/2048/973 1748/2062/985
f 1748/2062/985 1737/2048/973 1738/2046/971 1749/2063/986
f 1749/2063/986 1738/2046/971 1739/2044/969 1750/2064/987
f 1750/2064/987 1739/2044/969 1740/2042/967 1751/2065/988
f 1751/2065/988 1740/2042/967 1741/2040/965 1752/2066/989
f 1752/2066/989 1741/2040/965 1742/2038/963 1753/2067/990
f 1753/2067/990 1742/2038/963 1743/2036/961 1754/2068/991
f 1754/2068/991 1743/2036/961 1744/2032/957 1755/2069/992
f 1755/2069/992 1744/2032/957 1733/2035/960 1756/2070/981
f 1780/2071/993 1769/2072/994 1758/2073/995 1768/2074/996
f 1779/2075/997 1780/2071/993 1768/2074/996 1767/2076/998
f 1778/2077/999 1779/2075/997 1767/2076/998 1766/2078/1000
f 1777/2079/1001 1778/2077/999 1766/2078/1000 1765/2080/1002
f 1776/2081/1003 1777/2079/1001 1765/2080/1002 1764/2082/1004
f 1775/2083/1005 1776/2081/1003 1764/2082/1004 1763/2084/1006
f 1774/2085/1007 1775/2083/1005 1763/2084/1006 1762/2086/1008
f 1773/2087/1009 1774/2085/1007 1762/2086/1008 1761/2088/1010
f 1772/2089/1011 1773/2087/1009 1761/2088/1010 1760/2090/1012
f 1771/2091/1013 1772/2089/1011 1760/2090/1012 1759/2092/1014
f 1770/2093/1015 1771/2091/1013 1759/2092/1014 1757/2094/1016
f 1769/2095/994 1770/2093/1015 1757/2094/1016 1758/2096/995
f 1792/2097/1017 1781/2098/1018 1770/2093/1015 1769/2095/994
f 1781/2098/1018 1782/2099/1019 1771/2091/1013 1770/2093/1015
f 1782/2099/1019 1783/2100/1020 1772/2089/1011 1771/2091/1013
f 1783/2100/1020 1784/2101/1021 1773/2087/1009 1772/2089/1011
f 1784/2101/1021 1785/2102/1022 1774/2085/1007 1773/2087/1009
f 1785/2102/1022 1786/2103/1023 1775/2083/1005 1774/2085/1007
f 1786/2103/1023 1787/2104/1024 1776/2081/1003 1775/2083/1005
f 1787/2104/1024 1788/2105/1025 1777/2079/1001 1776/2081/1003
f 1788/2105/1025 1789/2106/1026 1778/2077/999 1777/2079/1001
f 1789/2106/1026 1790/2107/1027 1779/2075/997 1778/2077/999
f 1790/2107/1027 1791/2108/1028 1780/2071/993 1779/2075/997
f 1791/2108/1028 1792/2109/1017 1769/2072/994 1780/2071/993
o Cylinder.004_Cylinder.002
v -1.072322 1.187416 0.811366
v -1.078729 1.194112 2.853098
v -1.103017 1.136861 0.811366
v -1.111913 1.139457 2.853098
v -1.104322 1.077733 0.811366
v -1.113324 1.075532 2.853098
v -1.075888 1.025873 0.811366
v -1.082584 1.019467 2.853098
v -1.025334 0.995179 0.811366
v -1.027930 0.986282 2.853098
v -0.966206 0.993874 0.811366
v -0.964005 0.984871 2.853098
v -0.914346 1.022307 0.811366
v -0.907939 1.015611 2.853098
v -0.883651 1.072862 0.811366
v -0.874755 1.070266 2.853098
v -0.882346 1.131990 0.811366
v -0.873344 1.134191 2.853098
v -0.910780 1.183850 0.811366
v -0.904084 1.190256 2.853098
v -0.961334 1.214544 0.811366
v -0.958739 1.223441 2.853098
v -1.020463 1.215850 0.811366
v -1.022663 1.224852 2.853098
v -1.101769 1.218192 0.895561
v -1.143907 1.148791 0.895561
v -1.145698 1.067619 0.895561
v -1.106664 0.996427 0.895561
v -1.037264 0.954289 0.895561
v -0.956092 0.952497 0.895561
v -0.884899 0.991531 0.895561
v -0.842762 1.060932 0.895561
v -0.840970 1.142104 0.895561
v -1.030576 1.257226 0.895561
v -1.101769 1.218192 2.567247
v -1.143907 1.148791 2.567247
v -1.145698 1.067619 2.567247
v -1.106664 0.996427 2.567247
v -1.037264 0.954289 2.567247
v -0.956092 0.952497 2.567247
v -0.884899 0.991531 2.567247
v -0.842762 1.060932 2.567247
v -0.840970 1.142104 2.567247
v -1.030576 1.257226 2.567247
v -1.101769 1.218192 0.811366
v -1.143907 1.148791 0.811366
v -1.145698 1.067619 0.811366
v -1.106664 0.996427 0.811366
v -1.037264 0.954289 0.811366
v -0.956092 0.952497 0.811366
v -0.884899 0.991531 0.811366
v -0.842762 1.060932 0.811366
v -0.840970 1.142104 0.811366
v -0.880004 1.213296 0.811366
v -0.949405 1.255434 0.811366
v -1.030576 1.257226 0.811366
v -1.143907 1.148791 2.853098
v -1.101769 1.218192 2.853098
v -1.145698 1.067619 2.853098
v -1.106664 0.996427 2.853098
v -1.037264 0.954289 2.853098
v -0.956092 0.952497 2.853098
v -0.884899 0.991531 2.853098
v -0.842762 1.060932 2.853098
v -0.840970 1.142104 2.853098
v -0.880004 1.213296 2.853098
v -0.949405 1.255434 2.853098
v -1.030576 1.257226 2.853098
v -1.004065 1.107992 3.471951
v -1.001062 1.112938 3.471951
v -1.004193 1.102207 3.471951
v -1.001411 1.097134 3.471951
v -0.996465 1.094131 3.471951
v -0.990680 1.094003 3.471951
v -0.985606 1.096785 3.471951
v -0.982603 1.101731 3.471951
v -0.982476 1.107516 3.471951
v -0.985258 1.112589 3.471951
v -0.990204 1.115593 3.471951
v -0.995988 1.115720 3.471951
v -1.074030 1.189201 0.811366
v -1.105389 1.137553 0.811366
v -1.106722 1.077146 0.811366
v -1.077673 1.024166 0.811366
v -1.026026 0.992807 0.811366
v -0.965619 0.991474 0.811366
v -0.912638 1.020522 0.811366
v -0.881280 1.072170 0.811366
v -0.879946 1.132577 0.811366
v -0.908995 1.185557 0.811366
v -0.960642 1.216916 0.811366
v -1.021049 1.218249 0.811366
v -1.068336 1.183249 0.744566
v -1.097482 1.135247 0.744566
v -1.098721 1.079102 0.744566
v -1.071722 1.029860 0.744566
v -1.023719 1.000714 0.744566
v -0.967575 0.999475 0.744566
v -0.918332 1.026474 0.744566
v -0.889187 1.074477 0.744566
v -0.887947 1.130621 0.744566
v -0.914946 1.179863 0.744566
v -0.962949 1.209009 0.744566
v -1.019094 1.210248 0.744566
v -1.072322 1.187416 0.762588
v -1.103017 1.136861 0.762588
v -1.104322 1.077733 0.762588
v -1.075888 1.025873 0.762588
v -1.025334 0.995179 0.762588
v -0.966206 0.993874 0.762588
v -0.914346 1.022307 0.762588
v -0.883651 1.072862 0.762588
v -0.882346 1.131990 0.762588
v -0.910780 1.183850 0.762588
v -0.961334 1.214544 0.762588
v -1.020463 1.215850 0.762588
v -1.055385 1.169713 0.730068
v -1.079497 1.130000 0.730068
v -1.080523 1.083550 0.730068
v -1.058186 1.042811 0.730068
v -1.018472 1.018698 0.730068
v -0.972023 1.017673 0.730068
v -0.931284 1.040010 0.730068
v -0.907171 1.079723 0.730068
v -0.906146 1.126173 0.730068
v -0.928482 1.166912 0.730068
v -0.968196 1.191025 0.730068
v -1.014646 1.192050 0.730068
v -1.035211 1.148629 0.712018
v -1.051484 1.121827 0.712018
v -1.052176 1.090479 0.712018
v -1.037102 1.062985 0.712018
v -1.010299 1.046712 0.712018
v -0.978952 1.046020 0.712018
v -0.951457 1.061094 0.712018
v -0.935184 1.087896 0.712018
v -0.934492 1.119244 0.712018
v -0.949567 1.146738 0.712018
v -0.976369 1.163012 0.712018
v -1.007717 1.163704 0.712018
v -1.025532 1.138513 0.622891
v -1.038044 1.117906 0.622891
v -1.038576 1.093803 0.622891
v -1.026986 1.072664 0.622891
v -1.006378 1.060152 0.622891
v -0.982276 1.059620 0.622891
v -0.961136 1.071210 0.622891
v -0.948624 1.091817 0.622891
v -0.948092 1.115920 0.622891
v -0.959683 1.137060 0.622891
v -0.980290 1.149572 0.622891
v -1.004393 1.150104 0.622891
v -1.112823 1.075655 2.856351
v -1.082211 1.019824 2.856351
v -0.904457 1.189899 2.856351
v -0.958883 1.222945 2.856351
v -0.908297 1.015985 2.856351
v -0.875251 1.070411 2.856351
v -1.027785 0.986778 2.856351
v -1.022541 1.224350 2.856351
v -1.078372 1.193738 2.856351
v -1.111417 1.139312 2.856351
v -0.873846 1.134068 2.856351
v -0.964128 0.985373 2.856351
v -1.101769 1.218192 2.627486
v -1.143907 1.148791 2.627486
v -1.145698 1.067619 2.627486
v -1.106664 0.996427 2.627486
v -1.037264 0.954289 2.627486
v -0.956092 0.952497 2.627486
v -0.884899 0.991531 2.627486
v -0.842762 1.060932 2.627486
v -0.840970 1.142104 2.627486
v -0.880004 1.213296 2.627486
v -0.949405 1.255434 2.627486
v -1.030576 1.257226 2.627486
v -1.096097 1.212263 2.853098
v -1.136030 1.146493 2.853098
v -1.137728 1.069568 2.853098
v -1.100736 1.002099 2.853098
v -1.034966 0.962166 2.853098
v -0.958040 0.960468 2.853098
v -0.890572 0.997460 2.853098
v -0.850639 1.063230 2.853098
v -0.848940 1.140155 2.853098
v -0.885932 1.207624 2.853098
v -0.951703 1.247557 2.853098
v -1.028628 1.249255 2.853098
v -1.081433 1.196937 2.853098
v -1.115667 1.140552 2.853098
v -1.117123 1.074604 2.853098
v -1.085410 1.016763 2.853098
v -1.029025 0.982528 2.853098
v -0.963077 0.981072 2.853098
v -0.905236 1.012786 2.853098
v -0.871001 1.069171 2.853098
v -0.869545 1.135119 2.853098
v -0.901259 1.192960 2.853098
v -0.957643 1.227195 2.853098
v -1.023592 1.228651 2.853098
v -1.018845 1.098626 3.465616
v -0.974359 1.123017 3.465616
v -0.975179 1.085886 3.465616
v -1.011490 1.123837 3.465616
v -1.012309 1.086706 3.465616
v -0.985979 1.130072 3.465616
v -0.968124 1.097506 3.465616
v -1.000690 1.079651 3.465616
v -0.999570 1.130372 3.465616
v -1.018545 1.112217 3.465616
v -0.967824 1.111097 3.465616
v -0.987099 1.079351 3.465616
v -0.975671 1.165403 0.713559
v -0.947767 1.148461 0.713559
v -0.932793 1.087199 0.713559
v -0.949735 1.059294 0.713559
v -1.010997 1.044320 0.713559
v -1.038901 1.061263 0.713559
v -1.008308 1.166124 0.713559
v -1.053876 1.122524 0.713559
v -1.036933 1.150429 0.713559
v -0.932072 1.119836 0.713559
v -0.978360 1.043600 0.713559
v -1.054596 1.089887 0.713559
v -1.139624 1.147541 0.811366
v -1.098685 1.214968 0.811366
v -1.141365 1.068679 0.811366
v -1.103441 0.999511 0.811366
v -1.036014 0.958572 0.811366
v -0.957151 0.956831 0.811366
v -0.887984 0.994755 0.811366
v -0.847045 1.062182 0.811366
v -0.845304 1.141044 0.811366
v -0.883228 1.210212 0.811366
v -0.950654 1.251151 0.811366
v -1.029517 1.252892 0.811366
v -1.029514 1.070244 0.625691
v -1.041976 1.092972 0.625691
v -0.979310 1.152931 0.625691
v -0.957154 1.139479 0.625691
v -0.945265 1.090837 0.625691
v -0.958717 1.068681 0.625691
v -1.007358 1.056792 0.625691
v -1.005224 1.153503 0.625691
v -1.041404 1.118886 0.625691
v -1.027951 1.141042 0.625691
v -0.944693 1.116751 0.625691
v -0.981445 1.056220 0.625691
v -1.027716 1.140796 0.622891
v -1.041077 1.118791 0.622891
v -1.041645 1.093053 0.622891
v -1.029268 1.070480 0.622891
v -1.007263 1.057119 0.622891
v -0.981526 1.056551 0.622891
v -0.958952 1.068928 0.622891
v -0.945592 1.090933 0.622891
v -0.945024 1.116670 0.622891
v -0.957400 1.139243 0.622891
v -0.979405 1.152604 0.622891
v -1.005143 1.153172 0.622891
v -1.101769 1.218192 2.848398
v -1.143907 1.148791 2.848398
v -1.145698 1.067619 2.848398
v -1.106664 0.996427 2.848398
v -1.037264 0.954289 2.848398
v -0.956092 0.952497 2.848398
v -0.884899 0.991531 2.848398
v -0.842762 1.060932 2.848398
v -0.840970 1.142104 2.848398
v -0.880004 1.213296 2.848398
v -0.949405 1.255434 2.848398
v -1.030576 1.257226 2.848398
v -0.880004 1.213296 2.567247
v -0.880004 1.213296 0.895561
v -0.949405 1.255434 2.567247
v -0.949405 1.255434 0.895561
v 1.072322 1.187416 0.811366
v 1.078729 1.194111 2.853098
v 1.103017 1.136861 0.811366
v 1.111914 1.139457 2.853098
v 1.104323 1.077733 0.811366
v 1.113325 1.075532 2.853098
v 1.075889 1.025873 0.811366
v 1.082585 1.019467 2.853098
v 1.025334 0.995179 0.811366
v 1.027930 0.986282 2.853098
v 0.966206 0.993873 0.811366
v 0.964005 0.984871 2.853098
v 0.914346 1.022307 0.811366
v 0.907940 1.015611 2.853098
v 0.883652 1.072862 0.811366
v 0.874755 1.070266 2.853098
v 0.882346 1.131990 0.811366
v 0.873344 1.134190 2.853098
v 0.910780 1.183850 0.811366
v 0.904084 1.190256 2.853098
v 0.961335 1.214544 0.811366
v 0.958739 1.223441 2.853098
v 1.020463 1.215850 0.811366
v 1.022663 1.224852 2.853098
v 1.101769 1.218192 0.895562
v 1.143907 1.148791 0.895562
v 1.145699 1.067619 0.895562
v 1.106665 0.996427 0.895562
v 1.037264 0.954289 0.895562
v 0.956092 0.952497 0.895562
v 0.884900 0.991531 0.895562
v 0.842762 1.060932 0.895562
v 0.840970 1.142104 0.895562
v 1.030577 1.257226 0.895562
v 1.101769 1.218192 2.567247
v 1.143907 1.148791 2.567247
v 1.145699 1.067619 2.567247
v 1.106665 0.996427 2.567247
v 1.037264 0.954289 2.567247
v 0.956092 0.952497 2.567247
v 0.884900 0.991531 2.567247
v 0.842762 1.060932 2.567247
v 0.840970 1.142104 2.567247
v 1.030577 1.257226 2.567247
v 1.101769 1.218192 0.811366
v 1.143907 1.148791 0.811366
v 1.145699 1.067619 0.811366
v 1.106665 0.996427 0.811366
v 1.037264 0.954289 0.811366
v 0.956092 0.952497 0.811366
v 0.884900 0.991531 0.811366
v 0.842762 1.060932 0.811366
v 0.840970 1.142104 0.811366
v 0.880004 1.213296 0.811366
v 0.949405 1.255434 0.811366
v 1.030577 1.257226 0.811366
v 1.143907 1.148791 2.853098
v 1.101769 1.218192 2.853098
v 1.145699 1.067619 2.853098
v 1.106665 0.996427 2.853098
v 1.037264 0.954289 2.853098
v 0.956092 0.952497 2.853098
v 0.884900 0.991531 2.853098
v 0.842762 1.060932 2.853098
v 0.840970 1.142104 2.853098
v 0.880004 1.213296 2.853098
v 0.949405 1.255434 2.853098
v 1.030577 1.257226 2.853098
v 1.004065 1.107992 3.471951
v 1.001062 1.112938 3.471951
v 1.004193 1.102207 3.471951
v 1.001411 1.097134 3.471951
v 0.996465 1.094131 3.471951
v 0.990680 1.094003 3.471951
v 0.985607 1.096785 3.471951
v 0.982604 1.101731 3.471951
v 0.982476 1.107516 3.471951
v 0.985258 1.112589 3.471951
v 0.990204 1.115592 3.471951
v 0.995989 1.115720 3.471951
v 1.074031 1.189200 0.811366
v 1.105389 1.137553 0.811366
v 1.106722 1.077146 0.811366
v 1.077674 1.024165 0.811366
v 1.026026 0.992807 0.811366
v 0.965619 0.991474 0.811366
v 0.912639 1.020522 0.811366
v 0.881280 1.072170 0.811366
v 0.879947 1.132577 0.811366
v 0.908996 1.185557 0.811366
v 0.960643 1.216916 0.811366
v 1.021050 1.218249 0.811366
v 1.068336 1.183249 0.744566
v 1.097482 1.135247 0.744566
v 1.098721 1.079102 0.744566
v 1.071722 1.029860 0.744566
v 1.023719 1.000714 0.744566
v 0.967575 0.999475 0.744566
v 0.918333 1.026474 0.744566
v 0.889187 1.074476 0.744566
v 0.887948 1.130621 0.744566
v 0.914946 1.179863 0.744566
v 0.962950 1.209009 0.744566
v 1.019094 1.210248 0.744566
v 1.072322 1.187416 0.762589
v 1.103017 1.136861 0.762589
v 1.104323 1.077733 0.762589
v 1.075889 1.025873 0.762589
v 1.025334 0.995179 0.762589
v 0.966206 0.993873 0.762589
v 0.914346 1.022307 0.762589
v 0.883652 1.072862 0.762589
v 0.882346 1.131990 0.762589
v 0.910780 1.183850 0.762589
v 0.961335 1.214544 0.762589
v 1.020463 1.215850 0.762589
v 1.055385 1.169713 0.730069
v 1.079498 1.130000 0.730069
v 1.080523 1.083550 0.730069
v 1.058186 1.042811 0.730069
v 1.018473 1.018698 0.730069
v 0.972023 1.017673 0.730069
v 0.931284 1.040010 0.730069
v 0.907171 1.079723 0.730069
v 0.906146 1.126173 0.730069
v 0.928483 1.166912 0.730069
v 0.968196 1.191025 0.730069
v 1.014646 1.192050 0.730069
v 1.035211 1.148629 0.712018
v 1.051485 1.121827 0.712018
v 1.052177 1.090479 0.712018
v 1.037102 1.062985 0.712018
v 1.010300 1.046712 0.712018
v 0.978952 1.046019 0.712018
v 0.951458 1.061094 0.712018
v 0.935184 1.087896 0.712018
v 0.934492 1.119244 0.712018
v 0.949567 1.146738 0.712018
v 0.976369 1.163012 0.712018
v 1.007717 1.163704 0.712018
v 1.025532 1.138513 0.622891
v 1.038045 1.117906 0.622891
v 1.038577 1.093803 0.622891
v 1.026986 1.072664 0.622891
v 1.006378 1.060151 0.622891
v 0.982276 1.059619 0.622891
v 0.961136 1.071210 0.622891
v 0.948624 1.091817 0.622891
v 0.948092 1.115920 0.622891
v 0.959683 1.137059 0.622891
v 0.980290 1.149572 0.622891
v 1.004393 1.150104 0.622891
v 1.112823 1.075655 2.856351
v 1.082211 1.019824 2.856351
v 0.904458 1.189899 2.856351
v 0.958884 1.222945 2.856351
v 0.908297 1.015985 2.856351
v 0.875251 1.070411 2.856351
v 1.027785 0.986778 2.856351
v 1.022541 1.224350 2.856351
v 1.078372 1.193738 2.856351
v 1.111418 1.139312 2.856351
v 0.873846 1.134068 2.856351
v 0.964128 0.985373 2.856351
v 1.101769 1.218192 2.627486
v 1.143907 1.148791 2.627486
v 1.145699 1.067619 2.627486
v 1.106665 0.996427 2.627486
v 1.037264 0.954289 2.627486
v 0.956092 0.952497 2.627486
v 0.884900 0.991531 2.627486
v 0.842762 1.060932 2.627486
v 0.840970 1.142104 2.627486
v 0.880004 1.213296 2.627486
v 0.949405 1.255434 2.627486
v 1.030577 1.257226 2.627486
v 1.096097 1.212263 2.853098
v 1.136030 1.146493 2.853098
v 1.137728 1.069567 2.853098
v 1.100736 1.002099 2.853098
v 1.034966 0.962166 2.853098
v 0.958040 0.960468 2.853098
v 0.890572 0.997460 2.853098
v 0.850639 1.063230 2.853098
v 0.848940 1.140155 2.853098
v 0.885933 1.207624 2.853098
v 0.951703 1.247557 2.853098
v 1.028628 1.249255 2.853098
v 1.081433 1.196937 2.853098
v 1.115668 1.140552 2.853098
v 1.117124 1.074604 2.853098
v 1.085410 1.016763 2.853098
v 1.029025 0.982528 2.853098
v 0.963077 0.981072 2.853098
v 0.905236 1.012786 2.853098
v 0.871001 1.069171 2.853098
v 0.869545 1.135119 2.853098
v 0.901259 1.192960 2.853098
v 0.957644 1.227195 2.853098
v 1.023592 1.228651 2.853098
v 1.018845 1.098626 3.465616
v 0.974360 1.123017 3.465616
v 0.975179 1.085886 3.465616
v 1.011490 1.123837 3.465616
v 1.012310 1.086706 3.465616
v 0.985979 1.130072 3.465616
v 0.968124 1.097506 3.465616
v 1.000690 1.079651 3.465616
v 0.999570 1.130372 3.465616
v 1.018545 1.112217 3.465616
v 0.967824 1.111097 3.465616
v 0.987099 1.079351 3.465616
v 0.975671 1.165403 0.713559
v 0.947767 1.148460 0.713559
v 0.932793 1.087199 0.713559
v 0.949735 1.059294 0.713559
v 1.010997 1.044320 0.713559
v 1.038902 1.061263 0.713559
v 1.008309 1.166123 0.713559
v 1.053876 1.122524 0.713559
v 1.036934 1.150429 0.713559
v 0.932073 1.119836 0.713559
v 0.978360 1.043600 0.713559
v 1.054597 1.089887 0.713559
v 1.139624 1.147541 0.811366
v 1.098685 1.214968 0.811366
v 1.141365 1.068679 0.811366
v 1.103441 0.999511 0.811366
v 1.036014 0.958572 0.811366
v 0.957152 0.956831 0.811366
v 0.887984 0.994755 0.811366
v 0.847045 1.062182 0.811366
v 0.845304 1.141044 0.811366
v 0.883228 1.210212 0.811366
v 0.950655 1.251151 0.811366
v 1.029517 1.252892 0.811366
v 1.029515 1.070244 0.625691
v 1.041976 1.092972 0.625691
v 0.979310 1.152931 0.625691
v 0.957154 1.139479 0.625691
v 0.945265 1.090837 0.625691
v 0.958717 1.068681 0.625691
v 1.007359 1.056792 0.625691
v 1.005224 1.153503 0.625691
v 1.041404 1.118886 0.625691
v 1.027952 1.141042 0.625691
v 0.944693 1.116751 0.625691
v 0.981445 1.056220 0.625691
v 1.027716 1.140795 0.622891
v 1.041077 1.118790 0.622891
v 1.041645 1.093053 0.622891
v 1.029268 1.070480 0.622891
v 1.007263 1.057119 0.622891
v 0.981526 1.056551 0.622891
v 0.958953 1.068928 0.622891
v 0.945592 1.090933 0.622891
v 0.945024 1.116670 0.622891
v 0.957400 1.139243 0.622891
v 0.979405 1.152604 0.622891
v 1.005143 1.153172 0.622891
v 1.101769 1.218192 2.848398
v 1.143907 1.148791 2.848398
v 1.145699 1.067619 2.848398
v 1.106665 0.996427 2.848398
v 1.037264 0.954289 2.848398
v 0.956092 0.952497 2.848398
v 0.884900 0.991531 2.848398
v 0.842762 1.060932 2.848398
v 0.840970 1.142104 2.848398
v 0.880004 1.213296 2.848398
v 0.949405 1.255434 2.848398
v 1.030577 1.257226 2.848398
v 0.880004 1.213296 2.567247
v 0.880004 1.213296 0.895562
v 0.949405 1.255434 2.567247
v 0.949405 1.255434 0.895562
vt 1.000000 0.999970
vt 0.916667 0.999970
vt 0.916667 1.000000
vt 1.000000 1.000000
vt 0.833333 0.999970
vt 0.833333 1.000000
vt 0.750000 0.999970
vt 0.750000 1.000000
vt 0.666667 0.999970
vt 0.666667 1.000000
vt 0.583333 0.999970
vt 0.583333 1.000000
vt 0.500000 0.999970
vt 0.500000 1.000000
vt 0.416667 0.999970
vt 0.416667 1.000000
vt 0.333333 0.999970
vt 0.333333 1.000000
vt 0.250000 0.999970
vt 0.250000 1.000000
vt 0.166667 0.999970
vt 0.166667 1.000000
vt 0.439005 0.250000
vt 0.439005 0.250000
vt 0.413683 0.344503
vt 0.413683 0.344503
vt 0.083333 0.999970
vt 0.083333 1.000000
vt 0.000000 0.999970
vt 0.000000 1.000000
vt 0.924825 0.250000
vt 0.924825 0.250000
vt 0.901403 0.162587
vt 0.901403 0.162587
vt 0.083333 0.500000
vt 0.000000 0.500000
vt 0.000000 0.511081
vt 0.083333 0.511081
vt 0.166667 0.500000
vt 0.166667 0.511081
vt 0.250000 0.500000
vt 0.250000 0.511081
vt 0.333333 0.500000
vt 0.333333 0.511081
vt 0.416667 0.500000
vt 0.416667 0.511081
vt 0.500000 0.500000
vt 0.500000 0.511081
vt 0.583333 0.500000
vt 0.583333 0.511081
vt 0.666667 0.500000
vt 0.666667 0.511081
vt 0.750000 0.500000
vt 0.750000 0.511081
vt 0.833333 0.500000
vt 0.833333 0.511081
vt 0.916667 0.500000
vt 0.916667 0.511081
vt 1.000000 0.500000
vt 1.000000 0.511081
vt 0.000000 0.990616
vt 0.083333 0.990616
vt 0.166667 0.990616
vt 0.250000 0.990616
vt 0.333333 0.990616
vt 0.416667 0.990616
vt 0.500000 0.990616
vt 0.583333 0.990616
vt 0.666667 0.990616
vt 0.750000 0.990616
vt 0.833333 0.990616
vt 0.916667 0.990616
vt 1.000000 0.990616
vt 0.866587 0.451934
vt 0.870000 0.457846
vt 0.750000 0.490000
vt 0.750000 0.483173
vt 0.951934 0.366587
vt 0.957846 0.370000
vt 0.983173 0.250000
vt 0.990000 0.250000
vt 0.951934 0.133413
vt 0.957846 0.130000
vt 0.866587 0.048066
vt 0.870000 0.042154
vt 0.750000 0.016827
vt 0.750000 0.010000
vt 0.633413 0.048066
vt 0.630000 0.042154
vt 0.548066 0.133413
vt 0.542154 0.130000
vt 0.516827 0.250000
vt 0.510000 0.250000
vt 0.548066 0.366587
vt 0.542154 0.370000
vt 0.633413 0.451934
vt 0.630000 0.457846
vt 0.250000 0.477445
vt 0.250000 0.490000
vt 0.370000 0.457846
vt 0.363723 0.446973
vt 0.457846 0.370000
vt 0.446973 0.363723
vt 0.490000 0.250000
vt 0.477445 0.250000
vt 0.457846 0.130000
vt 0.446973 0.136277
vt 0.370000 0.042154
vt 0.363723 0.053027
vt 0.250000 0.010000
vt 0.250000 0.022555
vt 0.130000 0.042154
vt 0.136277 0.053027
vt 0.042154 0.130000
vt 0.053027 0.136277
vt 0.010000 0.250000
vt 0.022555 0.250000
vt 0.042154 0.370000
vt 0.053027 0.363723
vt 0.130000 0.457846
vt 0.136277 0.446973
vt 0.344503 0.413683
vt 0.413683 0.155497
vt 0.344503 0.086317
vt 0.250000 0.060995
vt 0.155497 0.086317
vt 0.086317 0.155497
vt 0.060995 0.250000
vt 0.086316 0.344503
vt 0.155497 0.413683
vt 0.250000 0.439005
vt 0.086316 0.344503
vt 0.060995 0.250000
vt 0.155497 0.086317
vt 0.250000 0.060995
vt 0.413683 0.155497
vt 0.155497 0.413683
vt 0.344503 0.413683
vt 0.250000 0.439005
vt 0.086317 0.155497
vt 0.344503 0.086317
vt 0.837413 0.401403
vt 0.839303 0.404677
vt 0.750000 0.428605
vt 0.750000 0.424825
vt 0.901403 0.337413
vt 0.904677 0.339303
vt 0.928605 0.250000
vt 0.904677 0.160697
vt 0.837413 0.098597
vt 0.839303 0.095323
vt 0.750000 0.075175
vt 0.750000 0.071395
vt 0.662587 0.098597
vt 0.660697 0.095323
vt 0.598597 0.162587
vt 0.595323 0.160697
vt 0.575175 0.250000
vt 0.571395 0.250000
vt 0.598597 0.337413
vt 0.595323 0.339303
vt 0.662587 0.401403
vt 0.660697 0.404677
vt 0.250000 0.060995
vt 0.250000 0.060995
vt 0.344503 0.086317
vt 0.344503 0.086317
vt 0.060995 0.250000
vt 0.060995 0.250000
vt 0.086317 0.155497
vt 0.086317 0.155497
vt 0.413683 0.344503
vt 0.413683 0.344503
vt 0.344503 0.413683
vt 0.344503 0.413683
vt 0.250000 0.439005
vt 0.250000 0.439005
vt 0.155497 0.413683
vt 0.155497 0.413683
vt 0.413683 0.155497
vt 0.413683 0.155497
vt 0.155497 0.086317
vt 0.155497 0.086317
vt 0.086316 0.344503
vt 0.086316 0.344503
vt 0.439005 0.250000
vt 0.439005 0.250000
vt 0.152505 0.418866
vt 0.250000 0.444989
vt 0.081134 0.347494
vt 0.055011 0.250000
vt 0.081134 0.152505
vt 0.152505 0.081134
vt 0.250000 0.055011
vt 0.347495 0.081134
vt 0.418866 0.152505
vt 0.444989 0.250000
vt 0.418866 0.347495
vt 0.347495 0.418866
vt 0.083333 0.998544
vt 0.000000 0.998544
vt 0.166667 0.998544
vt 0.250000 0.998544
vt 0.333333 0.998544
vt 0.416667 0.998544
vt 0.500000 0.998544
vt 0.583333 0.998544
vt 0.666667 0.998544
vt 0.750000 0.998544
vt 0.833333 0.998544
vt 0.916667 0.998544
vt 1.000000 0.998544
vt 1.000000 0.999970
vt 1.000000 1.000000
vt 0.916667 1.000000
vt 0.916667 0.999970
vt 0.833333 1.000000
vt 0.833333 0.999970
vt 0.750000 1.000000
vt 0.750000 0.999970
vt 0.666667 1.000000
vt 0.666667 0.999970
vt 0.583333 1.000000
vt 0.583333 0.999970
vt 0.500000 1.000000
vt 0.500000 0.999970
vt 0.416667 1.000000
vt 0.416667 0.999970
vt 0.333333 1.000000
vt 0.333333 0.999970
vt 0.250000 1.000000
vt 0.250000 0.999970
vt 0.166667 1.000000
vt 0.166667 0.999970
vt 0.439005 0.250000
vt 0.413683 0.344503
vt 0.413683 0.344503
vt 0.439005 0.250000
vt 0.083333 1.000000
vt 0.083333 0.999970
vt 0.000000 1.000000
vt 0.000000 0.999970
vt 0.924825 0.250000
vt 0.901403 0.162587
vt 0.901403 0.162587
vt 0.924825 0.250000
vt 0.083333 0.500000
vt 0.083333 0.511081
vt 0.000000 0.511081
vt 0.000000 0.500000
vt 0.166667 0.500000
vt 0.166667 0.511081
vt 0.250000 0.500000
vt 0.250000 0.511081
vt 0.333333 0.500000
vt 0.333333 0.511081
vt 0.416667 0.500000
vt 0.416667 0.511081
vt 0.500000 0.500000
vt 0.500000 0.511081
vt 0.583333 0.500000
vt 0.583333 0.511081
vt 0.666667 0.500000
vt 0.666667 0.511081
vt 0.750000 0.500000
vt 0.750000 0.511081
vt 0.833333 0.500000
vt 0.833333 0.511081
vt 0.916667 0.500000
vt 0.916667 0.511081
vt 1.000000 0.500000
vt 1.000000 0.511081
vt 0.083333 0.990616
vt 0.000000 0.990616
vt 0.166667 0.990616
vt 0.333333 0.990616
vt 0.250000 0.990616
vt 0.416667 0.990616
vt 0.500000 0.990616
vt 0.583333 0.990616
vt 0.666667 0.990616
vt 0.750000 0.990616
vt 0.833333 0.990616
vt 0.916667 0.990616
vt 1.000000 0.990616
vt 0.866587 0.451934
vt 0.750000 0.483173
vt 0.750000 0.490000
vt 0.870000 0.457846
vt 0.951934 0.366587
vt 0.957846 0.370000
vt 0.983173 0.250000
vt 0.990000 0.250000
vt 0.951934 0.133413
vt 0.957846 0.130000
vt 0.866587 0.048066
vt 0.870000 0.042154
vt 0.750000 0.016827
vt 0.750000 0.010000
vt 0.633413 0.048066
vt 0.630000 0.042154
vt 0.548066 0.133413
vt 0.542154 0.130000
vt 0.516827 0.250000
vt 0.510000 0.250000
vt 0.548066 0.366587
vt 0.542154 0.370000
vt 0.633413 0.451934
vt 0.630000 0.457846
vt 0.250000 0.477445
vt 0.363723 0.446973
vt 0.370000 0.457846
vt 0.250000 0.490000
vt 0.446973 0.363723
vt 0.457846 0.370000
vt 0.477445 0.250000
vt 0.490000 0.250000
vt 0.446973 0.136277
vt 0.457846 0.130000
vt 0.363723 0.053027
vt 0.370000 0.042154
vt 0.250000 0.022555
vt 0.250000 0.010000
vt 0.136277 0.053027
vt 0.130000 0.042154
vt 0.053027 0.136277
vt 0.042154 0.130000
vt 0.022555 0.250000
vt 0.010000 0.250000
vt 0.053027 0.363723
vt 0.042154 0.370000
vt 0.136277 0.446973
vt 0.130000 0.457846
vt 0.344503 0.413683
vt 0.250000 0.439005
vt 0.155497 0.413683
vt 0.086316 0.344503
vt 0.060995 0.250000
vt 0.086317 0.155497
vt 0.155497 0.086317
vt 0.250000 0.060995
vt 0.344503 0.086317
vt 0.413683 0.155497
vt 0.086316 0.344503
vt 0.060995 0.250000
vt 0.155497 0.086317
vt 0.250000 0.060995
vt 0.413683 0.155497
vt 0.155497 0.413683
vt 0.344503 0.413683
vt 0.250000 0.439005
vt 0.086317 0.155497
vt 0.344503 0.086317
vt 0.837413 0.401403
vt 0.750000 0.424825
vt 0.750000 0.428605
vt 0.839303 0.404677
vt 0.901403 0.337413
vt 0.904677 0.339303
vt 0.928605 0.250000
vt 0.904677 0.160697
vt 0.837413 0.098597
vt 0.839303 0.095323
vt 0.750000 0.075175
vt 0.750000 0.071395
vt 0.662587 0.098597
vt 0.660697 0.095323
vt 0.598597 0.162587
vt 0.595323 0.160697
vt 0.575175 0.250000
vt 0.571395 0.250000
vt 0.598597 0.337413
vt 0.595323 0.339303
vt 0.662587 0.401403
vt 0.660697 0.404677
vt 0.250000 0.060995
vt 0.344503 0.086317
vt 0.344503 0.086317
vt 0.250000 0.060995
vt 0.060995 0.250000
vt 0.086317 0.155497
vt 0.086317 0.155497
vt 0.060995 0.250000
vt 0.413683 0.344503
vt 0.344503 0.413683
vt 0.344503 0.413683
vt 0.413683 0.344503
vt 0.250000 0.439005
vt 0.155497 0.413683
vt 0.155497 0.413683
vt 0.250000 0.439005
vt 0.413683 0.155497
vt 0.413683 0.155497
vt 0.155497 0.086317
vt 0.155497 0.086317
vt 0.086316 0.344503
vt 0.086316 0.344503
vt 0.439005 0.250000
vt 0.439005 0.250000
vt 0.152505 0.418866
vt 0.250000 0.444989
vt 0.081134 0.347494
vt 0.055011 0.250000
vt 0.081134 0.152505
vt 0.152505 0.081134
vt 0.250000 0.055011
vt 0.347495 0.081134
vt 0.418866 0.152505
vt 0.444989 0.250000
vt 0.418866 0.347495
vt 0.347495 0.418866
vt 0.083333 0.998544
vt 0.000000 0.998544
vt 0.166667 0.998544
vt 0.250000 0.998544
vt 0.333333 0.998544
vt 0.416667 0.998544
vt 0.500000 0.998544
vt 0.583333 0.998544
vt 0.666667 0.998544
vt 0.750000 0.998544
vt 0.833333 0.998544
vt 0.916667 0.998544
vt 1.000000 0.998544
vt 0.750000 0.083997
vt 0.750000 0.083997
vt 0.666999 0.106238
vt 0.666999 0.106238
vt 0.598597 0.337413
vt 0.662587 0.401403
vt 0.750000 0.424825
vt 0.837413 0.401403
vt 0.662587 0.098597
vt 0.598597 0.162587
vt 0.837413 0.098597
vt 0.901403 0.337413
vt 0.575175 0.250000
vt 0.750000 0.075175
vt 0.833001 0.393762
vt 0.750000 0.416002
vt 0.893763 0.333001
vt 0.916003 0.250000
vt 0.893762 0.166999
vt 0.833001 0.106238
vt 0.606238 0.166999
vt 0.583997 0.250000
vt 0.606237 0.333001
vt 0.666998 0.393762
vt 0.583997 0.250000
vt 0.583997 0.250000
vt 0.606237 0.333001
vt 0.606237 0.333001
vt 0.916003 0.250000
vt 0.893762 0.166999
vt 0.606237 0.333001
vt 0.666998 0.393762
vt 0.750000 0.416002
vt 0.833001 0.393762
vt 0.606238 0.166999
vt 0.833001 0.106238
vt 0.893763 0.333001
vt 0.583997 0.250000
vt 0.893762 0.333001
vt 0.893763 0.333001
vt 0.916003 0.250000
vt 0.916003 0.250000
vt 0.750000 0.083997
vt 0.750000 0.083997
vt 0.666999 0.106238
vt 0.666999 0.106238
vt 0.916002 0.250000
vt 0.916003 0.250000
vt 0.893762 0.166999
vt 0.893762 0.166999
vt 0.666998 0.393762
vt 0.666998 0.393762
vt 0.750000 0.416002
vt 0.750000 0.416002
vt 0.833001 0.393762
vt 0.833001 0.393762
vt 0.606238 0.166999
vt 0.606238 0.166999
vt 0.833001 0.106238
vt 0.833001 0.106238
vt 0.893763 0.333001
vt 0.893762 0.333001
vt 0.750000 0.405458
vt 0.672271 0.384631
vt 0.615369 0.327729
vt 0.594541 0.250000
vt 0.615369 0.172271
vt 0.672271 0.115369
vt 0.750000 0.094541
vt 0.827729 0.115369
vt 0.884631 0.172271
vt 0.905458 0.250000
vt 0.884631 0.327729
vt 0.827729 0.384631
vt 0.583997 0.250000
vt 0.583997 0.250000
vt 0.606237 0.333001
vt 0.606237 0.333001
vt 0.750000 0.083997
vt 0.750000 0.083997
vt 0.666999 0.106238
vt 0.666999 0.106238
vt 0.893762 0.166999
vt 0.893762 0.166999
vt 0.666998 0.393762
vt 0.666998 0.393762
vt 0.750000 0.416002
vt 0.750000 0.416002
vt 0.833001 0.393762
vt 0.833001 0.393762
vt 0.606238 0.166999
vt 0.606238 0.166999
vt 0.833001 0.106238
vt 0.833001 0.106238
vt 0.750000 0.083997
vt 0.666999 0.106238
vt 0.666999 0.106238
vt 0.750000 0.083997
vt 0.662587 0.401403
vt 0.598597 0.337413
vt 0.837413 0.401403
vt 0.750000 0.424825
vt 0.598597 0.162587
vt 0.662587 0.098597
vt 0.837413 0.098597
vt 0.901403 0.337413
vt 0.575175 0.250000
vt 0.750000 0.075175
vt 0.833001 0.393762
vt 0.750000 0.416002
vt 0.893763 0.333001
vt 0.916003 0.250000
vt 0.893762 0.166999
vt 0.833001 0.106238
vt 0.606238 0.166999
vt 0.583997 0.250000
vt 0.606237 0.333001
vt 0.666998 0.393762
vt 0.583997 0.250000
vt 0.606237 0.333001
vt 0.606237 0.333001
vt 0.583997 0.250000
vt 0.893762 0.166999
vt 0.916003 0.250000
vt 0.666998 0.393762
vt 0.606237 0.333001
vt 0.833001 0.393762
vt 0.750000 0.416002
vt 0.606238 0.166999
vt 0.833001 0.106238
vt 0.893763 0.333001
vt 0.583997 0.250000
vt 0.893762 0.333001
vt 0.916003 0.250000
vt 0.916003 0.250000
vt 0.893763 0.333001
vt 0.750000 0.083997
vt 0.666999 0.106238
vt 0.666999 0.106238
vt 0.750000 0.083997
vt 0.916002 0.250000
vt 0.893762 0.166999
vt 0.893762 0.166999
vt 0.916003 0.250000
vt 0.666998 0.393762
vt 0.666998 0.393762
vt 0.750000 0.416002
vt 0.833001 0.393762
vt 0.833001 0.393762
vt 0.750000 0.416002
vt 0.606238 0.166999
vt 0.606238 0.166999
vt 0.833001 0.106238
vt 0.833001 0.106238
vt 0.893762 0.333001
vt 0.893763 0.333001
vt 0.750000 0.405458
vt 0.827729 0.384631
vt 0.884631 0.327729
vt 0.905458 0.250000
vt 0.884631 0.172271
vt 0.827729 0.115369
vt 0.750000 0.094541
vt 0.672271 0.115369
vt 0.615369 0.172271
vt 0.594541 0.250000
vt 0.615369 0.327729
vt 0.672271 0.384631
vt 0.583997 0.250000
vt 0.606237 0.333001
vt 0.606237 0.333001
vt 0.583997 0.250000
vt 0.750000 0.083997
vt 0.666999 0.106238
vt 0.666999 0.106238
vt 0.750000 0.083997
vt 0.893762 0.166999
vt 0.893762 0.166999
vt 0.666998 0.393762
vt 0.666998 0.393762
vt 0.750000 0.416002
vt 0.833001 0.393762
vt 0.833001 0.393762
vt 0.750000 0.416002
vt 0.606238 0.166999
vt 0.606238 0.166999
vt 0.833001 0.106238
vt 0.833001 0.106238
vn -0.6913 0.7225 0.0000
vn -0.9600 0.2801 0.0000
vn -0.7268 0.2120 0.6532
vn -0.5234 0.5471 0.6532
vn -0.9714 -0.2374 0.0000
vn -0.7355 -0.1798 0.6532
vn -0.7225 -0.6913 0.0000
vn -0.5471 -0.5234 0.6532
vn -0.2801 -0.9600 0.0000
vn -0.2120 -0.7269 0.6532
vn 0.2374 -0.9714 0.0000
vn 0.1798 -0.7355 0.6532
vn 0.6913 -0.7225 0.0000
vn 0.5234 -0.5471 0.6532
vn 0.9600 -0.2801 0.0000
vn 0.7268 -0.2120 0.6532
vn 0.9714 0.2374 0.0000
vn 0.7355 0.1798 0.6532
vn 0.7225 0.6913 0.0000
vn 0.5471 0.5234 0.6532
vn 0.2801 0.9600 0.0000
vn 0.2120 0.7268 0.6532
vn -0.5881 -0.5627 0.5810
vn -0.1653 -0.1581 0.9735
vn -0.2222 -0.0543 0.9735
vn -0.7906 -0.1932 0.5810
vn -0.2374 0.9714 0.0000
vn -0.1798 0.7355 0.6532
vn -0.4608 -0.4409 -0.7703
vn -0.7143 -0.6834 -0.1505
vn -0.2769 -0.9490 -0.1505
vn -0.1786 -0.6122 -0.7703
vn -0.1798 0.7355 -0.6532
vn -0.5234 0.5471 -0.6532
vn 0.2120 0.7269 -0.6532
vn 0.5471 0.5234 -0.6532
vn 0.7355 0.1798 -0.6532
vn 0.7268 -0.2120 -0.6532
vn 0.5234 -0.5471 -0.6532
vn 0.1798 -0.7355 -0.6532
vn -0.2120 -0.7269 -0.6532
vn -0.5471 -0.5234 -0.6532
vn -0.7355 -0.1798 -0.6532
vn -0.7268 0.2120 -0.6532
vn 0.0000 0.0000 -1.0000
vn 0.0000 0.0000 1.0000
vn -0.2196 0.0641 0.9735
vn -0.0641 -0.2196 0.9735
vn 0.0543 -0.2222 0.9735
vn 0.1581 -0.1653 0.9735
vn 0.2196 -0.0641 0.9735
vn 0.2221 0.0543 0.9735
vn 0.1653 0.1581 0.9735
vn 0.0640 0.2196 0.9735
vn -0.0543 0.2222 0.9735
vn -0.1581 0.1653 0.9735
vn 0.2279 0.7813 0.5810
vn 0.5881 0.5627 0.5810
vn 0.7813 -0.2279 0.5810
vn 0.5627 -0.5881 0.5810
vn -0.2279 -0.7813 0.5810
vn -0.1932 0.7906 0.5810
vn -0.7813 0.2279 0.5810
vn -0.5627 0.5881 0.5810
vn 0.7906 0.1932 0.5810
vn 0.1932 -0.7906 0.5810
vn -0.6122 0.1786 -0.7703
vn -0.4409 0.4608 -0.7703
vn -0.6195 -0.1514 -0.7703
vn 0.1514 -0.6195 -0.7703
vn 0.4409 -0.4608 -0.7703
vn 0.6122 -0.1786 -0.7703
vn 0.6195 0.1514 -0.7703
vn 0.4608 0.4409 -0.7703
vn 0.1786 0.6122 -0.7703
vn -0.1514 0.6195 -0.7703
vn 0.3993 -0.4173 0.8163
vn 0.6828 -0.7136 0.1568
vn 0.2345 -0.9594 0.1568
vn 0.1372 -0.5611 0.8163
vn 0.4173 0.3993 0.8163
vn 0.7136 0.6828 0.1568
vn 0.9594 0.2345 0.1568
vn 0.5611 0.1372 0.8163
vn -0.5611 -0.1372 0.8163
vn -0.9594 -0.2345 0.1568
vn -0.9481 0.2766 0.1568
vn -0.5545 0.1617 0.8163
vn -0.3993 0.4173 0.8163
vn -0.6828 0.7136 0.1568
vn -0.2345 0.9593 0.1568
vn -0.1372 0.5611 0.8163
vn -0.2766 -0.9481 0.1568
vn -0.1618 -0.5545 0.8163
vn 0.9481 -0.2766 0.1568
vn 0.5545 -0.1617 0.8163
vn 0.2766 0.9481 0.1568
vn 0.1617 0.5545 0.8163
vn -0.7136 -0.6828 0.1568
vn -0.4174 -0.3993 0.8163
vn 0.6913 0.7225 0.0000
vn 0.5234 0.5471 0.6532
vn 0.7268 0.2120 0.6532
vn 0.9600 0.2801 0.0000
vn 0.7355 -0.1798 0.6532
vn 0.9714 -0.2374 0.0000
vn 0.5470 -0.5235 0.6532
vn 0.7225 -0.6913 0.0000
vn 0.2120 -0.7269 0.6532
vn 0.2801 -0.9600 0.0000
vn -0.1798 -0.7355 0.6532
vn -0.2374 -0.9714 0.0000
vn -0.5234 -0.5471 0.6532
vn -0.6913 -0.7225 0.0000
vn -0.7269 -0.2120 0.6532
vn -0.9600 -0.2801 0.0000
vn -0.7355 0.1798 0.6532
vn -0.9714 0.2374 0.0000
vn -0.5471 0.5234 0.6532
vn -0.7225 0.6913 0.0000
vn -0.2120 0.7268 0.6532
vn -0.2801 0.9600 0.0000
vn 0.5881 -0.5627 0.5810
vn 0.7906 -0.1932 0.5810
vn 0.2221 -0.0543 0.9735
vn 0.1653 -0.1581 0.9735
vn 0.1798 0.7355 0.6532
vn 0.2374 0.9714 0.0000
vn 0.4608 -0.4409 -0.7703
vn 0.1786 -0.6122 -0.7703
vn 0.2769 -0.9490 -0.1505
vn 0.7143 -0.6834 -0.1505
vn 0.1798 0.7355 -0.6532
vn 0.5234 0.5471 -0.6532
vn -0.2120 0.7269 -0.6532
vn -0.5471 0.5234 -0.6532
vn -0.7355 0.1798 -0.6532
vn -0.7269 -0.2120 -0.6532
vn -0.5234 -0.5471 -0.6532
vn -0.1798 -0.7355 -0.6532
vn 0.2120 -0.7269 -0.6532
vn 0.5471 -0.5234 -0.6532
vn 0.7355 -0.1798 -0.6532
vn 0.7269 0.2120 -0.6532
vn 0.2196 0.0641 0.9735
vn 0.1581 0.1652 0.9735
vn 0.0543 0.2222 0.9735
vn -0.0640 0.2196 0.9735
vn -0.1653 0.1581 0.9735
vn -0.2222 0.0543 0.9735
vn -0.2196 -0.0640 0.9735
vn -0.1581 -0.1653 0.9735
vn -0.0543 -0.2222 0.9735
vn 0.0640 -0.2196 0.9735
vn -0.2279 0.7813 0.5810
vn -0.5881 0.5627 0.5810
vn -0.7813 -0.2279 0.5810
vn -0.5627 -0.5881 0.5810
vn 0.2279 -0.7813 0.5810
vn 0.1932 0.7906 0.5810
vn 0.7813 0.2279 0.5810
vn 0.5627 0.5881 0.5810
vn -0.7906 0.1932 0.5810
vn -0.1932 -0.7906 0.5810
vn 0.6122 0.1786 -0.7703
vn 0.4408 0.4608 -0.7703
vn 0.6195 -0.1514 -0.7703
vn -0.1514 -0.6195 -0.7703
vn -0.4408 -0.4608 -0.7703
vn -0.6122 -0.1786 -0.7703
vn -0.6195 0.1514 -0.7703
vn -0.4608 0.4409 -0.7703
vn -0.1786 0.6122 -0.7703
vn 0.1514 0.6195 -0.7703
vn -0.3993 -0.4173 0.8163
vn -0.1372 -0.5611 0.8163
vn -0.2345 -0.9594 0.1568
vn -0.6828 -0.7136 0.1568
vn -0.4174 0.3993 0.8163
vn -0.5611 0.1372 0.8163
vn -0.9594 0.2345 0.1568
vn -0.7136 0.6828 0.1568
vn 0.5611 -0.1372 0.8163
vn 0.5545 0.1618 0.8163
vn 0.9481 0.2766 0.1568
vn 0.9594 -0.2345 0.1568
vn 0.3993 0.4173 0.8163
vn 0.1371 0.5611 0.8163
vn 0.2345 0.9594 0.1568
vn 0.6828 0.7136 0.1568
vn 0.1618 -0.5545 0.8163
vn 0.2766 -0.9481 0.1568
vn -0.5545 -0.1618 0.8163
vn -0.9481 -0.2766 0.1568
vn -0.1618 0.5545 0.8163
vn -0.2766 0.9481 0.1568
vn 0.4173 -0.3993 0.8163
vn 0.7136 -0.6828 0.1568
vn 0.5766 -0.6026 -0.5517
vn 0.3979 -0.4159 -0.8177
vn 0.5526 -0.1612 -0.8177
vn 0.8007 -0.2336 -0.5517
vn 0.2769 0.9490 -0.1505
vn -0.2347 0.9603 -0.1505
vn -0.6834 0.7143 -0.1505
vn -0.9490 0.2769 -0.1505
vn 0.9490 -0.2769 -0.1505
vn 0.9603 0.2347 -0.1505
vn 0.2347 -0.9603 -0.1505
vn -0.9603 -0.2347 -0.1505
vn 0.7143 0.6834 -0.1505
vn 0.6834 -0.7143 -0.1505
vn -0.8007 0.2336 -0.5517
vn -0.5766 0.6026 -0.5517
vn -0.8102 -0.1980 -0.5517
vn -0.6026 -0.5766 -0.5517
vn -0.2336 -0.8007 -0.5517
vn 0.1980 -0.8102 -0.5517
vn 0.8102 0.1980 -0.5517
vn 0.6026 0.5766 -0.5517
vn 0.2336 0.8007 -0.5517
vn -0.1980 0.8102 -0.5517
vn 0.3801 0.3637 -0.8504
vn 0.5917 0.5661 -0.5738
vn 0.2293 0.7862 -0.5738
vn 0.1473 0.5050 -0.8504
vn -0.4159 -0.3979 -0.8177
vn -0.1612 -0.5526 -0.8177
vn 0.1612 0.5526 -0.8177
vn -0.1367 0.5592 -0.8177
vn -0.3979 0.4159 -0.8177
vn -0.5526 0.1612 -0.8177
vn 0.5591 0.1367 -0.8177
vn 0.1367 -0.5591 -0.8177
vn -0.5591 -0.1367 -0.8177
vn 0.4159 0.3979 -0.8177
vn -0.9643 -0.2357 -0.1207
vn -0.6961 -0.1701 -0.6975
vn -0.5177 -0.4954 -0.6975
vn -0.7172 -0.6863 -0.1207
vn 0.3637 -0.3801 -0.8504
vn 0.5661 -0.5917 -0.5738
vn 0.7862 -0.2293 -0.5738
vn 0.5050 -0.1473 -0.8504
vn -0.3801 -0.3637 -0.8504
vn -0.5917 -0.5661 -0.5738
vn -0.2293 -0.7862 -0.5738
vn -0.1473 -0.5050 -0.8504
vn -0.1944 0.7955 -0.5738
vn -0.1249 0.5110 -0.8504
vn -0.3637 0.3801 -0.8504
vn -0.5661 0.5917 -0.5738
vn -0.7862 0.2293 -0.5738
vn -0.5050 0.1473 -0.8504
vn 0.7955 0.1944 -0.5738
vn 0.5110 0.1249 -0.8504
vn 0.1944 -0.7955 -0.5738
vn 0.1249 -0.5110 -0.8504
vn -0.7955 -0.1944 -0.5738
vn -0.5110 -0.1249 -0.8504
vn 0.7172 0.6863 -0.1207
vn 0.5177 0.4954 -0.6975
vn 0.2007 0.6879 -0.6975
vn 0.2780 0.9529 -0.1207
vn 0.6862 -0.7172 -0.1208
vn 0.4954 -0.5177 -0.6975
vn 0.6879 -0.2007 -0.6975
vn 0.9529 -0.2780 -0.1207
vn -0.2007 -0.6879 -0.6975
vn -0.2780 -0.9529 -0.1207
vn -0.1701 0.6961 -0.6975
vn -0.2357 0.9643 -0.1207
vn -0.6862 0.7172 -0.1208
vn -0.4954 0.5177 -0.6975
vn -0.6879 0.2007 -0.6975
vn -0.9529 0.2780 -0.1207
vn 0.6961 0.1701 -0.6975
vn 0.9643 0.2357 -0.1207
vn 0.1701 -0.6961 -0.6975
vn 0.2357 -0.9643 -0.1208
vn -0.5766 -0.6026 -0.5517
vn -0.8007 -0.2336 -0.5517
vn -0.5526 -0.1612 -0.8177
vn -0.3979 -0.4159 -0.8177
vn 0.2347 0.9603 -0.1505
vn -0.2769 0.9490 -0.1505
vn 0.9490 0.2769 -0.1505
vn 0.6834 0.7143 -0.1505
vn -0.9603 0.2347 -0.1505
vn -0.9490 -0.2769 -0.1505
vn -0.2347 -0.9603 -0.1505
vn 0.9603 -0.2347 -0.1505
vn -0.7143 0.6834 -0.1505
vn -0.6834 -0.7143 -0.1505
vn 0.8007 0.2336 -0.5517
vn 0.5766 0.6026 -0.5517
vn 0.8102 -0.1980 -0.5517
vn 0.6026 -0.5766 -0.5517
vn 0.2336 -0.8007 -0.5517
vn -0.1980 -0.8102 -0.5517
vn -0.8102 0.1980 -0.5517
vn -0.6026 0.5766 -0.5517
vn -0.2336 0.8007 -0.5517
vn 0.1980 0.8102 -0.5517
vn -0.3801 0.3637 -0.8504
vn -0.1473 0.5050 -0.8504
vn -0.2293 0.7862 -0.5738
vn -0.5917 0.5661 -0.5738
vn 0.1612 -0.5526 -0.8177
vn 0.4159 -0.3979 -0.8177
vn 0.1367 0.5592 -0.8177
vn -0.1612 0.5526 -0.8177
vn 0.5526 0.1612 -0.8177
vn 0.3979 0.4159 -0.8177
vn -0.5591 0.1367 -0.8177
vn -0.1367 -0.5591 -0.8177
vn 0.5592 -0.1367 -0.8177
vn -0.4159 0.3979 -0.8177
vn 0.9643 -0.2357 -0.1208
vn 0.7172 -0.6862 -0.1207
vn 0.5177 -0.4954 -0.6975
vn 0.6961 -0.1701 -0.6975
vn -0.3637 -0.3801 -0.8504
vn -0.5050 -0.1473 -0.8504
vn -0.7862 -0.2293 -0.5738
vn -0.5661 -0.5917 -0.5738
vn 0.3801 -0.3637 -0.8504
vn 0.1473 -0.5050 -0.8504
vn 0.2293 -0.7862 -0.5738
vn 0.5917 -0.5661 -0.5738
vn 0.1249 0.5110 -0.8504
vn 0.1944 0.7955 -0.5738
vn 0.3637 0.3801 -0.8504
vn 0.5050 0.1473 -0.8504
vn 0.7862 0.2293 -0.5738
vn 0.5661 0.5917 -0.5738
vn -0.5110 0.1249 -0.8504
vn -0.7955 0.1944 -0.5738
vn -0.1249 -0.5110 -0.8504
vn -0.1944 -0.7955 -0.5738
vn 0.5110 -0.1249 -0.8504
vn 0.7955 -0.1944 -0.5738
vn -0.7172 0.6862 -0.1208
vn -0.2780 0.9529 -0.1207
vn -0.2007 0.6879 -0.6975
vn -0.5177 0.4954 -0.6975
vn -0.6863 -0.7172 -0.1207
vn -0.9529 -0.2780 -0.1207
vn -0.6879 -0.2007 -0.6975
vn -0.4954 -0.5178 -0.6975
vn 0.2780 -0.9529 -0.1207
vn 0.2007 -0.6879 -0.6975
vn 0.2357 0.9643 -0.1207
vn 0.1701 0.6961 -0.6975
vn 0.6862 0.7172 -0.1207
vn 0.9529 0.2780 -0.1207
vn 0.6879 0.2007 -0.6975
vn 0.4954 0.5177 -0.6975
vn -0.9643 0.2357 -0.1207
vn -0.6961 0.1701 -0.6975
vn -0.2357 -0.9643 -0.1207
vn -0.1701 -0.6961 -0.6974
usemtl DarkPorple.002
s 1
f 2053/2110/1029 2054/2111/1030 1849/2112/1031 1850/2113/1032
f 2054/2111/1030 2055/2114/1033 1851/2115/1034 1849/2112/1031
f 2055/2114/1033 2056/2116/1035 1852/2117/1036 1851/2115/1034
f 2056/2116/1035 2057/2118/1037 1853/2119/1038 1852/2117/1036
f 2057/2118/1037 2058/2120/1039 1854/2121/1040 1853/2119/1038
f 2058/2120/1039 2059/2122/1041 1855/2123/1042 1854/2121/1040
f 2059/2122/1041 2060/2124/1043 1856/2125/1044 1855/2123/1042
f 2060/2124/1043 2061/2126/1045 1857/2127/1046 1856/2125/1044
f 2061/2126/1045 2062/2128/1047 1858/2129/1048 1857/2127/1046
f 2062/2128/1047 2063/2130/1049 1859/2131/1050 1858/2129/1048
f 1997/2132/1051 1864/2133/1052 1863/2134/1053 1993/2135/1054
f 2063/2130/1049 2064/2136/1055 1860/2137/1056 1859/2131/1050
f 2064/2136/1055 2053/2138/1029 1850/2139/1032 1860/2137/1056
f 1799/2140/1057 1900/2141/1058 1901/2142/1059 1801/2143/1060
f 1848/2144/1061 1837/2145/1062 1817/2146/1029 1826/2147/1055
f 1847/2148/1063 1848/2144/1061 1826/2147/1055 2068/2149/1049
f 1846/2150/1064 1847/2148/1063 2068/2149/1049 2066/2151/1047
f 1845/2152/1065 1846/2150/1064 2066/2151/1047 1825/2153/1045
f 1844/2154/1066 1845/2152/1065 1825/2153/1045 1824/2155/1043
f 1843/2156/1067 1844/2154/1066 1824/2155/1043 1823/2157/1041
f 1842/2158/1068 1843/2156/1067 1823/2157/1041 1822/2159/1039
f 1841/2160/1069 1842/2158/1068 1822/2159/1039 1821/2161/1037
f 1840/2162/1070 1841/2160/1069 1821/2161/1037 1820/2163/1035
f 1839/2164/1071 1840/2162/1070 1820/2163/1035 1819/2165/1033
f 1838/2166/1072 1839/2164/1071 1819/2165/1033 1818/2167/1030
f 1837/2168/1062 1838/2166/1072 1818/2167/1030 1817/2169/1029
f 1826/2147/1055 1817/2146/1029 1827/2170/1029 1836/2171/1055
f 2068/2149/1049 1826/2147/1055 1836/2171/1055 2067/2172/1049
f 1825/2153/1045 2066/2151/1047 2065/2173/1047 1835/2174/1045
f 1824/2155/1043 1825/2153/1045 1835/2174/1045 1834/2175/1043
f 1823/2157/1041 1824/2155/1043 1834/2175/1043 1833/2176/1041
f 1822/2159/1039 1823/2157/1041 1833/2176/1041 1832/2177/1039
f 1821/2161/1037 1822/2159/1039 1832/2177/1039 1831/2178/1037
f 1820/2163/1035 1821/2161/1037 1831/2178/1037 1830/2179/1035
f 1819/2165/1033 1820/2163/1035 1830/2179/1035 1829/2180/1033
f 1818/2167/1030 1819/2165/1033 1829/2180/1033 1828/2181/1030
f 1817/2169/1029 1818/2167/1030 1828/2181/1030 1827/2182/1029
f 2017/2183/1073 1838/2184/1072 1837/2185/1062 2018/2186/1073
f 2019/2187/1073 1839/2188/1071 1838/2184/1072 2017/2183/1073
f 2020/2189/1073 1840/2190/1070 1839/2188/1071 2019/2187/1073
f 2021/2191/1073 1841/2192/1069 1840/2190/1070 2020/2189/1073
f 2022/2193/1073 1842/2194/1068 1841/2192/1069 2021/2191/1073
f 2023/2195/1073 1843/2196/1067 1842/2194/1068 2022/2193/1073
f 2024/2197/1073 1844/2198/1066 1843/2196/1067 2023/2195/1073
f 2025/2199/1073 1845/2200/1065 1844/2198/1066 2024/2197/1073
f 2026/2201/1073 1846/2202/1064 1845/2200/1065 2025/2199/1073
f 2027/2203/1073 1847/2204/1063 1846/2202/1064 2026/2201/1073
f 2028/2205/1073 1848/2206/1061 1847/2204/1063 2027/2203/1073
f 2018/2186/1073 1837/2185/1062 1848/2206/1061 2028/2205/1073
f 1969/2207/1074 1850/2208/1032 1849/2209/1031 1970/2210/1074
f 1970/2210/1074 1849/2209/1031 1851/2211/1034 1971/2212/1074
f 1971/2212/1074 1851/2211/1034 1852/2213/1036 1972/2214/1074
f 1972/2214/1074 1852/2213/1036 1853/2215/1038 1973/2216/1074
f 1973/2216/1074 1853/2215/1038 1854/2217/1040 1974/2218/1074
f 1974/2218/1074 1854/2217/1040 1855/2219/1042 1975/2220/1074
f 1975/2220/1074 1855/2219/1042 1856/2221/1044 1976/2222/1074
f 1976/2222/1074 1856/2221/1044 1857/2223/1046 1977/2224/1074
f 1977/2224/1074 1857/2223/1046 1858/2225/1048 1978/2226/1074
f 1978/2226/1074 1858/2225/1048 1859/2227/1050 1979/2228/1074
f 1979/2228/1074 1859/2227/1050 1860/2229/1056 1980/2230/1074
f 1980/2230/1074 1860/2229/1056 1850/2208/1032 1969/2207/1074
f 1861/2231/1075 1863/2134/1053 1864/2133/1052 1865/2232/1076 1866/2233/1077 1867/2234/1078 1868/2235/1079 1869/2236/1080 1870/2237/1081 1871/2238/1082 1872/2239/1083 1862/2240/1084
f 1998/2241/1085 1871/2238/1082 1870/2237/1081 1994/2242/1086
f 1999/2243/1087 1868/2235/1079 1867/2234/1078 1995/2244/1088
f 2000/2245/1089 1865/2232/1076 1864/2133/1052 1997/2132/1051
f 2001/2246/1090 1872/2239/1083 1871/2238/1082 1998/2241/1085
f 2002/2247/1091 1861/2231/1075 1862/2240/1084 1996/2248/1092
f 2003/2249/1093 1869/2236/1080 1868/2235/1079 1999/2243/1087
f 2004/2250/1094 1866/2233/1077 1865/2232/1076 2000/2245/1089
f 1996/2248/1092 1862/2240/1084 1872/2239/1083 2001/2246/1090
f 1993/2135/1054 1863/2134/1053 1861/2231/1075 2002/2247/1091
f 1994/2242/1086 1870/2237/1081 1869/2236/1080 2003/2249/1093
f 1995/2244/1088 1867/2234/1078 1866/2233/1077 2004/2250/1094
f 1795/2251/1095 1874/2252/1073 1873/2253/1073 1793/2254/1096
f 1797/2255/1097 1875/2256/1073 1874/2252/1073 1795/2251/1095
f 1799/2140/1057 1876/2257/1073 1875/2256/1073 1797/2255/1097
f 1801/2143/1060 1877/2258/1073 1876/2257/1073 1799/2140/1057
f 1803/2259/1098 1878/2260/1073 1877/2258/1073 1801/2143/1060
f 1805/2261/1099 1879/2262/1073 1878/2260/1073 1803/2259/1098
f 1807/2263/1100 1880/2264/1073 1879/2262/1073 1805/2261/1099
f 1809/2265/1101 1881/2266/1073 1880/2264/1073 1807/2263/1100
f 1811/2267/1102 1882/2268/1073 1881/2266/1073 1809/2265/1101
f 1813/2269/1103 1883/2270/1073 1882/2268/1073 1811/2267/1102
f 1815/2271/1104 1884/2272/1073 1883/2270/1073 1813/2269/1103
f 1793/2254/1096 1873/2253/1073 1884/2272/1073 1815/2271/1104
f 1806/2273/1105 1949/2274/1106 1956/2275/1107 1804/2276/1108
f 1812/2277/1109 1947/2278/1110 1955/2279/1111 1810/2280/1112
f 1798/2281/1113 1945/2282/1114 1954/2283/1115 1796/2284/1116
f 1794/2285/1117 1953/2286/1118 1952/2287/1119 1816/2288/1120
f 1804/2276/1108 1956/2275/1107 1951/2289/1121 1802/2290/1122
f 1810/2280/1112 1955/2279/1111 1950/2291/1123 1808/2292/1124
f 1796/2284/1116 1954/2283/1115 1953/2286/1118 1794/2285/1117
f 1816/2288/1120 1952/2287/1119 1948/2293/1125 1814/2294/1126
f 1802/2290/1122 1951/2289/1121 1946/2295/1127 1800/2296/1128
f 1808/2292/1124 1950/2291/1123 1949/2274/1106 1806/2273/1105
f 1814/2294/1126 1948/2293/1125 1947/2278/1110 1812/2277/1109
f 1800/2296/1128 1946/2295/1127 1945/2282/1114 1798/2281/1113
f 1992/2297/1074 1980/2230/1074 1969/2207/1074 1981/2298/1074
f 1991/2299/1074 1979/2228/1074 1980/2230/1074 1992/2297/1074
f 1990/2300/1074 1978/2226/1074 1979/2228/1074 1991/2299/1074
f 1989/2301/1074 1977/2224/1074 1978/2226/1074 1990/2300/1074
f 1988/2302/1074 1976/2222/1074 1977/2224/1074 1989/2301/1074
f 1987/2303/1074 1975/2220/1074 1976/2222/1074 1988/2302/1074
f 1986/2304/1074 1974/2218/1074 1975/2220/1074 1987/2303/1074
f 1985/2305/1074 1973/2216/1074 1974/2218/1074 1986/2304/1074
f 1984/2306/1074 1972/2214/1074 1973/2216/1074 1985/2305/1074
f 1983/2307/1074 1971/2212/1074 1972/2214/1074 1984/2306/1074
f 1982/2308/1074 1970/2210/1074 1971/2212/1074 1983/2307/1074
f 1981/2298/1074 1969/2207/1074 1970/2210/1074 1982/2308/1074
f 1794/2285/1117 1981/2298/1074 1982/2308/1074 1796/2284/1116
f 1796/2284/1116 1982/2308/1074 1983/2307/1074 1798/2281/1113
f 1798/2281/1113 1983/2307/1074 1984/2306/1074 1800/2296/1128
f 1800/2296/1128 1984/2306/1074 1985/2305/1074 1802/2290/1122
f 1802/2290/1122 1985/2305/1074 1986/2304/1074 1804/2276/1108
f 1804/2276/1108 1986/2304/1074 1987/2303/1074 1806/2273/1105
f 1806/2273/1105 1987/2303/1074 1988/2302/1074 1808/2292/1124
f 1808/2292/1124 1988/2302/1074 1989/2301/1074 1810/2280/1112
f 1810/2280/1112 1989/2301/1074 1990/2300/1074 1812/2277/1109
f 1812/2277/1109 1990/2300/1074 1991/2299/1074 1814/2294/1126
f 1814/2294/1126 1991/2299/1074 1992/2297/1074 1816/2288/1120
f 1816/2288/1120 1992/2297/1074 1981/2298/1074 1794/2285/1117
f 1949/2274/1106 1995/2244/1088 2004/2250/1094 1956/2275/1107
f 1947/2278/1110 1994/2242/1086 2003/2249/1093 1955/2279/1111
f 1945/2282/1114 1993/2135/1054 2002/2247/1091 1954/2283/1115
f 1953/2286/1118 1996/2248/1092 2001/2246/1090 1952/2287/1119
f 1956/2275/1107 2004/2250/1094 2000/2245/1089 1951/2289/1121
f 1955/2279/1111 2003/2249/1093 1999/2243/1087 1950/2291/1123
f 1954/2283/1115 2002/2247/1091 1996/2248/1092 1953/2286/1118
f 1952/2287/1119 2001/2246/1090 1998/2241/1085 1948/2293/1125
f 1951/2289/1121 2000/2245/1089 1997/2132/1051 1946/2295/1127
f 1950/2291/1123 1999/2243/1087 1995/2244/1088 1949/2274/1106
f 1948/2293/1125 1998/2241/1085 1994/2242/1086 1947/2278/1110
f 1946/2295/1127 1997/2132/1051 1993/2135/1054 1945/2282/1114
f 1873/2253/1073 2018/2186/1073 2028/2205/1073 1884/2272/1073
f 1884/2272/1073 2028/2205/1073 2027/2203/1073 1883/2270/1073
f 1883/2270/1073 2027/2203/1073 2026/2201/1073 1882/2268/1073
f 1882/2268/1073 2026/2201/1073 2025/2199/1073 1881/2266/1073
f 1881/2266/1073 2025/2199/1073 2024/2197/1073 1880/2264/1073
f 1880/2264/1073 2024/2197/1073 2023/2195/1073 1879/2262/1073
f 1879/2262/1073 2023/2195/1073 2022/2193/1073 1878/2260/1073
f 1878/2260/1073 2022/2193/1073 2021/2191/1073 1877/2258/1073
f 1877/2258/1073 2021/2191/1073 2020/2189/1073 1876/2257/1073
f 1876/2257/1073 2020/2189/1073 2019/2187/1073 1875/2256/1073
f 1875/2256/1073 2019/2187/1073 2017/2183/1073 1874/2252/1073
f 1874/2252/1073 2017/2183/1073 2018/2186/1073 1873/2253/1073
f 1968/2309/1055 1957/2310/1029 2053/2138/1029 2064/2136/1055
f 1967/2311/1049 1968/2309/1055 2064/2136/1055 2063/2130/1049
f 1966/2312/1047 1967/2311/1049 2063/2130/1049 2062/2128/1047
f 1965/2313/1045 1966/2312/1047 2062/2128/1047 2061/2126/1045
f 1964/2314/1043 1965/2313/1045 2061/2126/1045 2060/2124/1043
f 1963/2315/1041 1964/2314/1043 2060/2124/1043 2059/2122/1041
f 1962/2316/1039 1963/2315/1041 2059/2122/1041 2058/2120/1039
f 1961/2317/1037 1962/2316/1039 2058/2120/1039 2057/2118/1037
f 1960/2318/1035 1961/2317/1037 2057/2118/1037 2056/2116/1035
f 1959/2319/1033 1960/2318/1035 2056/2116/1035 2055/2114/1033
f 1958/2320/1030 1959/2319/1033 2055/2114/1033 2054/2111/1030
f 1957/2321/1029 1958/2320/1030 2054/2111/1030 2053/2110/1029
f 2067/2172/1049 2065/2173/1047 2066/2151/1047 2068/2149/1049
f 2329/2322/1129 2126/2323/1130 2125/2324/1131 2330/2325/1132
f 2330/2325/1132 2125/2324/1131 2127/2326/1133 2331/2327/1134
f 2331/2327/1134 2127/2326/1133 2128/2328/1135 2332/2329/1136
f 2332/2329/1136 2128/2328/1135 2129/2330/1137 2333/2331/1138
f 2333/2331/1138 2129/2330/1137 2130/2332/1139 2334/2333/1140
f 2334/2333/1140 2130/2332/1139 2131/2334/1141 2335/2335/1142
f 2335/2335/1142 2131/2334/1141 2132/2336/1143 2336/2337/1144
f 2336/2337/1144 2132/2336/1143 2133/2338/1145 2337/2339/1146
f 2337/2339/1146 2133/2338/1145 2134/2340/1147 2338/2341/1148
f 2338/2341/1148 2134/2340/1147 2135/2342/1149 2339/2343/1150
f 2273/2344/1151 2269/2345/1152 2139/2346/1153 2140/2347/1154
f 2339/2343/1150 2135/2342/1149 2136/2348/1155 2340/2349/1156
f 2340/2349/1156 2136/2348/1155 2126/2350/1130 2329/2351/1129
f 2075/2352/1157 2077/2353/1158 2177/2354/1159 2176/2355/1160
f 2124/2356/1161 2102/2357/1156 2093/2358/1129 2113/2359/1162
f 2123/2360/1163 2344/2361/1150 2102/2357/1156 2124/2356/1161
f 2122/2362/1164 2342/2363/1148 2344/2361/1150 2123/2360/1163
f 2121/2364/1165 2101/2365/1146 2342/2363/1148 2122/2362/1164
f 2120/2366/1166 2100/2367/1144 2101/2365/1146 2121/2364/1165
f 2119/2368/1167 2099/2369/1142 2100/2367/1144 2120/2366/1166
f 2118/2370/1168 2098/2371/1140 2099/2369/1142 2119/2368/1167
f 2117/2372/1169 2097/2373/1138 2098/2371/1140 2118/2370/1168
f 2116/2374/1170 2096/2375/1136 2097/2373/1138 2117/2372/1169
f 2115/2376/1171 2095/2377/1134 2096/2375/1136 2116/2374/1170
f 2114/2378/1172 2094/2379/1132 2095/2377/1134 2115/2376/1171
f 2113/2380/1162 2093/2381/1129 2094/2379/1132 2114/2378/1172
f 2102/2357/1156 2112/2382/1156 2103/2383/1129 2093/2358/1129
f 2344/2361/1150 2343/2384/1150 2112/2382/1156 2102/2357/1156
f 2101/2365/1146 2111/2385/1146 2341/2386/1148 2342/2363/1148
f 2100/2367/1144 2110/2387/1144 2111/2385/1146 2101/2365/1146
f 2099/2369/1142 2109/2388/1142 2110/2387/1144 2100/2367/1144
f 2098/2371/1140 2108/2389/1140 2109/2388/1142 2099/2369/1142
f 2097/2373/1138 2107/2390/1138 2108/2389/1140 2098/2371/1140
f 2096/2375/1136 2106/2391/1136 2107/2390/1138 2097/2373/1138
f 2095/2377/1134 2105/2392/1134 2106/2391/1136 2096/2375/1136
f 2094/2379/1132 2104/2393/1132 2105/2392/1134 2095/2377/1134
f 2093/2381/1129 2103/2394/1129 2104/2393/1132 2094/2379/1132
f 2293/2395/1073 2294/2396/1073 2113/2397/1162 2114/2398/1172
f 2295/2399/1073 2293/2395/1073 2114/2398/1172 2115/2400/1171
f 2296/2401/1073 2295/2399/1073 2115/2400/1171 2116/2402/1170
f 2297/2403/1073 2296/2401/1073 2116/2402/1170 2117/2404/1169
f 2298/2405/1073 2297/2403/1073 2117/2404/1169 2118/2406/1168
f 2299/2407/1073 2298/2405/1073 2118/2406/1168 2119/2408/1167
f 2300/2409/1073 2299/2407/1073 2119/2408/1167 2120/2410/1166
f 2301/2411/1073 2300/2409/1073 2120/2410/1166 2121/2412/1165
f 2302/2413/1073 2301/2411/1073 2121/2412/1165 2122/2414/1164
f 2303/2415/1073 2302/2413/1073 2122/2414/1164 2123/2416/1163
f 2304/2417/1073 2303/2415/1073 2123/2416/1163 2124/2418/1161
f 2294/2396/1073 2304/2417/1073 2124/2418/1161 2113/2397/1162
f 2245/2419/1074 2246/2420/1074 2125/2421/1131 2126/2422/1130
f 2246/2420/1074 2247/2423/1074 2127/2424/1133 2125/2421/1131
f 2247/2423/1074 2248/2425/1074 2128/2426/1135 2127/2424/1133
f 2248/2425/1074 2249/2427/1074 2129/2428/1137 2128/2426/1135
f 2249/2427/1074 2250/2429/1074 2130/2430/1139 2129/2428/1137
f 2250/2429/1074 2251/2431/1074 2131/2432/1141 2130/2430/1139
f 2251/2431/1074 2252/2433/1074 2132/2434/1143 2131/2432/1141
f 2252/2433/1074 2253/2435/1074 2133/2436/1145 2132/2434/1143
f 2253/2435/1074 2254/2437/1074 2134/2438/1147 2133/2436/1145
f 2254/2437/1074 2255/2439/1074 2135/2440/1149 2134/2438/1147
f 2255/2439/1074 2256/2441/1074 2136/2442/1155 2135/2440/1149
f 2256/2441/1074 2245/2419/1074 2126/2422/1130 2136/2442/1155
f 2137/2443/1173 2138/2444/1174 2148/2445/1175 2147/2446/1176 2146/2447/1177 2145/2448/1178 2144/2449/1179 2143/2450/1180 2142/2451/1181 2141/2452/1182 2140/2347/1154 2139/2346/1153
f 2274/2453/1183 2270/2454/1184 2146/2447/1177 2147/2446/1176
f 2275/2455/1185 2271/2456/1186 2143/2450/1180 2144/2449/1179
f 2276/2457/1187 2273/2344/1151 2140/2347/1154 2141/2452/1182
f 2277/2458/1188 2274/2453/1183 2147/2446/1176 2148/2445/1175
f 2278/2459/1189 2272/2460/1190 2138/2444/1174 2137/2443/1173
f 2279/2461/1191 2275/2455/1185 2144/2449/1179 2145/2448/1178
f 2280/2462/1192 2276/2457/1187 2141/2452/1182 2142/2451/1181
f 2272/2460/1190 2277/2458/1188 2148/2445/1175 2138/2444/1174
f 2269/2345/1152 2278/2459/1189 2137/2443/1173 2139/2346/1153
f 2270/2454/1184 2279/2461/1191 2145/2448/1178 2146/2447/1177
f 2271/2456/1186 2280/2462/1192 2142/2451/1181 2143/2450/1180
f 2071/2463/1193 2069/2464/1194 2149/2465/1073 2150/2466/1073
f 2073/2467/1195 2071/2463/1193 2150/2466/1073 2151/2468/1073
f 2075/2352/1157 2073/2467/1195 2151/2468/1073 2152/2469/1073
f 2077/2353/1158 2075/2352/1157 2152/2469/1073 2153/2470/1073
f 2079/2471/1196 2077/2353/1158 2153/2470/1073 2154/2472/1073
f 2081/2473/1197 2079/2471/1196 2154/2472/1073 2155/2474/1073
f 2083/2475/1198 2081/2473/1197 2155/2474/1073 2156/2476/1073
f 2085/2477/1199 2083/2475/1198 2156/2476/1073 2157/2478/1073
f 2087/2479/1200 2085/2477/1199 2157/2478/1073 2158/2480/1073
f 2089/2481/1201 2087/2479/1200 2158/2480/1073 2159/2482/1073
f 2091/2483/1202 2089/2481/1201 2159/2482/1073 2160/2484/1073
f 2069/2464/1194 2091/2483/1202 2160/2484/1073 2149/2465/1073
f 2082/2485/1203 2080/2486/1204 2232/2487/1205 2225/2488/1206
f 2088/2489/1207 2086/2490/1208 2231/2491/1209 2223/2492/1210
f 2074/2493/1211 2072/2494/1212 2230/2495/1213 2221/2496/1214
f 2070/2497/1215 2092/2498/1216 2228/2499/1217 2229/2500/1218
f 2080/2486/1204 2078/2501/1219 2227/2502/1220 2232/2487/1205
f 2086/2490/1208 2084/2503/1221 2226/2504/1222 2231/2491/1209
f 2072/2494/1212 2070/2497/1215 2229/2500/1218 2230/2495/1213
f 2092/2498/1216 2090/2505/1223 2224/2506/1224 2228/2499/1217
f 2078/2501/1219 2076/2507/1225 2222/2508/1226 2227/2502/1220
f 2084/2503/1221 2082/2485/1203 2225/2488/1206 2226/2504/1222
f 2090/2505/1223 2088/2489/1207 2223/2492/1210 2224/2506/1224
f 2076/2507/1225 2074/2493/1211 2221/2496/1214 2222/2508/1226
f 2268/2509/1074 2257/2510/1074 2245/2419/1074 2256/2441/1074
f 2267/2511/1074 2268/2509/1074 2256/2441/1074 2255/2439/1074
f 2266/2512/1074 2267/2511/1074 2255/2439/1074 2254/2437/1074
f 2265/2513/1074 2266/2512/1074 2254/2437/1074 2253/2435/1074
f 2264/2514/1074 2265/2513/1074 2253/2435/1074 2252/2433/1074
f 2263/2515/1074 2264/2514/1074 2252/2433/1074 2251/2431/1074
f 2262/2516/1074 2263/2515/1074 2251/2431/1074 2250/2429/1074
f 2261/2517/1074 2262/2516/1074 2250/2429/1074 2249/2427/1074
f 2260/2518/1074 2261/2517/1074 2249/2427/1074 2248/2425/1074
f 2259/2519/1074 2260/2518/1074 2248/2425/1074 2247/2423/1074
f 2258/2520/1074 2259/2519/1074 2247/2423/1074 2246/2420/1074
f 2257/2510/1074 2258/2520/1074 2246/2420/1074 2245/2419/1074
f 2070/2497/1215 2072/2494/1212 2258/2520/1074 2257/2510/1074
f 2072/2494/1212 2074/2493/1211 2259/2519/1074 2258/2520/1074
f 2074/2493/1211 2076/2507/1225 2260/2518/1074 2259/2519/1074
f 2076/2507/1225 2078/2501/1219 2261/2517/1074 2260/2518/1074
f 2078/2501/1219 2080/2486/1204 2262/2516/1074 2261/2517/1074
f 2080/2486/1204 2082/2485/1203 2263/2515/1074 2262/2516/1074
f 2082/2485/1203 2084/2503/1221 2264/2514/1074 2263/2515/1074
f 2084/2503/1221 2086/2490/1208 2265/2513/1074 2264/2514/1074
f 2086/2490/1208 2088/2489/1207 2266/2512/1074 2265/2513/1074
f 2088/2489/1207 2090/2505/1223 2267/2511/1074 2266/2512/1074
f 2090/2505/1223 2092/2498/1216 2268/2509/1074 2267/2511/1074
f 2092/2498/1216 2070/2497/1215 2257/2510/1074 2268/2509/1074
f 2225/2488/1206 2232/2487/1205 2280/2462/1192 2271/2456/1186
f 2223/2492/1210 2231/2491/1209 2279/2461/1191 2270/2454/1184
f 2221/2496/1214 2230/2495/1213 2278/2459/1189 2269/2345/1152
f 2229/2500/1218 2228/2499/1217 2277/2458/1188 2272/2460/1190
f 2232/2487/1205 2227/2502/1220 2276/2457/1187 2280/2462/1192
f 2231/2491/1209 2226/2504/1222 2275/2455/1185 2279/2461/1191
f 2230/2495/1213 2229/2500/1218 2272/2460/1190 2278/2459/1189
f 2228/2499/1217 2224/2506/1224 2274/2453/1183 2277/2458/1188
f 2227/2502/1220 2222/2508/1226 2273/2344/1151 2276/2457/1187
f 2226/2504/1222 2225/2488/1206 2271/2456/1186 2275/2455/1185
f 2224/2506/1224 2223/2492/1210 2270/2454/1184 2274/2453/1183
f 2222/2508/1226 2221/2496/1214 2269/2345/1152 2273/2344/1151
f 2149/2465/1073 2160/2484/1073 2304/2417/1073 2294/2396/1073
f 2160/2484/1073 2159/2482/1073 2303/2415/1073 2304/2417/1073
f 2159/2482/1073 2158/2480/1073 2302/2413/1073 2303/2415/1073
f 2158/2480/1073 2157/2478/1073 2301/2411/1073 2302/2413/1073
f 2157/2478/1073 2156/2476/1073 2300/2409/1073 2301/2411/1073
f 2156/2476/1073 2155/2474/1073 2299/2407/1073 2300/2409/1073
f 2155/2474/1073 2154/2472/1073 2298/2405/1073 2299/2407/1073
f 2154/2472/1073 2153/2470/1073 2297/2403/1073 2298/2405/1073
f 2153/2470/1073 2152/2469/1073 2296/2401/1073 2297/2403/1073
f 2152/2469/1073 2151/2468/1073 2295/2399/1073 2296/2401/1073
f 2151/2468/1073 2150/2466/1073 2293/2395/1073 2295/2399/1073
f 2150/2466/1073 2149/2465/1073 2294/2396/1073 2293/2395/1073
f 2244/2521/1156 2340/2349/1156 2329/2351/1129 2233/2522/1129
f 2243/2523/1150 2339/2343/1150 2340/2349/1156 2244/2521/1156
f 2242/2524/1148 2338/2341/1148 2339/2343/1150 2243/2523/1150
f 2241/2525/1146 2337/2339/1146 2338/2341/1148 2242/2524/1148
f 2240/2526/1144 2336/2337/1144 2337/2339/1146 2241/2525/1146
f 2239/2527/1142 2335/2335/1142 2336/2337/1144 2240/2526/1144
f 2238/2528/1140 2334/2333/1140 2335/2335/1142 2239/2527/1142
f 2237/2529/1138 2333/2331/1138 2334/2333/1140 2238/2528/1140
f 2236/2530/1136 2332/2329/1136 2333/2331/1138 2237/2529/1138
f 2235/2531/1134 2331/2327/1134 2332/2329/1136 2236/2530/1136
f 2234/2532/1132 2330/2325/1132 2331/2327/1134 2235/2531/1134
f 2233/2533/1129 2329/2322/1129 2330/2325/1132 2234/2532/1132
f 2343/2384/1150 2344/2361/1150 2342/2363/1148 2341/2386/1148
usemtl Gold.001
f 1836/2171/1055 1827/2170/1029 1957/2310/1029 1968/2309/1055
f 2067/2172/1049 1836/2171/1055 1968/2309/1055 1967/2311/1049
f 2065/2173/1047 2067/2172/1049 1967/2311/1049 1966/2312/1047
f 1835/2174/1045 2065/2173/1047 1966/2312/1047 1965/2313/1045
f 1834/2175/1043 1835/2174/1045 1965/2313/1045 1964/2314/1043
f 1833/2176/1041 1834/2175/1043 1964/2314/1043 1963/2315/1041
f 1832/2177/1039 1833/2176/1041 1963/2315/1041 1962/2316/1039
f 1831/2178/1037 1832/2177/1039 1962/2316/1039 1961/2317/1037
f 1830/2179/1035 1831/2178/1037 1961/2317/1037 1960/2318/1035
f 1829/2180/1033 1830/2179/1035 1960/2318/1035 1959/2319/1033
f 1828/2181/1030 1829/2180/1033 1959/2319/1033 1958/2320/1030
f 1827/2182/1029 1828/2181/1030 1958/2320/1030 1957/2321/1029
f 2112/2382/1156 2244/2521/1156 2233/2522/1129 2103/2383/1129
f 2343/2384/1150 2243/2523/1150 2244/2521/1156 2112/2382/1156
f 2341/2386/1148 2242/2524/1148 2243/2523/1150 2343/2384/1150
f 2111/2385/1146 2241/2525/1146 2242/2524/1148 2341/2386/1148
f 2110/2387/1144 2240/2526/1144 2241/2525/1146 2111/2385/1146
f 2109/2388/1142 2239/2527/1142 2240/2526/1144 2110/2387/1144
f 2108/2389/1140 2238/2528/1140 2239/2527/1142 2109/2388/1142
f 2107/2390/1138 2237/2529/1138 2238/2528/1140 2108/2389/1140
f 2106/2391/1136 2236/2530/1136 2237/2529/1138 2107/2390/1138
f 2105/2392/1134 2235/2531/1134 2236/2530/1136 2106/2391/1136
f 2104/2393/1132 2234/2532/1132 2235/2531/1134 2105/2392/1134
f 2103/2394/1129 2233/2533/1129 2234/2532/1132 2104/2393/1132
usemtl Porple.001
f 1891/2534/1227 1915/2535/1228 1916/2536/1229 1892/2537/1230
f 1813/2269/1103 1907/2538/1231 1908/2539/1232 1815/2271/1104
f 1793/2254/1096 1897/2540/1233 1898/2541/1234 1795/2251/1095
f 1807/2263/1100 1904/2542/1235 1905/2543/1236 1809/2265/1101
f 1801/2143/1060 1901/2142/1059 1902/2544/1237 1803/2259/1098
f 1815/2271/1104 1908/2539/1232 1897/2540/1233 1793/2254/1096
f 1795/2251/1095 1898/2541/1234 1899/2545/1238 1797/2255/1097
f 1809/2265/1101 1905/2543/1236 1906/2546/1239 1811/2267/1102
f 1803/2259/1098 1902/2544/1237 1903/2547/1240 1805/2261/1099
f 1797/2255/1097 1899/2545/1238 1900/2141/1058 1799/2140/1057
f 1811/2267/1102 1906/2546/1239 1907/2538/1231 1813/2269/1103
f 1805/2261/1099 1903/2547/1240 1904/2542/1235 1807/2263/1100
f 1886/2548/1241 1898/2541/1234 1897/2540/1233 1885/2549/1242
f 1887/2550/1243 1899/2545/1238 1898/2541/1234 1886/2548/1241
f 1888/2551/1244 1900/2141/1058 1899/2545/1238 1887/2550/1243
f 1889/2552/1245 1901/2142/1059 1900/2141/1058 1888/2551/1244
f 1890/2553/1246 1902/2544/1237 1901/2142/1059 1889/2552/1245
f 1891/2534/1227 1903/2547/1240 1902/2544/1237 1890/2553/1246
f 1892/2537/1230 1904/2542/1235 1903/2547/1240 1891/2534/1227
f 1893/2554/1247 1905/2543/1236 1904/2542/1235 1892/2537/1230
f 1894/2555/1248 1906/2546/1239 1905/2543/1236 1893/2554/1247
f 1895/2556/1249 1907/2538/1231 1906/2546/1239 1894/2555/1248
f 1896/2557/1250 1908/2539/1232 1907/2538/1231 1895/2556/1249
f 1885/2549/1242 1897/2540/1233 1908/2539/1232 1896/2557/1250
f 2006/2558/1251 1930/2559/1252 1931/2560/1253 2005/2561/1254
f 1888/2551/1244 1912/2562/1255 1913/2563/1256 1889/2552/1245
f 1895/2556/1249 1919/2564/1257 1920/2565/1258 1896/2557/1250
f 1885/2549/1242 1909/2566/1259 1910/2567/1260 1886/2548/1241
f 1892/2537/1230 1916/2536/1229 1917/2568/1261 1893/2554/1247
f 1889/2552/1245 1913/2563/1256 1914/2569/1262 1890/2553/1246
f 1896/2557/1250 1920/2565/1258 1909/2566/1259 1885/2549/1242
f 1886/2548/1241 1910/2567/1260 1911/2570/1263 1887/2550/1243
f 1893/2554/1247 1917/2568/1261 1918/2571/1264 1894/2555/1248
f 1890/2553/1246 1914/2569/1262 1915/2535/1228 1891/2534/1227
f 1887/2550/1243 1911/2570/1263 1912/2562/1255 1888/2551/1244
f 1894/2555/1248 1918/2571/1264 1919/2564/1257 1895/2556/1249
f 2030/2572/1265 2043/2573/1266 2044/2574/1267 2029/2575/1268
f 2008/2576/1269 1927/2577/1270 1928/2578/1271 2007/2579/1272
f 2010/2580/1273 1924/2581/1274 1925/2582/1275 2009/2583/1276
f 2005/2561/1254 1931/2560/1253 1932/2584/1277 2011/2585/1278
f 2013/2586/1279 1921/2587/1280 1922/2588/1281 2012/2589/1282
f 2007/2579/1272 1928/2578/1271 1929/2590/1283 2014/2591/1284
f 2009/2583/1276 1925/2582/1275 1926/2592/1285 2015/2593/1286
f 2011/2585/1278 1932/2584/1277 1921/2587/1280 2013/2586/1279
f 2012/2589/1282 1922/2588/1281 1923/2594/1287 2016/2595/1288
f 2014/2591/1284 1929/2590/1283 1930/2559/1252 2006/2558/1251
f 2015/2593/1286 1926/2592/1285 1927/2577/1270 2008/2576/1269
f 2016/2595/1288 1923/2594/1287 1924/2581/1274 2010/2580/1273
f 1933/2596/1073 1944/2597/1073 1943/2598/1073 1942/2599/1073 1941/2600/1073 1940/2601/1073 1939/2602/1073 1938/2603/1073 1937/2604/1073 1936/2605/1073 1935/2606/1073 1934/2607/1073
f 2032/2608/1289 2050/2609/1290 2051/2610/1291 2031/2611/1292
f 2034/2612/1293 2047/2613/1294 2048/2614/1295 2033/2615/1296
f 2029/2575/1268 2044/2574/1267 2045/2616/1297 2035/2617/1298
f 2031/2611/1292 2051/2610/1291 2052/2618/1299 2036/2619/1300
f 2038/2620/1301 2041/2621/1302 2042/2622/1303 2037/2623/1304
f 2033/2615/1296 2048/2614/1295 2049/2624/1305 2039/2625/1306
f 2035/2617/1298 2045/2616/1297 2046/2626/1307 2040/2627/1308
f 2036/2619/1300 2052/2618/1299 2041/2621/1302 2038/2620/1301
f 2037/2623/1304 2042/2622/1303 2043/2573/1266 2030/2572/1265
f 2039/2625/1306 2049/2624/1305 2050/2609/1290 2032/2608/1289
f 2040/2627/1308 2046/2626/1307 2047/2613/1294 2034/2612/1293
f 1911/2570/1263 2016/2595/1288 2010/2580/1273 1912/2562/1255
f 1914/2569/1262 2015/2593/1286 2008/2576/1269 1915/2535/1228
f 1917/2568/1261 2014/2591/1284 2006/2558/1251 1918/2571/1264
f 1910/2567/1260 2012/2589/1282 2016/2595/1288 1911/2570/1263
f 1920/2565/1258 2011/2585/1278 2013/2586/1279 1909/2566/1259
f 1913/2563/1256 2009/2583/1276 2015/2593/1286 1914/2569/1262
f 1916/2536/1229 2007/2579/1272 2014/2591/1284 1917/2568/1261
f 1909/2566/1259 2013/2586/1279 2012/2589/1282 1910/2567/1260
f 1919/2564/1257 2005/2561/1254 2011/2585/1278 1920/2565/1258
f 1912/2562/1255 2010/2580/1273 2009/2583/1276 1913/2563/1256
f 1915/2535/1228 2008/2576/1269 2007/2579/1272 1916/2536/1229
f 1918/2571/1264 2006/2558/1251 2005/2561/1254 1919/2564/1257
f 1926/2592/1285 2040/2627/1308 2034/2612/1293 1927/2577/1270
f 1929/2590/1283 2039/2625/1306 2032/2608/1289 1930/2559/1252
f 1922/2588/1281 2037/2623/1304 2030/2572/1265 1923/2594/1287
f 1932/2584/1277 2036/2619/1300 2038/2620/1301 1921/2587/1280
f 1925/2582/1275 2035/2617/1298 2040/2627/1308 1926/2592/1285
f 1928/2578/1271 2033/2615/1296 2039/2625/1306 1929/2590/1283
f 1921/2587/1280 2038/2620/1301 2037/2623/1304 1922/2588/1281
f 1931/2560/1253 2031/2611/1292 2036/2619/1300 1932/2584/1277
f 1924/2581/1274 2029/2575/1268 2035/2617/1298 1925/2582/1275
f 1927/2577/1270 2034/2612/1293 2033/2615/1296 1928/2578/1271
f 1930/2559/1252 2032/2608/1289 2031/2611/1292 1931/2560/1253
f 1923/2594/1287 2030/2572/1265 2029/2575/1268 1924/2581/1274
f 1934/2607/1073 2042/2622/1303 2041/2621/1302 1933/2596/1073
f 1935/2606/1073 2043/2573/1266 2042/2622/1303 1934/2607/1073
f 1936/2605/1073 2044/2574/1267 2043/2573/1266 1935/2606/1073
f 1937/2604/1073 2045/2616/1297 2044/2574/1267 1936/2605/1073
f 1938/2603/1073 2046/2626/1307 2045/2616/1297 1937/2604/1073
f 1939/2602/1073 2047/2613/1294 2046/2626/1307 1938/2603/1073
f 1940/2601/1073 2048/2614/1295 2047/2613/1294 1939/2602/1073
f 1941/2600/1073 2049/2624/1305 2048/2614/1295 1940/2601/1073
f 1942/2599/1073 2050/2609/1290 2049/2624/1305 1941/2600/1073
f 1943/2598/1073 2051/2610/1291 2050/2609/1290 1942/2599/1073
f 1944/2597/1073 2052/2618/1299 2051/2610/1291 1943/2598/1073
f 1933/2596/1073 2041/2621/1302 2052/2618/1299 1944/2597/1073
f 2167/2628/1309 2168/2629/1310 2192/2630/1311 2191/2631/1312
f 2089/2481/1201 2091/2483/1202 2184/2632/1313 2183/2633/1314
f 2069/2464/1194 2071/2463/1193 2174/2634/1315 2173/2635/1316
f 2083/2475/1198 2085/2477/1199 2181/2636/1317 2180/2637/1318
f 2077/2353/1158 2079/2471/1196 2178/2638/1319 2177/2354/1159
f 2091/2483/1202 2069/2464/1194 2173/2635/1316 2184/2632/1313
f 2071/2463/1193 2073/2467/1195 2175/2639/1320 2174/2634/1315
f 2085/2477/1199 2087/2479/1200 2182/2640/1321 2181/2636/1317
f 2079/2471/1196 2081/2473/1197 2179/2641/1322 2178/2638/1319
f 2073/2467/1195 2075/2352/1157 2176/2355/1160 2175/2639/1320
f 2087/2479/1200 2089/2481/1201 2183/2633/1314 2182/2640/1321
f 2081/2473/1197 2083/2475/1198 2180/2637/1318 2179/2641/1322
f 2162/2642/1323 2161/2643/1324 2173/2635/1316 2174/2634/1315
f 2163/2644/1325 2162/2642/1323 2174/2634/1315 2175/2639/1320
f 2164/2645/1326 2163/2644/1325 2175/2639/1320 2176/2355/1160
f 2165/2646/1327 2164/2645/1326 2176/2355/1160 2177/2354/1159
f 2166/2647/1328 2165/2646/1327 2177/2354/1159 2178/2638/1319
f 2167/2628/1309 2166/2647/1328 2178/2638/1319 2179/2641/1322
f 2168/2629/1310 2167/2628/1309 2179/2641/1322 2180/2637/1318
f 2169/2648/1329 2168/2629/1310 2180/2637/1318 2181/2636/1317
f 2170/2649/1330 2169/2648/1329 2181/2636/1317 2182/2640/1321
f 2171/2650/1331 2170/2649/1330 2182/2640/1321 2183/2633/1314
f 2172/2651/1332 2171/2650/1331 2183/2633/1314 2184/2632/1313
f 2161/2643/1324 2172/2651/1332 2184/2632/1313 2173/2635/1316
f 2282/2652/1333 2281/2653/1334 2207/2654/1335 2206/2655/1336
f 2164/2645/1326 2165/2646/1327 2189/2656/1337 2188/2657/1338
f 2171/2650/1331 2172/2651/1332 2196/2658/1339 2195/2659/1340
f 2161/2643/1324 2162/2642/1323 2186/2660/1341 2185/2661/1342
f 2168/2629/1310 2169/2648/1329 2193/2662/1343 2192/2630/1311
f 2165/2646/1327 2166/2647/1328 2190/2663/1344 2189/2656/1337
f 2172/2651/1332 2161/2643/1324 2185/2661/1342 2196/2658/1339
f 2162/2642/1323 2163/2644/1325 2187/2664/1345 2186/2660/1341
f 2169/2648/1329 2170/2649/1330 2194/2665/1346 2193/2662/1343
f 2166/2647/1328 2167/2628/1309 2191/2631/1312 2190/2663/1344
f 2163/2644/1325 2164/2645/1326 2188/2657/1338 2187/2664/1345
f 2170/2649/1330 2171/2650/1331 2195/2659/1340 2194/2665/1346
f 2306/2666/1347 2305/2667/1348 2320/2668/1349 2319/2669/1350
f 2284/2670/1351 2283/2671/1352 2204/2672/1353 2203/2673/1354
f 2286/2674/1355 2285/2675/1356 2201/2676/1357 2200/2677/1358
f 2281/2653/1334 2287/2678/1359 2208/2679/1360 2207/2654/1335
f 2289/2680/1361 2288/2681/1362 2198/2682/1363 2197/2683/1364
f 2283/2671/1352 2290/2684/1365 2205/2685/1366 2204/2672/1353
f 2285/2675/1356 2291/2686/1367 2202/2687/1368 2201/2676/1357
f 2287/2678/1359 2289/2680/1361 2197/2683/1364 2208/2679/1360
f 2288/2681/1362 2292/2688/1369 2199/2689/1370 2198/2682/1363
f 2290/2684/1365 2282/2652/1333 2206/2655/1336 2205/2685/1366
f 2291/2686/1367 2284/2670/1351 2203/2673/1354 2202/2687/1368
f 2292/2688/1369 2286/2674/1355 2200/2677/1358 2199/2689/1370
f 2209/2690/1073 2210/2691/1073 2211/2692/1073 2212/2693/1073 2213/2694/1073 2214/2695/1073 2215/2696/1073 2216/2697/1073 2217/2698/1073 2218/2699/1073 2219/2700/1073 2220/2701/1073
f 2308/2702/1371 2307/2703/1372 2327/2704/1373 2326/2705/1374
f 2310/2706/1375 2309/2707/1376 2324/2708/1377 2323/2709/1378
f 2305/2667/1348 2311/2710/1379 2321/2711/1380 2320/2668/1349
f 2307/2703/1372 2312/2712/1381 2328/2713/1382 2327/2704/1373
f 2314/2714/1383 2313/2715/1384 2318/2716/1385 2317/2717/1386
f 2309/2707/1376 2315/2718/1387 2325/2719/1388 2324/2708/1377
f 2311/2710/1379 2316/2720/1389 2322/2721/1390 2321/2711/1380
f 2312/2712/1381 2314/2714/1383 2317/2717/1386 2328/2713/1382
f 2313/2715/1384 2306/2666/1347 2319/2669/1350 2318/2716/1385
f 2315/2718/1387 2308/2702/1371 2326/2705/1374 2325/2719/1388
f 2316/2720/1389 2310/2706/1375 2323/2709/1378 2322/2721/1390
f 2187/2664/1345 2188/2657/1338 2286/2674/1355 2292/2688/1369
f 2190/2663/1344 2191/2631/1312 2284/2670/1351 2291/2686/1367
f 2193/2662/1343 2194/2665/1346 2282/2652/1333 2290/2684/1365
f 2186/2660/1341 2187/2664/1345 2292/2688/1369 2288/2681/1362
f 2196/2658/1339 2185/2661/1342 2289/2680/1361 2287/2678/1359
f 2189/2656/1337 2190/2663/1344 2291/2686/1367 2285/2675/1356
f 2192/2630/1311 2193/2662/1343 2290/2684/1365 2283/2671/1352
f 2185/2661/1342 2186/2660/1341 2288/2681/1362 2289/2680/1361
f 2195/2659/1340 2196/2658/1339 2287/2678/1359 2281/2653/1334
f 2188/2657/1338 2189/2656/1337 2285/2675/1356 2286/2674/1355
f 2191/2631/1312 2192/2630/1311 2283/2671/1352 2284/2670/1351
f 2194/2665/1346 2195/2659/1340 2281/2653/1334 2282/2652/1333
f 2202/2687/1368 2203/2673/1354 2310/2706/1375 2316/2720/1389
f 2205/2685/1366 2206/2655/1336 2308/2702/1371 2315/2718/1387
f 2198/2682/1363 2199/2689/1370 2306/2666/1347 2313/2715/1384
f 2208/2679/1360 2197/2683/1364 2314/2714/1383 2312/2712/1381
f 2201/2676/1357 2202/2687/1368 2316/2720/1389 2311/2710/1379
f 2204/2672/1353 2205/2685/1366 2315/2718/1387 2309/2707/1376
f 2197/2683/1364 2198/2682/1363 2313/2715/1384 2314/2714/1383
f 2207/2654/1335 2208/2679/1360 2312/2712/1381 2307/2703/1372
f 2200/2677/1358 2201/2676/1357 2311/2710/1379 2305/2667/1348
f 2203/2673/1354 2204/2672/1353 2309/2707/1376 2310/2706/1375
f 2206/2655/1336 2207/2654/1335 2307/2703/1372 2308/2702/1371
f 2199/2689/1370 2200/2677/1358 2305/2667/1348 2306/2666/1347
f 2210/2691/1073 2209/2690/1073 2317/2717/1386 2318/2716/1385
f 2211/2692/1073 2210/2691/1073 2318/2716/1385 2319/2669/1350
f 2212/2693/1073 2211/2692/1073 2319/2669/1350 2320/2668/1349
f 2213/2694/1073 2212/2693/1073 2320/2668/1349 2321/2711/1380
f 2214/2695/1073 2213/2694/1073 2321/2711/1380 2322/2721/1390
f 2215/2696/1073 2214/2695/1073 2322/2721/1390 2323/2709/1378
f 2216/2697/1073 2215/2696/1073 2323/2709/1378 2324/2708/1377
f 2217/2698/1073 2216/2697/1073 2324/2708/1377 2325/2719/1388
f 2218/2699/1073 2217/2698/1073 2325/2719/1388 2326/2705/1374
f 2219/2700/1073 2218/2699/1073 2326/2705/1374 2327/2704/1373
f 2220/2701/1073 2219/2700/1073 2327/2704/1373 2328/2713/1382
f 2209/2690/1073 2220/2701/1073 2328/2713/1382 2317/2717/1386
o Cube.005
v -2.982812 0.869653 1.011248
v -2.955413 1.008335 1.001721
v -2.664208 0.665665 0.937370
v -2.600242 0.780935 0.919363
v -2.314283 0.441624 0.608508
v -2.256049 0.560564 0.595889
v -2.430534 0.516055 1.419912
v -2.361640 0.628169 1.441090
v -2.062016 0.280109 0.049150
v -2.051638 0.429688 1.315570
v -2.006383 0.400714 0.042298
v -2.124149 0.319890 1.295856
v -1.866351 0.154834 -0.916924
v -1.740491 0.230475 1.367715
v -1.781764 0.256900 -1.071066
v -1.828028 0.130297 1.345483
v -2.270380 0.569739 0.581659
v -2.608109 0.785972 0.899060
v -3.004514 1.039772 0.990979
v -2.023646 0.411766 0.034571
v -2.363950 0.629647 1.464971
v -2.049869 0.428556 1.337800
v -1.766376 0.247048 -1.244881
v -1.721778 0.218494 1.392785
v -3.075456 0.928969 0.990979
v -2.679051 0.675169 0.899060
v -2.434891 0.518845 1.464971
v -2.341322 0.458936 0.581659
v -2.120811 0.317753 1.337800
v -2.094588 0.300963 0.034571
v -1.792720 0.107691 1.392785
v -1.837318 0.136246 -1.244881
v -2.666942 0.745528 0.838762
v -3.094957 1.019567 0.978951
v -2.405797 0.578329 1.530911
v -2.348731 0.541791 0.539081
v -2.111422 0.389853 0.011159
v -2.080082 0.369788 1.403878
v -1.796004 0.187906 -1.310890
v -1.720172 0.139354 1.442455
v -1.784435 0.111307 1.398457
v -1.832600 0.142145 -1.252419
v -2.116160 0.323695 1.345346
v -2.096510 0.311115 0.031897
v -2.342168 0.468398 0.576797
v -2.431569 0.525638 1.472501
v -3.077683 0.939315 0.989605
v -2.677668 0.683204 0.892174
v -2.617240 0.779695 0.889702
v -3.018550 1.036636 0.989112
v -2.370444 0.621683 1.475205
v -2.282539 0.565401 0.575051
v -2.037268 0.408366 0.030938
v -2.054558 0.419435 1.348055
v -1.770975 0.237870 -1.255126
v -1.721529 0.206212 1.400493
v -3.066726 0.923379 0.997439
v -3.062367 0.929509 1.001052
v -3.077456 1.008362 0.992968
v -2.992953 1.032370 0.999533
v -3.001554 1.025754 1.001860
v -3.062432 0.929551 0.985891
v -3.074372 1.006387 0.972209
v -2.995696 1.022004 0.983451
v -2.991129 1.031202 0.987875
v -3.065074 0.922322 0.988571
v -2.660622 0.749873 0.845239
v -3.085241 1.021737 0.980244
v -2.401302 0.583842 1.523827
v -2.340314 0.544794 0.543655
v -2.101992 0.392207 0.013674
v -2.076836 0.376101 1.396780
v -1.792821 0.194259 -1.303799
v -1.720345 0.147855 1.437119
v -3.067805 1.010573 0.994099
v -3.064367 1.008373 0.973639
v -1.726303 0.136678 1.438257
v -1.799495 0.183540 -1.305312
v -2.083524 0.365390 1.398294
v -2.109999 0.382341 0.013138
v -2.348104 0.534790 0.542679
v -2.408256 0.573302 1.525338
v -3.093309 1.011910 0.979968
v -2.667966 0.739582 0.843858
v -3.076017 1.000839 0.993739
v -3.073233 0.999056 0.973514
v -2.408816 0.588653 1.517855
v -2.414433 0.577257 1.520421
v -2.438436 0.530034 1.467369
v -2.412477 0.582606 1.525560
v -2.442765 0.523886 1.459145
v -2.371479 0.634468 1.459400
v -2.377365 0.626114 1.470014
v -2.356246 0.624715 1.461852
v -2.426876 0.513713 1.461726
v -2.400502 0.568337 1.522305
v -2.422924 0.520102 1.469016
v -2.397554 0.573051 1.527696
v -2.393431 0.578802 1.520745
v -2.361870 0.616193 1.471753
v 2.982811 0.869654 1.011248
v 2.955413 1.008335 1.001721
v 2.664207 0.665665 0.937369
v 2.600241 0.780935 0.919363
v 2.314283 0.441625 0.608508
v 2.256049 0.560564 0.595889
v 2.430534 0.516055 1.419912
v 2.361639 0.628169 1.441090
v 2.062015 0.280110 0.049150
v 2.051637 0.429689 1.315570
v 2.006382 0.400714 0.042298
v 2.124149 0.319890 1.295856
v 1.866351 0.154834 -0.916924
v 1.740490 0.230475 1.367715
v 1.781763 0.256901 -1.071066
v 1.828027 0.130298 1.345483
v 2.270379 0.569739 0.581659
v 2.608108 0.785972 0.899059
v 3.004514 1.039772 0.990979
v 2.023645 0.411767 0.034571
v 2.363949 0.629648 1.464971
v 2.049868 0.428556 1.337799
v 1.766376 0.247049 -1.244881
v 1.721778 0.218494 1.392784
v 3.075455 0.928969 0.990979
v 2.679050 0.675169 0.899059
v 2.434891 0.518845 1.464971
v 2.341321 0.458936 0.581659
v 2.120810 0.317753 1.337799
v 2.094588 0.300964 0.034571
v 1.792720 0.107691 1.392784
v 1.837318 0.136246 -1.244881
v 2.666942 0.745528 0.838762
v 3.094956 1.019567 0.978951
v 2.405797 0.578329 1.530910
v 2.348730 0.541791 0.539081
v 2.111421 0.389854 0.011159
v 2.080081 0.369788 1.403878
v 1.796004 0.187906 -1.310890
v 1.720172 0.139354 1.442455
v 1.784435 0.111307 1.398457
v 1.832600 0.142145 -1.252419
v 2.116159 0.323696 1.345345
v 2.096510 0.311115 0.031897
v 2.342167 0.468398 0.576797
v 2.431568 0.525638 1.472501
v 3.077682 0.939315 0.989605
v 2.677667 0.683204 0.892174
v 2.617239 0.779695 0.889701
v 3.018549 1.036637 0.989112
v 2.370444 0.621683 1.475204
v 2.282539 0.565402 0.575051
v 2.037268 0.408366 0.030938
v 2.054557 0.419436 1.348055
v 1.770974 0.237870 -1.255125
v 1.721528 0.206212 1.400493
v 3.066725 0.923380 0.997439
v 3.062366 0.929509 1.001052
v 3.077456 1.008362 0.992968
v 2.992952 1.032370 0.999533
v 3.001553 1.025754 1.001860
v 3.062432 0.929551 0.985891
v 3.074371 1.006387 0.972209
v 2.995695 1.022004 0.983451
v 2.991129 1.031203 0.987875
v 3.065073 0.922322 0.988571
v 2.660622 0.749873 0.845239
v 3.085240 1.021738 0.980243
v 2.401301 0.583842 1.523827
v 2.340313 0.544794 0.543655
v 2.101992 0.392208 0.013674
v 2.076836 0.376101 1.396780
v 1.792821 0.194259 -1.303799
v 1.720344 0.147856 1.437119
v 3.067804 1.010573 0.994098
v 3.064367 1.008373 0.973638
v 1.726302 0.136678 1.438257
v 1.799495 0.183540 -1.305312
v 2.083523 0.365391 1.398294
v 2.109998 0.382342 0.013138
v 2.348104 0.534790 0.542679
v 2.408256 0.573302 1.525338
v 3.093308 1.011911 0.979968
v 2.667965 0.739582 0.843857
v 3.076016 1.000839 0.993739
v 3.073232 0.999057 0.973514
v 2.408816 0.588653 1.517855
v 2.414432 0.577257 1.520421
v 2.438436 0.530035 1.467369
v 2.412477 0.582606 1.525560
v 2.442765 0.523886 1.459145
v 2.371478 0.634469 1.459399
v 2.377364 0.626114 1.470014
v 2.356246 0.624716 1.461852
v 2.426875 0.513713 1.461725
v 2.400501 0.568337 1.522304
v 2.422923 0.520103 1.469016
v 2.397554 0.573051 1.527696
v 2.393431 0.578802 1.520745
v 2.361869 0.616193 1.471753
vt 0.605600 0.412298
vt 0.605600 0.500000
vt 0.625000 0.500000
vt 0.625000 0.412298
vt 0.605600 0.735763
vt 0.625000 0.741559
vt 0.277070 0.521097
vt 0.287412 0.737182
vt 0.368356 0.720978
vt 0.359098 0.548124
vt 0.588875 0.301192
vt 0.625000 0.284467
vt 0.840533 0.750000
vt 0.804408 0.766725
vt 0.634056 0.527409
vt 0.628465 0.734449
vt 0.712642 0.743207
vt 0.718153 0.511313
vt 0.201309 0.518377
vt 0.207583 0.741781
vt 0.605600 0.750000
vt 0.605600 0.752300
vt 0.625000 0.751583
vt 0.625000 0.750000
vt 0.605600 0.331963
vt 0.625000 0.331963
vt 0.605600 0.284467
vt 0.165334 0.515676
vt 0.164530 0.745168
vt 0.792709 0.745653
vt 0.796039 0.509839
vt 0.605600 0.837702
vt 0.605600 0.839883
vt 0.625000 0.839673
vt 0.625000 0.837702
vt 0.837851 0.747470
vt 0.837423 0.508300
vt 0.605600 0.918037
vt 0.605600 0.965533
vt 0.625000 0.965533
vt 0.625000 0.918037
vt 0.712702 0.500000
vt 0.793037 0.500000
vt 0.626583 0.750000
vt 0.712702 0.750000
vt 0.714673 0.750000
vt 0.840533 0.500000
vt 0.793037 0.750000
vt 0.375000 0.743452
vt 0.375000 0.500000
vt 0.287298 0.750000
vt 0.288376 0.750000
vt 0.287298 0.500000
vt 0.206963 0.750000
vt 0.285248 0.750000
vt 0.206963 0.500000
vt 0.159467 0.750000
vt 0.159467 0.500000
vt 0.375000 0.412298
vt 0.389275 0.500000
vt 0.389275 0.412298
vt 0.489437 0.918037
vt 0.489437 0.965533
vt 0.500000 0.965533
vt 0.500000 0.918037
vt 0.489436 0.837702
vt 0.489436 0.839620
vt 0.500000 0.839735
vt 0.500000 0.837702
vt 0.489437 0.284467
vt 0.489437 0.331963
vt 0.500000 0.331963
vt 0.500000 0.284467
vt 0.489437 0.412298
vt 0.500000 0.412298
vt 0.489437 0.750000
vt 0.489437 0.752213
vt 0.500000 0.752227
vt 0.500000 0.750000
vt 0.372563 0.401341
vt 0.392234 0.392234
vt 0.607766 0.857766
vt 0.588096 0.866874
vt 0.489436 0.500000
vt 0.489437 0.738214
vt 0.500000 0.737976
vt 0.500000 0.500000
vt 0.375000 0.918037
vt 0.375000 0.965533
vt 0.389275 0.965533
vt 0.389275 0.918037
vt 0.375000 0.837702
vt 0.375000 0.839752
vt 0.389275 0.839904
vt 0.389275 0.837702
vt 0.375000 0.284467
vt 0.375000 0.331963
vt 0.389275 0.331963
vt 0.389275 0.284467
vt 0.375000 0.750000
vt 0.375000 0.751195
vt 0.389275 0.752079
vt 0.389275 0.750000
vt 0.186049 0.487693
vt 0.401582 0.953226
vt 0.389275 0.740469
vt 0.373805 0.750000
vt 0.711671 0.750000
vt 0.489436 0.836911
vt 0.500000 0.836852
vt 0.375000 0.836624
vt 0.389275 0.836770
vt 0.605600 0.836766
vt 0.625000 0.836671
vt 0.513428 0.750000
vt 0.513428 0.737695
vt 0.513428 0.836739
vt 0.513428 0.752236
vt 0.513428 0.965533
vt 0.513428 0.918037
vt 0.513428 0.500000
vt 0.513428 0.412298
vt 0.417238 0.380657
vt 0.632771 0.846190
vt 0.513428 0.331963
vt 0.513428 0.284467
vt 0.513428 0.839651
vt 0.513428 0.837702
vt 0.605600 0.412298
vt 0.625000 0.412298
vt 0.625000 0.500000
vt 0.605600 0.500000
vt 0.625000 0.741559
vt 0.605600 0.735763
vt 0.277070 0.521097
vt 0.359098 0.548124
vt 0.368356 0.720978
vt 0.287412 0.737182
vt 0.588875 0.301192
vt 0.804408 0.766725
vt 0.840533 0.750000
vt 0.625000 0.284467
vt 0.634056 0.527409
vt 0.718153 0.511313
vt 0.712642 0.743207
vt 0.628465 0.734449
vt 0.201309 0.518377
vt 0.207583 0.741781
vt 0.605600 0.750000
vt 0.625000 0.750000
vt 0.625000 0.751583
vt 0.605600 0.752300
vt 0.605600 0.331963
vt 0.625000 0.331963
vt 0.605600 0.284467
vt 0.165334 0.515676
vt 0.164530 0.745168
vt 0.796039 0.509839
vt 0.792709 0.745653
vt 0.605600 0.837702
vt 0.625000 0.837702
vt 0.625000 0.839673
vt 0.605600 0.839883
vt 0.837423 0.508300
vt 0.837851 0.747470
vt 0.605600 0.918037
vt 0.625000 0.918037
vt 0.625000 0.965533
vt 0.605600 0.965533
vt 0.712702 0.500000
vt 0.793037 0.500000
vt 0.626583 0.750000
vt 0.714673 0.750000
vt 0.712702 0.750000
vt 0.840533 0.500000
vt 0.793037 0.750000
vt 0.375000 0.500000
vt 0.375000 0.743452
vt 0.288376 0.750000
vt 0.287298 0.750000
vt 0.287298 0.500000
vt 0.285248 0.750000
vt 0.206963 0.750000
vt 0.206963 0.500000
vt 0.159467 0.750000
vt 0.159467 0.500000
vt 0.375000 0.412298
vt 0.389275 0.412298
vt 0.389275 0.500000
vt 0.489437 0.918037
vt 0.500000 0.918037
vt 0.500000 0.965533
vt 0.489437 0.965533
vt 0.489436 0.837702
vt 0.500000 0.837702
vt 0.500000 0.839735
vt 0.489436 0.839620
vt 0.489437 0.284467
vt 0.500000 0.284467
vt 0.500000 0.331963
vt 0.489437 0.331963
vt 0.500000 0.412298
vt 0.489437 0.412298
vt 0.489437 0.750000
vt 0.500000 0.750000
vt 0.500000 0.752227
vt 0.489437 0.752213
vt 0.372563 0.401341
vt 0.588096 0.866874
vt 0.607766 0.857766
vt 0.392234 0.392234
vt 0.489436 0.500000
vt 0.500000 0.500000
vt 0.500000 0.737976
vt 0.489437 0.738214
vt 0.375000 0.918037
vt 0.389275 0.918037
vt 0.389275 0.965533
vt 0.375000 0.965533
vt 0.375000 0.837702
vt 0.389275 0.837702
vt 0.389275 0.839904
vt 0.375000 0.839752
vt 0.375000 0.284467
vt 0.389275 0.284467
vt 0.389275 0.331963
vt 0.375000 0.331963
vt 0.375000 0.750000
vt 0.389275 0.750000
vt 0.389275 0.752079
vt 0.375000 0.751195
vt 0.401582 0.953226
vt 0.186049 0.487693
vt 0.389275 0.740469
vt 0.373805 0.750000
vt 0.711671 0.750000
vt 0.500000 0.836852
vt 0.489436 0.836911
vt 0.389275 0.836770
vt 0.375000 0.836624
vt 0.625000 0.836671
vt 0.605600 0.836766
vt 0.513428 0.737695
vt 0.513428 0.750000
vt 0.513428 0.752236
vt 0.513428 0.836739
vt 0.513428 0.918037
vt 0.513428 0.965533
vt 0.513428 0.412298
vt 0.513428 0.500000
vt 0.632771 0.846190
vt 0.417238 0.380657
vt 0.513428 0.331963
vt 0.513428 0.284467
vt 0.513428 0.837702
vt 0.513428 0.839651
vn -0.0712 0.8895 -0.4514
vn 0.0857 0.7169 -0.6918
vn 0.3793 0.8642 -0.3304
vn 0.2905 0.9322 -0.2159
vn 0.1174 0.5270 -0.8417
vn 0.3740 0.7756 -0.5084
vn -0.5392 -0.8422 0.0000
vn 0.6028 0.7521 -0.2663
vn 0.5964 0.7703 -0.2257
vn 0.7963 0.4754 0.3741
vn 0.8298 0.2602 0.4937
vn 0.5392 0.8422 0.0000
vn -0.1891 0.9753 -0.1142
vn -0.1475 0.6516 0.7440
vn 0.2293 0.8689 0.4386
vn -0.0097 0.9953 -0.0965
vn -0.2976 0.9136 -0.2769
vn 0.1687 0.9756 -0.1408
vn 0.3093 0.6448 0.6989
vn 0.5644 0.4480 0.6934
vn 0.6026 0.7031 0.3775
vn 0.4318 0.7750 0.4614
vn 0.4202 0.5290 0.7372
vn 0.5310 0.7718 0.3497
vn -0.5482 -0.6700 -0.5005
vn -0.6259 -0.7061 -0.3311
vn -0.5229 -0.7167 0.4615
vn -0.6830 -0.6220 0.3829
vn -0.7250 -0.6540 -0.2159
vn -0.4789 -0.8052 0.3497
vn -0.3863 -0.8416 0.3774
vn -0.8155 -0.5614 -0.1406
vn -0.0988 -0.9220 0.3743
vn -0.4503 -0.8641 -0.2248
vn -0.6144 -0.3773 -0.6929
vn -0.8376 -0.3076 -0.4514
vn -0.2996 -0.6081 0.7352
vn 0.1175 -0.8660 0.4860
vn 0.6306 -0.4038 0.6627
vn 0.0914 -0.0586 0.9941
vn -0.4627 -0.5466 0.6979
vn -0.1737 -0.6985 0.6942
vn 0.2632 -0.1686 0.9499
vn -0.1122 0.0718 0.9911
vn -0.4223 -0.8610 -0.2835
vn -0.9518 -0.1168 -0.2836
vn -0.7844 0.5021 -0.3641
vn 0.2853 -0.1830 -0.9408
vn -0.8378 -0.3074 -0.4511
vn -0.6464 0.4139 -0.6409
vn -0.9670 -0.2325 -0.1039
vn -0.6607 -0.1235 0.7404
vn -0.4701 0.3003 0.8299
vn -0.8297 0.5332 -0.1651
vn -0.6269 -0.3737 -0.6836
vn -0.4482 -0.2993 -0.8423
vn -0.2220 0.1404 -0.9649
vn -0.3723 0.2393 -0.8967
vn 0.1107 -0.8624 0.4939
vn -0.3048 -0.6029 0.7373
vn -0.1705 -0.7001 0.6933
vn -0.4557 -0.5511 0.6990
vn -0.9544 -0.1119 -0.2767
vn -0.4310 -0.8623 -0.2658
vn -0.9084 -0.4065 -0.0981
vn -0.6944 -0.5616 0.4499
vn -0.6568 -0.1508 0.7389
vn -0.9656 -0.2342 -0.1130
vn -0.4226 -0.3138 -0.8502
vn 0.2801 0.8810 0.3812
vn -0.6971 -0.2788 0.6605
vn -0.4672 0.3049 0.8299
vn -0.6881 -0.2853 0.6671
vn -0.0302 0.7441 0.6673
vn -0.1906 0.9761 -0.1040
vn 0.0866 0.5316 -0.8426
vn -0.0425 0.7472 0.6631
vn -0.1640 0.6516 0.7406
vn 0.8356 0.2557 0.4861
vn 0.4268 0.5266 0.7352
vn 0.0777 0.7265 -0.6828
vn -0.0714 0.8896 -0.4511
vn 0.6052 0.7439 -0.2833
vn -0.2922 0.9133 -0.2836
vn 0.5617 0.4502 0.6941
vn 0.3027 0.6490 0.6979
vn 0.0712 0.8895 -0.4514
vn -0.2905 0.9322 -0.2159
vn -0.3793 0.8642 -0.3304
vn -0.0857 0.7169 -0.6918
vn -0.3740 0.7756 -0.5084
vn -0.1174 0.5270 -0.8417
vn 0.5392 -0.8422 0.0000
vn -0.6028 0.7521 -0.2663
vn -0.8298 0.2602 0.4937
vn -0.7963 0.4754 0.3741
vn -0.5965 0.7703 -0.2257
vn -0.5392 0.8422 0.0000
vn 0.1891 0.9753 -0.1142
vn 0.0097 0.9953 -0.0965
vn -0.2293 0.8689 0.4386
vn 0.1475 0.6516 0.7440
vn 0.2976 0.9136 -0.2769
vn -0.1687 0.9756 -0.1408
vn -0.3093 0.6448 0.6989
vn -0.4318 0.7750 0.4614
vn -0.6026 0.7031 0.3775
vn -0.5644 0.4480 0.6934
vn -0.4202 0.5290 0.7372
vn -0.5310 0.7718 0.3497
vn 0.6259 -0.7061 -0.3311
vn 0.5482 -0.6700 -0.5005
vn 0.6830 -0.6220 0.3829
vn 0.5229 -0.7167 0.4615
vn 0.7250 -0.6540 -0.2159
vn 0.3863 -0.8416 0.3774
vn 0.4789 -0.8052 0.3497
vn 0.8155 -0.5614 -0.1406
vn 0.0988 -0.9220 0.3743
vn 0.4503 -0.8641 -0.2248
vn 0.8376 -0.3076 -0.4514
vn 0.6144 -0.3773 -0.6929
vn 0.2996 -0.6081 0.7352
vn -0.0914 -0.0586 0.9941
vn -0.6306 -0.4038 0.6627
vn -0.1176 -0.8660 0.4860
vn 0.4627 -0.5466 0.6979
vn 0.1122 0.0718 0.9911
vn -0.2632 -0.1686 0.9499
vn 0.1737 -0.6985 0.6942
vn 0.4223 -0.8610 -0.2835
vn -0.2852 -0.1831 -0.9408
vn 0.7844 0.5021 -0.3641
vn 0.9518 -0.1168 -0.2836
vn 0.6464 0.4138 -0.6409
vn 0.8378 -0.3074 -0.4511
vn 0.9670 -0.2325 -0.1039
vn 0.8297 0.5332 -0.1651
vn 0.4701 0.3003 0.8299
vn 0.6607 -0.1235 0.7404
vn 0.6269 -0.3737 -0.6836
vn 0.3724 0.2393 -0.8967
vn 0.2220 0.1404 -0.9649
vn 0.4482 -0.2993 -0.8423
vn 0.3048 -0.6029 0.7373
vn -0.1107 -0.8624 0.4939
vn 0.4557 -0.5511 0.6990
vn 0.1705 -0.7001 0.6933
vn 0.4310 -0.8623 -0.2658
vn 0.9544 -0.1119 -0.2767
vn 0.9084 -0.4065 -0.0980
vn 0.9656 -0.2342 -0.1130
vn 0.6568 -0.1508 0.7389
vn 0.6944 -0.5615 0.4499
vn 0.4226 -0.3138 -0.8502
vn -0.2801 0.8810 0.3812
vn 0.4672 0.3049 0.8299
vn 0.6971 -0.2788 0.6605
vn 0.6881 -0.2853 0.6671
vn 0.0302 0.7441 0.6673
vn -0.0866 0.5316 -0.8426
vn 0.1906 0.9761 -0.1040
vn 0.1640 0.6516 0.7406
vn 0.0425 0.7472 0.6631
vn -0.4268 0.5266 0.7352
vn -0.8356 0.2557 0.4861
vn 0.0714 0.8896 -0.4511
vn -0.0777 0.7265 -0.6828
vn -0.6052 0.7439 -0.2833
vn 0.2922 0.9133 -0.2836
vn -0.3027 0.6490 0.6979
vn -0.5617 0.4502 0.6941
usemtl Porple.002
s 1
f 2396/2722/1391 2393/2723/1392 2362/2724/1393 2361/2725/1394
f 2393/2723/1392 2408/2726/1395 2409/2727/1396 2362/2724/1393
f 2349/2728/1397 2351/2729/1397 2345/2730/1397 2347/2731/1397
f 2399/2732/1398 2367/2733/1399 2368/2734/1400 2400/2735/1401
f 2348/2736/1402 2346/2737/1402 2352/2738/1402 2350/2739/1402
f 2353/2740/1397 2356/2741/1397 2351/2729/1397 2349/2728/1397
f 2394/2742/1403 2405/2743/1404 2404/2744/1405 2363/2745/1406
f 2397/2746/1407 2396/2722/1391 2361/2725/1394 2364/2747/1408
f 2399/2748/1398 2397/2746/1407 2364/2747/1408 2367/2733/1399
f 2357/2749/1397 2360/2750/1397 2356/2741/1397 2353/2740/1397
f 2350/2739/1402 2352/2738/1402 2354/2751/1402 2355/2752/1402
f 2395/2753/1409 2444/2754/1410 2438/2755/1411 2365/2756/1412
f 2355/2752/1402 2354/2751/1402 2358/2757/1402 2359/2758/1402
f 2398/2759/1413 2400/2760/1401 2368/2761/1400 2366/2762/1414
f 2350/2739/1402 2361/2763/1394 2362/2724/1393 2348/2736/1402
f 2348/2736/1402 2362/2724/1393 2409/2727/1396 2346/2737/1402
f 2355/2752/1402 2364/2764/1408 2361/2763/1394 2350/2739/1402
f 2346/2737/1402 2363/2745/1406 2404/2765/1405
f 2352/2738/1402 2365/2766/1412 2438/2767/1411
f 2359/2758/1402 2367/2768/1399 2364/2764/1408 2355/2752/1402
f 2354/2751/1402 2366/2769/1414 2368/2734/1400 2358/2757/1402
f 2358/2757/1402 2368/2734/1400 2367/2768/1399 2359/2758/1402
f 2345/2730/1397 2410/2770/1415 2370/2771/1416 2347/2731/1397
f 2351/2729/1397 2371/2772/1417 2435/2773/1418
f 2347/2731/1397 2370/2771/1416 2372/2774/1419 2349/2728/1397
f 2356/2741/1397 2373/2775/1420 2439/2776/1421 2351/2729/1397
f 2349/2728/1397 2372/2774/1419 2374/2777/1422 2353/2740/1397
f 2360/2750/1397 2375/2778/1423 2373/2775/1420 2356/2741/1397
f 2353/2740/1397 2374/2777/1422 2376/2779/1424 2357/2749/1397
f 2357/2749/1397 2376/2779/1424 2375/2778/1423 2360/2750/1397
f 2372/2780/1419 2370/2771/1416 2392/2781/1425 2389/2782/1426
f 2423/2783/1427 2421/2784/1428 2384/2785/1429 2382/2786/1430
f 2426/2787/1431 2440/2788/1432 2442/2789/1433 2379/2790/1434
f 2422/2791/1435 2424/2792/1436 2381/2793/1437 2383/2794/1438
f 2424/2792/1436 2425/2795/1439 2380/2796/1440 2381/2793/1437
f 2427/2797/1441 2429/2798/1442 2403/2799/1443 2378/2800/1444
f 2422/2801/1435 2383/2802/1438 2384/2803/1429 2421/2804/1428
f 2428/2805/1445 2430/2806/1446 2407/2807/1447 2377/2808/1448
f 2425/2795/1439 2428/2805/1445 2377/2808/1448 2380/2796/1440
f 2373/2809/1420 2375/2810/1423 2385/2811/1449 2387/2812/1450
f 2371/2813/1417 2439/2814/1421 2441/2815/1451 2390/2816/1452
f 2376/2817/1424 2374/2818/1422 2388/2819/1453 2386/2820/1454
f 2374/2818/1422 2372/2780/1419 2389/2782/1426 2388/2819/1453
f 2369/2821/1455 2401/2822/1456 2402/2823/1457 2391/2824/1458
f 2376/2779/1424 2386/2825/1454 2385/2826/1449 2375/2810/1423
f 2370/2771/1416 2410/2770/1415 2406/2827/1459 2392/2781/1425
f 2401/2828/1456 2369/2821/1455 2345/2730/1397
f 2404/2765/1405 2436/2829/1460 2352/2738/1402 2346/2737/1402
f 2429/2798/1442 2432/2830/1461 2434/2831/1462 2403/2799/1443
f 2401/2822/1456 2435/2832/1418 2433/2833/1463 2402/2823/1457
f 2405/2743/1404 2437/2834/1464 2436/2835/1460 2404/2744/1405
f 2410/2770/1415 2345/2730/1397 2369/2821/1455
f 2408/2726/1395 2394/2742/1403 2363/2745/1406 2409/2727/1396
f 2409/2727/1396 2363/2745/1406 2346/2737/1402
f 2410/2770/1415 2369/2821/1455 2391/2824/1458 2406/2827/1459
f 2430/2806/1446 2427/2797/1441 2378/2800/1444 2407/2807/1447
f 2407/2807/1447 2378/2800/1444 2412/2836/1465 2420/2837/1466
f 2403/2799/1443 2434/2831/1462 2431/2838/1467 2419/2839/1468
f 2382/2786/1430 2384/2785/1429 2418/2840/1469 2416/2841/1470
f 2380/2796/1440 2377/2808/1448 2411/2842/1471 2414/2843/1472
f 2377/2808/1448 2407/2807/1447 2420/2837/1466 2411/2842/1471
f 2384/2803/1429 2383/2802/1438 2417/2844/1473 2418/2845/1469
f 2378/2800/1444 2403/2799/1443 2419/2839/1468 2412/2836/1465
f 2381/2793/1437 2380/2796/1440 2414/2843/1472 2415/2846/1474
f 2383/2794/1438 2381/2793/1437 2415/2846/1474 2417/2847/1473
f 2379/2790/1434 2442/2789/1433 2443/2848/1475 2413/2849/1476
f 2406/2827/1459 2391/2824/1458 2427/2797/1441 2430/2806/1446
f 2402/2823/1457 2433/2833/1463 2432/2830/1461 2429/2798/1442
f 2389/2782/1426 2392/2781/1425 2428/2805/1445 2425/2795/1439
f 2392/2781/1425 2406/2827/1459 2430/2806/1446 2428/2805/1445
f 2386/2825/1454 2422/2801/1435 2421/2804/1428 2385/2826/1449
f 2391/2824/1458 2402/2823/1457 2429/2798/1442 2427/2797/1441
f 2388/2819/1453 2389/2782/1426 2425/2795/1439 2424/2792/1436
f 2386/2820/1454 2388/2819/1453 2424/2792/1436 2422/2791/1435
f 2390/2816/1452 2441/2815/1451 2440/2788/1432 2426/2787/1431
f 2387/2812/1450 2385/2811/1449 2421/2784/1428 2423/2783/1427
f 2435/2832/1418 2371/2813/1417 2390/2816/1452 2433/2833/1463
f 2436/2829/1460 2365/2766/1412 2352/2738/1402
f 2437/2834/1464 2395/2753/1409 2365/2756/1412 2436/2835/1460
f 2433/2833/1463 2390/2816/1452 2426/2787/1431 2432/2830/1461
f 2434/2831/1462 2379/2790/1434 2413/2849/1476 2431/2838/1467
f 2432/2830/1461 2426/2787/1431 2379/2790/1434 2434/2831/1462
f 2435/2773/1418 2401/2828/1456 2345/2730/1397 2351/2729/1397
f 2442/2789/1433 2382/2786/1430 2416/2841/1470 2443/2848/1475
f 2444/2754/1410 2398/2759/1413 2366/2762/1414 2438/2755/1411
f 2438/2767/1411 2366/2769/1414 2354/2751/1402 2352/2738/1402
f 2439/2776/1421 2371/2772/1417 2351/2729/1397
f 2440/2788/1432 2423/2783/1427 2382/2786/1430 2442/2789/1433
f 2441/2815/1451 2387/2812/1450 2423/2783/1427 2440/2788/1432
f 2439/2814/1421 2373/2809/1420 2387/2812/1450 2441/2815/1451
f 2496/2850/1477 2461/2851/1478 2462/2852/1479 2493/2853/1480
f 2493/2853/1480 2462/2852/1479 2509/2854/1481 2508/2855/1482
f 2449/2856/1483 2447/2857/1483 2445/2858/1483 2451/2859/1483
f 2499/2860/1484 2500/2861/1485 2468/2862/1486 2467/2863/1487
f 2448/2864/1488 2450/2865/1488 2452/2866/1488 2446/2867/1488
f 2453/2868/1483 2449/2856/1483 2451/2859/1483 2456/2869/1483
f 2494/2870/1489 2463/2871/1490 2504/2872/1491 2505/2873/1492
f 2497/2874/1493 2464/2875/1494 2461/2851/1478 2496/2850/1477
f 2499/2876/1484 2467/2863/1487 2464/2875/1494 2497/2874/1493
f 2457/2877/1483 2453/2868/1483 2456/2869/1483 2460/2878/1483
f 2450/2865/1488 2455/2879/1488 2454/2880/1488 2452/2866/1488
f 2495/2881/1495 2465/2882/1496 2538/2883/1497 2544/2884/1498
f 2455/2879/1488 2459/2885/1488 2458/2886/1488 2454/2880/1488
f 2498/2887/1499 2466/2888/1500 2468/2889/1486 2500/2890/1485
f 2450/2865/1488 2448/2864/1488 2462/2852/1479 2461/2891/1478
f 2448/2864/1488 2446/2867/1488 2509/2854/1481 2462/2852/1479
f 2455/2879/1488 2450/2865/1488 2461/2891/1478 2464/2892/1494
f 2446/2867/1488 2504/2893/1491 2463/2871/1490
f 2452/2866/1488 2538/2894/1497 2465/2895/1496
f 2459/2885/1488 2455/2879/1488 2464/2892/1494 2467/2896/1487
f 2454/2880/1488 2458/2886/1488 2468/2862/1486 2466/2897/1500
f 2458/2886/1488 2459/2885/1488 2467/2896/1487 2468/2862/1486
f 2445/2858/1483 2447/2857/1483 2470/2898/1501 2510/2899/1502
f 2451/2859/1483 2535/2900/1503 2471/2901/1504
f 2447/2857/1483 2449/2856/1483 2472/2902/1505 2470/2898/1501
f 2456/2869/1483 2451/2859/1483 2539/2903/1506 2473/2904/1507
f 2449/2856/1483 2453/2868/1483 2474/2905/1508 2472/2902/1505
f 2460/2878/1483 2456/2869/1483 2473/2904/1507 2475/2906/1509
f 2453/2868/1483 2457/2877/1483 2476/2907/1510 2474/2905/1508
f 2457/2877/1483 2460/2878/1483 2475/2906/1509 2476/2907/1510
f 2472/2908/1505 2489/2909/1511 2492/2910/1512 2470/2898/1501
f 2523/2911/1513 2482/2912/1514 2484/2913/1515 2521/2914/1516
f 2526/2915/1517 2479/2916/1518 2542/2917/1519 2540/2918/1520
f 2522/2919/1521 2483/2920/1522 2481/2921/1523 2524/2922/1524
f 2524/2922/1524 2481/2921/1523 2480/2923/1525 2525/2924/1526
f 2527/2925/1527 2478/2926/1528 2503/2927/1529 2529/2928/1530
f 2522/2929/1521 2521/2930/1516 2484/2931/1515 2483/2932/1522
f 2528/2933/1531 2477/2934/1532 2507/2935/1533 2530/2936/1534
f 2525/2924/1526 2480/2923/1525 2477/2934/1532 2528/2933/1531
f 2473/2937/1507 2487/2938/1535 2485/2939/1536 2475/2940/1509
f 2471/2941/1504 2490/2942/1537 2541/2943/1538 2539/2944/1506
f 2476/2945/1510 2486/2946/1539 2488/2947/1540 2474/2948/1508
f 2474/2948/1508 2488/2947/1540 2489/2909/1511 2472/2908/1505
f 2469/2949/1541 2491/2950/1542 2502/2951/1543 2501/2952/1544
f 2476/2907/1510 2475/2940/1509 2485/2953/1536 2486/2954/1539
f 2470/2898/1501 2492/2910/1512 2506/2955/1545 2510/2899/1502
f 2501/2956/1544 2445/2858/1483 2469/2949/1541
f 2504/2893/1491 2446/2867/1488 2452/2866/1488 2536/2957/1546
f 2529/2928/1530 2503/2927/1529 2534/2958/1547 2532/2959/1548
f 2501/2952/1544 2502/2951/1543 2533/2960/1549 2535/2961/1503
f 2505/2873/1492 2504/2872/1491 2536/2962/1546 2537/2963/1550
f 2510/2899/1502 2469/2949/1541 2445/2858/1483
f 2508/2855/1482 2509/2854/1481 2463/2871/1490 2494/2870/1489
f 2509/2854/1481 2446/2867/1488 2463/2871/1490
f 2510/2899/1502 2506/2955/1545 2491/2950/1542 2469/2949/1541
f 2530/2936/1534 2507/2935/1533 2478/2926/1528 2527/2925/1527
f 2507/2935/1533 2520/2964/1551 2512/2965/1552 2478/2926/1528
f 2503/2927/1529 2519/2966/1553 2531/2967/1554 2534/2958/1547
f 2482/2912/1514 2516/2968/1555 2518/2969/1556 2484/2913/1515
f 2480/2923/1525 2514/2970/1557 2511/2971/1558 2477/2934/1532
f 2477/2934/1532 2511/2971/1558 2520/2964/1551 2507/2935/1533
f 2484/2931/1515 2518/2972/1556 2517/2973/1559 2483/2932/1522
f 2478/2926/1528 2512/2965/1552 2519/2966/1553 2503/2927/1529
f 2481/2921/1523 2515/2974/1560 2514/2970/1557 2480/2923/1525
f 2483/2920/1522 2517/2975/1559 2515/2974/1560 2481/2921/1523
f 2479/2916/1518 2513/2976/1561 2543/2977/1562 2542/2917/1519
f 2506/2955/1545 2530/2936/1534 2527/2925/1527 2491/2950/1542
f 2502/2951/1543 2529/2928/1530 2532/2959/1548 2533/2960/1549
f 2489/2909/1511 2525/2924/1526 2528/2933/1531 2492/2910/1512
f 2492/2910/1512 2528/2933/1531 2530/2936/1534 2506/2955/1545
f 2486/2954/1539 2485/2953/1536 2521/2930/1516 2522/2929/1521
f 2491/2950/1542 2527/2925/1527 2529/2928/1530 2502/2951/1543
f 2488/2947/1540 2524/2922/1524 2525/2924/1526 2489/2909/1511
f 2486/2946/1539 2522/2919/1521 2524/2922/1524 2488/2947/1540
f 2490/2942/1537 2526/2915/1517 2540/2918/1520 2541/2943/1538
f 2487/2938/1535 2523/2911/1513 2521/2914/1516 2485/2939/1536
f 2535/2961/1503 2533/2960/1549 2490/2942/1537 2471/2941/1504
f 2536/2957/1546 2452/2866/1488 2465/2895/1496
f 2537/2963/1550 2536/2962/1546 2465/2882/1496 2495/2881/1495
f 2533/2960/1549 2532/2959/1548 2526/2915/1517 2490/2942/1537
f 2534/2958/1547 2531/2967/1554 2513/2976/1561 2479/2916/1518
f 2532/2959/1548 2534/2958/1547 2479/2916/1518 2526/2915/1517
f 2535/2900/1503 2451/2859/1483 2445/2858/1483 2501/2956/1544
f 2542/2917/1519 2543/2977/1562 2516/2968/1555 2482/2912/1514
f 2544/2884/1498 2538/2883/1497 2466/2888/1500 2498/2887/1499
f 2538/2894/1497 2452/2866/1488 2454/2880/1488 2466/2897/1500
f 2539/2903/1506 2451/2859/1483 2471/2901/1504
f 2540/2918/1520 2542/2917/1519 2482/2912/1514 2523/2911/1513
f 2541/2943/1538 2540/2918/1520 2523/2911/1513 2487/2938/1535
f 2539/2944/1506 2541/2943/1538 2487/2938/1535 2473/2937/1507
usemtl Gold.002
f 2413/2849/1476 2443/2848/1475 2444/2754/1410 2395/2753/1409
f 2417/2847/1473 2415/2846/1474 2397/2746/1407 2399/2748/1398
f 2415/2846/1474 2414/2843/1472 2396/2722/1391 2397/2746/1407
f 2412/2836/1465 2419/2839/1468 2405/2743/1404 2394/2742/1403
f 2418/2845/1469 2417/2844/1473 2399/2732/1398 2400/2735/1401
f 2411/2842/1471 2420/2837/1466 2408/2726/1395 2393/2723/1392
f 2414/2843/1472 2411/2842/1471 2393/2723/1392 2396/2722/1391
f 2416/2841/1470 2418/2840/1469 2400/2760/1401 2398/2759/1413
f 2419/2839/1468 2431/2838/1467 2437/2834/1464 2405/2743/1404
f 2420/2837/1466 2412/2836/1465 2394/2742/1403 2408/2726/1395
f 2431/2838/1467 2413/2849/1476 2395/2753/1409 2437/2834/1464
f 2443/2848/1475 2416/2841/1470 2398/2759/1413 2444/2754/1410
f 2513/2976/1561 2495/2881/1495 2544/2884/1498 2543/2977/1562
f 2517/2975/1559 2499/2876/1484 2497/2874/1493 2515/2974/1560
f 2515/2974/1560 2497/2874/1493 2496/2850/1477 2514/2970/1557
f 2512/2965/1552 2494/2870/1489 2505/2873/1492 2519/2966/1553
f 2518/2972/1556 2500/2861/1485 2499/2860/1484 2517/2973/1559
f 2511/2971/1558 2493/2853/1480 2508/2855/1482 2520/2964/1551
f 2514/2970/1557 2496/2850/1477 2493/2853/1480 2511/2971/1558
f 2516/2968/1555 2498/2887/1499 2500/2890/1485 2518/2969/1556
f 2519/2966/1553 2505/2873/1492 2537/2963/1550 2531/2967/1554
f 2520/2964/1551 2508/2855/1482 2494/2870/1489 2512/2965/1552
f 2531/2967/1554 2537/2963/1550 2495/2881/1495 2513/2976/1561
f 2543/2977/1562 2544/2884/1498 2498/2887/1499 2516/2968/1555
o Cube.004_Cube.002
v -2.882921 -0.876864 1.011248
v -2.997104 -0.793525 1.001721
v -2.563577 -0.674037 0.937370
v -2.641108 -0.567418 0.919363
v -2.212840 -0.451270 0.608508
v -2.296116 -0.348300 0.595889
v -2.329361 -0.525277 1.419912
v -2.401952 -0.415521 1.441090
v -1.959987 -0.290673 0.049150
v -2.091230 -0.218169 1.315570
v -2.045870 -0.189359 0.042298
v -2.022264 -0.330228 1.295856
v -1.763868 -0.166111 -0.916924
v -1.779361 -0.020089 1.367715
v -1.820729 -0.046364 -1.071066
v -1.725456 -0.141714 1.345483
v -2.310480 -0.357423 0.581659
v -2.648993 -0.572426 0.899060
v -3.046319 -0.824783 0.990979
v -2.063173 -0.200349 0.034571
v -2.404267 -0.416991 1.464971
v -2.089457 -0.217043 1.337800
v -1.805306 -0.036568 -1.244881
v -1.760604 -0.008176 1.392785
v -2.975780 -0.935843 0.990979
v -2.578455 -0.683486 0.899060
v -2.333729 -0.528051 1.464971
v -2.239941 -0.468483 0.581659
v -2.018919 -0.328103 1.337800
v -1.992635 -0.311409 0.034571
v -1.690066 -0.119236 1.392785
v -1.734768 -0.147628 -1.244881
v -2.637141 -0.642829 0.838762
v -3.066149 -0.915309 0.978951
v -2.375389 -0.476580 1.530911
v -2.318190 -0.440251 0.539081
v -2.080330 -0.289177 0.011159
v -2.048918 -0.269226 1.403878
v -1.764180 -0.088378 -1.310890
v -1.688172 -0.040102 1.442455
v -1.689849 -0.110199 1.398457
v -1.738127 -0.140862 -1.252419
v -2.022344 -0.321379 1.345346
v -2.002649 -0.308870 0.031897
v -2.248877 -0.465259 0.576797
v -2.338486 -0.522173 1.472501
v -2.986100 -0.933498 0.989605
v -2.585157 -0.678843 0.892174
v -2.647154 -0.583352 0.889702
v -3.049397 -0.838832 0.989112
v -2.399785 -0.426239 1.475205
v -2.311677 -0.370278 0.575051
v -2.065836 -0.214135 0.030938
v -2.083166 -0.225142 1.348055
v -1.798924 -0.044609 -1.255126
v -1.749363 -0.013131 1.400493
v -2.967030 -0.930285 0.997439
v -2.970749 -0.923748 1.001052
v -3.048608 -0.904168 0.992968
v -3.034731 -0.817423 0.999533
v -3.032361 -0.828012 1.001860
v -2.970814 -0.923789 0.985891
v -3.045516 -0.902204 0.972209
v -3.026489 -0.824283 0.983451
v -3.032903 -0.816262 0.987875
v -2.965374 -0.929233 0.988571
v -2.638414 -0.635266 0.845239
v -3.064019 -0.905584 0.980244
v -2.378491 -0.470179 1.523827
v -2.317362 -0.431353 0.543655
v -2.078487 -0.279635 0.013674
v -2.053272 -0.263620 1.396780
v -1.768598 -0.082812 -1.303799
v -1.695953 -0.036673 1.437119
v -3.046542 -0.894484 0.994099
v -3.043097 -0.892295 0.973639
v -1.688332 -0.046790 1.438257
v -1.761694 -0.093385 -1.305312
v -2.046382 -0.274201 1.398294
v -2.072919 -0.291056 0.013138
v -2.311577 -0.442637 0.542679
v -2.371869 -0.480930 1.525338
v -3.058512 -0.917044 0.979968
v -2.632181 -0.646265 0.843858
v -3.041180 -0.906036 0.993739
v -3.038389 -0.904263 0.973514
v -2.386023 -0.474963 1.517855
v -2.378060 -0.484862 1.520421
v -2.345369 -0.526545 1.467369
v -2.382085 -0.480833 1.525560
v -2.341620 -0.533063 1.459145
v -2.411814 -0.421784 1.459400
v -2.406722 -0.430645 1.470014
v -2.396546 -0.412087 1.461852
v -2.325695 -0.522948 1.461726
v -2.364096 -0.475994 1.522305
v -2.329821 -0.516669 1.469016
v -2.367127 -0.471333 1.527696
v -2.370603 -0.465168 1.520745
v -2.391191 -0.420780 1.471753
v 2.882921 -0.876864 1.011248
v 2.997104 -0.793525 1.001721
v 2.563576 -0.674037 0.937369
v 2.641108 -0.567418 0.919363
v 2.212839 -0.451270 0.608508
v 2.296116 -0.348300 0.595889
v 2.329360 -0.525277 1.419912
v 2.401952 -0.415521 1.441090
v 1.959986 -0.290673 0.049150
v 2.091230 -0.218169 1.315570
v 2.045870 -0.189359 0.042298
v 2.022264 -0.330228 1.295856
v 1.763868 -0.166111 -0.916924
v 1.779360 -0.020089 1.367715
v 1.820729 -0.046364 -1.071066
v 1.725455 -0.141714 1.345483
v 2.310479 -0.357423 0.581659
v 2.648993 -0.572426 0.899060
v 3.046318 -0.824783 0.990979
v 2.063173 -0.200349 0.034571
v 2.404267 -0.416991 1.464971
v 2.089457 -0.217043 1.337800
v 1.805306 -0.036568 -1.244881
v 1.760604 -0.008176 1.392785
v 2.975780 -0.935843 0.990979
v 2.578454 -0.683486 0.899060
v 2.333728 -0.528051 1.464971
v 2.239941 -0.468483 0.581659
v 2.018918 -0.328103 1.337800
v 1.992634 -0.311410 0.034571
v 1.690065 -0.119236 1.392785
v 1.734767 -0.147628 -1.244881
v 2.637141 -0.642829 0.838762
v 3.066149 -0.915309 0.978951
v 2.375389 -0.476580 1.530911
v 2.318189 -0.440251 0.539081
v 2.080330 -0.289177 0.011159
v 2.048917 -0.269226 1.403878
v 1.764179 -0.088378 -1.310890
v 1.688172 -0.040102 1.442455
v 1.689849 -0.110199 1.398457
v 1.738126 -0.140862 -1.252419
v 2.022344 -0.321379 1.345346
v 2.002649 -0.308870 0.031897
v 2.248877 -0.465259 0.576797
v 2.338485 -0.522173 1.472501
v 2.986100 -0.933498 0.989605
v 2.585156 -0.678843 0.892174
v 2.647153 -0.583352 0.889702
v 3.049396 -0.838832 0.989112
v 2.399784 -0.426239 1.475205
v 2.311676 -0.370278 0.575051
v 2.065835 -0.214135 0.030938
v 2.083165 -0.225142 1.348055
v 1.798923 -0.044609 -1.255126
v 1.749362 -0.013131 1.400493
v 2.967029 -0.930285 0.997439
v 2.970748 -0.923748 1.001052
v 3.048608 -0.904168 0.992968
v 3.034730 -0.817423 0.999533
v 3.032360 -0.828012 1.001860
v 2.970813 -0.923789 0.985891
v 3.045515 -0.902204 0.972209
v 3.026489 -0.824283 0.983451
v 3.032902 -0.816262 0.987875
v 2.965373 -0.929233 0.988571
v 2.638414 -0.635266 0.845239
v 3.064018 -0.905584 0.980243
v 2.378491 -0.470179 1.523827
v 2.317361 -0.431354 0.543655
v 2.078486 -0.279635 0.013674
v 2.053272 -0.263620 1.396780
v 1.768597 -0.082812 -1.303799
v 1.695952 -0.036673 1.437119
v 3.046542 -0.894484 0.994099
v 3.043096 -0.892296 0.973639
v 1.688331 -0.046790 1.438257
v 1.761694 -0.093385 -1.305312
v 2.046382 -0.274201 1.398294
v 2.072919 -0.291056 0.013138
v 2.311577 -0.442637 0.542679
v 2.371868 -0.480930 1.525338
v 3.058512 -0.917044 0.979968
v 2.632180 -0.646265 0.843858
v 3.041179 -0.906036 0.993739
v 3.038389 -0.904263 0.973514
v 2.386022 -0.474963 1.517855
v 2.378059 -0.484863 1.520421
v 2.345369 -0.526545 1.467369
v 2.382084 -0.480833 1.525560
v 2.341620 -0.533064 1.459145
v 2.411813 -0.421784 1.459400
v 2.406722 -0.430645 1.470014
v 2.396545 -0.412087 1.461852
v 2.325694 -0.522948 1.461726
v 2.364096 -0.475994 1.522305
v 2.329820 -0.516670 1.469016
v 2.367127 -0.471333 1.527696
v 2.370602 -0.465169 1.520745
v 2.391191 -0.420780 1.471753
vt 0.605600 0.412298
vt 0.605600 0.500000
vt 0.625000 0.500000
vt 0.625000 0.412298
vt 0.605600 0.735763
vt 0.625000 0.741559
vt 0.277070 0.521097
vt 0.287412 0.737182
vt 0.368356 0.720978
vt 0.359098 0.548124
vt 0.588875 0.301192
vt 0.625000 0.284467
vt 0.840533 0.750000
vt 0.804408 0.766725
vt 0.634056 0.527409
vt 0.628465 0.734449
vt 0.712642 0.743207
vt 0.718153 0.511313
vt 0.201309 0.518377
vt 0.207583 0.741781
vt 0.605600 0.750000
vt 0.605600 0.752300
vt 0.625000 0.751583
vt 0.625000 0.750000
vt 0.605600 0.331963
vt 0.625000 0.331963
vt 0.605600 0.284467
vt 0.165334 0.515676
vt 0.164530 0.745168
vt 0.792709 0.745653
vt 0.796039 0.509839
vt 0.605600 0.837702
vt 0.605600 0.839883
vt 0.625000 0.839673
vt 0.625000 0.837702
vt 0.837851 0.747470
vt 0.837423 0.508300
vt 0.605600 0.918037
vt 0.605600 0.965533
vt 0.625000 0.965533
vt 0.625000 0.918037
vt 0.712702 0.500000
vt 0.793037 0.500000
vt 0.626583 0.750000
vt 0.712702 0.750000
vt 0.714673 0.750000
vt 0.840533 0.500000
vt 0.793037 0.750000
vt 0.375000 0.743452
vt 0.375000 0.500000
vt 0.287298 0.750000
vt 0.288376 0.750000
vt 0.287298 0.500000
vt 0.206963 0.750000
vt 0.285248 0.750000
vt 0.206963 0.500000
vt 0.159467 0.750000
vt 0.159467 0.500000
vt 0.375000 0.412298
vt 0.389275 0.500000
vt 0.389275 0.412298
vt 0.489437 0.918037
vt 0.489437 0.965533
vt 0.500000 0.965533
vt 0.500000 0.918037
vt 0.489436 0.837702
vt 0.489436 0.839620
vt 0.500000 0.839735
vt 0.500000 0.837702
vt 0.489437 0.284467
vt 0.489437 0.331963
vt 0.500000 0.331963
vt 0.500000 0.284467
vt 0.489437 0.412298
vt 0.500000 0.412298
vt 0.489437 0.750000
vt 0.489437 0.752213
vt 0.500000 0.752227
vt 0.500000 0.750000
vt 0.372563 0.401341
vt 0.392234 0.392234
vt 0.607766 0.857766
vt 0.588096 0.866874
vt 0.489436 0.500000
vt 0.489437 0.738214
vt 0.500000 0.737976
vt 0.500000 0.500000
vt 0.375000 0.918037
vt 0.375000 0.965533
vt 0.389275 0.965533
vt 0.389275 0.918037
vt 0.375000 0.837702
vt 0.375000 0.839752
vt 0.389275 0.839904
vt 0.389275 0.837702
vt 0.375000 0.284467
vt 0.375000 0.331963
vt 0.389275 0.331963
vt 0.389275 0.284467
vt 0.375000 0.750000
vt 0.375000 0.751195
vt 0.389275 0.752079
vt 0.389275 0.750000
vt 0.186049 0.487693
vt 0.401582 0.953226
vt 0.389275 0.740469
vt 0.373805 0.750000
vt 0.711671 0.750000
vt 0.489436 0.836911
vt 0.500000 0.836852
vt 0.375000 0.836624
vt 0.389275 0.836770
vt 0.605600 0.836766
vt 0.625000 0.836671
vt 0.513428 0.750000
vt 0.513428 0.737695
vt 0.513428 0.836739
vt 0.513428 0.752236
vt 0.513428 0.965533
vt 0.513428 0.918037
vt 0.513428 0.500000
vt 0.513428 0.412298
vt 0.417238 0.380657
vt 0.632771 0.846190
vt 0.513428 0.331963
vt 0.513428 0.284467
vt 0.513428 0.839651
vt 0.513428 0.837702
vt 0.605600 0.412298
vt 0.625000 0.412298
vt 0.625000 0.500000
vt 0.605600 0.500000
vt 0.625000 0.741559
vt 0.605600 0.735763
vt 0.277070 0.521097
vt 0.359098 0.548124
vt 0.368356 0.720978
vt 0.287412 0.737182
vt 0.588875 0.301192
vt 0.804408 0.766725
vt 0.840533 0.750000
vt 0.625000 0.284467
vt 0.634056 0.527409
vt 0.718153 0.511313
vt 0.712642 0.743207
vt 0.628465 0.734449
vt 0.201309 0.518377
vt 0.207583 0.741781
vt 0.605600 0.750000
vt 0.625000 0.750000
vt 0.625000 0.751583
vt 0.605600 0.752300
vt 0.605600 0.331963
vt 0.625000 0.331963
vt 0.605600 0.284467
vt 0.165334 0.515676
vt 0.164530 0.745168
vt 0.796039 0.509839
vt 0.792709 0.745653
vt 0.605600 0.837702
vt 0.625000 0.837702
vt 0.625000 0.839673
vt 0.605600 0.839883
vt 0.837423 0.508300
vt 0.837851 0.747470
vt 0.605600 0.918037
vt 0.625000 0.918037
vt 0.625000 0.965533
vt 0.605600 0.965533
vt 0.712702 0.500000
vt 0.793037 0.500000
vt 0.626583 0.750000
vt 0.714673 0.750000
vt 0.712702 0.750000
vt 0.840533 0.500000
vt 0.793037 0.750000
vt 0.375000 0.500000
vt 0.375000 0.743452
vt 0.288376 0.750000
vt 0.287298 0.750000
vt 0.287298 0.500000
vt 0.285248 0.750000
vt 0.206963 0.750000
vt 0.206963 0.500000
vt 0.159467 0.750000
vt 0.159467 0.500000
vt 0.375000 0.412298
vt 0.389275 0.412298
vt 0.389275 0.500000
vt 0.489437 0.918037
vt 0.500000 0.918037
vt 0.500000 0.965533
vt 0.489437 0.965533
vt 0.489436 0.837702
vt 0.500000 0.837702
vt 0.500000 0.839735
vt 0.489436 0.839620
vt 0.489437 0.284467
vt 0.500000 0.284467
vt 0.500000 0.331963
vt 0.489437 0.331963
vt 0.500000 0.412298
vt 0.489437 0.412298
vt 0.489437 0.750000
vt 0.500000 0.750000
vt 0.500000 0.752227
vt 0.489437 0.752213
vt 0.372563 0.401341
vt 0.588096 0.866874
vt 0.607766 0.857766
vt 0.392234 0.392234
vt 0.489436 0.500000
vt 0.500000 0.500000
vt 0.500000 0.737976
vt 0.489437 0.738214
vt 0.375000 0.918037
vt 0.389275 0.918037
vt 0.389275 0.965533
vt 0.375000 0.965533
vt 0.375000 0.837702
vt 0.389275 0.837702
vt 0.389275 0.839904
vt 0.375000 0.839752
vt 0.375000 0.284467
vt 0.389275 0.284467
vt 0.389275 0.331963
vt 0.375000 0.331963
vt 0.375000 0.750000
vt 0.389275 0.750000
vt 0.389275 0.752079
vt 0.375000 0.751195
vt 0.401582 0.953226
vt 0.186049 0.487693
vt 0.389275 0.740469
vt 0.373805 0.750000
vt 0.711671 0.750000
vt 0.500000 0.836852
vt 0.489436 0.836911
vt 0.389275 0.836770
vt 0.375000 0.836624
vt 0.625000 0.836671
vt 0.605600 0.836766
vt 0.513428 0.737695
vt 0.513428 0.750000
vt 0.513428 0.752236
vt 0.513428 0.836739
vt 0.513428 0.918037
vt 0.513428 0.965533
vt 0.513428 0.412298
vt 0.513428 0.500000
vt 0.632771 0.846190
vt 0.417238 0.380657
vt 0.513428 0.331963
vt 0.513428 0.284467
vt 0.513428 0.837702
vt 0.513428 0.839651
vn -0.8365 0.3106 -0.4514
vn -0.6139 0.3802 -0.6918
vn -0.6236 0.7085 -0.3304
vn -0.7226 0.6566 -0.2159
vn -0.4283 0.3287 -0.8417
vn -0.5454 0.6663 -0.5084
vn 0.5361 -0.8441 0.0000
vn -0.4277 0.8638 -0.2663
vn -0.4468 0.8657 -0.2257
vn -0.0951 0.9225 0.3741
vn 0.1140 0.8621 0.4937
vn -0.5361 0.8441 0.0000
vn -0.9640 0.2399 -0.1142
vn -0.6530 0.1411 0.7440
vn -0.6911 0.5745 0.4386
vn -0.9065 0.4110 -0.0965
vn -0.9539 0.1156 -0.2769
vn -0.8133 0.5644 -0.1408
vn -0.4542 0.5524 0.6989
vn -0.1681 0.7007 0.6934
vn -0.3833 0.8429 0.3775
vn -0.5205 0.7184 0.4614
vn -0.3024 0.6042 0.7372
vn -0.4758 0.8070 0.3497
vn 0.3762 -0.7797 -0.5005
vn 0.3762 -0.8653 -0.3311
vn 0.4292 -0.7764 0.4615
vn 0.2759 -0.8816 0.3829
vn 0.2871 -0.9332 -0.2159
vn 0.5280 -0.7739 0.3497
vn 0.6001 -0.7053 0.3774
vn 0.1650 -0.9762 -0.1406
vn 0.7943 -0.4785 0.3743
vn 0.5935 -0.7728 -0.2248
vn 0.0829 -0.7162 -0.6929
vn -0.0744 -0.8892 -0.4514
vn 0.4249 -0.5282 0.7352
vn 0.8347 -0.2587 0.4860
vn 0.6322 0.4014 0.6627
vn 0.0917 0.0582 0.9941
vn 0.3005 -0.6501 0.6979
vn 0.5600 -0.4521 0.6942
vn 0.2639 0.1675 0.9499
vn -0.1124 -0.0714 0.9911
vn 0.6025 -0.7460 -0.2835
vn -0.2956 -0.9122 -0.2836
vn -0.7861 -0.4993 -0.3641
vn 0.2863 0.1814 -0.9408
vn -0.0746 -0.8893 -0.4511
vn -0.6479 -0.4115 -0.6409
vn -0.1971 -0.9749 -0.1039
vn -0.1666 -0.6511 0.7404
vn -0.4706 -0.2996 0.8299
vn -0.8334 -0.5274 -0.1651
vn 0.0744 -0.7260 -0.6836
vn 0.0823 -0.5326 -0.8423
vn -0.2209 -0.1420 -0.9649
vn -0.3741 -0.2366 -0.8967
vn 0.8286 -0.2634 0.4939
vn 0.4181 -0.5306 0.7373
vn 0.5629 -0.4499 0.6933
vn 0.3075 -0.6456 0.6990
vn -0.3011 -0.9126 -0.2766
vn 0.6000 -0.7545 -0.2658
vn -0.0146 -0.9951 -0.0980
vn 0.2163 -0.8665 0.4499
vn -0.1403 -0.6591 0.7389
vn -0.1950 -0.9743 -0.1130
vn 0.1063 -0.5156 -0.8502
vn -0.6807 0.6256 0.3812
vn -0.0412 -0.7497 0.6605
vn -0.4735 -0.2950 0.8299
vn -0.0316 -0.7443 0.6671
vn -0.6874 0.2865 0.6673
vn -0.9655 0.2389 -0.1040
vn -0.4454 0.3027 -0.8425
vn -0.6955 0.2766 0.6631
vn -0.6600 0.1261 0.7406
vn 0.1206 0.8655 0.4861
vn -0.2974 0.6091 0.7352
vn -0.6259 0.3768 -0.6828
vn -0.8367 0.3105 -0.4511
vn -0.4192 0.8625 -0.2833
vn -0.9514 0.1202 -0.2836
vn -0.1712 0.6991 0.6941
vn -0.4608 0.5482 0.6979
vn 0.8365 0.3106 -0.4514
vn 0.7226 0.6566 -0.2159
vn 0.6236 0.7085 -0.3304
vn 0.6139 0.3802 -0.6918
vn 0.5454 0.6663 -0.5084
vn 0.4283 0.3287 -0.8417
vn -0.5361 -0.8441 0.0000
vn 0.4277 0.8638 -0.2663
vn -0.1140 0.8621 0.4937
vn 0.0951 0.9225 0.3741
vn 0.4468 0.8657 -0.2257
vn 0.5361 0.8441 0.0000
vn 0.9640 0.2399 -0.1142
vn 0.9065 0.4110 -0.0965
vn 0.6911 0.5745 0.4386
vn 0.6530 0.1411 0.7440
vn 0.9539 0.1156 -0.2769
vn 0.8133 0.5644 -0.1408
vn 0.4542 0.5524 0.6989
vn 0.5205 0.7184 0.4614
vn 0.3833 0.8429 0.3775
vn 0.1681 0.7007 0.6934
vn 0.3024 0.6042 0.7372
vn 0.4758 0.8070 0.3497
vn -0.3762 -0.8653 -0.3311
vn -0.3762 -0.7797 -0.5005
vn -0.2759 -0.8816 0.3829
vn -0.4292 -0.7764 0.4615
vn -0.2871 -0.9332 -0.2159
vn -0.6001 -0.7053 0.3774
vn -0.5280 -0.7739 0.3497
vn -0.1650 -0.9762 -0.1406
vn -0.7943 -0.4785 0.3743
vn -0.5935 -0.7728 -0.2248
vn 0.0744 -0.8892 -0.4514
vn -0.0829 -0.7162 -0.6929
vn -0.4249 -0.5282 0.7352
vn -0.0916 0.0582 0.9941
vn -0.6322 0.4014 0.6627
vn -0.8347 -0.2587 0.4860
vn -0.3004 -0.6501 0.6979
vn 0.1124 -0.0714 0.9911
vn -0.2639 0.1675 0.9499
vn -0.5600 -0.4521 0.6942
vn -0.6025 -0.7460 -0.2835
vn -0.2863 0.1814 -0.9408
vn 0.7861 -0.4993 -0.3641
vn 0.2956 -0.9122 -0.2836
vn 0.6479 -0.4115 -0.6409
vn 0.0746 -0.8893 -0.4511
vn 0.1971 -0.9749 -0.1039
vn 0.8334 -0.5274 -0.1651
vn 0.4706 -0.2996 0.8299
vn 0.1666 -0.6511 0.7404
vn -0.0744 -0.7260 -0.6836
vn 0.3741 -0.2366 -0.8967
vn 0.2209 -0.1420 -0.9649
vn -0.0823 -0.5326 -0.8423
vn -0.4181 -0.5306 0.7373
vn -0.8286 -0.2634 0.4939
vn -0.3075 -0.6456 0.6990
vn -0.5629 -0.4499 0.6933
vn -0.6000 -0.7545 -0.2658
vn 0.3011 -0.9126 -0.2767
vn 0.0146 -0.9951 -0.0980
vn 0.1950 -0.9743 -0.1130
vn 0.1403 -0.6591 0.7389
vn -0.2163 -0.8665 0.4499
vn -0.1063 -0.5156 -0.8502
vn 0.6807 0.6256 0.3812
vn 0.4735 -0.2950 0.8299
vn 0.0412 -0.7496 0.6605
vn 0.0316 -0.7443 0.6671
vn 0.6874 0.2865 0.6673
vn 0.4454 0.3027 -0.8426
vn 0.9655 0.2389 -0.1040
vn 0.6600 0.1261 0.7406
vn 0.6955 0.2766 0.6631
vn 0.2974 0.6091 0.7352
vn -0.1206 0.8655 0.4861
vn 0.8367 0.3105 -0.4511
vn 0.6259 0.3768 -0.6828
vn 0.4192 0.8625 -0.2833
vn 0.9514 0.1202 -0.2836
vn 0.4608 0.5482 0.6979
vn 0.1712 0.6992 0.6941
usemtl Porple.002
s 1
f 2596/2978/1563 2593/2979/1564 2562/2980/1565 2561/2981/1566
f 2593/2979/1564 2608/2982/1567 2609/2983/1568 2562/2980/1565
f 2549/2984/1569 2551/2985/1569 2545/2986/1569 2547/2987/1569
f 2599/2988/1570 2567/2989/1571 2568/2990/1572 2600/2991/1573
f 2548/2992/1574 2546/2993/1574 2552/2994/1574 2550/2995/1574
f 2553/2996/1569 2556/2997/1569 2551/2985/1569 2549/2984/1569
f 2594/2998/1575 2605/2999/1576 2604/3000/1577 2563/3001/1578
f 2597/3002/1579 2596/2978/1563 2561/2981/1566 2564/3003/1580
f 2599/3004/1570 2597/3002/1579 2564/3003/1580 2567/2989/1571
f 2557/3005/1569 2560/3006/1569 2556/2997/1569 2553/2996/1569
f 2550/2995/1574 2552/2994/1574 2554/3007/1574 2555/3008/1574
f 2595/3009/1581 2644/3010/1582 2638/3011/1583 2565/3012/1584
f 2555/3008/1574 2554/3007/1574 2558/3013/1574 2559/3014/1574
f 2598/3015/1585 2600/3016/1573 2568/3017/1572 2566/3018/1586
f 2550/2995/1574 2561/3019/1566 2562/2980/1565 2548/2992/1574
f 2548/2992/1574 2562/2980/1565 2609/2983/1568 2546/2993/1574
f 2555/3008/1574 2564/3020/1580 2561/3019/1566 2550/2995/1574
f 2546/2993/1574 2563/3001/1578 2604/3021/1577
f 2552/2994/1574 2565/3022/1584 2638/3023/1583
f 2559/3014/1574 2567/3024/1571 2564/3020/1580 2555/3008/1574
f 2554/3007/1574 2566/3025/1586 2568/2990/1572 2558/3013/1574
f 2558/3013/1574 2568/2990/1572 2567/3024/1571 2559/3014/1574
f 2545/2986/1569 2610/3026/1587 2570/3027/1588 2547/2987/1569
f 2551/2985/1569 2571/3028/1589 2635/3029/1590
f 2547/2987/1569 2570/3027/1588 2572/3030/1591 2549/2984/1569
f 2556/2997/1569 2573/3031/1592 2639/3032/1593 2551/2985/1569
f 2549/2984/1569 2572/3030/1591 2574/3033/1594 2553/2996/1569
f 2560/3006/1569 2575/3034/1595 2573/3031/1592 2556/2997/1569
f 2553/2996/1569 2574/3033/1594 2576/3035/1596 2557/3005/1569
f 2557/3005/1569 2576/3035/1596 2575/3034/1595 2560/3006/1569
f 2572/3036/1591 2570/3027/1588 2592/3037/1597 2589/3038/1598
f 2623/3039/1599 2621/3040/1600 2584/3041/1601 2582/3042/1602
f 2626/3043/1603 2640/3044/1604 2642/3045/1605 2579/3046/1606
f 2622/3047/1607 2624/3048/1608 2581/3049/1609 2583/3050/1610
f 2624/3048/1608 2625/3051/1611 2580/3052/1612 2581/3049/1609
f 2627/3053/1613 2629/3054/1614 2603/3055/1615 2578/3056/1616
f 2622/3057/1607 2583/3058/1610 2584/3059/1601 2621/3060/1600
f 2628/3061/1617 2630/3062/1618 2607/3063/1619 2577/3064/1620
f 2625/3051/1611 2628/3061/1617 2577/3064/1620 2580/3052/1612
f 2573/3065/1592 2575/3066/1595 2585/3067/1621 2587/3068/1622
f 2571/3069/1589 2639/3070/1593 2641/3071/1623 2590/3072/1624
f 2576/3073/1596 2574/3074/1594 2588/3075/1625 2586/3076/1626
f 2574/3074/1594 2572/3036/1591 2589/3038/1598 2588/3075/1625
f 2569/3077/1627 2601/3078/1628 2602/3079/1629 2591/3080/1630
f 2576/3035/1596 2586/3081/1626 2585/3082/1621 2575/3066/1595
f 2570/3027/1588 2610/3026/1587 2606/3083/1631 2592/3037/1597
f 2601/3084/1628 2569/3077/1627 2545/2986/1569
f 2604/3021/1577 2636/3085/1632 2552/2994/1574 2546/2993/1574
f 2629/3054/1614 2632/3086/1633 2634/3087/1634 2603/3055/1615
f 2601/3078/1628 2635/3088/1590 2633/3089/1635 2602/3079/1629
f 2605/2999/1576 2637/3090/1636 2636/3091/1632 2604/3000/1577
f 2610/3026/1587 2545/2986/1569 2569/3077/1627
f 2608/2982/1567 2594/2998/1575 2563/3001/1578 2609/2983/1568
f 2609/2983/1568 2563/3001/1578 2546/2993/1574
f 2610/3026/1587 2569/3077/1627 2591/3080/1630 2606/3083/1631
f 2630/3062/1618 2627/3053/1613 2578/3056/1616 2607/3063/1619
f 2607/3063/1619 2578/3056/1616 2612/3092/1637 2620/3093/1638
f 2603/3055/1615 2634/3087/1634 2631/3094/1639 2619/3095/1640
f 2582/3042/1602 2584/3041/1601 2618/3096/1641 2616/3097/1642
f 2580/3052/1612 2577/3064/1620 2611/3098/1643 2614/3099/1644
f 2577/3064/1620 2607/3063/1619 2620/3093/1638 2611/3098/1643
f 2584/3059/1601 2583/3058/1610 2617/3100/1645 2618/3101/1641
f 2578/3056/1616 2603/3055/1615 2619/3095/1640 2612/3092/1637
f 2581/3049/1609 2580/3052/1612 2614/3099/1644 2615/3102/1646
f 2583/3050/1610 2581/3049/1609 2615/3102/1646 2617/3103/1645
f 2579/3046/1606 2642/3045/1605 2643/3104/1647 2613/3105/1648
f 2606/3083/1631 2591/3080/1630 2627/3053/1613 2630/3062/1618
f 2602/3079/1629 2633/3089/1635 2632/3086/1633 2629/3054/1614
f 2589/3038/1598 2592/3037/1597 2628/3061/1617 2625/3051/1611
f 2592/3037/1597 2606/3083/1631 2630/3062/1618 2628/3061/1617
f 2586/3081/1626 2622/3057/1607 2621/3060/1600 2585/3082/1621
f 2591/3080/1630 2602/3079/1629 2629/3054/1614 2627/3053/1613
f 2588/3075/1625 2589/3038/1598 2625/3051/1611 2624/3048/1608
f 2586/3076/1626 2588/3075/1625 2624/3048/1608 2622/3047/1607
f 2590/3072/1624 2641/3071/1623 2640/3044/1604 2626/3043/1603
f 2587/3068/1622 2585/3067/1621 2621/3040/1600 2623/3039/1599
f 2635/3088/1590 2571/3069/1589 2590/3072/1624 2633/3089/1635
f 2636/3085/1632 2565/3022/1584 2552/2994/1574
f 2637/3090/1636 2595/3009/1581 2565/3012/1584 2636/3091/1632
f 2633/3089/1635 2590/3072/1624 2626/3043/1603 2632/3086/1633
f 2634/3087/1634 2579/3046/1606 2613/3105/1648 2631/3094/1639
f 2632/3086/1633 2626/3043/1603 2579/3046/1606 2634/3087/1634
f 2635/3029/1590 2601/3084/1628 2545/2986/1569 2551/2985/1569
f 2642/3045/1605 2582/3042/1602 2616/3097/1642 2643/3104/1647
f 2644/3010/1582 2598/3015/1585 2566/3018/1586 2638/3011/1583
f 2638/3023/1583 2566/3025/1586 2554/3007/1574 2552/2994/1574
f 2639/3032/1593 2571/3028/1589 2551/2985/1569
f 2640/3044/1604 2623/3039/1599 2582/3042/1602 2642/3045/1605
f 2641/3071/1623 2587/3068/1622 2623/3039/1599 2640/3044/1604
f 2639/3070/1593 2573/3065/1592 2587/3068/1622 2641/3071/1623
f 2696/3106/1649 2661/3107/1650 2662/3108/1651 2693/3109/1652
f 2693/3109/1652 2662/3108/1651 2709/3110/1653 2708/3111/1654
f 2649/3112/1655 2647/3113/1655 2645/3114/1655 2651/3115/1655
f 2699/3116/1656 2700/3117/1657 2668/3118/1658 2667/3119/1659
f 2648/3120/1660 2650/3121/1660 2652/3122/1660 2646/3123/1660
f 2653/3124/1655 2649/3112/1655 2651/3115/1655 2656/3125/1655
f 2694/3126/1661 2663/3127/1662 2704/3128/1663 2705/3129/1664
f 2697/3130/1665 2664/3131/1666 2661/3107/1650 2696/3106/1649
f 2699/3132/1656 2667/3119/1659 2664/3131/1666 2697/3130/1665
f 2657/3133/1655 2653/3124/1655 2656/3125/1655 2660/3134/1655
f 2650/3121/1660 2655/3135/1660 2654/3136/1660 2652/3122/1660
f 2695/3137/1667 2665/3138/1668 2738/3139/1669 2744/3140/1670
f 2655/3135/1660 2659/3141/1660 2658/3142/1660 2654/3136/1660
f 2698/3143/1671 2666/3144/1672 2668/3145/1658 2700/3146/1657
f 2650/3121/1660 2648/3120/1660 2662/3108/1651 2661/3147/1650
f 2648/3120/1660 2646/3123/1660 2709/3110/1653 2662/3108/1651
f 2655/3135/1660 2650/3121/1660 2661/3147/1650 2664/3148/1666
f 2646/3123/1660 2704/3149/1663 2663/3127/1662
f 2652/3122/1660 2738/3150/1669 2665/3151/1668
f 2659/3141/1660 2655/3135/1660 2664/3148/1666 2667/3152/1659
f 2654/3136/1660 2658/3142/1660 2668/3118/1658 2666/3153/1672
f 2658/3142/1660 2659/3141/1660 2667/3152/1659 2668/3118/1658
f 2645/3114/1655 2647/3113/1655 2670/3154/1673 2710/3155/1674
f 2651/3115/1655 2735/3156/1675 2671/3157/1676
f 2647/3113/1655 2649/3112/1655 2672/3158/1677 2670/3154/1673
f 2656/3125/1655 2651/3115/1655 2739/3159/1678 2673/3160/1679
f 2649/3112/1655 2653/3124/1655 2674/3161/1680 2672/3158/1677
f 2660/3134/1655 2656/3125/1655 2673/3160/1679 2675/3162/1681
f 2653/3124/1655 2657/3133/1655 2676/3163/1682 2674/3161/1680
f 2657/3133/1655 2660/3134/1655 2675/3162/1681 2676/3163/1682
f 2672/3164/1677 2689/3165/1683 2692/3166/1684 2670/3154/1673
f 2723/3167/1685 2682/3168/1686 2684/3169/1687 2721/3170/1688
f 2726/3171/1689 2679/3172/1690 2742/3173/1691 2740/3174/1692
f 2722/3175/1693 2683/3176/1694 2681/3177/1695 2724/3178/1696
f 2724/3178/1696 2681/3177/1695 2680/3179/1697 2725/3180/1698
f 2727/3181/1699 2678/3182/1700 2703/3183/1701 2729/3184/1702
f 2722/3185/1693 2721/3186/1688 2684/3187/1687 2683/3188/1694
f 2728/3189/1703 2677/3190/1704 2707/3191/1705 2730/3192/1706
f 2725/3180/1698 2680/3179/1697 2677/3190/1704 2728/3189/1703
f 2673/3193/1679 2687/3194/1707 2685/3195/1708 2675/3196/1681
f 2671/3197/1676 2690/3198/1709 2741/3199/1710 2739/3200/1678
f 2676/3201/1682 2686/3202/1711 2688/3203/1712 2674/3204/1680
f 2674/3204/1680 2688/3203/1712 2689/3165/1683 2672/3164/1677
f 2669/3205/1713 2691/3206/1714 2702/3207/1715 2701/3208/1716
f 2676/3163/1682 2675/3196/1681 2685/3209/1708 2686/3210/1711
f 2670/3154/1673 2692/3166/1684 2706/3211/1717 2710/3155/1674
f 2701/3212/1716 2645/3114/1655 2669/3205/1713
f 2704/3149/1663 2646/3123/1660 2652/3122/1660 2736/3213/1718
f 2729/3184/1702 2703/3183/1701 2734/3214/1719 2732/3215/1720
f 2701/3208/1716 2702/3207/1715 2733/3216/1721 2735/3217/1675
f 2705/3129/1664 2704/3128/1663 2736/3218/1718 2737/3219/1722
f 2710/3155/1674 2669/3205/1713 2645/3114/1655
f 2708/3111/1654 2709/3110/1653 2663/3127/1662 2694/3126/1661
f 2709/3110/1653 2646/3123/1660 2663/3127/1662
f 2710/3155/1674 2706/3211/1717 2691/3206/1714 2669/3205/1713
f 2730/3192/1706 2707/3191/1705 2678/3182/1700 2727/3181/1699
f 2707/3191/1705 2720/3220/1723 2712/3221/1724 2678/3182/1700
f 2703/3183/1701 2719/3222/1725 2731/3223/1726 2734/3214/1719
f 2682/3168/1686 2716/3224/1727 2718/3225/1728 2684/3169/1687
f 2680/3179/1697 2714/3226/1729 2711/3227/1730 2677/3190/1704
f 2677/3190/1704 2711/3227/1730 2720/3220/1723 2707/3191/1705
f 2684/3187/1687 2718/3228/1728 2717/3229/1731 2683/3188/1694
f 2678/3182/1700 2712/3221/1724 2719/3222/1725 2703/3183/1701
f 2681/3177/1695 2715/3230/1732 2714/3226/1729 2680/3179/1697
f 2683/3176/1694 2717/3231/1731 2715/3230/1732 2681/3177/1695
f 2679/3172/1690 2713/3232/1733 2743/3233/1734 2742/3173/1691
f 2706/3211/1717 2730/3192/1706 2727/3181/1699 2691/3206/1714
f 2702/3207/1715 2729/3184/1702 2732/3215/1720 2733/3216/1721
f 2689/3165/1683 2725/3180/1698 2728/3189/1703 2692/3166/1684
f 2692/3166/1684 2728/3189/1703 2730/3192/1706 2706/3211/1717
f 2686/3210/1711 2685/3209/1708 2721/3186/1688 2722/3185/1693
f 2691/3206/1714 2727/3181/1699 2729/3184/1702 2702/3207/1715
f 2688/3203/1712 2724/3178/1696 2725/3180/1698 2689/3165/1683
f 2686/3202/1711 2722/3175/1693 2724/3178/1696 2688/3203/1712
f 2690/3198/1709 2726/3171/1689 2740/3174/1692 2741/3199/1710
f 2687/3194/1707 2723/3167/1685 2721/3170/1688 2685/3195/1708
f 2735/3217/1675 2733/3216/1721 2690/3198/1709 2671/3197/1676
f 2736/3213/1718 2652/3122/1660 2665/3151/1668
f 2737/3219/1722 2736/3218/1718 2665/3138/1668 2695/3137/1667
f 2733/3216/1721 2732/3215/1720 2726/3171/1689 2690/3198/1709
f 2734/3214/1719 2731/3223/1726 2713/3232/1733 2679/3172/1690
f 2732/3215/1720 2734/3214/1719 2679/3172/1690 2726/3171/1689
f 2735/3156/1675 2651/3115/1655 2645/3114/1655 2701/3212/1716
f 2742/3173/1691 2743/3233/1734 2716/3224/1727 2682/3168/1686
f 2744/3140/1670 2738/3139/1669 2666/3144/1672 2698/3143/1671
f 2738/3150/1669 2652/3122/1660 2654/3136/1660 2666/3153/1672
f 2739/3159/1678 2651/3115/1655 2671/3157/1676
f 2740/3174/1692 2742/3173/1691 2682/3168/1686 2723/3167/1685
f 2741/3199/1710 2740/3174/1692 2723/3167/1685 2687/3194/1707
f 2739/3200/1678 2741/3199/1710 2687/3194/1707 2673/3193/1679
usemtl Gold.002
f 2613/3105/1648 2643/3104/1647 2644/3010/1582 2595/3009/1581
f 2617/3103/1645 2615/3102/1646 2597/3002/1579 2599/3004/1570
f 2615/3102/1646 2614/3099/1644 2596/2978/1563 2597/3002/1579
f 2612/3092/1637 2619/3095/1640 2605/2999/1576 2594/2998/1575
f 2618/3101/1641 2617/3100/1645 2599/2988/1570 2600/2991/1573
f 2611/3098/1643 2620/3093/1638 2608/2982/1567 2593/2979/1564
f 2614/3099/1644 2611/3098/1643 2593/2979/1564 2596/2978/1563
f 2616/3097/1642 2618/3096/1641 2600/3016/1573 2598/3015/1585
f 2619/3095/1640 2631/3094/1639 2637/3090/1636 2605/2999/1576
f 2620/3093/1638 2612/3092/1637 2594/2998/1575 2608/2982/1567
f 2631/3094/1639 2613/3105/1648 2595/3009/1581 2637/3090/1636
f 2643/3104/1647 2616/3097/1642 2598/3015/1585 2644/3010/1582
f 2713/3232/1733 2695/3137/1667 2744/3140/1670 2743/3233/1734
f 2717/3231/1731 2699/3132/1656 2697/3130/1665 2715/3230/1732
f 2715/3230/1732 2697/3130/1665 2696/3106/1649 2714/3226/1729
f 2712/3221/1724 2694/3126/1661 2705/3129/1664 2719/3222/1725
f 2718/3228/1728 2700/3117/1657 2699/3116/1656 2717/3229/1731
f 2711/3227/1730 2693/3109/1652 2708/3111/1654 2720/3220/1723
f 2714/3226/1729 2696/3106/1649 2693/3109/1652 2711/3227/1730
f 2716/3224/1727 2698/3143/1671 2700/3146/1657 2718/3225/1728
f 2719/3222/1725 2705/3129/1664 2737/3219/1722 2731/3223/1726
f 2720/3220/1723 2708/3111/1654 2694/3126/1661 2712/3221/1724
f 2731/3223/1726 2737/3219/1722 2695/3137/1667 2713/3232/1733
f 2743/3233/1734 2744/3140/1670 2698/3143/1671 2716/3224/1727
o Sphere.002_Sphere.004
v 0.178498 0.500263 -1.014900
v 0.328173 0.341234 -1.964881
v 0.264751 0.127047 -4.174796
v 0.262333 -0.051167 -4.161235
v 0.316104 0.500263 -0.659197
v 0.569600 0.358119 -1.169738
v 0.638247 0.152716 -1.453067
v 0.638247 -0.075265 -1.453067
v 0.381295 0.500263 -0.157649
v 0.687070 0.358119 -0.265980
v 0.856762 0.152716 -0.326099
v 0.856762 -0.075265 -0.326099
v 0.359135 0.500263 0.199207
v 0.647140 0.358119 0.386859
v 0.806970 0.152716 0.490999
v 0.806970 -0.075265 0.490999
v 0.254702 0.500263 0.459140
v 0.458958 0.358119 0.855243
v 0.555724 0.142670 1.156452
v 0.555724 -0.065219 1.156452
v 0.091920 0.500263 0.605919
v 0.165634 0.358119 1.119730
v 0.206542 0.142670 1.471306
v 0.206542 -0.075265 1.471306
v 0.572311 0.152716 1.141496
v 0.572311 -0.075265 1.141496
v 0.206542 -0.065219 1.471306
v 0.206542 0.152716 1.471306
v 0.206542 0.142670 1.646400
v 0.206542 -0.065219 1.646400
v 0.479260 0.098132 1.555096
v 0.479260 -0.020681 1.555096
v 0.555724 -0.065219 1.166425
v 0.555724 0.142670 1.166425
v 0.206542 -0.065219 1.481279
v 0.206542 0.142670 1.481279
v 0.555724 0.142670 1.522354
v 0.206542 -0.065219 1.639258
v 0.555724 -0.065219 1.522354
v 0.206542 0.142670 1.639258
v 0.555724 0.142670 1.529496
v 0.555724 -0.065219 1.529496
v 0.206542 -0.020681 1.646400
v 0.206542 0.098132 1.646400
v 0.206542 0.098132 1.517711
v 0.206542 -0.020681 1.517711
v 0.479260 0.098132 1.426407
v 0.479260 -0.020681 1.426407
v 0.206542 -0.020681 1.519324
v 0.479260 -0.020681 1.428020
v 0.206542 0.098132 1.519324
v 0.479260 0.098132 1.428020
v 0.206542 -0.020681 1.638602
v 0.206542 0.098132 1.638602
v 0.479260 0.098132 1.547298
v 0.479260 -0.020681 1.547298
v 0.487288 0.102808 1.552408
v 0.487288 -0.025357 1.552408
v 0.206542 -0.025357 1.646400
v 0.206542 0.102808 1.646400
v 0.546980 -0.060125 1.532424
v 0.206542 -0.060125 1.646400
v 0.546980 0.137576 1.532424
v 0.206542 0.137576 1.646400
v 0.546010 0.152716 -2.321605
v 0.541899 -0.075265 -2.360317
v 0.345203 0.297198 -2.366989
v 0.345246 -0.219636 -2.368001
v 0.401081 0.152716 -3.686313
v 0.401081 -0.075265 -3.686313
v 0.401081 -0.059433 -3.686313
v 0.638247 -0.059433 -1.453067
v 0.856762 -0.059433 -0.326099
v 0.806970 -0.059433 0.490999
v 0.572311 -0.059433 1.141496
v 0.555724 -0.050782 1.156452
v 0.555724 -0.050782 1.529496
v 0.555724 -0.050782 1.166425
v 0.555724 -0.050782 1.522354
v 0.479260 -0.012430 1.555096
v 0.206542 -0.012430 1.517711
v 0.479260 -0.012430 1.426407
v 0.479260 -0.012430 1.428020
v 0.479260 -0.012430 1.547298
v 0.487288 -0.016457 1.552408
v 0.546980 -0.046396 1.532424
v 0.542185 -0.059433 -2.357629
v 0.262501 -0.038791 -4.162176
v 0.487288 0.093267 1.552408
v 0.546980 0.122859 1.532424
v 0.401081 0.135744 -3.686313
v 0.638247 0.135744 -1.453067
v 0.856762 0.135744 -0.326099
v 0.806970 0.135744 0.490999
v 0.572311 0.135744 1.141496
v 0.555724 0.127194 1.156452
v 0.555724 0.127194 1.529496
v 0.555724 0.127194 1.166425
v 0.555724 0.127194 1.522354
v 0.479260 0.089287 1.555096
v 0.206542 0.089287 1.517711
v 0.479260 0.089287 1.426407
v 0.479260 0.089287 1.428020
v 0.479260 0.089287 1.547298
v 0.545704 0.135744 -2.324487
v 0.264571 0.113780 -4.173786
v 0.462348 0.112841 -3.686313
v 0.735722 0.112841 -1.453067
v 0.987596 0.112841 -0.326099
v 0.930203 0.112841 0.490999
v 0.659719 0.112841 1.141496
v 0.555724 0.106309 1.156452
v 0.555724 0.106309 1.529496
v 0.555724 0.106309 1.166425
v 0.555724 0.106309 1.522354
v 0.479260 0.077351 1.555096
v 0.206542 0.077351 1.517711
v 0.479260 0.077351 1.426407
v 0.479260 0.077351 1.428020
v 0.479260 0.077351 1.547298
v 0.628574 0.112841 -2.328376
v 0.304717 0.095876 -4.172424
v 0.487288 0.080391 1.552408
v 0.546980 0.102997 1.532424
v 0.462348 -0.036396 -3.686313
v 0.735722 -0.036396 -1.453067
v 0.987596 -0.036396 -0.326099
v 0.930203 -0.036396 0.490999
v 0.659719 -0.036396 1.141496
v 0.555724 -0.029776 1.156452
v 0.555724 -0.029776 1.529496
v 0.555724 -0.029776 1.166425
v 0.555724 -0.029776 1.522354
v 0.479260 -0.000424 1.555096
v 0.206542 -0.000424 1.517711
v 0.479260 -0.000424 1.426407
v 0.479260 -0.000424 1.428020
v 0.479260 -0.000424 1.547298
v 0.625472 -0.036396 -2.353717
v 0.302893 -0.020783 -4.163547
v 0.487288 -0.003506 1.552408
v 0.546980 -0.026419 1.532424
v 0.487288 0.075203 1.552408
v 0.546980 0.094994 1.532424
v 0.462348 0.103612 -3.686313
v 0.735722 0.103612 -1.453067
v 0.987596 0.103612 -0.326099
v 0.930203 0.103612 0.490999
v 0.659719 0.103612 1.141496
v 0.555724 0.097893 1.156452
v 0.555724 0.097893 1.529496
v 0.555724 0.097893 1.166425
v 0.555724 0.097893 1.522354
v 0.479260 0.072541 1.555096
v 0.206542 0.072541 1.517711
v 0.479260 0.072541 1.426407
v 0.479260 0.072541 1.428020
v 0.479260 0.072541 1.547298
v 0.628383 0.103612 -2.329943
v 0.304604 0.088662 -4.171875
v 0.462348 -0.023727 -3.686313
v 0.735722 -0.023727 -1.453067
v 0.987596 -0.023727 -0.326099
v 0.930203 -0.023727 0.490999
v 0.659719 -0.023727 1.141496
v 0.555724 -0.018223 1.156452
v 0.555724 -0.018223 1.529496
v 0.555724 -0.018223 1.166425
v 0.555724 -0.018223 1.522354
v 0.479260 0.006178 1.555096
v 0.206542 0.006178 1.517711
v 0.479260 0.006178 1.426407
v 0.479260 0.006178 1.428020
v 0.479260 0.006178 1.547298
v 0.625736 -0.023727 -2.351566
v 0.303047 -0.010880 -4.164300
v 0.487288 0.003616 1.552408
v 0.546980 -0.015433 1.532424
v 0.487288 0.082137 1.552408
v 0.546980 0.105690 1.532424
v 0.454042 0.115946 -3.686313
v 0.722506 0.115946 -1.453067
v 0.969858 0.115946 -0.326099
v 0.913495 0.115946 0.490999
v 0.647868 0.115946 1.141496
v 0.555724 0.109140 1.156452
v 0.555724 0.109140 1.529496
v 0.555724 0.109140 1.166425
v 0.555724 0.109140 1.522354
v 0.479260 0.078969 1.555096
v 0.206542 0.078969 1.517711
v 0.479260 0.078969 1.426407
v 0.479260 0.078969 1.428020
v 0.479260 0.078969 1.547298
v 0.617339 0.115946 -2.327849
v 0.299274 0.098304 -4.172608
v 0.487288 0.092569 1.552408
v 0.546980 0.121782 1.532424
v 0.404402 0.134503 -3.686313
v 0.643531 0.134503 -1.453067
v 0.863853 0.134503 -0.326099
v 0.813649 0.134503 0.490999
v 0.577049 0.134503 1.141496
v 0.555724 0.126062 1.156452
v 0.555724 0.126062 1.529496
v 0.555724 0.126062 1.166425
v 0.555724 0.126062 1.522354
v 0.479260 0.088640 1.555096
v 0.206542 0.088640 1.517711
v 0.479260 0.088640 1.426407
v 0.479260 0.088640 1.428020
v 0.479260 0.088640 1.547298
v 0.550196 0.134503 -2.324698
v 0.266747 0.112809 -4.173713
v 0.378693 -0.344963 -0.786491
v 0.214956 -0.347817 -1.218999
v 0.452178 -0.342154 -0.203166
v 0.439772 -0.345727 0.042626
v 0.349051 -0.348356 0.276600
v 0.132522 -0.352559 0.483882
v 0.454909 -0.039193 -3.686313
v 0.723886 -0.039193 -1.453067
v 0.971709 -0.039193 -0.326099
v 0.915239 -0.039193 0.490999
v 0.649105 -0.039193 1.141496
v 0.555724 -0.032326 1.156452
v 0.555724 -0.032326 1.529496
v 0.555724 -0.032326 1.166425
v 0.555724 -0.032326 1.522354
v 0.479260 -0.001882 1.555096
v 0.206542 -0.001882 1.517711
v 0.479260 -0.001882 1.426407
v 0.479260 -0.001882 1.428020
v 0.479260 -0.001882 1.547298
v 0.615359 -0.039193 -2.354192
v 0.297988 -0.022969 -4.163381
v 0.487288 -0.005079 1.552408
v 0.546980 -0.028845 1.532424
v 0.406290 -0.057474 -3.686313
v 0.646535 -0.057474 -1.453067
v 0.867886 -0.057474 -0.326099
v 0.817448 -0.057474 0.490999
v 0.579743 -0.057474 1.141496
v 0.555724 -0.048996 1.156452
v 0.555724 -0.048996 1.529496
v 0.555724 -0.048996 1.166425
v 0.555724 -0.048996 1.522354
v 0.479260 -0.011409 1.555096
v 0.206542 -0.011409 1.517711
v 0.479260 -0.011409 1.426407
v 0.479260 -0.011409 1.428020
v 0.479260 -0.011409 1.547298
v 0.549266 -0.057474 -2.357296
v 0.265935 -0.037260 -4.162292
v 0.487288 -0.015356 1.552408
v 0.546980 -0.044697 1.532424
v 0.033421 0.358119 -2.017972
v 0.006191 0.500263 -1.138818
v 0.035869 0.321412 -2.408985
v 0.041676 0.214830 -3.550489
v 0.027510 0.172974 -4.095078
v -0.006466 0.500263 -1.138620
v 0.025524 0.150241 -4.283473
v 0.555724 -0.065219 1.446060
v 0.206542 0.142670 1.555708
v 0.555724 0.142670 1.446060
v 0.206542 -0.065219 1.555708
v 0.555724 -0.050782 1.446060
v 0.555724 0.127194 1.446060
v 0.555724 0.106309 1.446060
v 0.555724 -0.029776 1.446060
v 0.555724 0.097893 1.446060
v 0.555724 -0.018223 1.446060
v 0.555724 0.109140 1.446060
v 0.555724 0.126062 1.446060
v 0.555724 -0.032326 1.446060
v 0.555724 -0.048996 1.446060
v 0.555724 0.142670 1.497635
v 0.206542 -0.065219 1.607220
v 0.555724 -0.050782 1.497635
v 0.555724 0.127194 1.497635
v 0.555724 0.106309 1.497635
v 0.555724 -0.029776 1.497635
v 0.555724 0.097893 1.497635
v 0.555724 -0.018223 1.497635
v 0.555724 0.109140 1.497635
v 0.555724 0.126062 1.497635
v 0.555724 -0.032326 1.497635
v 0.555724 -0.048996 1.497635
v 0.555724 -0.065219 1.497635
v 0.206542 0.142670 1.607220
v 0.591889 0.291427 -1.261732
v 0.742167 0.291427 -0.285500
v 0.699035 0.291427 0.420672
v 0.495762 0.291427 0.948186
v 0.178917 0.291427 1.233882
v 0.569600 -0.280668 -1.169738
v 0.321642 -0.280668 -1.810692
v 0.687070 -0.280668 -0.265980
v 0.647140 -0.280668 0.386859
v 0.458958 -0.280668 0.855243
v 0.165634 -0.280668 1.119730
v 0.497622 -0.304909 -1.025241
v 0.281418 -0.305985 -1.587605
v 0.598508 -0.303850 -0.242297
v 0.568955 -0.305197 0.257072
v 0.417519 -0.306189 0.637075
v 0.153150 -0.307773 0.879995
v 0.000000 0.358119 -2.042007
v 0.000000 0.152716 -4.295068
v 0.000000 -0.075265 -4.295068
v 0.000000 0.550993 -0.022563
v -0.178498 0.500263 -1.014900
v -0.328173 0.341234 -1.964881
v -0.264751 0.127047 -4.174796
v -0.262333 -0.051167 -4.161235
v 0.000000 -0.382350 -0.334759
v -0.316104 0.500263 -0.659197
v -0.569600 0.358119 -1.169738
v -0.638247 0.152716 -1.453067
v -0.638247 -0.075265 -1.453067
v -0.381295 0.500263 -0.157649
v -0.687070 0.358119 -0.265980
v -0.856762 0.152716 -0.326099
v -0.856762 -0.075265 -0.326099
v -0.359135 0.500263 0.199207
v -0.647140 0.358119 0.386859
v -0.806970 0.152716 0.490999
v -0.806970 -0.075265 0.490999
v -0.254702 0.500263 0.459140
v -0.458958 0.358119 0.855243
v -0.555724 0.142670 1.156452
v -0.555724 -0.065219 1.156452
v -0.091920 0.500263 0.605919
v -0.165634 0.358119 1.119730
v 0.000000 0.500263 -1.143270
v -0.206542 0.142670 1.471306
v -0.206542 -0.075265 1.471306
v -0.572311 0.152716 1.141496
v -0.572311 -0.075265 1.141496
v -0.206542 -0.065219 1.471306
v -0.206542 0.152716 1.471306
v -0.206542 0.142670 1.646400
v -0.206542 -0.065219 1.646400
v -0.479260 0.098132 1.555096
v -0.479260 -0.020681 1.555096
v -0.555724 -0.065219 1.166425
v -0.555724 0.142670 1.166425
v -0.206542 -0.065219 1.481279
v -0.206542 0.142670 1.481279
v -0.555724 0.142670 1.522354
v -0.206542 -0.065219 1.639258
v -0.555724 -0.065219 1.522354
v -0.206542 0.142670 1.639258
v -0.555724 0.142670 1.529496
v -0.555724 -0.065219 1.529496
v -0.206542 -0.020681 1.646400
v -0.206542 0.098132 1.646400
v -0.206542 0.098132 1.517711
v -0.206542 -0.020681 1.517711
v -0.479260 0.098132 1.426407
v -0.479260 -0.020681 1.426407
v -0.206542 -0.020681 1.519324
v -0.479260 -0.020681 1.428020
v -0.206542 0.098132 1.519324
v -0.479260 0.098132 1.428020
v -0.206542 -0.020681 1.638602
v -0.206542 0.098132 1.638602
v -0.479260 0.098132 1.547298
v -0.479260 -0.020681 1.547298
v -0.487288 0.102808 1.552408
v -0.487288 -0.025357 1.552408
v -0.206542 -0.025357 1.646400
v -0.206542 0.102808 1.646400
v -0.546980 -0.060125 1.532424
v -0.206542 -0.060125 1.646400
v -0.546980 0.137576 1.532424
v -0.206542 0.137576 1.646400
v -0.546010 0.152716 -2.321605
v -0.541899 -0.075265 -2.360317
v 0.000000 0.324219 -2.413855
v -0.345203 0.297198 -2.366989
v 0.000000 -0.252523 -2.350729
v -0.345246 -0.219636 -2.368001
v 0.000000 0.222032 -3.534739
v 0.000000 -0.106701 -4.038345
v -0.401081 0.152716 -3.686313
v -0.401081 -0.075265 -3.686313
v 0.000000 0.178299 -4.085835
v 0.000000 -0.149748 -3.478067
v 0.000000 -0.024745 -4.337625
v -0.401081 -0.059433 -3.686313
v -0.638247 -0.059433 -1.453067
v -0.856762 -0.059433 -0.326099
v -0.806970 -0.059433 0.490999
v -0.572311 -0.059433 1.141496
v -0.555724 -0.050782 1.156452
v -0.555724 -0.050782 1.529496
v -0.555724 -0.050782 1.166425
v -0.555724 -0.050782 1.522354
v -0.479260 -0.012430 1.555096
v -0.206542 -0.012430 1.517711
v -0.479260 -0.012430 1.426407
v -0.479260 -0.012430 1.428020
v -0.479260 -0.012430 1.547298
v -0.487288 -0.016457 1.552408
v -0.546980 -0.046396 1.532424
v -0.542185 -0.059433 -2.357629
v -0.262501 -0.038791 -4.162176
v -0.487288 0.093267 1.552408
v -0.546980 0.122859 1.532424
v 0.000000 0.084263 -4.335840
v -0.401081 0.135744 -3.686313
v -0.638247 0.135744 -1.453067
v -0.856762 0.135744 -0.326099
v -0.806970 0.135744 0.490999
v -0.572311 0.135744 1.141496
v -0.555724 0.127194 1.156452
v -0.555724 0.127194 1.529496
v -0.555724 0.127194 1.166425
v -0.555724 0.127194 1.522354
v -0.479260 0.089287 1.555096
v -0.206542 0.089287 1.517711
v -0.479260 0.089287 1.426407
v -0.479260 0.089287 1.428020
v -0.479260 0.089287 1.547298
v -0.545704 0.135744 -2.324487
v -0.264571 0.113780 -4.173786
v 0.000000 0.066725 -4.337625
v -0.462348 0.112841 -3.686313
v -0.735722 0.112841 -1.453067
v -0.987596 0.112841 -0.326099
v -0.930203 0.112841 0.490999
v -0.659719 0.112841 1.141496
v -0.555724 0.106309 1.156452
v -0.555724 0.106309 1.529496
v -0.555724 0.106309 1.166425
v -0.555724 0.106309 1.522354
v -0.479260 0.077351 1.555096
v -0.206542 0.077351 1.517711
v -0.479260 0.077351 1.426407
v -0.479260 0.077351 1.428020
v -0.479260 0.077351 1.547298
v -0.628574 0.112841 -2.328376
v -0.304717 0.095876 -4.172424
v -0.487288 0.080391 1.552408
v -0.546980 0.102997 1.532424
v 0.000000 -0.012513 -4.337625
v -0.462348 -0.036396 -3.686313
v -0.735722 -0.036396 -1.453067
v -0.987596 -0.036396 -0.326099
v -0.930203 -0.036396 0.490999
v -0.659719 -0.036396 1.141496
v -0.555724 -0.029776 1.156452
v -0.555724 -0.029776 1.529496
v -0.555724 -0.029776 1.166425
v -0.555724 -0.029776 1.522354
v -0.479260 -0.000424 1.555096
v -0.206542 -0.000424 1.517711
v -0.479260 -0.000424 1.426407
v -0.479260 -0.000424 1.428020
v -0.479260 -0.000424 1.547298
v -0.625472 -0.036396 -2.353717
v -0.302893 -0.020783 -4.163547
v -0.487288 -0.003506 1.552408
v -0.546980 -0.026419 1.532424
v -0.487288 0.075203 1.552408
v -0.546980 0.094994 1.532424
v 0.000000 0.061825 -4.337625
v -0.462348 0.103612 -3.686313
v -0.735722 0.103612 -1.453067
v -0.987596 0.103612 -0.326099
v -0.930203 0.103612 0.490999
v -0.659719 0.103612 1.141496
v -0.555724 0.097893 1.156452
v -0.555724 0.097893 1.529496
v -0.555724 0.097893 1.166425
v -0.555724 0.097893 1.522354
v -0.479260 0.072541 1.555096
v -0.206542 0.072541 1.517711
v -0.479260 0.072541 1.426407
v -0.479260 0.072541 1.428020
v -0.479260 0.072541 1.547298
v -0.628383 0.103612 -2.329943
v -0.304604 0.088662 -4.171875
v 0.000000 -0.005787 -4.337625
v -0.462348 -0.023727 -3.686313
v -0.735722 -0.023727 -1.453067
v -0.987596 -0.023727 -0.326099
v -0.930203 -0.023727 0.490999
v -0.659719 -0.023727 1.141496
v -0.555724 -0.018223 1.156452
v -0.555724 -0.018223 1.529496
v -0.555724 -0.018223 1.166425
v -0.555724 -0.018223 1.522354
v -0.479260 0.006178 1.555096
v -0.206542 0.006178 1.517711
v -0.479260 0.006178 1.426407
v -0.479260 0.006178 1.428020
v -0.479260 0.006178 1.547298
v -0.625736 -0.023727 -2.351566
v -0.303047 -0.010880 -4.164300
v -0.487288 0.003616 1.552408
v -0.546980 -0.015433 1.532424
v -0.487288 0.082137 1.552408
v -0.546980 0.105690 1.532424
v 0.000000 0.068374 -4.337625
v -0.454042 0.115946 -3.686313
v -0.722506 0.115946 -1.453067
v -0.969858 0.115946 -0.326099
v -0.913495 0.115946 0.490999
v -0.647868 0.115946 1.141496
v -0.555724 0.109140 1.156452
v -0.555724 0.109140 1.529496
v -0.555724 0.109140 1.166425
v -0.555724 0.109140 1.522354
v -0.479260 0.078969 1.555096
v -0.206542 0.078969 1.517711
v -0.479260 0.078969 1.426407
v -0.479260 0.078969 1.428020
v -0.479260 0.078969 1.547298
v -0.617339 0.115946 -2.327849
v -0.299274 0.098304 -4.172608
v -0.487288 0.092569 1.552408
v -0.546980 0.121782 1.532424
v 0.000000 0.081260 -4.337625
v -0.404402 0.134503 -3.686313
v -0.643531 0.134503 -1.453067
v -0.863853 0.134503 -0.326099
v -0.813649 0.134503 0.490999
v -0.577049 0.134503 1.141496
v -0.555724 0.126062 1.156452
v -0.555724 0.126062 1.529496
v -0.555724 0.126062 1.166425
v -0.555724 0.126062 1.522354
v -0.479260 0.088640 1.555096
v -0.206542 0.088640 1.517711
v -0.479260 0.088640 1.426407
v -0.479260 0.088640 1.428020
v -0.479260 0.088640 1.547298
v -0.550196 0.134503 -2.324698
v -0.266747 0.112809 -4.173713
v -0.378693 -0.344963 -0.786491
v -0.214956 -0.347817 -1.218999
v -0.452178 -0.342154 -0.203166
v -0.439772 -0.345727 0.042626
v -0.349051 -0.348356 0.276600
v -0.132522 -0.352559 0.483882
v 0.000000 -0.348896 -1.376399
v 0.000000 -0.013999 -4.337625
v -0.454909 -0.039193 -3.686313
v -0.723886 -0.039193 -1.453067
v -0.971709 -0.039193 -0.326099
v -0.915239 -0.039193 0.490999
v -0.649105 -0.039193 1.141496
v -0.555724 -0.032326 1.156452
v -0.555724 -0.032326 1.529496
v -0.555724 -0.032326 1.166425
v -0.555724 -0.032326 1.522354
v -0.479260 -0.001882 1.555096
v -0.206542 -0.001882 1.517711
v -0.479260 -0.001882 1.426407
v -0.479260 -0.001882 1.428020
v -0.479260 -0.001882 1.547298
v -0.615359 -0.039193 -2.354192
v -0.297988 -0.022969 -4.163381
v -0.487288 -0.005079 1.552408
v -0.546980 -0.028845 1.532424
v 0.000000 -0.023705 -4.337625
v -0.406290 -0.057474 -3.686313
v -0.646535 -0.057474 -1.453067
v -0.867886 -0.057474 -0.326099
v -0.817448 -0.057474 0.490999
v -0.579743 -0.057474 1.141496
v -0.555724 -0.048996 1.156452
v -0.555724 -0.048996 1.529496
v -0.555724 -0.048996 1.166425
v -0.555724 -0.048996 1.522354
v -0.479260 -0.011409 1.555096
v -0.206542 -0.011409 1.517711
v -0.479260 -0.011409 1.426407
v -0.479260 -0.011409 1.428020
v -0.479260 -0.011409 1.547298
v -0.549266 -0.057474 -2.357296
v -0.265935 -0.037260 -4.162292
v -0.487288 -0.015356 1.552408
v -0.546980 -0.044697 1.532424
v -0.033421 0.358119 -2.017972
v -0.006191 0.500263 -1.138818
v -0.035869 0.321412 -2.408985
v -0.041676 0.214830 -3.550489
v -0.027510 0.172974 -4.095078
v 0.006466 0.500263 -1.138620
v -0.025524 0.150241 -4.283473
v -0.555724 -0.065219 1.446060
v -0.206542 0.142670 1.555708
v -0.555724 0.142670 1.446060
v -0.206542 -0.065219 1.555708
v -0.555724 -0.050782 1.446060
v -0.555724 0.127194 1.446060
v -0.555724 0.106309 1.446060
v -0.555724 -0.029776 1.446060
v -0.555724 0.097893 1.446060
v -0.555724 -0.018223 1.446060
v -0.555724 0.109140 1.446060
v -0.555724 0.126062 1.446060
v -0.555724 -0.032326 1.446060
v -0.555724 -0.048996 1.446060
v -0.555724 0.142670 1.497635
v -0.206542 -0.065219 1.607220
v -0.555724 -0.050782 1.497635
v -0.555724 0.127194 1.497635
v -0.555724 0.106309 1.497635
v -0.555724 -0.029776 1.497635
v -0.555724 0.097893 1.497635
v -0.555724 -0.018223 1.497635
v -0.555724 0.109140 1.497635
v -0.555724 0.126062 1.497635
v -0.555724 -0.032326 1.497635
v -0.555724 -0.048996 1.497635
v -0.555724 -0.065219 1.497635
v -0.206542 0.142670 1.607220
v -0.591889 0.291427 -1.261732
v -0.742167 0.291427 -0.285500
v -0.699035 0.291427 0.420672
v -0.495762 0.291427 0.948186
v -0.178917 0.291427 1.233882
v -0.569600 -0.280668 -1.169738
v -0.321642 -0.280668 -1.810692
v -0.687070 -0.280668 -0.265980
v -0.647140 -0.280668 0.386859
v -0.458958 -0.280668 0.855243
v -0.165634 -0.280668 1.119730
v 0.000000 -0.280668 -2.042007
v -0.497622 -0.304909 -1.025241
v -0.281418 -0.305985 -1.587605
v -0.598508 -0.303850 -0.242297
v -0.568955 -0.305197 0.257072
v -0.417519 -0.306189 0.637075
v -0.153150 -0.307773 0.879995
v 0.000000 -0.306392 -1.791052
v 0.000000 0.358119 1.119730
v 0.000000 0.500263 0.605919
v 0.000000 -0.280668 1.119730
v 0.000000 -0.075265 1.471306
v 0.000000 0.152716 1.471306
v 0.000000 -0.065219 1.471306
v 0.000000 0.142670 1.471306
v 0.000000 -0.065219 1.646400
v 0.000000 0.142670 1.646400
v 0.000000 0.142670 1.481279
v 0.000000 -0.065219 1.481279
v 0.000000 0.142670 1.639258
v 0.000000 -0.065219 1.639258
v 0.000000 -0.020681 1.646400
v 0.000000 0.098132 1.646400
v 0.000000 -0.020681 1.517711
v 0.000000 0.098132 1.517711
v 0.000000 -0.020681 1.519324
v 0.000000 0.098132 1.519324
v 0.000000 0.098132 1.638602
v 0.000000 -0.020681 1.638602
v 0.000000 0.102808 1.646400
v 0.000000 -0.025357 1.646400
v 0.000000 0.137576 1.646400
v 0.000000 -0.060125 1.646400
v 0.000000 -0.012430 1.517711
v 0.000000 0.089287 1.517711
v 0.000000 0.077351 1.517711
v 0.000000 -0.000424 1.517711
v 0.000000 0.072541 1.517711
v 0.000000 0.006178 1.517711
v 0.000000 0.078969 1.517711
v 0.000000 0.088640 1.517711
v 0.000000 -0.001882 1.517711
v 0.000000 -0.011409 1.517711
v 0.000000 -0.065219 1.555708
v 0.000000 0.142670 1.555708
v 0.000000 -0.065219 1.607220
v 0.000000 0.142670 1.607220
v 0.000000 0.291427 1.233882
v 0.000000 -0.352559 0.483882
v 0.000000 -0.307773 0.879995
vt 0.692308 0.285714
vt 0.692308 0.305289
vt 0.615385 0.328162
vt 0.615385 0.285714
vt 0.692308 0.857143
vt 0.653846 1.000000
vt 0.615385 0.857143
vt 0.689640 0.857143
vt 0.684315 0.714286
vt 0.615385 0.702542
vt 0.569711 0.428571
vt 0.538462 0.428571
vt 0.538462 0.285714
vt 0.615385 0.571429
vt 0.615385 0.671915
vt 0.568378 0.571429
vt 0.576923 1.000000
vt 0.538462 0.857143
vt 0.615385 0.560794
vt 0.568477 0.560794
vt 0.538462 0.714286
vt 0.461539 0.428571
vt 0.461539 0.285714
vt 0.500000 1.000000
vt 0.461539 0.857143
vt 0.538462 0.560794
vt 0.538462 0.571429
vt 0.461539 0.571429
vt 0.461539 0.560794
vt 0.461539 0.714286
vt 0.423077 1.000000
vt 0.384615 0.857143
vt 0.384615 0.571429
vt 0.384615 0.560794
vt 0.384615 0.714286
vt 0.384615 0.428571
vt 0.384615 0.285714
vt 0.307692 0.571429
vt 0.307692 0.560794
vt 0.307692 0.857143
vt 0.307692 0.714286
vt 0.307692 0.428571
vt 0.307692 0.285714
vt 0.346154 1.000000
vt 0.230769 0.857143
vt 0.230769 0.714286
vt 0.230769 0.428571
vt 0.230769 0.285714
vt 0.269231 1.000000
vt 0.192308 1.000000
vt 0.192308 0.857143
vt 0.304204 0.443913
vt 0.304204 0.434867
vt 0.307692 0.438492
vt 0.230769 0.434867
vt 0.230769 0.565133
vt 0.304204 0.565133
vt 0.230769 0.571429
vt 0.192308 0.565133
vt 0.192308 0.571429
vt 0.230769 0.462775
vt 0.288123 0.462775
vt 0.288123 0.462775
vt 0.230769 0.462775
vt 0.288123 0.537225
vt 0.230769 0.537225
vt 0.230769 0.537225
vt 0.288123 0.537225
vt 0.288123 0.531895
vt 0.288123 0.531895
vt 0.192308 0.462775
vt 0.192308 0.462775
vt 0.615385 0.428571
vt 0.692308 0.376769
vt 0.641995 0.445332
vt 0.691806 0.411112
vt 0.692308 0.428571
vt 0.641566 0.545518
vt 0.641531 0.553576
vt 0.641963 0.452849
vt 0.615385 0.438492
vt 0.569619 0.438492
vt 0.538462 0.438492
vt 0.288123 0.467579
vt 0.288123 0.467579
vt 0.384615 0.438492
vt 0.461538 0.438492
vt 0.692308 0.438492
vt 0.304204 0.555436
vt 0.641569 0.544928
vt 0.615385 0.560016
vt 0.568485 0.560016
vt 0.538462 0.560016
vt 0.288123 0.531481
vt 0.288123 0.531481
vt 0.384615 0.560016
vt 0.307692 0.560016
vt 0.461539 0.560016
vt 0.692308 0.560016
vt 0.692307 0.560709
vt 0.304204 0.554726
vt 0.515179 0.285714
vt 0.522758 0.285714
vt 0.449366 0.285714
vt 0.454915 0.285714
vt 0.418663 0.285714
vt 0.440197 0.285714
vt 0.376507 0.285714
vt 0.419654 0.285714
vt 0.310690 0.285714
vt 0.621883 0.285714
vt 0.664671 0.285714
vt 0.613209 0.285714
vt 0.686667 0.582320
vt 0.684315 0.614629
vt 0.684315 0.688756
vt 0.692308 0.714286
vt 0.687413 0.569707
vt 0.307692 0.667902
vt 0.230769 0.667902
vt 0.384615 0.667902
vt 0.461539 0.667902
vt 0.538462 0.667902
vt 0.571252 0.285714
vt 0.532541 0.285714
vt 0.614564 0.285714
vt 0.681888 0.285714
vt 0.280795 0.285714
vt 0.260902 0.285714
vt 0.225671 0.285714
vt 0.333638 0.285714
vt 0.397453 0.285714
vt 0.456949 0.285714
vt 0.192308 0.667902
vt 0.192308 0.537225
vt 0.192308 0.537225
vt 0.192308 0.434867
vt 0.192308 0.428571
vt 0.192308 0.285714
vt 0.192308 0.714286
vt 0.392871 0.285714
vt 0.615385 0.285714
vt 0.615385 0.328162
vt 0.689640 0.857143
vt 0.615385 0.857143
vt 0.684315 0.714286
vt 0.615385 0.702542
vt 0.538462 0.285714
vt 0.538462 0.428571
vt 0.569711 0.428571
vt 0.615385 0.571429
vt 0.568378 0.571429
vt 0.615385 0.671915
vt 0.538462 0.857143
vt 0.615385 0.560794
vt 0.568477 0.560794
vt 0.538462 0.714286
vt 0.461539 0.285714
vt 0.461539 0.428571
vt 0.461539 0.857143
vt 0.538462 0.560794
vt 0.461539 0.560794
vt 0.461539 0.571429
vt 0.538462 0.571429
vt 0.461539 0.714286
vt 0.384615 0.857143
vt 0.384615 0.560794
vt 0.384615 0.571429
vt 0.384615 0.714286
vt 0.384615 0.285714
vt 0.384615 0.428571
vt 0.307692 0.560794
vt 0.307692 0.571429
vt 0.307692 0.714286
vt 0.307692 0.857143
vt 0.307692 0.285714
vt 0.307692 0.428571
vt 0.230769 0.714286
vt 0.230769 0.857143
vt 0.230769 0.285714
vt 0.230769 0.428571
vt 0.304204 0.443913
vt 0.307692 0.438492
vt 0.304204 0.434867
vt 0.230769 0.434867
vt 0.230769 0.565133
vt 0.230769 0.571429
vt 0.304204 0.565133
vt 0.230769 0.462775
vt 0.230769 0.462775
vt 0.288123 0.462775
vt 0.288123 0.462775
vt 0.288123 0.537225
vt 0.288123 0.537225
vt 0.230769 0.537225
vt 0.230769 0.537225
vt 0.288123 0.531895
vt 0.288123 0.531895
vt 0.615385 0.428571
vt 0.641995 0.445332
vt 0.641566 0.545518
vt 0.641531 0.553576
vt 0.615385 0.438492
vt 0.641963 0.452849
vt 0.538462 0.438492
vt 0.569619 0.438492
vt 0.288123 0.467579
vt 0.288123 0.467579
vt 0.384615 0.438492
vt 0.461538 0.438492
vt 0.304204 0.555436
vt 0.641569 0.544928
vt 0.615385 0.560016
vt 0.568485 0.560016
vt 0.538462 0.560016
vt 0.288123 0.531481
vt 0.288123 0.531481
vt 0.384615 0.560016
vt 0.307692 0.560016
vt 0.461539 0.560016
vt 0.304204 0.554726
vt 0.449366 0.285714
vt 0.522758 0.285714
vt 0.418663 0.285714
vt 0.376507 0.285714
vt 0.310690 0.285714
vt 0.613209 0.285714
vt 0.684315 0.614629
vt 0.686667 0.582320
vt 0.684315 0.688756
vt 0.687413 0.569707
vt 0.230769 0.667902
vt 0.307692 0.667902
vt 0.384615 0.667902
vt 0.461539 0.667902
vt 0.538462 0.667902
vt 0.532541 0.285714
vt 0.614564 0.285714
vt 0.260902 0.285714
vt 0.333638 0.285714
vt 0.397453 0.285714
vt 0.456949 0.285714
vt 0.304204 0.555436
vt 0.304204 0.565133
vt 0.304204 0.565133
vt 0.304204 0.555436
vt 0.192308 0.434867
vt 0.230769 0.434867
vt 0.230769 0.434867
vt 0.192308 0.434867
vt 0.304204 0.434866
vt 0.304204 0.434867
vt 0.230769 0.565133
vt 0.230769 0.565133
vt 0.230769 0.565133
vt 0.304204 0.565133
vt 0.304204 0.434867
vt 0.230769 0.434867
vt 0.192308 0.434867
vt 0.304204 0.555436
vt 0.304204 0.565133
vt 0.230769 0.565133
vt 0.230769 0.434867
vt 0.304204 0.434866
vt 0.192308 0.434867
vt 0.304204 0.555436
vt 0.302365 0.446661
vt 0.302365 0.438058
vt 0.304204 0.443913
vt 0.230769 0.438058
vt 0.192308 0.561942
vt 0.230769 0.561942
vt 0.192308 0.565133
vt 0.192308 0.462775
vt 0.230769 0.462775
vt 0.288123 0.531690
vt 0.288123 0.537225
vt 0.230769 0.537225
vt 0.288123 0.462775
vt 0.230769 0.462775
vt 0.288123 0.462775
vt 0.288123 0.537225
vt 0.230769 0.537225
vt 0.288123 0.531687
vt 0.192308 0.462775
vt 0.192308 0.537225
vt 0.230769 0.540155
vt 0.192308 0.540155
vt 0.289812 0.540155
vt 0.230769 0.459845
vt 0.289812 0.459845
vt 0.288123 0.467936
vt 0.289812 0.465422
vt 0.302365 0.561942
vt 0.289812 0.466112
vt 0.302365 0.447726
vt 0.288123 0.468576
vt 0.288123 0.467945
vt 0.304204 0.445032
vt 0.304204 0.443913
vt 0.304204 0.443913
vt 0.304204 0.443913
vt 0.304204 0.445032
vt 0.307692 0.439719
vt 0.289812 0.534177
vt 0.302365 0.552719
vt 0.288123 0.531281
vt 0.288123 0.531284
vt 0.304204 0.554726
vt 0.304204 0.554726
vt 0.304204 0.554726
vt 0.304204 0.554726
vt 0.692308 0.540659
vt 0.692308 0.546442
vt 0.641613 0.534643
vt 0.641631 0.530261
vt 0.615385 0.540659
vt 0.615385 0.546442
vt 0.568611 0.546442
vt 0.568665 0.540659
vt 0.538462 0.540659
vt 0.538462 0.546442
vt 0.461539 0.546442
vt 0.461539 0.540659
vt 0.384615 0.546442
vt 0.384616 0.540659
vt 0.307692 0.546442
vt 0.307692 0.540659
vt 0.304204 0.537076
vt 0.304204 0.542349
vt 0.304204 0.542349
vt 0.304204 0.537069
vt 0.304204 0.537076
vt 0.304204 0.542349
vt 0.304204 0.542349
vt 0.304204 0.537076
vt 0.304204 0.537076
vt 0.304204 0.542349
vt 0.288123 0.521325
vt 0.288123 0.524255
vt 0.288123 0.524255
vt 0.288123 0.521325
vt 0.288123 0.521197
vt 0.288123 0.524210
vt 0.288123 0.521192
vt 0.288123 0.524206
vt 0.304204 0.544123
vt 0.307692 0.548388
vt 0.302365 0.541961
vt 0.302365 0.540274
vt 0.304204 0.544123
vt 0.288123 0.525220
vt 0.289812 0.526109
vt 0.289812 0.527202
vt 0.641922 0.462458
vt 0.641916 0.463786
vt 0.615385 0.452927
vt 0.615385 0.451174
vt 0.569500 0.451174
vt 0.569484 0.452927
vt 0.538462 0.452927
vt 0.538462 0.451174
vt 0.288123 0.474548
vt 0.288123 0.475462
vt 0.288123 0.475470
vt 0.288123 0.474556
vt 0.288123 0.475085
vt 0.288123 0.474174
vt 0.288123 0.475085
vt 0.288123 0.474174
vt 0.304204 0.455477
vt 0.304204 0.457076
vt 0.304204 0.457076
vt 0.304204 0.455477
vt 0.304204 0.455477
vt 0.304204 0.457076
vt 0.304204 0.457076
vt 0.304204 0.455477
vt 0.304204 0.457072
vt 0.304204 0.455475
vt 0.384615 0.451174
vt 0.384615 0.452927
vt 0.307692 0.452927
vt 0.307692 0.451174
vt 0.461538 0.451174
vt 0.461538 0.452927
vt 0.692308 0.451174
vt 0.692308 0.452927
vt 0.304204 0.464315
vt 0.307692 0.460866
vt 0.302365 0.466063
vt 0.302365 0.459179
vt 0.304204 0.464313
vt 0.288123 0.479602
vt 0.289812 0.473537
vt 0.289812 0.478000
vt 0.289812 0.522858
vt 0.302365 0.535259
vt 0.641890 0.469801
vt 0.615385 0.460866
vt 0.569410 0.460866
vt 0.538462 0.460866
vt 0.288123 0.479609
vt 0.288123 0.479241
vt 0.288123 0.479241
vt 0.304204 0.464317
vt 0.304204 0.464317
vt 0.304204 0.464315
vt 0.384615 0.460866
vt 0.461538 0.460866
vt 0.692308 0.460866
vt 0.289812 0.533739
vt 0.302365 0.552045
vt 0.692308 0.548388
vt 0.641606 0.536118
vt 0.615385 0.548388
vt 0.568593 0.548388
vt 0.538462 0.548388
vt 0.461539 0.548388
vt 0.384615 0.548388
vt 0.304204 0.544123
vt 0.304204 0.544123
vt 0.304204 0.544123
vt 0.288123 0.525291
vt 0.288123 0.525291
vt 0.288123 0.525224
vt 0.692308 0.439719
vt 0.641959 0.453779
vt 0.615385 0.439719
vt 0.569607 0.439719
vt 0.538462 0.439719
vt 0.461538 0.439719
vt 0.384615 0.439719
vt 0.304204 0.445032
vt 0.304204 0.445032
vt 0.304204 0.445032
vt 0.288123 0.468217
vt 0.288123 0.468217
vt 0.288123 0.468585
vt 0.302365 0.457659
vt 0.289812 0.472552
vt 0.304204 0.445032
vt 0.304204 0.443913
vt 0.304204 0.455477
vt 0.304204 0.554727
vt 0.304204 0.544123
vt 0.304204 0.542349
vt 0.304204 0.464317
vt 0.304204 0.457076
vt 0.304204 0.537076
vt 0.304204 0.555436
vt 0.304204 0.434866
vt 0.304204 0.565133
vt 0.230769 0.434867
vt 0.192308 0.434867
vt 0.230769 0.565133
vt 0.192308 0.565133
vt 0.192308 0.565133
vt 0.192308 0.459845
vt 0.192308 0.438058
vt 0.192308 0.537225
vt 0.192308 0.565133
vt 0.192308 0.565133
vt 0.304204 0.555436
vt 0.304204 0.555436
vt 0.304204 0.565133
vt 0.304204 0.565133
vt 0.230769 0.434867
vt 0.230769 0.434867
vt 0.304204 0.434867
vt 0.304204 0.434866
vt 0.230769 0.565133
vt 0.230769 0.565133
vt 0.304204 0.565133
vt 0.230769 0.565133
vt 0.230769 0.434867
vt 0.304204 0.434867
vt 0.304204 0.555436
vt 0.304204 0.565133
vt 0.230769 0.565133
vt 0.230769 0.434867
vt 0.304204 0.434866
vt 0.304204 0.555436
vt 0.302365 0.446661
vt 0.304204 0.443913
vt 0.302365 0.438058
vt 0.230769 0.438058
vt 0.230769 0.561942
vt 0.230769 0.462775
vt 0.288123 0.531690
vt 0.288123 0.537225
vt 0.230769 0.537225
vt 0.288123 0.462775
vt 0.230769 0.462775
vt 0.288123 0.462775
vt 0.288123 0.537225
vt 0.230769 0.537225
vt 0.288123 0.531687
vt 0.230769 0.540155
vt 0.289812 0.540155
vt 0.289812 0.459845
vt 0.230769 0.459845
vt 0.288123 0.467936
vt 0.289812 0.465422
vt 0.302365 0.561942
vt 0.289812 0.466112
vt 0.302365 0.447726
vt 0.288123 0.468576
vt 0.288123 0.467945
vt 0.304204 0.445032
vt 0.304204 0.443913
vt 0.304204 0.443913
vt 0.304204 0.443913
vt 0.304204 0.445032
vt 0.307692 0.439719
vt 0.289812 0.534177
vt 0.302365 0.552719
vt 0.288123 0.531281
vt 0.288123 0.531284
vt 0.304204 0.554726
vt 0.304204 0.554726
vt 0.304204 0.554726
vt 0.304204 0.554726
vt 0.641631 0.530261
vt 0.641613 0.534643
vt 0.615385 0.540659
vt 0.568665 0.540659
vt 0.568611 0.546442
vt 0.615385 0.546442
vt 0.538462 0.540659
vt 0.461539 0.540659
vt 0.461539 0.546442
vt 0.538462 0.546442
vt 0.384616 0.540659
vt 0.384615 0.546442
vt 0.307692 0.540659
vt 0.307692 0.546442
vt 0.304204 0.537076
vt 0.304204 0.537069
vt 0.304204 0.542349
vt 0.304204 0.542349
vt 0.304204 0.537076
vt 0.304204 0.537076
vt 0.304204 0.542349
vt 0.304204 0.542349
vt 0.304204 0.537076
vt 0.304204 0.542349
vt 0.288123 0.521325
vt 0.288123 0.521325
vt 0.288123 0.524255
vt 0.288123 0.524255
vt 0.288123 0.521197
vt 0.288123 0.524210
vt 0.288123 0.521192
vt 0.288123 0.524206
vt 0.304204 0.544123
vt 0.307692 0.548388
vt 0.302365 0.541961
vt 0.304204 0.544123
vt 0.302365 0.540274
vt 0.288123 0.525220
vt 0.289812 0.527202
vt 0.289812 0.526109
vt 0.641922 0.462458
vt 0.615385 0.451174
vt 0.615385 0.452927
vt 0.641916 0.463786
vt 0.569500 0.451174
vt 0.538462 0.451174
vt 0.538462 0.452927
vt 0.569484 0.452927
vt 0.288123 0.474548
vt 0.288123 0.474556
vt 0.288123 0.475470
vt 0.288123 0.475462
vt 0.288123 0.474174
vt 0.288123 0.475085
vt 0.288123 0.474174
vt 0.288123 0.475085
vt 0.304204 0.455477
vt 0.304204 0.455477
vt 0.304204 0.457076
vt 0.304204 0.457076
vt 0.304204 0.455477
vt 0.304204 0.455477
vt 0.304204 0.457076
vt 0.304204 0.457076
vt 0.304204 0.455475
vt 0.304204 0.457072
vt 0.384615 0.451174
vt 0.307692 0.451174
vt 0.307692 0.452927
vt 0.384615 0.452927
vt 0.461538 0.451174
vt 0.461538 0.452927
vt 0.304204 0.464315
vt 0.307692 0.460866
vt 0.302365 0.466063
vt 0.304204 0.464313
vt 0.302365 0.459179
vt 0.288123 0.479602
vt 0.289812 0.478000
vt 0.289812 0.473537
vt 0.302365 0.535259
vt 0.289812 0.522858
vt 0.641890 0.469801
vt 0.615385 0.460866
vt 0.569410 0.460866
vt 0.538462 0.460866
vt 0.288123 0.479609
vt 0.288123 0.479241
vt 0.288123 0.479241
vt 0.304204 0.464317
vt 0.304204 0.464317
vt 0.304204 0.464315
vt 0.384615 0.460866
vt 0.461538 0.460866
vt 0.289812 0.533739
vt 0.302365 0.552045
vt 0.641606 0.536118
vt 0.568593 0.548388
vt 0.615385 0.548388
vt 0.461539 0.548388
vt 0.538462 0.548388
vt 0.384615 0.548388
vt 0.304204 0.544123
vt 0.304204 0.544123
vt 0.304204 0.544123
vt 0.288123 0.525291
vt 0.288123 0.525291
vt 0.288123 0.525224
vt 0.641959 0.453779
vt 0.615385 0.439719
vt 0.569607 0.439719
vt 0.538462 0.439719
vt 0.461538 0.439719
vt 0.384615 0.439719
vt 0.304204 0.445032
vt 0.304204 0.445032
vt 0.304204 0.445032
vt 0.288123 0.468217
vt 0.288123 0.468217
vt 0.288123 0.468585
vt 0.302365 0.457659
vt 0.289812 0.472552
vt 0.304204 0.443913
vt 0.304204 0.445032
vt 0.304204 0.455477
vt 0.304204 0.544123
vt 0.304204 0.554727
vt 0.304204 0.542349
vt 0.304204 0.457076
vt 0.304204 0.464317
vt 0.304204 0.537076
vt 0.304204 0.555436
vt 0.304204 0.434866
vt 0.304204 0.565133
vt 0.230769 0.434867
vt 0.230769 0.565133
vt 0.692308 0.571429
vt 0.691901 0.585653
vt 0.692308 0.690708
vt 0.692308 0.619638
vt 0.230769 0.531683
vt 0.230769 0.467945
vt 0.230769 0.531277
vt 0.230769 0.524203
vt 0.230769 0.521189
vt 0.230769 0.475468
vt 0.230769 0.474555
vt 0.230769 0.479605
vt 0.230769 0.525217
vt 0.230769 0.468585
vt 0.192308 0.468585
vt 0.192308 0.467945
vt 0.192308 0.474555
vt 0.192308 0.531277
vt 0.192308 0.525217
vt 0.192308 0.524203
vt 0.192308 0.479605
vt 0.192308 0.475468
vt 0.192308 0.521189
vt 0.192308 0.531683
vt 0.230769 0.531683
vt 0.230769 0.467945
vt 0.230769 0.531277
vt 0.230769 0.521189
vt 0.230769 0.524203
vt 0.230769 0.474555
vt 0.230769 0.475468
vt 0.230769 0.479605
vt 0.230769 0.525217
vt 0.230769 0.468585
vn -0.0000 -0.9949 -0.1004
vn 0.0963 -0.9904 -0.0987
vn 0.3579 -0.9300 -0.0837
vn 0.3466 -0.9307 -0.1171
vn 0.0879 0.9886 -0.1222
vn 0.1103 0.9939 0.0084
vn 0.1602 0.9828 -0.0920
vn 0.0660 0.9928 -0.0996
vn 0.0946 0.9871 -0.1295
vn 0.3560 0.9275 -0.1138
vn 0.8909 -0.4424 -0.1024
vn 0.9082 -0.3879 -0.1574
vn 0.5334 -0.8388 -0.1090
vn 0.7572 0.6275 -0.1815
vn 0.3577 0.9301 -0.0837
vn 0.8882 0.4497 -0.0943
vn 0.2512 0.9666 -0.0514
vn 0.8002 0.5745 -0.1720
vn 0.7945 0.6013 -0.0845
vn 0.5997 0.7895 -0.1306
vn 0.9486 -0.3100 -0.0630
vn 0.5681 -0.8226 -0.0237
vn 0.2862 0.9582 -0.0066
vn 0.7808 0.6140 -0.1158
vn 0.9234 0.3382 -0.1814
vn 0.9481 0.3113 -0.0652
vn 0.7465 0.6635 -0.0504
vn 0.6336 0.7733 -0.0233
vn 0.2781 0.9590 0.0555
vn 0.9162 0.3480 0.1988
vn 0.7340 0.6610 0.1563
vn 0.5896 0.7980 0.1248
vn 0.9157 -0.3485 0.1999
vn 0.5203 -0.8471 0.1082
vn 0.7441 0.4121 0.5258
vn 0.6388 0.4376 0.6328
vn 0.2101 0.9691 0.1295
vn 0.4450 0.8508 0.2794
vn 0.7436 -0.4123 0.5263
vn 0.3923 -0.8896 0.2339
vn 0.1647 0.9693 0.1827
vn 0.3338 0.8669 0.3702
vn 0.3104 -0.4517 0.8365
vn 0.1508 -0.9295 0.3366
vn 0.0000 0.9832 0.1827
vn 0.0000 0.9968 0.0805
vn 0.0000 0.9847 0.1743
vn 0.8664 -0.2206 0.4480
vn 0.7956 -0.1409 0.5891
vn 0.6372 -0.4317 0.6384
vn 0.2164 -0.7974 0.5633
vn 0.2164 0.7974 0.5633
vn 0.7956 0.1409 0.5891
vn 0.3104 0.4517 0.8365
vn 0.0000 0.7071 0.7071
vn 0.0000 0.4978 0.8673
vn 0.0000 1.0000 0.0000
vn -0.7071 0.7071 0.0000
vn -0.4831 0.5622 0.6712
vn 0.1073 0.7452 0.6582
vn -0.7071 -0.7071 0.0000
vn 0.0000 -1.0000 0.0000
vn 0.1073 -0.7452 0.6582
vn -0.4831 -0.5622 0.6712
vn -1.0000 0.0000 0.0000
vn -0.5842 0.0000 0.8116
vn 0.7539 -0.6310 -0.1833
vn 0.1261 -0.9877 -0.0928
vn 0.5920 -0.6892 -0.4179
vn 0.1512 -0.9837 -0.0970
vn 0.3627 -0.7543 -0.5472
vn 0.6032 0.5090 -0.6141
vn 0.5915 0.6598 -0.4635
vn 0.5936 -0.5755 -0.5626
vn 0.7943 -0.5816 -0.1756
vn 0.7957 -0.5998 -0.0846
vn 0.7812 -0.6134 -0.1159
vn 0.7344 -0.6605 0.1564
vn 0.7469 -0.6630 -0.0505
vn 0.4320 -0.5605 -0.7066
vn 0.8680 0.2254 0.4424
vn 0.4218 0.7545 -0.5027
vn 0.3372 0.9371 -0.0904
vn 0.2738 0.9613 -0.0302
vn 0.2211 0.9747 -0.0333
vn 0.1948 0.9798 0.0455
vn 0.2464 0.8068 0.5370
vn 0.1871 0.9822 -0.0142
vn 0.4043 0.4901 -0.7723
vn 0.4078 0.4890 -0.7711
vn 0.7896 0.3001 0.5352
vn -0.0000 -1.0000 -0.0024
vn 0.1658 -0.9857 -0.0295
vn 0.1826 -0.9831 -0.0083
vn 0.1731 -0.9847 0.0177
vn 0.1220 -0.9909 0.0565
vn 0.0459 -0.9959 0.0784
vn 0.0000 -0.9968 -0.0801
vn 0.1113 -0.9920 -0.0597
vn 0.1491 0.9836 -0.1016
vn 0.1316 0.9873 -0.0885
vn 0.0975 0.9907 -0.0949
vn 0.0886 0.9899 -0.1110
vn 0.3229 0.7894 -0.5221
vn 0.5407 0.7656 0.3486
vn 0.3884 0.8146 0.4307
vn 0.7304 0.6655 0.1539
vn 0.7958 0.6042 -0.0401
vn 0.7863 0.5877 -0.1904
vn 0.2245 -0.9731 -0.0518
vn 0.1343 -0.9871 -0.0869
vn -0.0000 -0.9949 -0.1008
vn 0.0000 -0.9972 0.0744
vn 0.0496 -0.9930 0.1074
vn 0.0000 -0.9937 0.1123
vn 0.1478 -0.9851 0.0882
vn 0.2318 -0.9718 0.0435
vn 0.2606 -0.9654 -0.0092
vn 0.0000 0.8634 0.5045
vn 0.0000 -0.7071 0.7071
vn 0.0000 -0.4978 0.8673
vn 0.0000 -0.9490 0.3152
vn 0.0000 0.9174 0.3979
vn 0.0000 0.9213 0.3888
vn -0.3466 -0.9307 -0.1171
vn -0.3579 -0.9300 -0.0837
vn -0.0963 -0.9904 -0.0987
vn -0.0879 0.9886 -0.1222
vn -0.0660 0.9928 -0.0996
vn -0.1602 0.9828 -0.0920
vn -0.1103 0.9939 0.0084
vn -0.0946 0.9871 -0.1295
vn -0.3560 0.9275 -0.1138
vn -0.5334 -0.8388 -0.1090
vn -0.9082 -0.3879 -0.1574
vn -0.8909 -0.4424 -0.1024
vn -0.7572 0.6275 -0.1815
vn -0.8882 0.4497 -0.0943
vn -0.3577 0.9301 -0.0837
vn -0.2512 0.9666 -0.0514
vn -0.8002 0.5745 -0.1720
vn -0.7945 0.6013 -0.0845
vn -0.5997 0.7895 -0.1306
vn -0.5681 -0.8226 -0.0237
vn -0.9486 -0.3100 -0.0630
vn -0.2862 0.9582 -0.0066
vn -0.7808 0.6140 -0.1158
vn -0.7465 0.6635 -0.0504
vn -0.9481 0.3113 -0.0652
vn -0.9234 0.3382 -0.1814
vn -0.6336 0.7733 -0.0233
vn -0.2781 0.9590 0.0555
vn -0.7340 0.6610 0.1563
vn -0.9162 0.3480 0.1988
vn -0.5896 0.7980 0.1248
vn -0.5203 -0.8471 0.1082
vn -0.9157 -0.3485 0.1999
vn -0.6388 0.4376 0.6328
vn -0.7441 0.4121 0.5258
vn -0.4450 0.8508 0.2794
vn -0.2101 0.9691 0.1295
vn -0.3923 -0.8896 0.2339
vn -0.7436 -0.4123 0.5263
vn -0.3338 0.8669 0.3702
vn -0.1647 0.9693 0.1827
vn -0.1508 -0.9295 0.3366
vn -0.3104 -0.4517 0.8365
vn -0.8664 -0.2206 0.4480
vn -0.6372 -0.4317 0.6384
vn -0.7956 -0.1409 0.5891
vn -0.2164 -0.7974 0.5633
vn -0.2164 0.7974 0.5633
vn -0.3104 0.4517 0.8365
vn -0.7956 0.1409 0.5891
vn -0.1073 0.7452 0.6582
vn 0.4831 0.5622 0.6712
vn 0.7071 0.7071 0.0000
vn 0.7071 -0.7071 0.0000
vn 0.4831 -0.5622 0.6712
vn -0.1073 -0.7452 0.6582
vn 1.0000 0.0000 0.0000
vn 0.5842 0.0000 0.8116
vn -0.7539 -0.6310 -0.1833
vn -0.1261 -0.9877 -0.0928
vn -0.5920 -0.6892 -0.4179
vn -0.3627 -0.7543 -0.5472
vn -0.1512 -0.9837 -0.0970
vn -0.6032 0.5090 -0.6141
vn -0.5915 0.6598 -0.4635
vn -0.7943 -0.5816 -0.1756
vn -0.5936 -0.5755 -0.5626
vn -0.7812 -0.6134 -0.1159
vn -0.7957 -0.5998 -0.0846
vn -0.7344 -0.6605 0.1564
vn -0.7469 -0.6630 -0.0505
vn -0.4320 -0.5605 -0.7066
vn -0.8680 0.2254 0.4424
vn -0.4218 0.7545 -0.5027
vn -0.3372 0.9371 -0.0904
vn -0.2738 0.9613 -0.0302
vn -0.2211 0.9747 -0.0333
vn -0.1948 0.9798 0.0455
vn -0.2464 0.8068 0.5370
vn -0.1871 0.9822 -0.0142
vn -0.4043 0.4901 -0.7722
vn -0.4078 0.4890 -0.7711
vn -0.7896 0.3001 0.5352
vn -0.1826 -0.9831 -0.0083
vn -0.1658 -0.9857 -0.0295
vn -0.1731 -0.9847 0.0177
vn -0.1220 -0.9909 0.0565
vn -0.0459 -0.9959 0.0784
vn -0.1113 -0.9920 -0.0597
vn -0.1316 0.9873 -0.0885
vn -0.1491 0.9836 -0.1016
vn -0.0975 0.9907 -0.0949
vn -0.0886 0.9899 -0.1110
vn -0.3229 0.7894 -0.5221
vn -0.3884 0.8146 0.4307
vn -0.5407 0.7656 0.3486
vn -0.7304 0.6655 0.1539
vn -0.7958 0.6042 -0.0401
vn -0.7863 0.5877 -0.1904
vn -0.2245 -0.9731 -0.0518
vn -0.1343 -0.9871 -0.0869
vn -0.0496 -0.9930 0.1074
vn -0.1478 -0.9851 0.0882
vn -0.2318 -0.9718 0.0435
vn -0.2606 -0.9654 -0.0092
vn 0.6516 0.5963 0.4690
vn 0.8116 0.0000 0.5842
vn 0.1190 -0.6726 0.7303
vn 0.6516 -0.5963 0.4690
vn 0.1190 0.6726 0.7303
vn 0.3175 0.0000 0.9483
vn 0.1608 -0.0000 0.9870
vn 0.0000 0.0000 1.0000
vn -0.0154 0.3902 0.9206
vn -0.0154 -0.3902 0.9206
vn 0.7882 -0.2939 0.5407
vn 0.2445 -0.8016 0.5456
vn 0.4842 -0.0441 -0.8739
vn 0.4515 0.2108 -0.8670
vn 0.6939 0.4301 -0.5775
vn 0.7707 -0.0328 -0.6363
vn 0.9762 -0.0085 -0.2169
vn 0.8091 0.5574 -0.1861
vn 0.7925 0.6022 -0.0968
vn 0.9926 0.0000 -0.1215
vn 0.9854 0.0000 -0.1700
vn 0.7626 0.6334 -0.1314
vn 0.7902 0.6100 -0.0594
vn 0.9972 0.0000 -0.0748
vn 0.7763 0.6033 0.1825
vn 0.9732 0.0000 0.2300
vn 0.5441 0.5097 0.6664
vn 0.6129 0.0000 0.7901
vn 0.7558 0.0000 0.6548
vn 0.7564 0.0821 0.6490
vn 0.7615 0.2065 0.6144
vn 0.2098 0.7515 0.6255
vn 0.4088 -0.7887 -0.4592
vn 0.6948 -0.4567 -0.5556
vn 0.8044 -0.5635 -0.1882
vn 0.3371 -0.9368 -0.0939
vn 0.2760 -0.9606 -0.0325
vn 0.7927 -0.6019 -0.0969
vn 0.7631 -0.6327 -0.1315
vn 0.2226 -0.9742 -0.0358
vn 0.7606 -0.2025 0.6168
vn 0.7562 -0.0812 0.6493
vn 0.1958 -0.9794 0.0489
vn 0.7766 -0.6029 0.1826
vn 0.5443 -0.5091 0.6667
vn 0.2100 -0.7499 0.6274
vn 0.1881 -0.9820 -0.0153
vn 0.7905 -0.6096 -0.0594
vn 0.4061 -0.5746 -0.7106
vn 0.4673 -0.3141 -0.8264
vn 0.7723 -0.0327 -0.6344
vn 0.9756 -0.0086 -0.2192
vn 0.4921 -0.0440 -0.8695
vn 0.3968 0.4673 -0.7901
vn 0.4132 0.7545 -0.5100
vn 0.3371 0.9368 -0.0931
vn 0.2738 0.9613 -0.0322
vn 0.2211 0.9746 -0.0355
vn 0.1871 0.9822 -0.0152
vn 0.1947 0.9797 0.0486
vn 0.4170 -0.5884 -0.6928
vn 0.4134 -0.7935 -0.4466
vn 0.3372 -0.9370 -0.0914
vn 0.2760 -0.9607 -0.0305
vn 0.2226 -0.9743 -0.0336
vn 0.1881 -0.9820 -0.0144
vn 0.1959 -0.9796 0.0459
vn -0.8116 0.0000 0.5842
vn -0.6516 0.5963 0.4690
vn -0.1190 -0.6726 0.7303
vn -0.6516 -0.5963 0.4690
vn -0.1190 0.6726 0.7303
vn -0.3175 0.0000 0.9483
vn -0.1608 -0.0000 0.9870
vn 0.0154 0.3902 0.9206
vn 0.0154 -0.3902 0.9206
vn -0.7882 -0.2939 0.5407
vn -0.2445 -0.8016 0.5456
vn -0.4842 -0.0441 -0.8739
vn -0.7707 -0.0328 -0.6363
vn -0.6939 0.4301 -0.5775
vn -0.4515 0.2108 -0.8670
vn -0.9762 -0.0085 -0.2169
vn -0.9926 0.0000 -0.1215
vn -0.7925 0.6022 -0.0968
vn -0.8091 0.5574 -0.1861
vn -0.9854 0.0000 -0.1700
vn -0.9972 0.0000 -0.0748
vn -0.7902 0.6100 -0.0594
vn -0.7626 0.6334 -0.1314
vn -0.9732 0.0000 0.2300
vn -0.7763 0.6033 0.1825
vn -0.6129 0.0000 0.7901
vn -0.5441 0.5097 0.6664
vn -0.7558 0.0000 0.6548
vn -0.7564 0.0821 0.6490
vn -0.7615 0.2065 0.6144
vn -0.2098 0.7515 0.6255
vn -0.4088 -0.7887 -0.4592
vn -0.3371 -0.9368 -0.0939
vn -0.8044 -0.5635 -0.1882
vn -0.6948 -0.4567 -0.5556
vn -0.2760 -0.9606 -0.0325
vn -0.2226 -0.9742 -0.0358
vn -0.7631 -0.6327 -0.1315
vn -0.7927 -0.6019 -0.0969
vn -0.7606 -0.2025 0.6168
vn -0.7562 -0.0812 0.6493
vn -0.1958 -0.9794 0.0489
vn -0.2100 -0.7499 0.6274
vn -0.5443 -0.5091 0.6667
vn -0.7766 -0.6029 0.1826
vn -0.1881 -0.9820 -0.0153
vn -0.7905 -0.6096 -0.0594
vn -0.4061 -0.5746 -0.7106
vn -0.4673 -0.3141 -0.8264
vn -0.7723 -0.0327 -0.6344
vn -0.9756 -0.0086 -0.2192
vn -0.4921 -0.0440 -0.8695
vn -0.4132 0.7545 -0.5100
vn -0.3968 0.4673 -0.7901
vn -0.2738 0.9613 -0.0322
vn -0.3371 0.9368 -0.0931
vn -0.1871 0.9822 -0.0152
vn -0.2211 0.9746 -0.0355
vn -0.1947 0.9797 0.0486
vn -0.4170 -0.5884 -0.6928
vn -0.4134 -0.7935 -0.4466
vn -0.3372 -0.9370 -0.0914
vn -0.2760 -0.9607 -0.0305
vn -0.2226 -0.9743 -0.0336
vn -0.1881 -0.9820 -0.0144
vn -0.1959 -0.9796 0.0459
vn 0.3327 0.7494 -0.5725
vn 0.1499 0.9841 -0.0951
vn 0.0982 0.9910 -0.0913
vn 0.1283 0.9880 -0.0864
vn -0.3327 0.7494 -0.5725
vn -0.1499 0.9841 -0.0951
vn -0.0982 0.9910 -0.0913
vn -0.1283 0.9880 -0.0864
usemtl Porple.002
s 1
f 3378/3234/1735 3127/3235/1736 2812/3236/1737 3042/3237/1738
f 3080/3238/1739 3056/3239/1740 2745/3240/1741 3002/3241/1742
f 3001/3242/1743 3002/3241/1742 2745/3240/1741 2746/3243/1744
f 3042/3237/1738 2810/3244/1745 2752/3245/1746 3041/3246/1747
f 2813/3247/1748 2811/3248/1749 2809/3249/1750
f 2745/3240/1741 3056/3250/1740 2749/3251/1751
f 2835/3252/1752 2813/3247/1748 2809/3249/1750 2849/3253/1753
f 2746/3243/1744 2745/3240/1741 2749/3251/1751 2750/3254/1754
f 3041/3246/1747 2752/3245/1746 2756/3255/1755 3043/3256/1756
f 2749/3251/1751 3056/3257/1740 2753/3258/1757
f 2836/3259/1758 2751/3260/1759 2755/3261/1760 2837/3262/1761
f 2750/3254/1754 2749/3251/1751 2753/3258/1757 2754/3263/1762
f 2753/3258/1757 3056/3264/1740 2757/3265/1763
f 2837/3262/1761 2755/3261/1760 2759/3266/1764 2838/3267/1765
f 2754/3263/1762 2753/3258/1757 2757/3265/1763 2758/3268/1766
f 3043/3256/1756 2756/3255/1755 2760/3269/1767 3044/3270/1768
f 2838/3267/1765 2759/3266/1764 2769/3271/1769 2839/3272/1770
f 2758/3268/1766 2757/3265/1763 2761/3273/1771 2762/3274/1772
f 3044/3270/1768 2760/3269/1767 2770/3275/1773 3045/3276/1774
f 2757/3265/1763 3056/3277/1740 2761/3273/1771
f 2762/3274/1772 2761/3273/1771 2765/3278/1775 2766/3279/1776
f 3045/3276/1774 2770/3275/1773 2768/3280/1777 3046/3281/1778
f 2761/3273/1771 3056/3282/1740 2765/3278/1775
f 2765/3278/1779 3056/3283/1780 3387/3284/1781
f 2820/3285/1782 2764/3286/1783 2770/3275/1773 2819/3287/1784
f 2764/3286/1783 2771/3288/1785 2768/3280/1777 2770/3275/1773
f 2767/3289/1786 2763/3290/1787 2769/3271/1769 2772/3291/1788
f 3392/3292/1789 2767/3289/1786 2772/3291/1788 3390/3293/1790
f 2793/3294/1791 2794/3295/1792 2792/3296/1793 2790/3297/1794
f 2796/3298/1795 2795/3299/1796 2789/3300/1797 2791/3301/1798
f 2847/3302/1799 2796/3298/1795 2791/3301/1798 2846/3303/1800
f 3403/3304/1791 2793/3294/1791 2790/3297/1794 3401/3305/1789
f 2849/3253/1753 2809/3249/1750 2751/3260/1759 2836/3259/1758
f 2810/3244/1745 3042/3237/1738 2812/3236/1737
f 2812/3236/1737 2814/3306/1801 2810/3244/1745
f 2812/3236/1737 3127/3235/1736 3134/3307/1802 2814/3306/1801
f 2748/3308/1803 3130/3309/1804 3055/3310/1805
f 2850/3311/1806 2747/3312/1807 2813/3247/1748 2835/3252/1752
f 3130/3309/1804 2748/3308/1803 2814/3306/1801 3134/3307/1802
f 2748/3308/1803 2832/3313/1808 2815/3314/1809 2814/3306/1801
f 2810/3244/1745 2831/3315/1810 2816/3316/1811 2752/3245/1746
f 2794/3295/1792 2827/3317/1799 2826/3318/1800 2792/3296/1793
f 2760/3269/1767 2818/3319/1812 2819/3287/1784 2770/3275/1773
f 2756/3255/1755 2817/3320/1813 2818/3319/1812 2760/3269/1767
f 2752/3245/1746 2816/3316/1811 2817/3320/1813 2756/3255/1755
f 2814/3306/1801 2815/3314/1809 2831/3315/1810 2810/3244/1745
f 3055/3310/1805 3135/3321/1814 2832/3313/1808 2748/3308/1803
f 2763/3290/1787 2840/3322/1815 2839/3272/1770 2769/3271/1769
f 2958/3323/1816 2850/3311/1806 2835/3252/1752 2943/3324/1817
f 2957/3325/1818 2849/3253/1753 2836/3259/1758 2944/3326/1819
f 2955/3327/1799 2847/3302/1799 2846/3303/1800 2954/3328/1800
f 2946/3329/1820 2838/3267/1765 2839/3272/1770 2947/3330/1821
f 2945/3331/1822 2837/3262/1761 2838/3267/1765 2946/3329/1820
f 2944/3326/1819 2836/3259/1758 2837/3262/1761 2945/3331/1822
f 2943/3324/1817 2835/3252/1752 2849/3253/1753 2957/3325/1818
f 3270/3332/1823 3156/3333/1824 2850/3311/1806 2958/3323/1816
f 2840/3322/1815 2948/3334/1825 2947/3330/1821 2839/3272/1770
f 3061/3335/1826 2959/3336/1827 2961/3337/1828
f 3061/3338/1826 2961/3337/1828 2962/3339/1829
f 3061/3340/1826 2962/3339/1829 2963/3341/1830
f 3061/3342/1826 2963/3341/1830 2964/3343/1831
f 3061/3344/1826 3293/3345/1832 2960/3346/1833
f 2747/3312/1807 3005/3347/1834 3004/3348/1835 2813/3247/1748
f 2813/3247/1748 3004/3348/1835 3003/3349/1836 2811/3248/1749
f 2811/3248/1749 3003/3349/1836 3001/3242/1743 2746/3243/1744
f 3053/3350/1837 3080/3238/1739 3002/3241/1742 3001/3242/1743
f 3007/3351/1838 3005/3347/1834 2747/3312/1807
f 3007/3351/1838 2747/3312/1807 2850/3311/1806 3156/3333/1824
f 2769/3271/1769 3039/3352/1839 3040/3353/1840 2772/3291/1788
f 2759/3266/1764 3038/3354/1841 3039/3352/1839 2769/3271/1769
f 2755/3261/1760 3037/3355/1842 3038/3354/1841 2759/3266/1764
f 2751/3260/1759 3036/3356/1843 3037/3355/1842 2755/3261/1760
f 2746/3243/1744 3036/3356/1843 2751/3260/1759
f 2751/3260/1759 2809/3249/1750 2811/3248/1749 2746/3243/1744
f 3061/3357/1826 2960/3346/1833 2959/3336/1827
f 3047/3358/1844 3048/3359/1845 3042/3237/1738 3041/3246/1747
f 3048/3359/1845 3385/3360/1846 3378/3234/1735 3042/3237/1738
f 2960/3346/1833 3293/3345/1832 3385/3360/1846 3048/3359/1845
f 3426/3361/1847 2964/3343/1831 3052/3362/1848 3427/3363/1849
f 2964/3343/1831 2963/3341/1830 3051/3364/1850 3052/3362/1848
f 2963/3341/1830 2962/3339/1829 3050/3365/1851 3051/3364/1850
f 2962/3339/1829 2961/3337/1828 3049/3366/1852 3050/3365/1851
f 2961/3337/1828 2959/3336/1827 3047/3358/1844 3049/3366/1852
f 2959/3336/1827 2960/3346/1833 3048/3359/1845 3047/3358/1844
f 3040/3353/1853 3425/3367/1853 3390/3293/1790 2772/3291/1788
f 2795/3299/1796 3404/3368/1796 3402/3369/1854 2789/3300/1797
f 2771/3288/1785 3391/3370/1854 3389/3371/1855 2768/3280/1777
f 3046/3281/1778 2768/3280/1777 3389/3371/1855 3388/3372/1856
f 2766/3279/1857 2765/3278/1779 3387/3284/1781 3386/3373/1858
f 3426/3361/1847 3061/3374/1826 2964/3343/1831
f 3378/3234/1735 3373/3375/1859 3128/3376/1860 3127/3235/1861
f 3080/3238/1862 3333/3377/1863 3057/3378/1864 3056/3239/1865
f 3332/3379/1866 3058/3380/1867 3057/3378/1864 3333/3377/1863
f 3373/3375/1859 3372/3381/1868 3065/3382/1869 3124/3383/1870
f 3131/3384/1871 3123/3385/1872 3126/3386/1873
f 3057/3378/1864 3062/3387/1874 3056/3250/1865
f 3157/3388/1875 3171/3389/1876 3123/3385/1872 3131/3384/1871
f 3058/3380/1867 3063/3390/1877 3062/3387/1874 3057/3378/1864
f 3372/3381/1868 3374/3391/1878 3069/3392/1879 3065/3382/1869
f 3062/3387/1874 3066/3393/1880 3056/3257/1865
f 3158/3394/1881 3159/3395/1882 3068/3396/1883 3064/3397/1884
f 3063/3390/1877 3067/3398/1885 3066/3393/1880 3062/3387/1874
f 3066/3393/1880 3070/3399/1886 3056/3264/1865
f 3159/3395/1882 3160/3400/1887 3072/3401/1888 3068/3396/1883
f 3067/3398/1885 3071/3402/1889 3070/3399/1886 3066/3393/1880
f 3374/3391/1878 3375/3403/1890 3073/3404/1891 3069/3392/1879
f 3160/3400/1887 3161/3405/1892 3083/3406/1893 3072/3401/1888
f 3071/3402/1889 3075/3407/1894 3074/3408/1895 3070/3399/1886
f 3375/3403/1890 3376/3409/1896 3084/3410/1897 3073/3404/1891
f 3070/3399/1886 3074/3408/1895 3056/3277/1865
f 3075/3407/1894 3079/3411/1898 3078/3412/1899 3074/3408/1895
f 3376/3409/1896 3377/3413/1900 3082/3414/1901 3084/3410/1897
f 3074/3408/1895 3078/3412/1899 3056/3282/1865
f 3078/3412/1779 3387/3284/1781 3056/3283/1780
f 3141/3415/1902 3140/3416/1903 3084/3410/1897 3077/3417/1904
f 3077/3417/1904 3084/3410/1897 3082/3414/1901 3085/3418/1905
f 3081/3419/1906 3086/3420/1907 3083/3406/1893 3076/3421/1908
f 3392/3292/1789 3390/3293/1790 3086/3420/1907 3081/3419/1906
f 3107/3422/1791 3104/3423/1909 3106/3424/1910 3108/3425/1911
f 3110/3426/1912 3105/3427/1913 3103/3428/1914 3109/3429/1796
f 3169/3430/1915 3168/3431/1916 3105/3427/1913 3110/3426/1912
f 3403/3304/1791 3401/3305/1789 3104/3423/1909 3107/3422/1791
f 3171/3389/1876 3158/3394/1881 3064/3397/1884 3123/3385/1872
f 3124/3383/1870 3128/3376/1860 3373/3375/1859
f 3128/3376/1860 3124/3383/1870 3132/3432/1917
f 3128/3376/1860 3132/3432/1917 3134/3307/1918 3127/3235/1861
f 3060/3433/1919 3055/3310/1920 3130/3309/1921
f 3172/3434/1922 3157/3388/1875 3131/3384/1871 3059/3435/1923
f 3130/3309/1921 3134/3307/1918 3132/3432/1917 3060/3433/1919
f 3060/3433/1919 3132/3432/1917 3136/3436/1924 3153/3437/1925
f 3124/3383/1870 3065/3382/1869 3137/3438/1926 3152/3439/1927
f 3108/3425/1911 3106/3424/1910 3147/3440/1916 3148/3441/1915
f 3073/3404/1891 3084/3410/1897 3140/3416/1903 3139/3442/1928
f 3069/3392/1879 3073/3404/1891 3139/3442/1928 3138/3443/1929
f 3065/3382/1869 3069/3392/1879 3138/3443/1929 3137/3438/1926
f 3132/3432/1917 3124/3383/1870 3152/3439/1927 3136/3436/1924
f 3055/3310/1920 3060/3433/1919 3153/3437/1925 3135/3321/1930
f 3076/3421/1908 3083/3406/1893 3161/3405/1892 3162/3444/1931
f 3286/3445/1932 3271/3446/1933 3157/3388/1875 3172/3434/1922
f 3285/3447/1934 3272/3448/1935 3158/3394/1881 3171/3389/1876
f 3283/3449/1915 3282/3450/1916 3168/3431/1916 3169/3430/1915
f 3274/3451/1936 3275/3452/1937 3161/3405/1892 3160/3400/1887
f 3273/3453/1938 3274/3451/1936 3160/3400/1887 3159/3395/1882
f 3272/3448/1935 3273/3453/1938 3159/3395/1882 3158/3394/1881
f 3271/3446/1933 3285/3447/1934 3171/3389/1876 3157/3388/1875
f 3270/3332/1939 3286/3445/1932 3172/3434/1922 3156/3333/1940
f 3162/3444/1931 3161/3405/1892 3275/3452/1937 3276/3454/1941
f 3061/3335/1826 3289/3455/1942 3287/3456/1943
f 3061/3338/1826 3290/3457/1944 3289/3455/1942
f 3061/3340/1826 3291/3458/1945 3290/3457/1944
f 3061/3342/1826 3292/3459/1946 3291/3458/1945
f 3061/3344/1826 3288/3460/1947 3293/3345/1832
f 3059/3435/1923 3131/3384/1871 3335/3461/1948 3336/3462/1949
f 3131/3384/1871 3126/3386/1873 3334/3463/1950 3335/3461/1948
f 3126/3386/1873 3058/3380/1867 3332/3379/1866 3334/3463/1950
f 3053/3350/1951 3332/3379/1866 3333/3377/1863 3080/3238/1862
f 3338/3464/1952 3059/3435/1923 3336/3462/1949
f 3338/3464/1952 3156/3333/1940 3172/3434/1922 3059/3435/1923
f 3083/3406/1893 3086/3420/1907 3371/3465/1953 3370/3466/1954
f 3072/3401/1888 3083/3406/1893 3370/3466/1954 3369/3467/1955
f 3068/3396/1883 3072/3401/1888 3369/3467/1955 3368/3468/1956
f 3064/3397/1884 3068/3396/1883 3368/3468/1956 3367/3469/1957
f 3058/3380/1867 3064/3397/1884 3367/3469/1957
f 3064/3397/1884 3058/3380/1867 3126/3386/1873 3123/3385/1872
f 3061/3357/1826 3287/3456/1943 3288/3460/1947
f 3379/3470/1958 3372/3381/1868 3373/3375/1859 3380/3471/1959
f 3380/3471/1959 3373/3375/1859 3378/3234/1735 3385/3360/1846
f 3288/3460/1947 3380/3471/1959 3385/3360/1846 3293/3345/1832
f 3426/3361/1847 3427/3363/1849 3384/3472/1960 3292/3459/1946
f 3292/3459/1946 3384/3472/1960 3383/3473/1961 3291/3458/1945
f 3291/3458/1945 3383/3473/1961 3382/3474/1962 3290/3457/1944
f 3290/3457/1944 3382/3474/1962 3381/3475/1963 3289/3455/1942
f 3289/3455/1942 3381/3475/1963 3379/3470/1958 3287/3456/1943
f 3287/3456/1943 3379/3470/1958 3380/3471/1959 3288/3460/1947
f 3371/3465/1853 3086/3420/1907 3390/3293/1790 3425/3367/1853
f 3109/3429/1796 3103/3428/1914 3402/3369/1854 3404/3368/1796
f 3085/3418/1905 3082/3414/1901 3389/3371/1855 3391/3370/1854
f 3377/3413/1900 3388/3372/1856 3389/3371/1855 3082/3414/1901
f 3079/3411/1857 3386/3373/1858 3387/3284/1781 3078/3412/1779
f 3426/3361/1847 3292/3459/1946 3061/3374/1826
usemtl DarkPorple.004
f 2843/3476/1915 2781/3477/1911 2785/3478/1964 2841/3479/1965
f 3398/3480/1796 2782/3481/1796 2774/3482/1966 3393/3483/1854
f 2782/3481/1796 2783/3484/1912 2786/3485/1967 2774/3482/1966
f 2781/3477/1911 2784/3486/1791 2773/3487/1968 2785/3478/1964
f 2763/3290/1787 2767/3289/1786 2780/3488/1791 2778/3489/1911
f 2771/3288/1785 2764/3286/1783 2777/3490/1912 2779/3491/1796
f 3391/3370/1854 2771/3288/1785 2779/3491/1796 3396/3492/1796
f 2840/3322/1815 2763/3290/1787 2778/3489/1911 2842/3493/1915
f 3022/3494/1911 3035/3495/1791 2784/3486/1791 2781/3477/1911
f 3023/3496/1796 3034/3497/1912 2783/3484/1912 2782/3481/1796
f 3423/3498/1796 3023/3496/1796 2782/3481/1796 3398/3480/1796
f 3025/3499/1915 3022/3494/1911 2781/3477/1911 2843/3476/1915
f 2830/3500/1969 2805/3501/1969 2786/3485/1967 2821/3502/1965
f 2805/3501/1969 2806/3503/1970 2774/3482/1966 2786/3485/1967
f 3409/3504/1971 2808/3505/1970 2773/3487/1968 3394/3506/1789
f 3406/3507/1791 2797/3508/1791 2793/3294/1791 3403/3304/1791
f 2848/3509/1799 2799/3510/1795 2796/3298/1795 2847/3302/1799
f 2799/3510/1795 2798/3511/1796 2795/3299/1796 2796/3298/1795
f 2797/3508/1791 2800/3512/1792 2794/3295/1792 2793/3294/1791
f 2787/3513/1968 2776/3514/1972 2800/3512/1792 2797/3508/1791
f 2775/3515/1973 2788/3516/1966 2798/3511/1796 2799/3510/1795
f 2844/3517/1800 2775/3515/1973 2799/3510/1795 2848/3509/1799
f 3399/3518/1789 2787/3513/1968 2797/3508/1791 3406/3507/1791
f 3400/3519/1854 2788/3516/1966 2804/3520/1970 3407/3521/1971
f 2788/3516/1966 2775/3515/1973 2801/3522/1969 2804/3520/1970
f 2776/3514/1972 2787/3513/1968 2803/3523/1970 2802/3524/1969
f 2824/3525/1800 2776/3514/1972 2802/3524/1969 2829/3526/1969
f 3407/3521/1971 2804/3520/1970 2808/3505/1970 3409/3504/1971
f 2804/3520/1970 2801/3522/1969 2807/3527/1969 2808/3505/1970
f 2802/3524/1969 2803/3523/1970 2806/3503/1970 2805/3501/1969
f 2829/3526/1969 2802/3524/1969 2805/3501/1969 2830/3500/1969
f 2999/3528/1969 2829/3526/1969 2830/3500/1969 3000/3529/1969
f 2992/3530/1800 2824/3525/1800 2829/3526/1969 2999/3528/1969
f 2776/3514/1972 2824/3525/1800 2828/3531/1799 2800/3512/1792
f 2800/3512/1792 2828/3531/1799 2827/3317/1799 2794/3295/1792
f 3000/3529/1969 2830/3500/1969 2821/3502/1965 2989/3532/1965
f 3034/3497/1912 3024/3533/1915 2823/3534/1915 2783/3484/1912
f 2764/3286/1783 2820/3285/1782 2822/3535/1915 2777/3490/1912
f 2988/3536/1974 2820/3285/1782 2819/3287/1784 2987/3537/1975
f 2783/3484/1912 2823/3534/1915 2821/3502/1965 2786/3485/1967
f 2775/3515/1973 2844/3517/1800 2833/3538/1969 2801/3522/1969
f 2801/3522/1969 2833/3538/1969 2834/3539/1969 2807/3527/1969
f 2952/3540/1800 2844/3517/1800 2848/3509/1799 2956/3541/1799
f 2956/3541/1799 2848/3509/1799 2847/3302/1799 2955/3327/1799
f 3031/3542/1915 3025/3499/1915 2843/3476/1915 2951/3543/1915
f 2948/3334/1825 2840/3322/1815 2842/3493/1915 2950/3544/1915
f 2951/3543/1915 2843/3476/1915 2841/3479/1965 2949/3545/1965
f 3213/3546/1976 3173/3547/1977 2866/3548/1978 2904/3549/1979
f 2889/3550/1980 2851/3551/1981 2865/3552/1982 2903/3553/1983
f 2890/3554/1984 2852/3555/1985 2853/3556/1986 2891/3557/1987
f 2891/3557/1987 2853/3556/1986 2854/3558/1988 2892/3559/1989
f 2892/3559/1989 2854/3558/1988 2855/3560/1990 2893/3561/1991
f 2897/3562/1915 2859/3563/1915 2857/3564/1965 2895/3565/1965
f 2894/3566/1992 2856/3567/1993 2858/3568/1915 2896/3569/1915
f 3028/3570/1915 3026/3571/1915 2859/3563/1915 2897/3562/1915
f 2901/3572/1799 2863/3573/1799 2862/3574/1800 2900/3575/1800
f 2902/3576/1799 2864/3577/1799 2863/3573/1799 2901/3572/1799
f 2898/3578/1800 2860/3579/1800 2864/3577/1799 2902/3576/1799
f 2903/3553/1983 2865/3552/1982 2852/3555/1985 2890/3554/1984
f 2904/3549/1979 2866/3548/1978 2851/3551/1981 2889/3550/1980
f 2930/3580/1994 2856/3567/1993 2855/3560/1990 2929/3581/1995
f 2924/3582/1969 2868/3583/1969 2857/3564/1965 2931/3584/1965
f 2934/3585/1800 2860/3579/1800 2867/3586/1969 2923/3587/1969
f 2923/3587/1969 2867/3586/1969 2868/3583/1969 2924/3582/1969
f 2980/3588/1996 2884/3589/1997 2869/3590/1998 2965/3591/1999
f 2979/3592/2000 2883/3593/2001 2870/3594/2002 2966/3595/2003
f 2974/3596/1800 2878/3597/1800 2882/3598/1799 2978/3599/1799
f 2978/3599/1799 2882/3598/1799 2881/3600/1799 2977/3601/1799
f 2977/3601/1799 2881/3600/1799 2880/3602/1800 2976/3603/1800
f 3032/3604/1915 3027/3605/1915 2877/3606/1915 2973/3607/1915
f 2970/3608/2004 2874/3609/2005 2876/3610/1915 2972/3611/1915
f 2973/3607/1915 2877/3606/1915 2875/3612/1965 2971/3613/1965
f 2968/3614/2006 2872/3615/2007 2873/3616/2008 2969/3617/2009
f 2967/3618/2010 2871/3619/2011 2872/3615/2007 2968/3614/2006
f 2966/3595/2003 2870/3594/2002 2871/3619/2011 2967/3618/2010
f 2965/3591/1999 2869/3590/1998 2883/3593/2001 2979/3592/2000
f 3294/3620/2012 3192/3621/2013 2884/3589/1997 2980/3588/1996
f 2910/3622/1992 2874/3609/2005 2873/3616/2008 2909/3623/1991
f 2922/3624/1969 2886/3625/1969 2875/3612/1965 2911/3626/1965
f 2914/3627/1800 2878/3597/1800 2885/3628/1969 2921/3629/1969
f 2921/3629/1969 2885/3628/1969 2886/3625/1969 2922/3624/1969
f 2867/3586/1969 2887/3630/1969 2888/3631/1969 2868/3583/1969
f 2860/3579/1800 2898/3578/1800 2887/3630/1969 2867/3586/1969
f 2868/3583/1969 2888/3631/1969 2895/3565/1965 2857/3564/1965
f 2856/3567/1993 2894/3566/1992 2893/3561/1991 2855/3560/1990
f 2920/3632/2014 2904/3549/1979 2889/3550/1980 2905/3633/2015
f 2919/3634/1983 2903/3553/1983 2890/3554/1984 2906/3635/1984
f 2914/3627/1800 2898/3578/1800 2902/3576/1799 2918/3636/1799
f 2918/3636/1799 2902/3576/1799 2901/3572/1799 2917/3637/1799
f 2917/3637/1799 2901/3572/1799 2900/3575/1800 2916/3638/1800
f 3029/3639/1915 3028/3570/1915 2897/3562/1915 2913/3640/1915
f 2910/3622/1992 2894/3566/1992 2896/3569/1915 2912/3641/1915
f 2913/3640/1915 2897/3562/1915 2895/3565/1965 2911/3626/1965
f 2908/3642/1989 2892/3559/1989 2893/3561/1991 2909/3623/1991
f 2907/3643/1987 2891/3557/1987 2892/3559/1989 2908/3642/1989
f 2906/3635/1984 2890/3554/1984 2891/3557/1987 2907/3643/1987
f 2905/3633/2015 2889/3550/1980 2903/3553/1983 2919/3634/1983
f 3230/3644/2016 3213/3546/1976 2904/3549/1979 2920/3632/2014
f 3192/3621/2013 3230/3644/2016 2920/3632/2014 2884/3589/1997
f 2869/3590/1998 2905/3633/2015 2919/3634/1983 2883/3593/2001
f 2870/3594/2002 2906/3635/1984 2907/3643/1987 2871/3619/2011
f 2871/3619/2011 2907/3643/1987 2908/3642/1989 2872/3615/2007
f 2872/3615/2007 2908/3642/1989 2909/3623/1991 2873/3616/2008
f 2877/3606/1915 2913/3640/1915 2911/3626/1965 2875/3612/1965
f 2874/3609/2005 2910/3622/1992 2912/3641/1915 2876/3610/1915
f 3027/3605/1915 3029/3639/1915 2913/3640/1915 2877/3606/1915
f 2881/3600/1799 2917/3637/1799 2916/3638/1800 2880/3602/1800
f 2882/3598/1799 2918/3636/1799 2917/3637/1799 2881/3600/1799
f 2878/3597/1800 2914/3627/1800 2918/3636/1799 2882/3598/1799
f 2883/3593/2001 2919/3634/1983 2906/3635/1984 2870/3594/2002
f 2884/3589/1997 2920/3632/2014 2905/3633/2015 2869/3590/1998
f 2887/3630/1969 2921/3629/1969 2922/3624/1969 2888/3631/1969
f 2898/3578/1800 2914/3627/1800 2921/3629/1969 2887/3630/1969
f 2888/3631/1969 2922/3624/1969 2911/3626/1965 2895/3565/1965
f 2894/3566/1992 2910/3622/1992 2909/3623/1991 2893/3561/1991
f 2941/3645/1969 2923/3587/1969 2924/3582/1969 2942/3646/1969
f 2952/3540/1800 2934/3585/1800 2923/3587/1969 2941/3645/1969
f 2942/3646/1969 2924/3582/1969 2931/3584/1965 2949/3545/1965
f 2948/3334/1825 2930/3580/1994 2929/3581/1995 2947/3330/1821
f 3173/3547/1977 3251/3647/2017 2940/3648/2018 2866/3548/1978
f 2851/3551/1981 2925/3649/2019 2939/3650/2020 2865/3552/1982
f 2852/3555/1985 2926/3651/2021 2927/3652/2022 2853/3556/1986
f 2853/3556/1986 2927/3652/2022 2928/3653/2023 2854/3558/1988
f 2854/3558/1988 2928/3653/2023 2929/3581/1995 2855/3560/1990
f 2859/3563/1915 2933/3654/1915 2931/3584/1965 2857/3564/1965
f 2856/3567/1993 2930/3580/1994 2932/3655/1915 2858/3568/1915
f 3026/3571/1915 3030/3656/1915 2933/3654/1915 2859/3563/1915
f 2863/3573/1799 2937/3657/1799 2936/3658/1800 2862/3574/1800
f 2864/3577/1799 2938/3659/1799 2937/3657/1799 2863/3573/1799
f 2860/3579/1800 2934/3585/1800 2938/3659/1799 2864/3577/1799
f 2865/3552/1982 2939/3650/2020 2926/3651/2021 2852/3555/1985
f 2866/3548/1978 2940/3648/2018 2925/3649/2019 2851/3551/1981
f 2834/3539/1969 2942/3646/1969 2949/3545/1965 2841/3479/1965
f 2844/3517/1800 2952/3540/1800 2941/3645/1969 2833/3538/1969
f 2833/3538/1969 2941/3645/1969 2942/3646/1969 2834/3539/1969
f 3251/3647/2017 3270/3332/1823 2958/3323/1816 2940/3648/2018
f 2925/3649/2019 2943/3324/1817 2957/3325/1818 2939/3650/2020
f 2926/3651/2021 2944/3326/1819 2945/3331/1822 2927/3652/2022
f 2927/3652/2022 2945/3331/1822 2946/3329/1820 2928/3653/2023
f 2928/3653/2023 2946/3329/1820 2947/3330/1821 2929/3581/1995
f 2933/3654/1915 2951/3543/1915 2949/3545/1965 2931/3584/1965
f 2930/3580/1994 2948/3334/1825 2950/3544/1915 2932/3655/1915
f 3030/3656/1915 3031/3542/1915 2951/3543/1915 2933/3654/1915
f 2937/3657/1799 2955/3327/1799 2954/3328/1800 2936/3658/1800
f 2938/3659/1799 2956/3541/1799 2955/3327/1799 2937/3657/1799
f 2934/3585/1800 2952/3540/1800 2956/3541/1799 2938/3659/1799
f 2939/3650/2020 2957/3325/1818 2944/3326/1819 2926/3651/2021
f 2940/3648/2018 2958/3323/1816 2943/3324/1817 2925/3649/2019
f 3313/3660/2024 3294/3620/2012 2980/3588/1996 2998/3661/2025
f 2983/3662/2026 2965/3591/1999 2979/3592/2000 2997/3663/2027
f 2984/3664/2028 2966/3595/2003 2967/3618/2010 2985/3665/2029
f 2985/3665/2029 2967/3618/2010 2968/3614/2006 2986/3666/2030
f 2986/3666/2030 2968/3614/2006 2969/3617/2009 2987/3537/1975
f 2991/3667/1915 2973/3607/1915 2971/3613/1965 2989/3532/1965
f 2988/3536/1974 2970/3608/2004 2972/3611/1915 2990/3668/1915
f 3033/3669/1915 3032/3604/1915 2973/3607/1915 2991/3667/1915
f 2995/3670/1799 2977/3601/1799 2976/3603/1800 2994/3671/1800
f 2996/3672/1799 2978/3599/1799 2977/3601/1799 2995/3670/1799
f 2992/3530/1800 2974/3596/1800 2978/3599/1799 2996/3672/1799
f 2997/3663/2027 2979/3592/2000 2966/3595/2003 2984/3664/2028
f 2998/3661/2025 2980/3588/1996 2965/3591/1999 2983/3662/2026
f 2874/3609/2005 2970/3608/2004 2969/3617/2009 2873/3616/2008
f 2886/3625/1969 2982/3673/1969 2971/3613/1965 2875/3612/1965
f 2878/3597/1800 2974/3596/1800 2981/3674/1969 2885/3628/1969
f 2885/3628/1969 2981/3674/1969 2982/3673/1969 2886/3625/1969
f 2832/3313/1808 2998/3661/2025 2983/3662/2026 2815/3314/1809
f 2831/3315/1810 2997/3663/2027 2984/3664/2028 2816/3316/1811
f 2824/3525/1800 2992/3530/1800 2996/3672/1799 2828/3531/1799
f 2828/3531/1799 2996/3672/1799 2995/3670/1799 2827/3317/1799
f 2827/3317/1799 2995/3670/1799 2994/3671/1800 2826/3318/1800
f 3024/3533/1915 3033/3669/1915 2991/3667/1915 2823/3534/1915
f 2820/3285/1782 2988/3536/1974 2990/3668/1915 2822/3535/1915
f 2823/3534/1915 2991/3667/1915 2989/3532/1965 2821/3502/1965
f 2818/3319/1812 2986/3666/2030 2987/3537/1975 2819/3287/1784
f 2817/3320/1813 2985/3665/2029 2986/3666/2030 2818/3319/1812
f 2816/3316/1811 2984/3664/2028 2985/3665/2029 2817/3320/1813
f 2815/3314/1809 2983/3662/2026 2997/3663/2027 2831/3315/1810
f 3135/3321/1814 3313/3660/2024 2998/3661/2025 2832/3313/1808
f 2970/3608/2004 2988/3536/1974 2987/3537/1975 2969/3617/2009
f 2982/3673/1969 3000/3529/1969 2989/3532/1965 2971/3613/1965
f 2974/3596/1800 2992/3530/1800 2999/3528/1969 2981/3674/1969
f 2981/3674/1969 2999/3528/1969 3000/3529/1969 2982/3673/1969
f 2807/3527/1969 2834/3539/1969 2841/3479/1965 2785/3478/1964 2773/3487/1968 2808/3505/1970
f 2822/3535/1915 2990/3668/1915 3021/3675/1915 3012/3676/1915
f 2990/3668/1915 2972/3611/1915 3020/3677/1915 3021/3675/1915
f 2932/3655/1915 2950/3544/1915 3019/3678/1915 3018/3679/1915
f 2858/3568/1915 2932/3655/1915 3018/3679/1915 3014/3680/1915
f 2876/3610/1915 2912/3641/1915 3017/3681/1915 3015/3682/1915
f 2912/3641/1915 2896/3569/1915 3016/3683/1915 3017/3681/1915
f 2972/3611/1915 2876/3610/1915 3015/3682/1915 3020/3677/1915
f 2896/3569/1915 2858/3568/1915 3014/3680/1915 3016/3683/1915
f 2950/3544/1915 2842/3493/1915 3013/3684/1915 3019/3678/1915
f 2777/3490/1912 2822/3535/1915 3012/3676/1915 3008/3685/1912
f 2842/3493/1915 2778/3489/1911 3010/3686/1911 3013/3684/1915
f 3396/3492/1796 2779/3491/1796 3011/3687/1796 3421/3688/1796
f 2779/3491/1796 2777/3490/1912 3008/3685/1912 3011/3687/1796
f 2778/3489/1911 2780/3488/1791 3009/3689/1791 3010/3686/1911
f 2780/3488/1791 3395/3690/1791 3422/3691/1791 3009/3689/1791
f 2803/3523/1970 3408/3692/1971 3410/3693/1971 2806/3503/1970
f 2787/3513/1968 3399/3518/1789 3408/3692/1971 2803/3523/1970
f 2788/3516/1966 3400/3519/1854 3405/3694/1796 2798/3511/1796
f 2798/3511/1796 3405/3694/1796 3404/3368/1796 2795/3299/1796
f 2806/3503/1970 3410/3693/1971 3393/3483/1854 2774/3482/1966
f 3035/3495/1791 3424/3695/1791 3397/3696/1791 2784/3486/1791
f 2767/3289/1786 3392/3292/1789 3395/3690/1791 2780/3488/1791
f 2784/3486/1791 3397/3696/1791 3394/3506/1789 2773/3487/1968
f 3165/3697/1799 3163/3698/2031 3099/3699/2032 3095/3700/1792
f 3398/3480/1796 3393/3483/1854 3088/3701/2033 3096/3702/1796
f 3096/3702/1796 3088/3701/2033 3100/3703/2034 3097/3704/1795
f 3095/3700/1792 3099/3699/2032 3087/3705/2035 3098/3706/1791
f 3076/3421/1908 3092/3707/1792 3094/3708/1791 3081/3419/1906
f 3085/3418/1905 3093/3709/1796 3091/3710/1795 3077/3417/1904
f 3391/3370/1854 3396/3492/1796 3093/3709/1796 3085/3418/1905
f 3162/3444/1931 3164/3711/1799 3092/3707/1792 3076/3421/1908
f 3353/3712/1792 3095/3700/1792 3098/3706/1791 3366/3713/1791
f 3354/3714/1796 3096/3702/1796 3097/3704/1795 3365/3715/1795
f 3423/3498/1796 3398/3480/1796 3096/3702/1796 3354/3714/1796
f 3356/3716/1799 3165/3697/1799 3095/3700/1792 3353/3712/1792
f 3151/3717/2036 3142/3718/2031 3100/3703/2034 3119/3719/2036
f 3119/3719/2036 3100/3703/2034 3088/3701/2033 3120/3720/2037
f 3409/3504/1971 3394/3506/1789 3087/3705/2035 3122/3721/2037
f 3406/3507/1791 3403/3304/1791 3107/3422/1791 3111/3722/1791
f 3170/3723/1915 3169/3430/1915 3110/3426/1912 3113/3724/1912
f 3113/3724/1912 3110/3426/1912 3109/3429/1796 3112/3725/1796
f 3111/3722/1791 3107/3422/1791 3108/3425/1911 3114/3726/1911
f 3101/3727/2035 3111/3722/1791 3114/3726/1911 3090/3728/2038
f 3089/3729/2039 3113/3724/1912 3112/3725/1796 3102/3730/2033
f 3166/3731/1916 3170/3723/1915 3113/3724/1912 3089/3729/2039
f 3399/3518/1789 3406/3507/1791 3111/3722/1791 3101/3727/2035
f 3400/3519/1854 3407/3521/1971 3118/3732/2037 3102/3730/2033
f 3102/3730/2033 3118/3732/2037 3115/3733/2036 3089/3729/2039
f 3090/3728/2038 3116/3734/2036 3117/3735/2037 3101/3727/2035
f 3145/3736/1916 3150/3737/2036 3116/3734/2036 3090/3728/2038
f 3407/3521/1971 3409/3504/1971 3122/3721/2037 3118/3732/2037
f 3118/3732/2037 3122/3721/2037 3121/3738/2036 3115/3733/2036
f 3116/3734/2036 3119/3719/2036 3120/3720/2037 3117/3735/2037
f 3150/3737/2036 3151/3717/2036 3119/3719/2036 3116/3734/2036
f 3330/3739/2036 3331/3740/2036 3151/3717/2036 3150/3737/2036
f 3323/3741/1916 3330/3739/2036 3150/3737/2036 3145/3736/1916
f 3090/3728/2038 3114/3726/1911 3149/3742/1915 3145/3736/1916
f 3114/3726/1911 3108/3425/1911 3148/3441/1915 3149/3742/1915
f 3331/3740/2036 3320/3743/2031 3142/3718/2031 3151/3717/2036
f 3365/3715/1795 3097/3704/1795 3144/3744/1799 3355/3745/1799
f 3077/3417/1904 3091/3710/1795 3143/3746/1799 3141/3415/1902
f 3319/3747/2040 3318/3748/2041 3140/3416/1903 3141/3415/1902
f 3097/3704/1795 3100/3703/2034 3142/3718/2031 3144/3744/1799
f 3089/3729/2039 3115/3733/2036 3154/3749/2036 3166/3731/1916
f 3115/3733/2036 3121/3738/2036 3155/3750/2036 3154/3749/2036
f 3280/3751/1916 3284/3752/1915 3170/3723/1915 3166/3731/1916
f 3284/3752/1915 3283/3449/1915 3169/3430/1915 3170/3723/1915
f 3362/3753/1799 3279/3754/1799 3165/3697/1799 3356/3716/1799
f 3276/3454/1941 3278/3755/1799 3164/3711/1799 3162/3444/1931
f 3279/3754/1799 3277/3756/2031 3163/3698/2031 3165/3697/1799
f 3213/3546/2042 3229/3757/2043 3189/3758/2044 3173/3547/2045
f 3214/3759/2046 3228/3760/2047 3188/3761/2048 3174/3762/2049
f 3215/3763/2050 3216/3764/2051 3176/3765/2052 3175/3766/2053
f 3216/3764/2051 3217/3767/2054 3177/3768/2055 3176/3765/2052
f 3217/3767/2054 3218/3769/2056 3178/3770/2057 3177/3768/2055
f 3222/3771/1799 3220/3772/2031 3180/3773/2031 3182/3774/1799
f 3219/3775/2058 3221/3776/1799 3181/3777/1799 3179/3778/2059
f 3359/3779/1799 3222/3771/1799 3182/3774/1799 3357/3780/1799
f 3226/3781/1915 3225/3782/1916 3185/3783/1916 3186/3784/1915
f 3227/3785/1915 3226/3781/1915 3186/3784/1915 3187/3786/1915
f 3223/3787/1916 3227/3785/1915 3187/3786/1915 3183/3788/1916
f 3228/3760/2047 3215/3763/2050 3175/3766/2053 3188/3761/2048
f 3229/3757/2043 3214/3759/2046 3174/3762/2049 3189/3758/2044
f 3257/3789/2060 3256/3790/2061 3178/3770/2057 3179/3778/2059
f 3250/3791/2036 3258/3792/2031 3180/3773/2031 3191/3793/2036
f 3261/3794/1916 3249/3795/2036 3190/3796/2036 3183/3788/1916
f 3249/3795/2036 3250/3791/2036 3191/3793/2036 3190/3796/2036
f 3310/3797/2062 3295/3798/2063 3193/3799/2064 3208/3800/2065
f 3309/3801/2066 3296/3802/2067 3194/3803/2068 3207/3804/2069
f 3304/3805/1916 3308/3806/1915 3206/3807/1915 3202/3808/1916
f 3308/3806/1915 3307/3809/1915 3205/3810/1915 3206/3807/1915
f 3307/3809/1915 3306/3811/1916 3204/3812/1916 3205/3810/1915
f 3363/3813/1799 3303/3814/1799 3201/3815/1799 3358/3816/1799
f 3300/3817/2070 3302/3818/1799 3200/3819/1799 3198/3820/2071
f 3303/3814/1799 3301/3821/2031 3199/3822/2031 3201/3815/1799
f 3298/3823/2072 3299/3824/2073 3197/3825/2074 3196/3826/2075
f 3297/3827/2076 3298/3823/2072 3196/3826/2075 3195/3828/2077
f 3296/3802/2067 3297/3827/2076 3195/3828/2077 3194/3803/2068
f 3295/3798/2063 3309/3801/2066 3207/3804/2069 3193/3799/2064
f 3294/3620/2078 3310/3797/2062 3208/3800/2065 3192/3621/2079
f 3236/3829/2058 3235/3830/2056 3197/3825/2074 3198/3820/2071
f 3248/3831/2036 3237/3832/2031 3199/3822/2031 3210/3833/2036
f 3240/3834/1916 3247/3835/2036 3209/3836/2036 3202/3808/1916
f 3247/3835/2036 3248/3831/2036 3210/3833/2036 3209/3836/2036
f 3190/3796/2036 3191/3793/2036 3212/3837/2036 3211/3838/2036
f 3183/3788/1916 3190/3796/2036 3211/3838/2036 3223/3787/1916
f 3191/3793/2036 3180/3773/2031 3220/3772/2031 3212/3837/2036
f 3179/3778/2059 3178/3770/2057 3218/3769/2056 3219/3775/2058
f 3246/3839/2080 3231/3840/2081 3214/3759/2046 3229/3757/2043
f 3245/3841/2047 3232/3842/2050 3215/3763/2050 3228/3760/2047
f 3240/3834/1916 3244/3843/1915 3227/3785/1915 3223/3787/1916
f 3244/3843/1915 3243/3844/1915 3226/3781/1915 3227/3785/1915
f 3243/3844/1915 3242/3845/1916 3225/3782/1916 3226/3781/1915
f 3360/3846/1799 3239/3847/1799 3222/3771/1799 3359/3779/1799
f 3236/3829/2058 3238/3848/1799 3221/3776/1799 3219/3775/2058
f 3239/3847/1799 3237/3832/2031 3220/3772/2031 3222/3771/1799
f 3234/3849/2054 3235/3830/2056 3218/3769/2056 3217/3767/2054
f 3233/3850/2051 3234/3849/2054 3217/3767/2054 3216/3764/2051
f 3232/3842/2050 3233/3850/2051 3216/3764/2051 3215/3763/2050
f 3231/3840/2081 3245/3841/2047 3228/3760/2047 3214/3759/2046
f 3230/3644/2082 3246/3839/2080 3229/3757/2043 3213/3546/2042
f 3192/3621/2079 3208/3800/2065 3246/3839/2080 3230/3644/2082
f 3193/3799/2064 3207/3804/2069 3245/3841/2047 3231/3840/2081
f 3194/3803/2068 3195/3828/2077 3233/3850/2051 3232/3842/2050
f 3195/3828/2077 3196/3826/2075 3234/3849/2054 3233/3850/2051
f 3196/3826/2075 3197/3825/2074 3235/3830/2056 3234/3849/2054
f 3201/3815/1799 3199/3822/2031 3237/3832/2031 3239/3847/1799
f 3198/3820/2071 3200/3819/1799 3238/3848/1799 3236/3829/2058
f 3358/3816/1799 3201/3815/1799 3239/3847/1799 3360/3846/1799
f 3205/3810/1915 3204/3812/1916 3242/3845/1916 3243/3844/1915
f 3206/3807/1915 3205/3810/1915 3243/3844/1915 3244/3843/1915
f 3202/3808/1916 3206/3807/1915 3244/3843/1915 3240/3834/1916
f 3207/3804/2069 3194/3803/2068 3232/3842/2050 3245/3841/2047
f 3208/3800/2065 3193/3799/2064 3231/3840/2081 3246/3839/2080
f 3211/3838/2036 3212/3837/2036 3248/3831/2036 3247/3835/2036
f 3223/3787/1916 3211/3838/2036 3247/3835/2036 3240/3834/1916
f 3212/3837/2036 3220/3772/2031 3237/3832/2031 3248/3831/2036
f 3219/3775/2058 3218/3769/2056 3235/3830/2056 3236/3829/2058
f 3268/3851/2036 3269/3852/2036 3250/3791/2036 3249/3795/2036
f 3280/3751/1916 3268/3851/2036 3249/3795/2036 3261/3794/1916
f 3269/3852/2036 3277/3756/2031 3258/3792/2031 3250/3791/2036
f 3276/3454/1941 3275/3452/1937 3256/3790/2061 3257/3789/2060
f 3173/3547/2045 3189/3758/2044 3267/3853/2083 3251/3647/2084
f 3174/3762/2049 3188/3761/2048 3266/3854/2085 3252/3855/2086
f 3175/3766/2053 3176/3765/2052 3254/3856/2087 3253/3857/2088
f 3176/3765/2052 3177/3768/2055 3255/3858/2089 3254/3856/2087
f 3177/3768/2055 3178/3770/2057 3256/3790/2061 3255/3858/2089
f 3182/3774/1799 3180/3773/2031 3258/3792/2031 3260/3859/1799
f 3179/3778/2059 3181/3777/1799 3259/3860/1799 3257/3789/2060
f 3357/3780/1799 3182/3774/1799 3260/3859/1799 3361/3861/1799
f 3186/3784/1915 3185/3783/1916 3263/3862/1916 3264/3863/1915
f 3187/3786/1915 3186/3784/1915 3264/3863/1915 3265/3864/1915
f 3183/3788/1916 3187/3786/1915 3265/3864/1915 3261/3794/1916
f 3188/3761/2048 3175/3766/2053 3253/3857/2088 3266/3854/2085
f 3189/3758/2044 3174/3762/2049 3252/3855/2086 3267/3853/2083
f 3155/3750/2036 3163/3698/2031 3277/3756/2031 3269/3852/2036
f 3166/3731/1916 3154/3749/2036 3268/3851/2036 3280/3751/1916
f 3154/3749/2036 3155/3750/2036 3269/3852/2036 3268/3851/2036
f 3251/3647/2084 3267/3853/2083 3286/3445/1932 3270/3332/1939
f 3252/3855/2086 3266/3854/2085 3285/3447/1934 3271/3446/1933
f 3253/3857/2088 3254/3856/2087 3273/3453/1938 3272/3448/1935
f 3254/3856/2087 3255/3858/2089 3274/3451/1936 3273/3453/1938
f 3255/3858/2089 3256/3790/2061 3275/3452/1937 3274/3451/1936
f 3260/3859/1799 3258/3792/2031 3277/3756/2031 3279/3754/1799
f 3257/3789/2060 3259/3860/1799 3278/3755/1799 3276/3454/1941
f 3361/3861/1799 3260/3859/1799 3279/3754/1799 3362/3753/1799
f 3264/3863/1915 3263/3862/1916 3282/3450/1916 3283/3449/1915
f 3265/3864/1915 3264/3863/1915 3283/3449/1915 3284/3752/1915
f 3261/3794/1916 3265/3864/1915 3284/3752/1915 3280/3751/1916
f 3266/3854/2085 3253/3857/2088 3272/3448/1935 3285/3447/1934
f 3267/3853/2083 3252/3855/2086 3271/3446/1933 3286/3445/1932
f 3313/3660/2090 3329/3865/2091 3310/3797/2062 3294/3620/2078
f 3314/3866/2092 3328/3867/2093 3309/3801/2066 3295/3798/2063
f 3315/3868/2094 3316/3869/2095 3297/3827/2076 3296/3802/2067
f 3316/3869/2095 3317/3870/2096 3298/3823/2072 3297/3827/2076
f 3317/3870/2096 3318/3748/2041 3299/3824/2073 3298/3823/2072
f 3322/3871/1799 3320/3743/2031 3301/3821/2031 3303/3814/1799
f 3319/3747/2040 3321/3872/1799 3302/3818/1799 3300/3817/2070
f 3364/3873/1799 3322/3871/1799 3303/3814/1799 3363/3813/1799
f 3326/3874/1915 3325/3875/1916 3306/3811/1916 3307/3809/1915
f 3327/3876/1915 3326/3874/1915 3307/3809/1915 3308/3806/1915
f 3323/3741/1916 3327/3876/1915 3308/3806/1915 3304/3805/1916
f 3328/3867/2093 3315/3868/2094 3296/3802/2067 3309/3801/2066
f 3329/3865/2091 3314/3866/2092 3295/3798/2063 3310/3797/2062
f 3198/3820/2071 3197/3825/2074 3299/3824/2073 3300/3817/2070
f 3210/3833/2036 3199/3822/2031 3301/3821/2031 3312/3877/2036
f 3202/3808/1916 3209/3836/2036 3311/3878/2036 3304/3805/1916
f 3209/3836/2036 3210/3833/2036 3312/3877/2036 3311/3878/2036
f 3153/3437/1925 3136/3436/1924 3314/3866/2092 3329/3865/2091
f 3152/3439/1927 3137/3438/1926 3315/3868/2094 3328/3867/2093
f 3145/3736/1916 3149/3742/1915 3327/3876/1915 3323/3741/1916
f 3149/3742/1915 3148/3441/1915 3326/3874/1915 3327/3876/1915
f 3148/3441/1915 3147/3440/1916 3325/3875/1916 3326/3874/1915
f 3355/3745/1799 3144/3744/1799 3322/3871/1799 3364/3873/1799
f 3141/3415/1902 3143/3746/1799 3321/3872/1799 3319/3747/2040
f 3144/3744/1799 3142/3718/2031 3320/3743/2031 3322/3871/1799
f 3139/3442/1928 3140/3416/1903 3318/3748/2041 3317/3870/2096
f 3138/3443/1929 3139/3442/1928 3317/3870/2096 3316/3869/2095
f 3137/3438/1926 3138/3443/1929 3316/3869/2095 3315/3868/2094
f 3136/3436/1924 3152/3439/1927 3328/3867/2093 3314/3866/2092
f 3135/3321/1930 3153/3437/1925 3329/3865/2091 3313/3660/2090
f 3300/3817/2070 3299/3824/2073 3318/3748/2041 3319/3747/2040
f 3312/3877/2036 3301/3821/2031 3320/3743/2031 3331/3740/2036
f 3304/3805/1916 3311/3878/2036 3330/3739/2036 3323/3741/1916
f 3311/3878/2036 3312/3877/2036 3331/3740/2036 3330/3739/2036
f 3121/3738/2036 3122/3721/2037 3087/3705/2035 3099/3699/2032 3163/3698/2031 3155/3750/2036
f 3143/3746/1799 3343/3879/1799 3352/3880/1799 3321/3872/1799
f 3321/3872/1799 3352/3880/1799 3351/3881/1799 3302/3818/1799
f 3259/3860/1799 3349/3882/1799 3350/3883/1799 3278/3755/1799
f 3181/3777/1799 3345/3884/1799 3349/3882/1799 3259/3860/1799
f 3200/3819/1799 3346/3885/1799 3348/3886/1799 3238/3848/1799
f 3238/3848/1799 3348/3886/1799 3347/3887/1799 3221/3776/1799
f 3302/3818/1799 3351/3881/1799 3346/3885/1799 3200/3819/1799
f 3221/3776/1799 3347/3887/1799 3345/3884/1799 3181/3777/1799
f 3278/3755/1799 3350/3883/1799 3344/3888/1799 3164/3711/1799
f 3091/3710/1795 3339/3889/1795 3343/3879/1799 3143/3746/1799
f 3164/3711/1799 3344/3888/1799 3341/3890/1792 3092/3707/1792
f 3396/3492/1796 3421/3688/1796 3342/3891/1796 3093/3709/1796
f 3093/3709/1796 3342/3891/1796 3339/3889/1795 3091/3710/1795
f 3092/3707/1792 3341/3890/1792 3340/3892/1791 3094/3708/1791
f 3094/3708/1791 3340/3892/1791 3422/3691/1791 3395/3690/1791
f 3117/3735/2037 3120/3720/2037 3410/3693/1971 3408/3692/1971
f 3101/3727/2035 3117/3735/2037 3408/3692/1971 3399/3518/1789
f 3102/3730/2033 3112/3725/1796 3405/3694/1796 3400/3519/1854
f 3112/3725/1796 3109/3429/1796 3404/3368/1796 3405/3694/1796
f 3120/3720/2037 3088/3701/2033 3393/3483/1854 3410/3693/1971
f 3366/3713/1791 3098/3706/1791 3397/3696/1791 3424/3695/1791
f 3081/3419/1906 3094/3708/1791 3395/3690/1791 3392/3292/1789
f 3098/3706/1791 3087/3705/2035 3394/3506/1789 3397/3696/1791
usemtl Gold.002
f 3054/3893/2097 3133/3894/2098 3005/3347/1834 3007/3351/1838
f 3156/3333/1824 3054/3893/2097 3007/3351/1838
f 3036/3356/1843 2750/3254/1754 2754/3263/1762 3037/3355/1842
f 3037/3355/1842 2754/3263/1762 2758/3268/1766 3038/3354/1841
f 3038/3354/1841 2758/3268/1766 2762/3274/1772 3039/3352/1839
f 3039/3352/1839 2762/3274/1772 2766/3279/1776 3040/3353/1840
f 2746/3243/1744 2750/3254/1754 3036/3356/1843
f 3003/3349/1836 3125/3895/2099 3053/3350/1837 3001/3242/1743
f 3004/3348/1835 3129/3896/2100 3125/3895/2099 3003/3349/1836
f 3005/3347/1834 3133/3894/2098 3129/3896/2100 3004/3348/1835
f 3012/3676/1915 3021/3675/1915 3033/3669/1915 3024/3533/1915
f 3021/3675/1915 3020/3677/1915 3032/3604/1915 3033/3669/1915
f 3018/3679/1915 3019/3678/1915 3031/3542/1915 3030/3656/1915
f 3014/3680/1915 3018/3679/1915 3030/3656/1915 3026/3571/1915
f 3015/3682/1915 3017/3681/1915 3029/3639/1915 3027/3605/1915
f 3017/3681/1915 3016/3683/1915 3028/3570/1915 3029/3639/1915
f 3020/3677/1915 3015/3682/1915 3027/3605/1915 3032/3604/1915
f 3016/3683/1915 3014/3680/1915 3026/3571/1915 3028/3570/1915
f 3019/3678/1915 3013/3684/1915 3025/3499/1915 3031/3542/1915
f 3008/3685/1912 3012/3676/1915 3024/3533/1915 3034/3497/1912
f 3013/3684/1915 3010/3686/1911 3022/3494/1911 3025/3499/1915
f 3421/3688/1796 3011/3687/1796 3023/3496/1796 3423/3498/1796
f 3011/3687/1796 3008/3685/1912 3034/3497/1912 3023/3496/1796
f 3010/3686/1911 3009/3689/1791 3035/3495/1791 3022/3494/1911
f 3049/3366/1852 3047/3358/1844 3041/3246/1747 3043/3256/1756
f 3050/3365/1851 3049/3366/1852 3043/3256/1756 3044/3270/1768
f 3051/3364/1850 3050/3365/1851 3044/3270/1768 3045/3276/1774
f 3052/3362/1848 3051/3364/1850 3045/3276/1774 3046/3281/1778
f 3427/3363/1849 3052/3362/1848 3046/3281/1778 3388/3372/1856
f 2766/3279/1857 3386/3373/1858 3425/3367/1853 3040/3353/1853
f 3009/3689/1791 3422/3691/1791 3424/3695/1791 3035/3495/1791
f 3054/3893/2101 3338/3464/1952 3336/3462/1949 3133/3894/2102
f 3156/3333/1940 3338/3464/1952 3054/3893/2101
f 3367/3469/1957 3368/3468/1956 3067/3398/1885 3063/3390/1877
f 3368/3468/1956 3369/3467/1955 3071/3402/1889 3067/3398/1885
f 3369/3467/1955 3370/3466/1954 3075/3407/1894 3071/3402/1889
f 3370/3466/1954 3371/3465/1953 3079/3411/1898 3075/3407/1894
f 3058/3380/1867 3367/3469/1957 3063/3390/1877
f 3334/3463/1950 3332/3379/1866 3053/3350/1951 3125/3895/2103
f 3335/3461/1948 3334/3463/1950 3125/3895/2103 3129/3896/2104
f 3336/3462/1949 3335/3461/1948 3129/3896/2104 3133/3894/2102
f 3343/3879/1799 3355/3745/1799 3364/3873/1799 3352/3880/1799
f 3352/3880/1799 3364/3873/1799 3363/3813/1799 3351/3881/1799
f 3349/3882/1799 3361/3861/1799 3362/3753/1799 3350/3883/1799
f 3345/3884/1799 3357/3780/1799 3361/3861/1799 3349/3882/1799
f 3346/3885/1799 3358/3816/1799 3360/3846/1799 3348/3886/1799
f 3348/3886/1799 3360/3846/1799 3359/3779/1799 3347/3887/1799
f 3351/3881/1799 3363/3813/1799 3358/3816/1799 3346/3885/1799
f 3347/3887/1799 3359/3779/1799 3357/3780/1799 3345/3884/1799
f 3350/3883/1799 3362/3753/1799 3356/3716/1799 3344/3888/1799
f 3339/3889/1795 3365/3715/1795 3355/3745/1799 3343/3879/1799
f 3344/3888/1799 3356/3716/1799 3353/3712/1792 3341/3890/1792
f 3421/3688/1796 3423/3498/1796 3354/3714/1796 3342/3891/1796
f 3342/3891/1796 3354/3714/1796 3365/3715/1795 3339/3889/1795
f 3341/3890/1792 3353/3712/1792 3366/3713/1791 3340/3892/1791
f 3381/3475/1963 3374/3391/1878 3372/3381/1868 3379/3470/1958
f 3382/3474/1962 3375/3403/1890 3374/3391/1878 3381/3475/1963
f 3383/3473/1961 3376/3409/1896 3375/3403/1890 3382/3474/1962
f 3384/3472/1960 3377/3413/1900 3376/3409/1896 3383/3473/1961
f 3427/3363/1849 3388/3372/1856 3377/3413/1900 3384/3472/1960
f 3079/3411/1857 3371/3465/1853 3425/3367/1853 3386/3373/1858
f 3340/3892/1791 3366/3713/1791 3424/3695/1791 3422/3691/1791
usemtl BlackVoid.002
f 2846/3303/1800 2791/3301/1798 2789/3300/1797 2845/3897/1970
f 2792/3296/1793 2826/3318/1800 2825/3898/1970 2790/3297/1794
f 2954/3328/1800 2846/3303/1800 2845/3897/1970 2953/3899/1970
f 2900/3575/1800 2862/3574/1800 2861/3900/1970 2899/3901/1970
f 2976/3603/1800 2880/3602/1800 2879/3902/1970 2975/3903/1970
f 2916/3638/1800 2900/3575/1800 2899/3901/1970 2915/3904/1970
f 2880/3602/1800 2916/3638/1800 2915/3904/1970 2879/3902/1970
f 2862/3574/1800 2936/3658/1800 2935/3905/1970 2861/3900/1970
f 2936/3658/1800 2954/3328/1800 2953/3899/1970 2935/3905/1970
f 2994/3671/1800 2976/3603/1800 2975/3903/1970 2993/3906/1970
f 2826/3318/1800 2994/3671/1800 2993/3906/1970 2825/3898/1970
f 2825/3898/1970 2993/3906/1970 3420/3907/1971 3411/3908/1971
f 2993/3906/1970 2975/3903/1970 3419/3909/1971 3420/3907/1971
f 2935/3905/1970 2953/3899/1970 3418/3910/1971 3417/3911/1971
f 2861/3900/1970 2935/3905/1970 3417/3911/1971 3413/3912/1971
f 2879/3902/1970 2915/3904/1970 3416/3913/1971 3414/3914/1971
f 2915/3904/1970 2899/3901/1970 3415/3915/1971 3416/3913/1971
f 2975/3903/1970 2879/3902/1970 3414/3914/1971 3419/3909/1971
f 2899/3901/1970 2861/3900/1970 3413/3912/1971 3415/3915/1971
f 2953/3899/1970 2845/3897/1970 3412/3916/1971 3418/3910/1971
f 2790/3297/1794 2825/3898/1970 3411/3908/1971 3401/3305/1789
f 2845/3897/1970 2789/3300/1797 3402/3369/1854 3412/3916/1971
f 3168/3431/1916 3167/3917/2037 3103/3428/1914 3105/3427/1913
f 3106/3424/1910 3104/3423/1909 3146/3918/2037 3147/3440/1916
f 3282/3450/1916 3281/3919/2037 3167/3917/2037 3168/3431/1916
f 3225/3782/1916 3224/3920/2037 3184/3921/2037 3185/3783/1916
f 3306/3811/1916 3305/3922/2037 3203/3923/2037 3204/3812/1916
f 3242/3845/1916 3241/3924/2037 3224/3920/2037 3225/3782/1916
f 3204/3812/1916 3203/3923/2037 3241/3924/2037 3242/3845/1916
f 3185/3783/1916 3184/3921/2037 3262/3925/2037 3263/3862/1916
f 3263/3862/1916 3262/3925/2037 3281/3919/2037 3282/3450/1916
f 3325/3875/1916 3324/3926/2037 3305/3922/2037 3306/3811/1916
f 3147/3440/1916 3146/3918/2037 3324/3926/2037 3325/3875/1916
f 3146/3918/2037 3411/3908/1971 3420/3907/1971 3324/3926/2037
f 3324/3926/2037 3420/3907/1971 3419/3909/1971 3305/3922/2037
f 3262/3925/2037 3417/3911/1971 3418/3910/1971 3281/3919/2037
f 3184/3921/2037 3413/3912/1971 3417/3911/1971 3262/3925/2037
f 3203/3923/2037 3414/3914/1971 3416/3913/1971 3241/3924/2037
f 3241/3924/2037 3416/3913/1971 3415/3915/1971 3224/3920/2037
f 3305/3922/2037 3419/3909/1971 3414/3914/1971 3203/3923/2037
f 3224/3920/2037 3415/3915/1971 3413/3912/1971 3184/3921/2037
f 3281/3919/2037 3418/3910/1971 3412/3916/1971 3167/3917/2037
f 3104/3423/1909 3401/3305/1789 3411/3908/1971 3146/3918/2037
f 3167/3917/2037 3412/3916/1971 3402/3369/1854 3103/3428/1914
l 3080 3006
l 3080 3337
