# Blender v2.82 (sub 7) OBJ File: 'AlienStarfighter.blend'
# www.blender.org
mtllib AlienStarfighter10.mtl
o Cylinder
v -1.548112 -0.000000 -0.514235
v 1.548112 0.000000 -0.481216
v -1.548112 -0.094733 -0.445341
v 1.548112 -0.088650 -0.416746
v -1.548112 -0.164082 -0.257117
v 1.548112 -0.153546 -0.240608
v -1.548112 -0.189465 0.000000
v 1.548112 -0.177299 0.000000
v -1.548112 -0.164082 0.257118
v 1.548112 -0.153546 0.240608
v -1.548112 -0.094733 0.445341
v 1.548112 -0.088650 0.416746
v -1.548112 -0.000000 0.514235
v 1.548112 0.000000 0.481216
v -1.548112 0.094732 0.445341
v 1.548112 0.088650 0.416746
v -1.548112 0.164081 0.257118
v 1.548112 0.153546 0.240608
v -1.548112 0.189465 0.000000
v 1.548112 0.177300 0.000000
v -1.548112 0.164081 -0.257117
v 1.548112 0.153546 -0.240608
v -1.548112 0.094732 -0.445340
v 1.548112 0.088650 -0.416745
v -1.479496 -0.000000 -0.611051
v -1.479496 -0.112568 -0.529186
v -1.479496 -0.194973 -0.305526
v -1.479496 -0.225136 0.000000
v -1.479496 -0.194973 0.305526
v -1.479496 -0.112568 0.529186
v -1.479496 -0.000000 0.611051
v -1.479496 0.112568 0.529186
v -1.479496 0.194973 0.305526
v -1.479496 0.225136 0.000000
v -1.479496 0.194973 -0.305525
v -1.479496 0.112568 -0.529186
v 1.490003 0.000000 -0.611051
v 1.490003 -0.112568 -0.529186
v 1.490003 -0.194973 -0.305526
v 1.490003 -0.225136 0.000000
v 1.490003 -0.194973 0.305526
v 1.490003 -0.112568 0.529186
v 1.490003 0.000000 0.611051
v 1.490003 0.112568 0.529186
v 1.490003 0.194973 0.305526
v 1.490003 0.225136 0.000000
v 1.490003 0.194974 -0.305525
v 1.490003 0.112568 -0.529186
v -1.548112 -0.000000 -0.611051
v -1.548112 -0.112568 -0.529186
v -1.548112 -0.194973 -0.305526
v -1.548112 -0.225136 0.000000
v -1.548112 -0.194973 0.305526
v -1.548112 -0.112568 0.529186
v -1.548112 -0.000000 0.611051
v -1.548112 0.112568 0.529186
v -1.548112 0.194973 0.305526
v -1.548112 0.225136 0.000000
v -1.548112 0.194973 -0.305525
v -1.548112 0.112568 -0.529186
v 1.548112 -0.112568 -0.529186
v 1.548112 0.000000 -0.611051
v 1.548112 -0.194973 -0.305526
v 1.548112 -0.225136 0.000000
v 1.548112 -0.194973 0.305526
v 1.548112 -0.112568 0.529186
v 1.548112 0.000000 0.611051
v 1.548112 0.112568 0.529186
v 1.548112 0.194973 0.305526
v 1.548112 0.225136 0.000000
v 1.548112 0.194974 -0.305525
v 1.548112 0.112568 -0.529186
vt 1.000000 0.990616
vt 1.000000 1.000000
vt 0.916667 1.000000
vt 0.916667 0.990616
vt 0.833333 1.000000
vt 0.833333 0.990616
vt 0.750000 1.000000
vt 0.750000 0.990616
vt 0.666667 1.000000
vt 0.666667 0.990616
vt 0.583333 1.000000
vt 0.583333 0.990616
vt 0.500000 1.000000
vt 0.500000 0.990616
vt 0.416667 1.000000
vt 0.416667 0.990616
vt 0.333333 1.000000
vt 0.333333 0.990616
vt 0.250000 1.000000
vt 0.250000 0.990616
vt 0.166667 1.000000
vt 0.166667 0.990616
vt 0.344503 0.413683
vt 0.250000 0.439005
vt 0.155497 0.413683
vt 0.086316 0.344503
vt 0.060995 0.250000
vt 0.086317 0.155497
vt 0.155497 0.086317
vt 0.250000 0.060995
vt 0.344503 0.086317
vt 0.413683 0.155497
vt 0.439005 0.250000
vt 0.413683 0.344503
vt 0.083333 1.000000
vt 0.083333 0.990616
vt 0.000000 1.000000
vt 0.000000 0.990616
vt 0.750000 0.451974
vt 0.850987 0.424914
vt 0.924915 0.350987
vt 0.951974 0.250000
vt 0.924915 0.149013
vt 0.850987 0.075085
vt 0.750000 0.048026
vt 0.649013 0.075085
vt 0.575085 0.149013
vt 0.548026 0.250000
vt 0.575085 0.350987
vt 0.649013 0.424915
vt 0.083333 0.500000
vt 0.083333 0.511081
vt 0.000000 0.511081
vt 0.000000 0.500000
vt 0.166667 0.500000
vt 0.166667 0.511081
vt 0.250000 0.500000
vt 0.250000 0.511081
vt 0.333333 0.500000
vt 0.333333 0.511081
vt 0.416667 0.500000
vt 0.416667 0.511081
vt 0.500000 0.500000
vt 0.500000 0.511081
vt 0.583333 0.500000
vt 0.583333 0.511081
vt 0.666667 0.500000
vt 0.666667 0.511081
vt 0.750000 0.500000
vt 0.750000 0.511081
vt 0.833333 0.500000
vt 0.833333 0.511081
vt 0.916667 0.500000
vt 0.916667 0.511081
vt 1.000000 0.500000
vt 1.000000 0.511081
vt 0.750000 0.490000
vt 0.870000 0.457846
vt 0.957846 0.370000
vt 0.990000 0.250000
vt 0.957846 0.130000
vt 0.870000 0.042154
vt 0.750000 0.010000
vt 0.630000 0.042154
vt 0.542154 0.130000
vt 0.510000 0.250000
vt 0.542154 0.370000
vt 0.630000 0.457846
vt 0.370000 0.457846
vt 0.250000 0.490000
vt 0.457846 0.370000
vt 0.490000 0.250000
vt 0.457846 0.130000
vt 0.370000 0.042154
vt 0.250000 0.010000
vt 0.130000 0.042154
vt 0.042154 0.130000
vt 0.010000 0.250000
vt 0.042154 0.370000
vt 0.130000 0.457846
vn 0.0000 0.0000 -1.0000
vn 0.5956 0.0000 -0.8032
vn 0.6472 -0.6080 -0.4598
vn 0.0000 -0.7976 -0.6032
vn 0.6796 -0.7150 -0.1642
vn 0.0000 -0.9746 -0.2238
vn 0.6856 -0.7279 0.0000
vn 0.0000 -1.0000 0.0000
vn 0.6796 -0.7150 0.1642
vn 0.0000 -0.9746 0.2238
vn 0.6472 -0.6080 0.4598
vn 0.0000 -0.7976 0.6032
vn 0.5956 0.0000 0.8032
vn 0.0000 0.0000 1.0000
vn 0.6472 0.6080 0.4598
vn 0.0000 0.7976 0.6032
vn 0.6796 0.7150 0.1642
vn 0.0000 0.9746 0.2238
vn 0.6856 0.7279 0.0000
vn 0.0000 1.0000 0.0000
vn 0.6796 0.7150 -0.1642
vn 0.0000 0.9746 -0.2238
vn 1.0000 0.0000 0.0000
vn 0.6472 0.6080 -0.4598
vn 0.0000 0.7976 -0.6032
vn -1.0000 0.0000 0.0000
vn -0.6472 0.6080 -0.4598
vn -0.5956 0.0000 -0.8032
vn -0.6796 0.7150 -0.1642
vn -0.6856 0.7279 0.0000
vn -0.6796 0.7150 0.1642
vn -0.6472 0.6080 0.4598
vn -0.5956 0.0000 0.8032
vn -0.6472 -0.6080 0.4598
vn -0.6796 -0.7150 0.1642
vn -0.6856 -0.7279 0.0000
vn -0.6796 -0.7150 -0.1642
vn -0.6472 -0.6080 -0.4598
usemtl DarkPorple
s 1
f 37/1/1 62/2/2 61/3/3 38/4/4
f 38/4/4 61/3/3 63/5/5 39/6/6
f 39/6/6 63/5/5 64/7/7 40/8/8
f 40/8/8 64/7/7 65/9/9 41/10/10
f 41/10/10 65/9/9 66/11/11 42/12/12
f 42/12/12 66/11/11 67/13/13 43/14/14
f 43/14/14 67/13/13 68/15/15 44/16/16
f 44/16/16 68/15/15 69/17/17 45/18/18
f 45/18/18 69/17/17 70/19/19 46/20/20
f 46/20/20 70/19/19 71/21/21 47/22/22
f 4/23/23 2/24/23 24/25/23 22/26/23 20/27/23 18/28/23 16/29/23 14/30/23 12/31/23 10/32/23 8/33/23 6/34/23
f 47/22/22 71/21/21 72/35/24 48/36/25
f 48/36/25 72/35/24 62/37/2 37/38/1
f 1/39/26 3/40/26 5/41/26 7/42/26 9/43/26 11/44/26 13/45/26 15/46/26 17/47/26 19/48/26 21/49/26 23/50/26
f 60/51/27 36/52/25 25/53/1 49/54/28
f 59/55/29 35/56/22 36/52/25 60/51/27
f 58/57/30 34/58/20 35/56/22 59/55/29
f 57/59/31 33/60/18 34/58/20 58/57/30
f 56/61/32 32/62/16 33/60/18 57/59/31
f 55/63/33 31/64/14 32/62/16 56/61/32
f 54/65/34 30/66/12 31/64/14 55/63/33
f 53/67/35 29/68/10 30/66/12 54/65/34
f 52/69/36 28/70/8 29/68/10 53/67/35
f 51/71/37 27/72/6 28/70/8 52/69/36
f 50/73/38 26/74/4 27/72/6 51/71/37
f 49/75/28 25/76/1 26/74/4 50/73/38
f 36/52/25 48/36/25 37/38/1 25/53/1
f 35/56/22 47/22/22 48/36/25 36/52/25
f 34/58/20 46/20/20 47/22/22 35/56/22
f 33/60/18 45/18/18 46/20/20 34/58/20
f 32/62/16 44/16/16 45/18/18 33/60/18
f 31/64/14 43/14/14 44/16/16 32/62/16
f 30/66/12 42/12/12 43/14/14 31/64/14
f 29/68/10 41/10/10 42/12/12 30/66/12
f 28/70/8 40/8/8 41/10/10 29/68/10
f 27/72/6 39/6/6 40/8/8 28/70/8
f 26/74/4 38/4/4 39/6/6 27/72/6
f 25/76/1 37/1/1 38/4/4 26/74/4
f 3/40/26 1/39/26 49/77/28 50/78/38
f 5/41/26 3/40/26 50/78/38 51/79/37
f 7/42/26 5/41/26 51/79/37 52/80/36
f 9/43/26 7/42/26 52/80/36 53/81/35
f 11/44/26 9/43/26 53/81/35 54/82/34
f 13/45/26 11/44/26 54/82/34 55/83/33
f 15/46/26 13/45/26 55/83/33 56/84/32
f 17/47/26 15/46/26 56/84/32 57/85/31
f 19/48/26 17/47/26 57/85/31 58/86/30
f 21/49/26 19/48/26 58/86/30 59/87/29
f 23/50/26 21/49/26 59/87/29 60/88/27
f 1/39/26 23/50/26 60/88/27 49/77/28
f 2/24/23 4/23/23 61/89/3 62/90/2
f 4/23/23 6/34/23 63/91/5 61/89/3
f 6/34/23 8/33/23 64/92/7 63/91/5
f 8/33/23 10/32/23 65/93/9 64/92/7
f 10/32/23 12/31/23 66/94/11 65/93/9
f 12/31/23 14/30/23 67/95/13 66/94/11
f 14/30/23 16/29/23 68/96/15 67/95/13
f 16/29/23 18/28/23 69/97/17 68/96/15
f 18/28/23 20/27/23 70/98/19 69/97/17
f 20/27/23 22/26/23 71/99/21 70/98/19
f 22/26/23 24/25/23 72/100/24 71/99/21
f 24/25/23 2/24/23 62/90/2 72/100/24
o Sphere_Sphere.002
v 0.000000 0.418577 -2.042007
v 0.000000 0.149388 -4.295068
v 0.000000 -0.149389 -4.295068
v -0.000000 0.671346 -0.022563
v 0.186401 0.604862 -1.014900
v 0.335882 0.418577 -1.810692
v 0.276472 0.115748 -4.174796
v 0.273947 -0.117807 -4.161235
v 0.322262 -0.418577 -1.738180
v 0.330099 0.604862 -0.659197
v 0.594818 0.418577 -1.169738
v 0.666505 0.149388 -1.453067
v 0.666505 -0.149389 -1.453067
v 0.570697 -0.418577 -1.123218
v 0.398176 0.604862 -0.157649
v 0.717488 0.418577 -0.265980
v 0.894693 0.149388 -0.326099
v 0.894693 -0.149389 -0.326099
v 0.688092 -0.418577 -0.258324
v 0.375035 0.604862 0.199207
v 0.675790 0.418577 0.386859
v 0.842697 0.149388 0.490999
v 0.842697 -0.149389 0.490999
v 0.649567 -0.418577 0.344851
v 0.265979 0.604862 0.459140
v 0.479277 0.418577 0.855243
v 0.580328 0.136223 1.156452
v 0.580328 -0.136223 1.156452
v 0.465271 -0.418577 0.784114
v 0.095990 0.604862 0.605919
v 0.172967 0.418577 1.119730
v 0.168670 -0.418577 1.040217
v -0.095990 0.604862 0.605919
v -0.172967 0.418577 1.119730
v -0.168670 -0.418577 1.040217
v -0.265979 0.604862 0.459140
v -0.479277 0.418577 0.855243
v -0.580328 0.136223 1.156452
v -0.580328 -0.136223 1.156452
v -0.465271 -0.418577 0.784114
v -0.375035 0.604862 0.199207
v -0.675790 0.418577 0.386859
v -0.842697 0.149388 0.490998
v -0.842697 -0.149389 0.490998
v -0.649567 -0.418577 0.344851
v -0.398176 0.604862 -0.157649
v -0.717488 0.418577 -0.265980
v -0.894693 0.149388 -0.326100
v -0.894693 -0.149389 -0.326100
v -0.688092 -0.418577 -0.258324
v -0.330099 0.604862 -0.659197
v -0.594818 0.418577 -1.169738
v -0.666504 0.149388 -1.453067
v -0.666504 -0.149389 -1.453067
v -0.570697 -0.418577 -1.123218
v -0.186401 0.604862 -1.014900
v -0.335882 0.418577 -1.810692
v -0.276472 0.115748 -4.174796
v -0.273947 -0.117807 -4.161235
v -0.322262 -0.418577 -1.738180
v -0.000000 0.604862 -1.143270
v -0.000000 -0.418577 -1.960115
v 0.215687 0.136223 1.471306
v 0.215687 -0.149389 1.471306
v -0.215687 0.136223 1.471306
v -0.215687 -0.149389 1.471306
v 0.597649 0.149388 1.141496
v 0.597649 -0.149389 1.141496
v 0.215687 -0.136223 1.471306
v 0.215687 0.149388 1.471306
v -0.215687 -0.136223 1.471306
v -0.215687 0.149388 1.471306
v -0.597649 0.149388 1.141496
v -0.597649 -0.149389 1.141496
v 0.215687 0.136223 1.646400
v 0.215687 -0.136223 1.646400
v -0.215687 0.136223 1.646400
v -0.215687 -0.136223 1.646400
v 0.500478 0.077854 1.555096
v 0.500478 -0.077854 1.555096
v -0.500478 0.077854 1.555096
v -0.500478 -0.077854 1.555096
v 0.580328 -0.136223 1.166425
v 0.580328 0.136223 1.166425
v -0.580328 0.136223 1.166425
v -0.215687 0.136223 1.481279
v -0.580328 -0.136223 1.166425
v 0.215687 -0.136223 1.481279
v -0.215687 -0.136223 1.481279
v 0.215687 0.136223 1.481279
v 0.580328 0.136223 1.522354
v -0.580328 0.136223 1.522354
v -0.580328 -0.136223 1.522354
v 0.215687 -0.136223 1.639258
v 0.580328 -0.136223 1.522354
v -0.215687 0.136223 1.639258
v -0.215687 -0.136223 1.639258
v 0.215687 0.136223 1.639258
v 0.580328 0.136223 1.529496
v 0.580328 -0.136223 1.529496
v 0.215687 -0.077854 1.646400
v 0.215687 0.077854 1.646400
v -0.215687 -0.077854 1.646400
v -0.215687 0.077854 1.646400
v -0.580328 0.136223 1.529496
v -0.580328 -0.136223 1.529496
v 0.215687 0.077854 1.517711
v 0.215687 -0.077854 1.517711
v -0.215687 0.077854 1.517711
v -0.215687 -0.077854 1.517711
v 0.500478 0.077854 1.426407
v 0.500478 -0.077854 1.426407
v -0.500478 0.077854 1.426407
v -0.500478 -0.077854 1.426407
v 0.215687 -0.077854 1.519324
v 0.500478 -0.077854 1.428020
v -0.215687 -0.077854 1.519324
v -0.500478 -0.077854 1.428020
v -0.215687 0.077854 1.519324
v 0.215687 0.077854 1.519324
v 0.500478 0.077854 1.428020
v -0.500478 0.077854 1.428020
v 0.215687 -0.077854 1.638602
v -0.500478 -0.077854 1.547298
v 0.215687 0.077854 1.638602
v 0.500478 0.077854 1.547298
v 0.500478 -0.077854 1.547298
v -0.215687 -0.077854 1.638602
v -0.215687 0.077854 1.638602
v -0.500478 0.077854 1.547298
v 0.508862 0.083983 1.552408
v 0.508862 -0.083983 1.552408
v 0.215687 -0.083983 1.646400
v 0.215687 0.083983 1.646400
v -0.215687 -0.083983 1.646400
v -0.215687 0.083983 1.646400
v -0.508862 -0.083983 1.552408
v -0.508862 0.083983 1.552408
v 0.571196 -0.129548 1.532424
v 0.215687 -0.129548 1.646400
v -0.215687 -0.129548 1.646400
v -0.571196 0.129548 1.532424
v 0.571196 0.129548 1.532424
v 0.215687 0.129548 1.646400
v -0.215687 0.129548 1.646400
v -0.571196 -0.129548 1.532424
v 0.570184 0.149388 -2.321605
v 0.565891 -0.149389 -2.360317
v 0.000000 0.374150 -2.413855
v -0.360982 0.337129 -2.378196
v 0.360487 0.338738 -2.366989
v -0.574818 0.149388 -2.279820
v -0.359585 -0.341664 -2.346597
v -0.568411 -0.149389 -2.337591
v -0.000000 -0.381692 -2.350729
v 0.360531 -0.338592 -2.368001
v 0.000000 0.240230 -3.534739
v -0.000000 -0.190586 -4.038345
v 0.418838 0.149388 -3.686313
v 0.418838 -0.149389 -3.686313
v -0.418838 0.149388 -3.686313
v -0.418838 -0.149389 -3.686313
v 0.000000 0.182916 -4.085835
v -0.000000 -0.247001 -3.478067
v 0.000000 -0.083180 -4.337625
v 0.418838 -0.128640 -3.686313
v 0.666505 -0.128640 -1.453067
v 0.894693 -0.128640 -0.326099
v 0.842697 -0.128640 0.490999
v 0.597649 -0.128640 1.141496
v -0.597649 -0.128640 1.141496
v -0.842697 -0.128640 0.490998
v -0.894693 -0.128640 -0.326100
v -0.666504 -0.128640 -1.453067
v -0.418838 -0.128640 -3.686313
v 0.580328 -0.117303 1.156452
v -0.580328 -0.117303 1.156452
v 0.580328 -0.117303 1.529496
v -0.580328 -0.117303 1.529496
v 0.580328 -0.117303 1.166425
v -0.580328 -0.117303 1.166425
v 0.580328 -0.117303 1.522354
v -0.580328 -0.117303 1.522354
v 0.500478 -0.067041 1.555096
v -0.500478 -0.067041 1.555096
v 0.215687 -0.067041 1.517711
v -0.215687 -0.067041 1.517711
v 0.500478 -0.067041 1.426407
v -0.500478 -0.067041 1.426407
v -0.500478 -0.067041 1.428020
v 0.500478 -0.067041 1.428020
v 0.500478 -0.067041 1.547298
v -0.500478 -0.067041 1.547298
v -0.508862 -0.072318 1.552408
v 0.508862 -0.072318 1.552408
v -0.571196 -0.111555 1.532424
v 0.571196 -0.111555 1.532424
v 0.566189 -0.128640 -2.357629
v -0.568856 -0.128640 -2.333579
v 0.274123 -0.101588 -4.162176
v -0.274122 -0.101588 -4.162176
v -0.580328 0.115941 1.166425
v -0.580328 0.115941 1.522354
v -0.500478 0.066262 1.428020
v -0.500478 0.066262 1.547298
v 0.508862 0.071479 1.552408
v 0.571196 0.110259 1.532424
v -0.574341 0.127146 -2.284121
v 0.000002 0.059678 -4.335840
v 0.418838 0.127146 -3.686313
v 0.666505 0.127146 -1.453067
v 0.894693 0.127146 -0.326099
v 0.842697 0.127146 0.490999
v 0.597649 0.127146 1.141496
v -0.597649 0.127146 1.141496
v -0.842697 0.127146 0.490998
v -0.894693 0.127146 -0.326100
v -0.666504 0.127146 -1.453067
v -0.418838 0.127146 -3.686313
v 0.580328 0.115941 1.156452
v -0.580328 0.115941 1.156452
v 0.580328 0.115941 1.529496
v -0.580328 0.115941 1.529496
v 0.580328 0.115941 1.166425
v 0.580328 0.115941 1.522354
v 0.500478 0.066262 1.555096
v -0.500478 0.066262 1.555096
v 0.215687 0.066262 1.517711
v -0.215687 0.066262 1.517711
v 0.500478 0.066262 1.426407
v -0.500478 0.066262 1.426407
v 0.500478 0.066262 1.428020
v 0.500478 0.066262 1.547298
v -0.508862 0.071479 1.552408
v -0.571196 0.110259 1.532424
v 0.569864 0.127146 -2.324487
v 0.276284 0.098361 -4.173786
v -0.276284 0.098361 -4.173786
v 0.000036 0.036694 -4.337625
v 0.482818 0.097130 -3.686313
v 0.768294 0.097130 -1.453067
v 1.031320 0.097130 -0.326099
v 0.971386 0.097130 0.490999
v 0.688927 0.097130 1.141496
v -0.688854 0.097130 1.141496
v -0.971313 0.097130 0.490999
v -1.031247 0.097130 -0.326100
v -0.768222 0.097130 -1.453067
v -0.482745 0.097130 -3.686313
v 0.580328 0.088570 1.156452
v -0.580328 0.088570 1.156452
v 0.580328 0.088570 1.529496
v -0.580328 0.088570 1.529496
v 0.580328 0.088570 1.166425
v 0.580328 0.088570 1.522354
v 0.500478 0.050620 1.555096
v -0.500478 0.050620 1.555096
v 0.215687 0.050620 1.517711
v -0.215687 0.050620 1.517711
v 0.500478 0.050620 1.426407
v -0.500478 0.050620 1.426407
v 0.500478 0.050620 1.428020
v 0.500478 0.050620 1.547298
v -0.508862 0.054604 1.552408
v -0.571196 0.084230 1.532424
v 0.656403 0.097130 -2.328376
v 0.318208 0.074898 -4.172424
v -0.318135 0.074898 -4.172424
v -0.580328 0.088570 1.166425
v -0.580328 0.088570 1.522354
v -0.500478 0.050620 1.428020
v -0.500478 0.050620 1.547298
v 0.508862 0.054604 1.552408
v 0.571196 0.084230 1.532424
v -0.661246 0.097130 -2.289924
v 0.000036 -0.067151 -4.337625
v 0.482818 -0.098450 -3.686313
v 0.768294 -0.098450 -1.453067
v 1.031320 -0.098450 -0.326099
v 0.971386 -0.098450 0.490999
v 0.688927 -0.098450 1.141496
v -0.688854 -0.098450 1.141496
v -0.971313 -0.098450 0.490999
v -1.031247 -0.098450 -0.326100
v -0.768222 -0.098450 -1.453067
v -0.482745 -0.098450 -3.686313
v 0.580328 -0.089773 1.156452
v -0.580328 -0.089773 1.156452
v 0.580328 -0.089773 1.529496
v -0.580328 -0.089773 1.529496
v 0.580328 -0.089773 1.166425
v 0.580328 -0.089773 1.522354
v 0.500478 -0.051307 1.555096
v -0.500478 -0.051307 1.555096
v 0.215687 -0.051307 1.517711
v -0.215687 -0.051307 1.517711
v 0.500478 -0.051307 1.426407
v -0.500478 -0.051307 1.426407
v 0.500478 -0.051307 1.428020
v 0.500478 -0.051307 1.547298
v -0.508862 -0.055346 1.552408
v -0.571196 -0.085374 1.532424
v 0.653164 -0.098450 -2.353717
v 0.316303 -0.077988 -4.163547
v -0.316230 -0.077988 -4.163547
v -0.580328 -0.089773 1.166425
v -0.580328 -0.089773 1.522354
v -0.500478 -0.051307 1.428020
v -0.500478 -0.051307 1.547298
v 0.508862 -0.055346 1.552408
v 0.571196 -0.085374 1.532424
v -0.656412 -0.098450 -2.327742
v -0.580328 0.077542 1.166425
v -0.580328 0.077542 1.522354
v -0.500478 0.044317 1.428020
v -0.500478 0.044317 1.547298
v 0.508862 0.047805 1.552408
v 0.571196 0.073742 1.532424
v -0.660947 0.085036 -2.292263
v 0.000036 0.030272 -4.337625
v 0.482818 0.085036 -3.686313
v 0.768294 0.085036 -1.453067
v 1.031320 0.085036 -0.326099
v 0.971386 0.085036 0.490999
v 0.688927 0.085036 1.141496
v -0.688854 0.085036 1.141496
v -0.971313 0.085036 0.490999
v -1.031247 0.085036 -0.326100
v -0.768222 0.085036 -1.453067
v -0.482745 0.085036 -3.686313
v 0.580328 0.077542 1.156452
v -0.580328 0.077542 1.156452
v 0.580328 0.077542 1.529496
v -0.580328 0.077542 1.529496
v 0.580328 0.077542 1.166425
v 0.580328 0.077542 1.522354
v 0.500478 0.044317 1.555096
v -0.500478 0.044317 1.555096
v 0.215687 0.044317 1.517711
v -0.215687 0.044317 1.517711
v 0.500478 0.044317 1.426407
v -0.500478 0.044317 1.426407
v 0.500478 0.044317 1.428020
v 0.500478 0.044317 1.547298
v -0.508862 0.047805 1.552408
v -0.571196 0.073742 1.532424
v 0.656203 0.085036 -2.329943
v 0.318090 0.065444 -4.171875
v -0.318017 0.065444 -4.171875
v 0.000036 -0.058335 -4.337625
v 0.482818 -0.081847 -3.686313
v 0.768294 -0.081847 -1.453067
v 1.031320 -0.081847 -0.326099
v 0.971386 -0.081847 0.490999
v 0.688927 -0.081847 1.141496
v -0.688854 -0.081847 1.141496
v -0.971313 -0.081847 0.490999
v -1.031247 -0.081847 -0.326100
v -0.768222 -0.081847 -1.453067
v -0.482745 -0.081847 -3.686313
v 0.580328 -0.074634 1.156452
v -0.580328 -0.074634 1.156452
v 0.580328 -0.074634 1.529496
v -0.580328 -0.074634 1.529496
v 0.580328 -0.074634 1.166425
v 0.580328 -0.074634 1.522354
v 0.500478 -0.042655 1.555096
v -0.500478 -0.042655 1.555096
v 0.215687 -0.042655 1.517711
v -0.215687 -0.042655 1.517711
v 0.500478 -0.042655 1.426407
v -0.500478 -0.042655 1.426407
v 0.500478 -0.042655 1.428020
v 0.500478 -0.042655 1.547298
v -0.508862 -0.046012 1.552408
v -0.571196 -0.070977 1.532424
v 0.653439 -0.081847 -2.351566
v 0.316464 -0.065010 -4.164300
v -0.316391 -0.065010 -4.164300
v -0.580328 -0.074634 1.166425
v -0.580328 -0.074634 1.522354
v -0.500478 -0.042655 1.428020
v -0.500478 -0.042655 1.547298
v 0.508862 -0.046012 1.552408
v 0.571196 -0.070977 1.532424
v -0.656822 -0.081847 -2.324531
v -0.580328 0.092281 1.166425
v -0.580328 0.092281 1.522354
v -0.500478 0.052740 1.428020
v -0.500478 0.052740 1.547298
v 0.508862 0.056892 1.552408
v 0.571196 0.087759 1.532424
v -0.649463 0.101200 -2.289138
v 0.000031 0.038855 -4.337625
v 0.474144 0.101200 -3.686313
v 0.754494 0.101200 -1.453067
v 1.012796 0.101200 -0.326099
v 0.953938 0.101200 0.490999
v 0.676551 0.101200 1.141496
v -0.676489 0.101200 1.141496
v -0.953875 0.101200 0.490999
v -1.012733 0.101200 -0.326100
v -0.754431 0.101200 -1.453067
v -0.474080 0.101200 -3.686313
v 0.580328 0.092281 1.156452
v -0.580328 0.092281 1.156452
v 0.580328 0.092281 1.529496
v -0.580328 0.092281 1.529496
v 0.580328 0.092281 1.166425
v 0.580328 0.092281 1.522354
v 0.500478 0.052740 1.555096
v -0.500478 0.052740 1.555096
v 0.215687 0.052740 1.517711
v -0.215687 0.052740 1.517711
v 0.500478 0.052740 1.426407
v -0.500478 0.052740 1.426407
v 0.500478 0.052740 1.428020
v 0.500478 0.052740 1.547298
v -0.508862 0.056892 1.552408
v -0.571196 0.087759 1.532424
v 0.644670 0.101200 -2.327849
v 0.312524 0.078079 -4.172608
v -0.312461 0.078079 -4.172608
v -0.580328 0.114457 1.166425
v -0.580328 0.114457 1.522354
v -0.500478 0.065414 1.428020
v -0.500478 0.065414 1.547298
v 0.508862 0.070564 1.552408
v 0.571196 0.108849 1.532424
v -0.579051 0.125519 -2.284435
v 0.000002 0.055743 -4.337625
v 0.422306 0.125519 -3.686313
v 0.672022 0.125519 -1.453067
v 0.902099 0.125519 -0.326099
v 0.849672 0.125519 0.490999
v 0.602596 0.125519 1.141496
v -0.602592 0.125519 1.141496
v -0.849668 0.125519 0.490998
v -0.902095 0.125519 -0.326100
v -0.672018 0.125519 -1.453067
v -0.422302 0.125519 -3.686313
v 0.580328 0.114457 1.156452
v -0.580328 0.114457 1.156452
v 0.580328 0.114457 1.529496
v -0.580328 0.114457 1.529496
v 0.580328 0.114457 1.166425
v 0.580328 0.114457 1.522354
v 0.500478 0.065414 1.555096
v -0.500478 0.065414 1.555096
v 0.215687 0.065414 1.517711
v -0.215687 0.065414 1.517711
v 0.500478 0.065414 1.426407
v -0.500478 0.065414 1.426407
v 0.500478 0.065414 1.428020
v 0.500478 0.065414 1.547298
v -0.508862 0.070564 1.552408
v -0.571196 0.108849 1.532424
v 0.574555 0.125519 -2.324698
v 0.278556 0.097090 -4.173713
v -0.278552 0.097090 -4.173713
v 0.594818 -0.418577 -1.169738
v 0.335882 -0.418577 -1.810692
v 0.717488 -0.418577 -0.265980
v 0.675790 -0.418577 0.386859
v 0.479277 -0.418577 0.855243
v 0.172967 -0.418577 1.119730
v -0.172967 -0.418577 1.119730
v -0.479277 -0.418577 0.855243
v -0.675790 -0.418577 0.386859
v -0.717488 -0.418577 -0.265980
v -0.594818 -0.418577 -1.169738
v -0.335882 -0.418577 -1.810692
v -0.000000 -0.418577 -2.042007
v 0.000032 -0.069097 -4.337625
v 0.475049 -0.102116 -3.686313
v 0.755934 -0.102116 -1.453067
v 1.014730 -0.102116 -0.326099
v 0.955759 -0.102116 0.490999
v 0.677843 -0.102116 1.141496
v -0.677779 -0.102116 1.141496
v -0.955695 -0.102116 0.490999
v -1.014666 -0.102116 -0.326100
v -0.755870 -0.102116 -1.453067
v -0.474985 -0.102116 -3.686313
v 0.580328 -0.093116 1.156452
v -0.580328 -0.093116 1.156452
v 0.580328 -0.093116 1.529496
v -0.580328 -0.093116 1.529496
v 0.580328 -0.093116 1.166425
v 0.580328 -0.093116 1.522354
v 0.500478 -0.053218 1.555096
v -0.500478 -0.053218 1.555096
v 0.215687 -0.053218 1.517711
v -0.215687 -0.053218 1.517711
v 0.500478 -0.053218 1.426407
v -0.500478 -0.053218 1.426407
v 0.500478 -0.053218 1.428020
v 0.500478 -0.053218 1.547298
v -0.508862 -0.057407 1.552408
v -0.571196 -0.088553 1.532424
v 0.642603 -0.102116 -2.354192
v 0.311181 -0.080854 -4.163381
v -0.311117 -0.080854 -4.163381
v -0.580328 -0.093116 1.166425
v -0.580328 -0.093116 1.522354
v -0.500478 -0.053218 1.428020
v -0.500478 -0.053218 1.547298
v 0.508862 -0.057407 1.552408
v 0.571196 -0.088553 1.532424
v -0.645780 -0.102116 -2.328450
v 0.000003 -0.081818 -4.337625
v 0.424278 -0.126073 -3.686313
v 0.675159 -0.126073 -1.453067
v 0.906310 -0.126073 -0.326099
v 0.853638 -0.126073 0.490999
v 0.605410 -0.126073 1.141496
v -0.605404 -0.126073 1.141496
v -0.853632 -0.126073 0.490998
v -0.906303 -0.126073 -0.326100
v -0.675153 -0.126073 -1.453067
v -0.424272 -0.126073 -3.686313
v 0.580328 -0.114962 1.156452
v -0.580328 -0.114962 1.156452
v 0.580328 -0.114962 1.529496
v -0.580328 -0.114962 1.529496
v 0.580328 -0.114962 1.166425
v 0.580328 -0.114962 1.522354
v 0.500478 -0.065703 1.555096
v -0.500478 -0.065703 1.555096
v 0.215687 -0.065703 1.517711
v -0.215687 -0.065703 1.517711
v 0.500478 -0.065703 1.426407
v -0.500478 -0.065703 1.426407
v 0.500478 -0.065703 1.428020
v 0.500478 -0.065703 1.547298
v -0.508862 -0.070875 1.552408
v -0.571196 -0.109329 1.532424
v 0.573584 -0.126073 -2.357296
v 0.277709 -0.099581 -4.162292
v -0.277702 -0.099581 -4.162292
v -0.580328 -0.114962 1.166425
v -0.580328 -0.114962 1.522354
v -0.500478 -0.065703 1.428020
v -0.500478 -0.065703 1.547298
v 0.508862 -0.070875 1.552408
v 0.571196 -0.109329 1.532424
v -0.576300 -0.126073 -2.333083
v 0.011649 0.418577 -2.033985
v 0.006465 0.604862 -1.138818
v 0.012502 0.372922 -2.412230
v 0.014526 0.237080 -3.539996
v 0.009588 0.180587 -4.088920
v -0.006752 0.604862 -1.138620
v -0.012166 0.418577 -2.033629
v -0.013075 0.372809 -2.412563
v -0.015171 0.236940 -3.540230
v -0.010014 0.180483 -4.089056
v -0.006695 0.148574 -4.292155
v 0.007354 0.148494 -4.291869
v 0.580328 -0.136223 1.446060
v -0.215687 0.136223 1.555708
v -0.215687 -0.136223 1.555708
v 0.215687 0.136223 1.555708
v 0.580328 0.136223 1.446060
v -0.580328 0.136223 1.450141
v -0.580328 -0.136223 1.450141
v 0.215687 -0.136223 1.555708
v -0.580328 -0.117303 1.450141
v 0.580328 -0.117303 1.446060
v -0.580328 0.115941 1.450141
v 0.580328 0.115941 1.446060
v 0.580328 0.088570 1.446060
v -0.580328 0.088570 1.450141
v 0.580328 -0.089773 1.446060
v -0.580328 -0.089773 1.450141
v -0.580328 0.077542 1.450141
v 0.580328 0.077542 1.446060
v 0.580328 -0.074634 1.446060
v -0.580328 -0.074634 1.450141
v -0.580328 0.092281 1.450141
v 0.580328 0.092281 1.446060
v -0.580328 0.114457 1.450141
v 0.580328 0.114457 1.446060
v 0.580328 -0.093116 1.446060
v -0.580328 -0.093116 1.450141
v 0.580328 -0.114962 1.446060
v -0.580328 -0.114962 1.450141
v 0.580328 0.136223 1.497635
v -0.580328 0.136223 1.497635
v -0.580328 -0.136223 1.497635
v 0.215687 -0.136223 1.607220
v -0.580328 -0.117303 1.497635
v 0.580328 -0.117303 1.497635
v -0.580328 0.115941 1.497635
v 0.580328 0.115941 1.497635
v 0.580328 0.088570 1.497635
v -0.580328 0.088570 1.497635
v 0.580328 -0.089773 1.497635
v -0.580328 -0.089773 1.497635
v -0.580328 0.077542 1.497635
v 0.580328 0.077542 1.497635
v 0.580328 -0.074634 1.497635
v -0.580328 -0.074634 1.497635
v -0.580328 0.092281 1.497635
v 0.580328 0.092281 1.497635
v -0.580328 0.114457 1.497635
v 0.580328 0.114457 1.497635
v 0.580328 -0.093116 1.497635
v -0.580328 -0.093116 1.497635
v 0.580328 -0.114962 1.497635
v -0.580328 -0.114962 1.497635
v 0.580328 -0.136223 1.497635
v -0.215687 0.136223 1.607220
v -0.215687 -0.136223 1.607220
v 0.215687 0.136223 1.607220
vt 0.692308 0.285714
vt 0.692308 0.305289
vt 0.615385 0.328162
vt 0.615385 0.285714
vt 0.692308 0.571429
vt 0.691901 0.585653
vt 0.690154 0.584541
vt 0.690957 0.570954
vt 0.692308 0.857143
vt 0.653846 1.000000
vt 0.615385 0.857143
vt 0.689640 0.857143
vt 0.692307 0.560709
vt 0.689640 0.714286
vt 0.615385 0.714286
vt 0.569711 0.428571
vt 0.538462 0.428571
vt 0.538462 0.285714
vt 0.615385 0.571429
vt 0.615385 0.671915
vt 0.568378 0.571429
vt 0.576923 1.000000
vt 0.538462 0.857143
vt 0.615385 0.560794
vt 0.568477 0.560794
vt 0.538462 0.714286
vt 0.461539 0.428571
vt 0.461539 0.285714
vt 0.538462 0.571429
vt 0.461539 0.714286
vt 0.461539 0.571429
vt 0.500000 1.000000
vt 0.461539 0.857143
vt 0.538462 0.560794
vt 0.461539 0.560794
vt 0.384615 0.714286
vt 0.384615 0.571429
vt 0.423077 1.000000
vt 0.384615 0.857143
vt 0.384615 0.560794
vt 0.384615 0.428571
vt 0.384615 0.285714
vt 0.307692 0.571429
vt 0.307692 0.560794
vt 0.307692 0.857143
vt 0.307692 0.714286
vt 0.307692 0.428571
vt 0.307692 0.285714
vt 0.346154 1.000000
vt 0.230769 0.857143
vt 0.230769 0.714286
vt 0.230769 0.428571
vt 0.230769 0.285714
vt 0.230769 0.571429
vt 0.269231 1.000000
vt 0.153846 0.857143
vt 0.153846 0.714286
vt 0.153846 0.428571
vt 0.153846 0.285714
vt 0.192308 1.000000
vt 0.076923 0.428571
vt 0.076923 0.285714
vt 0.153846 0.571429
vt 0.076923 0.714286
vt 0.076923 0.571429
vt 0.115385 1.000000
vt 0.076923 0.857143
vt 0.000000 0.428571
vt 0.000000 0.285714
vt 0.000000 0.714286
vt 0.000000 0.571429
vt 0.038462 1.000000
vt 0.000000 0.857143
vt 0.076923 0.560794
vt 0.000000 0.560794
vt 1.000000 0.857143
vt 0.961538 1.000000
vt 0.923077 0.857143
vt 1.000000 0.560794
vt 1.000000 0.571429
vt 0.923077 0.571429
vt 0.923077 0.560794
vt 1.000000 0.714286
vt 0.923077 0.714286
vt 1.000000 0.285714
vt 1.000000 0.428571
vt 0.923077 0.428571
vt 0.923077 0.285714
vt 0.846154 0.571429
vt 0.846154 0.560794
vt 0.846154 0.857143
vt 0.846154 0.714286
vt 0.846154 0.428571
vt 0.846154 0.285714
vt 0.884615 1.000000
vt 0.817677 0.571429
vt 0.817529 0.560794
vt 0.769231 0.857143
vt 0.769231 0.714286
vt 0.815687 0.428571
vt 0.769231 0.285714
vt 0.807692 1.000000
vt 0.769231 0.326532
vt 0.743084 0.553576
vt 0.693755 0.584491
vt 0.693537 0.570996
vt 0.730769 1.000000
vt 0.695094 0.857143
vt 0.611948 0.285714
vt 0.536893 0.285714
vt 0.460474 0.285714
vt 0.389374 0.285714
vt 0.317967 0.285714
vt 0.245053 0.285714
vt 0.174369 0.285714
vt 0.155504 0.285714
vt 0.929268 0.285714
vt 0.906790 0.285714
vt 0.834354 0.285714
vt 0.761000 0.285714
vt 0.686712 0.285714
vt 0.743049 0.545518
vt 0.695094 0.714286
vt 0.692308 0.714286
vt 0.304204 0.443913
vt 0.304204 0.434867
vt 0.307692 0.438492
vt 0.230769 0.434867
vt 0.230769 0.565133
vt 0.304204 0.565133
vt 0.153846 0.434867
vt 0.153846 0.565133
vt 0.080411 0.555436
vt 0.080411 0.565133
vt 0.080411 0.434867
vt 0.230769 0.537225
vt 0.153846 0.537225
vt 0.153846 0.537225
vt 0.230769 0.537225
vt 0.096492 0.462775
vt 0.153846 0.462775
vt 0.153846 0.462775
vt 0.096492 0.462775
vt 0.230769 0.462775
vt 0.288123 0.462775
vt 0.288123 0.462775
vt 0.230769 0.462775
vt 0.288123 0.537225
vt 0.288123 0.537225
vt 0.288123 0.531895
vt 0.288123 0.531895
vt 0.096492 0.537225
vt 0.096492 0.537225
vt 0.096492 0.467579
vt 0.096492 0.467579
vt 0.695094 0.689997
vt 0.769231 0.671062
vt 0.689640 0.690057
vt 0.692308 0.690708
vt 0.769231 0.571429
vt 0.615385 0.428571
vt 0.769231 0.428571
vt 0.692308 0.376769
vt 0.769231 0.560794
vt 0.689640 0.617966
vt 0.692308 0.619638
vt 0.695094 0.617892
vt 0.641995 0.445332
vt 0.691806 0.411112
vt 0.692308 0.428571
vt 0.742620 0.445332
vt 0.641566 0.545518
vt 0.641531 0.553576
vt 0.742652 0.452849
vt 0.769231 0.438492
vt 0.641963 0.452849
vt 0.615385 0.438492
vt 0.815825 0.438492
vt 0.569619 0.438492
vt 0.538462 0.438492
vt 0.288123 0.467579
vt 0.288123 0.467579
vt 0.080411 0.443913
vt 0.076923 0.438492
vt 0.692308 0.438492
vt 0.846154 0.438492
vt 0.923077 0.438492
vt 1.000000 0.438492
vt 0.000000 0.438492
vt 0.384615 0.438492
vt 0.461538 0.438492
vt 0.304204 0.555436
vt 0.096492 0.531596
vt 0.096492 0.531596
vt 0.641569 0.544928
vt 0.615385 0.560016
vt 0.817518 0.560016
vt 0.769231 0.560016
vt 0.568485 0.560016
vt 0.538462 0.560016
vt 0.288123 0.531481
vt 0.288123 0.531481
vt 0.080411 0.554726
vt 0.076923 0.560016
vt 0.743047 0.544928
vt 0.692308 0.560016
vt 0.846154 0.560016
vt 0.923077 0.560016
vt 1.000000 0.560016
vt 0.000000 0.560016
vt 0.384615 0.560016
vt 0.307692 0.560016
vt 0.461539 0.560016
vt 0.304204 0.554726
vt 0.096492 0.531184
vt 0.096492 0.531184
vt 0.080411 0.443913
vt 0.080411 0.434867
vt 0.080411 0.434867
vt 0.080411 0.443913
vt 0.153846 0.565133
vt 0.080411 0.565133
vt 0.080411 0.565133
vt 0.153846 0.565133
vt 0.304204 0.555436
vt 0.304204 0.565133
vt 0.304204 0.565133
vt 0.304204 0.555436
vt 0.153846 0.434867
vt 0.230769 0.434867
vt 0.230769 0.434867
vt 0.153846 0.434867
vt 0.304204 0.434866
vt 0.304204 0.434867
vt 0.230769 0.565133
vt 0.230769 0.565133
vt 0.230769 0.565133
vt 0.304204 0.565133
vt 0.153846 0.565133
vt 0.153846 0.434867
vt 0.080411 0.434867
vt 0.304204 0.434867
vt 0.230769 0.434867
vt 0.304204 0.555436
vt 0.080411 0.565133
vt 0.080411 0.443913
vt 0.304204 0.565133
vt 0.230769 0.565133
vt 0.153846 0.565133
vt 0.080411 0.434867
vt 0.153846 0.434867
vt 0.230769 0.434867
vt 0.304204 0.434866
vt 0.304204 0.555436
vt 0.080411 0.565133
vt 0.080411 0.443913
vt 0.302365 0.446661
vt 0.302365 0.438058
vt 0.304204 0.443913
vt 0.230769 0.438058
vt 0.153846 0.438058
vt 0.153846 0.561942
vt 0.230769 0.561942
vt 0.082250 0.552719
vt 0.082250 0.561942
vt 0.080411 0.555436
vt 0.082250 0.438058
vt 0.153846 0.462775
vt 0.230769 0.462775
vt 0.096492 0.467945
vt 0.096492 0.462775
vt 0.153846 0.537225
vt 0.096492 0.537225
vt 0.288123 0.531690
vt 0.288123 0.537225
vt 0.230769 0.537225
vt 0.288123 0.462775
vt 0.230769 0.537225
vt 0.153846 0.537225
vt 0.096492 0.462775
vt 0.153846 0.462775
vt 0.230769 0.462775
vt 0.288123 0.462775
vt 0.288123 0.537225
vt 0.288123 0.531687
vt 0.096492 0.537225
vt 0.096492 0.467936
vt 0.153846 0.540155
vt 0.094804 0.540155
vt 0.094804 0.459845
vt 0.153846 0.459845
vt 0.096492 0.531678
vt 0.094804 0.534177
vt 0.230769 0.540155
vt 0.230769 0.459845
vt 0.289812 0.540155
vt 0.289812 0.459845
vt 0.288123 0.467936
vt 0.289812 0.465422
vt 0.302365 0.561942
vt 0.742656 0.453779
vt 0.769231 0.439719
vt 0.289812 0.466112
vt 0.302365 0.447726
vt 0.094804 0.465422
vt 0.082250 0.446661
vt 0.288123 0.468576
vt 0.096492 0.468576
vt 0.096492 0.468585
vt 0.288123 0.467945
vt 0.096492 0.468215
vt 0.096492 0.468215
vt 0.304204 0.445032
vt 0.080411 0.445032
vt 0.080411 0.445032
vt 0.304204 0.443913
vt 0.304204 0.443913
vt 0.080411 0.445032
vt 0.080411 0.445032
vt 0.304204 0.443913
vt 0.304204 0.445032
vt 0.307692 0.439719
vt 0.080411 0.445032
vt 0.080411 0.555436
vt 0.080411 0.555436
vt 0.080411 0.555436
vt 0.096492 0.531681
vt 0.289812 0.534177
vt 0.302365 0.552719
vt 0.094804 0.533739
vt 0.082250 0.552045
vt 0.096492 0.531272
vt 0.288123 0.531281
vt 0.288123 0.531284
vt 0.080411 0.554726
vt 0.304204 0.554726
vt 0.304204 0.554726
vt 0.304204 0.554726
vt 0.304204 0.554726
vt 0.692308 0.540659
vt 0.692308 0.546442
vt 0.641613 0.534643
vt 0.641631 0.530261
vt 0.615385 0.540659
vt 0.615385 0.546442
vt 0.568611 0.546442
vt 0.568665 0.540659
vt 0.538462 0.540659
vt 0.538462 0.546442
vt 0.461539 0.546442
vt 0.461539 0.540659
vt 0.384615 0.546442
vt 0.384616 0.540659
vt 0.307692 0.546442
vt 0.307692 0.540659
vt 0.076923 0.540659
vt 0.076923 0.546442
vt 0.000000 0.546442
vt 0.000000 0.540659
vt 1.000000 0.540659
vt 1.000000 0.546442
vt 0.923077 0.546442
vt 0.923077 0.540659
vt 0.846154 0.546442
vt 0.846154 0.540659
vt 0.817329 0.546442
vt 0.817248 0.540659
vt 0.742984 0.530262
vt 0.743003 0.534643
vt 0.304204 0.537076
vt 0.304204 0.542349
vt 0.304204 0.542349
vt 0.304204 0.537069
vt 0.080411 0.537076
vt 0.080411 0.542349
vt 0.304204 0.537076
vt 0.304204 0.542349
vt 0.304204 0.542349
vt 0.304204 0.537076
vt 0.304204 0.537076
vt 0.304204 0.542349
vt 0.082250 0.535259
vt 0.082250 0.540274
vt 0.080411 0.542349
vt 0.080411 0.537069
vt 0.288123 0.521325
vt 0.288123 0.524255
vt 0.288123 0.524255
vt 0.288123 0.521325
vt 0.288123 0.521197
vt 0.288123 0.524210
vt 0.288123 0.521192
vt 0.288123 0.524206
vt 0.096492 0.521185
vt 0.096492 0.524197
vt 0.094804 0.526109
vt 0.094804 0.522858
vt 0.769231 0.546442
vt 0.769231 0.540659
vt 0.080411 0.544123
vt 0.080411 0.542349
vt 0.080411 0.544123
vt 0.304204 0.544123
vt 0.307692 0.548388
vt 0.080411 0.544123
vt 0.080411 0.542349
vt 0.080411 0.544123
vt 0.080411 0.544123
vt 0.080411 0.542349
vt 0.302365 0.541961
vt 0.302365 0.540274
vt 0.304204 0.544123
vt 0.096492 0.525023
vt 0.096492 0.523992
vt 0.096492 0.523992
vt 0.096492 0.525023
vt 0.096492 0.525216
vt 0.096492 0.524202
vt 0.096492 0.525212
vt 0.288123 0.525220
vt 0.289812 0.526109
vt 0.289812 0.527202
vt 0.743009 0.536118
vt 0.769231 0.548388
vt 0.641922 0.462458
vt 0.641916 0.463786
vt 0.615385 0.452927
vt 0.615385 0.451174
vt 0.816002 0.451174
vt 0.816026 0.452927
vt 0.769231 0.452927
vt 0.769231 0.451174
vt 0.569500 0.451174
vt 0.569484 0.452927
vt 0.538462 0.452927
vt 0.538462 0.451174
vt 0.094804 0.472552
vt 0.094804 0.473537
vt 0.082250 0.459179
vt 0.082250 0.457659
vt 0.096492 0.474547
vt 0.096492 0.475461
vt 0.288123 0.474548
vt 0.288123 0.475462
vt 0.288123 0.475470
vt 0.288123 0.474556
vt 0.288123 0.475085
vt 0.288123 0.474174
vt 0.288123 0.475085
vt 0.288123 0.474174
vt 0.080411 0.457072
vt 0.080411 0.455475
vt 0.304204 0.455477
vt 0.304204 0.457076
vt 0.304204 0.457076
vt 0.304204 0.455477
vt 0.304204 0.455477
vt 0.304204 0.457076
vt 0.304204 0.457076
vt 0.304204 0.455477
vt 0.080411 0.455477
vt 0.080411 0.457076
vt 0.076923 0.452927
vt 0.076923 0.451174
vt 0.304204 0.457072
vt 0.304204 0.455475
vt 0.742694 0.462458
vt 0.742699 0.463786
vt 0.692308 0.452927
vt 0.692308 0.451174
vt 0.846154 0.451174
vt 0.846154 0.452927
vt 0.923077 0.451174
vt 0.923077 0.452927
vt 1.000000 0.451174
vt 1.000000 0.452927
vt 0.000000 0.452927
vt 0.000000 0.451174
vt 0.384615 0.451174
vt 0.384615 0.452927
vt 0.307692 0.452927
vt 0.307692 0.451174
vt 0.461538 0.451174
vt 0.461538 0.452927
vt 0.080411 0.464317
vt 0.080411 0.457076
vt 0.080411 0.464313
vt 0.304204 0.464315
vt 0.307692 0.460866
vt 0.080411 0.464315
vt 0.080411 0.457076
vt 0.080411 0.464315
vt 0.080411 0.464317
vt 0.080411 0.457076
vt 0.302365 0.466063
vt 0.302365 0.459179
vt 0.304204 0.464313
vt 0.096492 0.479186
vt 0.096492 0.475050
vt 0.096492 0.475050
vt 0.096492 0.479155
vt 0.096492 0.479609
vt 0.096492 0.475471
vt 0.096492 0.479599
vt 0.288123 0.479602
vt 0.289812 0.473537
vt 0.289812 0.478000
vt 0.742725 0.469801
vt 0.769231 0.460866
vt 0.289812 0.522858
vt 0.302365 0.535259
vt 0.096492 0.521192
vt 0.096492 0.521076
vt 0.096492 0.521075
vt 0.080411 0.537076
vt 0.080411 0.537076
vt 0.080411 0.537076
vt 0.641890 0.469801
vt 0.615385 0.460866
vt 0.816137 0.460866
vt 0.569410 0.460866
vt 0.538462 0.460866
vt 0.094804 0.478000
vt 0.082250 0.466063
vt 0.288123 0.479609
vt 0.288123 0.479241
vt 0.288123 0.479241
vt 0.304204 0.464317
vt 0.304204 0.464317
vt 0.304204 0.464315
vt 0.076923 0.460866
vt 0.692308 0.460866
vt 0.846154 0.460866
vt 0.923077 0.460866
vt 1.000000 0.460866
vt 0.000000 0.460866
vt 0.384615 0.460866
vt 0.461538 0.460866
vt 0.289812 0.533739
vt 0.302365 0.552045
vt 0.096492 0.531275
vt 0.080411 0.554726
vt 0.080411 0.554726
vt 0.080411 0.554726
vt 0.692308 0.548388
vt 0.641606 0.536118
vt 0.615385 0.548388
vt 0.568593 0.548388
vt 0.538462 0.548388
vt 0.461539 0.548388
vt 0.384615 0.548388
vt 0.076923 0.548388
vt 0.000000 0.548388
vt 1.000000 0.548388
vt 0.923077 0.548388
vt 0.846154 0.548388
vt 0.817356 0.548388
vt 0.304204 0.544123
vt 0.304204 0.544123
vt 0.304204 0.544123
vt 0.082250 0.541961
vt 0.288123 0.525291
vt 0.288123 0.525291
vt 0.288123 0.525224
vt 0.094804 0.527202
vt 0.692308 0.439719
vt 0.641959 0.453779
vt 0.615385 0.439719
vt 0.569607 0.439719
vt 0.538462 0.439719
vt 0.461538 0.439719
vt 0.384615 0.439719
vt 0.076923 0.439719
vt 0.000000 0.439719
vt 1.000000 0.439719
vt 0.923077 0.439719
vt 0.846154 0.439719
vt 0.815842 0.439719
vt 0.304204 0.445032
vt 0.304204 0.445032
vt 0.304204 0.445032
vt 0.082250 0.447726
vt 0.288123 0.468217
vt 0.288123 0.468217
vt 0.288123 0.468585
vt 0.094804 0.466112
vt 0.080411 0.455477
vt 0.080411 0.455477
vt 0.080411 0.455477
vt 0.302365 0.457659
vt 0.096492 0.474143
vt 0.096492 0.474143
vt 0.096492 0.474557
vt 0.289812 0.472552
vt 0.080411 0.445032
vt 0.080411 0.455477
vt 0.304204 0.445032
vt 0.304204 0.443913
vt 0.080411 0.457076
vt 0.304204 0.455477
vt 0.304204 0.554727
vt 0.304204 0.544123
vt 0.080411 0.554726
vt 0.080411 0.555436
vt 0.304204 0.542349
vt 0.080411 0.544123
vt 0.080411 0.464317
vt 0.080411 0.537076
vt 0.304204 0.464317
vt 0.304204 0.457076
vt 0.304204 0.537076
vt 0.080411 0.542349
vt 0.304204 0.555436
vt 0.080411 0.565133
vt 0.304204 0.434866
vt 0.080411 0.443913
vt 0.080411 0.434867
vt 0.153846 0.565133
vt 0.304204 0.565133
vt 0.230769 0.434867
vt 0.153846 0.434867
vt 0.230769 0.565133
vt 0.230769 0.531683
vt 0.153846 0.531683
vt 0.230769 0.467945
vt 0.153846 0.467945
vt 0.230769 0.531277
vt 0.153846 0.531277
vt 0.230769 0.524203
vt 0.230769 0.521189
vt 0.153846 0.521189
vt 0.153846 0.524203
vt 0.230769 0.474555
vt 0.230769 0.475468
vt 0.153846 0.475468
vt 0.153846 0.474554
vt 0.230769 0.479605
vt 0.153846 0.479605
vt 0.230769 0.525217
vt 0.153846 0.525217
vt 0.230769 0.468585
vt 0.153846 0.468585
vn 0.0701 -0.9934 -0.0903
vn 0.1201 -0.9844 -0.1286
vn 0.4199 -0.9013 -0.1069
vn 0.3534 -0.9307 -0.0946
vn 0.3532 0.7052 -0.6148
vn 0.1864 0.9747 -0.1231
vn 0.1853 0.9738 -0.1314
vn 0.3451 0.7478 -0.5672
vn 0.1085 0.9815 -0.1576
vn 0.1369 0.9905 0.0109
vn 0.1987 0.9725 -0.1214
vn 0.0899 0.9873 -0.1306
vn 0.4163 0.3920 -0.8203
vn 0.1196 0.9792 -0.1638
vn 0.4255 0.8882 -0.1732
vn 0.9138 -0.3906 -0.1112
vn 0.9282 -0.3315 -0.1687
vn 0.4954 -0.8637 -0.0931
vn 0.7661 0.6111 -0.1991
vn 0.4194 0.9015 -0.1069
vn 0.9140 0.3899 -0.1121
vn 0.3052 0.9499 -0.0669
vn 0.8218 0.5382 -0.1870
vn 0.8136 0.5744 -0.0903
vn 0.6468 0.7480 -0.1488
vn 0.9628 -0.2621 -0.0653
vn 0.5115 -0.8590 -0.0224
vn 0.9284 0.3307 -0.1697
vn 0.7045 0.7089 -0.0325
vn 0.9628 0.2621 -0.0653
vn 0.3473 0.9377 -0.0089
vn 0.7964 0.5921 -0.1231
vn 0.7619 0.6455 -0.0540
vn 0.6643 0.7328 0.1470
vn 0.9311 0.2977 0.2109
vn 0.3374 0.9387 0.0714
vn 0.7490 0.6411 0.1673
vn 0.9311 -0.2977 0.2109
vn 0.4885 -0.8670 0.0979
vn 0.7518 0.3607 0.5520
vn 0.6443 0.3824 0.6622
vn 0.2551 0.9525 0.1661
vn 0.5075 0.7939 0.3349
vn 0.7518 -0.3607 0.5520
vn 0.3897 -0.8906 0.2345
vn 0.1998 0.9521 0.2314
vn 0.3831 0.8102 0.4437
vn 0.3090 -0.4054 0.8604
vn 0.1570 -0.9199 0.3594
vn 0.3090 0.4054 0.8604
vn 0.0000 0.8716 0.4902
vn 0.0000 0.9718 0.2357
vn -0.3090 -0.4054 0.8604
vn -0.1570 -0.9199 0.3594
vn 0.0000 0.9945 0.1052
vn -0.7518 -0.3607 0.5520
vn -0.3897 -0.8906 0.2345
vn -0.3090 0.4054 0.8604
vn -0.3831 0.8102 0.4437
vn -0.5075 0.7939 0.3349
vn -0.7518 0.3607 0.5520
vn -0.1998 0.9521 0.2314
vn -0.1369 0.9905 0.0109
vn -0.2551 0.9525 0.1661
vn -0.9311 -0.2977 0.2109
vn -0.4885 -0.8670 0.0979
vn -0.6643 0.7328 0.1470
vn -0.9311 0.2977 0.2109
vn -0.3374 0.9387 0.0714
vn -0.6444 0.3824 0.6622
vn -0.7490 0.6410 0.1673
vn -0.3473 0.9377 -0.0089
vn -0.9628 0.2621 -0.0653
vn -0.7619 0.6454 -0.0540
vn -0.7045 0.7089 -0.0325
vn -0.9628 -0.2621 -0.0653
vn -0.5115 -0.8590 -0.0224
vn -0.9285 0.3297 -0.1707
vn -0.7963 0.5922 -0.1231
vn -0.3052 0.9499 -0.0669
vn -0.6471 0.7477 -0.1493
vn -0.9283 -0.3310 -0.1693
vn -0.4955 -0.8636 -0.0933
vn -0.9143 0.3889 -0.1132
vn -0.8132 0.5750 -0.0903
vn -0.1987 0.9725 -0.1214
vn -0.4258 0.8880 -0.1736
vn -0.9139 -0.3902 -0.1117
vn -0.3535 -0.9306 -0.0948
vn -0.4194 -0.9015 -0.1069
vn -0.1206 -0.9844 -0.1284
vn -0.0699 -0.9935 -0.0902
vn -0.6101 0.6189 -0.4947
vn -0.1853 0.9738 -0.1314
vn -0.3450 0.7478 -0.5672
vn -0.1085 0.9815 -0.1576
vn -0.0899 0.9873 -0.1306
vn -0.0000 -1.0000 0.0000
vn -0.6172 0.4419 -0.6510
vn -0.4164 0.3918 -0.8204
vn -0.1197 0.9792 -0.1638
vn -0.1107 0.9833 -0.1444
vn 0.8589 -0.1911 0.4752
vn 0.7851 -0.1449 0.6021
vn 0.6426 -0.3770 0.6670
vn 0.2117 -0.7946 0.5690
vn 0.2117 0.7946 0.5690
vn 0.7851 0.1449 0.6021
vn -0.2117 -0.7946 0.5690
vn -0.2117 0.7946 0.5690
vn -0.8607 0.1959 0.4698
vn -0.7851 0.1449 0.6021
vn -0.7851 -0.1449 0.6021
vn -0.1033 -0.7436 0.6606
vn 0.1033 -0.7436 0.6606
vn 0.7071 0.7071 0.0000
vn -0.0000 1.0000 0.0000
vn -0.1033 0.7436 0.6606
vn 0.4872 0.5628 0.6678
vn -0.7071 0.7071 0.0000
vn -0.4872 0.5628 0.6678
vn 0.1033 0.7436 0.6606
vn -0.7071 -0.7071 0.0000
vn -0.4872 -0.5628 0.6678
vn -1.0000 0.0000 0.0000
vn -0.5894 0.0000 0.8079
vn 0.7071 -0.7071 0.0000
vn 0.4872 -0.5628 0.6678
vn 1.0000 0.0000 0.0000
vn 0.5894 0.0000 0.8079
vn -0.1214 0.9849 -0.1233
vn -0.4196 0.9014 -0.1069
vn 0.1212 0.9850 -0.1232
vn 0.1222 0.9854 -0.1182
vn 0.1104 0.9833 -0.1444
vn -0.7661 0.6111 -0.1991
vn 0.7640 -0.6131 -0.2010
vn -0.7639 -0.6132 -0.2011
vn -0.1570 -0.9802 -0.1207
vn 0.1572 -0.9802 -0.1206
vn -0.8217 0.5383 -0.1870
vn 0.1641 0.9798 -0.1145
vn 0.1601 0.9808 -0.1117
vn -0.1642 0.9798 -0.1145
vn 0.6117 -0.6459 -0.4568
vn 0.1879 -0.9741 -0.1260
vn 0.3857 -0.7065 -0.5933
vn -0.1879 -0.9741 -0.1260
vn -0.6117 -0.6459 -0.4568
vn -0.3857 -0.7065 -0.5933
vn 0.6171 0.4421 -0.6510
vn 0.6101 0.6189 -0.4947
vn -0.6179 -0.4995 -0.6072
vn -0.8169 -0.5442 -0.1910
vn 0.6177 -0.5000 -0.6070
vn 0.8169 -0.5443 -0.1910
vn -0.8148 -0.5726 -0.0905
vn 0.8149 -0.5725 -0.0905
vn 0.7970 -0.5913 -0.1232
vn -0.8589 -0.1910 0.4752
vn -0.6427 -0.3769 0.6670
vn -0.4481 -0.4621 -0.7653
vn -0.7969 -0.5914 -0.1232
vn -0.7624 -0.6449 -0.0541
vn -0.7495 -0.6404 0.1675
vn 0.7495 -0.6405 0.1675
vn 0.7623 -0.6449 -0.0541
vn 0.4479 -0.4628 -0.7650
vn 0.8607 0.1960 0.4698
vn 0.4687 0.6899 -0.5517
vn 0.4085 0.9056 -0.1137
vn -0.3353 0.9413 -0.0386
vn -0.4082 0.9058 -0.1138
vn 0.3362 0.9410 -0.0387
vn 0.2735 0.9609 -0.0430
vn -0.7893 0.2398 0.5653
vn -0.2827 0.7645 0.5794
vn -0.4691 0.6894 -0.5519
vn -0.4114 0.3972 -0.8203
vn -0.2732 0.9610 -0.0430
vn -0.2325 0.9724 -0.0184
vn -0.2417 0.9686 0.0589
vn 0.2416 0.9686 0.0589
vn 0.2826 0.7645 0.5794
vn 0.2324 0.9724 -0.0184
vn 0.4112 0.3980 -0.8201
vn 0.7892 0.2399 0.5653
vn -0.1864 0.9747 -0.1231
vn -0.1603 0.9807 -0.1117
vn -0.1220 0.9855 -0.1182
vn -0.3532 0.7051 -0.6148
vn -0.6490 -0.5954 0.4735
vn -0.8079 0.0000 0.5894
vn -0.6490 0.5954 0.4735
vn -0.1141 0.6739 0.7299
vn 0.6490 0.5954 0.4735
vn 0.8079 0.0000 0.5894
vn 0.1141 -0.6739 0.7299
vn -0.1141 -0.6739 0.7299
vn 0.6490 -0.5954 0.4735
vn 0.1141 0.6739 0.7299
vn 0.3053 0.0000 0.9523
vn 0.1545 -0.0000 0.9880
vn -0.1545 -0.0000 0.9880
vn -0.3053 0.0000 0.9523
vn 0.0272 0.3864 0.9219
vn -0.0271 0.3865 0.9219
vn -0.0271 -0.3865 0.9219
vn 0.0271 -0.3865 0.9219
vn -0.4667 -0.7266 -0.5043
vn -0.4084 -0.9055 -0.1151
vn -0.7877 -0.2345 0.5696
vn 0.7877 -0.2346 0.5697
vn 0.2803 -0.7595 0.5870
vn 0.4685 -0.0340 -0.8828
vn 0.4399 0.1661 -0.8825
vn 0.7007 0.3937 -0.5951
vn 0.7608 -0.0255 -0.6485
vn 0.9741 -0.0067 -0.2259
vn 0.8264 0.5267 -0.1993
vn 0.8112 0.5755 -0.1035
vn 0.9919 -0.0000 -0.1268
vn 0.9842 -0.0000 -0.1773
vn 0.7786 0.6117 -0.1400
vn 0.8036 0.5919 -0.0629
vn 0.9970 0.0000 -0.0780
vn 0.7883 0.5843 0.1927
vn 0.9710 0.0000 0.2391
vn 0.5491 0.4874 0.6789
vn 0.6044 0.0000 0.7967
vn -0.6044 0.0000 0.7967
vn -0.5492 0.4873 0.6789
vn -0.7883 0.5843 0.1927
vn -0.9710 0.0000 0.2391
vn -0.8036 0.5918 -0.0629
vn -0.9970 0.0000 -0.0780
vn -0.7785 0.6118 -0.1400
vn -0.9842 0.0000 -0.1773
vn -0.8111 0.5758 -0.1034
vn -0.9919 0.0000 -0.1268
vn -0.7608 -0.0255 -0.6485
vn -0.7008 0.3933 -0.5951
vn -0.4401 0.1652 -0.8826
vn -0.4685 -0.0340 -0.8828
vn -0.7538 0.0000 0.6571
vn -0.7537 0.0629 0.6542
vn 0.7538 0.0000 0.6571
vn 0.7537 0.0630 0.6542
vn -0.8263 0.5269 -0.1993
vn -0.9741 -0.0067 -0.2259
vn 0.7602 0.1613 0.6294
vn 0.2412 0.7149 0.6563
vn -0.7602 0.1613 0.6293
vn -0.4609 0.6881 -0.5605
vn -0.4080 0.9054 -0.1172
vn 0.4605 -0.7222 -0.5161
vn 0.7024 -0.4146 -0.5786
vn 0.8228 -0.5314 -0.2017
vn 0.4084 -0.9051 -0.1182
vn -0.3383 -0.9401 -0.0416
vn -0.8112 -0.5755 -0.1035
vn -0.8228 -0.5314 -0.2017
vn -0.4083 -0.9052 -0.1182
vn 0.3388 -0.9399 -0.0417
vn 0.8115 -0.5751 -0.1035
vn 0.7792 -0.6109 -0.1402
vn 0.2753 -0.9602 -0.0462
vn 0.7593 -0.1580 0.6312
vn 0.7535 -0.0622 0.6545
vn -0.7594 -0.1580 0.6312
vn -0.7535 -0.0622 0.6545
vn -0.5494 -0.4866 0.6792
vn -0.2417 -0.7133 0.6579
vn -0.4610 -0.7216 -0.5166
vn -0.7025 -0.4143 -0.5787
vn -0.4605 -0.2533 -0.8507
vn -0.4225 -0.4751 -0.7719
vn -0.2752 -0.9603 -0.0462
vn -0.7792 -0.6109 -0.1402
vn -0.2338 -0.9721 -0.0198
vn -0.8039 -0.5914 -0.0630
vn -0.2430 -0.9680 0.0633
vn -0.7887 -0.5838 0.1929
vn 0.2428 -0.9680 0.0633
vn 0.7886 -0.5838 0.1928
vn 0.5494 -0.4867 0.6792
vn 0.2415 -0.7133 0.6579
vn 0.2337 -0.9721 -0.0198
vn 0.8039 -0.5914 -0.0629
vn 0.4221 -0.4763 -0.7713
vn 0.4604 -0.2542 -0.8505
vn -0.7623 -0.0254 -0.6467
vn -0.9736 -0.0068 -0.2282
vn 0.7623 -0.0254 -0.6467
vn 0.9736 -0.0068 -0.2282
vn -0.4762 -0.0339 -0.8787
vn 0.4762 -0.0339 -0.8787
vn 0.4012 0.3772 -0.8347
vn 0.4603 0.6888 -0.5601
vn 0.4083 0.9053 -0.1171
vn 0.3361 0.9409 -0.0412
vn 0.2734 0.9608 -0.0458
vn 0.2324 0.9724 -0.0197
vn 0.2415 0.9684 0.0628
vn -0.2414 0.7149 0.6563
vn -0.2416 0.9683 0.0628
vn -0.2325 0.9724 -0.0197
vn -0.2731 0.9609 -0.0458
vn -0.3352 0.9412 -0.0411
vn -0.4015 0.3761 -0.8351
vn 0.4353 -0.4898 -0.7553
vn 0.4662 -0.7272 -0.5038
vn 0.4085 -0.9055 -0.1151
vn 0.3388 -0.9401 -0.0391
vn 0.2753 -0.9604 -0.0434
vn 0.2337 -0.9721 -0.0186
vn 0.2429 -0.9682 0.0594
vn -0.2805 -0.7595 0.5870
vn -0.2430 -0.9682 0.0594
vn -0.2338 -0.9721 -0.0186
vn -0.2752 -0.9604 -0.0434
vn -0.3383 -0.9402 -0.0390
vn -0.4357 -0.4887 -0.7559
usemtl Porple
s 1
f 545/101/39 227/102/40 228/103/41 534/104/42
f 74/105/43 235/106/44 624/107/45 631/108/46
f 133/109/47 76/110/48 77/111/49 621/112/50
f 281/113/51 74/105/43 631/108/46
f 620/114/52 621/112/50 77/111/49 78/115/53
f 534/104/42 220/116/54 85/117/55 533/118/56
f 231/119/57 223/120/58 219/121/59
f 77/111/49 76/122/48 82/123/60
f 282/124/61 231/119/57 219/121/59 308/125/62
f 78/115/53 77/111/49 82/123/60 83/126/63
f 533/118/56 85/117/55 90/127/64 535/128/65
f 84/129/66 83/126/63 88/130/67 89/131/68
f 82/123/60 76/132/48 87/133/69
f 283/134/70 84/129/66 89/131/68 284/135/71
f 83/126/63 82/123/60 87/133/69 88/130/67
f 89/131/68 88/130/67 93/136/72 94/137/73
f 87/133/69 76/138/48 92/139/74
f 284/135/71 89/131/68 94/137/73 285/140/75
f 88/130/67 87/133/69 92/139/74 93/136/72
f 535/128/65 90/127/64 95/141/76 536/142/77
f 285/140/75 94/137/73 139/143/78 286/144/79
f 93/136/72 92/139/74 97/145/80 98/146/81
f 536/142/77 95/141/76 140/147/82 537/148/83
f 94/137/73 93/136/72 98/146/81 139/143/78
f 92/139/74 76/149/48 97/145/80
f 98/146/81 97/145/80 102/150/84 103/151/85
f 537/148/83 140/147/82 136/152/86 538/153/87
f 139/143/78 98/146/81 103/151/85 142/154/88
f 97/145/80 76/155/48 102/150/84
f 103/151/89 102/150/90 105/156/90 106/157/89
f 538/153/87 136/152/86 138/158/91 539/159/92
f 102/150/90 76/160/93 105/156/90
f 539/159/92 138/158/91 146/161/94 540/162/95
f 144/163/96 106/157/97 109/164/98 145/165/99
f 105/156/100 76/166/101 108/167/102
f 106/157/97 105/156/100 108/167/102 109/164/98
f 540/162/95 146/161/94 116/168/103 541/169/104
f 145/165/99 109/164/98 114/170/105 115/171/106
f 108/167/102 76/172/101 113/173/107
f 287/174/108 145/165/99 115/171/106 288/175/109
f 109/164/98 108/167/102 113/173/107 114/170/105
f 113/176/107 76/177/101 118/178/110
f 288/179/109 115/180/106 120/181/111 289/182/112
f 114/183/105 113/176/107 118/178/110 119/184/113
f 541/185/104 116/186/103 121/187/114 542/188/115
f 115/180/106 114/183/105 119/184/113 120/181/111
f 289/182/112 120/181/111 125/189/116 290/190/117
f 119/184/113 118/178/110 123/191/118 124/192/119
f 542/188/115 121/187/114 126/193/120 543/194/121
f 120/181/111 119/184/113 124/192/119 125/189/116
f 118/178/110 76/195/101 123/191/118
f 290/190/117 125/189/116 224/196/122 280/197/123
f 124/192/119 123/191/118 128/198/124 129/199/125
f 543/194/121 126/193/120 226/200/126 544/201/127
f 125/189/116 124/192/119 129/199/125 224/196/122
f 123/191/118 76/202/101 128/198/124
f 544/201/127 225/203/128 227/102/129 545/101/130
f 130/204/131 629/205/132 630/206/133
f 128/198/124 76/207/101 133/109/134 625/208/135
f 81/209/136 86/210/136 91/211/136 96/212/136 101/213/136 104/214/136 107/215/136 112/216/136 117/217/136 122/218/136 127/219/136 132/220/136 134/221/136
f 310/222/137 130/204/131 630/206/133 281/113/138
f 626/223/139 625/208/135 133/109/134 73/224/140
f 248/225/141 100/226/142 140/147/82 242/227/143
f 100/226/142 141/228/144 136/152/86 140/147/82
f 135/229/145 99/230/146 139/143/78 142/154/88
f 141/228/144 143/231/147 138/158/91 136/152/86
f 137/232/148 135/229/145 142/154/88 144/163/96
f 293/233/149 110/234/150 145/165/99 287/174/108
f 143/231/147 111/235/151 146/161/94 138/158/91
f 110/234/150 137/232/148 144/163/96 145/165/99
f 192/236/136 191/237/136 181/238/152 179/239/153
f 190/240/154 189/241/155 182/242/156 186/243/157
f 187/244/155 188/245/158 184/246/159 180/247/160
f 103/151/89 106/157/89 144/163/96 142/154/88
f 193/248/161 192/236/136 179/239/153 183/249/162
f 304/250/163 193/248/161 183/249/162 302/251/164
f 191/237/136 194/252/165 185/253/166 181/238/152
f 262/254/167 190/240/154 186/243/157 261/255/168
f 189/241/155 187/244/155 180/247/160 182/242/156
f 308/125/62 219/121/59 84/129/66 283/134/70
f 219/121/59 78/115/53 83/126/63 84/129/66
f 627/256/169 222/257/170 129/199/125 626/223/139
f 622/258/171 221/259/172 73/224/173 620/114/52
f 219/121/59 223/120/58 78/115/53
f 224/196/122 222/257/170 233/260/174
f 222/257/170 224/196/122 129/199/125
f 220/116/54 534/104/42 228/103/41
f 228/103/41 232/261/175 220/116/54
f 227/102/129 225/203/128 234/262/176 236/263/177
f 225/203/128 226/200/126 234/262/176
f 228/103/41 227/102/40 236/263/178 232/261/175
f 280/197/123 224/196/122 233/260/174 291/264/179
f 544/201/127 226/200/126 225/203/128
f 623/265/180 229/266/181 221/259/172 622/258/171
f 628/267/182 233/260/174 222/257/170 627/256/169
f 80/268/183 230/269/184 75/270/185
f 230/269/186 131/271/187 75/270/188
f 309/272/189 79/273/190 231/119/57 282/124/61
f 273/274/191 131/271/187 234/262/176 247/275/192
f 624/107/45 235/106/44 229/266/181 623/265/180
f 629/205/132 130/204/131 233/260/174 628/267/182
f 230/269/184 80/268/183 232/261/175 236/263/178
f 131/271/187 230/269/186 236/263/177 234/262/176
f 80/268/183 272/276/193 238/277/194 232/261/175
f 226/200/126 271/278/195 247/275/192 234/262/176
f 220/116/54 270/279/196 239/280/197 85/117/55
f 188/245/158 263/281/163 260/282/164 184/246/159
f 111/235/151 249/283/198 243/284/199 146/161/94
f 131/271/187 273/274/191 237/285/200 75/270/188
f 126/193/120 246/286/201 271/278/195 226/200/126
f 121/187/114 245/287/202 246/286/201 126/193/120
f 116/186/103 244/288/203 245/287/202 121/187/114
f 146/161/94 243/284/199 244/289/203 116/168/103
f 95/141/76 241/290/204 242/227/143 140/147/82
f 90/127/64 240/291/205 241/290/204 95/141/76
f 85/117/55 239/280/197 240/291/205 90/127/64
f 232/261/175 238/277/194 270/279/196 220/116/54
f 75/270/185 237/285/206 272/276/193 80/268/183
f 99/230/146 292/292/207 286/144/79 139/143/78
f 194/252/165 276/293/167 303/294/168 185/253/166
f 130/204/131 310/222/137 291/264/179 233/260/174
f 531/295/208 309/272/189 282/124/61 504/296/209
f 502/297/210 280/197/123 291/264/179 513/298/211
f 530/299/212 308/125/62 283/134/70 505/300/213
f 526/301/163 304/250/163 302/251/164 524/302/164
f 515/303/214 293/233/149 287/174/108 509/304/215
f 532/305/216 310/222/137 281/113/138 503/306/217
f 512/307/218 290/190/117 280/197/123 502/297/210
f 511/308/219 289/182/112 290/190/117 512/307/218
f 510/309/220 288/179/109 289/182/112 511/308/219
f 509/304/215 287/174/108 288/175/109 510/310/220
f 507/311/221 285/140/75 286/144/79 508/312/222
f 506/313/223 284/135/71 285/140/75 507/311/221
f 505/300/213 283/134/70 284/135/71 506/313/223
f 504/296/209 282/124/61 308/125/62 530/299/212
f 503/306/224 281/113/51 309/272/189 531/295/208
f 292/292/207 514/314/225 508/312/222 286/144/79
f 276/293/167 498/315/167 525/316/168 303/294/168
f 310/222/137 532/305/216 513/298/211 291/264/179
f 86/210/136 81/209/136 534/104/42 533/118/56
f 91/211/136 86/210/136 533/118/56 535/128/65
f 96/212/136 91/211/136 535/128/65 536/142/77
f 101/213/136 96/212/136 536/142/77 537/148/83
f 104/214/136 101/213/136 537/148/83 538/153/87
f 107/215/136 104/214/136 538/153/87 539/159/92
f 112/216/136 107/215/136 539/159/92 540/162/95
f 117/217/136 112/216/136 540/162/95 541/185/104
f 122/218/136 117/217/136 541/185/104 542/188/115
f 127/219/136 122/218/136 542/188/115 543/194/121
f 132/220/136 127/219/136 543/194/121 544/201/127
f 134/221/136 132/220/136 544/201/127 545/101/130
f 81/209/136 134/221/136 545/101/39 534/104/42
f 79/273/190 624/107/45 623/265/180 231/119/57
f 231/119/57 623/265/180 622/258/171 223/120/58
f 223/120/58 622/258/171 620/114/52 78/115/53
f 73/224/173 133/109/47 621/112/50 620/114/52
f 235/106/226 629/205/132 628/267/182 229/266/227
f 229/266/227 628/267/182 627/256/169 221/259/228
f 221/259/228 627/256/169 626/223/139 73/224/140
f 129/199/125 128/198/124 625/208/135 626/223/139
f 281/113/138 630/206/133 74/105/229
f 631/108/46 624/107/45 79/273/190
f 630/206/133 629/205/132 235/106/226 74/105/229
f 631/108/46 79/273/190 309/272/189 281/113/51
usemtl DarkPorple
f 255/317/163 165/318/161 178/319/230 251/320/231
f 168/321/155 164/322/158 177/323/232 149/324/233
f 297/325/167 163/326/154 171/327/234 294/328/235
f 169/329/136 166/330/136 148/331/236 150/332/237
f 166/330/136 167/333/165 172/334/238 148/331/236
f 165/318/161 169/329/136 150/332/237 178/319/230
f 170/335/155 168/321/155 149/324/233 147/336/239
f 163/326/154 170/335/155 147/336/239 171/327/234
f 99/230/146 135/229/145 162/337/155 156/338/154
f 135/229/145 137/232/148 158/339/155 162/337/155
f 111/235/151 143/231/147 161/340/136 159/341/161
f 141/228/144 100/226/142 155/342/165 160/343/136
f 143/231/147 141/228/144 160/343/136 161/340/136
f 292/292/207 99/230/146 156/338/154 296/344/167
f 137/232/148 110/234/150 157/345/158 158/339/155
f 249/283/198 111/235/151 159/341/161 253/346/163
f 660/347/154 687/348/155 170/335/155 163/326/154
f 687/348/155 685/349/155 168/321/155 170/335/155
f 662/350/161 686/351/136 169/329/136 165/318/161
f 663/352/136 684/353/165 167/333/165 166/330/136
f 686/351/136 663/352/136 166/330/136 169/329/136
f 667/354/167 660/347/154 163/326/154 297/325/167
f 685/349/155 661/355/158 164/322/158 168/321/155
f 664/356/163 662/350/161 165/318/161 255/317/163
f 269/357/240 211/358/240 172/334/238 250/359/235
f 211/358/240 212/360/241 148/331/236 172/334/238
f 212/360/241 213/361/242 150/332/237 148/331/236
f 217/362/242 216/363/241 147/336/239 149/324/233
f 307/364/243 214/365/243 177/323/232 295/366/231
f 213/361/242 218/367/243 178/319/230 150/332/237
f 214/365/243 217/362/242 149/324/233 177/323/232
f 200/368/155 195/369/155 187/244/155 189/241/155
f 265/370/167 196/371/154 190/240/154 262/254/167
f 201/372/136 202/373/165 194/252/165 191/237/136
f 305/374/163 198/375/161 193/248/161 304/250/163
f 198/375/161 197/376/136 192/236/136 193/248/161
f 195/369/155 199/377/158 188/245/158 187/244/155
f 196/371/154 200/368/155 189/241/155 190/240/154
f 197/376/136 201/372/136 191/237/136 192/236/136
f 174/378/236 176/379/237 201/372/136 197/376/136
f 154/380/244 175/381/233 200/368/155 196/371/154
f 173/382/239 152/383/245 199/377/158 195/369/155
f 151/384/246 174/378/236 197/376/136 198/375/161
f 298/385/164 151/384/246 198/375/161 305/374/163
f 176/379/237 153/386/247 202/373/165 201/372/136
f 257/387/168 154/380/244 196/371/154 265/370/167
f 175/381/233 173/382/239 195/369/155 200/368/155
f 153/386/247 176/379/237 208/388/242 210/389/243
f 175/381/233 154/380/244 209/390/243 207/391/242
f 299/392/168 153/386/247 210/389/243 306/393/243
f 176/379/237 174/378/236 206/394/241 208/388/242
f 173/382/239 175/381/233 207/391/242 205/395/241
f 174/378/236 151/384/246 203/396/240 206/394/241
f 152/383/245 173/382/239 205/395/241 204/397/240
f 256/398/164 152/383/245 204/397/240 267/399/240
f 210/389/243 208/388/242 217/362/242 214/365/243
f 207/391/242 209/390/243 218/367/243 213/361/242
f 306/393/243 210/389/243 214/365/243 307/364/243
f 208/388/242 206/394/241 216/363/241 217/362/242
f 205/395/241 207/391/242 213/361/242 212/360/241
f 206/394/241 203/396/240 215/400/240 216/363/241
f 204/397/240 205/395/241 212/360/241 211/358/240
f 267/399/240 204/397/240 211/358/240 269/357/240
f 612/401/248 273/274/191 247/275/192 593/402/249
f 617/403/240 267/399/240 269/357/240 618/404/240
f 209/390/243 266/405/243 268/406/243 218/367/243
f 600/407/164 256/398/164 267/399/240 617/403/240
f 154/380/244 257/387/168 266/405/243 209/390/243
f 601/408/168 257/387/168 265/370/167 616/409/167
f 152/383/245 256/398/164 264/410/163 199/377/158
f 199/377/158 264/410/163 263/281/163 188/245/158
f 616/409/167 265/370/167 262/254/167 615/411/167
f 615/411/167 262/254/167 261/255/168 605/412/168
f 218/367/243 268/406/243 251/320/231 178/319/230
f 618/404/240 269/357/240 250/359/235 596/413/235
f 683/414/163 664/356/163 255/317/163 614/415/163
f 684/353/165 665/416/167 254/417/167 167/333/165
f 595/418/250 249/283/198 253/346/163 613/419/163
f 100/226/142 248/225/141 252/420/167 155/342/165
f 594/421/251 248/225/141 242/227/143 588/422/252
f 167/333/165 254/417/167 250/359/235 172/334/238
f 614/415/163 255/317/163 251/320/231 597/423/231
f 164/322/158 275/424/163 295/366/231 177/323/232
f 110/234/150 293/233/149 274/425/163 157/345/158
f 661/355/158 666/426/163 275/424/163 164/322/158
f 202/373/165 277/427/167 276/293/167 194/252/165
f 153/386/247 299/392/168 277/427/167 202/373/165
f 151/384/246 298/385/164 278/428/240 203/396/240
f 203/396/240 278/428/240 279/429/240 215/400/240
f 528/430/243 306/393/243 307/364/243 529/431/243
f 521/432/168 299/392/168 306/393/243 528/430/243
f 520/433/164 298/385/164 305/374/163 527/434/163
f 527/434/163 305/374/163 304/250/163 526/301/163
f 529/431/243 307/364/243 295/366/231 517/435/231
f 679/436/167 667/354/167 297/325/167 519/437/167
f 514/314/225 292/292/207 296/344/167 518/438/167
f 519/437/167 297/325/167 294/328/235 516/439/235
f 392/440/253 311/441/254 339/442/255 420/443/256
f 393/444/257 312/445/258 338/446/259 419/447/260
f 394/448/261 313/449/262 314/450/263 395/451/264
f 395/451/264 314/450/263 315/452/265 396/453/266
f 396/453/266 315/452/265 316/454/267 397/455/268
f 398/456/269 317/457/270 318/458/271 399/459/272
f 399/460/272 318/461/271 319/462/273 400/463/274
f 400/463/274 319/462/273 320/464/275 401/465/276
f 401/465/276 320/464/275 347/466/277 391/467/278
f 421/468/279 340/469/280 311/441/281 392/440/282
f 408/470/167 327/471/167 324/472/235 405/473/235
f 404/474/283 323/475/284 317/457/270 398/456/269
f 403/476/285 322/477/286 326/478/167 407/479/167
f 673/480/167 668/481/167 327/471/167 408/470/167
f 418/482/243 337/483/243 325/484/231 406/485/231
f 415/486/163 334/487/163 332/488/164 413/489/164
f 416/490/163 335/491/163 334/487/163 415/486/163
f 409/492/164 328/493/164 335/491/163 416/490/163
f 410/494/168 329/495/168 336/496/243 417/497/243
f 417/497/243 336/496/243 337/483/243 418/482/243
f 419/447/260 338/446/259 313/449/262 394/448/261
f 391/467/278 347/466/277 321/498/287 402/499/288
f 420/443/256 339/442/255 312/445/258 393/444/257
f 460/500/163 342/501/163 325/484/231 480/502/231
f 477/503/289 322/477/286 316/454/267 471/504/290
f 478/505/291 323/475/284 341/506/163 459/507/163
f 676/508/163 669/509/163 342/501/163 460/500/163
f 464/510/240 346/511/240 324/472/235 479/512/235
f 461/513/167 343/514/167 333/515/168 488/516/168
f 462/517/167 344/518/167 343/514/167 461/513/167
f 484/519/168 329/495/168 344/518/167 462/517/167
f 483/520/164 328/493/164 345/521/240 463/522/240
f 463/522/240 345/521/240 346/511/240 464/510/240
f 495/523/292 340/469/280 321/498/287 476/524/293
f 574/525/294 376/526/295 349/527/296 547/528/297
f 582/529/298 384/530/299 358/531/300 556/532/301
f 573/533/302 375/534/303 350/535/304 548/536/305
f 571/537/243 373/538/243 374/539/243 572/540/243
f 564/541/168 366/542/168 373/538/243 571/537/243
f 563/543/164 365/544/164 372/545/163 570/546/163
f 570/546/163 372/545/163 371/547/163 569/548/163
f 569/548/163 371/547/163 369/549/164 567/550/164
f 572/540/243 374/539/243 362/551/231 560/552/231
f 680/553/167 670/554/167 364/555/167 562/556/167
f 557/557/306 359/558/307 363/559/167 561/560/167
f 558/561/308 360/562/309 354/563/310 552/564/311
f 562/556/167 364/555/167 361/565/235 559/566/235
f 575/567/312 377/568/313 348/569/314 546/570/315
f 555/571/316 357/572/317 384/530/299 582/529/298
f 554/573/318 356/574/319 357/572/317 555/571/316
f 553/575/320 355/576/321 356/574/319 554/573/318
f 552/564/311 354/563/310 355/577/321 553/578/320
f 550/579/322 352/580/323 353/581/324 551/582/325
f 549/583/326 351/584/327 352/580/323 550/579/322
f 548/536/305 350/535/304 351/584/327 549/583/326
f 547/528/297 349/527/296 375/534/303 573/533/302
f 546/570/328 348/569/329 376/526/295 574/525/294
f 453/585/163 379/586/163 362/551/231 436/587/231
f 433/588/285 359/558/307 353/581/324 427/589/268
f 434/590/283 360/562/309 378/591/163 452/592/163
f 675/593/163 671/594/163 379/586/163 453/585/163
f 457/595/240 383/596/240 361/565/235 435/597/235
f 454/598/167 380/599/167 370/600/168 444/601/168
f 455/602/167 381/603/167 380/599/167 454/598/167
f 440/604/168 366/542/168 381/603/167 455/602/167
f 439/605/164 365/544/164 382/606/240 456/607/240
f 456/607/240 382/606/240 383/596/240 457/595/240
f 451/608/330 377/568/313 358/531/300 432/609/331
f 340/469/280 421/468/279 402/499/288 321/498/287
f 345/521/240 389/610/240 390/611/240 346/511/240
f 328/493/164 409/492/164 389/610/240 345/521/240
f 329/495/168 410/494/168 388/612/167 344/518/167
f 344/518/167 388/612/167 387/613/167 343/514/167
f 343/514/167 387/613/167 414/614/168 333/515/168
f 346/511/240 390/611/240 405/473/235 324/472/235
f 669/509/163 672/615/163 386/616/163 342/501/163
f 323/475/284 404/474/283 385/617/163 341/506/163
f 322/477/286 403/476/285 397/455/268 316/454/267
f 342/501/163 386/616/163 406/485/231 325/484/231
f 450/618/332 420/443/256 393/444/257 423/619/333
f 458/620/278 391/467/278 402/499/288 432/609/331
f 449/621/260 419/447/260 394/448/261 424/622/261
f 447/623/243 417/497/243 418/482/243 448/624/243
f 440/604/168 410/494/168 417/497/243 447/623/243
f 439/605/164 409/492/164 416/490/163 446/625/163
f 446/625/163 416/490/163 415/486/163 445/626/163
f 445/626/163 415/486/163 413/489/164 443/627/164
f 448/624/243 418/482/243 406/485/231 436/587/231
f 674/628/167 673/480/167 408/470/167 438/629/167
f 433/588/285 403/476/285 407/479/167 437/630/167
f 434/590/283 404/474/283 398/456/269 428/631/269
f 438/629/167 408/470/167 405/473/235 435/597/235
f 451/608/330 421/468/279 392/440/282 422/632/334
f 431/633/276 401/465/276 391/467/278 458/620/278
f 430/634/274 400/463/274 401/465/276 431/633/276
f 429/635/272 399/460/272 400/463/274 430/634/274
f 428/631/269 398/456/269 399/459/272 429/636/272
f 426/637/266 396/453/266 397/455/268 427/589/268
f 425/638/264 395/451/264 396/453/266 426/637/266
f 424/622/261 394/448/261 395/451/264 425/638/264
f 423/619/333 393/444/257 419/447/260 449/621/260
f 422/632/335 392/440/253 420/443/256 450/618/332
f 348/569/329 422/632/335 450/618/332 376/526/295
f 349/527/296 423/619/333 449/621/260 375/534/303
f 350/535/304 424/622/261 425/638/264 351/584/327
f 351/584/327 425/638/264 426/637/266 352/580/323
f 352/580/323 426/637/266 427/589/268 353/581/324
f 354/563/310 428/631/269 429/636/272 355/577/321
f 355/576/321 429/635/272 430/634/274 356/574/319
f 356/574/319 430/634/274 431/633/276 357/572/317
f 357/572/317 431/633/276 458/620/278 384/530/299
f 377/568/313 451/608/330 422/632/334 348/569/314
f 364/555/167 438/629/167 435/597/235 361/565/235
f 360/562/309 434/590/283 428/631/269 354/563/310
f 359/558/307 433/588/285 437/630/167 363/559/167
f 670/554/167 674/628/167 438/629/167 364/555/167
f 374/539/243 448/624/243 436/587/231 362/551/231
f 371/547/163 445/626/163 443/627/164 369/549/164
f 372/545/163 446/625/163 445/626/163 371/547/163
f 365/544/164 439/605/164 446/625/163 372/545/163
f 366/542/168 440/604/168 447/623/243 373/538/243
f 373/538/243 447/623/243 448/624/243 374/539/243
f 375/534/303 449/621/260 424/622/261 350/535/304
f 384/530/299 458/620/278 432/609/331 358/531/300
f 376/526/295 450/618/332 423/619/333 349/527/296
f 421/468/279 451/608/330 432/609/331 402/499/288
f 389/610/240 456/607/240 457/595/240 390/611/240
f 409/492/164 439/605/164 456/607/240 389/610/240
f 410/494/168 440/604/168 455/602/167 388/612/167
f 388/612/167 455/602/167 454/598/167 387/613/167
f 387/613/167 454/598/167 444/601/168 414/614/168
f 390/611/240 457/595/240 435/597/235 405/473/235
f 672/615/163 675/593/163 453/585/163 386/616/163
f 404/474/283 434/590/283 452/592/163 385/617/163
f 403/476/285 433/588/285 427/589/268 397/455/268
f 386/616/163 453/585/163 436/587/231 406/485/231
f 532/305/216 495/523/292 476/524/293 513/298/211
f 500/639/240 463/522/240 464/510/240 501/640/240
f 520/433/164 483/520/164 463/522/240 500/639/240
f 521/432/168 484/519/168 462/517/167 499/641/167
f 499/641/167 462/517/167 461/513/167 498/315/167
f 498/315/167 461/513/167 488/516/168 525/316/168
f 501/640/240 464/510/240 479/512/235 516/439/235
f 678/642/163 676/508/163 460/500/163 497/643/163
f 515/303/214 478/505/291 459/507/163 496/644/163
f 514/314/225 477/503/289 471/504/290 508/312/222
f 497/643/163 460/500/163 480/502/231 517/435/231
f 311/441/254 466/645/336 494/646/337 339/442/255
f 312/445/258 467/647/338 493/648/339 338/446/259
f 313/449/262 468/649/340 469/650/341 314/450/263
f 314/450/263 469/650/341 470/651/342 315/452/265
f 315/452/265 470/651/342 471/504/290 316/454/267
f 317/457/270 472/652/343 473/653/344 318/458/271
f 318/461/271 473/654/344 474/655/345 319/462/273
f 319/462/273 474/655/345 475/656/346 320/464/275
f 320/464/275 475/656/346 465/657/347 347/466/277
f 340/469/280 495/523/292 466/645/348 311/441/281
f 327/471/167 482/658/167 479/512/235 324/472/235
f 323/475/284 478/505/291 472/652/343 317/457/270
f 322/477/286 477/503/289 481/659/167 326/478/167
f 668/481/167 677/660/167 482/658/167 327/471/167
f 337/483/243 492/661/243 480/502/231 325/484/231
f 334/487/163 489/662/163 487/663/164 332/488/164
f 335/491/163 490/664/163 489/662/163 334/487/163
f 328/493/164 483/520/164 490/664/163 335/491/163
f 329/495/168 484/519/168 491/665/243 336/496/243
f 336/496/243 491/665/243 492/661/243 337/483/243
f 338/446/259 493/648/339 468/649/340 313/449/262
f 347/466/277 465/657/347 476/524/293 321/498/287
f 339/442/255 494/646/337 467/647/338 312/445/258
f 275/424/163 497/643/163 517/435/231 295/366/231
f 293/233/149 515/303/214 496/644/163 274/425/163
f 666/426/163 678/642/163 497/643/163 275/424/163
f 279/429/240 501/640/240 516/439/235 294/328/235
f 277/427/167 499/641/167 498/315/167 276/293/167
f 299/392/168 521/432/168 499/641/167 277/427/167
f 298/385/164 520/433/164 500/639/240 278/428/240
f 278/428/240 500/639/240 501/640/240 279/429/240
f 466/645/336 503/306/224 531/295/208 494/646/337
f 467/647/338 504/296/209 530/299/212 493/648/339
f 468/649/340 505/300/213 506/313/223 469/650/341
f 469/650/341 506/313/223 507/311/221 470/651/342
f 470/651/342 507/311/221 508/312/222 471/504/290
f 472/652/343 509/304/215 510/310/220 473/653/344
f 473/654/344 510/309/220 511/308/219 474/655/345
f 474/655/345 511/308/219 512/307/218 475/656/346
f 475/656/346 512/307/218 502/297/210 465/657/347
f 495/523/292 532/305/216 503/306/217 466/645/348
f 482/658/167 519/437/167 516/439/235 479/512/235
f 478/505/291 515/303/214 509/304/215 472/652/343
f 477/503/289 514/314/225 518/438/167 481/659/167
f 677/660/167 679/436/167 519/437/167 482/658/167
f 492/661/243 529/431/243 517/435/231 480/502/231
f 489/662/163 526/301/163 524/302/164 487/663/164
f 490/664/163 527/434/163 526/301/163 489/662/163
f 483/520/164 520/433/164 527/434/163 490/664/163
f 484/519/168 521/432/168 528/430/243 491/665/243
f 491/665/243 528/430/243 529/431/243 492/661/243
f 493/648/339 530/299/212 505/300/213 468/649/340
f 465/657/347 502/297/210 513/298/211 476/524/293
f 494/646/337 531/295/208 504/296/209 467/647/338
f 583/666/349 546/570/328 574/525/294 611/667/350
f 584/668/351 547/528/297 573/533/302 610/669/352
f 585/670/353 548/536/305 549/583/326 586/671/354
f 586/671/354 549/583/326 550/579/322 587/672/355
f 587/672/355 550/579/322 551/582/325 588/422/252
f 589/673/356 552/564/311 553/578/320 590/674/357
f 590/675/357 553/575/320 554/573/318 591/676/358
f 591/676/358 554/573/318 555/571/316 592/677/359
f 592/677/359 555/571/316 582/529/298 619/678/360
f 612/401/248 575/567/312 546/570/315 583/666/361
f 599/679/167 562/556/167 559/566/235 596/413/235
f 595/418/250 558/561/308 552/564/311 589/673/356
f 594/421/251 557/557/306 561/560/167 598/680/167
f 682/681/167 680/553/167 562/556/167 599/679/167
f 609/682/243 572/540/243 560/552/231 597/423/231
f 606/683/163 569/548/163 567/550/164 604/684/164
f 607/685/163 570/546/163 569/548/163 606/683/163
f 600/407/164 563/543/164 570/546/163 607/685/163
f 601/408/168 564/541/168 571/537/243 608/686/243
f 608/686/243 571/537/243 572/540/243 609/682/243
f 610/669/352 573/533/302 548/536/305 585/670/353
f 619/678/360 582/529/298 556/532/301 593/402/249
f 611/667/350 574/525/294 547/528/297 584/668/351
f 379/586/163 577/687/163 560/552/231 362/551/231
f 359/558/307 557/557/306 551/582/325 353/581/324
f 360/562/309 558/561/308 576/688/163 378/591/163
f 671/594/163 681/689/163 577/687/163 379/586/163
f 383/596/240 581/690/240 559/566/235 361/565/235
f 380/599/167 578/691/167 568/692/168 370/600/168
f 381/603/167 579/693/167 578/691/167 380/599/167
f 366/542/168 564/541/168 579/693/167 381/603/167
f 365/544/164 563/543/164 580/694/240 382/606/240
f 382/606/240 580/694/240 581/690/240 383/596/240
f 377/568/313 575/567/312 556/532/301 358/531/300
f 272/276/193 611/667/350 584/668/351 238/277/194
f 271/278/195 619/678/360 593/402/249 247/275/192
f 270/279/196 610/669/352 585/670/353 239/280/197
f 266/405/243 608/686/243 609/682/243 268/406/243
f 257/387/168 601/408/168 608/686/243 266/405/243
f 256/398/164 600/407/164 607/685/163 264/410/163
f 264/410/163 607/685/163 606/683/163 263/281/163
f 263/281/163 606/683/163 604/684/164 260/282/164
f 268/406/243 609/682/243 597/423/231 251/320/231
f 665/416/167 682/681/167 599/679/167 254/417/167
f 248/225/141 594/421/251 598/680/167 252/420/167
f 249/283/198 595/418/250 589/673/356 243/284/199
f 254/417/167 599/679/167 596/413/235 250/359/235
f 273/274/191 612/401/248 583/666/361 237/285/200
f 246/286/201 592/677/359 619/678/360 271/278/195
f 245/287/202 591/676/358 592/677/359 246/286/201
f 244/288/203 590/675/357 591/676/358 245/287/202
f 243/284/199 589/673/356 590/674/357 244/289/203
f 241/290/204 587/672/355 588/422/252 242/227/143
f 240/291/205 586/671/354 587/672/355 241/290/204
f 239/280/197 585/670/353 586/671/354 240/291/205
f 238/277/194 584/668/351 610/669/352 270/279/196
f 237/285/206 583/666/349 611/667/350 272/276/193
f 577/687/163 614/415/163 597/423/231 560/552/231
f 557/557/306 594/421/251 588/422/252 551/582/325
f 558/561/308 595/418/250 613/419/163 576/688/163
f 681/689/163 683/414/163 614/415/163 577/687/163
f 581/690/240 618/404/240 596/413/235 559/566/235
f 578/691/167 615/411/167 605/412/168 568/692/168
f 579/693/167 616/409/167 615/411/167 578/691/167
f 564/541/168 601/408/168 616/409/167 579/693/167
f 563/543/164 600/407/164 617/403/240 580/694/240
f 580/694/240 617/403/240 618/404/240 581/690/240
f 575/567/312 612/401/248 593/402/249 556/532/301
f 215/400/240 279/429/240 294/328/235 171/327/234 147/336/239 216/363/241
f 576/688/163 613/419/163 659/695/163 657/696/163
f 252/420/167 598/680/167 658/697/167 641/698/167
f 378/591/163 576/688/163 657/696/163 647/699/163
f 598/680/167 561/560/167 656/700/167 658/697/167
f 481/659/167 518/438/167 655/701/167 653/702/167
f 274/425/163 496/644/163 654/703/163 642/704/163
f 326/478/167 481/659/167 653/702/167 644/705/167
f 496/644/163 459/507/163 652/706/163 654/703/163
f 385/617/163 452/592/163 651/707/163 648/708/163
f 363/559/167 437/630/167 650/709/167 646/710/167
f 437/630/167 407/479/167 649/711/167 650/709/167
f 341/506/163 385/617/163 648/708/163 645/712/163
f 452/592/163 378/591/163 647/699/163 651/707/163
f 561/560/167 363/559/167 646/710/167 656/700/167
f 459/507/163 341/506/163 645/712/163 652/706/163
f 407/479/167 326/478/167 644/705/167 649/711/167
f 518/438/167 296/344/167 643/713/167 655/701/167
f 157/345/158 274/425/163 642/704/163 637/714/158
f 155/342/165 252/420/167 641/698/167 632/715/165
f 613/419/163 253/346/163 640/716/163 659/695/163
f 253/346/163 159/341/161 638/717/161 640/716/163
f 158/339/155 157/345/158 637/714/158 633/718/155
f 296/344/167 156/338/154 636/719/154 643/713/167
f 161/340/136 160/343/136 639/720/136 634/721/136
f 160/343/136 155/342/165 632/715/165 639/720/136
f 159/341/161 161/340/136 634/721/136 638/717/161
f 162/337/155 158/339/155 633/718/155 635/722/155
f 156/338/154 162/337/155 635/722/155 636/719/154
usemtl Gold
f 657/696/163 659/695/163 683/414/163 681/689/163
f 641/698/167 658/697/167 682/681/167 665/416/167
f 647/699/163 657/696/163 681/689/163 671/594/163
f 658/697/167 656/700/167 680/553/167 682/681/167
f 653/702/167 655/701/167 679/436/167 677/660/167
f 642/704/163 654/703/163 678/642/163 666/426/163
f 644/705/167 653/702/167 677/660/167 668/481/167
f 654/703/163 652/706/163 676/508/163 678/642/163
f 648/708/163 651/707/163 675/593/163 672/615/163
f 646/710/167 650/709/167 674/628/167 670/554/167
f 650/709/167 649/711/167 673/480/167 674/628/167
f 645/712/163 648/708/163 672/615/163 669/509/163
f 651/707/163 647/699/163 671/594/163 675/593/163
f 656/700/167 646/710/167 670/554/167 680/553/167
f 652/706/163 645/712/163 669/509/163 676/508/163
f 649/711/167 644/705/167 668/481/167 673/480/167
f 655/701/167 643/713/167 667/354/167 679/436/167
f 637/714/158 642/704/163 666/426/163 661/355/158
f 632/715/165 641/698/167 665/416/167 684/353/165
f 659/695/163 640/716/163 664/356/163 683/414/163
f 640/716/163 638/717/161 662/350/161 664/356/163
f 633/718/155 637/714/158 661/355/158 685/349/155
f 643/713/167 636/719/154 660/347/154 667/354/167
f 634/721/136 639/720/136 663/352/136 686/351/136
f 639/720/136 632/715/165 684/353/165 663/352/136
f 638/717/161 634/721/136 686/351/136 662/350/161
f 635/722/155 633/718/155 685/349/155 687/348/155
f 636/719/154 635/722/155 687/348/155 660/347/154
usemtl BlackVoid
f 302/251/164 183/249/162 179/239/153 300/723/241
f 301/724/242 181/238/152 185/253/166 303/294/168
f 300/723/241 179/239/153 181/238/152 301/724/242
f 180/247/160 258/725/241 259/726/242 182/242/156
f 182/242/156 259/726/242 261/255/168 186/243/157
f 184/246/159 260/282/164 258/725/241 180/247/160
f 522/727/241 300/723/241 301/724/242 523/728/242
f 523/728/242 301/724/242 303/294/168 525/316/168
f 524/302/164 302/251/164 300/723/241 522/727/241
f 413/489/164 332/488/164 330/729/241 411/730/241
f 412/731/242 331/732/242 333/515/168 414/614/168
f 411/730/241 330/729/241 331/732/242 412/731/242
f 565/733/241 367/734/241 368/735/242 566/736/242
f 566/736/242 368/735/242 370/600/168 568/692/168
f 567/550/164 369/549/164 367/734/241 565/733/241
f 441/737/241 411/730/241 412/731/242 442/738/242
f 442/738/242 412/731/242 414/614/168 444/601/168
f 443/627/164 413/489/164 411/730/241 441/737/241
f 369/549/164 443/627/164 441/737/241 367/734/241
f 368/735/242 442/738/242 444/601/168 370/600/168
f 367/734/241 441/737/241 442/738/242 368/735/242
f 332/488/164 487/663/164 485/739/241 330/729/241
f 331/732/242 486/740/242 488/516/168 333/515/168
f 330/729/241 485/739/241 486/740/242 331/732/242
f 487/663/164 524/302/164 522/727/241 485/739/241
f 486/740/242 523/728/242 525/316/168 488/516/168
f 485/739/241 522/727/241 523/728/242 486/740/242
f 604/684/164 567/550/164 565/733/241 602/741/241
f 603/742/242 566/736/242 568/692/168 605/412/168
f 602/741/241 565/733/241 566/736/242 603/742/242
f 258/725/241 602/741/241 603/742/242 259/726/242
f 259/726/242 603/742/242 605/412/168 261/255/168
f 260/282/164 604/684/164 602/741/241 258/725/241
o Cylinder.003_Cylinder.005
v -1.479440 -0.377701 -3.979029
v -1.479440 -0.000174 -1.208871
v -1.479440 -0.654197 -2.907191
v -1.479440 -0.755402 -1.443032
v -1.479440 -0.654197 0.021127
v -1.479440 -0.378705 1.089074
v -1.479440 0.000135 1.364784
v -1.479440 0.226766 1.206892
v -1.479440 0.654982 0.009777
v -1.479440 0.755402 -1.443030
v -1.479440 0.654197 -2.907189
v -1.479440 0.377701 -3.979028
v -1.720741 -0.000207 -1.183566
v -1.720741 -0.374334 -3.956425
v -1.720741 -0.648366 -2.894140
v -1.720741 -0.748669 -1.443032
v -1.720741 -0.648366 0.008077
v -1.720741 -0.375528 1.065734
v -1.720741 0.000161 1.339151
v -1.720741 0.224160 1.183091
v -1.720741 0.649299 -0.005420
v -1.720741 0.748669 -1.443030
v -1.720741 0.648366 -2.894139
v -1.720741 0.374335 -3.956424
v -1.720741 0.239431 -4.096550
v -1.479440 0.232802 -4.129537
v -1.720741 -0.239101 -4.096892
v -1.479440 -0.232524 -4.129825
v -1.720741 0.250171 -1.262291
v -1.479440 0.243579 -1.285513
v -1.479440 -0.238814 -1.293297
v -1.720741 -0.245369 -1.270299
v -1.577741 -0.410274 -4.197733
v -1.577741 -0.710615 -3.033459
v -1.577741 -0.820548 -1.443032
v -1.577741 -0.710615 0.147396
v -1.577741 -0.409288 1.313780
v -1.577741 -0.000115 1.614849
v -1.577741 0.252082 1.438166
v -1.577741 0.709347 0.155169
v -1.577741 0.820548 -1.443030
v -1.577741 0.710615 -3.033458
v -1.577741 0.410274 -4.197732
v -1.577741 0.000149 -1.457198
v -1.577741 0.179592 -4.394300
v -1.577741 -0.179663 -4.394514
v -1.577741 0.186856 -1.485317
v -1.577741 -0.182250 -1.491746
v -1.631820 -0.410274 -4.197733
v -1.631820 -0.710615 -3.033459
v -1.631820 -0.820548 -1.443032
v -1.631820 -0.710615 0.147396
v -1.631820 -0.409288 1.313780
v -1.631820 -0.000115 1.614849
v -1.631820 0.252082 1.438166
v -1.631820 0.709347 0.155169
v -1.631820 0.820548 -1.443030
v -1.631820 0.710615 -3.033458
v -1.631820 0.410274 -4.197732
v -1.631820 0.179592 -4.394300
v -1.631820 -0.179663 -4.394514
v -1.631820 0.186856 -1.485317
v -1.631820 -0.182250 -1.491746
v -1.631820 0.000149 -1.457198
v -1.720741 -0.197750 -4.303946
v -1.720741 -0.395501 -4.098542
v -1.720741 -0.685027 -2.976191
v -1.720741 -0.791001 -1.443032
v -1.720741 -0.685027 0.090128
v -1.720741 -0.395501 1.212478
v -1.720741 -0.000000 1.500314
v -1.720741 0.240540 1.332730
v -1.720741 0.685027 0.090129
v -1.720741 0.791001 -1.443030
v -1.720741 0.685027 -2.976190
v -1.720741 0.395501 -4.098541
v -1.720741 0.208723 -1.408291
v -1.720741 -0.000000 -1.342663
v -1.720741 0.197751 -4.303946
v -1.720741 -0.204156 -1.414889
v -1.479440 -0.204156 -1.414889
v -1.479440 0.000000 -1.342663
v -1.479440 -0.685027 -2.976191
v -1.479440 -0.395501 -4.098542
v -1.479440 -0.791001 -1.443032
v -1.479440 -0.685027 0.090128
v -1.479440 -0.395501 1.212478
v -1.479440 -0.000000 1.500314
v -1.479440 0.240540 1.332730
v -1.479440 0.685027 0.090129
v -1.479440 0.791001 -1.443030
v -1.479440 0.685027 -2.976190
v -1.479440 0.395501 -4.098541
v -1.479440 0.197751 -4.303946
v -1.479440 0.208723 -1.408291
v -1.479440 -0.197750 -4.303946
v -1.528590 0.000000 -1.342663
v -1.528590 -0.395501 -4.098542
v -1.528590 -0.685027 -2.976191
v -1.528590 -0.791001 -1.443032
v -1.528590 -0.685027 0.090128
v -1.528590 -0.395501 1.212478
v -1.528590 -0.000000 1.500314
v -1.528590 0.240540 1.332730
v -1.528590 0.685027 0.090129
v -1.528590 0.791001 -1.443030
v -1.528590 0.685027 -2.976190
v -1.528590 0.395501 -4.098541
v -1.528590 0.197751 -4.303946
v -1.528590 -0.197750 -4.303946
v -1.528590 0.208723 -1.408291
v -1.528590 -0.204156 -1.414889
v -1.676280 -0.395501 -4.098542
v -1.676280 -0.685027 -2.976191
v -1.676280 -0.791001 -1.443032
v -1.676280 -0.685027 0.090128
v -1.676280 -0.395501 1.212478
v -1.676280 -0.000000 1.500314
v -1.676280 0.240540 1.332730
v -1.676280 0.685027 0.090129
v -1.676280 0.791001 -1.443030
v -1.676280 0.685027 -2.976190
v -1.676280 0.395501 -4.098541
v -1.676280 0.197751 -4.303946
v -1.676280 -0.197750 -4.303946
v -1.676280 0.208723 -1.408291
v -1.676280 -0.204156 -1.414889
v -1.676280 -0.000000 -1.342663
v -1.479440 0.208741 -4.292530
v -1.720741 0.208741 -4.292530
v -1.577741 0.216388 -4.403163
v -1.631820 0.216388 -4.403163
v -1.720741 0.246929 -4.088761
v -1.479440 0.240855 -4.121171
v -1.528590 0.208741 -4.292530
v -1.676280 0.208741 -4.292530
v -1.720741 -0.212097 -4.289045
v -1.479440 -0.212097 -4.289045
v -1.577741 -0.219744 -4.399678
v -1.631820 -0.219744 -4.399678
v -1.720741 -0.248912 -4.086702
v -1.479440 -0.243057 -4.118885
v -1.528590 -0.212097 -4.289045
v -1.676280 -0.212097 -4.289045
v -1.707280 -0.395501 -4.098542
v -1.707280 -0.685027 -2.976191
v -1.707280 -0.791001 -1.443032
v -1.707280 -0.685027 0.090128
v -1.707280 -0.395501 1.212478
v -1.707280 -0.000000 1.500314
v -1.707280 0.240540 1.332730
v -1.707280 0.685027 0.090129
v -1.707280 0.791001 -1.443030
v -1.707280 0.685027 -2.976190
v -1.707280 0.395501 -4.098541
v -1.707280 0.197751 -4.303946
v -1.707280 -0.197750 -4.303946
v -1.707280 0.208723 -1.408291
v -1.707280 -0.204156 -1.414889
v -1.707280 0.208741 -4.292530
v -1.707280 -0.212097 -4.289045
v -1.707280 -0.000000 -1.342663
v -1.488376 0.000000 -1.342663
v -1.488376 -0.395501 -4.098542
v -1.488376 -0.685027 -2.976191
v -1.488376 -0.791001 -1.443032
v -1.488376 -0.685027 0.090128
v -1.488376 -0.395501 1.212478
v -1.488376 -0.000000 1.500314
v -1.488376 0.240540 1.332730
v -1.488376 0.685027 0.090129
v -1.488376 0.791001 -1.443030
v -1.488376 0.685027 -2.976190
v -1.488376 0.395501 -4.098541
v -1.488376 0.197751 -4.303946
v -1.488376 -0.197750 -4.303946
v -1.488376 0.208723 -1.408291
v -1.488376 -0.204156 -1.414889
v -1.488376 0.208741 -4.292530
v -1.488376 -0.212097 -4.289045
v -1.533428 -0.396955 -4.108305
v -1.533428 -0.687546 -2.981828
v -1.533428 -0.793910 -1.443032
v -1.533428 -0.687546 0.095765
v -1.533428 -0.396858 1.222450
v -1.533428 -0.000011 1.511588
v -1.533428 0.241676 1.343108
v -1.533428 0.687421 0.096531
v -1.533428 0.793910 -1.443030
v -1.533428 0.687546 -2.981827
v -1.533428 0.396955 -4.108305
v -1.533428 0.195963 -4.312840
v -1.533428 -0.195970 -4.312861
v -1.533428 0.206571 -1.415872
v -1.533428 -0.202000 -1.422454
v -1.533428 0.000015 -1.353937
v -1.533428 0.209494 -4.303420
v -1.533428 -0.212850 -4.299934
v -1.671671 0.000015 -1.354537
v -1.671671 -0.397032 -4.108825
v -1.671671 -0.687680 -2.982128
v -1.671671 -0.794064 -1.443032
v -1.671671 -0.687680 0.096065
v -1.671671 -0.396930 1.222980
v -1.671671 -0.000012 1.512188
v -1.671671 0.241737 1.343661
v -1.671671 0.687548 0.096872
v -1.671671 0.794064 -1.443030
v -1.671671 0.687680 -2.982127
v -1.671671 0.397033 -4.108824
v -1.671671 0.195868 -4.313313
v -1.671671 -0.195875 -4.313335
v -1.671671 0.206456 -1.416276
v -1.671671 -0.201885 -1.422857
v -1.671671 0.209534 -4.303999
v -1.671671 -0.212890 -4.300514
v 1.479440 -0.377701 -3.979030
v 1.479440 -0.000174 -1.208871
v 1.479440 -0.654197 -2.907191
v 1.479440 -0.755402 -1.443032
v 1.479440 -0.654197 0.021127
v 1.479440 -0.378705 1.089074
v 1.479440 0.000135 1.364784
v 1.479440 0.226766 1.206892
v 1.479440 0.654982 0.009777
v 1.479440 0.755402 -1.443031
v 1.479440 0.654197 -2.907189
v 1.479440 0.377701 -3.979029
v 1.720741 -0.000207 -1.183567
v 1.720741 -0.374334 -3.956425
v 1.720741 -0.648366 -2.894140
v 1.720741 -0.748669 -1.443032
v 1.720741 -0.648366 0.008077
v 1.720741 -0.375528 1.065734
v 1.720741 0.000161 1.339151
v 1.720741 0.224160 1.183091
v 1.720741 0.649299 -0.005420
v 1.720741 0.748669 -1.443031
v 1.720741 0.648366 -2.894139
v 1.720741 0.374335 -3.956425
v 1.720741 0.239431 -4.096550
v 1.479440 0.232802 -4.129537
v 1.720741 -0.239101 -4.096893
v 1.479440 -0.232524 -4.129826
v 1.720741 0.250171 -1.262291
v 1.479440 0.243579 -1.285513
v 1.479440 -0.238814 -1.293297
v 1.720741 -0.245369 -1.270299
v 1.577741 -0.410274 -4.197734
v 1.577741 -0.710615 -3.033460
v 1.577741 -0.820548 -1.443032
v 1.577741 -0.710615 0.147396
v 1.577741 -0.409288 1.313780
v 1.577741 -0.000115 1.614849
v 1.577741 0.252082 1.438167
v 1.577741 0.709347 0.155169
v 1.577741 0.820547 -1.443030
v 1.577741 0.710615 -3.033458
v 1.577741 0.410274 -4.197733
v 1.577741 0.000149 -1.457198
v 1.577741 0.179592 -4.394300
v 1.577741 -0.179663 -4.394514
v 1.577741 0.186856 -1.485317
v 1.577741 -0.182250 -1.491746
v 1.631820 -0.410274 -4.197734
v 1.631820 -0.710615 -3.033460
v 1.631820 -0.820548 -1.443032
v 1.631820 -0.710615 0.147396
v 1.631820 -0.409288 1.313780
v 1.631820 -0.000115 1.614849
v 1.631820 0.252082 1.438167
v 1.631820 0.709347 0.155169
v 1.631820 0.820547 -1.443030
v 1.631820 0.710615 -3.033458
v 1.631820 0.410274 -4.197733
v 1.631820 0.179592 -4.394300
v 1.631820 -0.179663 -4.394514
v 1.631820 0.186856 -1.485317
v 1.631820 -0.182250 -1.491746
v 1.631820 0.000149 -1.457198
v 1.720741 -0.197750 -4.303947
v 1.720741 -0.395501 -4.098543
v 1.720741 -0.685027 -2.976192
v 1.720741 -0.791001 -1.443032
v 1.720741 -0.685027 0.090128
v 1.720741 -0.395501 1.212479
v 1.720741 -0.000000 1.500314
v 1.720741 0.240540 1.332730
v 1.720741 0.685027 0.090129
v 1.720741 0.791001 -1.443031
v 1.720741 0.685027 -2.976190
v 1.720741 0.395501 -4.098542
v 1.720741 0.208723 -1.408291
v 1.720741 -0.000000 -1.342663
v 1.720741 0.197751 -4.303946
v 1.720741 -0.204156 -1.414889
v 1.479440 -0.204156 -1.414889
v 1.479440 0.000000 -1.342663
v 1.479440 -0.685027 -2.976192
v 1.479440 -0.395501 -4.098543
v 1.479440 -0.791001 -1.443032
v 1.479440 -0.685027 0.090128
v 1.479440 -0.395501 1.212479
v 1.479440 -0.000000 1.500314
v 1.479440 0.240540 1.332730
v 1.479440 0.685027 0.090129
v 1.479440 0.791001 -1.443031
v 1.479440 0.685027 -2.976190
v 1.479440 0.395501 -4.098542
v 1.479440 0.197751 -4.303946
v 1.479440 0.208723 -1.408291
v 1.479440 -0.197750 -4.303947
v 1.528591 0.000000 -1.342663
v 1.528591 -0.395501 -4.098543
v 1.528590 -0.685027 -2.976192
v 1.528590 -0.791001 -1.443032
v 1.528590 -0.685027 0.090128
v 1.528591 -0.395501 1.212479
v 1.528591 -0.000000 1.500314
v 1.528591 0.240540 1.332730
v 1.528591 0.685027 0.090129
v 1.528591 0.791001 -1.443031
v 1.528591 0.685027 -2.976190
v 1.528591 0.395501 -4.098542
v 1.528591 0.197751 -4.303946
v 1.528591 -0.197750 -4.303947
v 1.528591 0.208723 -1.408291
v 1.528591 -0.204156 -1.414889
v 1.676280 -0.395501 -4.098543
v 1.676280 -0.685027 -2.976192
v 1.676280 -0.791001 -1.443032
v 1.676280 -0.685027 0.090128
v 1.676280 -0.395501 1.212479
v 1.676280 -0.000000 1.500314
v 1.676280 0.240540 1.332730
v 1.676281 0.685027 0.090129
v 1.676281 0.791001 -1.443031
v 1.676281 0.685027 -2.976190
v 1.676280 0.395501 -4.098542
v 1.676280 0.197751 -4.303946
v 1.676280 -0.197750 -4.303947
v 1.676280 0.208723 -1.408291
v 1.676280 -0.204156 -1.414889
v 1.676280 -0.000000 -1.342663
v 1.479440 0.208741 -4.292531
v 1.720741 0.208741 -4.292531
v 1.577741 0.216388 -4.403164
v 1.631820 0.216388 -4.403164
v 1.720741 0.246929 -4.088762
v 1.479440 0.240855 -4.121172
v 1.528591 0.208741 -4.292531
v 1.676280 0.208741 -4.292531
v 1.720741 -0.212097 -4.289045
v 1.479440 -0.212097 -4.289045
v 1.577741 -0.219744 -4.399679
v 1.631820 -0.219744 -4.399679
v 1.720741 -0.248912 -4.086702
v 1.479440 -0.243057 -4.118886
v 1.528591 -0.212097 -4.289045
v 1.676280 -0.212097 -4.289045
v 1.707281 -0.395501 -4.098543
v 1.707281 -0.685027 -2.976192
v 1.707281 -0.791001 -1.443032
v 1.707281 -0.685027 0.090128
v 1.707281 -0.395501 1.212479
v 1.707281 -0.000000 1.500314
v 1.707281 0.240540 1.332730
v 1.707281 0.685027 0.090129
v 1.707281 0.791001 -1.443031
v 1.707281 0.685027 -2.976190
v 1.707281 0.395501 -4.098542
v 1.707281 0.197751 -4.303946
v 1.707281 -0.197750 -4.303947
v 1.707281 0.208723 -1.408291
v 1.707281 -0.204156 -1.414889
v 1.707281 0.208741 -4.292531
v 1.707281 -0.212097 -4.289045
v 1.707281 -0.000000 -1.342663
v 1.488376 0.000000 -1.342663
v 1.488376 -0.395501 -4.098543
v 1.488376 -0.685027 -2.976192
v 1.488376 -0.791001 -1.443032
v 1.488376 -0.685027 0.090128
v 1.488376 -0.395501 1.212479
v 1.488376 -0.000000 1.500314
v 1.488376 0.240540 1.332730
v 1.488376 0.685027 0.090129
v 1.488376 0.791001 -1.443031
v 1.488376 0.685027 -2.976190
v 1.488376 0.395501 -4.098542
v 1.488376 0.197751 -4.303946
v 1.488376 -0.197750 -4.303947
v 1.488376 0.208723 -1.408291
v 1.488376 -0.204156 -1.414889
v 1.488376 0.208741 -4.292531
v 1.488376 -0.212097 -4.289045
v 1.533429 -0.396955 -4.108306
v 1.533429 -0.687546 -2.981829
v 1.533429 -0.793910 -1.443032
v 1.533429 -0.687546 0.095765
v 1.533429 -0.396858 1.222450
v 1.533429 -0.000011 1.511588
v 1.533429 0.241676 1.343108
v 1.533429 0.687421 0.096531
v 1.533429 0.793909 -1.443031
v 1.533429 0.687546 -2.981827
v 1.533429 0.396955 -4.108305
v 1.533429 0.195963 -4.312840
v 1.533429 -0.195970 -4.312862
v 1.533429 0.206571 -1.415873
v 1.533429 -0.202000 -1.422454
v 1.533429 0.000015 -1.353937
v 1.533429 0.209494 -4.303420
v 1.533429 -0.212850 -4.299935
v 1.671671 0.000015 -1.354537
v 1.671671 -0.397032 -4.108826
v 1.671671 -0.687680 -2.982129
v 1.671671 -0.794064 -1.443032
v 1.671671 -0.687680 0.096065
v 1.671671 -0.396930 1.222981
v 1.671671 -0.000012 1.512188
v 1.671671 0.241737 1.343661
v 1.671671 0.687548 0.096872
v 1.671671 0.794064 -1.443031
v 1.671671 0.687680 -2.982127
v 1.671671 0.397033 -4.108825
v 1.671671 0.195868 -4.313313
v 1.671671 -0.195875 -4.313336
v 1.671671 0.206456 -1.416276
v 1.671671 -0.201885 -1.422857
v 1.671671 0.209534 -4.304000
v 1.671671 -0.212890 -4.300515
vt 0.041667 0.601677
vt 0.041667 0.684253
vt 0.039431 0.684253
vt 0.039431 0.601677
vt 0.916667 0.981483
vt 0.916667 1.000000
vt 0.833333 1.000000
vt 0.833333 0.981483
vt 0.750000 1.000000
vt 0.750000 0.981483
vt 0.666667 1.000000
vt 0.666667 0.981483
vt 0.583333 1.000000
vt 0.583333 0.981483
vt 0.500000 1.000000
vt 0.500000 0.981483
vt 0.416667 1.000000
vt 0.416667 0.981483
vt 0.333333 1.000000
vt 0.333333 0.981483
vt 0.250000 1.000000
vt 0.250000 0.981483
vt 0.166667 1.000000
vt 0.166667 0.981483
vt 0.083333 1.000000
vt 0.083333 0.981483
vt 0.364299 0.449914
vt 0.323366 0.464412
vt 0.320164 0.465546
vt 0.316430 0.391779
vt 0.249302 0.449847
vt 0.178907 0.389781
vt 0.179568 0.465520
vt 0.177118 0.464652
vt 0.135476 0.449913
vt 0.051517 0.366156
vt 0.020703 0.251694
vt 0.049813 0.138207
vt 0.140776 0.051947
vt 0.246583 0.024725
vt 0.364620 0.053128
vt 0.448249 0.137109
vt 0.478949 0.251666
vt 0.448217 0.366145
vt 0.749159 0.441964
vt 0.818591 0.379568
vt 0.822088 0.463860
vt 0.825072 0.462751
vt 0.863218 0.448578
vt 0.946394 0.365465
vt 0.976857 0.252012
vt 0.946432 0.138476
vt 0.863596 0.055233
vt 0.746031 0.027483
vt 0.642714 0.053858
vt 0.551288 0.139779
vt 0.522725 0.252046
vt 0.553289 0.365480
vt 0.636518 0.448579
vt 0.675310 0.462981
vt 0.677593 0.463828
vt 0.676352 0.377462
vt 0.039431 0.981483
vt 0.039431 1.000000
vt 0.000000 1.000000
vt 0.000000 0.981483
vt 0.955311 0.527891
vt 0.916667 0.527891
vt 0.916667 0.500000
vt 0.955311 0.500000
vt 0.043983 0.981483
vt 0.043983 1.000000
vt 0.041667 1.000000
vt 0.041667 0.981483
vt 0.961908 0.527891
vt 0.958333 0.527891
vt 0.958333 0.500000
vt 0.961908 0.500000
vt 1.000000 0.888130
vt 0.961908 0.888130
vt 0.961908 0.796310
vt 1.000000 0.796310
vt 0.958333 0.888130
vt 0.958333 0.796309
vt 1.000000 0.527891
vt 1.000000 0.500000
vt 0.916667 0.601677
vt 0.916667 0.684253
vt 0.833333 0.684253
vt 0.833333 0.601677
vt 0.750000 0.684253
vt 0.750000 0.601677
vt 0.666667 0.684253
vt 0.666667 0.601677
vt 0.583333 0.684253
vt 0.583333 0.601677
vt 0.500000 0.684253
vt 0.500000 0.601677
vt 0.416667 0.684253
vt 0.416667 0.601677
vt 0.333333 0.684253
vt 0.333333 0.601677
vt 0.250000 0.684253
vt 0.250000 0.601677
vt 0.166667 0.684253
vt 0.166667 0.601677
vt 0.083333 0.684253
vt 0.083333 0.601677
vt 0.000000 0.684253
vt 0.000000 0.601677
vt 0.043983 0.601677
vt 0.043983 0.684253
vt 0.810000 0.473923
vt 0.814353 0.472757
vt 0.870000 0.457846
vt 0.957846 0.370000
vt 0.990000 0.250000
vt 0.957846 0.130000
vt 0.870000 0.042154
vt 0.750000 0.010000
vt 0.630000 0.042154
vt 0.542154 0.130000
vt 0.510000 0.250000
vt 0.542154 0.370000
vt 0.630000 0.457846
vt 0.693220 0.474786
vt 0.750000 0.490000
vt 0.686665 0.473029
vt 0.804853 0.475302
vt 0.690000 0.473923
vt 0.304853 0.475302
vt 0.250000 0.490000
vt 0.457846 0.370000
vt 0.370000 0.457846
vt 0.490000 0.250000
vt 0.457846 0.130000
vt 0.370000 0.042154
vt 0.250000 0.010000
vt 0.130000 0.042154
vt 0.042154 0.130000
vt 0.010000 0.250000
vt 0.042154 0.370000
vt 0.130000 0.457846
vt 0.190000 0.473923
vt 0.186665 0.473029
vt 0.193220 0.474786
vt 0.314353 0.472757
vt 0.310000 0.473923
vt 0.955311 0.888130
vt 0.916667 0.888130
vt 0.916667 0.796310
vt 0.955310 0.796309
vt 0.041667 0.898155
vt 0.039431 0.898155
vt 0.955311 0.981483
vt 0.916667 0.898155
vt 0.955311 0.898155
vt 0.961908 0.981483
vt 0.958333 0.981483
vt 0.958333 0.898155
vt 0.961908 0.898155
vt 0.041667 0.888130
vt 0.039431 0.888130
vt 0.043983 0.888130
vt 0.043983 0.898155
vt 0.000000 0.898155
vt 0.000000 0.888130
vt 0.166667 0.888130
vt 0.166667 0.898155
vt 0.083333 0.898155
vt 0.083333 0.888130
vt 0.250000 0.888130
vt 0.250000 0.898155
vt 0.333333 0.888130
vt 0.333333 0.898155
vt 0.416667 0.888130
vt 0.416667 0.898155
vt 0.500000 0.888130
vt 0.500000 0.898155
vt 0.583333 0.888130
vt 0.583333 0.898155
vt 0.666667 0.888130
vt 0.666667 0.898155
vt 0.750000 0.888130
vt 0.750000 0.898155
vt 0.833333 0.888130
vt 0.833333 0.898155
vt 0.961908 0.592126
vt 1.000000 0.592126
vt 0.043983 0.527891
vt 0.043983 0.592126
vt 0.041667 0.592126
vt 0.041667 0.527891
vt 0.039431 0.527891
vt 0.039431 0.592126
vt 0.000000 0.592126
vt 0.000000 0.527891
vt 0.166667 0.527891
vt 0.166667 0.592126
vt 0.083333 0.592126
vt 0.083333 0.527891
vt 0.250000 0.527891
vt 0.250000 0.592126
vt 0.333333 0.527891
vt 0.333333 0.592126
vt 0.416667 0.527891
vt 0.416667 0.592126
vt 0.500000 0.527891
vt 0.500000 0.592126
vt 0.583333 0.527891
vt 0.583333 0.592126
vt 0.666667 0.527891
vt 0.666667 0.592126
vt 0.750000 0.527891
vt 0.750000 0.592126
vt 0.833333 0.527891
vt 0.833333 0.592126
vt 1.000000 0.601677
vt 0.961908 0.601677
vt 0.958333 0.601677
vt 0.958333 0.592126
vt 0.955311 0.601677
vt 0.916667 0.592126
vt 0.955311 0.592126
vt 1.000000 0.981483
vt 1.000000 0.898155
vt 0.043983 0.500000
vt 0.041667 0.500000
vt 0.039431 0.500000
vt 0.000000 0.500000
vt 0.166667 0.500000
vt 0.083333 0.500000
vt 0.250000 0.500000
vt 0.333333 0.500000
vt 0.416667 0.500000
vt 0.500000 0.500000
vt 0.583333 0.500000
vt 0.666667 0.500000
vt 0.750000 0.500000
vt 0.833333 0.500000
vt 0.955311 1.000000
vt 0.961908 1.000000
vt 0.958333 1.000000
vt 1.000000 1.000000
vt 0.083333 0.796309
vt 0.043983 0.796309
vt 0.833333 0.796310
vt 0.750000 0.796309
vt 0.666667 0.796310
vt 0.583333 0.796310
vt 0.500000 0.796310
vt 0.416667 0.796309
vt 0.333333 0.796310
vt 0.250000 0.796309
vt 0.166667 0.796309
vt 0.039431 0.796309
vt 0.000000 0.796310
vt 0.041667 0.796310
vt 0.958333 0.684253
vt 0.955310 0.684253
vt 0.961908 0.684253
vt 1.000000 0.684253
vt 0.041667 0.601677
vt 0.039431 0.601677
vt 0.039431 0.684253
vt 0.041667 0.684253
vt 0.916667 0.981483
vt 0.833333 0.981483
vt 0.833333 1.000000
vt 0.916667 1.000000
vt 0.750000 0.981483
vt 0.750000 1.000000
vt 0.666667 0.981483
vt 0.666667 1.000000
vt 0.583333 0.981483
vt 0.583333 1.000000
vt 0.500000 0.981483
vt 0.500000 1.000000
vt 0.416667 0.981483
vt 0.416667 1.000000
vt 0.333333 0.981483
vt 0.333333 1.000000
vt 0.250000 0.981483
vt 0.250000 1.000000
vt 0.166667 0.981483
vt 0.166667 1.000000
vt 0.083333 0.981483
vt 0.083333 1.000000
vt 0.364299 0.449914
vt 0.448217 0.366145
vt 0.478949 0.251666
vt 0.448249 0.137109
vt 0.364620 0.053128
vt 0.246583 0.024725
vt 0.140776 0.051947
vt 0.049813 0.138207
vt 0.020703 0.251694
vt 0.051517 0.366156
vt 0.135476 0.449913
vt 0.177118 0.464652
vt 0.179568 0.465520
vt 0.178907 0.389781
vt 0.249302 0.449847
vt 0.316430 0.391779
vt 0.320164 0.465546
vt 0.323366 0.464412
vt 0.749159 0.441964
vt 0.676352 0.377462
vt 0.677593 0.463828
vt 0.675310 0.462981
vt 0.636518 0.448579
vt 0.553289 0.365480
vt 0.522725 0.252046
vt 0.551288 0.139779
vt 0.642714 0.053858
vt 0.746031 0.027483
vt 0.863596 0.055233
vt 0.946432 0.138476
vt 0.976857 0.252012
vt 0.946394 0.365465
vt 0.863218 0.448578
vt 0.825072 0.462751
vt 0.822088 0.463860
vt 0.818591 0.379568
vt 0.039431 0.981483
vt 0.000000 0.981483
vt 0.000000 1.000000
vt 0.039431 1.000000
vt 0.955311 0.527891
vt 0.955311 0.500000
vt 0.916667 0.500000
vt 0.916667 0.527891
vt 0.043983 0.981483
vt 0.041667 0.981483
vt 0.041667 1.000000
vt 0.043983 1.000000
vt 0.961908 0.527891
vt 0.961908 0.500000
vt 0.958333 0.500000
vt 0.958333 0.527891
vt 1.000000 0.888130
vt 1.000000 0.796310
vt 0.961908 0.796310
vt 0.961908 0.888130
vt 0.958333 0.796309
vt 0.958333 0.888130
vt 1.000000 0.527891
vt 1.000000 0.500000
vt 0.916667 0.601677
vt 0.833333 0.601677
vt 0.833333 0.684253
vt 0.916667 0.684253
vt 0.750000 0.601677
vt 0.750000 0.684253
vt 0.666667 0.601677
vt 0.666667 0.684253
vt 0.583333 0.601677
vt 0.583333 0.684253
vt 0.500000 0.601677
vt 0.500000 0.684253
vt 0.416667 0.601677
vt 0.416667 0.684253
vt 0.333333 0.601677
vt 0.333333 0.684253
vt 0.250000 0.601677
vt 0.250000 0.684253
vt 0.166667 0.601677
vt 0.166667 0.684253
vt 0.083333 0.601677
vt 0.083333 0.684253
vt 0.000000 0.601677
vt 0.000000 0.684253
vt 0.043983 0.601677
vt 0.043983 0.684253
vt 0.814353 0.472757
vt 0.810000 0.473923
vt 0.957846 0.370000
vt 0.870000 0.457846
vt 0.990000 0.250000
vt 0.957846 0.130000
vt 0.870000 0.042154
vt 0.750000 0.010000
vt 0.630000 0.042154
vt 0.542154 0.130000
vt 0.510000 0.250000
vt 0.542154 0.370000
vt 0.630000 0.457846
vt 0.750000 0.490000
vt 0.693220 0.474786
vt 0.686665 0.473029
vt 0.804853 0.475302
vt 0.690000 0.473923
vt 0.250000 0.490000
vt 0.304853 0.475302
vt 0.370000 0.457846
vt 0.457846 0.370000
vt 0.490000 0.250000
vt 0.457846 0.130000
vt 0.370000 0.042154
vt 0.250000 0.010000
vt 0.130000 0.042154
vt 0.042154 0.130000
vt 0.010000 0.250000
vt 0.042154 0.370000
vt 0.130000 0.457846
vt 0.186665 0.473029
vt 0.190000 0.473923
vt 0.193220 0.474786
vt 0.314353 0.472757
vt 0.310000 0.473923
vt 0.955311 0.888130
vt 0.955310 0.796309
vt 0.916667 0.796310
vt 0.916667 0.888130
vt 0.041667 0.898155
vt 0.039431 0.898155
vt 0.955311 0.981483
vt 0.955311 0.898155
vt 0.916667 0.898155
vt 0.961908 0.981483
vt 0.961908 0.898155
vt 0.958333 0.898155
vt 0.958333 0.981483
vt 0.041667 0.888130
vt 0.039431 0.888130
vt 0.043983 0.888130
vt 0.043983 0.898155
vt 0.000000 0.888130
vt 0.000000 0.898155
vt 0.166667 0.888130
vt 0.083333 0.888130
vt 0.083333 0.898155
vt 0.166667 0.898155
vt 0.250000 0.888130
vt 0.250000 0.898155
vt 0.333333 0.888130
vt 0.333333 0.898155
vt 0.416667 0.888130
vt 0.416667 0.898155
vt 0.500000 0.888130
vt 0.500000 0.898155
vt 0.583333 0.888130
vt 0.583333 0.898155
vt 0.666667 0.888130
vt 0.666667 0.898155
vt 0.750000 0.888130
vt 0.750000 0.898155
vt 0.833333 0.888130
vt 0.833333 0.898155
vt 0.961908 0.592126
vt 1.000000 0.592126
vt 0.043983 0.527891
vt 0.041667 0.527891
vt 0.041667 0.592126
vt 0.043983 0.592126
vt 0.039431 0.527891
vt 0.000000 0.527891
vt 0.000000 0.592126
vt 0.039431 0.592126
vt 0.166667 0.527891
vt 0.083333 0.527891
vt 0.083333 0.592126
vt 0.166667 0.592126
vt 0.250000 0.527891
vt 0.250000 0.592126
vt 0.333333 0.527891
vt 0.333333 0.592126
vt 0.416667 0.527891
vt 0.416667 0.592126
vt 0.500000 0.527891
vt 0.500000 0.592126
vt 0.583333 0.527891
vt 0.583333 0.592126
vt 0.666667 0.527891
vt 0.666667 0.592126
vt 0.750000 0.527891
vt 0.750000 0.592126
vt 0.833333 0.527891
vt 0.833333 0.592126
vt 1.000000 0.601677
vt 0.961908 0.601677
vt 0.958333 0.592126
vt 0.958333 0.601677
vt 0.955311 0.601677
vt 0.955311 0.592126
vt 0.916667 0.592126
vt 1.000000 0.981483
vt 1.000000 0.898155
vt 0.043983 0.500000
vt 0.041667 0.500000
vt 0.039431 0.500000
vt 0.000000 0.500000
vt 0.166667 0.500000
vt 0.083333 0.500000
vt 0.250000 0.500000
vt 0.333333 0.500000
vt 0.416667 0.500000
vt 0.500000 0.500000
vt 0.583333 0.500000
vt 0.666667 0.500000
vt 0.750000 0.500000
vt 0.833333 0.500000
vt 0.955311 1.000000
vt 0.961908 1.000000
vt 0.958333 1.000000
vt 1.000000 1.000000
vt 0.083333 0.796309
vt 0.043983 0.796309
vt 0.833333 0.796310
vt 0.750000 0.796309
vt 0.666667 0.796310
vt 0.583333 0.796310
vt 0.500000 0.796310
vt 0.416667 0.796309
vt 0.333333 0.796310
vt 0.250000 0.796309
vt 0.166667 0.796309
vt 0.039431 0.796309
vt 0.000000 0.796310
vt 0.041667 0.796310
vt 0.958333 0.684253
vt 0.955310 0.684253
vt 0.961908 0.684253
vt 1.000000 0.684253
vn -0.8197 -0.5148 -0.2511
vn -0.4594 -0.6560 -0.5989
vn -0.4677 -0.7849 -0.4064
vn -0.7660 -0.5977 -0.2365
vn 0.0000 -0.8730 -0.4877
vn 0.6541 -0.6603 -0.3689
vn 0.6870 -0.7172 -0.1163
vn 0.0000 -0.9871 -0.1600
vn 0.6919 -0.7220 0.0000
vn 0.0000 -1.0000 0.0000
vn 0.6870 -0.7172 0.1163
vn 0.0000 -0.9871 0.1600
vn 0.6384 -0.6365 0.4327
vn 0.0000 -0.8270 0.5622
vn 0.5969 -0.0082 0.8022
vn 0.0000 -0.0103 0.9999
vn 0.6446 0.6073 0.4645
vn 0.0000 0.7943 0.6075
vn 0.6775 0.7198 0.1506
vn 0.0000 0.9788 0.2048
vn 0.6919 0.7220 0.0000
vn 0.0000 1.0000 0.0000
vn 0.6870 0.7172 -0.1163
vn 0.0000 0.9871 -0.1600
vn 0.6541 0.6603 -0.3689
vn 0.0000 0.8730 -0.4877
vn 1.0000 0.0000 0.0000
vn -1.0000 0.0000 0.0000
vn 0.0000 -0.8073 -0.5901
vn 0.8675 -0.4015 -0.2935
vn 0.7858 0.0109 -0.6183
vn 0.0000 0.0177 -0.9998
vn 0.0000 -0.7204 -0.6935
vn -0.6541 -0.6603 -0.3689
vn -0.7071 -0.5094 -0.4904
vn 0.0000 0.7204 -0.6935
vn 0.7071 0.5094 -0.4904
vn 0.5463 -0.3146 -0.7762
vn 0.0000 -0.3757 -0.9268
vn 0.0000 0.8172 -0.5763
vn 0.0000 0.3749 -0.9270
vn -0.5464 0.3140 -0.7764
vn -0.8628 0.4131 -0.2914
vn 0.8956 0.0085 -0.4448
vn 0.7393 0.6224 -0.2569
vn 0.4378 0.7993 -0.4115
vn 0.5525 0.0164 -0.8333
vn 0.8135 0.5084 -0.2824
vn 0.4466 0.6247 -0.6405
vn -0.7858 0.0109 -0.6183
vn -0.7892 -0.5526 -0.2680
vn -0.4534 -0.7644 -0.4583
vn -0.3315 -0.9285 -0.1675
vn -0.6094 -0.7832 -0.1231
vn -0.2856 -0.9583 0.0000
vn -0.5535 -0.8329 0.0000
vn -0.3306 -0.9287 0.1678
vn -0.6083 -0.7840 0.1234
vn -0.4624 -0.7151 0.5242
vn -0.8104 -0.5136 0.2820
vn -0.4828 -0.0101 0.8756
vn -0.9311 -0.0065 0.3648
vn -0.4716 0.6832 0.5575
vn -0.8324 0.4646 0.3020
vn -0.3562 0.9093 0.2148
vn -0.6391 0.7547 0.1481
vn -0.2843 0.9587 0.0002
vn -0.5511 0.8344 0.0002
vn -0.3315 0.9285 -0.1675
vn -0.6094 0.7832 -0.1231
vn -0.4534 0.7644 -0.4583
vn -0.7891 0.5526 -0.2680
vn -0.5703 0.0161 -0.8213
vn -0.9121 0.0079 -0.4098
vn -0.8837 0.2870 -0.3697
vn -0.4783 0.2666 -0.8368
vn -0.6870 -0.7172 -0.1163
vn -0.6919 -0.7220 0.0000
vn -0.6870 -0.7172 0.1163
vn -0.6384 -0.6365 0.4327
vn -0.5969 -0.0082 0.8022
vn -0.6446 0.6073 0.4645
vn -0.6775 0.7199 0.1506
vn -0.6919 0.7220 0.0000
vn -0.6870 0.7172 -0.1163
vn -0.6541 0.6603 -0.3689
vn -0.8675 -0.4015 -0.2935
vn -0.7071 0.5094 -0.4904
vn -0.5463 -0.3146 -0.7762
vn 0.8628 0.4131 -0.2914
vn 0.7071 -0.5094 -0.4904
vn 0.5464 0.3140 -0.7764
vn 0.8576 -0.3267 -0.3972
vn 0.7601 -0.5835 -0.2860
vn 0.4347 -0.7718 -0.4639
vn 0.4661 -0.3159 -0.8264
vn 0.7162 -0.4813 -0.5053
vn 0.4175 -0.7176 -0.5575
vn 0.4056 -0.8267 -0.3900
vn 0.4831 -0.6258 -0.6123
vn 0.7184 0.4749 -0.5083
vn 0.4166 0.7264 -0.5465
vn 0.8027 -0.5279 -0.2773
vn 0.7432 -0.6169 -0.2589
vn 0.8627 0.3108 -0.3990
vn 0.4845 0.6238 -0.6132
vn 0.4832 0.0148 -0.8754
vn 0.5712 0.8108 -0.1280
vn 0.2900 0.9476 -0.1339
vn 0.4056 0.8267 -0.3900
vn 0.7601 0.5835 -0.2860
vn 0.5129 0.8584 0.0002
vn 0.2691 0.9631 0.0000
vn 0.6018 0.7835 0.1549
vn 0.3011 0.9393 0.1642
vn 0.8071 0.4935 0.3241
vn 0.4574 0.7458 0.4843
vn 0.9176 -0.0070 0.3974
vn 0.6684 -0.0103 0.7437
vn 0.7837 -0.5425 0.3023
vn 0.4331 -0.7891 0.4356
vn 0.5701 -0.8115 0.1282
vn 0.2896 -0.9477 0.1339
vn 0.5152 -0.8571 0.0000
vn 0.2704 -0.9627 0.0000
vn 0.5712 -0.8108 -0.1280
vn 0.2900 -0.9476 -0.1339
vn -0.4318 0.7216 -0.5411
vn -0.4975 0.0147 -0.8673
vn -0.5040 0.6160 -0.6054
vn -0.7371 -0.4800 -0.4758
vn -0.4324 -0.7129 -0.5520
vn -0.3122 0.9407 -0.1323
vn -0.4293 0.8170 -0.3849
vn -0.2913 0.9566 0.0001
vn -0.3234 0.9323 0.1620
vn -0.4810 0.7353 0.4775
vn -0.6880 -0.0101 0.7256
vn -0.4570 -0.7790 0.4293
vn -0.3119 -0.9408 0.1324
vn -0.2926 -0.9562 0.0000
vn -0.3122 -0.9407 -0.1323
vn -0.7625 0.6027 -0.2349
vn -0.8295 0.4967 -0.2553
vn -0.7394 0.4735 -0.4786
vn -0.8792 -0.3023 -0.3683
vn -0.4293 -0.8170 -0.3849
vn -0.5027 -0.6179 -0.6045
vn 0.4347 0.7718 -0.4640
vn 0.4653 0.2702 -0.8429
vn 0.3087 -0.9361 -0.1686
vn 0.2644 -0.9644 0.0000
vn 0.3078 -0.9363 0.1688
vn 0.4455 -0.7212 0.5304
vn 0.4713 -0.0101 0.8819
vn 0.4549 0.6892 0.5639
vn 0.3334 0.9175 0.2165
vn 0.2631 0.9648 0.0002
vn 0.3087 0.9361 -0.1686
vn 0.4459 -0.7911 -0.4187
vn 0.4457 -0.6584 -0.6065
vn -0.4597 0.6229 -0.6329
vn -0.4797 -0.3118 -0.8201
vn -0.4596 0.7931 -0.3997
vn 0.8197 -0.5148 -0.2510
vn 0.7660 -0.5977 -0.2365
vn 0.4677 -0.7849 -0.4064
vn 0.4594 -0.6560 -0.5989
vn -0.6775 0.7198 0.1506
vn -0.8956 0.0085 -0.4448
vn -0.5525 0.0164 -0.8333
vn -0.4378 0.7993 -0.4115
vn -0.7393 0.6224 -0.2569
vn -0.4466 0.6247 -0.6405
vn -0.8135 0.5084 -0.2824
vn 0.7891 -0.5526 -0.2680
vn 0.6094 -0.7832 -0.1231
vn 0.3315 -0.9285 -0.1675
vn 0.4534 -0.7644 -0.4583
vn 0.5535 -0.8329 0.0000
vn 0.2856 -0.9583 0.0000
vn 0.6083 -0.7840 0.1234
vn 0.3306 -0.9287 0.1678
vn 0.8104 -0.5136 0.2820
vn 0.4624 -0.7151 0.5242
vn 0.9311 -0.0065 0.3648
vn 0.4828 -0.0101 0.8756
vn 0.8324 0.4646 0.3020
vn 0.4716 0.6832 0.5575
vn 0.6391 0.7547 0.1481
vn 0.3562 0.9093 0.2148
vn 0.5511 0.8344 0.0002
vn 0.2843 0.9587 0.0002
vn 0.6094 0.7832 -0.1231
vn 0.3315 0.9285 -0.1675
vn 0.7892 0.5526 -0.2680
vn 0.4534 0.7644 -0.4583
vn 0.9121 0.0079 -0.4098
vn 0.5703 0.0161 -0.8213
vn 0.8837 0.2870 -0.3697
vn 0.4783 0.2666 -0.8368
vn 0.5969 -0.0083 0.8022
vn -0.5463 0.3140 -0.7764
vn -0.8576 -0.3267 -0.3972
vn -0.4661 -0.3159 -0.8264
vn -0.4347 -0.7718 -0.4639
vn -0.7601 -0.5835 -0.2860
vn -0.7162 -0.4813 -0.5053
vn -0.4175 -0.7176 -0.5575
vn -0.4831 -0.6258 -0.6123
vn -0.4056 -0.8267 -0.3900
vn -0.4166 0.7264 -0.5465
vn -0.7184 0.4749 -0.5083
vn -0.8027 -0.5279 -0.2773
vn -0.7432 -0.6169 -0.2589
vn -0.8627 0.3108 -0.3990
vn -0.4845 0.6238 -0.6132
vn -0.4832 0.0148 -0.8754
vn -0.5712 0.8108 -0.1280
vn -0.7601 0.5835 -0.2860
vn -0.4056 0.8267 -0.3900
vn -0.2900 0.9476 -0.1339
vn -0.5129 0.8585 0.0002
vn -0.2691 0.9631 0.0000
vn -0.6018 0.7835 0.1549
vn -0.3011 0.9393 0.1642
vn -0.8071 0.4935 0.3241
vn -0.4574 0.7458 0.4843
vn -0.9176 -0.0070 0.3974
vn -0.6684 -0.0103 0.7437
vn -0.7837 -0.5425 0.3023
vn -0.4331 -0.7891 0.4356
vn -0.5701 -0.8115 0.1282
vn -0.2896 -0.9477 0.1339
vn -0.5152 -0.8571 0.0000
vn -0.2704 -0.9627 0.0000
vn -0.5712 -0.8108 -0.1280
vn -0.2900 -0.9476 -0.1339
vn 0.4318 0.7216 -0.5411
vn 0.4975 0.0147 -0.8673
vn 0.7371 -0.4800 -0.4757
vn 0.5040 0.6160 -0.6054
vn 0.4324 -0.7129 -0.5520
vn 0.4293 0.8170 -0.3849
vn 0.3122 0.9407 -0.1323
vn 0.2912 0.9566 0.0001
vn 0.3234 0.9323 0.1620
vn 0.4810 0.7353 0.4775
vn 0.6880 -0.0101 0.7256
vn 0.4570 -0.7790 0.4293
vn 0.3119 -0.9409 0.1324
vn 0.2926 -0.9562 0.0000
vn 0.3122 -0.9407 -0.1323
vn 0.7625 0.6027 -0.2349
vn 0.7394 0.4735 -0.4786
vn 0.8295 0.4967 -0.2553
vn 0.8792 -0.3023 -0.3683
vn 0.5026 -0.6180 -0.6045
vn 0.4293 -0.8170 -0.3850
vn -0.4347 0.7718 -0.4640
vn -0.4653 0.2702 -0.8429
vn -0.3087 -0.9361 -0.1686
vn -0.2644 -0.9644 0.0000
vn -0.3078 -0.9363 0.1688
vn -0.4455 -0.7212 0.5304
vn -0.4713 -0.0101 0.8819
vn -0.4549 0.6892 0.5639
vn -0.3334 0.9175 0.2165
vn -0.2631 0.9648 0.0002
vn -0.3087 0.9361 -0.1686
vn -0.4459 -0.7911 -0.4187
vn -0.4457 -0.6584 -0.6064
vn 0.4597 0.6229 -0.6329
vn 0.4797 -0.3118 -0.8201
vn 0.4596 0.7931 -0.3997
usemtl Porple
s 1
f 898/743/362 747/744/363 749/745/364 900/746/365
f 851/747/366 771/748/367 770/749/368 852/750/369
f 852/750/369 770/749/368 772/751/370 853/752/371
f 853/752/371 772/751/370 773/753/372 854/754/373
f 854/754/373 773/753/372 774/755/374 855/756/375
f 855/756/375 774/755/374 775/757/376 856/758/377
f 856/758/377 775/757/376 776/759/378 857/760/379
f 857/760/379 776/759/378 777/761/380 858/762/381
f 858/762/381 777/761/380 778/763/382 859/764/383
f 859/764/383 778/763/382 779/765/384 860/766/385
f 860/766/385 779/765/384 780/767/386 861/768/387
f 688/769/388 829/770/388 715/771/388 718/772/388 689/773/388 717/774/388 713/775/388 821/776/388 699/777/388 698/778/388 697/779/388 696/780/388 695/781/388 694/782/388 693/783/388 692/784/388 691/785/388 690/786/388
f 700/787/389 719/788/389 714/789/389 828/790/389 701/791/389 702/792/389 703/793/389 704/794/389 705/795/389 706/796/389 707/797/389 708/798/389 709/799/389 710/800/389 711/801/389 820/802/389 712/803/389 716/804/389
f 864/805/390 782/806/391 769/807/392 850/808/393
f 848/809/394 832/810/366 753/811/395 824/812/396
f 866/813/397 816/814/398 781/815/399 862/816/400
f 846/817/401 844/818/402 752/819/403 767/820/404
f 862/816/400 781/815/399 782/806/391 864/805/390
f 883/821/405 882/822/406 735/823/407 731/824/408
f 882/822/406 880/825/409 733/826/410 735/823/407
f 849/827/393 846/817/401 767/820/404 765/828/411
f 887/829/412 736/830/413 737/831/414 888/832/415
f 888/832/415 737/831/414 738/833/416 889/834/417
f 889/834/417 738/833/416 739/835/418 890/836/419
f 890/836/419 739/835/418 740/837/420 891/838/421
f 891/838/421 740/837/420 741/839/422 892/840/423
f 892/840/423 741/839/422 742/841/424 893/842/425
f 893/842/425 742/841/424 743/843/426 894/844/427
f 894/844/427 743/843/426 744/845/428 895/846/429
f 895/846/429 744/845/428 745/847/430 896/848/431
f 896/848/431 745/847/430 746/849/432 897/850/433
f 900/746/365 749/745/364 751/851/434 886/852/435
f 902/853/436 819/854/437 747/744/363 898/743/362
f 828/790/389 714/789/389 752/855/403 824/856/396
f 702/792/389 701/791/389 753/857/395 754/858/438
f 703/793/389 702/792/389 754/858/438 755/859/439
f 704/794/389 703/793/389 755/859/439 756/860/440
f 705/795/389 704/794/389 756/860/440 757/861/441
f 706/796/389 705/795/389 757/861/441 758/862/442
f 707/797/389 706/796/389 758/862/442 759/863/443
f 708/798/389 707/797/389 759/863/443 760/864/444
f 709/799/389 708/798/389 760/864/444 761/865/445
f 710/800/389 709/799/389 761/865/445 762/866/446
f 711/801/389 710/800/389 762/866/446 763/867/447
f 700/787/389 716/804/389 764/868/448 765/869/411
f 820/802/389 711/801/389 763/867/447 817/870/449
f 714/789/389 719/788/389 767/871/404 752/855/403
f 716/804/389 712/803/389 766/872/450 764/868/448
f 719/788/389 700/787/389 765/869/411 767/871/404
f 689/773/388 718/772/388 768/873/451 769/874/392
f 688/769/388 690/786/388 770/875/368 771/876/367
f 690/786/388 691/785/388 772/877/370 770/875/368
f 691/785/388 692/784/388 773/878/372 772/877/370
f 692/784/388 693/783/388 774/879/374 773/878/372
f 693/783/388 694/782/388 775/880/376 774/879/374
f 694/782/388 695/781/388 776/881/378 775/880/376
f 695/781/388 696/780/388 777/882/380 776/881/378
f 696/780/388 697/779/388 778/883/382 777/882/380
f 697/779/388 698/778/388 779/884/384 778/883/382
f 698/778/388 699/777/388 780/885/386 779/884/384
f 821/776/388 713/775/388 781/886/399 816/887/398
f 713/775/388 717/774/388 782/888/391 781/886/399
f 829/770/388 688/769/388 771/876/367 825/889/452
f 717/774/388 689/773/388 769/874/392 782/888/391
f 718/772/388 715/771/388 783/890/453 768/873/451
f 885/891/454 868/892/455 720/893/456 826/894/457
f 796/895/458 862/816/400 864/805/390 798/896/459
f 867/897/394 851/747/366 785/898/460 830/899/461
f 865/900/401 863/901/402 797/902/462 799/903/463
f 879/904/464 796/895/458 798/896/459 881/905/465
f 884/906/466 822/907/467 796/895/458 879/904/464
f 881/905/465 798/896/459 784/908/468 883/909/405
f 877/910/469 794/911/470 795/912/471 878/913/472
f 876/914/473 793/915/474 794/911/470 877/910/469
f 875/916/475 792/917/476 793/915/474 876/914/473
f 874/918/477 791/919/478 792/917/476 875/916/475
f 873/920/479 790/921/480 791/919/478 874/918/477
f 872/922/481 789/923/482 790/921/480 873/920/479
f 871/924/483 788/925/484 789/923/482 872/922/481
f 870/926/485 787/927/486 788/925/484 871/924/483
f 869/928/487 786/929/488 787/927/486 870/926/485
f 868/892/455 785/898/460 786/929/488 869/928/487
f 814/930/489 846/817/401 849/827/393 815/931/490
f 847/932/397 823/933/491 811/934/492 843/935/400
f 845/936/390 813/937/493 815/938/490 849/939/393
f 841/940/385 809/941/494 810/942/495 842/943/387
f 840/944/383 808/945/496 809/941/494 841/940/385
f 839/946/381 807/947/497 808/945/496 840/944/383
f 838/948/379 806/949/498 807/947/497 839/946/381
f 837/950/377 805/951/499 806/949/498 838/948/379
f 836/952/375 804/953/500 805/951/499 837/950/377
f 835/954/373 803/955/501 804/953/500 836/952/375
f 834/956/371 802/957/502 803/955/501 835/954/373
f 833/958/369 801/959/503 802/957/502 834/956/371
f 886/960/435 901/961/504 814/930/489 815/931/490
f 901/961/504 899/962/505 812/963/506 814/930/489
f 903/964/507 887/829/412 800/965/508 831/966/509
f 832/810/366 800/965/508 801/959/503 833/958/369
f 843/935/400 811/934/492 813/937/493 845/936/390
f 878/913/472 795/912/471 822/907/467 884/906/466
f 699/777/388 821/776/388 816/887/398 780/885/386
f 712/803/389 820/802/389 817/870/449 766/872/450
f 897/850/433 746/849/432 819/854/437 902/853/436
f 861/768/387 780/767/386 816/814/398 866/813/397
f 899/962/505 903/964/507 831/966/509 812/963/506
f 795/912/471 861/768/387 866/813/397 822/907/467
f 880/825/409 885/891/454 826/894/457 733/826/410
f 715/771/388 829/770/388 825/889/452 783/890/453
f 701/791/389 828/790/389 824/856/396 753/857/395
f 844/818/402 848/809/394 824/812/396 752/819/403
f 850/967/393 865/900/401 799/903/463 784/968/468
f 822/907/467 866/813/397 862/816/400 796/895/458
f 798/896/459 864/805/390 850/808/393 784/908/468
f 794/911/470 860/766/385 861/768/387 795/912/471
f 793/915/474 859/764/383 860/766/385 794/911/470
f 792/917/476 858/762/381 859/764/383 793/915/474
f 791/919/478 857/760/379 858/762/381 792/917/476
f 790/921/480 856/758/377 857/760/379 791/919/478
f 789/923/482 855/756/375 856/758/377 790/921/480
f 788/925/484 854/754/373 855/756/375 789/923/482
f 787/927/486 853/752/371 854/754/373 788/925/484
f 786/929/488 852/750/369 853/752/371 787/927/486
f 785/898/460 851/747/366 852/750/369 786/929/488
f 842/943/387 810/942/495 823/933/491 847/932/397
f 812/963/506 844/818/402 846/817/401 814/930/489
f 800/965/508 832/810/366 848/809/394 831/966/509
f 863/901/402 867/897/394 830/899/461 797/902/462
f 817/969/449 847/932/397 843/935/400 766/970/450
f 764/971/448 845/936/390 849/939/393 765/972/411
f 762/973/446 841/940/385 842/943/387 763/974/447
f 761/975/445 840/944/383 841/940/385 762/973/446
f 760/976/444 839/946/381 840/944/383 761/975/445
f 759/977/443 838/948/379 839/946/381 760/976/444
f 758/978/442 837/950/377 838/948/379 759/977/443
f 757/979/441 836/952/375 837/950/377 758/978/442
f 756/980/440 835/954/373 836/952/375 757/979/441
f 755/981/439 834/956/371 835/954/373 756/980/440
f 754/982/438 833/958/369 834/956/371 755/981/439
f 753/811/395 832/810/366 833/958/369 754/982/438
f 766/970/450 843/935/400 845/936/390 764/971/448
f 763/974/447 842/943/387 847/932/397 817/969/449
f 825/983/452 771/748/367 851/747/366 867/897/394
f 768/984/451 783/985/453 863/901/402 865/900/401
f 769/986/392 768/984/451 865/900/401 850/967/393
f 783/985/453 825/983/452 867/897/394 863/901/402
f 797/902/462 830/899/461 885/891/454 880/825/409
f 730/987/510 878/913/472 884/906/466 818/988/511
f 720/893/456 868/892/455 869/928/487 721/989/512
f 721/989/512 869/928/487 870/926/485 722/990/513
f 722/990/513 870/926/485 871/924/483 723/991/514
f 723/991/514 871/924/483 872/922/481 724/992/515
f 724/992/515 872/922/481 873/920/479 725/993/516
f 725/993/516 873/920/479 874/918/477 726/994/517
f 726/994/517 874/918/477 875/916/475 727/995/518
f 727/995/518 875/916/475 876/914/473 728/996/519
f 728/996/519 876/914/473 877/910/469 729/997/520
f 729/997/520 877/910/469 878/913/472 730/987/510
f 734/998/521 881/905/465 883/909/405 731/999/408
f 818/988/511 884/906/466 879/904/464 732/1000/522
f 732/1000/522 879/904/464 881/905/465 734/998/521
f 830/899/461 785/898/460 868/892/455 885/891/454
f 799/903/463 797/902/462 880/825/409 882/822/406
f 784/968/468 799/903/463 882/822/406 883/821/405
f 748/1001/523 827/1002/524 903/964/507 899/962/505
f 810/942/495 897/850/433 902/853/436 823/933/491
f 827/1002/524 736/830/413 887/829/412 903/964/507
f 750/1003/525 748/1001/523 899/962/505 901/961/504
f 751/1004/434 750/1003/525 901/961/504 886/960/435
f 823/933/491 902/853/436 898/743/362 811/934/492
f 813/937/493 900/746/365 886/852/435 815/938/490
f 809/941/494 896/848/431 897/850/433 810/942/495
f 808/945/496 895/846/429 896/848/431 809/941/494
f 807/947/497 894/844/427 895/846/429 808/945/496
f 806/949/498 893/842/425 894/844/427 807/947/497
f 805/951/499 892/840/423 893/842/425 806/949/498
f 804/953/500 891/838/421 892/840/423 805/951/499
f 803/955/501 890/836/419 891/838/421 804/953/500
f 802/957/502 889/834/417 890/836/419 803/955/501
f 801/959/503 888/832/415 889/834/417 802/957/502
f 800/965/508 887/829/412 888/832/415 801/959/503
f 811/934/492 898/743/362 900/746/365 813/937/493
f 831/966/509 848/809/394 844/818/402 812/963/506
f 1114/1005/526 1116/1006/527 965/1007/528 963/1008/529
f 1067/1009/366 1068/1010/369 986/1011/438 987/1012/395
f 1068/1010/369 1069/1013/371 988/1014/439 986/1011/438
f 1069/1013/371 1070/1015/373 989/1016/440 988/1014/439
f 1070/1015/373 1071/1017/375 990/1018/441 989/1016/440
f 1071/1017/375 1072/1019/377 991/1020/442 990/1018/441
f 1072/1019/377 1073/1021/379 992/1022/443 991/1020/442
f 1073/1021/379 1074/1023/381 993/1024/530 992/1022/443
f 1074/1023/381 1075/1025/383 994/1026/445 993/1024/530
f 1075/1025/383 1076/1027/385 995/1028/446 994/1026/445
f 1076/1027/385 1077/1029/387 996/1030/447 995/1028/446
f 904/1031/389 906/1032/389 907/1033/389 908/1034/389 909/1035/389 910/1036/389 911/1037/389 912/1038/389 913/1039/389 914/1040/389 915/1041/389 1037/1042/389 929/1043/389 933/1044/389 905/1045/389 934/1046/389 931/1047/389 1045/1048/389
f 916/1049/388 932/1050/388 928/1051/388 1036/1052/388 927/1053/388 926/1054/388 925/1055/388 924/1056/388 923/1057/388 922/1058/388 921/1059/388 920/1060/388 919/1061/388 918/1062/388 917/1063/388 1044/1064/388 930/1065/388 935/1066/388
f 1080/1067/390 1066/1068/393 985/1069/411 998/1070/448
f 1064/1071/394 1040/1072/452 969/1073/367 1048/1074/366
f 1082/1075/397 1078/1076/400 997/1077/450 1032/1078/449
f 1062/1079/401 983/1080/451 968/1081/453 1060/1082/402
f 1078/1076/400 1080/1067/390 998/1070/448 997/1077/450
f 1099/1083/531 947/1084/532 951/1085/533 1098/1086/534
f 1098/1086/534 951/1085/533 949/1087/535 1096/1088/536
f 1065/1089/393 981/1090/392 983/1080/451 1062/1079/401
f 1103/1091/537 1104/1092/538 953/1093/539 952/1094/540
f 1104/1092/538 1105/1095/541 954/1096/542 953/1093/539
f 1105/1095/541 1106/1097/543 955/1098/544 954/1096/542
f 1106/1097/543 1107/1099/545 956/1100/546 955/1098/544
f 1107/1099/545 1108/1101/547 957/1102/548 956/1100/546
f 1108/1101/547 1109/1103/549 958/1104/550 957/1102/548
f 1109/1103/549 1110/1105/551 959/1106/552 958/1104/550
f 1110/1105/551 1111/1107/553 960/1108/554 959/1106/552
f 1111/1107/553 1112/1109/555 961/1110/556 960/1108/554
f 1112/1109/555 1113/1111/557 962/1112/558 961/1110/556
f 1116/1006/527 1102/1113/559 967/1114/560 965/1007/528
f 1118/1115/561 1114/1005/526 963/1008/529 1035/1116/562
f 1044/1064/388 1040/1117/452 968/1118/453 930/1065/388
f 918/1062/388 970/1119/368 969/1120/367 917/1063/388
f 919/1061/388 971/1121/370 970/1119/368 918/1062/388
f 920/1060/388 972/1122/372 971/1121/370 919/1061/388
f 921/1059/388 973/1123/374 972/1122/372 920/1060/388
f 922/1058/388 974/1124/563 973/1123/374 921/1059/388
f 923/1057/388 975/1125/378 974/1124/563 922/1058/388
f 924/1056/388 976/1126/380 975/1125/378 923/1057/388
f 925/1055/388 977/1127/382 976/1126/380 924/1056/388
f 926/1054/388 978/1128/384 977/1127/382 925/1055/388
f 927/1053/388 979/1129/386 978/1128/384 926/1054/388
f 916/1049/388 981/1130/392 980/1131/391 932/1050/388
f 1036/1052/388 1033/1132/398 979/1129/386 927/1053/388
f 930/1065/388 968/1118/453 983/1133/451 935/1066/388
f 932/1050/388 980/1131/391 982/1134/399 928/1051/388
f 935/1066/388 983/1133/451 981/1130/392 916/1049/388
f 905/1045/389 985/1135/411 984/1136/404 934/1046/389
f 904/1031/389 987/1137/395 986/1138/438 906/1032/389
f 906/1032/389 986/1138/438 988/1139/439 907/1033/389
f 907/1033/389 988/1139/439 989/1140/440 908/1034/389
f 908/1034/389 989/1140/440 990/1141/441 909/1035/389
f 909/1035/389 990/1141/441 991/1142/442 910/1036/389
f 910/1036/389 991/1142/442 992/1143/443 911/1037/389
f 911/1037/389 992/1143/443 993/1144/530 912/1038/389
f 912/1038/389 993/1144/530 994/1145/445 913/1039/389
f 913/1039/389 994/1145/445 995/1146/446 914/1040/389
f 914/1040/389 995/1146/446 996/1147/447 915/1041/389
f 1037/1042/389 1032/1148/449 997/1149/450 929/1043/389
f 929/1043/389 997/1149/450 998/1150/448 933/1044/389
f 1045/1048/389 1041/1151/396 987/1137/395 904/1031/389
f 933/1044/389 998/1150/448 985/1135/411 905/1045/389
f 934/1046/389 984/1136/404 999/1152/564 931/1047/389
f 1101/1153/565 1042/1154/566 936/1155/567 1084/1156/568
f 1012/1157/569 1014/1158/570 1080/1067/390 1078/1076/400
f 1083/1159/394 1046/1160/571 1001/1161/572 1067/1009/366
f 1081/1162/401 1015/1163/573 1013/1164/574 1079/1165/402
f 1095/1166/575 1097/1167/576 1014/1158/570 1012/1157/569
f 1100/1168/577 1095/1166/575 1012/1157/569 1038/1169/578
f 1097/1167/576 1099/1170/531 1000/1171/579 1014/1158/570
f 1093/1172/580 1094/1173/581 1011/1174/582 1010/1175/583
f 1092/1176/584 1093/1172/580 1010/1175/583 1009/1177/585
f 1091/1178/586 1092/1176/584 1009/1177/585 1008/1179/587
f 1090/1180/588 1091/1178/586 1008/1179/587 1007/1181/589
f 1089/1182/590 1090/1180/588 1007/1181/589 1006/1183/591
f 1088/1184/592 1089/1182/590 1006/1183/591 1005/1185/593
f 1087/1186/594 1088/1184/592 1005/1185/593 1004/1187/595
f 1086/1188/596 1087/1186/594 1004/1187/595 1003/1189/597
f 1085/1190/598 1086/1188/596 1003/1189/597 1002/1191/599
f 1084/1156/568 1085/1190/598 1002/1191/599 1001/1161/572
f 1030/1192/600 1031/1193/601 1065/1089/393 1062/1079/401
f 1063/1194/397 1059/1195/400 1027/1196/602 1039/1197/603
f 1061/1198/390 1065/1199/393 1031/1200/601 1029/1201/604
f 1057/1202/385 1058/1203/387 1026/1204/605 1025/1205/606
f 1056/1206/383 1057/1202/385 1025/1205/606 1024/1207/607
f 1055/1208/381 1056/1206/383 1024/1207/607 1023/1209/608
f 1054/1210/379 1055/1208/381 1023/1209/608 1022/1211/609
f 1053/1212/377 1054/1210/379 1022/1211/609 1021/1213/610
f 1052/1214/375 1053/1212/377 1021/1213/610 1020/1215/611
f 1051/1216/373 1052/1214/375 1020/1215/611 1019/1217/612
f 1050/1218/371 1051/1216/373 1019/1217/612 1018/1219/613
f 1049/1220/369 1050/1218/371 1018/1219/613 1017/1221/614
f 1102/1222/559 1031/1193/601 1030/1192/600 1117/1223/615
f 1117/1223/615 1030/1192/600 1028/1224/616 1115/1225/617
f 1119/1226/618 1047/1227/619 1016/1228/620 1103/1091/537
f 1048/1074/366 1049/1220/369 1017/1221/614 1016/1228/620
f 1059/1195/400 1061/1198/390 1029/1201/604 1027/1196/602
f 1094/1173/581 1100/1168/577 1038/1169/578 1011/1174/582
f 915/1041/389 996/1147/447 1032/1148/449 1037/1042/389
f 928/1051/388 982/1134/399 1033/1132/398 1036/1052/388
f 1113/1111/557 1118/1115/561 1035/1116/562 962/1112/558
f 1077/1029/387 1082/1075/397 1032/1078/449 996/1030/447
f 1115/1225/617 1028/1224/616 1047/1227/619 1119/1226/618
f 1011/1174/582 1038/1169/578 1082/1075/397 1077/1029/387
f 1096/1088/536 949/1087/535 1042/1154/566 1101/1153/565
f 931/1047/389 999/1152/564 1041/1151/396 1045/1048/389
f 917/1063/388 969/1120/367 1040/1117/452 1044/1064/388
f 1060/1082/402 968/1081/453 1040/1072/452 1064/1071/394
f 1066/1229/393 1000/1230/579 1015/1163/573 1081/1162/401
f 1038/1169/578 1012/1157/569 1078/1076/400 1082/1075/397
f 1014/1158/570 1000/1171/579 1066/1068/393 1080/1067/390
f 1010/1175/583 1011/1174/582 1077/1029/387 1076/1027/385
f 1009/1177/585 1010/1175/583 1076/1027/385 1075/1025/383
f 1008/1179/587 1009/1177/585 1075/1025/383 1074/1023/381
f 1007/1181/589 1008/1179/587 1074/1023/381 1073/1021/379
f 1006/1183/591 1007/1181/589 1073/1021/379 1072/1019/377
f 1005/1185/593 1006/1183/591 1072/1019/377 1071/1017/375
f 1004/1187/595 1005/1185/593 1071/1017/375 1070/1015/373
f 1003/1189/597 1004/1187/595 1070/1015/373 1069/1013/371
f 1002/1191/599 1003/1189/597 1069/1013/371 1068/1010/369
f 1001/1161/572 1002/1191/599 1068/1010/369 1067/1009/366
f 1058/1203/387 1063/1194/397 1039/1197/603 1026/1204/605
f 1028/1224/616 1030/1192/600 1062/1079/401 1060/1082/402
f 1016/1228/620 1047/1227/619 1064/1071/394 1048/1074/366
f 1079/1165/402 1013/1164/574 1046/1160/571 1083/1159/394
f 1033/1231/398 982/1232/399 1059/1195/400 1063/1194/397
f 980/1233/391 981/1234/392 1065/1199/393 1061/1198/390
f 978/1235/384 979/1236/386 1058/1203/387 1057/1202/385
f 977/1237/382 978/1235/384 1057/1202/385 1056/1206/383
f 976/1238/380 977/1237/382 1056/1206/383 1055/1208/381
f 975/1239/378 976/1238/380 1055/1208/381 1054/1210/379
f 974/1240/563 975/1239/378 1054/1210/379 1053/1212/377
f 973/1241/374 974/1240/563 1053/1212/377 1052/1214/375
f 972/1242/372 973/1241/374 1052/1214/375 1051/1216/373
f 971/1243/370 972/1242/372 1051/1216/373 1050/1218/371
f 970/1244/368 971/1243/370 1050/1218/371 1049/1220/369
f 969/1073/367 970/1244/368 1049/1220/369 1048/1074/366
f 982/1232/399 980/1233/391 1061/1198/390 1059/1195/400
f 979/1236/386 1033/1231/398 1063/1194/397 1058/1203/387
f 1041/1245/396 1083/1159/394 1067/1009/366 987/1012/395
f 984/1246/404 1081/1162/401 1079/1165/402 999/1247/564
f 985/1248/411 1066/1229/393 1081/1162/401 984/1246/404
f 999/1247/564 1079/1165/402 1083/1159/394 1041/1245/396
f 1013/1164/574 1096/1088/536 1101/1153/565 1046/1160/571
f 946/1249/621 1034/1250/622 1100/1168/577 1094/1173/581
f 936/1155/567 937/1251/623 1085/1190/598 1084/1156/568
f 937/1251/623 938/1252/624 1086/1188/596 1085/1190/598
f 938/1252/624 939/1253/625 1087/1186/594 1086/1188/596
f 939/1253/625 940/1254/626 1088/1184/592 1087/1186/594
f 940/1254/626 941/1255/627 1089/1182/590 1088/1184/592
f 941/1255/627 942/1256/628 1090/1180/588 1089/1182/590
f 942/1256/628 943/1257/629 1091/1178/586 1090/1180/588
f 943/1257/629 944/1258/630 1092/1176/584 1091/1178/586
f 944/1258/630 945/1259/631 1093/1172/580 1092/1176/584
f 945/1259/631 946/1249/621 1094/1173/581 1093/1172/580
f 950/1260/632 947/1261/532 1099/1170/531 1097/1167/576
f 1034/1250/622 948/1262/633 1095/1166/575 1100/1168/577
f 948/1262/633 950/1260/632 1097/1167/576 1095/1166/575
f 1046/1160/571 1101/1153/565 1084/1156/568 1001/1161/572
f 1015/1163/573 1098/1086/534 1096/1088/536 1013/1164/574
f 1000/1230/579 1099/1083/531 1098/1086/534 1015/1163/573
f 964/1263/634 1115/1225/617 1119/1226/618 1043/1264/635
f 1026/1204/605 1039/1197/603 1118/1115/561 1113/1111/557
f 1043/1264/635 1119/1226/618 1103/1091/537 952/1094/540
f 966/1265/636 1117/1223/615 1115/1225/617 964/1263/634
f 967/1266/560 1102/1222/559 1117/1223/615 966/1265/636
f 1039/1197/603 1027/1196/602 1114/1005/526 1118/1115/561
f 1029/1201/604 1031/1200/601 1102/1113/559 1116/1006/527
f 1025/1205/606 1026/1204/605 1113/1111/557 1112/1109/555
f 1024/1207/607 1025/1205/606 1112/1109/555 1111/1107/553
f 1023/1209/608 1024/1207/607 1111/1107/553 1110/1105/551
f 1022/1211/609 1023/1209/608 1110/1105/551 1109/1103/549
f 1021/1213/610 1022/1211/609 1109/1103/549 1108/1101/547
f 1020/1215/611 1021/1213/610 1108/1101/547 1107/1099/545
f 1019/1217/612 1020/1215/611 1107/1099/545 1106/1097/543
f 1018/1219/613 1019/1217/612 1106/1097/543 1105/1095/541
f 1017/1221/614 1018/1219/613 1105/1095/541 1104/1092/538
f 1016/1228/620 1017/1221/614 1104/1092/538 1103/1091/537
f 1027/1196/602 1029/1201/604 1116/1006/527 1114/1005/526
f 1047/1227/619 1028/1224/616 1060/1082/402 1064/1071/394
usemtl DarkPorple
f 747/744/363 732/1000/522 734/998/521 749/745/364
f 819/854/437 818/988/511 732/1000/522 747/744/363
f 749/745/364 734/998/521 731/999/408 751/851/434
f 745/847/430 729/997/520 730/987/510 746/849/432
f 744/845/428 728/996/519 729/997/520 745/847/430
f 743/843/426 727/995/518 728/996/519 744/845/428
f 742/841/424 726/994/517 727/995/518 743/843/426
f 741/839/422 725/993/516 726/994/517 742/841/424
f 740/837/420 724/992/515 725/993/516 741/839/422
f 739/835/418 723/991/514 724/992/515 740/837/420
f 738/833/416 722/990/513 723/991/514 739/835/418
f 737/831/414 721/989/512 722/990/513 738/833/416
f 736/830/413 720/893/456 721/989/512 737/831/414
f 731/824/408 735/823/407 750/1003/525 751/1004/434
f 735/823/407 733/826/410 748/1001/523 750/1003/525
f 826/894/457 720/893/456 736/830/413 827/1002/524
f 746/849/432 730/987/510 818/988/511 819/854/437
f 733/826/410 826/894/457 827/1002/524 748/1001/523
f 963/1008/529 965/1007/528 950/1260/632 948/1262/633
f 1035/1116/562 963/1008/529 948/1262/633 1034/1250/622
f 965/1007/528 967/1114/560 947/1261/532 950/1260/632
f 961/1110/556 962/1112/558 946/1249/621 945/1259/631
f 960/1108/554 961/1110/556 945/1259/631 944/1258/630
f 959/1106/552 960/1108/554 944/1258/630 943/1257/629
f 958/1104/550 959/1106/552 943/1257/629 942/1256/628
f 957/1102/548 958/1104/550 942/1256/628 941/1255/627
f 956/1100/546 957/1102/548 941/1255/627 940/1254/626
f 955/1098/544 956/1100/546 940/1254/626 939/1253/625
f 954/1096/542 955/1098/544 939/1253/625 938/1252/624
f 953/1093/539 954/1096/542 938/1252/624 937/1251/623
f 952/1094/540 953/1093/539 937/1251/623 936/1155/567
f 947/1084/532 967/1266/560 966/1265/636 951/1085/533
f 951/1085/533 966/1265/636 964/1263/634 949/1087/535
f 1042/1154/566 1043/1264/635 952/1094/540 936/1155/567
f 962/1112/558 1035/1116/562 1034/1250/622 946/1249/621
f 949/1087/535 964/1263/634 1043/1264/635 1042/1154/566
o Cube.002_Cube.003
v -3.236958 0.198974 1.011248
v -3.267314 0.337038 1.001721
v -2.863360 0.139441 0.937370
v -2.850837 0.270673 0.919363
v -2.453035 0.074057 0.608508
v -2.447233 0.206360 0.595889
v -2.589352 0.095779 1.419912
v -2.571050 0.226090 1.441090
v -2.157224 0.026920 0.049150
v -2.207538 0.168165 1.315570
v -2.154472 0.159709 0.042298
v -2.230082 0.038530 1.295856
v -1.927786 -0.009641 -0.916924
v -1.842684 0.110026 1.367715
v -1.891081 0.117738 -1.071066
v -1.882848 -0.016802 1.345483
v -2.464037 0.209038 0.581659
v -2.860061 0.272143 0.899060
v -3.324889 0.346213 0.990979
v -2.174715 0.162935 0.034571
v -2.573758 0.226521 1.464971
v -2.205464 0.167834 1.337800
v -1.873038 0.114863 -1.244881
v -1.820741 0.106529 1.392785
v -3.345593 0.216284 0.990979
v -2.880765 0.142215 0.899060
v -2.594462 0.096593 1.464971
v -2.484741 0.079109 0.581659
v -2.226168 0.037906 1.337800
v -2.195418 0.033006 0.034571
v -1.841445 -0.023399 1.392785
v -1.893742 -0.015066 -1.244881
v -2.897808 0.211544 0.838762
v -3.399702 0.291520 0.978951
v -2.591587 0.162749 1.530911
v -2.524670 0.152086 0.539081
v -2.246399 0.107744 0.011159
v -2.209650 0.101888 1.403878
v -1.876538 0.048807 -1.310890
v -1.787617 0.034637 1.442455
v -1.835298 -0.016771 1.398457
v -1.891777 -0.007771 -1.252419
v -2.224282 0.045213 1.345346
v -2.201241 0.041541 0.031897
v -2.489300 0.087443 0.576797
v -2.594133 0.104148 1.472501
v -3.351772 0.224876 0.989605
v -2.882711 0.150132 0.892174
v -2.865920 0.262739 0.889702
v -3.336500 0.337725 0.989112
v -2.576525 0.216624 1.475205
v -2.473447 0.200199 0.575051
v -2.185840 0.154369 0.030938
v -2.206114 0.157600 1.348055
v -1.873581 0.104611 -1.255126
v -1.815600 0.095372 1.400493
v -3.335356 0.214653 0.997439
v -3.333813 0.222014 1.001052
v -3.379181 0.288250 0.992968
v -3.311333 0.344053 0.999533
v -3.316570 0.334549 1.001860
v -3.333889 0.222027 0.985891
v -3.375564 0.287674 0.972209
v -3.309701 0.333454 0.983451
v -3.309195 0.343712 0.987875
v -3.333419 0.214345 0.988571
v -2.893753 0.218054 0.845239
v -3.391665 0.297396 0.980244
v -2.589672 0.169599 1.523827
v -2.518157 0.158204 0.543655
v -2.238699 0.113672 0.013674
v -2.209200 0.108972 1.396780
v -1.876162 0.055903 -1.303799
v -1.791175 0.042360 1.437119
v -3.371219 0.294138 0.994099
v -3.367188 0.293495 0.973639
v -1.792166 0.029733 1.438257
v -1.877992 0.043409 -1.305312
v -2.211046 0.096481 1.398294
v -2.242091 0.101428 0.013138
v -2.521296 0.145918 0.542679
v -2.591830 0.157158 1.525338
v -3.395129 0.285162 0.979968
v -2.896368 0.205686 0.843858
v -3.374853 0.281931 0.993739
v -3.371588 0.281411 0.973514
v -2.598483 0.171003 1.517855
v -2.599073 0.158312 1.520421
v -2.602186 0.105431 1.467369
v -2.599421 0.163997 1.525560
v -2.603694 0.098064 1.459145
v -2.582587 0.227928 1.459400
v -2.584640 0.217917 1.470014
v -2.564725 0.225082 1.461852
v -2.585063 0.095095 1.461726
v -2.582737 0.155709 1.522305
v -2.583996 0.102532 1.469016
v -2.581921 0.161208 1.527696
v -2.580442 0.168129 1.520745
v -2.566470 0.215022 1.471753
v 3.236959 0.198974 1.011248
v 3.267314 0.337038 1.001721
v 2.863360 0.139441 0.937369
v 2.850837 0.270673 0.919363
v 2.453035 0.074057 0.608508
v 2.447233 0.206360 0.595889
v 2.589353 0.095779 1.419912
v 2.571050 0.226090 1.441090
v 2.157224 0.026920 0.049150
v 2.207539 0.168165 1.315570
v 2.154472 0.159709 0.042298
v 2.230082 0.038530 1.295856
v 1.927787 -0.009641 -0.916924
v 1.842685 0.110026 1.367715
v 1.891082 0.117738 -1.071066
v 1.882848 -0.016801 1.345483
v 2.464037 0.209037 0.581659
v 2.860062 0.272143 0.899060
v 3.324890 0.346213 0.990979
v 2.174715 0.162934 0.034571
v 2.573758 0.226521 1.464971
v 2.205464 0.167834 1.337800
v 1.873039 0.114863 -1.244881
v 1.820742 0.106529 1.392785
v 3.345594 0.216284 0.990979
v 2.880765 0.142215 0.899060
v 2.594462 0.096593 1.464971
v 2.484741 0.079109 0.581659
v 2.226169 0.037906 1.337800
v 2.195419 0.033006 0.034571
v 1.841446 -0.023399 1.392785
v 1.893742 -0.015066 -1.244881
v 2.897809 0.211544 0.838762
v 3.399703 0.291520 0.978951
v 2.591588 0.162749 1.530911
v 2.524671 0.152086 0.539081
v 2.246400 0.107744 0.011159
v 2.209651 0.101888 1.403878
v 1.876538 0.048807 -1.310890
v 1.787617 0.034637 1.442455
v 1.835299 -0.016771 1.398457
v 1.891778 -0.007771 -1.252419
v 2.224282 0.045213 1.345346
v 2.201241 0.041541 0.031897
v 2.489301 0.087443 0.576797
v 2.594134 0.104148 1.472501
v 3.351773 0.224876 0.989605
v 2.882712 0.150132 0.892174
v 2.865920 0.262739 0.889701
v 3.336501 0.337725 0.989112
v 2.576525 0.216624 1.475205
v 2.473447 0.200199 0.575051
v 2.185840 0.154369 0.030937
v 2.206114 0.157600 1.348055
v 1.873582 0.104611 -1.255126
v 1.815601 0.095372 1.400493
v 3.335357 0.214653 0.997439
v 3.333813 0.222014 1.001052
v 3.379181 0.288250 0.992968
v 3.311333 0.344053 0.999533
v 3.316571 0.334549 1.001860
v 3.333889 0.222027 0.985891
v 3.375564 0.287674 0.972209
v 3.309701 0.333454 0.983451
v 3.309196 0.343712 0.987875
v 3.333420 0.214345 0.988571
v 2.893754 0.218054 0.845239
v 3.391666 0.297396 0.980243
v 2.589673 0.169599 1.523827
v 2.518157 0.158204 0.543655
v 2.238699 0.113672 0.013674
v 2.209201 0.108972 1.396780
v 1.876163 0.055903 -1.303799
v 1.791176 0.042360 1.437119
v 3.371219 0.294138 0.994099
v 3.367189 0.293495 0.973639
v 1.792166 0.029733 1.438257
v 1.877992 0.043409 -1.305312
v 2.211046 0.096481 1.398294
v 2.242092 0.101428 0.013138
v 2.521297 0.145918 0.542679
v 2.591830 0.157158 1.525338
v 3.395130 0.285162 0.979968
v 2.896369 0.205686 0.843857
v 3.374853 0.281931 0.993739
v 3.371588 0.281411 0.973514
v 2.598484 0.171003 1.517855
v 2.599073 0.158312 1.520421
v 2.602186 0.105431 1.467369
v 2.599421 0.163997 1.525560
v 2.603694 0.098064 1.459145
v 2.582587 0.227928 1.459400
v 2.584640 0.217917 1.470014
v 2.564725 0.225082 1.461852
v 2.585063 0.095095 1.461726
v 2.582738 0.155709 1.522305
v 2.583996 0.102532 1.469016
v 2.581922 0.161208 1.527696
v 2.580443 0.168129 1.520745
v 2.566471 0.215022 1.471753
vt 0.605600 0.412298
vt 0.605600 0.500000
vt 0.625000 0.500000
vt 0.625000 0.412298
vt 0.605600 0.735763
vt 0.625000 0.741559
vt 0.277070 0.521097
vt 0.287412 0.737182
vt 0.368356 0.720978
vt 0.359098 0.548124
vt 0.588875 0.301192
vt 0.625000 0.284467
vt 0.840533 0.750000
vt 0.804408 0.766725
vt 0.634056 0.527409
vt 0.628465 0.734449
vt 0.712642 0.743207
vt 0.718153 0.511313
vt 0.201309 0.518377
vt 0.207583 0.741781
vt 0.605600 0.750000
vt 0.605600 0.752300
vt 0.625000 0.751583
vt 0.625000 0.750000
vt 0.605600 0.331963
vt 0.625000 0.331963
vt 0.605600 0.284467
vt 0.165334 0.515676
vt 0.164530 0.745168
vt 0.792709 0.745653
vt 0.796039 0.509839
vt 0.605600 0.837702
vt 0.605600 0.839883
vt 0.625000 0.839673
vt 0.625000 0.837702
vt 0.837851 0.747470
vt 0.837423 0.508300
vt 0.605600 0.918037
vt 0.605600 0.965533
vt 0.625000 0.965533
vt 0.625000 0.918037
vt 0.712702 0.500000
vt 0.793037 0.500000
vt 0.626583 0.750000
vt 0.712702 0.750000
vt 0.714673 0.750000
vt 0.840533 0.500000
vt 0.793037 0.750000
vt 0.375000 0.743452
vt 0.375000 0.500000
vt 0.287298 0.750000
vt 0.288376 0.750000
vt 0.287298 0.500000
vt 0.206963 0.750000
vt 0.285248 0.750000
vt 0.206963 0.500000
vt 0.159467 0.750000
vt 0.159467 0.500000
vt 0.375000 0.412298
vt 0.389275 0.500000
vt 0.389275 0.412298
vt 0.489437 0.918037
vt 0.489437 0.965533
vt 0.500000 0.965533
vt 0.500000 0.918037
vt 0.489436 0.837702
vt 0.489436 0.839620
vt 0.500000 0.839735
vt 0.500000 0.837702
vt 0.489437 0.284467
vt 0.489437 0.331963
vt 0.500000 0.331963
vt 0.500000 0.284467
vt 0.489437 0.412298
vt 0.500000 0.412298
vt 0.489437 0.750000
vt 0.489437 0.752213
vt 0.500000 0.752227
vt 0.500000 0.750000
vt 0.372563 0.401341
vt 0.392234 0.392234
vt 0.607766 0.857766
vt 0.588096 0.866874
vt 0.489436 0.500000
vt 0.489437 0.738214
vt 0.500000 0.737976
vt 0.500000 0.500000
vt 0.513428 0.837702
vt 0.513428 0.839651
vt 0.513428 0.284467
vt 0.513428 0.331963
vt 0.513428 0.412298
vt 0.513428 0.750000
vt 0.513428 0.752236
vt 0.632771 0.846190
vt 0.417238 0.380657
vt 0.513428 0.500000
vt 0.513428 0.737695
vt 0.375000 0.918037
vt 0.375000 0.965533
vt 0.389275 0.965533
vt 0.389275 0.918037
vt 0.375000 0.837702
vt 0.375000 0.839752
vt 0.389275 0.839904
vt 0.389275 0.837702
vt 0.375000 0.284467
vt 0.375000 0.331963
vt 0.389275 0.331963
vt 0.389275 0.284467
vt 0.375000 0.750000
vt 0.375000 0.751195
vt 0.389275 0.752079
vt 0.389275 0.750000
vt 0.186049 0.487693
vt 0.401582 0.953226
vt 0.389275 0.740469
vt 0.513428 0.918037
vt 0.513428 0.965533
vt 0.373805 0.750000
vt 0.711671 0.750000
vt 0.513428 0.836739
vt 0.605600 0.836766
vt 0.489436 0.836911
vt 0.500000 0.836852
vt 0.375000 0.836624
vt 0.389275 0.836770
vt 0.625000 0.836671
vt 0.605600 0.412298
vt 0.625000 0.412298
vt 0.625000 0.500000
vt 0.605600 0.500000
vt 0.625000 0.741559
vt 0.605600 0.735763
vt 0.277070 0.521097
vt 0.359098 0.548124
vt 0.368356 0.720978
vt 0.287412 0.737182
vt 0.588875 0.301192
vt 0.804408 0.766725
vt 0.840533 0.750000
vt 0.625000 0.284467
vt 0.634056 0.527409
vt 0.718153 0.511313
vt 0.712642 0.743207
vt 0.628465 0.734449
vt 0.201309 0.518377
vt 0.207583 0.741781
vt 0.605600 0.750000
vt 0.625000 0.750000
vt 0.625000 0.751583
vt 0.605600 0.752300
vt 0.605600 0.331963
vt 0.625000 0.331963
vt 0.605600 0.284467
vt 0.165334 0.515676
vt 0.164530 0.745168
vt 0.796039 0.509839
vt 0.792709 0.745653
vt 0.605600 0.837702
vt 0.625000 0.837702
vt 0.625000 0.839673
vt 0.605600 0.839883
vt 0.837423 0.508300
vt 0.837851 0.747470
vt 0.605600 0.918037
vt 0.625000 0.918037
vt 0.625000 0.965533
vt 0.605600 0.965533
vt 0.712702 0.500000
vt 0.793037 0.500000
vt 0.626583 0.750000
vt 0.714673 0.750000
vt 0.712702 0.750000
vt 0.840533 0.500000
vt 0.793037 0.750000
vt 0.375000 0.500000
vt 0.375000 0.743452
vt 0.288376 0.750000
vt 0.287298 0.750000
vt 0.287298 0.500000
vt 0.285248 0.750000
vt 0.206963 0.750000
vt 0.206963 0.500000
vt 0.159467 0.750000
vt 0.159467 0.500000
vt 0.375000 0.412298
vt 0.389275 0.412298
vt 0.389275 0.500000
vt 0.489437 0.918037
vt 0.500000 0.918037
vt 0.500000 0.965533
vt 0.489437 0.965533
vt 0.489436 0.837702
vt 0.500000 0.837702
vt 0.500000 0.839735
vt 0.489436 0.839620
vt 0.489437 0.284467
vt 0.500000 0.284467
vt 0.500000 0.331963
vt 0.489437 0.331963
vt 0.500000 0.412298
vt 0.489437 0.412298
vt 0.489437 0.750000
vt 0.500000 0.750000
vt 0.500000 0.752227
vt 0.489437 0.752213
vt 0.372563 0.401341
vt 0.588096 0.866874
vt 0.607766 0.857766
vt 0.392234 0.392234
vt 0.489436 0.500000
vt 0.500000 0.500000
vt 0.500000 0.737976
vt 0.489437 0.738214
vt 0.513428 0.837702
vt 0.513428 0.839651
vt 0.513428 0.284467
vt 0.513428 0.331963
vt 0.513428 0.412298
vt 0.513428 0.750000
vt 0.513428 0.752236
vt 0.632771 0.846190
vt 0.417238 0.380657
vt 0.513428 0.500000
vt 0.513428 0.737695
vt 0.375000 0.918037
vt 0.389275 0.918037
vt 0.389275 0.965533
vt 0.375000 0.965533
vt 0.375000 0.837702
vt 0.389275 0.837702
vt 0.389275 0.839904
vt 0.375000 0.839752
vt 0.375000 0.284467
vt 0.389275 0.284467
vt 0.389275 0.331963
vt 0.375000 0.331963
vt 0.375000 0.750000
vt 0.389275 0.750000
vt 0.389275 0.752079
vt 0.375000 0.751195
vt 0.401582 0.953226
vt 0.186049 0.487693
vt 0.389275 0.740469
vt 0.513428 0.918037
vt 0.513428 0.965533
vt 0.373805 0.750000
vt 0.711671 0.750000
vt 0.605600 0.836766
vt 0.513428 0.836739
vt 0.500000 0.836852
vt 0.489436 0.836911
vt 0.389275 0.836770
vt 0.375000 0.836624
vt 0.625000 0.836671
vn -0.4210 0.7867 -0.4514
vn -0.2081 0.6914 -0.6918
vn 0.0020 0.9438 -0.3304
vn -0.1066 0.9705 -0.2159
vn -0.1032 0.5300 -0.8417
vn 0.0326 0.8605 -0.5084
vn -0.1574 -0.9875 0.0000
vn 0.2517 0.9304 -0.2663
vn 0.2386 0.9445 -0.2257
vn 0.5397 0.7542 0.3741
vn 0.6564 0.5704 0.4937
vn 0.1574 0.9875 0.0000
vn -0.5634 0.8182 -0.1142
vn -0.3958 0.5382 0.7440
vn -0.1373 0.8881 0.4386
vn -0.4070 0.9083 -0.0965
vn -0.6381 0.7184 -0.2769
vn -0.2355 0.9616 -0.1408
vn 0.0255 0.7147 0.6989
vn 0.3381 0.6363 0.6934
vn 0.2710 0.8855 0.3775
vn 0.0858 0.8830 0.4614
vn 0.1736 0.6529 0.7372
vn 0.1779 0.9198 0.3497
vn -0.2345 -0.8333 -0.5005
vn -0.2912 -0.8975 -0.3311
vn -0.1926 -0.8660 0.4615
vn -0.3772 -0.8433 0.3829
vn -0.4029 -0.8894 -0.2159
vn -0.1169 -0.9295 0.3497
vn -0.0175 -0.9258 0.3774
vn -0.5229 -0.8407 -0.1406
vn 0.2782 -0.8845 0.3743
vn -0.0671 -0.9721 -0.2248
vn -0.4122 -0.5915 -0.6929
vn -0.6447 -0.6169 -0.4514
vn -0.0314 -0.6771 0.7352
vn 0.4541 -0.7467 0.4860
vn 0.7395 -0.1179 0.6627
vn 0.1072 -0.0171 0.9941
vn -0.2055 -0.6861 0.6979
vn 0.1202 -0.7097 0.6942
vn 0.3086 -0.0493 0.9499
vn -0.1315 0.0209 0.9911
vn -0.0427 -0.9580 -0.2835
vn -0.8256 -0.4877 -0.2836
vn -0.9197 0.1465 -0.3641
vn 0.3346 -0.0536 -0.9408
vn -0.6449 -0.6169 -0.4511
vn -0.7580 0.1208 -0.6409
vn -0.7933 -0.5999 -0.1039
vn -0.5561 -0.3775 0.7404
vn -0.5510 0.0872 0.8299
vn -0.9737 0.1568 -0.1652
vn -0.4251 -0.5933 -0.6836
vn -0.2911 -0.4536 -0.8423
vn -0.2596 0.0399 -0.9649
vn -0.4370 0.0704 -0.8967
vn 0.0178 0.7159 0.6979
vn 0.3347 0.6373 0.6941
vn 0.2571 0.9239 -0.2833
vn -0.6331 0.7202 -0.2836
vn -0.4212 0.7868 -0.4511
vn -0.5651 0.8184 -0.1040
vn -0.4110 0.5316 0.7406
vn 0.6636 0.5686 0.4861
vn -0.2194 0.6969 -0.6828
vn -0.1332 0.5218 -0.8426
vn 0.4464 -0.7461 0.4939
vn -0.0382 -0.6745 0.7373
vn 0.1238 -0.7099 0.6933
vn -0.1972 -0.6874 0.6990
vn -0.8300 -0.4843 -0.2767
vn -0.0502 -0.9627 -0.2658
vn -0.6699 -0.7359 -0.0981
vn -0.4118 -0.7924 0.4499
vn -0.5416 -0.4009 0.7389
vn -0.7913 -0.6008 -0.1130
vn -0.2618 -0.4567 -0.8502
vn 0.1806 0.6534 0.7352
vn -0.0956 0.9195 0.3812
vn -0.3378 0.6679 0.6631
vn -0.3252 0.6699 0.6673
vn -0.5273 -0.5344 0.6605
vn -0.5501 0.0926 0.8299
vn -0.5166 -0.5367 0.6671
vn 0.4210 0.7867 -0.4514
vn 0.1066 0.9705 -0.2159
vn -0.0020 0.9438 -0.3304
vn 0.2081 0.6914 -0.6918
vn -0.0326 0.8604 -0.5084
vn 0.1032 0.5300 -0.8417
vn 0.1574 -0.9875 0.0000
vn -0.2517 0.9304 -0.2663
vn -0.6564 0.5704 0.4937
vn -0.5397 0.7542 0.3741
vn -0.2386 0.9445 -0.2257
vn -0.1574 0.9875 0.0000
vn 0.5634 0.8182 -0.1142
vn 0.4070 0.9083 -0.0965
vn 0.1373 0.8881 0.4386
vn 0.3958 0.5382 0.7440
vn 0.6381 0.7184 -0.2769
vn 0.2355 0.9616 -0.1408
vn -0.0255 0.7147 0.6989
vn -0.0858 0.8830 0.4614
vn -0.2710 0.8855 0.3775
vn -0.3381 0.6363 0.6934
vn -0.1736 0.6529 0.7372
vn -0.1779 0.9198 0.3497
vn 0.2912 -0.8975 -0.3311
vn 0.2345 -0.8333 -0.5005
vn 0.3772 -0.8433 0.3829
vn 0.1926 -0.8660 0.4615
vn 0.4029 -0.8894 -0.2159
vn 0.0175 -0.9258 0.3774
vn 0.1169 -0.9295 0.3497
vn 0.5228 -0.8407 -0.1406
vn -0.2782 -0.8845 0.3743
vn 0.0671 -0.9721 -0.2248
vn 0.6447 -0.6169 -0.4514
vn 0.4122 -0.5915 -0.6929
vn 0.0314 -0.6771 0.7352
vn -0.1072 -0.0171 0.9941
vn -0.7395 -0.1179 0.6627
vn -0.4541 -0.7467 0.4860
vn 0.2054 -0.6861 0.6979
vn 0.1315 0.0209 0.9911
vn -0.3086 -0.0493 0.9499
vn -0.1202 -0.7097 0.6942
vn 0.0427 -0.9580 -0.2835
vn -0.3346 -0.0536 -0.9408
vn 0.9197 0.1465 -0.3641
vn 0.8256 -0.4877 -0.2836
vn 0.7580 0.1208 -0.6409
vn 0.6449 -0.6169 -0.4511
vn 0.7933 -0.5999 -0.1039
vn 0.9737 0.1568 -0.1651
vn 0.5510 0.0872 0.8299
vn 0.5561 -0.3775 0.7404
vn 0.4251 -0.5933 -0.6836
vn 0.4370 0.0704 -0.8967
vn 0.2596 0.0399 -0.9649
vn 0.2911 -0.4536 -0.8423
vn -0.0178 0.7159 0.6979
vn -0.3348 0.6373 0.6941
vn -0.2571 0.9239 -0.2833
vn 0.6331 0.7202 -0.2836
vn 0.4212 0.7868 -0.4511
vn 0.5651 0.8184 -0.1040
vn 0.4110 0.5316 0.7406
vn -0.6636 0.5686 0.4861
vn 0.2194 0.6969 -0.6828
vn 0.1332 0.5218 -0.8426
vn 0.0382 -0.6745 0.7373
vn -0.4464 -0.7461 0.4939
vn 0.1972 -0.6874 0.6990
vn -0.1238 -0.7099 0.6933
vn 0.0502 -0.9627 -0.2658
vn 0.8300 -0.4843 -0.2766
vn 0.6699 -0.7359 -0.0980
vn 0.7913 -0.6008 -0.1130
vn 0.5416 -0.4009 0.7389
vn 0.4118 -0.7924 0.4499
vn 0.2618 -0.4567 -0.8502
vn -0.1806 0.6534 0.7352
vn 0.0956 0.9195 0.3812
vn 0.3253 0.6699 0.6673
vn 0.3378 0.6679 0.6631
vn 0.5501 0.0925 0.8299
vn 0.5273 -0.5344 0.6605
vn 0.5166 -0.5367 0.6671
usemtl Porple
s 1
f 1171/1267/637 1168/1268/638 1137/1269/639 1136/1270/640
f 1168/1268/638 1183/1271/641 1184/1272/642 1137/1269/639
f 1124/1273/643 1126/1274/643 1120/1275/643 1122/1276/643
f 1174/1277/644 1142/1278/645 1143/1279/646 1175/1280/647
f 1123/1281/648 1121/1282/648 1127/1283/648 1125/1284/648
f 1128/1285/643 1131/1286/643 1126/1274/643 1124/1273/643
f 1169/1287/649 1180/1288/650 1179/1289/651 1138/1290/652
f 1172/1291/653 1171/1267/637 1136/1270/640 1139/1292/654
f 1174/1293/644 1172/1291/653 1139/1292/654 1142/1278/645
f 1132/1294/643 1135/1295/643 1131/1286/643 1128/1285/643
f 1125/1284/648 1127/1283/648 1129/1296/648 1130/1297/648
f 1170/1298/655 1219/1299/656 1213/1300/657 1140/1301/658
f 1130/1297/648 1129/1296/648 1133/1302/648 1134/1303/648
f 1173/1304/659 1175/1305/647 1143/1306/646 1141/1307/660
f 1125/1284/648 1136/1308/640 1137/1269/639 1123/1281/648
f 1123/1281/648 1137/1269/639 1184/1272/642 1121/1282/648
f 1130/1297/648 1139/1309/654 1136/1308/640 1125/1284/648
f 1121/1282/648 1138/1290/652 1179/1310/651
f 1127/1283/648 1140/1311/658 1213/1312/657
f 1134/1303/648 1142/1313/645 1139/1309/654 1130/1297/648
f 1129/1296/648 1141/1314/660 1143/1279/646 1133/1302/648
f 1133/1302/648 1143/1279/646 1142/1313/645 1134/1303/648
f 1120/1275/643 1185/1315/661 1145/1316/662 1122/1276/643
f 1126/1274/643 1146/1317/663 1210/1318/664
f 1122/1276/643 1145/1316/662 1147/1319/665 1124/1273/643
f 1131/1286/643 1148/1320/666 1214/1321/667 1126/1274/643
f 1124/1273/643 1147/1319/665 1149/1322/668 1128/1285/643
f 1135/1295/643 1150/1323/669 1148/1320/666 1131/1286/643
f 1128/1285/643 1149/1322/668 1151/1324/670 1132/1294/643
f 1132/1294/643 1151/1324/670 1150/1323/669 1135/1295/643
f 1147/1325/665 1145/1316/662 1167/1326/671 1164/1327/672
f 1198/1328/673 1196/1329/674 1159/1330/675 1157/1331/676
f 1201/1332/677 1215/1333/678 1217/1334/679 1154/1335/680
f 1197/1336/681 1199/1337/682 1156/1338/683 1158/1339/684
f 1199/1337/682 1200/1340/685 1155/1341/686 1156/1338/683
f 1202/1342/687 1204/1343/688 1178/1344/689 1153/1345/690
f 1197/1346/681 1158/1347/684 1159/1348/675 1196/1349/674
f 1203/1350/691 1205/1351/692 1182/1352/693 1152/1353/694
f 1188/1354/695 1218/1355/696 1219/1299/656 1170/1298/655
f 1192/1356/697 1190/1357/698 1172/1291/653 1174/1293/644
f 1190/1357/698 1189/1358/699 1171/1267/637 1172/1291/653
f 1187/1359/700 1194/1360/701 1180/1288/650 1169/1287/649
f 1193/1361/702 1192/1362/697 1174/1277/644 1175/1280/647
f 1186/1363/703 1195/1364/704 1183/1271/641 1168/1268/638
f 1189/1358/699 1186/1363/703 1168/1268/638 1171/1267/637
f 1200/1340/685 1203/1350/691 1152/1353/694 1155/1341/686
f 1148/1365/666 1150/1366/669 1160/1367/705 1162/1368/706
f 1146/1369/663 1214/1370/667 1216/1371/707 1165/1372/708
f 1151/1373/670 1149/1374/668 1163/1375/709 1161/1376/710
f 1149/1374/668 1147/1325/665 1164/1327/672 1163/1375/709
f 1144/1377/711 1176/1378/712 1177/1379/713 1166/1380/714
f 1151/1324/670 1161/1381/710 1160/1382/705 1150/1366/669
f 1145/1316/662 1185/1315/661 1181/1383/715 1167/1326/671
f 1191/1384/716 1193/1385/702 1175/1305/647 1173/1304/659
f 1176/1386/712 1144/1377/711 1120/1275/643
f 1179/1310/651 1211/1387/717 1127/1283/648 1121/1282/648
f 1194/1360/701 1206/1388/718 1212/1389/719 1180/1288/650
f 1204/1343/688 1207/1390/720 1209/1391/721 1178/1344/689
f 1176/1378/712 1210/1392/664 1208/1393/722 1177/1379/713
f 1180/1288/650 1212/1389/719 1211/1394/717 1179/1289/651
f 1185/1315/661 1120/1275/643 1144/1377/711
f 1183/1271/641 1169/1287/649 1138/1290/652 1184/1272/642
f 1184/1272/642 1138/1290/652 1121/1282/648
f 1185/1315/661 1144/1377/711 1166/1380/714 1181/1383/715
f 1195/1364/704 1187/1359/700 1169/1287/649 1183/1271/641
f 1205/1351/692 1202/1342/687 1153/1345/690 1182/1352/693
f 1182/1352/693 1153/1345/690 1187/1359/700 1195/1364/704
f 1178/1344/689 1209/1391/721 1206/1388/718 1194/1360/701
f 1157/1331/676 1159/1330/675 1193/1385/702 1191/1384/716
f 1155/1341/686 1152/1353/694 1186/1363/703 1189/1358/699
f 1152/1353/694 1182/1352/693 1195/1364/704 1186/1363/703
f 1159/1348/675 1158/1347/684 1192/1362/697 1193/1361/702
f 1153/1345/690 1178/1344/689 1194/1360/701 1187/1359/700
f 1156/1338/683 1155/1341/686 1189/1358/699 1190/1357/698
f 1158/1339/684 1156/1338/683 1190/1357/698 1192/1356/697
f 1154/1335/680 1217/1334/679 1218/1355/696 1188/1354/695
f 1181/1383/715 1166/1380/714 1202/1342/687 1205/1351/692
f 1177/1379/713 1208/1393/722 1207/1390/720 1204/1343/688
f 1164/1327/672 1167/1326/671 1203/1350/691 1200/1340/685
f 1167/1326/671 1181/1383/715 1205/1351/692 1203/1350/691
f 1161/1381/710 1197/1346/681 1196/1349/674 1160/1382/705
f 1166/1380/714 1177/1379/713 1204/1343/688 1202/1342/687
f 1163/1375/709 1164/1327/672 1200/1340/685 1199/1337/682
f 1161/1376/710 1163/1375/709 1199/1337/682 1197/1336/681
f 1165/1372/708 1216/1371/707 1215/1333/678 1201/1332/677
f 1162/1368/706 1160/1367/705 1196/1329/674 1198/1328/673
f 1210/1392/664 1146/1369/663 1165/1372/708 1208/1393/722
f 1211/1387/717 1140/1311/658 1127/1283/648
f 1212/1389/719 1170/1298/655 1140/1301/658 1211/1394/717
f 1206/1388/718 1188/1354/695 1170/1298/655 1212/1389/719
f 1208/1393/722 1165/1372/708 1201/1332/677 1207/1390/720
f 1209/1391/721 1154/1335/680 1188/1354/695 1206/1388/718
f 1207/1390/720 1201/1332/677 1154/1335/680 1209/1391/721
f 1210/1318/664 1176/1386/712 1120/1275/643 1126/1274/643
f 1217/1334/679 1157/1331/676 1191/1384/716 1218/1355/696
f 1218/1355/696 1191/1384/716 1173/1304/659 1219/1299/656
f 1219/1299/656 1173/1304/659 1141/1307/660 1213/1300/657
f 1213/1312/657 1141/1314/660 1129/1296/648 1127/1283/648
f 1214/1321/667 1146/1317/663 1126/1274/643
f 1215/1333/678 1198/1328/673 1157/1331/676 1217/1334/679
f 1216/1371/707 1162/1368/706 1198/1328/673 1215/1333/678
f 1214/1370/667 1148/1365/666 1162/1368/706 1216/1371/707
f 1271/1395/723 1236/1396/724 1237/1397/725 1268/1398/726
f 1268/1398/726 1237/1397/725 1284/1399/727 1283/1400/728
f 1224/1401/729 1222/1402/729 1220/1403/729 1226/1404/729
f 1274/1405/730 1275/1406/731 1243/1407/732 1242/1408/733
f 1223/1409/734 1225/1410/734 1227/1411/734 1221/1412/734
f 1228/1413/729 1224/1401/729 1226/1404/729 1231/1414/729
f 1269/1415/735 1238/1416/736 1279/1417/737 1280/1418/738
f 1272/1419/739 1239/1420/740 1236/1396/724 1271/1395/723
f 1274/1421/730 1242/1408/733 1239/1420/740 1272/1419/739
f 1232/1422/729 1228/1413/729 1231/1414/729 1235/1423/729
f 1225/1410/734 1230/1424/734 1229/1425/734 1227/1411/734
f 1270/1426/741 1240/1427/742 1313/1428/743 1319/1429/744
f 1230/1424/734 1234/1430/734 1233/1431/734 1229/1425/734
f 1273/1432/745 1241/1433/746 1243/1434/732 1275/1435/731
f 1225/1410/734 1223/1409/734 1237/1397/725 1236/1436/724
f 1223/1409/734 1221/1412/734 1284/1399/727 1237/1397/725
f 1230/1424/734 1225/1410/734 1236/1436/724 1239/1437/740
f 1221/1412/734 1279/1438/737 1238/1416/736
f 1227/1411/734 1313/1439/743 1240/1440/742
f 1234/1430/734 1230/1424/734 1239/1437/740 1242/1441/733
f 1229/1425/734 1233/1431/734 1243/1407/732 1241/1442/746
f 1233/1431/734 1234/1430/734 1242/1441/733 1243/1407/732
f 1220/1403/729 1222/1402/729 1245/1443/747 1285/1444/748
f 1226/1404/729 1310/1445/749 1246/1446/750
f 1222/1402/729 1224/1401/729 1247/1447/751 1245/1443/747
f 1231/1414/729 1226/1404/729 1314/1448/752 1248/1449/753
f 1224/1401/729 1228/1413/729 1249/1450/754 1247/1447/751
f 1235/1423/729 1231/1414/729 1248/1449/753 1250/1451/755
f 1228/1413/729 1232/1422/729 1251/1452/756 1249/1450/754
f 1232/1422/729 1235/1423/729 1250/1451/755 1251/1452/756
f 1247/1453/751 1264/1454/757 1267/1455/758 1245/1443/747
f 1298/1456/759 1257/1457/760 1259/1458/761 1296/1459/762
f 1301/1460/763 1254/1461/764 1317/1462/765 1315/1463/766
f 1297/1464/767 1258/1465/768 1256/1466/769 1299/1467/770
f 1299/1467/770 1256/1466/769 1255/1468/771 1300/1469/772
f 1302/1470/773 1253/1471/774 1278/1472/775 1304/1473/776
f 1297/1474/767 1296/1475/762 1259/1476/761 1258/1477/768
f 1303/1478/777 1252/1479/778 1282/1480/779 1305/1481/780
f 1288/1482/781 1270/1426/741 1319/1429/744 1318/1483/782
f 1292/1484/783 1274/1421/730 1272/1419/739 1290/1485/784
f 1290/1485/784 1272/1419/739 1271/1395/723 1289/1486/785
f 1287/1487/786 1269/1415/735 1280/1418/738 1294/1488/787
f 1293/1489/788 1275/1406/731 1274/1405/730 1292/1490/783
f 1286/1491/789 1268/1398/726 1283/1400/728 1295/1492/790
f 1289/1486/785 1271/1395/723 1268/1398/726 1286/1491/789
f 1300/1469/772 1255/1468/771 1252/1479/778 1303/1478/777
f 1248/1493/753 1262/1494/791 1260/1495/792 1250/1496/755
f 1246/1497/750 1265/1498/793 1316/1499/794 1314/1500/752
f 1251/1501/756 1261/1502/795 1263/1503/796 1249/1504/754
f 1249/1504/754 1263/1503/796 1264/1454/757 1247/1453/751
f 1244/1505/797 1266/1506/798 1277/1507/799 1276/1508/800
f 1251/1452/756 1250/1496/755 1260/1509/792 1261/1510/795
f 1245/1443/747 1267/1455/758 1281/1511/801 1285/1444/748
f 1291/1512/802 1273/1432/745 1275/1435/731 1293/1513/788
f 1276/1514/800 1220/1403/729 1244/1505/797
f 1279/1438/737 1221/1412/734 1227/1411/734 1311/1515/803
f 1294/1488/787 1280/1418/738 1312/1516/804 1306/1517/805
f 1304/1473/776 1278/1472/775 1309/1518/806 1307/1519/807
f 1276/1508/800 1277/1507/799 1308/1520/808 1310/1521/749
f 1280/1418/738 1279/1417/737 1311/1522/803 1312/1516/804
f 1285/1444/748 1244/1505/797 1220/1403/729
f 1283/1400/728 1284/1399/727 1238/1416/736 1269/1415/735
f 1284/1399/727 1221/1412/734 1238/1416/736
f 1285/1444/748 1281/1511/801 1266/1506/798 1244/1505/797
f 1295/1492/790 1283/1400/728 1269/1415/735 1287/1487/786
f 1305/1481/780 1282/1480/779 1253/1471/774 1302/1470/773
f 1282/1480/779 1295/1492/790 1287/1487/786 1253/1471/774
f 1278/1472/775 1294/1488/787 1306/1517/805 1309/1518/806
f 1257/1457/760 1291/1512/802 1293/1513/788 1259/1458/761
f 1255/1468/771 1289/1486/785 1286/1491/789 1252/1479/778
f 1252/1479/778 1286/1491/789 1295/1492/790 1282/1480/779
f 1259/1476/761 1293/1489/788 1292/1490/783 1258/1477/768
f 1253/1471/774 1287/1487/786 1294/1488/787 1278/1472/775
f 1256/1466/769 1290/1485/784 1289/1486/785 1255/1468/771
f 1258/1465/768 1292/1484/783 1290/1485/784 1256/1466/769
f 1254/1461/764 1288/1482/781 1318/1483/782 1317/1462/765
f 1281/1511/801 1305/1481/780 1302/1470/773 1266/1506/798
f 1277/1507/799 1304/1473/776 1307/1519/807 1308/1520/808
f 1264/1454/757 1300/1469/772 1303/1478/777 1267/1455/758
f 1267/1455/758 1303/1478/777 1305/1481/780 1281/1511/801
f 1261/1510/795 1260/1509/792 1296/1475/762 1297/1474/767
f 1266/1506/798 1302/1470/773 1304/1473/776 1277/1507/799
f 1263/1503/796 1299/1467/770 1300/1469/772 1264/1454/757
f 1261/1502/795 1297/1464/767 1299/1467/770 1263/1503/796
f 1265/1498/793 1301/1460/763 1315/1463/766 1316/1499/794
f 1262/1494/791 1298/1456/759 1296/1459/762 1260/1495/792
f 1310/1521/749 1308/1520/808 1265/1498/793 1246/1497/750
f 1311/1515/803 1227/1411/734 1240/1440/742
f 1312/1516/804 1311/1522/803 1240/1427/742 1270/1426/741
f 1306/1517/805 1312/1516/804 1270/1426/741 1288/1482/781
f 1308/1520/808 1307/1519/807 1301/1460/763 1265/1498/793
f 1309/1518/806 1306/1517/805 1288/1482/781 1254/1461/764
f 1307/1519/807 1309/1518/806 1254/1461/764 1301/1460/763
f 1310/1445/749 1226/1404/729 1220/1403/729 1276/1514/800
f 1317/1462/765 1318/1483/782 1291/1512/802 1257/1457/760
f 1318/1483/782 1319/1429/744 1273/1432/745 1291/1512/802
f 1319/1429/744 1313/1428/743 1241/1433/746 1273/1432/745
f 1313/1439/743 1227/1411/734 1229/1425/734 1241/1442/746
f 1314/1448/752 1226/1404/729 1246/1446/750
f 1315/1463/766 1317/1462/765 1257/1457/760 1298/1456/759
f 1316/1499/794 1315/1463/766 1298/1456/759 1262/1494/791
f 1314/1500/752 1316/1499/794 1262/1494/791 1248/1493/753
o Cube.003_Cube.004
v -1.115534 1.088102 1.143654
v -1.043781 1.138635 1.144627
v -0.981093 0.914462 1.053085
v -0.909660 0.965414 1.054277
v -0.804632 0.685172 0.294297
v -0.733088 0.735981 0.295016
v -1.046288 0.997393 1.809808
v -0.974884 1.048385 1.807419
v -0.578593 0.390620 -0.349639
v -0.574585 0.529409 1.356952
v -0.507010 0.441381 -0.349026
v -0.645072 0.477222 1.358305
v -0.467266 0.245520 -1.186349
v -0.354657 0.243158 1.195974
v -0.397033 0.298038 -1.175599
v -0.424680 0.190367 1.196987
v -0.745243 0.751817 0.282605
v -0.919881 0.978784 1.033707
v -1.059546 1.159220 1.127827
v -0.519822 0.458051 -0.359610
v -0.984618 1.061066 1.848660
v -0.568484 0.521468 1.380297
v -0.386547 0.284369 -1.361138
v -0.340548 0.224791 1.213455
v -1.130386 1.107494 1.127827
v -0.990721 0.927057 1.033707
v -1.055458 1.009340 1.848660
v -0.816082 0.700091 0.282605
v -0.639324 0.469741 1.380297
v -0.590662 0.406325 -0.359610
v -0.411388 0.173064 1.213455
v -0.457386 0.232643 -1.361138
v -0.975139 0.978381 0.994413
v -1.120196 1.165739 1.101270
v -1.031807 1.050308 1.897897
v -0.806160 0.758678 0.256943
v -0.581797 0.466270 -0.381256
v -0.591107 0.479181 1.428641
v -0.418909 0.254582 -1.414711
v -0.351753 0.167849 1.243094
v -0.968711 0.978428 0.998984
v -1.113141 1.164981 1.104359
v -1.026318 1.051559 1.892170
v -0.799073 0.757880 0.259928
v -0.574587 0.465314 -0.378738
v -0.588475 0.484100 1.423017
v -0.415144 0.258047 -1.408478
v -0.350449 0.174473 1.239646
v -0.977227 0.971506 0.999677
v -1.121561 1.157936 1.104828
v -1.034976 1.044819 1.891301
v -0.807489 0.750829 0.260381
v -0.582984 0.458239 -0.378356
v -0.597567 0.477916 1.422164
v -0.424064 0.251643 -1.407533
v -0.359742 0.168548 1.239124
v -0.933047 0.978688 1.024344
v -1.073997 1.160774 1.121499
v -0.995862 1.058503 1.860392
v -0.759757 0.753452 0.276491
v -0.534588 0.460010 -0.364768
v -0.573874 0.511392 1.391816
v -0.394258 0.277272 -1.373903
v -0.343218 0.211223 1.220517
v -0.986361 0.941417 1.022712
v -1.127535 1.123791 1.120396
v -1.048841 1.020802 1.862436
v -0.813306 0.716483 0.275425
v -0.588181 0.423097 -0.365667
v -0.625833 0.472382 1.393823
v -0.446621 0.238781 -1.376127
v -0.394702 0.171605 1.221748
v 1.115534 1.088102 1.143654
v 1.043781 1.138635 1.144627
v 0.981093 0.914462 1.053085
v 0.909661 0.965414 1.054277
v 0.804632 0.685172 0.294297
v 0.733088 0.735981 0.295016
v 1.046288 0.997393 1.809809
v 0.974884 1.048385 1.807419
v 0.578593 0.390620 -0.349639
v 0.574585 0.529409 1.356952
v 0.507010 0.441381 -0.349026
v 0.645072 0.477222 1.358305
v 0.467266 0.245520 -1.186349
v 0.354657 0.243158 1.195974
v 0.397033 0.298038 -1.175599
v 0.424680 0.190367 1.196987
v 0.745243 0.751817 0.282605
v 0.919881 0.978784 1.033707
v 1.059546 1.159220 1.127827
v 0.519822 0.458051 -0.359610
v 0.984618 1.061067 1.848660
v 0.568484 0.521468 1.380297
v 0.386547 0.284369 -1.361138
v 0.340548 0.224791 1.213455
v 1.130386 1.107494 1.127827
v 0.990721 0.927057 1.033707
v 1.055458 1.009340 1.848660
v 0.816082 0.700091 0.282605
v 0.639324 0.469741 1.380297
v 0.590662 0.406325 -0.359610
v 0.411388 0.173064 1.213455
v 0.457386 0.232643 -1.361138
v 0.975139 0.978382 0.994413
v 1.120196 1.165739 1.101270
v 1.031807 1.050308 1.897897
v 0.806160 0.758678 0.256943
v 0.581797 0.466270 -0.381256
v 0.591107 0.479181 1.428641
v 0.418909 0.254582 -1.414711
v 0.351753 0.167849 1.243095
v 0.968711 0.978428 0.998984
v 1.113141 1.164981 1.104360
v 1.026317 1.051559 1.892170
v 0.799073 0.757880 0.259928
v 0.574587 0.465314 -0.378738
v 0.588475 0.484100 1.423017
v 0.415144 0.258047 -1.408479
v 0.350449 0.174473 1.239647
v 0.977227 0.971506 0.999677
v 1.121561 1.157936 1.104828
v 1.034976 1.044819 1.891301
v 0.807489 0.750829 0.260381
v 0.582984 0.458239 -0.378356
v 0.597567 0.477916 1.422164
v 0.424064 0.251643 -1.407534
v 0.359742 0.168548 1.239124
v 0.933047 0.978688 1.024344
v 1.073997 1.160774 1.121499
v 0.995862 1.058503 1.860392
v 0.759757 0.753452 0.276491
v 0.534588 0.460010 -0.364768
v 0.573874 0.511392 1.391816
v 0.394258 0.277272 -1.373903
v 0.343218 0.211223 1.220517
v 0.986361 0.941417 1.022712
v 1.127535 1.123791 1.120396
v 1.048841 1.020802 1.862437
v 0.813306 0.716483 0.275425
v 0.588181 0.423097 -0.365667
v 0.625833 0.472382 1.393823
v 0.446621 0.238781 -1.376127
v 0.394702 0.171605 1.221748
vt 0.595216 0.412298
vt 0.595216 0.500000
vt 0.625000 0.500000
vt 0.625000 0.412298
vt 0.595216 0.750000
vt 0.625000 0.750000
vt 0.282151 0.507952
vt 0.286556 0.744544
vt 0.369487 0.734551
vt 0.346418 0.555538
vt 0.569539 0.310145
vt 0.625000 0.284467
vt 0.840533 0.750000
vt 0.785072 0.775678
vt 0.655022 0.558105
vt 0.630868 0.733643
vt 0.713490 0.744208
vt 0.718163 0.508436
vt 0.203049 0.509801
vt 0.213341 0.745884
vt 0.595216 0.837702
vt 0.625000 0.837702
vt 0.595216 0.331963
vt 0.625000 0.331963
vt 0.595216 0.284467
vt 0.163542 0.508663
vt 0.162502 0.746936
vt 0.786569 0.745630
vt 0.797190 0.510397
vt 0.595216 0.913119
vt 0.625000 0.913119
vt 0.837311 0.746745
vt 0.836207 0.509196
vt 0.595216 0.965533
vt 0.625000 0.965533
vt 0.712702 0.500000
vt 0.793037 0.500000
vt 0.712702 0.750000
vt 0.788119 0.750000
vt 0.840533 0.500000
vt 0.375000 0.750000
vt 0.375000 0.500000
vt 0.287298 0.750000
vt 0.287298 0.500000
vt 0.211881 0.750000
vt 0.206963 0.500000
vt 0.159467 0.750000
vt 0.159467 0.500000
vt 0.483254 0.913118
vt 0.483254 0.965533
vt 0.500000 0.965533
vt 0.500000 0.913119
vt 0.483254 0.837702
vt 0.500000 0.837702
vt 0.483254 0.284467
vt 0.483254 0.331963
vt 0.500000 0.331963
vt 0.500000 0.284467
vt 0.483254 0.412298
vt 0.500000 0.412298
vt 0.483254 0.750000
vt 0.500000 0.750000
vt 0.361050 0.406671
vt 0.392234 0.392234
vt 0.607766 0.857766
vt 0.576582 0.872204
vt 0.483254 0.500000
vt 0.500000 0.500000
vt 0.514541 0.965533
vt 0.514541 0.913119
vt 0.514541 0.837702
vt 0.514541 0.331963
vt 0.514541 0.284467
vt 0.514541 0.412298
vt 0.514541 0.750000
vt 0.419311 0.379697
vt 0.634844 0.845230
vt 0.514541 0.500000
vt 0.409974 0.412298
vt 0.409974 0.500000
vt 0.409974 0.750000
vt 0.224594 0.469848
vt 0.440127 0.935380
vt 0.409974 0.837702
vt 0.409974 0.331963
vt 0.409974 0.284467
vt 0.409974 0.913118
vt 0.409974 0.965533
vt 0.375000 0.913119
vt 0.375000 0.965533
vt 0.375000 0.837702
vt 0.375000 0.284467
vt 0.375000 0.331963
vt 0.375000 0.412298
vt 0.595216 0.412298
vt 0.625000 0.412298
vt 0.625000 0.500000
vt 0.595216 0.500000
vt 0.625000 0.750000
vt 0.595216 0.750000
vt 0.282151 0.507952
vt 0.346418 0.555538
vt 0.369487 0.734551
vt 0.286556 0.744544
vt 0.569539 0.310145
vt 0.785072 0.775678
vt 0.840533 0.750000
vt 0.625000 0.284467
vt 0.655022 0.558105
vt 0.718163 0.508436
vt 0.713490 0.744208
vt 0.630868 0.733643
vt 0.203049 0.509801
vt 0.213341 0.745884
vt 0.625000 0.837702
vt 0.595216 0.837702
vt 0.595216 0.331963
vt 0.625000 0.331963
vt 0.595216 0.284467
vt 0.163542 0.508663
vt 0.162502 0.746936
vt 0.797190 0.510397
vt 0.786569 0.745630
vt 0.625000 0.913119
vt 0.595216 0.913119
vt 0.836207 0.509196
vt 0.837311 0.746745
vt 0.625000 0.965533
vt 0.595216 0.965533
vt 0.712702 0.500000
vt 0.793037 0.500000
vt 0.712702 0.750000
vt 0.788119 0.750000
vt 0.840533 0.500000
vt 0.375000 0.500000
vt 0.375000 0.750000
vt 0.287298 0.750000
vt 0.287298 0.500000
vt 0.211881 0.750000
vt 0.206963 0.500000
vt 0.159467 0.750000
vt 0.159467 0.500000
vt 0.483254 0.913118
vt 0.500000 0.913119
vt 0.500000 0.965533
vt 0.483254 0.965533
vt 0.483254 0.837702
vt 0.500000 0.837702
vt 0.483254 0.284467
vt 0.500000 0.284467
vt 0.500000 0.331963
vt 0.483254 0.331963
vt 0.500000 0.412298
vt 0.483254 0.412298
vt 0.483254 0.750000
vt 0.500000 0.750000
vt 0.361050 0.406671
vt 0.576582 0.872204
vt 0.607766 0.857766
vt 0.392234 0.392234
vt 0.483254 0.500000
vt 0.500000 0.500000
vt 0.514541 0.913119
vt 0.514541 0.965533
vt 0.514541 0.837702
vt 0.514541 0.284467
vt 0.514541 0.331963
vt 0.514541 0.412298
vt 0.514541 0.750000
vt 0.634844 0.845230
vt 0.419311 0.379697
vt 0.514541 0.500000
vt 0.409974 0.412298
vt 0.409974 0.500000
vt 0.409974 0.750000
vt 0.224594 0.469848
vt 0.440127 0.935380
vt 0.409974 0.837702
vt 0.409974 0.331963
vt 0.409974 0.284467
vt 0.409974 0.913118
vt 0.409974 0.965533
vt 0.375000 0.913119
vt 0.375000 0.965533
vt 0.375000 0.837702
vt 0.375000 0.284467
vt 0.375000 0.331963
vt 0.375000 0.412298
vn 0.2146 0.9332 -0.2882
vn 0.3054 0.8339 -0.4597
vn 0.6495 0.7362 -0.1902
vn 0.5264 0.8350 -0.1602
vn 0.2206 0.9330 -0.2842
vn 0.4334 0.8791 -0.1985
vn -0.7930 -0.6092 -0.0003
vn -0.7928 -0.6095 -0.0002
vn -0.7930 -0.6092 -0.0021
vn 0.8179 0.5305 -0.2228
vn 0.8179 0.5422 -0.1924
vn 0.9637 0.1435 0.2252
vn 0.9356 -0.1222 0.3311
vn 0.7930 0.6092 0.0021
vn 0.7928 0.6095 0.0002
vn 0.7930 0.6092 0.0003
vn -0.7931 -0.6091 0.0000
vn -0.7926 -0.6098 -0.0000
vn 0.5088 0.7066 0.4917
vn 0.5988 0.7046 0.3806
vn 0.0851 0.9603 -0.2655
vn 0.5204 0.8435 -0.1327
vn -0.7931 -0.6091 0.0001
vn -0.7930 -0.6092 0.0000
vn 0.7926 0.6098 0.0000
vn 0.7931 0.6091 -0.0000
vn 0.7730 0.1570 0.6146
vn 0.8462 0.4296 0.3151
vn 0.7930 0.6092 -0.0000
vn 0.7931 0.6091 -0.0001
vn -0.9629 -0.1818 -0.1995
vn -0.8775 -0.4368 -0.1978
vn -0.8436 -0.3826 0.3768
vn -0.9442 -0.2862 -0.1630
vn -0.6337 -0.7079 0.3117
vn -0.9512 -0.2771 -0.1358
vn -0.4005 -0.8883 0.2245
vn -0.7558 -0.6249 -0.1955
vn -0.3592 -0.7082 0.6078
vn -0.1428 -0.9355 0.3232
vn 0.5294 -0.7038 0.4736
vn 0.2964 -0.3936 0.8702
vn -0.8200 -0.2929 0.4918
vn -0.2661 0.3478 0.8990
vn -0.7382 -0.6314 -0.2375
vn -0.9440 0.1807 -0.2759
vn -0.5587 0.7477 -0.3587
vn 0.1506 -0.2027 -0.9676
vn -0.9552 0.0468 -0.2920
vn -0.5444 0.7199 -0.4305
vn -0.9583 0.0443 -0.2821
vn -0.5392 0.7108 -0.4516
vn -0.8845 -0.0694 -0.4612
vn -0.4459 0.5926 -0.6708
vn 0.9370 -0.1236 0.3266
vn 0.7732 0.1590 0.6139
vn 0.5053 0.7081 0.4931
vn 0.0900 0.9583 -0.2712
vn 0.8184 0.5242 -0.2352
vn 0.2143 0.9334 -0.2877
vn 0.2190 0.9351 -0.2786
vn 0.3032 0.8370 -0.4555
vn -0.9551 0.0465 -0.2925
vn -0.8822 -0.0724 -0.4652
vn -0.9568 0.0422 -0.2875
vn -0.7439 -0.6290 -0.2256
vn -0.1437 -0.9339 0.3274
vn -0.8197 -0.2963 0.4902
vn -0.9446 0.1861 -0.2702
vn -0.3575 -0.7084 0.6085
vn -0.2146 0.9332 -0.2882
vn -0.5264 0.8350 -0.1602
vn -0.6495 0.7362 -0.1902
vn -0.3054 0.8339 -0.4597
vn -0.4334 0.8791 -0.1985
vn -0.2206 0.9330 -0.2842
vn 0.7930 -0.6092 -0.0003
vn 0.7930 -0.6092 -0.0021
vn 0.7928 -0.6095 -0.0001
vn -0.8179 0.5305 -0.2228
vn -0.9356 -0.1222 0.3311
vn -0.9637 0.1435 0.2252
vn -0.8179 0.5422 -0.1924
vn -0.7930 0.6092 0.0021
vn -0.7930 0.6092 0.0003
vn -0.7928 0.6095 0.0002
vn 0.7931 -0.6091 0.0000
vn 0.7926 -0.6098 -0.0000
vn -0.5988 0.7046 0.3806
vn -0.5088 0.7066 0.4917
vn -0.0851 0.9603 -0.2655
vn -0.5204 0.8435 -0.1327
vn 0.7931 -0.6091 0.0001
vn 0.7930 -0.6092 0.0000
vn -0.7931 0.6091 -0.0000
vn -0.7926 0.6098 0.0000
vn -0.8462 0.4296 0.3151
vn -0.7730 0.1570 0.6146
vn -0.7931 0.6091 -0.0001
vn -0.7930 0.6092 -0.0000
vn 0.8775 -0.4368 -0.1978
vn 0.9629 -0.1818 -0.1995
vn 0.8436 -0.3826 0.3768
vn 0.9442 -0.2862 -0.1630
vn 0.6337 -0.7079 0.3117
vn 0.9512 -0.2771 -0.1358
vn 0.4005 -0.8883 0.2245
vn 0.7558 -0.6249 -0.1955
vn 0.3592 -0.7082 0.6078
vn -0.2964 -0.3936 0.8702
vn -0.5294 -0.7038 0.4736
vn 0.1428 -0.9355 0.3232
vn 0.8200 -0.2929 0.4918
vn 0.2661 0.3478 0.8990
vn 0.7382 -0.6314 -0.2375
vn -0.1506 -0.2027 -0.9676
vn 0.5587 0.7477 -0.3587
vn 0.9440 0.1807 -0.2759
vn 0.5444 0.7199 -0.4305
vn 0.9552 0.0468 -0.2920
vn 0.9583 0.0443 -0.2821
vn 0.5392 0.7108 -0.4516
vn 0.8845 -0.0694 -0.4612
vn 0.4459 0.5926 -0.6708
vn -0.7732 0.1590 0.6139
vn -0.9370 -0.1236 0.3266
vn -0.5053 0.7081 0.4931
vn -0.8184 0.5242 -0.2352
vn -0.0900 0.9583 -0.2712
vn -0.2143 0.9334 -0.2877
vn -0.2190 0.9351 -0.2786
vn -0.3032 0.8370 -0.4555
vn 0.9551 0.0465 -0.2925
vn 0.8822 -0.0724 -0.4652
vn 0.9568 0.0422 -0.2875
vn 0.7439 -0.6290 -0.2256
vn 0.1437 -0.9339 0.3274
vn 0.8197 -0.2963 0.4902
vn 0.9446 0.1861 -0.2702
vn 0.3575 -0.7084 0.6085
usemtl Porple
s 1
f 1379/1523/809 1376/1524/810 1337/1525/811 1336/1526/812
f 1376/1524/810 1377/1527/813 1338/1528/814 1337/1525/811
f 1324/1529/815 1326/1530/816 1320/1531/817 1322/1532/817
f 1382/1533/818 1342/1534/819 1343/1535/820 1383/1536/821
f 1323/1537/822 1321/1538/822 1327/1539/823 1325/1540/824
f 1328/1541/825 1331/1542/826 1326/1530/816 1324/1529/815
f 1377/1527/813 1378/1543/827 1340/1544/828 1338/1528/814
f 1380/1545/829 1379/1523/809 1336/1526/812 1339/1546/830
f 1382/1547/818 1380/1545/829 1339/1546/830 1342/1534/819
f 1332/1548/831 1335/1549/832 1331/1542/826 1328/1541/825
f 1325/1540/824 1327/1539/823 1329/1550/833 1330/1551/834
f 1378/1543/827 1381/1552/835 1341/1553/836 1340/1544/828
f 1330/1551/834 1329/1550/833 1333/1554/837 1334/1555/838
f 1381/1552/835 1383/1556/821 1343/1557/820 1341/1553/836
f 1325/1540/824 1336/1558/812 1337/1525/811 1323/1537/822
f 1323/1537/822 1337/1525/811 1338/1528/814 1321/1538/822
f 1330/1551/834 1339/1559/830 1336/1558/812 1325/1540/824
f 1321/1538/822 1338/1528/814 1340/1560/828 1327/1539/823
f 1327/1539/823 1340/1560/828 1341/1561/836 1329/1550/833
f 1334/1555/838 1342/1562/819 1339/1559/830 1330/1551/834
f 1329/1550/833 1341/1561/836 1343/1535/820 1333/1554/837
f 1333/1554/837 1343/1535/820 1342/1562/819 1334/1555/838
f 1320/1531/817 1344/1563/839 1345/1564/840 1322/1532/817
f 1326/1530/816 1346/1565/841 1344/1563/839 1320/1531/817
f 1322/1532/817 1345/1564/840 1347/1566/842 1324/1529/815
f 1331/1542/826 1348/1567/843 1346/1565/841 1326/1530/816
f 1324/1529/815 1347/1566/842 1349/1568/844 1328/1541/825
f 1335/1549/832 1350/1569/845 1348/1567/843 1331/1542/826
f 1328/1541/825 1349/1568/844 1351/1570/846 1332/1548/831
f 1332/1548/831 1351/1570/846 1350/1569/845 1335/1549/832
f 1373/1571/847 1375/1572/848 1359/1573/849 1357/1574/850
f 1370/1575/851 1373/1571/847 1357/1574/850 1354/1576/852
f 1374/1577/853 1372/1578/854 1356/1579/855 1358/1580/856
f 1372/1578/854 1371/1581/857 1355/1582/858 1356/1579/855
f 1369/1583/859 1370/1575/851 1354/1576/852 1353/1584/860
f 1374/1585/853 1358/1586/856 1359/1587/849 1375/1588/848
f 1368/1589/861 1369/1583/859 1353/1584/860 1352/1590/862
f 1371/1581/857 1368/1589/861 1352/1590/862 1355/1582/858
f 1357/1574/850 1359/1573/849 1367/1591/863 1365/1592/864
f 1354/1576/852 1357/1574/850 1365/1592/864 1362/1593/865
f 1358/1580/856 1356/1579/855 1364/1594/866 1366/1595/867
f 1356/1579/855 1355/1582/858 1363/1596/868 1364/1594/866
f 1353/1584/860 1354/1576/852 1362/1593/865 1361/1597/869
f 1358/1586/856 1366/1598/867 1367/1599/863 1359/1587/849
f 1352/1590/862 1353/1584/860 1361/1597/869 1360/1600/870
f 1355/1582/858 1352/1590/862 1360/1600/870 1363/1596/868
f 1387/1601/871 1384/1602/872 1368/1589/861 1371/1581/857
f 1384/1602/872 1385/1603/873 1369/1583/859 1368/1589/861
f 1390/1604/874 1374/1585/853 1375/1588/848 1391/1605/875
f 1385/1603/873 1386/1606/876 1370/1575/851 1369/1583/859
f 1388/1607/877 1387/1601/871 1371/1581/857 1372/1578/854
f 1390/1608/874 1388/1607/877 1372/1578/854 1374/1577/853
f 1386/1606/876 1389/1609/878 1373/1571/847 1370/1575/851
f 1389/1609/878 1391/1610/875 1375/1572/848 1373/1571/847
f 1365/1592/864 1367/1591/863 1383/1556/821 1381/1552/835
f 1362/1593/865 1365/1592/864 1381/1552/835 1378/1543/827
f 1366/1595/867 1364/1594/866 1380/1545/829 1382/1547/818
f 1364/1594/866 1363/1596/868 1379/1523/809 1380/1545/829
f 1361/1597/869 1362/1593/865 1378/1543/827 1377/1527/813
f 1366/1598/867 1382/1533/818 1383/1536/821 1367/1599/863
f 1360/1600/870 1361/1597/869 1377/1527/813 1376/1524/810
f 1363/1596/868 1360/1600/870 1376/1524/810 1379/1523/809
f 1348/1611/843 1350/1612/845 1391/1610/875 1389/1609/878
f 1346/1613/841 1348/1611/843 1389/1609/878 1386/1606/876
f 1351/1614/846 1349/1615/844 1388/1607/877 1390/1608/874
f 1349/1615/844 1347/1616/842 1387/1601/871 1388/1607/877
f 1344/1563/839 1346/1613/841 1386/1606/876 1385/1603/873
f 1351/1570/846 1390/1604/874 1391/1605/875 1350/1612/845
f 1345/1564/840 1344/1563/839 1385/1603/873 1384/1602/872
f 1347/1616/842 1345/1564/840 1384/1602/872 1387/1601/871
f 1451/1617/879 1408/1618/880 1409/1619/881 1448/1620/882
f 1448/1620/882 1409/1619/881 1410/1621/883 1449/1622/884
f 1396/1623/885 1394/1624/886 1392/1625/886 1398/1626/887
f 1454/1627/888 1455/1628/889 1415/1629/890 1414/1630/891
f 1395/1631/892 1397/1632/893 1399/1633/894 1393/1634/892
f 1400/1635/895 1396/1623/885 1398/1626/887 1403/1636/896
f 1449/1622/884 1410/1621/883 1412/1637/897 1450/1638/898
f 1452/1639/899 1411/1640/900 1408/1618/880 1451/1617/879
f 1454/1641/888 1414/1630/891 1411/1640/900 1452/1639/899
f 1404/1642/901 1400/1635/895 1403/1636/896 1407/1643/902
f 1397/1632/893 1402/1644/903 1401/1645/904 1399/1633/894
f 1450/1638/898 1412/1637/897 1413/1646/905 1453/1647/906
f 1402/1644/903 1406/1648/907 1405/1649/908 1401/1645/904
f 1453/1647/906 1413/1646/905 1415/1650/890 1455/1651/889
f 1397/1632/893 1395/1631/892 1409/1619/881 1408/1652/880
f 1395/1631/892 1393/1634/892 1410/1621/883 1409/1619/881
f 1402/1644/903 1397/1632/893 1408/1652/880 1411/1653/900
f 1393/1634/892 1399/1633/894 1412/1654/897 1410/1621/883
f 1399/1633/894 1401/1645/904 1413/1655/905 1412/1654/897
f 1406/1648/907 1402/1644/903 1411/1653/900 1414/1656/891
f 1401/1645/904 1405/1649/908 1415/1629/890 1413/1655/905
f 1405/1649/908 1406/1648/907 1414/1656/891 1415/1629/890
f 1392/1625/886 1394/1624/886 1417/1657/909 1416/1658/910
f 1398/1626/887 1392/1625/886 1416/1658/910 1418/1659/911
f 1394/1624/886 1396/1623/885 1419/1660/912 1417/1657/909
f 1403/1636/896 1398/1626/887 1418/1659/911 1420/1661/913
f 1396/1623/885 1400/1635/895 1421/1662/914 1419/1660/912
f 1407/1643/902 1403/1636/896 1420/1661/913 1422/1663/915
f 1400/1635/895 1404/1642/901 1423/1664/916 1421/1662/914
f 1404/1642/901 1407/1643/902 1422/1663/915 1423/1664/916
f 1445/1665/917 1429/1666/918 1431/1667/919 1447/1668/920
f 1442/1669/921 1426/1670/922 1429/1666/918 1445/1665/917
f 1446/1671/923 1430/1672/924 1428/1673/925 1444/1674/926
f 1444/1674/926 1428/1673/925 1427/1675/927 1443/1676/928
f 1441/1677/929 1425/1678/930 1426/1670/922 1442/1669/921
f 1446/1679/923 1447/1680/920 1431/1681/919 1430/1682/924
f 1440/1683/931 1424/1684/932 1425/1678/930 1441/1677/929
f 1443/1676/928 1427/1675/927 1424/1684/932 1440/1683/931
f 1429/1666/918 1437/1685/933 1439/1686/934 1431/1667/919
f 1426/1670/922 1434/1687/935 1437/1685/933 1429/1666/918
f 1430/1672/924 1438/1688/936 1436/1689/937 1428/1673/925
f 1428/1673/925 1436/1689/937 1435/1690/938 1427/1675/927
f 1425/1678/930 1433/1691/939 1434/1687/935 1426/1670/922
f 1430/1682/924 1431/1681/919 1439/1692/934 1438/1693/936
f 1424/1684/932 1432/1694/940 1433/1691/939 1425/1678/930
f 1427/1675/927 1435/1690/938 1432/1694/940 1424/1684/932
f 1459/1695/941 1443/1676/928 1440/1683/931 1456/1696/942
f 1456/1696/942 1440/1683/931 1441/1677/929 1457/1697/943
f 1462/1698/944 1463/1699/945 1447/1680/920 1446/1679/923
f 1457/1697/943 1441/1677/929 1442/1669/921 1458/1700/946
f 1460/1701/947 1444/1674/926 1443/1676/928 1459/1695/941
f 1462/1702/944 1446/1671/923 1444/1674/926 1460/1701/947
f 1458/1700/946 1442/1669/921 1445/1665/917 1461/1703/948
f 1461/1703/948 1445/1665/917 1447/1668/920 1463/1704/945
f 1437/1685/933 1453/1647/906 1455/1651/889 1439/1686/934
f 1434/1687/935 1450/1638/898 1453/1647/906 1437/1685/933
f 1438/1688/936 1454/1641/888 1452/1639/899 1436/1689/937
f 1436/1689/937 1452/1639/899 1451/1617/879 1435/1690/938
f 1433/1691/939 1449/1622/884 1450/1638/898 1434/1687/935
f 1438/1693/936 1439/1692/934 1455/1628/889 1454/1627/888
f 1432/1694/940 1448/1620/882 1449/1622/884 1433/1691/939
f 1435/1690/938 1451/1617/879 1448/1620/882 1432/1694/940
f 1420/1705/913 1461/1703/948 1463/1704/945 1422/1706/915
f 1418/1707/911 1458/1700/946 1461/1703/948 1420/1705/913
f 1423/1708/916 1462/1702/944 1460/1701/947 1421/1709/914
f 1421/1709/914 1460/1701/947 1459/1695/941 1419/1710/912
f 1416/1658/910 1457/1697/943 1458/1700/946 1418/1707/911
f 1423/1664/916 1422/1706/915 1463/1699/945 1462/1698/944
f 1417/1657/909 1456/1696/942 1457/1697/943 1416/1658/910
f 1419/1710/912 1459/1695/941 1456/1696/942 1417/1657/909
o Sphere.001_Sphere.003
v 0.000000 0.469553 -2.240406
v 0.000000 0.263736 -2.507781
v -0.000000 0.761234 -1.098015
v 0.087947 0.655253 -1.663499
v 0.158474 0.484230 -2.107483
v 0.197614 0.282039 -2.342030
v 0.155746 0.677823 -1.459099
v 0.280644 0.524899 -1.739167
v 0.349957 0.332752 -1.882747
v 0.187865 0.709646 -1.170891
v 0.338522 0.582243 -1.219833
v 0.422129 0.404259 -1.235148
v 0.176947 0.732289 -0.965828
v 0.318848 0.623666 -0.844687
v 0.397597 0.456104 -0.765613
v 0.125493 0.748782 -0.816461
v 0.226130 0.653386 -0.575536
v 0.281980 0.493164 -0.429987
v 0.045289 0.758095 -0.732116
v 0.081609 0.670168 -0.423552
v -0.045289 0.758095 -0.732116
v -0.081609 0.670168 -0.423552
v -0.125493 0.748782 -0.816461
v -0.226130 0.653386 -0.575536
v -0.281980 0.493164 -0.429987
v -0.176947 0.732289 -0.965828
v -0.318848 0.623666 -0.844687
v -0.397597 0.456104 -0.765613
v -0.187865 0.709646 -1.170891
v -0.338522 0.582243 -1.219833
v -0.422129 0.404259 -1.235149
v -0.155746 0.677823 -1.459099
v -0.280644 0.524899 -1.739167
v -0.349957 0.332752 -1.882747
v -0.087947 0.655253 -1.663499
v -0.158474 0.484230 -2.107483
v -0.197614 0.282039 -2.342030
v -0.000000 0.647108 -1.737266
v 0.101764 0.514090 -0.240466
v -0.101764 0.514090 -0.240466
v 0.124709 0.566107 -1.894928
v 0.220849 0.598111 -1.605086
v 0.266395 0.643237 -1.196402
v 0.250914 0.675669 -0.902683
v 0.177950 0.699056 -0.690878
v 0.064221 0.712263 -0.571276
v -0.064221 0.712263 -0.571276
v -0.177950 0.699056 -0.690878
v -0.250914 0.675669 -0.902683
v -0.266395 0.643237 -1.196402
v -0.220849 0.598111 -1.605086
v -0.124709 0.566107 -1.894928
v -0.000000 0.554557 -1.999529
vt 0.692308 0.571429
vt 0.692308 0.714286
vt 0.615385 0.714286
vt 0.615385 0.571429
vt 0.692308 0.857143
vt 0.653846 1.000000
vt 0.615385 0.857143
vt 0.692308 0.782678
vt 0.615385 0.782678
vt 0.538462 0.714286
vt 0.538462 0.571429
vt 0.576923 1.000000
vt 0.538462 0.857143
vt 0.538462 0.782678
vt 0.461539 0.714286
vt 0.461539 0.571429
vt 0.500000 1.000000
vt 0.461539 0.857143
vt 0.461539 0.782678
vt 0.384615 0.714286
vt 0.384615 0.571429
vt 0.423077 1.000000
vt 0.384615 0.857143
vt 0.384615 0.782678
vt 0.307692 0.857143
vt 0.307692 0.782678
vt 0.307692 0.714286
vt 0.307692 0.571429
vt 0.346154 1.000000
vt 0.230769 0.857143
vt 0.230769 0.782678
vt 0.230769 0.714286
vt 0.230769 0.571429
vt 0.269231 1.000000
vt 0.153846 0.857143
vt 0.153846 0.782678
vt 0.153846 0.714286
vt 0.153846 0.571429
vt 0.192308 1.000000
vt 0.076923 0.714286
vt 0.076923 0.571429
vt 0.115385 1.000000
vt 0.076923 0.857143
vt 0.076923 0.782678
vt 0.000000 0.714286
vt 0.000000 0.571429
vt 0.038462 1.000000
vt 0.000000 0.857143
vt 0.000000 0.782678
vt 1.000000 0.857143
vt 0.961538 1.000000
vt 0.923077 0.857143
vt 1.000000 0.782678
vt 0.923077 0.782678
vt 1.000000 0.571429
vt 1.000000 0.714286
vt 0.923077 0.714286
vt 0.923077 0.571429
vt 0.846154 0.857143
vt 0.846154 0.782678
vt 0.846154 0.714286
vt 0.846154 0.571429
vt 0.884615 1.000000
vt 0.769231 0.857143
vt 0.769231 0.782678
vt 0.769231 0.714286
vt 0.769231 0.571429
vt 0.807692 1.000000
vt 0.730769 1.000000
vn 0.0000 0.7924 -0.6100
vn 0.0000 0.8477 -0.5304
vn 0.5147 0.7681 -0.3809
vn 0.5185 0.6885 -0.5070
vn 0.0000 0.9573 -0.2892
vn 0.0000 0.9956 -0.0933
vn 0.2656 0.9348 -0.2357
vn 0.0000 0.9430 -0.3328
vn 0.3347 0.8959 -0.2919
vn 0.7154 0.6621 -0.2231
vn 0.8236 0.4987 -0.2698
vn 0.3937 0.9033 -0.1706
vn 0.5430 0.8149 -0.2028
vn 0.7848 0.6130 -0.0909
vn 0.8993 0.4295 -0.0813
vn 0.4430 0.8900 -0.1076
vn 0.6225 0.7758 -0.1028
vn 0.7612 0.6441 0.0756
vn 0.8711 0.4725 0.1340
vn 0.4308 0.9021 -0.0251
vn 0.5952 0.8032 0.0233
vn 0.3352 0.9392 0.0742
vn 0.4483 0.8792 0.1608
vn 0.6129 0.7399 0.2771
vn 0.6920 0.6025 0.3977
vn 0.1383 0.9779 0.1567
vn 0.1718 0.9525 0.2512
vn 0.2634 0.8445 0.4662
vn 0.2644 0.7481 0.6086
vn -0.1383 0.9779 0.1567
vn -0.1718 0.9525 0.2512
vn -0.2634 0.8445 0.4662
vn -0.2644 0.7481 0.6086
vn -0.6129 0.7399 0.2771
vn -0.6920 0.6025 0.3977
vn -0.3352 0.9392 0.0742
vn -0.4483 0.8792 0.1608
vn -0.7612 0.6441 0.0756
vn -0.8711 0.4725 0.1340
vn -0.4308 0.9021 -0.0251
vn -0.5952 0.8032 0.0233
vn -0.4430 0.8900 -0.1076
vn -0.6225 0.7758 -0.1028
vn -0.7848 0.6130 -0.0909
vn -0.8993 0.4295 -0.0813
vn -0.3937 0.9033 -0.1706
vn -0.5430 0.8149 -0.2028
vn -0.7154 0.6621 -0.2231
vn -0.8236 0.4987 -0.2698
vn -0.2656 0.9348 -0.2357
vn -0.3347 0.8959 -0.2919
vn -0.5147 0.7681 -0.3809
vn -0.5185 0.6885 -0.5070
usemtl DarkPorple
s 1
f 1465/1711/949 1464/1712/950 1468/1713/951 1469/1714/952
f 1501/1715/953 1466/1716/954 1467/1717/955
f 1516/1718/956 1501/1715/953 1467/1717/955 1504/1719/957
f 1469/1714/952 1468/1713/951 1471/1720/958 1472/1721/959
f 1467/1717/955 1466/1722/954 1470/1723/960
f 1504/1719/957 1467/1717/955 1470/1723/960 1505/1724/961
f 1472/1721/959 1471/1720/958 1474/1725/962 1475/1726/963
f 1470/1723/960 1466/1727/954 1473/1728/964
f 1505/1724/961 1470/1723/960 1473/1728/964 1506/1729/965
f 1475/1726/963 1474/1725/962 1477/1730/966 1478/1731/967
f 1473/1728/964 1466/1732/954 1476/1733/968
f 1506/1729/965 1473/1728/964 1476/1733/968 1507/1734/969
f 1507/1734/969 1476/1733/968 1479/1735/970 1508/1736/971
f 1478/1731/967 1477/1730/966 1480/1737/972 1481/1738/973
f 1476/1733/968 1466/1739/954 1479/1735/970
f 1508/1736/971 1479/1735/970 1482/1740/974 1509/1741/975
f 1481/1738/973 1480/1737/972 1483/1742/976 1502/1743/977
f 1479/1735/970 1466/1744/954 1482/1740/974
f 1509/1741/975 1482/1740/974 1484/1745/978 1510/1746/979
f 1502/1743/977 1483/1742/976 1485/1747/980 1503/1748/981
f 1482/1740/974 1466/1749/954 1484/1745/978
f 1503/1748/981 1485/1747/980 1487/1750/982 1488/1751/983
f 1484/1745/978 1466/1752/954 1486/1753/984
f 1510/1746/979 1484/1745/978 1486/1753/984 1511/1754/985
f 1488/1751/983 1487/1750/982 1490/1755/986 1491/1756/987
f 1486/1753/984 1466/1757/954 1489/1758/988
f 1511/1754/985 1486/1753/984 1489/1758/988 1512/1759/989
f 1489/1760/988 1466/1761/954 1492/1762/990
f 1512/1763/989 1489/1760/988 1492/1762/990 1513/1764/991
f 1491/1765/987 1490/1766/986 1493/1767/992 1494/1768/993
f 1513/1764/991 1492/1762/990 1495/1769/994 1514/1770/995
f 1494/1768/993 1493/1767/992 1496/1771/996 1497/1772/997
f 1492/1762/990 1466/1773/954 1495/1769/994
f 1514/1770/995 1495/1769/994 1498/1774/998 1515/1775/999
f 1497/1772/997 1496/1771/996 1499/1776/1000 1500/1777/1001
f 1495/1769/994 1466/1778/954 1498/1774/998
f 1500/1777/1001 1499/1776/1000 1464/1712/950 1465/1711/949
f 1498/1774/998 1466/1779/954 1501/1715/953
f 1515/1775/999 1498/1774/998 1501/1715/953 1516/1718/956
f 1499/1776/1000 1515/1775/999 1516/1718/956 1464/1712/950
f 1496/1771/996 1514/1770/995 1515/1775/999 1499/1776/1000
f 1493/1767/992 1513/1764/991 1514/1770/995 1496/1771/996
f 1490/1766/986 1512/1763/989 1513/1764/991 1493/1767/992
f 1487/1750/982 1511/1754/985 1512/1759/989 1490/1755/986
f 1485/1747/980 1510/1746/979 1511/1754/985 1487/1750/982
f 1483/1742/976 1509/1741/975 1510/1746/979 1485/1747/980
f 1480/1737/972 1508/1736/971 1509/1741/975 1483/1742/976
f 1477/1730/966 1507/1734/969 1508/1736/971 1480/1737/972
f 1474/1725/962 1506/1729/965 1507/1734/969 1477/1730/966
f 1471/1720/958 1505/1724/961 1506/1729/965 1474/1725/962
f 1468/1713/951 1504/1719/957 1505/1724/961 1471/1720/958
f 1464/1712/950 1516/1718/956 1504/1719/957 1468/1713/951
o Cylinder.001_Cylinder.006
v -1.794173 0.014372 1.647955
v -1.869729 0.014372 -1.333076
v -1.768976 -0.079663 1.647955
v -1.834410 -0.117441 -1.333076
v -1.700138 -0.148501 1.647955
v -1.737916 -0.213934 -1.333076
v -1.606104 -0.173697 1.647955
v -1.606104 -0.249253 -1.333076
v -1.512070 -0.148501 1.647955
v -1.474292 -0.213934 -1.333076
v -1.443232 -0.079663 1.647955
v -1.377799 -0.117441 -1.333076
v -1.418035 0.014372 1.647955
v -1.342479 0.014372 -1.333076
v -1.443232 0.108406 1.647955
v -1.377799 0.146184 -1.333076
v -1.512070 0.177244 1.647955
v -1.474292 0.242677 -1.333076
v -1.606104 0.202440 1.647955
v -1.606104 0.277996 -1.333076
v -1.700138 0.177244 1.647955
v -1.737916 0.242677 -1.333076
v -1.768976 0.108406 1.647955
v -1.834410 0.146184 -1.333076
v -1.984411 0.014372 1.481092
v -1.933727 -0.174782 1.481092
v -1.795257 -0.313251 1.481092
v -1.606104 -0.363935 1.481092
v -1.416951 -0.313251 1.481092
v -1.278481 -0.174782 1.481092
v -1.227798 0.014372 1.481092
v -1.278481 0.203525 1.481092
v -1.416951 0.341995 1.481092
v -1.606104 0.392678 1.481092
v -1.795257 0.341995 1.481092
v -1.933727 0.203525 1.481092
v -1.940856 0.014372 -1.274967
v -1.896008 -0.153004 -1.274967
v -1.773480 -0.275532 -1.274967
v -1.606104 -0.320380 -1.274967
v -1.438728 -0.275532 -1.274967
v -1.316200 -0.153004 -1.274967
v -1.271352 0.014372 -1.274967
v -1.316200 0.181748 -1.274967
v -1.438728 0.304275 -1.274967
v -1.606104 0.349124 -1.274967
v -1.773480 0.304276 -1.274967
v -1.896008 0.181748 -1.274967
v -1.984411 0.014372 1.549707
v -1.933727 -0.174782 1.549707
v -1.795257 -0.313251 1.549707
v -1.606104 -0.363935 1.549707
v -1.416951 -0.313251 1.549707
v -1.278481 -0.174782 1.549707
v -1.227798 0.014372 1.549707
v -1.278481 0.203525 1.549707
v -1.416951 0.341995 1.549707
v -1.606104 0.392678 1.549707
v -1.795257 0.341995 1.549707
v -1.933727 0.203525 1.549707
v -1.896008 -0.153004 -1.333076
v -1.940856 0.014372 -1.333076
v -1.773480 -0.275532 -1.333076
v -1.606104 -0.320380 -1.333076
v -1.438728 -0.275532 -1.333076
v -1.316200 -0.153004 -1.333076
v -1.271352 0.014372 -1.333076
v -1.316200 0.181748 -1.333076
v -1.438728 0.304275 -1.333076
v -1.606104 0.349124 -1.333076
v -1.773480 0.304276 -1.333076
v -1.896008 0.181748 -1.333076
v -1.896008 -0.153004 1.443474
v -1.773480 -0.275532 1.443474
v -1.606104 -0.320380 1.443474
v -1.438728 -0.275532 1.443474
v -1.316200 -0.153004 1.443474
v -1.271352 0.014372 1.443474
v -1.316200 0.181748 1.443474
v -1.438728 0.304275 1.443474
v -1.606104 0.349124 1.443474
v -1.773480 0.304276 1.443474
v -1.896008 0.181748 1.443474
v -1.940856 0.014372 1.443474
v -1.940856 0.014372 1.432967
v -1.896008 -0.153004 1.432967
v -1.773480 -0.275532 1.432967
v -1.606104 -0.320380 1.432967
v -1.438728 -0.275532 1.432967
v -1.316200 -0.153004 1.432967
v -1.271352 0.014372 1.432967
v -1.316200 0.181748 1.432967
v -1.438728 0.304275 1.432967
v -1.606104 0.349124 1.432967
v -1.773480 0.304276 1.432967
v -1.896008 0.181748 1.432967
v -1.933727 -0.174782 1.489235
v -1.795257 -0.313251 1.489235
v -1.606104 -0.363935 1.489235
v -1.416951 -0.313251 1.489235
v -1.278481 -0.174782 1.489235
v -1.227798 0.014372 1.489235
v -1.278481 0.203525 1.489235
v -1.416951 0.341995 1.489235
v -1.606104 0.392678 1.489235
v -1.795257 0.341995 1.489235
v -1.933727 0.203525 1.489235
v -1.984411 0.014372 1.489235
v -1.901601 -0.156233 1.449051
v -1.776709 -0.281125 1.449051
v -1.606104 -0.326838 1.449051
v -1.435499 -0.281125 1.449051
v -1.310607 -0.156233 1.449051
v -1.264894 0.014372 1.449051
v -1.310607 0.184977 1.449051
v -1.435499 0.309868 1.449051
v -1.606104 0.355582 1.449051
v -1.776709 0.309868 1.449051
v -1.901601 0.184977 1.449051
v -1.947314 0.014372 1.449051
v -1.928297 -0.171646 1.475676
v -1.792122 -0.307821 1.475676
v -1.606104 -0.357664 1.475676
v -1.420086 -0.307821 1.475676
v -1.283911 -0.171646 1.475676
v -1.234068 0.014372 1.475676
v -1.283911 0.200390 1.475676
v -1.420086 0.336564 1.475676
v -1.606104 0.386408 1.475676
v -1.792122 0.336565 1.475676
v -1.928297 0.200390 1.475676
v -1.978140 0.014372 1.475676
v -1.852194 -0.127709 2.054127
v -1.890265 0.014372 2.054127
v -1.748184 -0.231719 2.054127
v -1.606104 -0.269789 2.054127
v -1.464024 -0.231718 2.054127
v -1.360014 -0.127709 2.054127
v -1.321944 0.014372 2.054127
v -1.360014 0.156452 2.054127
v -1.464024 0.260462 2.054127
v -1.606104 0.298532 2.054127
v -1.748184 0.260462 2.054127
v -1.852194 0.156452 2.054127
v -1.887817 0.014372 2.067239
v -1.850075 -0.126485 2.067239
v -1.746961 -0.229599 2.067239
v -1.606104 -0.267342 2.067239
v -1.465247 -0.229599 2.067239
v -1.362133 -0.126485 2.067239
v -1.324391 0.014372 2.067239
v -1.362133 0.155228 2.067239
v -1.465247 0.258343 2.067239
v -1.606104 0.296085 2.067239
v -1.746961 0.258343 2.067239
v -1.850075 0.155228 2.067239
v -1.874257 0.014372 2.067239
v -1.838331 -0.119705 2.067239
v -1.740180 -0.217855 2.067239
v -1.606104 -0.253781 2.067239
v -1.472028 -0.217855 2.067239
v -1.373877 -0.119705 2.067239
v -1.337951 0.014372 2.067239
v -1.373877 0.148448 2.067239
v -1.472028 0.246599 2.067239
v -1.606104 0.282524 2.067239
v -1.740180 0.246599 2.067239
v -1.838331 0.148448 2.067239
v -1.850332 0.014372 2.067863
v -1.817611 -0.107742 2.067863
v -1.728218 -0.197136 2.067863
v -1.606104 -0.229856 2.067863
v -1.483990 -0.197136 2.067863
v -1.394597 -0.107742 2.067863
v -1.361876 0.014372 2.067863
v -1.394597 0.136485 2.067863
v -1.483990 0.225879 2.067863
v -1.606104 0.258599 2.067863
v -1.728218 0.225879 2.067863
v -1.817611 0.136486 2.067863
v -1.838494 0.014372 2.067863
v -1.807359 -0.101823 2.067863
v -1.722299 -0.186884 2.067863
v -1.606104 -0.218018 2.067863
v -1.489909 -0.186884 2.067863
v -1.404849 -0.101823 2.067863
v -1.373714 0.014372 2.067863
v -1.404849 0.130567 2.067863
v -1.489909 0.215627 2.067863
v -1.606104 0.246761 2.067863
v -1.722299 0.215627 2.067863
v -1.807359 0.130567 2.067863
v -1.653700 -0.013108 -1.485767
v -1.661063 0.014372 -1.485767
v -1.633584 -0.033224 -1.485767
v -1.606104 -0.040587 -1.485767
v -1.578625 -0.033224 -1.485767
v -1.558508 -0.013108 -1.485767
v -1.551145 0.014372 -1.485767
v -1.558508 0.041851 -1.485767
v -1.578625 0.061967 -1.485767
v -1.606104 0.069331 -1.485767
v -1.633584 0.061967 -1.485767
v -1.653700 0.041851 -1.485767
v -1.703520 -0.041871 -1.485767
v -1.718590 0.014372 -1.485767
v -1.662347 -0.083044 -1.485767
v -1.606104 -0.098114 -1.485767
v -1.549861 -0.083044 -1.485767
v -1.508688 -0.041871 -1.485767
v -1.493618 0.014372 -1.485767
v -1.508688 0.070615 -1.485767
v -1.549861 0.111788 -1.485767
v -1.606104 0.126858 -1.485767
v -1.662347 0.111788 -1.485767
v -1.703520 0.070615 -1.485767
v -1.650092 -0.011024 -1.892516
v -1.656897 0.014372 -1.892516
v -1.631500 -0.029616 -1.892516
v -1.606104 -0.036420 -1.892516
v -1.580708 -0.029616 -1.892516
v -1.562117 -0.011024 -1.892516
v -1.555312 0.014372 -1.892516
v -1.562117 0.039768 -1.892516
v -1.580708 0.058360 -1.892516
v -1.606104 0.065164 -1.892516
v -1.631500 0.058360 -1.892516
v -1.650092 0.039768 -1.892516
v -1.665033 0.014372 -1.485767
v -1.657138 -0.015093 -1.485767
v -1.635568 -0.036662 -1.485767
v -1.606104 -0.044557 -1.485767
v -1.576640 -0.036662 -1.485767
v -1.555070 -0.015093 -1.485767
v -1.547176 0.014372 -1.485767
v -1.555070 0.043836 -1.485767
v -1.576640 0.065405 -1.485767
v -1.606104 0.073300 -1.485767
v -1.635568 0.065405 -1.485767
v -1.657138 0.043836 -1.485767
v -1.699129 -0.039336 -1.485767
v -1.659812 -0.078653 -1.485767
v -1.606104 -0.093044 -1.485767
v -1.552396 -0.078653 -1.485767
v -1.513080 -0.039336 -1.485767
v -1.498689 0.014372 -1.485767
v -1.513080 0.068080 -1.485767
v -1.552396 0.107396 -1.485767
v -1.606104 0.121787 -1.485767
v -1.659812 0.107396 -1.485767
v -1.699129 0.068080 -1.485767
v -1.713520 0.014372 -1.485767
v -1.507123 0.071518 -1.483941
v -1.548958 0.113352 -1.483941
v -1.548958 -0.084609 -1.483941
v -1.507123 -0.042775 -1.483941
v -1.705085 0.071518 -1.483941
v -1.720397 0.014372 -1.483941
v -1.705085 -0.042775 -1.483941
v -1.663251 -0.084609 -1.483941
v -1.606104 0.128665 -1.483941
v -1.491811 0.014372 -1.483941
v -1.606104 -0.099921 -1.483941
v -1.663251 0.113352 -1.483941
v -1.475360 0.240826 -1.335235
v -1.379649 -0.116372 -1.335235
v -1.867592 0.014372 -1.335235
v -1.736848 -0.212083 -1.335235
v -1.606104 0.275859 -1.335235
v -1.344617 0.014372 -1.335235
v -1.606104 -0.247116 -1.335235
v -1.736848 0.240827 -1.335235
v -1.379649 0.145115 -1.335235
v -1.475360 -0.212083 -1.335235
v -1.832559 0.145116 -1.335235
v -1.832559 -0.116372 -1.335235
v -1.873312 0.014372 -1.333076
v -1.837513 -0.119232 -1.333076
v -1.739708 -0.217037 -1.333076
v -1.606104 -0.252836 -1.333076
v -1.472500 -0.217037 -1.333076
v -1.374696 -0.119232 -1.333076
v -1.338897 0.014372 -1.333076
v -1.374696 0.147975 -1.333076
v -1.472500 0.245780 -1.333076
v -1.606104 0.281579 -1.333076
v -1.739708 0.245780 -1.333076
v -1.837513 0.147976 -1.333076
v -1.891096 -0.150168 -1.333076
v -1.770644 -0.270620 -1.333076
v -1.606104 -0.314708 -1.333076
v -1.441564 -0.270620 -1.333076
v -1.321113 -0.150168 -1.333076
v -1.277025 0.014372 -1.333076
v -1.321113 0.178912 -1.333076
v -1.441564 0.299363 -1.333076
v -1.606104 0.343451 -1.333076
v -1.770644 0.299363 -1.333076
v -1.891096 0.178912 -1.333076
v -1.935184 0.014372 -1.333076
v -1.653700 -0.013107 -1.892516
v -1.661063 0.014372 -1.892516
v -1.633584 -0.033224 -1.892516
v -1.606104 -0.040587 -1.892516
v -1.578625 -0.033224 -1.892516
v -1.558509 -0.013107 -1.892516
v -1.551145 0.014372 -1.892516
v -1.558509 0.041851 -1.892516
v -1.578625 0.061968 -1.892516
v -1.606104 0.069331 -1.892516
v -1.633584 0.061968 -1.892516
v -1.653700 0.041851 -1.892516
v -1.578625 0.061968 -1.886036
v -1.606104 0.069331 -1.886036
v -1.558509 -0.013107 -1.886036
v -1.551145 0.014372 -1.886036
v -1.633584 -0.033224 -1.886036
v -1.606104 -0.040587 -1.886036
v -1.633584 0.061968 -1.886036
v -1.558509 0.041851 -1.886036
v -1.578625 -0.033224 -1.886036
v -1.653700 0.041851 -1.886036
v -1.661063 0.014372 -1.886036
v -1.653700 -0.013107 -1.886036
v -1.606104 0.069331 -1.490781
v -1.551145 0.014372 -1.490781
v -1.606104 -0.040587 -1.490781
v -1.633584 0.061967 -1.490781
v -1.558508 0.041851 -1.490781
v -1.578625 -0.033224 -1.490781
v -1.653700 0.041851 -1.490781
v -1.653700 -0.013108 -1.490781
v -1.578625 0.061967 -1.490781
v -1.558508 -0.013108 -1.490781
v -1.633584 -0.033224 -1.490781
v -1.661063 0.014372 -1.490781
v -1.769464 -0.079945 1.678506
v -1.794737 0.014372 1.678506
v -1.700420 -0.148989 1.678506
v -1.606104 -0.174261 1.678506
v -1.511788 -0.148989 1.678506
v -1.442744 -0.079945 1.678506
v -1.417472 0.014372 1.678506
v -1.442744 0.108688 1.678506
v -1.511788 0.177732 1.678506
v -1.606104 0.203004 1.678506
v -1.700420 0.177732 1.678506
v -1.769464 0.108688 1.678506
v -1.838274 0.014372 2.055974
v -1.807169 -0.101714 2.055974
v -1.722189 -0.186694 2.055974
v -1.606104 -0.217799 2.055974
v -1.490019 -0.186694 2.055974
v -1.405038 -0.101714 2.055974
v -1.373934 0.014372 2.055974
v -1.405039 0.130457 2.055974
v -1.490019 0.215437 2.055974
v -1.606104 0.246542 2.055974
v -1.722189 0.215437 2.055974
v -1.807169 0.130457 2.055974
v 1.794173 0.014372 1.647955
v 1.869729 0.014372 -1.333076
v 1.768976 -0.079663 1.647955
v 1.834410 -0.117441 -1.333076
v 1.700139 -0.148501 1.647955
v 1.737917 -0.213934 -1.333076
v 1.606104 -0.173697 1.647955
v 1.606104 -0.249253 -1.333076
v 1.512070 -0.148501 1.647955
v 1.474292 -0.213934 -1.333076
v 1.443232 -0.079663 1.647955
v 1.377799 -0.117441 -1.333076
v 1.418035 0.014372 1.647955
v 1.342480 0.014372 -1.333076
v 1.443232 0.108406 1.647955
v 1.377799 0.146184 -1.333076
v 1.512070 0.177244 1.647955
v 1.474292 0.242677 -1.333076
v 1.606104 0.202440 1.647955
v 1.606104 0.277996 -1.333076
v 1.700139 0.177244 1.647955
v 1.737917 0.242677 -1.333076
v 1.768976 0.108406 1.647955
v 1.834410 0.146184 -1.333076
v 1.984411 0.014372 1.481091
v 1.933727 -0.174782 1.481091
v 1.795257 -0.313251 1.481091
v 1.606104 -0.363935 1.481091
v 1.416951 -0.313251 1.481091
v 1.278481 -0.174782 1.481091
v 1.227798 0.014372 1.481091
v 1.278481 0.203525 1.481091
v 1.416951 0.341995 1.481091
v 1.606104 0.392678 1.481091
v 1.795257 0.341995 1.481091
v 1.933727 0.203525 1.481091
v 1.940857 0.014372 -1.274967
v 1.896008 -0.153004 -1.274967
v 1.773480 -0.275532 -1.274967
v 1.606104 -0.320380 -1.274967
v 1.438728 -0.275532 -1.274967
v 1.316201 -0.153004 -1.274967
v 1.271352 0.014372 -1.274967
v 1.316201 0.181748 -1.274967
v 1.438728 0.304275 -1.274967
v 1.606104 0.349124 -1.274967
v 1.773480 0.304276 -1.274967
v 1.896008 0.181748 -1.274967
v 1.984411 0.014372 1.549707
v 1.933727 -0.174782 1.549707
v 1.795257 -0.313251 1.549707
v 1.606104 -0.363935 1.549707
v 1.416951 -0.313251 1.549707
v 1.278481 -0.174782 1.549707
v 1.227798 0.014372 1.549707
v 1.278481 0.203525 1.549707
v 1.416951 0.341995 1.549707
v 1.606104 0.392678 1.549707
v 1.795257 0.341995 1.549707
v 1.933727 0.203525 1.549707
v 1.896008 -0.153004 -1.333076
v 1.940857 0.014372 -1.333076
v 1.773480 -0.275532 -1.333076
v 1.606104 -0.320380 -1.333076
v 1.438728 -0.275532 -1.333076
v 1.316201 -0.153004 -1.333076
v 1.271352 0.014372 -1.333076
v 1.316201 0.181748 -1.333076
v 1.438728 0.304275 -1.333076
v 1.606104 0.349124 -1.333076
v 1.773480 0.304276 -1.333076
v 1.896008 0.181748 -1.333076
v 1.896008 -0.153004 1.443474
v 1.773480 -0.275532 1.443474
v 1.606104 -0.320380 1.443474
v 1.438728 -0.275532 1.443474
v 1.316200 -0.153004 1.443474
v 1.271352 0.014372 1.443474
v 1.316200 0.181748 1.443474
v 1.438728 0.304275 1.443474
v 1.606104 0.349124 1.443474
v 1.773480 0.304276 1.443474
v 1.896008 0.181748 1.443474
v 1.940856 0.014372 1.443474
v 1.940856 0.014372 1.432967
v 1.896008 -0.153004 1.432967
v 1.773480 -0.275532 1.432967
v 1.606104 -0.320380 1.432967
v 1.438728 -0.275532 1.432967
v 1.316200 -0.153004 1.432967
v 1.271352 0.014372 1.432967
v 1.316200 0.181748 1.432967
v 1.438728 0.304275 1.432967
v 1.606104 0.349124 1.432967
v 1.773480 0.304276 1.432967
v 1.896008 0.181748 1.432967
v 1.933727 -0.174782 1.489235
v 1.795257 -0.313251 1.489235
v 1.606104 -0.363935 1.489235
v 1.416951 -0.313251 1.489235
v 1.278481 -0.174782 1.489235
v 1.227798 0.014372 1.489235
v 1.278481 0.203525 1.489235
v 1.416951 0.341995 1.489235
v 1.606104 0.392678 1.489235
v 1.795257 0.341995 1.489235
v 1.933727 0.203525 1.489235
v 1.984411 0.014372 1.489235
v 1.901601 -0.156233 1.449051
v 1.776709 -0.281125 1.449051
v 1.606104 -0.326838 1.449051
v 1.435499 -0.281125 1.449051
v 1.310608 -0.156233 1.449051
v 1.264894 0.014372 1.449051
v 1.310608 0.184977 1.449051
v 1.435499 0.309868 1.449051
v 1.606104 0.355582 1.449051
v 1.776709 0.309868 1.449051
v 1.901601 0.184977 1.449051
v 1.947314 0.014372 1.449051
v 1.928297 -0.171646 1.475676
v 1.792122 -0.307821 1.475676
v 1.606104 -0.357665 1.475676
v 1.420086 -0.307821 1.475676
v 1.283911 -0.171646 1.475676
v 1.234068 0.014372 1.475676
v 1.283911 0.200390 1.475676
v 1.420086 0.336564 1.475676
v 1.606104 0.386408 1.475676
v 1.792122 0.336565 1.475676
v 1.928297 0.200390 1.475676
v 1.978141 0.014372 1.475676
v 1.852194 -0.127709 2.054127
v 1.890265 0.014372 2.054127
v 1.748184 -0.231719 2.054127
v 1.606104 -0.269789 2.054127
v 1.464024 -0.231718 2.054127
v 1.360014 -0.127709 2.054127
v 1.321944 0.014372 2.054127
v 1.360014 0.156452 2.054127
v 1.464024 0.260462 2.054127
v 1.606104 0.298532 2.054127
v 1.748184 0.260462 2.054127
v 1.852194 0.156452 2.054127
v 1.887817 0.014372 2.067239
v 1.850075 -0.126485 2.067239
v 1.746961 -0.229599 2.067239
v 1.606104 -0.267342 2.067239
v 1.465247 -0.229599 2.067239
v 1.362133 -0.126485 2.067239
v 1.324391 0.014372 2.067239
v 1.362133 0.155228 2.067239
v 1.465247 0.258343 2.067239
v 1.606104 0.296085 2.067239
v 1.746961 0.258343 2.067239
v 1.850075 0.155229 2.067239
v 1.874257 0.014372 2.067239
v 1.838331 -0.119705 2.067239
v 1.740181 -0.217855 2.067239
v 1.606104 -0.253781 2.067239
v 1.472028 -0.217855 2.067239
v 1.373877 -0.119705 2.067239
v 1.337952 0.014372 2.067239
v 1.373877 0.148448 2.067239
v 1.472028 0.246599 2.067239
v 1.606104 0.282524 2.067239
v 1.740181 0.246599 2.067239
v 1.838331 0.148448 2.067239
v 1.850332 0.014372 2.067863
v 1.817611 -0.107742 2.067863
v 1.728218 -0.197136 2.067863
v 1.606104 -0.229856 2.067863
v 1.483990 -0.197136 2.067863
v 1.394597 -0.107742 2.067863
v 1.361877 0.014372 2.067863
v 1.394597 0.136485 2.067863
v 1.483990 0.225879 2.067863
v 1.606104 0.258599 2.067863
v 1.728218 0.225879 2.067863
v 1.817611 0.136486 2.067863
v 1.838494 0.014372 2.067863
v 1.807359 -0.101823 2.067863
v 1.722299 -0.186884 2.067863
v 1.606104 -0.218018 2.067863
v 1.489909 -0.186884 2.067863
v 1.404849 -0.101823 2.067863
v 1.373715 0.014372 2.067863
v 1.404849 0.130567 2.067863
v 1.489909 0.215627 2.067863
v 1.606104 0.246761 2.067863
v 1.722299 0.215627 2.067863
v 1.807359 0.130567 2.067863
v 1.653700 -0.013108 -1.485767
v 1.661063 0.014372 -1.485767
v 1.633584 -0.033224 -1.485767
v 1.606104 -0.040587 -1.485767
v 1.578625 -0.033224 -1.485767
v 1.558509 -0.013108 -1.485767
v 1.551146 0.014372 -1.485767
v 1.558509 0.041851 -1.485767
v 1.578625 0.061967 -1.485767
v 1.606104 0.069331 -1.485767
v 1.633584 0.061967 -1.485767
v 1.653700 0.041851 -1.485767
v 1.703520 -0.041871 -1.485767
v 1.718591 0.014372 -1.485767
v 1.662348 -0.083044 -1.485767
v 1.606104 -0.098114 -1.485767
v 1.549861 -0.083044 -1.485767
v 1.508688 -0.041871 -1.485767
v 1.493618 0.014372 -1.485767
v 1.508688 0.070615 -1.485767
v 1.549861 0.111788 -1.485767
v 1.606104 0.126858 -1.485767
v 1.662348 0.111788 -1.485767
v 1.703520 0.070615 -1.485767
v 1.650092 -0.011024 -1.892516
v 1.656897 0.014372 -1.892516
v 1.631500 -0.029616 -1.892516
v 1.606104 -0.036420 -1.892516
v 1.580708 -0.029616 -1.892516
v 1.562117 -0.011024 -1.892516
v 1.555312 0.014372 -1.892516
v 1.562117 0.039768 -1.892516
v 1.580708 0.058360 -1.892516
v 1.606104 0.065164 -1.892516
v 1.631500 0.058360 -1.892516
v 1.650092 0.039768 -1.892516
v 1.665033 0.014372 -1.485767
v 1.657138 -0.015093 -1.485767
v 1.635569 -0.036662 -1.485767
v 1.606104 -0.044557 -1.485767
v 1.576640 -0.036662 -1.485767
v 1.555071 -0.015093 -1.485767
v 1.547176 0.014372 -1.485767
v 1.555071 0.043836 -1.485767
v 1.576640 0.065405 -1.485767
v 1.606104 0.073300 -1.485767
v 1.635569 0.065405 -1.485767
v 1.657138 0.043836 -1.485767
v 1.699129 -0.039336 -1.485767
v 1.659812 -0.078653 -1.485767
v 1.606104 -0.093044 -1.485767
v 1.552397 -0.078653 -1.485767
v 1.513080 -0.039336 -1.485767
v 1.498689 0.014372 -1.485767
v 1.513080 0.068080 -1.485767
v 1.552397 0.107396 -1.485767
v 1.606104 0.121787 -1.485767
v 1.659812 0.107396 -1.485767
v 1.699129 0.068080 -1.485767
v 1.713520 0.014372 -1.485767
v 1.507124 0.071518 -1.483941
v 1.548958 0.113352 -1.483941
v 1.548958 -0.084609 -1.483941
v 1.507124 -0.042775 -1.483941
v 1.705085 0.071518 -1.483941
v 1.720398 0.014372 -1.483941
v 1.705085 -0.042775 -1.483941
v 1.663251 -0.084609 -1.483941
v 1.606104 0.128665 -1.483941
v 1.491811 0.014372 -1.483941
v 1.606104 -0.099921 -1.483941
v 1.663251 0.113352 -1.483941
v 1.475361 0.240826 -1.335235
v 1.379650 -0.116372 -1.335235
v 1.867592 0.014372 -1.335235
v 1.736848 -0.212083 -1.335235
v 1.606104 0.275859 -1.335235
v 1.344617 0.014372 -1.335235
v 1.606104 -0.247116 -1.335235
v 1.736848 0.240827 -1.335235
v 1.379650 0.145115 -1.335235
v 1.475361 -0.212083 -1.335235
v 1.832559 0.145116 -1.335235
v 1.832559 -0.116372 -1.335235
v 1.873312 0.014372 -1.333076
v 1.837513 -0.119232 -1.333076
v 1.739708 -0.217037 -1.333076
v 1.606104 -0.252836 -1.333076
v 1.472501 -0.217037 -1.333076
v 1.374696 -0.119232 -1.333076
v 1.338897 0.014372 -1.333076
v 1.374696 0.147976 -1.333076
v 1.472501 0.245780 -1.333076
v 1.606104 0.281579 -1.333076
v 1.739708 0.245780 -1.333076
v 1.837513 0.147976 -1.333076
v 1.891096 -0.150168 -1.333076
v 1.770644 -0.270620 -1.333076
v 1.606104 -0.314708 -1.333076
v 1.441565 -0.270620 -1.333076
v 1.321113 -0.150168 -1.333076
v 1.277025 0.014372 -1.333076
v 1.321113 0.178912 -1.333076
v 1.441565 0.299363 -1.333076
v 1.606104 0.343451 -1.333076
v 1.770644 0.299363 -1.333076
v 1.891096 0.178912 -1.333076
v 1.935184 0.014372 -1.333076
v 1.653700 -0.013107 -1.892516
v 1.661063 0.014372 -1.892516
v 1.633584 -0.033224 -1.892516
v 1.606104 -0.040587 -1.892516
v 1.578625 -0.033224 -1.892516
v 1.558509 -0.013107 -1.892516
v 1.551146 0.014372 -1.892516
v 1.558509 0.041851 -1.892516
v 1.578625 0.061968 -1.892516
v 1.606104 0.069331 -1.892516
v 1.633584 0.061968 -1.892516
v 1.653700 0.041851 -1.892516
v 1.578625 0.061968 -1.886036
v 1.606104 0.069331 -1.886036
v 1.558509 -0.013107 -1.886036
v 1.551146 0.014372 -1.886036
v 1.633584 -0.033224 -1.886036
v 1.606104 -0.040587 -1.886036
v 1.633584 0.061968 -1.886036
v 1.558509 0.041851 -1.886036
v 1.578625 -0.033224 -1.886036
v 1.653700 0.041851 -1.886036
v 1.661063 0.014372 -1.886036
v 1.653700 -0.013107 -1.886036
v 1.606104 0.069331 -1.490780
v 1.551146 0.014372 -1.490780
v 1.606104 -0.040587 -1.490780
v 1.633584 0.061967 -1.490780
v 1.558509 0.041851 -1.490780
v 1.578625 -0.033224 -1.490780
v 1.653700 0.041851 -1.490780
v 1.653700 -0.013108 -1.490780
v 1.578625 0.061967 -1.490780
v 1.558509 -0.013108 -1.490780
v 1.633584 -0.033224 -1.490780
v 1.661063 0.014372 -1.490780
v 1.769464 -0.079945 1.678506
v 1.794737 0.014372 1.678506
v 1.700420 -0.148989 1.678506
v 1.606104 -0.174261 1.678506
v 1.511788 -0.148989 1.678506
v 1.442744 -0.079945 1.678506
v 1.417472 0.014372 1.678506
v 1.442744 0.108688 1.678506
v 1.511788 0.177732 1.678506
v 1.606104 0.203004 1.678506
v 1.700420 0.177732 1.678506
v 1.769464 0.108688 1.678506
v 1.838274 0.014372 2.055974
v 1.807170 -0.101714 2.055974
v 1.722189 -0.186694 2.055974
v 1.606104 -0.217799 2.055974
v 1.490019 -0.186694 2.055974
v 1.405039 -0.101714 2.055974
v 1.373934 0.014372 2.055974
v 1.405039 0.130457 2.055974
v 1.490019 0.215437 2.055974
v 1.606104 0.246542 2.055974
v 1.722189 0.215437 2.055974
v 1.807170 0.130457 2.055974
vt 1.000000 0.990616
vt 1.000000 1.000000
vt 0.916667 1.000000
vt 0.916667 0.990616
vt 0.833333 1.000000
vt 0.833333 0.990616
vt 0.750000 1.000000
vt 0.750000 0.990616
vt 0.666667 1.000000
vt 0.666667 0.990616
vt 0.583333 1.000000
vt 0.583333 0.990616
vt 0.500000 1.000000
vt 0.500000 0.990616
vt 0.416667 1.000000
vt 0.416667 0.990616
vt 0.333333 1.000000
vt 0.333333 0.990616
vt 0.250000 1.000000
vt 0.250000 0.990616
vt 0.166667 1.000000
vt 0.166667 0.990616
vt 0.086317 0.155497
vt 0.155497 0.086317
vt 0.155497 0.086317
vt 0.086317 0.155497
vt 0.083333 1.000000
vt 0.083333 0.990616
vt 0.000000 1.000000
vt 0.000000 0.990616
vt 1.000000 0.519615
vt 0.916667 0.519615
vt 0.250000 0.485933
vt 0.367967 0.454324
vt 0.370000 0.457846
vt 0.250000 0.490000
vt 0.454324 0.367967
vt 0.457846 0.370000
vt 0.485933 0.250000
vt 0.490000 0.250000
vt 0.454324 0.132033
vt 0.457846 0.130000
vt 0.367967 0.045676
vt 0.370000 0.042154
vt 0.250000 0.014067
vt 0.250000 0.010000
vt 0.132033 0.045676
vt 0.130000 0.042154
vt 0.045676 0.132033
vt 0.042154 0.130000
vt 0.014067 0.250000
vt 0.010000 0.250000
vt 0.045676 0.367967
vt 0.042154 0.370000
vt 0.132033 0.454324
vt 0.130000 0.457846
vt 1.000000 0.516763
vt 1.000000 0.517752
vt 0.916667 0.517752
vt 0.916667 0.516763
vt 0.833333 0.517752
vt 0.833333 0.516762
vt 0.750000 0.517752
vt 0.750000 0.516763
vt 0.666667 0.517752
vt 0.666667 0.516762
vt 0.583333 0.517752
vt 0.583333 0.516762
vt 0.500000 0.517752
vt 0.500000 0.516763
vt 0.416667 0.517752
vt 0.416667 0.516763
vt 0.333333 0.517752
vt 0.333333 0.516763
vt 0.250000 0.517752
vt 0.250000 0.516762
vt 0.166667 0.517752
vt 0.166667 0.516762
vt 0.083333 0.517752
vt 0.083333 0.516762
vt 0.000000 0.517752
vt 0.000000 0.516763
vt 0.833333 0.519615
vt 0.750000 0.519615
vt 0.666667 0.519615
vt 0.583333 0.519615
vt 0.500000 0.519615
vt 0.416667 0.519615
vt 0.333333 0.519615
vt 0.250000 0.519615
vt 0.166667 0.519615
vt 0.083333 0.519615
vt 0.000000 0.519615
vt 0.344503 0.086317
vt 0.413683 0.155497
vt 0.413683 0.155497
vt 0.344503 0.086317
vt 0.250000 0.439005
vt 0.155497 0.413683
vt 0.155497 0.413683
vt 0.250000 0.439005
vt 0.413683 0.344503
vt 0.344503 0.413683
vt 0.344503 0.413683
vt 0.413683 0.344503
vt 0.060995 0.250000
vt 0.060995 0.250000
vt 0.250000 0.060995
vt 0.250000 0.060995
vt 0.439005 0.250000
vt 0.439005 0.250000
vt 0.086316 0.344503
vt 0.086316 0.344503
vt 0.250000 0.430486
vt 0.340243 0.406305
vt 0.406305 0.340243
vt 0.430486 0.250000
vt 0.406305 0.159757
vt 0.340243 0.093695
vt 0.250000 0.069514
vt 0.159757 0.093695
vt 0.093695 0.159757
vt 0.069514 0.250000
vt 0.093695 0.340243
vt 0.159757 0.406305
vt 0.203827 0.329973
vt 0.250000 0.342345
vt 0.250000 0.349015
vt 0.200492 0.335750
vt 0.170027 0.296172
vt 0.164250 0.299508
vt 0.157655 0.250000
vt 0.150985 0.250000
vt 0.170027 0.203828
vt 0.164250 0.200492
vt 0.203828 0.170027
vt 0.200492 0.164250
vt 0.250000 0.157655
vt 0.250000 0.150985
vt 0.296172 0.170027
vt 0.299508 0.164250
vt 0.329973 0.203828
vt 0.335750 0.200492
vt 0.342345 0.250000
vt 0.349015 0.250000
vt 0.329973 0.296172
vt 0.335750 0.299508
vt 0.296172 0.329973
vt 0.299508 0.335750
vt 0.344503 0.413683
vt 0.250000 0.439005
vt 0.155497 0.413683
vt 0.086316 0.344503
vt 0.413683 0.155497
vt 0.439005 0.250000
vt 0.155497 0.086317
vt 0.250000 0.060995
vt 0.060995 0.250000
vt 0.413683 0.344503
vt 0.344503 0.086317
vt 0.086317 0.155497
vt 0.086317 0.155497
vt 0.155497 0.086317
vt 0.344503 0.086317
vt 0.413683 0.155497
vt 0.250000 0.439005
vt 0.155497 0.413683
vt 0.413683 0.344503
vt 0.344503 0.413683
vt 0.060995 0.250000
vt 0.250000 0.060995
vt 0.439005 0.250000
vt 0.086316 0.344503
vt 0.250000 0.441574
vt 0.154213 0.415908
vt 0.084092 0.345787
vt 0.058426 0.250000
vt 0.084092 0.154213
vt 0.154213 0.084092
vt 0.250000 0.058426
vt 0.345787 0.084092
vt 0.415908 0.154213
vt 0.441574 0.250000
vt 0.415908 0.345787
vt 0.345787 0.415908
vt 1.000000 0.990616
vt 0.916667 0.990616
vt 0.916667 1.000000
vt 1.000000 1.000000
vt 0.833333 0.990616
vt 0.833333 1.000000
vt 0.750000 0.990616
vt 0.750000 1.000000
vt 0.666667 0.990616
vt 0.666667 1.000000
vt 0.583333 0.990616
vt 0.583333 1.000000
vt 0.500000 0.990616
vt 0.500000 1.000000
vt 0.416667 0.990616
vt 0.416667 1.000000
vt 0.333333 0.990616
vt 0.333333 1.000000
vt 0.250000 0.990616
vt 0.250000 1.000000
vt 0.166667 0.990616
vt 0.166667 1.000000
vt 0.086317 0.155497
vt 0.086317 0.155497
vt 0.155497 0.086317
vt 0.155497 0.086317
vt 0.083333 0.990616
vt 0.083333 1.000000
vt 0.000000 0.990616
vt 0.000000 1.000000
vt 1.000000 0.519615
vt 0.916667 0.519615
vt 0.250000 0.485933
vt 0.250000 0.490000
vt 0.370000 0.457846
vt 0.367967 0.454324
vt 0.457846 0.370000
vt 0.454324 0.367967
vt 0.490000 0.250000
vt 0.485933 0.250000
vt 0.457846 0.130000
vt 0.454324 0.132033
vt 0.370000 0.042154
vt 0.367967 0.045676
vt 0.250000 0.010000
vt 0.250000 0.014067
vt 0.130000 0.042154
vt 0.132033 0.045676
vt 0.042154 0.130000
vt 0.045676 0.132033
vt 0.010000 0.250000
vt 0.014067 0.250000
vt 0.042154 0.370000
vt 0.045676 0.367967
vt 0.130000 0.457846
vt 0.132033 0.454324
vt 1.000000 0.516763
vt 0.916667 0.516763
vt 0.916667 0.517752
vt 1.000000 0.517752
vt 0.833333 0.516762
vt 0.833333 0.517752
vt 0.750000 0.516763
vt 0.750000 0.517752
vt 0.666667 0.516762
vt 0.666667 0.517752
vt 0.583333 0.516762
vt 0.583333 0.517752
vt 0.500000 0.516763
vt 0.500000 0.517752
vt 0.416667 0.516763
vt 0.416667 0.517752
vt 0.333333 0.516763
vt 0.333333 0.517752
vt 0.250000 0.516762
vt 0.250000 0.517752
vt 0.166667 0.516762
vt 0.166667 0.517752
vt 0.083333 0.516762
vt 0.083333 0.517752
vt 0.000000 0.516763
vt 0.000000 0.517752
vt 0.833333 0.519615
vt 0.750000 0.519615
vt 0.666667 0.519615
vt 0.583333 0.519615
vt 0.500000 0.519615
vt 0.416667 0.519615
vt 0.333333 0.519615
vt 0.250000 0.519615
vt 0.166667 0.519615
vt 0.083333 0.519615
vt 0.000000 0.519615
vt 0.344503 0.086317
vt 0.344503 0.086317
vt 0.413683 0.155497
vt 0.413683 0.155497
vt 0.250000 0.439005
vt 0.250000 0.439005
vt 0.155497 0.413683
vt 0.155497 0.413683
vt 0.413683 0.344503
vt 0.413683 0.344503
vt 0.344503 0.413683
vt 0.344503 0.413683
vt 0.060995 0.250000
vt 0.060995 0.250000
vt 0.250000 0.060995
vt 0.250000 0.060995
vt 0.439005 0.250000
vt 0.439005 0.250000
vt 0.086316 0.344503
vt 0.086316 0.344503
vt 0.250000 0.430486
vt 0.340243 0.406305
vt 0.406305 0.340243
vt 0.430486 0.250000
vt 0.406305 0.159757
vt 0.340243 0.093695
vt 0.250000 0.069514
vt 0.159757 0.093695
vt 0.093695 0.159757
vt 0.069514 0.250000
vt 0.093695 0.340243
vt 0.159757 0.406305
vt 0.203827 0.329973
vt 0.200492 0.335750
vt 0.250000 0.349015
vt 0.250000 0.342345
vt 0.170027 0.296172
vt 0.164250 0.299508
vt 0.157655 0.250000
vt 0.150985 0.250000
vt 0.170027 0.203828
vt 0.164250 0.200492
vt 0.203828 0.170027
vt 0.200492 0.164250
vt 0.250000 0.157655
vt 0.250000 0.150985
vt 0.296172 0.170027
vt 0.299508 0.164250
vt 0.329973 0.203828
vt 0.335750 0.200492
vt 0.342345 0.250000
vt 0.349015 0.250000
vt 0.329973 0.296172
vt 0.335750 0.299508
vt 0.296172 0.329973
vt 0.299508 0.335750
vt 0.344503 0.413683
vt 0.250000 0.439005
vt 0.155497 0.413683
vt 0.086316 0.344503
vt 0.413683 0.155497
vt 0.439005 0.250000
vt 0.155497 0.086317
vt 0.250000 0.060995
vt 0.060995 0.250000
vt 0.413683 0.344503
vt 0.344503 0.086317
vt 0.086317 0.155497
vt 0.086317 0.155497
vt 0.155497 0.086317
vt 0.344503 0.086317
vt 0.413683 0.155497
vt 0.250000 0.439005
vt 0.155497 0.413683
vt 0.413683 0.344503
vt 0.344503 0.413683
vt 0.060995 0.250000
vt 0.250000 0.060995
vt 0.439005 0.250000
vt 0.086316 0.344503
vt 0.154213 0.415908
vt 0.250000 0.441574
vt 0.084092 0.345787
vt 0.058426 0.250000
vt 0.084092 0.154213
vt 0.154213 0.084092
vt 0.250000 0.058426
vt 0.345787 0.084092
vt 0.415908 0.154213
vt 0.441574 0.250000
vt 0.415908 0.345787
vt 0.345787 0.415908
vt 0.851469 0.425749
vt 0.750000 0.452937
vt 0.750000 0.490000
vt 0.870000 0.457846
vt 0.925749 0.351469
vt 0.957846 0.370000
vt 0.952937 0.250000
vt 0.990000 0.250000
vt 0.925749 0.148531
vt 0.957846 0.130000
vt 0.851469 0.074251
vt 0.870000 0.042154
vt 0.750000 0.047063
vt 0.750000 0.010000
vt 0.648531 0.074251
vt 0.630000 0.042154
vt 0.574251 0.148531
vt 0.542154 0.130000
vt 0.547063 0.250000
vt 0.510000 0.250000
vt 0.574251 0.351469
vt 0.542154 0.370000
vt 0.648531 0.425749
vt 0.630000 0.457846
vt 0.083333 0.512041
vt 0.000000 0.512041
vt 0.166667 0.512041
vt 0.250000 0.512041
vt 0.333333 0.512041
vt 0.416667 0.512041
vt 0.500000 0.512041
vt 0.583333 0.512041
vt 0.666667 0.512041
vt 0.750000 0.512041
vt 0.833333 0.512041
vt 0.916667 0.512041
vt 1.000000 0.512041
vt 0.750000 0.451974
vt 0.649013 0.424915
vt 0.575085 0.350987
vt 0.548026 0.250000
vt 0.575085 0.149013
vt 0.649013 0.075085
vt 0.750000 0.048026
vt 0.850987 0.075085
vt 0.924915 0.149013
vt 0.951974 0.250000
vt 0.924915 0.350987
vt 0.850987 0.424914
vt 0.846126 0.416495
vt 0.750000 0.442252
vt 0.916495 0.346126
vt 0.942252 0.250000
vt 0.916495 0.153874
vt 0.846126 0.083505
vt 0.750000 0.057748
vt 0.653874 0.083505
vt 0.583505 0.153874
vt 0.557748 0.250000
vt 0.583505 0.346126
vt 0.653874 0.416495
vt 0.823774 0.377780
vt 0.750000 0.397548
vt 0.877780 0.323774
vt 0.897548 0.250000
vt 0.877780 0.176226
vt 0.823774 0.122220
vt 0.750000 0.102452
vt 0.676226 0.122220
vt 0.622220 0.176226
vt 0.602452 0.250000
vt 0.622220 0.323774
vt 0.676226 0.377780
vt 0.820198 0.371586
vt 0.750000 0.390396
vt 0.871586 0.320198
vt 0.890396 0.250000
vt 0.871586 0.179802
vt 0.820198 0.128413
vt 0.750000 0.109604
vt 0.679802 0.128413
vt 0.628413 0.179802
vt 0.609604 0.250000
vt 0.628413 0.320198
vt 0.679802 0.371586
vt 0.820132 0.371472
vt 0.750000 0.390263
vt 0.871472 0.320132
vt 0.890264 0.250000
vt 0.871472 0.179868
vt 0.820132 0.128528
vt 0.750000 0.109736
vt 0.679868 0.128528
vt 0.628528 0.179868
vt 0.609736 0.250000
vt 0.628528 0.320132
vt 0.679868 0.371472
vt 0.750000 0.384836
vt 0.682582 0.366771
vt 0.682380 0.367121
vt 0.750000 0.385240
vt 0.633229 0.317418
vt 0.632879 0.317620
vt 0.615164 0.250000
vt 0.614760 0.250000
vt 0.633229 0.182582
vt 0.632879 0.182380
vt 0.682582 0.133229
vt 0.682380 0.132879
vt 0.750000 0.115164
vt 0.750000 0.114760
vt 0.817418 0.133229
vt 0.817620 0.132879
vt 0.866771 0.182582
vt 0.867121 0.182380
vt 0.884836 0.250000
vt 0.885240 0.250000
vt 0.866771 0.317418
vt 0.867121 0.317620
vt 0.817418 0.366771
vt 0.817620 0.367121
vt 0.851469 0.425749
vt 0.870000 0.457846
vt 0.750000 0.490000
vt 0.750000 0.452937
vt 0.925749 0.351469
vt 0.957846 0.370000
vt 0.952937 0.250000
vt 0.990000 0.250000
vt 0.925749 0.148531
vt 0.957846 0.130000
vt 0.851469 0.074251
vt 0.870000 0.042154
vt 0.750000 0.047063
vt 0.750000 0.010000
vt 0.648531 0.074251
vt 0.630000 0.042154
vt 0.574251 0.148531
vt 0.542154 0.130000
vt 0.547063 0.250000
vt 0.510000 0.250000
vt 0.574251 0.351469
vt 0.542154 0.370000
vt 0.648531 0.425749
vt 0.630000 0.457846
vt 0.083333 0.512041
vt 0.000000 0.512041
vt 0.166667 0.512041
vt 0.250000 0.512041
vt 0.333333 0.512041
vt 0.416667 0.512041
vt 0.500000 0.512041
vt 0.583333 0.512041
vt 0.666667 0.512041
vt 0.750000 0.512041
vt 0.833333 0.512041
vt 0.916667 0.512041
vt 1.000000 0.512041
vt 0.750000 0.451974
vt 0.649013 0.424915
vt 0.575085 0.350987
vt 0.548026 0.250000
vt 0.575085 0.149013
vt 0.649013 0.075085
vt 0.750000 0.048026
vt 0.850987 0.075085
vt 0.924915 0.149013
vt 0.951974 0.250000
vt 0.924915 0.350987
vt 0.850987 0.424914
vt 0.846126 0.416495
vt 0.750000 0.442252
vt 0.916495 0.346126
vt 0.942252 0.250000
vt 0.916495 0.153874
vt 0.846126 0.083505
vt 0.750000 0.057748
vt 0.653874 0.083505
vt 0.583505 0.153874
vt 0.557748 0.250000
vt 0.583505 0.346126
vt 0.653874 0.416495
vt 0.823774 0.377780
vt 0.750000 0.397548
vt 0.877780 0.323774
vt 0.897548 0.250000
vt 0.877780 0.176226
vt 0.823774 0.122220
vt 0.750000 0.102452
vt 0.676226 0.122220
vt 0.622220 0.176226
vt 0.602452 0.250000
vt 0.622220 0.323774
vt 0.676226 0.377780
vt 0.820198 0.371586
vt 0.750000 0.390396
vt 0.871586 0.320198
vt 0.890396 0.250000
vt 0.871586 0.179802
vt 0.820198 0.128413
vt 0.750000 0.109604
vt 0.679802 0.128413
vt 0.628413 0.179802
vt 0.609604 0.250000
vt 0.628413 0.320198
vt 0.679802 0.371586
vt 0.820132 0.371472
vt 0.750000 0.390263
vt 0.871472 0.320132
vt 0.890264 0.250000
vt 0.871472 0.179868
vt 0.820132 0.128528
vt 0.750000 0.109736
vt 0.679868 0.128528
vt 0.628528 0.179868
vt 0.609736 0.250000
vt 0.628528 0.320132
vt 0.679868 0.371472
vt 0.750000 0.384836
vt 0.750000 0.385240
vt 0.682380 0.367121
vt 0.682582 0.366771
vt 0.632879 0.317620
vt 0.633229 0.317418
vt 0.614760 0.250000
vt 0.615164 0.250000
vt 0.632879 0.182380
vt 0.633229 0.182582
vt 0.682380 0.132879
vt 0.682582 0.133229
vt 0.750000 0.114760
vt 0.750000 0.115164
vt 0.817620 0.132879
vt 0.817418 0.133229
vt 0.867121 0.182380
vt 0.866771 0.182582
vt 0.885240 0.250000
vt 0.884836 0.250000
vt 0.867121 0.317620
vt 0.866771 0.317418
vt 0.817620 0.367121
vt 0.817418 0.366771
vt 0.157655 0.250000
vt 0.170027 0.203828
vt 0.170027 0.203828
vt 0.157655 0.250000
vt 0.292672 0.323910
vt 0.250000 0.335344
vt 0.207328 0.323910
vt 0.176090 0.292672
vt 0.164656 0.250000
vt 0.176090 0.207328
vt 0.207328 0.176090
vt 0.250000 0.164656
vt 0.292672 0.176090
vt 0.323910 0.207328
vt 0.335344 0.250000
vt 0.323910 0.292672
vt 0.250000 0.157655
vt 0.296172 0.170027
vt 0.296172 0.170027
vt 0.250000 0.157655
vt 0.342345 0.250000
vt 0.329973 0.296172
vt 0.329973 0.296172
vt 0.342345 0.250000
vt 0.170027 0.296172
vt 0.170027 0.296172
vt 0.203828 0.170027
vt 0.203828 0.170027
vt 0.329973 0.203828
vt 0.329973 0.203828
vt 0.203828 0.329973
vt 0.203827 0.329973
vt 0.296172 0.329973
vt 0.250000 0.342345
vt 0.250000 0.342345
vt 0.296172 0.329973
vt 0.329973 0.296172
vt 0.296172 0.329973
vt 0.250000 0.342345
vt 0.203827 0.329973
vt 0.296172 0.170027
vt 0.329973 0.203828
vt 0.170027 0.203828
vt 0.203828 0.170027
vt 0.170027 0.296172
vt 0.342345 0.250000
vt 0.250000 0.157655
vt 0.157655 0.250000
vt 0.157655 0.250000
vt 0.157655 0.250000
vt 0.170027 0.203828
vt 0.170027 0.203828
vt 0.292672 0.323910
vt 0.323910 0.292672
vt 0.335344 0.250000
vt 0.323910 0.207328
vt 0.292672 0.176090
vt 0.250000 0.164656
vt 0.207328 0.176090
vt 0.176090 0.207328
vt 0.164656 0.250000
vt 0.176090 0.292672
vt 0.207328 0.323910
vt 0.250000 0.335344
vt 0.250000 0.157655
vt 0.250000 0.157655
vt 0.296172 0.170027
vt 0.296172 0.170027
vt 0.342345 0.250000
vt 0.342345 0.250000
vt 0.329973 0.296172
vt 0.329973 0.296172
vt 0.170027 0.296172
vt 0.170027 0.296172
vt 0.203828 0.170027
vt 0.203828 0.170027
vt 0.329973 0.203828
vt 0.329973 0.203828
vt 0.203828 0.329973
vt 0.203827 0.329973
vt 0.296172 0.329973
vt 0.296172 0.329973
vt 0.250000 0.342345
vt 0.250000 0.342345
vt 0.329973 0.296172
vt 0.296172 0.329973
vt 0.250000 0.342345
vt 0.203827 0.329973
vt 0.296172 0.170027
vt 0.329973 0.203828
vt 0.170027 0.203828
vt 0.203828 0.170027
vt 0.170027 0.296172
vt 0.342345 0.250000
vt 0.250000 0.157655
vt 0.157655 0.250000
vt 0.083333 0.509765
vt 0.083333 0.511081
vt 0.000000 0.511081
vt 0.000000 0.509766
vt 0.166667 0.509765
vt 0.166667 0.511081
vt 0.250000 0.509766
vt 0.250000 0.511081
vt 0.333333 0.509766
vt 0.333333 0.511081
vt 0.416667 0.509766
vt 0.416667 0.511081
vt 0.500000 0.509766
vt 0.500000 0.511081
vt 0.583333 0.509766
vt 0.583333 0.511081
vt 0.666667 0.509766
vt 0.666667 0.511081
vt 0.750000 0.509766
vt 0.750000 0.511081
vt 0.833333 0.509765
vt 0.833333 0.511081
vt 0.916667 0.509766
vt 0.916667 0.511081
vt 1.000000 0.509766
vt 1.000000 0.511081
vt 1.000000 0.500000
vt 0.916667 0.500000
vt 0.833333 0.500000
vt 0.750000 0.500000
vt 0.666667 0.500000
vt 0.583333 0.500000
vt 0.500000 0.500000
vt 0.416667 0.500000
vt 0.333333 0.500000
vt 0.250000 0.500000
vt 0.166667 0.500000
vt 0.083333 0.500000
vt 0.000000 0.500000
vt 0.083333 0.509765
vt 0.000000 0.509766
vt 0.000000 0.511081
vt 0.083333 0.511081
vt 0.166667 0.509765
vt 0.166667 0.511081
vt 0.250000 0.509766
vt 0.250000 0.511081
vt 0.333333 0.509766
vt 0.333333 0.511081
vt 0.416667 0.509766
vt 0.416667 0.511081
vt 0.500000 0.509766
vt 0.500000 0.511081
vt 0.583333 0.509766
vt 0.583333 0.511081
vt 0.666667 0.509766
vt 0.666667 0.511081
vt 0.750000 0.509766
vt 0.750000 0.511081
vt 0.833333 0.509765
vt 0.833333 0.511081
vt 0.916667 0.509766
vt 0.916667 0.511081
vt 1.000000 0.509766
vt 1.000000 0.511081
vt 1.000000 0.500000
vt 0.916667 0.500000
vt 0.833333 0.500000
vt 0.750000 0.500000
vt 0.666667 0.500000
vt 0.583333 0.500000
vt 0.500000 0.500000
vt 0.416667 0.500000
vt 0.333333 0.500000
vt 0.250000 0.500000
vt 0.166667 0.500000
vt 0.083333 0.500000
vt 0.000000 0.500000
vn -1.0000 0.0000 0.0000
vn -0.7571 0.0000 -0.6532
vn -0.6557 -0.3786 -0.6532
vn -0.8660 -0.5000 0.0000
vn -0.3786 -0.6557 -0.6532
vn -0.5000 -0.8660 0.0000
vn 0.0000 -0.7571 -0.6532
vn 0.0000 -1.0000 0.0000
vn 0.3786 -0.6557 -0.6532
vn 0.5000 -0.8660 0.0000
vn 0.6557 -0.3786 -0.6532
vn 0.8660 -0.5000 0.0000
vn 0.7571 0.0000 -0.6532
vn 1.0000 0.0000 0.0000
vn 0.6557 0.3786 -0.6532
vn 0.8660 0.5000 0.0000
vn 0.3786 0.6557 -0.6532
vn 0.5000 0.8660 0.0000
vn 0.0000 0.7571 -0.6532
vn 0.0000 1.0000 0.0000
vn -0.3786 0.6557 -0.6532
vn -0.5000 0.8660 0.0000
vn 0.3553 0.6155 -0.7035
vn 0.6155 0.3553 -0.7035
vn 0.3783 0.2184 -0.8995
vn 0.2184 0.3783 -0.8995
vn -0.6557 0.3786 -0.6532
vn -0.8660 0.5000 0.0000
vn 0.0000 0.0000 -1.0000
vn -0.6536 0.0000 -0.7568
vn -0.8957 0.0000 -0.4445
vn -0.7757 -0.4479 -0.4445
vn -0.5661 -0.3268 -0.7568
vn -0.4479 -0.7757 -0.4445
vn -0.3268 -0.5661 -0.7568
vn 0.0000 -0.8957 -0.4445
vn 0.0000 -0.6536 -0.7568
vn 0.4479 -0.7757 -0.4445
vn 0.3268 -0.5661 -0.7568
vn 0.7757 -0.4479 -0.4445
vn 0.5661 -0.3268 -0.7568
vn 0.8957 0.0000 -0.4445
vn 0.6536 0.0000 -0.7568
vn 0.7757 0.4479 -0.4445
vn 0.5661 0.3268 -0.7568
vn 0.4479 0.7757 -0.4445
vn 0.3268 0.5661 -0.7568
vn 0.0000 0.8957 -0.4445
vn 0.0000 0.6536 -0.7568
vn -0.4479 0.7757 -0.4445
vn -0.3268 0.5661 -0.7568
vn -0.7757 0.4479 -0.4445
vn -0.5661 0.3268 -0.7568
vn 0.6155 -0.3553 -0.7035
vn 0.3553 -0.6155 -0.7035
vn 0.2184 -0.3783 -0.8995
vn 0.3783 -0.2184 -0.8995
vn -0.7107 0.0000 -0.7035
vn -0.6155 0.3553 -0.7035
vn -0.3783 0.2184 -0.8995
vn -0.4369 0.0000 -0.8995
vn -0.3553 -0.6155 -0.7035
vn -0.6155 -0.3553 -0.7035
vn -0.3783 -0.2184 -0.8995
vn -0.2184 -0.3783 -0.8995
vn 0.0000 0.7107 -0.7035
vn 0.0000 0.4369 -0.8995
vn 0.7107 0.0000 -0.7035
vn 0.4369 0.0000 -0.8995
vn 0.0000 -0.7107 -0.7035
vn 0.0000 -0.4369 -0.8995
vn -0.3553 0.6155 -0.7035
vn -0.2184 0.3783 -0.8995
vn -0.5523 0.3189 -0.7703
vn -0.6377 0.0000 -0.7703
vn -0.3189 0.5523 -0.7703
vn 0.0000 0.6377 -0.7703
vn 0.3189 0.5523 -0.7703
vn 0.5523 0.3189 -0.7703
vn 0.6377 0.0000 -0.7703
vn 0.5523 -0.3189 -0.7703
vn 0.3189 -0.5523 -0.7703
vn 0.0000 -0.6377 -0.7703
vn -0.3188 -0.5523 -0.7703
vn -0.5523 -0.3189 -0.7703
vn -0.6155 0.3554 -0.7035
vn 0.1639 0.2839 -0.9447
vn 0.2839 0.1639 -0.9447
vn 0.2839 -0.1639 -0.9447
vn 0.1639 -0.2839 -0.9447
vn -0.3279 0.0000 -0.9447
vn -0.2839 0.1639 -0.9447
vn -0.1639 -0.2839 -0.9447
vn -0.2839 -0.1639 -0.9447
vn 0.0000 0.3279 -0.9447
vn 0.3279 0.0000 -0.9447
vn 0.0000 -0.3279 -0.9447
vn -0.1639 0.2839 -0.9447
vn -0.3554 0.6155 -0.7035
vn -0.2185 0.3784 -0.8995
vn -0.3784 0.2185 -0.8995
vn -0.6155 -0.3554 -0.7035
vn -0.3784 -0.2185 -0.8995
vn -0.2185 -0.3784 -0.8995
vn -0.3554 -0.6155 -0.7035
vn 0.3784 0.2185 -0.8995
vn 0.6155 0.3554 -0.7035
vn 0.3554 -0.6155 -0.7035
vn 0.2185 -0.3784 -0.8995
vn 0.3784 -0.2185 -0.8995
vn 0.6155 -0.3554 -0.7035
vn 0.3554 0.6155 -0.7035
vn 0.2185 0.3784 -0.8995
vn 0.5523 0.3189 -0.7702
vn -0.3189 -0.5523 -0.7703
vn -0.3278 0.0000 -0.9447
vn -0.8513 -0.4915 0.1834
vn -0.9830 0.0000 0.1834
vn -0.9958 0.0000 0.0908
vn -0.8624 -0.4979 0.0908
vn -0.4915 -0.8513 0.1834
vn -0.4979 -0.8624 0.0908
vn 0.0000 -0.9830 0.1834
vn 0.0000 -0.9958 0.0908
vn 0.4915 -0.8513 0.1834
vn 0.4979 -0.8624 0.0908
vn 0.8513 -0.4915 0.1834
vn 0.8624 -0.4979 0.0908
vn 0.9830 0.0000 0.1834
vn 0.9958 0.0000 0.0908
vn 0.8513 0.4915 0.1834
vn 0.8624 0.4979 0.0908
vn 0.4915 0.8513 0.1834
vn 0.4979 0.8624 0.0908
vn 0.0000 0.9830 0.1834
vn 0.0000 0.9958 0.0908
vn -0.4915 0.8513 0.1834
vn -0.4979 0.8624 0.0908
vn -0.8513 0.4915 0.1834
vn -0.8624 0.4979 0.0908
vn -0.6939 0.0000 0.7200
vn -0.6010 0.3470 0.7200
vn -0.3470 0.6010 0.7200
vn 0.0000 0.6939 0.7200
vn 0.3470 0.6010 0.7200
vn 0.6010 0.3470 0.7200
vn 0.6939 0.0000 0.7200
vn 0.6010 -0.3470 0.7200
vn 0.3470 -0.6010 0.7200
vn 0.0000 -0.6939 0.7200
vn -0.3470 -0.6010 0.7200
vn -0.6010 -0.3470 0.7200
vn -0.0094 -0.0054 0.9999
vn -0.0108 0.0000 0.9999
vn -0.0054 -0.0094 0.9999
vn 0.0000 -0.0108 0.9999
vn 0.0054 -0.0094 0.9999
vn 0.0094 -0.0054 0.9999
vn 0.0108 0.0000 0.9999
vn 0.0094 0.0054 0.9999
vn 0.0054 0.0094 0.9999
vn 0.0000 0.0108 0.9999
vn -0.0054 0.0094 0.9999
vn -0.0094 0.0054 0.9999
vn -0.0132 -0.0076 0.9999
vn -0.0152 0.0000 0.9999
vn -0.0076 -0.0132 0.9999
vn 0.0000 -0.0152 0.9999
vn 0.0076 -0.0132 0.9999
vn 0.0132 -0.0076 0.9999
vn 0.0152 0.0000 0.9999
vn 0.0132 0.0076 0.9999
vn 0.0076 0.0132 0.9999
vn 0.0000 0.0152 0.9999
vn -0.0076 0.0132 0.9999
vn -0.0132 0.0076 0.9999
vn 0.5463 0.3154 0.7759
vn 0.6308 0.0000 0.7759
vn 0.3154 0.5463 0.7759
vn 0.0000 0.6308 0.7759
vn -0.3154 0.5463 0.7759
vn -0.5463 0.3154 0.7759
vn -0.6308 0.0000 0.7759
vn -0.5463 -0.3154 0.7759
vn -0.3154 -0.5463 0.7759
vn 0.0000 -0.6308 0.7759
vn 0.3154 -0.5463 0.7759
vn 0.5463 -0.3154 0.7759
vn 0.8641 0.4989 0.0660
vn 0.9978 0.0000 0.0660
vn 0.4989 0.8641 0.0660
vn 0.0000 0.9978 0.0660
vn -0.4989 0.8641 0.0660
vn -0.8641 0.4989 0.0660
vn -0.9978 0.0000 0.0660
vn -0.8641 -0.4989 0.0660
vn -0.4989 -0.8641 0.0660
vn 0.0000 -0.9978 0.0660
vn 0.4989 -0.8641 0.0660
vn 0.8641 -0.4989 0.0660
vn 0.7512 0.0000 0.6601
vn 0.6505 -0.3756 0.6601
vn 0.8641 -0.4989 0.0671
vn 0.9977 0.0000 0.0671
vn 0.3756 -0.6505 0.6601
vn 0.4989 -0.8641 0.0671
vn 0.0000 -0.7512 0.6601
vn 0.0000 -0.9977 0.0671
vn -0.3756 -0.6505 0.6601
vn -0.4989 -0.8641 0.0671
vn -0.6505 -0.3756 0.6601
vn -0.8641 -0.4989 0.0671
vn -0.7512 0.0000 0.6601
vn -0.9977 0.0000 0.0671
vn -0.6505 0.3756 0.6601
vn -0.8641 0.4989 0.0671
vn -0.3756 0.6505 0.6601
vn -0.4989 0.8641 0.0671
vn 0.0000 0.7512 0.6601
vn 0.0000 0.9977 0.0671
vn 0.3756 0.6505 0.6601
vn 0.4989 0.8641 0.0671
vn 0.6505 0.3756 0.6601
vn 0.8641 0.4989 0.0671
vn -0.9830 0.0000 0.1835
vn 0.7572 0.0000 -0.6532
vn -0.7572 0.0000 -0.6532
vn -0.7966 0.4599 -0.3922
vn -0.9199 0.0000 -0.3922
vn -0.4599 0.7966 -0.3922
vn 0.0000 0.9199 -0.3922
vn 0.4599 0.7966 -0.3922
vn 0.7966 0.4599 -0.3922
vn 0.9199 0.0000 -0.3922
vn 0.7966 -0.4599 -0.3922
vn 0.4599 -0.7966 -0.3922
vn 0.0000 -0.9199 -0.3922
vn -0.4599 -0.7966 -0.3922
vn -0.7966 -0.4599 -0.3922
usemtl DarkPorple
s 1
f 1553/1780/1002 1578/1781/1003 1577/1782/1004 1554/1783/1005
f 1554/1783/1005 1577/1782/1004 1579/1784/1006 1555/1785/1007
f 1555/1785/1007 1579/1784/1006 1580/1786/1008 1556/1787/1009
f 1556/1787/1009 1580/1786/1008 1581/1788/1010 1557/1789/1011
f 1557/1789/1011 1581/1788/1010 1582/1790/1012 1558/1791/1013
f 1558/1791/1013 1582/1790/1012 1583/1792/1014 1559/1793/1015
f 1559/1793/1015 1583/1792/1014 1584/1794/1016 1560/1795/1017
f 1560/1795/1017 1584/1794/1016 1585/1796/1018 1561/1797/1019
f 1561/1797/1019 1585/1796/1018 1586/1798/1020 1562/1799/1021
f 1562/1799/1021 1586/1798/1020 1587/1800/1022 1563/1801/1023
f 1770/1802/1024 1769/1803/1025 1728/1804/1026 1729/1805/1027
f 1563/1801/1023 1587/1800/1022 1588/1806/1028 1564/1807/1029
f 1564/1807/1029 1588/1806/1028 1578/1808/1003 1553/1809/1002
f 1601/1810/1002 1553/1780/1002 1554/1783/1005 1602/1811/1005
f 1816/1812/1030 1805/1813/1030 1577/1814/1004 1578/1815/1003
f 1805/1813/1030 1806/1816/1030 1579/1817/1006 1577/1814/1004
f 1806/1816/1030 1807/1818/1030 1580/1819/1008 1579/1817/1006
f 1807/1818/1030 1808/1820/1030 1581/1821/1010 1580/1819/1008
f 1808/1820/1030 1809/1822/1030 1582/1823/1012 1581/1821/1010
f 1809/1822/1030 1810/1824/1030 1583/1825/1014 1582/1823/1012
f 1810/1824/1030 1811/1826/1030 1584/1827/1016 1583/1825/1014
f 1811/1826/1030 1812/1828/1030 1585/1829/1018 1584/1827/1016
f 1812/1828/1030 1813/1830/1030 1586/1831/1020 1585/1829/1018
f 1813/1830/1030 1814/1832/1030 1587/1833/1022 1586/1831/1020
f 1814/1832/1030 1815/1834/1030 1588/1835/1028 1587/1833/1022
f 1815/1834/1030 1816/1812/1030 1578/1815/1003 1588/1835/1028
f 1636/1836/1031 1600/1837/1032 1589/1838/1033 1625/1839/1034
f 1625/1839/1034 1589/1838/1033 1590/1840/1035 1626/1841/1036
f 1626/1841/1036 1590/1840/1035 1591/1842/1037 1627/1843/1038
f 1627/1843/1038 1591/1842/1037 1592/1844/1039 1628/1845/1040
f 1628/1845/1040 1592/1844/1039 1593/1846/1041 1629/1847/1042
f 1629/1847/1042 1593/1846/1041 1594/1848/1043 1630/1849/1044
f 1630/1849/1044 1594/1848/1043 1595/1850/1045 1631/1851/1046
f 1631/1851/1046 1595/1850/1045 1596/1852/1047 1632/1853/1048
f 1632/1853/1048 1596/1852/1047 1597/1854/1049 1633/1855/1050
f 1633/1855/1050 1597/1854/1049 1598/1856/1051 1634/1857/1052
f 1634/1857/1052 1598/1856/1051 1599/1858/1053 1635/1859/1054
f 1635/1859/1054 1599/1858/1053 1600/1860/1032 1636/1861/1031
f 1600/1837/1032 1601/1810/1002 1602/1811/1005 1589/1838/1033
f 1589/1838/1033 1602/1811/1005 1603/1862/1007 1590/1840/1035
f 1590/1840/1035 1603/1862/1007 1604/1863/1009 1591/1842/1037
f 1591/1842/1037 1604/1863/1009 1605/1864/1011 1592/1844/1039
f 1592/1844/1039 1605/1864/1011 1606/1865/1013 1593/1846/1041
f 1593/1846/1041 1606/1865/1013 1607/1866/1015 1594/1848/1043
f 1594/1848/1043 1607/1866/1015 1608/1867/1017 1595/1850/1045
f 1595/1850/1045 1608/1867/1017 1609/1868/1019 1596/1852/1047
f 1596/1852/1047 1609/1868/1019 1610/1869/1021 1597/1854/1049
f 1597/1854/1049 1610/1869/1021 1611/1870/1023 1598/1856/1051
f 1598/1856/1051 1611/1870/1023 1612/1871/1029 1599/1858/1053
f 1599/1858/1053 1612/1871/1029 1601/1872/1002 1600/1860/1032
f 1772/1873/1055 1771/1874/1056 1725/1875/1057 1726/1876/1058
f 1774/1877/1059 1773/1878/1060 1732/1879/1061 1722/1880/1062
f 1776/1881/1063 1775/1882/1064 1721/1883/1065 1723/1884/1066
f 1777/1885/1067 1770/1802/1024 1729/1805/1027 1730/1886/1068
f 1778/1887/1069 1772/1873/1055 1726/1876/1058 1727/1888/1070
f 1779/1889/1071 1776/1881/1063 1723/1884/1066 1724/1890/1072
f 1780/1891/1073 1777/1885/1067 1730/1886/1068 1731/1892/1074
f 1769/1803/1025 1778/1887/1069 1727/1888/1070 1728/1804/1026
f 1771/1874/1056 1779/1889/1071 1724/1890/1072 1725/1875/1057
f 1773/1878/1060 1780/1891/1073 1731/1892/1074 1732/1879/1061
f 1775/1882/1064 1774/1877/1059 1722/1880/1062 1721/1883/1065
f 1768/1893/1030 1757/1894/1030 1721/1883/1065 1722/1880/1062
f 1757/1894/1030 1758/1895/1030 1723/1884/1066 1721/1883/1065
f 1758/1895/1030 1759/1896/1030 1724/1890/1072 1723/1884/1066
f 1759/1896/1030 1760/1897/1030 1725/1875/1057 1724/1890/1072
f 1760/1897/1030 1761/1898/1030 1726/1876/1058 1725/1875/1057
f 1761/1898/1030 1762/1899/1030 1727/1888/1070 1726/1876/1058
f 1762/1899/1030 1763/1900/1030 1728/1804/1026 1727/1888/1070
f 1763/1900/1030 1764/1901/1030 1729/1805/1027 1728/1804/1026
f 1764/1901/1030 1765/1902/1030 1730/1886/1068 1729/1805/1027
f 1765/1902/1030 1766/1903/1030 1731/1892/1074 1730/1886/1068
f 1766/1903/1030 1767/1904/1030 1732/1879/1061 1731/1892/1074
f 1767/1904/1030 1768/1893/1030 1722/1880/1062 1732/1879/1061
f 1720/1905/1075 1710/1906/1076 1745/1907/1030 1756/1908/1030
f 1719/1909/1077 1720/1905/1075 1756/1908/1030 1755/1910/1030
f 1718/1911/1078 1719/1909/1077 1755/1910/1030 1754/1912/1030
f 1717/1913/1079 1718/1911/1078 1754/1912/1030 1753/1914/1030
f 1716/1915/1080 1717/1913/1079 1753/1914/1030 1752/1916/1030
f 1715/1917/1081 1716/1915/1080 1752/1916/1030 1751/1918/1030
f 1714/1919/1082 1715/1917/1081 1751/1918/1030 1750/1920/1030
f 1713/1921/1083 1714/1919/1082 1750/1920/1030 1749/1922/1030
f 1712/1923/1084 1713/1921/1083 1749/1922/1030 1748/1924/1030
f 1711/1925/1085 1712/1923/1084 1748/1924/1030 1747/1926/1030
f 1709/1927/1086 1711/1925/1085 1747/1926/1030 1746/1928/1030
f 1710/1906/1076 1709/1927/1086 1746/1928/1030 1745/1907/1030
f 1756/1908/1030 1745/1907/1030 1768/1893/1030 1767/1904/1030
f 1755/1910/1030 1756/1908/1030 1767/1904/1030 1766/1903/1030
f 1754/1912/1030 1755/1910/1030 1766/1903/1030 1765/1902/1030
f 1753/1914/1030 1754/1912/1030 1765/1902/1030 1764/1901/1030
f 1752/1916/1030 1753/1914/1030 1764/1901/1030 1763/1900/1030
f 1751/1918/1030 1752/1916/1030 1763/1900/1030 1762/1899/1030
f 1750/1920/1030 1751/1918/1030 1762/1899/1030 1761/1898/1030
f 1749/1922/1030 1750/1920/1030 1761/1898/1030 1760/1897/1030
f 1748/1924/1030 1749/1922/1030 1760/1897/1030 1759/1896/1030
f 1747/1926/1030 1748/1924/1030 1759/1896/1030 1758/1895/1030
f 1746/1928/1030 1747/1926/1030 1758/1895/1030 1757/1894/1030
f 1745/1907/1030 1746/1928/1030 1757/1894/1030 1768/1893/1030
f 1792/1929/1064 1783/1930/1059 1774/1877/1059 1775/1882/1064
f 1791/1931/1087 1788/1932/1073 1780/1891/1073 1773/1878/1060
f 1790/1933/1056 1787/1934/1071 1779/1889/1071 1771/1874/1056
f 1789/1935/1025 1786/1936/1069 1778/1887/1069 1769/1803/1025
f 1788/1932/1073 1785/1937/1067 1777/1885/1067 1780/1891/1073
f 1787/1934/1071 1784/1938/1063 1776/1881/1063 1779/1889/1071
f 1786/1936/1069 1782/1939/1055 1772/1873/1055 1778/1887/1069
f 1785/1937/1067 1781/1940/1024 1770/1802/1024 1777/1885/1067
f 1784/1938/1063 1792/1929/1064 1775/1882/1064 1776/1881/1063
f 1783/1930/1059 1791/1931/1087 1773/1878/1060 1774/1877/1059
f 1782/1939/1055 1790/1933/1056 1771/1874/1056 1772/1873/1055
f 1781/1940/1024 1789/1935/1025 1769/1803/1025 1770/1802/1024
f 1534/1941/1088 1532/1942/1089 1789/1935/1025 1781/1940/1024
f 1528/1943/1090 1526/1944/1091 1790/1933/1056 1782/1939/1055
f 1518/1945/1092 1540/1946/1093 1791/1931/1087 1783/1930/1059
f 1522/1947/1094 1520/1948/1095 1792/1929/1064 1784/1938/1063
f 1536/1949/1096 1534/1941/1088 1781/1940/1024 1785/1937/1067
f 1530/1950/1097 1528/1943/1090 1782/1939/1055 1786/1936/1069
f 1524/1951/1098 1522/1947/1094 1784/1938/1063 1787/1934/1071
f 1538/1952/1099 1536/1949/1096 1785/1937/1067 1788/1932/1073
f 1532/1942/1089 1530/1950/1097 1786/1936/1069 1789/1935/1025
f 1526/1944/1091 1524/1951/1098 1787/1934/1071 1790/1933/1056
f 1540/1946/1093 1538/1952/1099 1788/1932/1073 1791/1931/1087
f 1520/1948/1095 1518/1945/1092 1783/1930/1059 1792/1929/1064
f 1540/1946/1093 1518/1945/1092 1793/1953/1030 1804/1954/1030
f 1538/1952/1099 1540/1946/1093 1804/1954/1030 1803/1955/1030
f 1536/1949/1096 1538/1952/1099 1803/1955/1030 1802/1956/1030
f 1534/1941/1088 1536/1949/1096 1802/1956/1030 1801/1957/1030
f 1532/1942/1089 1534/1941/1088 1801/1957/1030 1800/1958/1030
f 1530/1950/1097 1532/1942/1089 1800/1958/1030 1799/1959/1030
f 1528/1943/1090 1530/1950/1097 1799/1959/1030 1798/1960/1030
f 1526/1944/1091 1528/1943/1090 1798/1960/1030 1797/1961/1030
f 1524/1951/1098 1526/1944/1091 1797/1961/1030 1796/1962/1030
f 1522/1947/1094 1524/1951/1098 1796/1962/1030 1795/1963/1030
f 1520/1948/1095 1522/1947/1094 1795/1963/1030 1794/1964/1030
f 1518/1945/1092 1520/1948/1095 1794/1964/1030 1793/1953/1030
f 1804/1954/1030 1793/1953/1030 1816/1812/1030 1815/1834/1030
f 1803/1955/1030 1804/1954/1030 1815/1834/1030 1814/1832/1030
f 1802/1956/1030 1803/1955/1030 1814/1832/1030 1813/1830/1030
f 1801/1957/1030 1802/1956/1030 1813/1830/1030 1812/1828/1030
f 1800/1958/1030 1801/1957/1030 1812/1828/1030 1811/1826/1030
f 1799/1959/1030 1800/1958/1030 1811/1826/1030 1810/1824/1030
f 1798/1960/1030 1799/1959/1030 1810/1824/1030 1809/1822/1030
f 1797/1961/1030 1798/1960/1030 1809/1822/1030 1808/1820/1030
f 1796/1962/1030 1797/1961/1030 1808/1820/1030 1807/1818/1030
f 1795/1963/1030 1796/1962/1030 1807/1818/1030 1806/1816/1030
f 1794/1964/1030 1795/1963/1030 1806/1816/1030 1805/1813/1030
f 1793/1953/1030 1794/1964/1030 1805/1813/1030 1816/1812/1030
f 1602/1811/1005 1554/1783/1005 1555/1785/1007 1603/1862/1007
f 1603/1862/1007 1555/1785/1007 1556/1787/1009 1604/1863/1009
f 1604/1863/1009 1556/1787/1009 1557/1789/1011 1605/1864/1011
f 1605/1864/1011 1557/1789/1011 1558/1791/1013 1606/1865/1013
f 1606/1865/1013 1558/1791/1013 1559/1793/1015 1607/1866/1015
f 1607/1866/1015 1559/1793/1015 1560/1795/1017 1608/1867/1017
f 1608/1867/1017 1560/1795/1017 1561/1797/1019 1609/1868/1019
f 1609/1868/1019 1561/1797/1019 1562/1799/1021 1610/1869/1021
f 1610/1869/1021 1562/1799/1021 1563/1801/1023 1611/1870/1023
f 1611/1870/1023 1563/1801/1023 1564/1807/1029 1612/1871/1029
f 1612/1871/1029 1564/1807/1029 1553/1809/1002 1601/1872/1002
f 1913/1965/1015 1914/1966/1013 1937/1967/1012 1938/1968/1014
f 1914/1966/1013 1915/1969/1011 1939/1970/1010 1937/1967/1012
f 1915/1969/1011 1916/1971/1009 1940/1972/1008 1939/1970/1010
f 1916/1971/1009 1917/1973/1007 1941/1974/1006 1940/1972/1008
f 1917/1973/1007 1918/1975/1005 1942/1976/1004 1941/1974/1006
f 1918/1975/1005 1919/1977/1002 1943/1978/1003 1942/1976/1004
f 1919/1977/1002 1920/1979/1029 1944/1980/1028 1943/1978/1003
f 1920/1979/1029 1921/1981/1023 1945/1982/1022 1944/1980/1028
f 1921/1981/1023 1922/1983/1021 1946/1984/1020 1945/1982/1022
f 1922/1983/1021 1923/1985/1019 1947/1986/1018 1946/1984/1020
f 2130/1987/1100 2089/1988/1101 2088/1989/1102 2129/1990/1087
f 1923/1985/1019 1924/1991/1017 1948/1992/1016 1947/1986/1018
f 1924/1991/1017 1913/1993/1015 1938/1994/1014 1948/1992/1016
f 1961/1995/1015 1962/1996/1013 1914/1966/1013 1913/1965/1015
f 2176/1997/1030 1938/1998/1014 1937/1999/1012 2165/2000/1030
f 2165/2000/1030 1937/1999/1012 1939/2001/1010 2166/2002/1030
f 2166/2002/1030 1939/2001/1010 1940/2003/1008 2167/2004/1030
f 2167/2004/1030 1940/2003/1008 1941/2005/1006 2168/2006/1030
f 2168/2006/1030 1941/2005/1006 1942/2007/1004 2169/2008/1030
f 2169/2008/1030 1942/2007/1004 1943/2009/1003 2170/2010/1030
f 2170/2010/1030 1943/2009/1003 1944/2011/1028 2171/2012/1030
f 2171/2012/1030 1944/2011/1028 1945/2013/1022 2172/2014/1030
f 2172/2014/1030 1945/2013/1022 1946/2015/1020 2173/2016/1030
f 2173/2016/1030 1946/2015/1020 1947/2017/1018 2174/2018/1030
f 2174/2018/1030 1947/2017/1018 1948/2019/1016 2175/2020/1030
f 2175/2020/1030 1948/2019/1016 1938/1998/1014 2176/1997/1030
f 1996/2021/1044 1985/2022/1042 1949/2023/1041 1960/2024/1043
f 1985/2022/1042 1986/2025/1040 1950/2026/1039 1949/2023/1041
f 1986/2025/1040 1987/2027/1038 1951/2028/1037 1950/2026/1039
f 1987/2027/1038 1988/2029/1036 1952/2030/1035 1951/2028/1037
f 1988/2029/1036 1989/2031/1034 1953/2032/1033 1952/2030/1035
f 1989/2031/1034 1990/2033/1031 1954/2034/1032 1953/2032/1033
f 1990/2033/1031 1991/2035/1054 1955/2036/1053 1954/2034/1032
f 1991/2035/1054 1992/2037/1052 1956/2038/1051 1955/2036/1053
f 1992/2037/1052 1993/2039/1050 1957/2040/1049 1956/2038/1051
f 1993/2039/1050 1994/2041/1048 1958/2042/1047 1957/2040/1049
f 1994/2041/1048 1995/2043/1046 1959/2044/1045 1958/2042/1047
f 1995/2043/1046 1996/2045/1044 1960/2046/1043 1959/2044/1045
f 1960/2024/1043 1949/2023/1041 1962/1996/1013 1961/1995/1015
f 1949/2023/1041 1950/2026/1039 1963/2047/1011 1962/1996/1013
f 1950/2026/1039 1951/2028/1037 1964/2048/1009 1963/2047/1011
f 1951/2028/1037 1952/2030/1035 1965/2049/1007 1964/2048/1009
f 1952/2030/1035 1953/2032/1033 1966/2050/1005 1965/2049/1007
f 1953/2032/1033 1954/2034/1032 1967/2051/1002 1966/2050/1005
f 1954/2034/1032 1955/2036/1053 1968/2052/1029 1967/2051/1002
f 1955/2036/1053 1956/2038/1051 1969/2053/1023 1968/2052/1029
f 1956/2038/1051 1957/2040/1049 1970/2054/1021 1969/2053/1023
f 1957/2040/1049 1958/2042/1047 1971/2055/1019 1970/2054/1021
f 1958/2042/1047 1959/2044/1045 1972/2056/1017 1971/2055/1019
f 1959/2044/1045 1960/2046/1043 1961/2057/1015 1972/2056/1017
f 2132/2058/1103 2086/2059/1104 2085/2060/1105 2131/2061/1106
f 2134/2062/1069 2082/2063/1070 2092/2064/1107 2133/2065/1108
f 2136/2066/1109 2083/2067/1110 2081/2068/1111 2135/2069/1112
f 2137/2070/1067 2090/2071/1068 2089/1988/1101 2130/1987/1100
f 2138/2072/1059 2087/2073/1062 2086/2059/1104 2132/2058/1103
f 2139/2074/1071 2084/2075/1072 2083/2067/1110 2136/2066/1109
f 2140/2076/1113 2091/2077/1114 2090/2071/1068 2137/2070/1067
f 2129/1990/1087 2088/1989/1102 2087/2073/1062 2138/2072/1059
f 2131/2061/1106 2085/2060/1105 2084/2075/1072 2139/2074/1071
f 2133/2065/1108 2092/2064/1107 2091/2077/1114 2140/2076/1113
f 2135/2069/1112 2081/2068/1111 2082/2063/1070 2134/2062/1069
f 2128/2078/1030 2082/2063/1070 2081/2068/1111 2117/2079/1030
f 2117/2079/1030 2081/2068/1111 2083/2067/1110 2118/2080/1030
f 2118/2080/1030 2083/2067/1110 2084/2075/1072 2119/2081/1030
f 2119/2081/1030 2084/2075/1072 2085/2060/1105 2120/2082/1030
f 2120/2082/1030 2085/2060/1105 2086/2059/1104 2121/2083/1030
f 2121/2083/1030 2086/2059/1104 2087/2073/1062 2122/2084/1030
f 2122/2084/1030 2087/2073/1062 2088/1989/1102 2123/2085/1030
f 2123/2085/1030 2088/1989/1102 2089/1988/1101 2124/2086/1030
f 2124/2086/1030 2089/1988/1101 2090/2071/1068 2125/2087/1030
f 2125/2087/1030 2090/2071/1068 2091/2077/1114 2126/2088/1030
f 2126/2088/1030 2091/2077/1114 2092/2064/1107 2127/2089/1030
f 2127/2089/1030 2092/2064/1107 2082/2063/1070 2128/2078/1030
f 2080/2090/1115 2116/2091/1030 2105/2092/1030 2070/2093/1081
f 2079/2094/1079 2115/2095/1030 2116/2091/1030 2080/2090/1115
f 2078/2096/1078 2114/2097/1030 2115/2095/1030 2079/2094/1079
f 2077/2098/1077 2113/2099/1030 2114/2097/1030 2078/2096/1078
f 2076/2100/1075 2112/2101/1030 2113/2099/1030 2077/2098/1077
f 2075/2102/1076 2111/2103/1030 2112/2101/1030 2076/2100/1075
f 2074/2104/1086 2110/2105/1030 2111/2103/1030 2075/2102/1076
f 2073/2106/1116 2109/2107/1030 2110/2105/1030 2074/2104/1086
f 2072/2108/1084 2108/2109/1030 2109/2107/1030 2073/2106/1116
f 2071/2110/1083 2107/2111/1030 2108/2109/1030 2072/2108/1084
f 2069/2112/1082 2106/2113/1030 2107/2111/1030 2071/2110/1083
f 2070/2093/1081 2105/2092/1030 2106/2113/1030 2069/2112/1082
f 2116/2091/1030 2127/2089/1030 2128/2078/1030 2105/2092/1030
f 2115/2095/1030 2126/2088/1030 2127/2089/1030 2116/2091/1030
f 2114/2097/1030 2125/2087/1030 2126/2088/1030 2115/2095/1030
f 2113/2099/1030 2124/2086/1030 2125/2087/1030 2114/2097/1030
f 2112/2101/1030 2123/2085/1030 2124/2086/1030 2113/2099/1030
f 2111/2103/1030 2122/2084/1030 2123/2085/1030 2112/2101/1030
f 2110/2105/1030 2121/2083/1030 2122/2084/1030 2111/2103/1030
f 2109/2107/1030 2120/2082/1030 2121/2083/1030 2110/2105/1030
f 2108/2109/1030 2119/2081/1030 2120/2082/1030 2109/2107/1030
f 2107/2111/1030 2118/2080/1030 2119/2081/1030 2108/2109/1030
f 2106/2113/1030 2117/2079/1030 2118/2080/1030 2107/2111/1030
f 2105/2092/1030 2128/2078/1030 2117/2079/1030 2106/2113/1030
f 2152/2114/1055 2135/2069/1112 2134/2062/1069 2143/2115/1069
f 2151/2116/1025 2133/2065/1108 2140/2076/1113 2148/2117/1024
f 2150/2118/1106 2131/2061/1106 2139/2074/1071 2147/2119/1071
f 2149/2120/1060 2129/1990/1087 2138/2072/1059 2146/2121/1059
f 2148/2117/1024 2140/2076/1113 2137/2070/1067 2145/2122/1067
f 2147/2119/1071 2139/2074/1071 2136/2066/1109 2144/2123/1056
f 2146/2121/1059 2138/2072/1059 2132/2058/1103 2142/2124/1064
f 2145/2122/1067 2137/2070/1067 2130/1987/1100 2141/2125/1100
f 2144/2123/1056 2136/2066/1109 2135/2069/1112 2152/2114/1055
f 2143/2115/1069 2134/2062/1069 2133/2065/1108 2151/2116/1025
f 2142/2124/1064 2132/2058/1103 2131/2061/1106 2150/2118/1106
f 2141/2125/1100 2130/1987/1100 2129/1990/1087 2149/2120/1060
f 1894/2126/1099 2141/2125/1100 2149/2120/1060 1892/2127/1093
f 1888/2128/1095 2142/2124/1064 2150/2118/1106 1886/2129/1094
f 1878/2130/1097 2143/2115/1069 2151/2116/1025 1900/2131/1089
f 1882/2132/1091 2144/2123/1056 2152/2114/1055 1880/2133/1090
f 1896/2134/1096 2145/2122/1067 2141/2125/1100 1894/2126/1099
f 1890/2135/1117 2146/2121/1059 2142/2124/1064 1888/2128/1095
f 1884/2136/1098 2147/2119/1071 2144/2123/1056 1882/2132/1091
f 1898/2137/1088 2148/2117/1024 2145/2122/1067 1896/2134/1096
f 1892/2127/1093 2149/2120/1060 2146/2121/1059 1890/2135/1117
f 1886/2129/1094 2150/2118/1106 2147/2119/1071 1884/2136/1098
f 1900/2131/1089 2151/2116/1025 2148/2117/1024 1898/2137/1088
f 1880/2133/1090 2152/2114/1055 2143/2115/1069 1878/2130/1097
f 1900/2131/1089 2164/2138/1030 2153/2139/1030 1878/2130/1097
f 1898/2137/1088 2163/2140/1030 2164/2138/1030 1900/2131/1089
f 1896/2134/1096 2162/2141/1030 2163/2140/1030 1898/2137/1088
f 1894/2126/1099 2161/2142/1030 2162/2141/1030 1896/2134/1096
f 1892/2127/1093 2160/2143/1030 2161/2142/1030 1894/2126/1099
f 1890/2135/1117 2159/2144/1030 2160/2143/1030 1892/2127/1093
f 1888/2128/1095 2158/2145/1030 2159/2144/1030 1890/2135/1117
f 1886/2129/1094 2157/2146/1030 2158/2145/1030 1888/2128/1095
f 1884/2136/1098 2156/2147/1030 2157/2146/1030 1886/2129/1094
f 1882/2132/1091 2155/2148/1030 2156/2147/1030 1884/2136/1098
f 1880/2133/1090 2154/2149/1030 2155/2148/1030 1882/2132/1091
f 1878/2130/1097 2153/2139/1030 2154/2149/1030 1880/2133/1090
f 2164/2138/1030 2175/2020/1030 2176/1997/1030 2153/2139/1030
f 2163/2140/1030 2174/2018/1030 2175/2020/1030 2164/2138/1030
f 2162/2141/1030 2173/2016/1030 2174/2018/1030 2163/2140/1030
f 2161/2142/1030 2172/2014/1030 2173/2016/1030 2162/2141/1030
f 2160/2143/1030 2171/2012/1030 2172/2014/1030 2161/2142/1030
f 2159/2144/1030 2170/2010/1030 2171/2012/1030 2160/2143/1030
f 2158/2145/1030 2169/2008/1030 2170/2010/1030 2159/2144/1030
f 2157/2146/1030 2168/2006/1030 2169/2008/1030 2158/2145/1030
f 2156/2147/1030 2167/2004/1030 2168/2006/1030 2157/2146/1030
f 2155/2148/1030 2166/2002/1030 2167/2004/1030 2156/2147/1030
f 2154/2149/1030 2165/2000/1030 2166/2002/1030 2155/2148/1030
f 2153/2139/1030 2176/1997/1030 2165/2000/1030 2154/2149/1030
f 1962/1996/1013 1963/2047/1011 1915/1969/1011 1914/1966/1013
f 1963/2047/1011 1964/2048/1009 1916/1971/1009 1915/1969/1011
f 1964/2048/1009 1965/2049/1007 1917/1973/1007 1916/1971/1009
f 1965/2049/1007 1966/2050/1005 1918/1975/1005 1917/1973/1007
f 1966/2050/1005 1967/2051/1002 1919/1977/1002 1918/1975/1005
f 1967/2051/1002 1968/2052/1029 1920/1979/1029 1919/1977/1002
f 1968/2052/1029 1969/2053/1023 1921/1981/1023 1920/1979/1029
f 1969/2053/1023 1970/2054/1021 1922/1983/1021 1921/1981/1023
f 1970/2054/1021 1971/2055/1019 1923/1985/1019 1922/1983/1021
f 1971/2055/1019 1972/2056/1017 1924/1991/1017 1923/1985/1019
f 1972/2056/1017 1961/2057/1015 1913/1993/1015 1924/1991/1017
f 1649/2150/1118 1650/2151/1119 1565/2152/1120 1566/2153/1121
f 1651/2154/1122 1649/2150/1118 1566/2153/1121 1567/2155/1123
f 1652/2156/1124 1651/2154/1122 1567/2155/1123 1568/2157/1125
f 1653/2158/1126 1652/2156/1124 1568/2157/1125 1569/2159/1127
f 1654/2160/1128 1653/2158/1126 1569/2159/1127 1570/2161/1129
f 1655/2162/1130 1654/2160/1128 1570/2161/1129 1571/2163/1131
f 1656/2164/1132 1655/2162/1130 1571/2163/1131 1572/2165/1133
f 1657/2166/1134 1656/2164/1132 1572/2165/1133 1573/2167/1135
f 1658/2168/1136 1657/2166/1134 1573/2167/1135 1574/2169/1137
f 1659/2170/1138 1658/2168/1136 1574/2169/1137 1575/2171/1139
f 1660/2172/1140 1659/2170/1138 1575/2171/1139 1576/2173/1141
f 1650/2151/1119 1660/2172/1140 1576/2173/1141 1565/2152/1120
f 1647/2174/1054 1635/1859/1054 1636/1861/1031 1648/2175/1031
f 1646/2176/1052 1634/1857/1052 1635/1859/1054 1647/2174/1054
f 1645/2177/1050 1633/1855/1050 1634/1857/1052 1646/2176/1052
f 1644/2178/1048 1632/1853/1048 1633/1855/1050 1645/2177/1050
f 1643/2179/1046 1631/1851/1046 1632/1853/1048 1644/2178/1048
f 1642/2180/1044 1630/1849/1044 1631/1851/1046 1643/2179/1046
f 1641/2181/1042 1629/1847/1042 1630/1849/1044 1642/2180/1044
f 1640/2182/1040 1628/1845/1040 1629/1847/1042 1641/2181/1042
f 1639/2183/1038 1627/1843/1038 1628/1845/1040 1640/2182/1040
f 1638/2184/1036 1626/1841/1036 1627/1843/1038 1639/2183/1038
f 1637/2185/1034 1625/1839/1034 1626/1841/1036 1638/2184/1036
f 1648/2186/1031 1636/1836/1031 1625/1839/1034 1637/2185/1034
f 1661/2187/1142 1672/2188/1143 1660/2172/1140 1650/2151/1119
f 1672/2188/1143 1671/2189/1144 1659/2170/1138 1660/2172/1140
f 1671/2189/1144 1670/2190/1145 1658/2168/1136 1659/2170/1138
f 1670/2190/1145 1669/2191/1146 1657/2166/1134 1658/2168/1136
f 1669/2191/1146 1668/2192/1147 1656/2164/1132 1657/2166/1134
f 1668/2192/1147 1667/2193/1148 1655/2162/1130 1656/2164/1132
f 1667/2193/1148 1666/2194/1149 1654/2160/1128 1655/2162/1130
f 1666/2194/1149 1665/2195/1150 1653/2158/1126 1654/2160/1128
f 1665/2195/1150 1664/2196/1151 1652/2156/1124 1653/2158/1126
f 1664/2196/1151 1663/2197/1152 1651/2154/1122 1652/2156/1124
f 1663/2197/1152 1662/2198/1153 1649/2150/1118 1651/2154/1122
f 1662/2198/1153 1661/2187/1142 1650/2151/1119 1649/2150/1118
f 1674/2199/1154 1673/2200/1155 1661/2187/1142 1662/2198/1153
f 1675/2201/1156 1674/2199/1154 1662/2198/1153 1663/2197/1152
f 1676/2202/1157 1675/2201/1156 1663/2197/1152 1664/2196/1151
f 1677/2203/1158 1676/2202/1157 1664/2196/1151 1665/2195/1150
f 1678/2204/1159 1677/2203/1158 1665/2195/1150 1666/2194/1149
f 1679/2205/1160 1678/2204/1159 1666/2194/1149 1667/2193/1148
f 1680/2206/1161 1679/2205/1160 1667/2193/1148 1668/2192/1147
f 1681/2207/1162 1680/2206/1161 1668/2192/1147 1669/2191/1146
f 1682/2208/1163 1681/2207/1162 1669/2191/1146 1670/2190/1145
f 1683/2209/1164 1682/2208/1163 1670/2190/1145 1671/2189/1144
f 1684/2210/1165 1683/2209/1164 1671/2189/1144 1672/2188/1143
f 1673/2200/1155 1684/2210/1165 1672/2188/1143 1661/2187/1142
f 1686/2211/1166 1685/2212/1167 1673/2200/1155 1674/2199/1154
f 1687/2213/1168 1686/2211/1166 1674/2199/1154 1675/2201/1156
f 1688/2214/1169 1687/2213/1168 1675/2201/1156 1676/2202/1157
f 1689/2215/1170 1688/2214/1169 1676/2202/1157 1677/2203/1158
f 1690/2216/1171 1689/2215/1170 1677/2203/1158 1678/2204/1159
f 1691/2217/1172 1690/2216/1171 1678/2204/1159 1679/2205/1160
f 1692/2218/1173 1691/2217/1172 1679/2205/1160 1680/2206/1161
f 1693/2219/1174 1692/2218/1173 1680/2206/1161 1681/2207/1162
f 1694/2220/1175 1693/2219/1174 1681/2207/1162 1682/2208/1163
f 1695/2221/1176 1694/2220/1175 1682/2208/1163 1683/2209/1164
f 1696/2222/1177 1695/2221/1176 1683/2209/1164 1684/2210/1165
f 1685/2212/1167 1696/2222/1177 1684/2210/1165 1673/2200/1155
f 1698/2223/1178 1697/2224/1179 1685/2212/1167 1686/2211/1166
f 1699/2225/1180 1698/2223/1178 1686/2211/1166 1687/2213/1168
f 1700/2226/1181 1699/2225/1180 1687/2213/1168 1688/2214/1169
f 1701/2227/1182 1700/2226/1181 1688/2214/1169 1689/2215/1170
f 1702/2228/1183 1701/2227/1182 1689/2215/1170 1690/2216/1171
f 1703/2229/1184 1702/2228/1183 1690/2216/1171 1691/2217/1172
f 1704/2230/1185 1703/2229/1184 1691/2217/1172 1692/2218/1173
f 1705/2231/1186 1704/2230/1185 1692/2218/1173 1693/2219/1174
f 1706/2232/1187 1705/2231/1186 1693/2219/1174 1694/2220/1175
f 1707/2233/1188 1706/2232/1187 1694/2220/1175 1695/2221/1176
f 1708/2234/1189 1707/2233/1188 1695/2221/1176 1696/2222/1177
f 1697/2224/1179 1708/2234/1189 1696/2222/1177 1685/2212/1167
f 1866/2235/1190 1865/2236/1191 1697/2224/1179 1698/2223/1178
f 1867/2237/1192 1866/2235/1190 1698/2223/1178 1699/2225/1180
f 1868/2238/1193 1867/2237/1192 1699/2225/1180 1700/2226/1181
f 1869/2239/1194 1868/2238/1193 1700/2226/1181 1701/2227/1182
f 1870/2240/1195 1869/2239/1194 1701/2227/1182 1702/2228/1183
f 1871/2241/1196 1870/2240/1195 1702/2228/1183 1703/2229/1184
f 1872/2242/1197 1871/2241/1196 1703/2229/1184 1704/2230/1185
f 1873/2243/1198 1872/2242/1197 1704/2230/1185 1705/2231/1186
f 1874/2244/1199 1873/2243/1198 1705/2231/1186 1706/2232/1187
f 1875/2245/1200 1874/2244/1199 1706/2232/1187 1707/2233/1188
f 1876/2246/1201 1875/2245/1200 1707/2233/1188 1708/2234/1189
f 1865/2236/1191 1876/2246/1201 1708/2234/1189 1697/2224/1179
f 1517/2247/1202 1539/2248/1203 1864/2249/1204 1854/2250/1205
f 1539/2248/1203 1537/2251/1206 1863/2252/1207 1864/2249/1204
f 1537/2251/1206 1535/2253/1208 1862/2254/1209 1863/2252/1207
f 1535/2253/1208 1533/2255/1210 1861/2256/1211 1862/2254/1209
f 1533/2255/1210 1531/2257/1212 1860/2258/1213 1861/2256/1211
f 1531/2257/1212 1529/2259/1214 1859/2260/1215 1860/2258/1213
f 1529/2259/1214 1527/2261/1216 1858/2262/1217 1859/2260/1215
f 1527/2261/1216 1525/2263/1218 1857/2264/1219 1858/2262/1217
f 1525/2263/1218 1523/2265/1220 1856/2266/1221 1857/2264/1219
f 1523/2265/1220 1521/2267/1222 1855/2268/1223 1856/2266/1221
f 1521/2267/1222 1519/2269/1224 1853/2270/1225 1855/2268/1223
f 1519/2269/1224 1517/2247/1202 1854/2250/1205 1853/2270/1225
f 1854/2250/1205 1864/2249/1204 1876/2246/1201 1865/2236/1191
f 1864/2249/1204 1863/2252/1207 1875/2245/1200 1876/2246/1201
f 1863/2252/1207 1862/2254/1209 1874/2244/1199 1875/2245/1200
f 1862/2254/1209 1861/2256/1211 1873/2243/1198 1874/2244/1199
f 1861/2256/1211 1860/2258/1213 1872/2242/1197 1873/2243/1198
f 1860/2258/1213 1859/2260/1215 1871/2241/1196 1872/2242/1197
f 1859/2260/1215 1858/2262/1217 1870/2240/1195 1871/2241/1196
f 1858/2262/1217 1857/2264/1219 1869/2239/1194 1870/2240/1195
f 1857/2264/1219 1856/2266/1221 1868/2238/1193 1869/2239/1194
f 1856/2266/1221 1855/2268/1223 1867/2237/1192 1868/2238/1193
f 1855/2268/1223 1853/2270/1225 1866/2235/1190 1867/2237/1192
f 1853/2270/1225 1854/2250/1205 1865/2236/1191 1866/2235/1190
f 2009/2271/1128 1926/2272/1129 1925/2273/1131 2010/2274/1130
f 2011/2275/1126 1927/2276/1127 1926/2272/1129 2009/2271/1128
f 2012/2277/1124 1928/2278/1125 1927/2276/1127 2011/2275/1126
f 2013/2279/1122 1929/2280/1123 1928/2278/1125 2012/2277/1124
f 2014/2281/1118 1930/2282/1121 1929/2280/1123 2013/2279/1122
f 2015/2283/1226 1931/2284/1120 1930/2282/1121 2014/2281/1118
f 2016/2285/1140 1932/2286/1141 1931/2284/1120 2015/2283/1226
f 2017/2287/1138 1933/2288/1139 1932/2286/1141 2016/2285/1140
f 2018/2289/1136 1934/2290/1137 1933/2288/1139 2017/2287/1138
f 2019/2291/1134 1935/2292/1135 1934/2290/1137 2018/2289/1136
f 2020/2293/1132 1936/2294/1133 1935/2292/1135 2019/2291/1134
f 2010/2274/1130 1925/2273/1131 1936/2294/1133 2020/2293/1132
f 2007/2295/1046 2008/2296/1044 1996/2045/1044 1995/2043/1046
f 2006/2297/1048 2007/2295/1046 1995/2043/1046 1994/2041/1048
f 2005/2298/1050 2006/2297/1048 1994/2041/1048 1993/2039/1050
f 2004/2299/1052 2005/2298/1050 1993/2039/1050 1992/2037/1052
f 2003/2300/1054 2004/2299/1052 1992/2037/1052 1991/2035/1054
f 2002/2301/1031 2003/2300/1054 1991/2035/1054 1990/2033/1031
f 2001/2302/1034 2002/2301/1031 1990/2033/1031 1989/2031/1034
f 2000/2303/1036 2001/2302/1034 1989/2031/1034 1988/2029/1036
f 1999/2304/1038 2000/2303/1036 1988/2029/1036 1987/2027/1038
f 1998/2305/1040 1999/2304/1038 1987/2027/1038 1986/2025/1040
f 1997/2306/1042 1998/2305/1040 1986/2025/1040 1985/2022/1042
f 2008/2307/1044 1997/2306/1042 1985/2022/1042 1996/2021/1044
f 2021/2308/1148 2010/2274/1130 2020/2293/1132 2032/2309/1147
f 2032/2309/1147 2020/2293/1132 2019/2291/1134 2031/2310/1146
f 2031/2310/1146 2019/2291/1134 2018/2289/1136 2030/2311/1145
f 2030/2311/1145 2018/2289/1136 2017/2287/1138 2029/2312/1144
f 2029/2312/1144 2017/2287/1138 2016/2285/1140 2028/2313/1143
f 2028/2313/1143 2016/2285/1140 2015/2283/1226 2027/2314/1142
f 2027/2314/1142 2015/2283/1226 2014/2281/1118 2026/2315/1153
f 2026/2315/1153 2014/2281/1118 2013/2279/1122 2025/2316/1152
f 2025/2316/1152 2013/2279/1122 2012/2277/1124 2024/2317/1151
f 2024/2317/1151 2012/2277/1124 2011/2275/1126 2023/2318/1150
f 2023/2318/1150 2011/2275/1126 2009/2271/1128 2022/2319/1149
f 2022/2319/1149 2009/2271/1128 2010/2274/1130 2021/2308/1148
f 2034/2320/1159 2022/2319/1149 2021/2308/1148 2033/2321/1160
f 2035/2322/1158 2023/2318/1150 2022/2319/1149 2034/2320/1159
f 2036/2323/1157 2024/2317/1151 2023/2318/1150 2035/2322/1158
f 2037/2324/1156 2025/2316/1152 2024/2317/1151 2036/2323/1157
f 2038/2325/1154 2026/2315/1153 2025/2316/1152 2037/2324/1156
f 2039/2326/1155 2027/2314/1142 2026/2315/1153 2038/2325/1154
f 2040/2327/1165 2028/2313/1143 2027/2314/1142 2039/2326/1155
f 2041/2328/1164 2029/2312/1144 2028/2313/1143 2040/2327/1165
f 2042/2329/1163 2030/2311/1145 2029/2312/1144 2041/2328/1164
f 2043/2330/1162 2031/2310/1146 2030/2311/1145 2042/2329/1163
f 2044/2331/1161 2032/2309/1147 2031/2310/1146 2043/2330/1162
f 2033/2321/1160 2021/2308/1148 2032/2309/1147 2044/2331/1161
f 2046/2332/1171 2034/2320/1159 2033/2321/1160 2045/2333/1172
f 2047/2334/1170 2035/2322/1158 2034/2320/1159 2046/2332/1171
f 2048/2335/1169 2036/2323/1157 2035/2322/1158 2047/2334/1170
f 2049/2336/1168 2037/2324/1156 2036/2323/1157 2048/2335/1169
f 2050/2337/1166 2038/2325/1154 2037/2324/1156 2049/2336/1168
f 2051/2338/1167 2039/2326/1155 2038/2325/1154 2050/2337/1166
f 2052/2339/1177 2040/2327/1165 2039/2326/1155 2051/2338/1167
f 2053/2340/1176 2041/2328/1164 2040/2327/1165 2052/2339/1177
f 2054/2341/1175 2042/2329/1163 2041/2328/1164 2053/2340/1176
f 2055/2342/1174 2043/2330/1162 2042/2329/1163 2054/2341/1175
f 2056/2343/1173 2044/2331/1161 2043/2330/1162 2055/2342/1174
f 2045/2333/1172 2033/2321/1160 2044/2331/1161 2056/2343/1173
f 2058/2344/1183 2046/2332/1171 2045/2333/1172 2057/2345/1184
f 2059/2346/1182 2047/2334/1170 2046/2332/1171 2058/2344/1183
f 2060/2347/1181 2048/2335/1169 2047/2334/1170 2059/2346/1182
f 2061/2348/1180 2049/2336/1168 2048/2335/1169 2060/2347/1181
f 2062/2349/1178 2050/2337/1166 2049/2336/1168 2061/2348/1180
f 2063/2350/1179 2051/2338/1167 2050/2337/1166 2062/2349/1178
f 2064/2351/1189 2052/2339/1177 2051/2338/1167 2063/2350/1179
f 2065/2352/1188 2053/2340/1176 2052/2339/1177 2064/2351/1189
f 2066/2353/1187 2054/2341/1175 2053/2340/1176 2065/2352/1188
f 2067/2354/1186 2055/2342/1174 2054/2341/1175 2066/2353/1187
f 2068/2355/1185 2056/2343/1173 2055/2342/1174 2067/2354/1186
f 2057/2345/1184 2045/2333/1172 2056/2343/1173 2068/2355/1185
f 2226/2356/1195 2058/2344/1183 2057/2345/1184 2225/2357/1196
f 2227/2358/1194 2059/2346/1182 2058/2344/1183 2226/2356/1195
f 2228/2359/1193 2060/2347/1181 2059/2346/1182 2227/2358/1194
f 2229/2360/1192 2061/2348/1180 2060/2347/1181 2228/2359/1193
f 2230/2361/1190 2062/2349/1178 2061/2348/1180 2229/2360/1192
f 2231/2362/1191 2063/2350/1179 2062/2349/1178 2230/2361/1190
f 2232/2363/1201 2064/2351/1189 2063/2350/1179 2231/2362/1191
f 2233/2364/1200 2065/2352/1188 2064/2351/1189 2232/2363/1201
f 2234/2365/1199 2066/2353/1187 2065/2352/1188 2233/2364/1200
f 2235/2366/1198 2067/2354/1186 2066/2353/1187 2234/2365/1199
f 2236/2367/1197 2068/2355/1185 2067/2354/1186 2235/2366/1198
f 2225/2357/1196 2057/2345/1184 2068/2355/1185 2236/2367/1197
f 1877/2368/1214 2214/2369/1215 2224/2370/1213 1899/2371/1212
f 1899/2371/1212 2224/2370/1213 2223/2372/1211 1897/2373/1210
f 1897/2373/1210 2223/2372/1211 2222/2374/1209 1895/2375/1208
f 1895/2375/1208 2222/2374/1209 2221/2376/1207 1893/2377/1206
f 1893/2377/1206 2221/2376/1207 2220/2378/1204 1891/2379/1203
f 1891/2379/1203 2220/2378/1204 2219/2380/1205 1889/2381/1202
f 1889/2381/1202 2219/2380/1205 2218/2382/1225 1887/2383/1224
f 1887/2383/1224 2218/2382/1225 2217/2384/1223 1885/2385/1222
f 1885/2385/1222 2217/2384/1223 2216/2386/1221 1883/2387/1220
f 1883/2387/1220 2216/2386/1221 2215/2388/1219 1881/2389/1218
f 1881/2389/1218 2215/2388/1219 2213/2390/1217 1879/2391/1216
f 1879/2391/1216 2213/2390/1217 2214/2369/1215 1877/2368/1214
f 2214/2369/1215 2225/2357/1196 2236/2367/1197 2224/2370/1213
f 2224/2370/1213 2236/2367/1197 2235/2366/1198 2223/2372/1211
f 2223/2372/1211 2235/2366/1198 2234/2365/1199 2222/2374/1209
f 2222/2374/1209 2234/2365/1199 2233/2364/1200 2221/2376/1207
f 2221/2376/1207 2233/2364/1200 2232/2363/1201 2220/2378/1204
f 2220/2378/1204 2232/2363/1201 2231/2362/1191 2219/2380/1205
f 2219/2380/1205 2231/2362/1191 2230/2361/1190 2218/2382/1225
f 2218/2382/1225 2230/2361/1190 2229/2360/1192 2217/2384/1223
f 2217/2384/1223 2229/2360/1192 2228/2359/1193 2216/2386/1221
f 2216/2386/1221 2228/2359/1193 2227/2358/1194 2215/2388/1219
f 2215/2388/1219 2227/2358/1194 2226/2356/1195 2213/2390/1217
f 2213/2390/1217 2226/2356/1195 2225/2357/1196 2214/2369/1215
usemtl Gold
f 1830/2392/1021 1829/2393/1019 1825/2394/1018 1826/2395/1020
f 1733/2396/1030 1734/2397/1030 1744/2398/1030 1743/2399/1030 1742/2400/1030 1741/2401/1030 1740/2402/1030 1739/2403/1030 1738/2404/1030 1737/2405/1030 1736/2406/1030 1735/2407/1030
f 1832/2408/1015 1831/2409/1013 1822/2410/1012 1823/2411/1227
f 1834/2412/1009 1833/2413/1007 1819/2414/1006 1820/2415/1008
f 1835/2416/1023 1830/2392/1021 1826/2395/1020 1827/2417/1022
f 1836/2418/1017 1832/2408/1015 1823/2411/1227 1824/2419/1016
f 1837/2420/1011 1834/2412/1009 1820/2415/1008 1821/2421/1010
f 1838/2422/1029 1835/2416/1023 1827/2417/1022 1828/2423/1028
f 1840/2424/1005 1839/2425/1002 1818/2426/1003 1817/2427/1004
f 1829/2393/1019 1836/2418/1017 1824/2419/1016 1825/2394/1018
f 1831/2409/1013 1837/2420/1011 1821/2421/1010 1822/2410/1012
f 1839/2425/1002 1838/2422/1029 1828/2423/1028 1818/2426/1003
f 1833/2413/1007 1840/2424/1005 1817/2427/1004 1819/2414/1006
f 1734/2397/1030 1733/2396/1030 1817/2427/1004 1818/2426/1003
f 1733/2396/1030 1735/2407/1030 1819/2414/1006 1817/2427/1004
f 1735/2407/1030 1736/2406/1030 1820/2415/1008 1819/2414/1006
f 1736/2406/1030 1737/2405/1030 1821/2421/1010 1820/2415/1008
f 1737/2405/1030 1738/2404/1030 1822/2410/1012 1821/2421/1010
f 1738/2404/1030 1739/2403/1030 1823/2411/1227 1822/2410/1012
f 1739/2403/1030 1740/2402/1030 1824/2419/1016 1823/2411/1227
f 1740/2402/1030 1741/2401/1030 1825/2394/1018 1824/2419/1016
f 1741/2401/1030 1742/2400/1030 1826/2395/1020 1825/2394/1018
f 1742/2400/1030 1743/2399/1030 1827/2417/1022 1826/2395/1020
f 1743/2399/1030 1744/2398/1030 1828/2423/1028 1827/2417/1022
f 1744/2398/1030 1734/2397/1030 1818/2426/1003 1828/2423/1028
f 1851/2428/1007 1848/2429/1005 1840/2424/1005 1833/2413/1007
f 1852/2430/1002 1847/2431/1029 1838/2422/1029 1839/2425/1002
f 1850/2432/1013 1846/2433/1011 1837/2420/1011 1831/2409/1013
f 1849/2434/1019 1845/2435/1017 1836/2418/1017 1829/2393/1019
f 1848/2429/1005 1852/2430/1002 1839/2425/1002 1840/2424/1005
f 1847/2431/1029 1844/2436/1023 1835/2416/1023 1838/2422/1029
f 1846/2433/1011 1843/2437/1009 1834/2412/1009 1837/2420/1011
f 1845/2435/1017 1842/2438/1015 1832/2408/1015 1836/2418/1017
f 1844/2436/1023 1841/2439/1021 1830/2392/1021 1835/2416/1023
f 1843/2437/1009 1851/2428/1007 1833/2413/1007 1834/2412/1009
f 1842/2438/1015 1850/2432/1013 1831/2409/1013 1832/2408/1015
f 1841/2439/1021 1849/2434/1019 1829/2393/1019 1830/2392/1021
f 1718/1911/1078 1717/1913/1079 1849/2434/1019 1841/2439/1021
f 1715/1917/1081 1714/1919/1082 1850/2432/1013 1842/2438/1015
f 1712/1923/1084 1711/1925/1085 1851/2428/1007 1843/2437/1009
f 1719/1909/1077 1718/1911/1078 1841/2439/1021 1844/2436/1023
f 1716/1915/1080 1715/1917/1081 1842/2438/1015 1845/2435/1017
f 1713/1921/1083 1712/1923/1084 1843/2437/1009 1846/2433/1011
f 1720/1905/1075 1719/1909/1077 1844/2436/1023 1847/2431/1029
f 1709/1927/1086 1710/1906/1076 1852/2430/1002 1848/2429/1005
f 1717/1913/1079 1716/1915/1080 1845/2435/1017 1849/2434/1019
f 1714/1919/1082 1713/1921/1083 1846/2433/1011 1850/2432/1013
f 1710/1906/1076 1720/1905/1075 1847/2431/1029 1852/2430/1002
f 1711/1925/1085 1709/1927/1086 1848/2429/1005 1851/2428/1007
f 2190/2440/1021 2186/2441/1020 2185/2442/1022 2189/2443/1023
f 2093/2444/1030 2095/2445/1030 2096/2446/1030 2097/2447/1030 2098/2448/1030 2099/2449/1030 2100/2450/1030 2101/2451/1030 2102/2452/1030 2103/2453/1030 2104/2454/1030 2094/2455/1030
f 2192/2456/1002 2183/2457/1228 2182/2458/1004 2191/2459/1005
f 2194/2460/1009 2180/2461/1008 2179/2462/1010 2193/2463/1011
f 2195/2464/1019 2187/2465/1018 2186/2441/1020 2190/2440/1021
f 2196/2466/1029 2184/2467/1028 2183/2457/1228 2192/2456/1002
f 2197/2468/1007 2181/2469/1006 2180/2461/1008 2194/2460/1009
f 2198/2470/1017 2188/2471/1016 2187/2465/1018 2195/2464/1019
f 2200/2472/1013 2177/2473/1012 2178/2474/1014 2199/2475/1015
f 2189/2443/1023 2185/2442/1022 2184/2467/1028 2196/2466/1029
f 2191/2459/1005 2182/2458/1004 2181/2469/1006 2197/2468/1007
f 2199/2475/1015 2178/2474/1014 2188/2471/1016 2198/2470/1017
f 2193/2463/1011 2179/2462/1010 2177/2473/1012 2200/2472/1013
f 2094/2455/1030 2178/2474/1014 2177/2473/1012 2093/2444/1030
f 2093/2444/1030 2177/2473/1012 2179/2462/1010 2095/2445/1030
f 2095/2445/1030 2179/2462/1010 2180/2461/1008 2096/2446/1030
f 2096/2446/1030 2180/2461/1008 2181/2469/1006 2097/2447/1030
f 2097/2447/1030 2181/2469/1006 2182/2458/1004 2098/2448/1030
f 2098/2448/1030 2182/2458/1004 2183/2457/1228 2099/2449/1030
f 2099/2449/1030 2183/2457/1228 2184/2467/1028 2100/2450/1030
f 2100/2450/1030 2184/2467/1028 2185/2442/1022 2101/2451/1030
f 2101/2451/1030 2185/2442/1022 2186/2441/1020 2102/2452/1030
f 2102/2452/1030 2186/2441/1020 2187/2465/1018 2103/2453/1030
f 2103/2453/1030 2187/2465/1018 2188/2471/1016 2104/2454/1030
f 2104/2454/1030 2188/2471/1016 2178/2474/1014 2094/2455/1030
f 2211/2476/1011 2193/2463/1011 2200/2472/1013 2208/2477/1013
f 2212/2478/1015 2199/2475/1015 2198/2470/1017 2207/2479/1017
f 2210/2480/1005 2191/2459/1005 2197/2468/1007 2206/2481/1007
f 2209/2482/1023 2189/2443/1023 2196/2466/1029 2205/2483/1029
f 2208/2477/1013 2200/2472/1013 2199/2475/1015 2212/2478/1015
f 2207/2479/1017 2198/2470/1017 2195/2464/1019 2204/2484/1019
f 2206/2481/1007 2197/2468/1007 2194/2460/1009 2203/2485/1009
f 2205/2483/1029 2196/2466/1029 2192/2456/1002 2202/2486/1002
f 2204/2484/1019 2195/2464/1019 2190/2440/1021 2201/2487/1021
f 2203/2485/1009 2194/2460/1009 2193/2463/1011 2211/2476/1011
f 2202/2486/1002 2192/2456/1002 2191/2459/1005 2210/2480/1005
f 2201/2487/1021 2190/2440/1021 2189/2443/1023 2209/2482/1023
f 2078/2096/1078 2201/2487/1021 2209/2482/1023 2077/2098/1077
f 2075/2102/1076 2202/2486/1002 2210/2480/1005 2074/2104/1086
f 2072/2108/1084 2203/2485/1009 2211/2476/1011 2071/2110/1083
f 2079/2094/1079 2204/2484/1019 2201/2487/1021 2078/2096/1078
f 2076/2100/1075 2205/2483/1029 2202/2486/1002 2075/2102/1076
f 2073/2106/1116 2206/2481/1007 2203/2485/1009 2072/2108/1084
f 2080/2090/1115 2207/2479/1017 2204/2484/1019 2079/2094/1079
f 2069/2112/1082 2208/2477/1013 2212/2478/1015 2070/2093/1081
f 2077/2098/1077 2209/2482/1023 2205/2483/1029 2076/2100/1075
f 2074/2104/1086 2210/2480/1005 2206/2481/1007 2073/2106/1116
f 2070/2093/1081 2212/2478/1015 2207/2479/1017 2080/2090/1115
f 2071/2110/1083 2211/2476/1011 2208/2477/1013 2069/2112/1082
f 1623/2488/1029 1552/2489/1229 1541/2490/1230 1624/2491/1002
f 1622/2492/1023 1551/2493/1231 1552/2489/1229 1623/2488/1029
f 1621/2494/1021 1550/2495/1232 1551/2493/1231 1622/2492/1023
f 1620/2496/1019 1549/2497/1233 1550/2495/1232 1621/2494/1021
f 1619/2498/1017 1548/2499/1234 1549/2497/1233 1620/2496/1019
f 1618/2500/1015 1547/2501/1235 1548/2499/1234 1619/2498/1017
f 1617/2502/1013 1546/2503/1236 1547/2501/1235 1618/2500/1015
f 1616/2504/1011 1545/2505/1237 1546/2503/1236 1617/2502/1013
f 1615/2506/1009 1544/2507/1238 1545/2505/1237 1616/2504/1011
f 1614/2508/1007 1543/2509/1239 1544/2507/1238 1615/2506/1009
f 1613/2510/1005 1542/2511/1240 1543/2509/1239 1614/2508/1007
f 1624/2512/1002 1541/2513/1230 1542/2511/1240 1613/2510/1005
f 1565/2514/1120 1624/2512/1002 1613/2510/1005 1566/2515/1121
f 1566/2515/1121 1613/2510/1005 1614/2508/1007 1567/2516/1123
f 1567/2516/1123 1614/2508/1007 1615/2506/1009 1568/2517/1125
f 1568/2517/1125 1615/2506/1009 1616/2504/1011 1569/2518/1127
f 1569/2518/1127 1616/2504/1011 1617/2502/1013 1570/2519/1129
f 1570/2519/1129 1617/2502/1013 1618/2500/1015 1571/2520/1131
f 1571/2520/1131 1618/2500/1015 1619/2498/1017 1572/2521/1133
f 1572/2521/1133 1619/2498/1017 1620/2496/1019 1573/2522/1135
f 1573/2522/1135 1620/2496/1019 1621/2494/1021 1574/2523/1137
f 1574/2523/1137 1621/2494/1021 1622/2492/1023 1575/2524/1139
f 1575/2524/1139 1622/2492/1023 1623/2488/1029 1576/2525/1141
f 1576/2525/1141 1623/2488/1029 1624/2491/1002 1565/2526/1120
f 1541/2513/1230 1648/2186/1031 1637/2185/1034 1542/2511/1240
f 1542/2511/1240 1637/2185/1034 1638/2184/1036 1543/2509/1239
f 1543/2509/1239 1638/2184/1036 1639/2183/1038 1544/2507/1238
f 1544/2507/1238 1639/2183/1038 1640/2182/1040 1545/2505/1237
f 1545/2505/1237 1640/2182/1040 1641/2181/1042 1546/2503/1236
f 1546/2503/1236 1641/2181/1042 1642/2180/1044 1547/2501/1235
f 1547/2501/1235 1642/2180/1044 1643/2179/1046 1548/2499/1234
f 1548/2499/1234 1643/2179/1046 1644/2178/1048 1549/2497/1233
f 1549/2497/1233 1644/2178/1048 1645/2177/1050 1550/2495/1232
f 1550/2495/1232 1645/2177/1050 1646/2176/1052 1551/2493/1231
f 1551/2493/1231 1646/2176/1052 1647/2174/1054 1552/2489/1229
f 1552/2489/1229 1647/2174/1054 1648/2175/1031 1541/2490/1230
f 1983/2527/1017 1984/2528/1015 1901/2529/1235 1912/2530/1234
f 1982/2531/1019 1983/2527/1017 1912/2530/1234 1911/2532/1233
f 1981/2533/1021 1982/2531/1019 1911/2532/1233 1910/2534/1232
f 1980/2535/1023 1981/2533/1021 1910/2534/1232 1909/2536/1231
f 1979/2537/1029 1980/2535/1023 1909/2536/1231 1908/2538/1229
f 1978/2539/1002 1979/2537/1029 1908/2538/1229 1907/2540/1230
f 1977/2541/1005 1978/2539/1002 1907/2540/1230 1906/2542/1240
f 1976/2543/1007 1977/2541/1005 1906/2542/1240 1905/2544/1239
f 1975/2545/1009 1976/2543/1007 1905/2544/1239 1904/2546/1238
f 1974/2547/1011 1975/2545/1009 1904/2546/1238 1903/2548/1237
f 1973/2549/1013 1974/2547/1011 1903/2548/1237 1902/2550/1236
f 1984/2551/1015 1973/2549/1013 1902/2550/1236 1901/2552/1235
f 1925/2553/1131 1926/2554/1129 1973/2549/1013 1984/2551/1015
f 1926/2554/1129 1927/2555/1127 1974/2547/1011 1973/2549/1013
f 1927/2555/1127 1928/2556/1125 1975/2545/1009 1974/2547/1011
f 1928/2556/1125 1929/2557/1123 1976/2543/1007 1975/2545/1009
f 1929/2557/1123 1930/2558/1121 1977/2541/1005 1976/2543/1007
f 1930/2558/1121 1931/2559/1120 1978/2539/1002 1977/2541/1005
f 1931/2559/1120 1932/2560/1141 1979/2537/1029 1978/2539/1002
f 1932/2560/1141 1933/2561/1139 1980/2535/1023 1979/2537/1029
f 1933/2561/1139 1934/2562/1137 1981/2533/1021 1980/2535/1023
f 1934/2562/1137 1935/2563/1135 1982/2531/1019 1981/2533/1021
f 1935/2563/1135 1936/2564/1133 1983/2527/1017 1982/2531/1019
f 1936/2564/1133 1925/2565/1131 1984/2528/1015 1983/2527/1017
f 1901/2552/1235 1902/2550/1236 1997/2306/1042 2008/2307/1044
f 1902/2550/1236 1903/2548/1237 1998/2305/1040 1997/2306/1042
f 1903/2548/1237 1904/2546/1238 1999/2304/1038 1998/2305/1040
f 1904/2546/1238 1905/2544/1239 2000/2303/1036 1999/2304/1038
f 1905/2544/1239 1906/2542/1240 2001/2302/1034 2000/2303/1036
f 1906/2542/1240 1907/2540/1230 2002/2301/1031 2001/2302/1034
f 1907/2540/1230 1908/2538/1229 2003/2300/1054 2002/2301/1031
f 1908/2538/1229 1909/2536/1231 2004/2299/1052 2003/2300/1054
f 1909/2536/1231 1910/2534/1232 2005/2298/1050 2004/2299/1052
f 1910/2534/1232 1911/2532/1233 2006/2297/1048 2005/2298/1050
f 1911/2532/1233 1912/2530/1234 2007/2295/1046 2006/2297/1048
f 1912/2530/1234 1901/2529/1235 2008/2296/1044 2007/2295/1046
usemtl BlackVoid
f 1517/2247/1202 1519/2269/1224 1521/2267/1222 1523/2265/1220 1525/2263/1218 1527/2261/1216 1529/2259/1214 1531/2257/1212 1533/2255/1210 1535/2253/1208 1537/2251/1206 1539/2248/1203
f 1877/2368/1214 1899/2371/1212 1897/2373/1210 1895/2375/1208 1893/2377/1206 1891/2379/1203 1889/2381/1202 1887/2383/1224 1885/2385/1222 1883/2387/1220 1881/2389/1218 1879/2391/1216
o Cylinder.005_Cylinder.011
v -1.153422 1.063694 0.542241
v -1.162622 1.064807 2.583973
v -1.145088 1.005141 0.542241
v -1.153613 1.001505 2.583973
v -1.108595 0.958599 0.542241
v -1.114159 0.951188 2.583973
v -1.053720 0.936540 0.542241
v -1.054834 0.927339 2.583973
v -0.995167 0.944873 0.542241
v -0.991531 0.936349 2.583973
v -0.948626 0.981366 0.542241
v -0.941215 0.975802 2.583973
v -0.926566 1.036241 0.542241
v -0.917366 1.035128 2.583973
v -0.934899 1.094794 0.542241
v -0.926375 1.098430 2.583973
v -0.971392 1.141336 0.542241
v -0.965828 1.148746 2.583973
v -1.026267 1.163395 0.542241
v -1.025154 1.172595 2.583973
v -1.084820 1.155062 0.542241
v -1.088456 1.163586 2.583973
v -1.131362 1.118569 0.542241
v -1.138773 1.124133 2.583973
v -1.195707 1.068811 0.626437
v -1.184268 0.988430 0.626437
v -1.134170 0.924537 0.626437
v -1.058837 0.894254 0.626437
v -0.978456 0.905694 0.626437
v -0.914564 0.955791 0.626437
v -0.884280 1.031124 0.626437
v -0.895720 1.111505 0.626437
v -0.945818 1.175398 0.626437
v -1.021150 1.205681 0.626437
v -1.101531 1.194241 0.626437
v -1.165424 1.144143 0.626437
v -1.195707 1.068811 2.298122
v -1.184268 0.988430 2.298122
v -1.134170 0.924537 2.298122
v -1.058837 0.894254 2.298122
v -0.978456 0.905694 2.298122
v -0.914564 0.955791 2.298122
v -0.884280 1.031124 2.298122
v -0.895720 1.111505 2.298122
v -0.945818 1.175398 2.298122
v -1.021150 1.205681 2.298122
v -1.101531 1.194241 2.298122
v -1.165424 1.144143 2.298122
v -1.195707 1.068811 0.542241
v -1.184268 0.988430 0.542241
v -1.134170 0.924537 0.542241
v -1.058837 0.894254 0.542241
v -0.978456 0.905694 0.542241
v -0.914564 0.955791 0.542241
v -0.884280 1.031124 0.542241
v -0.895720 1.111505 0.542241
v -0.945818 1.175398 0.542241
v -1.021150 1.205681 0.542241
v -1.101531 1.194241 0.542241
v -1.165424 1.144143 0.542241
v -1.184268 0.988430 2.583973
v -1.195707 1.068811 2.583973
v -1.134170 0.924537 2.583973
v -1.058837 0.894254 2.583973
v -0.978456 0.905694 2.583973
v -0.914564 0.955791 2.583973
v -0.884280 1.031124 2.583973
v -0.895720 1.111505 2.583973
v -0.945818 1.175398 2.583973
v -1.021150 1.205681 2.583973
v -1.101531 1.194241 2.583973
v -1.165424 1.144143 2.583973
v -1.050276 1.045582 3.202826
v -1.051091 1.051310 3.202826
v -1.046705 1.041028 3.202826
v -1.041337 1.038870 3.202826
v -1.035608 1.039685 3.202826
v -1.031055 1.043256 3.202826
v -1.028896 1.048625 3.202826
v -1.029712 1.054353 3.202826
v -1.033282 1.058907 3.202826
v -1.038651 1.061065 3.202826
v -1.044379 1.060249 3.202826
v -1.048933 1.056679 3.202826
v -1.155874 1.063991 0.542241
v -1.147361 1.004172 0.542241
v -1.110078 0.956624 0.542241
v -1.054017 0.934087 0.542241
v -0.994198 0.942600 0.542241
v -0.946650 0.979883 0.542241
v -0.924113 1.035944 0.542241
v -0.932627 1.095763 0.542241
v -0.969909 1.143311 0.542241
v -1.025970 1.165848 0.542241
v -1.085789 1.157334 0.542241
v -1.133337 1.120052 0.542241
v -1.147697 1.063001 0.475441
v -1.139785 1.007403 0.475441
v -1.105133 0.963210 0.475441
v -1.053028 0.942264 0.475441
v -0.997429 0.950176 0.475441
v -0.953237 0.984828 0.475441
v -0.932290 1.036934 0.475441
v -0.940203 1.092532 0.475441
v -0.974854 1.136725 0.475441
v -1.026960 1.157671 0.475441
v -1.082558 1.149758 0.475441
v -1.126751 1.115107 0.475441
v -1.153422 1.063694 0.493463
v -1.145088 1.005141 0.493463
v -1.108595 0.958599 0.493463
v -1.053720 0.936540 0.493463
v -0.995167 0.944873 0.493463
v -0.948626 0.981366 0.493463
v -0.926566 1.036241 0.493463
v -0.934899 1.094794 0.493463
v -0.971392 1.141336 0.493463
v -1.026267 1.163395 0.493463
v -1.084820 1.155062 0.493463
v -1.131362 1.118569 0.493463
v -1.129099 1.060750 0.460943
v -1.122553 1.014753 0.460943
v -1.093885 0.978192 0.460943
v -1.050777 0.960862 0.460943
v -1.004779 0.967408 0.460943
v -0.968218 0.996076 0.460943
v -0.950888 1.039184 0.460943
v -0.957435 1.085182 0.460943
v -0.986103 1.121743 0.460943
v -1.029211 1.139073 0.460943
v -1.075208 1.132527 0.460943
v -1.111770 1.103859 0.460943
v -1.100129 1.057245 0.442893
v -1.095711 1.026202 0.442893
v -1.076364 1.001527 0.442893
v -1.047271 0.989832 0.442893
v -1.016228 0.994250 0.442893
v -0.991553 1.013597 0.442893
v -0.979858 1.042690 0.442893
v -0.984276 1.073733 0.442893
v -1.003624 1.098408 0.442893
v -1.032716 1.110103 0.442893
v -1.063759 1.105685 0.442893
v -1.088434 1.086338 0.442893
v -1.086230 1.055563 0.353766
v -1.082834 1.031695 0.353766
v -1.067958 1.012723 0.353766
v -1.045589 1.003731 0.353766
v -1.021721 1.007128 0.353766
v -1.002749 1.022003 0.353766
v -0.993757 1.044372 0.353766
v -0.997154 1.068240 0.353766
v -1.012030 1.087212 0.353766
v -1.034398 1.096204 0.353766
v -1.058266 1.092807 0.353766
v -1.077238 1.077932 0.353766
v -1.113849 0.951601 2.587226
v -1.054772 0.927852 2.587226
v -1.025216 1.172083 2.587226
v -1.088253 1.163111 2.587226
v -0.917879 1.035190 2.587226
v -0.926850 1.098227 2.587226
v -0.991734 0.936824 2.587226
v -1.138360 1.123823 2.587226
v -1.162109 1.064745 2.587226
v -1.153137 1.001708 2.587226
v -0.966138 1.148333 2.587226
v -0.941628 0.976112 2.587226
v -1.195707 1.068811 2.358361
v -1.184268 0.988430 2.358361
v -1.134170 0.924537 2.358361
v -1.058837 0.894254 2.358361
v -0.978456 0.905694 2.358361
v -0.914564 0.955791 2.358361
v -0.884280 1.031124 2.358361
v -0.895720 1.111505 2.358361
v -0.945818 1.175398 2.358361
v -1.021150 1.205681 2.358361
v -1.101531 1.194241 2.358361
v -1.165424 1.144143 2.358361
v -1.187562 1.067825 2.583973
v -1.176720 0.991649 2.583973
v -1.129243 0.931099 2.583973
v -1.057852 0.902399 2.583973
v -0.981675 0.913241 2.583973
v -0.921125 0.960718 2.583973
v -0.892426 1.032109 2.583973
v -0.903267 1.108286 2.583973
v -0.950744 1.168836 2.583973
v -1.022136 1.197536 2.583973
v -1.098312 1.186694 2.583973
v -1.158862 1.139217 2.583973
v -1.166504 1.065277 2.583973
v -1.157210 0.999971 2.583973
v -1.116507 0.948061 2.583973
v -1.055303 0.923457 2.583973
v -0.989997 0.932751 2.583973
v -0.938087 0.973454 2.583973
v -0.913483 1.034658 2.583973
v -0.922778 1.099964 2.583973
v -0.963480 1.151874 2.583973
v -1.024684 1.176478 2.583973
v -1.089990 1.167183 2.583973
v -1.141900 1.126481 2.583973
v -1.055762 1.028966 3.196491
v -1.036839 1.076039 3.196491
v -1.013922 1.046812 3.196491
v -1.066065 1.053122 3.196491
v -1.043149 1.023896 3.196491
v -1.050297 1.074124 3.196491
v -1.015838 1.060271 3.196491
v -1.029690 1.025811 3.196491
v -1.060995 1.065735 3.196491
v -1.064150 1.039664 3.196491
v -1.024226 1.070968 3.196491
v -1.018993 1.034199 3.196491
v -1.064736 1.107976 0.444434
v -1.032417 1.112576 0.444434
v -0.981985 1.074710 0.444434
v -0.977385 1.042391 0.444434
v -1.015251 0.991958 0.444434
v -1.047570 0.987359 0.444434
v -1.090426 1.087833 0.444434
v -1.098003 1.025225 0.444434
v -1.102602 1.057544 0.444434
v -1.002128 1.100400 0.444434
v -0.989561 1.012102 0.444434
v -1.077860 0.999535 0.444434
v -1.180164 0.990180 0.542241
v -1.191278 1.068275 0.542241
v -1.131491 0.928105 0.542241
v -1.058301 0.898683 0.542241
v -0.980206 0.909797 0.542241
v -0.918131 0.958470 0.542241
v -0.888709 1.031660 0.542241
v -0.899824 1.109755 0.542241
v -0.948496 1.171830 0.542241
v -1.021686 1.201252 0.542241
v -1.099781 1.190138 0.542241
v -1.161856 1.141465 0.542241
v -1.046010 1.000257 0.356566
v -1.070059 1.009925 0.356566
v -1.059639 1.096026 0.356566
v -1.033978 1.099678 0.356566
v -0.993935 1.069613 0.356566
v -0.990283 1.043952 0.356566
v -1.020348 1.003909 0.356566
v -1.080037 1.080033 0.356566
v -1.086052 1.030322 0.356566
v -1.089705 1.055983 0.356566
v -1.009928 1.090010 0.356566
v -0.999951 1.019902 0.356566
v -1.089366 1.055942 0.353766
v -1.085739 1.030455 0.353766
v -1.069854 1.010197 0.353766
v -1.045969 1.000595 0.353766
v -1.020482 1.004222 0.353766
v -1.000223 1.020107 0.353766
v -0.990621 1.043993 0.353766
v -0.994248 1.069479 0.353766
v -1.010133 1.089738 0.353766
v -1.034019 1.099340 0.353766
v -1.059506 1.095713 0.353766
v -1.079764 1.079828 0.353766
v -1.195707 1.068811 2.579273
v -1.184268 0.988430 2.579273
v -1.134170 0.924537 2.579273
v -1.058837 0.894254 2.579273
v -0.978456 0.905694 2.579273
v -0.914564 0.955791 2.579273
v -0.884280 1.031124 2.579273
v -0.895720 1.111505 2.579273
v -0.945818 1.175398 2.579273
v -1.021150 1.205681 2.579273
v -1.101531 1.194241 2.579273
v -1.165424 1.144143 2.579273
v 1.153422 1.063694 0.542241
v 1.162621 1.064807 2.583973
v 1.145088 1.005141 0.542241
v 1.153612 1.001505 2.583973
v 1.108595 0.958599 0.542241
v 1.114159 0.951188 2.583973
v 1.053720 0.936540 0.542241
v 1.054833 0.927339 2.583973
v 0.995167 0.944873 0.542241
v 0.991531 0.936349 2.583973
v 0.948625 0.981366 0.542241
v 0.941214 0.975802 2.583973
v 0.926566 1.036241 0.542241
v 0.917366 1.035128 2.583973
v 0.934899 1.094794 0.542241
v 0.926375 1.098430 2.583973
v 0.971392 1.141336 0.542241
v 0.965828 1.148746 2.583973
v 1.026267 1.163395 0.542241
v 1.025154 1.172595 2.583973
v 1.084820 1.155062 0.542241
v 1.088456 1.163586 2.583973
v 1.131362 1.118569 0.542241
v 1.138772 1.124133 2.583973
v 1.195707 1.068811 0.626437
v 1.184267 0.988430 0.626437
v 1.134169 0.924537 0.626437
v 1.058838 0.894254 0.626437
v 0.978456 0.905694 0.626437
v 0.914563 0.955791 0.626437
v 0.884280 1.031124 0.626437
v 0.895720 1.111505 0.626437
v 0.945817 1.175398 0.626437
v 1.021150 1.205681 0.626437
v 1.101531 1.194241 0.626437
v 1.165424 1.144143 0.626437
v 1.195707 1.068811 2.298122
v 1.184267 0.988430 2.298122
v 1.134169 0.924537 2.298122
v 1.058837 0.894254 2.298122
v 0.978456 0.905694 2.298122
v 0.914563 0.955791 2.298122
v 0.884280 1.031124 2.298122
v 0.895720 1.111505 2.298122
v 0.945818 1.175398 2.298122
v 1.021150 1.205681 2.298122
v 1.101531 1.194241 2.298122
v 1.165424 1.144143 2.298122
v 1.195707 1.068811 0.542241
v 1.184267 0.988430 0.542241
v 1.134169 0.924537 0.542241
v 1.058838 0.894254 0.542241
v 0.978456 0.905694 0.542241
v 0.914563 0.955791 0.542241
v 0.884280 1.031124 0.542241
v 0.895720 1.111505 0.542241
v 0.945818 1.175398 0.542241
v 1.021150 1.205681 0.542241
v 1.101531 1.194241 0.542241
v 1.165424 1.144143 0.542241
v 1.184267 0.988430 2.583973
v 1.195707 1.068811 2.583973
v 1.134169 0.924537 2.583973
v 1.058837 0.894254 2.583973
v 0.978456 0.905694 2.583973
v 0.914563 0.955791 2.583973
v 0.884280 1.031124 2.583973
v 0.895720 1.111505 2.583973
v 0.945818 1.175398 2.583973
v 1.021150 1.205681 2.583973
v 1.101531 1.194241 2.583973
v 1.165424 1.144143 2.583973
v 1.050276 1.045582 3.202826
v 1.051091 1.051310 3.202826
v 1.046705 1.041028 3.202826
v 1.041337 1.038870 3.202826
v 1.035608 1.039685 3.202826
v 1.031055 1.043256 3.202826
v 1.028896 1.048625 3.202826
v 1.029712 1.054353 3.202826
v 1.033282 1.058907 3.202826
v 1.038651 1.061065 3.202826
v 1.044379 1.060250 3.202826
v 1.048933 1.056679 3.202826
v 1.155874 1.063991 0.542241
v 1.147361 1.004172 0.542241
v 1.110078 0.956624 0.542241
v 1.054017 0.934087 0.542241
v 0.994198 0.942600 0.542241
v 0.946650 0.979883 0.542241
v 0.924113 1.035944 0.542241
v 0.932626 1.095763 0.542241
v 0.969909 1.143311 0.542241
v 1.025970 1.165848 0.542241
v 1.085789 1.157334 0.542241
v 1.133337 1.120052 0.542241
v 1.147697 1.063001 0.475441
v 1.139785 1.007403 0.475441
v 1.105133 0.963210 0.475441
v 1.053028 0.942264 0.475441
v 0.997429 0.950176 0.475441
v 0.953236 0.984828 0.475441
v 0.932290 1.036934 0.475441
v 0.940203 1.092532 0.475441
v 0.974854 1.136725 0.475441
v 1.026960 1.157671 0.475441
v 1.082558 1.149758 0.475441
v 1.126751 1.115107 0.475441
v 1.153422 1.063694 0.493463
v 1.145088 1.005141 0.493463
v 1.108595 0.958599 0.493463
v 1.053720 0.936540 0.493463
v 0.995167 0.944873 0.493463
v 0.948625 0.981366 0.493463
v 0.926566 1.036241 0.493463
v 0.934899 1.094794 0.493463
v 0.971392 1.141336 0.493463
v 1.026267 1.163395 0.493463
v 1.084820 1.155062 0.493463
v 1.131362 1.118569 0.493463
v 1.129099 1.060751 0.460943
v 1.122553 1.014753 0.460943
v 1.093885 0.978192 0.460943
v 1.050777 0.960862 0.460943
v 1.004780 0.967408 0.460943
v 0.968218 0.996076 0.460943
v 0.950888 1.039184 0.460943
v 0.957435 1.085182 0.460943
v 0.986102 1.121743 0.460943
v 1.029210 1.139073 0.460943
v 1.075208 1.132527 0.460943
v 1.111770 1.103859 0.460943
v 1.100129 1.057245 0.442893
v 1.095711 1.026202 0.442893
v 1.076364 1.001527 0.442893
v 1.047271 0.989832 0.442893
v 1.016228 0.994250 0.442893
v 0.991553 1.013597 0.442893
v 0.979858 1.042690 0.442893
v 0.984276 1.073733 0.442893
v 1.003624 1.098408 0.442893
v 1.032716 1.110103 0.442893
v 1.063759 1.105685 0.442893
v 1.088434 1.086338 0.442893
v 1.086230 1.055563 0.353766
v 1.082833 1.031695 0.353766
v 1.067958 1.012723 0.353766
v 1.045589 1.003731 0.353766
v 1.021721 1.007128 0.353766
v 1.002749 1.022003 0.353766
v 0.993757 1.044372 0.353766
v 0.997154 1.068240 0.353766
v 1.012030 1.087212 0.353766
v 1.034398 1.096204 0.353766
v 1.058266 1.092807 0.353766
v 1.077238 1.077932 0.353766
v 1.113849 0.951601 2.587226
v 1.054771 0.927852 2.587226
v 1.025216 1.172083 2.587226
v 1.088253 1.163111 2.587226
v 0.917878 1.035190 2.587226
v 0.926850 1.098227 2.587226
v 0.991734 0.936824 2.587226
v 1.138359 1.123823 2.587226
v 1.162109 1.064745 2.587226
v 1.153137 1.001708 2.587226
v 0.966138 1.148333 2.587226
v 0.941628 0.976112 2.587226
v 1.195707 1.068811 2.358361
v 1.184267 0.988430 2.358361
v 1.134169 0.924537 2.358361
v 1.058837 0.894254 2.358361
v 0.978456 0.905694 2.358361
v 0.914563 0.955791 2.358361
v 0.884280 1.031124 2.358361
v 0.895720 1.111505 2.358361
v 0.945818 1.175398 2.358361
v 1.021150 1.205681 2.358361
v 1.101531 1.194241 2.358361
v 1.165424 1.144143 2.358361
v 1.187562 1.067825 2.583973
v 1.176720 0.991649 2.583973
v 1.129243 0.931099 2.583973
v 1.057852 0.902399 2.583973
v 0.981675 0.913241 2.583973
v 0.921125 0.960718 2.583973
v 0.892425 1.032109 2.583973
v 0.903267 1.108286 2.583973
v 0.950744 1.168836 2.583973
v 1.022136 1.197536 2.583973
v 1.098312 1.186694 2.583973
v 1.158862 1.139217 2.583973
v 1.166504 1.065277 2.583973
v 1.157210 0.999971 2.583973
v 1.116507 0.948061 2.583973
v 1.055303 0.923457 2.583973
v 0.989997 0.932751 2.583973
v 0.938087 0.973454 2.583973
v 0.913483 1.034658 2.583973
v 0.922777 1.099964 2.583973
v 0.963480 1.151874 2.583973
v 1.024684 1.176478 2.583973
v 1.089990 1.167183 2.583973
v 1.141900 1.126481 2.583973
v 1.055761 1.028966 3.196491
v 1.036838 1.076039 3.196491
v 1.013922 1.046812 3.196491
v 1.066065 1.053122 3.196491
v 1.043149 1.023896 3.196491
v 1.050297 1.074124 3.196491
v 1.015838 1.060271 3.196491
v 1.029690 1.025811 3.196491
v 1.060995 1.065735 3.196491
v 1.064149 1.039664 3.196491
v 1.024225 1.070968 3.196491
v 1.018993 1.034199 3.196491
v 1.064736 1.107976 0.444434
v 1.032417 1.112576 0.444434
v 0.981985 1.074710 0.444434
v 0.977385 1.042391 0.444434
v 1.015251 0.991958 0.444434
v 1.047570 0.987359 0.444434
v 1.090426 1.087833 0.444434
v 1.098003 1.025225 0.444434
v 1.102602 1.057544 0.444434
v 1.002128 1.100400 0.444434
v 0.989561 1.012102 0.444434
v 1.077860 0.999535 0.444434
v 1.180164 0.990180 0.542241
v 1.191278 1.068275 0.542241
v 1.131491 0.928105 0.542241
v 1.058301 0.898683 0.542241
v 0.980206 0.909797 0.542241
v 0.918131 0.958470 0.542241
v 0.888709 1.031660 0.542241
v 0.899823 1.109755 0.542241
v 0.948496 1.171830 0.542241
v 1.021686 1.201252 0.542241
v 1.099781 1.190138 0.542241
v 1.161856 1.141465 0.542241
v 1.046009 1.000257 0.356566
v 1.070059 1.009925 0.356566
v 1.059639 1.096026 0.356566
v 1.033978 1.099678 0.356566
v 0.993935 1.069613 0.356566
v 0.990283 1.043952 0.356566
v 1.020348 1.003909 0.356566
v 1.080037 1.080033 0.356566
v 1.086052 1.030322 0.356566
v 1.089704 1.055983 0.356566
v 1.009928 1.090010 0.356566
v 0.999951 1.019902 0.356566
v 1.089366 1.055942 0.353766
v 1.085739 1.030455 0.353766
v 1.069854 1.010197 0.353766
v 1.045968 1.000595 0.353766
v 1.020482 1.004222 0.353766
v 1.000223 1.020107 0.353766
v 0.990621 1.043993 0.353766
v 0.994248 1.069479 0.353766
v 1.010133 1.089738 0.353766
v 1.034019 1.099340 0.353766
v 1.059506 1.095713 0.353766
v 1.079764 1.079828 0.353766
v 1.195707 1.068811 2.579273
v 1.184267 0.988430 2.579273
v 1.134169 0.924537 2.579273
v 1.058837 0.894254 2.579273
v 0.978456 0.905694 2.579273
v 0.914563 0.955791 2.579273
v 0.884280 1.031124 2.579273
v 0.895720 1.111505 2.579273
v 0.945818 1.175398 2.579273
v 1.021150 1.205681 2.579273
v 1.101531 1.194241 2.579273
v 1.165424 1.144143 2.579273
vt 1.000000 0.999970
vt 0.916667 0.999970
vt 0.916667 1.000000
vt 1.000000 1.000000
vt 0.833333 0.999970
vt 0.833333 1.000000
vt 0.750000 0.999970
vt 0.750000 1.000000
vt 0.666667 0.999970
vt 0.666667 1.000000
vt 0.583333 0.999970
vt 0.583333 1.000000
vt 0.500000 0.999970
vt 0.500000 1.000000
vt 0.416667 0.999970
vt 0.416667 1.000000
vt 0.333333 0.999970
vt 0.333333 1.000000
vt 0.250000 0.999970
vt 0.250000 1.000000
vt 0.166667 0.999970
vt 0.166667 1.000000
vt 0.439005 0.250000
vt 0.439005 0.250000
vt 0.413683 0.344503
vt 0.413683 0.344503
vt 0.083333 0.999970
vt 0.083333 1.000000
vt 0.000000 0.999970
vt 0.000000 1.000000
vt 0.924825 0.250000
vt 0.924825 0.250000
vt 0.901403 0.162587
vt 0.901403 0.162587
vt 0.083333 0.500000
vt 0.000000 0.500000
vt 0.000000 0.511081
vt 0.083333 0.511081
vt 0.166667 0.500000
vt 0.166667 0.511081
vt 0.250000 0.500000
vt 0.250000 0.511081
vt 0.333333 0.500000
vt 0.333333 0.511081
vt 0.416667 0.500000
vt 0.416667 0.511081
vt 0.500000 0.500000
vt 0.500000 0.511081
vt 0.583333 0.500000
vt 0.583333 0.511081
vt 0.666667 0.500000
vt 0.666667 0.511081
vt 0.750000 0.500000
vt 0.750000 0.511081
vt 0.833333 0.500000
vt 0.833333 0.511081
vt 0.916667 0.500000
vt 0.916667 0.511081
vt 1.000000 0.500000
vt 1.000000 0.511081
vt 0.000000 0.990616
vt 0.083333 0.990616
vt 0.166667 0.990616
vt 0.250000 0.990616
vt 0.333333 0.990616
vt 0.416667 0.990616
vt 0.500000 0.990616
vt 0.583333 0.990616
vt 0.666667 0.990616
vt 0.750000 0.990616
vt 0.833333 0.990616
vt 0.916667 0.990616
vt 1.000000 0.990616
vt 0.866587 0.451934
vt 0.870000 0.457846
vt 0.750000 0.490000
vt 0.750000 0.483173
vt 0.951934 0.366587
vt 0.957846 0.370000
vt 0.983173 0.250000
vt 0.990000 0.250000
vt 0.951934 0.133413
vt 0.957846 0.130000
vt 0.866587 0.048066
vt 0.870000 0.042154
vt 0.750000 0.016827
vt 0.750000 0.010000
vt 0.633413 0.048066
vt 0.630000 0.042154
vt 0.548066 0.133413
vt 0.542154 0.130000
vt 0.516827 0.250000
vt 0.510000 0.250000
vt 0.548066 0.366587
vt 0.542154 0.370000
vt 0.633413 0.451934
vt 0.630000 0.457846
vt 0.250000 0.477445
vt 0.250000 0.490000
vt 0.370000 0.457846
vt 0.363723 0.446973
vt 0.457846 0.370000
vt 0.446973 0.363723
vt 0.490000 0.250000
vt 0.477445 0.250000
vt 0.457846 0.130000
vt 0.446973 0.136277
vt 0.370000 0.042154
vt 0.363723 0.053027
vt 0.250000 0.010000
vt 0.250000 0.022555
vt 0.130000 0.042154
vt 0.136277 0.053027
vt 0.042154 0.130000
vt 0.053027 0.136277
vt 0.010000 0.250000
vt 0.022555 0.250000
vt 0.042154 0.370000
vt 0.053027 0.363723
vt 0.130000 0.457846
vt 0.136277 0.446973
vt 0.344503 0.413683
vt 0.413683 0.155497
vt 0.344503 0.086317
vt 0.250000 0.060995
vt 0.155497 0.086317
vt 0.086317 0.155497
vt 0.060995 0.250000
vt 0.086316 0.344503
vt 0.155497 0.413683
vt 0.250000 0.439005
vt 0.086316 0.344503
vt 0.060995 0.250000
vt 0.155497 0.086317
vt 0.250000 0.060995
vt 0.413683 0.155497
vt 0.155497 0.413683
vt 0.344503 0.413683
vt 0.250000 0.439005
vt 0.086317 0.155497
vt 0.344503 0.086317
vt 0.837413 0.401403
vt 0.839303 0.404677
vt 0.750000 0.428605
vt 0.750000 0.424825
vt 0.901403 0.337413
vt 0.904677 0.339303
vt 0.928605 0.250000
vt 0.904677 0.160697
vt 0.837413 0.098597
vt 0.839303 0.095323
vt 0.750000 0.075175
vt 0.750000 0.071395
vt 0.662587 0.098597
vt 0.660697 0.095323
vt 0.598597 0.162587
vt 0.595323 0.160697
vt 0.575175 0.250000
vt 0.571395 0.250000
vt 0.598597 0.337413
vt 0.595323 0.339303
vt 0.662587 0.401403
vt 0.660697 0.404677
vt 0.250000 0.060995
vt 0.250000 0.060995
vt 0.344503 0.086317
vt 0.344503 0.086317
vt 0.060995 0.250000
vt 0.060995 0.250000
vt 0.086317 0.155497
vt 0.086317 0.155497
vt 0.413683 0.344503
vt 0.413683 0.344503
vt 0.344503 0.413683
vt 0.344503 0.413683
vt 0.250000 0.439005
vt 0.250000 0.439005
vt 0.155497 0.413683
vt 0.155497 0.413683
vt 0.413683 0.155497
vt 0.413683 0.155497
vt 0.155497 0.086317
vt 0.155497 0.086317
vt 0.086316 0.344503
vt 0.086316 0.344503
vt 0.439005 0.250000
vt 0.439005 0.250000
vt 0.152505 0.418866
vt 0.250000 0.444989
vt 0.081134 0.347494
vt 0.055011 0.250000
vt 0.081134 0.152505
vt 0.152505 0.081134
vt 0.250000 0.055011
vt 0.347495 0.081134
vt 0.418866 0.152505
vt 0.444989 0.250000
vt 0.418866 0.347495
vt 0.347495 0.418866
vt 0.083333 0.998544
vt 0.000000 0.998544
vt 0.166667 0.998544
vt 0.250000 0.998544
vt 0.333333 0.998544
vt 0.416667 0.998544
vt 0.500000 0.998544
vt 0.583333 0.998544
vt 0.666667 0.998544
vt 0.750000 0.998544
vt 0.833333 0.998544
vt 0.916667 0.998544
vt 1.000000 0.998544
vt 1.000000 0.999970
vt 1.000000 1.000000
vt 0.916667 1.000000
vt 0.916667 0.999970
vt 0.833333 1.000000
vt 0.833333 0.999970
vt 0.750000 1.000000
vt 0.750000 0.999970
vt 0.666667 1.000000
vt 0.666667 0.999970
vt 0.583333 1.000000
vt 0.583333 0.999970
vt 0.500000 1.000000
vt 0.500000 0.999970
vt 0.416667 1.000000
vt 0.416667 0.999970
vt 0.333333 1.000000
vt 0.333333 0.999970
vt 0.250000 1.000000
vt 0.250000 0.999970
vt 0.166667 1.000000
vt 0.166667 0.999970
vt 0.439005 0.250000
vt 0.413683 0.344503
vt 0.413683 0.344503
vt 0.439005 0.250000
vt 0.083333 1.000000
vt 0.083333 0.999970
vt 0.000000 1.000000
vt 0.000000 0.999970
vt 0.924825 0.250000
vt 0.901403 0.162587
vt 0.901403 0.162587
vt 0.924825 0.250000
vt 0.083333 0.500000
vt 0.083333 0.511081
vt 0.000000 0.511081
vt 0.000000 0.500000
vt 0.166667 0.500000
vt 0.166667 0.511081
vt 0.250000 0.500000
vt 0.250000 0.511081
vt 0.333333 0.500000
vt 0.333333 0.511081
vt 0.416667 0.500000
vt 0.416667 0.511081
vt 0.500000 0.500000
vt 0.500000 0.511081
vt 0.583333 0.500000
vt 0.583333 0.511081
vt 0.666667 0.500000
vt 0.666667 0.511081
vt 0.750000 0.500000
vt 0.750000 0.511081
vt 0.833333 0.500000
vt 0.833333 0.511081
vt 0.916667 0.500000
vt 0.916667 0.511081
vt 1.000000 0.500000
vt 1.000000 0.511081
vt 0.083333 0.990616
vt 0.000000 0.990616
vt 0.166667 0.990616
vt 0.250000 0.990616
vt 0.333333 0.990616
vt 0.416667 0.990616
vt 0.500000 0.990616
vt 0.583333 0.990616
vt 0.666667 0.990616
vt 0.750000 0.990616
vt 0.833333 0.990616
vt 0.916667 0.990616
vt 1.000000 0.990616
vt 0.866587 0.451934
vt 0.750000 0.483173
vt 0.750000 0.490000
vt 0.870000 0.457846
vt 0.951934 0.366587
vt 0.957846 0.370000
vt 0.983173 0.250000
vt 0.990000 0.250000
vt 0.951934 0.133413
vt 0.957846 0.130000
vt 0.866587 0.048066
vt 0.870000 0.042154
vt 0.750000 0.016827
vt 0.750000 0.010000
vt 0.633413 0.048066
vt 0.630000 0.042154
vt 0.548066 0.133413
vt 0.542154 0.130000
vt 0.516827 0.250000
vt 0.510000 0.250000
vt 0.548066 0.366587
vt 0.542154 0.370000
vt 0.633413 0.451934
vt 0.630000 0.457846
vt 0.250000 0.477445
vt 0.363723 0.446973
vt 0.370000 0.457846
vt 0.250000 0.490000
vt 0.446973 0.363723
vt 0.457846 0.370000
vt 0.477445 0.250000
vt 0.490000 0.250000
vt 0.446973 0.136277
vt 0.457846 0.130000
vt 0.363723 0.053027
vt 0.370000 0.042154
vt 0.250000 0.022555
vt 0.250000 0.010000
vt 0.136277 0.053027
vt 0.130000 0.042154
vt 0.053027 0.136277
vt 0.042154 0.130000
vt 0.022555 0.250000
vt 0.010000 0.250000
vt 0.053027 0.363723
vt 0.042154 0.370000
vt 0.136277 0.446973
vt 0.130000 0.457846
vt 0.344503 0.413683
vt 0.250000 0.439005
vt 0.155497 0.413683
vt 0.086316 0.344503
vt 0.060995 0.250000
vt 0.086317 0.155497
vt 0.155497 0.086317
vt 0.250000 0.060995
vt 0.344503 0.086317
vt 0.413683 0.155497
vt 0.086316 0.344503
vt 0.060995 0.250000
vt 0.155497 0.086317
vt 0.250000 0.060995
vt 0.413683 0.155497
vt 0.155497 0.413683
vt 0.344503 0.413683
vt 0.250000 0.439005
vt 0.086317 0.155497
vt 0.344503 0.086317
vt 0.837413 0.401403
vt 0.750000 0.424825
vt 0.750000 0.428605
vt 0.839303 0.404677
vt 0.901403 0.337413
vt 0.904677 0.339303
vt 0.928605 0.250000
vt 0.904677 0.160697
vt 0.837413 0.098597
vt 0.839303 0.095323
vt 0.750000 0.075175
vt 0.750000 0.071395
vt 0.662587 0.098597
vt 0.660697 0.095323
vt 0.598597 0.162587
vt 0.595323 0.160697
vt 0.575175 0.250000
vt 0.571395 0.250000
vt 0.598597 0.337413
vt 0.595323 0.339303
vt 0.662587 0.401403
vt 0.660697 0.404677
vt 0.250000 0.060995
vt 0.344503 0.086317
vt 0.344503 0.086317
vt 0.250000 0.060995
vt 0.060995 0.250000
vt 0.086317 0.155497
vt 0.086317 0.155497
vt 0.060995 0.250000
vt 0.413683 0.344503
vt 0.344503 0.413683
vt 0.344503 0.413683
vt 0.413683 0.344503
vt 0.250000 0.439005
vt 0.155497 0.413683
vt 0.155497 0.413683
vt 0.250000 0.439005
vt 0.413683 0.155497
vt 0.413683 0.155497
vt 0.155497 0.086317
vt 0.155497 0.086317
vt 0.086316 0.344503
vt 0.086316 0.344503
vt 0.439005 0.250000
vt 0.439005 0.250000
vt 0.152505 0.418866
vt 0.250000 0.444989
vt 0.081134 0.347494
vt 0.055011 0.250000
vt 0.081134 0.152505
vt 0.152505 0.081134
vt 0.250000 0.055011
vt 0.347495 0.081134
vt 0.418866 0.152505
vt 0.444989 0.250000
vt 0.418866 0.347495
vt 0.347495 0.418866
vt 0.083333 0.998544
vt 0.000000 0.998544
vt 0.166667 0.998544
vt 0.250000 0.998544
vt 0.333333 0.998544
vt 0.416667 0.998544
vt 0.500000 0.998544
vt 0.583333 0.998544
vt 0.666667 0.998544
vt 0.750000 0.998544
vt 0.833333 0.998544
vt 0.916667 0.998544
vt 1.000000 0.998544
vt 0.750000 0.083997
vt 0.750000 0.083997
vt 0.666999 0.106238
vt 0.666999 0.106238
vt 0.598597 0.337413
vt 0.662587 0.401403
vt 0.750000 0.424825
vt 0.837413 0.401403
vt 0.662587 0.098597
vt 0.598597 0.162587
vt 0.837413 0.098597
vt 0.901403 0.337413
vt 0.575175 0.250000
vt 0.750000 0.075175
vt 0.833001 0.393762
vt 0.750000 0.416002
vt 0.893763 0.333001
vt 0.916003 0.250000
vt 0.893762 0.166999
vt 0.833001 0.106238
vt 0.606238 0.166999
vt 0.583997 0.250000
vt 0.606237 0.333001
vt 0.666998 0.393762
vt 0.583997 0.250000
vt 0.583997 0.250000
vt 0.606237 0.333001
vt 0.606237 0.333001
vt 0.916003 0.250000
vt 0.893762 0.166999
vt 0.606237 0.333001
vt 0.666998 0.393762
vt 0.750000 0.416002
vt 0.833001 0.393762
vt 0.606238 0.166999
vt 0.833001 0.106238
vt 0.893763 0.333001
vt 0.583997 0.250000
vt 0.893762 0.333001
vt 0.893763 0.333001
vt 0.916003 0.250000
vt 0.916003 0.250000
vt 0.750000 0.083997
vt 0.750000 0.083997
vt 0.666999 0.106238
vt 0.666999 0.106238
vt 0.916002 0.250000
vt 0.916003 0.250000
vt 0.893762 0.166999
vt 0.893762 0.166999
vt 0.666998 0.393762
vt 0.666998 0.393762
vt 0.750000 0.416002
vt 0.750000 0.416002
vt 0.833001 0.393762
vt 0.833001 0.393762
vt 0.606238 0.166999
vt 0.606238 0.166999
vt 0.833001 0.106238
vt 0.833001 0.106238
vt 0.893763 0.333001
vt 0.893762 0.333001
vt 0.750000 0.405458
vt 0.672271 0.384631
vt 0.615369 0.327729
vt 0.594541 0.250000
vt 0.615369 0.172271
vt 0.672271 0.115369
vt 0.750000 0.094541
vt 0.827729 0.115369
vt 0.884631 0.172271
vt 0.905458 0.250000
vt 0.884631 0.327729
vt 0.827729 0.384631
vt 0.583997 0.250000
vt 0.583997 0.250000
vt 0.606237 0.333001
vt 0.606237 0.333001
vt 0.750000 0.083997
vt 0.750000 0.083997
vt 0.666999 0.106238
vt 0.666999 0.106238
vt 0.893762 0.166999
vt 0.893762 0.166999
vt 0.666998 0.393762
vt 0.666998 0.393762
vt 0.750000 0.416002
vt 0.750000 0.416002
vt 0.833001 0.393762
vt 0.833001 0.393762
vt 0.606238 0.166999
vt 0.606238 0.166999
vt 0.833001 0.106238
vt 0.833001 0.106238
vt 0.750000 0.083997
vt 0.666999 0.106238
vt 0.666999 0.106238
vt 0.750000 0.083997
vt 0.662587 0.401403
vt 0.598597 0.337413
vt 0.837413 0.401403
vt 0.750000 0.424825
vt 0.598597 0.162587
vt 0.662587 0.098597
vt 0.837413 0.098597
vt 0.901403 0.337413
vt 0.575175 0.250000
vt 0.750000 0.075175
vt 0.833001 0.393762
vt 0.750000 0.416002
vt 0.893763 0.333001
vt 0.916003 0.250000
vt 0.893762 0.166999
vt 0.833001 0.106238
vt 0.606238 0.166999
vt 0.583997 0.250000
vt 0.606237 0.333001
vt 0.666998 0.393762
vt 0.583997 0.250000
vt 0.606237 0.333001
vt 0.606237 0.333001
vt 0.583997 0.250000
vt 0.893762 0.166999
vt 0.916003 0.250000
vt 0.666998 0.393762
vt 0.606237 0.333001
vt 0.833001 0.393762
vt 0.750000 0.416002
vt 0.606238 0.166999
vt 0.833001 0.106238
vt 0.893763 0.333001
vt 0.583997 0.250000
vt 0.893762 0.333001
vt 0.916003 0.250000
vt 0.916003 0.250000
vt 0.893763 0.333001
vt 0.750000 0.083997
vt 0.666999 0.106238
vt 0.666999 0.106238
vt 0.750000 0.083997
vt 0.916002 0.250000
vt 0.893762 0.166999
vt 0.893762 0.166999
vt 0.916003 0.250000
vt 0.666998 0.393762
vt 0.666998 0.393762
vt 0.750000 0.416002
vt 0.833001 0.393762
vt 0.833001 0.393762
vt 0.750000 0.416002
vt 0.606238 0.166999
vt 0.606238 0.166999
vt 0.833001 0.106238
vt 0.833001 0.106238
vt 0.893762 0.333001
vt 0.893763 0.333001
vt 0.750000 0.405458
vt 0.827729 0.384631
vt 0.884631 0.327729
vt 0.905458 0.250000
vt 0.884631 0.172271
vt 0.827729 0.115369
vt 0.750000 0.094541
vt 0.672271 0.115369
vt 0.615369 0.172271
vt 0.594541 0.250000
vt 0.615369 0.327729
vt 0.672271 0.384631
vt 0.583997 0.250000
vt 0.606237 0.333001
vt 0.606237 0.333001
vt 0.583997 0.250000
vt 0.750000 0.083997
vt 0.666999 0.106238
vt 0.666999 0.106238
vt 0.750000 0.083997
vt 0.893762 0.166999
vt 0.893762 0.166999
vt 0.666998 0.393762
vt 0.666998 0.393762
vt 0.750000 0.416002
vt 0.833001 0.393762
vt 0.833001 0.393762
vt 0.750000 0.416002
vt 0.606238 0.166999
vt 0.606238 0.166999
vt 0.833001 0.106238
vt 0.833001 0.106238
vn -0.9927 0.1201 0.0000
vn -0.9198 -0.3923 0.0000
vn -0.6964 -0.2970 0.6532
vn -0.7517 0.0909 0.6532
vn -0.6004 -0.7997 0.0000
vn -0.4546 -0.6055 0.6532
vn -0.1201 -0.9927 0.0000
vn -0.0909 -0.7517 0.6532
vn 0.3923 -0.9198 0.0000
vn 0.2971 -0.6964 0.6532
vn 0.7997 -0.6004 0.0000
vn 0.6055 -0.4546 0.6532
vn 0.9927 -0.1201 0.0000
vn 0.7517 -0.0909 0.6532
vn 0.9198 0.3923 0.0000
vn 0.6964 0.2970 0.6532
vn 0.6004 0.7997 0.0000
vn 0.4546 0.6055 0.6532
vn 0.1201 0.9927 0.0000
vn 0.0909 0.7517 0.6532
vn -0.3923 0.9198 0.0000
vn -0.2970 0.6964 0.6532
vn -0.0978 -0.8080 0.5810
vn -0.0275 -0.2271 0.9735
vn -0.1373 -0.1829 0.9735
vn -0.4887 -0.6509 0.5810
vn -0.7997 0.6004 0.0000
vn -0.6055 0.4546 0.6532
vn -0.0766 -0.6331 -0.7703
vn -0.1187 -0.9814 -0.1505
vn 0.3879 -0.9093 -0.1505
vn 0.2502 -0.5866 -0.7703
vn -0.6055 0.4546 -0.6532
vn -0.7517 0.0909 -0.6532
vn -0.2970 0.6964 -0.6532
vn 0.0909 0.7517 -0.6532
vn 0.4546 0.6055 -0.6532
vn 0.6964 0.2970 -0.6532
vn 0.7517 -0.0909 -0.6532
vn 0.6055 -0.4546 -0.6532
vn 0.2970 -0.6964 -0.6532
vn -0.0909 -0.7517 -0.6532
vn -0.4546 -0.6055 -0.6532
vn -0.6964 -0.2970 -0.6532
vn 0.0000 0.0000 -1.0000
vn 0.0000 0.0000 1.0000
vn -0.2104 -0.0897 0.9735
vn 0.0897 -0.2104 0.9735
vn 0.1829 -0.1373 0.9735
vn 0.2271 -0.0275 0.9735
vn 0.2104 0.0897 0.9735
vn 0.1373 0.1829 0.9735
vn 0.0274 0.2271 0.9735
vn -0.0897 0.2104 0.9735
vn -0.1829 0.1373 0.9735
vn -0.2271 0.0275 0.9735
vn -0.3193 0.7486 0.5810
vn 0.0978 0.8080 0.5810
vn 0.7486 0.3193 0.5810
vn 0.8080 -0.0978 0.5810
vn 0.3193 -0.7486 0.5810
vn -0.6509 0.4887 0.5810
vn -0.7486 -0.3193 0.5810
vn -0.8080 0.0978 0.5810
vn 0.4887 0.6509 0.5810
vn 0.6509 -0.4887 0.5810
vn -0.5866 -0.2502 -0.7703
vn -0.6331 0.0766 -0.7703
vn -0.3829 -0.5100 -0.7703
vn 0.5100 -0.3829 -0.7703
vn 0.6331 -0.0766 -0.7703
vn 0.5866 0.2502 -0.7703
vn 0.3829 0.5100 -0.7703
vn 0.0766 0.6331 -0.7703
vn -0.2502 0.5866 -0.7703
vn -0.5100 0.3829 -0.7703
vn 0.5734 -0.0694 0.8163
vn 0.9805 -0.1186 0.1568
vn 0.7898 -0.5930 0.1568
vn 0.4619 -0.3468 0.8163
vn 0.0694 0.5734 0.8163
vn 0.1186 0.9805 0.1568
vn 0.5930 0.7898 0.1568
vn 0.3468 0.4619 0.8163
vn -0.3468 -0.4619 0.8163
vn -0.5930 -0.7898 0.1568
vn -0.9084 -0.3875 0.1568
vn -0.5313 -0.2266 0.8163
vn -0.5734 0.0694 0.8163
vn -0.9805 0.1186 0.1568
vn -0.7898 0.5930 0.1568
vn -0.4619 0.3468 0.8163
vn 0.3875 -0.9084 0.1568
vn 0.2266 -0.5313 0.8163
vn 0.9084 0.3875 0.1568
vn 0.5313 0.2266 0.8163
vn -0.3875 0.9084 0.1568
vn -0.2266 0.5313 0.8163
vn -0.1186 -0.9805 0.1568
vn -0.0694 -0.5734 0.8163
vn 0.9927 0.1201 0.0000
vn 0.7517 0.0909 0.6532
vn 0.6964 -0.2970 0.6532
vn 0.9198 -0.3923 0.0000
vn 0.4546 -0.6055 0.6532
vn 0.6004 -0.7997 0.0000
vn 0.0909 -0.7517 0.6532
vn 0.1201 -0.9927 0.0000
vn -0.2970 -0.6964 0.6532
vn -0.3923 -0.9198 0.0000
vn -0.6055 -0.4546 0.6532
vn -0.7997 -0.6004 0.0000
vn -0.7517 -0.0909 0.6532
vn -0.9927 -0.1201 0.0000
vn -0.6964 0.2970 0.6532
vn -0.9198 0.3923 0.0000
vn -0.4546 0.6055 0.6532
vn -0.6004 0.7997 0.0000
vn -0.0909 0.7517 0.6532
vn -0.1201 0.9927 0.0000
vn 0.2970 0.6964 0.6532
vn 0.3923 0.9198 0.0000
vn 0.0978 -0.8080 0.5810
vn 0.4887 -0.6509 0.5810
vn 0.1373 -0.1829 0.9735
vn 0.0275 -0.2271 0.9735
vn 0.6055 0.4546 0.6532
vn 0.7997 0.6004 0.0000
vn 0.0766 -0.6331 -0.7703
vn -0.2502 -0.5866 -0.7703
vn -0.3879 -0.9093 -0.1505
vn 0.1187 -0.9814 -0.1505
vn 0.6055 0.4546 -0.6532
vn 0.7517 0.0909 -0.6532
vn 0.2970 0.6964 -0.6532
vn -0.0909 0.7517 -0.6532
vn -0.4546 0.6055 -0.6532
vn -0.6964 0.2970 -0.6532
vn -0.7517 -0.0909 -0.6532
vn -0.6055 -0.4546 -0.6532
vn -0.2970 -0.6964 -0.6532
vn 0.0909 -0.7517 -0.6532
vn 0.4546 -0.6055 -0.6532
vn 0.6964 -0.2970 -0.6532
vn 0.2104 -0.0897 0.9735
vn 0.2270 0.0275 0.9735
vn 0.1829 0.1373 0.9735
vn 0.0897 0.2104 0.9735
vn -0.0275 0.2271 0.9735
vn -0.1373 0.1829 0.9735
vn -0.2104 0.0897 0.9735
vn -0.2270 -0.0275 0.9735
vn -0.1829 -0.1373 0.9735
vn -0.0897 -0.2104 0.9735
vn 0.3193 0.7486 0.5810
vn -0.0978 0.8080 0.5810
vn -0.7486 0.3193 0.5810
vn -0.8080 -0.0978 0.5810
vn -0.3193 -0.7486 0.5810
vn 0.6509 0.4887 0.5810
vn 0.7486 -0.3193 0.5810
vn 0.8080 0.0978 0.5810
vn -0.4887 0.6509 0.5810
vn -0.6509 -0.4887 0.5810
vn 0.5866 -0.2502 -0.7703
vn 0.6331 0.0766 -0.7703
vn 0.3829 -0.5100 -0.7703
vn -0.5100 -0.3829 -0.7703
vn -0.6331 -0.0766 -0.7703
vn -0.5866 0.2502 -0.7703
vn -0.3829 0.5100 -0.7703
vn -0.0766 0.6331 -0.7703
vn 0.2502 0.5866 -0.7703
vn 0.5100 0.3829 -0.7703
vn -0.5734 -0.0694 0.8163
vn -0.4619 -0.3468 0.8163
vn -0.7898 -0.5930 0.1568
vn -0.9805 -0.1186 0.1568
vn -0.0694 0.5734 0.8163
vn -0.3468 0.4619 0.8163
vn -0.5930 0.7898 0.1568
vn -0.1186 0.9805 0.1568
vn 0.3468 -0.4619 0.8163
vn 0.5313 -0.2266 0.8163
vn 0.9084 -0.3875 0.1568
vn 0.5930 -0.7898 0.1568
vn 0.5734 0.0694 0.8163
vn 0.4619 0.3468 0.8163
vn 0.7898 0.5930 0.1568
vn 0.9805 0.1186 0.1568
vn -0.2266 -0.5313 0.8163
vn -0.3875 -0.9084 0.1568
vn -0.5313 0.2266 0.8163
vn -0.9084 0.3875 0.1568
vn 0.2266 0.5313 0.8163
vn 0.3875 0.9084 0.1568
vn 0.0694 -0.5734 0.8163
vn 0.1187 -0.9805 0.1568
vn 0.8280 -0.1002 -0.5517
vn 0.5714 -0.0691 -0.8177
vn 0.5295 0.2258 -0.8177
vn 0.7672 0.3272 -0.5517
vn -0.3879 0.9093 -0.1505
vn -0.7906 0.5936 -0.1505
vn -0.9814 0.1187 -0.1505
vn -0.9093 -0.3879 -0.1505
vn 0.9093 0.3879 -0.1505
vn 0.5936 0.7906 -0.1505
vn 0.7906 -0.5936 -0.1505
vn -0.5936 -0.7906 -0.1505
vn 0.1187 0.9814 -0.1505
vn 0.9814 -0.1187 -0.1505
vn -0.7672 -0.3272 -0.5517
vn -0.8280 0.1002 -0.5517
vn -0.5008 -0.6670 -0.5517
vn -0.1002 -0.8280 -0.5517
vn 0.3272 -0.7672 -0.5517
vn 0.6670 -0.5008 -0.5517
vn 0.5008 0.6670 -0.5517
vn 0.1002 0.8280 -0.5517
vn -0.3272 0.7672 -0.5517
vn -0.6670 0.5008 -0.5517
vn 0.0632 0.5223 -0.8504
vn 0.0984 0.8130 -0.5738
vn -0.3213 0.7533 -0.5738
vn -0.2064 0.4839 -0.8504
vn -0.0691 -0.5714 -0.8177
vn 0.2258 -0.5295 -0.8177
vn -0.2258 0.5295 -0.8177
vn -0.4603 0.3456 -0.8177
vn -0.5714 0.0691 -0.8177
vn -0.5295 -0.2258 -0.8177
vn 0.3456 0.4603 -0.8177
vn 0.4603 -0.3456 -0.8177
vn -0.3456 -0.4603 -0.8177
vn 0.0692 0.5714 -0.8177
vn -0.5960 -0.7938 -0.1207
vn -0.4302 -0.5730 -0.6975
vn -0.0861 -0.7114 -0.6975
vn -0.1192 -0.9855 -0.1207
vn 0.5223 -0.0632 -0.8504
vn 0.8130 -0.0984 -0.5738
vn 0.7533 0.3213 -0.5738
vn 0.4839 0.2064 -0.8504
vn -0.0632 -0.5222 -0.8504
vn -0.0984 -0.8130 -0.5738
vn 0.3213 -0.7533 -0.5738
vn 0.2064 -0.4839 -0.8504
vn -0.6549 0.4917 -0.5738
vn -0.4207 0.3158 -0.8504
vn -0.5223 0.0632 -0.8504
vn -0.8130 0.0984 -0.5738
vn -0.7533 -0.3213 -0.5738
vn -0.4839 -0.2064 -0.8504
vn 0.4917 0.6549 -0.5738
vn 0.3158 0.4207 -0.8504
vn 0.6549 -0.4917 -0.5738
vn 0.4207 -0.3159 -0.8504
vn -0.4917 -0.6549 -0.5738
vn -0.3159 -0.4207 -0.8504
vn 0.1192 0.9855 -0.1207
vn 0.0861 0.7114 -0.6975
vn -0.2811 0.6591 -0.6975
vn -0.3894 0.9131 -0.1207
vn 0.9855 -0.1192 -0.1207
vn 0.7114 -0.0861 -0.6975
vn 0.6591 0.2811 -0.6975
vn 0.9131 0.3894 -0.1208
vn 0.2811 -0.6591 -0.6975
vn 0.3894 -0.9131 -0.1207
vn -0.5730 0.4302 -0.6975
vn -0.7938 0.5960 -0.1207
vn -0.9855 0.1192 -0.1207
vn -0.7114 0.0861 -0.6975
vn -0.6591 -0.2811 -0.6975
vn -0.9131 -0.3894 -0.1207
vn 0.4302 0.5730 -0.6975
vn 0.5960 0.7938 -0.1208
vn 0.5730 -0.4302 -0.6975
vn 0.7938 -0.5960 -0.1207
vn -0.8280 -0.1002 -0.5517
vn -0.7672 0.3272 -0.5517
vn -0.5295 0.2258 -0.8177
vn -0.5714 -0.0691 -0.8177
vn 0.7906 0.5936 -0.1505
vn 0.3879 0.9093 -0.1505
vn 0.9093 -0.3879 -0.1505
vn 0.9814 0.1187 -0.1505
vn -0.5936 0.7906 -0.1505
vn -0.9093 0.3879 -0.1505
vn -0.7906 -0.5936 -0.1505
vn 0.5936 -0.7906 -0.1505
vn -0.1187 0.9814 -0.1505
vn -0.9814 -0.1187 -0.1505
vn 0.7672 -0.3272 -0.5517
vn 0.8280 0.1002 -0.5517
vn 0.5008 -0.6670 -0.5517
vn 0.1002 -0.8280 -0.5517
vn -0.3272 -0.7672 -0.5517
vn -0.6670 -0.5008 -0.5517
vn -0.5008 0.6670 -0.5517
vn -0.1002 0.8280 -0.5517
vn 0.3272 0.7672 -0.5517
vn 0.6670 0.5008 -0.5517
vn -0.0632 0.5223 -0.8504
vn 0.2064 0.4839 -0.8504
vn 0.3213 0.7533 -0.5738
vn -0.0984 0.8130 -0.5738
vn -0.2258 -0.5295 -0.8177
vn 0.0691 -0.5714 -0.8177
vn 0.4603 0.3456 -0.8177
vn 0.2258 0.5295 -0.8177
vn 0.5295 -0.2258 -0.8177
vn 0.5714 0.0691 -0.8177
vn -0.3456 0.4603 -0.8177
vn -0.4603 -0.3456 -0.8177
vn 0.3456 -0.4603 -0.8177
vn -0.0692 0.5714 -0.8177
vn 0.5960 -0.7938 -0.1207
vn 0.1192 -0.9855 -0.1208
vn 0.0861 -0.7114 -0.6975
vn 0.4302 -0.5730 -0.6975
vn -0.5222 -0.0632 -0.8504
vn -0.4839 0.2064 -0.8504
vn -0.7533 0.3213 -0.5738
vn -0.8130 -0.0984 -0.5738
vn 0.0632 -0.5222 -0.8504
vn -0.2064 -0.4839 -0.8504
vn -0.3213 -0.7533 -0.5738
vn 0.0984 -0.8130 -0.5738
vn 0.4207 0.3158 -0.8504
vn 0.6549 0.4917 -0.5738
vn 0.5223 0.0632 -0.8504
vn 0.4839 -0.2064 -0.8504
vn 0.7533 -0.3213 -0.5738
vn 0.8130 0.0984 -0.5738
vn -0.3158 0.4207 -0.8504
vn -0.4917 0.6549 -0.5738
vn -0.4207 -0.3159 -0.8504
vn -0.6549 -0.4917 -0.5738
vn 0.3159 -0.4207 -0.8504
vn 0.4917 -0.6549 -0.5738
vn -0.1192 0.9855 -0.1207
vn 0.3894 0.9131 -0.1207
vn 0.2811 0.6591 -0.6975
vn -0.0861 0.7114 -0.6975
vn -0.9855 -0.1192 -0.1207
vn -0.9131 0.3894 -0.1208
vn -0.6591 0.2811 -0.6975
vn -0.7114 -0.0861 -0.6975
vn -0.3894 -0.9131 -0.1207
vn -0.2811 -0.6591 -0.6975
vn 0.7938 0.5960 -0.1207
vn 0.5730 0.4302 -0.6975
vn 0.9855 0.1192 -0.1207
vn 0.9131 -0.3894 -0.1207
vn 0.6591 -0.2811 -0.6974
vn 0.7114 0.0861 -0.6975
vn -0.5960 0.7938 -0.1208
vn -0.4302 0.5730 -0.6975
vn -0.7938 -0.5960 -0.1207
vn -0.5730 -0.4302 -0.6975
usemtl DarkPorple
s 1
f 2501/2566/1241 2502/2567/1242 2297/2568/1243 2298/2569/1244
f 2502/2567/1242 2503/2570/1245 2299/2571/1246 2297/2568/1243
f 2503/2570/1245 2504/2572/1247 2300/2573/1248 2299/2571/1246
f 2504/2572/1247 2505/2574/1249 2301/2575/1250 2300/2573/1248
f 2505/2574/1249 2506/2576/1251 2302/2577/1252 2301/2575/1250
f 2506/2576/1251 2507/2578/1253 2303/2579/1254 2302/2577/1252
f 2507/2578/1253 2508/2580/1255 2304/2581/1256 2303/2579/1254
f 2508/2580/1255 2509/2582/1257 2305/2583/1258 2304/2581/1256
f 2509/2582/1257 2510/2584/1259 2306/2585/1260 2305/2583/1258
f 2510/2584/1259 2511/2586/1261 2307/2587/1262 2306/2585/1260
f 2445/2588/1263 2312/2589/1264 2311/2590/1265 2441/2591/1266
f 2511/2586/1261 2512/2592/1267 2308/2593/1268 2307/2587/1262
f 2512/2592/1267 2501/2594/1241 2298/2595/1244 2308/2593/1268
f 2243/2596/1269 2348/2597/1270 2349/2598/1271 2245/2599/1272
f 2296/2600/1273 2285/2601/1274 2261/2602/1241 2272/2603/1267
f 2295/2604/1275 2296/2600/1273 2272/2603/1267 2271/2605/1261
f 2294/2606/1276 2295/2604/1275 2271/2605/1261 2270/2607/1259
f 2293/2608/1277 2294/2606/1276 2270/2607/1259 2269/2609/1257
f 2292/2610/1278 2293/2608/1277 2269/2609/1257 2268/2611/1255
f 2291/2612/1279 2292/2610/1278 2268/2611/1255 2267/2613/1253
f 2290/2614/1280 2291/2612/1279 2267/2613/1253 2266/2615/1251
f 2289/2616/1281 2290/2614/1280 2266/2615/1251 2265/2617/1249
f 2288/2618/1282 2289/2616/1281 2265/2617/1249 2264/2619/1247
f 2287/2620/1283 2288/2618/1282 2264/2619/1247 2263/2621/1245
f 2286/2622/1284 2287/2620/1283 2263/2621/1245 2262/2623/1242
f 2285/2624/1274 2286/2622/1284 2262/2623/1242 2261/2625/1241
f 2272/2603/1267 2261/2602/1241 2273/2626/1241 2284/2627/1267
f 2271/2605/1261 2272/2603/1267 2284/2627/1267 2283/2628/1261
f 2270/2607/1259 2271/2605/1261 2283/2628/1261 2282/2629/1259
f 2269/2609/1257 2270/2607/1259 2282/2629/1259 2281/2630/1257
f 2268/2611/1255 2269/2609/1257 2281/2630/1257 2280/2631/1255
f 2267/2613/1253 2268/2611/1255 2280/2631/1255 2279/2632/1253
f 2266/2615/1251 2267/2613/1253 2279/2632/1253 2278/2633/1251
f 2265/2617/1249 2266/2615/1251 2278/2633/1251 2277/2634/1249
f 2264/2619/1247 2265/2617/1249 2277/2634/1249 2276/2635/1247
f 2263/2621/1245 2264/2619/1247 2276/2635/1247 2275/2636/1245
f 2262/2623/1242 2263/2621/1245 2275/2636/1245 2274/2637/1242
f 2261/2625/1241 2262/2623/1242 2274/2637/1242 2273/2638/1241
f 2465/2639/1285 2286/2640/1284 2285/2641/1274 2466/2642/1285
f 2467/2643/1285 2287/2644/1283 2286/2640/1284 2465/2639/1285
f 2468/2645/1285 2288/2646/1282 2287/2644/1283 2467/2643/1285
f 2469/2647/1285 2289/2648/1281 2288/2646/1282 2468/2645/1285
f 2470/2649/1285 2290/2650/1280 2289/2648/1281 2469/2647/1285
f 2471/2651/1285 2291/2652/1279 2290/2650/1280 2470/2649/1285
f 2472/2653/1285 2292/2654/1278 2291/2652/1279 2471/2651/1285
f 2473/2655/1285 2293/2656/1277 2292/2654/1278 2472/2653/1285
f 2474/2657/1285 2294/2658/1276 2293/2656/1277 2473/2655/1285
f 2475/2659/1285 2295/2660/1275 2294/2658/1276 2474/2657/1285
f 2476/2661/1285 2296/2662/1273 2295/2660/1275 2475/2659/1285
f 2466/2642/1285 2285/2641/1274 2296/2662/1273 2476/2661/1285
f 2417/2663/1286 2298/2664/1244 2297/2665/1243 2418/2666/1286
f 2418/2666/1286 2297/2665/1243 2299/2667/1246 2419/2668/1286
f 2419/2668/1286 2299/2667/1246 2300/2669/1248 2420/2670/1286
f 2420/2670/1286 2300/2669/1248 2301/2671/1250 2421/2672/1286
f 2421/2672/1286 2301/2671/1250 2302/2673/1252 2422/2674/1286
f 2422/2674/1286 2302/2673/1252 2303/2675/1254 2423/2676/1286
f 2423/2676/1286 2303/2675/1254 2304/2677/1256 2424/2678/1286
f 2424/2678/1286 2304/2677/1256 2305/2679/1258 2425/2680/1286
f 2425/2680/1286 2305/2679/1258 2306/2681/1260 2426/2682/1286
f 2426/2682/1286 2306/2681/1260 2307/2683/1262 2427/2684/1286
f 2427/2684/1286 2307/2683/1262 2308/2685/1268 2428/2686/1286
f 2428/2686/1286 2308/2685/1268 2298/2664/1244 2417/2663/1286
f 2309/2687/1287 2311/2590/1265 2312/2589/1264 2313/2688/1288 2314/2689/1289 2315/2690/1290 2316/2691/1291 2317/2692/1292 2318/2693/1293 2319/2694/1294 2320/2695/1295 2310/2696/1296
f 2446/2697/1297 2319/2694/1294 2318/2693/1293 2442/2698/1298
f 2447/2699/1299 2316/2691/1291 2315/2690/1290 2443/2700/1300
f 2448/2701/1301 2313/2688/1288 2312/2589/1264 2445/2588/1263
f 2449/2702/1302 2320/2695/1295 2319/2694/1294 2446/2697/1297
f 2450/2703/1303 2309/2687/1287 2310/2696/1296 2444/2704/1304
f 2451/2705/1305 2317/2692/1292 2316/2691/1291 2447/2699/1299
f 2452/2706/1306 2314/2689/1289 2313/2688/1288 2448/2701/1301
f 2444/2704/1304 2310/2696/1296 2320/2695/1295 2449/2702/1302
f 2441/2591/1266 2311/2590/1265 2309/2687/1287 2450/2703/1303
f 2442/2698/1298 2318/2693/1293 2317/2692/1292 2451/2705/1305
f 2443/2700/1300 2315/2690/1290 2314/2689/1289 2452/2706/1306
f 2239/2707/1307 2322/2708/1285 2321/2709/1285 2237/2710/1308
f 2241/2711/1309 2323/2712/1285 2322/2708/1285 2239/2707/1307
f 2243/2596/1269 2324/2713/1285 2323/2712/1285 2241/2711/1309
f 2245/2599/1272 2325/2714/1285 2324/2713/1285 2243/2596/1269
f 2247/2715/1310 2326/2716/1285 2325/2714/1285 2245/2599/1272
f 2249/2717/1311 2327/2718/1285 2326/2716/1285 2247/2715/1310
f 2251/2719/1312 2328/2720/1285 2327/2718/1285 2249/2717/1311
f 2253/2721/1313 2329/2722/1285 2328/2720/1285 2251/2719/1312
f 2255/2723/1314 2330/2724/1285 2329/2722/1285 2253/2721/1313
f 2257/2725/1315 2331/2726/1285 2330/2724/1285 2255/2723/1314
f 2259/2727/1316 2332/2728/1285 2331/2726/1285 2257/2725/1315
f 2237/2710/1308 2321/2709/1285 2332/2728/1285 2259/2727/1316
f 2250/2729/1317 2397/2730/1318 2404/2731/1319 2248/2732/1320
f 2256/2733/1321 2395/2734/1322 2403/2735/1323 2254/2736/1324
f 2242/2737/1325 2393/2738/1326 2402/2739/1327 2240/2740/1328
f 2238/2741/1329 2401/2742/1330 2400/2743/1331 2260/2744/1332
f 2248/2732/1320 2404/2731/1319 2399/2745/1333 2246/2746/1334
f 2254/2736/1324 2403/2735/1323 2398/2747/1335 2252/2748/1336
f 2240/2740/1328 2402/2739/1327 2401/2742/1330 2238/2741/1329
f 2260/2744/1332 2400/2743/1331 2396/2749/1337 2258/2750/1338
f 2246/2746/1334 2399/2745/1333 2394/2751/1339 2244/2752/1340
f 2252/2748/1336 2398/2747/1335 2397/2730/1318 2250/2729/1317
f 2258/2750/1338 2396/2749/1337 2395/2734/1322 2256/2733/1321
f 2244/2752/1340 2394/2751/1339 2393/2738/1326 2242/2737/1325
f 2440/2753/1286 2428/2686/1286 2417/2663/1286 2429/2754/1286
f 2439/2755/1286 2427/2684/1286 2428/2686/1286 2440/2753/1286
f 2438/2756/1286 2426/2682/1286 2427/2684/1286 2439/2755/1286
f 2437/2757/1286 2425/2680/1286 2426/2682/1286 2438/2756/1286
f 2436/2758/1286 2424/2678/1286 2425/2680/1286 2437/2757/1286
f 2435/2759/1286 2423/2676/1286 2424/2678/1286 2436/2758/1286
f 2434/2760/1286 2422/2674/1286 2423/2676/1286 2435/2759/1286
f 2433/2761/1286 2421/2672/1286 2422/2674/1286 2434/2760/1286
f 2432/2762/1286 2420/2670/1286 2421/2672/1286 2433/2761/1286
f 2431/2763/1286 2419/2668/1286 2420/2670/1286 2432/2762/1286
f 2430/2764/1286 2418/2666/1286 2419/2668/1286 2431/2763/1286
f 2429/2754/1286 2417/2663/1286 2418/2666/1286 2430/2764/1286
f 2238/2741/1329 2429/2754/1286 2430/2764/1286 2240/2740/1328
f 2240/2740/1328 2430/2764/1286 2431/2763/1286 2242/2737/1325
f 2242/2737/1325 2431/2763/1286 2432/2762/1286 2244/2752/1340
f 2244/2752/1340 2432/2762/1286 2433/2761/1286 2246/2746/1334
f 2246/2746/1334 2433/2761/1286 2434/2760/1286 2248/2732/1320
f 2248/2732/1320 2434/2760/1286 2435/2759/1286 2250/2729/1317
f 2250/2729/1317 2435/2759/1286 2436/2758/1286 2252/2748/1336
f 2252/2748/1336 2436/2758/1286 2437/2757/1286 2254/2736/1324
f 2254/2736/1324 2437/2757/1286 2438/2756/1286 2256/2733/1321
f 2256/2733/1321 2438/2756/1286 2439/2755/1286 2258/2750/1338
f 2258/2750/1338 2439/2755/1286 2440/2753/1286 2260/2744/1332
f 2260/2744/1332 2440/2753/1286 2429/2754/1286 2238/2741/1329
f 2397/2730/1318 2443/2700/1300 2452/2706/1306 2404/2731/1319
f 2395/2734/1322 2442/2698/1298 2451/2705/1305 2403/2735/1323
f 2393/2738/1326 2441/2591/1266 2450/2703/1303 2402/2739/1327
f 2401/2742/1330 2444/2704/1304 2449/2702/1302 2400/2743/1331
f 2404/2731/1319 2452/2706/1306 2448/2701/1301 2399/2745/1333
f 2403/2735/1323 2451/2705/1305 2447/2699/1299 2398/2747/1335
f 2402/2739/1327 2450/2703/1303 2444/2704/1304 2401/2742/1330
f 2400/2743/1331 2449/2702/1302 2446/2697/1297 2396/2749/1337
f 2399/2745/1333 2448/2701/1301 2445/2588/1263 2394/2751/1339
f 2398/2747/1335 2447/2699/1299 2443/2700/1300 2397/2730/1318
f 2396/2749/1337 2446/2697/1297 2442/2698/1298 2395/2734/1322
f 2394/2751/1339 2445/2588/1263 2441/2591/1266 2393/2738/1326
f 2321/2709/1285 2466/2642/1285 2476/2661/1285 2332/2728/1285
f 2332/2728/1285 2476/2661/1285 2475/2659/1285 2331/2726/1285
f 2331/2726/1285 2475/2659/1285 2474/2657/1285 2330/2724/1285
f 2330/2724/1285 2474/2657/1285 2473/2655/1285 2329/2722/1285
f 2329/2722/1285 2473/2655/1285 2472/2653/1285 2328/2720/1285
f 2328/2720/1285 2472/2653/1285 2471/2651/1285 2327/2718/1285
f 2327/2718/1285 2471/2651/1285 2470/2649/1285 2326/2716/1285
f 2326/2716/1285 2470/2649/1285 2469/2647/1285 2325/2714/1285
f 2325/2714/1285 2469/2647/1285 2468/2645/1285 2324/2713/1285
f 2324/2713/1285 2468/2645/1285 2467/2643/1285 2323/2712/1285
f 2323/2712/1285 2467/2643/1285 2465/2639/1285 2322/2708/1285
f 2322/2708/1285 2465/2639/1285 2466/2642/1285 2321/2709/1285
f 2416/2765/1267 2405/2766/1241 2501/2594/1241 2512/2592/1267
f 2415/2767/1261 2416/2765/1267 2512/2592/1267 2511/2586/1261
f 2414/2768/1259 2415/2767/1261 2511/2586/1261 2510/2584/1259
f 2413/2769/1257 2414/2768/1259 2510/2584/1259 2509/2582/1257
f 2412/2770/1255 2413/2769/1257 2509/2582/1257 2508/2580/1255
f 2411/2771/1253 2412/2770/1255 2508/2580/1255 2507/2578/1253
f 2410/2772/1251 2411/2771/1253 2507/2578/1253 2506/2576/1251
f 2409/2773/1249 2410/2772/1251 2506/2576/1251 2505/2574/1249
f 2408/2774/1247 2409/2773/1249 2505/2574/1249 2504/2572/1247
f 2407/2775/1245 2408/2774/1247 2504/2572/1247 2503/2570/1245
f 2406/2776/1242 2407/2775/1245 2503/2570/1245 2502/2567/1242
f 2405/2777/1241 2406/2776/1242 2502/2567/1242 2501/2566/1241
f 2777/2778/1341 2574/2779/1342 2573/2780/1343 2778/2781/1344
f 2778/2781/1344 2573/2780/1343 2575/2782/1345 2779/2783/1346
f 2779/2783/1346 2575/2782/1345 2576/2784/1347 2780/2785/1348
f 2780/2785/1348 2576/2784/1347 2577/2786/1349 2781/2787/1350
f 2781/2787/1350 2577/2786/1349 2578/2788/1351 2782/2789/1352
f 2782/2789/1352 2578/2788/1351 2579/2790/1353 2783/2791/1354
f 2783/2791/1354 2579/2790/1353 2580/2792/1355 2784/2793/1356
f 2784/2793/1356 2580/2792/1355 2581/2794/1357 2785/2795/1358
f 2785/2795/1358 2581/2794/1357 2582/2796/1359 2786/2797/1360
f 2786/2797/1360 2582/2796/1359 2583/2798/1361 2787/2799/1362
f 2721/2800/1363 2717/2801/1364 2587/2802/1365 2588/2803/1366
f 2787/2799/1362 2583/2798/1361 2584/2804/1367 2788/2805/1368
f 2788/2805/1368 2584/2804/1367 2574/2806/1342 2777/2807/1341
f 2519/2808/1369 2521/2809/1370 2625/2810/1371 2624/2811/1372
f 2572/2812/1373 2548/2813/1368 2537/2814/1341 2561/2815/1374
f 2571/2816/1375 2547/2817/1362 2548/2813/1368 2572/2812/1373
f 2570/2818/1376 2546/2819/1360 2547/2817/1362 2571/2816/1375
f 2569/2820/1377 2545/2821/1358 2546/2819/1360 2570/2818/1376
f 2568/2822/1378 2544/2823/1356 2545/2821/1358 2569/2820/1377
f 2567/2824/1379 2543/2825/1354 2544/2823/1356 2568/2822/1378
f 2566/2826/1380 2542/2827/1352 2543/2825/1354 2567/2824/1379
f 2565/2828/1381 2541/2829/1350 2542/2827/1352 2566/2826/1380
f 2564/2830/1382 2540/2831/1348 2541/2829/1350 2565/2828/1381
f 2563/2832/1383 2539/2833/1346 2540/2831/1348 2564/2830/1382
f 2562/2834/1384 2538/2835/1344 2539/2833/1346 2563/2832/1383
f 2561/2836/1374 2537/2837/1341 2538/2835/1344 2562/2834/1384
f 2548/2813/1368 2560/2838/1368 2549/2839/1341 2537/2814/1341
f 2547/2817/1362 2559/2840/1362 2560/2838/1368 2548/2813/1368
f 2546/2819/1360 2558/2841/1360 2559/2840/1362 2547/2817/1362
f 2545/2821/1358 2557/2842/1358 2558/2841/1360 2546/2819/1360
f 2544/2823/1356 2556/2843/1356 2557/2842/1358 2545/2821/1358
f 2543/2825/1354 2555/2844/1354 2556/2843/1356 2544/2823/1356
f 2542/2827/1352 2554/2845/1352 2555/2844/1354 2543/2825/1354
f 2541/2829/1350 2553/2846/1350 2554/2845/1352 2542/2827/1352
f 2540/2831/1348 2552/2847/1348 2553/2846/1350 2541/2829/1350
f 2539/2833/1346 2551/2848/1346 2552/2847/1348 2540/2831/1348
f 2538/2835/1344 2550/2849/1344 2551/2848/1346 2539/2833/1346
f 2537/2837/1341 2549/2850/1341 2550/2849/1344 2538/2835/1344
f 2741/2851/1285 2742/2852/1285 2561/2853/1374 2562/2854/1384
f 2743/2855/1285 2741/2851/1285 2562/2854/1384 2563/2856/1383
f 2744/2857/1285 2743/2855/1285 2563/2856/1383 2564/2858/1382
f 2745/2859/1285 2744/2857/1285 2564/2858/1382 2565/2860/1381
f 2746/2861/1285 2745/2859/1285 2565/2860/1381 2566/2862/1380
f 2747/2863/1285 2746/2861/1285 2566/2862/1380 2567/2864/1379
f 2748/2865/1285 2747/2863/1285 2567/2864/1379 2568/2866/1378
f 2749/2867/1285 2748/2865/1285 2568/2866/1378 2569/2868/1377
f 2750/2869/1285 2749/2867/1285 2569/2868/1377 2570/2870/1376
f 2751/2871/1285 2750/2869/1285 2570/2870/1376 2571/2872/1375
f 2752/2873/1285 2751/2871/1285 2571/2872/1375 2572/2874/1373
f 2742/2852/1285 2752/2873/1285 2572/2874/1373 2561/2853/1374
f 2693/2875/1286 2694/2876/1286 2573/2877/1343 2574/2878/1342
f 2694/2876/1286 2695/2879/1286 2575/2880/1345 2573/2877/1343
f 2695/2879/1286 2696/2881/1286 2576/2882/1347 2575/2880/1345
f 2696/2881/1286 2697/2883/1286 2577/2884/1349 2576/2882/1347
f 2697/2883/1286 2698/2885/1286 2578/2886/1351 2577/2884/1349
f 2698/2885/1286 2699/2887/1286 2579/2888/1353 2578/2886/1351
f 2699/2887/1286 2700/2889/1286 2580/2890/1355 2579/2888/1353
f 2700/2889/1286 2701/2891/1286 2581/2892/1357 2580/2890/1355
f 2701/2891/1286 2702/2893/1286 2582/2894/1359 2581/2892/1357
f 2702/2893/1286 2703/2895/1286 2583/2896/1361 2582/2894/1359
f 2703/2895/1286 2704/2897/1286 2584/2898/1367 2583/2896/1361
f 2704/2897/1286 2693/2875/1286 2574/2878/1342 2584/2898/1367
f 2585/2899/1385 2586/2900/1386 2596/2901/1387 2595/2902/1388 2594/2903/1389 2593/2904/1390 2592/2905/1391 2591/2906/1392 2590/2907/1393 2589/2908/1394 2588/2803/1366 2587/2802/1365
f 2722/2909/1395 2718/2910/1396 2594/2903/1389 2595/2902/1388
f 2723/2911/1397 2719/2912/1398 2591/2906/1392 2592/2905/1391
f 2724/2913/1399 2721/2800/1363 2588/2803/1366 2589/2908/1394
f 2725/2914/1400 2722/2909/1395 2595/2902/1388 2596/2901/1387
f 2726/2915/1401 2720/2916/1402 2586/2900/1386 2585/2899/1385
f 2727/2917/1403 2723/2911/1397 2592/2905/1391 2593/2904/1390
f 2728/2918/1404 2724/2913/1399 2589/2908/1394 2590/2907/1393
f 2720/2916/1402 2725/2914/1400 2596/2901/1387 2586/2900/1386
f 2717/2801/1364 2726/2915/1401 2585/2899/1385 2587/2802/1365
f 2718/2910/1396 2727/2917/1403 2593/2904/1390 2594/2903/1389
f 2719/2912/1398 2728/2918/1404 2590/2907/1393 2591/2906/1392
f 2515/2919/1405 2513/2920/1406 2597/2921/1285 2598/2922/1285
f 2517/2923/1407 2515/2919/1405 2598/2922/1285 2599/2924/1285
f 2519/2808/1369 2517/2923/1407 2599/2924/1285 2600/2925/1285
f 2521/2809/1370 2519/2808/1369 2600/2925/1285 2601/2926/1285
f 2523/2927/1408 2521/2809/1370 2601/2926/1285 2602/2928/1285
f 2525/2929/1409 2523/2927/1408 2602/2928/1285 2603/2930/1285
f 2527/2931/1410 2525/2929/1409 2603/2930/1285 2604/2932/1285
f 2529/2933/1411 2527/2931/1410 2604/2932/1285 2605/2934/1285
f 2531/2935/1412 2529/2933/1411 2605/2934/1285 2606/2936/1285
f 2533/2937/1413 2531/2935/1412 2606/2936/1285 2607/2938/1285
f 2535/2939/1414 2533/2937/1413 2607/2938/1285 2608/2940/1285
f 2513/2920/1406 2535/2939/1414 2608/2940/1285 2597/2921/1285
f 2526/2941/1415 2524/2942/1416 2680/2943/1417 2673/2944/1418
f 2532/2945/1419 2530/2946/1420 2679/2947/1421 2671/2948/1422
f 2518/2949/1423 2516/2950/1424 2678/2951/1425 2669/2952/1426
f 2514/2953/1427 2536/2954/1428 2676/2955/1429 2677/2956/1430
f 2524/2942/1416 2522/2957/1431 2675/2958/1432 2680/2943/1417
f 2530/2946/1420 2528/2959/1433 2674/2960/1434 2679/2947/1421
f 2516/2950/1424 2514/2953/1427 2677/2956/1430 2678/2951/1425
f 2536/2954/1428 2534/2961/1435 2672/2962/1436 2676/2955/1429
f 2522/2957/1431 2520/2963/1437 2670/2964/1438 2675/2958/1432
f 2528/2959/1433 2526/2941/1415 2673/2944/1418 2674/2960/1434
f 2534/2961/1435 2532/2945/1419 2671/2948/1422 2672/2962/1436
f 2520/2963/1437 2518/2949/1423 2669/2952/1426 2670/2964/1438
f 2716/2965/1286 2705/2966/1286 2693/2875/1286 2704/2897/1286
f 2715/2967/1286 2716/2965/1286 2704/2897/1286 2703/2895/1286
f 2714/2968/1286 2715/2967/1286 2703/2895/1286 2702/2893/1286
f 2713/2969/1286 2714/2968/1286 2702/2893/1286 2701/2891/1286
f 2712/2970/1286 2713/2969/1286 2701/2891/1286 2700/2889/1286
f 2711/2971/1286 2712/2970/1286 2700/2889/1286 2699/2887/1286
f 2710/2972/1286 2711/2971/1286 2699/2887/1286 2698/2885/1286
f 2709/2973/1286 2710/2972/1286 2698/2885/1286 2697/2883/1286
f 2708/2974/1286 2709/2973/1286 2697/2883/1286 2696/2881/1286
f 2707/2975/1286 2708/2974/1286 2696/2881/1286 2695/2879/1286
f 2706/2976/1286 2707/2975/1286 2695/2879/1286 2694/2876/1286
f 2705/2966/1286 2706/2976/1286 2694/2876/1286 2693/2875/1286
f 2514/2953/1427 2516/2950/1424 2706/2976/1286 2705/2966/1286
f 2516/2950/1424 2518/2949/1423 2707/2975/1286 2706/2976/1286
f 2518/2949/1423 2520/2963/1437 2708/2974/1286 2707/2975/1286
f 2520/2963/1437 2522/2957/1431 2709/2973/1286 2708/2974/1286
f 2522/2957/1431 2524/2942/1416 2710/2972/1286 2709/2973/1286
f 2524/2942/1416 2526/2941/1415 2711/2971/1286 2710/2972/1286
f 2526/2941/1415 2528/2959/1433 2712/2970/1286 2711/2971/1286
f 2528/2959/1433 2530/2946/1420 2713/2969/1286 2712/2970/1286
f 2530/2946/1420 2532/2945/1419 2714/2968/1286 2713/2969/1286
f 2532/2945/1419 2534/2961/1435 2715/2967/1286 2714/2968/1286
f 2534/2961/1435 2536/2954/1428 2716/2965/1286 2715/2967/1286
f 2536/2954/1428 2514/2953/1427 2705/2966/1286 2716/2965/1286
f 2673/2944/1418 2680/2943/1417 2728/2918/1404 2719/2912/1398
f 2671/2948/1422 2679/2947/1421 2727/2917/1403 2718/2910/1396
f 2669/2952/1426 2678/2951/1425 2726/2915/1401 2717/2801/1364
f 2677/2956/1430 2676/2955/1429 2725/2914/1400 2720/2916/1402
f 2680/2943/1417 2675/2958/1432 2724/2913/1399 2728/2918/1404
f 2679/2947/1421 2674/2960/1434 2723/2911/1397 2727/2917/1403
f 2678/2951/1425 2677/2956/1430 2720/2916/1402 2726/2915/1401
f 2676/2955/1429 2672/2962/1436 2722/2909/1395 2725/2914/1400
f 2675/2958/1432 2670/2964/1438 2721/2800/1363 2724/2913/1399
f 2674/2960/1434 2673/2944/1418 2719/2912/1398 2723/2911/1397
f 2672/2962/1436 2671/2948/1422 2718/2910/1396 2722/2909/1395
f 2670/2964/1438 2669/2952/1426 2717/2801/1364 2721/2800/1363
f 2597/2921/1285 2608/2940/1285 2752/2873/1285 2742/2852/1285
f 2608/2940/1285 2607/2938/1285 2751/2871/1285 2752/2873/1285
f 2607/2938/1285 2606/2936/1285 2750/2869/1285 2751/2871/1285
f 2606/2936/1285 2605/2934/1285 2749/2867/1285 2750/2869/1285
f 2605/2934/1285 2604/2932/1285 2748/2865/1285 2749/2867/1285
f 2604/2932/1285 2603/2930/1285 2747/2863/1285 2748/2865/1285
f 2603/2930/1285 2602/2928/1285 2746/2861/1285 2747/2863/1285
f 2602/2928/1285 2601/2926/1285 2745/2859/1285 2746/2861/1285
f 2601/2926/1285 2600/2925/1285 2744/2857/1285 2745/2859/1285
f 2600/2925/1285 2599/2924/1285 2743/2855/1285 2744/2857/1285
f 2599/2924/1285 2598/2922/1285 2741/2851/1285 2743/2855/1285
f 2598/2922/1285 2597/2921/1285 2742/2852/1285 2741/2851/1285
f 2692/2977/1368 2788/2805/1368 2777/2807/1341 2681/2978/1341
f 2691/2979/1362 2787/2799/1362 2788/2805/1368 2692/2977/1368
f 2690/2980/1360 2786/2797/1360 2787/2799/1362 2691/2979/1362
f 2689/2981/1358 2785/2795/1358 2786/2797/1360 2690/2980/1360
f 2688/2982/1356 2784/2793/1356 2785/2795/1358 2689/2981/1358
f 2687/2983/1354 2783/2791/1354 2784/2793/1356 2688/2982/1356
f 2686/2984/1352 2782/2789/1352 2783/2791/1354 2687/2983/1354
f 2685/2985/1350 2781/2787/1350 2782/2789/1352 2686/2984/1352
f 2684/2986/1348 2780/2785/1348 2781/2787/1350 2685/2985/1350
f 2683/2987/1346 2779/2783/1346 2780/2785/1348 2684/2986/1348
f 2682/2988/1344 2778/2781/1344 2779/2783/1346 2683/2987/1346
f 2681/2989/1341 2777/2778/1341 2778/2781/1344 2682/2988/1344
usemtl Gold
f 2284/2627/1267 2273/2626/1241 2405/2766/1241 2416/2765/1267
f 2283/2628/1261 2284/2627/1267 2416/2765/1267 2415/2767/1261
f 2282/2629/1259 2283/2628/1261 2415/2767/1261 2414/2768/1259
f 2281/2630/1257 2282/2629/1259 2414/2768/1259 2413/2769/1257
f 2280/2631/1255 2281/2630/1257 2413/2769/1257 2412/2770/1255
f 2279/2632/1253 2280/2631/1255 2412/2770/1255 2411/2771/1253
f 2278/2633/1251 2279/2632/1253 2411/2771/1253 2410/2772/1251
f 2277/2634/1249 2278/2633/1251 2410/2772/1251 2409/2773/1249
f 2276/2635/1247 2277/2634/1249 2409/2773/1249 2408/2774/1247
f 2275/2636/1245 2276/2635/1247 2408/2774/1247 2407/2775/1245
f 2274/2637/1242 2275/2636/1245 2407/2775/1245 2406/2776/1242
f 2273/2638/1241 2274/2637/1242 2406/2776/1242 2405/2777/1241
f 2560/2838/1368 2692/2977/1368 2681/2978/1341 2549/2839/1341
f 2559/2840/1362 2691/2979/1362 2692/2977/1368 2560/2838/1368
f 2558/2841/1360 2690/2980/1360 2691/2979/1362 2559/2840/1362
f 2557/2842/1358 2689/2981/1358 2690/2980/1360 2558/2841/1360
f 2556/2843/1356 2688/2982/1356 2689/2981/1358 2557/2842/1358
f 2555/2844/1354 2687/2983/1354 2688/2982/1356 2556/2843/1356
f 2554/2845/1352 2686/2984/1352 2687/2983/1354 2555/2844/1354
f 2553/2846/1350 2685/2985/1350 2686/2984/1352 2554/2845/1352
f 2552/2847/1348 2684/2986/1348 2685/2985/1350 2553/2846/1350
f 2551/2848/1346 2683/2987/1346 2684/2986/1348 2552/2847/1348
f 2550/2849/1344 2682/2988/1344 2683/2987/1346 2551/2848/1346
f 2549/2850/1341 2681/2989/1341 2682/2988/1344 2550/2849/1344
usemtl Porple
f 2339/2990/1439 2363/2991/1440 2364/2992/1441 2340/2993/1442
f 2257/2725/1315 2355/2994/1443 2356/2995/1444 2259/2727/1316
f 2237/2710/1308 2345/2996/1445 2346/2997/1446 2239/2707/1307
f 2251/2719/1312 2352/2998/1447 2353/2999/1448 2253/2721/1313
f 2245/2599/1272 2349/2598/1271 2350/3000/1449 2247/2715/1310
f 2259/2727/1316 2356/2995/1444 2345/2996/1445 2237/2710/1308
f 2239/2707/1307 2346/2997/1446 2347/3001/1450 2241/2711/1309
f 2253/2721/1313 2353/2999/1448 2354/3002/1451 2255/2723/1314
f 2247/2715/1310 2350/3000/1449 2351/3003/1452 2249/2717/1311
f 2241/2711/1309 2347/3001/1450 2348/2597/1270 2243/2596/1269
f 2255/2723/1314 2354/3002/1451 2355/2994/1443 2257/2725/1315
f 2249/2717/1311 2351/3003/1452 2352/2998/1447 2251/2719/1312
f 2334/3004/1453 2346/2997/1446 2345/2996/1445 2333/3005/1454
f 2335/3006/1455 2347/3001/1450 2346/2997/1446 2334/3004/1453
f 2336/3007/1456 2348/2597/1270 2347/3001/1450 2335/3006/1455
f 2337/3008/1457 2349/2598/1271 2348/2597/1270 2336/3007/1456
f 2338/3009/1458 2350/3000/1449 2349/2598/1271 2337/3008/1457
f 2339/2990/1439 2351/3003/1452 2350/3000/1449 2338/3009/1458
f 2340/2993/1442 2352/2998/1447 2351/3003/1452 2339/2990/1439
f 2341/3010/1459 2353/2999/1448 2352/2998/1447 2340/2993/1442
f 2342/3011/1460 2354/3002/1451 2353/2999/1448 2341/3010/1459
f 2343/3012/1461 2355/2994/1443 2354/3002/1451 2342/3011/1460
f 2344/3013/1462 2356/2995/1444 2355/2994/1443 2343/3012/1461
f 2333/3005/1454 2345/2996/1445 2356/2995/1444 2344/3013/1462
f 2454/3014/1463 2378/3015/1464 2379/3016/1465 2453/3017/1466
f 2336/3007/1456 2360/3018/1467 2361/3019/1468 2337/3008/1457
f 2343/3012/1461 2367/3020/1469 2368/3021/1470 2344/3013/1462
f 2333/3005/1454 2357/3022/1471 2358/3023/1472 2334/3004/1453
f 2340/2993/1442 2364/2992/1441 2365/3024/1473 2341/3010/1459
f 2337/3008/1457 2361/3019/1468 2362/3025/1474 2338/3009/1458
f 2344/3013/1462 2368/3021/1470 2357/3022/1471 2333/3005/1454
f 2334/3004/1453 2358/3023/1472 2359/3026/1475 2335/3006/1455
f 2341/3010/1459 2365/3024/1473 2366/3027/1476 2342/3011/1460
f 2338/3009/1458 2362/3025/1474 2363/2991/1440 2339/2990/1439
f 2335/3006/1455 2359/3026/1475 2360/3018/1467 2336/3007/1456
f 2342/3011/1460 2366/3027/1476 2367/3020/1469 2343/3012/1461
f 2478/3028/1477 2491/3029/1478 2492/3030/1479 2477/3031/1480
f 2456/3032/1481 2375/3033/1482 2376/3034/1483 2455/3035/1484
f 2458/3036/1485 2372/3037/1486 2373/3038/1487 2457/3039/1488
f 2453/3017/1466 2379/3016/1465 2380/3040/1489 2459/3041/1490
f 2461/3042/1491 2369/3043/1492 2370/3044/1493 2460/3045/1494
f 2455/3035/1484 2376/3034/1483 2377/3046/1495 2462/3047/1496
f 2457/3039/1488 2373/3038/1487 2374/3048/1497 2463/3049/1498
f 2459/3041/1490 2380/3040/1489 2369/3043/1492 2461/3042/1491
f 2460/3045/1494 2370/3044/1493 2371/3050/1499 2464/3051/1500
f 2462/3047/1496 2377/3046/1495 2378/3015/1464 2454/3014/1463
f 2463/3049/1498 2374/3048/1497 2375/3033/1482 2456/3032/1481
f 2464/3051/1500 2371/3050/1499 2372/3037/1486 2458/3036/1485
f 2381/3052/1285 2392/3053/1285 2391/3054/1285 2390/3055/1285 2389/3056/1285 2388/3057/1285 2387/3058/1285 2386/3059/1285 2385/3060/1285 2384/3061/1285 2383/3062/1285 2382/3063/1285
f 2480/3064/1501 2498/3065/1502 2499/3066/1503 2479/3067/1504
f 2482/3068/1505 2495/3069/1506 2496/3070/1507 2481/3071/1508
f 2477/3031/1480 2492/3030/1479 2493/3072/1509 2483/3073/1510
f 2479/3067/1504 2499/3066/1503 2500/3074/1511 2484/3075/1512
f 2486/3076/1513 2489/3077/1514 2490/3078/1515 2485/3079/1516
f 2481/3071/1508 2496/3070/1507 2497/3080/1517 2487/3081/1518
f 2483/3073/1510 2493/3072/1509 2494/3082/1519 2488/3083/1520
f 2484/3075/1512 2500/3074/1511 2489/3077/1514 2486/3076/1513
f 2485/3079/1516 2490/3078/1515 2491/3029/1478 2478/3028/1477
f 2487/3081/1518 2497/3080/1517 2498/3065/1502 2480/3064/1501
f 2488/3083/1520 2494/3082/1519 2495/3069/1506 2482/3068/1505
f 2359/3026/1475 2464/3051/1500 2458/3036/1485 2360/3018/1467
f 2362/3025/1474 2463/3049/1498 2456/3032/1481 2363/2991/1440
f 2365/3024/1473 2462/3047/1496 2454/3014/1463 2366/3027/1476
f 2358/3023/1472 2460/3045/1494 2464/3051/1500 2359/3026/1475
f 2368/3021/1470 2459/3041/1490 2461/3042/1491 2357/3022/1471
f 2361/3019/1468 2457/3039/1488 2463/3049/1498 2362/3025/1474
f 2364/2992/1441 2455/3035/1484 2462/3047/1496 2365/3024/1473
f 2357/3022/1471 2461/3042/1491 2460/3045/1494 2358/3023/1472
f 2367/3020/1469 2453/3017/1466 2459/3041/1490 2368/3021/1470
f 2360/3018/1467 2458/3036/1485 2457/3039/1488 2361/3019/1468
f 2363/2991/1440 2456/3032/1481 2455/3035/1484 2364/2992/1441
f 2366/3027/1476 2454/3014/1463 2453/3017/1466 2367/3020/1469
f 2374/3048/1497 2488/3083/1520 2482/3068/1505 2375/3033/1482
f 2377/3046/1495 2487/3081/1518 2480/3064/1501 2378/3015/1464
f 2370/3044/1493 2485/3079/1516 2478/3028/1477 2371/3050/1499
f 2380/3040/1489 2484/3075/1512 2486/3076/1513 2369/3043/1492
f 2373/3038/1487 2483/3073/1510 2488/3083/1520 2374/3048/1497
f 2376/3034/1483 2481/3071/1508 2487/3081/1518 2377/3046/1495
f 2369/3043/1492 2486/3076/1513 2485/3079/1516 2370/3044/1493
f 2379/3016/1465 2479/3067/1504 2484/3075/1512 2380/3040/1489
f 2372/3037/1486 2477/3031/1480 2483/3073/1510 2373/3038/1487
f 2375/3033/1482 2482/3068/1505 2481/3071/1508 2376/3034/1483
f 2378/3015/1464 2480/3064/1501 2479/3067/1504 2379/3016/1465
f 2371/3050/1499 2478/3028/1477 2477/3031/1480 2372/3037/1486
f 2382/3063/1285 2490/3078/1515 2489/3077/1514 2381/3052/1285
f 2383/3062/1285 2491/3029/1478 2490/3078/1515 2382/3063/1285
f 2384/3061/1285 2492/3030/1479 2491/3029/1478 2383/3062/1285
f 2385/3060/1285 2493/3072/1509 2492/3030/1479 2384/3061/1285
f 2386/3059/1285 2494/3082/1519 2493/3072/1509 2385/3060/1285
f 2387/3058/1285 2495/3069/1506 2494/3082/1519 2386/3059/1285
f 2388/3057/1285 2496/3070/1507 2495/3069/1506 2387/3058/1285
f 2389/3056/1285 2497/3080/1517 2496/3070/1507 2388/3057/1285
f 2390/3055/1285 2498/3065/1502 2497/3080/1517 2389/3056/1285
f 2391/3054/1285 2499/3066/1503 2498/3065/1502 2390/3055/1285
f 2392/3053/1285 2500/3074/1511 2499/3066/1503 2391/3054/1285
f 2381/3052/1285 2489/3077/1514 2500/3074/1511 2392/3053/1285
f 2615/3084/1521 2616/3085/1522 2640/3086/1523 2639/3087/1524
f 2533/2937/1413 2535/2939/1414 2632/3088/1525 2631/3089/1526
f 2513/2920/1406 2515/2919/1405 2622/3090/1527 2621/3091/1528
f 2527/2931/1410 2529/2933/1411 2629/3092/1529 2628/3093/1530
f 2521/2809/1370 2523/2927/1408 2626/3094/1531 2625/2810/1371
f 2535/2939/1414 2513/2920/1406 2621/3091/1528 2632/3088/1525
f 2515/2919/1405 2517/2923/1407 2623/3095/1532 2622/3090/1527
f 2529/2933/1411 2531/2935/1412 2630/3096/1533 2629/3092/1529
f 2523/2927/1408 2525/2929/1409 2627/3097/1534 2626/3094/1531
f 2517/2923/1407 2519/2808/1369 2624/2811/1372 2623/3095/1532
f 2531/2935/1412 2533/2937/1413 2631/3089/1526 2630/3096/1533
f 2525/2929/1409 2527/2931/1410 2628/3093/1530 2627/3097/1534
f 2610/3098/1535 2609/3099/1536 2621/3091/1528 2622/3090/1527
f 2611/3100/1537 2610/3098/1535 2622/3090/1527 2623/3095/1532
f 2612/3101/1538 2611/3100/1537 2623/3095/1532 2624/2811/1372
f 2613/3102/1539 2612/3101/1538 2624/2811/1372 2625/2810/1371
f 2614/3103/1540 2613/3102/1539 2625/2810/1371 2626/3094/1531
f 2615/3084/1521 2614/3103/1540 2626/3094/1531 2627/3097/1534
f 2616/3085/1522 2615/3084/1521 2627/3097/1534 2628/3093/1530
f 2617/3104/1541 2616/3085/1522 2628/3093/1530 2629/3092/1529
f 2618/3105/1542 2617/3104/1541 2629/3092/1529 2630/3096/1533
f 2619/3106/1543 2618/3105/1542 2630/3096/1533 2631/3089/1526
f 2620/3107/1544 2619/3106/1543 2631/3089/1526 2632/3088/1525
f 2609/3099/1536 2620/3107/1544 2632/3088/1525 2621/3091/1528
f 2730/3108/1545 2729/3109/1546 2655/3110/1547 2654/3111/1548
f 2612/3101/1538 2613/3102/1539 2637/3112/1549 2636/3113/1550
f 2619/3106/1543 2620/3107/1544 2644/3114/1551 2643/3115/1552
f 2609/3099/1536 2610/3098/1535 2634/3116/1553 2633/3117/1554
f 2616/3085/1522 2617/3104/1541 2641/3118/1555 2640/3086/1523
f 2613/3102/1539 2614/3103/1540 2638/3119/1556 2637/3112/1549
f 2620/3107/1544 2609/3099/1536 2633/3117/1554 2644/3114/1551
f 2610/3098/1535 2611/3100/1537 2635/3120/1557 2634/3116/1553
f 2617/3104/1541 2618/3105/1542 2642/3121/1558 2641/3118/1555
f 2614/3103/1540 2615/3084/1521 2639/3087/1524 2638/3119/1556
f 2611/3100/1537 2612/3101/1538 2636/3113/1550 2635/3120/1557
f 2618/3105/1542 2619/3106/1543 2643/3115/1552 2642/3121/1558
f 2754/3122/1559 2753/3123/1560 2768/3124/1561 2767/3125/1562
f 2732/3126/1563 2731/3127/1564 2652/3128/1565 2651/3129/1566
f 2734/3130/1567 2733/3131/1568 2649/3132/1569 2648/3133/1570
f 2729/3109/1546 2735/3134/1571 2656/3135/1572 2655/3110/1547
f 2737/3136/1573 2736/3137/1574 2646/3138/1575 2645/3139/1576
f 2731/3127/1564 2738/3140/1577 2653/3141/1578 2652/3128/1565
f 2733/3131/1568 2739/3142/1579 2650/3143/1580 2649/3132/1569
f 2735/3134/1571 2737/3136/1573 2645/3139/1576 2656/3135/1572
f 2736/3137/1574 2740/3144/1581 2647/3145/1582 2646/3138/1575
f 2738/3140/1577 2730/3108/1545 2654/3111/1548 2653/3141/1578
f 2739/3142/1579 2732/3126/1563 2651/3129/1566 2650/3143/1580
f 2740/3144/1581 2734/3130/1567 2648/3133/1570 2647/3145/1582
f 2657/3146/1285 2658/3147/1285 2659/3148/1285 2660/3149/1285 2661/3150/1285 2662/3151/1285 2663/3152/1285 2664/3153/1285 2665/3154/1285 2666/3155/1285 2667/3156/1285 2668/3157/1285
f 2756/3158/1583 2755/3159/1584 2775/3160/1585 2774/3161/1586
f 2758/3162/1587 2757/3163/1588 2772/3164/1589 2771/3165/1590
f 2753/3123/1560 2759/3166/1591 2769/3167/1592 2768/3124/1561
f 2755/3159/1584 2760/3168/1593 2776/3169/1594 2775/3160/1585
f 2762/3170/1595 2761/3171/1596 2766/3172/1597 2765/3173/1598
f 2757/3163/1588 2763/3174/1599 2773/3175/1600 2772/3164/1589
f 2759/3166/1591 2764/3176/1601 2770/3177/1602 2769/3167/1592
f 2760/3168/1593 2762/3170/1595 2765/3173/1598 2776/3169/1594
f 2761/3171/1596 2754/3122/1559 2767/3125/1562 2766/3172/1597
f 2763/3174/1599 2756/3158/1583 2774/3161/1586 2773/3175/1600
f 2764/3176/1601 2758/3162/1587 2771/3165/1590 2770/3177/1602
f 2635/3120/1557 2636/3113/1550 2734/3130/1567 2740/3144/1581
f 2638/3119/1556 2639/3087/1524 2732/3126/1563 2739/3142/1579
f 2641/3118/1555 2642/3121/1558 2730/3108/1545 2738/3140/1577
f 2634/3116/1553 2635/3120/1557 2740/3144/1581 2736/3137/1574
f 2644/3114/1551 2633/3117/1554 2737/3136/1573 2735/3134/1571
f 2637/3112/1549 2638/3119/1556 2739/3142/1579 2733/3131/1568
f 2640/3086/1523 2641/3118/1555 2738/3140/1577 2731/3127/1564
f 2633/3117/1554 2634/3116/1553 2736/3137/1574 2737/3136/1573
f 2643/3115/1552 2644/3114/1551 2735/3134/1571 2729/3109/1546
f 2636/3113/1550 2637/3112/1549 2733/3131/1568 2734/3130/1567
f 2639/3087/1524 2640/3086/1523 2731/3127/1564 2732/3126/1563
f 2642/3121/1558 2643/3115/1552 2729/3109/1546 2730/3108/1545
f 2650/3143/1580 2651/3129/1566 2758/3162/1587 2764/3176/1601
f 2653/3141/1578 2654/3111/1548 2756/3158/1583 2763/3174/1599
f 2646/3138/1575 2647/3145/1582 2754/3122/1559 2761/3171/1596
f 2656/3135/1572 2645/3139/1576 2762/3170/1595 2760/3168/1593
f 2649/3132/1569 2650/3143/1580 2764/3176/1601 2759/3166/1591
f 2652/3128/1565 2653/3141/1578 2763/3174/1599 2757/3163/1588
f 2645/3139/1576 2646/3138/1575 2761/3171/1596 2762/3170/1595
f 2655/3110/1547 2656/3135/1572 2760/3168/1593 2755/3159/1584
f 2648/3133/1570 2649/3132/1569 2759/3166/1591 2753/3123/1560
f 2651/3129/1566 2652/3128/1565 2757/3163/1588 2758/3162/1587
f 2654/3111/1548 2655/3110/1547 2755/3159/1584 2756/3158/1583
f 2647/3145/1582 2648/3133/1570 2753/3123/1560 2754/3122/1559
f 2658/3147/1285 2657/3146/1285 2765/3173/1598 2766/3172/1597
f 2659/3148/1285 2658/3147/1285 2766/3172/1597 2767/3125/1562
f 2660/3149/1285 2659/3148/1285 2767/3125/1562 2768/3124/1561
f 2661/3150/1285 2660/3149/1285 2768/3124/1561 2769/3167/1592
f 2662/3151/1285 2661/3150/1285 2769/3167/1592 2770/3177/1602
f 2663/3152/1285 2662/3151/1285 2770/3177/1602 2771/3165/1590
f 2664/3153/1285 2663/3152/1285 2771/3165/1590 2772/3164/1589
f 2665/3154/1285 2664/3153/1285 2772/3164/1589 2773/3175/1600
f 2666/3155/1285 2665/3154/1285 2773/3175/1600 2774/3161/1586
f 2667/3156/1285 2666/3155/1285 2774/3161/1586 2775/3160/1585
f 2668/3157/1285 2667/3156/1285 2775/3160/1585 2776/3169/1594
f 2657/3146/1285 2668/3157/1285 2776/3169/1594 2765/3173/1598
o Cylinder.006_Cylinder.007
v -0.000000 -0.201453 -1.826440
v -0.000000 -0.282219 0.681426
v 0.089246 -0.225366 -1.826440
v 0.059969 -0.303009 0.696452
v 0.154579 -0.290699 -1.826440
v 0.103870 -0.359807 0.737505
v 0.178493 -0.379945 -1.826440
v 0.119938 -0.437395 0.793584
v 0.154579 -0.469192 -1.826440
v 0.103870 -0.514983 0.849663
v 0.089246 -0.534524 -1.826440
v 0.059969 -0.571782 0.890716
v 0.000000 -0.596032 -1.826440
v -0.089246 -0.534525 -1.826440
v -0.059969 -0.571782 0.890716
v -0.154579 -0.469192 -1.826440
v -0.103870 -0.514983 0.849663
v -0.178493 -0.379945 -1.826440
v -0.119938 -0.437395 0.793584
v -0.154579 -0.290699 -1.826440
v -0.103870 -0.359807 0.737505
v -0.089246 -0.225366 -1.826440
v -0.059969 -0.303009 0.696452
v -0.000000 -0.245929 -1.352974
v -0.000000 -0.245929 -0.879509
v -0.000000 -0.245929 -0.406043
v -0.000000 -0.245929 -0.120918
v 0.095733 -0.271581 -0.120918
v 0.095733 -0.271581 -0.406043
v 0.095733 -0.271581 -0.879509
v 0.095733 -0.271581 -1.352974
v 0.165814 -0.341662 -0.120918
v 0.165814 -0.341662 -0.406043
v 0.165814 -0.341662 -0.879509
v 0.165814 -0.341662 -1.352974
v 0.191466 -0.437395 -0.120918
v 0.191466 -0.437395 -0.406043
v 0.191466 -0.437395 -0.879509
v 0.191466 -0.437395 -1.352974
v 0.165814 -0.533128 -0.120918
v 0.165814 -0.533128 -0.406043
v 0.165814 -0.533128 -0.879509
v 0.165814 -0.533128 -1.352974
v 0.065283 -0.603209 -0.120918
v 0.095733 -0.603209 -0.406043
v 0.095733 -0.603209 -0.879509
v 0.095733 -0.603209 -1.352974
v 0.000000 -0.666455 -0.239880
v 0.000000 -0.666455 -0.406043
v 0.000000 -0.666455 -0.879509
v 0.000000 -0.666455 -1.352974
v -0.065283 -0.603210 -0.120918
v -0.095733 -0.603210 -0.406043
v -0.095733 -0.603209 -0.879509
v -0.095733 -0.603209 -1.352974
v -0.165814 -0.533128 -0.120918
v -0.165814 -0.533128 -0.406043
v -0.165814 -0.533128 -0.879509
v -0.165814 -0.533128 -1.352974
v -0.191466 -0.437395 -0.120918
v -0.191466 -0.437395 -0.406043
v -0.191466 -0.437395 -0.879509
v -0.191466 -0.437395 -1.352974
v -0.165814 -0.341662 -0.120918
v -0.165814 -0.341662 -0.406043
v -0.165814 -0.341662 -0.879509
v -0.165814 -0.341662 -1.352974
v -0.095733 -0.271581 -0.120918
v -0.095733 -0.271581 -0.406043
v -0.095733 -0.271581 -0.879509
v -0.095733 -0.271581 -1.352974
v 0.050097 -0.106530 0.953553
v -0.000000 -0.101976 0.932613
v 0.086770 -0.118971 1.010760
v 0.100194 -0.135967 1.088906
v 0.086770 -0.152962 1.167053
v 0.050097 -0.165404 1.224260
v 0.000000 -0.207552 1.245199
v -0.050097 -0.165404 1.224260
v -0.086770 -0.152962 1.167053
v -0.100194 -0.135967 1.088906
v -0.086771 -0.118971 1.010760
v -0.050097 -0.106529 0.953553
v 0.110066 -0.342890 0.990639
v 0.095320 -0.400177 1.057244
v -0.055033 -0.243665 0.875275
v -0.000000 -0.228315 0.857428
v 0.055033 -0.243665 0.875275
v 0.095320 -0.285602 0.924033
v -0.095320 -0.285603 0.924033
v -0.110066 -0.342890 0.990639
v -0.095320 -0.400177 1.057244
v -0.049476 -0.498510 1.106002
v 0.000000 -0.495058 1.123849
v 0.049476 -0.498510 1.106002
v 0.000000 -0.909601 0.905743
v 0.040524 -0.851218 0.890716
v -0.040524 -0.851218 0.890716
v 0.027635 -0.882645 0.067423
v 0.000000 -0.945891 0.067423
v -0.027635 -0.882646 0.067423
v -0.037189 -0.662999 1.106002
v 0.000000 -0.715943 1.123849
v 0.037189 -0.662999 1.106002
v -0.000002 0.115596 -3.391274
v 0.054465 0.094534 -3.402598
v 0.094338 0.036990 -3.433534
v 0.108932 -0.041617 -3.475793
v 0.094338 -0.120224 -3.518053
v 0.054465 -0.177768 -3.548989
v -0.000002 -0.234997 -3.570574
v -0.054469 -0.177768 -3.548989
v -0.094342 -0.120224 -3.518053
v -0.108937 -0.041617 -3.475793
v -0.094342 0.036990 -3.433534
v -0.054470 0.094534 -3.402598
v 0.062749 -0.622022 -0.108238
v 0.058660 -0.590594 0.890716
v 0.000000 -0.509929 1.123849
v -0.048396 -0.513381 1.106002
v 0.000000 -0.685267 -0.219192
v -0.062749 -0.622022 -0.108238
v 0.048396 -0.513381 1.106002
v -0.058660 -0.590594 0.890716
v 0.041051 -0.843652 0.890716
v -0.037672 -0.657018 1.106002
v -0.041051 -0.843652 0.890716
v 0.028654 -0.875079 0.062323
v 0.000000 -0.709962 1.123849
v 0.000000 -0.938325 0.059102
v -0.028654 -0.875079 0.062323
v 0.037672 -0.657018 1.106002
v 0.011684 -0.592901 -1.826440
v 0.012533 -0.663097 -1.352974
v 0.012533 -0.663097 -0.879509
v 0.012533 -0.663097 -0.406043
v 0.008547 -0.663097 -0.224306
v 0.006559 -0.206956 1.242458
v 0.007205 -0.493049 1.121512
v 0.005305 -0.906879 0.903776
v 0.003618 -0.942533 0.067423
v 0.004869 -0.713933 1.121512
v 0.007129 -0.232239 -3.569092
v 0.007048 -0.507919 1.121512
v 0.008215 -0.681909 -0.204666
v 0.004932 -0.707952 1.121512
v 0.003751 -0.934967 0.059524
v -0.011334 -0.592995 -1.826440
v -0.012158 -0.663197 -1.352974
v -0.012158 -0.663197 -0.879509
v -0.012158 -0.663197 -0.406043
v -0.008291 -0.663197 -0.224772
v -0.006362 -0.206974 1.242540
v -0.006989 -0.493109 1.121582
v -0.005146 -0.906961 0.903835
v -0.003510 -0.942633 0.067423
v -0.004723 -0.713993 1.121582
v -0.006919 -0.232322 -3.569136
v -0.006836 -0.507979 1.121582
v -0.007969 -0.682010 -0.205101
v -0.004784 -0.708012 1.121582
v -0.003639 -0.935067 0.059511
vt 1.000000 0.900000
vt 1.000000 1.000000
vt 0.916667 1.000000
vt 0.916667 0.900000
vt 0.833333 1.000000
vt 0.833333 0.900000
vt 0.750000 1.000000
vt 0.750000 0.900000
vt 0.666667 1.000000
vt 0.666667 0.900000
vt 0.583333 1.000000
vt 0.583333 0.900000
vt 0.489417 0.900000
vt 0.500000 0.900000
vt 0.500000 0.900000
vt 0.489417 0.900000
vt 0.510910 0.900000
vt 0.583333 0.900000
vt 0.583333 0.900000
vt 0.510910 0.900000
vt 0.416667 0.900000
vt 0.416667 1.000000
vt 0.333333 1.000000
vt 0.333333 0.900000
vt 0.250000 1.000000
vt 0.250000 0.900000
vt 0.166667 1.000000
vt 0.166667 0.900000
vt 0.666667 1.000000
vt 0.750000 1.000000
vt 0.750000 1.000000
vt 0.666667 1.000000
vt 0.083333 1.000000
vt 0.083333 0.900000
vt 0.000000 1.000000
vt 0.000000 0.900000
vt 0.916667 0.500000
vt 0.833333 0.500000
vt 0.833333 0.500000
vt 0.916667 0.500000
vt 0.083333 0.500000
vt 0.083333 0.600000
vt 0.000000 0.600000
vt 0.000000 0.500000
vt 0.083333 0.700000
vt 0.000000 0.700000
vt 0.083333 0.800000
vt 0.000000 0.800000
vt 0.166667 0.500000
vt 0.166667 0.600000
vt 0.166667 0.700000
vt 0.166667 0.800000
vt 0.250000 0.500000
vt 0.250000 0.600000
vt 0.250000 0.700000
vt 0.250000 0.800000
vt 0.333333 0.500000
vt 0.333333 0.600000
vt 0.333333 0.700000
vt 0.333333 0.800000
vt 0.416667 0.500000
vt 0.416667 0.600000
vt 0.416667 0.700000
vt 0.416667 0.800000
vt 0.489417 0.500000
vt 0.489417 0.600000
vt 0.489417 0.700000
vt 0.489417 0.800000
vt 0.489417 0.900000
vt 0.510910 0.500000
vt 0.510910 0.600000
vt 0.500000 0.600000
vt 0.500000 0.500000
vt 0.510910 0.700000
vt 0.500000 0.700000
vt 0.510910 0.800000
vt 0.500000 0.800000
vt 0.510910 0.900000
vt 0.500000 0.900000
vt 0.666667 0.500000
vt 0.666667 0.600000
vt 0.583333 0.600000
vt 0.583333 0.500000
vt 0.666667 0.700000
vt 0.583333 0.700000
vt 0.666667 0.800000
vt 0.583333 0.800000
vt 0.750000 0.500000
vt 0.750000 0.600000
vt 0.750000 0.700000
vt 0.750000 0.800000
vt 0.833333 0.600000
vt 0.833333 0.700000
vt 0.833333 0.800000
vt 0.916667 0.600000
vt 0.916667 0.700000
vt 0.916667 0.800000
vt 1.000000 0.500000
vt 1.000000 0.600000
vt 1.000000 0.700000
vt 1.000000 0.800000
vt 0.370000 0.457846
vt 0.250000 0.490000
vt 0.130000 0.457846
vt 0.042154 0.370000
vt 0.010000 0.250000
vt 0.042154 0.130000
vt 0.130000 0.042154
vt 0.234760 0.014083
vt 0.250000 0.010000
vt 0.265710 0.014210
vt 0.370000 0.042154
vt 0.457846 0.130000
vt 0.490000 0.250000
vt 0.457846 0.370000
vt 0.000000 1.000000
vt 0.083333 1.000000
vt 0.083333 1.000000
vt 0.000000 1.000000
vt 0.916667 1.000000
vt 1.000000 1.000000
vt 1.000000 1.000000
vt 0.916667 1.000000
vt 0.833333 1.000000
vt 0.833333 1.000000
vt 0.166667 1.000000
vt 0.166667 1.000000
vt 0.250000 1.000000
vt 0.250000 1.000000
vt 0.333333 1.000000
vt 0.333333 1.000000
vt 0.416667 1.000000
vt 0.416667 1.000000
vt 0.489417 1.000000
vt 0.500000 1.000000
vt 0.500000 1.000000
vt 0.489417 1.000000
vt 0.510910 1.000000
vt 0.583333 1.000000
vt 0.583333 1.000000
vt 0.510910 1.000000
vt 0.583333 1.000000
vt 0.583333 1.000000
vt 0.489417 1.000000
vt 0.416667 1.000000
vt 0.416667 1.000000
vt 0.489417 1.000000
vt 0.510910 1.000000
vt 0.500000 1.000000
vt 0.489417 1.000000
vt 0.416667 1.000000
vt 0.416667 0.900000
vt 0.583333 1.000000
vt 0.510910 1.000000
vt 0.500000 1.000000
vt 0.510910 1.000000
vt 0.500000 1.000000
vt 0.583333 1.000000
vt 0.416667 1.000000
vt 0.416667 0.900000
vt 0.750000 0.490000
vt 0.870000 0.457846
vt 0.957846 0.370000
vt 0.990000 0.250000
vt 0.957846 0.130000
vt 0.870000 0.042154
vt 0.765710 0.014210
vt 0.750000 0.010000
vt 0.734760 0.014083
vt 0.630000 0.042154
vt 0.542154 0.130000
vt 0.510000 0.250000
vt 0.542154 0.370000
vt 0.630000 0.457846
vt 0.166667 0.500000
vt 0.250000 0.500000
vt 0.333333 0.500000
vt 0.416667 0.500000
vt 0.489417 0.500000
vt 0.500000 0.500000
vt 0.510910 0.500000
vt 0.583333 0.500000
vt 0.666667 0.500000
vt 0.750000 0.500000
vt 0.000000 0.500000
vt 0.083333 0.500000
vt 1.000000 0.500000
vt 0.416667 0.900000
vt 0.416667 1.000000
vt 0.416667 1.000000
vt 0.583333 1.000000
vt 0.583333 1.000000
vt 0.500000 1.000000
vt 0.510910 1.000000
vt 0.489417 1.000000
vt 0.583333 0.900000
vt 0.510910 0.900000
vt 0.500000 0.900000
vt 0.489417 0.900000
vn 0.0000 0.9997 0.0239
vn 0.0000 0.9945 -0.1047
vn 0.5878 0.8049 -0.0807
vn 0.5144 0.8571 0.0282
vn 0.9140 0.4053 -0.0184
vn 0.8711 0.4899 0.0354
vn 0.9986 -0.0095 0.0515
vn 0.9992 0.0114 0.0375
vn 0.8954 -0.4314 0.1101
vn 0.8528 -0.5207 0.0384
vn 0.9498 -0.2974 0.0970
vn 0.8107 -0.5830 -0.0534
vn -0.8055 -0.4342 -0.4031
vn -0.0000 -0.7349 -0.6782
vn 0.0000 -0.9610 -0.2764
vn -0.7427 -0.6254 -0.2393
vn 0.8059 -0.4339 -0.4028
vn 0.9607 -0.2249 -0.1625
vn 0.9435 -0.3016 -0.1372
vn 0.7429 -0.6250 -0.2393
vn -0.8106 -0.5831 -0.0536
vn -0.9498 -0.2974 0.0970
vn -0.8954 -0.4314 0.1101
vn -0.8528 -0.5207 0.0384
vn -0.9986 -0.0095 0.0515
vn -0.9992 0.0114 0.0375
vn -0.9140 0.4053 -0.0184
vn -0.8711 0.4899 0.0354
vn 0.9381 -0.1963 0.2853
vn 0.9987 0.0085 0.0509
vn 0.7280 0.6564 0.1977
vn 0.7009 0.5631 0.4376
vn -0.5878 0.8049 -0.0807
vn -0.5144 0.8571 0.0282
vn 0.5352 0.8370 0.1142
vn 0.8845 0.4644 0.0435
vn 0.6387 0.5725 -0.5141
vn 0.4095 0.8224 -0.3948
vn -0.5352 0.8370 0.1142
vn -0.5040 0.8628 0.0387
vn 0.0000 0.9989 0.0472
vn 0.0000 0.9893 0.1454
vn -0.5000 0.8660 0.0000
vn 0.0000 1.0000 0.0000
vn -0.8845 0.4644 0.0435
vn -0.8702 0.4924 0.0157
vn -0.8660 0.5000 0.0000
vn -0.9994 0.0010 -0.0340
vn -0.9998 -0.0098 -0.0148
vn -1.0000 0.0000 0.0000
vn -0.8794 -0.4646 -0.1035
vn -0.8610 -0.5067 -0.0444
vn -0.8660 -0.5000 0.0000
vn -0.8536 -0.5208 0.0088
vn -0.6858 -0.7150 -0.1355
vn -0.6466 -0.7606 -0.0586
vn -0.6472 -0.7623 0.0000
vn -0.6396 -0.7684 0.0199
vn -0.4634 -0.8722 -0.1567
vn -0.4261 -0.9022 -0.0670
vn -0.4279 -0.9038 0.0000
vn -0.4518 -0.8920 0.0127
vn -0.7676 -0.6163 -0.1760
vn 0.4640 -0.8719 -0.1567
vn 0.4267 -0.9019 -0.0670
vn 0.0000 -0.9973 -0.0729
vn 0.0000 -0.9847 -0.1741
vn 0.4285 -0.9035 0.0000
vn 0.0000 -1.0000 0.0000
vn 0.4524 -0.8917 0.0128
vn 0.0000 -1.0000 0.0018
vn 0.7680 -0.6157 -0.1759
vn 0.0000 -0.9917 -0.1284
vn 0.8794 -0.4646 -0.1035
vn 0.8610 -0.5067 -0.0444
vn 0.6471 -0.7601 -0.0586
vn 0.6863 -0.7146 -0.1354
vn 0.8660 -0.5000 0.0000
vn 0.6478 -0.7618 0.0000
vn 0.8536 -0.5208 0.0088
vn 0.6401 -0.7680 0.0199
vn 0.9994 0.0010 -0.0340
vn 0.9998 -0.0098 -0.0148
vn 1.0000 0.0000 0.0000
vn 0.8702 0.4924 0.0157
vn 0.8660 0.5000 0.0000
vn 0.5040 0.8628 0.0387
vn 0.5000 0.8660 0.0000
vn 0.4700 0.8269 -0.3087
vn 0.0000 0.8776 -0.4794
vn -0.4700 0.8269 -0.3087
vn -0.6699 0.7414 -0.0403
vn -0.7280 0.6564 0.1977
vn -0.7009 0.5631 0.4376
vn -0.5300 0.5291 0.6626
vn -0.3735 0.2740 0.8862
vn 0.0000 0.3514 0.9362
vn 0.3739 0.2734 0.8862
vn 0.5302 0.5293 0.6624
vn 0.6699 0.7414 -0.0402
vn 0.0000 0.7947 -0.6070
vn -0.6848 0.5785 -0.4431
vn 0.6848 0.5785 -0.4431
vn 0.9472 0.2630 -0.1834
vn -0.9472 0.2630 -0.1834
vn -0.9987 0.0085 0.0509
vn -0.9381 -0.1963 0.2853
vn -0.7708 -0.2181 0.5985
vn -0.3880 -0.1965 0.9004
vn 0.0000 -0.1735 0.9848
vn 0.3882 -0.1966 0.9004
vn 0.7709 -0.2180 0.5985
vn 0.9954 -0.0885 0.0363
vn 0.9409 -0.3100 0.1365
vn -0.4175 -0.0108 0.9086
vn -0.8155 -0.0511 0.5765
vn -0.8259 -0.1366 0.5470
vn -0.6341 -0.3319 0.6984
vn 0.7222 -0.6451 0.2495
vn 0.0000 -0.9129 0.4081
vn -0.7219 -0.6454 0.2497
vn -0.9406 -0.3106 0.1367
vn -0.9432 -0.3023 -0.1375
vn 0.8260 -0.1363 0.5469
vn 0.6344 -0.3318 0.6981
vn 0.0000 -0.4407 0.8976
vn 0.4176 -0.0109 0.9086
vn 0.0000 -0.0023 1.0000
vn 0.8155 -0.0511 0.5765
vn -0.9954 -0.0885 0.0363
vn -0.9606 -0.2251 -0.1628
vn 0.0000 0.9480 -0.3183
vn 0.7276 0.2885 -0.6224
vn 0.6866 -0.0299 -0.7264
vn 0.5648 -0.1720 -0.8070
vn 0.4224 -0.3882 -0.8190
vn 0.0000 -0.5307 -0.8475
vn -0.4219 -0.3883 -0.8193
vn -0.5645 -0.1726 -0.8071
vn -0.6866 -0.0299 -0.7264
vn -0.7276 0.2885 -0.6224
vn -0.6387 0.5725 -0.5141
vn -0.4095 0.8224 -0.3948
vn -0.9633 -0.2200 -0.1538
vn -0.9955 -0.0857 0.0388
vn -0.8053 -0.0503 0.5907
vn 0.8054 -0.0503 0.5906
vn 0.9955 -0.0857 0.0388
vn 0.0000 -0.0019 1.0000
vn 0.3510 -0.0081 0.9363
vn -0.3509 -0.0081 0.9363
vn 0.9633 -0.2198 -0.1536
vn 0.8503 -0.3872 -0.3565
vn 0.0000 -0.7370 -0.6758
vn -0.8501 -0.3873 -0.3566
usemtl DarkPorple
s 1
f 2815/3178/1603 2790/3179/1604 2792/3180/1605 2816/3181/1606
f 2816/3181/1606 2792/3180/1605 2794/3182/1607 2820/3183/1608
f 2820/3183/1608 2794/3182/1607 2796/3184/1609 2824/3185/1610
f 2824/3185/1610 2796/3184/1609 2798/3186/1611 2828/3187/1612
f 2828/3187/1612 2798/3186/1611 2800/3188/1613 2832/3189/1614
f 2950/3190/1615 2918/3191/1616 2888/3192/1617 2944/3193/1618
f 2935/3194/1619 2916/3195/1620 2887/3196/1621 2929/3197/1622
f 2840/3198/1623 2803/3199/1624 2805/3200/1625 2844/3201/1626
f 2844/3201/1626 2805/3200/1625 2807/3202/1627 2848/3203/1628
f 2848/3203/1628 2807/3202/1627 2809/3204/1629 2852/3205/1630
f 2873/3206/1631 2872/3207/1632 2863/3208/1633 2864/3209/1634
f 2852/3205/1630 2809/3204/1629 2811/3210/1635 2856/3211/1636
f 2856/3211/1636 2811/3210/1635 2790/3212/1604 2815/3213/1603
f 2791/3214/1637 2793/3215/1638 2895/3216/1639 2894/3217/1640
f 2810/3218/1641 2859/3219/1642 2812/3220/1643 2789/3221/1644
f 2859/3219/1642 2858/3222/1645 2813/3223/1646 2812/3220/1643
f 2858/3222/1645 2857/3224/1645 2814/3225/1646 2813/3223/1646
f 2857/3224/1645 2856/3211/1636 2815/3213/1603 2814/3225/1646
f 2808/3226/1647 2855/3227/1648 2859/3219/1642 2810/3218/1641
f 2855/3227/1648 2854/3228/1649 2858/3222/1645 2859/3219/1642
f 2854/3228/1649 2853/3229/1649 2857/3224/1645 2858/3222/1645
f 2853/3229/1649 2852/3205/1630 2856/3211/1636 2857/3224/1645
f 2806/3230/1650 2851/3231/1651 2855/3227/1648 2808/3226/1647
f 2851/3231/1651 2850/3232/1652 2854/3228/1649 2855/3227/1648
f 2850/3232/1652 2849/3233/1652 2853/3229/1649 2854/3228/1649
f 2849/3233/1652 2848/3203/1628 2852/3205/1630 2853/3229/1649
f 2804/3234/1653 2847/3235/1654 2851/3231/1651 2806/3230/1650
f 2847/3235/1654 2846/3236/1655 2850/3232/1652 2851/3231/1651
f 2846/3236/1655 2845/3237/1656 2849/3233/1652 2850/3232/1652
f 2845/3237/1656 2844/3201/1626 2848/3203/1628 2849/3233/1652
f 2802/3238/1657 2843/3239/1658 2847/3235/1654 2804/3234/1653
f 2843/3239/1658 2842/3240/1659 2846/3236/1655 2847/3235/1654
f 2842/3240/1659 2841/3241/1660 2845/3237/1656 2846/3236/1655
f 2841/3241/1660 2840/3198/1623 2844/3201/1626 2845/3237/1656
f 2936/3242/1661 2937/3243/1662 2843/3239/1658 2802/3238/1657
f 2937/3243/1662 2938/3244/1663 2842/3240/1659 2843/3239/1658
f 2938/3244/1663 2939/3245/1664 2841/3241/1660 2842/3240/1659
f 2939/3245/1664 2940/3246/1665 2840/3198/1623 2841/3241/1660
f 2921/3247/1666 2922/3248/1667 2839/3249/1668 2801/3250/1669
f 2922/3248/1667 2923/3251/1670 2838/3252/1671 2839/3249/1668
f 2923/3251/1670 2924/3253/1672 2837/3254/1673 2838/3252/1671
f 2924/3253/1672 2925/3255/1674 2836/3256/1675 2837/3254/1673
f 2797/3257/1676 2831/3258/1677 2835/3259/1678 2799/3260/1679
f 2831/3258/1677 2830/3261/1680 2834/3262/1681 2835/3259/1678
f 2830/3261/1680 2829/3263/1682 2833/3264/1683 2834/3262/1681
f 2829/3263/1682 2828/3187/1612 2832/3189/1614 2833/3264/1683
f 2795/3265/1684 2827/3266/1685 2831/3258/1677 2797/3257/1676
f 2827/3266/1685 2826/3267/1686 2830/3261/1680 2831/3258/1677
f 2826/3267/1686 2825/3268/1686 2829/3263/1682 2830/3261/1680
f 2825/3268/1686 2824/3185/1610 2828/3187/1612 2829/3263/1682
f 2793/3215/1638 2823/3269/1687 2827/3266/1685 2795/3265/1684
f 2823/3269/1687 2822/3270/1688 2826/3267/1686 2827/3266/1685
f 2822/3270/1688 2821/3271/1688 2825/3268/1686 2826/3267/1686
f 2821/3271/1688 2820/3183/1608 2824/3185/1610 2825/3268/1686
f 2791/3214/1637 2819/3272/1689 2823/3269/1687 2793/3215/1638
f 2819/3272/1689 2818/3273/1690 2822/3270/1688 2823/3269/1687
f 2818/3273/1690 2817/3274/1690 2821/3271/1688 2822/3270/1688
f 2817/3274/1690 2816/3181/1606 2820/3183/1608 2821/3271/1688
f 2789/3275/1644 2812/3276/1643 2819/3272/1689 2791/3214/1637
f 2812/3276/1643 2813/3277/1646 2818/3273/1690 2819/3272/1689
f 2813/3277/1646 2814/3278/1646 2817/3274/1690 2818/3273/1690
f 2814/3278/1646 2815/3178/1603 2816/3181/1606 2817/3274/1690
f 2860/3279/1691 2861/3280/1692 2871/3281/1693 2870/3282/1694 2869/3283/1695 2868/3284/1696 2867/3285/1697 2941/3286/1698 2866/3287/1699 2926/3288/1700 2865/3289/1701 2864/3290/1634 2863/3291/1633 2862/3292/1702
f 2875/3293/1703 2874/3294/1704 2871/3295/1693 2861/3296/1692
f 2876/3297/1705 2875/3298/1703 2861/3299/1692 2860/3300/1691
f 2872/3207/1632 2877/3301/1706 2862/3302/1702 2863/3208/1633
f 2874/3294/1704 2878/3303/1707 2870/3304/1694 2871/3295/1693
f 2877/3301/1706 2876/3297/1705 2860/3300/1691 2862/3302/1702
f 2878/3303/1707 2879/3305/1708 2869/3306/1695 2870/3304/1694
f 2879/3305/1708 2880/3307/1709 2868/3308/1696 2869/3306/1695
f 2880/3307/1709 2881/3309/1710 2867/3310/1697 2868/3308/1696
f 2942/3311/1711 2882/3312/1712 2866/3313/1699 2941/3314/1698
f 2927/3315/1713 2883/3316/1714 2865/3317/1701 2926/3318/1700
f 2883/3316/1714 2873/3206/1631 2864/3209/1634 2865/3317/1701
f 2800/3188/1613 2798/3186/1611 2873/3206/1631 2883/3316/1714
f 2916/3195/1620 2913/3319/1715 2885/3320/1716 2887/3196/1621
f 2949/3321/1717 2914/3322/1718 2890/3323/1719 2945/3324/1720
f 2805/3200/1625 2803/3199/1624 2881/3309/1710 2880/3307/1709
f 2807/3202/1627 2805/3200/1625 2880/3307/1709 2879/3305/1708
f 2809/3204/1629 2807/3202/1627 2879/3305/1708 2878/3303/1707
f 2794/3182/1607 2792/3180/1605 2876/3297/1705 2877/3301/1706
f 2811/3210/1635 2809/3204/1629 2878/3303/1707 2874/3294/1704
f 2796/3184/1609 2794/3182/1607 2877/3301/1706 2872/3207/1632
f 2792/3180/1605 2790/3179/1604 2875/3298/1703 2876/3297/1705
f 2790/3212/1604 2811/3210/1635 2874/3294/1704 2875/3293/1703
f 2798/3186/1611 2796/3184/1609 2872/3207/1632 2873/3206/1631
f 2929/3197/1622 2928/3325/1721 2884/3326/1722 2888/3192/1617
f 2944/3193/1618 2943/3327/1723 2886/3328/1724 2889/3329/1725
f 2928/3325/1721 2885/3320/1716 2892/3330/1726 2930/3331/1727
f 2943/3327/1723 2884/3326/1722 2891/3332/1728 2945/3324/1720
f 2934/3333/1729 2917/3334/1730 2891/3332/1728 2930/3331/1727
f 2913/3319/1715 2920/3335/1731 2892/3330/1726 2885/3320/1716
f 2914/3322/1718 2915/3336/1732 2886/3328/1724 2890/3323/1719
f 2915/3336/1732 2919/3337/1733 2889/3329/1725 2886/3328/1724
f 2893/3338/1734 2894/3339/1640 2895/3340/1639 2896/3341/1735 2897/3342/1736 2898/3343/1737 2931/3344/1738 2899/3345/1739 2946/3346/1740 2900/3347/1741 2901/3348/1742 2902/3349/1743 2903/3350/1744 2904/3351/1745
f 2806/3230/1650 2808/3226/1647 2903/3352/1744 2902/3353/1743
f 2804/3234/1653 2806/3230/1650 2902/3353/1743 2901/3354/1742
f 2802/3238/1657 2804/3234/1653 2901/3354/1742 2900/3355/1741
f 2936/3242/1661 2802/3238/1657 2900/3355/1741 2946/3356/1740
f 2921/3247/1666 2801/3250/1669 2899/3357/1739 2931/3358/1738
f 2797/3257/1676 2799/3260/1679 2898/3359/1737 2897/3360/1736
f 2795/3265/1684 2797/3257/1676 2897/3360/1736 2896/3361/1735
f 2810/3218/1641 2789/3221/1644 2893/3362/1734 2904/3363/1745
f 2789/3275/1644 2791/3214/1637 2894/3217/1640 2893/3364/1734
f 2793/3215/1638 2795/3265/1684 2896/3361/1735 2895/3216/1639
f 2808/3226/1647 2810/3218/1641 2904/3363/1745 2903/3352/1744
f 2803/3199/1624 2840/3198/1623 2910/3365/1746 2912/3366/1747
f 2881/3309/1710 2803/3199/1624 2912/3366/1747 2908/3367/1748
f 2800/3188/1613 2883/3316/1714 2911/3368/1749 2906/3369/1750
f 2927/3315/1713 2882/3312/1712 2907/3370/1751 2932/3371/1752
f 2942/3311/1711 2881/3309/1710 2908/3367/1748 2947/3372/1753
f 2832/3189/1614 2800/3188/1613 2906/3369/1750 2905/3373/1754
f 2925/3255/1674 2832/3189/1614 2905/3373/1754 2933/3374/1755
f 2940/3246/1665 2836/3256/1675 2909/3375/1756 2948/3376/1757
f 2912/3366/1747 2910/3365/1746 2919/3337/1733 2915/3336/1732
f 2908/3367/1748 2912/3366/1747 2915/3336/1732 2914/3322/1718
f 2906/3369/1750 2911/3368/1749 2920/3335/1731 2913/3319/1715
f 2932/3371/1752 2907/3370/1751 2917/3334/1730 2934/3333/1729
f 2947/3372/1753 2908/3367/1748 2914/3322/1718 2949/3321/1717
f 2905/3373/1754 2906/3369/1750 2913/3319/1715 2916/3195/1620
f 2933/3374/1755 2905/3373/1754 2916/3195/1620 2935/3194/1619
f 2948/3376/1757 2909/3375/1756 2918/3191/1616 2950/3190/1615
f 2909/3375/1756 2933/3374/1755 2935/3194/1619 2918/3191/1616
f 2911/3368/1749 2932/3371/1752 2934/3333/1729 2920/3335/1731
f 2836/3256/1675 2925/3255/1674 2933/3374/1755 2909/3375/1756
f 2883/3316/1714 2927/3315/1713 2932/3371/1752 2911/3368/1749
f 2799/3260/1679 2921/3247/1666 2931/3358/1738 2898/3359/1737
f 2920/3335/1731 2934/3333/1729 2930/3331/1727 2892/3330/1726
f 2884/3326/1722 2928/3325/1721 2930/3331/1727 2891/3332/1728
f 2887/3196/1621 2885/3320/1716 2928/3325/1721 2929/3197/1622
f 2882/3312/1712 2927/3315/1713 2926/3318/1700 2866/3313/1699
f 2833/3264/1683 2832/3189/1614 2925/3255/1674 2924/3253/1672
f 2834/3262/1681 2833/3264/1683 2924/3253/1672 2923/3251/1670
f 2835/3259/1678 2834/3262/1681 2923/3251/1670 2922/3248/1667
f 2799/3260/1679 2835/3259/1678 2922/3248/1667 2921/3247/1666
f 2918/3191/1616 2935/3194/1619 2929/3197/1622 2888/3192/1617
f 2910/3365/1746 2948/3376/1757 2950/3190/1615 2919/3337/1733
f 2907/3370/1751 2947/3372/1753 2949/3321/1717 2917/3334/1730
f 2840/3198/1623 2940/3246/1665 2948/3376/1757 2910/3365/1746
f 2882/3312/1712 2942/3311/1711 2947/3372/1753 2907/3370/1751
f 2801/3250/1669 2936/3242/1661 2946/3356/1740 2899/3357/1739
f 2886/3328/1724 2943/3327/1723 2945/3324/1720 2890/3323/1719
f 2888/3192/1617 2884/3326/1722 2943/3327/1723 2944/3193/1618
f 2917/3334/1730 2949/3321/1717 2945/3324/1720 2891/3332/1728
f 2881/3309/1710 2942/3311/1711 2941/3314/1698 2867/3310/1697
f 2837/3254/1673 2836/3256/1675 2940/3246/1665 2939/3245/1664
f 2838/3252/1671 2837/3254/1673 2939/3245/1664 2938/3244/1663
f 2839/3249/1668 2838/3252/1671 2938/3244/1663 2937/3243/1662
f 2801/3250/1669 2839/3249/1668 2937/3243/1662 2936/3242/1661
f 2919/3337/1733 2950/3190/1615 2944/3193/1618 2889/3329/1725
o Cylinder.007_Cylinder.009
v -0.000000 -0.148355 -0.799036
v -0.000000 -0.148355 -0.753387
v 0.106302 -0.183474 -0.799036
v 0.106302 -0.183474 -0.753387
v 0.184120 -0.279422 -0.799036
v 0.184120 -0.279422 -0.753387
v 0.197505 -0.410489 -0.799036
v 0.197505 -0.410489 -0.753387
v 0.171044 -0.541556 -0.799036
v 0.171044 -0.541556 -0.753387
v 0.106302 -0.607695 -0.799036
v 0.106302 -0.607695 -0.753387
v 0.000000 -0.679240 -0.799036
v 0.000000 -0.679240 -0.753387
v -0.106302 -0.607695 -0.799036
v -0.106302 -0.607695 -0.753387
v -0.171044 -0.541556 -0.799036
v -0.171044 -0.541556 -0.753387
v -0.197505 -0.410489 -0.799036
v -0.197505 -0.410489 -0.753387
v -0.184120 -0.279422 -0.799036
v -0.184120 -0.279422 -0.753387
v -0.106302 -0.183474 -0.799036
v -0.106302 -0.183474 -0.753387
v -0.000000 -0.148355 -0.793271
v 0.106302 -0.183474 -0.793271
v 0.184120 -0.279422 -0.793271
v 0.197505 -0.410489 -0.793271
v 0.171044 -0.541556 -0.793271
v 0.106302 -0.607695 -0.793271
v 0.000000 -0.679240 -0.793271
v -0.106302 -0.607695 -0.793271
v -0.171044 -0.541556 -0.793271
v -0.197505 -0.410489 -0.793271
v -0.184120 -0.279422 -0.793271
v -0.106302 -0.183474 -0.793271
v -0.000000 -0.148355 -0.761333
v 0.106302 -0.183474 -0.761333
v 0.184120 -0.279422 -0.761333
v 0.197505 -0.410489 -0.761333
v 0.171044 -0.541556 -0.761333
v 0.106302 -0.607695 -0.761333
v 0.000000 -0.679240 -0.761333
v -0.106302 -0.607695 -0.761333
v -0.171044 -0.541556 -0.761333
v -0.197505 -0.410489 -0.761333
v -0.184120 -0.279422 -0.761333
v -0.106302 -0.183474 -0.761333
vt 1.000000 0.912969
vt 1.000000 1.000000
vt 0.916667 1.000000
vt 0.916667 0.912969
vt 0.833333 1.000000
vt 0.833333 0.912969
vt 0.750000 1.000000
vt 0.750000 0.912969
vt 0.666667 1.000000
vt 0.666667 0.912969
vt 0.583333 1.000000
vt 0.583333 0.912969
vt 0.500000 1.000000
vt 0.500000 0.912969
vt 0.416667 1.000000
vt 0.416667 0.912969
vt 0.333333 1.000000
vt 0.333333 0.912969
vt 0.250000 1.000000
vt 0.250000 0.912969
vt 0.166667 1.000000
vt 0.166667 0.912969
vt 0.370000 0.457846
vt 0.250000 0.490000
vt 0.130000 0.457846
vt 0.042154 0.370000
vt 0.010000 0.250000
vt 0.042154 0.130000
vt 0.130000 0.042154
vt 0.250000 0.010000
vt 0.370000 0.042154
vt 0.457846 0.130000
vt 0.490000 0.250000
vt 0.457846 0.370000
vt 0.083333 1.000000
vt 0.083333 0.912969
vt 0.000000 1.000000
vt 0.000000 0.912969
vt 0.750000 0.490000
vt 0.870000 0.457846
vt 0.957846 0.370000
vt 0.990000 0.250000
vt 0.957846 0.130000
vt 0.870000 0.042154
vt 0.750000 0.010000
vt 0.630000 0.042154
vt 0.542154 0.130000
vt 0.510000 0.250000
vt 0.542154 0.370000
vt 0.630000 0.457846
vt 0.083333 0.500000
vt 0.083333 0.563144
vt 0.000000 0.563144
vt 0.000000 0.500000
vt 0.166667 0.500000
vt 0.166667 0.563144
vt 0.250000 0.500000
vt 0.250000 0.563144
vt 0.333333 0.500000
vt 0.333333 0.563144
vt 0.416667 0.500000
vt 0.416667 0.563144
vt 0.500000 0.500000
vt 0.500000 0.563144
vt 0.583333 0.500000
vt 0.583333 0.563144
vt 0.666667 0.500000
vt 0.666667 0.563144
vt 0.750000 0.500000
vt 0.750000 0.563144
vt 0.833333 0.500000
vt 0.833333 0.563144
vt 0.916667 0.500000
vt 0.916667 0.563144
vt 1.000000 0.500000
vt 1.000000 0.563144
vn 0.0000 1.0000 0.0000
vn 0.0000 0.7660 0.6428
vn 0.4322 0.6261 0.6489
vn 0.5681 0.8229 0.0000
vn 0.7039 0.2907 0.6481
vn 0.9243 0.3817 0.0000
vn 0.7371 -0.0359 0.6749
vn 0.9988 -0.0487 0.0000
vn 0.6727 -0.3562 0.6484
vn 0.8837 -0.4679 0.0000
vn 0.4661 -0.5600 0.6849
vn 0.6398 -0.7685 0.0000
vn 0.0000 -0.7997 0.6004
vn 0.0000 -1.0000 0.0000
vn -0.4661 -0.5600 0.6849
vn -0.6398 -0.7685 0.0000
vn -0.6727 -0.3562 0.6485
vn -0.8837 -0.4679 0.0000
vn -0.7371 -0.0359 0.6749
vn -0.9988 -0.0487 0.0000
vn -0.7039 0.2907 0.6481
vn -0.9243 0.3817 0.0000
vn -0.4322 0.6261 0.6489
vn -0.5681 0.8229 0.0000
vn 0.0000 0.7660 -0.6428
vn 0.4322 0.6261 -0.6489
vn 0.7039 0.2907 -0.6481
vn 0.7371 -0.0359 -0.6749
vn 0.6727 -0.3562 -0.6484
vn 0.4661 -0.5600 -0.6849
vn 0.0000 -0.7997 -0.6004
vn -0.4661 -0.5600 -0.6849
vn -0.6727 -0.3562 -0.6484
vn -0.7371 -0.0359 -0.6749
vn -0.7039 0.2907 -0.6481
vn -0.4322 0.6261 -0.6489
usemtl Porple
s 1
f 2987/3377/1758 2952/3378/1759 2954/3379/1760 2988/3380/1761
f 2988/3380/1761 2954/3379/1760 2956/3381/1762 2989/3382/1763
f 2989/3382/1763 2956/3381/1762 2958/3383/1764 2990/3384/1765
f 2990/3384/1765 2958/3383/1764 2960/3385/1766 2991/3386/1767
f 2991/3386/1767 2960/3385/1766 2962/3387/1768 2992/3388/1769
f 2992/3388/1769 2962/3387/1768 2964/3389/1770 2993/3390/1771
f 2993/3390/1771 2964/3389/1770 2966/3391/1772 2994/3392/1773
f 2994/3392/1773 2966/3391/1772 2968/3393/1774 2995/3394/1775
f 2995/3394/1775 2968/3393/1774 2970/3395/1776 2996/3396/1777
f 2996/3396/1777 2970/3395/1776 2972/3397/1778 2997/3398/1779
f 2954/3399/1760 2952/3400/1759 2974/3401/1780 2972/3402/1778 2970/3403/1776 2968/3404/1774 2966/3405/1772 2964/3406/1770 2962/3407/1768 2960/3408/1766 2958/3409/1764 2956/3410/1762
f 2997/3398/1779 2972/3397/1778 2974/3411/1780 2998/3412/1781
f 2998/3412/1781 2974/3411/1780 2952/3413/1759 2987/3414/1758
f 2951/3415/1782 2953/3416/1783 2955/3417/1784 2957/3418/1785 2959/3419/1786 2961/3420/1787 2963/3421/1788 2965/3422/1789 2967/3423/1790 2969/3424/1791 2971/3425/1792 2973/3426/1793
f 2973/3427/1793 2986/3428/1781 2975/3429/1758 2951/3430/1782
f 2971/3431/1792 2985/3432/1779 2986/3428/1781 2973/3427/1793
f 2969/3433/1791 2984/3434/1777 2985/3432/1779 2971/3431/1792
f 2967/3435/1790 2983/3436/1775 2984/3434/1777 2969/3433/1791
f 2965/3437/1789 2982/3438/1773 2983/3436/1775 2967/3435/1790
f 2963/3439/1788 2981/3440/1771 2982/3438/1773 2965/3437/1789
f 2961/3441/1787 2980/3442/1769 2981/3440/1771 2963/3439/1788
f 2959/3443/1786 2979/3444/1767 2980/3442/1769 2961/3441/1787
f 2957/3445/1785 2978/3446/1765 2979/3444/1767 2959/3443/1786
f 2955/3447/1784 2977/3448/1763 2978/3446/1765 2957/3445/1785
f 2953/3449/1783 2976/3450/1761 2977/3448/1763 2955/3447/1784
f 2951/3451/1782 2975/3452/1758 2976/3450/1761 2953/3449/1783
f 2986/3428/1781 2998/3412/1781 2987/3414/1758 2975/3429/1758
f 2985/3432/1779 2997/3398/1779 2998/3412/1781 2986/3428/1781
f 2984/3434/1777 2996/3396/1777 2997/3398/1779 2985/3432/1779
f 2983/3436/1775 2995/3394/1775 2996/3396/1777 2984/3434/1777
f 2982/3438/1773 2994/3392/1773 2995/3394/1775 2983/3436/1775
f 2981/3440/1771 2993/3390/1771 2994/3392/1773 2982/3438/1773
f 2980/3442/1769 2992/3388/1769 2993/3390/1771 2981/3440/1771
f 2979/3444/1767 2991/3386/1767 2992/3388/1769 2980/3442/1769
f 2978/3446/1765 2990/3384/1765 2991/3386/1767 2979/3444/1767
f 2977/3448/1763 2989/3382/1763 2990/3384/1765 2978/3446/1765
f 2976/3450/1761 2988/3380/1761 2989/3382/1763 2977/3448/1763
f 2975/3452/1758 2987/3377/1758 2988/3380/1761 2976/3450/1761
o Cylinder.008_Cylinder.010
v -0.000000 -0.148355 -1.314711
v -0.000000 -0.148355 -1.269061
v 0.106302 -0.183474 -1.314711
v 0.106302 -0.183474 -1.269061
v 0.184120 -0.279422 -1.314711
v 0.184120 -0.279422 -1.269061
v 0.197505 -0.410489 -1.314711
v 0.197505 -0.410489 -1.269061
v 0.171044 -0.541556 -1.314711
v 0.171044 -0.541556 -1.269061
v 0.106302 -0.607695 -1.314711
v 0.106302 -0.607695 -1.269061
v 0.000000 -0.679240 -1.314711
v 0.000000 -0.679240 -1.269061
v -0.106302 -0.607695 -1.314711
v -0.106302 -0.607695 -1.269061
v -0.171044 -0.541556 -1.314711
v -0.171044 -0.541556 -1.269061
v -0.197505 -0.410489 -1.314711
v -0.197505 -0.410489 -1.269061
v -0.184120 -0.279422 -1.314711
v -0.184120 -0.279422 -1.269061
v -0.106302 -0.183474 -1.314711
v -0.106302 -0.183474 -1.269061
v -0.000000 -0.148355 -1.308946
v 0.106302 -0.183474 -1.308946
v 0.184120 -0.279422 -1.308946
v 0.197505 -0.410489 -1.308946
v 0.171044 -0.541556 -1.308946
v 0.106302 -0.607695 -1.308946
v 0.000000 -0.679240 -1.308946
v -0.106302 -0.607695 -1.308946
v -0.171044 -0.541556 -1.308946
v -0.197505 -0.410489 -1.308946
v -0.184120 -0.279422 -1.308946
v -0.106302 -0.183474 -1.308946
v -0.000000 -0.148355 -1.277007
v 0.106302 -0.183474 -1.277007
v 0.184120 -0.279422 -1.277007
v 0.197505 -0.410489 -1.277007
v 0.171044 -0.541556 -1.277007
v 0.106302 -0.607695 -1.277007
v 0.000000 -0.679240 -1.277007
v -0.106302 -0.607695 -1.277007
v -0.171044 -0.541556 -1.277007
v -0.197505 -0.410489 -1.277007
v -0.184120 -0.279422 -1.277007
v -0.106302 -0.183474 -1.277007
vt 1.000000 0.912969
vt 1.000000 1.000000
vt 0.916667 1.000000
vt 0.916667 0.912969
vt 0.833333 1.000000
vt 0.833333 0.912969
vt 0.750000 1.000000
vt 0.750000 0.912969
vt 0.666667 1.000000
vt 0.666667 0.912969
vt 0.583333 1.000000
vt 0.583333 0.912969
vt 0.500000 1.000000
vt 0.500000 0.912969
vt 0.416667 1.000000
vt 0.416667 0.912969
vt 0.333333 1.000000
vt 0.333333 0.912969
vt 0.250000 1.000000
vt 0.250000 0.912969
vt 0.166667 1.000000
vt 0.166667 0.912969
vt 0.370000 0.457846
vt 0.250000 0.490000
vt 0.130000 0.457846
vt 0.042154 0.370000
vt 0.010000 0.250000
vt 0.042154 0.130000
vt 0.130000 0.042154
vt 0.250000 0.010000
vt 0.370000 0.042154
vt 0.457846 0.130000
vt 0.490000 0.250000
vt 0.457846 0.370000
vt 0.083333 1.000000
vt 0.083333 0.912969
vt 0.000000 1.000000
vt 0.000000 0.912969
vt 0.750000 0.490000
vt 0.870000 0.457846
vt 0.957846 0.370000
vt 0.990000 0.250000
vt 0.957846 0.130000
vt 0.870000 0.042154
vt 0.750000 0.010000
vt 0.630000 0.042154
vt 0.542154 0.130000
vt 0.510000 0.250000
vt 0.542154 0.370000
vt 0.630000 0.457846
vt 0.083333 0.500000
vt 0.083333 0.563144
vt 0.000000 0.563144
vt 0.000000 0.500000
vt 0.166667 0.500000
vt 0.166667 0.563144
vt 0.250000 0.500000
vt 0.250000 0.563144
vt 0.333333 0.500000
vt 0.333333 0.563144
vt 0.416667 0.500000
vt 0.416667 0.563144
vt 0.500000 0.500000
vt 0.500000 0.563144
vt 0.583333 0.500000
vt 0.583333 0.563144
vt 0.666667 0.500000
vt 0.666667 0.563144
vt 0.750000 0.500000
vt 0.750000 0.563144
vt 0.833333 0.500000
vt 0.833333 0.563144
vt 0.916667 0.500000
vt 0.916667 0.563144
vt 1.000000 0.500000
vt 1.000000 0.563144
vn 0.0000 1.0000 0.0000
vn 0.0000 0.7660 0.6428
vn 0.4322 0.6261 0.6489
vn 0.5681 0.8229 0.0000
vn 0.7039 0.2907 0.6481
vn 0.9243 0.3817 0.0000
vn 0.7371 -0.0359 0.6749
vn 0.9988 -0.0487 0.0000
vn 0.6727 -0.3562 0.6484
vn 0.8837 -0.4679 0.0000
vn 0.4661 -0.5600 0.6849
vn 0.6398 -0.7685 0.0000
vn 0.0000 -0.7997 0.6004
vn 0.0000 -1.0000 0.0000
vn -0.4661 -0.5600 0.6849
vn -0.6398 -0.7685 0.0000
vn -0.6727 -0.3562 0.6484
vn -0.8837 -0.4679 0.0000
vn -0.7371 -0.0359 0.6749
vn -0.9988 -0.0487 0.0000
vn -0.7039 0.2907 0.6481
vn -0.9243 0.3817 0.0000
vn -0.4322 0.6261 0.6489
vn -0.5681 0.8229 0.0000
vn 0.0000 0.7660 -0.6428
vn 0.4322 0.6261 -0.6489
vn 0.7039 0.2907 -0.6481
vn 0.7371 -0.0359 -0.6749
vn 0.6727 -0.3562 -0.6485
vn 0.4661 -0.5600 -0.6849
vn 0.0000 -0.7997 -0.6004
vn -0.4661 -0.5600 -0.6849
vn -0.6727 -0.3562 -0.6484
vn -0.7371 -0.0359 -0.6749
vn -0.7039 0.2907 -0.6481
vn -0.4322 0.6261 -0.6489
usemtl Porple
s 1
f 3035/3453/1794 3000/3454/1795 3002/3455/1796 3036/3456/1797
f 3036/3456/1797 3002/3455/1796 3004/3457/1798 3037/3458/1799
f 3037/3458/1799 3004/3457/1798 3006/3459/1800 3038/3460/1801
f 3038/3460/1801 3006/3459/1800 3008/3461/1802 3039/3462/1803
f 3039/3462/1803 3008/3461/1802 3010/3463/1804 3040/3464/1805
f 3040/3464/1805 3010/3463/1804 3012/3465/1806 3041/3466/1807
f 3041/3466/1807 3012/3465/1806 3014/3467/1808 3042/3468/1809
f 3042/3468/1809 3014/3467/1808 3016/3469/1810 3043/3470/1811
f 3043/3470/1811 3016/3469/1810 3018/3471/1812 3044/3472/1813
f 3044/3472/1813 3018/3471/1812 3020/3473/1814 3045/3474/1815
f 3002/3475/1796 3000/3476/1795 3022/3477/1816 3020/3478/1814 3018/3479/1812 3016/3480/1810 3014/3481/1808 3012/3482/1806 3010/3483/1804 3008/3484/1802 3006/3485/1800 3004/3486/1798
f 3045/3474/1815 3020/3473/1814 3022/3487/1816 3046/3488/1817
f 3046/3488/1817 3022/3487/1816 3000/3489/1795 3035/3490/1794
f 2999/3491/1818 3001/3492/1819 3003/3493/1820 3005/3494/1821 3007/3495/1822 3009/3496/1823 3011/3497/1824 3013/3498/1825 3015/3499/1826 3017/3500/1827 3019/3501/1828 3021/3502/1829
f 3021/3503/1829 3034/3504/1817 3023/3505/1794 2999/3506/1818
f 3019/3507/1828 3033/3508/1815 3034/3504/1817 3021/3503/1829
f 3017/3509/1827 3032/3510/1813 3033/3508/1815 3019/3507/1828
f 3015/3511/1826 3031/3512/1811 3032/3510/1813 3017/3509/1827
f 3013/3513/1825 3030/3514/1809 3031/3512/1811 3015/3511/1826
f 3011/3515/1824 3029/3516/1807 3030/3514/1809 3013/3513/1825
f 3009/3517/1823 3028/3518/1805 3029/3516/1807 3011/3515/1824
f 3007/3519/1822 3027/3520/1803 3028/3518/1805 3009/3517/1823
f 3005/3521/1821 3026/3522/1801 3027/3520/1803 3007/3519/1822
f 3003/3523/1820 3025/3524/1799 3026/3522/1801 3005/3521/1821
f 3001/3525/1819 3024/3526/1797 3025/3524/1799 3003/3523/1820
f 2999/3527/1818 3023/3528/1794 3024/3526/1797 3001/3525/1819
f 3034/3504/1817 3046/3488/1817 3035/3490/1794 3023/3505/1794
f 3033/3508/1815 3045/3474/1815 3046/3488/1817 3034/3504/1817
f 3032/3510/1813 3044/3472/1813 3045/3474/1815 3033/3508/1815
f 3031/3512/1811 3043/3470/1811 3044/3472/1813 3032/3510/1813
f 3030/3514/1809 3042/3468/1809 3043/3470/1811 3031/3512/1811
f 3029/3516/1807 3041/3466/1807 3042/3468/1809 3030/3514/1809
f 3028/3518/1805 3040/3464/1805 3041/3466/1807 3029/3516/1807
f 3027/3520/1803 3039/3462/1803 3040/3464/1805 3028/3518/1805
f 3026/3522/1801 3038/3460/1801 3039/3462/1803 3027/3520/1803
f 3025/3524/1799 3037/3458/1799 3038/3460/1801 3026/3522/1801
f 3024/3526/1797 3036/3456/1797 3037/3458/1799 3025/3524/1799
f 3023/3528/1794 3035/3453/1794 3036/3456/1797 3024/3526/1797
o Cylinder.009_Cylinder.012
v -0.000000 -0.148355 -0.296186
v -0.000000 -0.148355 -0.250537
v 0.106302 -0.183474 -0.296186
v 0.106302 -0.183474 -0.250537
v 0.184120 -0.279422 -0.296186
v 0.184120 -0.279422 -0.250537
v 0.197505 -0.410489 -0.296186
v 0.197505 -0.410489 -0.250537
v 0.171044 -0.541556 -0.296186
v 0.171044 -0.541556 -0.250537
v 0.106302 -0.607695 -0.296186
v 0.106302 -0.607695 -0.250537
v 0.000000 -0.679240 -0.296186
v 0.000000 -0.679240 -0.250537
v -0.106302 -0.607695 -0.296186
v -0.106302 -0.607695 -0.250537
v -0.171044 -0.541556 -0.296186
v -0.171044 -0.541556 -0.250537
v -0.197505 -0.410489 -0.296186
v -0.197505 -0.410489 -0.250537
v -0.184120 -0.279422 -0.296186
v -0.184120 -0.279422 -0.250537
v -0.106302 -0.183474 -0.296186
v -0.106302 -0.183474 -0.250537
v -0.000000 -0.148355 -0.290421
v 0.106302 -0.183474 -0.290421
v 0.184120 -0.279422 -0.290421
v 0.197505 -0.410489 -0.290421
v 0.171044 -0.541556 -0.290421
v 0.106302 -0.607695 -0.290421
v 0.000000 -0.679240 -0.290421
v -0.106302 -0.607695 -0.290421
v -0.171044 -0.541556 -0.290421
v -0.197505 -0.410489 -0.290421
v -0.184120 -0.279422 -0.290421
v -0.106302 -0.183474 -0.290421
v -0.000000 -0.148355 -0.258483
v 0.106302 -0.183474 -0.258483
v 0.184120 -0.279422 -0.258483
v 0.197505 -0.410489 -0.258483
v 0.171044 -0.541556 -0.258483
v 0.106302 -0.607695 -0.258483
v 0.000000 -0.679240 -0.258483
v -0.106302 -0.607695 -0.258483
v -0.171044 -0.541556 -0.258483
v -0.197505 -0.410489 -0.258483
v -0.184120 -0.279422 -0.258483
v -0.106302 -0.183474 -0.258483
vt 1.000000 0.912969
vt 1.000000 1.000000
vt 0.916667 1.000000
vt 0.916667 0.912969
vt 0.833333 1.000000
vt 0.833333 0.912969
vt 0.750000 1.000000
vt 0.750000 0.912969
vt 0.666667 1.000000
vt 0.666667 0.912969
vt 0.583333 1.000000
vt 0.583333 0.912969
vt 0.500000 1.000000
vt 0.500000 0.912969
vt 0.416667 1.000000
vt 0.416667 0.912969
vt 0.333333 1.000000
vt 0.333333 0.912969
vt 0.250000 1.000000
vt 0.250000 0.912969
vt 0.166667 1.000000
vt 0.166667 0.912969
vt 0.370000 0.457846
vt 0.250000 0.490000
vt 0.130000 0.457846
vt 0.042154 0.370000
vt 0.010000 0.250000
vt 0.042154 0.130000
vt 0.130000 0.042154
vt 0.250000 0.010000
vt 0.370000 0.042154
vt 0.457846 0.130000
vt 0.490000 0.250000
vt 0.457846 0.370000
vt 0.083333 1.000000
vt 0.083333 0.912969
vt 0.000000 1.000000
vt 0.000000 0.912969
vt 0.750000 0.490000
vt 0.870000 0.457846
vt 0.957846 0.370000
vt 0.990000 0.250000
vt 0.957846 0.130000
vt 0.870000 0.042154
vt 0.750000 0.010000
vt 0.630000 0.042154
vt 0.542154 0.130000
vt 0.510000 0.250000
vt 0.542154 0.370000
vt 0.630000 0.457846
vt 0.083333 0.500000
vt 0.083333 0.563144
vt 0.000000 0.563144
vt 0.000000 0.500000
vt 0.166667 0.500000
vt 0.166667 0.563144
vt 0.250000 0.500000
vt 0.250000 0.563144
vt 0.333333 0.500000
vt 0.333333 0.563144
vt 0.416667 0.500000
vt 0.416667 0.563144
vt 0.500000 0.500000
vt 0.500000 0.563144
vt 0.583333 0.500000
vt 0.583333 0.563144
vt 0.666667 0.500000
vt 0.666667 0.563144
vt 0.750000 0.500000
vt 0.750000 0.563144
vt 0.833333 0.500000
vt 0.833333 0.563144
vt 0.916667 0.500000
vt 0.916667 0.563144
vt 1.000000 0.500000
vt 1.000000 0.563144
vn 0.0000 1.0000 0.0000
vn 0.0000 0.7660 0.6428
vn 0.4322 0.6261 0.6489
vn 0.5681 0.8229 0.0000
vn 0.7039 0.2907 0.6481
vn 0.9243 0.3817 0.0000
vn 0.7371 -0.0359 0.6749
vn 0.9988 -0.0487 0.0000
vn 0.6727 -0.3562 0.6485
vn 0.8837 -0.4679 0.0000
vn 0.4661 -0.5600 0.6849
vn 0.6398 -0.7685 0.0000
vn 0.0000 -0.7997 0.6004
vn 0.0000 -1.0000 0.0000
vn -0.4661 -0.5600 0.6849
vn -0.6398 -0.7685 0.0000
vn -0.6727 -0.3562 0.6484
vn -0.8837 -0.4679 0.0000
vn -0.7371 -0.0359 0.6749
vn -0.9988 -0.0487 0.0000
vn -0.7039 0.2907 0.6481
vn -0.9243 0.3817 0.0000
vn -0.4322 0.6261 0.6489
vn -0.5681 0.8229 0.0000
vn 0.0000 0.7660 -0.6428
vn 0.4322 0.6261 -0.6489
vn 0.7039 0.2907 -0.6481
vn 0.7371 -0.0359 -0.6749
vn 0.6727 -0.3562 -0.6485
vn 0.4661 -0.5600 -0.6849
vn 0.0000 -0.7997 -0.6004
vn -0.4661 -0.5600 -0.6849
vn -0.6727 -0.3562 -0.6484
vn -0.7371 -0.0359 -0.6749
vn -0.7039 0.2907 -0.6481
vn -0.4322 0.6261 -0.6489
usemtl Porple
s 1
f 3083/3529/1830 3048/3530/1831 3050/3531/1832 3084/3532/1833
f 3084/3532/1833 3050/3531/1832 3052/3533/1834 3085/3534/1835
f 3085/3534/1835 3052/3533/1834 3054/3535/1836 3086/3536/1837
f 3086/3536/1837 3054/3535/1836 3056/3537/1838 3087/3538/1839
f 3087/3538/1839 3056/3537/1838 3058/3539/1840 3088/3540/1841
f 3088/3540/1841 3058/3539/1840 3060/3541/1842 3089/3542/1843
f 3089/3542/1843 3060/3541/1842 3062/3543/1844 3090/3544/1845
f 3090/3544/1845 3062/3543/1844 3064/3545/1846 3091/3546/1847
f 3091/3546/1847 3064/3545/1846 3066/3547/1848 3092/3548/1849
f 3092/3548/1849 3066/3547/1848 3068/3549/1850 3093/3550/1851
f 3050/3551/1832 3048/3552/1831 3070/3553/1852 3068/3554/1850 3066/3555/1848 3064/3556/1846 3062/3557/1844 3060/3558/1842 3058/3559/1840 3056/3560/1838 3054/3561/1836 3052/3562/1834
f 3093/3550/1851 3068/3549/1850 3070/3563/1852 3094/3564/1853
f 3094/3564/1853 3070/3563/1852 3048/3565/1831 3083/3566/1830
f 3047/3567/1854 3049/3568/1855 3051/3569/1856 3053/3570/1857 3055/3571/1858 3057/3572/1859 3059/3573/1860 3061/3574/1861 3063/3575/1862 3065/3576/1863 3067/3577/1864 3069/3578/1865
f 3069/3579/1865 3082/3580/1853 3071/3581/1830 3047/3582/1854
f 3067/3583/1864 3081/3584/1851 3082/3580/1853 3069/3579/1865
f 3065/3585/1863 3080/3586/1849 3081/3584/1851 3067/3583/1864
f 3063/3587/1862 3079/3588/1847 3080/3586/1849 3065/3585/1863
f 3061/3589/1861 3078/3590/1845 3079/3588/1847 3063/3587/1862
f 3059/3591/1860 3077/3592/1843 3078/3590/1845 3061/3589/1861
f 3057/3593/1859 3076/3594/1841 3077/3592/1843 3059/3591/1860
f 3055/3595/1858 3075/3596/1839 3076/3594/1841 3057/3593/1859
f 3053/3597/1857 3074/3598/1837 3075/3596/1839 3055/3595/1858
f 3051/3599/1856 3073/3600/1835 3074/3598/1837 3053/3597/1857
f 3049/3601/1855 3072/3602/1833 3073/3600/1835 3051/3599/1856
f 3047/3603/1854 3071/3604/1830 3072/3602/1833 3049/3601/1855
f 3082/3580/1853 3094/3564/1853 3083/3566/1830 3071/3581/1830
f 3081/3584/1851 3093/3550/1851 3094/3564/1853 3082/3580/1853
f 3080/3586/1849 3092/3548/1849 3093/3550/1851 3081/3584/1851
f 3079/3588/1847 3091/3546/1847 3092/3548/1849 3080/3586/1849
f 3078/3590/1845 3090/3544/1845 3091/3546/1847 3079/3588/1847
f 3077/3592/1843 3089/3542/1843 3090/3544/1845 3078/3590/1845
f 3076/3594/1841 3088/3540/1841 3089/3542/1843 3077/3592/1843
f 3075/3596/1839 3087/3538/1839 3088/3540/1841 3076/3594/1841
f 3074/3598/1837 3086/3536/1837 3087/3538/1839 3075/3596/1839
f 3073/3600/1835 3085/3534/1835 3086/3536/1837 3074/3598/1837
f 3072/3602/1833 3084/3532/1833 3085/3534/1835 3073/3600/1835
f 3071/3604/1830 3083/3529/1830 3084/3532/1833 3072/3602/1833
o Cylinder.004_Cylinder.001
v -0.000000 -0.148355 -0.296186
v -0.000000 -0.148355 -0.250537
v 0.106302 -0.183474 -0.296186
v 0.106302 -0.183474 -0.250537
v 0.184120 -0.279422 -0.296186
v 0.184120 -0.279422 -0.250537
v 0.197505 -0.410489 -0.296186
v 0.197505 -0.410489 -0.250537
v 0.171044 -0.541556 -0.296186
v 0.171044 -0.541556 -0.250537
v 0.106302 -0.607695 -0.296186
v 0.106302 -0.607695 -0.250537
v 0.000000 -0.679240 -0.296186
v 0.000000 -0.679240 -0.250537
v -0.106302 -0.607695 -0.296186
v -0.106302 -0.607695 -0.250537
v -0.171044 -0.541556 -0.296186
v -0.171044 -0.541556 -0.250537
v -0.197505 -0.410489 -0.296186
v -0.197505 -0.410489 -0.250537
v -0.184120 -0.279422 -0.296186
v -0.184120 -0.279422 -0.250537
v -0.106302 -0.183474 -0.296186
v -0.106302 -0.183474 -0.250537
v -0.000000 -0.148355 -0.290421
v 0.106302 -0.183474 -0.290421
v 0.184120 -0.279422 -0.290421
v 0.197505 -0.410489 -0.290421
v 0.171044 -0.541556 -0.290421
v 0.106302 -0.607695 -0.290421
v 0.000000 -0.679240 -0.290421
v -0.106302 -0.607695 -0.290421
v -0.171044 -0.541556 -0.290421
v -0.197505 -0.410489 -0.290421
v -0.184120 -0.279422 -0.290421
v -0.106302 -0.183474 -0.290421
v -0.000000 -0.148355 -0.258483
v 0.106302 -0.183474 -0.258483
v 0.184120 -0.279422 -0.258483
v 0.197505 -0.410489 -0.258483
v 0.171044 -0.541556 -0.258483
v 0.106302 -0.607695 -0.258483
v 0.000000 -0.679240 -0.258483
v -0.106302 -0.607695 -0.258483
v -0.171044 -0.541556 -0.258483
v -0.197505 -0.410489 -0.258483
v -0.184120 -0.279422 -0.258483
v -0.106302 -0.183474 -0.258483
vt 1.000000 0.912969
vt 1.000000 1.000000
vt 0.916667 1.000000
vt 0.916667 0.912969
vt 0.833333 1.000000
vt 0.833333 0.912969
vt 0.750000 1.000000
vt 0.750000 0.912969
vt 0.666667 1.000000
vt 0.666667 0.912969
vt 0.583333 1.000000
vt 0.583333 0.912969
vt 0.500000 1.000000
vt 0.500000 0.912969
vt 0.416667 1.000000
vt 0.416667 0.912969
vt 0.333333 1.000000
vt 0.333333 0.912969
vt 0.250000 1.000000
vt 0.250000 0.912969
vt 0.166667 1.000000
vt 0.166667 0.912969
vt 0.370000 0.457846
vt 0.250000 0.490000
vt 0.130000 0.457846
vt 0.042154 0.370000
vt 0.010000 0.250000
vt 0.042154 0.130000
vt 0.130000 0.042154
vt 0.250000 0.010000
vt 0.370000 0.042154
vt 0.457846 0.130000
vt 0.490000 0.250000
vt 0.457846 0.370000
vt 0.083333 1.000000
vt 0.083333 0.912969
vt 0.000000 1.000000
vt 0.000000 0.912969
vt 0.750000 0.490000
vt 0.870000 0.457846
vt 0.957846 0.370000
vt 0.990000 0.250000
vt 0.957846 0.130000
vt 0.870000 0.042154
vt 0.750000 0.010000
vt 0.630000 0.042154
vt 0.542154 0.130000
vt 0.510000 0.250000
vt 0.542154 0.370000
vt 0.630000 0.457846
vt 0.083333 0.500000
vt 0.083333 0.563144
vt 0.000000 0.563144
vt 0.000000 0.500000
vt 0.166667 0.500000
vt 0.166667 0.563144
vt 0.250000 0.500000
vt 0.250000 0.563144
vt 0.333333 0.500000
vt 0.333333 0.563144
vt 0.416667 0.500000
vt 0.416667 0.563144
vt 0.500000 0.500000
vt 0.500000 0.563144
vt 0.583333 0.500000
vt 0.583333 0.563144
vt 0.666667 0.500000
vt 0.666667 0.563144
vt 0.750000 0.500000
vt 0.750000 0.563144
vt 0.833333 0.500000
vt 0.833333 0.563144
vt 0.916667 0.500000
vt 0.916667 0.563144
vt 1.000000 0.500000
vt 1.000000 0.563144
vn 0.0000 1.0000 0.0000
vn 0.0000 0.7660 0.6428
vn 0.4322 0.6261 0.6489
vn 0.5681 0.8229 0.0000
vn 0.7039 0.2907 0.6481
vn 0.9243 0.3817 0.0000
vn 0.7371 -0.0359 0.6749
vn 0.9988 -0.0487 0.0000
vn 0.6727 -0.3562 0.6485
vn 0.8837 -0.4679 0.0000
vn 0.4661 -0.5600 0.6849
vn 0.6398 -0.7685 0.0000
vn 0.0000 -0.7997 0.6004
vn 0.0000 -1.0000 0.0000
vn -0.4661 -0.5600 0.6849
vn -0.6398 -0.7685 0.0000
vn -0.6727 -0.3562 0.6484
vn -0.8837 -0.4679 0.0000
vn -0.7371 -0.0359 0.6749
vn -0.9988 -0.0487 0.0000
vn -0.7039 0.2907 0.6481
vn -0.9243 0.3817 0.0000
vn -0.4322 0.6261 0.6489
vn -0.5681 0.8229 0.0000
vn 0.0000 0.7660 -0.6428
vn 0.4322 0.6261 -0.6489
vn 0.7039 0.2907 -0.6481
vn 0.7371 -0.0359 -0.6749
vn 0.6727 -0.3562 -0.6485
vn 0.4661 -0.5600 -0.6849
vn 0.0000 -0.7997 -0.6004
vn -0.4661 -0.5600 -0.6849
vn -0.6727 -0.3562 -0.6484
vn -0.7371 -0.0359 -0.6749
vn -0.7039 0.2907 -0.6481
vn -0.4322 0.6261 -0.6489
usemtl DarkPorple
s 1
f 3131/3605/1866 3096/3606/1867 3098/3607/1868 3132/3608/1869
f 3132/3608/1869 3098/3607/1868 3100/3609/1870 3133/3610/1871
f 3133/3610/1871 3100/3609/1870 3102/3611/1872 3134/3612/1873
f 3134/3612/1873 3102/3611/1872 3104/3613/1874 3135/3614/1875
f 3135/3614/1875 3104/3613/1874 3106/3615/1876 3136/3616/1877
f 3136/3616/1877 3106/3615/1876 3108/3617/1878 3137/3618/1879
f 3137/3618/1879 3108/3617/1878 3110/3619/1880 3138/3620/1881
f 3138/3620/1881 3110/3619/1880 3112/3621/1882 3139/3622/1883
f 3139/3622/1883 3112/3621/1882 3114/3623/1884 3140/3624/1885
f 3140/3624/1885 3114/3623/1884 3116/3625/1886 3141/3626/1887
f 3098/3627/1868 3096/3628/1867 3118/3629/1888 3116/3630/1886 3114/3631/1884 3112/3632/1882 3110/3633/1880 3108/3634/1878 3106/3635/1876 3104/3636/1874 3102/3637/1872 3100/3638/1870
f 3141/3626/1887 3116/3625/1886 3118/3639/1888 3142/3640/1889
f 3142/3640/1889 3118/3639/1888 3096/3641/1867 3131/3642/1866
f 3095/3643/1890 3097/3644/1891 3099/3645/1892 3101/3646/1893 3103/3647/1894 3105/3648/1895 3107/3649/1896 3109/3650/1897 3111/3651/1898 3113/3652/1899 3115/3653/1900 3117/3654/1901
f 3117/3655/1901 3130/3656/1889 3119/3657/1866 3095/3658/1890
f 3115/3659/1900 3129/3660/1887 3130/3656/1889 3117/3655/1901
f 3113/3661/1899 3128/3662/1885 3129/3660/1887 3115/3659/1900
f 3111/3663/1898 3127/3664/1883 3128/3662/1885 3113/3661/1899
f 3109/3665/1897 3126/3666/1881 3127/3664/1883 3111/3663/1898
f 3107/3667/1896 3125/3668/1879 3126/3666/1881 3109/3665/1897
f 3105/3669/1895 3124/3670/1877 3125/3668/1879 3107/3667/1896
f 3103/3671/1894 3123/3672/1875 3124/3670/1877 3105/3669/1895
f 3101/3673/1893 3122/3674/1873 3123/3672/1875 3103/3671/1894
f 3099/3675/1892 3121/3676/1871 3122/3674/1873 3101/3673/1893
f 3097/3677/1891 3120/3678/1869 3121/3676/1871 3099/3675/1892
f 3095/3679/1890 3119/3680/1866 3120/3678/1869 3097/3677/1891
f 3130/3656/1889 3142/3640/1889 3131/3642/1866 3119/3657/1866
f 3129/3660/1887 3141/3626/1887 3142/3640/1889 3130/3656/1889
f 3128/3662/1885 3140/3624/1885 3141/3626/1887 3129/3660/1887
f 3127/3664/1883 3139/3622/1883 3140/3624/1885 3128/3662/1885
f 3126/3666/1881 3138/3620/1881 3139/3622/1883 3127/3664/1883
f 3125/3668/1879 3137/3618/1879 3138/3620/1881 3126/3666/1881
f 3124/3670/1877 3136/3616/1877 3137/3618/1879 3125/3668/1879
f 3123/3672/1875 3135/3614/1875 3136/3616/1877 3124/3670/1877
f 3122/3674/1873 3134/3612/1873 3135/3614/1875 3123/3672/1875
f 3121/3676/1871 3133/3610/1871 3134/3612/1873 3122/3674/1873
f 3120/3678/1869 3132/3608/1869 3133/3610/1871 3121/3676/1871
f 3119/3680/1866 3131/3605/1866 3132/3608/1869 3120/3678/1869
